symbol,name,industry,market_price,price_date,report_quarter,pe_ratio,value_score,eps_yoy,growth_score,avg_revenue_yoy_3m,momentum_score,op_margin,profit_score,cash_quality,quality_score,equity_to_assets_ratio,safety_score,total_score
3257,虹冠電,半導體業,59.9,2024-04-26,2023Q4,19.2,86.2232187344295,121.28,100.0,24.900000000000002,100.0,26.032647664099674,100.0,1.4442203600497174,100.0,88.4364922534088,100.0,98.62232187344296
1442,名軒,建材營造業,55.2,2024-04-26,2023Q4,11.72,91.89390183440754,167.61,100.0,2431.2400000000002,100.0,37.76638324653731,100.0,1.5459501300045666,100.0,41.0842247092929,52.71056177323224,94.46044636076398
5222,全訊,半導體業,169.5,2024-04-26,2023Q4,28.97,53.770137850855335,74.48,100.0,27.186666666666667,100.0,37.232463149849416,100.0,1.0382260299861408,76.88943285516298,84.4580469824635,100.0,90.75490035611814
3266,昇陽,建材營造業,20.95,2024-04-26,2023Q4,10.8,96.45513138324245,240.35,100.0,103.60000000000001,100.0,17.582707697384702,62.913538486923514,2.5433881849813447,100.0,45.6383293709257,64.09582342731426,90.4921262540942
4911,德英,生技醫療業,58.9,2024-04-26,2023Q4,0.0,0.0,900.0,100.0,35.86666666666667,100.0,44.46795963470622,100.0,1.5674309392265193,100.0,86.0,100.0,90.0
2718,晶悅,建材營造業,102.0,2024-04-26,2023Q4,0.0,0.0,1485.96,100.0,739.0766666666667,100.0,37.52321224356216,100.0,1.6093969617742252,100.0,53.0,82.5,88.25
4771,望隼,生技醫療業,307.0,2024-04-26,2023Q4,28.64,31.603968582058716,78.9,100.0,52.343333333333334,100.0,32.34644868482335,100.0,1.704932756161499,100.0,40.0481513235116,50.12037830877899,88.17243468908377
2211,長榮鋼,鋼鐵工業,143.0,2024-04-26,2023Q4,16.25,59.42028985507245,41.48,82.96,19.029999999999998,95.14999999999999,30.07208039505405,100.0,1.0947688356957601,84.96697652796573,67.6377899234999,100.0,87.7054242911004
2910,統領,貿易百貨業,27.35,2024-04-26,2023Q4,23.38,67.20963172804534,112.73,100.0,14.19,70.95,30.54150178561248,100.0,1.3944092255586626,100.0,46.3050306875696,65.762576718924,87.48722084469692
4572,駐龍,電機機械,159.0,2024-04-26,2023Q4,25.6,64.03626595030222,31.85,63.7,21.810000000000002,100.0,34.58995169685513,100.0,1.1852084452340619,97.88692074772312,79.9047722107997,100.0,86.90601074457484
6757,台灣虎航,航運業,35.7,2024-04-26,2023Q4,8.77,100.0,159.97,100.0,65.30666666666666,100.0,18.995517926369647,69.97758963184823,3.2994383218736982,100.0,23.4370207665651,8.592551916412754,86.35589363641851
6585,鼎基,其他業,194.5,2024-04-26,2023Q4,32.36,0.0,50.25,100.0,28.993333333333336,100.0,19.278787271073423,71.39393635536712,1.525229010295543,100.0,61.7237687061755,100.0,85.70909045330507
5508,永信建,建材營造業,181.0,2024-04-26,2023Q4,0.0,0.0,78.01,100.0,602.9066666666666,100.0,41.44721648371791,100.0,1.4553936445586753,100.0,42.0,55.00000000000001,85.5
2348,海悅,其他業,199.5,2024-04-26,2023Q4,17.59,52.169076751946605,75.89,100.0,325.14,100.0,24.20266515908526,96.0133257954263,1.3619820172481703,100.0,23.3251298688351,8.312824672087746,85.45018901171738
3014,聯陽,半導體業,162.5,2024-04-26,2023Q4,16.48,95.25826274705199,30.42,60.84,14.993333333333334,74.96666666666667,28.08366139866163,100.0,1.5376128599931478,100.0,78.2336532780731,100.0,84.72915960803853
6177,達麗,建材營造業,56.0,2024-04-26,2023Q4,11.05,95.2156668319286,72.79,100.0,248.35333333333332,100.0,16.58435831967542,57.921791598377105,2.9796472282948496,100.0,25.5916718089244,13.979179522310996,84.60775337518052
8930,青鋼,鋼鐵工業,38.85,2024-04-26,2023Q4,0.0,0.0,46.48,92.96,21.656666666666666,100.0,19.67430289385572,73.37151446927861,1.191902421833702,98.84320311910028,65.0,100.0,84.01436779421185
6625,必應,其他業,98.3,2024-04-26,2023Q4,14.85,67.40823136818688,2254.84,100.0,65.56333333333333,100.0,10.705084109811768,28.52542054905884,1.4564530846650408,100.0,51.8690743243891,79.67268581097275,83.98690480027479
1446,宏和,紡織纖維,37.25,2024-04-26,2023Q4,46.56,5.985153108567887,396.3,100.0,2166.03,100.0,25.384008902936365,100.0,4.767846261584495,100.0,32.8460330863834,32.1150827159585,83.81002358245263
6235,華孚,電腦及週邊設備業,84.8,2024-04-26,2023Q4,20.38,65.15403830141548,127.87,100.0,17.616666666666667,88.08333333333334,15.750077932873818,53.750389664369095,1.1724633329138419,96.06619041626313,47.808014679978,69.520036699945,83.35987069971071
2618,長榮航,航運業,36.65,2024-04-26,2023Q4,9.16,100.0,199.25,100.0,17.666666666666668,88.33333333333334,14.75682675926653,48.784133796332654,3.1584466824191892,100.0,32.4013960566336,31.003490141584,83.08463575027497
3356,奇偶,光電業,53.0,2024-04-26,2023Q4,16.56,85.87608906098741,168.91,100.0,14.170000000000002,70.85000000000001,10.718506693331351,28.592533466656754,1.655379783199908,100.0,81.6071190750045,100.0,82.04648892609725
1220,台榮,食品工業,15.45,2024-04-26,2023Q4,20.33,67.45838408444986,192.31,100.0,20.213333333333335,100.0,4.934168982066178,0.0,2.959811513296116,100.0,72.5498024422815,100.0,81.74583840844498
1582,信錦,電子零組件業,90.0,2024-04-26,2023Q4,19.74,53.89483933787732,70.67,100.0,19.430000000000003,97.15000000000002,8.898668196507979,19.49334098253989,1.8234944307364194,100.0,55.7174092600007,89.29352315000175,81.67283739616889
1519,華城,電機機械,854.0,2024-04-26,2023Q4,86.52,0.0,207.48,100.0,159.07999999999998,100.0,20.529750916204186,77.64875458102092,1.6611828065464873,100.0,39.5263835587975,48.81595889699374,81.52890907685251
4979,華星光,通信網路業,115.0,2024-04-26,2023Q4,0.0,0.0,62.93,100.0,35.02333333333333,100.0,14.982984873601676,49.914924368008386,1.1356614555548523,90.8087793649789,86.0,100.0,80.64899452819704
2489,瑞軒,光電業,15.2,2024-04-26,2023Q4,25.33,51.91674733785092,116.81,100.0,30.676666666666666,100.0,-0.10978200078088374,0.0,3.3153590120025553,100.0,65.4225912050002,100.0,80.19167473378509
6596,寬宏藝術,文化創意業,87.8,2024-04-26,2023Q4,0.0,0.0,11780.0,100.0,200.82000000000002,100.0,13.832362682982719,44.161813414913595,2.8352118950826974,100.0,54.0,85.0,80.12427201223704
2329,華泰,半導體業,62.9,2024-04-26,2023Q4,21.04,80.11127719647898,31.68,63.35999999999999,29.19666666666667,100.0,12.427158883087296,37.13579441543648,1.4070002817335652,100.0,61.0485629290895,100.0,79.42149688196338
4763,材料*-KY,化學工業,779.0,2024-04-26,2023Q4,12.93,91.59891598915989,254.62,100.0,0.0,0.0,54.85905491943236,100.0,1.207516639153714,100.0,84.9973115268661,100.0,79.15989159891599
9942,茂順,其他業,128.0,2024-04-26,2023Q4,10.87,89.54393770856508,50.51,100.0,-12.766666666666666,0.0,27.28665842408461,100.0,1.4429282500311478,100.0,74.8401153837287,100.0,78.95439377085651
8940,新天地,觀光餐旅,31.1,2024-04-26,2023Q4,19.68,63.32305659546355,351.43,100.0,53.64000000000001,100.0,10.746414725034818,28.73207362517409,3.127630577199628,100.0,33.2404481294877,33.10112032371926,78.95222873569439
2536,宏普,建材營造業,39.05,2024-04-26,2023Q4,56.59,0.0,531.25,100.0,678.42,100.0,20.757108485458268,78.78554242729135,1.5208317102518156,100.0,27.9999967526876,19.999991881719,78.8178305522656
2442,新美齊,建材營造業,31.2,2024-04-26,2023Q4,18.8,56.79226574119981,203.64,100.0,1125.9566666666667,100.0,13.829778732171386,44.14889366085693,1.5777354900095149,100.0,25.9653331418037,14.913332854509251,78.79289390869944
2901,欣欣,貿易百貨業,27.7,2024-04-26,2023Q4,67.56,0.0,78.26,100.0,12.413333333333334,62.06666666666667,19.863034248938625,74.31517124469312,1.6304523970290343,100.0,86.9242944413342,100.0,78.5606090200373
4137,麗豐-KY,生技醫療業,188.5,2024-04-26,2023Q4,14.5,90.05787515502274,50.12,100.0,0.0,0.0,26.415644803232624,100.0,1.1901613268392364,98.59447526274806,57.8190142402984,94.547535600746,78.1794361281265
4161,聿新科,生技醫療業,34.25,2024-04-26,2023Q4,0.0,0.0,68.0,100.0,59.46666666666667,100.0,10.857440123789832,29.28720061894916,2.4029051452572627,100.0,55.0,87.5,78.14308009284237
4561,健椿,電機機械,33.35,2024-04-26,2023Q4,0.0,0.0,41.97,83.94,29.353333333333335,100.0,17.193690064537222,60.96845032268611,2.0326828415082083,100.0,52.0,80.0,78.13026754840291
6712,長聖,生技醫療業,207.0,2024-04-26,2023Q4,0.0,0.0,170.15,100.0,41.72,100.0,44.532701469294864,100.0,0.7818730916189746,40.267584516996365,89.0,100.0,78.05351690339927
1472,三洋實業,建材營造業,80.3,2024-04-26,2023Q4,24.04,30.813088745661886,2746.67,100.0,134.49666666666667,100.0,6.641944779341238,8.209723896706192,1.231067756021975,100.0,53.3985939801705,83.49648495042625,77.66241595411475
1580,新麥,電機機械,154.0,2024-04-26,2023Q4,0.0,0.0,79.25,100.0,11.543333333333337,57.71666666666668,19.447878780603936,72.23939390301967,1.3557924306468758,100.0,72.0,100.0,77.37924241878629
9943,好樂迪,觀光餐旅,88.4,2024-04-26,2023Q4,14.86,84.55186082360713,74.11,100.0,-3.0399999999999996,0.0,23.48491271770963,92.42456358854815,1.2206232598705176,100.0,69.6562077498286,100.0,77.31887062064294
1515,力山,電機機械,48.85,2024-04-26,2023Q4,28.74,53.49227669576898,203.03,100.0,274.16333333333336,100.0,7.152922257429833,10.764611287149165,6.702627862990983,100.0,41.1847645987115,52.961911496778754,77.26011051232715
1786,科妍,生技醫療業,108.0,2024-04-26,2023Q4,41.06,0.0,24.3,48.6,77.64333333333333,100.0,28.00019074654833,100.0,1.5290163012928613,100.0,75.2952313938255,100.0,77.15
2514,龍邦,其他業,17.25,2024-04-26,2023Q4,6.98,100.0,168.13,100.0,313.83,100.0,2.6037744085265073,0.0,2.3572584722613397,100.0,28.0047842900003,20.011960725000748,77.00119607250008
4766,南寶,化學工業,343.5,2024-04-26,2023Q4,17.06,72.94489611562783,39.47,78.94,13.913333333333332,69.56666666666666,14.403357085120644,47.016785425603224,1.28859512028383,100.0,55.6837072875217,89.20926821880425,76.91626758061702
5703,亞都,觀光餐旅,24.05,2024-04-26,2023Q4,0.0,0.0,145.08,100.0,20.376666666666665,100.0,10.667518216927801,28.33759108463901,2.300244750740693,100.0,50.0,75.0,76.75063866269585
9918,欣天然,油電燃氣業,41.2,2024-04-26,2023Q4,20.6,70.78446452605269,146.91,100.0,8.143333333333333,40.71666666666666,15.312265834261371,51.56132917130686,1.401798333731402,100.0,55.0671409238484,87.667852309621,76.72276439259672
2496,卓越,其他業,68.8,2024-04-26,2023Q4,12.55,80.20022246941045,31.73,63.46000000000001,14.206666666666665,71.03333333333333,15.952485241528997,54.762426207644985,2.248504496159932,100.0,62.2019304077673,100.0,76.30605284475446
6869,雲豹能源,綠能環保,145.0,2024-04-26,2023Q4,16.63,72.86641929499072,117.62,100.0,11.989999999999997,59.94999999999998,12.262007162910892,36.31003581455447,1.338479191290947,100.0,44.4820476700095,61.205119175023746,75.8436592191846
6197,佳必琪,電子零組件業,142.0,2024-04-26,2023Q4,27.31,17.039922103213236,44.44,88.88,37.82,100.0,12.922058750920723,39.61029375460362,1.0572887731253786,79.6126818750541,62.5980124537756,100.0,75.78807264852269
3188,鑫龍騰,建材營造業,26.9,2024-04-26,2023Q4,0.0,0.0,236.07,100.0,1160.5433333333333,100.0,24.589279984136294,97.94639992068147,0.8883947701215498,55.4849671602214,39.0,47.5,75.5389534201465
2752,豆府,觀光餐旅,288.5,2024-04-26,2023Q4,0.0,0.0,42.66,85.32,16.876666666666665,84.38333333333333,15.814503393616244,54.07251696808122,1.5429962712702403,100.0,56.0,90.0,75.31754421187884
5344,立衛,半導體業,19.8,2024-04-26,2023Q4,0.0,0.0,147.83,100.0,60.44,100.0,-0.21028304231862247,0.0,1.2423773225345403,100.0,83.0,100.0,75.0
3591,艾笛森,光電業,23.4,2024-04-26,2023Q4,68.82,0.0,75.0,100.0,20.029999999999998,100.0,2.4003784916685125,0.0,2.8632805924928464,100.0,73.1107465621646,100.0,75.0
5521,工信,建材營造業,13.85,2024-04-26,2023Q4,98.93,0.0,600.0,100.0,48.443333333333335,100.0,0.8358957831294876,0.0,1.9684956330580476,100.0,61.7287576092159,100.0,75.0
8176,智捷,通信網路業,14.0,2024-04-26,2023Q4,0.0,0.0,108.51,100.0,68.39999999999999,100.0,-3.3050886697226467,0.0,6.594134999132397,100.0,70.0,100.0,75.0
8086,宏捷科,半導體業,130.0,2024-04-26,2023Q4,0.0,0.0,500.0,100.0,277.5466666666667,100.0,2.4873489772685544,0.0,1.651137490027319,100.0,85.0,100.0,75.0
2374,佳能,光電業,39.5,2024-04-26,2023Q4,41.58,0.0,100.0,100.0,34.71,100.0,2.4790828587384746,0.0,2.989334547109695,100.0,71.1448637060711,100.0,75.0
1459,聯發,紡織纖維,11.9,2024-04-26,2023Q4,170.0,0.0,105.0,100.0,49.53333333333333,100.0,-22.639090917398192,0.0,1.353388570214574,100.0,60.8346174434035,100.0,75.0
4129,聯合,生技醫療業,97.2,2024-04-26,2023Q4,0.0,0.0,58.45,100.0,16.61,83.05,13.824036161854018,44.12018080927009,1.128911689454218,89.84452706488828,55.0,87.5,74.94693253436817
9927,泰銘,其他業,73.2,2024-04-26,2023Q4,12.32,81.47942157953281,45.95,91.9,7.993333333333333,39.96666666666667,12.332225534370036,36.66112767185018,2.340245614211615,100.0,82.9670963226919,100.0,74.61544464206415
3287,廣寰科,電腦及週邊設備業,46.0,2024-04-26,2023Q4,0.0,0.0,4500.0,100.0,92.38666666666666,100.0,4.230281282593172,0.0,2.1610698365527488,100.0,58.0,95.0,74.5
5706,鳳凰,觀光餐旅,79.7,2024-04-26,2023Q4,32.66,6.155031931292676,667.44,100.0,92.97333333333331,100.0,8.320386806800899,16.601934034004493,1.7169957457317004,100.0,45.0979153906937,62.74478847673425,74.38027214590336
1616,億泰,電器電纜,26.05,2024-04-26,2023Q4,21.89,33.25333333333334,1090.0,100.0,15.18,75.9,7.424159568904081,12.120797844520403,1.6023338442863344,100.0,56.1930663645063,90.48266591126574,74.37171960113797
2633,台灣高鐵,航運業,29.95,2024-04-26,2023Q4,21.55,36.75775091960063,107.46,100.0,10.663333333333334,53.31666666666667,41.21900650371096,100.0,3.5468342594458817,100.0,17.7143160818408,0.0,74.33910842529339
1735,日勝化,化學工業,17.3,2024-04-26,2023Q4,22.76,47.1996386630533,117.14,100.0,18.226666666666667,91.13333333333333,3.8662950810808985,0.0,6.07433357707904,100.0,45.4155344275002,63.53883606875049,74.30051413984705
1784,訊聯,生技醫療業,66.4,2024-04-26,2023Q4,0.0,0.0,108.75,100.0,19.456666666666667,97.28333333333333,7.512880287837175,12.564401439185877,1.952767254684371,100.0,51.0,77.5,74.09132688254455
1568,倉佑,汽車工業,28.4,2024-04-26,2023Q4,10.64,82.80707293969056,64.81,100.0,-9.15,0.0,19.571259500652097,72.85629750326048,1.1943602183141298,99.19431690201854,69.7731213277846,100.0,74.04801529986183
2707,晶華,觀光餐旅,224.0,2024-04-26,2023Q4,20.16,61.208984805109004,56.7,100.0,1.8800000000000001,9.4,27.245019321387804,100.0,1.2879958744096838,100.0,43.1507922017783,57.876980504445754,73.78859653095547
2739,寒舍,觀光餐旅,59.8,2024-04-26,2023Q4,14.66,85.43272406958819,222.49,100.0,14.229999999999999,71.14999999999999,12.952856833849602,39.76428416924801,3.501382786780317,100.0,8.70527695618977,0.0,73.73791503234602
5515,建國,建材營造業,24.45,2024-04-26,2023Q4,18.25,59.519087754090236,86.11,100.0,12.69,63.449999999999996,1.3744879500300857,0.0,4.621902260769897,100.0,59.9281739848857,99.82043496221425,73.62395227163044
4728,雙美,生技醫療業,225.5,2024-04-26,2023Q4,0.0,0.0,17.24,34.48,28.293333333333333,100.0,52.97820527925911,100.0,1.3561533494857025,100.0,66.0,100.0,73.62
6212,理銘,建材營造業,81.5,2024-04-26,2023Q4,0.0,0.0,257.71,100.0,1825.07,100.0,14.430538887128531,47.15269443564266,6.259722048328534,100.0,26.0,15.0,73.5729041653464
4581,光隆精密-KY,汽車工業,64.0,2024-04-26,2023Q4,10.67,82.61761919797917,79.64,100.0,0.0,0.0,18.42221964253949,67.11109821269744,1.4541528533343826,100.0,60.5554283665487,100.0,73.32842665170253
6703,軒郁,生技醫療業,291.0,2024-04-26,2023Q4,0.0,0.0,117.51,100.0,64.74,100.0,16.831150158240405,59.155750791202024,0.8473989442117524,49.628420601678926,58.0,95.0,73.29904673901609
1808,潤隆,建材營造業,112.0,2024-04-26,2023Q4,6.56,100.0,4780.0,100.0,-69.26666666666667,0.0,30.886687599875128,100.0,2.418122543188082,100.0,31.7607353857987,29.40183846449675,72.94018384644968
2488,漢平,其他電子業,46.7,2024-04-26,2023Q4,10.64,85.27980535279805,13.73,27.46,44.51,100.0,14.939312432320017,49.69656216160009,1.8091174987967316,100.0,71.4747122665773,100.0,72.84746485951983
8932,智通,其他業,118.5,2024-04-26,2023Q4,0.0,0.0,377.08,100.0,33.92333333333333,100.0,17.592305531569586,62.961527657847924,0.822572232049712,46.081747435673144,56.0,90.0,72.66057863581182
3545,敦泰,半導體業,82.5,2024-04-26,2023Q4,49.4,0.0,118.53,100.0,20.19,100.0,0.9039036447337709,0.0,8.956432240363176,100.0,50.4357800364849,76.08945009121226,72.60894500912123
3715,定穎投控,電子零組件業,59.8,2024-04-26,2023Q4,16.57,69.32814021421616,83.25,100.0,13.883333333333333,69.41666666666666,10.444640476865338,27.22320238432669,3.0495546134235867,100.0,30.083075156516,25.20768789129,72.42039650153295
1319,東陽,汽車工業,116.0,2024-04-26,2023Q4,22.75,6.3309125355225815,40.11,80.22,13.666666666666666,68.33333333333333,15.693492792556341,53.4674639627817,2.347080058686962,100.0,72.6224500004023,100.0,72.37487751463617
4720,德淵,化學工業,16.45,2024-04-26,2023Q4,22.23,49.59349593495934,270.0,100.0,16.093333333333334,80.46666666666667,0.9118757698388102,0.0,5.247338686475035,100.0,45.2555935655343,63.138983913835744,72.36658131821284
6538,倉和,電子零組件業,164.5,2024-04-26,2023Q4,0.0,0.0,99.34,100.0,28.94666666666667,100.0,21.522332138607958,82.6116606930398,0.6715324597290825,24.504637104154643,68.0,100.0,72.29267652478688
3032,偉訓,電子零組件業,75.6,2024-04-26,2023Q4,14.0,81.84031158714703,64.94,100.0,10.773333333333332,53.86666666666666,10.422468690736377,27.112343453681888,1.808717238556293,100.0,36.0653876141633,40.16346903540825,72.04056291364114
9908,大台北,油電燃氣業,32.4,2024-04-26,2023Q4,13.97,96.27956162276486,49.68,99.36,0.040000000000000036,0.20000000000000018,18.42834693882846,67.14173469414231,1.1108157786288104,87.25939694697293,66.210042851177,100.0,72.03109575579242
4588,玖鼎電力,其他電子業,116.0,2024-04-26,2023Q4,28.78,0.0,47.62,95.24,13.43,67.15,19.96375941575318,74.81879707876591,1.75697709280889,100.0,33.6819609476627,34.204902369156756,71.88330979873055
2731,雄獅,觀光餐旅,154.0,2024-04-26,2023Q4,10.31,100.0,270.71,100.0,81.88,100.0,4.3405072748844455,0.0,0.9196748789557518,59.95355413653598,39.3728799816209,48.432199954052244,71.83393082271242
5201,凱衛,資訊服務業,30.45,2024-04-26,2023Q4,0.0,0.0,335.71,100.0,106.56333333333335,100.0,2.211939812717444,0.0,1.0873270289042047,83.90386127202926,74.0,100.0,71.78077225440586
5230,雷笛克光學,光電業,37.2,2024-04-26,2023Q4,0.0,0.0,121.88,100.0,26.150000000000002,100.0,0.6699150263186537,0.0,35.56353749284488,100.0,47.0,67.5,71.75
1722,台肥,化學工業,64.6,2024-04-26,2023Q4,16.15,77.05510388437219,47.06,94.12,-4.01,0.0,18.36612678114403,66.83063390572015,1.5459168558918983,100.0,67.1440659458899,100.0,71.26010547429524
2886,兆豐金,金融保險業,39.1,2024-04-26,2023Q4,16.57,33.88227049754731,82.31,100.0,22.623333333333335,100.0,47.91392272721629,100.0,0.7683902208612832,38.341460123040456,7.6411610917207,0.0,71.05651907436282
2436,偉詮電,半導體業,60.8,2024-04-26,2023Q4,51.53,0.0,42.17,84.34,21.25,100.0,1.4496319605206613,0.0,3.8865800038233607,100.0,59.4881068113384,98.720267028346,70.9570267028346
5523,豐謙,建材營造業,30.35,2024-04-26,2023Q4,0.0,0.0,23.1,46.2,49.286666666666655,100.0,17.349866963603702,61.74933481801851,3.6178580441749437,100.0,65.0,100.0,70.81240022270278
2743,山富,觀光餐旅,155.5,2024-04-26,2023Q4,0.0,0.0,585.43,100.0,158.5666666666667,100.0,8.05920695090146,15.296034754507302,1.6651029225343004,100.0,34.0,35.0,70.79440521317609
3622,洋華,光電業,58.7,2024-04-26,2023Q4,15.65,89.39980638915779,36.36,72.72,17.19666666666667,85.98333333333335,21.748478778556652,83.74239389278327,0.6351231820472429,19.303311721034706,88.4439807510564,100.0,70.73866873370687
6902,GOGOLOOK,數位雲端,153.0,2024-04-26,2023Q4,956.25,0.0,108.42,100.0,15.686666666666667,78.43333333333334,2.5740613616987043,0.0,6.807797805642633,100.0,66.5420123703336,100.0,70.68666666666667
2838,聯邦銀,金融保險業,15.1,2024-04-26,2023Q4,13.85,52.943237561317446,25.93,51.85999999999999,17.400000000000002,87.00000000000001,29.191557761418736,100.0,4.966167865645223,100.0,7.28681971202923,0.0,70.65932375613176
3526,凡甲,電子零組件業,222.5,2024-04-26,2023Q4,0.0,0.0,24.12,48.24,37.949999999999996,100.0,30.658370404021092,100.0,0.9786978919728518,68.38541313897883,59.0,97.5,70.48708262779577
2916,滿心,居家生活,62.2,2024-04-26,2023Q4,0.0,0.0,40.12,80.24,18.926666666666666,94.63333333333333,15.23486650669629,51.17433253348145,0.9793323176054215,68.47604537220307,71.0,100.0,70.35802562112949
6790,永豐實,造紙工業,53.2,2024-04-26,2023Q4,14.7,100.0,41.96,83.92,4.723333333333334,23.61666666666667,11.007887827949547,30.039439139747735,1.6486358065077142,100.0,63.3172464871481,100.0,70.2092492042955
6214,精誠,資訊服務業,122.0,2024-04-26,2023Q4,20.47,50.87167070217917,36.82,73.64,23.603333333333335,100.0,4.177422150250887,0.0,3.4156810099406667,100.0,46.6471920250777,66.61798006269424,70.15896507648733
3005,神基,電腦及週邊設備業,106.5,2024-04-26,2023Q4,17.35,77.7685262281432,44.5,89.0,7.383333333333333,36.916666666666664,11.400607894383848,32.00303947191924,1.605998009903481,100.0,51.5267997664852,78.816999416213,70.09234181855683
6581,鋼聯,綠能環保,97.9,2024-04-26,2023Q4,21.56,50.0,-48.64,0.0,28.073333333333334,100.0,31.510095074998496,100.0,1.3565817582269502,100.0,90.3840308102076,100.0,70.0
6198,瑞築,建材營造業,60.9,2024-04-26,2023Q4,0.0,0.0,378.82,100.0,44.24666666666667,100.0,30.361501573622785,100.0,-9.672405933302942,0.0,62.0,100.0,70.0
2941,米斯特,居家生活,93.5,2024-04-26,2023Q4,0.0,0.0,34.63,69.26,24.879999999999995,100.0,9.896957689571085,24.484788447855426,1.9581943823701309,100.0,56.0,90.0,69.98771826717831
2204,中華,汽車工業,142.0,2024-04-26,2023Q4,13.91,62.15661509314809,172.86,100.0,35.306666666666665,100.0,6.877855694849681,9.389278474248405,0.753929853725404,36.27569338934343,71.1203135004576,100.0,69.87919195832076
2745,五福,觀光餐旅,123.0,2024-04-26,2023Q4,0.0,0.0,403.86,100.0,174.36333333333332,100.0,5.428577452359367,2.142887261796833,1.8167476140980818,100.0,38.0,45.0,69.82143308926952
2330,台積電,半導體業,782.0,2024-04-26,2023Q4,24.19,69.64789902009632,-17.5,0.0,17.81,89.05,42.62618903398197,100.0,1.4811816422663284,100.0,62.5213582490957,100.0,69.77478990200963
1475,業旺,紡織纖維,54.5,2024-04-26,2023Q4,12.95,100.0,-33.16,0.0,24.580000000000002,100.0,20.116513580292985,75.58256790146493,1.144770651446339,92.1100930637627,78.2172382958393,100.0,69.75940379797228
8077,洛,觀光餐旅,67.9,2024-04-26,2023Q4,0.0,0.0,121.98,100.0,40.83,100.0,11.342408513961319,31.71204256980659,10.278693479487385,100.0,10.0,0.0,69.756806385471
5455,昇益,建材營造業,63.9,2024-04-26,2023Q4,0.0,0.0,179.12,100.0,219579.92666666664,100.0,11.278440620673356,31.39220310336678,4.387712119388615,100.0,14.0,0.0,69.70883046550502
1268,漢來美食,觀光餐旅,155.0,2024-04-26,2023Q4,0.0,0.0,147.08,100.0,36.52,100.0,7.485809285004288,12.429046425021442,2.7494550799008555,100.0,31.0,27.500000000000004,69.61435696375321
6523,達爾膚,生技醫療業,175.0,2024-04-26,2023Q4,0.0,0.0,24.9,49.8,30.929999999999996,100.0,43.088260512071905,100.0,0.9239687050452873,60.56695786361247,84.0,100.0,69.5633915727225
1307,三芳,塑膠工業,28.95,2024-04-26,2023Q4,15.16,100.0,61.86,100.0,1.6633333333333333,8.316666666666666,9.785871266978734,23.929356334893672,2.8257746549270393,100.0,57.2133298692704,93.03332467317601,69.55606925088499
3543,州巧,光電業,23.65,2024-04-26,2023Q4,26.88,45.91481122942884,260.0,100.0,9.91,49.55,2.33034867907449,0.0,1.5547118454356978,100.0,62.8375282283273,100.0,69.50148112294288
8446,華研,文化創意業,100.0,2024-04-26,2023Q4,0.0,0.0,38.55,77.1,6.153333333333333,30.766666666666666,38.938931756287715,100.0,1.4195479746094422,100.0,56.0,90.0,69.42833333333333
5493,三聯,其他電子業,117.0,2024-04-26,2023Q4,0.0,0.0,54.5,100.0,29.08666666666667,100.0,6.617512197902201,8.087560989511005,1.8713872087112198,100.0,32.0,30.0,69.21313414842665
2458,義隆,半導體業,163.5,2024-04-26,2023Q4,21.71,77.88573326689917,-0.4,0.0,29.153333333333336,100.0,20.188845807298826,75.94422903649412,1.9629665223557513,100.0,62.909646501446,100.0,69.18020768216404
1233,天仁,食品工業,33.4,2024-04-26,2023Q4,31.51,22.066585464880205,85.96,100.0,11.953333333333333,59.766666666666666,4.829558108701071,0.0,2.7547974413646057,100.0,62.5978150754319,100.0,69.15999187982135
8936,國統,其他業,83.6,2024-04-26,2023Q4,0.0,0.0,14.29,28.58,55.02,100.0,32.199765600592215,100.0,1.3171053553167944,100.0,48.0,70.0,69.145
6139,亞翔,其他電子業,265.5,2024-04-26,2023Q4,20.73,23.905109489051114,189.16,100.0,135.10333333333332,100.0,7.052700201577519,10.263501007887594,1.940678200787865,100.0,20.1064447738055,0.2661119345137486,68.95664729353963
2206,三陽工業,汽車工業,83.6,2024-04-26,2023Q4,10.52,83.56488790653616,102.29,100.0,11.146666666666667,55.733333333333334,9.479768144078026,22.39884072039013,1.1009062137307681,85.84374481868117,35.6737100248345,39.18427506208625,68.95015803532367
6472,保瑞,生技醫療業,752.0,2024-04-26,2023Q4,25.12,46.15543613063249,111.78,100.0,-40.68,0.0,36.96559058731268,100.0,1.5225877203114573,100.0,36.2637122258278,40.65928056456951,68.6814716695202
3008,大立光,光電業,2185.0,2024-04-26,2023Q4,16.29,86.92158760890611,-20.88,0.0,24.423333333333336,100.0,36.459037193763834,100.0,1.0165476299666603,73.79251856666575,84.8171877589196,100.0,68.45066247422376
4907,富宇,建材營造業,69.0,2024-04-26,2023Q4,0.0,0.0,2140.0,100.0,131011.77,100.0,9.551028473452114,22.755142367260568,2.829685750597634,100.0,20.0,0.0,68.41327135508908
3293,鈊象,文化創意業,1015.0,2024-04-26,2023Q4,0.0,0.0,17.31,34.62,25.89,100.0,53.14741078013614,100.0,1.0149111301869773,73.5587328838539,74.0,100.0,68.36674657677078
6117,迎廣,電腦及週邊設備業,82.7,2024-04-26,2023Q4,81.08,0.0,64.52,100.0,54.02333333333333,100.0,4.887804445607688,0.0,4.963343852757487,100.0,33.2700980243142,33.1752450607855,68.31752450607856
1436,華友聯,建材營造業,136.0,2024-04-26,2023Q4,14.33,78.95389191869113,48.17,96.34,138.99666666666667,100.0,67.18856603154855,100.0,-1.128423850188913,0.0,25.347149862924,13.367874657309997,68.31717665760011
2605,新興,航運業,26.6,2024-04-26,2023Q4,35.0,0.0,123.53,100.0,9.456666666666667,47.28333333333333,10.064221755962055,25.321108779810274,5.201515649406479,100.0,75.2325369660217,100.0,68.25483298363821
8463,潤泰材,其他業,29.1,2024-04-26,2023Q4,37.79,0.0,208.0,100.0,34.68333333333333,100.0,5.27749055058907,1.3874527529453484,2.6888844437873423,100.0,30.7374183163734,26.843545790933497,67.89247249203515
1540,喬福,電機機械,19.9,2024-04-26,2023Q4,15.31,98.58965748824716,2.36,4.72,15.4,77.0,20.112419858294004,75.56209929147002,1.8662921550622085,100.0,83.3743438940618,100.0,67.77328064254522
2729,瓦城,觀光餐旅,234.5,2024-04-26,2023Q4,0.0,0.0,292.7,100.0,12.12,60.6,9.773383701440894,23.866918507204467,2.358825374029704,100.0,48.0,70.0,67.70003777608068
8048,德勝,通信網路業,59.6,2024-04-26,2023Q4,0.0,0.0,85.59,100.0,17.683333333333334,88.41666666666667,15.544258660322443,52.721293301612214,0.7449485166683658,34.99264523833798,72.0,100.0,67.59005637624276
2029,盛餘,鋼鐵工業,28.7,2024-04-26,2023Q4,14.72,67.94871794871793,24.2,48.4,17.906666666666666,89.53333333333333,6.04165497969797,5.208274898489851,1.955738867768134,100.0,91.2277146280804,100.0,67.58277969631193
3285,微端,其他電子業,26.5,2024-04-26,2023Q4,0.0,0.0,243.48,100.0,11.869999999999997,59.349999999999994,5.804231455518736,4.021157277593681,4.211744978415213,100.0,70.0,100.0,67.47317359163904
2105,正新,橡膠工業,45.9,2024-04-26,2023Q4,20.68,55.527638190954775,45.1,90.2,4.98,24.900000000000002,10.766803151636818,28.83401575818409,2.95310079580841,100.0,60.3397260171029,100.0,67.4078661828231
2010,春源,鋼鐵工業,21.5,2024-04-26,2023Q4,15.93,61.204013377926415,42.11,84.22,10.83,54.15,4.378008249067523,0.0,2.5627275789425608,100.0,57.5870699449726,93.9676748624315,67.40216882403578
2543,皇昌,建材營造業,49.55,2024-04-26,2023Q4,23.05,35.72136836886466,110.78,100.0,17.323333333333334,86.61666666666667,6.588146039532831,7.9407301976641556,7.415892037511592,100.0,20.6367804083134,1.5919510207834977,67.24577480194777
2891,中信金,金融保險業,31.15,2024-04-26,2023Q4,11.16,71.79397337070777,81.94,100.0,105.32666666666667,100.0,49.00870411553525,100.0,-0.29488949462263647,0.0,5.31963465177508,0.0,67.17939733707078
3406,玉晶光,光電業,424.5,2024-04-26,2023Q4,15.58,89.67086156824782,-6.23,0.0,58.04666666666666,100.0,19.05874041814925,70.29370209074625,2.805106875992606,100.0,50.4850337942342,76.2125844855855,67.13239991899526
2109,華豐,橡膠工業,16.65,2024-04-26,2023Q4,11.03,99.6116948378255,43.81,87.62,5.79,28.95,9.736666452730889,23.683332263654442,1.256995515482713,100.0,43.4272210630264,58.56805265756601,67.06547458908732
2734,易飛網,觀光餐旅,42.95,2024-04-26,2023Q4,0.0,0.0,144.44,100.0,90.66666666666667,100.0,1.1283083704704784,0.0,2.42192343134791,100.0,28.0,20.0,67.0
6194,育富,電子零組件業,33.9,2024-04-26,2023Q4,0.0,0.0,2266.67,100.0,7.139999999999998,35.69999999999999,11.182193035331599,30.910965176657996,2.0945645392153263,100.0,83.0,100.0,66.7766447764987
3004,豐達科,鋼鐵工業,108.0,2024-04-26,2023Q4,18.95,44.370122630992185,102.46,100.0,20.72,100.0,11.183687745552696,30.91843872776348,0.7165079664372584,30.92970949103692,45.8890061899099,64.72251547477474,66.7329715179486
2832,台產,金融保險業,28.5,2024-04-26,2023Q4,10.56,75.99859845830413,45.16,90.32,14.446666666666665,72.23333333333332,17.441003527333212,62.20501763666606,0.6923709122950845,27.48155889929779,49.0558902569063,72.63972564226574,66.71756350208312
1109,信大,水泥工業,19.35,2024-04-26,2023Q4,9.63,80.86862885857859,71.79,100.0,-7.893333333333335,0.0,15.803729921289026,54.01864960644514,1.042061048223898,77.437292603414,70.2028682446077,100.0,66.67711884750743
2610,華航,航運業,21.5,2024-04-26,2023Q4,19.03,50.0,135.42,100.0,14.656666666666666,73.28333333333333,5.495940601500545,2.479703007502727,8.190243471047811,100.0,25.6113488490968,14.028372122742,66.43145933006628
2607,榮運,航運業,32.95,2024-04-26,2023Q4,12.92,82.10719915922229,-22.73,0.0,35.86333333333334,100.0,15.89956944145725,54.497847207286256,1.6466531182429256,100.0,72.7094724055755,100.0,66.38539699701516
2454,聯發科,半導體業,1005.0,2024-04-26,2023Q4,20.78,80.97492110945025,-34.96,0.0,47.75,100.0,16.564797307200642,57.82398653600321,2.157628771733124,100.0,57.9816476448119,94.95411911202976,66.26650200254848
3067,全域,其他電子業,34.9,2024-04-26,2023Q4,0.0,0.0,434.29,100.0,72.98,100.0,15.271610355419044,51.35805177709523,0.6245155245112654,17.78793207303791,70.0,100.0,66.26129418117188
4502,健信,電機機械,35.0,2024-04-26,2023Q4,0.0,0.0,138.46,100.0,35.36333333333334,100.0,0.8004203271735838,0.0,4.662523674242424,100.0,25.0,12.5,66.25
1731,美吾華,生技醫療業,25.5,2024-04-26,2023Q4,20.08,66.99049193881771,4.1,8.2,20.186666666666667,100.0,14.966161075280557,49.83080537640278,1.4448367219009095,100.0,71.9316712045708,100.0,66.22367000034218
3217,優群,電子零組件業,159.0,2024-04-26,2023Q4,0.0,0.0,19.26,38.52,15.806666666666667,79.03333333333333,27.52830330017895,100.0,1.0494827619332545,78.49753741903636,81.0,100.0,66.13617415047395
5212,凌網,資訊服務業,67.5,2024-04-26,2023Q4,0.0,0.0,20.0,40.0,39.26,100.0,13.808900393150846,44.044501965754236,1.9029405946554971,100.0,58.0,95.0,66.10667529486314
6122,擎邦,電機機械,58.6,2024-04-26,2023Q4,0.0,0.0,203.47,100.0,11.696666666666667,58.483333333333334,8.755008652934885,18.775043264674423,1.5360217860908914,100.0,46.0,65.0,66.01292315636783
2365,昆盈,電腦及週邊設備業,18.85,2024-04-26,2023Q4,57.12,0.0,32.0,64.0,28.383333333333336,100.0,0.8618034719036735,0.0,2.4189692663536517,100.0,83.9458403046659,100.0,66.0
6785,昱展新藥,生技醫療業,268.5,2024-04-26,2023Q4,0.0,0.0,2017.14,100.0,0.0,0.0,82.15427300158544,100.0,1.0547677044347334,79.25252920496193,92.0,100.0,65.85050584099238
3339,泰谷,光電業,37.0,2024-04-26,2023Q4,0.0,0.0,172.34,100.0,11.326666666666668,56.63333333333333,-7.638420270438745,0.0,2.1318843040697346,100.0,58.0,95.0,65.82666666666667
3213,茂訊,電腦及週邊設備業,97.5,2024-04-26,2023Q4,0.0,0.0,101.8,100.0,25.186666666666667,100.0,19.429763197565535,72.14881598782767,0.1986923537632262,0.0,73.0,100.0,65.82232239817415
2855,統一證,金融保險業,27.05,2024-04-26,2023Q4,13.66,54.274702172389624,296.0,100.0,122.22000000000001,100.0,24.32802523174281,96.64012615871404,-7.252563867881044,0.0,22.7842328874707,6.960582218676752,65.61954736291375
2441,超豐,半導體業,60.0,2024-04-26,2023Q4,17.09,93.23202125892708,-36.76,0.0,17.246666666666666,86.23333333333333,16.82981731274018,59.14908656370089,2.263754779372738,100.0,87.8328566272051,100.0,65.44223177711451
8016,矽創,半導體業,276.0,2024-04-26,2023Q4,17.75,91.0396944029231,-48.5,0.0,19.786666666666665,98.93333333333332,14.970826515582742,49.85413257791371,2.3129323412656775,100.0,56.1469893345013,90.36747333625324,65.40550332727136
2020,美亞,鋼鐵工業,39.25,2024-04-26,2023Q4,8.18,100.0,300.0,100.0,-6.906666666666667,0.0,7.403590331149277,12.017951655746387,1.404872146426618,100.0,54.3704434927933,85.92610873198325,65.39530362156029
3416,融程電,電腦及週邊設備業,148.0,2024-04-26,2023Q4,22.87,54.78767693588675,6.26,12.520000000000001,13.799999999999999,69.0,22.24239599804967,86.21197999024834,1.2741939946872431,100.0,79.0096300285783,100.0,65.34056469212592
1702,南僑,食品工業,62.0,2024-04-26,2023Q4,14.76,90.07308160779537,85.84,100.0,6.666666666666667,33.333333333333336,6.9970748684987125,9.985374342493563,2.8949410403958478,100.0,32.4539218886369,31.134804721592246,65.28526145097948
5236,凌陽創新,半導體業,142.0,2024-04-26,2023Q4,0.0,0.0,12.88,25.759999999999998,13.799999999999999,69.0,28.741613890488164,100.0,1.3084043769241378,100.0,86.0,100.0,65.24000000000001
8462,柏文,運動休閒,110.5,2024-04-26,2023Q4,78.37,0.0,57.89,100.0,20.853333333333335,100.0,5.088954047139721,0.44477023569860386,13.134508034456314,100.0,17.5387918121134,0.0,65.06671553535479
2059,川湖,電子零組件業,1185.0,2024-04-26,2023Q4,41.75,0.0,-33.32,0.0,66.85666666666667,100.0,50.115712884899125,100.0,1.2121591424680298,100.0,79.8612142270747,100.0,65.0
3030,德律,其他電子業,105.5,2024-04-26,2023Q4,24.88,0.0,-47.85,0.0,42.556666666666665,100.0,27.245061611900155,100.0,1.8754811466421109,100.0,80.6834668610848,100.0,65.0
6855,數泓科,其他電子業,126.0,2024-04-26,2023Q4,0.0,0.0,-2.78,0.0,35.54666666666667,100.0,30.67552394819782,100.0,1.3770032171742987,100.0,69.0,100.0,65.0
8083,瑞穎,電機機械,183.0,2024-04-26,2023Q4,0.0,0.0,-34.08,0.0,80.38333333333333,100.0,27.45301547110857,100.0,1.4570302509381354,100.0,64.0,100.0,65.0
5269,祥碩,半導體業,1905.0,2024-04-26,2023Q4,59.31,0.0,-14.98,0.0,46.446666666666665,100.0,28.472332118001013,100.0,1.5490538923660635,100.0,90.4690273273819,100.0,65.0
2617,台航,航運業,36.2,2024-04-26,2023Q4,9.07,100.0,-17.6,0.0,9.993333333333334,49.96666666666667,30.965419741666206,100.0,1.2412192027133484,100.0,65.0349800717765,100.0,64.99333333333334
1817,凱撒衛,玻璃陶瓷,36.6,2024-04-26,2023Q4,11.19,100.0,-19.06,0.0,22.843333333333334,100.0,11.540639275249196,32.70319637624598,1.4226324612218049,100.0,74.2614031278356,100.0,64.9054794564369
3152,璟德,通信網路業,209.5,2024-04-26,2023Q4,0.0,0.0,2.51,5.02,27.00333333333333,100.0,23.151401530041426,90.75700765020713,2.6255014357082413,100.0,86.0,100.0,64.86855114753106
2608,嘉里大榮,航運業,42.25,2024-04-26,2023Q4,11.64,88.83342091434578,36.47,72.94,4.283333333333332,21.41666666666666,12.78956202961311,38.94781014806556,1.4506842327187377,100.0,50.3400066430036,75.85001660750899,64.82884860772864
3042,晶技,電子零組件業,106.5,2024-04-26,2023Q4,19.26,56.23174294060369,-38.96,0.0,20.53,100.0,17.225361788438807,61.12680894219403,1.7818051213104729,100.0,63.0824470256865,100.0,64.79219563538948
2812,台中銀,金融保險業,17.45,2024-04-26,2023Q4,13.32,56.6573230553609,22.43,44.86,12.826666666666666,64.13333333333333,47.05511379200124,100.0,3.887261094954521,100.0,8.71520891773668,0.0,64.70739897220275
1603,華電,電器電纜,46.15,2024-04-26,2023Q4,15.43,67.70666666666668,44.44,88.88,21.97333333333333,100.0,12.270076580488276,36.35038290244138,-0.949488047409657,0.0,62.8735865880926,100.0,64.44322410203287
6005,群益證,金融保險業,23.9,2024-04-26,2023Q4,12.58,61.84302733006307,387.18,100.0,41.583333333333336,100.0,22.56010093655972,87.8005046827986,-2.8638045169925768,0.0,16.3001756440461,0.0,64.3543784354261
4583,台灣精銳,電機機械,255.0,2024-04-26,2023Q4,19.54,84.38549361987911,-24.74,0.0,12.276666666666666,61.383333333333326,33.7097071928234,100.0,1.147467179441956,92.49531134885086,90.5601080006097,100.0,64.21427829842476
2611,志信,航運業,27.65,2024-04-26,2023Q4,11.15,91.40830267997899,281.02,100.0,35.64,100.0,-7.766872338323124,0.0,-0.03911198297304921,0.0,71.4631845822706,100.0,64.1408302679979
4754,國碳科,化學工業,41.8,2024-04-26,2023Q4,0.0,0.0,19.05,38.1,27.526666666666667,100.0,13.053693776516115,40.26846888258057,1.1579186715174274,93.98838164534679,59.0,97.5,64.11294666145645
1504,東元,電機機械,57.1,2024-04-26,2023Q4,20.69,80.52384150436535,68.29,100.0,-5.87,0.0,11.218793197476074,31.093965987380372,1.069098076332306,81.29972519032943,62.953581069262,100.0,63.976424086609484
4138,曜亞,生技醫療業,114.0,2024-04-26,2023Q4,0.0,0.0,53.49,100.0,2.54,12.7,16.85338330293906,59.26691651469531,1.7161835117131596,100.0,50.0,75.0,63.930037477204294
4933,友輝,光電業,56.9,2024-04-26,2023Q4,0.0,0.0,17.55,35.1,46.943333333333335,100.0,11.77118566047705,33.85592830238525,1.4008876610984144,100.0,78.0,100.0,63.85338924535779
6186,新潤,建材營造業,81.6,2024-04-26,2023Q4,0.0,0.0,32.59,65.18,950.4833333333335,100.0,15.069472943980083,50.34736471990041,1.28405241076036,100.0,16.0,0.0,63.84710470798506
6904,伯鑫,其他業,215.0,2024-04-26,2023Q4,0.0,0.0,-6.84,0.0,21.793333333333333,100.0,23.386774378881647,91.93387189440824,1.2094132575134526,100.0,60.0,100.0,63.79008078416123
1537,廣隆,電機機械,137.5,2024-04-26,2023Q4,18.53,87.7770315648086,-31.01,0.0,24.903333333333332,100.0,11.587258273468409,32.936291367342044,1.5986074581925522,100.0,73.6729888023306,100.0,63.71814686158217
1532,勤美,電機機械,44.15,2024-04-26,2023Q4,17.31,91.87374076561451,19.63,39.26,67.39333333333333,100.0,9.712764472747521,23.563822363737604,3.005757194939636,100.0,24.5292702036944,11.323175509235996,63.669264982045696
6486,互動,通信網路業,92.8,2024-04-26,2023Q4,0.0,0.0,15.29,30.579999999999995,32.46333333333333,100.0,13.935190139840184,44.675950699200925,1.3666408163109378,100.0,57.0,92.5,63.59639260488014
6284,佳邦,電子零組件業,82.8,2024-04-26,2023Q4,0.0,0.0,18.72,37.44,23.30333333333333,100.0,11.581313376723806,32.90656688361903,1.6841478099969371,100.0,57.0,92.5,63.54598503254285
8487,愛爾達-創,,79.5,2024-04-26,2023Q4,14.61,52.6,112.81,100.0,-12.106666666666667,0.0,17.62257966916939,63.11289834584694,0.9810374330765332,68.71963329664761,64.3155475847555,100.0,63.47086141120656
4207,環泰,食品工業,19.1,2024-04-26,2023Q4,0.0,0.0,68.92,100.0,10.696666666666667,53.48333333333334,7.911384759225931,14.556923796129656,2.3994820247192163,100.0,42.0,55.00000000000001,63.38020523608612
8034,榮群,通信網路業,23.9,2024-04-26,2023Q4,0.0,0.0,132.31,100.0,152.32666666666668,100.0,16.163610635816248,55.81805317908124,-0.1883036833939085,0.0,80.0,100.0,63.37270797686219
6206,飛捷,電腦及週邊設備業,84.3,2024-04-26,2023Q4,24.02,50.0,-51.85,0.0,31.51,100.0,16.03339156398903,55.16695781994516,1.2988759746302234,100.0,82.7120273057125,100.0,63.27504367299177
2816,旺旺保,金融保險業,30.95,2024-04-26,2023Q4,5.76,100.0,190.86,100.0,17.0,85.0,12.79384266077577,38.969213303878846,0.5966562974342398,13.80804249060568,30.6133589053222,26.533397263305503,63.26033022003351
5534,長虹,建材營造業,127.5,2024-04-26,2023Q4,20.17,50.0,-35.64,0.0,18.52666666666667,92.63333333333335,23.366699543668307,91.83349771834153,1.5604361788113088,100.0,43.7446491596311,59.36162289907776,63.23785361432568
2355,敬鵬,電子零組件業,40.25,2024-04-26,2023Q4,20.96,47.95520934761439,53.6,100.0,3.3300000000000005,16.650000000000002,4.912087974415822,0.0,3.1392298891397883,100.0,70.8043795273152,100.0,63.12552093476144
6605,帝寶,汽車工業,201.5,2024-04-26,2023Q4,14.1,60.95674139564257,31.58,63.16,4.776666666666666,23.883333333333333,15.796319471027312,53.98159735513656,2.1117686812655685,100.0,53.3296945234238,83.32423630855949,63.09200404035735
2388,威盛,半導體業,131.0,2024-04-26,2023Q4,159.76,0.0,582.35,100.0,8.88,44.400000000000006,-0.2027915465729447,0.0,4.9621920984310846,100.0,56.5777677626857,91.44441940671426,63.02444194067143
6199,天品,其他業,32.0,2024-04-26,2023Q4,0.0,0.0,1633.33,100.0,-48.346666666666664,0.0,15.58980842166683,52.94904210833414,2.285453716370269,100.0,85.0,100.0,62.94235631625012
2641,正德,航運業,20.15,2024-04-26,2023Q4,0.0,0.0,-72.87,0.0,53.04,100.0,38.305398980308894,100.0,1.126260008199773,89.46571545711042,69.0,100.0,62.89314309142209
1524,耿鼎,汽車工業,34.85,2024-04-26,2023Q4,16.36,46.68455952005053,4.41,8.82,30.42,100.0,16.1498217087857,55.74910854392851,2.585538741608829,100.0,50.5985069302875,76.49626732571875,62.8854489661662
6418,詠昇,電子零組件業,22.65,2024-04-26,2023Q4,0.0,0.0,81.58,100.0,9.873333333333333,49.36666666666667,5.666814349990161,3.3340717499508044,1.8433553251649388,100.0,50.0,75.0,62.87344409582595
2493,揚博,電子零組件業,98.2,2024-04-26,2023Q4,16.29,70.69133398247322,16.41,32.82,3.2566666666666664,16.28333333333333,24.928144149945517,99.64072074972759,1.1787660616244875,96.96658023206965,60.2084795209574,100.0,62.870224223787055
5512,力麒,建材營造業,13.35,2024-04-26,2023Q4,0.0,0.0,450.0,100.0,12.176666666666664,60.883333333333326,7.907128130263663,14.535640651318316,7.529931545850149,100.0,34.0,35.0,62.85701276436441
9911,櫻花,居家生活,87.5,2024-04-26,2023Q4,17.86,30.41513223970538,5.15,10.3,23.923333333333332,100.0,14.869938222393339,49.34969111196669,1.193733655162637,99.10480788037671,62.7801070760498,100.0,62.83992846684089
6275,元山,電子零組件業,62.4,2024-04-26,2023Q4,0.0,0.0,45.71,91.42,13.076666666666666,65.38333333333333,1.462265592246469,0.0,1.2318208300490079,100.0,46.0,65.0,62.431666666666665
5386,青雲,電腦及週邊設備業,68.7,2024-04-26,2023Q4,0.0,0.0,28.09,56.18,92.32666666666667,100.0,4.628574641984853,0.0,1.7159990184651248,100.0,53.0,82.5,62.295
1608,華榮,電器電纜,37.1,2024-04-26,2023Q4,16.64,61.25333333333332,2577.78,100.0,5.836666666666666,29.183333333333326,5.148213972502277,0.7410698625113854,1.0513838203845136,78.76911719778766,57.6608983054591,94.15224576364774,62.24220849529901
6667,信紘科,其他電子業,165.5,2024-04-26,2023Q4,0.0,0.0,40.31,80.62,19.683333333333334,98.41666666666666,14.83853719799555,49.19268598997775,0.7976815997210948,42.52594281729925,46.0,65.0,62.222424795289854
2393,億光,光電業,61.2,2024-04-26,2023Q4,18.43,78.6350435624395,19.42,38.84,10.753333333333332,53.766666666666666,10.049287705352365,25.24643852676182,2.0091248300939384,100.0,71.0199480092533,100.0,62.11380346859156
1339,昭輝,汽車工業,78.3,2024-04-26,2023Q4,13.32,65.88253868013894,6.72,13.44,11.116666666666667,55.58333333333334,19.591518952968713,72.95759476484356,1.8491877859161137,100.0,72.8195877239928,100.0,62.0085597494071
8996,高力,電機機械,383.5,2024-04-26,2023Q4,59.46,0.0,91.39,100.0,-16.666666666666668,0.0,16.446881882602725,57.23440941301362,1.1778167853661414,96.83096933802021,55.9901376185737,89.97534404643424,61.94888968419951
1477,聚陽,紡織纖維,394.0,2024-04-26,2023Q4,23.88,76.13671512527065,13.56,27.12,10.020000000000001,50.10000000000001,14.91028329331225,49.55141646656126,1.4494532212666185,100.0,63.593209142996,100.0,61.846383982511256
2606,裕民,航運業,55.5,2024-04-26,2023Q4,17.13,59.98423541776145,-37.81,0.0,38.36,100.0,18.837188870237522,69.18594435118762,2.0850555785776486,100.0,41.7913332550619,54.47833313765476,61.824148508219764
8410,森田,電腦及週邊設備業,71.4,2024-04-26,2023Q4,0.0,0.0,773.77,100.0,-8.209999999999999,0.0,17.563418297971904,62.81709148985952,1.1077504047877682,86.8214863982526,74.0,100.0,61.78686100312945
1714,和桐,化學工業,8.86,2024-04-26,2023Q4,14.77,83.28816621499548,62.16,100.0,-9.966666666666667,0.0,3.7945714678542375,0.0,2.6596061843348435,100.0,53.7601425338292,84.40035633457302,61.76885225495685
2501,國建,建材營造業,37.8,2024-04-26,2023Q4,20.21,49.8016856717898,79.81,100.0,147.92333333333332,100.0,16.617571995147078,58.08785997573539,-0.906078116387772,0.0,32.0760567476756,30.190141869189002,61.71236175045819
1473,台南,紡織纖維,33.65,2024-04-26,2023Q4,15.8,100.0,3.4,6.800000000000001,40.56,100.0,4.399874007037168,0.0,1.6846202992914223,100.0,68.0644697693068,100.0,61.7
3615,安可,光電業,24.8,2024-04-26,2023Q4,0.0,0.0,877.78,100.0,12.373333333333333,61.86666666666667,-0.800853400395079,0.0,0.9999504648052441,71.42149497217774,67.0,100.0,61.65763232776888
3693,營邦,電腦及週邊設備業,310.0,2024-04-26,2023Q4,0.0,0.0,103.72,100.0,4.4366666666666665,22.183333333333334,14.119653305620105,45.598266528100524,1.907095484926581,100.0,41.0,52.5,61.52640664588175
9940,信義,其他業,32.55,2024-04-26,2023Q4,13.62,74.2491657397108,43.98,87.96,-19.666666666666668,0.0,14.445616651922947,47.228083259614735,1.9245323626616997,100.0,39.7940244268671,49.48506106716774,61.44763516963007
1324,地球,塑膠工業,15.25,2024-04-26,2023Q4,28.77,64.24739195230998,783.33,100.0,-11.646666666666667,0.0,4.420182112197611,0.0,2.0892617279570165,100.0,80.1467256606492,100.0,61.424739195231
1736,喬山,運動休閒,82.2,2024-04-26,2023Q4,35.13,12.934061646507988,64.79,100.0,13.453333333333333,67.26666666666667,3.2632762293593967,0.0,5.413355066297751,100.0,26.474697599023,16.1867439975575,61.36541389773988
2455,全新,通信網路業,143.0,2024-04-26,2023Q4,41.94,0.0,-17.63,0.0,125.69,100.0,20.120566986278185,75.60283493139093,1.2708181559729206,100.0,67.0498503615353,100.0,61.34042523970864
2540,愛山林,建材營造業,133.0,2024-04-26,2023Q4,34.55,0.0,223.14,100.0,107.74000000000001,100.0,28.04320734277014,100.0,-2.2069394588198463,0.0,25.1639249824049,12.90981245601225,61.29098124560122
5607,遠雄港,航運業,57.4,2024-04-26,2023Q4,21.66,36.17971623751972,-25.0,0.0,17.726666666666667,88.63333333333333,32.698294470000285,100.0,1.3673110267506385,100.0,39.6452396901322,49.1130992253305,61.25594821295169
3679,新至陞,電子零組件業,129.0,2024-04-26,2023Q4,16.69,68.74391431353456,-31.36,0.0,41.25,100.0,13.431074329194418,42.15537164597209,1.4803293799797577,100.0,52.1753484697298,80.4383711743245,61.241534295681724
4904,遠傳,通信網路業,80.5,2024-04-26,2023Q4,25.97,37.282986111111114,15.93,31.86,15.466666666666667,77.33333333333333,15.003166225634368,50.01583112817184,2.335612776707285,100.0,46.1384552619159,65.34613815478976,61.19695376248253
8255,朋程,電機機械,184.0,2024-04-26,2023Q4,0.0,0.0,25.08,50.16,55.98333333333333,100.0,5.444462029630212,2.2223101481510588,1.4525942590705385,100.0,53.0,82.5,61.12334652222266
2486,一詮,光電業,72.6,2024-04-26,2023Q4,79.78,0.0,95.74,100.0,7.63,38.15,3.482157935689968,0.0,4.205140203198813,100.0,53.7511297308743,84.37782432718575,61.06778243271858
5520,力泰,建材營造業,79.5,2024-04-26,2023Q4,0.0,0.0,31.26,62.519999999999996,10.036666666666667,50.18333333333334,14.805132943315439,49.0256647165772,1.1239449124237295,89.13498748910422,66.0,100.0,60.847513871974094
2881,富邦金,金融保險業,67.6,2024-04-26,2023Q4,14.96,45.164681149264176,42.43,84.86,194.97,100.0,44.36496951737282,100.0,-1.285904966796526,0.0,7.22505576572462,0.0,60.73146811492642
3218,大學光,生技醫療業,240.0,2024-04-26,2023Q4,0.0,0.0,22.91,45.82,4.273333333333333,21.366666666666667,32.13544177533207,100.0,1.486557190070941,100.0,62.0,100.0,60.72833333333333
6191,精成科,電子零組件業,69.9,2024-04-26,2023Q4,10.42,99.269717624148,28.44,56.879999999999995,-1.39,0.0,15.439661964074395,52.19830982037197,1.4072123828252119,100.0,54.8230981868791,87.05774546719776,60.68249278219037
6530,創威,通信網路業,51.1,2024-04-26,2023Q4,0.0,0.0,-21.38,0.0,24.97,100.0,19.1906476962725,70.9532384813625,1.209341986830262,100.0,89.0,100.0,60.642985772204376
3002,歐格,電腦及週邊設備業,14.7,2024-04-26,2023Q4,133.64,0.0,83.33,100.0,5.633333333333333,28.16666666666666,-3.5388609416398076,0.0,5.70439084724799,100.0,67.5521402912133,100.0,60.63333333333333
3265,台星科,半導體業,128.0,2024-04-26,2023Q4,0.0,0.0,-8.47,0.0,16.98,84.89999999999999,23.15199391027581,90.75996955137904,1.829587196654613,100.0,79.0,100.0,60.59399543270686
6593,台灣銘板,資訊服務業,141.0,2024-04-26,2023Q4,0.0,0.0,1633.33,100.0,30.396666666666665,100.0,9.22935112624779,21.14675563123895,0.5847571892752149,12.108169896459273,70.0,100.0,60.5936473239777
4130,健亞,生技醫療業,24.05,2024-04-26,2023Q4,0.0,0.0,345.45,100.0,5.496666666666666,27.48333333333333,5.1100069629450235,0.5500348147251177,2.890229767505284,100.0,92.0,100.0,60.579171888875436
2332,友訊,通信網路業,17.7,2024-04-26,2023Q4,18.63,69.140625,427.78,100.0,-16.266666666666666,0.0,0.7914861525836356,0.0,1.9148896809442177,100.0,54.6284142277567,86.57103556939175,60.57116605693918
3046,建,電腦及週邊設備業,60.1,2024-04-26,2023Q4,20.3,65.48709408825978,12.54,25.08,54.056666666666665,100.0,2.914113947929302,0.0,1.7102240673192453,100.0,50.7482651049823,76.87066276245575,60.50577568507155
2228,劍麟,汽車工業,95.5,2024-04-26,2023Q4,14.09,61.019892642879704,13.57,27.140000000000004,12.656666666666666,63.28333333333334,11.459939382026857,32.29969691013429,2.5165555051701287,100.0,71.1216156042249,100.0,60.388610467474784
8367,建新國際,航運業,47.95,2024-04-26,2023Q4,14.75,72.49080399369417,9.06,18.12,21.266666666666666,100.0,16.425213205603892,57.126066028019466,2.3812014749169395,100.0,20.1424819639101,0.35620490977525066,60.38361079454987
6805,富世達,電子零組件業,727.0,2024-04-26,2023Q4,79.37,0.0,9.11,18.22,111.23,100.0,15.603910279659802,53.019551398299015,1.9402858152933795,100.0,51.4601160218427,78.65029005460676,60.37296171520553
3529,力旺,半導體業,2115.0,2024-04-26,2023Q4,0.0,0.0,-8.56,0.0,27.66,100.0,55.48916918688992,100.0,1.034775165944021,76.39645227771729,80.0,100.0,60.27929045554346
8081,致新,半導體業,285.5,2024-04-26,2023Q4,16.46,95.32469689420361,-22.84,0.0,9.436666666666666,47.18333333333333,20.03888320753596,75.1944160376798,1.6568640975241458,100.0,69.3982785099468,100.0,60.248298761739
2527,宏璟,建材營造業,57.5,2024-04-26,2023Q4,25.9,21.591472483886974,89.74,100.0,413.26,100.0,15.483193867084166,52.41596933542083,-4.829719333877,0.0,40.788063747856,51.97015936964,60.218558585665825
5474,聰泰,電腦及週邊設備業,124.0,2024-04-26,2023Q4,0.0,0.0,-35.9,0.0,24.39333333333333,100.0,20.277924359377238,76.38962179688619,1.1554049360418384,93.62927657740549,81.0,100.0,60.18429858501403
2723,美食-KY,觀光餐旅,89.3,2024-04-26,2023Q4,21.26,56.364236952213155,56.72,100.0,0.0,0.0,5.391136749087646,1.9556837454382283,3.9826065119844567,100.0,56.6839249847405,91.70981246185124,60.10075750322218
1215,卜蜂,食品工業,104.5,2024-04-26,2023Q4,13.57,94.90458790093382,45.83,91.66,-4.373333333333334,0.0,10.038954724884634,25.19477362442317,1.82488932178328,100.0,35.6353538172022,39.0883845430055,60.09351328805741
2727,王品,觀光餐旅,229.0,2024-04-26,2023Q4,13.68,89.7489539748954,254.22,100.0,1.9599999999999997,9.799999999999999,7.988105588087521,14.940527940437603,3.1202591795785617,100.0,27.6514510364501,19.12862759112525,60.088837347667706
6443,元晶,光電業,27.9,2024-04-26,2023Q4,27.09,45.101645692158755,160.98,100.0,-45.71333333333333,0.0,5.721220581611285,3.606102908056426,2.599619168999446,100.0,63.3648998965829,100.0,60.05108000542434
6753,龍德造船,航運業,119.0,2024-04-26,2023Q4,22.28,32.92170257488176,85.32,100.0,-15.770000000000001,0.0,16.132398152067275,55.66199076033638,4.420354505580889,100.0,33.44867171716,33.62167929290001,60.00363680082863
5498,凱崴,電子零組件業,12.25,2024-04-26,2023Q4,0.0,0.0,500.0,100.0,6.25,31.25,-17.228135209263577,0.0,13.588002024974688,100.0,55.0,87.5,60.0
3311,閎暉,通信網路業,38.9,2024-04-26,2023Q4,21.49,56.72743055555556,19.05,38.1,14.586666666666668,72.93333333333334,3.8675395528553183,0.0,1.3930259452936444,100.0,77.9283417341907,100.0,59.78440972222222
1437,勤益控,其他業,32.8,2024-04-26,2023Q4,11.63,85.31701890989989,41.0,82.0,2.6266666666666665,13.133333333333333,51.48421877768039,100.0,0.6119233644892389,15.98905206989127,59.1862022157851,97.96550553946275,59.65272952558118
3708,上緯投控,綠能環保,149.0,2024-04-26,2023Q4,11.6,96.19666048237477,35.86,71.72,4.176666666666668,20.883333333333336,3.1544057400786008,0.0,1.9450067210558863,100.0,51.5710108917695,78.92752722942375,59.61908543784652
8150,南茂,半導體業,46.6,2024-04-26,2023Q4,17.92,90.47500415213419,-43.97,0.0,19.086666666666666,95.43333333333332,8.936278447673438,19.681392238367188,3.4896927688826826,100.0,53.8418358005085,84.60458950127125,59.54683486776229
1470,大統新創,紡織纖維,20.1,2024-04-26,2023Q4,34.66,42.793071450665025,52.63,100.0,-13.433333333333332,0.0,5.256852268166008,1.2842613408300396,2.9332468690471365,100.0,86.0222188270729,100.0,59.47194634619101
1305,華夏,塑膠工業,17.9,2024-04-26,2023Q4,30.34,59.56780923994038,192.19,100.0,-22.73,0.0,3.354817011805019,0.0,2.9858210788614747,100.0,53.9794465785011,84.94861644625274,59.45164256861931
1210,大成,食品工業,57.0,2024-04-26,2023Q4,11.85,100.0,85.71,100.0,-6.63,0.0,5.4183584111408365,2.0917920557041825,2.400483239473863,100.0,36.5439645351142,41.3599113377855,59.44975994213418
6016,康和證,金融保險業,15.8,2024-04-26,2023Q4,0.0,0.0,772.0,100.0,35.14666666666667,100.0,23.575495642620403,92.87747821310202,-3.382194784306508,0.0,22.0,5.0,59.4316217319653
3661,世芯-KY,半導體業,3110.0,2024-04-26,2023Q4,69.51,0.0,76.99,100.0,0.0,0.0,12.339493207306603,36.697466036533015,2.7986412724762944,100.0,55.4994221645248,88.748555411312,59.37947544661115
6218,豪勉,通信網路業,25.35,2024-04-26,2023Q4,0.0,0.0,22.22,44.44,22.876666666666665,100.0,1.1377514401560216,0.0,1.4218605642811457,100.0,53.0,82.5,59.36
8905,裕國,其他業,31.25,2024-04-26,2023Q4,0.0,0.0,119.3,100.0,-43.76,0.0,10.78577088125626,28.928854406281303,2.114010312211574,100.0,82.0,100.0,59.339328160942195
1529,樂事綠能,電機機械,34.3,2024-04-26,2023Q4,37.28,24.81531229012761,203.33,100.0,-21.430000000000003,0.0,12.560575248880204,37.80287624440102,1.0917600689740117,84.53715271057311,56.1827797633503,90.45694940837575,59.105088148625114
2640,大車隊,數位雲端,123.0,2024-04-26,2023Q4,0.0,0.0,18.0,36.0,10.223333333333334,51.116666666666674,19.49534488839465,72.47672444197326,1.4632281278669383,100.0,56.0,90.0,59.094841999629324
6870,騰雲,數位雲端,130.0,2024-04-26,2023Q4,0.0,0.0,15.61,31.22,13.76,68.8,14.917867296115675,49.589336480578375,1.2456770023927577,100.0,71.0,100.0,59.00340047208675
1456,怡華,建材營造業,21.45,2024-04-26,2023Q4,429.0,0.0,106.17,100.0,155.73,100.0,23.601233311274587,93.00616655637293,-189.35090479937057,0.0,12.8285281470226,0.0,58.95092498345594
2368,金像電,電子零組件業,192.5,2024-04-26,2023Q4,26.55,20.74001947419668,-18.17,0.0,44.053333333333335,100.0,17.095178896250328,60.475894481251636,1.5068588264100808,100.0,50.8474107754805,77.11852693870125,58.857238813477544
1618,合機,電器電纜,57.3,2024-04-26,2023Q4,28.51,0.0,55.81,100.0,27.306666666666672,100.0,10.075229768349958,25.37614884174979,-0.5912020579376672,0.0,81.9880407249862,100.0,58.80642232626247
3567,逸昌,半導體業,41.4,2024-04-26,2023Q4,0.0,0.0,27.54,55.08,-0.7899999999999999,0.0,30.963447997937486,100.0,1.4830958587303764,100.0,89.0,100.0,58.769999999999996
2851,中再保,金融保險業,27.05,2024-04-26,2023Q4,10.36,77.40014015416958,536.59,100.0,17.353333333333335,86.76666666666668,11.327675122557762,31.63837561278881,-3.508082034733945,0.0,35.3527180741597,38.38179518539924,58.67728320920855
4527,方土霖,電機機械,43.2,2024-04-26,2023Q4,0.0,0.0,26.49,52.98,16.106666666666666,80.53333333333332,9.062247237809025,20.311236189045125,1.5871774430736367,100.0,45.0,62.5,58.648352095023434
3533,嘉澤,電子零組件業,1455.0,2024-04-26,2023Q4,28.96,9.006815968841275,-13.74,0.0,12.693333333333333,63.46666666666667,28.369961389857306,100.0,1.6328930354770006,100.0,73.1786652011115,100.0,58.59401493021746
6239,力成,半導體業,173.0,2024-04-26,2023Q4,16.14,96.38764324862979,-7.59,0.0,16.55,82.75,11.575037785197232,32.87518892598616,2.4575830638179808,100.0,49.3632708652137,73.40817716303425,58.46086038006433
2903,遠百,貿易百貨業,33.45,2024-04-26,2023Q4,17.15,89.27053824362608,42.34,84.68,-2.823333333333333,0.0,14.977798700796018,49.888993503980096,3.8961048256678135,100.0,23.4045005314836,8.511251328708997,58.431527982830524
1707,葡萄王,生技醫療業,156.5,2024-04-26,2023Q4,15.95,84.06366267052502,-0.3,0.0,6.1000000000000005,30.500000000000004,23.47490433891742,92.3745216945871,1.734255827656657,100.0,64.3269809173521,100.0,58.36254452124057
5312,寶島科,生技醫療業,102.0,2024-04-26,2023Q4,0.0,0.0,145.94,100.0,5.420000000000001,27.1,8.489602096972558,17.448010484862788,2.1618095333802296,100.0,41.0,52.5,58.28720157272942
5213,亞昕,建材營造業,41.0,2024-04-26,2023Q4,0.0,0.0,317.74,100.0,1162.8866666666665,100.0,22.649793693292484,88.24896846646241,-1.7094504598451699,0.0,20.0,0.0,58.23734526996936
1443,立益物流,其他業,32.0,2024-04-26,2023Q4,24.81,12.01334816462738,-22.75,0.0,27.41,100.0,33.71761948370487,100.0,1.5293713618489964,100.0,28.11870034009,20.296750850225003,58.231009901485244
3017,奇鋐,電腦及週邊設備業,642.0,2024-04-26,2023Q4,46.39,0.0,19.78,39.56,38.47666666666667,100.0,12.53683543748664,37.68417718743321,1.9462329064739223,100.0,30.7388481402871,26.847120350717752,58.22733861318676
3078,僑威,電子零組件業,73.7,2024-04-26,2023Q4,0.0,0.0,116.93,100.0,-2.726666666666668,0.0,16.84003573963693,59.20017869818466,1.0009360683446415,71.56229547780593,60.0,100.0,58.19248590028889
8087,華鎂鑫,綠能環保,61.9,2024-04-26,2023Q4,0.0,0.0,217.83,100.0,5417.7266666666665,100.0,-19.41938746949378,0.0,0.7768646327759422,39.55209039656317,41.0,52.5,58.160418079312635
1609,大亞,電器電纜,60.0,2024-04-26,2023Q4,15.87,65.36000000000001,217.89,100.0,8.756666666666668,43.78333333333334,5.819214232809877,4.096071164049384,1.0091773079944824,72.7396154277832,30.7213103305673,26.80327582641825,58.13532800947254
6176,瑞儀,光電業,195.5,2024-04-26,2023Q4,14.01,95.75024201355275,-21.56,0.0,16.37333333333333,81.86666666666666,12.97739913601209,39.88699568006046,1.0979478059266148,85.42111513237354,56.3395271292989,90.84881782324726,58.10051169549711
6505,台塑化,油電燃氣業,71.2,2024-04-26,2023Q4,30.96,30.945971928475302,52.32,100.0,-7.243333333333333,0.0,2.1618116251579407,0.0,2.0733907714259163,100.0,80.8181879777205,100.0,58.09459719284753
8478,東哥遊艇,運動休閒,396.0,2024-04-26,2023Q4,16.74,84.68591494342567,18.72,37.44,16.88,84.39999999999999,34.65415863848081,100.0,0.24948028443947348,0.0,53.3968329919378,83.4920824798445,58.05779974232701
6192,巨路,其他電子業,104.5,2024-04-26,2023Q4,12.79,72.20194647201947,-5.88,0.0,17.036666666666665,85.18333333333332,15.721281052722633,53.60640526361317,1.0531535806565289,79.02194009378985,59.3453129041081,98.36328226027024,57.93853834819559
2712,遠雄來,觀光餐旅,29.9,2024-04-26,2023Q4,63.62,0.0,104.35,100.0,-12.876666666666665,0.0,8.70092697305651,18.504634865282554,2.6658032144896793,100.0,69.9904559708615,100.0,57.77569522979238
1453,大將,建材營造業,24.5,2024-04-26,2023Q4,42.98,0.0,575.0,100.0,101.75,100.0,8.662297912415633,18.31148956207817,-0.982786736727668,0.0,69.265478726589,100.0,57.746723434311725
3592,瑞鼎,半導體業,428.0,2024-04-26,2023Q4,22.5,75.26158445440956,-62.87,0.0,64.83666666666666,100.0,7.513895473510056,12.569477367550281,1.1629910361237352,94.71300516053361,57.5070878165424,93.76771954135602,57.73095303681582
2850,新產,金融保險業,95.0,2024-04-26,2023Q4,10.3,77.82060266292922,45.43,90.86,12.12,60.6,17.627610950359827,63.13805475179913,0.5465353411230524,6.647905874721766,37.2513112083462,43.12827802086551,57.7301774560937
6183,關貿,資訊服務業,74.2,2024-04-26,2023Q4,23.12,38.03874092009685,3.56,7.12,7.616666666666667,38.083333333333336,24.336857556271777,96.68428778135889,1.21434054903103,100.0,70.8377250720537,100.0,57.70318392588019
6689,伊雲谷,數位雲端,100.0,2024-04-26,2023Q4,36.9,50.43173232595791,67.7,100.0,24.38,100.0,1.3535211134199912,0.0,-1.2686663730719252,0.0,50.5356386326693,76.33909658167323,57.67708289076312
5403,中菲,資訊服務業,129.0,2024-04-26,2023Q4,0.0,0.0,22.01,44.02,14.566666666666668,72.83333333333334,22.439048371622928,87.19524185811464,0.8569675414512332,50.9953630644619,55.0,87.5,57.60002555827625
9931,欣高,油電燃氣業,37.1,2024-04-26,2023Q4,25.76,50.9421265141319,0.0,0.0,86.89333333333333,100.0,13.892213813555596,44.461069067777984,1.8520205518993187,100.0,43.3134784965358,58.2836962413395,57.59174263571384
1476,儒鴻,紡織纖維,512.0,2024-04-26,2023Q4,27.13,66.08413238478194,-23.76,0.0,17.30666666666667,86.53333333333335,21.269086511270928,81.34543255635464,0.9010284427583524,57.28977753690748,80.6420843198048,100.0,57.57485029597955
6666,羅麗芬-KY,生技醫療業,64.2,2024-04-26,2023Q4,34.52,7.296403472509305,60.34,100.0,0.0,0.0,7.392204314916842,11.961021574584212,1.6121607072023574,100.0,75.4204955298927,100.0,57.52379358343856
4153,鈺緯,生技醫療業,38.7,2024-04-26,2023Q4,0.0,0.0,47.06,94.12,-10.023333333333333,0.0,10.309628973288405,26.548144866442026,3.4355244033307524,100.0,83.0,100.0,57.512221729966306
5392,能率,光電業,26.0,2024-04-26,2023Q4,0.0,0.0,156.9,100.0,8.49,42.449999999999996,0.1269723598941423,0.0,13.99059908492994,100.0,36.0,40.0,57.49
1802,台玻,玻璃陶瓷,17.0,2024-04-26,2023Q4,1700.0,0.0,104.0,100.0,4.309999999999999,21.549999999999994,-0.6078207962210864,0.0,125.75712551309476,100.0,52.5598727299934,81.3996818249835,57.44996818249835
1432,大魯閣,運動休閒,17.75,2024-04-26,2023Q4,26.49,46.644557159578625,291.43,100.0,6.926666666666667,34.63333333333333,6.07223087793036,5.361154389651799,7.084432849213998,100.0,15.9868839294677,0.0,57.395295541072294
1796,金穎生技,食品工業,55.8,2024-04-26,2023Q4,0.0,0.0,33.19,66.38,-34.25,0.0,19.346284188114947,71.73142094057474,1.5271342711100055,100.0,76.0,100.0,57.35471314108621
8039,台虹,電子零組件業,49.65,2024-04-26,2023Q4,17.3,65.77409931840312,-39.7,0.0,41.52,100.0,5.982416579852154,4.912082899260768,3.006927139729629,100.0,61.2924474629171,100.0,57.31422236672943
3596,智易,通信網路業,171.5,2024-04-26,2023Q4,15.62,82.20486111111111,19.35,38.7,13.87,69.35,6.185463571160802,5.9273178558040085,2.3093479260454877,100.0,38.3988039635828,45.997009908957,57.25428478037742
3130,一零四,數位雲端,227.5,2024-04-26,2023Q4,16.73,100.0,1.42,2.84,6.906666666666666,34.53333333333333,22.108382995493272,85.54191497746636,1.4671497284991717,100.0,47.0010769413505,67.50269235337625,57.19822314862425
3675,德微,半導體業,301.0,2024-04-26,2023Q4,0.0,0.0,-25.88,0.0,25.853333333333335,100.0,17.90891864171354,64.5445932085677,1.4680306223948465,100.0,50.0,75.0,57.181688981285156
1541,錩泰,電機機械,32.35,2024-04-26,2023Q4,22.16,75.58764271323037,-57.68,0.0,21.536666666666665,100.0,8.442287368673458,17.21143684336729,1.5578262001909888,100.0,48.0406871652586,70.10171791314652,57.15065158914278
1806,冠軍,玻璃陶瓷,10.35,2024-04-26,2023Q4,0.0,0.0,71.11,100.0,43.88666666666666,100.0,7.8557343903428585,14.278671951714292,0.0,0.0,67.5201603723408,100.0,57.141800792757145
6732,昇佳電子,半導體業,335.0,2024-04-26,2023Q4,0.0,0.0,-19.85,0.0,53.56333333333333,100.0,14.481631111268625,47.408155556343125,1.3950757643046205,100.0,74.0,100.0,57.11122333345147
3617,碩天,其他電子業,258.0,2024-04-26,2023Q4,15.89,53.34549878345499,23.64,47.28,2.8800000000000003,14.400000000000002,15.464760201200766,52.32380100600383,1.4522250141297761,100.0,56.6861912455165,91.71547811379124,57.0546678406252
1720,生達,生技醫療業,63.0,2024-04-26,2023Q4,13.49,94.23315419594874,2.41,4.82,8.186666666666666,40.93333333333333,20.185878705746752,75.92939352873375,1.6008449057715664,100.0,47.3603245553291,68.40081138832275,57.04447225440387
8443,阿瘦,貿易百貨業,12.15,2024-04-26,2023Q4,48.6,0.0,107.94,100.0,5.203333333333333,26.016666666666666,0.31922577775740707,0.0,18.707638072855463,100.0,47.2802916786987,68.20072919674675,57.023406253008005
6203,海韻電,電子零組件業,83.3,2024-04-26,2023Q4,0.0,0.0,34.64,69.28,-23.386666666666667,0.0,22.808600769833102,89.04300384916552,1.0713332877831028,81.61904111187182,72.0,100.0,57.00025879974919
2006,東和鋼鐵,鋼鐵工業,73.3,2024-04-26,2023Q4,11.31,86.95652173913042,18.46,36.92,12.996666666666668,64.98333333333333,9.840079152378237,24.200395761891187,0.9772566862310349,68.17952660443356,55.0707640875448,87.676910218862,56.9559745476363
1590,亞德客-KY,電機機械,1140.0,2024-04-26,2023Q4,32.73,40.09402283411687,15.83,31.66,0.0,0.0,29.66803422576701,100.0,1.2987746719404267,100.0,73.3684739029332,100.0,56.92440228341169
6101,寬魚國際,文化創意業,46.95,2024-04-26,2023Q4,0.0,0.0,257.14,100.0,29.423333333333336,100.0,7.553678072869796,12.768390364348981,-1.2727272727272727,0.0,95.0,100.0,56.91525855465235
5007,三星,鋼鐵工業,56.8,2024-04-26,2023Q4,16.8,56.35451505016721,-6.11,0.0,11.57,57.85,17.85165101913851,64.25825509569256,1.3456054767812478,100.0,79.3285406596775,100.0,56.8441897693706
8210,勤誠,電腦及週邊設備業,288.5,2024-04-26,2023Q4,32.06,16.5278934221482,8.53,17.06,76.47333333333334,100.0,12.996198717945298,39.98099358972649,2.325216314618004,100.0,39.5125817504206,48.7814543760515,56.79308381827894
2022,聚亨,鋼鐵工業,12.2,2024-04-26,2023Q4,50.83,0.0,166.67,100.0,6.593333333333333,32.96666666666667,4.795338958845228,0.0,16.03501613561334,100.0,40.5800124878185,51.450031219546254,56.73833645528796
1539,巨庭,電機機械,24.15,2024-04-26,2023Q4,25.16,65.51376762928139,-84.0,0.0,61.98666666666667,100.0,5.217400377180329,1.0870018859016461,3.765754468395822,100.0,62.8096968888593,100.0,56.71442704581338
3025,星通,通信網路業,67.3,2024-04-26,2023Q4,19.12,67.01388888888889,215.79,100.0,-8.193333333333333,0.0,29.7752107928399,100.0,0.07050521138541213,0.0,65.5965147713791,100.0,56.701388888888886
2491,吉祥全,光電業,14.65,2024-04-26,2023Q4,32.56,23.920619554695044,109.57,100.0,26.183333333333334,100.0,-70.48326365265262,0.0,-1.0574243603855138,0.0,57.0986268199551,92.74656704988774,56.66671866045827
2897,王道銀行,金融保險業,9.88,2024-04-26,2023Q4,11.9,66.6082690960056,-51.67,0.0,14.986666666666666,74.93333333333332,42.21252322807812,100.0,3.263288691312058,100.0,6.39842025053344,0.0,56.64749357626722
6906,現觀科,數位雲端,134.0,2024-04-26,2023Q4,37.22,49.5682676740421,-5.26,0.0,11.806666666666667,59.03333333333334,33.65626043945386,100.0,1.0202489943757849,74.3212849108264,76.9381051610336,100.0,56.62775041623616
3034,聯詠,半導體業,603.0,2024-04-26,2023Q4,15.74,97.7163261916625,-16.62,0.0,2.49,12.450000000000001,24.143793672184742,95.71896836092371,1.2857723781729857,100.0,64.3576459068026,100.0,56.61947787330482
3284,太普高,其他業,34.0,2024-04-26,2023Q4,0.0,0.0,65.22,100.0,45.56,100.0,10.14759308833634,25.7379654416817,-1.1087162763118885,0.0,51.0,77.5,56.610694816252256
4952,凌通,半導體業,48.75,2024-04-26,2023Q4,31.66,44.8347450589603,-71.05,0.0,21.80333333333333,100.0,7.737314325452658,13.686571627263291,2.847301842426407,100.0,75.6725509994799,100.0,56.536460249985524
9934,成霖,居家生活,17.7,2024-04-26,2023Q4,11.96,69.91965182457314,161.29,100.0,-4.390000000000001,0.0,1.8076732742602637,0.0,3.4553388607852242,100.0,38.0991764196933,45.247941049233255,56.51675928738064
2516,新建,建材營造業,12.4,2024-04-26,2023Q4,16.1,70.1784828953892,122.51,100.0,3.776666666666666,18.88333333333333,1.7423299404352048,0.0,3.897788709057865,100.0,22.7882095300904,6.970523825225997,56.49156733872819
6257,矽格,半導體業,71.5,2024-04-26,2023Q4,18.82,87.48546753031057,-43.11,0.0,15.056666666666667,75.28333333333333,13.42552967308184,42.1276483654092,3.6983864218373252,100.0,44.8809163786271,62.20229094656775,56.34458976916587
2387,精元,電腦及週邊設備業,60.7,2024-04-26,2023Q4,9.34,100.0,-13.1,0.0,17.330000000000002,86.65,7.665198751484054,13.325993757420267,3.359150553340103,100.0,47.8968898468063,69.74222461701575,56.30312152531461
2233,宇隆,汽車工業,125.0,2024-04-26,2023Q4,14.11,60.893590148405444,-14.15,0.0,11.97,59.85,15.934393712630918,54.67196856315459,1.6755119316500549,100.0,69.1529243869317,100.0,56.26015429931373
1734,杏輝,生技醫療業,36.65,2024-04-26,2023Q4,16.36,82.36874741628772,67.16,100.0,3.776666666666666,18.88333333333333,9.654484372584742,23.272421862923707,0.7899618839459445,41.42312627799207,49.5648352660924,73.91208816523101,56.18023875985552
6807,峰源-KY,居家生活,45.1,2024-04-26,2023Q4,10.23,81.50318044861064,34.45,68.9,0.0,0.0,6.060146541954276,5.300732709771379,2.258070752793924,100.0,64.8364684943497,100.0,56.17042795132677
2235,謚源,電機機械,46.9,2024-04-26,2023Q4,0.0,0.0,-47.28,0.0,20.773333333333333,100.0,13.124308360714718,40.62154180357359,1.9448937739066317,100.0,76.0,100.0,56.09323127053604
3557,嘉威,居家生活,72.2,2024-04-26,2023Q4,15.01,49.49782390358217,-31.58,0.0,38.60333333333333,100.0,10.780587245829599,28.902936229147997,2.3484691250035583,100.0,47.1099211061589,67.77480276539724,56.062703101270145
3346,麗清,汽車工業,41.6,2024-04-26,2023Q4,15.18,54.13640669403221,843.33,100.0,21.636666666666667,100.0,4.177664329992687,0.0,0.5680276705276706,9.71823864681008,34.4479767606493,36.11994190162324,55.969282588927555
2303,聯電,半導體業,49.8,2024-04-26,2023Q4,11.29,100.0,-30.47,0.0,0.9466666666666667,4.733333333333333,26.014416288820087,100.0,1.4100709377936411,100.0,64.2428668580086,100.0,55.946666666666665
4126,太醫,生技醫療業,91.0,2024-04-26,2023Q4,0.0,0.0,27.19,54.38000000000001,-8.916666666666666,0.0,21.4641870624586,82.320935312293,1.5533446453354627,100.0,75.0,100.0,55.94314029684395
8416,實威,資訊服務業,156.0,2024-04-26,2023Q4,0.0,0.0,-5.71,0.0,24.603333333333335,100.0,23.52064003847528,92.60320019237639,0.9197804634660162,59.968637638002306,78.0,100.0,55.88420755645692
6782,視陽,生技醫療業,255.5,2024-04-26,2023Q4,53.34,0.0,-56.89,0.0,61.68666666666667,100.0,13.85075124860542,44.2537562430271,1.1705629399263295,95.79470570376138,62.7638941751811,100.0,55.79700457720634
6201,亞弘電,其他電子業,61.1,2024-04-26,2023Q4,13.25,69.40389294403893,24.46,48.92,-9.44,0.0,13.825727773406765,44.12863886703383,1.9079315933334946,100.0,74.4514219632193,100.0,55.78968512445897
6234,高僑,光電業,28.45,2024-04-26,2023Q4,0.0,0.0,-30.6,0.0,31.923333333333332,100.0,12.62072179515796,38.103608975789804,2.066766333487269,100.0,65.0,100.0,55.71554134636847
6449,鈺邦,電子零組件業,129.5,2024-04-26,2023Q4,34.72,0.0,-2.36,0.0,24.99,100.0,12.853634843690426,39.26817421845213,1.4932455889249585,100.0,59.2069243278878,98.0173108197195,55.69195721473977
5292,華懋,綠能環保,146.5,2024-04-26,2023Q4,16.7,72.5417439703154,23.42,46.84,-13.56,0.0,17.052116048206052,60.26058024103026,1.1810647397139065,97.29496281627236,52.7386364419284,81.846591104821,55.64691310692265
4160,訊聯基因,生技醫療業,55.2,2024-04-26,2023Q4,0.0,0.0,10.89,21.78,28.11,100.0,3.1351898734177217,0.0,2.340521617363907,100.0,72.0,100.0,55.445
3118,進階,生技醫療業,33.25,2024-04-26,2023Q4,0.0,0.0,7.78,15.560000000000002,27.560000000000002,100.0,10.225685009786394,26.12842504893197,1.1161274938399173,88.01821340570247,67.0,100.0,55.41290643848029
2468,華經,資訊服務業,26.4,2024-04-26,2023Q4,23.57,35.8595641646489,23.08,46.16,10.226666666666665,51.13333333333332,3.8401947338553204,0.0,3.8360254152951083,100.0,61.1121569311281,100.0,55.352623083131554
3227,原相,半導體業,157.0,2024-04-26,2023Q4,0.0,0.0,-24.83,0.0,63.96333333333333,100.0,12.121609281581843,35.608046407909214,1.6146484863647736,100.0,81.0,100.0,55.34120696118638
4746,台耀,生技醫療業,100.0,2024-04-26,2023Q4,95.24,0.0,-69.12,0.0,18.486666666666668,92.43333333333335,15.479487428814654,52.397437144073265,6.547689772898299,100.0,55.521017562749,88.8025439068725,55.22653662896491
1423,利華,紡織纖維,31.45,2024-04-26,2023Q4,44.3,12.975564491184667,7.55,15.1,30.79666666666667,100.0,-56.939243870032605,0.0,2.1172784370436535,100.0,91.0101215984564,100.0,55.072556449118466
6204,艾華,電子零組件業,123.0,2024-04-26,2023Q4,0.0,0.0,1845.65,100.0,23.38333333333333,100.0,5.046049762813991,0.23024881406995323,0.08777859168413342,0.0,66.0,100.0,55.034537322110495
2402,毅嘉,電子零組件業,32.1,2024-04-26,2023Q4,20.71,49.17234664070107,30.0,60.0,4.63,23.15,5.637059485734483,3.185297428672414,2.2790154343476026,100.0,61.3490150353488,100.0,55.025029278370965
6590,普鴻,資訊服務業,89.4,2024-04-26,2023Q4,0.0,0.0,28.27,56.54,-3.99,0.0,20.180429188867663,75.90214594433832,1.2589554659622781,100.0,58.0,95.0,55.020321891650745
3313,斐成,其他業,17.55,2024-04-26,2023Q4,0.0,0.0,100.68,100.0,54989.125,100.0,-137.811498754005,0.0,-24.471363115693013,0.0,83.0,100.0,55.0
5314,世紀,其他業,251.5,2024-04-26,2023Q4,0.0,0.0,1272.22,100.0,25474.68,100.0,-8.273874380513865,0.0,-1.0832206119162642,0.0,73.0,100.0,55.0
1813,寶利徠,生技醫療業,20.15,2024-04-26,2023Q4,0.0,0.0,71.43,100.0,-7.476666666666667,0.0,-23.88001731159766,0.0,4.127344168601536,100.0,74.0,100.0,55.0
9902,台火,其他業,16.65,2024-04-26,2023Q4,52.03,0.0,164.0,100.0,281.82,100.0,-5.144711057514423,0.0,-2.1346730462519936,0.0,91.1535159346902,100.0,55.0
5202,力新,資訊服務業,20.2,2024-04-26,2023Q4,0.0,0.0,286.6,100.0,45.57666666666666,100.0,-59.471512001358505,0.0,-0.9961195932690106,0.0,94.0,100.0,55.0
2719,燦星旅,觀光餐旅,70.0,2024-04-26,2023Q4,0.0,0.0,231.9,100.0,410.4866666666667,100.0,-3.8043785349351387,0.0,0.3594135743856584,0.0,64.0,100.0,55.0
6185,幃翔,電子零組件業,16.75,2024-04-26,2023Q4,0.0,0.0,127.59,100.0,-34.52,0.0,1.543341430055787,0.0,2.155312658871378,100.0,85.0,100.0,55.0
3083,網龍,文化創意業,48.55,2024-04-26,2023Q4,0.0,0.0,103.85,100.0,40.20333333333334,100.0,-9.521038743406756,0.0,-49.040971168437025,0.0,91.0,100.0,55.0
3306,鼎天,通信網路業,54.5,2024-04-26,2023Q4,0.0,0.0,632.0,100.0,-13.823333333333332,0.0,3.0195423143216873,0.0,2.0922477029632582,100.0,91.0,100.0,55.0
1240,茂生農經,農業科技業,52.0,2024-04-26,2023Q4,0.0,0.0,2842.86,100.0,-4.763333333333333,0.0,4.305765165447493,0.0,1.4602057790647527,100.0,62.0,100.0,55.0
3432,台端,電子零組件業,17.4,2024-04-26,2023Q4,0.0,0.0,83.64,100.0,94.53666666666668,100.0,-171.03277600048287,0.0,0.0,0.0,82.7216933474738,100.0,55.0
4109,加捷生醫,生技醫療業,24.8,2024-04-26,2023Q4,0.0,0.0,2800.0,100.0,109.99,100.0,-19.89433762674376,0.0,-0.03113509913559863,0.0,74.0,100.0,55.0
3054,立萬利,食品工業,20.7,2024-04-26,2023Q4,345.0,0.0,104.0,100.0,434.3,100.0,-102.30411191400725,0.0,-9.865373309817754,0.0,93.9269192361776,100.0,55.0
6225,天瀚,光電業,16.35,2024-04-26,2023Q4,52.74,0.0,255.0,100.0,77.41333333333334,100.0,0.720902435380248,0.0,-0.6553542765420775,0.0,90.5589554508134,100.0,55.0
6241,易通展,通信網路業,13.85,2024-04-26,2023Q4,0.0,0.0,104.9,100.0,-5.196666666666666,0.0,-13.453343335896232,0.0,54.98540630182421,100.0,71.0,100.0,55.0
4419,元勝,觀光餐旅,45.2,2024-04-26,2023Q4,0.0,0.0,50.79,100.0,40.64333333333334,100.0,2.1852224113460847,0.0,0.0,0.0,71.0,100.0,55.0
2457,飛宏,電子零組件業,50.7,2024-04-26,2023Q4,83.11,0.0,257.89,100.0,-12.219999999999999,0.0,2.876512976350015,0.0,8.47803664811789,100.0,60.4030632897319,100.0,55.0
6875,國邑*,生技醫療業,64.5,2024-04-26,2023Q4,0.0,0.0,102.59,100.0,0.0,0.0,-0.897933227344992,0.0,5.016674550614948,100.0,85.0,100.0,55.0
1611,中電,電器電纜,17.25,2024-04-26,2023Q4,37.5,0.0,91.67,100.0,-12.766666666666666,0.0,4.887502175920111,0.0,1.6429125434608185,100.0,79.1660448443615,100.0,55.0
4711,永純,化學工業,17.0,2024-04-26,2023Q4,0.0,0.0,196.77,100.0,-8.243333333333332,0.0,2.5503069344152896,0.0,3.8979214277941017,100.0,83.0,100.0,55.0
6446,藥華藥,生技醫療業,285.5,2024-04-26,2023Q4,0.0,0.0,60.12,100.0,90.00666666666666,100.0,-37.47626877467259,0.0,0.0,0.0,87.8208647469975,100.0,55.0
5533,皇鼎,建材營造業,27.3,2024-04-26,2023Q4,8.75,100.0,-12.36,0.0,-74.93333333333334,0.0,26.63215048044044,100.0,2.253062527612493,100.0,80.9930178694349,100.0,55.0
4806,昇華,文化創意業,12.6,2024-04-26,2023Q4,0.0,0.0,86.22,100.0,1821.17,100.0,-2815.187969924812,0.0,0.0,0.0,73.0,100.0,55.0
4909,新復興,通信網路業,85.8,2024-04-26,2023Q4,0.0,0.0,171.19,100.0,244.72333333333336,100.0,-2.659094830705177,0.0,0.29884022938257,0.0,91.0,100.0,55.0
4905,台聯電,通信網路業,97.9,2024-04-26,2023Q4,0.0,0.0,476.51,100.0,681.98,100.0,-34.64091626758782,0.0,-0.3478660858439699,0.0,79.0,100.0,55.0
6278,台表科,光電業,111.0,2024-04-26,2023Q4,12.95,99.85479186834463,-37.99,0.0,19.55333333333333,97.76666666666665,5.353688912910064,1.76844456455032,2.5314812510171456,100.0,40.7538265554778,51.884566388694495,54.99253584371979
3027,盛達,通信網路業,46.15,2024-04-26,2023Q4,74.44,0.0,56.1,100.0,113.63,100.0,-0.12812023069297024,0.0,-2.920222634508349,0.0,59.836981967322,99.592454918305,54.9592454918305
8163,達方,電腦及週邊設備業,61.5,2024-04-26,2023Q4,10.35,100.0,42.41,84.82,-14.233333333333334,0.0,4.515010785327054,0.0,2.74138168108631,100.0,34.988667662378,37.471669155944994,54.952166915594496
3374,精材,半導體業,117.0,2024-04-26,2023Q4,0.0,0.0,-30.64,0.0,9.91,49.55,26.696841080792648,100.0,1.372215930814218,100.0,80.0,100.0,54.91
6846,綠茵,食品工業,78.2,2024-04-26,2023Q4,0.0,0.0,-16.14,0.0,24.453333333333333,100.0,20.0930405703357,75.4652028516785,0.9727468927937305,67.53527039910436,69.0,100.0,54.82683450757265
6279,胡連,電子零組件業,152.0,2024-04-26,2023Q4,0.0,0.0,-7.88,0.0,18.05666666666667,90.28333333333333,16.662126468681297,58.31063234340649,1.5551892542614638,100.0,52.0,80.0,54.80326151817765
2114,鑫永銓,橡膠工業,107.5,2024-04-26,2023Q4,17.86,68.4102329830973,19.68,39.36,-2.6366666666666663,0.0,33.71414672215106,100.0,0.9588286070526552,65.54694386466502,81.1800226145988,100.0,54.790412071242734
3548,兆利,電子零組件業,214.5,2024-04-26,2023Q4,0.0,0.0,10.28,20.56,87.56666666666666,100.0,7.180223784869906,10.901118924349529,1.8181057319747869,100.0,52.0,80.0,54.77516783865243
5488,松普,電子零組件業,12.3,2024-04-26,2023Q4,0.0,0.0,105.0,100.0,-29.636666666666667,0.0,-2.9662404495205195,0.0,7.705453492656735,100.0,59.0,97.5,54.75
2945,三商家購,貿易百貨業,44.25,2024-04-26,2023Q4,29.5,45.53824362606234,82.93,100.0,2.2733333333333334,11.366666666666667,0.8636002186026775,0.0,10.40139006980009,100.0,31.3808467001061,28.452116750265255,54.672369370966095
5519,隆大,建材營造業,44.1,2024-04-26,2023Q4,11.95,90.75359444719882,-10.65,0.0,647.9866666666667,100.0,22.091749280907354,85.45874640453677,0.7641442562598424,37.734893751406055,40.7671466211477,51.91786655286925,54.63293681096853
1435,中福,其他業,48.0,2024-04-26,2023Q4,0.0,0.0,81.82,100.0,19.533333333333335,97.66666666666669,-619.0941176470587,0.0,0.0,0.0,87.9798690744832,100.0,54.53333333333334
4542,科嶠,電子零組件業,65.5,2024-04-26,2023Q4,0.0,0.0,4100.0,100.0,-19.023333333333333,0.0,8.570214930873782,17.851074654368908,1.7835279791885759,100.0,47.0,67.5,54.427661198155334
5548,安倉,建材營造業,40.0,2024-04-26,2023Q4,0.0,0.0,20.3,40.6,89.37333333333333,100.0,4.49436309235178,0.0,2.78296774804193,100.0,37.0,42.5,54.4
2634,漢翔,航運業,57.7,2024-04-26,2023Q4,24.45,21.51865475564898,36.42,72.84,7.68,38.4,7.137247716764823,10.686238583824114,1.7397222425635666,100.0,38.983889251752,47.459723129379995,54.39077357607651
1783,和康生,生技醫療業,42.25,2024-04-26,2023Q4,22.72,56.07689127738736,18.47,36.94,-8.723333333333333,0.0,24.087186452665506,95.43593226332753,1.0323950116988687,76.05643024269554,91.1664945284149,100.0,54.36936501577698
1742,台蠟,化學工業,18.1,2024-04-26,2023Q4,0.0,0.0,130.6,100.0,-38.07,0.0,12.443080502345657,37.215402511728286,9.28254399248081,100.0,35.0,37.5,54.332310376759246
4930,燦星網,電器電纜,34.7,2024-04-26,2023Q4,9.61,98.74666666666667,12.81,25.619999999999997,15.170000000000002,75.85000000000001,6.288842454310151,6.444212271550756,3.4474314760183375,100.0,27.6551224187852,19.137806046963,54.33007911209558
4722,國精化,化學工業,40.25,2024-04-26,2023Q4,24.1,41.14724480578138,-46.98,0.0,34.443333333333335,100.0,4.802053263393784,0.0,1.2578101612922539,100.0,62.160360569325,100.0,54.11472448057814
8476,台境*,綠能環保,57.3,2024-04-26,2023Q4,12.88,90.25974025974025,-33.48,0.0,36.913333333333334,100.0,27.89172897647355,100.0,-0.4945219796432186,0.0,67.1934203616919,100.0,54.02597402597402
4107,邦特,生技醫療業,123.5,2024-04-26,2023Q4,0.0,0.0,-8.29,0.0,8.99,44.95,29.833686515304926,100.0,1.5012153353220639,100.0,69.0,100.0,53.99
6754,匯僑設計,居家生活,62.7,2024-04-26,2023Q4,14.75,51.238701037830594,-18.74,0.0,48.64333333333334,100.0,8.345167554519799,16.725837772598993,2.0167656728019567,100.0,45.423751287705,63.559378219262506,53.988683591599155
6642,富致,電子零組件業,63.2,2024-04-26,2023Q4,0.0,0.0,-57.41,0.0,13.526666666666666,67.63333333333333,18.94825460064504,69.7412730032252,1.3592501989448553,100.0,75.0,100.0,53.987857617150446
8473,山林水,綠能環保,46.0,2024-04-26,2023Q4,184.0,0.0,114.29,100.0,-19.686666666666667,0.0,11.059442956844876,30.29721478422438,14.255767150511938,100.0,37.4876837557087,43.719209389271754,53.916503156560836
6184,大豐電,其他業,54.1,2024-04-26,2023Q4,15.37,64.51612903225808,1.15,2.3,2.0100000000000002,10.05,30.354058492332786,100.0,1.1920919878745349,98.87028398207642,66.0880528882602,100.0,53.810669699641096
2645,長榮航太,航運業,109.5,2024-04-26,2023Q4,22.39,32.34366789280085,10.49,20.98,12.37,61.849999999999994,12.9770816784264,39.885408392132,1.1257441223066482,89.39201747237833,56.3207639954921,90.80190998873026,53.79077254144858
6138,茂達,半導體業,198.0,2024-04-26,2023Q4,0.0,0.0,-47.37,0.0,39.083333333333336,100.0,12.379339949226864,36.89669974613432,1.8640081599411107,100.0,53.0,82.5,53.78450496192015
4102,永日,生技醫療業,38.8,2024-04-26,2023Q4,0.0,0.0,-10.3,0.0,21.296666666666663,100.0,10.01173200942853,25.058660047142645,1.548011390906473,100.0,64.0,100.0,53.758799007071396
6294,智基,文化創意業,117.0,2024-04-26,2023Q4,0.0,0.0,-5.12,0.0,12.61,63.05,28.348336182151744,100.0,1.142662914870365,91.8089878386236,51.0,77.5,53.72179756772472
1313,聯成,塑膠工業,13.6,2024-04-26,2023Q4,0.0,0.0,77.66,100.0,21.863333333333333,100.0,-0.26983834618607677,0.0,0.0,0.0,53.9908901123781,84.97722528094526,53.49772252809453
1264,德麥,食品工業,300.0,2024-04-26,2023Q4,0.0,0.0,6.73,13.459999999999999,16.196666666666665,80.98333333333333,17.014426817928243,60.07213408964122,1.016269185919178,73.75274084559685,66.0,100.0,53.32303494923222
6263,普萊德,通信網路業,149.0,2024-04-26,2023Q4,0.0,0.0,15.83,31.66,8.143333333333333,40.71666666666666,31.783553815287384,100.0,0.9263128437673054,60.90183482390077,75.0,100.0,53.238700298113486
2247,汎德永業,汽車工業,319.5,2024-04-26,2023Q4,14.41,58.99905273129144,21.28,42.56,7.160000000000001,35.800000000000004,4.312710689700845,0.0,1.5723408999837367,100.0,57.5618984360072,93.904746090018,53.09037988213094
2379,瑞昱,半導體業,520.0,2024-04-26,2023Q4,29.13,53.23866467364225,-43.55,0.0,33.22,100.0,6.992059910184651,9.960299550923253,1.9552858959012636,100.0,45.0123524667146,62.530881166786514,53.07099951668137
6024,群益期,金融保險業,54.5,2024-04-26,2023Q4,11.35,70.4625087596356,29.03,58.06,11.466666666666667,57.333333333333336,3.205585620191384,0.0,1.41154785803943,100.0,14.5387828920387,0.0,53.02791754263023
3376,新日興,電子零組件業,154.0,2024-04-26,2023Q4,35.81,0.0,-50.46,0.0,53.52333333333333,100.0,9.02768017511763,20.138400875588154,2.613327404867947,100.0,72.1659656975841,100.0,53.02076013133822
5347,世界,半導體業,83.0,2024-04-26,2023Q4,0.0,0.0,-51.72,0.0,20.13,100.0,15.087008789846095,50.435043949230476,1.1711563547394503,95.87947924849291,45.0,62.5,52.991152442083155
6274,台燿,電子零組件業,179.5,2024-04-26,2023Q4,0.0,0.0,-34.97,0.0,21.95,100.0,8.900632443468183,19.503162217340915,1.3596568035121168,100.0,60.0,100.0,52.92547433260114
9926,新海,油電燃氣業,54.5,2024-04-26,2023Q4,20.88,69.70774850990196,3.57,7.139999999999999,5.276666666666666,26.38333333333333,21.04555808158568,80.2277904079284,2.1668059887843913,100.0,47.0108623306891,67.52715582672275,52.8193256615184
4967,十銓,半導體業,87.5,2024-04-26,2023Q4,25.89,64.00099651220727,33700.0,100.0,91.38,100.0,1.8650178229555032,0.0,-1.807960581315814,0.0,25.596131373997,13.990328434992499,52.79913249471998
3583,辛耘,半導體業,335.0,2024-04-26,2023Q4,41.36,12.61418369041687,14.41,28.82,39.943333333333335,100.0,10.383738034002118,26.91869017001059,1.5440841332181048,100.0,21.0816744435972,2.704186108993003,52.77464050544257
6451,訊芯-KY,半導體業,164.0,2024-04-26,2023Q4,40.1,16.79953496096993,113.54,100.0,0.0,0.0,5.447983604689133,2.239918023445666,4.294094888039851,100.0,42.9385284945656,57.34632123641401,52.750573323255246
6442,光聖,通信網路業,127.0,2024-04-26,2023Q4,50.2,0.0,-47.84,0.0,30.493333333333336,100.0,8.63201248574436,18.160062428721798,3.392372145058973,100.0,61.2556182133014,100.0,52.72400936430827
2327,國巨*,電子零組件業,615.0,2024-04-26,2023Q4,14.76,78.14021421616359,-5.47,0.0,9.216666666666667,46.08333333333333,19.024340044250433,70.12170022125217,1.7784468991254487,100.0,40.6309468475799,51.577367118949745,52.70667983336583
2420,新巨,電子零組件業,53.4,2024-04-26,2023Q4,15.04,76.77702044790652,-19.86,0.0,-0.36666666666666686,0.0,25.170621781369928,100.0,1.566056443348935,100.0,68.1128695476973,100.0,52.67770204479065
6894,衛司特,綠能環保,223.0,2024-04-26,2023Q4,0.0,0.0,-15.67,0.0,26.81,100.0,27.91498664576738,100.0,0.7671486905529459,38.16409865042084,80.0,100.0,52.632819730084165
6216,居易,通信網路業,35.25,2024-04-26,2023Q4,26.7,34.11458333333333,-31.63,0.0,107.53333333333335,100.0,10.644601662614393,28.22300831307197,1.023583371283586,74.79762446908373,90.8035587891997,100.0,52.60443447411088
9958,世紀鋼,鋼鐵工業,212.5,2024-04-26,2023Q4,47.86,0.0,180.5,100.0,26.123333333333335,100.0,13.475669414377556,42.37834707188778,-0.3599941525887693,0.0,24.9836411460846,12.459102865211502,52.60266234730432
2106,建大,橡膠工業,32.85,2024-04-26,2023Q4,35.71,0.0,162.86,100.0,1.4033333333333335,7.016666666666668,3.7596974260238656,0.0,6.379098551389245,100.0,44.7635717575175,61.90892939379374,52.59422627271271
8091,翔名,半導體業,126.5,2024-04-26,2023Q4,0.0,0.0,-39.17,0.0,12.85,64.25,17.943465974235444,64.71732987117721,1.3805430658985527,100.0,73.0,100.0,52.557599480676586
6799,來頡,半導體業,146.0,2024-04-26,2023Q4,27.6,58.32087693074238,-28.5,0.0,1.6866666666666668,8.433333333333334,25.759072292785586,100.0,1.2646469177392483,100.0,86.8959325596897,100.0,52.5187543597409
2755,揚秦,觀光餐旅,93.8,2024-04-26,2023Q4,0.0,0.0,14.88,29.76,16.33,81.64999999999999,7.263425592690319,11.317127963451593,1.7626485286790572,100.0,48.0,70.0,52.467569194517736
6532,瑞耘,半導體業,64.3,2024-04-26,2023Q4,0.0,0.0,-28.2,0.0,8.94,44.699999999999996,22.96061099156413,89.80305495782066,1.2837062707256595,100.0,86.0,100.0,52.4104582436731
3483,力致,電腦及週邊設備業,154.0,2024-04-26,2023Q4,0.0,0.0,25.47,50.94,11.863333333333335,59.31666666666667,6.3656059620807355,6.8280298104036765,1.3127046424374211,100.0,47.0,67.5,52.37253780489389
4994,傳奇,資訊服務業,118.0,2024-04-26,2023Q4,50.21,0.0,252.08,100.0,14.753333333333332,73.76666666666665,8.491059336100351,17.455296680501757,0.19889031976986307,0.0,70.6164732556071,100.0,52.371627835408596
2014,中鴻,鋼鐵工業,23.2,2024-04-26,2023Q4,210.91,0.0,115.94,100.0,-2.143333333333333,0.0,-0.07720537923104331,0.0,11.056798990463395,100.0,49.2805976068254,73.20149401706351,52.32014940170635
1760,寶齡富錦,生技醫療業,96.5,2024-04-26,2023Q4,107.22,0.0,-57.75,0.0,27.466666666666665,100.0,8.333656592494187,16.668282962470933,2.297595151452363,100.0,59.0718108198583,97.67952704964576,52.26819514933522
6835,圓裕,電子零組件業,50.6,2024-04-26,2023Q4,14.17,81.0126582278481,-11.85,0.0,9.956666666666669,49.783333333333346,11.736732331193037,33.68366165596519,1.4596793318991073,100.0,56.6058723733628,91.51468093340699,52.26194983118695
4198,欣大健康,生技醫療業,48.5,2024-04-26,2023Q4,0.0,0.0,219.1,100.0,20.793333333333337,100.0,-33.77521236728181,0.0,-0.6572595044832013,0.0,49.0,72.5,52.25
3705,永信,生技醫療業,48.6,2024-04-26,2023Q4,15.63,85.38652335675899,-1.27,0.0,7.536666666666666,37.68333333333333,13.227395180121848,41.136975900609244,1.426821337742837,100.0,63.7803786757865,100.0,52.24586538743395
6716,應廣,半導體業,104.5,2024-04-26,2023Q4,0.0,0.0,-70.54,0.0,97.55666666666667,100.0,7.925578739051874,14.62789369525937,2.849892154219466,100.0,63.0,100.0,52.194184054288904
4532,瑞智,電機機械,28.4,2024-04-26,2023Q4,18.93,86.43384822028207,8.7,17.4,27.813333333333333,100.0,5.523243451319849,2.6162172565992448,0.9899490260622233,69.99271800888906,39.208960389362,48.02240097340499,52.18660110963641
6292,迅德,電子零組件業,71.1,2024-04-26,2023Q4,0.0,0.0,40.1,80.2,-29.52333333333333,0.0,12.151318809364076,35.756594046820375,1.181671575904064,97.38165370058056,49.0,72.5,52.139819847139165
6561,是方,通信網路業,361.5,2024-04-26,2023Q4,0.0,0.0,9.94,19.88,6.326666666666667,31.633333333333336,35.465436497632524,100.0,1.1314270143044494,90.20385918634992,51.0,77.5,52.08743850393665
1101,台泥,水泥工業,31.8,2024-04-26,2023Q4,30.87,0.0,43.24,86.48,-6.386666666666666,0.0,9.175521215950315,20.877606079751576,4.220046877809361,100.0,49.1935031271251,72.98375781781274,52.05001669374401
1773,勝一,化學工業,178.5,2024-04-26,2023Q4,27.67,25.022583559168933,-13.56,0.0,9.266666666666667,46.333333333333336,18.681282991522302,68.4064149576115,1.3364308652541939,100.0,60.0754299970165,100.0,52.02988726622529
8084,巨虹,電子通路業,78.3,2024-04-26,2023Q4,0.0,0.0,90.36,100.0,-46.48,0.0,2.281142383677274,0.0,2.7382659445241075,100.0,48.0,70.0,52.0
5288,豐祥-KY,電機機械,190.0,2024-04-26,2023Q4,12.23,100.0,9.17,18.34,0.0,0.0,14.861241278946165,49.30620639473083,1.9876651385251418,100.0,74.243012040257,100.0,51.98093095920962
6276,安鈦克,電腦及週邊設備業,55.6,2024-04-26,2023Q4,0.0,0.0,150.67,100.0,-2.8800000000000003,0.0,5.157840554589629,0.7892027729481433,1.11637732097845,88.05390299692142,57.0,92.5,51.979161015326504
1612,宏泰,電器電纜,37.3,2024-04-26,2023Q4,18.74,50.05333333333334,77.68,100.0,5.986666666666667,29.933333333333334,9.783221213796555,23.916106068982774,0.5824983650692876,11.785480724183952,88.869761336243,100.0,51.93651205518421
5234,達興材料,光電業,151.5,2024-04-26,2023Q4,29.71,34.956437560503375,22.89,45.78,-1.1766666666666665,0.0,14.323889964660946,46.619449823304734,1.3857026028271495,100.0,67.5269023823685,100.0,51.933561229546044
4510,高鋒,電機機械,17.85,2024-04-26,2023Q4,0.0,0.0,110.87,100.0,-1.5099999999999998,0.0,6.884943205072427,9.424716025362137,2.8509409014257243,100.0,42.0,55.00000000000001,51.913707403804324
4584,君帆,電機機械,68.2,2024-04-26,2023Q4,0.0,0.0,-9.14,0.0,33.52,100.0,12.476258989962073,37.38129494981036,1.155726180276368,93.67516861090974,50.0,75.0,51.8422279646535
5904,寶雅,居家生活,486.5,2024-04-26,2023Q4,0.0,0.0,21.68,43.36,12.65,63.25000000000001,14.463218953837625,47.316094769188126,1.9023973307906257,100.0,25.0,12.5,51.83741421537822
6526,達發,半導體業,652.0,2024-04-26,2023Q4,111.64,0.0,-67.49,0.0,28.103333333333335,100.0,7.44435533824348,12.2217766912174,3.975981908799137,100.0,82.0958558167381,100.0,51.83326650368261
2062,橋椿,居家生活,29.3,2024-04-26,2023Q4,18.66,25.05858721124874,-57.34,0.0,50.190000000000005,100.0,4.481827477097265,0.0,4.061286797176315,100.0,57.2124958752263,93.03123968806575,51.80898268993145
4747,強生,生技醫療業,74.2,2024-04-26,2023Q4,0.0,0.0,3.7,7.400000000000001,11.476666666666667,57.38333333333333,16.28946895638945,56.44734478194724,1.71831869510665,100.0,84.0,100.0,51.79376838395875
2885,元大金,金融保險業,30.0,2024-04-26,2023Q4,14.35,49.43938332165383,23.67,47.34,31.08666666666667,100.0,34.647457985040106,100.0,-1.3350371400529348,0.0,8.70071343094724,0.0,51.77893833216538
8222,寶一,電機機械,45.0,2024-04-26,2023Q4,51.14,0.0,214.29,100.0,17.776666666666667,88.88333333333334,5.408938758260447,2.0446937913022367,-1.6243690825718338,0.0,54.7577985318005,86.89449632950127,51.77282036831214
2520,冠德,建材營造業,54.6,2024-04-26,2023Q4,12.35,88.77045116509669,2.55,5.1,17.98,89.9,20.224944311434008,76.12472155717003,0.7971532448099241,42.450463544274875,34.6772130509456,36.693032627364005,51.71014932167655
3010,華立,電子通路業,124.0,2024-04-26,2023Q4,13.85,73.35362479247371,-14.91,0.0,20.063333333333333,100.0,3.7458291786714497,0.0,1.4991926544565806,100.0,37.015808534775,42.53952133693749,51.58931461294112
8147,正淩,電子零組件業,98.5,2024-04-26,2023Q4,0.0,0.0,-32.89,0.0,30.436666666666667,100.0,7.406633188290339,12.033165941451696,1.589057873645909,100.0,59.0,97.5,51.55497489121775
5287,數字,數位雲端,200.0,2024-04-26,2023Q4,0.0,0.0,6.79,13.58,6.260000000000001,31.300000000000004,38.82965288679575,100.0,1.1166691756509408,88.09559652156298,57.0,92.5,51.5241193043126
1452,宏益,紡織纖維,17.0,2024-04-26,2023Q4,43.59,15.171667182183723,-59.79,0.0,30.22666666666667,100.0,-5.213109696355684,0.0,7.047237452551666,100.0,94.3385627013463,100.0,51.51716671821837
2323,中環,光電業,13.75,2024-04-26,2023Q4,8.54,100.0,269.47,100.0,6.506666666666667,32.53333333333334,-4.682138012501139,0.0,0.3950091359003747,0.0,72.4860410685785,100.0,51.50666666666667
3555,博士旺,半導體業,34.35,2024-04-26,2023Q4,0.0,0.0,83.37,100.0,454.17333333333335,100.0,-32.38909102027089,0.0,0.0,0.0,46.0,65.0,51.5
2748,雲品,觀光餐旅,72.7,2024-04-26,2023Q4,27.13,30.510900682669018,25.45,50.9,22.61,100.0,13.661496268397402,43.30748134198701,0.3696340033619143,0.0,56.8620918384243,92.15522959606075,51.48773522917103
6158,禾昌,電子零組件業,28.75,2024-04-26,2023Q4,0.0,0.0,19.17,38.34,14.26,71.3,1.8931153693010443,0.0,3.4796643079609577,100.0,50.0,75.0,51.345
8411,福貞-KY,其他業,13.55,2024-04-26,2023Q4,90.33,0.0,108.88,100.0,0.0,0.0,2.3050437002534028,0.0,4.150363173285539,100.0,45.2396761907684,63.099190476920995,51.3099190476921
1615,大山,電器電纜,60.2,2024-04-26,2023Q4,18.75,50.0,21.59,43.18,31.11,100.0,12.316000698946565,36.58000349473283,0.48295224036950624,0.0,65.5960621470194,100.0,51.28200052420993
8401,白紗科,其他業,25.2,2024-04-26,2023Q4,0.0,0.0,-18.47,0.0,17.953333333333333,89.76666666666667,9.404607922392886,22.02303961196443,2.1494265549183944,100.0,72.0,100.0,51.256789275128
8464,億豐,居家生活,376.5,2024-04-26,2023Q4,20.1,15.416806160026763,-11.11,0.0,4.666666666666667,23.333333333333332,25.898390135973575,100.0,1.2540622650428175,100.0,73.5139953662327,100.0,51.20834728266935
3512,皇龍,建材營造業,41.1,2024-04-26,2023Q4,0.0,0.0,40.46,80.92,-48.95333333333334,0.0,12.932363479918473,39.66181739959237,2.6149064664068873,100.0,40.0,50.0,51.17927260993886
1108,幸福,水泥工業,16.8,2024-04-26,2023Q4,12.92,57.2505384063173,-9.72,0.0,12.416666666666666,62.083333333333336,12.01946791035387,35.097339551769345,1.2240149182663396,100.0,50.8608083573382,77.1520208933455,51.12152352939836
2834,臺企銀,金融保險業,16.45,2024-04-26,2023Q4,12.75,60.65171688857743,4.88,9.76,7.536666666666668,37.683333333333344,38.94210871722677,100.0,2.175197950353318,100.0,5.43585370242097,0.0,51.04183835552441
4192,杏國,生技醫療業,52.5,2024-04-26,2023Q4,0.0,0.0,80.62,100.0,16.040000000000003,80.20000000000002,-225.3020400079224,0.0,0.0,0.0,94.0,100.0,51.040000000000006
6806,森崴能源,綠能環保,138.0,2024-04-26,2023Q4,46.94,0.0,157.89,100.0,69.07333333333334,100.0,7.016954052159449,10.084770260797246,-8.718404739269467,0.0,38.0963596445568,45.240899111392,51.03680545025879
1503,士電,電機機械,305.5,2024-04-26,2023Q4,67.74,0.0,16.84,33.68,10.473333333333334,52.366666666666674,7.746976962125054,13.734884810625273,1.8933418616010347,100.0,60.338788393431,100.0,50.95356605492713
4420,光明,紡織纖維,49.6,2024-04-26,2023Q4,0.0,0.0,36863.64,100.0,0.936666666666667,4.683333333333335,253.66225743287086,100.0,-0.001490758398122341,0.0,62.0,100.0,50.93666666666667
3303,岱稜,其他電子業,34.0,2024-04-26,2023Q4,0.0,0.0,-24.05,0.0,17.596666666666668,87.98333333333333,9.293896498236144,21.46948249118072,2.1158209585811885,100.0,63.0,100.0,50.817089040343774
2357,華碩,電腦及週邊設備業,419.0,2024-04-26,2023Q4,19.54,68.6511240632806,8.39,16.78,12.196666666666665,60.98333333333332,2.314679248378862,0.0,3.270101868481367,100.0,49.9530661233148,74.882665308287,50.74504560382343
6534,正瀚-創,,83.0,2024-04-26,2023Q4,18.4,27.333333333333343,-0.63,0.0,2.986666666666667,14.933333333333335,37.3547113238524,100.0,1.4227645259674804,100.0,69.060097939006,100.0,50.72
6464,台數科,其他業,85.6,2024-04-26,2023Q4,14.81,67.63070077864293,-13.21,0.0,3.4099999999999997,17.049999999999997,32.30337112279696,100.0,1.871233010353336,100.0,42.1344359812694,55.3360899531735,50.70667907318164
8342,益張,其他業,71.8,2024-04-26,2023Q4,0.0,0.0,-27.87,0.0,27.349999999999998,100.0,11.403796097186904,32.01898048593452,1.1253835787182618,89.34051124546598,52.0,80.0,50.67094932198338
2428,興勤,電子零組件業,156.5,2024-04-26,2023Q4,15.33,75.365141187926,-4.76,0.0,-8.936666666666666,0.0,22.50126322286303,87.50631611431515,1.6276327550862018,100.0,68.2043416075029,100.0,50.662461535939876
1457,宜進,紡織纖維,23.55,2024-04-26,2023Q4,9.24,100.0,-43.96,0.0,23.28333333333333,100.0,45.40242352967566,100.0,0.6361175765270137,19.44536807528768,26.8610205551628,17.152551387906996,50.60432875384824
3430,奇鈦科,化學工業,50.9,2024-04-26,2023Q4,0.0,0.0,-43.6,0.0,16.433333333333334,82.16666666666667,10.5114952771342,27.557476385671,1.2479977378388043,100.0,71.0,100.0,50.56695479118399
2421,建準,電子零組件業,113.0,2024-04-26,2023Q4,23.06,37.73125608568646,18.89,37.78,2.873333333333333,14.366666666666667,11.849882517459775,34.24941258729888,1.63039700614873,100.0,57.2245892520419,93.06147313010476,50.53501814300729
8227,巨有科技,半導體業,236.5,2024-04-26,2023Q4,0.0,0.0,95.0,100.0,-15.413333333333334,0.0,17.529058952492765,62.64529476246382,0.712395073448586,30.342153349798,74.0,100.0,50.465224884329174
5284,jpp-KY,其他業,159.0,2024-04-26,2023Q4,19.09,43.826473859844285,52.84,100.0,0.0,0.0,21.662777365556813,83.31388682778407,0.5206772141281569,2.9538877325938473,51.7975912753187,79.49397818829675,50.41990577550048
6491,晶碩,生技醫療業,514.0,2024-04-26,2023Q4,24.21,49.91732120711039,3.63,7.26,18.583333333333332,92.91666666666666,29.177489789555338,100.0,0.4828039340492372,0.0,71.4899185011861,100.0,50.390065454044375
6767,台微醫,生技醫療業,38.75,2024-04-26,2023Q4,0.0,0.0,108.62,100.0,15.37,76.85,-6.513460136335643,0.0,-10.401749663526244,0.0,75.0,100.0,50.37
1776,展宇,化學工業,17.4,2024-04-26,2023Q4,40.47,0.0,44.44,88.88,-12.579999999999998,0.0,1.0261024760190802,0.0,4.243293104773619,100.0,52.4099912041291,81.02497801032274,50.32249780103227
6664,群翊,電子零組件業,181.5,2024-04-26,2023Q4,0.0,0.0,10.58,21.16,4.526666666666666,22.633333333333333,28.778917883221432,100.0,2.322979146813162,100.0,42.0,55.00000000000001,50.31666666666666
6187,萬潤,半導體業,225.5,2024-04-26,2023Q4,0.0,0.0,-72.36,0.0,215.9433333333333,100.0,7.087216494332169,10.436082471660843,1.5167869265341276,100.0,55.0,87.5,50.31541237074913
3669,圓展,通信網路業,47.9,2024-04-26,2023Q4,17.81,72.69965277777779,-24.86,0.0,13.003333333333336,65.01666666666668,4.263810791710869,0.0,2.0859356872534667,100.0,74.9389782552522,100.0,50.273298611111116
5878,台名,金融保險業,48.15,2024-04-26,2023Q4,0.0,0.0,-16.67,0.0,24.223333333333333,100.0,6.852808057627335,9.264040288136677,1.160053006099332,94.29328658561886,69.0,100.0,50.248263360344275
6291,沛亨,半導體業,149.0,2024-04-26,2023Q4,0.0,0.0,122.89,100.0,-7.32,0.0,24.785370463378424,98.92685231689212,0.5130035696073432,1.8576528010490243,69.0,100.0,50.21055840774362
4554,橙的,其他電子業,28.0,2024-04-26,2023Q4,0.0,0.0,-7.02,0.0,47.06666666666666,100.0,5.258697518275313,1.2934875913765653,2.129360288457643,100.0,71.0,100.0,50.194023138706484
6690,安硌穈T,數位雲端,166.5,2024-04-26,2023Q4,0.0,0.0,9.34,18.68,12.013333333333334,60.06666666666667,12.631589790074372,38.15794895037186,4.509121818382156,100.0,51.0,77.5,50.157025675889116
2845,遠東銀,金融保險業,14.8,2024-04-26,2023Q4,14.37,49.299229152067284,3.0,6.0,8.676666666666668,43.38333333333334,36.79218051107285,100.0,4.2107563373084576,100.0,7.42895625126627,0.0,50.1065895818734
8182,加高,電子零組件業,33.45,2024-04-26,2023Q4,0.0,0.0,-53.6,0.0,25.886666666666667,100.0,5.748588931375057,3.742944656875284,6.980064923586225,100.0,58.0,95.0,50.06144169853129
6662,樂斯科,生技醫療業,35.65,2024-04-26,2023Q4,0.0,0.0,17.58,35.16,17.99,89.95,19.175137785534314,70.87568892767158,0.5922240315220232,13.174861646003313,80.0,100.0,50.0463256683514
6108,競國,電子零組件業,20.55,2024-04-26,2023Q4,60.44,0.0,54.55,100.0,-2.3266666666666667,0.0,-1.1770533906954876,0.0,1.7842082972729114,100.0,40.0398338771798,50.099584692949506,50.00995846929495
3434,哲固,光電業,29.0,2024-04-26,2023Q4,0.0,0.0,-63.09,0.0,53.95666666666667,100.0,2.5503020031602017,0.0,2.4039068268778947,100.0,64.0,100.0,50.0
5864,致和證,金融保險業,21.45,2024-04-26,2023Q4,0.0,0.0,487.8,100.0,-13.12,0.0,72.92415753825571,100.0,-0.9859882165855953,0.0,74.0,100.0,50.0
6789,采鈺,半導體業,268.0,2024-04-26,2023Q4,239.29,0.0,-80.52,0.0,33.38333333333333,100.0,3.8432882018447607,0.0,7.4700713322848795,100.0,66.0529915139578,100.0,50.0
6419,京晨科,光電業,56.4,2024-04-26,2023Q4,0.0,0.0,-72.84,0.0,302.99333333333334,100.0,3.1359862963359477,0.0,3.1653972828324415,100.0,65.0,100.0,50.0
2305,全友,電腦及週邊設備業,22.0,2024-04-26,2023Q4,733.33,0.0,-50.0,0.0,79.83333333333333,100.0,-17.547451237786657,0.0,18.657697397441552,100.0,75.9122963596138,100.0,50.0
4972,湯石照明,光電業,27.9,2024-04-26,2023Q4,0.0,0.0,-14.07,0.0,56.163333333333334,100.0,-0.2490353268065222,0.0,2.698092443140132,100.0,73.0,100.0,50.0
3588,通嘉,半導體業,87.1,2024-04-26,2023Q4,177.76,0.0,-81.2,0.0,44.876666666666665,100.0,-0.4997398374553475,0.0,11.01365022172949,100.0,87.480465515745,100.0,50.0
4413,飛寶企業,紡織纖維,18.1,2024-04-26,2023Q4,0.0,0.0,-66.28,0.0,106.90000000000002,100.0,1.5982606638139052,0.0,3.7696886194543953,100.0,72.0,100.0,50.0
5340,建榮,電子零組件業,54.2,2024-04-26,2023Q4,0.0,0.0,-69.77,0.0,63.18333333333334,100.0,2.6245245088451297,0.0,2.6083172922682065,100.0,85.0,100.0,50.0
4706,大恭,化學工業,26.85,2024-04-26,2023Q4,0.0,0.0,-89.06,0.0,35.36333333333334,100.0,-0.7915498637389511,0.0,27.481143878462913,100.0,91.0,100.0,50.0
6020,大展證,金融保險業,18.95,2024-04-26,2023Q4,0.0,0.0,220.56,100.0,-3.3933333333333358,0.0,54.65313951520394,100.0,0.06077002355712603,0.0,60.0,100.0,50.0
3310,佳穎,電子零組件業,106.5,2024-04-26,2023Q4,0.0,0.0,51.19,100.0,-8.606666666666667,0.0,9.307570692381033,21.53785346190516,1.3000552481264647,100.0,27.0,17.5,49.980678019285776
1906,寶隆,造紙工業,15.6,2024-04-26,2023Q4,78.0,0.0,-92.93,0.0,19.906666666666666,99.53333333333333,0.11698478785009202,0.0,1.9202272576250914,100.0,64.0528351616746,100.0,49.906666666666666
2506,太設,建材營造業,13.0,2024-04-26,2023Q4,108.33,0.0,-92.45,0.0,127.18666666666667,100.0,7.6622390151385185,13.311195075692591,8.20546307366872,100.0,51.55902141922,78.89755354805,49.886434616158894
6552,易華電,半導體業,43.0,2024-04-26,2023Q4,477.78,0.0,-89.77,0.0,41.623333333333335,100.0,-5.758360696780903,0.0,48.530159154741206,100.0,59.4950145300781,98.73753632519525,49.873753632519524
9906,欣巴巴,建材營造業,87.9,2024-04-26,2023Q4,14.09,80.14377788795241,22.83,45.66,-88.20333333333333,0.0,18.908183260616187,69.54091630308093,3.431949581608047,100.0,15.9824548660283,0.0,49.860515234257385
6655,科定,其他業,120.0,2024-04-26,2023Q4,37.97,0.0,-36.69,0.0,26.323333333333334,100.0,13.881699254762317,44.408496273811586,2.553993499702338,100.0,32.6943878934344,31.735969733586007,49.83487141443034
3090,日電貿,電子零組件業,59.5,2024-04-26,2023Q4,17.92,62.755598831548184,-57.73,0.0,11.13,55.65,8.194555613333659,15.972778066668294,1.357006736457003,100.0,66.4385491650162,100.0,49.801476593155066
2890,永豐金,金融保險業,21.3,2024-04-26,2023Q4,13.31,56.72740014015416,18.25,36.5,30.28333333333333,100.0,42.80233922138605,100.0,-7.591445726379615,0.0,6.7958132464806,0.0,49.79774001401542
3131,弘塑,其他電子業,1175.0,2024-04-26,2023Q4,0.0,0.0,-14.85,0.0,11.799999999999999,59.0,19.60957044509669,73.04785222548344,1.2403137878443715,100.0,48.0,70.0,49.75717783382252
3632,研勤,通信網路業,13.5,2024-04-26,2023Q4,0.0,0.0,57.14,100.0,-0.23666666666666694,0.0,1.722875763830285,0.0,6.389516493447808,100.0,39.0,47.5,49.75
4568,科際精密,電機機械,54.0,2024-04-26,2023Q4,0.0,0.0,-77.73,0.0,19.726666666666667,98.63333333333333,4.8003382180662895,0.0,4.520193958377255,100.0,69.0,100.0,49.72666666666667
5258,虹堡,電腦及週邊設備業,126.5,2024-04-26,2023Q4,14.64,89.05079100749376,11.18,22.36,-0.32,0.0,14.373344165683244,46.86672082841622,1.2739071106618223,100.0,52.7928656422037,81.98216410550924,49.723303635562736
6207,雷科,電子零組件業,65.2,2024-04-26,2023Q4,0.0,0.0,1.1,2.2,30.016666666666666,100.0,8.870231003824026,19.35115501912013,1.8332469374948845,100.0,45.0,62.5,49.70267325286802
4536,拓凱,運動休閒,195.0,2024-04-26,2023Q4,12.52,100.0,-37.4,0.0,-31.823333333333334,0.0,18.379456770682758,66.8972838534138,2.484783912696052,100.0,58.5217541813278,96.3043854533195,49.665031123344015
3501,維熹,電子零組件業,59.5,2024-04-26,2023Q4,13.87,82.47322297955209,-33.18,0.0,6.506666666666667,32.53333333333334,11.49680246119848,32.484012305992394,2.951090715275137,100.0,79.2572578579283,100.0,49.62659081052074
3019,亞光,光電業,63.2,2024-04-26,2023Q4,22.73,61.984511132623425,-15.5,0.0,13.343333333333334,66.71666666666667,5.124162431902024,0.6208121595101179,2.8828593676596457,100.0,59.9581724935082,99.89543123377051,49.62444939389925
3086,華義,文化創意業,113.0,2024-04-26,2023Q4,0.0,0.0,-9.03,0.0,46.26333333333333,100.0,18.24674039087027,66.23370195435135,0.8385804235832857,48.36863194046938,92.0,100.0,49.608781681246576
4908,前鼎,通信網路業,98.1,2024-04-26,2023Q4,0.0,0.0,-21.26,0.0,34.12,100.0,22.021351179094964,85.10675589547482,0.7371728717189813,33.88183881699733,89.0,100.0,49.54238114772069
6504,南六,其他業,70.4,2024-04-26,2023Q4,42.67,0.0,106.25,100.0,1.1033333333333333,5.516666666666667,2.9812883554726946,0.0,4.081966529291042,100.0,33.7230418818642,34.30760470466049,49.53409380379938
5225,東科-KY,其他電子業,112.0,2024-04-26,2023Q4,14.95,59.06326034063262,33.0,66.0,0.0,0.0,5.373806919210716,1.869034596053578,2.202600738782322,100.0,47.3755034784269,68.43875869606725,49.53055709307802
8011,台通,通信網路業,21.95,2024-04-26,2023Q4,274.38,0.0,105.56,100.0,82.52333333333333,100.0,2.6307009945279103,0.0,-28.241236679753225,0.0,38.1118976503678,45.2797441259195,49.52797441259195
6104,創惟,半導體業,93.8,2024-04-26,2023Q4,0.0,0.0,-76.74,0.0,22.083333333333332,100.0,4.385577150889422,0.0,8.98347406763525,100.0,58.0,95.0,49.5
6021,美好證,金融保險業,18.95,2024-04-26,2023Q4,0.0,0.0,105.88,100.0,263.46666666666664,100.0,2.517271360090234,0.0,-5.002477766053663,0.0,38.0,45.0,49.5
2753,八方雲集,觀光餐旅,168.5,2024-04-26,2023Q4,20.23,60.90068266901562,-16.5,0.0,11.603333333333333,58.01666666666667,9.10957793645409,20.547889682270444,2.2011776127267346,100.0,54.718690392537,86.79672598134249,49.45525765070972
6026,福邦證,金融保險業,15.85,2024-04-26,2023Q4,0.0,0.0,320.55,100.0,3.4433333333333316,17.216666666666658,52.663049407003214,100.0,-1.1861691839713044,0.0,44.0,60.0,49.44333333333333
8436,大江,生技醫療業,145.5,2024-04-26,2023Q4,0.0,0.0,27.56,55.120000000000005,-19.843333333333334,0.0,13.156738774364996,40.78369387182498,2.1257561996657213,100.0,58.0,95.0,49.397554080773745
2504,國產,建材營造業,46.95,2024-04-26,2023Q4,15.65,72.40951908775409,-14.53,0.0,5.126666666666668,25.63333333333334,19.18402104905863,70.92010524529314,1.0717520754873013,81.67886792675733,60.4061703998203,100.0,49.34140794758752
2472,立隆電,電子零組件業,75.3,2024-04-26,2023Q4,13.45,84.51801363193768,-25.63,0.0,5.36,26.8,16.37044474684842,56.8522237342421,1.3674974222975866,100.0,47.7950899526585,69.48772488164624,49.2884074114947
4506,崇友,電機機械,108.5,2024-04-26,2023Q4,0.0,0.0,5.64,11.28,7.41,37.05,18.380981938042105,66.90490969021053,1.3088136884592998,100.0,56.0,90.0,49.26573645353158
3680,家登,半導體業,424.0,2024-04-26,2023Q4,0.0,0.0,-7.91,0.0,9.856666666666667,49.28333333333333,20.87447780723838,79.3723890361919,1.3415071281295372,100.0,50.0,75.0,49.26252502209545
6161,捷波,電腦及週邊設備業,44.45,2024-04-26,2023Q4,0.0,0.0,-34.29,0.0,11.910000000000002,59.55000000000001,14.800665188303446,49.003325941517225,1.6178840097209575,100.0,80.0,100.0,49.260498891227584
6231,系微,資訊服務業,234.5,2024-04-26,2023Q4,0.0,0.0,-34.85,0.0,22.403333333333336,100.0,16.007082509598035,55.035412547990184,0.8793628471752711,54.19469245361016,67.0,100.0,49.094250372920555
4736,泰博,生技醫療業,154.0,2024-04-26,2023Q4,14.43,90.34725093013643,-70.39,0.0,-27.743333333333336,0.0,20.137117393375675,75.68558696687838,1.1520723511875215,93.1531930267888,74.7639609422294,100.0,49.01820174340316
3516,亞帝歐,光電業,22.95,2024-04-26,2023Q4,0.0,0.0,-73.58,0.0,53.46,100.0,-4.454352621265123,0.0,5.47074377923927,100.0,56.0,90.0,49.0
2889,國票金,金融保險業,13.95,2024-04-26,2023Q4,24.05,0.0,41.46,82.92,13.186666666666667,65.93333333333334,44.4300996150436,100.0,-4.451118598989137,0.0,11.5791639195343,0.0,48.91666666666667
6515,穎崴,半導體業,843.0,2024-04-26,2023Q4,63.19,0.0,-58.04,0.0,11.296666666666667,56.48333333333333,15.120928591661869,50.60464295830934,1.2919760881651934,100.0,71.5706019038407,100.0,48.88736311041307
1216,統一,食品工業,76.5,2024-04-26,2023Q4,23.68,53.85708485586682,6.95,13.900000000000002,20.66,100.0,4.928702347717449,0.0,3.9883460716938117,100.0,18.7553102527807,0.0,48.860708485586684
6788,華景電,半導體業,135.5,2024-04-26,2023Q4,0.0,0.0,-22.42,0.0,8.5,42.5,26.396872022285162,100.0,1.0376066362053158,76.80094802933083,65.0,100.0,48.86018960586617
1471,首利,電子零組件業,14.65,2024-04-26,2023Q4,0.0,0.0,72.38,100.0,13.810000000000002,69.05000000000001,-33.074866935263906,0.0,0.0,0.0,86.3380343793055,100.0,48.81
4760,勤凱,其他電子業,103.0,2024-04-26,2023Q4,0.0,0.0,26.62,53.239999999999995,32.53666666666667,100.0,12.327440521644935,36.63720260822467,-0.5312617799252939,0.0,70.0,100.0,48.805580391233704
5356,協益,電腦及週邊設備業,35.7,2024-04-26,2023Q4,0.0,0.0,1013.33,100.0,13.79,68.95,0.8162635989979344,0.0,0.14999681230873851,0.0,75.0,100.0,48.79
5348,正能量智能,運動休閒,14.55,2024-04-26,2023Q4,0.0,0.0,37.5,75.0,-9.713333333333333,0.0,3.70211332516482,0.0,4.331891223733003,100.0,63.0,100.0,48.75
6584,南俊國際,電子零組件業,176.0,2024-04-26,2023Q4,0.0,0.0,-94.25,0.0,42.300000000000004,100.0,0.7167690118978218,0.0,9.650696445725265,100.0,55.0,87.5,48.75
6803,崑鼎,綠能環保,307.5,2024-04-26,2023Q4,0.0,0.0,9.73,19.46,6.163333333333333,30.816666666666663,19.160275503630988,70.80137751815494,1.9244003642486514,100.0,48.0,70.0,48.64853996105657
3045,台灣大,通信網路業,103.5,2024-04-26,2023Q4,25.49,39.36631944444444,10.74,21.48,12.186666666666667,60.93333333333334,9.569082153006178,22.84541076503089,2.3673823493012813,100.0,34.9119301492946,37.2798253732365,48.648092763189396
3029,零壹,資訊服務業,74.4,2024-04-26,2023Q4,16.61,69.5641646489104,11.66,23.32,8.513333333333334,42.56666666666667,5.684530550533642,3.4226527526682116,1.1607046536816883,94.38637909738404,51.8297274088526,79.57431852213149,48.64785538281456
2439,美律,通信網路業,119.5,2024-04-26,2023Q4,16.17,79.81770833333333,-9.54,0.0,15.99,79.95,3.101420336767812,0.0,1.6839428077175347,100.0,38.7021934462809,46.75548361570225,48.64731919490357
2313,華通,電子零組件業,77.6,2024-04-26,2023Q4,22.17,42.06426484907497,-47.84,0.0,14.886666666666665,74.43333333333332,7.780075225884052,13.90037612942026,2.507148229226017,100.0,49.6183116270482,74.0457790676205,48.58272747774925
6719,力智,半導體業,271.0,2024-04-26,2023Q4,437.1,0.0,-95.76,0.0,18.580000000000002,92.9,-1.010411951109099,0.0,1.832552623777053,100.0,91.6015587692456,100.0,48.58
2453,凌群,資訊服務業,57.4,2024-04-26,2023Q4,20.65,50.0,10.76,21.52,12.290000000000001,61.45,4.471601642903465,0.0,2.348628962999429,100.0,43.6254480249759,59.06362006243976,48.576362006243976
4174,浩鼎,生技醫療業,59.0,2024-04-26,2023Q4,0.0,0.0,37.14,74.28,2888.193333333334,100.0,-5029.702279236564,0.0,0.0,0.0,68.0,100.0,48.57
1522,堤維西,汽車工業,48.6,2024-04-26,2023Q4,15.19,54.07325544679509,13.75,27.500000000000004,9.323333333333332,46.61666666666666,9.062066772506562,20.310333862532808,3.5241525741583373,100.0,35.5230549283621,38.80763732090525,48.53297268948329
4164,承業醫,生技醫療業,55.8,2024-04-26,2023Q4,22.14,58.47457627118644,15.38,30.760000000000005,-12.786666666666667,0.0,15.822912628571032,54.11456314285517,2.298081009201033,100.0,47.4415075645537,68.60376891138425,48.515018989685345
6569,醫揚,生技醫療業,164.0,2024-04-26,2023Q4,0.0,0.0,22.6,45.2,-16.633333333333333,0.0,14.611015098535695,48.055075492678476,1.373071589190714,100.0,74.0,100.0,48.50826132390177
2883,凱基金,金融保險業,13.45,2024-04-26,2023Q4,13.06,58.47932725998598,15.31,30.620000000000005,63.98999999999999,100.0,52.02482187584374,100.0,-3.1524775243233543,0.0,7.20403940839675,0.0,48.5029327259986
3232,昱捷,電子通路業,30.0,2024-04-26,2023Q4,0.0,0.0,-35.9,0.0,34.39333333333334,100.0,1.7599809129950694,0.0,14.361590966545883,100.0,54.0,85.0,48.5
8499,鼎炫-KY,其他電子業,112.0,2024-04-26,2023Q4,10.95,83.39416058394161,-43.05,0.0,0.0,0.0,21.670089920595295,83.35044960297647,1.1180007161838708,88.28581659769583,66.9870743228883,100.0,48.4991468183798
4556,旭然,其他業,38.5,2024-04-26,2023Q4,0.0,0.0,-87.18,0.0,25.113333333333333,100.0,6.328457515105428,6.642287575527139,35.23353584447145,100.0,50.0,75.0,48.496343136329074
2596,綠意,建材營造業,38.55,2024-04-26,2023Q4,0.0,0.0,41.38,82.76,137.89333333333335,100.0,6.053254178623847,5.266270893119236,-4.216035959424163,0.0,48.0,70.0,48.479940633967885
3260,威剛,半導體業,99.1,2024-04-26,2023Q4,0.0,0.0,63.32,100.0,51.43666666666667,100.0,5.269314196541335,1.346570982706674,-3.710838321313932,0.0,33.0,32.5,48.451985647406
1342,八貫,其他業,121.0,2024-04-26,2023Q4,16.29,59.39933259176864,2.45,4.9,2.7433333333333323,13.71666666666666,23.9928633004662,94.964316502331,1.000213292461716,71.45904178024514,69.0076271540958,100.0,48.44472242390887
3325,旭品,電腦及週邊設備業,32.5,2024-04-26,2023Q4,0.0,0.0,68.89,100.0,16.189999999999998,80.94999999999999,-3.3765652417843453,0.0,0.0,0.0,49.0,72.5,48.44
2809,京城銀,,55.1,2024-04-26,2023Q4,9.86,84.26666666666667,182.32,100.0,0.0,0.0,73.79656229994015,100.0,0.0,0.0,13.0388497681993,0.0,48.42666666666667
2423,固緯,其他電子業,45.45,2024-04-26,2023Q4,15.41,56.26520681265208,6.12,12.24,-10.053333333333335,0.0,17.968275525988922,64.8413776299446,1.2798858666591948,100.0,72.2293427234376,100.0,48.41272732575689
6115,鎰勝,電子零組件業,51.8,2024-04-26,2023Q4,18.37,60.5647517039922,-33.96,0.0,8.933333333333335,44.66666666666668,9.4512264970317,22.256132485158496,1.4150682757030715,100.0,60.4907425264612,100.0,48.32822837650633
2364,倫飛,電腦及週邊設備業,83.5,2024-04-26,2023Q4,23.79,50.95753538717736,36.58,73.16,-0.4400000000000004,0.0,6.680337843402715,8.401689217013578,1.649821717394501,100.0,34.6783159051279,36.69578976281976,48.31558589755175
3044,健鼎,電子零組件業,193.0,2024-04-26,2023Q4,16.74,68.50048685491724,-2.29,0.0,7.47,37.35,11.253090783163307,31.265453915816533,2.627299918456443,100.0,57.0372372119134,92.5930930297835,48.26917607584255
6148,驊宏資,資訊服務業,30.5,2024-04-26,2023Q4,0.0,0.0,97.59,100.0,0.9666666666666638,4.833333333333319,9.627496220501266,23.137481102506328,0.903769762975824,57.681394710832,49.0,72.5,48.223567774209016
6435,大中,半導體業,96.0,2024-04-26,2023Q4,0.0,0.0,-67.5,0.0,17.720000000000002,88.60000000000001,5.626696658852437,3.133483294262187,1.2165201897055278,100.0,64.0,100.0,48.19002249413933
9939,宏全,其他業,158.0,2024-04-26,2023Q4,18.37,47.83092324805338,11.69,23.38,6.8933333333333335,34.46666666666667,12.048214851737123,35.241074258685614,2.055312467160837,100.0,41.480429255817,53.7010731395425,48.17769411089576
6494,九齊,半導體業,66.4,2024-04-26,2023Q4,0.0,0.0,-81.13,0.0,34.86666666666667,100.0,3.48800746588887,0.0,1.135735387212492,90.819341030356,80.0,100.0,48.1638682060712
8929,富堡,其他業,20.1,2024-04-26,2023Q4,0.0,0.0,63.78,100.0,13.07,65.35,-7.355557915779764,0.0,0.0,0.0,65.0,100.0,48.07
2427,三商電,資訊服務業,28.5,2024-04-26,2023Q4,22.27,42.154963680387404,30.77,61.53999999999999,85.71333333333332,100.0,7.727928720596452,13.63964360298226,-1.1996179977842283,0.0,45.5542355135494,63.8855887838735,48.03500178687343
6640,均華,半導體業,421.5,2024-04-26,2023Q4,0.0,0.0,-57.14,0.0,187.78,100.0,10.00427662705455,25.021383135272746,3.6378040195524357,100.0,37.0,42.5,48.00320747029091
3362,先進光,光電業,201.5,2024-04-26,2023Q4,0.0,0.0,-7.21,0.0,16.46,82.30000000000001,12.020392192586145,35.101960962930725,1.9162781992413656,100.0,45.0,62.5,47.975294144439616
3162,精確,電機機械,37.0,2024-04-26,2023Q4,0.0,0.0,154.3,100.0,-6.6833333333333345,0.0,-2.139413402270173,0.0,1.1290241563541714,89.86059376488164,40.0,50.0,47.97211875297633
5876,上海商銀,金融保險業,45.05,2024-04-26,2023Q4,14.82,46.14576033637001,-9.31,0.0,8.306666666666667,41.53333333333333,43.05067321317118,100.0,6.912436122931829,100.0,7.56478216728099,0.0,47.921242700303665
3570,大塚,資訊服務業,153.5,2024-04-26,2023Q4,0.0,0.0,9.11,18.22,7.336666666666666,36.68333333333333,14.023858067323886,45.11929033661943,1.1739373292203643,96.2767613171949,73.0,100.0,47.91491248059856
2230,泰茂,電機機械,167.5,2024-04-26,2023Q4,0.0,0.0,-5.34,0.0,175.16333333333333,100.0,19.62886516517748,73.1443258258874,0.742952956436458,34.70756520520828,61.0,100.0,47.913161914924764
3413,京鼎,半導體業,290.0,2024-04-26,2023Q4,14.19,100.0,-16.88,0.0,-2.373333333333333,0.0,15.554191031629891,52.770955158149455,1.3269738574043892,100.0,59.8988431584695,99.74710789617373,47.89035406333979
6023,元大期,金融保險業,80.3,2024-04-26,2023Q4,0.0,0.0,61.77,100.0,12.223333333333334,61.116666666666674,-11.45991573811466,0.0,0.8723875558031197,53.198222257588526,13.0,0.0,47.86297778485104
4105,東洋,生技醫療業,76.6,2024-04-26,2023Q4,0.0,0.0,3.18,6.36,8.12,40.599999999999994,24.928208703157654,99.64104351578827,0.9617229459401742,65.96042084859631,60.0,100.0,47.848240697087505
5704,老爺知,觀光餐旅,48.7,2024-04-26,2023Q4,0.0,0.0,22.13,44.26,-3.7033333333333336,0.0,20.62159529950662,78.10797649753309,1.0267601862329294,75.25145517613278,75.0,100.0,47.831487509856515
6679,鈺太,半導體業,382.0,2024-04-26,2023Q4,0.0,0.0,-33.17,0.0,45.04333333333333,100.0,19.496693292106844,72.48346646053422,0.7409971778996276,34.42816827137538,95.0,100.0,47.758153623355206
6015,宏遠證,金融保險業,12.8,2024-04-26,2023Q4,0.0,0.0,180.95,100.0,162.08,100.0,0.8868420643193877,0.0,-2.316965055423,0.0,31.0,27.500000000000004,47.75
3587,閎康,其他電子業,297.0,2024-04-26,2023Q4,0.0,0.0,6.82,13.639999999999999,5.68,28.4,16.43365550030495,57.168277501524756,2.6848389198074645,100.0,60.0,100.0,47.66524162522872
6856,鑫傳,文化創意業,66.0,2024-04-26,2023Q4,0.0,0.0,-16.7,0.0,2.6566666666666667,13.283333333333333,30.42343533877856,100.0,1.220703125,100.0,88.0,100.0,47.656666666666666
6120,達運,光電業,17.0,2024-04-26,2023Q4,100.0,0.0,-10.53,0.0,58.25666666666667,100.0,-1.5611777209453561,0.0,2.771766716960727,100.0,50.5984698822714,76.49617470567851,47.649617470567854
2412,中華電,通信網路業,123.5,2024-04-26,2023Q4,25.95,37.36979166666667,1.28,2.56,1.3733333333333333,6.866666666666667,20.767647258328722,78.83823629164361,2.019676104380705,100.0,72.9679973047112,100.0,47.57604794374654
1795,美時,生技醫療業,314.5,2024-04-26,2023Q4,20.26,66.24638280281107,35.63,71.26,-7.756666666666667,0.0,28.912315040519882,100.0,0.39316951909404313,0.0,52.5395578854962,81.3488947137405,47.574527751655154
2882,國泰金,金融保險業,48.9,2024-04-26,2023Q4,15.57,40.889978976874566,25.58,51.16,92.11333333333333,100.0,19.222402512015556,71.11201256007777,-1.1633794901967676,0.0,6.15133309926575,0.0,47.545799781699124
1449,佳和,紡織纖維,18.0,2024-04-26,2023Q4,30.0,57.206928549334975,-42.45,0.0,65.04333333333334,100.0,-0.5167588092528019,0.0,3.555292151642928,100.0,27.0087262481293,17.52181562032325,47.47287441696582
6830,汎銓,其他電子業,141.0,2024-04-26,2023Q4,25.22,0.0,-16.19,0.0,7.396666666666666,36.98333333333333,18.304880156335162,66.52440078167581,2.517043018983466,100.0,60.2948722165576,100.0,47.375326783918034
3206,志豐,電子零組件業,46.3,2024-04-26,2023Q4,0.0,0.0,33.89,67.78,-3.14,0.0,8.879156224739543,19.395781123697713,1.8989046804496723,100.0,50.0,75.0,47.35436716855466
6671,三能-KY,居家生活,42.95,2024-04-26,2023Q4,14.86,50.502176096417806,18.93,37.86,0.0,0.0,11.570599615182605,32.85299807591303,1.1262948093733094,89.47068705332993,77.269353395501,100.0,47.337304731694715
6683,雍智科技,半導體業,289.0,2024-04-26,2023Q4,0.0,0.0,-12.92,0.0,2.32,11.6,30.00209186477335,100.0,1.3888939079960023,100.0,86.0,100.0,47.32
3706,神達,電腦及週邊設備業,45.7,2024-04-26,2023Q4,30.88,21.44046627810159,-80.93,0.0,15.123333333333335,75.61666666666667,0.19052503160666898,0.0,2.6397403048838606,100.0,69.0967239449783,100.0,47.26737996114349
8926,台汽電,油電燃氣業,47.85,2024-04-26,2023Q4,27.82,43.02057296673718,26.39,52.78,87.24000000000001,100.0,-0.3062783986693596,0.0,-0.07406200714699247,0.0,59.0692575836227,97.67314395905674,47.264371692579395
3532,台勝科,半導體業,176.5,2024-04-26,2023Q4,19.79,84.26341139345624,-28.24,0.0,-19.01,0.0,27.41316299630424,100.0,1.0551488200816401,79.30697429737717,51.7397383013965,79.34934575349125,47.22267057417018
3167,大量,電機機械,60.6,2024-04-26,2023Q4,378.75,0.0,-95.78,0.0,58.15,100.0,-3.5752424404693737,0.0,78.39112462954297,100.0,48.8771732624477,72.19293315611924,47.21929331561192
2070,精湛,電機機械,32.75,2024-04-26,2023Q4,0.0,0.0,-3.02,0.0,22.826666666666668,100.0,15.04018794008285,50.200939700414246,0.873017840980944,53.28826299727773,56.0,90.0,47.18779355451768
2347,聯強,電子通路業,76.5,2024-04-26,2023Q4,17.51,53.09905921416712,-53.71,0.0,18.45,92.25,2.1804328200742242,0.0,2.210305386186181,100.0,33.52043801316,33.80109503290001,47.14001542470672
3312,弘憶股,電子通路業,45.4,2024-04-26,2023Q4,22.93,23.104593248478132,-35.71,0.0,23.513333333333332,100.0,2.6762553515942784,0.0,4.563515672255223,100.0,39.2020324290597,48.00508107264925,47.11096743211274
4961,天鈺,半導體業,240.0,2024-04-26,2023Q4,13.51,100.0,-19.41,0.0,-5.359999999999999,0.0,14.404826813831315,47.024134069156574,1.400973298924339,100.0,69.631904689401,100.0,47.05362011037349
2630,亞航,航運業,45.0,2024-04-26,2023Q4,166.67,0.0,287.5,100.0,12.016666666666666,60.083333333333336,1.9555760430061013,0.0,-3.6538165266106444,0.0,62.6976045624669,100.0,47.016666666666666
6282,康舒,電子零組件業,39.5,2024-04-26,2023Q4,790.0,0.0,-94.31,0.0,38.99,100.0,1.9329319893462076,0.0,84.62447589098532,100.0,48.0566276709343,70.14156917733574,47.01415691773357
3465,進泰電子,其他電子業,64.3,2024-04-26,2023Q4,0.0,0.0,-89.5,0.0,132.04999999999998,100.0,1.1589316671628727,0.0,9.136010687150371,100.0,48.0,70.0,47.0
2338,光罩,半導體業,66.3,2024-04-26,2023Q4,38.55,21.94818136522172,-48.07,0.0,19.62,98.10000000000001,10.397746646323892,26.98873323161946,2.2315459705128835,100.0,24.4844559079096,11.211139769773997,46.9842420982425
6223,旺矽,半導體業,402.0,2024-04-26,2023Q4,0.0,0.0,7.99,15.98,14.670000000000002,73.35000000000001,18.05995793355977,65.29978966779885,0.7970781287278975,42.439732675413936,61.0,100.0,46.947914985252616
3028,增你強,電子通路業,35.9,2024-04-26,2023Q4,17.95,50.66408411732153,-38.48,0.0,20.41,100.0,2.831781452321909,0.0,6.683532394390908,100.0,27.3637227719428,18.409306929857,46.907339104717856
2836,高雄銀,金融保險業,11.5,2024-04-26,2023Q4,16.91,31.49964961457603,-4.11,0.0,8.736666666666666,43.68333333333333,31.5456763472532,100.0,5.1541227420299975,100.0,6.04442826548748,0.0,46.88663162812427
8467,波力-KY,運動休閒,184.5,2024-04-26,2023Q4,24.44,54.642996488490034,-6.33,0.0,0.0,0.0,20.79838716979082,78.99193584895411,1.1872757633094493,98.1822519013499,59.6406917882957,99.10172947073924,46.85971335353602
4916,事欣科,電腦及週邊設備業,32.95,2024-04-26,2023Q4,40.18,0.0,-28.1,0.0,18.05,90.25000000000001,4.60137460164698,0.0,1.375336155378486,100.0,55.1050713584024,87.762678396006,46.826267839600604
2740,天蔥,觀光餐旅,39.0,2024-04-26,2023Q4,0.0,0.0,35.63,71.26,25.80333333333333,100.0,-29.492445357195248,0.0,0.0,0.0,56.0,90.0,46.815
2597,潤弘,建材營造業,171.0,2024-04-26,2023Q4,16.62,67.60039662865643,-7.72,0.0,14.709999999999999,73.55,10.905993398252267,29.529966991261336,1.1479538702797443,92.56483861139205,29.4551203364481,23.637800841120253,46.776282517945276
3064,泰偉,文化創意業,39.15,2024-04-26,2023Q4,0.0,0.0,97.67,100.0,67.25,100.0,-36.20335462898165,0.0,0.0,0.0,27.0,17.5,46.75
6525,捷敏-KY,半導體業,67.1,2024-04-26,2023Q4,15.28,99.24431157615014,-39.11,0.0,0.0,0.0,14.095011324988588,45.475056624942944,1.805610022363777,100.0,67.5985553228667,100.0,46.74568965135646
9938,百和,其他業,64.2,2024-04-26,2023Q4,32.92,0.0,-61.76,0.0,22.796666666666667,100.0,8.435362605174058,17.176813025870292,2.3453841243403497,100.0,36.5044591519843,41.261147879960745,46.70263674187662
6175,立敦,電子零組件業,36.5,2024-04-26,2023Q4,0.0,0.0,-40.91,0.0,13.410000000000002,67.05000000000001,11.612267909289613,33.06133954644807,1.8757965347558763,100.0,53.0,82.5,46.619200931967214
8433,弘帆,居家生活,98.9,2024-04-26,2023Q4,0.0,0.0,-3.31,0.0,14.799999999999999,74.0,15.93271484746952,54.6635742373476,1.0724963363010316,81.78519090014737,49.0,72.5,46.60657431563161
5306,桂盟,運動休閒,142.0,2024-04-26,2023Q4,24.11,55.93055013655872,-61.4,0.0,-14.863333333333335,0.0,19.65284144610853,73.26420723054264,1.4665501999749273,100.0,63.3378045036532,100.0,46.58268609823727
6613,朋億*,其他電子業,204.5,2024-04-26,2023Q4,0.0,0.0,27.34,54.67999999999999,44.34666666666667,100.0,16.16315065414704,55.81575327073519,-0.19403045229342217,0.0,38.0,45.0,46.54236299061028
2880,華南金,金融保險業,22.55,2024-04-26,2023Q4,14.27,50.0,24.41,48.82,14.313333333333333,71.56666666666666,44.04982275428774,100.0,-0.9874336060005475,0.0,5.37087735066918,0.0,46.51833333333333
5244,弘凱,光電業,43.15,2024-04-26,2023Q4,17.98,80.37754114230397,-6.98,0.0,-4.13,0.0,19.063771279214606,70.31885639607303,1.1259655742439791,89.4236534634256,84.8508974433853,100.0,46.47031326632647
6697,東捷資訊,資訊服務業,48.75,2024-04-26,2023Q4,0.0,0.0,32.84,65.68,-7.586666666666666,0.0,5.663141564395028,3.3157078219751406,2.2689885792106574,100.0,58.0,95.0,46.41735617329627
8284,三竹,資訊服務業,63.6,2024-04-26,2023Q4,0.0,0.0,-31.99,0.0,13.543333333333335,67.71666666666667,8.775008881128924,18.87504440564462,1.5118205428997342,100.0,63.0,100.0,46.37458999418003
5604,中連,其他業,39.95,2024-04-26,2023Q4,0.0,0.0,-2.35,0.0,1.2866666666666666,6.433333333333333,67.01226844784507,100.0,1.3803230870286458,100.0,81.0,100.0,46.28666666666666
2637,慧洋-KY,航運業,68.7,2024-04-26,2023Q4,15.68,67.60378349973728,-69.07,0.0,0.0,0.0,20.453837912274288,77.26918956137145,1.9648626019606537,100.0,51.2484730372487,78.12118259312174,46.16287504349162
3088,艾訊,電腦及週邊設備業,84.6,2024-04-26,2023Q4,0.0,0.0,18.65,37.3,-8.04,0.0,14.090604567225718,45.45302283612859,1.2394299803195057,100.0,61.0,100.0,46.142953425419286
3520,華盈,電子零組件業,17.55,2024-04-26,2023Q4,0.0,0.0,-95.97,0.0,17.366666666666667,86.83333333333334,-0.7640561216559093,0.0,27.577638125163656,100.0,55.0,87.5,46.116666666666674
8440,綠電,綠能環保,41.8,2024-04-26,2023Q4,0.0,0.0,46.67,93.34,2.85,14.250000000000002,5.099458219638549,0.49729109819274697,0.8449274783234108,49.27535404620154,79.0,100.0,46.11466447396923
6735,美達科技,其他電子業,88.0,2024-04-26,2023Q4,0.0,0.0,-87.45,0.0,266.40000000000003,100.0,4.569272953604953,0.0,1.063918414248779,80.55977346411129,90.0,100.0,46.11195469282226
6219,富旺,建材營造業,40.8,2024-04-26,2023Q4,0.0,0.0,119.42,100.0,3334.81,100.0,6.443126713658895,7.215633568294474,-0.38303678694229254,0.0,14.0,0.0,46.082345035244174
1234,黑松,食品工業,41.9,2024-04-26,2023Q4,17.75,77.93341453511977,6.79,13.58,3.5500000000000007,17.750000000000004,6.78842366776987,8.942118338849351,1.3579251133695398,100.0,81.9240661587082,100.0,46.079659204339386
6517,保勝光學,光電業,71.7,2024-04-26,2023Q4,0.0,0.0,2.11,4.22,-19.756666666666664,0.0,24.995619789983532,99.97809894991767,1.2134914751667902,100.0,83.0,100.0,46.05171484248765
5299,杰力,半導體業,97.8,2024-04-26,2023Q4,0.0,0.0,-67.72,0.0,10.823333333333332,54.11666666666666,11.84330324224461,34.21651621122305,1.3905146007368416,100.0,79.0,100.0,45.955810765016786
6680,鑫創電子,電腦及週邊設備業,86.6,2024-04-26,2023Q4,0.0,0.0,-3.52,0.0,10.600000000000001,53.0,12.124658780709737,35.623293903548685,2.316361306108182,100.0,68.0,100.0,45.94349408553231
6542,隆中,文化創意業,70.0,2024-04-26,2023Q4,0.0,0.0,3.4,6.800000000000001,16.326666666666668,81.63333333333334,15.991627595877844,54.95813797938922,0.8333104624492756,47.615780349896525,76.0,100.0,45.793543433554355
3515,華擎,電腦及週邊設備業,222.5,2024-04-26,2023Q4,29.43,27.477102414654464,-13.23,0.0,13.13,65.65,6.040334680490495,5.201673402452474,2.8685303484828206,100.0,56.5058846673647,91.26471166841175,45.7844324186745
6577,勁豐,電腦及週邊設備業,134.0,2024-04-26,2023Q4,0.0,0.0,39.96,79.92,11.116666666666667,55.58333333333334,11.897984054223707,34.489920271118535,0.28329575672425145,0.0,58.0,95.0,45.77015470733445
3702,大聯大,電子通路業,85.1,2024-04-26,2023Q4,19.7,40.979524073049255,-23.75,0.0,25.756666666666664,100.0,1.5470890942111313,0.0,1.9981182347858482,100.0,26.6069849208263,16.51746230206575,45.7496986375115
2884,玉山金,金融保險業,27.1,2024-04-26,2023Q4,19.5,13.349684653118432,33.02,66.04,12.866666666666667,64.33333333333333,39.75078195222289,100.0,-0.11299888903970493,0.0,6.49300102583553,0.0,45.71163513197851
1527,鑽全,電機機械,41.45,2024-04-26,2023Q4,15.52,97.88448623237073,-50.19,0.0,1.6266666666666663,8.133333333333331,12.921364457582495,39.60682228791247,1.1413784445590343,91.62549207986204,89.3336825157014,100.0,45.681237049063014
3164,景岳,生技醫療業,22.9,2024-04-26,2023Q4,60.26,0.0,-42.42,0.0,53.71666666666667,100.0,2.1973806266999985,0.0,1.0487405656088025,78.39150937268607,79.6226789444108,100.0,45.67830187453721
2482,連宇,其他電子業,28.7,2024-04-26,2023Q4,11.96,77.25060827250608,-19.46,0.0,-72.07333333333334,0.0,15.57360717615557,52.86803588077784,1.5527424579061488,100.0,77.9089306366288,100.0,45.655266209367284
9945,潤泰新,其他業,37.9,2024-04-26,2023Q4,13.88,72.80311457174639,-11.67,0.0,21.843333333333334,100.0,18.3119362412615,66.5596812063075,0.2877994296608632,0.0,53.3866798669683,83.46669966742076,45.61093360486284
2462,良得電,電子零組件業,32.65,2024-04-26,2023Q4,17.65,64.0701071080818,30.07,60.14000000000001,-6.873333333333332,0.0,6.129770266227787,5.6488513311389354,1.0042916705271936,72.04166721817052,55.6521116161839,89.13027904045975,45.6106997581591
3308,聯德,電子零組件業,25.5,2024-04-26,2023Q4,4.29,100.0,2021.43,100.0,-74.71,0.0,7.519910888331941,12.599554441659706,0.5110044056036397,1.5720579433770987,53.5772606679184,83.943151669796,45.59865992190397
6277,宏正,電腦及週邊設備業,80.9,2024-04-26,2023Q4,17.1,78.80932556203163,-22.59,0.0,-14.69,0.0,15.282835832763475,51.41417916381737,1.879718711817534,100.0,66.8551347092577,100.0,45.59305943077577
6488,環球晶,半導體業,511.0,2024-04-26,2023Q4,0.0,0.0,28.6,57.2,-19.106666666666666,0.0,28.390812079778584,100.0,0.9389399115357195,62.70570164795994,35.0,37.5,45.591140329591994
1227,佳格,食品工業,38.05,2024-04-26,2023Q4,28.19,35.546082013804295,0.75,1.5,11.603333333333333,58.01666666666667,4.892804008384657,0.0,1.7058819210408454,100.0,67.5550796441725,100.0,45.53294153471377
1256,鮮活果汁-KY,食品工業,212.5,2024-04-26,2023Q4,17.12,80.49127080795778,4.11,8.22,0.0,0.0,12.228392868168722,36.141964340843614,1.9159139349630283,100.0,77.1211759886021,100.0,45.525421731922314
1604,聲寶,電器電纜,29.35,2024-04-26,2023Q4,14.68,71.70666666666666,9.89,19.78,6.006666666666668,30.03333333333334,6.856809216391821,9.284046081959104,1.1293846240514207,89.91208915020297,52.0671970134205,80.16799253355124,45.51415732902292
2530,華建,建材營造業,50.5,2024-04-26,2023Q4,82.79,0.0,8.93,17.86,19744.26,100.0,33.14883832713368,100.0,-4.151409959631577,0.0,44.0210015800368,60.052503950092,45.4702503950092
5274,信驊,半導體業,3020.0,2024-04-26,2023Q4,0.0,0.0,-52.15,0.0,51.416666666666664,100.0,34.48791606171106,100.0,0.5152630585711306,2.1804369387329485,84.0,100.0,45.43608738774659
3444,利機,電子通路業,120.0,2024-04-26,2023Q4,0.0,0.0,-56.89,0.0,13.376666666666667,66.88333333333334,7.709876208140747,13.549381040703734,1.6961248596931957,100.0,76.0,100.0,45.40907382277223
5471,松翰,半導體業,49.75,2024-04-26,2023Q4,44.82,1.1210762331838486,-67.83,0.0,14.49,72.45,6.0510656004340335,5.255328002170168,3.329875942802423,100.0,86.7044276621404,100.0,45.390406823643914
4942,嘉彰,光電業,45.85,2024-04-26,2023Q4,10.61,100.0,-4.64,0.0,-6.32,0.0,12.16829193931057,35.84145969655285,1.5008601178475267,100.0,80.496647924345,100.0,45.37621895448293
2107,厚生,橡膠工業,25.9,2024-04-26,2023Q4,15.15,80.79031521242577,-22.97,0.0,-16.826666666666668,0.0,14.67995569669593,48.39977848347966,1.3157106597517332,100.0,86.8212539256669,100.0,45.338998293764526
4767,誠泰科技,化學工業,30.15,2024-04-26,2023Q4,0.0,0.0,19.44,38.88,3.436666666666667,17.183333333333334,7.856453029682918,14.282265148414588,2.868734583127775,100.0,63.0,100.0,45.299006438928856
3438,類比科,半導體業,73.3,2024-04-26,2023Q4,0.0,0.0,-100.0,0.0,15.263333333333334,76.31666666666666,-2.838853863765025,0.0,5413.0,100.0,89.0,100.0,45.263333333333335
6531,愛普*,半導體業,371.0,2024-04-26,2023Q4,41.59,11.850190998173037,-26.14,0.0,2.686666666666667,13.433333333333335,20.17505944654093,75.87529723270465,1.414078492979093,100.0,90.4759792772514,100.0,45.25298035138967
8941,關中,居家生活,79.9,2024-04-26,2023Q4,0.0,0.0,-8.65,0.0,20.76,100.0,2.1719354301214557,0.0,1.6464954288202003,100.0,41.0,52.5,45.25
4558,寶緯,電機機械,28.8,2024-04-26,2023Q4,0.0,0.0,-99.2,0.0,26.62,100.0,0.4833138784362172,0.0,978.3346613545817,100.0,41.0,52.5,45.25
8279,生展,生技醫療業,154.5,2024-04-26,2023Q4,0.0,0.0,-14.43,0.0,6.506666666666665,32.533333333333324,16.48500287124051,57.42501435620255,1.510513886917952,100.0,69.0,100.0,45.12041882009704
1231,聯華食,食品工業,96.8,2024-04-26,2023Q4,24.63,50.0,11.02,22.04,5.993333333333332,29.966666666666665,8.383189339678342,16.91594669839171,1.4915561028738336,100.0,44.2860863583712,60.715215895928,45.112246927684886
1514,亞力,電機機械,156.5,2024-04-26,2023Q4,50.81,0.0,47.37,94.74,12.446666666666667,62.23333333333334,9.883710385482324,24.41855192741162,-0.1407997083939183,0.0,41.2576844793522,53.144211198380496,45.108870575616464
5511,德昌,建材營造業,76.0,2024-04-26,2023Q4,0.0,0.0,112.13,100.0,-2.2900000000000005,0.0,12.504922341488653,37.52461170744327,0.8042832485386165,43.46903550551665,43.0,57.49999999999999,45.07249885721982
5525,順天,建材營造業,38.1,2024-04-26,2023Q4,15.24,74.44224095190877,11.11,22.22,-54.843333333333334,0.0,17.538675338657534,62.693376693287675,1.4650549217048452,100.0,30.569925705578,26.424814263945002,45.045712025578524
3426,台興,電機機械,44.15,2024-04-26,2023Q4,0.0,0.0,-16.61,0.0,12.54,62.7,8.338200405843006,16.691002029215028,1.3631836800257007,100.0,69.0,100.0,45.043650304382254
4416,三圓,建材營造業,104.5,2024-04-26,2023Q4,0.0,0.0,99.36,100.0,6.07,30.349999999999998,23.629998884608455,93.14999442304227,0.0,0.0,11.0,0.0,45.04249916345634
5601,台聯櫃,航運業,36.75,2024-04-26,2023Q4,0.0,0.0,9.09,18.18,1.3133333333333332,6.566666666666666,34.099174115487884,100.0,0.9961388719070755,70.87698170101079,74.0,100.0,45.03372967353549
6180,橘子,文化創意業,74.0,2024-04-26,2023Q4,0.0,0.0,-55.01,0.0,15.106666666666667,75.53333333333335,6.533593576049499,7.667967880247498,1.6833000688470552,100.0,55.0,87.5,45.00686184870379
3169,亞信,半導體業,114.5,2024-04-26,2023Q4,0.0,0.0,-44.89,0.0,-0.683333333333333,0.0,28.00191073186889,100.0,1.273764918876911,100.0,90.0,100.0,45.0
3095,及成,通信網路業,37.15,2024-04-26,2023Q4,0.0,0.0,63.75,100.0,57.35333333333333,100.0,1.0351457149443708,0.0,0.0,0.0,9.0,0.0,45.0
8069,元太,光電業,227.5,2024-04-26,2023Q4,0.0,0.0,-21.17,0.0,-22.540000000000003,0.0,26.864095933020042,100.0,1.3598657133065604,100.0,66.0,100.0,45.0
1445,大宇,紡織纖維,22.3,2024-04-26,2023Q4,2.89,100.0,9550.0,100.0,-38.276666666666664,0.0,-5.479555162486123,0.0,-0.025120465379653126,0.0,86.7695840035974,100.0,45.0
8109,博大,電子零組件業,93.6,2024-04-26,2023Q4,0.0,0.0,-11.07,0.0,-16.376666666666665,0.0,35.15913016041715,100.0,1.3652114682993282,100.0,80.0,100.0,45.0
3040,遠見,其他業,29.8,2024-04-26,2023Q4,29.22,0.0,-36.25,0.0,-13.9,0.0,46.47861577736456,100.0,1.6711624719661102,100.0,92.8496151758056,100.0,45.0
2867,三商壽,金融保險業,5.71,2024-04-26,2023Q4,0.0,0.0,51.38,100.0,35.26666666666666,100.0,-10.55523492960602,0.0,0.0,0.0,2.62458044716888,0.0,45.0
2316,楠梓電,電子零組件業,44.05,2024-04-26,2023Q4,9.56,100.0,64.06,100.0,-0.023333333333333244,0.0,-18.758857875520594,0.0,0.08428374138050708,0.0,62.0702771962139,100.0,45.0
4167,松瑞藥,生技醫療業,21.2,2024-04-26,2023Q4,0.0,0.0,-18.18,0.0,14.976666666666667,74.88333333333334,-0.23041540469799873,0.0,12.91881451881452,100.0,88.0,100.0,44.97666666666667
1341,富林-KY,塑膠工業,64.6,2024-04-26,2023Q4,14.52,100.0,-24.71,0.0,0.0,0.0,11.620958097397944,33.10479048698972,2.5526782223380686,100.0,62.0281650730443,100.0,44.96571857304846
2031,新光鋼,鋼鐵工業,57.5,2024-04-26,2023Q4,11.16,87.79264214046822,318.7,100.0,5.81333333333333,29.066666666666652,5.339315251259278,1.6965762562963913,0.21141897534628684,0.0,39.9902410052011,49.97560251300275,44.84464423712488
2382,廣達,電腦及週邊設備業,257.5,2024-04-26,2023Q4,25.02,45.836802664446296,37.02,74.04,-2.75,0.0,4.011528523016547,0.0,3.133675252846819,100.0,26.9818435718673,17.454608929668254,44.83914115941146
2603,長榮,航運業,187.0,2024-04-26,2023Q4,11.2,91.14555964266947,-80.82,0.0,35.660000000000004,100.0,12.558086109047464,37.79043054523732,-0.39145006752261247,0.0,60.1093915760234,100.0,44.78312054605255
6127,九豪,電子零組件業,24.95,2024-04-26,2023Q4,0.0,0.0,283.87,100.0,15.770000000000001,78.85000000000001,-53.00172567370447,0.0,-4.285153194263364,0.0,36.0,40.0,44.77
3551,世禾,綠能環保,105.0,2024-04-26,2023Q4,0.0,0.0,-12.81,0.0,6.0566666666666675,30.28333333333334,16.599295365078753,57.99647682539376,1.423884447558684,100.0,74.0,100.0,44.75613819047573
3050,鈺德,光電業,20.85,2024-04-26,2023Q4,41.7,0.0,-29.58,0.0,14.263333333333334,71.31666666666668,9.810415905881111,24.052079529405557,4.496296398471661,100.0,47.4111698354955,68.52792458873876,44.72393772161805
5013,強新,鋼鐵工業,34.55,2024-04-26,2023Q4,0.0,0.0,-52.46,0.0,19.186666666666667,95.93333333333334,7.565496594362996,12.82748297181498,1.1324916964195428,90.35595663136327,42.0,55.00000000000001,44.68198043871157
1416,廣豐,其他業,13.4,2024-04-26,2023Q4,26.27,3.8932146829810943,0.0,0.0,14.253333333333336,71.26666666666668,-4.05767612274766,0.0,2.6852149774455065,100.0,76.0726705594628,100.0,44.642654801631444
2492,華新科,電子零組件業,107.0,2024-04-26,2023Q4,26.16,22.638753651411882,20.29,40.58,4.510000000000001,22.550000000000004,5.473897826464568,2.3694891323228395,4.279821686630427,100.0,49.3202593625876,73.300648406469,44.60436357563651
2480,敦陽科,資訊服務業,126.0,2024-04-26,2023Q4,17.12,67.09443099273606,6.51,13.019999999999998,2.17,10.85,11.878660329407985,34.39330164703993,1.5062949973252167,100.0,49.0361551839116,72.59038795977901,44.552477142307495
3563,牧德,光電業,447.0,2024-04-26,2023Q4,60.98,0.0,-38.5,0.0,-50.026666666666664,0.0,26.026161684435333,100.0,1.1830443295629023,97.5777613661289,88.348083312538,100.0,44.51555227322578
6895,宏碩系統,半導體業,99.3,2024-04-26,2023Q4,0.0,0.0,-26.43,0.0,-32.656666666666666,0.0,24.338920106550525,96.69460053275263,1.8454783280128153,100.0,92.0,100.0,44.504190079912895
3022,威強電,電腦及週邊設備業,78.1,2024-04-26,2023Q4,9.97,100.0,-7.34,0.0,-20.05,0.0,15.252844726690212,51.26422363345105,1.0883366277033852,84.04808967191218,70.4490497378531,100.0,44.499251479400094
2383,台光電,電子零組件業,397.0,2024-04-26,2023Q4,24.83,29.11392405063291,7.28,14.56,76.54,100.0,17.788532542823475,63.94266271411737,0.526524107880952,3.7891582687074363,50.180017915037,75.4500447875925,44.44562794468163
6763,綠界科技,數位雲端,391.5,2024-04-26,2023Q4,0.0,0.0,3.84,7.68,1.9633333333333336,9.816666666666668,27.08596808919274,100.0,1.4596709364124558,100.0,42.0,55.00000000000001,44.38333333333333
6643,M31,半導體業,1180.0,2024-04-26,2023Q4,0.0,0.0,13.92,27.839999999999996,10.746666666666664,53.73333333333332,27.69247371982408,100.0,0.5545901601672909,7.798594309612987,86.0,100.0,44.26638552858926
5443,均豪,半導體業,55.1,2024-04-26,2023Q4,0.0,0.0,-48.13,0.0,39.163333333333334,100.0,5.004207991299168,0.021039956495840784,3.0748638949843645,100.0,37.0,42.5,44.25315599347438
1440,南紡,紡織纖維,19.9,2024-04-26,2023Q4,15.67,100.0,81.43,100.0,-19.726666666666663,0.0,-6.441117741477953,0.0,-0.11124231808789672,0.0,56.8306921949512,92.07673048737799,44.2076730487378
1259,安心,觀光餐旅,74.1,2024-04-26,2023Q4,0.0,0.0,28.61,57.220000000000006,4.633333333333334,23.166666666666668,1.0905341555217427,0.0,4.937154357926924,100.0,41.0,52.5,44.18833333333333
6792,詠業,通信網路業,79.4,2024-04-26,2023Q4,19.0,67.53472222222221,-26.41,0.0,-0.9366666666666662,0.0,14.903655360799956,49.518276803999775,1.4252932801967617,100.0,82.7503731182125,100.0,44.18121374282219
3437,榮創,光電業,26.75,2024-04-26,2023Q4,0.0,0.0,28.57,57.14,19.863333333333333,99.31666666666666,-8.403121933019166,0.0,0.0,0.0,73.8717140103412,100.0,44.14833333333333
4155,訊映,生技醫療業,25.95,2024-04-26,2023Q4,1297.5,0.0,-98.54,0.0,27.820000000000004,100.0,-1.0119254856395004,0.0,0.9949118046132972,70.70168637332817,78.173105323865,100.0,44.14033727466563
6271,同欣電,半導體業,143.5,2024-04-26,2023Q4,26.23,62.87161601062945,-60.97,0.0,2.4133333333333336,12.066666666666666,12.242193702168915,36.21096851084458,2.1126341032217804,100.0,72.6075182332351,100.0,44.13214021102297
6721,信實,其他業,51.6,2024-04-26,2023Q4,0.0,0.0,8.12,16.24,12.306666666666667,61.53333333333333,2.3960426442892095,0.0,1.2885225787522339,100.0,51.0,77.5,44.11666666666667
4571,鈞興-KY,電機機械,94.0,2024-04-26,2023Q4,18.18,88.95231699126931,-22.22,0.0,0.0,0.0,11.924436181295604,34.62218090647802,2.1647359063012277,100.0,74.656733445704,100.0,44.08855883509863
8390,金益鼎,綠能環保,55.7,2024-04-26,2023Q4,0.0,0.0,97.52,100.0,7.09,35.449999999999996,7.657608407458208,13.288042037291042,0.39672147701836175,0.0,87.0,100.0,44.08320630559366
9924,福興,居家生活,53.9,2024-04-26,2023Q4,10.72,78.22229661868094,4.14,8.28,7.303333333333334,36.51666666666667,12.639220917228847,38.19610458614424,0.8896792269185051,55.66846098835787,72.4272802763169,100.0,44.05867088079464
2331,精英,電腦及週邊設備業,30.65,2024-04-26,2023Q4,16.84,79.8917568692756,15.92,31.840000000000003,-22.5,0.0,2.955893716588883,0.0,1.702556519440241,100.0,52.3340566059422,80.83514151485551,44.03268983841311
4147,中裕,生技醫療業,83.0,2024-04-26,2023Q4,0.0,0.0,28.04,56.08,151.85333333333332,100.0,-33.80210949271722,0.0,0.0,0.0,66.0,100.0,44.019999999999996
3653,健策,電子零組件業,958.0,2024-04-26,2023Q4,58.7,0.0,-15.1,0.0,1.113333333333333,5.5666666666666655,22.192129367111608,85.96064683555804,1.3302706385970897,100.0,72.4357392997914,100.0,44.00743035866704
3038,全台,光電業,31.4,2024-04-26,2023Q4,11.17,100.0,-0.71,0.0,-15.886666666666665,0.0,10.256355312073428,26.28177656036714,1.5968604792982473,100.0,62.3121678969521,100.0,43.94226648405507
3033,威健,電子通路業,33.25,2024-04-26,2023Q4,18.07,50.0,-54.09,0.0,18.21666666666667,91.08333333333334,2.6037356070811133,0.0,1.374262011497686,100.0,22.6832064130331,6.708016032582753,43.887468269924945
1201,味全,食品工業,18.65,2024-04-26,2023Q4,35.19,7.125456760048721,12.77,25.540000000000003,11.676666666666668,58.38333333333334,1.494899925750898,0.0,6.0294384007334445,100.0,40.4041443965583,51.01036099139576,43.87524844181112
6146,耕興,其他電子業,242.5,2024-04-26,2023Q4,0.0,0.0,-5.1,0.0,-11.256666666666668,0.0,36.683984228368324,100.0,1.1605853679942788,94.36933828489697,71.0,100.0,43.8738676569794
8131,福懋科,半導體業,36.45,2024-04-26,2023Q4,30.38,49.086530476665004,-74.19,0.0,8.953333333333333,44.766666666666666,4.411019855413949,0.0,3.483096479729921,100.0,89.0209310738287,100.0,43.86198638099984
6670,復盛應用,運動休閒,265.0,2024-04-26,2023Q4,14.61,92.99648849005072,-50.38,0.0,-10.676666666666668,0.0,12.472875806404645,37.36437903202322,2.0651216570311526,100.0,55.7378762050655,89.34469051266373,43.83877475507493
8076,伍豐,電腦及週邊設備業,28.15,2024-04-26,2023Q4,0.0,0.0,-85.98,0.0,13.436666666666667,67.18333333333334,5.42751699741786,2.1375849870893004,6.536149091590185,100.0,62.0,100.0,43.757304414730065
9935,慶豐富,居家生活,24.8,2024-04-26,2023Q4,41.33,0.0,-53.12,0.0,23.560000000000002,100.0,5.360061435284472,1.8003071764223622,7.950174993269489,100.0,33.8779892075944,34.694973018986005,43.73954337836195
6715,嘉基,電子零組件業,158.5,2024-04-26,2023Q4,25.04,28.091528724440117,-32.27,0.0,-11.433333333333332,0.0,19.51793074877888,72.5896537438944,2.2198951427923275,100.0,76.5910740880725,100.0,43.697600934028166
6733,博晟生醫,生技醫療業,36.6,2024-04-26,2023Q4,0.0,0.0,27.37,54.74,224.73333333333335,100.0,-160.62616006114206,0.0,0.0,0.0,90.0,100.0,43.685
2495,普安,電腦及週邊設備業,20.9,2024-04-26,2023Q4,23.75,51.12406328059949,12.82,25.64,-3.1533333333333338,0.0,14.27963427066214,46.398171353310694,1.0301309609602147,75.73299442288783,63.60771976475,100.0,43.62873091563412
6761,穩得,電子零組件業,98.1,2024-04-26,2023Q4,0.0,0.0,-47.53,0.0,13.229999999999999,66.14999999999999,8.487552618099995,17.437763090499974,1.6837825301739877,100.0,51.0,77.5,43.59566446357499
4741,泓瀚,化學工業,40.0,2024-04-26,2023Q4,0.0,0.0,20.24,40.48,-8.793333333333335,0.0,9.598780089180538,22.99390044590269,2.366586102719033,100.0,80.0,100.0,43.5690850668854
1558,伸興,電機機械,98.1,2024-04-26,2023Q4,25.75,63.53257219610477,-52.55,0.0,9.633333333333333,48.166666666666664,6.858031268237457,9.290156341187284,8.702218133577599,100.0,44.5838294364541,61.45957359113525,43.52607136323543
4439,冠星-KY,紡織纖維,108.5,2024-04-26,2023Q4,10.18,100.0,-7.84,0.0,0.0,0.0,9.623079350690837,23.115396753454185,1.2799866731341163,100.0,63.3998107796185,100.0,43.46730951301813
2905,三商,貿易百貨業,14.05,2024-04-26,2023Q4,0.0,0.0,46.91,93.82,622.9433333333333,100.0,-7.062308413373862,0.0,0.0,0.0,1.08847655549664,0.0,43.455
2754,亞洲藏壽司,觀光餐旅,99.7,2024-04-26,2023Q4,0.0,0.0,-12.86,0.0,22.50666666666667,100.0,5.938169410217166,4.690847051085831,4.420620820629303,100.0,31.0,27.500000000000004,43.45362705766288
9802,鈺齊-KY,運動休閒,118.0,2024-04-26,2023Q4,14.99,91.51385095591104,-56.52,0.0,0.0,0.0,10.689468074363061,28.447340371815304,3.305599013479156,100.0,66.2225722234917,100.0,43.418486151363396
3003,健和興,電子零組件業,73.5,2024-04-26,2023Q4,21.06,47.468354430379755,-39.3,0.0,-3.0666666666666664,0.0,16.52920588036379,57.64602940181896,1.2303764346083568,100.0,76.8476814359505,100.0,43.39373985331081
9925,新保,其他業,41.3,2024-04-26,2023Q4,16.93,55.839822024471644,-3.19,0.0,3.0399999999999996,15.199999999999998,11.352754372300963,31.763771861504814,1.7051009887224018,100.0,60.4024439244592,100.0,43.38854798167289
6261,久元,半導體業,73.6,2024-04-26,2023Q4,0.0,0.0,-38.5,0.0,11.976666666666668,59.88333333333335,14.97271037587809,49.86355187939046,0.9871373467498322,69.59104953569032,81.0,100.0,43.374409355713304
3290,東浦,電子零組件業,25.7,2024-04-26,2023Q4,0.0,0.0,-2.56,0.0,8.87,44.349999999999994,11.22098525776618,31.104926288830903,3.624012195624408,100.0,59.0,97.5,43.28573894332463
1326,台化,塑膠工業,53.9,2024-04-26,2023Q4,36.92,39.955290611028296,15.87,31.739999999999995,1.343333333333333,6.716666666666665,-0.9170369438285513,0.0,2.148143923894177,100.0,59.9533997864331,99.88349946608275,43.26221234104444
1103,嘉泥,水泥工業,17.9,2024-04-26,2023Q4,149.17,0.0,144.44,100.0,8.243333333333334,41.21666666666667,-5.066796996685309,0.0,-0.9250265163661479,0.0,59.4593363476761,98.64834086919025,43.10816742025236
2101,南港,橡膠工業,59.5,2024-04-26,2023Q4,371.88,0.0,113.01,100.0,16.403333333333332,82.01666666666667,5.628610079452632,3.1430503972631607,-20.759303340770533,0.0,24.8891759304487,12.222939826121753,43.09708487553499
6215,和椿,其他電子業,45.65,2024-04-26,2023Q4,48.05,0.0,-63.18,0.0,13.076666666666668,65.38333333333334,2.271569591347254,0.0,2.23369682505427,100.0,82.4275025641831,100.0,43.07666666666667
3552,同致,其他電子業,104.5,2024-04-26,2023Q4,0.0,0.0,-37.53,0.0,16.83,84.14999999999999,6.286582045100272,6.43291022550136,4.680774044428782,100.0,41.0,52.5,43.0449365338252
9917,中保科,其他業,126.0,2024-04-26,2023Q4,21.58,29.977753058954406,0.0,0.0,5.423333333333333,27.116666666666667,15.46455169759219,52.322758487960954,1.2840915186591197,100.0,46.8636047354487,67.15901183862177,42.98542359628509
2063,世鎧,鋼鐵工業,56.6,2024-04-26,2023Q4,0.0,0.0,0.81,1.6200000000000003,1.6799999999999997,8.399999999999999,21.521488659637946,82.60744329818974,2.1067806137828216,100.0,54.0,85.0,42.97611649472846
1726,永記,化學工業,77.9,2024-04-26,2023Q4,15.19,81.39114724480578,1.99,3.9800000000000004,-6.466666666666666,0.0,10.099803514503366,25.49901757251683,1.898690868319302,100.0,84.6838428890605,100.0,42.9589673603581
1730,花仙子,化學工業,56.3,2024-04-26,2023Q4,15.42,80.35230352303523,-8.98,0.0,-6.583333333333333,0.0,11.51702743776584,32.5851371888292,1.952568553938334,100.0,71.9553817480177,100.0,42.9230009306279
9933,中鼎,其他業,51.4,2024-04-26,2023Q4,21.78,28.86540600667409,-22.15,0.0,33.553333333333335,100.0,3.1672439400732952,0.0,1.5666430147051047,100.0,16.2928408059023,0.0,42.88654060066741
8349,矬,鋼鐵工業,70.5,2024-04-26,2023Q4,0.0,0.0,-22.31,0.0,19.77333333333333,98.86666666666665,5.774619759543988,3.8730987977199405,3.839918402858434,100.0,30.0,25.0,42.85429815299132
5353,台林,通信網路業,31.95,2024-04-26,2023Q4,0.0,0.0,18.23,36.46,1.1066666666666667,5.533333333333333,8.468380140079455,17.34190070039728,2.2036959757836976,100.0,62.0,100.0,42.82295177172626
1777,生泰,生技醫療業,84.6,2024-04-26,2023Q4,0.0,0.0,-14.95,0.0,2.25,11.25,25.28521459387254,100.0,1.0449179922952199,77.8454274707457,80.0,100.0,42.81908549414914
6229,研通,半導體業,34.3,2024-04-26,2023Q4,0.0,0.0,-97.75,0.0,14.786666666666667,73.93333333333334,-2.5222221717545636,0.0,30.3950233281493,100.0,52.0,80.0,42.78666666666667
5469,瀚宇博,電子零組件業,55.2,2024-04-26,2023Q4,10.89,96.98149951314508,-16.47,0.0,-10.123333333333333,0.0,16.100730930696578,55.50365465348289,3.720839228064231,100.0,39.0490515792354,47.622628948088504,42.78596104414579
2497,怡利電,汽車工業,49.95,2024-04-26,2023Q4,26.43,0.0,-34.38,0.0,14.07,70.35,6.612523242349972,8.062616211749859,2.0202027584783657,100.0,49.8175722000897,74.54393050022425,42.733785481784906
3264,欣銓,半導體業,77.5,2024-04-26,2023Q4,0.0,0.0,-22.59,0.0,-2.223333333333333,0.0,24.233063281392603,96.16531640696302,2.244391192242835,100.0,53.0,82.5,42.67479746104445
4563,百德,電機機械,47.4,2024-04-26,2023Q4,0.0,0.0,2.02,4.04,28.263333333333335,100.0,7.546260037895877,12.731300189479382,1.0419756200841495,77.42508858344993,37.0,42.5,42.654712745111894
2201,裕隆,汽車工業,67.5,2024-04-26,2023Q4,15.31,53.31544047994948,196.46,100.0,8.176666666666668,40.88333333333334,10.462051829844222,27.31025914922111,-2.7729479207329333,0.0,15.452082530387,0.0,42.60474958704478
8074,鉅橡,電子零組件業,23.65,2024-04-26,2023Q4,0.0,0.0,-79.83,0.0,12.590000000000002,62.95,4.980712322976115,0.0,2.4171107845393864,100.0,60.0,100.0,42.59
8042,金山電,電子零組件業,34.65,2024-04-26,2023Q4,0.0,0.0,-11.11,0.0,15.549999999999999,77.75,1.3902040652728302,0.0,7.5607747922736595,100.0,48.0,70.0,42.55
6791,虎門科技,資訊服務業,81.0,2024-04-26,2023Q4,0.0,0.0,0.0,0.0,14.346666666666666,71.73333333333332,14.326555278117198,46.63277639058599,0.8893989206624899,55.62841723749856,62.0,100.0,42.46726657275427
3710,連展投控,電子零組件業,10.1,2024-04-26,2023Q4,0.0,0.0,43.88,87.76,32.73,100.0,-4.408131069254794,0.0,0.0,0.0,22.0,5.0,42.44
2207,和泰車,汽車工業,609.0,2024-04-26,2023Q4,14.84,56.28354910009473,218.24,100.0,7.59,37.95,10.554941937783463,27.774709688917316,-0.8387075238404605,0.0,13.6302042262051,0.0,42.384561363347075
1789,神隆,生技醫療業,28.15,2024-04-26,2023Q4,78.19,0.0,-20.0,0.0,37.449999999999996,100.0,9.870772355899076,24.353861779495382,0.8051599687865783,43.59428125522547,88.4217374679502,100.0,42.371935517969405
1810,和成,玻璃陶瓷,19.7,2024-04-26,2023Q4,328.33,50.0,-86.96,0.0,7.32,36.6,-0.15475938487969193,0.0,65.16483175686153,100.0,62.9504938701469,100.0,42.32
8046,南電,電子零組件業,188.0,2024-04-26,2023Q4,20.89,48.29600778967866,-70.05,0.0,-43.65,0.0,14.981291792420334,49.906458962101674,2.839014755899033,100.0,68.0148406859448,100.0,42.31556962328312
2061,風青,電器電纜,21.35,2024-04-26,2023Q4,0.0,0.0,65.38,100.0,10.293333333333335,51.46666666666667,-3.612361608023213,0.0,0.0,0.0,48.0,70.0,42.29333333333334
3489,森寶,建材營造業,26.95,2024-04-26,2023Q4,0.0,0.0,-58.62,0.0,27.619999999999994,100.0,-1.2268308734679787,0.0,4.0221972176759415,100.0,29.0,22.5,42.25
6672,騰輝電子-KY,電子零組件業,82.6,2024-04-26,2023Q4,13.68,83.39824732229796,-7.88,0.0,0.0,0.0,10.181605466664388,25.908027333321943,1.7213216914277243,100.0,69.0031394094617,100.0,42.226028832228096
1560,中砂,電機機械,256.0,2024-04-26,2023Q4,39.94,15.883143049026206,-32.15,0.0,2.7566666666666664,13.783333333333331,15.503085456230025,52.51542728115013,1.5129558912925614,100.0,62.5407826641778,100.0,42.222295063741804
2375,凱美,電子零組件業,62.6,2024-04-26,2023Q4,25.66,25.07302823758519,-50.91,0.0,9.706666666666667,48.53333333333333,4.067287447490793,0.0,4.792346721610962,100.0,63.0580142977753,100.0,42.213969490425185
1785,光洋科,其他電子業,44.4,2024-04-26,2023Q4,0.0,0.0,-22.13,0.0,30.400000000000002,100.0,6.03573030800216,5.178651540010799,0.9963546404827544,70.90780578325062,49.0,72.5,42.20835888765175
6128,上福,電腦及週邊設備業,38.35,2024-04-26,2023Q4,11.28,100.0,-36.09,0.0,0.8400000000000002,4.200000000000001,9.902066543269044,24.510332716345218,1.9162365660893008,100.0,50.4945317984713,76.23632949617824,42.140182857069604
2236,百達-KY,汽車工業,74.4,2024-04-26,2023Q4,26.67,0.0,82.32,100.0,0.0,0.0,9.94805713659944,24.740285682997197,0.6191211427012043,17.017306100172046,61.3235608374753,100.0,42.11450407248399
8049,晶采,光電業,39.7,2024-04-26,2023Q4,0.0,0.0,-11.26,0.0,-36.556666666666665,0.0,21.04980896849692,80.2490448424846,1.8157795027494852,100.0,86.0,100.0,42.03735672637269
6414,樺漢,電腦及週邊設備業,331.0,2024-04-26,2023Q4,19.32,69.56702747710241,-41.72,0.0,15.073333333333332,75.36666666666666,4.279401704241505,0.0,3.2616777622288544,100.0,17.2739630636299,0.0,42.030036081043576
4183,福永生技,生技醫療業,21.6,2024-04-26,2023Q4,0.0,0.0,-17.76,0.0,12.786666666666669,63.933333333333344,5.300244381251768,1.5012219062588406,2.628567344799657,100.0,56.0,90.0,42.011849952605495
4768,晶呈科技,化學工業,262.5,2024-04-26,2023Q4,0.0,0.0,-51.75,0.0,0.8166666666666677,4.083333333333338,19.88302371909991,74.41511859549955,2.213942107935922,100.0,71.0,100.0,41.9789344559916
2524,京城,建材營造業,51.0,2024-04-26,2023Q4,42.5,0.0,-56.04,0.0,125.99666666666667,100.0,31.528859957098316,100.0,-3.125872939387975,0.0,47.8757916998657,69.68947924966426,41.96894792496643
2701,萬企,觀光餐旅,12.8,2024-04-26,2023Q4,24.15,43.635763047786824,12.77,25.540000000000003,1.0600000000000005,5.3000000000000025,56.118915826841864,100.0,0.6797674222634196,25.681060323345655,86.653391079592,100.0,41.944788369447814
4939,亞電,電子零組件業,21.4,2024-04-26,2023Q4,0.0,0.0,5.71,11.42,24.923333333333332,100.0,5.2711316039289375,1.3556580196446877,0.8364076868013876,48.058240971626795,57.0,92.5,41.919996897272064
5209,新鼎,其他業,195.5,2024-04-26,2023Q4,0.0,0.0,42.48,84.96,50.24333333333333,100.0,5.899934329799116,4.49967164899558,-0.7552114217944624,0.0,19.0,0.0,41.91495074734933
9930,中聯資源,綠能環保,64.1,2024-04-26,2023Q4,18.96,62.059369202226335,11.18,22.36,-1.8800000000000001,0.0,8.667047145673278,18.33523572836639,1.8871938110070217,100.0,49.3710546268149,73.42763656703725,41.888985936181314
6752,叡揚,資訊服務業,125.0,2024-04-26,2023Q4,0.0,0.0,15.41,30.820000000000004,5.616666666666667,28.08333333333334,14.545685540983525,47.72842770491763,1.046142471292985,78.020353041855,43.0,57.49999999999999,41.835001430775314
8103,瀚荃,電子零組件業,42.05,2024-04-26,2023Q4,15.24,75.80331061343719,-34.29,0.0,0.46666666666666795,2.3333333333333397,10.040454657761167,25.20227328880583,3.27719828001597,100.0,61.2675258047222,100.0,41.827338721331266
1525,江申,汽車工業,69.5,2024-04-26,2023Q4,12.64,70.17682349226398,49.46,98.92,-30.69666666666667,0.0,4.090907953476268,0.0,0.2633034770183967,0.0,83.1796593266857,100.0,41.7476823492264
2450,神腦,通信網路業,39.05,2024-04-26,2023Q4,15.68,81.94444444444444,7.06,14.12,-0.9733333333333335,0.0,1.3607285293368552,0.0,1.6232809061369438,100.0,65.2338133319123,100.0,41.724444444444444
3036,文曄,電子通路業,142.5,2024-04-26,2023Q4,38.31,0.0,-50.75,0.0,61.31999999999999,100.0,1.3792537461720324,0.0,10.225969070885327,100.0,26.8147860957973,17.036965239493245,41.703696523949326
6171,大城地產,建材營造業,43.2,2024-04-26,2023Q4,0.0,0.0,-28.32,0.0,-49.87,0.0,20.596679999045104,77.98339999522553,1.6035023301793532,100.0,61.0,100.0,41.69750999928383
4513,福裕,電機機械,39.45,2024-04-26,2023Q4,0.0,0.0,580.0,100.0,9.67,48.35,-2.971684628632388,0.0,0.45757963545809843,0.0,48.0,70.0,41.67
2008,高興昌,鋼鐵工業,22.7,2024-04-26,2023Q4,10.0,94.25863991081381,300.0,100.0,-15.910000000000002,0.0,6.070348799386426,5.351743996932128,0.25323679176408614,0.0,45.7472056864748,64.36801421618699,41.6654270122399
1463,強盛新,紡織纖維,18.45,2024-04-26,2023Q4,28.38,62.21775440767089,54.76,100.0,-12.743333333333334,0.0,-15.8056792937141,0.0,0.5153944387997651,2.1992055428235857,77.3256998554692,100.0,41.66161654933181
4951,精拓科,半導體業,73.8,2024-04-26,2023Q4,0.0,0.0,-30.61,0.0,15.816666666666668,79.08333333333334,23.483800857133765,92.41900428566882,0.568259385665529,9.75134080936129,87.0,100.0,41.629785471389255
5439,高技,電子零組件業,106.0,2024-04-26,2023Q4,0.0,0.0,27.39,54.78000000000001,-8.413333333333334,0.0,13.66138280769809,43.30691403849045,0.9153621712236475,59.33745303194965,58.0,95.0,41.558527712163496
4205,中華食,食品工業,95.9,2024-04-26,2023Q4,0.0,0.0,-1.51,0.0,1.4600000000000002,7.300000000000001,21.647384290390132,83.23692145195066,1.113871217864277,87.69588826632527,83.0,100.0,41.48471587105765
3023,信邦,電子零組件業,282.0,2024-04-26,2023Q4,20.49,50.24342745861734,12.19,24.38,-5.753333333333333,0.0,10.368211496847671,26.841057484238355,1.581743614479551,100.0,45.0178392898342,62.5445982245855,41.399961190956034
4977,眾達-KY,通信網路業,72.7,2024-04-26,2023Q4,17.11,75.73784722222221,-31.29,0.0,0.0,0.0,10.061482791931402,25.307413959657012,1.9481536904185555,100.0,75.8934762309442,100.0,41.36989681617077
1531,高林股,電機機械,13.5,2024-04-26,2023Q4,168.75,0.0,-92.16,0.0,11.353333333333333,56.766666666666666,-7.413826358863605,0.0,21.3103743315508,100.0,86.0752632572808,100.0,41.35333333333333
6290,良維,電子零組件業,84.4,2024-04-26,2023Q4,0.0,0.0,-24.18,0.0,8.959999999999999,44.8,8.188134279222938,15.94067139611469,2.976682366766481,100.0,69.0,100.0,41.3511007094172
2548,華固,建材營造業,160.5,2024-04-26,2023Q4,12.39,88.57213683688647,21.14,42.28,-99.75333333333333,0.0,27.525080207248433,100.0,0.17167148316913672,0.0,47.6617179654365,69.15429491359126,41.342643175047776
1110,東泥,水泥工業,20.2,2024-04-26,2023Q4,77.69,0.0,0.0,0.0,11.290000000000001,56.45,2.611723329219298,0.0,1.8448990783964903,100.0,75.4858791080231,100.0,41.29
4523,永彰,電機機械,51.5,2024-04-26,2023Q4,0.0,0.0,82.64,100.0,10.209999999999997,51.04999999999998,-20.77838925298938,0.0,0.0,0.0,44.0,60.0,41.209999999999994
5324,士開,建材營造業,15.2,2024-04-26,2023Q4,0.0,0.0,42.39,84.78,24.62,100.0,-9.07679251755954,0.0,0.0,0.0,14.0,0.0,41.195
3694,海華,通信網路業,43.7,2024-04-26,2023Q4,19.95,63.411458333333336,12.95,25.900000000000002,-0.4466666666666666,0.0,3.2976613893173017,0.0,3.696727137497413,100.0,53.4478604951935,83.61965123798376,41.178110957131715
6603,富強鑫,電機機械,17.65,2024-04-26,2023Q4,0.0,0.0,-87.25,0.0,18.673333333333336,93.36666666666667,0.9898718079878166,0.0,12.769044035539157,100.0,30.0,25.0,41.17333333333333
4305,世坤,塑膠工業,41.6,2024-04-26,2023Q4,0.0,0.0,8.99,17.98,5.480000000000001,27.40000000000001,17.88221416958014,64.4110708479007,0.899014593987776,57.00208485539656,87.0,100.0,41.03707759826442
1535,中宇,電機機械,78.5,2024-04-26,2023Q4,17.44,91.43720617864338,6.89,13.780000000000001,30.02333333333333,100.0,4.764222447328842,0.0,-0.7583606875300777,0.0,53.4940691341617,83.73517283540424,40.96223790140476
1752,南光,生技醫療業,44.55,2024-04-26,2023Q4,22.73,56.03555188094255,-43.84,0.0,-4.2366666666666655,0.0,12.087601872917663,35.43800936458831,1.7267613868322504,100.0,61.6441603052148,100.0,40.9192565927825
6477,安集,光電業,37.55,2024-04-26,2023Q4,31.03,29.845111326234264,-35.98,0.0,-50.406666666666666,0.0,21.119193189036725,80.59596594518362,4.47461492673074,100.0,43.1681854690946,57.92046367273651,40.86595239167462
6285,啟,通信網路業,147.5,2024-04-26,2023Q4,18.79,68.44618055555556,13.24,26.479999999999997,1.376666666666667,6.883333333333335,4.216322615759624,0.0,1.8786043551775915,100.0,44.0548671179087,60.13716779477175,40.8550015016994
5243,乙盛-KY,光電業,55.1,2024-04-26,2023Q4,15.52,89.90319457889642,-25.26,0.0,0.0,0.0,7.476833390604244,12.384166953021222,4.037657372971851,100.0,61.7998040925333,100.0,40.84794450084283
5457,宣德,電子零組件業,56.8,2024-04-26,2023Q4,0.0,0.0,-77.39,0.0,24.30666666666667,100.0,6.08722391891188,5.436119594559399,24.959833396355265,100.0,17.0,0.0,40.81541793918391
6874,倍力,資訊服務業,105.0,2024-04-26,2023Q4,0.0,0.0,-15.38,0.0,40.88333333333333,100.0,7.225138683958196,11.12569341979098,1.0125793899275428,73.22562713250612,38.0,45.0,40.81397943946987
3231,緯創,電腦及週邊設備業,113.0,2024-04-26,2023Q4,28.25,32.38967527060783,1.75,3.5000000000000004,15.896666666666667,79.48333333333333,3.158991482551966,0.0,4.2033329916203614,100.0,23.038513720713,7.596284301782497,40.770262623905694
1617,榮星,電器電纜,24.85,2024-04-26,2023Q4,276.11,0.0,-72.73,0.0,10.769999999999998,53.84999999999999,-0.9160659604278464,0.0,10.365549652635881,100.0,63.0825077306086,100.0,40.769999999999996
2612,中航,航運業,46.15,2024-04-26,2023Q4,27.8,3.9148712559117227,-57.22,0.0,9.756666666666666,48.78333333333333,9.322143659156959,21.610718295784796,3.878027831839405,100.0,49.477386456492,73.69346614123,40.75910815074856
3322,建舜電,電子零組件業,21.85,2024-04-26,2023Q4,0.0,0.0,-60.0,0.0,14.486666666666665,72.43333333333332,2.178007807115561,0.0,4.240376555548392,100.0,45.0,62.5,40.736666666666665
5283,禾聯碩,電器電纜,114.5,2024-04-26,2023Q4,14.72,71.49333333333333,-23.8,0.0,-5.333333333333335,0.0,9.826838372683795,24.134191863418977,1.1975565746274568,99.65093923249383,65.4672735779343,100.0,40.699649959344946
2345,智邦,通信網路業,428.0,2024-04-26,2023Q4,26.78,33.76736111111109,9.22,18.44,-4.796666666666667,0.0,13.661137933615722,43.30568966807861,2.0595185178749498,100.0,44.5205952694545,61.30148817363625,40.61273837868652
2484,希華,電子零組件業,32.1,2024-04-26,2023Q4,19.57,54.722492697176236,-65.98,0.0,-14.94,0.0,11.85143547109316,34.25717735546579,1.765050500406149,100.0,77.411864405173,100.0,40.61082587303749
2433,互盛電,其他電子業,53.2,2024-04-26,2023Q4,15.69,54.562043795620454,-12.63,0.0,-5.73,0.0,15.235518233418862,51.177591167094306,2.890533950384365,100.0,49.9046663021274,74.7616657553185,40.60900963015804
1709,和益,化學工業,19.4,2024-04-26,2023Q4,22.05,50.40650406504065,-61.23,0.0,5.533333333333332,27.66666666666666,4.597980575879057,0.0,1.904260763101763,100.0,66.0415092339094,100.0,40.573983739837395
2467,志聖,電子零組件業,126.0,2024-04-26,2023Q4,38.65,0.0,-32.03,0.0,11.243333333333332,56.21666666666666,11.105297836257423,30.526489181287115,2.031748381737278,100.0,38.5946277392398,46.48656934809949,40.47096364533635
2073,雄順,鋼鐵工業,29.95,2024-04-26,2023Q4,0.0,0.0,-75.0,0.0,11.43,57.15,3.5240782019132535,0.0,4.8829483118287875,100.0,56.0,90.0,40.43
5483,中美晶,半導體業,192.5,2024-04-26,2023Q4,0.0,0.0,14.26,28.52,-5.8,0.0,22.700624522728656,88.50312261364328,2.039321625141459,100.0,14.0,0.0,40.405468392046494
2340,台亞,半導體業,37.8,2024-04-26,2023Q4,54.0,0.0,-14.63,0.0,15.163333333333332,75.81666666666666,1.9807521072915575,0.0,1.0327981979870577,76.1140282838654,66.6070708535087,100.0,40.38613899010642
6873,泓德能源,綠能環保,181.0,2024-04-26,2023Q4,22.21,46.985157699443405,2.2,4.4,58.19333333333333,100.0,16.975020932490427,59.87510466245214,-2.1794542874697544,0.0,42.2593705771181,55.64842644279524,40.34462411359169
2478,大毅,電子零組件業,45.9,2024-04-26,2023Q4,17.93,62.70691333982473,-40.6,0.0,-0.38333333333333286,0.0,10.389613781375,26.948068906874994,3.522718856015246,100.0,68.3397529496669,100.0,40.312901670013716
3646,艾恩特,電子零組件業,30.5,2024-04-26,2023Q4,0.0,0.0,-40.79,0.0,9.363333333333333,46.81666666666667,6.159365374425832,5.796826872129159,3.1846121995746524,100.0,60.0,100.0,40.23285736415271
8215,明基材,光電業,33.95,2024-04-26,2023Q4,26.32,48.08325266214908,-68.07,0.0,13.356666666666667,66.78333333333335,3.4547027027784463,0.0,2.6407185195196354,100.0,28.1948272814309,20.48706820357725,40.2136987532393
2912,統一超,貿易百貨業,275.5,2024-04-26,2023Q4,26.98,54.46175637393769,14.33,28.660000000000004,7.593333333333334,37.96666666666667,4.337116953649912,0.0,3.9936741526264488,100.0,14.705320957632,0.0,40.204508970727105
6933,AMAX-KY,電腦及週邊設備業,349.5,2024-04-26,2023Q4,55.74,0.0,34.9,69.8,0.0,0.0,5.394437691625075,1.972188458125377,0.993490636379058,70.49866233986543,53.3929342409094,83.4823356022735,40.19379429691924
1513,中興電,電機機械,188.5,2024-04-26,2023Q4,58.72,0.0,-37.62,0.0,5.12,25.6,19.808184034660485,74.04092017330242,4.548901270420856,100.0,35.6668279581054,39.1670698952635,40.142845015521715
8213,志超,電子零組件業,39.6,2024-04-26,2023Q4,9.83,100.0,-25.92,0.0,-6.496666666666666,0.0,8.635871011902498,18.179355059512492,2.0905491407935903,100.0,49.6403536644649,74.10088416116224,40.1369916750431
6579,研揚,電腦及週邊設備業,153.0,2024-04-26,2023Q4,25.33,44.54621149042466,-16.05,0.0,-6.79,0.0,12.466216940166127,37.33108470083064,2.1321892618211264,100.0,69.6260823563893,100.0,40.05428385416706
1439,雋揚,建材營造業,28.4,2024-04-26,2023Q4,14.2,79.59841348537434,75.44,100.0,-49.71,0.0,-6.574092202960976,0.0,-0.3030715502001063,0.0,48.2722071308836,70.680517827209,40.02789313125834
2451,創見,半導體業,91.4,2024-04-26,2023Q4,19.74,84.42949676133532,-19.06,0.0,7.156666666666666,35.78333333333333,18.003192020862464,65.01596010431231,0.6619598102613063,23.137115751615195,86.4483246453755,100.0,39.979433508770086
2471,資通,資訊服務業,56.9,2024-04-26,2023Q4,15.55,74.69733656174333,20.39,40.78,-16.59,0.0,12.055820981333612,35.27910490666806,0.744636198074755,34.948028296393574,62.370878315231,100.0,39.946205051453255
8261,富鼎,半導體業,79.9,2024-04-26,2023Q4,26.37,62.406576980568,-67.95,0.0,-7.97,0.0,10.834038893616006,29.17019446808003,1.1737575130286357,96.2510732898051,90.0839902107225,100.0,39.86640152622983
3455,由田,光電業,90.8,2024-04-26,2023Q4,0.0,0.0,-58.17,0.0,-16.333333333333332,0.0,18.69778735303337,68.48893676516686,1.583682600905709,100.0,58.0,95.0,39.77334051477503
2904,匯僑,其他業,18.2,2024-04-26,2023Q4,21.67,29.47719688542825,-44.0,0.0,-5.38,0.0,14.035894346323365,45.17947173161683,3.7001364340134595,100.0,62.8503132426122,100.0,39.72464044828535
1402,遠東新,紡織纖維,32.05,2024-04-26,2023Q4,20.81,85.63253943705537,0.61,1.22,6.843333333333334,34.21666666666667,5.821326842815861,4.106634214079303,5.652021417880404,100.0,33.5391281037769,33.84782025944226,39.71236443509499
6409,旭隼,其他電子業,1500.0,2024-04-26,2023Q4,36.33,0.0,-18.43,0.0,-1.3966666666666665,0.0,21.833403400576955,84.16701700288478,1.1271731893171562,89.59616990245088,56.6396511706786,91.59912792669648,39.70419932359254
1733,五鼎,生技醫療業,33.75,2024-04-26,2023Q4,29.09,29.743695742042163,-36.26,0.0,4.133333333333333,20.666666666666664,8.452900234232827,17.26450117116413,1.9898517053453444,100.0,78.2077001171961,100.0,39.69737808321217
6811,宏硌穈T,數位雲端,258.5,2024-04-26,2023Q4,0.0,0.0,6.61,13.22,16.283333333333335,81.41666666666667,8.037007204321268,15.18503602160634,0.9923443334503559,70.33490477862227,35.0,37.5,39.683069692298744
1203,味王,食品工業,48.6,2024-04-26,2023Q4,27.0,40.377588306942755,-31.56,0.0,-1.0266666666666666,0.0,13.35561103378618,41.778055168930905,3.0737198971241524,100.0,57.0592598591812,92.648149647953,39.56928207082921
8923,時報,文化創意業,20.2,2024-04-26,2023Q4,0.0,0.0,-22.12,0.0,10.37,51.849999999999994,6.147030903913089,5.735154519565446,2.3363988383349468,100.0,53.0,82.5,39.48027317793482
2301,光寶科,電腦及週邊設備業,101.0,2024-04-26,2023Q4,15.98,83.47210657785179,2.75,5.5,-15.81,0.0,9.786245456225636,23.93122728112818,1.871270095924565,100.0,44.652371729057,61.6309293226425,39.474987682218654
2538,基泰,建材營造業,15.8,2024-04-26,2023Q4,16.81,66.65840356965792,113.64,100.0,-33.43666666666667,0.0,11.812888188440656,34.06444094220328,-2.8317455686045663,0.0,30.7416778986194,26.854194746548497,39.46092597295114
3701,大眾控,電腦及週邊設備業,55.8,2024-04-26,2023Q4,39.3,0.0,-33.18,0.0,15.466666666666667,77.33333333333333,4.922506262705712,0.0,4.543809839224424,100.0,35.960084272135,39.9002106803375,39.45668773470042
2353,宏,電腦及週邊設備業,44.55,2024-04-26,2023Q4,27.16,36.927560366361355,-1.8,0.0,11.770000000000001,58.85,1.7510436925083115,0.0,2.571712087566282,100.0,35.7999076009935,39.499769002483745,39.41273293688451
6796,晉弘,生技醫療業,75.2,2024-04-26,2023Q4,35.14,4.733360892930971,0.0,0.0,-15.816666666666668,0.0,17.112043608093114,60.560218040465564,2.2742998352553543,100.0,59.1142496117485,97.78562402937125,39.33593119830006
9919,康那香,其他業,21.9,2024-04-26,2023Q4,6.5,100.0,351.49,100.0,-10.753333333333336,0.0,-16.529703334222752,0.0,-0.14074557641361196,0.0,37.2193644865791,43.04841121644776,39.30484112164478
1236,宏亞,食品工業,23.7,2024-04-26,2023Q4,131.67,0.0,-95.91,0.0,9.266666666666667,46.333333333333336,0.6836435913206177,0.0,17.413575525812618,100.0,62.9740402974897,100.0,39.266666666666666
1315,達新,塑膠工業,71.1,2024-04-26,2023Q4,19.43,92.08643815201192,-50.61,0.0,-7.063333333333335,0.0,0.664845472797288,0.0,1.5470479308755891,100.0,93.4018254192366,100.0,39.20864381520119
4106,雃博,生技醫療業,27.8,2024-04-26,2023Q4,18.41,73.89417114510128,-5.63,0.0,-6.523333333333333,0.0,7.3369871127964625,11.684935563982313,2.994361643403517,100.0,72.4369923010229,100.0,39.14215744910748
2459,敦吉,其他電子業,71.3,2024-04-26,2023Q4,13.06,70.55961070559611,0.55,1.1,-13.623333333333335,0.0,9.837286439799918,24.18643219899959,1.5567710003727235,100.0,52.5520576120629,81.38014403015725,39.09694030342527
1717,長興,化學工業,30.55,2024-04-26,2023Q4,23.87,42.186088527551945,-40.47,0.0,9.313333333333333,46.56666666666666,4.510473297858247,0.0,4.3320531466987475,100.0,42.2537884372158,55.63447109303951,39.09538929539248
3168,眾福科,光電業,63.1,2024-04-26,2023Q4,15.7,89.20619554695062,-33.88,0.0,-19.476666666666667,0.0,10.129830998826682,25.64915499413341,2.6742271294506623,100.0,45.1771670628075,62.94291765701875,39.06228456951695
3689,湧德,電子零組件業,62.4,2024-04-26,2023Q4,0.0,0.0,16.24,32.48,-20.646666666666665,0.0,6.161371860196665,5.806859300983325,3.9703702740990083,100.0,65.0,100.0,38.991028895147494
6224,聚鼎,電子零組件業,52.3,2024-04-26,2023Q4,42.18,0.0,18.1,36.2,-4.6033333333333335,0.0,-2.668490259693774,0.0,3.5601158406438933,100.0,59.7429425983213,99.35735649580324,38.98573564958033
1737,臺鹽,食品工業,33.95,2024-04-26,2023Q4,22.63,58.12017864393017,-29.58,0.0,-7.080000000000001,0.0,9.194642941483115,20.97321470741558,1.5131830378246656,100.0,78.0221095771828,100.0,38.95800007050535
9907,統一實,其他業,14.75,2024-04-26,2023Q4,34.3,0.0,-69.72,0.0,9.413333333333332,47.06666666666666,2.984528862802773,0.0,4.887823067832317,100.0,58.1698249216218,95.4245623040545,38.95578956373878
6136,富爾特,通信網路業,22.35,2024-04-26,2023Q4,24.83,42.23090277777779,8.43,16.86,0.5166666666666669,2.583333333333335,-6.915658557013836,0.0,1.232194707851403,100.0,96.8180887296264,100.0,38.95475694444445
2636,台驊控股,航運業,98.6,2024-04-26,2023Q4,9.16,100.0,-40.32,0.0,38.42333333333333,100.0,6.183656079270361,5.918280396351805,-0.23628633263093868,0.0,52.1894318291294,80.4735795728235,38.93510001673512
6527,明達醫,生技醫療業,77.8,2024-04-26,2023Q4,0.0,0.0,-10.02,0.0,1.9633333333333336,9.816666666666668,14.281934647630237,46.409673238151186,1.4895063638825488,100.0,79.0,100.0,38.924784319056016
8066,來思達,居家生活,29.15,2024-04-26,2023Q4,0.0,0.0,-44.78,0.0,15.08,75.4,1.7301287383825765,0.0,2.5831028071289284,100.0,35.0,37.5,38.83
1530,亞崴,電機機械,32.0,2024-04-26,2023Q4,14.68,100.0,-40.6,0.0,-36.050000000000004,0.0,1.3971701799851561,0.0,1.8947730431523973,100.0,55.2484438242833,88.12110956070825,38.812110956070825
2351,順德,半導體業,100.0,2024-04-26,2023Q4,24.51,68.58495266567014,-20.93,0.0,-9.886666666666667,0.0,9.019584616854132,20.09792308427066,2.3239817006346617,100.0,55.7183842627033,89.29596065675825,38.802779794883435
6651,全宇昕,半導體業,71.0,2024-04-26,2023Q4,0.0,0.0,-38.5,0.0,-9.566666666666668,0.0,17.056106906271864,60.28053453135932,1.7825286013856076,100.0,59.0,97.5,38.7920801797039
8917,欣泰,油電燃氣業,59.0,2024-04-26,2023Q4,0.0,0.0,5.31,10.62,-0.08333333333333333,0.0,17.098222960988448,60.491114804942235,1.9151140907718003,100.0,48.0,70.0,38.728667220741336
5289,宜鼎,電腦及週邊設備業,286.5,2024-04-26,2023Q4,0.0,0.0,-38.31,0.0,-3.3266666666666667,0.0,16.599288554493516,57.99644277246758,1.270194037029808,100.0,75.0,100.0,38.699466415870134
6147,頎邦,半導體業,77.8,2024-04-26,2023Q4,0.0,0.0,-35.67,0.0,-6.386666666666667,0.0,16.583215282831585,57.91607641415793,1.6568542631397387,100.0,89.0,100.0,38.68741146212369
4987,科誠,電腦及週邊設備業,61.4,2024-04-26,2023Q4,0.0,0.0,-23.7,0.0,-3.116666666666666,0.0,16.502399531594705,57.511997657973524,1.648696661989258,100.0,79.0,100.0,38.62679964869603
4580,捷流閥業,電機機械,96.0,2024-04-26,2023Q4,0.0,0.0,-2.91,0.0,-14.92,0.0,16.43784648726858,57.1892324363429,2.0341250365970343,100.0,64.0,100.0,38.57838486545143
3491,昇達科,通信網路業,197.5,2024-04-26,2023Q4,0.0,0.0,-26.61,0.0,2.7366666666666664,13.68333333333333,12.772393275835094,38.86196637917547,2.6355622629440663,100.0,61.0,100.0,38.56596162354299
8442,威宏-KY,其他業,118.0,2024-04-26,2023Q4,12.65,79.64404894327029,-5.09,0.0,0.0,0.0,8.547379078708751,17.736895393543755,1.6428849466237192,100.0,51.622021496649,79.05505374162249,38.53044457752084
3035,智原,半導體業,295.5,2024-04-26,2023Q4,56.29,0.0,-35.32,0.0,-20.916666666666668,0.0,16.34489076746339,56.72445383731694,1.89192197157295,100.0,71.0489466399057,100.0,38.50866807559754
6756,威鋒電子,半導體業,192.5,2024-04-26,2023Q4,74.04,0.0,-75.19,0.0,6.490000000000001,32.45000000000001,7.672584630851607,13.362923154258036,5.494702855971956,100.0,79.1932954651684,100.0,38.49443847313871
1454,台富,紡織纖維,15.7,2024-04-26,2023Q4,98.12,0.0,-38.46,0.0,8.43,42.15,-1.5058706624126303,0.0,6.669123669123669,100.0,78.3251912009127,100.0,38.43
6937,天虹,半導體業,211.0,2024-04-26,2023Q4,46.48,0.0,-11.31,0.0,53.27,100.0,16.19151047126856,55.95755235634281,0.14833643665154683,0.0,75.4600698195985,100.0,38.39363285345142
2417,圓剛,電腦及週邊設備業,36.7,2024-04-26,2023Q4,3670.0,0.0,-95.65,0.0,10.593333333333334,52.966666666666676,-2.758657085471552,0.0,261.8497175141243,100.0,50.6449692264479,76.61242306611975,38.25457563994531
6728,上洋,居家生活,140.0,2024-04-26,2023Q4,0.0,0.0,-24.41,0.0,5.68,28.4,11.049557188618806,30.24778594309403,1.5816699525312439,100.0,52.0,80.0,38.2171678914641
1583,程泰,電機機械,71.3,2024-04-26,2023Q4,11.04,100.0,0.62,1.24,-14.143333333333333,0.0,8.259617026173112,16.298085130865562,1.80177119929567,100.0,41.767002184431,54.417505461077496,38.19646331573758
1712,興農,化學工業,39.7,2024-04-26,2023Q4,15.88,78.27461607949414,-36.22,0.0,-2.16,0.0,6.957135031426567,9.785675157132836,2.3876751439903954,100.0,55.3749516293753,88.43737907343827,38.13905078886317
2545,皇翔,建材營造業,57.2,2024-04-26,2023Q4,24.66,27.739216658403578,-59.86,0.0,587.9766666666666,100.0,26.406931514798178,100.0,-1.1194350000656366,0.0,21.3301792356312,3.325448089077998,38.10646647474815
2390,云辰,其他電子業,13.2,2024-04-26,2023Q4,0.0,0.0,89.78,100.0,3.0766666666666667,15.383333333333333,-2.193656258290608,0.0,0.0,0.0,84.2925532891476,100.0,38.07666666666667
5906,台南-KY,貿易百貨業,60.4,2024-04-26,2023Q4,18.82,83.35694050991502,9.93,19.86,0.0,0.0,6.38323182782968,6.916159139148399,1.8543976555791988,100.0,34.9069945697352,37.26748642433799,38.06486656429756
6248,沛波,鋼鐵工業,35.15,2024-04-26,2023Q4,0.0,0.0,21.08,42.16,20.836666666666666,100.0,2.929069241444172,0.0,-0.5563655842083669,0.0,50.0,75.0,38.04
4737,華廣,生技醫療業,68.8,2024-04-26,2023Q4,688.0,0.0,-93.33,0.0,13.663333333333332,68.31666666666666,-0.7598115024946357,0.0,32.76582380415526,100.0,37.4682369365588,43.67059234139701,38.03039256747304
6269,台郡,電子零組件業,92.4,2024-04-26,2023Q4,14.42,79.79552093476144,-40.44,0.0,-16.306666666666665,0.0,5.003433972131386,0.01716986065693149,2.208368796042047,100.0,63.013516384803,100.0,37.98212757257468
4438,廣越,紡織纖維,107.0,2024-04-26,2023Q4,15.07,100.0,-37.61,0.0,-10.796666666666667,0.0,5.566703711731879,2.833518558659396,2.6909818984186655,100.0,50.2154424992783,75.53860624819576,37.97888840861849
4120,友華,生技醫療業,42.2,2024-04-26,2023Q4,0.0,0.0,146.37,100.0,-4.036666666666666,0.0,1.5377532669525908,0.0,0.8404715755542125,48.638796507744644,33.0,32.5,37.97775930154893
3021,鴻名,電子零組件業,22.3,2024-04-26,2023Q4,16.64,68.9873417721519,-30.21,0.0,2.17,10.85,6.078311761380587,5.391558806902936,3.5371711217053843,100.0,52.2925376206103,80.73134405152574,37.9506024034032
1229,聯華,食品工業,65.5,2024-04-26,2023Q4,24.81,49.26918392204629,7.76,15.52,7.9433333333333325,39.71666666666666,8.564776139422806,17.82388069711403,0.8513099158627543,50.18713083753633,53.9176151988359,84.79403799708975,37.94066379732131
2328,廣宇,電子零組件業,33.7,2024-04-26,2023Q4,13.93,82.1811100292113,-5.1,0.0,-22.426666666666666,0.0,6.247370218400705,6.236851092003524,3.5295223241638882,100.0,54.9505355305191,87.37633882629774,37.89127254935143
8424,惠普,建材營造業,71.8,2024-04-26,2023Q4,0.0,0.0,-18.46,0.0,0.23666666666666755,1.1833333333333378,19.00610022015437,70.03050110077184,1.0995530405008038,85.6504343572577,86.0,100.0,37.871328703233985
2302,麗正,半導體業,17.0,2024-04-26,2023Q4,32.69,41.41338648065105,-50.94,0.0,-12.516666666666667,0.0,9.950247367576356,24.75123683788178,1.6526724147854817,100.0,76.0654362631742,100.0,37.854024173747376
1232,大統益,食品工業,145.0,2024-04-26,2023Q4,20.34,67.41778319123021,-1.7,0.0,-9.333333333333334,0.0,6.457897245740905,7.289486228704526,1.6397255760255833,100.0,65.9908822648891,100.0,37.8352012534287
6189,豐藝,電子通路業,86.4,2024-04-26,2023Q4,21.65,30.188157166574435,-1.96,0.0,67.42,100.0,4.306339996922131,0.0,0.9177265528936133,59.67522184194476,31.5217287105633,28.804321776408248,37.83429226268722
1308,亞聚,塑膠工業,19.1,2024-04-26,2023Q4,95.5,0.0,-91.8,0.0,1.2400000000000009,6.200000000000004,13.753437481018674,43.76718740509337,7.073767672250696,100.0,88.8579826027571,100.0,37.80507811076401
6776,展眥篕,電子通路業,62.5,2024-04-26,2023Q4,12.35,81.65467625899281,-0.59,0.0,6.673333333333333,33.36666666666667,2.1669097591263013,0.0,1.24510604478281,100.0,31.7484862013354,29.371215503338497,37.77592250956646
6615,慧智,生技醫療業,48.3,2024-04-26,2023Q4,0.0,0.0,-73.0,0.0,7.723333333333334,38.61666666666667,-3.4023354905879857,0.0,2.0558688297041727,100.0,81.0,100.0,37.72333333333333
2108,南帝,橡膠工業,33.5,2024-04-26,2023Q4,23.1,44.47236180904521,-40.08,0.0,-0.17999999999999972,0.0,9.356386382439268,21.78193191219634,1.765336347174314,100.0,82.6745854024702,100.0,37.71452596773397
4108,懷特,生技醫療業,19.8,2024-04-26,2023Q4,0.0,0.0,40.0,80.0,7.69,38.45,-74.88322286431696,0.0,0.0,0.0,81.9866828957618,100.0,37.69
6829,千附精密,半導體業,108.5,2024-04-26,2023Q4,0.0,0.0,-42.55,0.0,9.950000000000001,49.75000000000001,18.94824472915102,69.7412236457551,0.7532235543357889,36.174793476541275,81.0,100.0,37.64614224217152
9905,大華,其他業,24.0,2024-04-26,2023Q4,16.55,57.95328142380423,-6.45,0.0,1.3600000000000003,6.800000000000002,5.568250609648146,2.8412530482407305,1.3361973041432966,100.0,70.1852483809816,100.0,37.581516099616536
3711,日月光投控,半導體業,142.5,2024-04-26,2023Q4,19.36,85.69174555721641,-49.14,0.0,1.3933333333333333,6.966666666666667,6.930177716786837,9.650888583934183,3.606631852714369,100.0,44.6799325646885,61.69983141172125,37.58012431781722
2103,台橡,橡膠工業,24.1,2024-04-26,2023Q4,29.39,15.737779808131558,-62.04,0.0,8.19,40.949999999999996,3.0162578294020768,0.0,3.995901579075848,100.0,51.1256903657663,77.81422591441576,37.54520057225473
1455,集盛,紡織纖維,15.05,2024-04-26,2023Q4,0.0,0.0,15.09,30.18,31.996666666666666,100.0,-6.654171491881495,0.0,0.0,0.0,61.1711449901274,100.0,37.545
9910,豐泰,運動休閒,161.0,2024-04-26,2023Q4,31.94,25.380413577838468,-45.22,0.0,6.5,32.5,7.676182838244672,13.380914191223358,1.467373467006827,100.0,45.7288352937058,64.3220882342645,37.4773873098938
2025,千興,鋼鐵工業,10.95,2024-04-26,2023Q4,13.52,74.63768115942028,-70.86,0.0,117.30999999999999,100.0,-25.584581374350034,0.0,-3.0008062466588963,0.0,94.4350657949047,100.0,37.46376811594203
4162,智擎,生技醫療業,91.5,2024-04-26,2023Q4,0.0,0.0,-13.96,0.0,-1.7033333333333331,0.0,36.10709824155984,100.0,0.9356271618423448,62.23245169176356,98.0,100.0,37.44649033835271
8341,日友,綠能環保,100.0,2024-04-26,2023Q4,31.85,2.2727272727272485,-55.96,0.0,-7.956666666666666,0.0,18.50558982982882,67.5279491491441,2.0829553770954847,100.0,48.2912605913052,70.72815147826302,37.42928024747064
2066,世德,電機機械,143.0,2024-04-26,2023Q4,0.0,0.0,0.37,0.74,1.0333333333333334,5.166666666666667,14.347684222809013,46.73842111404507,1.2010542396925186,100.0,56.0,90.0,37.22909650044009
3289,宜特,其他電子業,134.0,2024-04-26,2023Q4,0.0,0.0,-3.38,0.0,9.226666666666667,46.13333333333333,7.970078591837436,14.85039295918718,2.0399425242637865,100.0,43.0,57.49999999999999,37.20422561054474
1907,永豐餘,造紙工業,30.6,2024-04-26,2023Q4,27.82,69.96547756041427,-16.03,0.0,5.05,25.25,0.18555553362435762,0.0,2.92842530189802,100.0,40.495549862405,51.2388746560125,37.17043522164268
3704,合勤控,通信網路業,40.95,2024-04-26,2023Q4,12.26,96.78819444444444,-12.66,0.0,-37.160000000000004,0.0,4.2437220667214355,0.0,2.710746137115529,100.0,49.9410300541486,74.8525751353715,37.16407695798159
6411,晶焱,半導體業,96.4,2024-04-26,2023Q4,0.0,0.0,-15.49,0.0,-4.9,0.0,14.433819058061015,47.16909529030507,1.5672907404804703,100.0,74.0,100.0,37.07536429354576
8942,森鉅,其他業,72.2,2024-04-26,2023Q4,0.0,0.0,22.32,44.64,-22.896666666666665,0.0,27.96837720108311,100.0,0.5481039029552349,6.871986136462133,58.0,95.0,37.03439722729243
3611,鼎翰,電腦及週邊設備業,226.0,2024-04-26,2023Q4,0.0,0.0,-4.31,0.0,-1.22,0.0,14.327503585470946,46.637517927354736,1.5160933590686103,100.0,61.0,100.0,36.99562768910321
8435,鉅邁,其他業,72.4,2024-04-26,2023Q4,0.0,0.0,9.25,18.5,-7.329999999999999,0.0,22.01224381155177,85.06121905775885,0.8361656968769402,48.02367098242003,80.0,100.0,36.98891705514784
1104,環泥,水泥工業,33.65,2024-04-26,2023Q4,10.75,72.82842785355348,3.3,6.6000000000000005,5.716666666666666,28.58333333333333,12.488666893435603,37.44333446717801,0.7348571325550656,33.55101893643794,77.5790115205771,100.0,36.976213409386304
6416,瑞祺電通,通信網路業,114.0,2024-04-26,2023Q4,25.91,37.54340277777777,-24.79,0.0,-22.69333333333333,0.0,9.256921784708497,21.284608923542486,3.2257310811355193,100.0,62.6821444491886,100.0,36.947031616309154
5203,訊連,資訊服務業,88.3,2024-04-26,2023Q4,31.42,0.0,20.09,40.18,14.576666666666668,72.88333333333334,8.048966714601757,15.244833573008787,0.3446017762885298,0.0,77.7197389106518,100.0,36.90839170261799
3479,安勤,電腦及週邊設備業,116.0,2024-04-26,2023Q4,0.0,0.0,6.08,12.16,-24.330000000000002,0.0,11.47558243703115,32.37791218515575,1.804933825664855,100.0,56.0,90.0,36.896686827773365
8481,政伸,其他業,50.7,2024-04-26,2023Q4,26.97,0.0,-57.56,0.0,-8.373333333333333,0.0,13.941929341864533,44.70964670932266,1.3470118182109343,100.0,88.3321603876957,100.0,36.7064470063984
6245,立端,通信網路業,93.8,2024-04-26,2023Q4,0.0,0.0,-5.73,0.0,-25.91333333333333,0.0,13.865694332936304,44.328471664681516,2.2836225536116666,100.0,62.0,100.0,36.649270749702225
1465,偉全,紡織纖維,15.15,2024-04-26,2023Q4,27.05,66.33158057531703,-39.78,0.0,-7.39,0.0,-0.7373382672379006,0.0,1.863366851595007,100.0,84.9400626474159,100.0,36.6331580575317
2465,麗臺,電腦及週邊設備業,122.5,2024-04-26,2023Q4,0.0,0.0,23.8,47.6,26.36333333333333,100.0,-2.3039827956063874,0.0,0.0,0.0,38.7685097953958,46.9212744884895,36.59212744884895
1565,精華,生技醫療業,184.5,2024-04-26,2023Q4,0.0,0.0,-46.41,0.0,-1.4733333333333338,0.0,13.785035030478701,43.9251751523935,1.76894756701114,100.0,79.0,100.0,36.58877627285902
4148,全宇生技-KY,生技醫療業,51.3,2024-04-26,2023Q4,23.53,52.728400165357584,-62.09,0.0,0.0,0.0,6.718172835295712,8.59086417647856,6.883152388401347,100.0,61.3637891682443,100.0,36.56146964300754
4173,久裕,生技醫療業,21.65,2024-04-26,2023Q4,0.0,0.0,22.62,45.24,19.603333333333335,98.01666666666668,7.183543582105786,10.91771791052893,-3.5860685726232164,0.0,36.0,40.0,36.55099101991268
2481,強茂,半導體業,54.6,2024-04-26,2023Q4,25.4,65.62863311742235,-53.26,0.0,2.246666666666667,11.233333333333336,6.56105351569438,7.8052675784719,2.4920039669485927,100.0,46.1901488822457,65.47537220561426,36.52785733574111
3652,精聯,電腦及週邊設備業,29.6,2024-04-26,2023Q4,54.81,0.0,-55.74,0.0,6.496666666666667,32.483333333333334,1.2837344288057395,0.0,3.073303457106274,100.0,76.1505267400852,100.0,36.49666666666667
4995,晶達,光電業,57.6,2024-04-26,2023Q4,0.0,0.0,-28.09,0.0,-1.1166666666666671,0.0,15.321373103094254,51.60686551547127,1.5846480582524272,100.0,55.0,87.5,36.49102982732069
9944,新麗,其他業,21.2,2024-04-26,2023Q4,14.23,70.85650723025584,-29.72,0.0,20.529999999999998,100.0,-3.9772926078038457,0.0,0.4165746697628383,0.0,57.6020371695866,94.0050929239665,36.486160015422236
1584,精剛,其他業,34.3,2024-04-26,2023Q4,0.0,0.0,168.75,100.0,0.28999999999999915,1.4499999999999957,6.477604935082418,7.38802467541209,0.2774595464463071,0.0,69.0,100.0,36.398203701311814
4549,桓達,電機機械,94.4,2024-04-26,2023Q4,0.0,0.0,-17.54,0.0,-8.0,0.0,22.82073802783529,89.10369013917645,0.9549914500556307,64.99877857937581,80.0,100.0,36.36530923675163
6412,群電,電子零組件業,168.0,2024-04-26,2023Q4,20.34,50.973709834469325,0.61,1.22,-2.6033333333333335,0.0,10.909065422071587,29.54532711035793,2.1133929061938392,100.0,46.0331378958589,65.08284473964724,36.342454523965344
3114,好德,電子零組件業,27.85,2024-04-26,2023Q4,0.0,0.0,-51.71,0.0,6.323333333333333,31.616666666666664,3.635690193465032,0.0,2.430883578771881,100.0,61.0,100.0,36.32333333333334
2476,鉅祥,電子零組件業,72.9,2024-04-26,2023Q4,20.59,49.75657254138266,-22.71,0.0,2.6066666666666674,13.033333333333335,13.190446473724565,40.95223236862282,0.9396465394643281,62.80664849490402,61.7821895286916,100.0,36.28648847507916
2027,大成鋼,鋼鐵工業,36.65,2024-04-26,2023Q4,14.72,67.94871794871793,-55.34,0.0,-19.863333333333333,0.0,8.74607078702948,18.7303539351474,4.738995558266843,100.0,46.6712440407938,66.6781101019845,36.272235895342355
3026,禾伸堂,電子零組件業,95.6,2024-04-26,2023Q4,18.64,59.250243427458614,-30.86,0.0,-14.486666666666666,0.0,5.373760413283687,1.8688020664184357,1.8860693709582599,100.0,65.4157625150722,100.0,36.205344652708625
2906,高林,貿易百貨業,19.35,2024-04-26,2023Q4,33.95,29.780453257790374,-8.06,0.0,10.533333333333333,52.666666666666664,5.688830174483022,3.4441508724151104,4.746609192015289,100.0,28.6725535192944,21.681383798236002,36.196139669798235
4566,時碩工業,電機機械,49.85,2024-04-26,2023Q4,17.31,91.87374076561451,-47.04,0.0,-8.07,0.0,5.241420967014522,1.2071048350726121,2.54207578178324,100.0,47.2104929236235,68.02623230905874,36.17106303272822
3015,全漢,電子零組件業,61.5,2024-04-26,2023Q4,18.3,60.90555014605646,-17.1,0.0,-20.05,0.0,3.5571161177278703,0.0,1.9076109993024475,100.0,69.8602573140969,100.0,36.09055501460565
2706,第一店,觀光餐旅,15.4,2024-04-26,2023Q4,25.67,36.94120237833074,0.0,0.0,3.733333333333333,18.666666666666664,68.64251258389261,100.0,0.6265518216132626,18.078831659037515,86.6601038566006,100.0,36.04321990297391
8415,大國鋼,鋼鐵工業,34.45,2024-04-26,2023Q4,0.0,0.0,-30.75,0.0,-13.586666666666666,0.0,15.386572870673168,51.93286435336584,1.7952514440231044,100.0,53.0,82.5,36.039929653004876
4163,鐿鈦,生技醫療業,119.5,2024-04-26,2023Q4,0.0,0.0,-19.43,0.0,-8.68,0.0,15.696563324236056,53.482816621180284,1.7014375392710126,100.0,52.0,80.0,36.02242249317705
4535,至興,電機機械,33.4,2024-04-26,2023Q4,0.0,0.0,-14.89,0.0,1.010000000000001,5.050000000000004,11.657913875330415,33.289569376652075,2.848151292001058,100.0,75.0,100.0,36.003435406497815
1614,三洋電,電器電纜,40.2,2024-04-26,2023Q4,32.42,0.0,9.73,19.46,-10.003333333333332,0.0,6.516872009852024,7.584360049260122,2.3382078639110646,100.0,80.4083084465489,100.0,36.00265400738902
3338,泰碩,電子零組件業,70.5,2024-04-26,2023Q4,25.36,26.53359298928919,-8.85,0.0,4.433333333333333,22.16666666666666,6.9923067337395315,9.961533668697657,2.7556372125905284,100.0,49.4326311025461,73.58157775636525,35.93908045820343
3580,友威科,其他電子業,50.4,2024-04-26,2023Q4,0.0,0.0,-58.71,0.0,20.999999999999996,100.0,16.526654659881622,57.6332732994081,-1.9404300696564138,0.0,49.0,72.5,35.89499099491121
8403,盛弘,生技醫療業,31.4,2024-04-26,2023Q4,0.0,0.0,-57.51,0.0,9.143333333333333,45.71666666666666,3.07480487346465,0.0,2.064380163298731,100.0,47.0,67.5,35.89333333333333
4550,長佳,電機機械,38.0,2024-04-26,2023Q4,0.0,0.0,15.19,30.380000000000003,-5.3566666666666665,0.0,7.366992425159094,11.834962125795471,2.2283603896103896,100.0,46.0,65.0,35.87024431886932
6205,詮欣,電子零組件業,70.2,2024-04-26,2023Q4,33.91,0.0,-48.28,0.0,-36.14,0.0,12.801533871914133,39.00766935957066,2.1601088432175746,100.0,68.2211698324527,100.0,35.8511504039356
2385,群光,電子零組件業,202.5,2024-04-26,2023Q4,19.66,54.28432327166504,0.88,1.76,0.7833333333333335,3.9166666666666674,9.569528534884853,22.847642674424264,2.5173337634893227,100.0,43.0177738528525,57.54443463213125,35.8333555248766
8354,冠好,其他業,14.8,2024-04-26,2023Q4,0.0,0.0,-22.55,0.0,9.31,46.550000000000004,-1.0998973016872795,0.0,1.9666159129195284,100.0,46.0,65.0,35.81
6112,邁達特,資訊服務業,56.2,2024-04-26,2023Q4,17.9,63.317191283292985,43.38,86.76,3.4933333333333345,17.466666666666672,2.4497065669647093,0.0,-0.07937812952652352,0.0,37.1666554773865,42.91663869346625,35.80671633100926
4935,茂林-KY,光電業,61.3,2024-04-26,2023Q4,23.85,57.64762826718295,-68.07,0.0,0.0,0.0,3.0931117080558583,0.0,3.0467438337728803,100.0,80.0680972703494,100.0,35.7647628267183
2115,六暉-KY,汽車工業,30.65,2024-04-26,2023Q4,17.41,40.05367856015156,-22.81,0.0,0.0,0.0,7.309258697797209,11.546293488986045,1.49416093425052,100.0,63.9910960160781,100.0,35.73731187936306
4417,金洲,紡織纖維,38.95,2024-04-26,2023Q4,0.0,0.0,-23.12,0.0,-13.913333333333334,0.0,13.31303162985876,41.565158149293794,2.1608930516789036,100.0,58.0,95.0,35.73477372239407
6556,勝品,光電業,76.5,2024-04-26,2023Q4,0.0,0.0,-37.74,0.0,-12.153333333333334,0.0,12.585005184806164,37.92502592403082,2.5782357818501787,100.0,65.0,100.0,35.68875388860462
2474,可成,其他電子業,213.5,2024-04-26,2023Q4,15.87,53.46715328467154,-11.96,0.0,2.9600000000000004,14.800000000000002,9.001352448649111,20.006762243245557,1.0032060300771715,71.88657572531021,61.6069108039374,100.0,35.68504481001603
8454,富邦媒,數位雲端,421.0,2024-04-26,2023Q4,27.88,74.77064220183487,5.67,11.34,6.88,34.4,4.013680777000117,0.0,1.0097054383475066,72.81506262107239,35.6392174597451,39.098043649362744,35.66488110933424
2049,上銀,電機機械,234.0,2024-04-26,2023Q4,40.7,13.331094694425794,-55.7,0.0,-0.9533333333333331,0.0,10.761882584712756,28.809412923563784,2.344450516722464,100.0,68.040840029092,100.0,35.65452140797714
6417,韋僑,通信網路業,101.0,2024-04-26,2023Q4,0.0,0.0,-10.67,0.0,-0.03333333333333336,0.0,13.799603633777807,43.99801816888903,1.2531040900951842,100.0,56.0,90.0,35.59970272533336
3687,歐買尬,數位雲端,92.8,2024-04-26,2023Q4,0.0,0.0,-35.42,0.0,4.45,22.25,19.773482965665377,73.86741482832689,18.0265663683108,100.0,17.0,0.0,35.53011222424903
4133,亞諾法,生技醫療業,31.15,2024-04-26,2023Q4,43.26,0.0,-41.94,0.0,-9.78,0.0,12.352768733052045,36.763843665260225,1.7450203763908605,100.0,94.8792654655049,100.0,35.514576549789034
8105,凌巨,光電業,13.05,2024-04-26,2023Q4,24.62,54.666021297192636,-61.87,0.0,-15.1,0.0,1.2015551671262752,0.0,4.112311353512085,100.0,67.7324593462119,100.0,35.46660212971926
3537,堡達,電子零組件業,41.2,2024-04-26,2023Q4,0.0,0.0,-37.1,0.0,6.676666666666667,33.38333333333333,6.684400526656149,8.422002633280744,1.1479001866799179,92.55716952570256,56.0,90.0,35.45140096679929
3052,夆典,建材營造業,13.9,2024-04-26,2023Q4,13.63,82.42439266236985,0.97,1.94,-0.20999999999999966,0.0,6.362652142640236,6.813260713201181,6.034381225829134,100.0,42.7030246794658,56.757561698664496,35.42518454308362
2546,根基,建材營造業,108.0,2024-04-26,2023Q4,13.17,84.70500743678731,-5.53,0.0,-4.333333333333333,0.0,8.185784749682892,15.928923748414459,1.2273268406464415,100.0,38.1860396928222,45.46509923205549,35.40634922914645
3481,群創,光電業,14.05,2024-04-26,2023Q4,0.0,0.0,27.17,54.339999999999996,11.816666666666668,59.08333333333334,-8.835781989559987,0.0,0.0,0.0,63.8057189546953,100.0,35.40166666666667
6693,廣閎科,半導體業,69.2,2024-04-26,2023Q4,0.0,0.0,-85.48,0.0,5.3933333333333335,26.966666666666665,2.15572266637789,0.0,8.539551140544518,100.0,72.0,100.0,35.39333333333333
9951,皇田,電機機械,70.8,2024-04-26,2023Q4,0.0,0.0,4.91,9.82,-0.1900000000000007,0.0,8.91209086185663,19.56045430928315,1.7202555014713776,100.0,62.0,100.0,35.389068146392475
2360,致茂,其他電子業,256.5,2024-04-26,2023Q4,27.32,0.0,-22.16,0.0,0.17666666666666705,0.8833333333333353,25.020487476924313,100.0,0.8565464772606476,50.935211037235376,65.5760480369665,100.0,35.36370887411374
6859,伯特光,光電業,124.0,2024-04-26,2023Q4,0.0,0.0,-59.34,0.0,-22.603333333333335,0.0,12.146324706880787,35.73162353440394,3.0298952167653175,100.0,81.0,100.0,35.359743530160586
6570,維田,電腦及週邊設備業,54.7,2024-04-26,2023Q4,0.0,0.0,-45.42,0.0,-2.6133333333333333,0.0,12.145138151635166,35.72569075817583,1.475395234914273,100.0,69.0,100.0,35.358853613726374
3624,光頡,電子零組件業,46.0,2024-04-26,2023Q4,0.0,0.0,-55.31,0.0,-11.603333333333333,0.0,12.086354491131475,35.431772455657374,2.051582618128206,100.0,85.0,100.0,35.3147658683486
2852,第一保,金融保險業,20.65,2024-04-26,2023Q4,9.79,81.39453398738613,13.44,26.88,10.969999999999999,54.85,10.211650307663575,26.05825153831788,0.46672723071917716,0.0,42.2241379570102,55.56034489252551,35.29422561873885
5328,華容,電子零組件業,14.0,2024-04-26,2023Q4,0.0,0.0,6.98,13.96,-28.496666666666666,0.0,7.395216905598683,11.976084527993414,6.411024679470937,100.0,81.0,100.0,35.28641267919902
1325,恆大,塑膠工業,27.5,2024-04-26,2023Q4,130.95,0.0,10.53,21.06,-10.563333333333334,0.0,-11.942932204267024,0.0,7.0207265558997465,100.0,93.1222272133084,100.0,35.265
3388,崇越電,電子零組件業,76.3,2024-04-26,2023Q4,0.0,0.0,-44.13,0.0,5.256666666666666,26.28333333333333,4.665288800736944,0.0,2.471459300698228,100.0,67.0,100.0,35.25666666666667
6509,聚和,化學工業,37.7,2024-04-26,2023Q4,0.0,0.0,-28.32,0.0,-0.6833333333333336,0.0,11.961308810245693,34.806544051228464,2.682541454452429,100.0,61.0,100.0,35.220981607684266
4551,智伸科,汽車工業,96.8,2024-04-26,2023Q4,21.66,13.214398484370072,-63.36,0.0,-11.273333333333332,0.0,10.13088781750293,25.654439087514653,2.926624510222291,100.0,62.1369201299503,100.0,35.16960571156421
3484,崧騰,電子零組件業,48.7,2024-04-26,2023Q4,0.0,0.0,-69.43,0.0,6.403333333333333,32.016666666666666,3.3743468902072493,0.0,5.042259381582712,100.0,55.0,87.5,35.153333333333336
2542,興富發,建材營造業,42.95,2024-04-26,2023Q4,32.29,0.0,-36.06,0.0,-48.300000000000004,0.0,26.57789435328908,100.0,7.047386283259183,100.0,20.5287586421972,1.3218966054930004,35.1321896605493
4906,正文,通信網路業,32.8,2024-04-26,2023Q4,21.87,55.078124999999986,-8.82,0.0,-16.866666666666667,0.0,1.773870558584904,0.0,4.283342362308134,100.0,58.4402421324082,96.1006053310205,35.11787303310205
3051,力特,光電業,36.3,2024-04-26,2023Q4,35.24,13.543078412391086,-60.69,0.0,-19.826666666666668,0.0,10.182903469110036,25.91451734555018,3.7309832378921013,100.0,59.0534729517996,97.63368237949899,35.00485368102153
3629,地心引力,文化創意業,24.95,2024-04-26,2023Q4,0.0,0.0,50.54,100.0,-99.78666666666668,0.0,-323.79746835443035,0.0,0.0,0.0,83.0,100.0,35.0
5345,天揚,其他業,11.75,2024-04-26,2023Q4,0.0,0.0,60.26,100.0,-23.393333333333334,0.0,-656.3694267515924,0.0,0.0,0.0,79.0,100.0,35.0
3623,富晶通,光電業,33.0,2024-04-26,2023Q4,0.0,0.0,63.83,100.0,-30.146666666666665,0.0,-4.744866125925725,0.0,0.0,0.0,75.0,100.0,35.0
2033,佳大,鋼鐵工業,16.65,2024-04-26,2023Q4,0.0,0.0,75.0,100.0,-0.3600000000000018,0.0,-1.0352093946275498,0.0,0.0,0.0,82.6791089463045,100.0,35.0
8429,金麗-KY,貿易百貨業,10.1,2024-04-26,2023Q4,0.0,0.0,92.59,100.0,0.0,0.0,-20.066668254006046,0.0,0.0,0.0,89.9484453571597,100.0,35.0
4303,信立,塑膠工業,50.0,2024-04-26,2023Q4,0.0,0.0,400.0,100.0,-2.599999999999998,0.0,-18.624941257945636,0.0,0.2802144841607335,0.0,62.0,100.0,35.0
5310,天剛,資訊服務業,44.0,2024-04-26,2023Q4,0.0,0.0,100.93,100.0,-33.919999999999995,0.0,-273.8988580750408,0.0,-64.48169014084507,0.0,79.0,100.0,35.0
3607,谷崧,電子零組件業,16.95,2024-04-26,2023Q4,0.0,0.0,83.86,100.0,-0.8366666666666672,0.0,-5.181882710525597,0.0,0.0,0.0,60.9292576512316,100.0,35.0
4903,聯光通,通信網路業,17.0,2024-04-26,2023Q4,0.0,0.0,125.23,100.0,-12.409999999999998,0.0,-10.203156070842976,0.0,-3.3818621785611094,0.0,80.0,100.0,35.0
6535,順藥,生技醫療業,172.0,2024-04-26,2023Q4,0.0,0.0,51.8,100.0,-35.59333333333334,0.0,-660.2308665401645,0.0,0.0,0.0,85.0,100.0,35.0
4974,亞泰,電子零組件業,71.4,2024-04-26,2023Q4,0.0,0.0,-29.32,0.0,0.45333333333333314,2.2666666666666657,11.060150027521246,30.30075013760623,1.3437950955597842,100.0,78.0,100.0,34.99844585397427
2539,櫻花建,建材營造業,74.9,2024-04-26,2023Q4,33.59,0.0,26.55,53.1,-30.566666666666663,0.0,34.92919574899823,100.0,0.21457655850086874,0.0,46.6577454434752,66.644363608688,34.9394363608688
9937,全國,油電燃氣業,66.4,2024-04-26,2023Q4,26.25,49.05787348586812,7.66,15.32,-0.03000000000000025,0.0,3.3275434246210254,0.0,1.855177399351939,100.0,44.6750198231841,61.68754955796025,34.90454230438284
6916,華凌,光電業,25.9,2024-04-26,2023Q4,21.58,66.4375605033882,-73.51,0.0,-33.830000000000005,0.0,5.679360137805431,3.396800689027155,3.729683574849336,100.0,50.5899897506573,76.47497437664326,34.80077359135722
5514,三豐,建材營造業,24.1,2024-04-26,2023Q4,0.0,0.0,300.0,100.0,-12.1,0.0,7.032521939403566,10.162609697017828,-8.320200449282876,0.0,53.0,82.5,34.77439145455267
1321,大洋,塑膠工業,39.05,2024-04-26,2023Q4,44.38,17.719821162444106,563.16,100.0,-15.959999999999999,0.0,0.7112137902182821,0.0,0.06555034328497313,0.0,51.9127081273868,79.78177031846701,34.75015914809111
3178,公準,半導體業,121.0,2024-04-26,2023Q4,0.0,0.0,-9.78,0.0,-14.676666666666668,0.0,16.328815306486266,56.64407653243133,1.7254514326640535,100.0,45.0,62.5,34.7466114798647
2609,陽明,航運業,51.8,2024-04-26,2023Q4,37.81,0.0,-97.35,0.0,18.796666666666667,93.98333333333333,-1.1845043516949378,0.0,0.7078181758008725,29.688310828696068,70.5477501517897,100.0,34.73432883240588
2913,農林,貿易百貨業,21.3,2024-04-26,2023Q4,0.0,0.0,82.61,100.0,-4.386666666666667,0.0,-32.826008479421986,0.0,0.0,0.0,58.8749901471868,97.187475367967,34.7187475367967
8358,金居,電子零組件業,64.6,2024-04-26,2023Q4,0.0,0.0,-44.91,0.0,-13.833333333333334,0.0,11.193638905169687,30.968194525848435,1.2783023647697718,100.0,76.0,100.0,34.645229178877265
6657,華安,生技醫療業,54.8,2024-04-26,2023Q4,0.0,0.0,9.27,18.54,23.520000000000007,100.0,-3657.9631181894383,0.0,0.0,0.0,97.0325983320661,100.0,34.635
9904,寶成,運動休閒,36.05,2024-04-26,2023Q4,10.01,100.0,-15.85,0.0,-1.0899999999999999,0.0,4.1420099605684895,0.0,2.9950108287128065,100.0,38.5215360331809,46.30384008295225,34.63038400829522
2405,輔信,電腦及週邊設備業,17.9,2024-04-26,2023Q4,447.5,0.0,-75.0,0.0,4.593333333333333,22.96666666666666,-1.228292303508613,0.0,21.4445432497979,100.0,81.7875573170813,100.0,34.593333333333334
2395,研華,電腦及週邊設備業,368.0,2024-04-26,2023Q4,29.16,28.60116569525395,0.4,0.8,-20.220000000000002,0.0,18.78377356404705,68.91886782023523,0.8917770008479792,55.96814297828274,70.1763222897408,100.0,34.591575338217226
3058,立德,電子零組件業,21.65,2024-04-26,2023Q4,80.19,0.0,127.72,100.0,-16.24,0.0,-1.7943230104897088,0.0,0.6943069586638643,27.75813695198061,35.9606838808384,39.90170970209601,34.541798360605725
3454,晶睿,光電業,136.5,2024-04-26,2023Q4,24.16,56.447241045498544,-30.33,0.0,-33.32333333333333,0.0,4.613648594918615,0.0,3.3512347962581064,100.0,55.3342780267825,88.33569506695625,34.478293611245476
6922,宸曜,電腦及週邊設備業,122.0,2024-04-26,2023Q4,0.0,0.0,-44.66,0.0,18.653333333333332,93.26666666666667,12.726996933082418,38.63498466541209,0.3824682198338753,0.0,77.0,100.0,34.448581033145146
1723,中碳,化學工業,113.0,2024-04-26,2023Q4,18.28,67.43450767841011,-15.69,0.0,-23.873333333333335,0.0,18.267321721278464,66.33660860639232,0.7712139985193016,38.744856931328805,72.1551258742401,100.0,34.44291344506562
1538,正峰,電機機械,15.7,2024-04-26,2023Q4,0.0,0.0,48.8,97.6,-65.25333333333333,0.0,-28.207977120047733,0.0,0.0,0.0,65.9013832029263,100.0,34.4
2801,彰銀,金融保險業,18.05,2024-04-26,2023Q4,15.04,44.604064470918004,18.81,37.62,5.503333333333334,27.516666666666666,42.09633832158779,100.0,-2.352902779834021,0.0,6.48073811519473,0.0,34.36873978042513
3317,尼克森,半導體業,50.5,2024-04-26,2023Q4,0.0,0.0,-51.64,0.0,-12.986666666666666,0.0,10.76387916766584,28.8193958383292,1.214821593693101,100.0,81.0,100.0,34.322909375749376
6173,信昌電,電子零組件業,43.5,2024-04-26,2023Q4,0.0,0.0,-10.81,0.0,-0.5800000000000001,0.0,10.684159865828791,28.420799329143954,2.519613446942004,100.0,80.0,100.0,34.26311989937159
5206,坤悅,建材營造業,38.2,2024-04-26,2023Q4,0.0,0.0,443.28,100.0,-100.0,0.0,12.895882900896519,39.47941450448259,0.5720020322366327,10.286004605233243,25.0,12.5,34.22911309671904
2477,美隆電,其他電子業,20.9,2024-04-26,2023Q4,87.08,0.0,-52.0,0.0,6.476666666666667,32.38333333333333,-7.534710304112034,0.0,4.650263714492249,100.0,50.9617181844562,77.4042954611405,34.21709621278072
6516,勤崴國際,資訊服務業,74.8,2024-04-26,2023Q4,0.0,0.0,-22.58,0.0,-27.916666666666668,0.0,10.620796075017806,28.103980375089026,2.3925805604777843,100.0,81.0,100.0,34.215597056263356
2849,安泰銀,金融保險業,14.0,2024-04-26,2023Q4,25.0,0.0,3.7,7.400000000000001,-3.5499999999999994,0.0,21.469875772930745,82.34937886465372,2.1555901898863516,100.0,9.92563276914075,0.0,34.202406829698056
6482,弘煜科,文化創意業,49.5,2024-04-26,2023Q4,0.0,0.0,-37.97,0.0,28.27,100.0,10.596467690950526,27.982338454752632,0.43788403530331804,0.0,68.0,100.0,34.19735076821289
1713,國化,化學工業,45.6,2024-04-26,2023Q4,19.66,61.20144534778681,22.75,45.5,6.683333333333337,33.416666666666686,-7.765469960599591,0.0,0.3047764474191201,0.0,94.4186314873569,100.0,34.17847786811202
4755,三福化,化學工業,143.0,2024-04-26,2023Q4,32.43,3.5230352303523116,-47.69,0.0,-3.8266666666666667,0.0,11.178548580123145,30.892742900615726,2.342216812387222,100.0,56.6644714376311,91.66117859407775,34.15233281753537
2373,震旦行,其他電子業,73.1,2024-04-26,2023Q4,14.98,58.88077858880779,-16.49,0.0,-10.173333333333332,0.0,8.943946120687412,19.719730603437064,1.5686779837417442,100.0,41.1680416109354,52.92010402733849,34.138047852130185
2705,六福,觀光餐旅,19.9,2024-04-26,2023Q4,0.0,0.0,69.28,100.0,6.3933333333333335,31.966666666666665,3.4345878399616483,0.0,0.0,0.0,30.8561109158411,27.14027728960275,34.107361062293606
3149,正達,光電業,22.75,2024-04-26,2023Q4,0.0,0.0,64.35,100.0,5.77,28.849999999999998,-10.717299941206246,0.0,0.0,0.0,33.310982854582,33.277457136455,34.0977457136455
3332,幸康,電子零組件業,43.0,2024-04-26,2023Q4,0.0,0.0,-34.65,0.0,-11.716666666666667,0.0,10.460506819486538,27.30253409743269,1.3287589040904746,100.0,78.0,100.0,34.095380114614905
3357,臺慶科,電子零組件業,121.0,2024-04-26,2023Q4,0.0,0.0,-42.43,0.0,-0.4333333333333333,0.0,10.450497530455534,27.25248765227767,2.0397129678470733,100.0,61.0,100.0,34.08787314784165
3443,創意,半導體業,1320.0,2024-04-26,2023Q4,54.66,0.0,-5.45,0.0,-12.826666666666668,0.0,15.124474128257335,50.62237064128667,1.285159291139818,100.0,45.9409236017275,64.85230900431874,34.07858649662487
1788,杏昌,生技醫療業,139.5,2024-04-26,2023Q4,0.0,0.0,-11.59,0.0,-0.8300000000000001,0.0,10.435502228309725,27.17751114154862,1.2457124465492666,100.0,65.0,100.0,34.07662667123229
6170,統振,通信網路業,52.3,2024-04-26,2023Q4,0.0,0.0,0.37,0.74,28.903333333333336,100.0,9.877256745528298,24.38628372764149,0.6286283152093193,18.375473601331326,46.0,65.0,34.01803727941249
2065,世豐,鋼鐵工業,62.4,2024-04-26,2023Q4,0.0,0.0,-26.33,0.0,-12.959999999999999,0.0,13.649566083736264,43.24783041868132,1.7880517318314253,100.0,50.0,75.0,33.987174562802196
2308,台達電,電子零組件業,315.0,2024-04-26,2023Q4,24.51,30.671859785783816,2.23,4.46,-1.3966666666666665,0.0,10.206164572364576,26.030822861822884,2.1288032266966415,100.0,43.5096159255176,58.774039813794,33.96421338923121
2722,夏都,觀光餐旅,62.0,2024-04-26,2023Q4,89.86,0.0,-47.33,0.0,-13.009999999999998,0.0,10.269782644222913,26.34891322111456,1.7395484949832776,100.0,64.3891893094631,100.0,33.952336983167186
5450,南良,其他業,19.9,2024-04-26,2023Q4,0.0,0.0,-93.1,0.0,6.673333333333333,33.36666666666667,0.7863013403278383,0.0,17.38259206121473,100.0,49.0,72.5,33.92333333333333
5301,寶得利,觀光餐旅,10.5,2024-04-26,2023Q4,0.0,0.0,7.58,15.160000000000002,198.70333333333335,100.0,-32.14646838575931,0.0,0.0,0.0,74.0,100.0,33.79
3665,貿聯-KY,其他電子業,232.0,2024-04-26,2023Q4,16.35,50.54744525547446,-41.99,0.0,0.0,0.0,8.299765624285346,16.49882812142673,3.213265554910663,100.0,44.9592530963229,62.39813274080724,33.76938201784218
6591,動力-KY,電腦及週邊設備業,55.0,2024-04-26,2023Q4,16.52,81.22398001665279,-50.72,0.0,0.0,0.0,8.850391763914311,19.251958819571556,0.9465473016301597,63.79247166145139,66.672713518334,100.0,33.76868615689129
1414,東和,紡織纖維,20.6,2024-04-26,2023Q4,137.33,0.0,-68.09,0.0,3.753333333333332,18.76666666666666,-6.581018600218826,0.0,1.7697342384851897,100.0,69.7653783689063,100.0,33.75333333333333
4938,和碩,電腦及週邊設備業,97.0,2024-04-26,2023Q4,16.44,81.55703580349709,4.24,8.48,-22.183333333333334,0.0,1.1738425308951848,0.0,5.560926020422126,100.0,33.8934360429195,34.73359010729874,33.749062591079586
8383,千附,半導體業,40.6,2024-04-26,2023Q4,0.0,0.0,-43.13,0.0,-23.853333333333335,0.0,9.961151728921172,24.80575864460586,3.225584930404459,100.0,69.0,100.0,33.72086379669088
5902,德記,居家生活,32.9,2024-04-26,2023Q4,0.0,0.0,-5.64,0.0,-9.75,0.0,9.833297164317575,24.166485821587873,1.293946268381718,100.0,77.0,100.0,33.62497287323818
6123,上奇,資訊服務業,69.8,2024-04-26,2023Q4,0.0,0.0,-28.05,0.0,6.673333333333333,33.36666666666667,6.934371992739006,9.67185996369503,1.3734643333646146,100.0,42.0,55.00000000000001,33.62411232788759
1593,祺驊,運動休閒,44.6,2024-04-26,2023Q4,0.0,0.0,-74.04,0.0,0.8999999999999991,4.499999999999996,8.463123947611958,17.31561973805979,3.209093057141732,100.0,64.0,100.0,33.49734296070896
8432,東生華,生技醫療業,60.3,2024-04-26,2023Q4,0.0,0.0,0.0,0.0,38.406666666666666,100.0,7.846672347478226,14.233361737391128,0.5464195260449435,6.631360863563356,79.0,100.0,33.46127643332134
8931,大汽電,油電燃氣業,53.8,2024-04-26,2023Q4,0.0,0.0,-22.92,0.0,-26.686666666666667,0.0,13.567939439265544,42.83969719632772,2.519488953201101,100.0,48.0,70.0,33.425954579449154
4440,宜新實業,紡織纖維,24.5,2024-04-26,2023Q4,36.57,36.88524590163933,-76.9,0.0,-7.003333333333333,0.0,3.1995341450928847,0.0,1.6531563369704465,100.0,58.9104406541368,97.27610163534199,33.41613475369813
4543,萬在,電機機械,47.6,2024-04-26,2023Q4,0.0,0.0,-3.21,0.0,-3.3899999999999992,0.0,16.46732083993168,57.3366041996584,1.0177551656110477,73.96502365872111,69.0,100.0,33.393495361692985
6266,泰詠,電子零組件業,34.0,2024-04-26,2023Q4,0.0,0.0,-9.66,0.0,-26.583333333333332,0.0,9.384929985534033,21.924649927670163,2.2920007144325485,100.0,69.0,100.0,33.28869748915052
4560,強信-KY,電機機械,37.25,2024-04-26,2023Q4,35.14,32.00134318334453,-71.35,0.0,0.0,0.0,4.982832697641744,0.0,3.3837651170531453,100.0,77.1830561269363,100.0,33.200134318334456
8070,長華*,電子通路業,43.95,2024-04-26,2023Q4,19.98,39.42999446596569,-30.7,0.0,-3.616666666666667,0.0,10.19047784227073,25.952389211353644,2.3318327608592933,100.0,41.3911326079706,53.47783151992649,33.18364098029226
6548,長科*,半導體業,40.35,2024-04-26,2023Q4,0.0,0.0,-44.52,0.0,-3.5933333333333337,0.0,12.505425798348968,37.52712899174484,1.7652641846147552,100.0,50.0,75.0,33.129069348761725
9960,邁達康,運動休閒,27.05,2024-04-26,2023Q4,0.0,0.0,-30.39,0.0,-19.316666666666666,0.0,12.489739726417465,37.44869863208732,1.2096460291810665,100.0,50.0,75.0,33.117304794813094
3546,宇峻,文化創意業,80.1,2024-04-26,2023Q4,0.0,0.0,-33.75,0.0,0.9800000000000001,4.9,15.781925777713424,53.90962888856712,0.9915553379496864,70.2221911356695,78.0,100.0,33.11088256041897
3305,昇貿,其他電子業,61.5,2024-04-26,2023Q4,35.34,0.0,-56.93,0.0,2.726666666666667,13.633333333333336,6.276729970908377,6.383649854541887,3.0991882381632583,100.0,57.640663905492,94.10165976373,33.09438012122095
3294,英濟,電子零組件業,35.3,2024-04-26,2023Q4,0.0,0.0,16.67,33.34,25.766666666666666,100.0,-1.122528429315652,0.0,0.0,0.0,39.0,47.5,33.085
6546,正基,通信網路業,121.5,2024-04-26,2023Q4,0.0,0.0,-46.07,0.0,17.603333333333335,88.01666666666668,12.252228434680152,36.26114217340076,0.35995089091229854,0.0,64.0,100.0,33.04250465934345
8271,宇瞻,半導體業,66.0,2024-04-26,2023Q4,15.68,97.91562863311741,-13.77,0.0,4.550000000000001,22.750000000000004,9.310607714448874,21.553038572244372,0.6904344304090437,27.20491862986339,67.6191302786528,100.0,33.01550237512107
4534,慶騰,電機機械,11.05,2024-04-26,2023Q4,0.0,0.0,10.53,21.06,25.386666666666667,100.0,-19.37386687200646,0.0,0.0,0.0,51.0,77.5,33.015
8937,合騏,其他業,20.55,2024-04-26,2023Q4,0.0,0.0,1083.33,100.0,-43.28333333333333,0.0,-20.653458289829885,0.0,0.22492759219926628,0.0,52.0,80.0,33.0
6574,霈方,生技醫療業,50.5,2024-04-26,2023Q4,0.0,0.0,-31.39,0.0,-0.8733333333333332,0.0,8.961764321646132,19.808821608230662,3.2088564058469475,100.0,76.0,100.0,32.9713232412346
1219,福壽,食品工業,18.95,2024-04-26,2023Q4,20.16,68.14859926918392,-3.09,0.0,-15.299999999999999,0.0,2.1893236100895552,0.0,1.6422529353424833,100.0,44.5221520286039,61.30538007150974,32.94539793406937
3709,鑫聯大投控,電腦及週邊設備業,23.6,2024-04-26,2023Q4,0.0,0.0,-27.57,0.0,11.193333333333333,55.96666666666666,1.0267131967090588,0.0,5.2591459802120974,100.0,27.0,17.5,32.943333333333335
2613,中櫃,航運業,22.5,2024-04-26,2023Q4,31.69,0.0,-32.38,0.0,7.543333333333333,37.71666666666667,8.54806188451223,17.740309422561147,7.914902767964118,100.0,30.7804394464447,26.951098616111747,32.89948960832868
6691,洋基工程,其他電子業,380.0,2024-04-26,2023Q4,18.79,35.70559610705597,3.22,6.4399999999999995,-16.40666666666667,0.0,13.987630571968246,44.93815285984123,1.0065498390408885,72.36426272012693,45.9409225926999,64.85230648174975,32.87936573188214
6469,大樹,生技醫療業,277.5,2024-04-26,2023Q4,0.0,0.0,-6.1,0.0,10.376666666666667,51.88333333333334,4.989921456052735,0.0,1.3367349849635688,100.0,30.0,25.0,32.876666666666665
8155,博智,電子零組件業,142.0,2024-04-26,2023Q4,0.0,0.0,-63.47,0.0,0.9933333333333335,4.966666666666668,7.482448021700942,12.41224010850471,2.42816970409563,100.0,64.0,100.0,32.85516934960904
2221,大甲,其他業,32.5,2024-04-26,2023Q4,0.0,0.0,-67.67,0.0,-8.026666666666666,0.0,9.138468237718774,20.692341188593872,1.4584709550756438,100.0,59.0,97.5,32.85385117828908
4426,利勤,紡織纖維,17.7,2024-04-26,2023Q4,0.0,0.0,47.83,95.66,-25.936666666666667,0.0,-1.7048110529460387,0.0,0.0,0.0,55.7276254411687,89.31906360292174,32.846906360292174
8924,大田,運動休閒,87.3,2024-04-26,2023Q4,0.0,0.0,-77.34,0.0,-20.21,0.0,8.752367696887175,18.761838484435874,2.6991906917248842,100.0,73.0,100.0,32.81427577266538
3594,磐儀,電腦及週邊設備業,43.05,2024-04-26,2023Q4,0.0,0.0,-13.91,0.0,-30.090000000000003,0.0,9.080264947257643,20.401324736288213,2.6493514947354715,100.0,59.0,97.5,32.81019871044323
6768,志強-KY,運動休閒,87.0,2024-04-26,2023Q4,31.3,27.8774873195474,-69.85,0.0,0.0,0.0,3.3788183285825024,0.0,4.176120120516857,100.0,68.204393217172,100.0,32.78774873195474
5465,富驊,電腦及週邊設備業,41.85,2024-04-26,2023Q4,0.0,0.0,-2.97,0.0,4.573333333333333,22.866666666666667,6.585003269625292,7.925016348126461,1.569261922615736,100.0,48.0,70.0,32.7620857855523
6242,立康,生技醫療業,51.7,2024-04-26,2023Q4,0.0,0.0,-0.96,0.0,-19.953333333333337,0.0,21.190888161187456,80.95444080593728,0.871622534754444,53.08893353634914,76.0,100.0,32.76095282816042
3163,波若威,通信網路業,99.0,2024-04-26,2023Q4,0.0,0.0,-6.17,0.0,-6.386666666666667,0.0,8.669196540698323,18.345982703491615,1.7808353718143475,100.0,73.0,100.0,32.75189740552374
6762,達亞,生技醫療業,250.0,2024-04-26,2023Q4,0.0,0.0,-50.0,0.0,-35.64666666666667,0.0,21.776376266428883,83.88188133214442,1.0221603096148466,74.59432994497809,41.0,52.5,32.75114818881728
6182,合晶,半導體業,39.2,2024-04-26,2023Q4,0.0,0.0,-73.75,0.0,-27.226666666666663,0.0,13.593016351616383,42.965081758081915,5.793851482624328,100.0,45.0,62.5,32.69476226371229
3171,新洲,居家生活,30.5,2024-04-26,2023Q4,0.0,0.0,13.66,27.32,-1.9333333333333333,0.0,9.02812314789715,20.14061573948575,0.9485181312348779,64.07401874783972,71.0,100.0,32.665896110490806
2429,銘旺科,光電業,19.25,2024-04-26,2023Q4,0.0,0.0,54.84,100.0,-59.00666666666666,0.0,-15.70245676468752,0.0,0.0,0.0,50.5569737004488,76.392434251122,32.6392434251122
3324,雙鴻,其他電子業,826.0,2024-04-26,2023Q4,0.0,0.0,-2.72,0.0,-1.3766666666666663,0.0,10.826226424133042,29.13113212066521,1.6000131510265512,100.0,53.0,82.5,32.61966981809978
3013,晟銘電,電腦及週邊設備業,72.2,2024-04-26,2023Q4,55.97,0.0,10.26,20.52,-3.563333333333334,0.0,3.522584786774467,0.0,5.451636222861296,100.0,49.9518257393274,74.8795643483185,32.61795643483185
6243,迅杰,半導體業,58.3,2024-04-26,2023Q4,39.66,18.261086198305932,-13.79,0.0,-10.626666666666667,0.0,5.998683942961723,4.9934197148086135,2.3263393124962506,100.0,71.4631954799739,100.0,32.57512157705189
2424,隴華,通信網路業,29.0,2024-04-26,2023Q4,0.0,0.0,14.13,28.26,35.660000000000004,100.0,-177.01155890541946,0.0,0.0,0.0,41.9603328935228,54.90083223380701,32.555083223380706
1725,元禎,化學工業,44.2,2024-04-26,2023Q4,40.18,0.0,-21.43,0.0,2.530000000000001,12.650000000000006,2.1163767118537367,0.0,1.3698526954292185,100.0,62.5751835789239,100.0,32.53
2239,英利-KY,汽車工業,58.0,2024-04-26,2023Q4,41.43,0.0,19.49,38.98,0.0,0.0,2.506281629359949,0.0,9.532164748005265,100.0,31.0571953417049,27.642988354262254,32.50929883542622
3686,達能,半導體業,20.15,2024-04-26,2023Q4,0.0,0.0,5.0,10.0,730.0133333333333,100.0,-99.02130671417763,0.0,0.0,0.0,99.043408484392,100.0,32.5
6821,聯寶,電子零組件業,42.8,2024-04-26,2023Q4,0.0,0.0,-24.89,0.0,-21.216666666666665,0.0,8.288014314496856,16.44007157248428,1.8892102114080573,100.0,68.0,100.0,32.46601073587264
1799,易威,生技醫療業,67.2,2024-04-26,2023Q4,0.0,0.0,9.93,19.86,91.58333333333333,100.0,-59.91208564654601,0.0,0.0,0.0,50.0,75.0,32.465
6606,建德工業,電機機械,27.4,2024-04-26,2023Q4,29.78,50.0,-35.37,0.0,5.153333333333332,25.76666666666666,21.233901731924224,81.16950865962112,0.31224629865673104,0.0,76.9409213592009,100.0,32.3287596322765
8114,振樺電,電腦及週邊設備業,115.5,2024-04-26,2023Q4,20.81,63.3638634471274,-50.67,0.0,-6.419999999999999,0.0,11.518354644135883,32.591773220679414,4.846562334647414,100.0,24.3307855435778,10.8269638589445,32.307848713709106
1727,中華化,化學工業,29.4,2024-04-26,2023Q4,79.46,0.0,-64.86,0.0,2.2866666666666666,11.433333333333334,0.17743876796357255,0.0,5.009032494111729,100.0,64.663058291302,100.0,32.28666666666666
6190,萬泰科,通信網路業,38.7,2024-04-26,2023Q4,0.0,0.0,-51.97,0.0,5.716666666666666,28.58333333333333,5.388725283003237,1.9436264150161844,3.9297509981462997,100.0,45.0,62.5,32.25821062891909
8028,昇陽半導體,半導體業,54.0,2024-04-26,2023Q4,29.83,50.91346952333499,-6.91,0.0,-13.306666666666667,0.0,6.894281335456923,9.471406677284614,2.200840400776938,100.0,42.8509706334994,57.127426583748495,32.22480061230104
4958,臻鼎-KY,電子零組件業,114.0,2024-04-26,2023Q4,17.4,65.28724440116845,-56.39,0.0,0.0,0.0,6.05006783509308,5.250339175465402,5.430543977608326,100.0,39.4181323733579,48.54533093339475,32.17080840977613
2356,英業達,電腦及週邊設備業,53.3,2024-04-26,2023Q4,31.17,20.233139050791003,0.0,0.0,8.770000000000001,43.85000000000001,1.4498842342109568,0.0,1.852770925233724,100.0,25.4975007590069,13.743751897517251,32.16768909483083
8183,精星,其他電子業,42.4,2024-04-26,2023Q4,0.0,0.0,-20.07,0.0,-10.403333333333334,0.0,10.538315683413817,27.691578417069085,1.3956631483598725,100.0,52.0,80.0,32.153736762560364
8240,華宏,光電業,36.25,2024-04-26,2023Q4,0.0,0.0,-22.93,0.0,3.8899999999999992,19.449999999999996,3.304195320538535,0.0,2.204026069640925,100.0,53.0,82.5,32.14
7402,邑錡,光電業,110.5,2024-04-26,2023Q4,0.0,0.0,-33.01,0.0,53.88999999999999,100.0,7.845567365095525,14.227836825477628,0.4224151574758643,0.0,87.0,100.0,32.13417552382164
2643,捷迅,航運業,81.5,2024-04-26,2023Q4,0.0,0.0,-54.86,0.0,32.42666666666667,100.0,7.8277093886827505,14.138546943413752,-0.38612874790807006,0.0,61.0,100.0,32.12078204151206
1410,南染,紡織纖維,36.2,2024-04-26,2023Q4,150.83,0.0,-73.33,0.0,2.1033333333333335,10.516666666666667,-6.516270425222646,0.0,2.165842906759284,100.0,80.4073990694882,100.0,32.10333333333333
4432,銘旺實,紡織纖維,23.5,2024-04-26,2023Q4,0.0,0.0,-43.7,0.0,-12.596666666666666,0.0,7.786321258515703,13.931606292578516,2.315866908103214,100.0,87.0,100.0,32.08974094388678
1323,永裕,塑膠工業,31.2,2024-04-26,2023Q4,33.55,50.0,-55.12,0.0,-3.643333333333333,0.0,6.422303653054286,7.111518265271428,5.9404577791524895,100.0,44.0857518235281,60.214379558820255,32.08816569567274
6438,迅得,其他電子業,126.0,2024-04-26,2023Q4,14.63,61.009732360097324,-5.53,0.0,-18.736666666666668,0.0,13.229930666170993,41.14965333085497,0.9227728182796313,60.39611689709019,50.9065185436347,77.26629635908674,32.07927425096469
8916,光隆,其他業,60.0,2024-04-26,2023Q4,0.0,0.0,-39.91,0.0,-14.780000000000001,0.0,7.747977360343031,13.739886801715153,2.1767884839084917,100.0,70.0,100.0,32.06098302025727
2762,世界健身-KY,運動休閒,97.6,2024-04-26,2023Q4,27.89,41.18220834959032,15.13,30.260000000000005,0.0,0.0,5.421872744457218,2.1093637222860906,6.819080424912239,100.0,13.8059751238855,0.0,31.999625393301947
6470,宇智,通信網路業,54.9,2024-04-26,2023Q4,0.0,0.0,-32.25,0.0,-41.10333333333333,0.0,7.6232247725283875,13.116123862641938,1.5274987484314757,100.0,67.0,100.0,31.96741857939629
6592,和潤企業,其他業,117.5,2024-04-26,2023Q4,21.21,32.035595105672975,0.16,0.32,18.756666666666664,93.78333333333332,18.233966092978,66.16983046489,-12.133708438261895,0.0,11.5645679201498,0.0,31.96570074696746
3059,華晶科,光電業,39.05,2024-04-26,2023Q4,30.75,30.929332042594382,-23.95,0.0,-29.25,0.0,3.9342042331410245,0.0,4.441986620625206,100.0,55.2750445982271,88.18761149556774,31.911694353816213
8299,群聯,半導體業,710.0,2024-04-26,2023Q4,0.0,0.0,-33.31,0.0,63.910000000000004,100.0,7.51087841700913,12.554392085045652,-0.4679957775406216,0.0,66.0,100.0,31.883158812756847
3522,御頂,觀光餐旅,17.4,2024-04-26,2023Q4,0.0,0.0,16.26,32.52,44.44,100.0,-14.87889791793226,0.0,0.0,0.0,35.0,37.5,31.880000000000003
3379,彬台,電機機械,14.15,2024-04-26,2023Q4,0.0,0.0,78.18,100.0,-5.653333333333333,0.0,-3.663863701742805,0.0,0.0,0.0,47.0,67.5,31.75
8908,欣雄,油電燃氣業,55.8,2024-04-26,2023Q4,0.0,0.0,-2.14,0.0,2.073333333333333,10.366666666666664,9.533694986073424,22.668474930367122,1.5934374049826612,100.0,45.0,62.5,31.7236045728884
3494,誠研,電腦及週邊設備業,5.15,2024-04-26,2023Q4,0.0,0.0,21.65,43.3,22.91333333333333,100.0,-31.930280349219643,0.0,0.0,0.0,23.4804601707664,8.701150426915998,31.695115042691597
5009,榮剛,鋼鐵工業,52.8,2024-04-26,2023Q4,0.0,0.0,3.1,6.2,3.066666666666667,15.333333333333336,17.554069791385018,62.77034895692509,0.8629051664776712,51.843595211095895,49.0,72.5,31.65093805242461
6506,雙邦,紡織纖維,16.85,2024-04-26,2023Q4,0.0,0.0,-99.69,0.0,4.400000000000001,22.000000000000007,-3.626262805199012,0.0,132.49842767295598,100.0,49.0,72.5,31.650000000000002
2432,倚天酷-創,,39.75,2024-04-26,2023Q4,20.28,14.79999999999999,-34.87,0.0,73.02,100.0,5.178232925796768,0.8911646289838381,0.4088468865193835,0.0,68.4464814120141,100.0,31.613674694347576
3147,大綜,資訊服務業,135.5,2024-04-26,2023Q4,0.0,0.0,7.27,14.540000000000001,33.23666666666667,100.0,8.252349181718936,16.261745908594676,0.07792329637261408,0.0,42.0,55.00000000000001,31.574261886289204
8438,昶昕,綠能環保,37.15,2024-04-26,2023Q4,29.02,15.398886827458247,-12.33,0.0,-6.796666666666667,0.0,3.9194350161341776,0.0,2.9658200062715583,100.0,59.964607718038,99.911519295095,31.531040612255325
1336,台翰,電子零組件業,18.95,2024-04-26,2023Q4,0.0,0.0,-32.2,0.0,-3.6166666666666667,0.0,6.996941204300445,9.984706021502223,3.950656485706304,100.0,67.0,100.0,31.497705903225334
2947,振宇五金,居家生活,82.0,2024-04-26,2023Q4,0.0,0.0,-33.14,0.0,10.243333333333334,51.21666666666667,3.5106218097094093,0.0,4.542025163698125,100.0,25.0,12.5,31.493333333333332
5309,系統電,電子零組件業,33.85,2024-04-26,2023Q4,0.0,0.0,-34.11,0.0,0.8033333333333333,4.016666666666667,5.909583897071651,4.547919485358256,2.1308731662256735,100.0,62.0,100.0,31.485521256137073
6143,振曜,通信網路業,116.5,2024-04-26,2023Q4,0.0,0.0,2.62,5.24,-14.886666666666665,0.0,10.900585140130097,29.502925700650483,2.4057360366407603,100.0,43.0,57.49999999999999,31.48543885509757
6844,諾貝兒,生技醫療業,168.5,2024-04-26,2023Q4,0.0,0.0,-48.59,0.0,-9.963333333333333,0.0,6.912620733920097,9.563103669600483,2.0719679672365974,100.0,66.0,100.0,31.434465550440073
5285,界霖,半導體業,65.8,2024-04-26,2023Q4,37.6,25.103803354924416,-57.11,0.0,-7.663333333333334,0.0,4.4005790061174475,0.0,4.446732759730627,100.0,55.4616660655214,88.6541651638035,31.375796851872792
4999,鑫禾,電子零組件業,33.65,2024-04-26,2023Q4,673.0,0.0,-98.19,0.0,1.3266666666666667,6.633333333333333,-1.1858310169842314,0.0,59.37214791502754,100.0,84.9963518543089,100.0,31.326666666666668
5425,台半,半導體業,70.1,2024-04-26,2023Q4,0.0,0.0,-53.98,0.0,-12.376666666666665,0.0,12.099933675487721,35.4996683774386,3.941348936880775,100.0,44.0,60.0,31.32495025661579
2820,華票,金融保險業,15.1,2024-04-26,2023Q4,15.73,39.7687456201822,24.68,49.36,-0.8466666666666663,0.0,75.40506367355792,100.0,-4.645323867190471,0.0,11.2132075638268,0.0,31.31687456201822
4770,上品,化學工業,407.5,2024-04-26,2023Q4,19.31,62.782294489611566,-5.86,0.0,-11.856666666666667,0.0,35.1866266902281,100.0,0.49223794640496704,0.0,74.6495849220716,100.0,31.278229448961156
3712,永崴投控,電腦及週邊設備業,44.85,2024-04-26,2023Q4,19.42,69.15070774354703,7.44,14.88,39.27666666666667,100.0,5.8365888955301735,4.182944477650867,-9.089222701948879,0.0,19.2362337636357,0.0,31.262512446002333
1904,正隆,造紙工業,28.85,2024-04-26,2023Q4,34.76,50.0,-63.44,0.0,1.033333333333334,5.1666666666666705,4.713784135903635,0.0,4.47880748450849,100.0,40.8545555308136,52.136388827034,31.246972216036735
6863,永道-KY,通信網路業,146.0,2024-04-26,2023Q4,24.21,44.921875,19.11,38.22,0.0,0.0,14.553941144014065,47.76970572007032,0.3068539268149478,0.0,83.5000960505827,100.0,31.212643358010546
4915,致伸,電子零組件業,87.4,2024-04-26,2023Q4,16.28,70.74001947419669,-9.84,0.0,-4.259999999999999,0.0,4.534725516471736,0.0,3.109301574183123,100.0,36.5464420000206,41.3661050000515,31.210612447424822
3031,佰鴻,光電業,20.1,2024-04-26,2023Q4,19.14,75.88576960309777,-9.48,0.0,-0.3666666666666683,0.0,6.04615804348805,5.230790217440249,0.9485477589825224,64.0782512832175,82.5564654740029,100.0,31.188845749569314
2377,微星,電腦及週邊設備業,156.0,2024-04-26,2023Q4,17.49,77.18567860116569,-24.34,0.0,10.033333333333333,50.16666666666667,4.8151263202967325,0.0,0.6586647419531612,22.666391707594453,55.4332189317609,88.58304732940225,31.14348426790902
6233,旺玖,半導體業,36.75,2024-04-26,2023Q4,0.0,0.0,-92.0,0.0,1.136666666666667,5.6833333333333345,-9.03939288032353,0.0,2.075380359612725,100.0,91.0,100.0,31.136666666666667
3252,海灣,觀光餐旅,21.6,2024-04-26,2023Q4,0.0,0.0,-88.89,0.0,-3.733333333333333,0.0,9.428771128386057,22.143855641930283,59.639376218323584,100.0,51.0,77.5,31.07157834628954
5278,尚凡,數位雲端,241.0,2024-04-26,2023Q4,0.0,0.0,20.74,41.48,1.3666666666666671,6.833333333333336,18.035806008669457,65.17903004334728,0.7119739904680977,30.28199863829968,34.0,35.0,31.06992090082869
2892,第一金,金融保險業,26.95,2024-04-26,2023Q4,16.33,35.56412053258586,9.27,18.54,5.506666666666667,27.53333333333333,42.02245265089956,100.0,0.5818970846401725,11.69958352002465,5.6089723047419,0.0,31.03799542393018
5484,慧友,光電業,23.6,2024-04-26,2023Q4,0.0,0.0,42.06,84.12,-10.89,0.0,-19.25261463111039,0.0,0.0,0.0,65.0824533876764,100.0,31.03
2324,仁寶,電腦及週邊設備業,36.0,2024-04-26,2023Q4,20.45,64.86261448792673,5.39,10.78,-4.73,0.0,1.2725808237074143,0.0,3.8704548356355883,100.0,27.3878078262591,18.469519565647747,31.028213405357448
8038,長園科,電子零組件業,28.2,2024-04-26,2023Q4,0.0,0.0,100.0,100.0,-71.81333333333333,0.0,0.7507642780350396,0.0,-12506.125,0.0,44.0,60.0,31.0
2363,矽統,半導體業,68.6,2024-04-26,2023Q4,90.26,0.0,16.92,33.84,12.493333333333334,62.46666666666667,-241.02807932301906,0.0,-0.493840818820119,0.0,99.027538501057,100.0,30.953333333333333
8050,廣積,電腦及週邊設備業,81.4,2024-04-26,2023Q4,0.0,0.0,-44.59,0.0,-37.51333333333333,0.0,7.592104003727283,12.960520018636418,1.3785233868095181,100.0,56.0,90.0,30.94407800279546
5536,聖暉*,其他電子業,203.5,2024-04-26,2023Q4,0.0,0.0,-10.75,0.0,1.8966666666666665,9.483333333333333,13.023641240296923,40.11820620148462,2.370711885725726,100.0,32.0,30.0,30.914397596889362
4545,銘鈺,電子零組件業,31.3,2024-04-26,2023Q4,28.98,8.909444985394344,-48.57,0.0,-13.196666666666667,0.0,4.218175264403975,0.0,6.854908806356468,100.0,60.8029707312871,100.0,30.890944498539433
3402,漢科,其他電子業,104.0,2024-04-26,2023Q4,0.0,0.0,3.41,6.819999999999999,43.03333333333334,100.0,10.289390733701904,26.446953668509522,0.5946926695285853,13.527524218369336,30.0,25.0,30.877547893950293
5432,新門,綠能環保,136.5,2024-04-26,2023Q4,0.0,0.0,-26.56,0.0,-2.6000000000000014,0.0,6.15575852564449,5.778792628222451,1.7515408848103,100.0,89.0,100.0,30.86681889423337
3531,先益,光電業,31.3,2024-04-26,2023Q4,0.0,0.0,-19.54,0.0,-8.176666666666668,0.0,6.137953637957237,5.689768189786184,2.4036847657378604,100.0,71.0,100.0,30.85346522846793
2414,精技,電子通路業,36.45,2024-04-26,2023Q4,15.32,65.21859435528499,-22.73,0.0,-7.3566666666666665,0.0,2.196103062914713,0.0,4.604824880482228,100.0,37.2860490699192,43.215122674798,30.8433717030083
9921,巨大,運動休閒,222.5,2024-04-26,2023Q4,25.63,50.0,-44.04,0.0,-20.76,0.0,6.119692002237298,5.59846001118649,3.1133714588783303,100.0,39.8013907203872,49.503476800967995,30.790116681774773
2704,國賓,觀光餐旅,68.0,2024-04-26,2023Q4,50.75,0.0,-54.88,0.0,0.7899999999999995,3.949999999999997,-19.969365471179852,0.0,5.981897882474173,100.0,76.9826007017619,100.0,30.79
4533,協易機,電機機械,38.1,2024-04-26,2023Q4,0.0,0.0,644.44,100.0,-10.81,0.0,4.350838029077063,0.0,0.3257772537893911,0.0,43.0,57.49999999999999,30.75
7556,意德士,半導體業,139.5,2024-04-26,2023Q4,0.0,0.0,-13.1,0.0,7.383333333333333,36.916666666666664,20.752726266046395,78.76363133023197,0.5540921337396758,7.727447677096544,85.0,100.0,30.74336756828744
5315,光聯,光電業,18.2,2024-04-26,2023Q4,0.0,0.0,-64.29,0.0,-34.53666666666667,0.0,5.96710922871212,4.835546143560601,1.9683443987541702,100.0,82.0,100.0,30.72533192153409
6151,晉倫,其他電子業,26.15,2024-04-26,2023Q4,0.0,0.0,-17.11,0.0,-9.103333333333333,0.0,5.9454995341292065,4.7274976706460325,2.0585865211178525,100.0,60.0,100.0,30.709124650596905
2511,太子,建材營造業,12.85,2024-04-26,2023Q4,34.73,0.0,-59.34,0.0,-13.64,0.0,7.396582932528986,11.98291466264493,2.8438215575995964,100.0,55.6142100906595,89.03552522664874,30.700989722061614
2227,裕日車,汽車工業,124.5,2024-04-26,2023Q4,32.17,0.0,-51.87,0.0,6.4866666666666655,32.43333333333332,0.4530613233440198,0.0,0.9966486509765078,70.94980728235825,78.4401149644895,100.0,30.676628123138315
2397,友通,電腦及週邊設備業,66.2,2024-04-26,2023Q4,20.95,62.781015820149875,-31.45,0.0,-49.81666666666666,0.0,5.931792218177099,4.658961090885496,4.351560059167507,100.0,34.7415208636279,36.853802159069744,30.662325961554785
2015,豐興,鋼鐵工業,69.4,2024-04-26,2023Q4,16.93,55.629877369007794,-22.73,0.0,3.7066666666666666,18.53333333333333,7.770062533357082,13.850312666785412,0.8247145537490986,46.387793392728376,81.0771549324769,100.0,30.624759982130932
5460,同協,電子零組件業,13.9,2024-04-26,2023Q4,0.0,0.0,41.18,82.36,-39.153333333333336,0.0,-6.777828077058498,0.0,0.0,0.0,88.0,100.0,30.59
6508,惠光,農業科技業,31.85,2024-04-26,2023Q4,0.0,0.0,-71.31,0.0,-6.289999999999999,0.0,5.726109832399674,3.6305491619983683,4.822136430629798,100.0,81.0,100.0,30.544582374299754
9946,三發地產,建材營造業,37.5,2024-04-26,2023Q4,138.89,0.0,-37.21,0.0,30.99333333333334,100.0,11.98966692658555,34.94833463292775,-4.9632326460790495,0.0,41.1599629978548,52.899907494637,30.53224094440286
6179,亞通,其他業,31.7,2024-04-26,2023Q4,0.0,0.0,155.56,100.0,-24.373333333333335,0.0,5.68708260543748,3.435413027187399,-1.2193337859442412,0.0,40.0,50.0,30.51531195407811
3540,曜越,電腦及週邊設備業,41.35,2024-04-26,2023Q4,0.0,0.0,225.58,100.0,0.4799999999999998,2.399999999999999,2.2674557585618076,0.0,-0.4755294234889631,0.0,40.0,50.0,30.48
2317,鴻海,其他電子業,155.0,2024-04-26,2023Q4,15.12,58.029197080291986,0.39,0.78,-7.1499999999999995,0.0,2.70241014235529,0.0,3.135526642250126,100.0,37.8981998964053,44.745499741013255,30.472469682130523
3229,晟鈦,電子零組件業,15.3,2024-04-26,2023Q4,0.0,0.0,40.91,81.82,-15.556666666666667,0.0,-3.360387528996258,0.0,0.0,0.0,67.2073662390854,100.0,30.455
6259,百徽,電子零組件業,22.8,2024-04-26,2023Q4,0.0,0.0,0.88,1.76,-15.483333333333334,0.0,4.900967892602304,0.0,1.4243626540604424,100.0,73.0,100.0,30.44
2404,漢唐,其他電子業,408.0,2024-04-26,2023Q4,16.44,50.0,16.8,33.6,-20.243333333333336,0.0,8.798863632404737,18.99431816202369,0.9431832901380495,63.31189859114993,26.1042124525885,15.260531131471247,30.43758055568066
8088,品安,半導體業,44.5,2024-04-26,2023Q4,0.0,0.0,-25.0,0.0,-30.62,0.0,10.96040010979904,29.802000548995196,1.0584190497720507,79.77414996743582,85.0,100.0,30.425130075836442
4953,緯軟,資訊服務業,135.5,2024-04-26,2023Q4,0.0,0.0,1.92,3.84,17.903333333333332,89.51666666666667,6.86134258269581,9.306712913479052,0.5051728565767476,0.7389795109639425,67.0,100.0,30.407136172547983
1217,愛之味,食品工業,11.85,2024-04-26,2023Q4,28.9,32.663418595209095,-26.79,0.0,-0.6499999999999998,0.0,2.6280204357598858,0.0,2.156427917346817,100.0,48.4913038423987,71.22825960599674,30.389167820120583
5478,智冠,文化創意業,141.0,2024-04-26,2023Q4,0.0,0.0,2.75,5.5,7.526666666666666,37.63333333333333,15.599307004696298,52.99653502348149,0.7869336354099551,40.9905193442793,41.0,52.5,30.29925078904475
3141,晶宏,半導體業,83.7,2024-04-26,2023Q4,0.0,0.0,-83.88,0.0,-42.21333333333333,0.0,5.31031910811422,1.551595540571098,4.605626774703276,100.0,70.0,100.0,30.232739331085664
6609,瀧澤科,電機機械,34.5,2024-04-26,2023Q4,0.0,0.0,-64.71,0.0,-40.666666666666664,0.0,5.937607349410482,4.688036747052409,1.677567513686761,100.0,58.0,95.0,30.20320551205786
9950,萬國通,塑膠工業,15.6,2024-04-26,2023Q4,0.0,0.0,519.31,100.0,1.4566666666666663,7.283333333333332,6.567534715245513,7.837673576227563,0.4256279207613754,0.0,30.0,25.0,30.132317703100803
1506,正道,電機機械,16.4,2024-04-26,2023Q4,56.55,0.0,-32.56,0.0,-10.216666666666667,0.0,5.1674381092643245,0.8371905463216223,2.422445824005908,100.0,85.6988533380324,100.0,30.125578581948243
8289,泰藝,電子零組件業,31.2,2024-04-26,2023Q4,0.0,0.0,-75.43,0.0,-24.00333333333333,0.0,5.145772198072234,0.7288609903611709,4.021150880058066,100.0,74.0,100.0,30.109329148554174
2002,中鋼,鋼鐵工業,24.55,2024-04-26,2023Q4,223.18,0.0,-90.43,0.0,3.8066666666666666,19.03333333333333,0.9869750815697456,0.0,23.006643955237593,100.0,45.0479834301782,62.6199585754455,30.068662524211216
6230,尼得科超眾,電腦及週邊設備業,304.0,2024-04-26,2023Q4,43.3,0.0,-1.13,0.0,-39.74666666666666,0.0,6.521210154165426,7.60605077082713,2.3499990095348777,100.0,55.6548510582016,89.137127645504,30.05462038017447
3037,欣興,電子零組件業,182.5,2024-04-26,2023Q4,26.96,18.74391431353455,-60.76,0.0,-0.2933333333333333,0.0,8.573864867415173,17.869324337075867,2.5792898060876532,100.0,41.9715564689478,54.92889117236951,30.047679199151787
3297,杭特,光電業,21.3,2024-04-26,2023Q4,0.0,0.0,-436.36,0.0,32.9,100.0,-29.23996078648984,0.0,0.0,0.0,71.0,100.0,30.0
5251,天鉞電,光電業,38.2,2024-04-26,2023Q4,0.0,0.0,-222.81,0.0,100.70666666666666,100.0,-36.01547324000268,0.0,0.0,0.0,81.0,100.0,30.0
5263,智崴,文化創意業,123.5,2024-04-26,2023Q4,0.0,0.0,-181.82,0.0,23.286666666666665,100.0,-26.007559959800762,0.0,0.0,0.0,62.0,100.0,30.0
5272,笙科,半導體業,32.3,2024-04-26,2023Q4,0.0,0.0,-163.64,0.0,27.03,100.0,-16.972640731579343,0.0,0.0,0.0,88.0,100.0,30.0
2408,南亞科,半導體業,65.7,2024-04-26,2023Q4,0.0,0.0,-150.85,0.0,48.14666666666667,100.0,-48.37429069540503,0.0,0.0,0.0,86.7811650443251,100.0,30.0
3556,禾瑞亞,半導體業,49.6,2024-04-26,2023Q4,0.0,0.0,-81.05,0.0,-19.040000000000003,0.0,4.171727070682323,0.0,2.9321882414118106,100.0,75.0,100.0,30.0
6129,普誠,半導體業,24.0,2024-04-26,2023Q4,0.0,0.0,-64.52,0.0,-36.81333333333333,0.0,-0.02108897438292155,0.0,1.2459594077186325,100.0,81.0,100.0,30.0
3228,金麗科,半導體業,318.0,2024-04-26,2023Q4,0.0,0.0,-439.22,0.0,55.20666666666667,100.0,-40.45503799162958,0.0,0.0,0.0,84.0,100.0,30.0
3219,倚強科,其他電子業,39.6,2024-04-26,2023Q4,0.0,0.0,-81.11,0.0,-10.453333333333333,0.0,0.7200541963268854,0.0,7.875266263924294,100.0,62.0,100.0,30.0
3490,單井,光電業,31.0,2024-04-26,2023Q4,0.0,0.0,-55.45,0.0,-48.22666666666667,0.0,-1.840145680616127,0.0,1.6809775684336512,100.0,85.0,100.0,30.0
3372,典範,半導體業,17.65,2024-04-26,2023Q4,0.0,0.0,-308.16,0.0,32.03666666666667,100.0,-22.909435262906857,0.0,0.0,0.0,88.0,100.0,30.0
4503,金雨,電機機械,54.1,2024-04-26,2023Q4,0.0,0.0,-51.19,0.0,78.30333333333333,100.0,-30.258306612168834,0.0,0.0,0.0,88.0,100.0,30.0
6649,台生材,生技醫療業,29.95,2024-04-26,2023Q4,0.0,0.0,-128.92,0.0,38.83666666666667,100.0,-19.52964112139268,0.0,0.0,0.0,88.0,100.0,30.0
6415,矽力*-KY,半導體業,388.0,2024-04-26,2023Q4,200.0,0.0,-87.71,0.0,0.0,0.0,-3.1527934021008814,0.0,5.1920780585626884,100.0,89.8489431704341,100.0,30.0
1434,福懋,紡織纖維,22.5,2024-04-26,2023Q4,86.54,0.0,-87.13,0.0,-6.396666666666666,0.0,0.9846355854351431,0.0,9.206319142331415,100.0,75.8419553972829,100.0,30.0
8111,立,光電業,24.15,2024-04-26,2023Q4,0.0,0.0,-44.76,0.0,-6.483333333333333,0.0,0.8446383852005666,0.0,2.0410200966675145,100.0,66.0,100.0,30.0
4127,天良,生技醫療業,33.45,2024-04-26,2023Q4,0.0,0.0,-70.0,0.0,-9.296666666666667,0.0,4.442676301595894,0.0,3.9295623731107603,100.0,75.0,100.0,30.0
4702,中美實,居家生活,12.75,2024-04-26,2023Q4,0.0,0.0,-56.1,0.0,-78.35000000000001,0.0,-0.3575374147804214,0.0,4.605633802816901,100.0,83.0,100.0,30.0
4576,大銀微系統,電機機械,74.2,2024-04-26,2023Q4,1855.0,0.0,-98.53,0.0,-18.01,0.0,1.2018247166159801,0.0,43.36698686532053,100.0,61.4707215278523,100.0,30.0
6167,久正,光電業,15.5,2024-04-26,2023Q4,0.0,0.0,-18.83,0.0,-38.61333333333334,0.0,4.452020114809649,0.0,1.244916829793722,100.0,84.0,100.0,30.0
6168,宏齊,光電業,23.35,2024-04-26,2023Q4,44.9,0.0,-71.43,0.0,-10.979999999999999,0.0,2.1151956275595176,0.0,2.6848415803677317,100.0,77.7349757933891,100.0,30.0
4743,合一,生技醫療業,153.0,2024-04-26,2023Q4,0.0,0.0,-459.26,0.0,29.45,100.0,-1263.6403443070649,0.0,0.0,0.0,91.0,100.0,30.0
6174,安,電子零組件業,21.85,2024-04-26,2023Q4,0.0,0.0,-90.52,0.0,-14.14,0.0,1.8239335672977113,0.0,4.422616966221414,100.0,78.0,100.0,30.0
4735,豪展,生技醫療業,35.4,2024-04-26,2023Q4,0.0,0.0,-57.45,0.0,-26.656666666666666,0.0,1.694385038904309,0.0,4.9635265474295345,100.0,72.0,100.0,30.0
6169,昱泉,文化創意業,22.4,2024-04-26,2023Q4,0.0,0.0,-387.5,0.0,54.70333333333334,100.0,-172.43032039593643,0.0,0.0,0.0,75.0,100.0,30.0
1599,宏佳騰,電機機械,31.6,2024-04-26,2023Q4,0.0,0.0,-101.6,0.0,42.550000000000004,100.0,-4.045876933926096,0.0,0.0,0.0,68.0,100.0,30.0
6841,長佳智能,生技醫療業,86.7,2024-04-26,2023Q4,0.0,0.0,-128.57,0.0,345.5233333333333,100.0,-113.63133365963695,0.0,0.0,0.0,93.0,100.0,30.0
5205,中茂,綠能環保,27.5,2024-04-26,2023Q4,0.0,0.0,-251.96,0.0,129.03,100.0,-98.3587690768076,0.0,0.0,0.0,60.0,100.0,30.0
4968,立積,半導體業,172.5,2024-04-26,2023Q4,0.0,0.0,-496.77,0.0,35.86333333333334,100.0,-9.967194725155725,0.0,0.0,0.0,69.2685026196867,100.0,30.0
8032,光菱,電子通路業,28.6,2024-04-26,2023Q4,0.0,0.0,-66.67,0.0,-18.25,0.0,0.11830783142300438,0.0,14.77818533134651,100.0,64.0,100.0,30.0
8072,陞泰,電子通路業,26.25,2024-04-26,2023Q4,35.96,0.0,-38.14,0.0,-9.693333333333333,0.0,1.0322365873494312,0.0,3.714656246267256,100.0,90.1492258989382,100.0,30.0
8068,全達,電子通路業,32.35,2024-04-26,2023Q4,0.0,0.0,-96.55,0.0,81.29666666666667,100.0,-5.325820731504055,0.0,0.0,0.0,67.0,100.0,30.0
5210,寶碩,資訊服務業,34.25,2024-04-26,2023Q4,0.0,0.0,-680.0,0.0,26.146666666666665,100.0,-35.07594004191112,0.0,0.0,0.0,65.0,100.0,30.0
6109,亞元,通信網路業,13.95,2024-04-26,2023Q4,0.0,0.0,-76.07,0.0,-33.54,0.0,2.5514828017579085,0.0,8.242412848471826,100.0,68.0,100.0,30.0
6154,順發,電子通路業,16.95,2024-04-26,2023Q4,0.0,0.0,-34.23,0.0,-0.05666666666666709,0.0,1.2355974639247345,0.0,2.051986301369863,100.0,64.0,100.0,30.0
2258,鴻華先進-創,,42.45,2024-04-26,2023Q4,0.0,0.0,-37.93,0.0,1274.0,100.0,-228.02464003555585,0.0,0.0,0.0,90.2352417973165,100.0,30.0
1711,永光,化學工業,19.95,2024-04-26,2023Q4,124.69,0.0,-76.47,0.0,-0.503333333333333,0.0,1.0611309096163748,0.0,15.561165071157385,100.0,64.6791118577358,100.0,30.0
4569,六方科-KY,汽車工業,95.7,2024-04-26,2023Q4,31.38,0.0,-69.39,0.0,0.0,0.0,4.8073191427782085,0.0,2.6416825195518916,100.0,92.7953400709335,100.0,30.0
6684,安格,半導體業,87.3,2024-04-26,2023Q4,0.0,0.0,-2378.57,0.0,144.42,100.0,-67.68441730938801,0.0,0.0,0.0,89.0,100.0,30.0
6742,澤米,光電業,80.7,2024-04-26,2023Q4,192.14,0.0,-90.19,0.0,-10.486666666666666,0.0,-0.5850874977581102,0.0,8.034711467241264,100.0,75.7792452062872,100.0,30.0
3016,嘉晶,半導體業,61.5,2024-04-26,2023Q4,107.89,0.0,-76.05,0.0,-5.983333333333333,0.0,4.318869671252369,0.0,3.375221746048196,100.0,71.8915893250515,100.0,30.0
5302,太欣,半導體業,10.45,2024-04-26,2023Q4,0.0,0.0,-6.25,0.0,69.36333333333333,100.0,-591.8610340890556,0.0,0.0,0.0,73.0,100.0,30.0
6164,華興,光電業,14.75,2024-04-26,2023Q4,0.0,0.0,-138.71,0.0,23.043333333333333,100.0,-8.65172346950302,0.0,0.0,0.0,67.1350046774072,100.0,30.0
3390,旭軟,電子零組件業,27.1,2024-04-26,2023Q4,0.0,0.0,-11.5,0.0,-3.8633333333333333,0.0,2.7285149849439496,0.0,2.803329366346405,100.0,64.0,100.0,30.0
6576,逸達,生技醫療業,95.0,2024-04-26,2023Q4,0.0,0.0,-103.5,0.0,4720.320000000001,100.0,-516.630605317938,0.0,0.0,0.0,67.0,100.0,30.0
3441,聯一光,光電業,39.8,2024-04-26,2023Q4,0.0,0.0,-79.76,0.0,-2.9200000000000017,0.0,1.0711173263614437,0.0,3.1524611018690676,100.0,77.0,100.0,30.0
1570,力肯,電機機械,25.05,2024-04-26,2023Q4,0.0,0.0,-82.86,0.0,-17.61,0.0,2.398522579186555,0.0,5.051305420039672,100.0,89.0,100.0,30.0
3354,律勝,電子零組件業,22.05,2024-04-26,2023Q4,0.0,0.0,-296.67,0.0,37.06666666666666,100.0,-120.63967515500241,0.0,0.0,0.0,76.0,100.0,30.0
3714,富采,光電業,41.15,2024-04-26,2023Q4,0.0,0.0,-18140.0,0.0,21.873333333333335,100.0,-17.938381614010424,0.0,0.0,0.0,73.9038291540191,100.0,30.0
3060,銘異,電腦及週邊設備業,27.9,2024-04-26,2023Q4,0.0,0.0,-641.38,0.0,45.77,100.0,-8.173666404571897,0.0,0.0,0.0,60.529380232378,100.0,30.0
5426,振發,電腦及週邊設備業,32.0,2024-04-26,2023Q4,0.0,0.0,-95.58,0.0,-22.293333333333333,0.0,-1.3572205282712253,0.0,41.87126190156899,100.0,77.0,100.0,30.0
3207,耀勝,電子零組件業,147.0,2024-04-26,2023Q4,0.0,0.0,-59.49,0.0,-11.410000000000002,0.0,4.436149172353581,0.0,1.2674910961614563,100.0,64.0,100.0,30.0
8277,商丞,半導體業,11.75,2024-04-26,2023Q4,0.0,0.0,-21.31,0.0,33.403333333333336,100.0,-32.427859690888745,0.0,0.0,0.0,77.0,100.0,30.0
6512,啟發電,其他電子業,21.4,2024-04-26,2023Q4,0.0,0.0,-208.89,0.0,36.126666666666665,100.0,-13.233267922007434,0.0,0.0,0.0,88.0,100.0,30.0
5489,彩富,其他電子業,37.85,2024-04-26,2023Q4,0.0,0.0,-78.55,0.0,-2.5999999999999996,0.0,1.657964546563256,0.0,8.259357859960868,100.0,84.0,100.0,30.0
6510,精測,半導體業,438.5,2024-04-26,2023Q4,0.0,0.0,-95.79,0.0,-0.006666666666666821,0.0,-1.8278058633177579,0.0,9.976473114321646,100.0,91.0,100.0,30.0
3363,上詮,通信網路業,118.5,2024-04-26,2023Q4,0.0,0.0,-75.47,0.0,-16.08,0.0,-4.580006211937142,0.0,15.97304693979101,100.0,88.0,100.0,30.0
5490,同亨,電腦及週邊設備業,26.85,2024-04-26,2023Q4,0.0,0.0,-3.35,0.0,190.1833333333333,100.0,-29.756963404415032,0.0,0.0,0.0,63.0,100.0,30.0
4529,淳紳,其他業,11.45,2024-04-26,2023Q4,0.0,0.0,-412.12,0.0,82.01,100.0,-1232.6468806783766,0.0,0.0,0.0,93.0,100.0,30.0
5015,華祺,鋼鐵工業,44.6,2024-04-26,2023Q4,0.0,0.0,-85.84,0.0,-5.6000000000000005,0.0,6.611289883590249,8.056449417951246,3.132466287231558,100.0,55.0,87.5,29.958467412692688
4557,永新-KY,汽車工業,120.0,2024-04-26,2023Q4,13.3,66.0088411746132,-25.52,0.0,0.0,0.0,14.897066230655373,49.48533115327686,0.7982271067300761,42.60387239001088,49.6439535406726,74.10988385168149,29.955446653623174
2483,百容,電子零組件業,23.35,2024-04-26,2023Q4,72.97,0.0,-79.22,0.0,-5.533333333333334,0.0,-1.7546252279493135,0.0,5.246541950113379,100.0,59.7794254857389,99.44856371434724,29.944856371434724
6283,淳安,其他電子業,31.55,2024-04-26,2023Q4,0.0,0.0,-91.94,0.0,52.95333333333334,100.0,-15.127351720392568,0.0,0.0,0.0,59.4053290239569,98.51332255989226,29.851332255989227
8021,尖點,其他電子業,29.35,2024-04-26,2023Q4,0.0,0.0,-110.68,0.0,19.793333333333333,98.96666666666667,2.9762567464414955,0.0,0.0,0.0,64.3017398625052,100.0,29.793333333333337
4716,大立,化學工業,18.5,2024-04-26,2023Q4,0.0,0.0,-5.88,0.0,24.450000000000003,100.0,-10.699313663914763,0.0,0.0,0.0,59.0,97.5,29.75
5220,萬達光電,光電業,27.15,2024-04-26,2023Q4,0.0,0.0,-67.01,0.0,-15.006666666666666,0.0,3.711469429038019,0.0,1.5991445725519366,100.0,59.0,97.5,29.75
5452,佶優,其他電子業,23.0,2024-04-26,2023Q4,0.0,0.0,-48.44,0.0,1.466666666666667,7.333333333333335,1.897086642705453,0.0,5.5401927078621185,100.0,53.0,82.5,29.71666666666667
6244,茂迪,光電業,26.65,2024-04-26,2023Q4,0.0,0.0,-23.29,0.0,-31.586666666666662,0.0,7.95421818252471,14.77109091262355,2.1451816948406734,100.0,50.0,75.0,29.71566363689353
5410,國眾,資訊服務業,35.8,2024-04-26,2023Q4,0.0,0.0,-34.57,0.0,2.1399999999999983,10.699999999999992,5.3482109727314295,1.7410548636571477,5.941537939049176,100.0,49.0,72.5,29.65115822954857
2430,燦坤,電子通路業,36.25,2024-04-26,2023Q4,15.17,66.04869950193691,-44.29,0.0,-6.303333333333334,0.0,1.785224361833892,0.0,3.790016359566041,100.0,32.1582878190677,30.395719547669252,29.64444190496062
1710,東聯,化學工業,17.3,2024-04-26,2023Q4,57.67,0.0,650.0,100.0,0.6866666666666662,3.4333333333333313,-3.268868019017789,0.0,0.13172690460778852,0.0,35.6897918058676,39.224479514669,29.609114618133567
6213,聯茂,電子零組件業,110.0,2024-04-26,2023Q4,59.14,0.0,-62.35,0.0,-1.2300000000000006,0.0,3.966934299197031,0.0,3.099350305781924,100.0,58.2386388828639,95.59659720715976,29.559659720715977
3205,佰研,生技醫療業,41.05,2024-04-26,2023Q4,0.0,0.0,25.88,51.76,6.6166666666666645,33.08333333333332,-14.615629115016118,0.0,0.0,0.0,77.0,100.0,29.556666666666665
2535,達欣工,建材營造業,56.3,2024-04-26,2023Q4,12.32,88.91918691125434,3.01,6.02,12.243333333333334,61.216666666666676,8.331279085189532,16.65639542594766,-3.354362654402788,0.0,37.6376524772405,44.09413119310125,29.54812445766104
3499,環天科,通信網路業,19.65,2024-04-26,2023Q4,0.0,0.0,-771.43,0.0,29.653333333333332,100.0,-14.381504815297937,0.0,0.0,0.0,58.0,95.0,29.5
4528,江興鍛,電機機械,29.55,2024-04-26,2023Q4,0.0,0.0,-57.48,0.0,-9.74,0.0,4.357893008675665,0.0,7.499633363886343,100.0,58.0,95.0,29.5
8431,匯鑽科,其他電子業,54.0,2024-04-26,2023Q4,0.0,0.0,0.0,0.0,-8.013333333333334,0.0,3.8330834745225313,0.0,5.443045818970526,100.0,58.0,95.0,29.5
6804,明係,運動休閒,48.1,2024-04-26,2023Q4,0.0,0.0,-37.8,0.0,-49.89000000000001,0.0,4.4939871447455975,0.0,1.3092767336696551,100.0,58.0,95.0,29.5
3691,碩禾,光電業,144.0,2024-04-26,2023Q4,0.0,0.0,-43.65,0.0,100.0,100.0,-32.675040756676474,0.0,0.0,0.0,58.0,95.0,29.5
3645,達邁,電子零組件業,43.3,2024-04-26,2023Q4,0.0,0.0,-193.81,0.0,65.35333333333334,100.0,-7.916593692110776,0.0,0.0,0.0,57.9866160186169,94.96654004654225,29.496654004654225
5388,中磊,通信網路業,123.0,2024-04-26,2023Q4,14.32,87.84722222222221,21.14,42.28,3.56,17.8,4.97489689658427,0.0,0.6620356576380638,23.147951091151977,27.6931695484739,19.232923871184752,29.467604827571094
2250,IKKA-KY,汽車工業,101.5,2024-04-26,2023Q4,25.06,0.0,5.99,11.98,0.0,0.0,4.886962084416201,0.0,3.66944160051023,100.0,45.5454957192212,63.863739298053005,29.381373929805303
2426,鼎元,光電業,17.4,2024-04-26,2023Q4,0.0,0.0,26.67,53.339999999999996,6.013333333333333,30.066666666666663,-6.3160461749389345,0.0,0.0,0.0,71.7388903144875,100.0,29.348333333333333
2887,台新新光金,金融保險業,17.6,2024-04-26,2023Q4,16.3,35.77435178696567,-2.88,0.0,10.753333333333332,53.766666666666666,25.348131133519885,100.0,-0.6413892307822956,0.0,7.13236786793459,0.0,29.330768512029902
1809,中釉,玻璃陶瓷,25.2,2024-04-26,2023Q4,0.0,0.0,-126.32,0.0,19.28666666666667,96.43333333333335,-3.105073080132547,0.0,0.0,0.0,62.5329397105322,100.0,29.286666666666672
8080,印鉐,建材營造業,18.05,2024-04-26,2023Q4,0.0,0.0,-96.27,0.0,-36.31,0.0,1.8135520842669086,0.0,16.074179292929294,100.0,57.0,92.5,29.25
8092,建暐,其他電子業,27.6,2024-04-26,2023Q4,0.0,0.0,-78.57,0.0,-32.39333333333334,0.0,1.8764286047487988,0.0,53.16950596252129,100.0,57.0,92.5,29.25
6133,金橋,電子零組件業,13.45,2024-04-26,2023Q4,149.44,0.0,-88.46,0.0,-13.743333333333332,0.0,0.8921312376968382,0.0,26.463141748624018,100.0,56.8894318913513,92.22357972837824,29.222357972837827
2440,太空梭,電子零組件業,16.0,2024-04-26,2023Q4,0.0,0.0,-482.35,0.0,73.67333333333333,100.0,-2.666597234597324,0.0,0.0,0.0,56.8170306978956,92.04257674473901,29.2042576744739
8162,微矽電子-創,,40.2,2024-04-26,2023Q4,0.0,0.0,-114.44,0.0,39.733333333333334,100.0,-4.261232717302534,0.0,0.0,0.0,56.6575207652276,91.643801913069,29.1643801913069
6751,智聯服務,資訊服務業,64.4,2024-04-26,2023Q4,0.0,0.0,-24.2,0.0,-2.2533333333333325,0.0,7.5206540739560515,12.603270369780256,1.7149753940073507,100.0,49.0,72.5,29.14049055546704
8099,大世科,資訊服務業,66.7,2024-04-26,2023Q4,0.0,0.0,4.95,9.9,-14.143333333333333,0.0,5.090797813454571,0.45398906727285304,3.3747608113279757,100.0,46.0,65.0,29.04309836009093
6669,緯穎,電腦及週邊設備業,2325.0,2024-04-26,2023Q4,33.75,9.492089925062452,-15.04,0.0,-1.206666666666667,0.0,6.560761105445501,7.803805527227503,1.914736348724702,100.0,47.5365673699449,68.84141842486224,29.003921664076596
2038,海光,鋼鐵工業,20.55,2024-04-26,2023Q4,73.39,0.0,-74.77,0.0,4.206666666666666,21.03333333333333,0.5166315023808102,0.0,2.0607134818816117,100.0,39.1535886839753,47.88397170993825,28.995063837660492
2642,宅配通,航運業,37.2,2024-04-26,2023Q4,37.58,0.0,-46.49,0.0,1.1133333333333335,5.566666666666667,2.556571494876042,0.0,3.126248730104978,100.0,51.1804505311631,77.95112632790776,28.90844596612411
6195,詩肯,居家生活,41.7,2024-04-26,2023Q4,0.0,0.0,-51.98,0.0,3.5766666666666658,17.88333333333333,6.102673379120646,5.513366895603231,5.288503631961259,100.0,38.0,45.0,28.903671701007152
1303,南亞,塑膠工業,55.6,2024-04-26,2023Q4,69.5,0.0,-80.25,0.0,-10.643333333333333,0.0,0.7637386663351958,0.0,5.654107019754202,100.0,55.5325760954517,88.83144023862926,28.883144023862926
3006,晶豪科,半導體業,87.0,2024-04-26,2023Q4,0.0,0.0,-217.52,0.0,23.08,100.0,-13.78774248427797,0.0,0.0,0.0,55.3772542839476,88.443135709869,28.8443135709869
6612,奈米醫材,生技醫療業,133.0,2024-04-26,2023Q4,0.0,0.0,-26.25,0.0,9.14,45.7,17.93106637685564,64.6553318842782,-0.2638623131312098,0.0,83.0,100.0,28.83829978264173
8027,鈦昇,電機機械,92.6,2024-04-26,2023Q4,0.0,0.0,-91.88,0.0,-25.76,0.0,1.0861160701031514,0.0,7.97198408333603,100.0,55.0,87.5,28.75
1418,東華,紡織纖維,31.95,2024-04-26,2023Q4,43.18,16.43983915867615,85.0,100.0,-59.56999999999999,0.0,-362.2431631612182,0.0,-2.6471073760036017,0.0,28.3947237314846,20.9868093287115,28.742664848738766
6281,全國電,電子通路業,84.5,2024-04-26,2023Q4,16.47,58.85445489762038,-12.76,0.0,-5.516666666666667,0.0,3.099243032570164,0.0,2.802189555900859,100.0,31.3952659825157,28.488164956289246,28.73426198539096
2392,正崴,電子零組件業,45.5,2024-04-26,2023Q4,14.44,79.6981499513145,-1.59,0.0,-0.3133333333333332,0.0,3.3330839704455726,0.0,1.7330941877606147,100.0,22.8724637358311,7.181159339577752,28.687930929089227
3684,榮昌,通信網路業,44.9,2024-04-26,2023Q4,0.0,0.0,-71.46,0.0,-24.826666666666668,0.0,4.992570763477873,0.0,1.1536637623196686,93.38053747423838,64.0,100.0,28.676107494847678
8938,明安,運動休閒,75.2,2024-04-26,2023Q4,0.0,0.0,-97.04,0.0,-23.326666666666668,0.0,7.881216088365689,14.406080441828445,45.63084864214357,100.0,46.0,65.0,28.660912066274268
6121,新普,電腦及週邊設備業,430.0,2024-04-26,2023Q4,0.0,0.0,-21.6,0.0,-8.496666666666666,0.0,8.184201797708763,15.921008988543814,1.684617760214854,100.0,45.0,62.5,28.63815134828157
4111,濟生,生技醫療業,25.7,2024-04-26,2023Q4,0.0,0.0,-55.19,0.0,1.3366666666666667,6.683333333333333,5.770202401061776,3.8510120053088808,1.0851122695634448,83.58746708049212,69.0,100.0,28.631811883561422
3176,基亞,生技醫療業,38.65,2024-04-26,2023Q4,0.0,0.0,17.08,34.16,53.20666666666667,100.0,-106.51046885257229,0.0,0.0,0.0,19.0,0.0,28.54
2908,特力,貿易百貨業,20.75,2024-04-26,2023Q4,39.9,8.711048158640233,-39.53,0.0,7.6499999999999995,38.24999999999999,1.3278429229177748,0.0,8.239438259364608,100.0,17.9106193650299,0.0,28.52110481586402
6125,廣運,光電業,91.7,2024-04-26,2023Q4,0.0,0.0,67.54,100.0,-54.49666666666667,0.0,-1.6949683778589173,0.0,-1.078750296797601,0.0,34.0,35.0,28.5
5016,松和,鋼鐵工業,28.2,2024-04-26,2023Q4,0.0,0.0,-53.96,0.0,-8.926666666666668,0.0,3.0980276703056324,0.0,7.206504770164788,100.0,54.0,85.0,28.5
1314,中石化,塑膠工業,10.25,2024-04-26,2023Q4,0.0,0.0,-566.67,0.0,74.91666666666667,100.0,-11.549309702253941,0.0,0.0,0.0,53.9846495129987,84.96162378249676,28.49616237824968
8422,可寧衛*,綠能環保,192.5,2024-04-26,2023Q4,21.15,51.901669758812616,-26.03,0.0,3.073333333333333,15.366666666666665,29.559305328202274,100.0,0.47619033246913695,0.0,40.8689314615977,52.172328653994235,28.48073317461402
1474,弘裕,紡織纖維,13.7,2024-04-26,2023Q4,0.0,0.0,-156.67,0.0,26.08,100.0,-3.4168414797339715,0.0,0.0,0.0,53.2273945067242,83.06848626681051,28.306848626681052
4912,聯德控股-KY,電子零組件業,131.0,2024-04-26,2023Q4,31.34,0.0,-33.33,0.0,0.0,0.0,7.043465322420192,10.21732661210096,4.323128087814068,100.0,46.9797882166302,67.4494705415755,28.27754604597269
2614,東森,其他業,19.5,2024-04-26,2023Q4,0.0,0.0,82.02,100.0,3.27,16.35,-1.5418554991288342,0.0,0.0,0.0,18.7953413944305,0.0,28.27
5538,東明-KY,鋼鐵工業,29.95,2024-04-26,2023Q4,44.7,0.0,-85.21,0.0,0.0,0.0,1.257808860685298,0.0,12.068291780720575,100.0,53.0405185968868,82.60129649221699,28.2601296492217
6929,佑全,生技醫療業,72.0,2024-04-26,2023Q4,0.0,0.0,-85.2,0.0,6.003333333333334,30.01666666666667,0.766692689537333,0.0,9.44673377018172,100.0,29.0,22.5,28.253333333333334
3268,海德威,半導體業,25.15,2024-04-26,2023Q4,0.0,0.0,-112.99,0.0,35.02333333333333,100.0,-0.7357792034088215,0.0,0.0,0.0,53.0,82.5,28.25
3521,鴻翊,建材營造業,20.9,2024-04-26,2023Q4,0.0,0.0,-62.35,0.0,65.39999999999999,100.0,-42.67078563383444,0.0,0.0,0.0,53.0,82.5,28.25
6661,威健生技,生技醫療業,23.0,2024-04-26,2023Q4,0.0,0.0,-126.83,0.0,45.97666666666667,100.0,-1.518105700649089,0.0,0.0,0.0,53.0,82.5,28.25
3625,西勝,電腦及週邊設備業,13.15,2024-04-26,2023Q4,0.0,0.0,77.56,100.0,-9.44,0.0,-10.567137763202416,0.0,0.0,0.0,33.0,32.5,28.25
3597,映興,電子零組件業,23.8,2024-04-26,2023Q4,0.0,0.0,-87.86,0.0,-19.78,0.0,-1.121001768538984,0.0,13.933285435697425,100.0,53.0,82.5,28.25
1605,華新,電器電纜,36.8,2024-04-26,2023Q4,28.98,0.0,-75.78,0.0,-19.5,0.0,3.287388482318228,0.0,4.430566797992176,100.0,52.8626717019829,82.15667925495724,28.215667925495723
1521,大億,汽車工業,38.2,2024-04-26,2023Q4,68.21,0.0,-52.14,0.0,-10.683333333333332,0.0,4.120528029455653,0.0,10.317778825748643,100.0,52.8242986322084,82.060746580521,28.206074658052103
2926,誠品生活,文化創意業,59.4,2024-04-26,2023Q4,0.0,0.0,31.23,62.46000000000001,12.57,62.85000000000001,-5.682546859956902,0.0,0.0,0.0,3.0,0.0,28.185000000000002
6126,信音,電子零組件業,31.45,2024-04-26,2023Q4,0.0,0.0,-17.84,0.0,1.4333333333333336,7.166666666666669,8.658353926871452,18.291769634357262,2.863115026128239,100.0,36.0,40.0,28.177098778486922
3189,景碩,半導體業,97.0,2024-04-26,2023Q4,970.0,0.0,-99.29,0.0,2.983333333333334,14.91666666666667,3.8843162504793214,0.0,131.66232426971968,100.0,40.5995787799765,51.498946949941235,28.13322802832746
4414,如興,紡織纖維,3.53,2024-04-26,2023Q4,0.0,0.0,87.59,100.0,-6.789999999999999,0.0,-1.5212596845432589,0.0,0.0,0.0,32.4012926073767,31.00323151844176,28.100323151844176
3492,長盛,電子零組件業,19.3,2024-04-26,2023Q4,0.0,0.0,-56.55,0.0,18.076666666666664,90.38333333333333,0.8116990903658456,0.0,0.1594767728351924,0.0,60.0,100.0,28.076666666666664
2702,華園,觀光餐旅,19.6,2024-04-26,2023Q4,122.5,0.0,-93.77,0.0,3.4333333333333336,17.166666666666668,5.025660706498038,0.12830353249019044,1.4948930055536138,100.0,38.3848836565164,45.962209141291,28.048799777335965
4744,皇將,生技醫療業,24.05,2024-04-26,2023Q4,0.0,0.0,-78.23,0.0,171.67333333333332,100.0,2.9192663415742137,0.0,-3.2489378003761233,0.0,52.0,80.0,28.0
3211,順達,電腦及週邊設備業,90.2,2024-04-26,2023Q4,0.0,0.0,-1.88,0.0,-10.586666666666668,0.0,4.05571469263561,0.0,4.103929233190344,100.0,52.0,80.0,28.0
5905,南仁湖,觀光餐旅,12.2,2024-04-26,2023Q4,0.0,0.0,81.25,100.0,-6.603333333333334,0.0,-8.958361772208557,0.0,0.0,0.0,32.0,30.0,28.0
3564,其陽,通信網路業,54.2,2024-04-26,2023Q4,0.0,0.0,-82.69,0.0,-14.956666666666665,0.0,2.946097300777539,0.0,6.876916140667268,100.0,52.0,80.0,28.0
5903,全家,居家生活,188.5,2024-04-26,2023Q4,0.0,0.0,-12.48,0.0,7.946666666666666,39.733333333333334,2.0197879111008006,0.0,7.072233674587622,100.0,10.0,0.0,27.946666666666665
6834,天二科技,電子零組件業,24.0,2024-04-26,2023Q4,0.0,0.0,-186.51,0.0,17.80666666666667,89.03333333333335,-17.221804435515946,0.0,0.0,0.0,68.8549734288861,100.0,27.80666666666667
8089,康全電訊,通信網路業,77.3,2024-04-26,2023Q4,0.0,0.0,-3787.5,0.0,47.35333333333333,100.0,-41.549035073999605,0.0,0.0,0.0,51.0,77.5,27.75
2362,藍天,電腦及週邊設備業,41.7,2024-04-26,2023Q4,23.04,54.07993338884264,28.37,56.74,0.4299999999999993,2.149999999999997,7.111253342066264,10.556266710331318,0.4768595119282325,0.0,43.6148068141258,59.0370170353145,27.510135048965413
5351,鈺創,半導體業,47.45,2024-04-26,2023Q4,0.0,0.0,-730.61,0.0,51.47,100.0,-44.07081527651722,0.0,0.0,0.0,50.0,75.0,27.5
3628,盈正,其他電子業,49.7,2024-04-26,2023Q4,0.0,0.0,-23.53,0.0,-10.01,0.0,3.7849255926894143,0.0,4.2544990078233695,100.0,50.0,75.0,27.5
1903,士紙,造紙工業,61.8,2024-04-26,2023Q4,187.27,0.0,-59.26,0.0,-3.5766666666666667,0.0,-37.7873235732445,0.0,1.585000926440615,100.0,49.3903290388333,73.47582259708325,27.347582259708325
2461,光群雷,其他電子業,25.2,2024-04-26,2023Q4,41.31,0.0,-63.74,0.0,3.133333333333333,15.666666666666664,-0.062297638324352006,0.0,1.8199677227228188,100.0,36.6669136414962,41.667284103740506,27.300061743707385
3288,點晶,電子零組件業,28.0,2024-04-26,2023Q4,0.0,0.0,-26.32,0.0,-6.659999999999999,0.0,4.864198034337915,0.0,5.843173431734317,100.0,49.0,72.5,27.25
6113,亞矽,電子通路業,28.3,2024-04-26,2023Q4,0.0,0.0,-84.31,0.0,-46.85666666666666,0.0,-1.2391474678084415,0.0,15.864229118520964,100.0,49.0,72.5,27.25
3105,穩懋,半導體業,142.5,2024-04-26,2023Q4,0.0,0.0,-104.47,0.0,56.580000000000005,100.0,-0.3514792222371385,0.0,0.0,0.0,49.0,72.5,27.25
4114,健喬,生技醫療業,38.1,2024-04-26,2023Q4,0.0,0.0,-28.44,0.0,2.456666666666667,12.283333333333335,11.95880941426847,34.794047071342355,0.8606278747612771,51.51826782303959,57.0,92.5,27.229427291975938
1235,興泰,食品工業,82.1,2024-04-26,2023Q4,31.46,22.269589930978473,-5.98,0.0,191.54666666666665,100.0,-6.916361811434382,0.0,-0.7798771202016489,0.0,39.8302617761794,49.575654440448496,27.1845244371427
4923,力士,半導體業,46.8,2024-04-26,2023Q4,0.0,0.0,-96.29,0.0,7.34,36.7,0.10439812652078011,0.0,0.8403813624481009,48.625908921157276,86.0,100.0,27.065181784231456
5522,遠雄,建材營造業,68.8,2024-04-26,2023Q4,14.45,78.35894893406049,-32.39,0.0,-42.626666666666665,0.0,21.508802347329244,82.54401173664621,0.4390045047553184,0.0,47.2924771543059,68.23119288576474,27.040615942479455
3236,千如,電子零組件業,19.85,2024-04-26,2023Q4,0.0,0.0,-81.82,0.0,-30.213333333333335,0.0,1.773984274417192,0.0,7.694587214905236,100.0,48.0,70.0,27.0
8064,東捷,光電業,30.2,2024-04-26,2023Q4,0.0,0.0,-52.94,0.0,-30.24,0.0,3.1709263920391937,0.0,1.4566600598401738,100.0,48.0,70.0,27.0
2732,六角,觀光餐旅,120.0,2024-04-26,2023Q4,0.0,0.0,-2.13,0.0,-1.3699999999999999,0.0,8.660397056841553,18.301985284207767,2.4644716587418327,100.0,37.0,42.5,26.995297792631163
2547,日勝生,建材營造業,11.7,2024-04-26,2023Q4,0.0,0.0,-237.5,0.0,20.703333333333333,100.0,14.312025518477745,46.560127592388724,0.0,0.0,17.8714586250056,0.0,26.984019138858308
6499,益安,生技醫療業,42.65,2024-04-26,2023Q4,0.0,0.0,-177.92,0.0,16.926666666666666,84.63333333333333,-427.7765039768067,0.0,0.0,0.0,84.0,100.0,26.926666666666666
3041,揚智,半導體業,21.9,2024-04-26,2023Q4,0.0,0.0,-12600.0,0.0,16.86,84.3,-45.18866971836149,0.0,0.0,0.0,63.04019976995,100.0,26.86
2756,聯發國際,觀光餐旅,85.7,2024-04-26,2023Q4,0.0,0.0,-23.23,0.0,-5.759999999999999,0.0,20.488452255976796,77.44226127988398,0.6831571705547564,26.16531007925092,63.0,100.0,26.84940120783278
1781,合世,生技醫療業,15.3,2024-04-26,2023Q4,0.0,0.0,-89.19,0.0,41.336666666666666,100.0,-6.830502469347325,0.0,0.0,0.0,47.0,67.5,26.75
3707,漢磊,半導體業,69.1,2024-04-26,2023Q4,0.0,0.0,-91.9,0.0,-17.533333333333335,0.0,1.9153652939401848,0.0,11.336573584005487,100.0,47.0,67.5,26.75
6163,華電網,通信網路業,20.5,2024-04-26,2023Q4,0.0,0.0,-60.38,0.0,-9.92666666666667,0.0,0.26058820438583197,0.0,15.600485942381118,100.0,47.0,67.5,26.75
3093,港建*,其他電子業,30.75,2024-04-26,2023Q4,0.0,0.0,-38.79,0.0,-57.18333333333334,0.0,19.636587619340933,73.18293809670466,0.7015229918450212,28.78899883500303,69.0,100.0,26.735240481506306
2419,仲琦,通信網路業,30.0,2024-04-26,2023Q4,0.0,0.0,-98.67,0.0,-25.373333333333335,0.0,2.7427825457784425,0.0,102.77208444353352,100.0,46.8136383074814,67.0340957687035,26.70340957687035
3380,明泰,通信網路業,32.15,2024-04-26,2023Q4,31.83,11.848958333333325,-40.24,0.0,-33.67333333333334,0.0,2.9331649605791075,0.0,4.932019272886553,100.0,42.0723015820559,55.18075395513975,26.702971228847307
1413,宏洲,紡織纖維,10.1,2024-04-26,2023Q4,0.0,0.0,-234.67,0.0,37.46333333333333,100.0,-6.825630858544956,0.0,0.0,0.0,46.7180726016406,66.79518150410149,26.67951815041015
6861,睿生光電,生技醫療業,70.1,2024-04-26,2023Q4,24.17,50.082678792889624,-46.62,0.0,-2.9266666666666663,0.0,1.6966266691923644,0.0,0.9360438203980868,62.29197434258382,56.6352944288195,91.58823607204874,26.6254863550106
8112,至上,電子通路業,85.1,2024-04-26,2023Q4,21.28,32.23574986164914,-8.91,0.0,123.61666666666666,100.0,2.944480435653373,0.0,-0.4504658209863639,0.0,33.5502428272251,33.87560706806275,26.61113569297119
3276,宇環,電子零組件業,18.75,2024-04-26,2023Q4,0.0,0.0,-9.2,0.0,46.39000000000001,100.0,-1.4310781859052446,0.0,0.29845845115388125,0.0,46.0,65.0,26.5
8234,新漢,電腦及週邊設備業,53.8,2024-04-26,2023Q4,0.0,0.0,-80.13,0.0,-30.070000000000004,0.0,3.8560168755265147,0.0,7.282105922557623,100.0,46.0,65.0,26.5
2367,燿華,電子零組件業,26.15,2024-04-26,2023Q4,0.0,0.0,-178.46,0.0,20.736666666666668,100.0,-2.590679843660997,0.0,0.0,0.0,45.8398287464662,64.5995718661655,26.45995718661655
6843,進典,電機機械,54.1,2024-04-26,2023Q4,0.0,0.0,-7.94,0.0,-25.416666666666668,0.0,17.311217827159922,61.55608913579961,0.7513481525317158,35.90687893310226,63.0,100.0,26.414789156990395
2376,技嘉,電腦及週邊設備業,295.5,2024-04-26,2023Q4,39.61,0.0,-27.5,0.0,97.86333333333333,100.0,3.579039987224417,0.0,0.4775178216053666,0.0,45.6148733019259,64.03718325481475,26.403718325481474
2413,環科,電子零組件業,24.25,2024-04-26,2023Q4,28.87,9.444985394352479,-59.42,0.0,-27.19666666666667,0.0,1.8583420888178652,0.0,3.25817478353962,100.0,41.6173490294615,54.04337257365375,26.348835796800625
5211,蒙恬,資訊服務業,25.85,2024-04-26,2023Q4,0.0,0.0,-585.11,0.0,16.26,81.30000000000001,-15.02303366365403,0.0,0.0,0.0,86.0,100.0,26.26
5701,劍湖山,觀光餐旅,6.05,2024-04-26,2023Q4,0.0,0.0,51.39,100.0,-2.4033333333333338,0.0,-2.3086846678970097,0.0,0.0,0.0,25.0,12.5,26.25
4401,東隆興,紡織纖維,26.75,2024-04-26,2023Q4,0.0,0.0,-109.49,0.0,48.07,100.0,-0.330276349190241,0.0,0.0,0.0,45.0,62.5,26.25
4714,永捷,化學工業,20.0,2024-04-26,2023Q4,0.0,0.0,136.84,100.0,-3.09,0.0,-19.08771454293763,0.0,-11.488333500955447,0.0,25.0,12.5,26.25
3630,新鉅科,光電業,29.7,2024-04-26,2023Q4,0.0,0.0,-35.08,0.0,50.156666666666666,100.0,-39.43994593152881,0.0,0.0,0.0,45.0,62.5,26.25
5531,鄉林,建材營造業,11.85,2024-04-26,2023Q4,0.0,0.0,85.82,100.0,-62.39666666666667,0.0,-7.405033528008106,0.0,0.0,0.0,24.6723960608369,11.680990152092248,26.168099015209226
2616,山隆,油電燃氣業,26.9,2024-04-26,2023Q4,56.04,0.0,-77.36,0.0,-12.193333333333333,0.0,-0.21734796875820073,0.0,16.815233716475095,100.0,44.6121570361747,61.530392590436755,26.153039259043677
1419,新紡,紡織纖維,50.3,2024-04-26,2023Q4,23.18,78.30188679245282,-68.64,0.0,3.893333333333333,19.466666666666665,10.634048144442195,28.170240722210977,0.3851972731251194,0.0,70.8958990199457,100.0,25.949058120910262
3094,聯傑,半導體業,30.8,2024-04-26,2023Q4,50.49,0.0,-27.38,0.0,-44.23666666666667,0.0,6.183318767211385,5.916593836056925,1.0271165063849914,75.30235805499878,89.7050819650786,100.0,25.947960686408294
6461,益得,生技醫療業,27.3,2024-04-26,2023Q4,0.0,0.0,0.35,0.7,598.63,100.0,-1239.8653615506635,0.0,0.0,0.0,43.0,57.49999999999999,25.925
1762,中化生,生技醫療業,44.9,2024-04-26,2023Q4,13.13,95.72137246796196,-43.09,0.0,-66.54333333333334,0.0,13.458755843083988,42.29377921541994,-0.2501764756954275,0.0,64.7807634351197,100.0,25.916204129109186
2466,冠西電,光電業,36.55,2024-04-26,2023Q4,203.06,0.0,-72.31,0.0,-10.969999999999999,0.0,-10.700765126919936,0.0,5.357710334740551,100.0,43.3876028373176,58.469007093294,25.8469007093294
6221,晉泰,資訊服務業,82.2,2024-04-26,2023Q4,0.0,0.0,-11.52,0.0,-8.963333333333333,0.0,6.769900253968069,8.849501269840342,3.1794277195743095,100.0,38.0,45.0,25.827425190476053
3138,耀登,通信網路業,128.5,2024-04-26,2023Q4,29.14,23.524305555555557,-35.85,0.0,-11.303333333333333,0.0,12.768664189009227,38.84332094504613,0.8275736772493181,46.79623960704544,52.9594161067625,82.39854026690624,25.778030645412187
5014,建錩,鋼鐵工業,13.4,2024-04-26,2023Q4,0.0,0.0,-93.14,0.0,3.520000000000002,17.60000000000001,0.6805291794694561,0.0,31.493988092921903,100.0,29.0,22.5,25.770000000000003
3581,博磊,半導體業,28.3,2024-04-26,2023Q4,0.0,0.0,-56.35,0.0,-14.996666666666668,0.0,4.7685060629771945,0.0,4.624139908256881,100.0,43.0,57.49999999999999,25.75
1536,和大,汽車工業,54.4,2024-04-26,2023Q4,46.5,0.0,-47.53,0.0,-12.086666666666666,0.0,6.297568049605787,6.487840248028935,2.604573195888891,100.0,39.070932582849,47.67733145712249,25.74090918291659
8249,菱光,電子零組件業,28.75,2024-04-26,2023Q4,16.62,69.08471275559882,-32.3,0.0,-17.296666666666667,0.0,7.760916739087187,13.804583695435934,0.736537136836987,33.791019548141,71.4960663067151,100.0,25.737362739503475
5530,龍巖,其他業,42.6,2024-04-26,2023Q4,0.0,0.0,-8.86,0.0,4.576666666666667,22.883333333333336,26.371747761678115,100.0,0.5928775760502891,13.268225150041305,34.0,35.0,25.730311696674928
5475,德宏,電子零組件業,10.25,2024-04-26,2023Q4,0.0,0.0,38.38,76.76,-41.910000000000004,0.0,-37.036700345445574,0.0,0.0,0.0,46.0,65.0,25.69
6465,威潤,通信網路業,22.9,2024-04-26,2023Q4,0.0,0.0,41.75,83.5,-43.93666666666667,0.0,-25.00817463503876,0.0,0.0,0.0,39.0,47.5,25.625
5371,中光電,光電業,95.5,2024-04-26,2023Q4,0.0,0.0,-40.96,0.0,-3.8933333333333326,0.0,2.3566212937662763,0.0,3.196308272799573,100.0,42.0,55.00000000000001,25.5
4552,力達-KY,電機機械,30.3,2024-04-26,2023Q4,8.76,100.0,-9.9,0.0,0.0,0.0,12.260419455847812,36.30209727923906,-0.2136876828281571,0.0,80.7331870796965,100.0,25.445314591885857
3673,TPK-KY,光電業,37.75,2024-04-26,2023Q4,74.02,0.0,-61.94,0.0,0.0,0.0,0.006846429602707688,0.0,52.589788377561305,100.0,41.7344562680938,54.3361406702345,25.43361406702345
6166,凌華,電腦及週邊設備業,64.5,2024-04-26,2023Q4,42.72,0.0,-59.3,0.0,-28.046666666666667,0.0,2.8301499169610214,0.0,1.7371630519743184,100.0,41.2865305592607,53.21632639815175,25.321632639815174
1587,吉茂,汽車工業,62.3,2024-04-26,2023Q4,102.13,0.0,-69.5,0.0,-8.573333333333332,0.0,2.587673021652064,0.0,8.213594541261502,100.0,41.1476423133871,52.86910578346775,25.286910578346777
6240,松崗,資訊服務業,21.55,2024-04-26,2023Q4,0.0,0.0,-121.03,0.0,22.10666666666667,100.0,-30.120009583342412,0.0,0.0,0.0,41.0,52.5,25.25
1466,聚隆,紡織纖維,12.5,2024-04-26,2023Q4,0.0,0.0,-126.67,0.0,19.74,98.69999999999999,-6.29998887381397,0.0,0.0,0.0,41.9572065964517,54.893016491129245,25.229301649112923
2030,彰源,鋼鐵工業,18.7,2024-04-26,2023Q4,103.89,0.0,-93.18,0.0,-6.87,0.0,1.9482069509918372,0.0,11.26818449460255,100.0,40.5824077576685,51.45601939417125,25.145601939417126
1225,福懋油,食品工業,58.9,2024-04-26,2023Q4,36.81,0.5481120584652777,-0.62,0.0,-10.75,0.0,3.184062716995252,0.0,2.775608284245635,100.0,40.2743207344698,50.685801836174505,25.123391389463976
4526,東台,電機機械,23.2,2024-04-26,2023Q4,116.0,0.0,-44.44,0.0,-18.393333333333334,0.0,-2.0511356851444327,0.0,13.764856077078056,100.0,40.2664128859122,50.66603221478051,25.06660322147805
2515,中工,建材營造業,18.0,2024-04-26,2023Q4,43.9,0.0,-24.07,0.0,27.8,100.0,4.913483534420688,0.0,-9.686250938421914,0.0,40.0734472295342,50.18361807383551,25.018361807383553
6747,亨泰光,,177.5,2024-04-26,2023Q4,0.0,0.0,-21.97,0.0,0.0,0.0,27.83433694634016,100.0,0.0,0.0,86.0,100.0,25.0
1512,瑞利,汽車工業,10.4,2024-04-26,2023Q4,260.0,0.0,102.02,100.0,-11.383333333333333,0.0,-10.91651038198623,0.0,-45.942896174863385,0.0,17.0914123965111,0.0,25.0
4943,康控-KY,電子零組件業,21.0,2024-04-26,2023Q4,0.0,0.0,80.86,100.0,0.0,0.0,-24.591433495623626,0.0,0.0,0.0,5.92418094262952,0.0,25.0
2371,大同,電機機械,67.5,2024-04-26,2023Q4,59.73,0.0,-71.82,0.0,-2.443333333333333,0.0,2.4776828192772204,0.0,1.4756039108057308,100.0,39.8190762622907,49.547690655726754,24.954769065572677
4175,杏一,生技醫療業,77.0,2024-04-26,2023Q4,0.0,0.0,-74.38,0.0,4.866666666666666,24.333333333333332,1.4169528309108417,0.0,16.99459436360917,100.0,19.0,0.0,24.866666666666667
2534,宏盛,建材營造業,25.85,2024-04-26,2023Q4,23.5,33.49033217649977,-73.49,0.0,-64.02333333333333,0.0,26.49550588379063,100.0,-0.27606259515311854,0.0,45.4767550046148,63.691887511537004,24.71822196880368
4306,炎洲,塑膠工業,20.3,2024-04-26,2023Q4,15.86,100.0,-24.42,0.0,9.956666666666665,49.783333333333324,5.085748838301067,0.42874419150533694,-1.1121460799670497,0.0,38.5268466831726,46.3171167079315,24.652689966185616
2460,建通,電子零組件業,30.15,2024-04-26,2023Q4,0.0,0.0,-69.35,0.0,19.709999999999997,98.54999999999998,-10.31372166018589,0.0,0.0,0.0,39.4038068465459,48.50951711636474,24.56095171163647
1626,艾美特-KY,電器電纜,16.05,2024-04-26,2023Q4,94.41,0.0,-94.52,0.0,0.0,0.0,-0.14682650156461396,0.0,23.197486737650024,100.0,38.0207629140255,45.05190728506374,24.505190728506374
3071,協禧,電腦及週邊設備業,34.45,2024-04-26,2023Q4,0.0,0.0,-41.83,0.0,-10.223333333333334,0.0,3.5586742894549848,0.0,4.070166053884636,100.0,38.0,45.0,24.5
6781,AES-KY,電子零組件業,625.0,2024-04-26,2023Q4,27.13,17.91626095423564,-38.84,0.0,0.0,0.0,21.83750761716377,84.18753808581884,-0.13504604402443826,0.0,69.8299949126993,100.0,24.419756808296388
6462,神盾,半導體業,249.5,2024-04-26,2023Q4,0.0,0.0,19.01,38.02,12.353333333333333,61.76666666666667,-29.754079086004115,0.0,0.0,0.0,30.0,25.0,24.358333333333334
2012,春雨,鋼鐵工業,24.15,2024-04-26,2023Q4,26.54,2.0624303232998686,-52.85,0.0,-0.3833333333333342,0.0,5.393066553704382,1.9653327685219102,5.502091670773781,100.0,35.1546505619174,37.8866264047935,24.289705588087624
6228,全譜,電腦及週邊設備業,21.9,2024-04-26,2023Q4,0.0,0.0,-18.9,0.0,15.453333333333331,77.26666666666667,-93.31499956115971,0.0,0.0,0.0,55.0,87.5,24.203333333333333
2401,凌陽,半導體業,27.7,2024-04-26,2023Q4,0.0,0.0,-327.03,0.0,14.18,70.89999999999999,-4.4685670701469675,0.0,0.0,0.0,60.7996571518077,100.0,24.18
3122,笙泉,半導體業,39.75,2024-04-26,2023Q4,0.0,0.0,-331.11,0.0,14.173333333333334,70.86666666666666,-11.472080671399791,0.0,0.0,0.0,63.0,100.0,24.173333333333332
6156,松上,電子零組件業,22.35,2024-04-26,2023Q4,0.0,0.0,-22.62,0.0,-0.17333333333333348,0.0,4.319005080039163,0.0,3.917164664812733,100.0,36.0,40.0,24.0
5381,合正,電子零組件業,34.5,2024-04-26,2023Q4,0.0,0.0,-50.0,0.0,792.4200000000001,100.0,1.6045555619098242,0.0,-2.1976439790575917,0.0,36.0,40.0,24.0
1586,和勤,電機機械,31.65,2024-04-26,2023Q4,0.0,0.0,-228.85,0.0,41.38,100.0,-2.925919353931247,0.0,0.0,0.0,36.0,40.0,24.0
9941,裕融,其他業,146.0,2024-04-26,2023Q4,15.08,66.12903225806451,1.0,2.0,6.38,31.900000000000002,18.890879304967047,69.45439652483523,-1.78200799743725,0.0,12.133163584763,0.0,23.911062704531737
1589,永冠-KY,電機機械,48.8,2024-04-26,2023Q4,0.0,0.0,40.66,81.32,0.0,0.0,-1.991163888770038,0.0,0.0,0.0,34.1357404416708,35.339351104177,23.8639351104177
1451,年興,紡織纖維,20.65,2024-04-26,2023Q4,0.0,0.0,-185.12,0.0,13.816666666666668,69.08333333333334,-7.075593947049262,0.0,0.0,0.0,85.9938869048782,100.0,23.81666666666667
6624,萬年清,綠能環保,41.45,2024-04-26,2023Q4,0.0,0.0,-11.76,0.0,62.68000000000001,100.0,4.753865514961947,0.0,-4.558985513953811,0.0,35.0,37.5,23.75
4729,熒茂,光電業,17.55,2024-04-26,2023Q4,0.0,0.0,-51.43,0.0,-26.88,0.0,-0.6383956382049368,0.0,6.9672800090678955,100.0,35.0,37.5,23.75
6227,茂綸,電子通路業,64.1,2024-04-26,2023Q4,0.0,0.0,-45.0,0.0,-22.703333333333333,0.0,4.504654230419982,0.0,6.810635965945313,100.0,35.0,37.5,23.75
4104,佳醫,生技醫療業,91.6,2024-04-26,2023Q4,19.08,71.1244315832989,11.89,23.78,1.0633333333333332,5.316666666666666,8.536930776140707,17.684653880703536,0.1434506867754703,0.0,47.6385217305935,69.09630432648376,23.68310500641713
6264,富裔,建材營造業,14.05,2024-04-26,2023Q4,0.0,0.0,47.31,94.62,-31.586666666666662,0.0,-93.65528522543526,0.0,0.0,0.0,17.0,0.0,23.655
2438,翔耀,光電業,20.7,2024-04-26,2023Q4,0.0,0.0,-170.27,0.0,219.88333333333333,100.0,-58.48965359260861,0.0,0.0,0.0,34.5755148322909,36.438787080727245,23.643878708072727
6236,中湛,其他業,34.95,2024-04-26,2023Q4,0.0,0.0,-31.51,0.0,13.593333333333334,67.96666666666667,-122.43189735107636,0.0,0.0,0.0,91.0,100.0,23.593333333333334
8171,天宇,綠能環保,38.7,2024-04-26,2023Q4,0.0,0.0,-122.73,0.0,13.589999999999998,67.94999999999999,-6.443519035806316,0.0,0.0,0.0,66.0,100.0,23.589999999999996
2352,佳世達,電腦及週邊設備業,41.6,2024-04-26,2023Q4,27.55,35.303913405495415,-64.05,0.0,-6.68,0.0,2.4613460008093235,0.0,4.574002439062913,100.0,19.6670431534022,0.0,23.530391340549542
4116,明基醫,生技醫療業,55.5,2024-04-26,2023Q4,0.0,0.0,-36.39,0.0,0.49000000000000016,2.4500000000000006,8.0439779784332,15.219889892165996,3.8605527967114965,100.0,23.0,7.5,23.5229834838249
6425,易發,電機機械,92.8,2024-04-26,2023Q4,0.0,0.0,-241.96,0.0,166.08,100.0,-7.088951274079988,0.0,0.0,0.0,34.0,35.0,23.5
1409,新纖,紡織纖維,16.9,2024-04-26,2023Q4,35.96,38.772038354469515,-73.14,0.0,19.62,98.10000000000001,3.793316540773014,0.0,-7.000652791041457,0.0,18.6374207710189,0.0,23.497203835446957
5871,中租-KY,其他業,168.0,2024-04-26,2023Q4,11.84,84.14905450500557,-9.98,0.0,0.0,0.0,33.766157182874515,100.0,-0.655844320817,0.0,16.3204597699249,0.0,23.414905450500555
3321,同泰,電子零組件業,17.1,2024-04-26,2023Q4,0.0,0.0,-1.01,0.0,36.56666666666667,100.0,-18.462417889297512,0.0,0.0,0.0,33.6319271161597,34.079817790399254,23.407981779039925
4946,辣椒,文化創意業,43.5,2024-04-26,2023Q4,0.0,0.0,34.64,69.28,2.310000000000001,11.550000000000004,-312.3200591954796,0.0,0.0,0.0,35.0,37.5,23.380000000000003
1467,南緯,紡織纖維,12.05,2024-04-26,2023Q4,0.0,0.0,-343.75,0.0,21.623333333333335,100.0,-3.986410706880765,0.0,0.0,0.0,33.4411460975049,33.602865243762245,23.360286524376225
6582,申豐,橡膠工業,50.1,2024-04-26,2023Q4,0.0,0.0,-161.82,0.0,13.326666666666666,66.63333333333334,-24.18414514422959,0.0,0.0,0.0,93.9531692832604,100.0,23.326666666666668
1464,得力,紡織纖維,13.2,2024-04-26,2023Q4,101.54,0.0,-85.56,0.0,-0.13000000000000136,0.0,-1.1640956684381762,0.0,19.657064680398268,100.0,33.150396095031,32.8759902375775,23.28759902375775
6743,安普新,其他電子業,58.0,2024-04-26,2023Q4,0.0,0.0,-110.0,0.0,27.150000000000002,100.0,4.555122742308875,0.0,0.0,0.0,32.8774944887282,32.19373622182051,23.21937362218205
2344,華邦電,半導體業,25.15,2024-04-26,2023Q4,0.0,0.0,-108.92,0.0,16.063333333333333,80.31666666666666,-2.1734665289391617,0.0,0.0,0.0,48.376650570751,70.94162642687752,23.157495976021085
6558,興能高,其他電子業,22.7,2024-04-26,2023Q4,0.0,0.0,26.15,52.300000000000004,-12.823333333333336,0.0,-5.318026206171594,0.0,0.0,0.0,68.1380009205506,100.0,23.075000000000003
2380,虹光,電腦及週邊設備業,6.88,2024-04-26,2023Q4,0.0,0.0,-1005.88,0.0,112.12333333333333,100.0,-21.518846278907525,0.0,0.0,0.0,32.0030213206729,30.00755330168225,23.000755330168225
3523,迎輝,光電業,20.2,2024-04-26,2023Q4,0.0,0.0,-34.33,0.0,115.77666666666666,100.0,-87.58046132074952,0.0,0.0,0.0,32.0,30.0,23.0
4119,旭富,生技醫療業,89.0,2024-04-26,2023Q4,36.03,1.0541546093427057,-6.25,0.0,-9.73,0.0,13.312195482490269,41.560977412451344,0.732105957838091,33.15799397687014,76.2240385631427,100.0,22.971160868176
3528,安馳,電子通路業,48.25,2024-04-26,2023Q4,29.24,0.0,-70.8,0.0,-32.98333333333333,0.0,6.004407627393487,5.022038136967435,3.812344644857005,100.0,28.4134074544874,21.033518636218496,22.856657584166964
8472,夠麻吉,數位雲端,25.1,2024-04-26,2023Q4,0.0,0.0,37.34,74.68,1.4200000000000002,7.1000000000000005,-23.206572939135448,0.0,0.0,0.0,31.0,27.500000000000004,22.840000000000003
2537,聯上發,建材營造業,16.45,2024-04-26,2023Q4,0.0,0.0,-176.92,0.0,331.74666666666667,100.0,6.8311807273060365,9.155903636530184,0.0,0.0,25.8408648934092,14.602162233523003,22.83360176883183
4433,興采,紡織纖維,29.25,2024-04-26,2023Q4,0.0,0.0,-78.88,0.0,-14.280000000000001,0.0,1.2734449442442601,0.0,9.377653108929406,100.0,31.0,27.500000000000004,22.75
6155,鈞寶,電子零組件業,25.75,2024-04-26,2023Q4,30.29,2.5316455696202445,-61.19,0.0,-16.439999999999998,0.0,1.2965431636314226,0.0,0.9359858815979464,62.283697371135204,71.018463342998,100.0,22.709904031189065
4168,醣聯,生技醫療業,25.5,2024-04-26,2023Q4,0.0,0.0,25.34,50.68,-94.055,0.0,-10222.816679779702,0.0,0.0,0.0,82.0,100.0,22.67
5880,合庫金,金融保險業,25.8,2024-04-26,2023Q4,22.05,0.0,-15.22,0.0,7.603333333333333,38.016666666666666,35.9656700931055,100.0,0.1249799144957041,0.0,4.99386099010074,0.0,22.60333333333333
6130,上亞科技,生技醫療業,20.8,2024-04-26,2023Q4,0.0,0.0,-6133.33,0.0,12.386666666666665,61.93333333333333,-3.350251171484573,0.0,0.0,0.0,71.0,100.0,22.386666666666667
2409,友達,光電業,18.25,2024-04-26,2023Q4,0.0,0.0,0.84,1.68,16.55333333333333,82.76666666666665,-8.856921285047017,0.0,0.0,0.0,41.5070021366454,53.7675053416135,22.350083867494682
2923,鼎固-KY,建材營造業,25.0,2024-04-26,2023Q4,78.12,0.0,-5.88,0.0,0.0,0.0,48.995866903590404,100.0,0.5713070287308238,10.186718390117692,40.35172311273,50.879307781825,22.12527445620604
2415,錩新,電子零組件業,29.5,2024-04-26,2023Q4,0.0,0.0,-2300.0,0.0,22.26,100.0,7.759892959072924,13.799464795364619,0.0,0.0,18.2373398559075,0.0,22.069919719304693
8107,大億金茂,電機機械,15.3,2024-04-26,2023Q4,0.0,0.0,-290.91,0.0,15.803333333333333,79.01666666666667,-17.30887097015305,0.0,0.0,0.0,45.0,62.5,22.053333333333335
6426,統新,通信網路業,65.3,2024-04-26,2023Q4,0.0,0.0,-215.02,0.0,12.0,60.0,-40.639324786583934,0.0,0.0,0.0,89.4173700103758,100.0,22.0
6668,中揚光,光電業,74.0,2024-04-26,2023Q4,0.0,0.0,28.48,56.96,-4.373333333333333,0.0,-29.732578220235677,0.0,0.0,0.0,50.3161268758131,75.79031718953274,21.819031718953276
3048,益登,電子通路業,23.1,2024-04-26,2023Q4,1155.0,0.0,-99.36,0.0,1.6299999999999997,8.149999999999999,1.4122066420394326,0.0,799.0605615409729,100.0,16.6634162227312,0.0,21.63
2406,國碩,光電業,20.2,2024-04-26,2023Q4,0.0,0.0,-120.0,0.0,50.14333333333334,100.0,-25.276345420799085,0.0,0.0,0.0,26.3165862670291,15.791465667572746,21.579146566757274
8096,擎亞,電子通路業,26.2,2024-04-26,2023Q4,0.0,0.0,-30900.0,0.0,113.48666666666666,100.0,-1.3952800077997545,0.0,0.0,0.0,26.0,15.0,21.5
6140,訊達,資訊服務業,28.55,2024-04-26,2023Q4,0.0,0.0,-89.72,0.0,-6.583333333333331,0.0,0.34940226202434504,0.0,109.65757927300851,100.0,26.0,15.0,21.5
5464,霖宏,電子零組件業,30.85,2024-04-26,2023Q4,0.0,0.0,-80.25,0.0,-13.063333333333333,0.0,-10.443856565752926,0.0,12.84676217363096,100.0,26.0,15.0,21.5
5468,凱鈺,半導體業,17.05,2024-04-26,2023Q4,0.0,0.0,-1072.73,0.0,13.996666666666668,69.98333333333335,-26.425902864259026,0.0,0.0,0.0,50.0,75.0,21.49666666666667
5215,科嘉-KY,電腦及週邊設備業,48.45,2024-04-26,2023Q4,17.62,76.64446294754372,-40.48,0.0,0.0,0.0,9.233550574072062,21.16775287036031,0.5184125727853468,2.6303675407638294,76.4883592731931,100.0,21.365682733461185
6547,高端疫苗,生技醫療業,51.3,2024-04-26,2023Q4,0.0,0.0,22.59,45.18,0.0,0.0,-311.5385602529619,0.0,0.0,0.0,63.0,100.0,21.295
6141,柏承,電子零組件業,17.1,2024-04-26,2023Q4,0.0,0.0,-191.47,0.0,54.77333333333333,100.0,-21.307313489804645,0.0,0.0,0.0,24.8609730435227,12.152432608806754,21.215243260880676
4538,大詠城,電機機械,20.4,2024-04-26,2023Q4,0.0,0.0,-26.8,0.0,-51.39000000000001,0.0,14.134633302429158,45.67316651214579,0.6519506349956797,21.70723357081139,89.0,100.0,21.192421690984148
4931,新盛力,電腦及週邊設備業,31.35,2024-04-26,2023Q4,0.0,0.0,-44.26,0.0,-21.87,0.0,0.48666992087594735,0.0,0.8891632321601247,55.594747451446395,77.0,100.0,21.118949490289282
9955,佳龍,綠能環保,33.0,2024-04-26,2023Q4,0.0,0.0,17.71,35.42,5.31,26.549999999999997,-6.511987734215609,0.0,0.0,0.0,46.4728228143714,66.1820570359285,20.78320570359285
1102,亞泥,水泥工業,42.75,2024-04-26,2023Q4,13.93,50.0,-9.64,0.0,-9.626666666666667,0.0,9.303800931169787,21.519004655848935,0.6679713522939722,23.99590747056746,50.2395028782543,75.59875719563574,20.586907912054407
6111,大宇資,文化創意業,71.0,2024-04-26,2023Q4,0.0,0.0,-154.68,0.0,212.6833333333333,100.0,-8.804539049182127,0.0,0.0,0.0,22.0,5.0,20.5
6134,萬旭,電子零組件業,20.0,2024-04-26,2023Q4,0.0,0.0,26.37,52.739999999999995,-6.876666666666666,0.0,-6.361526844800934,0.0,0.0,0.0,49.0,72.5,20.435
1732,毛寶,化學工業,27.8,2024-04-26,2023Q4,0.0,0.0,-216.67,0.0,10.416666666666666,52.08333333333333,-1.2725097833323409,0.0,0.0,0.0,73.1499490741309,100.0,20.416666666666664
4973,廣穎,半導體業,36.4,2024-04-26,2023Q4,0.0,0.0,7.96,15.920000000000002,6.180000000000001,30.900000000000006,3.0661498702255994,0.0,-0.07837203182250653,0.0,69.0,100.0,20.160000000000004
5321,美而快,數位雲端,71.0,2024-04-26,2023Q4,0.0,0.0,-55.61,0.0,-8.909999999999998,0.0,5.024136597121127,0.12068298560563573,3.377415591044994,100.0,19.0,0.0,20.018102447840846
4113,聯上,建材營造業,46.2,2024-04-26,2023Q4,0.0,0.0,-1.47,0.0,45101.76666666667,100.0,-1.3158732885636577,0.0,0.0,0.0,20.0,0.0,20.0
2915,潤泰全,貿易百貨業,60.1,2024-04-26,2023Q4,8.56,100.0,-53.76,0.0,-2.09,0.0,2.4549361346544107,0.0,-0.034344806803544715,0.0,82.7545229622843,100.0,20.0
2312,金寶,其他電子業,14.6,2024-04-26,2023Q4,28.63,0.0,-26.09,0.0,-16.24,0.0,1.8779258381408679,0.0,21.437428515505893,100.0,18.3909025342097,0.0,20.0
4123,晟德,生技醫療業,42.95,2024-04-26,2023Q4,0.0,0.0,-1037.5,0.0,9.336666666666666,46.68333333333333,5.635190041950978,3.1759502097548924,0.0,0.0,73.0,100.0,19.8130591981299
9949,琉園,文化創意業,22.5,2024-04-26,2023Q4,0.0,0.0,13.75,27.500000000000004,2.9333333333333336,14.666666666666666,-18.079461992520162,0.0,0.0,0.0,82.0,100.0,19.808333333333334
1301,台塑,塑膠工業,67.7,2024-04-26,2023Q4,58.87,0.0,-79.75,0.0,-5.84,0.0,-2.022970644235703,0.0,0.8391326230026293,48.447517571804184,65.4484721281384,100.0,19.689503514360837
8033,雷虎,其他業,75.4,2024-04-26,2023Q4,0.0,0.0,-357.14,0.0,10.726666666666668,53.63333333333335,-5.758906139767646,0.0,0.0,0.0,54.9336179589588,87.334044897397,19.46007115640637
1310,台苯,塑膠工業,13.1,2024-04-26,2023Q4,0.0,0.0,-23.94,0.0,9.446666666666665,47.23333333333333,-6.398704059937228,0.0,0.0,0.0,70.9550368915778,100.0,19.446666666666665
2028,威致,鋼鐵工業,26.6,2024-04-26,2023Q4,20.78,34.16945373467111,-44.35,0.0,-0.9266666666666671,0.0,4.839408888044865,0.0,0.7775669107960416,39.652415828005935,51.5838903536868,78.959725884217,19.24340112749
3024,憶聲,光電業,19.55,2024-04-26,2023Q4,50.13,0.0,18.18,36.36,-16.523333333333333,0.0,6.956083732129499,9.780418660647495,0.007972989091042545,0.0,54.541931121146,86.354827802865,19.192545579383626
2425,承啟,電腦及週邊設備業,37.25,2024-04-26,2023Q4,22.17,57.70191507077435,-49.4,0.0,0.6300000000000004,3.150000000000002,3.2992501244614303,0.0,0.6005089530021432,14.358421857449036,59.5021593054168,98.75539826354199,19.147415704921443
2615,萬海,航運業,48.35,2024-04-26,2023Q4,0.0,0.0,-106.24,0.0,9.08,45.4,-6.288720299852205,0.0,0.0,0.0,61.9402386468632,100.0,19.08
8201,無敵,其他電子業,17.8,2024-04-26,2023Q4,0.0,0.0,17.99,35.98,-31.333333333333332,0.0,-16.831579599869826,0.0,0.0,0.0,71.6237081637542,100.0,18.994999999999997
1718,中纖,化學工業,7.4,2024-04-26,2023Q4,0.0,0.0,-16.83,0.0,12.939999999999998,64.69999999999999,13.023426947063358,40.11713473531679,0.0,0.0,2.32285104413176,0.0,18.957570210297515
3577,泓格,電腦及週邊設備業,58.3,2024-04-26,2023Q4,0.0,0.0,-64.64,0.0,0.4233333333333344,2.116666666666672,9.761125924296984,23.80562962148492,0.6736337932043095,24.804827600615646,76.0,100.0,18.955143296679204
8121,越峰,電子零組件業,31.65,2024-04-26,2023Q4,0.0,0.0,-1000.0,0.0,14.160000000000002,70.80000000000001,-9.726516667411254,0.0,0.0,0.0,39.0,47.5,18.910000000000004
6237,驊訊,半導體業,51.5,2024-04-26,2023Q4,0.0,0.0,17.79,35.58,-13.736666666666666,0.0,-45.119110044799456,0.0,0.0,0.0,94.0,100.0,18.895
3018,隆銘綠能,其他電子業,15.0,2024-04-26,2023Q4,0.0,0.0,37.0,74.0,-60.46,0.0,-20.88994168853208,0.0,0.0,0.0,12.9507130009377,0.0,18.5
8110,華東,半導體業,18.55,2024-04-26,2023Q4,0.0,0.0,-102.0,0.0,8.453333333333333,42.266666666666666,-3.500942610632197,0.0,0.0,0.0,60.8752245098923,100.0,18.453333333333333
2241,艾姆勒,汽車工業,48.25,2024-04-26,2023Q4,0.0,0.0,-0.41,0.0,8.603333333333333,43.01666666666667,-26.855309554811686,0.0,0.0,0.0,59.3379568581365,98.34489214534126,18.437822547867462
2369,菱生,半導體業,22.0,2024-04-26,2023Q4,0.0,0.0,-175.0,0.0,8.436666666666666,42.18333333333333,-3.9597390255524085,0.0,0.0,0.0,68.5604185366849,100.0,18.436666666666667
3234,光環,通信網路業,44.95,2024-04-26,2023Q4,0.0,0.0,-1276.47,0.0,9.416666666666666,47.083333333333336,-52.14449137348358,0.0,0.0,0.0,56.0,90.0,18.416666666666668
1309,台達化,塑膠工業,15.1,2024-04-26,2023Q4,0.0,0.0,-166.35,0.0,8.326666666666666,41.63333333333333,-3.054145937821554,0.0,0.0,0.0,74.7691718009621,100.0,18.326666666666668
2009,第一銅,鋼鐵工業,46.25,2024-04-26,2023Q4,0.0,0.0,-105.45,0.0,8.153333333333334,40.76666666666667,-2.545170358887576,0.0,0.0,0.0,75.3491036369882,100.0,18.153333333333336
4188,安克,生技醫療業,27.15,2024-04-26,2023Q4,0.0,0.0,15.84,31.679999999999996,-18.576666666666664,0.0,-82.72802500919457,0.0,0.0,0.0,74.0,100.0,17.919999999999998
2359,所羅門,其他電子業,105.5,2024-04-26,2023Q4,33.92,0.0,16.48,32.96,-13.776666666666666,0.0,3.3921395823553286,0.0,-0.19764166984505138,0.0,58.3732263816689,95.93306595417225,17.833306595417227
5487,通泰,半導體業,31.0,2024-04-26,2023Q4,0.0,0.0,-1400.0,0.0,7.760000000000001,38.800000000000004,-21.686096316436366,0.0,0.0,0.0,90.0,100.0,17.76
6492,生華科,生技醫療業,40.7,2024-04-26,2023Q4,0.0,0.0,15.31,30.620000000000005,0.0,0.0,-31111.1,0.0,0.0,0.0,97.0,100.0,17.655
2024,志聯,鋼鐵工業,21.9,2024-04-26,2023Q4,0.0,0.0,-216.67,0.0,7.670000000000002,38.35000000000001,-4.935897925534875,0.0,0.0,0.0,59.9345412688932,99.83635317223299,17.6536353172233
6727,亞泰金屬,電子零組件業,62.2,2024-04-26,2023Q4,0.0,0.0,-47.9,0.0,11.540000000000001,57.70000000000001,7.380084782948783,11.900423914743916,0.3288175219522804,0.0,37.0,42.5,17.575063587211588
6840,東研信超,其他電子業,70.5,2024-04-26,2023Q4,0.0,0.0,-136.8,0.0,9.293333333333335,46.466666666666676,-10.790637054237756,0.0,0.0,0.0,53.0,82.5,17.543333333333337
4128,中天,生技醫療業,40.8,2024-04-26,2023Q4,0.0,0.0,-655.26,0.0,7.496666666666667,37.483333333333334,-31.76451810741791,0.0,0.0,0.0,80.0,100.0,17.496666666666666
6578,達邦蛋白,農業科技業,28.55,2024-04-26,2023Q4,0.0,0.0,6.96,13.919999999999998,3.870000000000001,19.350000000000005,-7.7858969389692865,0.0,0.0,0.0,68.0,100.0,17.35
2948,寶陞,居家生活,65.9,2024-04-26,2023Q4,0.0,0.0,-31.62,0.0,-2.8633333333333333,0.0,8.301450192991549,16.507250964957745,0.7870813397129187,41.01161995898839,45.0,62.5,16.92841163654134
9929,秋雨,其他業,15.7,2024-04-26,2023Q4,0.0,0.0,-26.83,0.0,12.566666666666668,62.83333333333334,-0.9091583156045561,0.0,0.0,0.0,37.226470114446,43.066175286115005,16.87328419527817
8927,北基,油電燃氣業,61.1,2024-04-26,2023Q4,0.0,0.0,-20.45,0.0,16.786666666666665,83.93333333333332,3.3553296314011423,0.0,0.060225457127640686,0.0,18.0,0.0,16.786666666666665
1337,再生-KY,塑膠工業,7.7,2024-04-26,2023Q4,0.0,0.0,13.56,27.12,0.0,0.0,-50.65968597237946,0.0,0.0,0.0,96.0284811611806,100.0,16.78
3062,建漢,通信網路業,21.4,2024-04-26,2023Q4,0.0,0.0,13.39,26.780000000000005,-23.11,0.0,-12.26041567848577,0.0,0.0,0.0,67.4281353100673,100.0,16.695
2017,官田鋼,鋼鐵工業,14.85,2024-04-26,2023Q4,0.0,0.0,-203.03,0.0,9.616666666666667,48.083333333333336,-14.642163923142801,0.0,0.0,0.0,48.1765719114074,70.44142977851851,16.66080964451852
2023,燁輝,鋼鐵工業,15.2,2024-04-26,2023Q4,0.0,0.0,-234.15,0.0,13.56,67.80000000000001,2.1751713232223544,0.0,0.0,0.0,32.2167328949354,30.541832237338497,16.614183223733853
6165,浪凡,數位雲端,40.9,2024-04-26,2023Q4,170.42,0.0,-58.06,0.0,10.26,51.300000000000004,0.5519935333894845,0.0,-1.4816055708842464,0.0,45.3183944358729,63.295986089682245,16.589598608968227
5609,中菲行,航運業,92.4,2024-04-26,2023Q4,0.0,0.0,-59.37,0.0,2.353333333333333,11.766666666666666,4.905645791592349,0.0,0.6454685775133593,20.781225359051327,66.0,100.0,16.5095784051436
6533,晶心科,半導體業,380.0,2024-04-26,2023Q4,0.0,0.0,-128.59,0.0,6.4366666666666665,32.18333333333333,-25.381870983477313,0.0,0.0,0.0,90.1601205401819,100.0,16.436666666666667
6854,錼創科技-KY創,,80.6,2024-04-26,2023Q4,0.0,0.0,12.61,25.22,0.0,0.0,-59.62307689044797,0.0,0.0,0.0,85.0513018969746,100.0,16.305
3056,富華新,建材營造業,32.1,2024-04-26,2023Q4,35.67,0.0,-87.07,0.0,-3.9566666666666683,0.0,23.017213459910042,90.08606729955021,-5.116907916604209,0.0,30.8395248463883,27.09881211597075,16.222791306529608
5434,崇越,電子通路業,250.5,2024-04-26,2023Q4,16.68,57.6923076923077,-7.53,0.0,-4.323333333333333,0.0,6.490713914824929,7.4535695741246455,0.5715715281422662,10.224504020323742,47.7597837040172,69.399459260043,15.872112935418517
6188,廣明,電腦及週邊設備業,92.0,2024-04-26,2023Q4,0.0,0.0,2.3,4.6,-13.893333333333333,0.0,11.091714916481086,30.45857458240543,0.146384692234163,0.0,65.0,100.0,15.718786187360815
4919,新唐,半導體業,130.5,2024-04-26,2023Q4,22.62,74.86297957149975,-42.64,0.0,-4.073333333333334,0.0,4.781531842020922,0.0,0.05457161814781977,0.0,52.7124818455741,81.78120461393526,15.664418418543502
3593,力銘,電子零組件業,11.15,2024-04-26,2023Q4,0.0,0.0,25.0,50.0,-3.520000000000001,0.0,-4.838064319588238,0.0,0.0,0.0,32.6505844917475,31.62646122936875,15.662646122936875
6598,ABC-KY,生技醫療業,19.55,2024-04-26,2023Q4,0.0,0.0,11.06,22.12,0.0,0.0,-47.24611495334907,0.0,0.0,0.0,66.5510814966065,100.0,15.530000000000001
3296,勝德,電子零組件業,23.55,2024-04-26,2023Q4,0.0,0.0,-31.88,0.0,6.996666666666667,34.983333333333334,-7.478120004777966,0.0,0.0,0.0,54.0918903533946,85.2297258834865,15.519639255015317
6496,科懋,生技醫療業,28.35,2024-04-26,2023Q4,0.0,0.0,-167.57,0.0,5.4433333333333325,27.21666666666666,-10.514773926139442,0.0,0.0,0.0,70.0,100.0,15.443333333333332
2509,全坤建,建材營造業,24.8,2024-04-26,2023Q4,0.0,0.0,-62.69,0.0,9.78,48.9,-38.32505481720141,0.0,0.0,0.0,41.5515403411579,53.87885085289476,15.167885085289477
3663,鑫科,其他電子業,45.3,2024-04-26,2023Q4,0.0,0.0,-51.79,0.0,1.8866666666666678,9.433333333333339,1.9979053011514192,0.0,0.6107713303679742,15.824475766853451,66.0,100.0,15.051561820037358
4945,陞達科技,,103.5,2024-04-26,2023Q4,0.0,0.0,-29.33,0.0,0.0,0.0,11.58255060584884,32.9127530292442,0.0,0.0,89.0,100.0,14.93691295438663
6144,得利影,文化創意業,20.6,2024-04-26,2023Q4,0.0,0.0,-152.63,0.0,4.866666666666666,24.333333333333332,-11.192169609682425,0.0,0.0,0.0,87.0,100.0,14.866666666666667
1316,上曜,建材營造業,18.7,2024-04-26,2023Q4,0.0,0.0,-197.14,0.0,13.886666666666663,69.43333333333331,-21.17852747899666,0.0,0.0,0.0,23.0794049469026,7.698512367256498,14.656517903392313
5481,新華,其他業,13.45,2024-04-26,2023Q4,0.0,0.0,-185.71,0.0,4.626666666666666,23.13333333333333,-17.825056151734465,0.0,0.0,0.0,76.0,100.0,14.626666666666665
4555,氣立,電機機械,63.8,2024-04-26,2023Q4,0.0,0.0,-120.0,0.0,4.559999999999999,22.799999999999994,-1.5327142162166085,0.0,0.0,0.0,63.3648017318542,100.0,14.559999999999999
2949,欣新網,數位雲端,102.5,2024-04-26,2023Q4,0.0,0.0,-1.26,0.0,8.303333333333333,41.516666666666666,4.769390729172716,0.0,-0.44595507394259926,0.0,44.0,60.0,14.303333333333333
1597,直得,電機機械,65.7,2024-04-26,2023Q4,58.66,0.0,-71.36,0.0,-17.5,0.0,10.940364027489082,29.701820137445413,-0.21477530038146916,0.0,59.2560677868735,98.14016946718375,14.269289967335187
9914,美利達,運動休閒,236.0,2024-04-26,2023Q4,41.7,0.0,-50.09,0.0,-30.743333333333336,0.0,12.420411826852144,37.10205913426072,-0.1549772050622317,0.0,53.7763503028616,84.440875757154,14.00939644585451
8421,旭源,其他業,13.6,2024-04-26,2023Q4,0.0,0.0,-105.19,0.0,8.816666666666668,44.08333333333334,-0.10496925113172623,0.0,0.0,0.0,40.0,50.0,13.816666666666668
1218,泰山,食品工業,21.4,2024-04-26,2023Q4,0.0,0.0,-101.4,0.0,3.6199999999999997,18.099999999999998,-0.557210828767169,0.0,0.0,0.0,88.2996870276575,100.0,13.62
6485,點序,半導體業,77.6,2024-04-26,2023Q4,0.0,0.0,-79.4,0.0,-32.01,0.0,4.766503762545033,0.0,0.6252313698215227,17.890195688788964,83.0,100.0,13.578039137757793
6589,台康生技,生技醫療業,78.7,2024-04-26,2023Q4,0.0,0.0,-689.47,0.0,3.543333333333333,17.716666666666665,-100.9117462130361,0.0,0.0,0.0,90.0,100.0,13.543333333333333
1447,力鵬,紡織纖維,8.01,2024-04-26,2023Q4,0.0,0.0,-1175.0,0.0,6.646666666666666,33.23333333333333,-2.0181540537416964,0.0,0.0,0.0,47.442921563903,68.6073039097575,13.507397057642416
6196,帆宣,其他電子業,157.0,2024-04-26,2023Q4,14.62,61.07055961070561,-3.52,0.0,6.433333333333333,32.166666666666664,4.325489680725559,0.0,-1.9308919791676786,0.0,23.863099631186,9.657749077964999,13.506164202200395
3349,寶德,電腦及週邊設備業,23.25,2024-04-26,2023Q4,0.0,0.0,-82.31,0.0,3.526666666666666,17.63333333333333,-29.28343361287708,0.0,0.0,0.0,59.0,97.5,13.276666666666666
5603,陸海,航運業,23.05,2024-04-26,2023Q4,0.0,0.0,2.12,4.24,-21.66333333333333,0.0,4.891068637684117,0.0,0.5759034838277257,10.843354832532246,66.0,100.0,13.22867096650645
3221,台嘉碩,通信網路業,26.3,2024-04-26,2023Q4,0.0,0.0,-104.09,0.0,3.1833333333333336,15.916666666666668,0.5713043791883515,0.0,0.0,0.0,69.0,100.0,13.183333333333334
8024,佑華,半導體業,19.0,2024-04-26,2023Q4,0.0,0.0,-139.09,0.0,2.996666666666665,14.983333333333324,-22.972950367185803,0.0,0.0,0.0,91.0,100.0,12.996666666666664
6220,岳豐,電子零組件業,23.55,2024-04-26,2023Q4,0.0,0.0,-151.62,0.0,9.296666666666665,46.48333333333333,-6.292044536600226,0.0,0.0,0.0,34.0,35.0,12.796666666666665
4960,誠美材,光電業,12.75,2024-04-26,2023Q4,0.0,0.0,-243.48,0.0,2.69,13.450000000000001,-5.765040357068665,0.0,0.0,0.0,64.5865883588958,100.0,12.690000000000001
2354,鴻準,其他電子業,61.4,2024-04-26,2023Q4,20.4,25.912408759124105,-0.33,0.0,-62.93666666666667,0.0,1.9696609820403226,0.0,-0.8322023038359714,0.0,78.5171128039743,100.0,12.59124087591241
2013,中鋼構,鋼鐵工業,61.7,2024-04-26,2023Q4,23.02,21.683389074693405,12.13,24.26,-3.893333333333333,0.0,3.2055920504361866,0.0,-0.2726254229312779,0.0,37.4213919326963,43.55347983174075,12.588686890643416
2937,集雅社,居家生活,35.6,2024-04-26,2023Q4,0.0,0.0,-26.05,0.0,10.06,50.3,3.4569998698229716,0.0,0.3479311999409442,0.0,30.0,25.0,12.56
6645,金萬林-創,,39.35,2024-04-26,2023Q4,0.0,0.0,-341.3,0.0,2.3766666666666665,11.883333333333331,-30.320474205440835,0.0,0.0,0.0,59.5724657027319,98.93116425682975,12.269783092349643
4764,雙鍵,化學工業,34.0,2024-04-26,2023Q4,0.0,0.0,-240.85,0.0,5.189999999999999,25.949999999999996,-5.1176428327675705,0.0,0.0,0.0,47.6850893914514,69.2127234786285,12.111272347862851
3550,聯穎,電子零組件業,14.75,2024-04-26,2023Q4,0.0,0.0,-1492.31,0.0,8.119999999999996,40.59999999999998,-9.905616348851638,0.0,0.0,0.0,34.9697128355211,37.424282088802755,11.86242820888027
3128,昇銳,光電業,29.35,2024-04-26,2023Q4,0.0,0.0,-50.0,0.0,-3.4,0.0,5.63733815511454,3.186690775572698,0.6019899156038504,14.5699879434072,51.0,77.5,11.142001205017344
6208,日揚,半導體業,59.5,2024-04-26,2023Q4,0.0,0.0,-27.92,0.0,-4.183333333333334,0.0,13.09673955328294,40.48369776641471,0.025437829843019934,0.0,40.0,50.0,11.072554664962205
3703,欣陸,建材營造業,39.0,2024-04-26,2023Q4,18.66,57.486365889935556,-40.46,0.0,-7.723333333333333,0.0,7.098409100918736,10.49204550459368,0.2558488899865792,0.0,34.8831814628499,37.20795365712474,11.043238780395082
1701,中化,,21.85,2024-04-26,2023Q4,20.23,15.133333333333333,-32.92,0.0,0.0,0.0,2.6964379011792805,0.0,0.0,0.0,57.7727183336274,94.43179583406851,10.956512916740184
3066,李洲,光電業,21.2,2024-04-26,2023Q4,0.0,0.0,-145.49,0.0,0.6033333333333329,3.016666666666665,-67.37851221172588,0.0,0.0,0.0,68.0,100.0,10.603333333333333
6949,沛爾生醫-創,,173.0,2024-04-26,2023Q4,0.0,0.0,-46.85,0.0,0.46333333333333293,2.3166666666666647,-2280.5190484112463,0.0,0.0,0.0,82.5163099123087,100.0,10.463333333333333
3081,聯亞,通信網路業,123.5,2024-04-26,2023Q4,0.0,0.0,-163.99,0.0,0.41999999999999993,2.0999999999999996,-26.42139771485496,0.0,0.0,0.0,88.0,100.0,10.42
9928,中視,其他業,16.95,2024-04-26,2023Q4,0.0,0.0,-227.27,0.0,10.35,51.74999999999999,-5.38838235115419,0.0,0.0,0.0,12.0520836401403,0.0,10.35
2007,燁興,鋼鐵工業,11.7,2024-04-26,2023Q4,0.0,0.0,-41.22,0.0,3.3600000000000008,16.800000000000004,-12.767516977062895,0.0,0.0,0.0,47.6254957410191,69.06373935254774,10.266373935254776
6865,偉康科技,數位雲端,51.3,2024-04-26,2023Q4,0.0,0.0,-51.36,0.0,1.71,8.549999999999999,4.067967080258794,0.0,-0.516814473217453,0.0,54.0,85.0,10.21
8489,三貝德,其他業,24.85,2024-04-26,2023Q4,0.0,0.0,9.26,18.52,4.713333333333334,23.56666666666667,0.23281315271229935,0.0,0.0,0.0,23.0,7.5,10.093333333333334
2528,皇普,建材營造業,49.65,2024-04-26,2023Q4,77.58,0.0,0.0,0.0,-20.366666666666664,0.0,16.88025479221915,59.401273961095754,-7.471665859544121,0.0,24.6970444800117,11.742611200029254,10.084452214167289
2911,麗嬰房,貿易百貨業,6.81,2024-04-26,2023Q4,0.0,0.0,19.2,38.4,-10.446666666666667,0.0,-18.26307272330274,0.0,0.0,0.0,21.7868184806278,4.467046201569502,10.04670462015695
6142,友勁,通信網路業,9.57,2024-04-26,2023Q4,0.0,0.0,-137.93,0.0,-78.05333333333333,0.0,-7.4596531243773025,0.0,0.0,0.0,73.9757733764471,100.0,10.0
8097,常珵,通信網路業,70.2,2024-04-26,2023Q4,0.0,0.0,-111.62,0.0,-27.673333333333332,0.0,-33.77273249697195,0.0,0.0,0.0,96.0,100.0,10.0
1417,嘉裕,紡織纖維,11.35,2024-04-26,2023Q4,0.0,0.0,-166.07,0.0,-42.18,0.0,-5.364669177063157,0.0,0.0,0.0,72.2728145723835,100.0,10.0
8921,沈氏,其他業,15.45,2024-04-26,2023Q4,0.0,0.0,-119.61,0.0,-16.213333333333335,0.0,-3.524311956533283,0.0,0.0,0.0,78.0,100.0,10.0
9962,有益,鋼鐵工業,16.8,2024-04-26,2023Q4,0.0,0.0,-46.61,0.0,-37.083333333333336,0.0,4.037893506023694,0.0,0.37491978938670745,0.0,79.0,100.0,10.0
3259,鑫創,半導體業,28.8,2024-04-26,2023Q4,0.0,0.0,-37.78,0.0,-52.690000000000005,0.0,-75.44414655294386,0.0,0.0,0.0,84.0,100.0,10.0
2434,統懋,半導體業,32.0,2024-04-26,2023Q4,0.0,0.0,-4.26,0.0,-11.096666666666666,0.0,-78.81545363750217,0.0,0.0,0.0,71.2664310258374,100.0,10.0
2431,聯昌,電子零組件業,12.3,2024-04-26,2023Q4,0.0,0.0,-1044.44,0.0,-31.323333333333334,0.0,-24.087716292616072,0.0,0.0,0.0,86.2942442319037,100.0,10.0
3498,陽程,其他電子業,32.8,2024-04-26,2023Q4,0.0,0.0,-244.05,0.0,-77.23666666666666,0.0,-15.064481293545198,0.0,0.0,0.0,75.0,100.0,10.0
3504,揚明光,光電業,53.5,2024-04-26,2023Q4,0.0,0.0,-542.11,0.0,-22.796666666666667,0.0,-10.347469031205145,0.0,0.0,0.0,63.5113097075555,100.0,10.0
6588,東典光電,通信網路業,36.9,2024-04-26,2023Q4,0.0,0.0,-365.15,0.0,-17.853333333333335,0.0,-78.94576562110683,0.0,0.0,0.0,79.0,100.0,10.0
4406,新昕纖,紡織纖維,10.45,2024-04-26,2023Q4,0.0,0.0,-197.5,0.0,-5.07,0.0,-11.86532141095576,0.0,0.0,0.0,70.0,100.0,10.0
8043,蜜望實,電子零組件業,24.3,2024-04-26,2023Q4,0.0,0.0,-112.57,0.0,-16.513333333333335,0.0,-1.0908432210935246,0.0,0.0,0.0,66.0,100.0,10.0
8040,九暘,半導體業,72.0,2024-04-26,2023Q4,0.0,0.0,-179.73,0.0,-33.14,0.0,-7.887934036241069,0.0,0.0,0.0,79.0,100.0,10.0
2342,茂矽,半導體業,30.0,2024-04-26,2023Q4,0.0,0.0,-131.73,0.0,-10.32,0.0,-13.188484753680099,0.0,0.0,0.0,68.5030408368542,100.0,10.0
4934,太極,光電業,22.9,2024-04-26,2023Q4,0.0,0.0,-126.53,0.0,-87.84333333333332,0.0,-13.323810953409643,0.0,0.0,0.0,69.5200312791267,100.0,10.0
2337,旺宏,半導體業,26.0,2024-04-26,2023Q4,0.0,0.0,-118.97,0.0,-18.27333333333333,0.0,-8.713919629904971,0.0,0.0,0.0,62.1050073168516,100.0,10.0
6457,紘康,,48.75,2024-04-26,2023Q4,0.0,0.0,-261.62,0.0,0.0,0.0,-18.673289484900437,0.0,0.0,0.0,67.0,100.0,10.0
6432,今展科,電子零組件業,35.35,2024-04-26,2023Q4,0.0,0.0,-20.67,0.0,-5.863333333333334,0.0,1.8226963875536537,0.0,-2.4166872784236126,0.0,61.0,100.0,10.0
6441,廣錠,電腦及週邊設備業,38.7,2024-04-26,2023Q4,0.0,0.0,-7200.0,0.0,-31.676666666666666,0.0,-12.898416366797157,0.0,0.0,0.0,68.0,100.0,10.0
4956,光鋐,光電業,19.65,2024-04-26,2023Q4,0.0,0.0,-91.67,0.0,-9.663333333333334,0.0,-15.147303346081403,0.0,0.0,0.0,62.0602458143406,100.0,10.0
4989,榮科,電子零組件業,26.3,2024-04-26,2023Q4,0.0,0.0,-165.99,0.0,-3.8700000000000023,0.0,-5.101534049341071,0.0,0.0,0.0,78.8949510106426,100.0,10.0
2399,映泰,電腦及週邊設備業,20.3,2024-04-26,2023Q4,0.0,0.0,-1014.29,0.0,-8.95,0.0,-5.536771119694084,0.0,0.0,0.0,76.9221861350414,100.0,10.0
8047,星雲,其他電子業,15.8,2024-04-26,2023Q4,0.0,0.0,-65.48,0.0,-15.953333333333333,0.0,-11.628248126631473,0.0,0.0,0.0,82.0,100.0,10.0
6641,基士德-KY,綠能環保,42.85,2024-04-26,2023Q4,33.48,0.0,-74.4,0.0,0.0,0.0,-0.7519263144901798,0.0,-0.08345068919899287,0.0,60.1760449329211,100.0,10.0
4131,浩泰,生技醫療業,31.2,2024-04-26,2023Q4,0.0,0.0,-25.5,0.0,-2.726666666666668,0.0,-131.23020593551578,0.0,0.0,0.0,63.0,100.0,10.0
6674,鋐寶科技,通信網路業,23.85,2024-04-26,2023Q4,0.0,0.0,-414.89,0.0,-20.446666666666665,0.0,-27.346583577737803,0.0,0.0,0.0,68.855475542779,100.0,10.0
2032,新鋼,鋼鐵工業,17.6,2024-04-26,2023Q4,0.0,0.0,-155.17,0.0,-8.51,0.0,-2.0540996046502853,0.0,0.0,0.0,87.746245915327,100.0,10.0
4976,佳凌,光電業,39.0,2024-04-26,2023Q4,0.0,0.0,-105.38,0.0,-0.5766666666666665,0.0,-31.414030481834804,0.0,0.0,0.0,80.45107960266,100.0,10.0
6568,宏觀,半導體業,130.5,2024-04-26,2023Q4,0.0,0.0,-65.93,0.0,-20.013333333333335,0.0,1.9446396658701632,0.0,0.00780240294863817,0.0,88.0,100.0,10.0
4402,福大,紡織纖維,38.3,2024-04-26,2023Q4,0.0,0.0,-152.94,0.0,-50.24333333333334,0.0,-52.70598630439585,0.0,0.0,0.0,94.0,100.0,10.0
4171,瑞基,農業科技業,31.95,2024-04-26,2023Q4,0.0,0.0,-175.06,0.0,-27.863333333333333,0.0,-101.69653153552736,0.0,0.0,0.0,71.0,100.0,10.0
4707,磐亞,化學工業,13.95,2024-04-26,2023Q4,0.0,0.0,-13.21,0.0,-18.776666666666667,0.0,-0.8320784498711854,0.0,0.10628979172245787,0.0,72.0,100.0,10.0
6116,彩晶,光電業,10.25,2024-04-26,2023Q4,0.0,0.0,-89.53,0.0,-1.6566666666666674,0.0,-39.30581848163578,0.0,0.0,0.0,78.9102081476935,100.0,10.0
6124,業強,電子零組件業,38.4,2024-04-26,2023Q4,0.0,0.0,-202.17,0.0,-29.393333333333334,0.0,-6.84237761263073,0.0,0.0,0.0,71.0,100.0,10.0
2929,淘帝-KY,貿易百貨業,9.09,2024-04-26,2023Q4,0.0,0.0,-151.64,0.0,0.0,0.0,-0.16582323251794845,0.0,0.0,0.0,68.8461653782765,100.0,10.0
6560,欣普羅,光電業,28.6,2024-04-26,2023Q4,0.0,0.0,-158.91,0.0,-66.03333333333333,0.0,-31.69937155316147,0.0,0.0,0.0,90.0,100.0,10.0
2939,永邑-KY,貿易百貨業,26.2,2024-04-26,2023Q4,0.0,0.0,-403.45,0.0,0.0,0.0,-35.18853833559155,0.0,0.0,0.0,92.4931749777521,100.0,10.0
3530,晶相光,半導體業,93.5,2024-04-26,2023Q4,0.0,0.0,-332.7,0.0,-17.793333333333333,0.0,-22.329559560901448,0.0,0.0,0.0,76.1186320518008,100.0,10.0
3527,聚積,半導體業,92.0,2024-04-26,2023Q4,0.0,0.0,-104.35,0.0,-1.0666666666666658,0.0,-2.1230130085049805,0.0,0.0,0.0,88.0,100.0,10.0
3535,晶彩科,光電業,22.8,2024-04-26,2023Q4,0.0,0.0,-111.73,0.0,-69.48,0.0,-4.355640320861615,0.0,0.0,0.0,66.2827999290731,100.0,10.0
8059,凱碩,通信網路業,26.3,2024-04-26,2023Q4,0.0,0.0,-55.56,0.0,-79.49,0.0,-18.11860778989251,0.0,-38.36698884758364,0.0,68.0,100.0,10.0
1516,川飛,其他業,19.05,2024-04-26,2023Q4,56.03,0.0,-72.8,0.0,-56.03,0.0,2.8987410799622384,0.0,-11.919551549125066,0.0,93.1187222641744,100.0,10.0
1517,利奇,電機機械,16.3,2024-04-26,2023Q4,0.0,0.0,-129.41,0.0,-37.42,0.0,-16.30244951556609,0.0,0.0,0.0,81.868770040748,100.0,10.0
6160,欣技,電腦及週邊設備業,20.5,2024-04-26,2023Q4,0.0,0.0,-112.77,0.0,-35.18666666666667,0.0,-0.7316396834538512,0.0,0.0,0.0,63.0,100.0,10.0
5291,邑昇,電子零組件業,26.9,2024-04-26,2023Q4,0.0,0.0,-92.31,0.0,-13.126666666666667,0.0,2.0561143238081128,0.0,-2.5824049450154534,0.0,64.0,100.0,10.0
4807,日成-KY,貿易百貨業,17.25,2024-04-26,2023Q4,0.0,0.0,-584.71,0.0,0.0,0.0,-19.422057402522785,0.0,0.0,0.0,60.9547097377757,100.0,10.0
4721,美琪瑪,化學工業,69.0,2024-04-26,2023Q4,0.0,0.0,-106.48,0.0,-13.023333333333333,0.0,4.967872061558546,0.0,0.0,0.0,68.0,100.0,10.0
6265,方土昶,電子通路業,11.1,2024-04-26,2023Q4,0.0,0.0,-928.57,0.0,-6.32,0.0,-15.546332476836957,0.0,0.0,0.0,85.0,100.0,10.0
6270,倍微,電子通路業,23.1,2024-04-26,2023Q4,0.0,0.0,-58.87,0.0,-40.49333333333333,0.0,0.7878698804332628,0.0,-1.0623598940289383,0.0,66.0,100.0,10.0
6405,悅城,光電業,23.3,2024-04-26,2023Q4,0.0,0.0,-1971.43,0.0,-33.17,0.0,-56.181344968806215,0.0,0.0,0.0,96.8997421638275,100.0,10.0
3049,精金,光電業,8.03,2024-04-26,2023Q4,0.0,0.0,-3833.33,0.0,-17.826666666666664,0.0,-80.01345521111617,0.0,0.0,0.0,63.2437037697175,100.0,10.0
6708,天擎,半導體業,44.0,2024-04-26,2023Q4,0.0,0.0,-178.63,0.0,-7.846666666666665,0.0,-17.97968426169946,0.0,0.0,0.0,90.0,100.0,10.0
3055,蔚華科,電子通路業,71.2,2024-04-26,2023Q4,0.0,0.0,-122.9,0.0,-39.51333333333333,0.0,-14.254476936654465,0.0,0.0,0.0,69.4776839272844,100.0,10.0
6202,盛群,半導體業,58.3,2024-04-26,2023Q4,118.98,0.0,-89.98,0.0,-41.31333333333333,0.0,3.8233604910813166,0.0,0.037971738216053194,0.0,65.2533969402703,100.0,10.0
3057,喬鼎,電腦及週邊設備業,11.8,2024-04-26,2023Q4,0.0,0.0,-5266.67,0.0,-1.0400000000000003,0.0,-20.961914179449188,0.0,0.0,0.0,61.7201243443109,100.0,10.0
6901,鑽石投資,其他業,39.6,2024-04-26,2023Q4,0.0,0.0,-413.21,0.0,-845.54,0.0,0.0,0.0,0.0,0.0,98.6218135298884,100.0,10.0
6695,芯鼎,半導體業,54.6,2024-04-26,2023Q4,0.0,0.0,-185.0,0.0,-7.990000000000001,0.0,-9.031787968760788,0.0,0.0,0.0,90.5837255340905,100.0,10.0
3115,富榮綱,電子零組件業,10.25,2024-04-26,2023Q4,0.0,0.0,-100.0,0.0,-58.93000000000001,0.0,-1946.485819975339,0.0,0.0,0.0,95.0,100.0,10.0
1595,川寶,電子零組件業,34.85,2024-04-26,2023Q4,0.0,0.0,-78.56,0.0,-33.193333333333335,0.0,2.1287689254291564,0.0,-2.3872671501411826,0.0,60.0,100.0,10.0
4726,永昕,生技醫療業,43.85,2024-04-26,2023Q4,0.0,0.0,-21.17,0.0,-34.126666666666665,0.0,-92.25920137292758,0.0,0.0,0.0,65.0,100.0,10.0
5398,慕康生醫,其他業,17.15,2024-04-26,2023Q4,0.0,0.0,-357.14,0.0,-26.94333333333333,0.0,-21.28463671945877,0.0,0.0,0.0,91.0,100.0,10.0
3518,柏騰,其他電子業,27.15,2024-04-26,2023Q4,0.0,0.0,-290.32,0.0,-7.98,0.0,-14.788027383009256,0.0,0.0,0.0,78.5109886625876,100.0,10.0
5355,佳總,電子零組件業,11.15,2024-04-26,2023Q4,0.0,0.0,-78.26,0.0,-16.616666666666667,0.0,-30.26700793633213,0.0,0.0,0.0,83.0,100.0,10.0
6209,今國光,光電業,24.8,2024-04-26,2023Q4,0.0,0.0,-178.38,0.0,-12.88,0.0,-5.259836446995441,0.0,0.0,0.0,74.0437553450551,100.0,10.0
6210,慶生,電子零組件業,24.4,2024-04-26,2023Q4,0.0,0.0,-605.0,0.0,-35.553333333333335,0.0,-47.82110394757702,0.0,0.0,0.0,87.0,100.0,10.0
6222,上揚,光電業,29.25,2024-04-26,2023Q4,0.0,0.0,-235.14,0.0,-20.526666666666667,0.0,-646.6666666666666,0.0,0.0,0.0,99.0,100.0,10.0
8374,羅昇,電機機械,30.9,2024-04-26,2023Q4,0.0,0.0,-127.14,0.0,-11.876666666666667,0.0,-0.44147672703644375,0.0,0.0,0.0,66.6053006192085,100.0,10.0
5438,東友,電腦及週邊設備業,18.65,2024-04-26,2023Q4,0.0,0.0,-88.89,0.0,-1.636666666666666,0.0,-7.809157396512996,0.0,-3.8901376791233493,0.0,80.0,100.0,10.0
4530,宏易,觀光餐旅,7.29,2024-04-26,2023Q4,0.0,0.0,-366.67,0.0,-4.156666666666666,0.0,-25.463974810150024,0.0,0.0,0.0,66.0,100.0,10.0
6550,北極星藥業-KY,生技醫療業,65.7,2024-04-26,2023Q4,0.0,0.0,-35.03,0.0,0.0,0.0,-24689.840930356906,0.0,0.0,0.0,80.9635551026088,100.0,10.0
1340,勝悅-KY,塑膠工業,10.0,2024-04-26,2023Q4,0.0,0.0,-100.71,0.0,0.0,0.0,-71.83997921992894,0.0,0.0,0.0,90.8670982049822,100.0,10.0
8409,商之器,生技醫療業,22.1,2024-04-26,2023Q4,0.0,0.0,-438.46,0.0,-9.853333333333333,0.0,-6.832051070600448,0.0,0.0,0.0,63.0,100.0,10.0
2485,兆赫,通信網路業,19.75,2024-04-26,2023Q4,0.0,0.0,0.0,0.0,-33.663333333333334,0.0,-2.5639888358531744,0.0,0.0,0.0,70.2138065272292,100.0,10.0
3373,熱映,其他電子業,23.0,2024-04-26,2023Q4,0.0,0.0,-271.21,0.0,-28.14333333333333,0.0,-18.200890808992202,0.0,0.0,0.0,95.0,100.0,10.0
3419,譁裕,通信網路業,16.05,2024-04-26,2023Q4,0.0,0.0,-457.14,0.0,-13.326666666666666,0.0,-13.897403624137706,0.0,0.0,0.0,64.0673149920862,100.0,10.0
8420,明揚,,40.25,2024-04-26,2023Q4,0.0,0.0,-250.65,0.0,0.0,0.0,13.57640575624099,42.882028781204944,0.0,0.0,34.0,35.0,9.93230431718074
2104,國際中橡,橡膠工業,17.55,2024-04-26,2023Q4,0.0,0.0,-172.86,0.0,-4.486666666666667,0.0,0.8431363488419372,0.0,0.0,0.0,59.0656947144061,97.66423678601525,9.766423678601527
3666,光耀,光電業,37.0,2024-04-26,2023Q4,0.0,0.0,-0.53,0.0,-15.536666666666667,0.0,-34.93883664808188,0.0,0.0,0.0,59.0,97.5,9.75
8906,花王,其他業,21.35,2024-04-26,2023Q4,0.0,0.0,-456.25,0.0,6.726666666666667,33.63333333333333,-11.46644147451902,0.0,0.0,0.0,32.0,30.0,9.726666666666667
8054,安國,半導體業,161.0,2024-04-26,2023Q4,0.0,0.0,-312.28,0.0,3.17,15.85,-19.03995296990526,0.0,0.0,0.0,46.0,65.0,9.67
6153,嘉聯益,電子零組件業,19.45,2024-04-26,2023Q4,0.0,0.0,-855.0,0.0,-12.82,0.0,-23.707479119596364,0.0,0.0,0.0,58.4048402880098,96.0121007200245,9.601210072002452
2349,錸德,光電業,7.78,2024-04-26,2023Q4,0.0,0.0,-100.0,0.0,7.353333333333334,36.76666666666667,-4.892713200647482,0.0,0.0,0.0,28.9061411126052,22.265352781513002,9.579868611484635
4142,國光生,生技醫療業,27.05,2024-04-26,2023Q4,0.0,0.0,-323.53,0.0,-78.92333333333333,0.0,-40.48789587551131,0.0,0.0,0.0,57.7208686482003,94.30217162050076,9.430217162050075
4564,元翎,電機機械,22.2,2024-04-26,2023Q4,0.0,0.0,-703.23,0.0,-44.52333333333333,0.0,-25.891955196448578,0.0,0.0,0.0,56.877916256092,92.19479064023,9.219479064023
1721,三晃,化學工業,14.1,2024-04-26,2023Q4,0.0,0.0,-554.55,0.0,-4.363333333333333,0.0,-11.897216003689485,0.0,0.0,0.0,56.6026867071322,91.5067167678305,9.15067167678305
8477,創業家,數位雲端,16.8,2024-04-26,2023Q4,0.0,0.0,6.12,12.24,-22.22333333333333,0.0,-8.634119909186728,0.0,0.0,0.0,44.0,60.0,9.06
2231,為升,汽車工業,107.0,2024-04-26,2023Q4,33.97,0.0,-32.98,0.0,-9.533333333333333,0.0,10.047153056876102,25.235765284380506,-1.3549006397184247,0.0,41.0588191580132,52.647047895033005,9.050069582160376
6706,惠特,光電業,50.3,2024-04-26,2023Q4,0.0,0.0,-140.52,0.0,-54.449999999999996,0.0,-38.18924969150102,0.0,0.0,0.0,56.1486500101526,90.37162502538149,9.03716250253815
3085,新零售,數位雲端,14.5,2024-04-26,2023Q4,0.0,0.0,-121.52,0.0,-10.809999999999997,0.0,-71.13489311747523,0.0,0.0,0.0,56.0,90.0,9.0
3511,矽瑪,電子零組件業,26.0,2024-04-26,2023Q4,0.0,0.0,-133.33,0.0,-52.51666666666666,0.0,-4.248929038206424,0.0,0.0,0.0,56.0,90.0,9.0
6114,久威,電子零組件業,24.25,2024-04-26,2023Q4,0.0,0.0,-123.86,0.0,-21.016666666666666,0.0,-0.3796848785263021,0.0,0.0,0.0,56.0,90.0,9.0
6877,鏵友益,其他電子業,34.85,2024-04-26,2023Q4,0.0,0.0,-162.65,0.0,-3.1633333333333336,0.0,-5.167523408760727,0.0,0.0,0.0,56.0,90.0,9.0
8935,邦泰,其他業,11.65,2024-04-26,2023Q4,0.0,0.0,-334.38,0.0,-14.276666666666666,0.0,-10.448702956186388,0.0,0.0,0.0,56.0,90.0,9.0
3209,全科,電子通路業,34.1,2024-04-26,2023Q4,13.27,76.5633646928611,-47.9,0.0,-20.516666666666666,0.0,2.1929875765906384,0.0,-0.5162689731993075,0.0,25.2128629700274,13.032157425068498,8.95955221179296
9912,偉聯,電腦及週邊設備業,11.65,2024-04-26,2023Q4,0.0,0.0,-118.52,0.0,-2.043333333333333,0.0,-8.087162422858396,0.0,0.0,0.0,55.7536678218461,89.38416955461526,8.938416955461525
1444,力麗,紡織纖維,9.5,2024-04-26,2023Q4,0.0,0.0,-157.14,0.0,-8.62,0.0,-7.243892678871921,0.0,0.0,0.0,55.6929587342023,89.23239683550574,8.923239683550575
6217,中探針,電子零組件業,47.2,2024-04-26,2023Q4,0.0,0.0,-117.96,0.0,-10.410000000000002,0.0,-4.3509983523965445,0.0,0.0,0.0,55.0,87.5,8.75
4739,康普,化學工業,58.2,2024-04-26,2023Q4,0.0,0.0,-119.7,0.0,-28.929999999999996,0.0,-1.786884685011519,0.0,0.0,0.0,54.5636359494229,86.40908987355725,8.640908987355726
2505,國揚,建材營造業,31.3,2024-04-26,2023Q4,39.12,0.0,-37.5,0.0,-42.29,0.0,1.4596326919651537,0.0,-2.000805396485184,0.0,54.4495115263879,86.12377881596976,8.612377881596975
1805,寶徠,建材營造業,20.45,2024-04-26,2023Q4,0.0,0.0,1.9,3.8,-3.85,0.0,-35.67923802193573,0.0,0.0,0.0,50.3360793688367,75.84019842209176,8.534019842209176
1338,廣華-KY,汽車工業,33.5,2024-04-26,2023Q4,0.0,0.0,-220.25,0.0,0.0,0.0,0.770869291727822,0.0,0.0,0.0,54.1297705157852,85.32442628946299,8.5324426289463
5245,智晶,光電業,33.1,2024-04-26,2023Q4,0.0,0.0,-178.73,0.0,-16.426666666666666,0.0,-17.939272670021673,0.0,0.0,0.0,54.0,85.0,8.5
8085,福華,其他電子業,65.9,2024-04-26,2023Q4,0.0,0.0,-181.3,0.0,-27.593333333333334,0.0,-21.31274590804855,0.0,0.0,0.0,54.0,85.0,8.5
4541,晟田,其他業,31.7,2024-04-26,2023Q4,0.0,0.0,-162.22,0.0,3.4199999999999995,17.099999999999998,-9.190165527668935,0.0,0.0,0.0,40.0,50.0,8.42
6152,百一,通信網路業,10.0,2024-04-26,2023Q4,0.0,0.0,-114.81,0.0,-37.50666666666667,0.0,-4.883227079240415,0.0,0.0,0.0,53.6547645991423,84.13691149785573,8.413691149785574
1312,國喬,塑膠工業,13.3,2024-04-26,2023Q4,0.0,0.0,-183.93,0.0,-21.143333333333334,0.0,-6.94694872617156,0.0,0.0,0.0,53.6422890457713,84.10572261442825,8.410572261442825
6431,光麗-KY,生技醫療業,11.85,2024-04-26,2023Q4,0.0,0.0,-49.18,0.0,0.0,0.0,-38.73962927866819,0.0,0.0,0.0,53.4785571806917,83.69639295172927,8.369639295172927
3011,今皓,電子零組件業,27.9,2024-04-26,2023Q4,0.0,0.0,-875.0,0.0,0.11999999999999982,0.5999999999999991,-13.580124603607056,0.0,0.0,0.0,52.8408516598559,82.10212914963975,8.330212914963974
1526,日馳,電機機械,34.4,2024-04-26,2023Q4,45.26,0.0,-88.2,0.0,-50.75333333333333,0.0,3.0830156296160824,0.0,-3.601305465813938,0.0,52.2302346130796,80.575586532699,8.0575586532699
2102,泰豐,橡膠工業,20.55,2024-04-26,2023Q4,0.0,0.0,-27.46,0.0,-80.19666666666667,0.0,-225.09960242641128,0.0,0.0,0.0,52.1917738112047,80.47943452801174,8.047943452801174
2736,富野,觀光餐旅,29.85,2024-04-26,2023Q4,0.0,0.0,-266.67,0.0,-48.31,0.0,-6.613794615518376,0.0,0.0,0.0,52.0,80.0,8.0
3466,德晉,通信網路業,39.3,2024-04-26,2023Q4,0.0,0.0,-4400.0,0.0,-63.45666666666667,0.0,-28.934896482913448,0.0,0.0,0.0,52.0,80.0,8.0
3191,雲科,電子零組件業,22.5,2024-04-26,2023Q4,0.0,0.0,-189.47,0.0,-15.023333333333335,0.0,-12.882211793275577,0.0,0.0,0.0,52.0,80.0,8.0
2498,宏達電,通信網路業,42.05,2024-04-26,2023Q4,0.0,0.0,0.97,1.94,-30.586666666666662,0.0,-97.2102105691079,0.0,0.0,0.0,50.0295590657879,75.07389766446974,7.9923897664469745
4430,耀億,其他業,21.4,2024-04-26,2023Q4,0.0,0.0,-1770.59,0.0,-9.5,0.0,-9.360445045287205,0.0,0.0,0.0,50.0,75.0,7.5
8450,霹靂,文化創意業,23.65,2024-04-26,2023Q4,0.0,0.0,-56.54,0.0,-21.689999999999998,0.0,-70.68423885155009,0.0,0.0,0.0,50.0,75.0,7.5
1460,宏遠,紡織纖維,7.71,2024-04-26,2023Q4,0.0,0.0,-6100.0,0.0,0.6033333333333335,3.0166666666666675,-13.167803810915208,0.0,0.0,0.0,47.526925737022,68.817314342555,7.485064767588833
6770,力積電,半導體業,22.15,2024-04-26,2023Q4,0.0,0.0,-106.9,0.0,-5.433333333333334,0.0,-7.170070467518558,0.0,0.0,0.0,49.6871858786677,74.21796469666924,7.4217964696669245
3450,聯鈞,半導體業,61.9,2024-04-26,2023Q4,0.0,0.0,-139.39,0.0,1.7566666666666666,8.783333333333333,3.3592773147562496,0.0,0.0,0.0,42.5455409534513,56.363852383628256,7.393051905029493
5228,鈺鎧,電子零組件業,22.25,2024-04-26,2023Q4,0.0,0.0,-244.93,0.0,-25.19333333333333,0.0,-20.072623841511806,0.0,0.0,0.0,49.0,72.5,7.25
1815,富喬,電子零組件業,17.5,2024-04-26,2023Q4,0.0,0.0,-2157.14,0.0,-18.966666666666665,0.0,-16.335965794155545,0.0,0.0,0.0,49.0,72.5,7.25
4577,達航科技,其他電子業,19.6,2024-04-26,2023Q4,0.0,0.0,-262.01,0.0,-59.72,0.0,-31.37486600551707,0.0,0.0,0.0,49.0,72.5,7.25
1569,濱川,電腦及週邊設備業,23.95,2024-04-26,2023Q4,0.0,0.0,-129.41,0.0,-30.076666666666664,0.0,-5.597407888886701,0.0,0.0,0.0,49.0,72.5,7.25
8093,保銳,電子零組件業,15.3,2024-04-26,2023Q4,0.0,0.0,-16800.0,0.0,-21.376666666666665,0.0,-26.20117783283738,0.0,0.0,0.0,49.0,72.5,7.25
2034,允強,鋼鐵工業,25.0,2024-04-26,2023Q4,0.0,0.0,-132.76,0.0,-19.003333333333334,0.0,2.225381178278062,0.0,0.0,0.0,48.869601928844,72.17400482210999,7.217400482211
1708,東鹼,化學工業,31.1,2024-04-26,2023Q4,0.0,0.0,-102.27,0.0,-9.223333333333334,0.0,3.574493258672166,0.0,0.0,0.0,48.6848706809831,71.71217670245775,7.171217670245776
6658,聯策,其他電子業,41.95,2024-04-26,2023Q4,45.6,0.0,-75.06,0.0,-5.2700000000000005,0.0,2.300942997932664,0.0,0.0787050885764616,0.0,48.2199335990179,70.54983399754475,7.054983399754476
3230,錦明,光電業,12.4,2024-04-26,2023Q4,0.0,0.0,-35.14,0.0,-24.14,0.0,-19.86428457827493,0.0,0.0,0.0,48.0,70.0,7.0
2444,兆勁,通信網路業,11.05,2024-04-26,2023Q4,0.0,0.0,-113.56,0.0,-24.94333333333333,0.0,0.09406398106866341,0.0,0.0,0.0,47.6029565413283,69.00739135332074,6.900739135332074
6226,光鼎,光電業,9.99,2024-04-26,2023Q4,0.0,0.0,-6600.0,0.0,-1.0033333333333303,0.0,-7.933316479430339,0.0,0.0,0.0,47.4152276660855,68.53806916521374,6.853806916521375
3672,康聯訊,通信網路業,23.25,2024-04-26,2023Q4,0.0,0.0,-245.71,0.0,-50.38666666666666,0.0,-19.618722089927807,0.0,0.0,0.0,47.0,67.5,6.75
3323,加百裕,電腦及週邊設備業,24.2,2024-04-26,2023Q4,0.0,0.0,-218.91,0.0,-27.849999999999998,0.0,-2.7514234660050665,0.0,0.0,0.0,47.0,67.5,6.75
6456,GIS-KY,光電業,58.0,2024-04-26,2023Q4,0.0,0.0,-179.59,0.0,0.0,0.0,-6.930873132136144,0.0,0.0,0.0,46.7470348805512,66.867587201378,6.6867587201378
4562,穎漢,電機機械,19.35,2024-04-26,2023Q4,0.0,0.0,-557.14,0.0,-8.63,0.0,-8.443041402754254,0.0,0.0,0.0,45.9039947971397,64.75998699284926,6.4759986992849266
6288,聯嘉,,31.9,2024-04-26,2023Q4,638.0,0.0,-44.44,0.0,0.0,0.0,-1.2803116878553034,0.0,0.0,0.0,45.1808121572335,62.952030393083746,6.295203039308375
5011,久陽,鋼鐵工業,24.85,2024-04-26,2023Q4,0.0,0.0,-50.0,0.0,-1.8000000000000007,0.0,-2.3503889775500153,0.0,-2.0035534576601544,0.0,45.0,62.5,6.25
6823,濾能,半導體業,75.4,2024-04-26,2023Q4,0.0,0.0,-121.25,0.0,-47.78,0.0,-6.850907335539478,0.0,0.0,0.0,45.0,62.5,6.25
4121,優盛,生技醫療業,22.5,2024-04-26,2023Q4,0.0,0.0,-103.98,0.0,2.4933333333333336,12.466666666666667,0.11742431998639108,0.0,0.0,0.0,35.0,37.5,6.243333333333334
5608,四維航,航運業,19.35,2024-04-26,2023Q4,0.0,0.0,-120.72,0.0,-8.01,0.0,-4.831020602508081,0.0,0.0,0.0,44.8446473883415,62.11161847085375,6.211161847085375
8488,吉源-KY,其他業,16.1,2024-04-26,2023Q4,0.0,0.0,-73.27,0.0,0.0,0.0,-0.2279936558287074,0.0,0.0,0.0,44.5534486631116,61.38362165777901,6.1383621657779015
3576,聯合再生,光電業,12.0,2024-04-26,2023Q4,0.0,0.0,-491.8,0.0,-68.14,0.0,-23.806239691881586,0.0,0.0,0.0,44.3669551230461,60.91738780761524,6.091738780761524
6118,建達,電子通路業,22.5,2024-04-26,2023Q4,0.0,0.0,-37.84,0.0,2.276666666666667,11.383333333333335,0.04285950859491513,0.0,-4.0875202593192865,0.0,35.0,37.5,6.026666666666667
3631,晟楠,電子零組件業,43.15,2024-04-26,2023Q4,0.0,0.0,-3.45,0.0,-57.53666666666666,0.0,-118.04884019829855,0.0,0.0,0.0,44.0,60.0,6.0
2069,運錩,鋼鐵工業,16.35,2024-04-26,2023Q4,0.0,0.0,-177.59,0.0,-15.65,0.0,-0.45502342823681186,0.0,0.0,0.0,43.5278860149439,58.81971503735976,5.881971503735976
1909,榮成,造紙工業,15.45,2024-04-26,2023Q4,0.0,0.0,-8.45,0.0,2.9499999999999997,14.75,0.06623133411738548,0.0,0.0,0.0,31.488628298933,28.721570747332503,5.8221570747332505
1468,昶和,紡織纖維,12.15,2024-04-26,2023Q4,71.47,0.0,-26.09,0.0,-10.596666666666666,0.0,-5.573975703134126,0.0,-1.2490912428859924,0.0,43.2530239918675,58.132559979668756,5.813255997966876
1528,恩德,電機機械,12.15,2024-04-26,2023Q4,0.0,0.0,-109.88,0.0,-14.363333333333335,0.0,-0.2775852784775996,0.0,0.0,0.0,43.1561588433308,57.890397108326994,5.7890397108327
3605,宏致,電子零組件業,40.95,2024-04-26,2023Q4,0.0,0.0,-217.86,0.0,-4.8566666666666665,0.0,-3.8972438638226548,0.0,0.0,0.0,42.8928790392273,57.232197598068254,5.723219759806826
1905,華紙,造紙工業,23.0,2024-04-26,2023Q4,0.0,0.0,-229.27,0.0,-0.31333333333333374,0.0,-4.10011695763551,0.0,0.0,0.0,42.8050151926826,57.012537981706515,5.701253798170652
3447,展達,通信網路業,30.4,2024-04-26,2023Q4,0.0,0.0,-123.06,0.0,-63.30666666666667,0.0,-3.150126992294011,0.0,0.0,0.0,42.7027060927263,56.756765231815756,5.675676523181576
5529,鉅陞,建材營造業,35.35,2024-04-26,2023Q4,0.0,0.0,10.16,20.32,-7.129999999999999,0.0,-50.503459373578394,0.0,0.0,0.0,22.0,5.0,5.58
4540,全球傳動,電機機械,32.6,2024-04-26,2023Q4,0.0,0.0,-136.09,0.0,-17.773333333333337,0.0,-2.7571626256128474,0.0,0.0,0.0,41.9975284179749,54.99382104493724,5.4993821044937246
2254,巨鎧精密-創,,90.0,2024-04-26,2023Q4,0.0,0.0,-131.71,0.0,-3.0966666666666662,0.0,-7.3290628223577805,0.0,0.0,0.0,41.2714405072001,53.17860126800025,5.317860126800025
3092,鴻碩,電子零組件業,33.3,2024-04-26,2023Q4,0.0,0.0,-328.99,0.0,-10.856666666666667,0.0,-8.764382056714004,0.0,0.0,0.0,41.0897636034953,52.72440900873825,5.272440900873825
6654,天正國際,其他電子業,50.1,2024-04-26,2023Q4,0.0,0.0,-352.86,0.0,-22.383333333333336,0.0,-14.760067400913332,0.0,0.0,0.0,41.0,52.5,5.25
3558,神準,通信網路業,174.5,2024-04-26,2023Q4,0.0,0.0,-22.21,0.0,-35.45333333333333,0.0,5.685810568149368,3.429052840746838,-0.1991180301627407,0.0,38.0,45.0,5.014357926112026
2064,晉椿,鋼鐵工業,15.05,2024-04-26,2023Q4,0.0,0.0,-219.3,0.0,-0.9500000000000007,0.0,-7.086352665449145,0.0,0.0,0.0,40.0,50.0,5.0
8933,愛地雅,運動休閒,10.4,2024-04-26,2023Q4,0.0,0.0,-187.39,0.0,-39.68,0.0,-8.66724329897528,0.0,0.0,0.0,40.0,50.0,5.0
8928,鉅明,運動休閒,30.75,2024-04-26,2023Q4,0.0,0.0,-112.61,0.0,2.296666666666667,11.483333333333334,-1.8766650738687316,0.0,0.0,0.0,30.0,25.0,4.796666666666667
8466,美吉吉-KY,其他業,52.0,2024-04-26,2023Q4,0.0,0.0,-144.95,0.0,0.0,0.0,-0.34387518807119805,0.0,0.0,0.0,39.0312111162329,47.578027790582254,4.757802779058226
1598,岱宇,運動休閒,30.6,2024-04-26,2023Q4,0.0,0.0,-44.26,0.0,-20.669999999999998,0.0,-1.2792059458000935,0.0,0.0,0.0,38.7459171060699,46.864792765174755,4.686479276517476
6698,旭暉應材,其他電子業,32.85,2024-04-26,2023Q4,0.0,0.0,-136.36,0.0,-20.37,0.0,-8.001576841127013,0.0,0.0,0.0,38.3944714964183,45.98617874104575,4.598617874104575
4927,泰鼎-KY,電子零組件業,39.2,2024-04-26,2023Q4,0.0,0.0,-191.3,0.0,0.0,0.0,-4.786902002502168,0.0,0.0,0.0,38.1626846836588,45.406711709147004,4.540671170914701
3047,訊舟,通信網路業,14.4,2024-04-26,2023Q4,0.0,0.0,-111.54,0.0,-15.073333333333332,0.0,-5.656495193422608,0.0,0.0,0.0,38.1575517349934,45.3938793374835,4.53938793374835
6150,撼訊,電腦及週邊設備業,77.6,2024-04-26,2023Q4,0.0,0.0,-59.55,0.0,-0.23000000000000012,0.0,-3.058854701445338,0.0,0.0,0.0,38.0,45.0,4.5
6692,進能服,綠能環保,30.15,2024-04-26,2023Q4,0.0,0.0,-93.45,0.0,-53.10333333333333,0.0,1.3361892236171826,0.0,-7.5264835473891445,0.0,38.0,45.0,4.5
8104,錸寶,光電業,33.05,2024-04-26,2023Q4,0.0,0.0,-851.22,0.0,-14.736666666666666,0.0,-2.257833724862679,0.0,0.0,0.0,37.2502906385531,43.125726596382755,4.312572659638276
3272,東碩,電腦及週邊設備業,29.15,2024-04-26,2023Q4,0.0,0.0,-264.34,0.0,-11.319999999999999,0.0,-14.243578986198957,0.0,0.0,0.0,37.0,42.5,4.25
3360,尚立,電子通路業,14.55,2024-04-26,2023Q4,0.0,0.0,-559.38,0.0,-49.78666666666667,0.0,-0.29543088990061844,0.0,0.0,0.0,37.0,42.5,4.25
3224,三顧,電子通路業,42.35,2024-04-26,2023Q4,0.0,0.0,-1041.18,0.0,-12.07,0.0,-13.295895426427116,0.0,0.0,0.0,36.0,40.0,4.0
5546,永固-KY,建材營造業,32.1,2024-04-26,2023Q4,0.0,0.0,-793.94,0.0,0.0,0.0,-10.934948826032114,0.0,0.0,0.0,35.952339856785,39.880849641962506,3.9880849641962506
3508,位速,其他電子業,24.35,2024-04-26,2023Q4,0.0,0.0,4.41,8.82,-25.733333333333334,0.0,-33.073608589616725,0.0,0.0,0.0,27.0,17.5,3.955
3541,西柏,其他電子業,27.9,2024-04-26,2023Q4,0.0,0.0,-204.14,0.0,-42.53,0.0,4.511260842050404,0.0,0.0,0.0,35.0,37.5,3.75
3685,元創精密,電機機械,18.55,2024-04-26,2023Q4,0.0,0.0,-2.67,0.0,-20.34,0.0,-1.255175583032844,0.0,0.0,0.0,35.0,37.5,3.75
2464,盟立,其他電子業,50.7,2024-04-26,2023Q4,56.97,0.0,-66.16,0.0,-38.71666666666667,0.0,0.15156461501260166,0.0,-3.7857187762543507,0.0,34.724533898386,36.811334745965,3.6811334745965
2314,台揚,通信網路業,30.25,2024-04-26,2023Q4,0.0,0.0,-26.21,0.0,-63.24333333333334,0.0,-15.701099380791383,0.0,0.0,0.0,34.3534363402752,35.88359085068801,3.588359085068801
6573,虹揚-KY,半導體業,13.0,2024-04-26,2023Q4,0.0,0.0,-12.36,0.0,0.0,0.0,-17.25434709126641,0.0,0.0,0.0,33.5129039913416,33.782259978354006,3.3782259978354006
3043,科風,其他電子業,30.25,2024-04-26,2023Q4,0.0,0.0,-104.51,0.0,-48.169999999999995,0.0,3.793311081653216,0.0,0.0,0.0,33.0829430488819,32.70735762220475,3.2707357622204754
6246,臺龍,光電業,14.0,2024-04-26,2023Q4,0.0,0.0,-165.52,0.0,-26.143333333333334,0.0,-0.9965616850796675,0.0,0.0,0.0,33.0,32.5,3.25
1304,台聚,塑膠工業,16.1,2024-04-26,2023Q4,0.0,0.0,-113.1,0.0,-7.8,0.0,3.098330381758937,0.0,0.0,0.0,31.3938226046658,28.4845565116645,2.84845565116645
3609,三一東林,電子零組件業,40.05,2024-04-26,2023Q4,0.0,0.0,-107.61,0.0,-34.77,0.0,-29.82831966210675,0.0,0.0,0.0,31.0,27.500000000000004,2.7500000000000004
3073,天方能源,綠能環保,35.0,2024-04-26,2023Q4,0.0,0.0,-208.79,0.0,-2.8333333333333335,0.0,-40.58028803302528,0.0,0.0,0.0,31.0,27.500000000000004,2.7500000000000004
8071,能率網通,電子零組件業,14.05,2024-04-26,2023Q4,0.0,0.0,-222.39,0.0,-9.563333333333334,0.0,1.107953004224525,0.0,0.0,0.0,30.0,25.0,2.5
6541,泰福-KY,生技醫療業,48.0,2024-04-26,2023Q4,0.0,0.0,-18.85,0.0,0.0,0.0,-3420.8040904723907,0.0,0.0,0.0,29.713726155758,24.284315389395,2.4284315389395004
1533,車王電,汽車工業,45.3,2024-04-26,2023Q4,0.0,0.0,-411.9,0.0,-20.186666666666667,0.0,-6.06139171028328,0.0,0.0,0.0,29.3970825858607,23.492706464651754,2.3492706464651754
5383,金利,,42.05,2024-04-26,2023Q4,0.0,0.0,-830.0,0.0,0.0,0.0,-4.4108683420855215,0.0,0.0,0.0,29.0,22.5,2.25
1438,三地開發,建材營造業,54.2,2024-04-26,2023Q4,0.0,0.0,-113.73,0.0,-100.0,0.0,7.837219675616168,14.186098378080839,0.0,0.0,17.0933689350493,0.0,2.127914756712126
2035,唐榮,鋼鐵工業,33.0,2024-04-26,2023Q4,0.0,0.0,-403.12,0.0,-13.040000000000001,0.0,-10.670998808589365,0.0,0.0,0.0,28.0,20.0,2.0
1213,大飲,食品工業,7.16,2024-04-26,2023Q4,0.0,0.0,-82.84,0.0,-62.61333333333334,0.0,-117.57385958807643,0.0,0.0,0.0,27.730876025997,19.327190064992497,1.9327190064992497
8404,百和興業-KY,其他業,20.15,2024-04-26,2023Q4,0.0,0.0,-213.1,0.0,0.0,0.0,-1.2651835595973988,0.0,0.0,0.0,26.9276351454192,17.319087863547995,1.7319087863547997
4190,佐登-KY,生技醫療業,49.85,2024-04-26,2023Q4,0.0,0.0,0.0,0.0,0.0,0.0,1.0313470353393464,0.0,0.0,0.0,26.4527969631237,16.13199240780925,1.613199240780925
5364,力麗店,觀光餐旅,16.3,2024-04-26,2023Q4,0.0,0.0,-51.28,0.0,-17.94333333333333,0.0,-11.68939832406452,0.0,0.0,0.0,26.0,15.0,1.5
4609,唐鋒,居家生活,8.6,2024-04-26,2023Q4,0.0,0.0,-1075.0,0.0,-57.76333333333333,0.0,-86.99826725104475,0.0,0.0,0.0,25.0,12.5,1.25
2601,益航,貿易百貨業,7.75,2024-04-26,2023Q4,0.0,0.0,-20300.0,0.0,-14.35,0.0,-4.558569794597271,0.0,0.0,0.0,24.6830009358773,11.707502339693248,1.1707502339693248
3713,新晶投控,綠能環保,23.0,2024-04-26,2023Q4,0.0,0.0,-130.68,0.0,-13.973333333333334,0.0,0.5568498583867535,0.0,0.0,0.0,24.0,10.0,1.0
8044,網家,數位雲端,29.6,2024-04-26,2023Q4,0.0,0.0,-1092.86,0.0,-5.073333333333333,0.0,-1.7724857277242716,0.0,0.0,0.0,24.0,10.0,1.0
2243,宏旭-KY,汽車工業,13.8,2024-04-26,2023Q4,0.0,0.0,-240.0,0.0,0.0,0.0,-6.904773278240205,0.0,0.0,0.0,21.1682222437805,2.920555609451254,0.2920555609451254
3202,樺晟,,12.3,2024-04-26,2023Q4,0.0,0.0,-11.54,0.0,0.0,0.0,1.1282143309463113,0.0,0.0,0.0,21.0,2.5,0.25
5907,大洋-KY,貿易百貨業,8.61,2024-04-26,2023Q4,0.0,0.0,-150.23,0.0,0.0,0.0,-6.284231465239561,0.0,0.0,0.0,20.9304953763352,2.3262384408380044,0.23262384408380044
8423,保綠-KY,綠能環保,22.35,2024-04-26,2023Q4,0.0,0.0,0.0,0.0,0.0,0.0,0.0,0.0,0.0,0.0,0.0,0.0,0.0
8426,紅木-KY,其他業,56.5,2024-04-26,2023Q4,0.0,0.0,0.0,0.0,0.0,0.0,0.0,0.0,0.0,0.0,0.0,0.0,0.0
8437,大地-KY,其他業,30.65,2024-04-26,2023Q4,0.0,0.0,0.0,0.0,0.0,0.0,0.0,0.0,0.0,0.0,0.0,0.0,0.0
8444,綠河-KY,其他業,32.55,2024-04-26,2023Q4,0.0,0.0,0.0,0.0,0.0,0.0,0.0,0.0,0.0,0.0,0.0,0.0,0.0
8455,大拓-KY,其他電子業,21.0,2024-04-26,2023Q4,0.0,0.0,0.0,0.0,0.0,0.0,0.0,0.0,0.0,0.0,0.0,0.0,0.0
6514,芮特-KY,,52.5,2024-04-26,2023Q4,0.0,0.0,0.0,0.0,0.0,0.0,0.0,0.0,0.0,0.0,0.0,0.0,0.0
5543,桓鼎-KY,建材營造業,49.55,2024-04-26,2023Q4,0.0,0.0,0.0,0.0,0.0,0.0,0.0,0.0,0.0,0.0,0.0,0.0,0.0
5223,安力-KY,電腦及週邊設備業,37.9,2024-04-26,2023Q4,0.0,0.0,0.0,0.0,0.0,0.0,0.0,0.0,0.0,0.0,0.0,0.0,0.0
5227,立凱-KY,電子零組件業,35.25,2024-04-26,2023Q4,0.0,0.0,0.0,0.0,0.0,0.0,0.0,0.0,0.0,0.0,0.0,0.0,0.0
5516,雙喜,建材營造業,24.0,2024-04-26,2023Q4,0.0,0.0,-245.91,0.0,-45.94333333333333,0.0,-6.674322184655695,0.0,0.0,0.0,17.0,0.0,0.0
2321,東訊,通信網路業,18.05,2024-04-26,2023Q4,0.0,0.0,-609.8,0.0,-9.73,0.0,-2.7281252487463186,0.0,0.0,0.0,14.68461699973,0.0,0.0
3664,安瑞-KY,通信網路業,29.85,2024-04-26,2023Q4,0.0,0.0,0.0,0.0,0.0,0.0,0.0,0.0,0.0,0.0,0.0,0.0,0.0
2067,嘉鋼,電機機械,12.6,2024-04-26,2023Q4,0.0,0.0,-22.58,0.0,-18.396666666666665,0.0,-4.068555899750921,0.0,0.0,0.0,19.0,0.0,0.0
4924,欣厚-KY,電腦及週邊設備業,18.9,2024-04-26,2023Q4,0.0,0.0,0.0,0.0,0.0,0.0,0.0,0.0,0.0,0.0,0.0,0.0,0.0
8291,尚茂,電子零組件業,5.76,2024-04-26,2023Q4,0.0,0.0,-20.0,0.0,-67.49666666666667,0.0,-177.15512585070755,0.0,0.0,0.0,12.0,0.0,0.0
2724,藝舍-KY,其他業,36.3,2024-04-26,2023Q4,0.0,0.0,0.0,0.0,0.0,0.0,0.0,0.0,0.0,0.0,0.0,0.0,0.0
4804,大略-KY,觀光餐旅,4.02,2024-04-26,2023Q4,0.0,0.0,0.0,0.0,0.0,0.0,0.0,0.0,0.0,0.0,0.0,0.0,0.0
4745,合富-KY,生技醫療業,23.3,2024-04-26,2023Q4,0.0,0.0,0.0,0.0,0.0,0.0,0.0,0.0,0.0,0.0,0.0,0.0,0.0
2208,台船,航運業,18.15,2024-04-26,2023Q4,0.0,0.0,-14.29,0.0,-33.946666666666665,0.0,-13.20499535186704,0.0,0.0,0.0,17.0198438644484,0.0,0.0
1591,駿吉-KY,電機機械,61.2,2024-04-26,2023Q4,0.0,0.0,0.0,0.0,0.0,0.0,0.0,0.0,0.0,0.0,0.0,0.0,0.0
6741,91APP*-KY,數位雲端,85.2,2024-04-26,2023Q4,0.0,0.0,0.0,0.0,0.0,0.0,0.0,0.0,0.0,0.0,0.0,0.0,0.0
6899,創為精密,光電業,62.0,2024-04-26,2023Q4,0.0,0.0,0.0,0.0,-17.22,0.0,0.0,0.0,0.0,0.0,0.0,0.0,0.0
6616,特昇-KY,居家生活,14.5,2024-04-26,2023Q4,0.0,0.0,0.0,0.0,0.0,0.0,0.0,0.0,0.0,0.0,0.0,0.0,0.0
6629,泰金-KY,居家生活,88.7,2024-04-26,2023Q4,0.0,0.0,0.0,0.0,0.0,0.0,0.0,0.0,0.0,0.0,0.0,0.0,0.0
4304,勝昱,塑膠工業,5.0,2024-04-26,2023Q4,0.0,0.0,-114.74,0.0,-35.64333333333334,0.0,-11.339523564169745,0.0,0.0,0.0,19.0,0.0,0.0
4139,馬光-KY,生技醫療業,29.7,2024-04-26,2023Q4,0.0,0.0,0.0,0.0,0.0,0.0,0.0,0.0,0.0,0.0,0.0,0.0,0.0
4966,譜瑞-KY,半導體業,723.0,2024-04-26,2023Q4,0.0,0.0,0.0,0.0,0.0,0.0,0.0,0.0,0.0,0.0,0.0,0.0,0.0
2726,雅茗-KY,觀光餐旅,22.8,2024-04-26,2023Q4,0.0,0.0,0.0,0.0,0.0,0.0,0.0,0.0,0.0,0.0,0.0,0.0,0.0
4991,環宇-KY,半導體業,29.0,2024-04-26,2023Q4,0.0,0.0,0.0,0.0,0.0,0.0,0.0,0.0,0.0,0.0,0.0,0.0,0.0
4971,IET-KY,半導體業,61.9,2024-04-26,2023Q4,0.0,0.0,0.0,0.0,0.0,0.0,0.0,0.0,0.0,0.0,0.0,0.0,0.0
4154,樂威科-KY,其他業,13.25,2024-04-26,2023Q4,0.0,0.0,0.0,0.0,0.0,0.0,0.0,0.0,0.0,0.0,0.0,0.0,0.0
4157,太景*-KY,生技醫療業,15.4,2024-04-26,2023Q4,0.0,0.0,0.0,0.0,0.0,0.0,0.0,0.0,0.0,0.0,0.0,0.0,0.0
2924,宏太-KY,居家生活,29.2,2024-04-26,2023Q4,0.0,0.0,0.0,0.0,0.0,0.0,0.0,0.0,0.0,0.0,0.0,0.0,0.0
5276,達輝-KY,其他業,14.5,2024-04-26,2023Q4,0.0,0.0,0.0,0.0,0.0,0.0,0.0,0.0,0.0,0.0,0.0,0.0,0.0
8101,華冠,通信網路業,3.7,2024-04-26,2023Q4,0.0,0.0,-25.68,0.0,-22.903333333333336,0.0,-111.12526943825844,0.0,0.0,0.0,14.9127909842935,0.0,0.0
4442,竣邦-KY,紡織纖維,23.25,2024-04-26,2023Q4,0.0,0.0,0.0,0.0,0.0,0.0,0.0,0.0,0.0,0.0,0.0,0.0,0.0
2888,新光金,,8.35,2024-04-26,2023Q4,0.0,0.0,-580.0,0.0,0.0,0.0,-50.019901293363645,0.0,0.0,0.0,4.95907162758597,0.0,0.0
1441,大東,紡織纖維,13.1,2024-04-26,2023Q4,0.0,0.0,-5.08,0.0,-24.94333333333333,0.0,-26.898397153797056,0.0,0.0,0.0,17.2498820401643,0.0,0.0
