symbol,name,industry,market_price,price_date,report_quarter,pe_ratio,value_score,eps_yoy,growth_score,avg_revenue_yoy_3m,momentum_score,op_margin,profit_score,cash_quality,quality_score,equity_to_assets_ratio,safety_score,total_score
1722,台肥,化學工業,58.9,2023-09-28,2023Q2,13.67,80.57389537836465,100.63,100.0,51.25333333333333,100.0,25.12547549568143,100.0,1.2825226832779872,100.0,64.4078693751518,100.0,98.05738953783647
9943,好樂迪,觀光餐旅,89.0,2023-09-28,2023Q2,14.5,92.50594766058683,265.49,100.0,23.456666666666667,100.0,25.01589789645728,100.0,1.064865628002933,80.69508971470472,63.0264050191577,100.0,95.38961270899962
9942,茂順,其他業,134.0,2023-09-28,2023Q2,12.69,75.3529411764706,86.44,100.0,21.069999999999997,100.0,27.254858110395645,100.0,1.0463604315039372,78.05149021484817,65.8556315867843,100.0,93.14559216061669
2707,晶華,觀光餐旅,214.0,2023-09-28,2023Q2,21.49,64.7898493259318,107.49,100.0,26.223333333333333,100.0,27.50726094175156,100.0,2.2809936919696647,100.0,37.3684706979441,43.42117674486025,90.8211026070792
2910,統領,貿易百貨業,27.0,2023-09-28,2023Q2,28.42,47.806544408486154,266.67,100.0,49.22,100.0,33.37599445405431,100.0,1.2129289056069021,100.0,44.0447130588313,60.11178264707825,90.79183270555644
2718,晶悅,建材營造業,46.3,2023-09-28,2023Q2,0.0,0.0,3022.73,100.0,1631.7166666666665,100.0,37.738821331631144,100.0,1.7806183987183295,100.0,59.0,97.5,89.75
1796,金穎生技,食品工業,90.1,2023-09-28,2023Q2,0.0,0.0,51.22,100.0,33.46333333333333,100.0,22.761905907543515,88.80952953771757,1.3303786329873961,100.0,67.0,100.0,88.32142943065763
1108,幸福,水泥工業,14.4,2023-09-28,2023Q2,8.47,78.6436394271272,64.29,100.0,25.98,100.0,14.029765944873493,45.14882972436746,1.311155658516643,100.0,49.482687976409,73.7067199410225,87.00736039547009
8446,華研,文化創意業,101.5,2023-09-28,2023Q2,0.0,0.0,56.92,100.0,23.66,100.0,42.75030450227719,100.0,2.028302965617138,100.0,48.0,70.0,87.0
2542,興富發,建材營造業,39.45,2023-09-28,2023Q2,15.29,59.473060982830084,49.21,98.42,1621.3733333333332,100.0,26.774767042485838,100.0,1.6378863842218736,100.0,19.7505286122131,0.0,85.55230609828301
1808,潤隆,建材營造業,91.9,2023-09-28,2023Q2,17.84,44.375370041444654,5344.44,100.0,20056.873333333333,100.0,37.752705624900905,100.0,1.8219934155462096,100.0,15.3592729686267,0.0,84.43753700414446
4747,強生,生技醫療業,95.2,2023-09-28,2023Q2,0.0,0.0,66.67,100.0,30.27333333333333,100.0,18.22467725591862,66.1233862795931,1.125899360702114,89.41419438601629,60.0,100.0,82.80134681914222
3587,閎康,其他電子業,263.5,2023-09-28,2023Q2,0.0,0.0,57.88,100.0,23.679999999999996,100.0,19.09540568819557,70.47702844097785,2.5502209846092034,100.0,48.0,70.0,82.57155426614668
6472,保瑞,生技醫療業,642.0,2023-09-28,2023Q2,0.0,0.0,304.67,100.0,146.73666666666665,100.0,36.54729825887977,100.0,1.5848777295628251,100.0,30.0,25.0,82.5
2618,長榮航,航運業,29.75,2023-09-28,2023Q2,12.88,59.103740296400844,98.98,100.0,56.03666666666666,100.0,15.086334462506482,50.431672312532406,3.716109008160237,100.0,29.3964886865916,23.491221716479,80.82424704816785
6203,海韻電,電子零組件業,95.6,2023-09-28,2023Q2,0.0,0.0,36.12,72.24,79.94333333333334,100.0,23.86092462664431,94.30462313322154,1.965387416903062,100.0,54.0,85.0,80.70569346998323
2211,長榮鋼,鋼鐵工業,71.0,2023-09-28,2023Q2,8.73,100.0,51.21,100.0,24.003333333333334,100.0,28.700862495519324,100.0,0.5153732656974841,2.1961808139262997,64.2933795265269,100.0,80.43923616278525
4572,駐龍,電機機械,159.5,2023-09-28,2023Q2,26.76,25.30288909599254,31.92,63.84000000000001,22.11,100.0,35.33682366670159,100.0,1.0928049118121264,84.6864159731609,77.8564121816263,100.0,80.42757210423143
2633,台灣高鐵,航運業,29.95,2023-09-28,2023Q2,25.17,0.0,346.67,100.0,49.96666666666667,100.0,41.81026019748831,100.0,3.4757362836176964,100.0,17.0118373252437,0.0,80.0
8940,新天地,觀光餐旅,23.6,2023-09-28,2023Q2,19.83,71.37192704203014,2800.0,100.0,179.90666666666667,100.0,11.295516945868199,31.477584729340997,2.188449514616355,100.0,31.8047218576187,29.511804644046748,79.81001087800884
3218,大學光,生技醫療業,336.0,2023-09-28,2023Q2,0.0,0.0,31.34,62.68,21.703333333333333,100.0,32.72051771011015,100.0,1.4676307020480204,100.0,54.0,85.0,79.17
4126,太醫,生技醫療業,83.1,2023-09-28,2023Q2,0.0,0.0,95.57,100.0,11.439999999999998,57.19999999999998,21.784041176866054,83.92020588433027,1.2814124851043698,100.0,69.0,100.0,79.02803088264955
4138,曜亞,生技醫療業,110.0,2023-09-28,2023Q2,0.0,0.0,54.17,100.0,31.653333333333336,100.0,16.981251473453028,59.906257367265134,1.0792636269523337,82.75194670747624,53.0,82.5,78.78632794658502
3067,全域,其他電子業,39.8,2023-09-28,2023Q2,0.0,0.0,191.89,100.0,259.2966666666667,100.0,9.779415918205954,23.897079591029772,1.8100763807285547,100.0,71.0,100.0,78.58456193865446
2729,瓦城,觀光餐旅,246.0,2023-09-28,2023Q2,0.0,0.0,818.55,100.0,28.689999999999998,100.0,12.364061944309501,36.8203097215475,1.8509295124279859,100.0,49.0,72.5,77.77304645823213
4129,聯合,生技醫療業,66.1,2023-09-28,2023Q2,0.0,0.0,136.36,100.0,32.73666666666667,100.0,11.62154394127017,33.10771970635085,1.2505453371204882,100.0,51.0,77.5,77.71615795595262
3014,聯陽,半導體業,157.0,2023-09-28,2023Q2,19.48,68.04795961295751,11.52,23.04,52.50666666666666,100.0,30.22116773901409,100.0,2.332273080703231,100.0,67.3546533753764,100.0,77.56479596129574
6101,寬魚國際,文化創意業,40.35,2023-09-28,2023Q2,0.0,0.0,330.77,100.0,333994.6933333333,100.0,8.375886653703803,16.879433268519016,2.0214328925762683,100.0,95.0,100.0,77.53191499027785
6276,安鈦克,電腦及週邊設備業,38.8,2023-09-28,2023Q2,0.0,0.0,634.48,100.0,24.213333333333335,100.0,8.110048960791968,15.55024480395984,1.240995979981951,100.0,65.0,100.0,77.33253672059398
2727,王品,觀光餐旅,262.0,2023-09-28,2023Q2,15.98,86.6375892149088,840.6,100.0,23.993333333333336,100.0,8.401564809971115,17.007824049855575,3.0245462854158505,100.0,24.0047011756668,10.011752939166998,77.21610782288592
6712,長聖,生技醫療業,200.0,2023-09-28,2023Q2,0.0,0.0,416.28,100.0,16.470000000000002,82.35000000000001,31.143522401874296,100.0,0.8724081976080293,53.20117108686134,91.0,100.0,77.11023421737227
1786,科妍,生技醫療業,83.5,2023-09-28,2023Q2,35.08,0.0,24.75,49.5,50.403333333333336,100.0,26.483974654529646,100.0,1.1863046326068833,98.04351894384048,68.7379058658342,100.0,76.9837037887681
3032,偉訓,電子零組件業,73.3,2023-09-28,2023Q2,17.17,47.15483677747827,64.15,100.0,37.56666666666667,100.0,10.35784001213393,26.789200060669653,2.291885235469546,100.0,32.3698339314992,30.924584828748003,76.82632216972308
6194,育富,電子零組件業,31.85,2023-09-28,2023Q2,0.0,0.0,459.52,100.0,42.89666666666667,100.0,10.946733175898519,29.733665879492595,1.0988798229843728,85.55426042633898,83.0,100.0,76.57090196719169
2748,雲品,觀光餐旅,73.4,2023-09-28,2023Q2,26.89,43.37827121332276,200.0,100.0,14.353333333333333,71.76666666666667,12.138285988231942,35.69142994115971,1.1721342981767133,96.01918545381619,52.660624775371,81.65156193842749,76.41386823044556
2712,遠雄來,觀光餐旅,35.4,2023-09-28,2023Q2,47.84,0.0,145.71,100.0,42.25666666666667,100.0,6.4958236413618105,7.479118206809051,2.832285985297605,100.0,69.0028028455159,100.0,76.12186773102135
3078,僑威,電子零組件業,77.3,2023-09-28,2023Q2,0.0,0.0,107.45,100.0,119.88666666666667,100.0,16.49128640556002,57.456432027800105,1.0402792512234351,77.18275017477644,48.0,70.0,76.0550148391253
1110,東泥,水泥工業,18.75,2023-09-28,2023Q2,38.27,0.0,460.0,100.0,24.613333333333333,100.0,6.330213208073554,6.651066040367767,1.651186269560828,100.0,70.7712385002229,100.0,75.99765990605516
6753,龍德造船,航運業,98.5,2023-09-28,2023Q2,26.62,0.0,78.12,100.0,34.76666666666667,100.0,12.78763063203692,38.938153160184605,1.3598912544872253,100.0,40.305808278722,50.76452069680499,75.91717504370818
1795,美時,生技醫療業,238.5,2023-09-28,2023Q2,13.27,83.91434262948206,217.51,100.0,48.02333333333333,100.0,36.55450108039492,100.0,0.09826190572018524,0.0,48.6894176386978,71.72354409674449,75.56378867262266
3693,營邦,電腦及週邊設備業,545.0,2023-09-28,2023Q2,0.0,0.0,189.91,100.0,74.26666666666667,100.0,13.173794379343112,40.868971896715564,2.559659026630767,100.0,37.0,42.5,75.38034578450734
3287,廣寰科,電腦及週邊設備業,25.45,2023-09-28,2023Q2,0.0,0.0,384.62,100.0,74.36666666666666,100.0,1.5919110519172897,0.0,6.738935056940597,100.0,64.0,100.0,75.0
9929,秋雨,其他業,16.05,2023-09-28,2023Q2,50.16,0.0,116.33,100.0,30.72,100.0,-4.507537323104447,0.0,2.523821098687409,100.0,67.0522448437076,100.0,75.0
2916,滿心,居家生活,44.15,2023-09-28,2023Q2,0.0,0.0,160.0,100.0,12.466666666666667,62.33333333333333,15.042320953405735,50.211604767028675,1.987092433819388,100.0,72.0,100.0,74.99840738172097
8930,青鋼,鋼鐵工業,34.0,2023-09-28,2023Q2,0.0,0.0,40.57,81.14,32.910000000000004,100.0,19.89493441824356,74.47467209121781,0.9700841765990691,67.15488237129559,61.0,100.0,74.88717728794178
4542,科嶠,電子零組件業,77.0,2023-09-28,2023Q2,0.0,0.0,224.66,100.0,34.58,100.0,8.839625776742785,19.198128883713927,1.346962457337884,100.0,48.0,70.0,74.87971933255709
6285,啟,通信網路業,138.0,2023-09-28,2023Q2,15.25,77.86187322611164,69.09,100.0,18.533333333333335,92.66666666666667,3.604567113369064,0.0,2.906590164106797,100.0,34.1405579710137,35.351394927534244,74.85466014869793
2901,欣欣,貿易百貨業,26.95,2023-09-28,2023Q2,96.25,0.0,30.77,61.53999999999999,24.09,100.0,17.28326978224561,61.416348911228056,1.6325244248345414,100.0,86.2017332004553,100.0,74.5974523366842
2834,臺企銀,金融保險業,13.2,2023-09-28,2023Q2,8.74,83.76278893520272,48.08,96.16,7.1066666666666665,35.53333333333333,46.75473462104636,100.0,1.6093651171643297,100.0,5.3947657009475,0.0,74.52294556018694
4916,事欣科,電腦及週邊設備業,37.0,2023-09-28,2023Q2,28.24,22.563176895306867,47.92,95.84,30.450000000000003,100.0,5.493721207641398,2.4686060382069908,2.697449944564012,100.0,51.1793689124029,77.94842228100724,74.38145082336246
2482,連宇,其他電子業,44.75,2023-09-28,2023Q2,11.36,64.42561205273071,71.01,100.0,0.9333333333333336,4.666666666666668,23.146363040765824,90.73181520382911,1.1427808826573411,91.82584037962017,69.385703047555,100.0,74.3508348951048
1784,訊聯,生技醫療業,66.5,2023-09-28,2023Q2,0.0,0.0,364.0,100.0,21.073333333333334,100.0,12.27470152921111,36.37350764605555,1.0086760748997858,72.66801069996941,57.0,92.5,74.23962828690222
4137,麗豐-KY,生技醫療業,188.0,2023-09-28,2023Q2,16.51,67.77888446215138,64.17,100.0,0.0,0.0,29.01433068900009,100.0,1.1810911214574242,97.29873163677489,50.8853932142186,77.2134830355465,73.95898307712477
5533,皇鼎,建材營造業,19.85,2023-09-28,2023Q2,7.01,100.0,-25.44,0.0,478.94,100.0,28.355696574340968,100.0,1.1628797502511603,94.6971071787372,75.636844801162,100.0,73.93942143574745
5328,華容,電子零組件業,14.1,2023-09-28,2023Q2,0.0,0.0,285.71,100.0,16.31,81.54999999999998,8.361541258542035,16.807706292710172,8.65288319685275,100.0,77.0,100.0,73.83115594390654
1233,天仁,食品工業,35.25,2023-09-28,2023Q2,34.56,0.0,209.09,100.0,17.456666666666667,87.28333333333333,6.373310088644833,6.866550443224165,2.430424355146591,100.0,62.0907865549592,100.0,73.48664923315029
5706,鳳凰,觀光餐旅,65.6,2023-09-28,2023Q2,73.71,0.0,249.06,100.0,2771.2166666666667,100.0,8.895906592864758,19.47953296432379,5.019200388868636,100.0,42.1693812777573,55.42345319439326,73.46427526408789
5312,寶島科,生技醫療業,79.4,2023-09-28,2023Q2,0.0,0.0,345.33,100.0,21.88,100.0,9.071623098131587,20.358115490657937,2.536872037914692,100.0,41.0,52.5,73.30371732359869
2388,威盛,半導體業,118.5,2023-09-28,2023Q2,257.61,0.0,106.78,100.0,62.1,100.0,-3.2036172374274976,0.0,48.89334811529933,100.0,50.6855267555988,76.713816888997,72.6713816888997
5222,全訊,半導體業,156.5,2023-09-28,2023Q2,29.47,26.02019352124527,154.72,100.0,20.576666666666668,100.0,33.8995329161893,100.0,0.40235045556582594,0.0,84.4053212706133,100.0,72.60201935212453
5703,亞都,觀光餐旅,23.5,2023-09-28,2023Q2,0.0,0.0,116.09,100.0,124.06666666666668,100.0,5.58480859434105,2.9240429717052496,2.49487284659557,100.0,48.0,70.0,72.43860644575578
5381,合正,電子零組件業,27.65,2023-09-28,2023Q2,0.0,0.0,533.33,100.0,277.3433333333333,100.0,8.780653149881365,18.903265749406824,6.270874307169676,100.0,38.0,45.0,72.33548986241102
1519,華城,電機機械,271.0,2023-09-28,2023Q2,51.92,0.0,233.72,100.0,129.9466666666667,100.0,17.52428894846384,62.62144474231921,1.0028101657010335,71.83002367157623,33.9032720701004,34.758180175251,72.23503946318823
6235,華孚,電腦及週邊設備業,147.0,2023-09-28,2023Q2,44.28,0.0,262.3,100.0,33.64666666666667,100.0,16.098060341719094,55.49030170859547,0.8819194624864244,54.55992321234634,51.1499195980434,77.87479899510849,72.02300979826944
4160,訊聯基因,生技醫療業,40.2,2023-09-28,2023Q2,0.0,0.0,43.75,87.5,21.28,100.0,4.187918791879188,0.0,1.5096685904682572,100.0,74.0,100.0,71.875
1783,和康生,生技醫療業,57.1,2023-09-28,2023Q2,25.15,24.750996015936245,96.88,100.0,7.746666666666666,38.733333333333334,28.869295993578515,100.0,0.9075825389988577,58.226076999836806,87.0561398844305,100.0,71.86698166822765
4581,光隆精密-KY,汽車工業,71.1,2023-09-28,2023Q2,13.42,65.7564344005022,144.12,100.0,0.0,0.0,19.539146390964078,72.69573195482039,1.32327839120926,100.0,57.1443157176786,92.8607892941965,71.76608216269292
2020,美亞,鋼鐵工業,29.1,2023-09-28,2023Q2,18.42,50.0,35.85,71.7,44.02,100.0,8.35764951676686,16.788247583834305,2.097607756808848,100.0,45.0086078776673,62.52151969416826,71.69538910699197
1268,漢來美食,觀光餐旅,156.5,2023-09-28,2023Q2,0.0,0.0,440.43,100.0,45.16,100.0,10.169400782654277,25.847003913271383,1.752899412958364,100.0,31.0,27.500000000000004,71.6270505869907
5876,上海商銀,金融保險業,43.25,2023-09-28,2023Q2,12.01,58.980674497915885,24.07,48.14,18.33666666666667,91.68333333333335,58.44947111417934,100.0,6.063453241077238,100.0,7.17586426814224,0.0,71.26973411645825
6130,上亞科技,生技醫療業,33.35,2023-09-28,2023Q2,0.0,0.0,198.44,100.0,81.58,100.0,-1.2844990709329878,0.0,1.0689050363317465,81.27214804739236,69.0,100.0,71.25442960947848
5511,德昌,建材營造業,71.0,2023-09-28,2023Q2,0.0,0.0,232.65,100.0,20.513333333333335,100.0,17.084294063045515,60.42147031522758,0.8640739668739637,52.01056669628053,46.0,65.0,70.96533388654024
3308,聯德,電子零組件業,54.8,2023-09-28,2023Q2,8.13,100.0,1575.61,100.0,208.63666666666666,100.0,14.722871884071598,48.614359420357985,0.38611721269336824,0.0,53.7070639895707,84.26765997392674,70.71891991044637
3346,麗清,汽車工業,47.75,2023-09-28,2023Q2,19.9,25.078468298807287,168.22,100.0,49.50333333333333,100.0,3.715812685878793,0.0,2.4974575641447543,100.0,32.5920294892616,31.480073723153996,70.65585420219614
3293,鈊象,文化創意業,652.0,2023-09-28,2023Q2,0.0,0.0,17.1,34.2,23.24333333333333,100.0,52.85974138686307,100.0,1.2255679755274196,100.0,48.0,70.0,70.55
6122,擎邦,電機機械,46.6,2023-09-28,2023Q2,0.0,0.0,140.26,100.0,152.56333333333333,100.0,7.198907243511324,10.99453621755662,7.462219186513447,100.0,34.0,35.0,70.1491804326335
6201,亞弘電,其他電子業,47.75,2023-09-28,2023Q2,11.91,60.282485875706215,17.37,34.74,24.16,100.0,12.241814281666958,36.20907140833479,1.3630770284461897,100.0,71.5782076232315,100.0,70.14460929882084
2754,亞洲藏壽司,觀光餐旅,131.5,2023-09-28,2023Q2,0.0,0.0,69.23,100.0,31.0,100.0,7.774003913016471,13.870019565082353,3.068490581763627,100.0,32.0,30.0,70.08050293476235
6020,大展證,金融保險業,18.8,2023-09-28,2023Q2,0.0,0.0,176.24,100.0,436.50000000000006,100.0,62.08614161365363,100.0,-2.4087145029383965,0.0,63.0,100.0,70.0
2897,王道銀行,金融保險業,9.51,2023-09-28,2023Q2,5.23,100.0,56.25,100.0,-0.6100000000000007,0.0,50.17813416845358,100.0,4.812750020028306,100.0,6.41190252610213,0.0,70.0
4911,德英,生技醫療業,59.3,2023-09-28,2023Q2,0.0,0.0,507.14,100.0,249.35000000000002,100.0,45.369664410636574,100.0,-0.19635321534294892,0.0,94.0,100.0,70.0
4763,材料*-KY,化學工業,1105.0,2023-09-28,2023Q2,34.65,0.0,119.52,100.0,0.0,0.0,48.5598393705182,100.0,1.197494998869201,99.64214269560014,65.8075196835576,100.0,69.92842853912003
4746,台耀,生技醫療業,87.7,2023-09-28,2023Q2,12.03,90.08964143426294,114.12,100.0,29.29666666666667,100.0,14.452254516437888,47.26127258218944,0.41529528979283337,0.0,55.2765620420093,88.19140510502325,69.91729554125703
3034,聯詠,半導體業,423.0,2023-09-28,2023Q2,12.89,95.77198148927218,-40.78,0.0,37.79333333333333,100.0,24.311924993308022,96.55962496654011,1.1681425978826943,95.44894255467061,46.8355567631111,67.08889190777775,69.85981959562014
3540,曜越,電腦及週邊設備業,39.95,2023-09-28,2023Q2,0.0,0.0,431.25,100.0,39.44,100.0,2.637726689849298,0.0,6.428443117727086,100.0,38.0,45.0,69.5
4130,健亞,生技醫療業,26.4,2023-09-28,2023Q2,0.0,0.0,500.0,100.0,19.746666666666666,98.73333333333333,10.435063932413255,27.17531966206628,0.8688493849384938,52.6927692769277,91.0,100.0,69.36151847136216
6477,安集,光電業,40.05,2023-09-28,2023Q2,14.56,75.06433350488935,202.44,100.0,-32.78333333333333,0.0,20.457297619776654,77.28648809888327,1.7672199576063916,100.0,40.9006368193324,52.251592048331,69.32456577015452
2832,台產,金融保險業,23.35,2023-09-28,2023Q2,10.11,73.38006820765443,45.54,91.08,8.473333333333334,42.366666666666674,19.180246606670817,70.90123303335409,0.9699459154399661,67.13513077713802,46.6687897168579,66.67197429214475,69.31074869374396
9906,欣巴巴,建材營造業,50.7,2023-09-28,2023Q2,8.59,99.14150384843103,18.12,36.24,28.55333333333333,100.0,18.62855468460132,68.1427734230066,4.09270414917314,100.0,15.8299485122685,0.0,69.19556639829409
9908,大台北,油電燃氣業,32.7,2023-09-28,2023Q2,15.5,86.37110016420361,96.55,100.0,4.103333333333333,20.516666666666662,19.324091863313548,71.62045931656775,0.8632686211186192,51.8955173026599,63.7097243713548,100.0,68.86261570777083
6291,沛亨,半導體業,221.0,2023-09-28,2023Q2,0.0,0.0,97.2,100.0,58.453333333333326,100.0,23.448300473220232,92.24150236610116,-0.08993718493791797,0.0,67.0,100.0,68.83622535491517
2739,寒舍,觀光餐旅,38.6,2023-09-28,2023Q2,50.79,0.0,141.12,100.0,51.63333333333333,100.0,9.876686391457831,24.383431957289154,4.091365105074829,100.0,6.23349530004381,0.0,68.65751479359338
2745,五福,觀光餐旅,68.0,2023-09-28,2023Q2,0.0,0.0,264.25,100.0,4731.5199999999995,100.0,3.6719329572427397,0.0,1.4536878944240583,100.0,34.0,35.0,68.5
2731,雄獅,觀光餐旅,126.0,2023-09-28,2023Q2,572.73,0.0,169.82,100.0,1180.6499999999999,100.0,3.622850218802372,0.0,2.2363466815701396,100.0,31.8841604200234,29.7104010500585,67.97104010500586
4979,華星光,通信網路業,143.0,2023-09-28,2023Q2,0.0,0.0,50.0,100.0,159.17666666666665,100.0,11.381771772928028,31.908858864640138,0.7822505439850793,40.321506283582764,76.0,100.0,67.85063008641256
2605,新興,航運業,23.75,2023-09-28,2023Q2,37.7,0.0,333.33,100.0,6.623333333333334,33.116666666666674,13.061564428675068,40.30782214337534,5.162386099401761,100.0,70.0059910793078,100.0,67.66950665483964
8081,致新,半導體業,261.0,2023-09-28,2023Q2,17.59,75.99915860328144,-49.19,0.0,20.333333333333332,100.0,18.971126226624424,69.85563113312212,1.9651203120970204,100.0,58.2902936548357,95.72573413708925,67.65083394400538
2496,卓越,其他業,54.1,2023-09-28,2023Q2,11.71,81.11764705882352,32.17,64.34,8.303333333333333,41.516666666666666,11.951838688619715,34.759193443098575,3.69628802679319,100.0,58.7794267494369,96.94856687359226,67.40883374303971
4527,方土霖,電機機械,35.4,2023-09-28,2023Q2,0.0,0.0,50.72,100.0,14.403333333333334,72.01666666666668,6.335300723602852,6.676503618014258,3.0166839404433885,100.0,48.0,70.0,67.40480887603547
2855,統一證,金融保險業,18.75,2023-09-28,2023Q2,10.84,67.8476695718075,1118.18,100.0,116.84666666666665,100.0,29.548269302245146,100.0,-16.56454792100603,0.0,22.2801362286741,5.700340571685247,67.35480101434928
8048,德勝,通信網路業,75.6,2023-09-28,2023Q2,0.0,0.0,176.81,100.0,101.88666666666666,100.0,14.966113677717654,49.83056838858827,0.6688079142004918,24.115416314355972,65.0,100.0,67.29766852115944
8463,潤泰材,其他業,23.25,2023-09-28,2023Q2,24.47,6.058823529411761,166.67,100.0,19.046666666666667,95.23333333333333,4.94239767390026,0.0,4.339773563409366,100.0,30.3865239093258,25.9663097733145,67.24917999693929
2838,聯邦銀,金融保險業,13.3,2023-09-28,2023Q2,10.31,71.86434255399773,194.44,100.0,22.209999999999997,100.0,32.325105412625476,100.0,-3.691903531162218,0.0,7.18959701452752,0.0,67.18643425539977
2734,易飛網,觀光餐旅,40.25,2023-09-28,2023Q2,0.0,0.0,239.13,100.0,372.05,100.0,1.9560251284980013,0.0,2.903974363696637,100.0,27.0,17.5,66.75
4934,太極,光電業,32.5,2023-09-28,2023Q2,23.55,28.795676788471436,228.21,100.0,39.403333333333336,100.0,0.07671129937311436,0.0,0.8057973583902136,43.685336912887664,67.3460533743868,100.0,66.61663506142467
2228,劍麟,汽車工業,92.7,2023-09-28,2023Q2,14.15,61.173885750156934,26.98,53.959999999999994,13.833333333333334,69.16666666666667,9.068240733369613,20.341203666848067,2.0110395939282233,100.0,67.9404198835674,100.0,66.49190245837625
1432,大魯閣,運動休閒,16.55,2023-09-28,2023Q2,24.7,0.0,136.84,100.0,25.516666666666666,100.0,6.960373789977779,9.801868949888895,5.182982728984203,100.0,16.0022822118423,0.0,66.47028034248333
3025,星通,通信網路業,42.15,2023-09-28,2023Q2,30.77,4.446546830652798,65.62,100.0,25.596666666666664,100.0,19.640090403832215,73.20045201916108,0.19903384214098452,0.0,72.4145045300233,100.0,66.42472248593944
5209,新鼎,其他業,173.0,2023-09-28,2023Q2,0.0,0.0,149.41,100.0,54.29333333333333,100.0,6.829411587217306,9.147057936086531,5.057000967357315,100.0,16.0,0.0,66.37205869041298
8436,大江,生技醫療業,180.5,2023-09-28,2023Q2,0.0,0.0,459.65,100.0,8.493333333333334,42.46666666666667,11.45033498701177,32.25167493505885,2.72360161732883,100.0,52.0,80.0,66.33108457359216
8905,裕國,其他業,29.1,2023-09-28,2023Q2,0.0,0.0,166.67,100.0,5.396666666666667,26.983333333333338,12.861866086547396,39.30933043273698,2.1462557294462568,100.0,77.0,100.0,66.29306623157721
6026,福邦證,金融保險業,11.6,2023-09-28,2023Q2,0.0,0.0,240.35,100.0,1855.03,100.0,53.51795808827728,100.0,-2.145340863651235,0.0,45.0,62.5,66.25
2887,台新新光金,金融保險業,17.9,2023-09-28,2023Q2,12.18,57.6923076923077,117.24,100.0,21.946666666666662,100.0,29.02481550481944,100.0,-3.4164239453146066,0.0,7.01806222898772,0.0,65.76923076923077
2516,新建,建材營造業,7.2,2023-09-28,2023Q2,0.0,0.0,134.03,100.0,36.736666666666665,100.0,2.075492235404301,0.0,1.206682137065343,100.0,22.9545431878052,7.386357969512999,65.7386357969513
6139,亞翔,其他電子業,117.5,2023-09-28,2023Q2,19.42,3.7099811676082783,86.63,100.0,32.33,100.0,5.186985546484715,0.9349277324235761,4.302125094887336,100.0,16.4808807414364,0.0,65.51123727662437
2206,三陽工業,汽車工業,77.7,2023-09-28,2023Q2,12.1,74.04268675455116,118.66,100.0,21.30333333333333,100.0,10.717738314282224,28.58869157141112,0.6953470090950704,27.906715585010062,32.8490417885744,32.12260447143599,65.48617597531239
3543,州巧,光電業,20.65,2023-09-28,2023Q2,71.21,0.0,116.67,100.0,10.933333333333332,54.666666666666664,2.3466251616438214,0.0,4.148961262814116,100.0,58.0486058327606,95.1215145819015,65.44548479152348
6218,豪勉,通信網路業,28.15,2023-09-28,2023Q2,0.0,0.0,900.0,100.0,46.800000000000004,100.0,9.750140397001935,23.750701985009677,0.8014319974974801,43.06171392821144,53.0,82.5,65.42494808339374
1584,精剛,其他業,37.55,2023-09-28,2023Q2,0.0,0.0,34.92,69.84,54.626666666666665,100.0,5.966109617856725,4.830548089283626,1.1985490320434982,99.79271886335688,49.0,72.5,65.39312598606392
6005,群益證,金融保險業,14.6,2023-09-28,2023Q2,10.5,70.42440318302387,10000.0,100.0,123.60666666666667,100.0,22.67880067306208,88.3940033653104,-6.3877472034695355,0.0,16.7356464576045,0.0,65.30154082309895
4162,智擎,生技醫療業,86.8,2023-09-28,2023Q2,0.0,0.0,-12.1,0.0,83.32333333333334,100.0,40.22123007269672,100.0,1.1959922298333503,99.42746140476434,90.0,100.0,64.88549228095287
3050,鈺德,光電業,15.25,2023-09-28,2023Q2,15.56,69.91765311374164,385.71,100.0,1.1,5.500000000000001,11.530115891937257,32.650579459686284,3.1362043266325585,100.0,47.2812693991611,68.20317349790275,64.80966958011739
2701,萬企,觀光餐旅,12.35,2023-09-28,2023Q2,30.12,30.57097541633622,-25.0,0.0,35.36,100.0,55.514075474245594,100.0,1.0817388003037205,83.1055429005315,86.0141287833988,100.0,64.67820612173992
6199,天品,其他業,17.6,2023-09-28,2023Q2,0.0,0.0,125.0,100.0,-22.87,0.0,17.87594967238815,64.37974836194074,14.285200718993408,100.0,80.0,100.0,64.6569622542911
3257,虹冠電,半導體業,73.9,2023-09-28,2023Q2,52.79,0.0,-0.71,0.0,172.08666666666667,100.0,24.467635150214136,97.33817575107068,1.4887243623602295,100.0,89.8335801768933,100.0,64.6007263626606
6703,軒郁,生技醫療業,265.5,2023-09-28,2023Q2,0.0,0.0,174.67,100.0,89.41000000000001,100.0,17.69750917198656,63.4875458599328,0.49227647326790075,0.0,69.0,100.0,64.52313187898991
3004,豐達科,鋼鐵工業,95.8,2023-09-28,2023Q2,20.56,38.38219326818677,372.0,100.0,39.32,100.0,11.302428663249104,31.51214331624552,0.6769818774540112,25.283125350573027,43.5533855579183,58.88346389479574,64.51001228384969
4538,大詠城,電機機械,19.1,2023-09-28,2023Q2,0.0,0.0,70.0,100.0,-37.10999999999999,0.0,17.16177079023583,60.80885395117915,1.7661741167737595,100.0,83.0,100.0,64.12132809267688
3617,碩天,其他電子業,290.5,2023-09-28,2023Q2,17.79,15.988700564971769,41.62,83.24,10.373333333333333,51.86666666666666,14.472173590242617,47.36086795121309,1.1132105963939767,87.6015137705681,46.6770617213472,66.692654303368,64.0759017669629
6579,研揚,電腦及週邊設備業,155.5,2023-09-28,2023Q2,19.44,62.27436823104693,43.15,86.3,0.3133333333333334,1.5666666666666669,12.516342772366574,37.581713861832874,1.5989436642104662,100.0,64.9244409908091,100.0,63.75302723571296
2501,國建,建材營造業,15.05,2023-09-28,2023Q2,8.36,100.0,271.43,100.0,38.93333333333333,100.0,12.94275496677851,39.71377483389255,-1.2738967486708572,0.0,31.152712618866,27.881781547165,63.74524437980038
6869,雲豹能源,綠能環保,85.6,2023-09-28,2023Q2,11.58,78.60665844636252,11733.33,100.0,170.57666666666668,100.0,13.762153697146983,43.81076848573492,-0.13560394446746993,0.0,37.08642177277,42.716054431925,63.703886560688986
6112,邁達特,資訊服務業,62.1,2023-09-28,2023Q2,19.05,47.49798224374495,109.28,100.0,7.706666666666667,38.53333333333334,4.53425120677359,0.0,1.2119841644723621,100.0,44.987325230599,62.468313076497495,63.703296198690914
5236,凌陽創新,半導體業,126.0,2023-09-28,2023Q2,0.0,0.0,-40.81,0.0,131.4333333333333,100.0,23.415173469696846,92.07586734848422,1.1949647437970843,99.28067768529776,75.0,100.0,63.667515639332194
6185,幃翔,電子零組件業,16.5,2023-09-28,2023Q2,0.0,0.0,720.0,100.0,-24.08666666666667,0.0,16.138494180099915,55.69247090049958,1.8829131771891927,100.0,82.0,100.0,63.35387063507494
5284,jpp-KY,其他業,133.5,2023-09-28,2023Q2,16.2,54.70588235294118,126.61,100.0,0.0,0.0,24.106168073583035,95.53084036791518,0.852379483773012,50.33992625328742,53.4751441773332,83.687860443333,63.236985585472176
8227,巨有科技,半導體業,172.5,2023-09-28,2023Q2,0.0,0.0,44.44,88.88,61.49333333333334,100.0,19.6827271037642,73.41363551882101,-0.07745544056809248,0.0,70.0,100.0,63.23204532782315
5258,虹堡,電腦及週邊設備業,123.0,2023-09-28,2023Q2,13.68,88.26714801444044,29.01,58.02,6.316666666666666,31.58333333333333,13.777851613728906,43.88925806864453,2.11826222596761,100.0,47.4869204876088,68.717301219022,63.10350030030959
5515,建國,建材營造業,13.9,2023-09-28,2023Q2,11.88,79.66252220248667,169.23,100.0,-27.146666666666665,0.0,2.6572936966163128,0.0,3.570422414922025,100.0,61.7145922091131,100.0,62.96625222024867
3055,蔚華科,電子通路業,35.75,2023-09-28,2023Q2,8.83,78.99075190993163,132.0,100.0,-48.833333333333336,0.0,-14.074612972693362,0.0,3.1989894567874213,100.0,71.5667461346954,100.0,62.899075190993166
2514,龍邦,其他業,16.0,2023-09-28,2023Q2,12.03,79.23529411764706,136.67,100.0,182.10333333333332,100.0,4.9421870856062515,0.0,0.7689772180205923,38.425316860084614,28.7277260492104,21.819315123026,62.79052429608423
1612,宏泰,電器電纜,27.55,2023-09-28,2023Q2,16.02,39.63141577678264,133.33,100.0,21.150000000000002,100.0,10.062979413448648,25.31489706724324,-0.21304981524151653,0.0,85.4076129244212,100.0,62.76037613776475
2722,夏都,觀光餐旅,50.5,2023-09-28,2023Q2,31.56,24.86122125297383,100.0,100.0,-7.260000000000001,0.0,11.966094288879987,34.83047144439993,1.3411463837342013,100.0,66.6042769112345,100.0,62.710692841957375
6791,虎門科技,資訊服務業,86.3,2023-09-28,2023Q2,0.0,0.0,22.29,44.58,13.996666666666664,69.98333333333332,17.26399061527124,61.31995307635621,1.142250212425651,91.75003034652158,63.0,100.0,62.68966569742441
8926,台汽電,油電燃氣業,41.35,2023-09-28,2023Q2,16.28,83.16912972085385,727.78,100.0,44.24666666666667,100.0,-2.2889239128099663,0.0,-0.22003279459471833,0.0,57.073153564984,92.68288391245999,62.585201363331386
3708,上緯投控,綠能環保,91.1,2023-09-28,2023Q2,6.1,100.0,322.54,100.0,-24.176666666666666,0.0,2.5554298384297547,0.0,1.2659352487153583,100.0,50.3025159558202,75.7562898895505,62.57562898895505
6136,富爾特,通信網路業,18.85,2023-09-28,2023Q2,21.18,49.81078524124882,116.67,100.0,2.4433333333333334,12.216666666666667,-3.385517899423967,0.0,19.044444444444444,100.0,91.623780988578,100.0,62.42441185745822
1616,億泰,電器電纜,11.05,2023-09-28,2023Q2,22.55,0.0,2000.0,100.0,7.316666666666667,36.583333333333336,7.176024366415723,10.880121832078613,2.334155878668236,100.0,53.7284531690692,84.32113292267299,62.380798233745764
5244,弘凱,光電業,31.2,2023-09-28,2023Q2,14.44,75.68193515182708,-30.28,0.0,15.63,78.15,16.942045726323933,59.710228631619664,1.369169561473828,100.0,82.3985560141744,100.0,62.15472780992566
3356,奇偶,光電業,47.0,2023-09-28,2023Q2,16.21,66.57231085949562,502.94,100.0,-11.93,0.0,6.806586005229794,9.03293002614897,1.1687498981470918,95.53569973529883,77.9189657597475,100.0,62.11931053693167
3005,神基,電腦及週邊設備業,77.6,2023-09-28,2023Q2,13.22,90.34296028880865,126.92,100.0,-1.71,0.0,10.11269101808624,25.563455090431198,1.0680848348974374,81.15497641391964,51.9788593282202,79.94714832055051,62.09452440728453
6590,普鴻,資訊服務業,83.6,2023-09-28,2023Q2,0.0,0.0,51.04,100.0,20.84,100.0,15.620205190178964,53.10102595089482,0.11833821553998285,0.0,56.0,90.0,61.96515389263422
4728,雙美,生技醫療業,195.0,2023-09-28,2023Q2,0.0,0.0,0.4,0.8,49.0,100.0,55.44062290644436,100.0,1.5594097348280656,100.0,47.0,67.5,61.95
1417,嘉裕,紡織纖維,12.85,2023-09-28,2023Q2,21.07,68.30166731291197,100.0,100.0,-8.270000000000001,0.0,-1.1994286186501706,0.0,19.08647404755817,100.0,63.0402405075795,100.0,61.8301667312912
6417,韋僑,通信網路業,114.5,2023-09-28,2023Q2,0.0,0.0,50.67,100.0,25.406666666666666,100.0,15.212209263220199,51.061046316101,0.44883205883581967,0.0,56.0,90.0,61.65915694741515
2328,廣宇,電子零組件業,37.05,2023-09-28,2023Q2,13.19,70.99430967355495,29.03,58.06,10.840000000000002,54.2,5.859221548740069,4.296107743700346,3.4821504661312397,100.0,54.1218746581164,85.304686645291,61.62931579343965
2204,中華,汽車工業,97.5,2023-09-28,2023Q2,0.0,0.0,173.8,100.0,29.823333333333334,100.0,6.894374508559213,9.471872542796067,0.6817949855266559,25.970712218093695,68.459984934551,100.0,61.61492332503815
6680,鑫創電子,電腦及週邊設備業,80.0,2023-09-28,2023Q2,0.0,0.0,15.97,31.94,28.49,100.0,10.096234387506282,25.48117193753141,2.2183339142558385,100.0,59.0,97.5,61.557175790629714
1752,南光,生技醫療業,56.4,2023-09-28,2023Q2,13.46,82.96812749003983,62.28,100.0,9.053333333333333,45.266666666666666,17.07253699420437,60.36268497102185,0.4829940723113698,0.0,63.9129288140796,100.0,61.404548827990595
3213,茂訊,電腦及週邊設備業,74.0,2023-09-28,2023Q2,0.0,0.0,252.38,100.0,17.81,89.05,16.39551567877803,56.97757839389015,0.005957387967689525,0.0,66.0,100.0,61.35663675908353
2886,兆豐金,金融保險業,37.7,2023-09-28,2023Q2,18.04,13.281546040166736,135.09,100.0,46.22,100.0,52.732648285790205,100.0,-1.73144782030362,0.0,7.38999730030146,0.0,61.328154604016675
6230,尼得科超眾,電腦及週邊設備業,147.0,2023-09-28,2023Q2,15.09,81.90433212996389,174.83,100.0,-8.146666666666667,0.0,6.254203685664788,6.271018428323938,3.6259993970118587,100.0,48.7628656653783,71.90716416344574,61.32180239358956
6418,詠昇,電子零組件業,26.4,2023-09-28,2023Q2,0.0,0.0,121.21,100.0,9.643333333333334,48.216666666666676,5.216101375304856,1.0805068765242787,1.9477308917197451,100.0,46.0,65.0,61.30540936481198
3704,合勤控,通信網路業,50.0,2023-09-28,2023Q2,9.98,100.0,113.19,100.0,-17.663333333333334,0.0,5.031173353991018,0.15586676995508864,2.184962519954956,100.0,45.108851499693,62.7721287492325,61.30059289041652
2845,遠東銀,金融保險業,11.65,2023-09-28,2023Q2,11.65,61.708980674497916,8.7,17.4,15.756666666666666,78.78333333333333,36.484390725254286,100.0,1.7448261090340176,100.0,7.1054458964311,0.0,61.27756473411646
5904,寶雅,居家生活,482.0,2023-09-28,2023Q2,0.0,0.0,42.39,84.78,13.626666666666665,68.13333333333333,13.519767446918895,42.59883723459447,2.373017624645547,100.0,19.0,0.0,61.21149225185584
3694,海華,通信網路業,36.85,2023-09-28,2023Q2,13.4,86.61305581835383,745.45,100.0,-5.816666666666666,0.0,2.9498485495402167,0.0,2.997649914959385,100.0,49.9616518683471,74.90412967086775,61.15171854892216
5508,永信建,建材營造業,76.5,2023-09-28,2023Q2,0.0,0.0,47.76,95.52,422.3333333333333,100.0,41.806085903039055,100.0,0.31178812777750675,0.0,29.0,22.5,61.129999999999995
4439,冠星-KY,紡織纖維,121.5,2023-09-28,2023Q2,8.93,100.0,30.12,60.24,0.0,0.0,13.078748452711858,40.39374226355929,1.6415203578418982,100.0,64.6997832535595,100.0,61.11906133953389
1720,生達,生技醫療業,66.1,2023-09-28,2023Q2,13.69,81.8227091633466,11.56,23.12,9.339999999999998,46.69999999999999,21.04283469613385,80.21417348066923,1.214219260525449,100.0,42.9007778158117,57.251944539529255,61.059591392387965
2743,山富,觀光餐旅,106.0,2023-09-28,2023Q2,0.0,0.0,433.09,100.0,1436.3166666666666,100.0,8.753259138268623,18.766295691343117,0.8302168720970704,47.17383887101006,35.0,37.5,60.999712127903486
8034,榮群,通信網路業,21.85,2023-09-28,2023Q2,0.0,0.0,158.82,100.0,161.53,100.0,12.985688778515946,39.928443892579736,-3.1128678887022567,0.0,69.0,100.0,60.98926658388696
8367,建新國際,航運業,39.7,2023-09-28,2023Q2,10.76,74.06492589978828,85.71,100.0,-14.193333333333333,0.0,14.680094403056861,48.40047201528431,2.5922533463733632,100.0,25.123548810467,12.808872026167501,60.947450594888224
2105,正新,橡膠工業,42.5,2023-09-28,2023Q2,22.61,58.86739218057237,44.87,89.74,-6.473333333333334,0.0,9.383990219799689,21.919951098998443,2.0933020692940625,100.0,57.2998292321299,93.24957308032475,60.93468919093948
4768,晶呈科技,化學工業,205.0,2023-09-28,2023Q2,0.0,0.0,33.79,67.58,-29.536666666666665,0.0,24.073908415110882,95.36954207555442,2.5912872183253253,100.0,58.0,95.0,60.70043131133316
1540,喬福,電機機械,17.25,2023-09-28,2023Q2,13.91,85.18173345759553,-2.82,0.0,13.176666666666664,65.88333333333331,16.93359300416237,59.66796502081184,1.6695102096194288,100.0,80.2284216221488,100.0,60.64503476554799
8996,高力,電機機械,296.5,2023-09-28,2023Q2,50.25,0.0,209.09,100.0,75.14333333333333,100.0,17.66221247977049,63.31106239885245,0.07814804510220993,0.0,44.187803353485,60.4695083837125,60.54361019819912
2114,鑫永銓,橡膠工業,108.0,2023-09-28,2023Q2,18.85,74.02257154373237,34.13,68.26,-16.786666666666665,0.0,33.801355604553315,100.0,0.8868680641183724,55.26686630262463,75.4929755332592,100.0,60.520630414898164
6016,康和證,金融保險業,13.4,2023-09-28,2023Q2,0.0,0.0,356.52,100.0,346.46333333333337,100.0,39.71804669952162,100.0,-5.3366916234649,0.0,21.0,2.5,60.25
4906,正文,通信網路業,36.45,2023-09-28,2023Q2,15.71,75.68590350047305,206.45,100.0,-19.69,0.0,2.5236916212940894,0.0,1.327186091574373,100.0,50.7019258760838,76.7548146902095,60.24407181906825
2371,大同,電機機械,44.4,2023-09-28,2023Q2,10.91,99.16123019571296,9.76,19.52,77.44666666666667,100.0,5.747736618521246,3.738683092606232,1.5803445122628328,100.0,39.2976219440798,48.244054860199505,60.181330969482175
5225,東科-KY,其他電子業,59.1,2023-09-28,2023Q2,7.67,92.22222222222223,217.17,100.0,0.0,0.0,5.067422228836591,0.3371111441829555,1.288845496948692,100.0,43.6124659545154,59.0311648862885,60.17590538247851
5906,台南-KY,貿易百貨業,78.0,2023-09-28,2023Q2,18.98,81.75116864437253,104.81,100.0,0.0,0.0,8.879878022875431,19.399390114377155,2.786519781699214,100.0,35.938526831177,39.8463170779425,60.06965708938807
5483,中美晶,半導體業,157.0,2023-09-28,2023Q2,0.0,0.0,58.94,100.0,-9.783333333333333,0.0,26.41147338981891,100.0,1.7706938525532467,100.0,17.0,0.0,60.0
2723,美食-KY,觀光餐旅,105.5,2023-09-28,2023Q2,23.55,56.62172878667723,171.43,100.0,0.0,0.0,6.277668930618255,6.388344653091274,2.9421463420343685,100.0,53.5063160156577,83.76579003914426,59.997003580545844
2338,光罩,半導體業,67.4,2023-09-28,2023Q2,9.01,100.0,155.15,100.0,-11.453333333333333,0.0,10.555522686169477,27.77761343084738,2.0152986115164366,100.0,23.2902491048416,8.225622762103999,59.989204290837506
2540,愛山林,建材營造業,83.6,2023-09-28,2023Q2,31.19,0.0,287.8,100.0,102.16000000000001,100.0,22.964710110487104,89.82355055243552,-3.805737864121524,0.0,25.9130603309298,14.782650827324497,59.95179766559778
6643,M31,半導體業,801.0,2023-09-28,2023Q2,0.0,0.0,37.36,74.72,25.49,100.0,19.972788868558734,74.86394434279366,0.10129615897968264,0.0,75.0,100.0,59.90959165141905
2402,毅嘉,電子零組件業,40.25,2023-09-28,2023Q2,31.2,0.0,20.45,40.9,21.596666666666664,100.0,3.840961193744493,0.0,3.339988117217896,100.0,58.5450493224828,96.362623306207,59.861262330620704
3416,融程電,電腦及週邊設備業,115.0,2023-09-28,2023Q2,16.48,75.63176895306859,40.08,80.16,1.3333333333333333,6.666666666666667,21.886518013840824,84.43259006920411,0.7851926563829337,40.74180805470481,70.4454234474367,100.0,59.74976034996177
2850,新產,金融保險業,60.4,2023-09-28,2023Q2,8.57,85.05115574081091,23.67,47.34,8.899999999999999,44.49999999999999,14.582890350768377,47.91445175384189,1.592548315036582,100.0,33.1819664546244,32.954916136561,59.72277495081347
5287,數字,數位雲端,203.5,2023-09-28,2023Q2,0.0,0.0,9.05,18.1,12.366666666666667,61.83333333333334,39.35116606948649,100.0,1.136674561551909,90.95350879312986,58.0,95.0,59.58236842529264
3130,一零四,數位雲端,202.0,2023-09-28,2023Q2,16.29,97.8886756238004,-13.08,0.0,12.219999999999999,61.1,21.825535425488738,84.12767712744369,1.2194152698012133,100.0,39.7596364778548,49.399091194636995,59.56792825096029
9940,信義,其他業,28.65,2023-09-28,2023Q2,14.62,64.0,28.04,56.08,6.666666666666667,33.333333333333336,15.458870128118644,52.29435064059322,1.3822879797520415,100.0,38.2843851294017,45.710962823504246,59.50191554510607
6245,立端,通信網路業,91.6,2023-09-28,2023Q2,0.0,0.0,58.22,100.0,-21.12,0.0,14.65966026465511,48.29830132327555,1.8773728830632237,100.0,49.0,72.5,59.49474519849133
9951,皇田,電機機械,78.8,2023-09-28,2023Q2,0.0,0.0,46.84,93.68,9.626666666666667,48.13333333333333,8.786202528980395,18.931012644901973,0.9745200080357399,67.78857257653428,61.0,100.0,59.44403307870882
5269,祥碩,半導體業,1155.0,2023-09-28,2023Q2,41.32,0.0,-43.61,0.0,15.403333333333334,77.01666666666667,24.493277810907376,97.46638905453689,1.1786374269205357,96.94820384579083,85.3106899244904,100.0,59.41293246067203
2610,華航,航運業,21.2,2023-09-28,2023Q2,32.12,0.0,32.76,65.52,32.413333333333334,100.0,7.334442491269817,11.672212456349085,7.553086213646514,100.0,24.2366483175327,10.591620793831753,59.18999394783554
1234,黑松,食品工業,38.3,2023-09-28,2023Q2,15.76,74.77326968973746,30.67,61.34,5.8566666666666665,29.283333333333335,5.530091155530277,2.650455777651386,1.5314567605798042,100.0,77.8418302229864,100.0,59.06656200228813
9926,新海,油電燃氣業,55.0,2023-09-28,2023Q2,20.0,67.89819376026273,17.97,35.94,3.5833333333333335,17.916666666666668,23.203644276745283,91.01822138372641,2.006940065418045,100.0,44.1326675776237,60.331668944059246,59.04405281132449
5353,台林,通信網路業,39.05,2023-09-28,2023Q2,0.0,0.0,85.9,100.0,-3.4466666666666668,0.0,10.711366908132995,28.556834540664973,1.2717662375765577,100.0,59.0,97.5,59.03352518109975
1456,怡華,建材營造業,16.45,2023-09-28,2023Q2,24.92,2.457075192421554,186.08,100.0,161.63333333333335,100.0,22.919276329712694,89.59638164856347,-17.70426061241414,0.0,12.8108832390927,0.0,58.685164766526675
3518,柏騰,其他電子業,35.3,2023-09-28,2023Q2,90.51,0.0,900.0,100.0,15.396666666666668,76.98333333333333,-10.227325078445324,0.0,0.788339670468948,41.191381495564,76.2964362774824,100.0,58.63494296577947
2528,皇普,建材營造業,28.8,2023-09-28,2023Q2,29.09,0.0,72.92,100.0,128010.90999999999,100.0,21.09720128961668,80.4860064480834,0.32899664143788243,0.0,26.2327984324546,15.5819960811365,58.63110057532616
3661,世芯-KY,半導體業,2690.0,2023-09-28,2023Q2,85.72,0.0,48.01,96.02,0.0,0.0,11.045075875946067,30.225379379730335,1.5461682279881006,100.0,64.6663694719339,100.0,58.53880690695954
2884,玉山金,金融保險業,24.25,2023-09-28,2023Q2,19.09,5.323986358469113,45.83,91.66,25.856666666666666,100.0,42.32663011087583,100.0,-0.6912714730739028,0.0,6.25609794994415,0.0,58.44739863584691
2442,新美齊,建材營造業,19.25,2023-09-28,2023Q2,29.17,0.0,25.64,51.28,92.56666666666666,100.0,10.495106667040867,27.475533335204332,6.338994279804802,100.0,25.9044185730877,14.76104643271925,58.417434643552575
6762,達亞,生技醫療業,252.0,2023-09-28,2023Q2,0.0,0.0,19.57,39.14,22.686666666666667,100.0,27.72016171559149,100.0,0.7404730432826166,34.35329189751667,47.0,67.5,58.405658379503336
2608,嘉里大榮,航運業,36.95,2023-09-28,2023Q2,9.99,79.49894142554693,78.79,100.0,-5.263333333333334,0.0,12.021932258568157,35.109661292840784,0.9614050047852533,65.91500068360762,47.599710627062,68.99927656765502,58.299271129967835
5288,豐祥-KY,電機機械,171.0,2023-09-28,2023Q2,11.06,98.46225535880708,21.58,43.16,0.0,0.0,15.090452579502186,50.45226289751093,2.216368308819509,100.0,60.3407958476952,100.0,58.204064970507346
3594,磐儀,電腦及週邊設備業,48.15,2023-09-28,2023Q2,0.0,0.0,121.43,100.0,-1.6033333333333335,0.0,10.519373694995108,27.596868474975544,1.8090328185548863,100.0,56.0,90.0,58.13953027124633
1580,新麥,電機機械,127.0,2023-09-28,2023Q2,0.0,0.0,50.28,100.0,10.58,52.900000000000006,17.358372086540488,61.791860432702435,0.6100746755060615,15.724953643723078,66.0,100.0,57.99376979364998
8255,朋程,電機機械,167.0,2023-09-28,2023Q2,0.0,0.0,62.5,100.0,48.656666666666666,100.0,6.876196838582653,9.380984192913267,0.7293617077798021,32.76595825425745,40.0,50.0,57.96033927978848
1513,中興電,電機機械,107.5,2023-09-28,2023Q2,38.39,0.0,-95.06,0.0,21.633333333333336,100.0,24.379591251271336,96.89795625635668,38.233786539768865,100.0,33.0517764988901,32.62944124722525,57.797637563176025
9927,泰銘,其他業,55.0,2023-09-28,2023Q2,11.65,81.47058823529412,29.02,58.040000000000006,-0.06000000000000005,0.0,11.768338676326493,33.84169338163247,1.9051799099056301,100.0,74.4462059560236,100.0,57.73331283077429
1707,葡萄王,生技醫療業,156.0,2023-09-28,2023Q2,15.9,70.81673306772907,-0.48,0.0,8.47,42.35,21.29913188110444,81.4956594055222,1.7677290668946246,100.0,59.4170765389274,98.5426913473185,57.63029135233309
4153,鈺緯,生技醫療業,33.5,2023-09-28,2023Q2,0.0,0.0,533.33,100.0,-11.979999999999999,0.0,8.476272125845645,17.381360629228222,5.239106178945146,100.0,78.0,100.0,57.60720409438423
3217,優群,電子零組件業,133.5,2023-09-28,2023Q2,0.0,0.0,-20.34,0.0,35.31666666666667,100.0,21.244480945018207,81.22240472509104,1.0383634645719098,76.90906636741568,75.0,100.0,57.56517398224679
3152,璟德,通信網路業,209.0,2023-09-28,2023Q2,0.0,0.0,-35.8,0.0,17.54,87.7,18.326171771247115,66.63085885623558,3.5185057877036843,100.0,80.0,100.0,57.534628828435345
6593,台灣銘板,資訊服務業,64.5,2023-09-28,2023Q2,0.0,0.0,16.33,32.66,48.04,100.0,6.384076667895319,6.920383339476595,1.1589704769114306,94.13863955877581,58.0,95.0,57.53078541267665
2816,旺旺保,金融保險業,27.15,2023-09-28,2023Q2,23.61,0.0,193.7,100.0,34.76,100.0,15.409046346536362,52.045231732681806,0.5771453223866548,11.020760340950691,28.4583139757212,21.145784939303,57.125515322022714
1437,勤益控,其他業,28.3,2023-09-28,2023Q2,11.89,80.05882352941175,43.68,87.36,0.25,1.25,48.794054940909135,100.0,0.5961152227143919,13.730746102055983,57.0233652721006,92.55841318025149,57.09787289137753
6263,普萊德,通信網路業,123.5,2023-09-28,2023Q2,0.0,0.0,37.21,74.42,4.726666666666667,23.633333333333333,31.294020708344494,100.0,0.8054367260189498,43.633818002707116,64.0,100.0,57.05843026720809
8213,志超,電子零組件業,45.25,2023-09-28,2023Q2,11.23,82.73435160227612,-46.41,0.0,21.393333333333334,100.0,7.0432727913799855,10.216363956899928,1.513678581354276,100.0,48.9108620650381,72.27715516259525,57.03360527002213
2538,基泰,建材營造業,14.3,2023-09-28,2023Q2,8.88,97.42451154529307,393.33,100.0,84.32333333333334,100.0,-30.625099780844984,0.0,-1.6768423018336207,0.0,29.0958247444534,22.7395618611335,57.01640734064266
6625,必應,其他業,96.6,2023-09-28,2023Q2,28.25,0.0,216.09,100.0,366.99333333333334,100.0,8.156987466551307,15.784937332756535,-0.8956321580956659,0.0,58.0451695653677,95.11292391341925,56.87903299125541
1259,安心,觀光餐旅,74.6,2023-09-28,2023Q2,0.0,0.0,140.35,100.0,6.326666666666667,31.633333333333336,0.7885345487335564,0.0,3.2944163007992797,100.0,42.0,55.00000000000001,56.82666666666667
8476,台境,綠能環保,68.3,2023-09-28,2023Q2,0.0,0.0,408.82,100.0,6.7299999999999995,33.65,40.28623464323759,100.0,-0.9701242027526016,0.0,68.0,100.0,56.730000000000004
6792,詠業,通信網路業,94.1,2023-09-28,2023Q2,20.86,51.32450331125828,-36.91,0.0,15.773333333333332,78.86666666666666,15.321046284855072,51.60523142427535,1.1327270978703396,90.38958541004853,71.5770366465248,100.0,56.724485460110174
2462,良得電,電子零組件業,38.9,2023-09-28,2023Q2,20.37,27.987421383647803,247.06,100.0,-21.906666666666666,0.0,4.115302276832504,0.0,2.8230321607318185,100.0,55.5380874879762,88.8452187199405,56.68326401035883
6197,佳必琪,電子零組件業,72.8,2023-09-28,2023Q2,15.93,54.58221024258761,67.36,100.0,4.75,23.75,9.60490621699215,23.02453108496075,0.7805995286894988,40.08564695564269,64.0354637191593,100.0,56.67903007813141
8931,大汽電,油電燃氣業,44.1,2023-09-28,2023Q2,0.0,0.0,131.25,100.0,-15.74,0.0,11.89547898583734,34.4773949291867,2.048406104531259,100.0,46.0,65.0,56.67160923937801
2345,智邦,通信網路業,493.0,2023-09-28,2023Q2,30.26,6.859035004730374,27.41,54.82,10.5,52.5,13.031945073721865,40.15972536860932,1.364769908695836,100.0,42.5334513330134,56.3336283325335,56.54822513901779
2706,第一店,觀光餐旅,14.9,2023-09-28,2023Q2,29.8,31.83980967486122,-31.25,0.0,20.66,100.0,57.71941758100928,100.0,0.7874142911194987,41.05918444564267,85.6310935496489,100.0,56.395817856614656
1529,樂事綠能,電機機械,32.5,2023-09-28,2023Q2,30.66,7.129543336439892,521.43,100.0,93.42,100.0,8.301152389668982,16.505761948344908,-0.11565261336314492,0.0,52.8038025054026,82.00950626350651,56.38976925224638
1210,大成,食品工業,53.8,2023-09-28,2023Q2,15.37,76.63484486873509,70.87,100.0,-4.013333333333333,0.0,4.877300045122604,0.0,2.5097428140995173,100.0,34.7262530847184,36.815632711796006,56.345047758053106
6649,台生材,生技醫療業,34.85,2023-09-28,2023Q2,0.0,0.0,533.33,100.0,-84.81333333333333,0.0,6.639898562975486,8.199492814877432,4.3218655790033695,100.0,87.0,100.0,56.22992392223161
8038,長園科,電子零組件業,37.1,2023-09-28,2023Q2,0.0,0.0,178.43,100.0,239.10000000000002,100.0,11.623195745758421,33.11597872879211,-7.000582411182295,0.0,45.0,62.5,56.217396809318814
6732,昇佳電子,半導體業,383.0,2023-09-28,2023Q2,0.0,0.0,-55.44,0.0,48.093333333333334,100.0,13.156191695406708,40.78095847703354,1.827897026748227,100.0,77.0,100.0,56.11714377155503
1593,祺驊,運動休閒,64.3,2023-09-28,2023Q2,0.0,0.0,4.88,9.76,66.02666666666666,100.0,9.642435034135266,23.212175170676332,1.903122173357038,100.0,63.0,100.0,55.92182627560145
2851,中再保,金融保險業,23.3,2023-09-28,2023Q2,14.38,41.019325502084115,539.13,100.0,17.419999999999998,87.1,12.756820798428379,38.784103992141894,-2.3526474034706313,0.0,34.17606390009,35.440159750225,55.88356412405219
3596,智易,通信網路業,161.5,2023-09-28,2023Q2,15.69,75.78051087984863,29.26,58.52,8.200000000000001,41.0,5.963476934109496,4.817384670547482,1.7543113379769943,100.0,38.990258989621,47.475647474052494,55.87822353597224
6821,聯寶,電子零組件業,43.9,2023-09-28,2023Q2,0.0,0.0,6.32,12.64,27.900000000000002,100.0,8.532082022967568,17.66041011483784,2.1156087408949014,100.0,65.0,100.0,55.80906151722567
6846,綠茵,食品工業,80.7,2023-09-28,2023Q2,0.0,0.0,-22.39,0.0,24.27,100.0,19.661298690571755,73.30649345285877,1.0085107054885365,72.64438649836235,72.0,100.0,55.52485131760129
6523,達爾膚,生技醫療業,144.5,2023-09-28,2023Q2,0.0,0.0,13.22,26.44,48.61666666666667,100.0,41.49324867211829,100.0,0.635721226516951,19.388746645278708,81.0,100.0,55.487749329055745
2640,大車隊,數位雲端,108.5,2023-09-28,2023Q2,0.0,0.0,12.54,25.08,11.229999999999999,56.14999999999999,18.84182479297551,69.20912396487753,1.3725750410192066,100.0,50.0,75.0,55.381368594731626
4711,永純,化學工業,15.9,2023-09-28,2023Q2,0.0,0.0,190.0,100.0,-36.00666666666667,0.0,5.390900522118551,1.9545026105927565,2.4017246175243394,100.0,81.0,100.0,55.29317539158891
6491,晶碩,生技醫療業,389.0,2023-09-28,2023Q2,17.63,62.201195219123505,0.3,0.6,11.719999999999999,58.599999999999994,27.663266616909844,100.0,0.9201950327421012,60.027861820300174,65.2195413482375,100.0,55.095691885972386
1471,首利,電子零組件業,21.1,2023-09-28,2023Q2,0.0,0.0,65.28,100.0,32.40333333333333,100.0,-49.36667033814297,0.0,0.0,0.0,87.3222457120908,100.0,55.0
1453,大將,建材營造業,13.75,2023-09-28,2023Q2,114.58,0.0,209.09,100.0,-66.55333333333333,0.0,-4912.827988338192,0.0,2.359197004700072,100.0,72.7851144994083,100.0,55.0
1240,茂生農經,農業科技業,46.75,2023-09-28,2023Q2,0.0,0.0,51.09,100.0,-15.89,0.0,3.7108269212668006,0.0,2.0269300821469725,100.0,60.0,100.0,55.0
6535,順藥,生技醫療業,62.4,2023-09-28,2023Q2,0.0,0.0,98.72,100.0,152.55666666666664,100.0,-823.0051393021367,0.0,0.0,0.0,88.0,100.0,55.0
2355,敬鵬,電子零組件業,39.25,2023-09-28,2023Q2,26.88,0.0,67.74,100.0,-4.483333333333333,0.0,2.2791006936055807,0.0,5.160338294464627,100.0,71.1901657939614,100.0,55.0
1325,恆大,塑膠工業,22.9,2023-09-28,2023Q2,67.35,0.0,200.0,100.0,-27.76,0.0,-9.525218927349947,0.0,3.0791963490650045,100.0,92.114406291294,100.0,55.0
4174,浩鼎,生技醫療業,81.5,2023-09-28,2023Q2,0.0,0.0,106.62,100.0,2646.2833333333333,100.0,-8452.488415994509,0.0,-17.05734281027884,0.0,76.0,100.0,55.0
4108,懷特,生技醫療業,19.8,2023-09-28,2023Q2,0.0,0.0,54.17,100.0,24.476666666666663,100.0,-71.77559762332459,0.0,0.0,0.0,81.8473911737236,100.0,55.0
4905,台聯電,通信網路業,69.2,2023-09-28,2023Q2,0.0,0.0,330.25,100.0,56.879999999999995,100.0,-52.3406109309193,0.0,-0.25910364145658266,0.0,79.0,100.0,55.0
4167,松瑞藥,生技醫療業,17.5,2023-09-28,2023Q2,0.0,0.0,105.56,100.0,-21.78,0.0,-7.3219942930325566,0.0,58.861122836639936,100.0,88.0,100.0,55.0
3623,富晶通,光電業,21.5,2023-09-28,2023Q2,0.0,0.0,107.69,100.0,-3.356666666666667,0.0,-2.5027000292713453,0.0,65.52266288951841,100.0,71.0,100.0,55.0
5310,天剛,資訊服務業,23.65,2023-09-28,2023Q2,0.0,0.0,180.79,100.0,40.81333333333334,100.0,-316.01903251387785,0.0,-0.46111095438259936,0.0,81.0,100.0,55.0
5356,協益,電腦及週邊設備業,29.35,2023-09-28,2023Q2,0.0,0.0,166.07,100.0,-26.706666666666667,0.0,-2.1045180753940302,0.0,2.52617592346532,100.0,73.0,100.0,55.0
5345,天揚,其他業,13.7,2023-09-28,2023Q2,0.0,0.0,73.17,100.0,38.79,100.0,-666.7291822955739,0.0,0.0,0.0,78.0,100.0,55.0
3363,上詮,通信網路業,73.9,2023-09-28,2023Q2,0.0,0.0,340.0,100.0,-18.473333333333333,0.0,-6.629024994927776,0.0,6.53572910184609,100.0,75.0,100.0,55.0
1538,正峰,電機機械,11.2,2023-09-28,2023Q2,560.0,0.0,115.58,100.0,-43.30666666666667,0.0,-20.84691153456688,0.0,4.558049201553733,100.0,60.2937515558875,100.0,55.0
6160,欣技,電腦及週邊設備業,24.6,2023-09-28,2023Q2,0.0,0.0,82.35,100.0,-6.236666666666667,0.0,2.5377857777481907,0.0,6.464982083856857,100.0,63.0,100.0,55.0
6841,長佳智能,生技醫療業,98.5,2023-09-28,2023Q2,0.0,0.0,106.25,100.0,79.38,100.0,-192.20923562311773,0.0,-8.007746933505487,0.0,99.0,100.0,55.0
2719,燦星旅,觀光餐旅,50.8,2023-09-28,2023Q2,0.0,0.0,92.78,100.0,2383.2933333333335,100.0,-7.17161507448022,0.0,0.0,0.0,67.0,100.0,55.0
6767,台微醫,生技醫療業,39.3,2023-09-28,2023Q2,0.0,0.0,230.61,100.0,29.44333333333334,100.0,-3.5560942084143163,0.0,-0.6051559652695895,0.0,74.0,100.0,55.0
2740,天蔥,觀光餐旅,38.55,2023-09-28,2023Q2,0.0,0.0,52.2,100.0,99.21,100.0,-23.33252702203776,0.0,0.0,0.0,79.0,100.0,55.0
1611,中電,電器電纜,16.4,2023-09-28,2023Q2,48.24,0.0,71.43,100.0,-14.463333333333333,0.0,4.079552365511883,0.0,1.484591052869408,100.0,77.9041460408291,100.0,55.0
4909,新復興,通信網路業,24.3,2023-09-28,2023Q2,0.0,0.0,700.0,100.0,60.653333333333336,100.0,-11.72138943304091,0.0,-3.8121066271751203,0.0,93.0,100.0,55.0
2365,昆盈,電腦及週邊設備業,11.55,2023-09-28,2023Q2,33.97,0.0,90.91,100.0,-38.193333333333335,0.0,-0.7378164520776637,0.0,2.095996379934494,100.0,82.2604553966552,100.0,55.0
3285,微端,其他電子業,21.75,2023-09-28,2023Q2,0.0,0.0,196.77,100.0,-14.816666666666668,0.0,4.717957724927284,0.0,7.466810411212075,100.0,62.0,100.0,55.0
5348,系通,運動休閒,17.3,2023-09-28,2023Q2,0.0,0.0,133.33,100.0,305.12333333333333,100.0,3.842231680080907,0.0,0.2429526994744386,0.0,63.0,100.0,55.0
3306,鼎天,通信網路業,49.6,2023-09-28,2023Q2,0.0,0.0,100.0,100.0,-17.836666666666666,0.0,0.6073857676009164,0.0,3.318143772020322,100.0,82.0,100.0,55.0
1103,嘉泥,水泥工業,18.55,2023-09-28,2023Q2,37.86,0.0,104.11,100.0,43.81333333333333,100.0,-7.252757310213378,0.0,-2.433644548182728,0.0,59.9733627648693,99.93340691217325,54.99334069121733
5520,力泰,建材營造業,63.5,2023-09-28,2023Q2,0.0,0.0,15.16,30.320000000000004,21.586666666666662,100.0,14.02540399983663,45.12701999918315,0.8677569112329406,52.536701604705804,65.0,100.0,54.85639332081864
3289,宜特,其他電子業,91.4,2023-09-28,2023Q2,0.0,0.0,48.66,97.32,-0.016666666666666607,0.0,10.681213242555385,28.406066212776928,1.2142180589335452,100.0,45.0,62.5,54.840909931916535
2736,富野,觀光餐旅,27.55,2023-09-28,2023Q2,0.0,0.0,307.69,100.0,-2.8966666666666683,0.0,6.036625787205834,5.183128936029169,1.8659100304408283,100.0,56.0,90.0,54.77746934040437
2303,聯電,半導體業,45.2,2023-09-28,2023Q2,7.26,100.0,-22.99,0.0,-23.886666666666667,0.0,27.288545932701936,100.0,1.2796672527981234,100.0,59.0288784331469,97.57219608286725,54.757219608286725
6902,GOGOLOOK,數位雲端,160.5,2023-09-28,2023Q2,0.0,0.0,148.81,100.0,79.57333333333334,100.0,3.921969265181903,0.0,0.5356298281570235,5.089975451003363,54.6050776361938,86.5126940904845,54.669264499249124
6443,元晶,光電業,28.35,2023-09-28,2023Q2,28.93,1.1065362840967596,570.0,100.0,-9.246666666666668,0.0,5.058024720947675,0.29012360473837706,3.672568700424796,100.0,58.0076317889526,95.0190794723815,54.65608011635859
1442,名軒,建材營造業,35.85,2023-09-28,2023Q2,17.32,47.454114860864415,103.33,100.0,-15.36,0.0,33.94357178364503,100.0,0.7299048181875162,32.84354545535946,33.1690710035392,32.922677508848004,54.60638832804314
8932,智通,其他業,84.7,2023-09-28,2023Q2,0.0,0.0,85.71,100.0,16.846666666666668,84.23333333333333,11.65365216617444,33.2682608308722,0.3169812215477997,0.0,51.0,77.5,54.5869057912975
2491,吉祥全,光電業,14.4,2023-09-28,2023Q2,0.0,0.0,107.1,100.0,64.93333333333334,100.0,-83.48967662864146,0.0,-2.340223490480073,0.0,58.2391129495576,95.597782373894,54.5597782373894
3339,泰谷,光電業,18.65,2023-09-28,2023Q2,0.0,0.0,90.91,100.0,-1.0466666666666666,0.0,-9.61443151918575,0.0,4.45735294117647,100.0,58.0,95.0,54.5
2236,百達-KY,汽車工業,80.6,2023-09-28,2023Q2,40.3,0.0,57.81,100.0,0.0,0.0,5.337424665048745,1.6871233252437268,2.5470629097382016,100.0,56.48279873034,91.20699682585001,54.37376818137156
6690,安硌穈T,數位雲端,159.5,2023-09-28,2023Q2,0.0,0.0,6.09,12.18,16.773333333333333,83.86666666666667,12.107834127444187,35.539170637220934,3.549729761834056,100.0,56.0,90.0,54.14920892891647
2330,台積電,半導體業,523.0,2023-09-28,2023Q2,14.04,90.9339503575936,-11.62,0.0,-9.816666666666666,0.0,43.78044300490911,100.0,1.4210730787851078,100.0,61.9239168949442,100.0,54.09339503575936
6234,高僑,光電業,29.95,2023-09-28,2023Q2,0.0,0.0,-28.57,0.0,81.40666666666667,100.0,15.331929192726337,51.65964596363168,1.074604638757071,82.08637696529586,59.0,97.5,53.91622228760392
1459,聯發,紡織纖維,9.8,2023-09-28,2023Q2,0.0,0.0,114.47,100.0,-45.370000000000005,0.0,-28.37224925187794,0.0,1.167720711267406,95.38867303820085,59.3529017400455,98.38225435011377,53.91596004265155
2732,六角,觀光餐旅,115.0,2023-09-28,2023Q2,0.0,0.0,54.13,100.0,-8.976666666666667,0.0,9.873418601142022,24.36709300571011,2.291670212417766,100.0,41.0,52.5,53.905063950856515
3013,晟銘電,電腦及週邊設備業,44.25,2023-09-28,2023Q2,31.38,8.39350180505416,108.0,100.0,-5.113333333333333,0.0,1.8805331217418564,0.0,5.477682136835567,100.0,52.2308329645852,80.577082411463,53.897058421651714
8222,寶一,電機機械,47.0,2023-09-28,2023Q2,55.95,0.0,700.0,100.0,38.44,100.0,3.2990458971132584,0.0,-0.9249396135265701,0.0,55.4947442297742,88.7368605744355,53.87368605744355
3479,安勤,電腦及週邊設備業,98.7,2023-09-28,2023Q2,0.0,0.0,27.14,54.28000000000001,7.763333333333333,38.81666666666666,12.019252724416656,35.09626362208328,3.0185215229961515,100.0,49.0,72.5,53.84777287664583
1307,三芳,塑膠工業,26.3,2023-09-28,2023Q2,19.06,82.06202103011941,27.94,55.88000000000001,-8.486666666666666,0.0,8.755679700300748,18.77839850150374,2.5284488623914574,100.0,55.3207138356368,88.30178458909201,53.823140337146704
6225,天瀚,光電業,9.77,2023-09-28,2023Q2,0.0,0.0,91.67,100.0,18.80666666666667,94.03333333333335,-2.2281005188727234,0.0,0.0,0.0,89.4539797770288,100.0,53.80666666666667
3206,志豐,電子零組件業,46.75,2023-09-28,2023Q2,0.0,0.0,59.57,100.0,-8.08,0.0,8.735506644101303,18.677533220506515,2.150790727718817,100.0,44.0,60.0,53.801629983075976
3290,東浦,電子零組件業,25.65,2023-09-28,2023Q2,0.0,0.0,966.67,100.0,-6.0633333333333335,0.0,6.0656717555252335,5.328358777626168,4.657468804341595,100.0,52.0,80.0,53.799253816643926
5488,松普,電子零組件業,12.6,2023-09-28,2023Q2,0.0,0.0,406.67,100.0,-32.97666666666667,0.0,1.2080434672218554,0.0,1.3044250599347218,100.0,55.0,87.5,53.75
6244,茂迪,光電業,27.15,2023-09-28,2023Q2,0.0,0.0,64.29,100.0,-27.223333333333333,0.0,7.981090661038364,14.905453305191818,3.1595828468967673,100.0,46.0,65.0,53.735817995778774
8416,實威,資訊服務業,133.5,2023-09-28,2023Q2,0.0,0.0,5.34,10.68,6.6499999999999995,33.24999999999999,24.075426806361396,95.37713403180697,1.54199016563147,100.0,71.0,100.0,53.62657010477105
6449,鈺邦,電子零組件業,72.4,2023-09-28,2023Q2,22.77,13.611859838274931,-28.7,0.0,67.73666666666666,100.0,10.694267397967215,28.47133698983607,2.026368223388091,100.0,51.6613957552317,79.15348938807925,53.547235471110824
6021,美好證,金融保險業,15.8,2023-09-28,2023Q2,0.0,0.0,44.0,88.0,27.429999999999996,100.0,14.042511125928453,45.21255562964227,-3.101729473218877,0.0,39.0,47.5,53.53188334444634
2230,泰茂,電機機械,97.8,2023-09-28,2023Q2,0.0,0.0,-75.46,0.0,19.19,95.95,10.773451341884599,28.867256709422996,1.5773785843253665,100.0,61.0,100.0,53.520088506413444
6671,三能-KY,居家生活,39.5,2023-09-28,2023Q2,14.01,48.77167630057804,38.24,76.48,0.0,0.0,11.847037749038797,34.23518874519399,0.9991110279324381,71.30157541891974,71.2891178227019,100.0,53.39276102562085
2390,云辰,其他電子業,12.95,2023-09-28,2023Q2,0.0,0.0,77.16,100.0,18.330000000000002,91.65,0.2716823406478579,0.0,0.0,0.0,86.2633886972176,100.0,53.33
6605,帝寶,汽車工業,134.0,2023-09-28,2023Q2,11.16,79.94350282485875,20.68,41.36,-0.8866666666666667,0.0,15.200822216342349,51.00411108171174,2.140726607009265,100.0,49.1059798006489,72.76494950162225,53.26146189490486
4161,聿新科,生技醫療業,29.85,2023-09-28,2023Q2,0.0,0.0,566.67,100.0,-3.4666666666666663,0.0,4.275717527237456,0.0,4.668880600827671,100.0,53.0,82.5,53.25
6596,寬宏藝術,文化創意業,51.8,2023-09-28,2023Q2,0.0,0.0,410.81,100.0,-4.559999999999998,0.0,2.977923521260102,0.0,1.8234543556431968,100.0,53.0,82.5,53.25
5403,中菲,資訊服務業,102.0,2023-09-28,2023Q2,0.0,0.0,56.55,100.0,7.723333333333334,38.61666666666667,22.323686265065856,86.61843132532928,0.08070272842639593,0.0,50.0,75.0,53.21609803213273
3088,艾訊,電腦及週邊設備業,90.2,2023-09-28,2023Q2,0.0,0.0,58.65,100.0,12.25,61.25000000000001,13.257993505381702,41.28996752690851,-0.0840346122070355,0.0,58.0,95.0,52.94349512903628
1101,台泥,水泥工業,33.25,2023-09-28,2023Q2,27.25,0.0,300.0,100.0,-9.073333333333332,0.0,6.549373286953672,7.746866434768358,2.7057583841139996,100.0,46.95697192434,67.39242981085,52.90127294630025
2486,一詮,光電業,46.15,2023-09-28,2023Q2,74.44,0.0,50.0,100.0,-3.266666666666667,0.0,2.786531111681798,0.0,6.089353119147097,100.0,51.5190487005042,78.79762175126051,52.879762175126054
4933,友輝,光電業,50.3,2023-09-28,2023Q2,0.0,0.0,-34.36,0.0,37.97,100.0,8.818456211549938,19.092281057749688,1.4487136161271839,100.0,73.0,100.0,52.86384215866245
6488,環球晶,半導體業,453.5,2023-09-28,2023Q2,0.0,0.0,119.41,100.0,-5.306666666666667,0.0,30.981879204152317,100.0,0.8271835518324621,46.74050740463744,34.0,35.0,52.84810148092749
2412,中華電,通信網路業,116.0,2023-09-28,2023Q2,24.12,35.9035004730369,4.56,9.12,3.65,18.25,22.692828192391154,88.46414096195578,1.4549262596610426,100.0,68.4243190180564,100.0,52.789971191597054
2420,新巨,電子零組件業,45.9,2023-09-28,2023Q2,11.22,82.79424977538184,-15.67,0.0,-22.923333333333332,0.0,24.19974930693432,95.9987465346716,1.5011799874134677,100.0,60.3058986130391,100.0,52.67923695773892
3611,鼎翰,電腦及週邊設備業,242.0,2023-09-28,2023Q2,0.0,0.0,17.2,34.4,8.393333333333333,41.96666666666666,16.215897374649316,56.07948687324657,1.1464988499872222,92.35697856960317,55.0,87.5,52.62665207824095
6561,是方,通信網路業,354.0,2023-09-28,2023Q2,0.0,0.0,10.27,20.54,6.91,34.550000000000004,34.514033029509974,100.0,1.1764393762457286,96.63419660653267,45.0,62.5,52.62183932130654
9934,成霖,居家生活,14.95,2023-09-28,2023Q2,15.1,40.895953757225435,117.82,100.0,-2.5,0.0,1.6492434519597532,0.0,4.489084953255386,100.0,33.8766228673797,34.69155716844926,52.55875109256747
2885,元大金,金融保險業,25.05,2023-09-28,2023Q2,12.59,54.585070102311484,29.67,59.34,17.206666666666667,86.03333333333335,36.79107911490095,100.0,-6.05629123832187,0.0,8.28146201068398,0.0,52.500173676897816
3628,盈正,其他電子業,41.35,2023-09-28,2023Q2,0.0,0.0,147.22,100.0,-6.673333333333333,0.0,3.6157450824135102,0.0,4.097273636818409,100.0,50.0,75.0,52.5
8067,志旭,電子通路業,13.45,2023-09-28,2023Q2,0.0,0.0,116.33,100.0,-13.193333333333333,0.0,-21.02908277404922,0.0,1.9395348837209303,100.0,50.0,75.0,52.5
8080,印鉐,建材營造業,9.4,2023-09-28,2023Q2,0.0,0.0,184.38,100.0,-52.98333333333333,0.0,4.507990522974469,0.0,4.074903969270166,100.0,50.0,75.0,52.5
2450,神腦,通信網路業,36.3,2023-09-28,2023Q2,12.78,89.54588457899717,25.66,51.32,0.7466666666666667,3.733333333333334,1.3734686782015115,0.0,2.2246602943705924,100.0,59.4608618010563,98.65215450264076,52.39647057483046
2820,華票,金融保險業,14.35,2023-09-28,2023Q2,15.94,29.196665403561962,28.89,57.78,46.833333333333336,100.0,78.09322297801141,100.0,-2.268275401914944,0.0,11.3375565682774,0.0,52.3646665403562
6751,智聯服務,資訊服務業,87.5,2023-09-28,2023Q2,0.0,0.0,46.67,93.34,41.68333333333333,100.0,9.35502587011697,21.775129350584848,-0.09919043655897708,0.0,43.0,57.49999999999999,52.351269402587725
3090,日電貿,電子零組件業,59.5,2023-09-28,2023Q2,9.83,91.12009583707696,-46.33,0.0,10.959999999999999,54.79999999999999,8.176116601508625,15.880583007543123,1.5573109833535081,100.0,59.33780149696,98.3445037424,52.288547409079165
4561,健椿,電機機械,27.95,2023-09-28,2023Q2,0.0,0.0,-36.04,0.0,34.553333333333335,100.0,11.70296539411687,33.51482697058435,4.318629220513561,100.0,49.0,72.5,52.27722404558765
2455,全新,通信網路業,148.0,2023-09-28,2023Q2,104.96,0.0,-70.51,0.0,17.08,85.39999999999999,11.822622731961891,34.11311365980946,2.285355655632734,100.0,62.2481667933216,100.0,52.196967048971416
1710,東聯,化學工業,19.1,2023-09-28,2023Q2,19.69,50.0,310.0,100.0,17.669999999999998,88.35,-2.603296025505826,0.0,0.30537029016890427,0.0,37.3480344019419,43.370086004854755,52.00700860048548
2495,普安,電腦及週邊設備業,19.5,2023-09-28,2023Q2,22.16,50.0,45.45,90.9,-12.623333333333333,0.0,14.049203226145599,45.246016130727995,0.7620694316159409,37.4384902308487,63.9147947125558,100.0,51.99960046577894
8443,阿瘦,貿易百貨業,11.6,2023-09-28,2023Q2,0.0,0.0,107.44,100.0,-10.946666666666667,0.0,0.02635253991486619,0.0,19.93756345177665,100.0,47.8970933539458,69.7427333848645,51.97427333848645
4977,眾達-KY,通信網路業,83.2,2023-09-28,2023Q2,9.99,100.0,231.45,100.0,0.0,0.0,14.255907427823148,46.27953713911574,-1.6196777905638664,0.0,75.4527099433048,100.0,51.941930570867356
1515,力山,電機機械,42.95,2023-09-28,2023Q2,0.0,0.0,51.95,100.0,75.70666666666666,100.0,-5.861647682829623,0.0,0.0,0.0,47.713328830153,69.2833220753825,51.92833220753825
3443,創意,半導體業,1365.0,2023-09-28,2023Q2,43.79,0.0,35.83,71.66,18.613333333333333,93.06666666666666,15.555801906666103,52.77900953333051,0.5760850005218043,10.869285788829192,41.096581406639,52.74145351659749,51.893187272758496
2247,汎德永業,汽車工業,307.5,2023-09-28,2023Q2,14.57,58.53735091023226,31.69,63.38,24.64,100.0,4.25999916612919,0.0,0.5582230705460628,8.3175815065804,53.9951138595056,84.98778464876399,51.861029857215705
1319,東陽,汽車工業,78.3,2023-09-28,2023Q2,20.23,23.006905210295024,12.83,25.66,6.646666666666667,33.233333333333334,13.602402341208187,43.01201170604093,2.29027206246951,100.0,69.1765705841603,100.0,51.81415894360231
4904,遠傳,通信網路業,72.7,2023-09-28,2023Q2,22.58,43.18826868495744,19.01,38.02,6.1866666666666665,30.933333333333334,15.524419544361942,52.622097721809716,2.4691111749164216,100.0,35.4828621605509,38.70715540137725,51.7745237335716
5206,坤悅,建材營造業,23.45,2023-09-28,2023Q2,0.0,0.0,231.08,100.0,-100.0,0.0,12.015196972228477,35.07598486114239,3.6166215958363765,100.0,26.0,15.0,51.76139772917136
4552,力達-KY,電機機械,34.45,2023-09-28,2023Q2,8.63,100.0,10.95,21.9,0.0,0.0,13.35737638451542,41.7868819225771,2.335016242248018,100.0,75.6410447818892,100.0,51.743032288386566
4106,雃博,生技醫療業,27.5,2023-09-28,2023Q2,15.36,73.50597609561753,23.17,46.34,-20.333333333333332,0.0,8.740714349336422,18.70357174668211,1.2289421098741005,100.0,70.9480626904388,100.0,51.74113337156407
4754,國碳科,化學工業,42.9,2023-09-28,2023Q2,0.0,0.0,31.48,62.96000000000001,31.916666666666668,100.0,14.244496404464641,46.222482022323206,-0.059538709100661544,0.0,56.0,90.0,51.673372303348486
5243,乙盛-KY,光電業,63.7,2023-09-28,2023Q2,12.37,86.33556356150284,21.43,42.86,0.0,0.0,8.095486741884374,15.477433709421867,2.393266925218455,100.0,60.881149623789,100.0,51.67017141256357
3030,德律,其他電子業,60.8,2023-09-28,2023Q2,11.2,65.63088512241055,-57.2,0.0,-40.373333333333335,0.0,26.016962612067267,100.0,2.106159752259666,100.0,73.1238752177016,100.0,51.56308851224105
4506,崇友,電機機械,79.2,2023-09-28,2023Q2,0.0,0.0,7.45,14.899999999999999,19.083333333333332,95.41666666666666,19.354188499668307,71.77094249834154,0.8486496403782368,49.80709148260525,52.0,80.0,51.535393004605616
1524,耿鼎,汽車工業,26.0,2023-09-28,2023Q2,14.86,56.71688637790333,-27.88,0.0,12.826666666666666,64.13333333333333,12.346373163898388,36.73186581949194,2.6330264163081503,100.0,50.0295330753326,75.07383268833149,51.51551844621394
1109,信大,水泥工業,17.75,2023-09-28,2023Q2,8.92,74.85256950294861,410.0,100.0,0.48666666666666636,2.433333333333332,16.38962150561619,56.948107528080946,0.3151038735798365,0.0,67.4441871154475,100.0,51.51413974617367
2617,台航,航運業,29.35,2023-09-28,2023Q2,12.03,65.10232886379676,-76.36,0.0,-7.503333333333334,0.0,30.556267767135303,100.0,2.917612038706925,100.0,61.7085973084564,100.0,51.510232886379676
1475,業旺,紡織纖維,50.8,2023-09-28,2023Q2,11.09,100.0,-3.29,0.0,-1.2966666666666669,0.0,20.245921448302656,76.22960724151329,1.6390701867858333,100.0,76.763648462867,100.0,51.434441086227
2882,國泰金,金融保險業,44.55,2023-09-28,2023Q2,34.27,0.0,-42.61,0.0,17.30666666666667,86.53333333333335,23.805797289679973,94.02898644839986,4.567132842664839,100.0,5.56449227946934,0.0,51.411014633926655
6664,群翊,電子零組件業,158.0,2023-09-28,2023Q2,0.0,0.0,23.0,46.0,1.1333333333333335,5.666666666666668,29.876667591624155,100.0,2.50933041842209,100.0,35.0,37.5,51.38333333333333
1608,華榮,電器電纜,20.8,2023-09-28,2023Q2,11.49,70.84050981743025,363.46,100.0,-19.38,0.0,4.70224751761871,0.0,0.8807811370578247,54.39730529397496,53.5277018040306,83.8192545100765,51.345437491545674
6581,鋼聯,綠能環保,88.5,2023-09-28,2023Q2,14.18,62.57706535141799,-53.5,0.0,-21.456666666666667,0.0,32.45522553519959,100.0,1.3134697808429607,100.0,85.8704937524734,100.0,51.2577065351418
3008,大立光,光電業,2135.0,2023-09-28,2023Q2,14.88,73.41739577972207,-33.22,0.0,-9.833333333333334,0.0,34.74462236071766,100.0,1.161119502997958,94.44564328542258,84.9453879169355,100.0,51.23086823505672
5878,台名,金融保險業,48.5,2023-09-28,2023Q2,0.0,0.0,-39.49,0.0,24.606666666666666,100.0,6.514901162120472,7.574505810602358,1.334678775647494,100.0,70.0,100.0,51.13617587159035
1735,日勝化,化學工業,16.9,2023-09-28,2023Q2,35.21,0.0,144.44,100.0,-18.363333333333333,0.0,2.320234505653261,0.0,11.896271248400659,100.0,44.322286078424,60.80571519605999,51.080571519605996
2889,國票金,金融保險業,11.65,2023-09-28,2023Q2,24.79,0.0,32.0,64.0,44.11333333333334,100.0,47.008983884050735,100.0,-11.906911640559464,0.0,10.9222709194772,0.0,51.0
6419,京晨科,光電業,44.55,2023-09-28,2023Q2,0.0,0.0,-51.76,0.0,60.77333333333333,100.0,6.039759645083395,5.198798225416974,4.887096774193548,100.0,69.0,100.0,50.779819733812545
6763,綠界科技,數位雲端,422.0,2023-09-28,2023Q2,0.0,0.0,7.56,15.120000000000001,5.723333333333333,28.616666666666664,27.319020347839857,100.0,1.53401285887889,100.0,45.0,62.5,50.75333333333333
6198,瑞築,建材營造業,32.5,2023-09-28,2023Q2,0.0,0.0,1448.0,100.0,-95.475,0.0,38.77034786211795,100.0,0.5243095153826995,3.472787911814221,92.0,100.0,50.69455758236285
3533,嘉澤,電子零組件業,823.0,2023-09-28,2023Q2,15.72,55.84007187780773,-17.35,0.0,-8.996666666666666,0.0,26.47197343709084,100.0,2.0964246699879405,100.0,68.4869674758173,100.0,50.58400718778077
4720,德淵,化學工業,14.2,2023-09-28,2023Q2,56.8,0.0,71.43,100.0,-2.126666666666667,0.0,0.9545518945893613,0.0,16.12662389735365,100.0,42.0657749457766,55.16443736444151,50.51644373644415
3325,旭品,電腦及週邊設備業,35.9,2023-09-28,2023Q2,0.0,0.0,179.55,100.0,117.83333333333333,100.0,-0.708923461601755,0.0,-5.134326845093269,0.0,42.0,55.00000000000001,50.5
1264,德麥,食品工業,286.5,2023-09-28,2023Q2,0.0,0.0,6.12,12.24,11.253333333333336,56.26666666666667,17.895701478478184,64.47850739239091,1.077595677487914,82.51366821255915,61.0,100.0,50.487843084703805
6451,訊芯-KY,半導體業,135.0,2023-09-28,2023Q2,49.63,0.0,159.18,100.0,0.0,0.0,1.7609405430743172,0.0,4.580215175201356,100.0,41.7052881081983,54.26322027049576,50.42632202704958
8499,鼎炫-KY,其他電子業,124.5,2023-09-28,2023Q2,9.6,77.68361581920904,-51.06,0.0,0.0,0.0,21.838638437488537,84.19319218744269,1.2999489733077614,100.0,66.6123562203816,100.0,50.39734041003731
1777,生泰,生技醫療業,88.6,2023-09-28,2023Q2,0.0,0.0,-16.29,0.0,35.51,100.0,27.349635064985755,100.0,0.6887188775241803,26.95983964631147,76.0,100.0,50.39196792926229
3689,湧德,電子零組件業,58.8,2023-09-28,2023Q2,0.0,0.0,-7.22,0.0,20.08666666666667,100.0,5.698870878414724,3.4943543920736215,2.5027600556257363,100.0,58.0,95.0,50.024153158811046
5864,致和證,金融保險業,18.4,2023-09-28,2023Q2,0.0,0.0,472.22,100.0,-118.42000000000002,0.0,89.87202400178003,100.0,-0.4782037181523922,0.0,70.0,100.0,50.0
1324,地球,塑膠工業,14.1,2023-09-28,2023Q2,44.06,0.0,520.0,100.0,3.143333333333333,15.716666666666665,4.073773726457847,0.0,0.9148418491484185,59.26312130691693,80.6232793820106,100.0,49.99595759471672
1216,統一,食品工業,70.1,2023-09-28,2023Q2,20.68,51.288782816229116,23.12,46.24,12.950000000000003,64.75000000000001,5.445951770085087,2.229758850425436,2.032734297909678,100.0,18.2857372149259,0.0,49.97334210918673
2945,三商家購,貿易百貨業,40.0,2023-09-28,2023Q2,37.04,16.81049982020857,173.33,100.0,-0.5533333333333333,0.0,0.4298698945084206,0.0,10.008026491019688,100.0,32.2979776182812,30.744944045703004,49.75554438659116
8936,國統,其他業,32.95,2023-09-28,2023Q2,0.0,0.0,-14.05,0.0,8.093333333333334,40.46666666666667,31.345013889800295,100.0,1.1957297169316996,99.38995956167138,47.0,67.5,49.721325245667614
4205,中華食,食品工業,100.0,2023-09-28,2023Q2,0.0,0.0,2.81,5.62,10.63,53.150000000000006,21.225253672225257,81.12626836112628,1.040752235048773,77.25031929268187,74.0,100.0,49.65400411270532
2903,遠百,貿易百貨業,23.6,2023-09-28,2023Q2,11.35,100.0,197.22,100.0,3.9633333333333334,19.816666666666666,17.00185679818203,60.00928399091015,-0.7182485468480324,0.0,26.4947250011684,16.236812502921,49.58840718226196
3537,堡達,電子零組件業,37.8,2023-09-28,2023Q2,0.0,0.0,-40.89,0.0,27.866666666666664,100.0,7.103742429533661,10.518712147668303,2.1237421587204444,100.0,52.0,80.0,49.577806822150244
1342,八貫,其他業,105.0,2023-09-28,2023Q2,14.42,65.17647058823529,3.55,7.1,-0.22999999999999984,0.0,22.39751485935129,86.98757429675645,1.1369437019201338,90.99195741716198,65.9344552401229,100.0,49.53917468676939
8069,元太,光電業,179.5,2023-09-28,2023Q2,0.0,0.0,8.93,17.86,-12.123333333333333,0.0,26.564265154465684,100.0,1.6737122919275929,100.0,62.0,100.0,49.465
8215,明基材,光電業,34.85,2023-09-28,2023Q2,11.93,88.60010293360783,-65.32,0.0,18.683333333333334,93.41666666666667,3.175078344148867,0.0,2.8225210847884807,100.0,27.6101820002519,19.025455000629748,49.445889126757095
6216,居易,通信網路業,28.9,2023-09-28,2023Q2,24.49,34.15326395458847,-49.37,0.0,17.79,88.94999999999999,9.535475309786099,22.677376548930496,1.0153606045671102,73.62294350958717,82.3291167979129,100.0,49.331521579715854
5392,能率,光電業,24.05,2023-09-28,2023Q2,0.0,0.0,416.67,100.0,-6.29,0.0,-2.7516573120326973,0.0,4.636330345957406,100.0,37.0,42.5,49.25
6127,九豪,電子零組件業,22.95,2023-09-28,2023Q2,0.0,0.0,927.27,100.0,31.723333333333333,100.0,-41.86427621669095,0.0,-1.3108102618268977,0.0,37.0,42.5,49.25
2382,廣達,電腦及週邊設備業,239.5,2023-09-28,2023Q2,26.49,30.46028880866427,55.04,100.0,-27.71666666666667,0.0,3.7450946661366773,0.0,4.4012534382192925,100.0,24.7249023582855,11.812255895713752,49.227254470437806
2457,飛宏,電子零組件業,58.9,2023-09-28,2023Q2,90.62,0.0,1533.33,100.0,-7.406666666666666,0.0,3.4557564052540637,0.0,6.878304257927124,100.0,36.6660698128274,41.665174532068505,49.16651745320685
4207,環泰,食品工業,17.1,2023-09-28,2023Q2,0.0,0.0,37.74,75.48,2.2433333333333336,11.216666666666669,9.015054448680464,20.075272243402324,1.284938625013613,100.0,40.0,50.0,49.12462416984368
2109,華豐,橡膠工業,14.0,2023-09-28,2023Q2,11.67,100.0,28.0,56.00000000000001,-14.11,0.0,2.1911051962324892,0.0,1.6208757015058066,100.0,40.4749902515873,51.18747562896825,49.11874756289683
3171,新洲,居家生活,18.3,2023-09-28,2023Q2,0.0,0.0,41.67,83.34,-14.423333333333332,0.0,9.162289669322968,20.811448346614842,1.0959573860934082,85.13676944191546,52.0,80.0,48.98407114037532
6807,峰源-KY,居家生活,32.35,2023-09-28,2023Q2,8.17,90.96820809248555,67.89,100.0,0.0,0.0,4.279308790771656,0.0,0.670949126803341,24.42130382904871,64.5605532989936,100.0,48.9810815750583
2025,千興,鋼鐵工業,7.81,2023-09-28,2023Q2,2.63,100.0,17.92,35.84,135.38333333333335,100.0,-31.596169289592595,0.0,-0.9219311324103656,0.0,98.4669156212428,100.0,48.96
6873,泓德能源,綠能環保,112.5,2023-09-28,2023Q2,15.58,53.94574599260172,15.42,30.84,120.46,100.0,12.881159686735547,39.40579843367774,-6.624316443507803,0.0,59.6732860525966,99.18321513149151,48.933765877460985
1215,卜蜂,食品工業,94.1,2023-09-28,2023Q2,15.74,74.86873508353221,25.27,50.54,2.2733333333333334,11.366666666666667,9.109704142019917,20.54852071009958,2.406808825814168,100.0,33.8194086232184,34.548521558046005,48.93233710400609
6691,洋基工程,其他電子業,262.0,2023-09-28,2023Q2,9.36,79.49152542372882,21.1,42.2,6.033333333333332,30.166666666666664,13.575727726304304,42.87863863152152,0.99014641827711,70.02091689673001,35.8073360400289,39.51834010007225,48.920299059787666
9950,萬國通,塑膠工業,19.45,2023-09-28,2023Q2,0.0,0.0,485.23,100.0,33.483333333333334,100.0,7.468333518030399,12.341667590151998,0.284135502751958,0.0,27.0,17.5,48.6012501385228
2890,永豐金,金融保險業,17.4,2023-09-28,2023Q2,11.84,60.26904130352406,18.31,36.62,18.386666666666667,91.93333333333334,44.11822005369396,100.0,-11.095077441426827,0.0,6.42229628313253,0.0,48.56857079701907
2436,偉詮電,半導體業,67.5,2023-09-28,2023Q2,129.81,0.0,-34.41,0.0,33.42666666666667,100.0,-3.039504821454587,0.0,3.1196569373357312,100.0,54.1863523140778,85.4658807851945,48.54658807851945
6219,富旺,建材營造業,25.45,2023-09-28,2023Q2,0.0,0.0,119.35,100.0,1923.3466666666666,100.0,9.715849486887116,23.57924743443558,-2.760385239393835,0.0,10.0,0.0,48.536887115165335
6179,亞通,其他業,29.9,2023-09-28,2023Q2,0.0,0.0,105.56,100.0,25.593333333333334,100.0,7.025788731003966,10.128943655019832,-10.566079919387851,0.0,28.0,20.0,48.519341548252974
4536,拓凱,運動休閒,166.5,2023-09-28,2023Q2,7.35,98.65525672371639,-20.22,0.0,-31.596666666666664,0.0,18.778716773713725,68.89358386856863,2.1874500294661927,100.0,53.2193090992988,83.048272748247,48.50439052748163
3232,昱捷,電子通路業,24.0,2023-09-28,2023Q2,0.0,0.0,-58.75,0.0,21.833333333333332,100.0,3.3847264327991913,0.0,3.537265484451298,100.0,54.0,85.0,48.5
6015,宏遠證,金融保險業,10.7,2023-09-28,2023Q2,0.0,0.0,234.78,100.0,87.21666666666665,100.0,4.232056167952787,0.0,-3.51829749412757,0.0,34.0,35.0,48.5
1731,美吾華,生技醫療業,20.45,2023-09-28,2023Q2,16.23,69.17330677290836,7.04,14.08,-7.153333333333333,0.0,17.21519907553951,61.075995377697545,1.1600496524329693,94.2928074904242,71.6983816015178,100.0,48.45729148203031
1532,勤美,電機機械,35.5,2023-09-28,2023Q2,20.06,56.523765144454806,-32.48,0.0,104.38333333333333,100.0,7.502078932527886,12.51039466263943,5.034787625103974,100.0,23.6246684629332,9.061671157333002,48.43510282957469
2107,厚生,橡膠工業,22.9,2023-09-28,2023Q2,12.12,100.0,-18.92,0.0,8.21,41.050000000000004,17.94679947005326,64.7339973502663,0.8669166377146004,52.4166625306572,82.6144470553187,100.0,48.40343210867139
5439,高技,電子零組件業,90.0,2023-09-28,2023Q2,0.0,0.0,25.35,50.7,48.28333333333333,100.0,14.613133801918382,48.06566900959191,0.4647825606366852,0.0,54.0,85.0,48.384850351438786
5410,國眾,資訊服務業,33.9,2023-09-28,2023Q2,0.0,0.0,6.59,13.18,18.066666666666666,90.33333333333333,5.694866350114529,3.4743317505726434,5.977560885566285,100.0,46.0,65.0,48.382816429252564
2753,八方雲集,觀光餐旅,179.5,2023-09-28,2023Q2,19.26,73.63203806502774,-13.84,0.0,8.633333333333333,43.166666666666664,9.691687636115596,23.45843818057798,1.918375310265591,100.0,55.4334085546532,88.583521386633,48.3736550055861
6504,南六,其他業,73.5,2023-09-28,2023Q2,52.88,0.0,89.55,100.0,-4.78,0.0,3.6782512456265017,0.0,1.6258165324768332,100.0,33.4390698716219,33.597674679054755,48.35976746790548
8011,台通,通信網路業,18.3,2023-09-28,2023Q2,0.0,0.0,108.57,100.0,19.06,95.3,4.094662964808387,0.0,-15.497471554993679,0.0,37.1304269130322,42.8260672825805,48.342606728258055
8046,南電,電子零組件業,266.5,2023-09-28,2023Q2,11.82,79.20035938903864,-55.47,0.0,-41.74,0.0,20.29240170289201,76.46200851446005,2.7694575452032835,100.0,55.6613739011694,89.1534347529235,48.30468069136523
3515,華擎,電腦及週邊設備業,212.0,2023-09-28,2023Q2,53.27,0.0,-66.95,0.0,39.22,100.0,3.476674225320512,0.0,3.585791457774669,100.0,53.0833692049597,82.70842301239925,48.270842301239924
9918,欣天然,油電燃氣業,40.2,2023-09-28,2023Q2,24.36,50.0,168.0,100.0,-2.3433333333333337,0.0,18.124402106047217,65.62201053023608,0.0990483849349953,0.0,53.5340383172371,83.83509579309273,48.22681115884469
1714,和桐,化學工業,8.35,2023-09-28,2023Q2,18.98,53.60589131538852,29.17,58.34,-23.52,0.0,3.206376755891211,0.0,2.0609425274869237,100.0,53.0813378287556,82.703344571889,48.215923588727755
2207,和泰車,汽車工業,655.0,2023-09-28,2023Q2,0.0,0.0,247.84,100.0,18.57,92.85,11.112204444509679,30.561022222548395,-1.4405121425184133,0.0,12.2476987864327,0.0,48.15415333338226
3162,精確,電機機械,49.1,2023-09-28,2023Q2,0.0,0.0,120.0,100.0,17.386666666666667,86.93333333333332,-2.117203685165656,0.0,-2.8223633191159365,0.0,43.0,57.49999999999999,48.13666666666667
6184,大豐電,其他業,50.2,2023-09-28,2023Q2,15.03,61.58823529411765,-6.4,0.0,4.863333333333333,24.316666666666666,32.28201217588336,100.0,0.9758241836310613,67.9748833758659,53.9435749235253,84.85893730881324,48.10302726879961
3567,逸昌,半導體業,41.95,2023-09-28,2023Q2,0.0,0.0,-23.13,0.0,34.446666666666665,100.0,26.693113105292404,100.0,0.6077958081399517,15.399401162850246,78.0,100.0,48.07988023257005
8440,綠電,綠能環保,36.3,2023-09-28,2023Q2,0.0,0.0,215.38,100.0,12.770000000000001,63.85000000000001,5.388795669076572,1.9439783453828594,-1.1331612903225807,0.0,88.0,100.0,48.06159675180743
6577,勁豐,電腦及週邊設備業,90.9,2023-09-28,2023Q2,0.0,0.0,33.61,67.22,55.71666666666667,100.0,9.8886084548743,24.4430422743715,0.4913526291419241,0.0,50.0,75.0,47.97145634115572
8028,昇陽半導體,半導體業,52.5,2023-09-28,2023Q2,22.25,56.39461506100126,17.59,35.18,6.753333333333333,33.766666666666666,9.521628946002789,22.608144730013944,1.3389999742659358,100.0,33.2735273066978,33.1838182667445,47.89739837561
6525,捷敏-KY,半導體業,66.4,2023-09-28,2023Q2,11.81,100.0,-39.45,0.0,0.0,0.0,15.509918464831665,52.549592324158326,1.631521677061589,100.0,62.4348119664209,100.0,47.88243884862375
6292,迅德,電子零組件業,46.95,2023-09-28,2023Q2,0.0,0.0,301.54,100.0,-15.4,0.0,10.73753636084918,28.6876818042459,0.9046243486110541,57.803478373007735,48.0,70.0,47.86384794523843
1315,達新,塑膠工業,71.3,2023-09-28,2023Q2,8.7,100.0,39.5,79.0,-12.533333333333333,0.0,3.591431445141133,0.0,0.7837939321117453,40.541990301677906,93.5660359869106,100.0,47.85839806033558
3625,西勝,電腦及週邊設備業,15.45,2023-09-28,2023Q2,0.0,0.0,69.09,100.0,18.583333333333332,92.91666666666666,-12.594693435832369,0.0,0.0,0.0,37.0,42.5,47.83333333333333
3489,森寶,建材營造業,11.9,2023-09-28,2023Q2,0.0,0.0,288.89,100.0,-20.400000000000002,0.0,-2.5708563523689576,0.0,4.094975712317843,100.0,31.0,27.500000000000004,47.75
2637,慧洋-KY,航運業,48.45,2023-09-28,2023Q2,7.19,99.25899788285109,-79.89,0.0,0.0,0.0,18.80573751536207,69.02868757681034,2.0415205987100022,100.0,49.8786091831479,74.69652295786975,47.74985522059363
2634,漢翔,航運業,54.9,2023-09-28,2023Q2,24.4,0.0,62.35,100.0,17.22,86.1,7.6304157552491505,13.152078776245752,-4.406408563661323,0.0,34.2248477736852,35.562119434212995,47.74902375985816
2428,興勤,電子零組件業,146.0,2023-09-28,2023Q2,15.84,55.121293800539085,-24.04,0.0,-4.6033333333333335,0.0,21.28448400702351,81.42242003511755,1.6593109427912378,100.0,63.6605297721316,100.0,47.72549238532154
1603,華電,電器電纜,36.05,2023-09-28,2023Q2,14.19,52.23906303823631,75.0,100.0,2.9299999999999997,14.649999999999999,11.067845464611707,30.339227323058537,-4.18467304867548,0.0,60.0005288518389,100.0,47.70479040228241
1558,伸興,電機機械,108.0,2023-09-28,2023Q2,29.92,10.577819198508841,-72.67,0.0,37.473333333333336,100.0,5.29473569269351,1.4736784634675493,9.581570816945828,100.0,45.6737722049156,64.184430512289,47.69727674059991
6183,關貿,資訊服務業,67.4,2023-09-28,2023Q2,23.65,22.74683884853377,-12.57,0.0,5.870000000000001,29.350000000000005,28.031669320369684,100.0,1.0077172981484066,72.53104259262952,67.4034146093691,100.0,47.65089240337928
2705,六福,觀光餐旅,17.15,2023-09-28,2023Q2,0.0,0.0,63.41,100.0,38.693333333333335,100.0,-4.521430332293411,0.0,0.0,0.0,30.5801045333388,26.450261333347,47.6450261333347
2809,京城銀,,37.1,2023-09-28,2023Q2,11.11,75.93333333333334,178.95,100.0,0.0,0.0,58.17021526477032,100.0,0.0,0.0,11.660805562608,0.0,47.593333333333334
2548,華固,建材營造業,89.8,2023-09-28,2023Q2,14.6,63.55831853167555,-45.77,0.0,76.32666666666667,100.0,30.79806974711244,100.0,0.3871801832554314,0.0,44.9210994047853,62.30274851196326,47.586106704363885
2449,京元電子,半導體業,76.0,2023-09-28,2023Q2,16.2,81.84686579722339,-28.66,0.0,-8.15,0.0,21.19141890161539,80.95709450807695,2.3847261388454997,100.0,49.0084874443154,72.5212186107885,47.58037261701273
6464,台數科,其他業,88.1,2023-09-28,2023Q2,13.25,72.05882352941177,-1.81,0.0,-1.8466666666666667,0.0,33.761431234587846,100.0,1.614393125671321,100.0,41.123598838535,52.80899709633751,47.48678206257493
1465,偉全,紡織纖維,13.0,2023-09-28,2023Q2,15.48,89.97673516867002,-21.28,0.0,8.473333333333334,42.366666666666674,-0.43769739785391387,0.0,1.4283283928341282,100.0,81.4252406854998,100.0,47.47100685020034
1477,聚陽,紡織纖維,336.0,2023-09-28,2023Q2,22.33,63.41605273361769,7.73,15.46,-2.0733333333333337,0.0,14.660101280563737,48.300506402818684,1.2937847111071548,100.0,61.9485633125711,100.0,47.451681233784576
3545,敦泰,半導體業,75.6,2023-09-28,2023Q2,0.0,0.0,-81.09,0.0,39.07333333333333,100.0,1.1507456257307542,0.0,15.472348598446901,100.0,49.7816725541927,74.45418138548176,47.44541813854818
8016,矽創,半導體業,278.5,2023-09-28,2023Q2,16.76,79.49095498527555,-64.61,0.0,5.7299999999999995,28.65,14.042045752036254,45.21022876018127,2.5903297717830642,100.0,47.5865428619823,68.96635715495576,47.35726552805032
1339,昭輝,汽車工業,60.3,2023-09-28,2023Q2,13.17,67.32580037664783,-27.03,0.0,2.1366666666666667,10.683333333333334,16.28599096730029,56.42995483650145,1.927552736043145,100.0,67.2405746108185,100.0,47.33373992980667
3406,玉晶光,光電業,368.0,2023-09-28,2023Q2,14.2,76.91713844570252,-50.16,0.0,12.786666666666667,63.93333333333333,1.5957303926058697,0.0,8.833345263489427,100.0,46.9177780567523,67.29444514188074,47.207825025424995
6538,倉和,電子零組件業,159.0,2023-09-28,2023Q2,0.0,0.0,18.99,37.98,56.0,100.0,15.26716541388404,51.335827069420205,0.02110295308021217,0.0,67.0,100.0,47.19537406041303
6788,華景電,半導體業,136.0,2023-09-28,2023Q2,0.0,0.0,-20.04,0.0,12.116666666666667,60.583333333333336,26.229591777996703,100.0,0.8854363958145745,55.06234225922493,56.0,90.0,47.129135118511655
8109,博大,電子零組件業,100.5,2023-09-28,2023Q2,0.0,0.0,0.93,1.86,9.896666666666667,49.483333333333334,35.904425997443404,100.0,0.911597983990513,58.79971199864471,64.0,100.0,47.12160906639561
3038,全台,光電業,31.45,2023-09-28,2023Q2,10.59,95.49665465774575,11.45,22.9,-8.27,0.0,9.073951748426467,20.369758742132333,1.5399285961073361,100.0,55.1231044790975,87.80776119774374,47.1109053968688
2497,怡利電,汽車工業,67.9,2023-09-28,2023Q2,28.41,0.0,-37.9,0.0,21.06,100.0,5.0500364836300085,0.2501824181500423,2.8506998444790046,100.0,47.9214078896301,69.80351972407526,47.01787933513003
4938,和碩,電腦及週邊設備業,76.6,2023-09-28,2023Q2,12.41,93.99819494584838,28.49,56.98,-21.456666666666667,0.0,0.9848661891370439,0.0,6.936011496797046,100.0,33.3839879182955,33.45996979573876,46.99081647415871
4147,中裕,生技醫療業,88.3,2023-09-28,2023Q2,0.0,0.0,33.77,67.54,49.160000000000004,100.0,-77.52002727117777,0.0,0.0,0.0,66.0,100.0,46.885000000000005
1472,三洋實業,建材營造業,41.9,2023-09-28,2023Q2,43.2,0.0,210.26,100.0,209.64000000000001,100.0,2.6825128617079947,0.0,-6.604277720756216,0.0,27.4274052681002,18.568513170250494,46.85685131702505
6414,樺漢,電腦及週邊設備業,263.0,2023-09-28,2023Q2,8.66,100.0,36.92,73.84,6.956666666666667,34.78333333333333,4.794626805328894,0.0,0.8968153971124352,56.687913873205034,16.4271921160861,0.0,46.75424944130768
3022,威強電,電腦及週邊設備業,79.2,2023-09-28,2023Q2,8.53,100.0,25.77,51.54,-21.463333333333335,0.0,15.429259379815536,52.14629689907768,0.7108803620474925,30.125766006784644,67.5552335887158,100.0,46.73209773621858
6266,泰詠,電子零組件業,33.2,2023-09-28,2023Q2,0.0,0.0,25.93,51.85999999999999,-6.44,0.0,9.950549458450185,24.752747292250927,2.667078531921325,100.0,63.0,100.0,46.677912093837634
6486,互動,通信網路業,70.2,2023-09-28,2023Q2,0.0,0.0,29.53,59.06,-14.12,0.0,12.531605817580594,37.658029087902975,1.7179017782043797,100.0,45.0,62.5,46.663704363185445
3040,遠見,其他業,29.55,2023-09-28,2023Q2,22.73,16.294117647058815,-44.78,0.0,-1.2866666666666668,0.0,46.23619714516563,100.0,3.420690840350576,100.0,85.1124735987027,100.0,46.62941176470588
5903,全家,居家生活,197.0,2023-09-28,2023Q2,0.0,0.0,33.62,67.24,9.803333333333335,49.01666666666667,1.8160141117302377,0.0,9.173228155616638,100.0,9.0,0.0,46.61333333333333
4583,台灣精銳,電機機械,207.0,2023-09-28,2023Q2,16.67,72.32059645852749,-27.05,0.0,-20.45,0.0,33.35858535662409,100.0,1.0028043945885405,71.82919922693436,90.7289555931342,100.0,46.59789949123962
2441,超豐,半導體業,55.4,2023-09-28,2023Q2,17.05,78.270929743374,-57.93,0.0,-11.716666666666667,0.0,16.669445144804637,58.34722572402319,2.2223995475051277,100.0,78.4632888384529,100.0,46.579176832940874
8049,晶采,光電業,36.75,2023-09-28,2023Q2,0.0,0.0,10.0,20.0,-26.046666666666667,0.0,20.426361480385545,77.13180740192772,2.154588999814201,100.0,71.0,100.0,46.56977111028915
2891,中信金,金融保險業,24.5,2023-09-28,2023Q2,13.76,45.71807502841987,24.37,48.74,14.799999999999999,74.0,52.55380441931553,100.0,-2.221785467708311,0.0,5.03791936332133,0.0,46.556807502841984
1504,東元,電機機械,52.0,2023-09-28,2023Q2,18.77,62.5349487418453,173.85,100.0,0.3366666666666666,1.6833333333333331,11.606299441217358,33.03149720608679,0.3134655010270728,0.0,62.3115761615157,100.0,46.544886121764215
5701,劍湖山,觀光餐旅,6.64,2023-09-28,2023Q2,0.0,0.0,60.26,100.0,53.29333333333333,100.0,-9.319817140249517,0.0,0.0,0.0,26.0,15.0,46.5
5905,南仁湖,觀光餐旅,12.75,2023-09-28,2023Q2,0.0,0.0,84.72,100.0,23.846666666666664,100.0,-8.818851353687633,0.0,0.0,0.0,26.0,15.0,46.5
5474,聰泰,電腦及週邊設備業,125.5,2023-09-28,2023Q2,0.0,0.0,-51.94,0.0,6.82,34.1,17.86403723526995,64.32018617634976,1.554735234215886,100.0,75.0,100.0,46.468027926452464
1568,倉佑,汽車工業,28.75,2023-09-28,2023Q2,18.55,33.55304456999371,-6.82,0.0,-24.963333333333335,0.0,22.48598637464893,87.42993187324466,1.2904173734381346,100.0,59.8511782776377,99.62794569409425,46.4325888073955
2484,希華,電子零組件業,32.05,2023-09-28,2023Q2,9.8,91.29979035639413,-61.02,0.0,-32.413333333333334,0.0,14.68506244645836,48.4253122322918,1.620746777356766,100.0,69.6773487315618,100.0,46.39377587048319
6799,來頡,半導體業,155.0,2023-09-28,2023Q2,28.13,31.65755153554901,-45.92,0.0,-5.6433333333333335,0.0,24.761065816749152,98.80532908374576,1.1440917789812288,92.0131112830327,78.8022993341224,100.0,46.3891767727233
6830,汎銓,其他電子業,147.0,2023-09-28,2023Q2,22.62,0.0,2.46,4.92,5.366666666666667,26.833333333333336,18.041164740131673,65.20582370065837,2.332806452439743,100.0,61.3975057621274,100.0,46.37754022176542
6612,奈米醫材,生技醫療業,143.0,2023-09-28,2023Q2,0.0,0.0,15.98,31.96,12.883333333333333,64.41666666666667,22.869899541113732,89.34949770556867,0.5712418104225522,10.177401488936026,77.0,100.0,46.31123828695584
4741,泓瀚,化學工業,37.0,2023-09-28,2023Q2,0.0,0.0,30.56,61.12,-20.476666666666667,0.0,6.350203836853958,6.751019184269791,2.7035759197755778,100.0,80.0,100.0,46.29265287764047
6806,森崴能源,綠能環保,110.5,2023-09-28,2023Q2,87.01,0.0,35.56,71.12,322.25,100.0,5.893633089116192,4.4681654455809605,-18.98885414835144,0.0,51.342389443574,78.355973608935,46.285822177730644
2546,根基,建材營造業,74.4,2023-09-28,2023Q2,6.74,100.0,81.67,100.0,-10.536666666666667,0.0,9.229945448895934,21.14972724447967,0.6455411910095874,20.791598715655343,35.5528671585958,38.882167896489506,46.218995619451974
3653,健策,電子零組件業,623.0,2023-09-28,2023Q2,34.16,0.0,-6.83,0.0,4.453333333333333,22.266666666666666,20.631616268520784,78.15808134260391,1.6110081900528155,100.0,63.1864990513265,100.0,46.177045534723916
3622,洋華,光電業,38.5,2023-09-28,2023Q2,14.26,76.60833762223366,-5.26,0.0,45.46333333333333,100.0,16.344876149329306,56.72438074664653,0.4309151761300249,0.0,85.4984865103892,100.0,46.16949087422035
1439,雋揚,建材營造業,22.7,2023-09-28,2023Q2,14.46,64.38721136767317,71.88,100.0,-59.99666666666666,0.0,2.6091909338299777,0.0,0.7838702036949313,40.55288624213305,46.281427574979,65.7035689374475,46.11965527893868
4119,旭富,生技醫療業,95.7,2023-09-28,2023Q2,23.4,33.46613545816732,44.97,89.94,0.7600000000000003,3.800000000000002,17.579638842316466,62.898194211582336,0.46648488720546405,0.0,75.87659959403,100.0,46.026342677554084
3023,信邦,電子零組件業,323.5,2023-09-28,2023Q2,23.8,7.442348008385746,23.49,46.98,5.746666666666666,28.733333333333334,9.714072388500064,23.57036194250032,1.8968431908386292,100.0,36.7610211395097,41.902552848774256,45.96171104375772
4419,元勝,觀光餐旅,25.15,2023-09-28,2023Q2,0.0,0.0,56.52,100.0,219.11333333333334,100.0,6.076864342071774,5.38432171035887,0.0,0.0,17.0,0.0,45.80764825655383
6843,進典,電機機械,61.0,2023-09-28,2023Q2,0.0,0.0,63.38,100.0,-15.13,0.0,21.06399762326739,80.31998811633694,0.14997345487977004,0.0,55.0,87.5,45.79799821745054
6569,醫揚,生技醫療業,189.0,2023-09-28,2023Q2,0.0,0.0,60.34,100.0,2.3133333333333326,11.566666666666663,11.913399512405661,34.566997562028305,0.608612687786025,15.516098255146424,67.0,100.0,45.60160261866686
6721,信實,其他業,53.1,2023-09-28,2023Q2,0.0,0.0,53.15,100.0,12.333333333333334,61.66666666666667,2.132822827553613,0.0,-0.7154967785690064,0.0,53.0,82.5,45.583333333333336
2063,世鎧,鋼鐵工業,50.9,2023-09-28,2023Q2,0.0,0.0,-6.57,0.0,3.563333333333334,17.81666666666667,22.354395905398423,86.77197952699211,1.49320738947717,100.0,56.0,90.0,45.57913026238215
2607,榮運,航運業,28.55,2023-09-28,2023Q2,9.68,81.68666196189132,-18.32,0.0,-21.94666666666667,0.0,14.822212207788798,49.111061038943994,1.5450487958629633,100.0,70.2639750265017,100.0,45.53532535203074
4105,東洋,生技醫療業,77.2,2023-09-28,2023Q2,0.0,0.0,6.8,13.600000000000001,10.03,50.14999999999999,23.863552583616674,94.31776291808337,0.8124572961083282,44.63675658690403,56.0,90.0,45.50501575509331
2904,匯僑,其他業,18.8,2023-09-28,2023Q2,13.93,68.05882352941177,-13.7,0.0,-17.976666666666667,0.0,17.3457311183243,61.7286555916215,2.156067582011017,100.0,57.6672432812116,94.16810820302899,45.481991511987296
8472,夠麻吉,數位雲端,29.55,2023-09-28,2023Q2,0.0,0.0,52.37,100.0,16.98,84.89999999999999,-31.396837976442754,0.0,0.0,0.0,34.0,35.0,45.480000000000004
4973,廣穎,半導體業,29.45,2023-09-28,2023Q2,0.0,0.0,500.0,100.0,10.376666666666667,51.88333333333334,1.726760727995237,0.0,0.24113247238941155,0.0,69.0,100.0,45.376666666666665
4114,健喬,生技醫療業,37.95,2023-09-28,2023Q2,0.0,0.0,-44.72,0.0,22.266666666666666,100.0,12.159878543692155,35.79939271846078,0.9277511020286994,61.107300289814205,51.0,77.5,45.34136896573196
2454,聯發科,半導體業,735.0,2023-09-28,2023Q2,14.22,90.17669331089608,-52.28,0.0,-17.62666666666667,0.0,15.026468495683945,50.13234247841972,1.5101127063635766,100.0,55.0669968413364,87.66749210334099,45.304269913186666
6143,振曜,通信網路業,76.2,2023-09-28,2023Q2,0.0,0.0,-16.08,0.0,23.290000000000003,100.0,6.389730177276702,6.948650886383509,2.7060846252476978,100.0,37.0,42.5,45.29229763295753
9802,鈺齊-KY,運動休閒,119.0,2023-09-28,2023Q2,7.56,97.18826405867972,-28.27,0.0,0.0,0.0,12.386063406141066,36.930317030705325,1.9610823126066252,100.0,61.8140678330802,100.0,45.25837396047377
6189,豐藝,電子通路業,47.25,2023-09-28,2023Q2,14.86,30.4985926819461,-31.56,0.0,25.00333333333333,100.0,3.8603275175630483,0.0,1.159877566387475,94.26822376963929,32.4805865009992,31.201466252498005,45.02365064737227
3169,亞信,半導體業,114.5,2023-09-28,2023Q2,0.0,0.0,-52.5,0.0,-34.35666666666666,0.0,27.692325725873566,100.0,1.3500556787662708,100.0,74.0,100.0,45.0
2323,中環,光電業,11.95,2023-09-28,2023Q2,7.76,100.0,416.67,100.0,-1.64,0.0,-7.210599764833909,0.0,0.28497169378085824,0.0,74.8203020046692,100.0,45.0
6683,雍智科技,半導體業,196.0,2023-09-28,2023Q2,0.0,0.0,-22.96,0.0,-13.676666666666668,0.0,29.45128670196687,100.0,1.7017898998508416,100.0,77.0,100.0,45.0
2704,國賓,觀光餐旅,51.5,2023-09-28,2023Q2,10.6,100.0,18900.0,100.0,-5.77,0.0,-2.57083443608454,0.0,0.16988250712511588,0.0,80.2043115555962,100.0,45.0
8077,洛,觀光餐旅,36.4,2023-09-28,2023Q2,0.0,0.0,92.83,100.0,99.14333333333333,100.0,4.243768001823494,0.0,0.0,0.0,8.0,0.0,45.0
1512,瑞利,汽車工業,11.85,2023-09-28,2023Q2,0.0,0.0,101.56,100.0,62.550000000000004,100.0,-7.289512304987382,0.0,-71.47087676272226,0.0,16.7529227340978,0.0,45.0
6855,數泓科,其他電子業,84.5,2023-09-28,2023Q2,0.0,0.0,-8.81,0.0,-3.8166666666666664,0.0,28.461423049088307,100.0,1.2337899841614552,100.0,63.0,100.0,45.0
2867,三商壽,金融保險業,5.12,2023-09-28,2023Q2,0.0,0.0,54.11,100.0,38.696666666666665,100.0,-10.451932806151385,0.0,0.0,0.0,2.53022978351876,0.0,45.0
2641,正德,航運業,17.6,2023-09-28,2023Q2,0.0,0.0,-81.78,0.0,-18.466666666666665,0.0,36.01381768427098,100.0,2.3199752993115146,100.0,67.0,100.0,45.0
3570,大塚,資訊服務業,130.0,2023-09-28,2023Q2,0.0,0.0,13.28,26.56,9.46,47.300000000000004,13.791776674966636,43.95888337483318,0.9305386204464151,61.505517206630735,66.0,100.0,44.99493594755113
6552,易華電,半導體業,37.05,2023-09-28,2023Q2,0.0,0.0,-85.71,0.0,15.703333333333333,78.51666666666667,-8.669222585254992,0.0,7.089396518587667,100.0,56.8839797408296,92.209949352074,44.924328268540734
3052,夆典,建材營造業,11.55,2023-09-28,2023Q2,10.13,90.02368265245707,19.57,39.14,35.693333333333335,100.0,7.6385466492728415,13.192733246364208,-6.060103646054257,0.0,36.2781923811859,40.69548095296476,44.83582634749681
5536,聖暉*,其他電子業,163.5,2023-09-28,2023Q2,0.0,0.0,29.89,59.78,-27.636666666666667,0.0,14.491639339264978,47.45819669632489,1.947821329239935,100.0,31.0,27.500000000000004,44.81372950444873
3003,健和興,電子零組件業,72.2,2023-09-28,2023Q2,16.71,49.91015274034141,-42.81,0.0,-16.593333333333334,0.0,17.97815408889168,64.89077044445841,1.550503553504665,100.0,74.5192650160114,100.0,44.7246308407029
2393,億光,光電業,46.9,2023-09-28,2023Q2,16.01,67.60164693772516,7.73,15.46,-10.176666666666668,0.0,10.408545467312942,27.04272733656471,1.2772744609287465,100.0,68.9063546309733,100.0,44.681573794257226
1527,鑽全,電機機械,39.55,2023-09-28,2023Q2,10.93,99.06803355079218,-58.0,0.0,-30.233333333333334,0.0,11.354145477606405,31.77072738803203,2.0661274949060253,100.0,82.5723419176594,100.0,44.67241246328402
9925,新保,其他業,40.1,2023-09-28,2023Q2,16.37,53.70588235294117,-4.55,0.0,6.45,32.25,11.893040567915497,34.465202839577486,1.1420025934288025,91.71465620411465,57.2707544258907,93.17688606472674,44.650988508526346
1341,富林-KY,塑膠工業,66.9,2023-09-28,2023Q2,12.72,100.0,-19.75,0.0,0.0,0.0,13.359287206957063,41.796436034785316,2.176848625028136,100.0,53.390872862172,83.47718215543,44.6171836207608
9944,新麗,其他業,19.45,2023-09-28,2023Q2,5.26,100.0,213.51,100.0,-24.036666666666665,0.0,1.3620566822043136,0.0,-0.05041425222996289,0.0,57.7299436184033,94.32485904600824,44.432485904600824
8083,瑞穎,電機機械,153.0,2023-09-28,2023Q2,0.0,0.0,-54.35,0.0,-33.26333333333333,0.0,24.716498556885874,98.58249278442936,1.311725108007636,100.0,58.0,95.0,44.287373917664404
5388,中磊,通信網路業,123.0,2023-09-28,2023Q2,14.57,81.07852412488174,30.1,60.199999999999996,-13.343333333333334,0.0,4.363887439680596,0.0,2.3493022440358744,100.0,24.2119116537792,10.529779134448,44.210830325932974
2115,六暉-KY,汽車工業,30.0,2023-09-28,2023Q2,12.24,73.1638418079096,14.41,28.82,0.0,0.0,6.463182605329895,7.315913026649476,1.1499719848165597,92.85314068807996,64.6174570542074,100.0,44.18939927240438
2059,川湖,電子零組件業,828.0,2023-09-28,2023Q2,23.77,7.62204252770291,-38.59,0.0,-36.96333333333333,0.0,46.33409166477791,100.0,1.143461171681881,91.92302452598301,72.9860225555267,100.0,44.14680915796689
8464,億豐,居家生活,310.0,2023-09-28,2023Q2,16.54,30.49132947976878,-21.57,0.0,-7.316666666666666,0.0,24.951116825346826,99.75558412673413,1.0621658561572673,80.30940802246677,64.4124584922424,100.0,44.07435217148035
6803,崑鼎,綠能環保,317.0,2023-09-28,2023Q2,0.0,0.0,22.41,44.82,15.546666666666667,77.73333333333333,20.693662956481948,78.46831478240975,-0.0405619236968492,0.0,42.0,55.00000000000001,44.02191388402812
1503,士電,電機機械,115.5,2023-09-28,2023Q2,27.11,23.671947809878844,17.7,35.4,-0.06666666666666643,0.0,8.713661768413855,18.568308842069275,1.233017142033996,100.0,60.1355152097261,100.0,44.00244110729828
6517,保勝光學,光電業,75.6,2023-09-28,2023Q2,0.0,0.0,11.23,22.46,-3.9166666666666665,0.0,26.56441463350262,100.0,0.9683756512978734,66.91080732826762,77.0,100.0,43.99716146565353
4557,永新-KY,汽車工業,112.0,2023-09-28,2023Q2,9.81,88.4180790960452,-13.37,0.0,0.0,0.0,15.967875165545939,54.8393758277297,1.2760900395602521,100.0,47.4986679038965,68.74666975974124,43.9423812597381
3701,大眾控,電腦及週邊設備業,58.3,2023-09-28,2023Q2,30.21,13.673285198555952,-24.77,0.0,29.913333333333338,100.0,4.762917511415207,0.0,5.924108100782635,100.0,30.1908167532168,25.477041883042002,43.9150327081598
2327,國巨*,電子零組件業,525.0,2023-09-28,2023Q2,11.92,78.60137765798143,-16.91,0.0,-14.656666666666666,0.0,18.931515171330325,69.65757585665162,1.6970935877688003,100.0,42.413991887336,56.034979718340004,43.912272116129884
2458,義隆,半導體業,133.5,2023-09-28,2023Q2,27.7,33.46655448043754,-49.28,0.0,4.126666666666668,20.63333333333334,14.197915748656031,45.989578743280155,1.8642436752461014,100.0,58.012244841775,95.03061210443751,43.8748201366462
6715,嘉基,電子零組件業,155.0,2023-09-28,2023Q2,18.81,37.33153638814017,-26.39,0.0,-37.99,0.0,18.43366666932697,67.16833334663485,2.518072672507053,100.0,69.3223916961485,100.0,43.808403640809246
5274,信驊,半導體業,2765.0,2023-09-28,2023Q2,0.0,0.0,-58.61,0.0,-46.843333333333334,0.0,31.449013846535774,100.0,1.2638089724629156,100.0,55.0,87.5,43.75
3501,維熹,電子零組件業,50.5,2023-09-28,2023Q2,8.53,98.90685834082062,-19.92,0.0,-22.236666666666665,0.0,10.096679626743782,25.48339813371891,3.2381720815198385,100.0,74.6393321138851,100.0,43.7131955541399
3705,永信,生技醫療業,44.0,2023-09-28,2023Q2,16.36,68.52589641434263,-24.6,0.0,0.916666666666667,4.583333333333335,13.049770230631655,40.24885115315827,1.841877501980319,100.0,59.4237734180913,98.55943354522825,43.6625273355975
2880,華南金,金融保險業,20.5,2023-09-28,2023Q2,14.14,42.83819628647214,30.51,61.02000000000001,8.976666666666668,44.88333333333334,43.7614800112011,100.0,-4.469390826328706,0.0,5.12320653017305,0.0,43.515486295313885
3512,皇龍,建材營造業,32.95,2023-09-28,2023Q2,0.0,0.0,-85.25,0.0,219.75333333333333,100.0,6.968552126833577,9.842760634167886,8.819040091336232,100.0,28.0,20.0,43.476414095125186
2471,資通,資訊服務業,54.5,2023-09-28,2023Q2,14.34,72.8410008071025,64.96,100.0,-3.356666666666667,0.0,7.938885256536967,14.694426282684834,0.04230183344475008,0.0,55.6722083866191,89.18052096654773,43.40631611976775
3265,台星科,半導體業,88.4,2023-09-28,2023Q2,0.0,0.0,-18.89,0.0,-7.69,0.0,22.864441633834087,89.32220816917044,1.3686780987926856,100.0,72.0,100.0,43.398331225375564
6271,同欣電,半導體業,149.0,2023-09-28,2023Q2,14.8,87.73664282709296,-77.6,0.0,-24.233333333333334,0.0,11.097764340481225,30.488821702406128,4.635045458683974,100.0,67.7502770668691,100.0,43.346987538070216
6243,迅杰,半導體業,45.1,2023-09-28,2023Q2,28.54,29.932688262515782,-11.21,0.0,56.42666666666667,100.0,7.0123378972529915,10.061689486264957,0.8088476242490442,44.12108917843489,65.4906454108119,100.0,43.3267400848783
3679,新至陞,電子零組件業,95.3,2023-09-28,2023Q2,8.95,96.39113507038036,-11.64,0.0,-24.253333333333334,0.0,13.58079434063287,42.90397170316435,1.5369012143656877,100.0,48.971435700587,72.4285892514675,43.31756818765943
6170,統振,通信網路業,55.0,2023-09-28,2023Q2,0.0,0.0,-23.98,0.0,16.293333333333333,81.46666666666667,8.996033854562016,19.980169272810084,2.4292044735176197,100.0,36.0,40.0,43.29035872425485
3680,家登,半導體業,344.0,2023-09-28,2023Q2,0.0,0.0,-1.93,0.0,4.58,22.900000000000002,22.23725108503383,86.18625542516915,1.18334471329754,97.62067332822002,45.0,62.5,43.28207297941938
5512,力麒,建材營造業,9.35,2023-09-28,2023Q2,0.0,0.0,-83.33,0.0,66.51,100.0,4.925105706868078,0.0,38.907554202320334,100.0,33.0,32.5,43.25
3017,奇鋐,電腦及週邊設備業,341.0,2023-09-28,2023Q2,28.87,19.720216606498187,15.74,31.480000000000004,6.376666666666668,31.88333333333334,10.85784548586323,29.28922742931615,1.2107173444094654,100.0,30.5363569276982,26.3408923192455,43.246161673638454
6146,耕興,其他電子業,252.5,2023-09-28,2023Q2,0.0,0.0,1.88,3.7599999999999993,-9.116666666666665,0.0,39.02421231876026,100.0,1.1050633812386357,86.43762589123367,60.0,100.0,43.22752517824674
6409,旭隼,其他電子業,1585.0,2023-09-28,2023Q2,29.47,0.0,15.88,31.759999999999998,-31.599999999999998,0.0,22.19633817294752,85.9816908647376,1.1222451489233505,88.89216413190721,38.3923997502926,45.98099937573149,43.21378639366523
6662,樂斯科,生技醫療業,32.45,2023-09-28,2023Q2,0.0,0.0,15.71,31.42,16.34,81.69999999999999,17.020412143275042,60.102060716375206,-0.7399951725802558,0.0,76.0,100.0,43.21030910745628
2478,大毅,電子零組件業,46.55,2023-09-28,2023Q2,16.68,50.08984725965858,-50.66,0.0,4.236666666666667,21.183333333333337,10.202108344523205,26.010541722616026,2.84979461939829,100.0,67.388507291756,100.0,43.147232651024936
5306,桂盟,運動休閒,129.0,2023-09-28,2023Q2,11.89,66.94027244149494,-54.39,0.0,-37.54666666666666,0.0,23.427140005172458,92.13570002586229,0.9415206189451834,63.074374135026204,62.1396085182535,100.0,43.12925707503408
6242,立康,生技醫療業,58.0,2023-09-28,2023Q2,0.0,0.0,36.75,73.5,-29.886666666666667,0.0,22.16560817174181,85.82804085870904,0.5652944361494413,9.32777659277733,80.0,100.0,43.11476144736182
8917,欣泰,油電燃氣業,67.3,2023-09-28,2023Q2,0.0,0.0,12.1,24.2,-1.0499999999999998,0.0,19.390746840696945,71.95373420348471,1.3331051115783523,100.0,45.0,62.5,43.09306013052271
5498,凱崴,電子零組件業,10.9,2023-09-28,2023Q2,0.0,0.0,382.14,100.0,-30.71666666666667,0.0,-27.56119839240044,0.0,0.8269027942806029,46.70039918294327,55.0,87.5,43.09007983658866
5607,遠雄港,航運業,50.3,2023-09-28,2023Q2,14.17,50.0,-29.35,0.0,-9.173333333333334,0.0,41.736543769858855,100.0,1.180358972324452,97.19413890349317,34.4939482398904,36.234870599726,43.062314840671235
2472,立隆電,電子零組件業,58.7,2023-09-28,2023Q2,9.85,91.00029949086553,-39.49,0.0,-12.816666666666668,0.0,15.192702186493342,50.96351093246672,1.67449279709596,100.0,44.9224773123056,62.30619328076401,42.97517591703296
1817,凱撒衛,玻璃陶瓷,35.55,2023-09-28,2023Q2,10.64,100.0,-38.55,0.0,-7.6866666666666665,0.0,8.900782628028066,19.503913140140334,1.7109211775878443,100.0,70.1012617258315,100.0,42.92558697102105
1713,國化,化學工業,35.0,2023-09-28,2023Q2,14.06,78.59319451498223,98.36,100.0,-25.703333333333333,0.0,-7.243972863624795,0.0,0.11982644619066875,0.0,89.4951461666861,100.0,42.85931945149822
6416,瑞祺電通,通信網路業,82.3,2023-09-28,2023Q2,14.07,83.44370860927152,0.0,0.0,-29.580000000000002,0.0,10.957411322044184,29.78705661022092,2.110332440300503,100.0,64.5474644371862,100.0,42.8124293524603
4571,鈞興-KY,電機機械,72.0,2023-09-28,2023Q2,13.21,88.44361602982292,-28.89,0.0,0.0,0.0,10.264384691854387,26.321923459271936,2.1191064174379775,100.0,69.6782900933239,100.0,42.79265012187308
1730,花仙子,化學工業,57.5,2023-09-28,2023Q2,15.29,72.34636871508381,-10.62,0.0,-7.163333333333334,0.0,12.399783139144064,36.99891569572033,2.0124701366858577,100.0,66.7581398999207,100.0,42.78447422586643
1702,南僑,食品工業,49.45,2023-09-28,2023Q2,20.95,50.0,7.86,15.72,10.996666666666668,54.98333333333334,5.376164243799572,1.880821218997859,4.141041850044011,100.0,30.1520093961324,25.380023490331,42.74679219854945
3526,凡甲,電子零組件業,174.0,2023-09-28,2023Q2,0.0,0.0,1.71,3.42,-3.1566666666666667,0.0,26.73634327441719,100.0,1.1684368633802968,95.49098048289956,51.0,77.5,42.703196096579916
3284,太普高,其他業,15.95,2023-09-28,2023Q2,0.0,0.0,1133.33,100.0,-23.786666666666665,0.0,6.571951191801677,7.859755959008385,0.7281173594132029,32.588194201886125,61.0,100.0,42.69660223422848
3042,晶技,電子零組件業,96.8,2023-09-28,2023Q2,14.98,60.27253668763103,-53.28,0.0,-18.96666666666667,0.0,14.831311878542097,49.156559392710484,2.096007622030949,100.0,56.9501101282789,92.37527532069724,42.6382651097394
9939,宏全,其他業,105.5,2023-09-28,2023Q2,13.77,69.0,-0.92,0.0,5.916666666666667,29.583333333333332,11.90343408228077,34.517170411403846,1.325021180845247,100.0,38.5189721992827,46.29743049820675,42.623985278197914
2348,海悅,其他業,73.9,2023-09-28,2023Q2,12.81,74.6470588235294,-26.04,0.0,48.946666666666665,100.0,25.616449505810735,100.0,-1.7079021459357049,0.0,19.8262732137592,0.0,42.464705882352945
8131,福懋科,半導體業,38.55,2023-09-28,2023Q2,12.44,97.665124106016,-59.46,0.0,-36.330000000000005,0.0,8.577175819884,17.885879099419995,2.6431315824182002,100.0,81.2099476448431,100.0,42.4493942755146
1463,強盛新,紡織纖維,15.6,2023-09-28,2023Q2,19.5,74.38929817758822,195.0,100.0,-19.97666666666667,0.0,-25.60218381745132,0.0,-1.7338472952485404,0.0,77.1635384108213,100.0,42.43892981775882
6206,飛捷,電腦及週邊設備業,65.6,2023-09-28,2023Q2,15.26,81.13718411552347,-67.8,0.0,-42.73333333333333,0.0,12.631268307482316,38.15634153741158,1.1507276099265031,92.9610871323576,71.930628511656,100.0,42.429387068635606
8942,森鉅,其他業,75.8,2023-09-28,2023Q2,0.0,0.0,26.16,52.32,6.596666666666667,32.983333333333334,29.245026937091435,100.0,-0.31336421188548175,0.0,51.0,77.5,42.42666666666667
2404,漢唐,其他電子業,227.5,2023-09-28,2023Q2,8.6,85.2165725047081,69.49,100.0,5.003333333333333,25.016666666666666,9.149633372509241,20.748166862546206,-0.21097235743750797,0.0,22.9120084533459,7.280021133364753,42.365217726522545
6191,精成科,電子零組件業,62.0,2023-09-28,2023Q2,11.76,79.55974842767296,1.15,2.3,-3.59,0.0,12.621882581353777,38.10941290676889,1.4853089135725097,100.0,52.4128719818429,81.03217995460724,42.35060477424336
4163,鐿鈦,生技醫療業,122.5,2023-09-28,2023Q2,0.0,0.0,21.18,42.36,1.2300000000000004,6.150000000000002,19.008449438837577,70.04224719418788,0.9457177266836709,63.67396095481014,49.0,72.5,42.31112927009021
3522,御頂,觀光餐旅,16.2,2023-09-28,2023Q2,0.0,0.0,40.0,80.0,43.416666666666664,100.0,-12.30115544346825,0.0,0.0,0.0,29.0,22.5,42.25
6790,永豐實,造紙工業,38.6,2023-09-28,2023Q2,16.57,100.0,-14.67,0.0,-0.9266666666666667,0.0,7.95612889911305,14.780644495565252,1.391192483315771,100.0,60.1011615241094,100.0,42.21709667433478
1537,廣隆,電機機械,131.5,2023-09-28,2023Q2,16.62,72.55358807082945,-44.44,0.0,-23.05666666666667,0.0,11.44157288467621,32.20786442338105,1.444197004794669,100.0,62.8652165457002,100.0,42.0865384705901
2476,鉅祥,電子零組件業,49.0,2023-09-28,2023Q2,12.44,75.48667265648398,-29.72,0.0,-20.31,0.0,11.191712785582517,30.958563927912586,1.575574931036424,100.0,59.2495112766056,98.123778191514,42.004829673986684
2912,統一超,貿易百貨業,262.5,2023-09-28,2023Q2,27.2,52.19345559151386,16.18,32.36,8.593333333333334,42.96666666666667,4.537606373592923,0.0,2.8061657730399676,100.0,13.6566811679336,0.0,41.90267889248472
8482,商億-KY,居家生活,65.2,2023-09-28,2023Q2,12.59,59.03179190751445,-61.23,0.0,0.0,0.0,12.985528047151313,39.92764023575656,2.0728337716452065,100.0,61.1910606860118,100.0,41.89232522611493
4104,佳醫,生技醫療業,89.2,2023-09-28,2023Q2,18.02,60.25896414342628,21.63,43.26,15.003333333333336,75.01666666666668,8.739734582202521,18.698672911012608,-0.39259859910056494,0.0,48.9126998911499,72.28174972787474,41.877205657115326
6670,復盛應用,運動休閒,203.5,2023-09-28,2023Q2,7.31,98.93468389800908,-47.71,0.0,-39.06,0.0,11.02583327260293,30.129166363014647,3.143936563156798,100.0,49.3917841380862,73.47946034521551,41.76078937877466
6128,上福,電腦及週邊設備業,34.8,2023-09-28,2023Q2,6.89,100.0,-13.78,0.0,-6.7,0.0,10.416152812666033,27.080764063330165,1.295679063781722,100.0,50.6830287848753,76.70757196218825,41.73287180571835
1506,正道,電機機械,16.45,2023-09-28,2023Q2,44.46,0.0,15.38,30.760000000000005,3.6733333333333333,18.366666666666667,5.441112159642783,2.2055607982139147,2.122137065422637,100.0,86.0111288489628,100.0,41.694167453065425
4107,邦特,生技醫療業,106.0,2023-09-28,2023Q2,0.0,0.0,-18.31,0.0,-6.3933333333333335,0.0,27.067597078618515,100.0,1.0838313833618998,83.40448333741426,64.0,100.0,41.680896667482855
4305,世坤,塑膠工業,33.3,2023-09-28,2023Q2,0.0,0.0,-10.26,0.0,16.26,81.30000000000001,16.786112878976546,58.93056439488274,0.7296531649188466,32.807594988406656,80.0,100.0,41.661103656913745
1609,大亞,電器電纜,38.45,2023-09-28,2023Q2,9.18,86.75508095074062,1334.78,100.0,-1.3033333333333335,0.0,4.791950638168654,0.0,0.6921666242727833,27.452374896111902,29.8968341026848,24.742085256712,41.64019159996764
3264,欣銓,半導體業,62.5,2023-09-28,2023Q2,0.0,0.0,-16.0,0.0,-6.383333333333333,0.0,23.51024396199833,92.55121980999166,1.883459773026336,100.0,51.0,77.5,41.63268297149875
2645,長榮航太,航運業,106.0,2023-09-28,2023Q2,23.35,0.0,10.39,20.78,40.49333333333333,100.0,14.05107513141778,45.255375657088905,0.5741301026584928,10.590014665498979,50.0461054869814,75.1152637174535,41.61283565340848
6205,詮欣,電子零組件業,69.6,2023-09-28,2023Q2,19.77,31.581311769991018,-27.23,0.0,-37.73666666666667,0.0,16.802799445213594,59.01399722606797,1.1850785740629133,97.86836772327334,73.4378402741758,100.0,41.58390430556396
2812,台中銀,金融保險業,14.65,2023-09-28,2023Q2,12.63,54.28192497158014,13.46,26.919999999999998,14.416666666666666,72.08333333333333,43.27075866244937,100.0,-1.7119702884015617,0.0,8.75488319519593,0.0,41.57485916382468
3029,零壹,資訊服務業,61.9,2023-09-28,2023Q2,14.5,71.9800914716169,13.76,27.52,-0.9266666666666664,0.0,5.38351557284025,1.9175778642012495,3.004861149065117,100.0,48.7867807507866,71.96695187696649,41.562341014488524
1449,佳和,紡織纖維,16.15,2023-09-28,2023Q2,64.6,0.0,-73.28,0.0,21.796666666666667,100.0,-1.7119814457899478,0.0,3.706873368662501,100.0,26.2023391664048,15.505847916012003,41.5505847916012
4766,南寶,化學工業,207.5,2023-09-28,2023Q2,13.5,81.43727780599289,10.5,21.0,-5.876666666666666,0.0,12.126500414515503,35.632502072577516,0.9973820756534748,71.05458223621069,54.3413136741633,85.85328418540826,41.53484795726889
3374,精材,半導體業,117.5,2023-09-28,2023Q2,0.0,0.0,-53.96,0.0,-18.436666666666667,0.0,20.37275220051315,76.86376100256575,1.771201880968774,100.0,72.0,100.0,41.529564150384864
2543,皇昌,建材營造業,14.4,2023-09-28,2023Q2,22.86,14.653641207815294,-45.24,0.0,41.06,100.0,3.6243947204895073,0.0,8.072794293383339,100.0,19.2721150913241,0.0,41.46536412078153
1726,永記,化學工業,73.6,2023-09-28,2023Q2,15.05,73.56526155408837,-5.36,0.0,-2.67,0.0,10.35269203979134,26.763460198956697,1.8900846405710303,100.0,82.2030762071413,100.0,41.37104518525234
2520,冠德,建材營造業,33.15,2023-09-28,2023Q2,10.36,88.66193013617526,-46.81,0.0,-3.4199999999999995,0.0,17.268608927127627,61.34304463563814,2.1475952289342053,100.0,33.1138016280994,32.7845040702485,41.346100115988094
5475,德宏,電子零組件業,12.9,2023-09-28,2023Q2,0.0,0.0,34.75,69.5,17.43,87.14999999999999,-41.15399325721732,0.0,0.0,0.0,46.0,65.0,41.305
2493,揚博,電子零組件業,73.0,2023-09-28,2023Q2,12.87,72.91105121293802,20.0,40.0,-7.596666666666667,0.0,25.338480215301207,100.0,0.409019904992277,0.0,55.9647143318499,89.91178582962475,41.28228370425628
1525,江申,汽車工業,78.7,2023-09-28,2023Q2,14.66,57.972379158819834,97.13,100.0,-9.91,0.0,5.63122657489954,3.156132874497701,0.1881521052192266,0.0,81.3797615091431,100.0,41.27065784705664
6175,立敦,電子零組件業,35.95,2023-09-28,2023Q2,0.0,0.0,-45.64,0.0,8.763333333333334,43.81666666666667,11.540321774102317,32.701608870511585,2.5298694579320227,100.0,50.0,75.0,41.16857466391007
6282,康舒,電子零組件業,43.7,2023-09-28,2023Q2,72.83,0.0,-87.14,0.0,19.95,99.75,1.7109331503424328,0.0,3.116217057019688,100.0,24.3174570587925,10.793642646981247,41.02936426469813
2383,台光電,電子零組件業,428.0,2023-09-28,2023Q2,34.35,0.0,-38.45,0.0,8.366666666666667,41.833333333333336,14.440681146967943,47.20340573483971,1.6874439610350562,100.0,42.3107681196406,55.7769202991015,41.02486955680277
2233,宇隆,汽車工業,116.0,2023-09-28,2023Q2,13.86,62.994350282485875,-33.56,0.0,-1.5366666666666668,0.0,12.392634687162127,36.96317343581064,1.1684244002647344,95.4892000378192,67.3578454316113,100.0,40.94175105118403
3138,耀登,通信網路業,146.0,2023-09-28,2023Q2,19.6,57.28476821192052,40.56,81.12,-3.6366666666666667,0.0,13.874466093848007,44.37233046924003,-0.0557242555005061,0.0,52.396434520876,80.99108630219,40.76343502179706
2008,高興昌,鋼鐵工業,20.4,2023-09-28,2023Q2,8.29,100.0,1076.47,100.0,-47.95333333333334,0.0,4.127991644246521,0.0,0.08581839225265918,0.0,43.0324293506587,57.58107337664675,40.758107337664676
1203,味王,食品工業,41.55,2023-09-28,2023Q2,16.1,73.15035799522673,-6.58,0.0,-3.1366666666666667,0.0,10.835624149377914,29.17812074688957,2.3728245646174484,100.0,55.8044815443785,89.51120386094624,40.642874297650735
2373,震旦行,其他電子業,75.2,2023-09-28,2023Q2,12.17,58.323917137476464,17.02,34.04,-25.916666666666668,0.0,7.768604320069581,13.843021600347907,1.4007069967602723,100.0,36.8015250515846,42.0038126289615,40.61922621669598
5469,瀚宇博,電子零組件業,59.4,2023-09-28,2023Q2,9.75,91.59928122192274,0.76,1.52,-8.556666666666667,0.0,14.204491550955492,46.022457754777456,3.734588063722552,100.0,36.6470081318831,41.617520329707745,40.605048818379665
2923,鼎固-KY,建材營造業,22.7,2023-09-28,2023Q2,0.0,0.0,-96.83,0.0,0.0,0.0,46.406022238538334,100.0,151.29283323189287,100.0,42.3848084517104,55.962021129275996,40.5962021129276
2801,彰銀,金融保險業,17.25,2023-09-28,2023Q2,14.38,41.019325502084115,32.65,65.3,5.14,25.7,43.616008859818706,100.0,-6.8359528792704625,0.0,6.485601162426,0.0,40.56693255020841
4569,六方科-KY,汽車工業,100.0,2023-09-28,2023Q2,9.39,91.05461393596987,-48.89,0.0,0.0,0.0,6.862274889230179,9.311374446150893,1.9218807702453178,100.0,90.5556024861672,100.0,40.502167560519624
3663,鑫科,其他電子業,35.6,2023-09-28,2023Q2,0.0,0.0,-70.24,0.0,10.436666666666666,52.18333333333332,1.982535312805906,0.0,1.792879188712522,100.0,61.0,100.0,40.43666666666667
2332,友訊,通信網路業,20.1,2023-09-28,2023Q2,14.78,80.08514664143803,403.45,100.0,-9.983333333333334,0.0,2.390089179023434,0.0,0.08767842093421449,0.0,49.6889220969044,74.222305242261,40.430745188369904
2468,華經,資訊服務業,31.0,2023-09-28,2023Q2,30.69,0.0,21.28,42.56,-7.276666666666667,0.0,3.745210160970162,0.0,1.6299245912247082,100.0,59.1301035870902,97.82525896772549,40.42252589677255
5314,世紀,其他業,39.8,2023-09-28,2023Q2,0.0,0.0,20.78,41.56,4383.666666666667,100.0,-176.8740955137482,0.0,0.0,0.0,65.0,100.0,40.39
2387,精元,電腦及週邊設備業,47.25,2023-09-28,2023Q2,6.11,100.0,8.59,17.18,-18.723333333333333,0.0,5.729681536264224,3.648407681321122,4.284335771405381,100.0,42.0807005293327,55.20175132333176,40.36243628453134
3557,嘉威,居家生活,52.5,2023-09-28,2023Q2,9.38,82.22543352601156,-35.29,0.0,-8.463333333333333,0.0,11.334308206803954,31.671541034019768,3.558302520374283,100.0,49.4526907880511,73.63172697012776,40.3364472047169
2524,京城,建材營造業,31.1,2023-09-28,2023Q2,16.46,52.545885139135585,-86.6,0.0,12.939999999999998,64.69999999999999,25.663596451290537,100.0,-19.500330797221302,0.0,48.5536562313881,71.38414057847025,40.33300257176059
8390,金益鼎,綠能環保,50.4,2023-09-28,2023Q2,0.0,0.0,102.37,100.0,3.2566666666666664,16.28333333333333,7.72804338954258,13.640216947712899,-0.004369265186798909,0.0,78.0,100.0,40.302699208823604
5301,寶得利,觀光餐旅,12.9,2023-09-28,2023Q2,0.0,0.0,20.51,41.02,263.43,100.0,-49.54211242012539,0.0,0.0,0.0,73.0,100.0,40.255
2606,裕民,航運業,47.85,2023-09-28,2023Q2,11.79,66.79604798870854,-47.13,0.0,-7.353333333333334,0.0,16.705782268219117,58.52891134109559,2.415025052127097,100.0,39.1667690574986,47.916922643746496,40.25063376440984
4770,上品,化學工業,293.0,2023-09-28,2023Q2,12.36,87.22701879126461,13.0,26.0,-24.099999999999998,0.0,35.309650513475574,100.0,0.18855336387053567,0.0,71.4598099135726,100.0,40.22270187912646
6204,艾華,電子零組件業,69.1,2023-09-28,2023Q2,0.0,0.0,2941.82,100.0,5.146666666666667,25.733333333333334,-8.457092040907071,0.0,0.003438337593525887,0.0,84.0,100.0,40.14666666666667
8091,翔名,半導體業,85.5,2023-09-28,2023Q2,0.0,0.0,-27.31,0.0,-11.28,0.0,18.416139542947064,67.08069771473532,1.3500217531739858,100.0,66.0,100.0,40.0621046572103
8462,柏文,運動休閒,129.0,2023-09-28,2023Q2,992.31,0.0,-91.11,0.0,26.516666666666666,100.0,2.5588174554004035,0.0,107.07995477305766,100.0,17.114705552119,0.0,40.0
3706,神達,電腦及週邊設備業,40.75,2023-09-28,2023Q2,5.4,100.0,-18.18,0.0,-27.05333333333333,0.0,0.08800648531082182,0.0,5.183379636930327,100.0,69.1892997189532,100.0,40.0
4935,茂林-KY,光電業,51.1,2023-09-28,2023Q2,7.59,100.0,-55.7,0.0,0.0,0.0,0.6654435171022394,0.0,2.8538476849019188,100.0,72.3549555158083,100.0,40.0
8432,東生華,生技醫療業,45.7,2023-09-28,2023Q2,0.0,0.0,-19.35,0.0,12.459999999999999,62.3,13.774291974689248,43.87145987344624,0.8820969747202653,54.585282102895036,88.0,100.0,39.957775401595946
2926,誠品生活,文化創意業,68.1,2023-09-28,2023Q2,0.0,0.0,54.87,100.0,14.956666666666669,74.78333333333335,-8.978157211073698,0.0,0.0,0.0,4.0,0.0,39.95666666666667
6279,胡連,電子零組件業,147.0,2023-09-28,2023Q2,0.0,0.0,-5.13,0.0,4.703333333333333,23.516666666666666,14.670879182378165,48.354395911890826,1.350026459334039,100.0,52.0,80.0,39.956492720116955
6835,圓裕,電子零組件業,38.7,2023-09-28,2023Q2,12.86,72.97094938604373,-41.15,0.0,-22.33666666666667,0.0,10.157610881158455,25.78805440579227,2.826596288098076,100.0,55.1382901716138,87.84572542903449,39.94987564237666
4148,全宇生技-KY,生技醫療業,45.3,2023-09-28,2023Q2,10.2,99.20318725099602,-51.18,0.0,0.0,0.0,4.143317095433722,0.0,6.252354857445895,100.0,60.241443233214,100.0,39.920318725099605
2062,橋椿,居家生活,22.15,2023-09-28,2023Q2,13.84,50.0,-87.45,0.0,4.88,24.4,1.9956083510370344,0.0,6.984490300176968,100.0,60.2053426832644,100.0,39.879999999999995
3454,晶睿,光電業,154.0,2023-09-28,2023Q2,18.4,55.301080802882154,9.49,18.98,1.663333333333334,8.31666666666667,3.6526742937171086,0.0,1.7795877313664057,100.0,51.7393733636919,79.34843340922974,39.87328475454453
6239,力成,半導體業,101.5,2023-09-28,2023Q2,12.21,98.6327303323517,-49.77,0.0,-19.203333333333333,0.0,10.779088080322053,28.895440401610262,3.117093042176648,100.0,42.6269392872513,56.567348218128245,39.85432391528954
2433,互盛電,其他電子業,51.1,2023-09-28,2023Q2,13.31,49.736346516007536,-3.94,0.0,-9.896666666666667,0.0,15.612292042138911,53.061460210694555,3.9868078360321593,100.0,47.2883844072427,68.22096101810675,39.75494978501562
1560,中砂,電機機械,154.5,2023-09-28,2023Q2,23.55,40.26095060577819,-43.5,0.0,-15.839999999999998,0.0,13.89328630760145,44.46643153800725,1.4298033804760262,100.0,55.7144555307405,89.28613882685126,39.62467367396403
5523,豐謙,建材營造業,25.0,2023-09-28,2023Q2,0.0,0.0,-9.18,0.0,-13.39333333333333,0.0,18.80023984613434,69.00119923067169,3.3536581530325136,100.0,57.0,92.5,39.60017988460075
4580,捷流閥業,電機機械,91.0,2023-09-28,2023Q2,0.0,0.0,-9.23,0.0,1.1166666666666665,5.583333333333332,16.54749546368214,57.737477318410704,1.2985215355856572,100.0,59.0,97.5,39.52728826442827
1723,中碳,化學工業,113.0,2023-09-28,2023Q2,16.31,67.16607414931438,-10.31,0.0,-29.083333333333332,0.0,19.984494626242284,74.92247313121142,0.9037334075930568,57.6762010847224,71.9286645319751,100.0,39.49021860155763
1712,興農,化學工業,36.55,2023-09-28,2023Q2,11.28,92.71203656678517,-32.23,0.0,-25.313333333333333,0.0,7.667950204902188,13.33975102451094,2.144238109047757,100.0,52.8524932309241,82.13123307731024,39.485289618086185
8410,森田,電腦及週邊設備業,56.3,2023-09-28,2023Q2,0.0,0.0,-2.61,0.0,33.843333333333334,100.0,17.615707784891388,63.078538924456936,0.30573353499243777,0.0,72.0,100.0,39.46178083866854
1615,大山,電器電纜,38.4,2023-09-28,2023Q2,13.52,56.85497760936963,-3.85,0.0,38.53333333333333,100.0,10.032671291050477,25.163356455252384,0.32031098258411206,0.0,64.4577964890614,100.0,39.46000122922482
2308,台達電,電子零組件業,324.5,2023-09-28,2023Q2,24.77,1.6322252171308893,10.06,20.12,5.740000000000001,28.700000000000003,9.662966001518138,23.314830007590686,2.0873016394842767,100.0,40.1161516173292,50.29037904332301,39.45948492718399
2031,新光鋼,鋼鐵工業,46.75,2023-09-28,2023Q2,16.64,59.66340933767644,138.26,100.0,2.9,14.499999999999998,6.444666070037064,7.22333035018532,0.44807113232202717,0.0,37.9706203914405,44.92655097860124,39.442495584155566
6173,信昌電,電子零組件業,45.75,2023-09-28,2023Q2,0.0,0.0,-25.0,0.0,3.4066666666666676,17.03333333333334,13.035379934467157,40.176899672335786,2.0282895068047186,100.0,75.0,100.0,39.433201617517035
1473,台南,紡織纖維,26.4,2023-09-28,2023Q2,14.43,94.04808065141528,-20.34,0.0,-12.01,0.0,3.855479375770715,0.0,3.1231434207472732,100.0,68.0300725663436,100.0,39.40480806514153
4523,永彰,電機機械,44.95,2023-09-28,2023Q2,0.0,0.0,477.78,100.0,7.866666666666667,39.333333333333336,-23.011384262418865,0.0,-2.9397332417425153,0.0,46.0,65.0,39.36666666666667
6257,矽格,半導體業,57.4,2023-09-28,2023Q2,13.32,93.96297854438367,-59.5,0.0,-18.276666666666667,0.0,11.323075647455848,31.61537823727924,3.8879388588220856,100.0,40.6496899765549,51.624224941387254,39.30102708416898
3376,新日興,電子零組件業,80.2,2023-09-28,2023Q2,12.23,76.7445342917041,-55.9,0.0,-22.003333333333334,0.0,7.166982178251577,10.834910891257884,4.746838656940092,100.0,69.0447822386029,100.0,39.29969006285909
5478,智冠,文化創意業,96.2,2023-09-28,2023Q2,0.0,0.0,27.1,54.2,10.583333333333334,52.916666666666664,17.54200192026307,62.71000960131534,-0.45844148498237103,0.0,43.0,57.49999999999999,39.289834773530636
9930,中聯資源,綠能環保,57.8,2023-09-28,2023Q2,18.77,34.2786683107275,2.48,4.96,5.62,28.1,8.517802257971582,17.589011289857908,1.27415750054229,100.0,45.2936021856313,63.234005464078244,39.249619070959255
3035,智原,半導體業,306.0,2023-09-28,2023Q2,37.32,0.0,-31.34,0.0,-10.0,0.0,17.32264490789365,61.61322453946825,1.8871074302550208,100.0,62.0876130245384,100.0,39.241983680920235
4551,智伸科,汽車工業,136.0,2023-09-28,2023Q2,15.47,52.88763339610797,-57.34,0.0,-23.856666666666666,0.0,10.61373251633466,28.068662581673298,2.255927181082464,100.0,58.9287214008828,97.321803502207,39.231243077082496
2049,上銀,電機機械,203.5,2023-09-28,2023Q2,24.34,36.57968313140727,-60.18,0.0,-18.900000000000002,0.0,12.407083573209544,37.03541786604772,1.576212368686713,100.0,64.2807642841255,100.0,39.21328099304789
1733,五鼎,生技醫療業,26.9,2023-09-28,2023Q2,15.82,71.21513944223106,-16.0,0.0,-27.756666666666664,0.0,7.714173278145927,13.570866390729636,1.4887734450942585,100.0,72.7474429688225,100.0,39.15714390283256
1737,臺鹽,食品工業,33.5,2023-09-28,2023Q2,16.83,69.66587112171838,-16.09,0.0,-4.753333333333334,0.0,8.918309643450929,19.591548217254644,1.1698236581638974,95.68909402341393,76.1727055802007,100.0,39.043138149442825
5321,美而快,數位雲端,123.0,2023-09-28,2023Q2,0.0,0.0,-7.11,0.0,16.64,83.2,7.507761767520139,12.538808837600696,1.6170591413226554,100.0,22.0,5.0,39.02082132564011
2301,光寶科,電腦及週邊設備業,121.5,2023-09-28,2023Q2,19.13,63.67328519855596,7.52,15.039999999999997,-13.596666666666666,0.0,9.065113786464279,20.325568932321396,1.6413017187850742,100.0,43.3459622094776,58.364905523694,39.0126544120732
2027,大成鋼,鋼鐵工業,36.85,2023-09-28,2023Q2,11.2,89.19652551574376,-63.01,0.0,-12.566666666666668,0.0,10.89199793000996,29.4599896500498,3.0818578871006452,100.0,42.6323489560951,56.580872390237744,38.99673823810562
5289,宜鼎,電腦及週邊設備業,296.5,2023-09-28,2023Q2,0.0,0.0,-37.74,0.0,-26.766666666666666,0.0,16.99019882492802,59.95099412464009,1.219745008386291,100.0,69.0,100.0,38.992649118696015
1460,宏遠,紡織纖維,7.65,2023-09-28,2023Q2,21.86,65.23846452113222,65.31,100.0,-27.08666666666667,0.0,-1.3223717278198144,0.0,0.0,0.0,49.7764285675026,74.4410714187565,38.96795359398887
4951,精拓科,半導體業,64.3,2023-09-28,2023Q2,0.0,0.0,-49.84,0.0,-18.82,0.0,22.47521692851782,87.3760846425891,1.0542946314798056,79.18494735425796,77.0,100.0,38.94340216723996
6115,鎰勝,電子零組件業,45.0,2023-09-28,2023Q2,12.2,76.92422881102127,-30.16,0.0,-10.446666666666667,0.0,8.73434312866244,18.671715643312197,1.3174691188136445,100.0,53.6623026959266,84.1557567398165,38.908755901580605
6666,羅麗芬-KY,生技醫療業,68.9,2023-09-28,2023Q2,55.56,0.0,5.71,11.42,0.0,0.0,13.051028559815034,40.25514279907517,1.9382158527551427,100.0,74.3393761119992,100.0,38.89327141986128
1539,巨庭,電機機械,23.6,2023-09-28,2023Q2,13.11,88.90959925442684,-92.11,0.0,-45.18333333333334,0.0,3.274832562765023,0.0,7.105947476828012,100.0,61.1388821361565,100.0,38.89095992544269
6024,群益期,金融保險業,45.15,2023-09-28,2023Q2,9.92,74.82000757862826,55.33,100.0,6.403333333333336,32.01666666666668,-8.472696033132879,0.0,-0.07301056251935648,0.0,13.2075711393209,0.0,38.885334091196164
1217,愛之味,食品工業,12.35,2023-09-28,2023Q2,18.43,62.02863961813843,142.86,100.0,0.6266666666666665,3.1333333333333324,3.482426552419165,0.0,-1.6922347389604682,0.0,48.2228598114245,70.55714952856124,38.88524558133663
3532,台勝科,半導體業,143.5,2023-09-28,2023Q2,12.6,96.99200673117375,-17.69,0.0,-9.313333333333333,0.0,28.731157275802282,100.0,0.6426288141872173,20.375544883888185,62.3163063324526,100.0,38.77430964989502
1536,和大,汽車工業,63.9,2023-09-28,2023Q2,25.16,0.0,40.79,81.58,-23.356666666666666,0.0,9.702732533090273,23.513662665451367,0.8548922779637818,50.698896851968826,38.6820239436811,46.705059859202755,38.73233475613175
2302,麗正,半導體業,17.5,2023-09-28,2023Q2,21.6,59.12915439629784,-44.64,0.0,-16.48,0.0,8.59644989004084,17.982249450204204,1.5571697967980296,100.0,80.9453416917576,100.0,38.61025285716042
5203,訊連,資訊服務業,87.1,2023-09-28,2023Q2,43.99,0.0,-19.67,0.0,6.066666666666666,30.333333333333336,8.36980075380583,16.84900376902915,2.355253192880994,100.0,75.9242404193012,100.0,38.59401723202104
6269,台郡,電子零組件業,88.0,2023-09-28,2023Q2,9.13,95.31296795447739,-35.91,0.0,-25.27,0.0,2.5241084304442265,0.0,1.267329833900516,100.0,56.2217198888076,90.554299722019,38.58672676764964
6574,霈方,生技醫療業,51.4,2023-09-28,2023Q2,0.0,0.0,17.14,34.28,-4.21,0.0,4.06206882349307,0.0,1.4803965001661314,100.0,70.0,100.0,38.57
2424,隴華,通信網路業,32.05,2023-09-28,2023Q2,0.0,0.0,25.69,51.38,327.31666666666666,100.0,-180.73194221508828,0.0,0.0,0.0,42.8762328657994,57.19058216449851,38.56405821644985
1799,易威,生技醫療業,21.4,2023-09-28,2023Q2,0.0,0.0,17.95,35.9,55.64666666666667,100.0,-70.49699361142427,0.0,0.0,0.0,58.0,95.0,38.475
2029,盛餘,鋼鐵工業,24.1,2023-09-28,2023Q2,56.05,0.0,-61.62,0.0,8.459999999999999,42.29999999999999,4.638457053286788,0.0,2.1008306759923188,100.0,88.0472799037227,100.0,38.46
9931,欣高,油電燃氣業,39.15,2023-09-28,2023Q2,25.26,46.30541871921181,-2.3,0.0,-1.7233333333333334,0.0,15.990430636769862,54.952153183849305,2.026390359178349,100.0,41.7586955820347,54.39673895508675,38.313038745007255
2421,建準,電子零組件業,116.5,2023-09-28,2023Q2,21.74,19.781371668164137,56.35,100.0,-11.666666666666666,0.0,11.877113149388991,34.385565746944955,0.322866093838741,0.0,44.6460369056939,61.61509226423474,38.29748125528163
2364,倫飛,電腦及週邊設備業,116.0,2023-09-28,2023Q2,26.54,30.234657039711198,84.06,100.0,-1.0433333333333332,0.0,5.620596124401374,3.102980622006868,0.7210431911617645,31.577598737394936,33.5451451203664,33.862862800916,38.19071882484274
1443,立益物流,其他業,28.2,2023-09-28,2023Q2,23.31,12.882352941176478,-51.11,0.0,-9.673333333333334,0.0,33.67524915746291,100.0,1.5572866007043435,100.0,27.6089241226556,19.022310306639003,38.190466324781546
2611,志信,航運業,12.9,2023-09-28,2023Q2,16.75,31.792519407198316,122.99,100.0,-19.073333333333334,0.0,-9.944476500119201,0.0,-0.5358352293772157,0.0,65.7988413556605,100.0,38.17925194071983
2756,聯發國際,觀光餐旅,100.5,2023-09-28,2023Q2,0.0,0.0,-16.25,0.0,6.043333333333333,30.216666666666665,19.722626164700813,73.61313082350406,0.8966685488424618,56.66693554892313,59.0,97.5,38.16869006664357
3591,艾笛森,光電業,22.4,2023-09-28,2023Q2,160.0,0.0,-16.67,0.0,8.166666666666666,40.833333333333336,2.910010678344533,0.0,4.709552111253545,100.0,73.3727579594068,100.0,38.16666666666667
2354,鴻準,其他電子業,57.7,2023-09-28,2023Q2,18.09,13.728813559322028,13.53,27.060000000000002,29.486666666666668,100.0,1.6116698599507742,0.0,-2.450129067769847,0.0,74.9690918257045,100.0,38.1378813559322
6672,騰輝電子-KY,電子零組件業,96.4,2023-09-28,2023Q2,15.93,54.58221024258761,-13.46,0.0,0.0,0.0,8.546682396093914,17.73341198046957,1.2435707275978114,100.0,61.1160814929787,100.0,38.1182328213292
2451,創見,半導體業,72.6,2023-09-28,2023Q2,26.79,37.29490954985275,-67.26,0.0,-15.633333333333335,0.0,10.844781542453122,29.223907712265607,2.1499500693964175,100.0,80.0407843120395,100.0,38.11307711182511
3529,力旺,半導體業,2015.0,2023-09-28,2023Q2,0.0,0.0,-14.24,0.0,-2.3333333333333335,0.0,53.933373205040255,100.0,1.0632548470412329,80.46497814874756,48.0,70.0,38.09299562974951
6768,志強-KY,運動休閒,65.7,2023-09-28,2023Q2,9.89,80.91163115612994,-63.08,0.0,0.0,0.0,3.3729190458484934,0.0,7.529817630824179,100.0,66.6955324216837,100.0,38.09116311561299
9911,櫻花,居家生活,63.9,2023-09-28,2023Q2,15.14,40.60693641618496,-18.53,0.0,1.0066666666666668,5.033333333333334,12.88585569821706,39.4292784910853,1.097133246176413,85.30474945377328,60.3395886739887,100.0,38.042701972702616
4560,強信-KY,電機機械,35.6,2023-09-28,2023Q2,14.96,80.28890959925442,-67.01,0.0,0.0,0.0,4.22396445093824,0.0,1.7392045199766826,100.0,71.8192063307899,100.0,38.02889095992544
6651,全宇昕,半導體業,73.2,2023-09-28,2023Q2,0.0,0.0,-37.43,0.0,-18.683333333333334,0.0,19.57987548081485,72.89937740407424,1.1396115890020582,91.37308414315117,55.0,87.5,37.95952343924137
4510,高鋒,電機機械,15.75,2023-09-28,2023Q2,0.0,0.0,0.0,0.0,13.146666666666667,65.73333333333333,4.205405628895884,0.0,7.357637506964897,100.0,39.0,47.5,37.89666666666667
8103,瀚荃,電子零組件業,39.5,2023-09-28,2023Q2,14.42,63.62683438155137,-54.89,0.0,-16.05,0.0,7.603882242839968,13.019411214199842,4.046762247884288,100.0,58.3177255304186,95.79431382604649,37.89502650288976
6516,勤崴國際,資訊服務業,86.6,2023-09-28,2023Q2,0.0,0.0,0.0,0.0,15.243333333333334,76.21666666666667,14.719987254042858,48.599936270214286,0.6866370808678501,26.66244012397859,80.0,100.0,37.8658117986612
8105,凌巨,光電業,13.1,2023-09-28,2023Q2,13.94,78.25527534740093,-62.5,0.0,-16.06,0.0,1.2742996733524892,0.0,4.507662867266103,100.0,65.626194184922,100.0,37.82552753474009
5530,龍巖,其他業,36.55,2023-09-28,2023Q2,0.0,0.0,-41.1,0.0,5.82,29.100000000000005,27.260480791708876,100.0,0.9880160493531303,69.71657847901861,32.0,30.0,37.763315695803726
3669,圓展,通信網路業,43.7,2023-09-28,2023Q2,15.33,77.48344370860927,-31.33,0.0,-17.02,0.0,0.8686734342325596,0.0,1.2099779225674439,100.0,67.7311656471949,100.0,37.74834437086093
4952,凌通,半導體業,51.1,2023-09-28,2023Q2,23.23,52.27177114009255,-77.67,0.0,-20.666666666666668,0.0,8.310623049358455,16.553115246792274,1.5416120410175107,100.0,60.9230854721053,100.0,37.71014440102809
6556,勝品,光電業,83.8,2023-09-28,2023Q2,0.0,0.0,-0.24,0.0,-24.093333333333334,0.0,15.89785514386857,54.48927571934286,1.5981363238307387,100.0,58.0,95.0,37.67339135790143
3026,禾伸堂,電子零組件業,97.9,2023-09-28,2023Q2,15.92,54.64210841569332,-30.29,0.0,-8.18,0.0,7.913339950926403,14.566699754632015,1.3060496247650055,100.0,60.1572206268698,100.0,37.64921580476413
8150,南茂,半導體業,37.4,2023-09-28,2023Q2,16.4,81.0054690786706,-67.43,0.0,-4.713333333333334,0.0,7.0334844622359185,10.167422311179592,3.955409819492152,100.0,51.981712089481,79.9542802237025,37.62108827691425
5534,長虹,建材營造業,74.1,2023-09-28,2023Q2,16.32,53.37477797513321,-91.21,0.0,16.730000000000004,83.65000000000002,19.689424359512014,73.44712179756007,-6.015488283214322,0.0,37.9698896486209,44.92472412155225,37.57701847930256
3624,光頡,電子零組件業,53.5,2023-09-28,2023Q2,0.0,0.0,-52.94,0.0,-16.033333333333335,0.0,15.094703927671757,50.47351963835879,1.424998964686951,100.0,76.0,100.0,37.57102794575382
2101,南港,橡膠工業,38.05,2023-09-28,2023Q2,0.0,0.0,110.91,100.0,10.983333333333334,54.91666666666667,1.780957095148667,0.0,-33.49585285945341,0.0,26.3045233323356,15.761308330838997,37.559464166417236
4931,新盛力,電腦及週邊設備業,33.4,2023-09-28,2023Q2,0.0,0.0,10.81,21.62,-50.66,0.0,7.857079340613739,14.285396703068692,1.6088552044187747,100.0,63.0,100.0,37.54780950546031
4440,宜新實業,紡織纖維,27.25,2023-09-28,2023Q2,17.69,81.40752229546335,-82.82,0.0,-32.11,0.0,4.029835521590783,0.0,2.03672088903205,100.0,57.5009354977141,93.75233874428525,37.51598610397486
1725,元禎,化學工業,20.4,2023-09-28,2023Q2,14.78,74.93651599796853,-2.94,0.0,-14.013333333333334,0.0,1.737909204820105,0.0,2.6807345033986,100.0,61.2830046811122,100.0,37.493651599796856
9941,裕融,其他業,183.5,2023-09-28,2023Q2,17.09,49.47058823529411,9.62,19.24,14.443333333333333,72.21666666666667,22.67706174898393,88.38530874491966,-2.5760215586142508,0.0,11.4219358408451,0.0,37.45818846860069
6214,精誠,資訊服務業,106.0,2023-09-28,2023Q2,17.7,54.761904761904766,87.37,100.0,-5.8566666666666665,0.0,5.036407001173118,0.18203500586559063,0.4238997662467577,0.0,47.6225869284683,69.05646732117076,37.40914245918739
1618,合機,電器電纜,30.6,2023-09-28,2023Q2,22.67,0.0,9.84,19.68,149.20333333333335,100.0,8.170159302105064,15.850796510525322,0.22575000967754422,0.0,81.5317308102963,100.0,37.2976194765788
8420,明揚,,61.0,2023-09-28,2023Q2,0.0,0.0,33.05,66.1,0.0,0.0,19.300704087619796,71.50352043809897,0.0,0.0,62.0,100.0,37.250528065714846
3045,台灣大,通信網路業,94.6,2023-09-28,2023Q2,24.13,35.856196783349105,0.49,0.98,6.5633333333333335,32.81666666666666,10.131373755934455,25.65686877967227,2.3507868008210098,100.0,31.3319152015211,28.329788003802747,37.075462128999355
3207,耀勝,電子零組件業,74.4,2023-09-28,2023Q2,0.0,0.0,40.3,80.6,-16.063333333333333,0.0,13.664469844704142,43.3223492235207,0.5136093746938135,1.944196384830502,70.0,100.0,37.0371916604942
3043,科風,其他電子業,44.4,2023-09-28,2023Q2,15.58,32.63653483992468,12.26,24.52,38.17,100.0,6.355071295902434,6.775356479512169,0.6248412346773002,17.83446209675718,32.0103635439385,30.025908859846258,36.979440261255355
6148,驊宏資,資訊服務業,30.8,2023-09-28,2023Q2,0.0,0.0,282.61,100.0,-1.8999999999999992,0.0,10.969233388511803,29.846166942559016,-1.361447562776957,0.0,50.0,75.0,36.97692504138385
1530,亞崴,電機機械,30.0,2023-09-28,2023Q2,13.64,86.43988816402609,-78.07,0.0,-22.900000000000002,0.0,1.8403442680587487,0.0,3.390815654903549,100.0,53.2365920905498,83.09148022637449,36.95313683904006
1583,程泰,電機機械,62.5,2023-09-28,2023Q2,11.38,96.97110904007455,-29.9,0.0,-21.816666666666663,0.0,8.624542813801865,18.122714069009323,1.992951289636031,100.0,38.1428829366172,45.357207341542995,36.951238748513155
2467,志聖,電子零組件業,44.75,2023-09-28,2023Q2,12.29,76.38514525306978,-41.85,0.0,-40.24333333333333,0.0,10.761257796944447,28.806288984722233,1.7302043315000217,100.0,39.6984532120246,49.24613303006151,36.884071176021465
1582,信錦,電子零組件業,63.9,2023-09-28,2023Q2,19.91,30.74273734651094,14.29,28.58,-12.523333333333332,0.0,4.139977032826528,0.0,1.7009468422570413,100.0,46.5085544376828,66.271386094207,36.846412344071794
6176,瑞儀,光電業,123.0,2023-09-28,2023Q2,9.61,100.0,-20.65,0.0,-34.00333333333333,0.0,12.458417434482046,37.29208717241023,0.99171841533455,70.24548790493571,48.4767489322148,71.19187233053698,36.76209788990238
3615,安可,光電業,24.9,2023-09-28,2023Q2,0.0,0.0,566.67,100.0,1.7600000000000005,8.800000000000002,-0.9095825098155701,0.0,0.12573120706813273,0.0,67.0,100.0,36.760000000000005
1773,勝一,化學工業,130.5,2023-09-28,2023Q2,19.92,48.83189436262061,-19.64,0.0,-16.06,0.0,18.78686259980992,68.9343129990496,0.9314307731826355,61.632967597519354,56.6368515693738,91.59212892343452,36.70914279796682
8442,威宏-KY,其他業,84.0,2023-09-28,2023Q2,8.25,100.0,-6.85,0.0,0.0,0.0,7.735504832105584,13.67752416052792,1.2883064822266426,100.0,38.6203139547809,46.55078488695224,36.70670711277441
4133,亞諾法,生技醫療業,31.8,2023-09-28,2023Q2,31.49,0.0,-36.67,0.0,-2.3466666666666662,0.0,13.884168134392155,44.420840671960775,3.3565240335986632,100.0,89.8017519071583,100.0,36.663126100794116
9917,中保科,其他業,106.5,2023-09-28,2023Q2,18.36,41.99999999999999,-1.05,0.0,13.086666666666668,65.43333333333334,16.20624375116341,56.03121875581705,0.6898234091103591,27.117629872908445,42.1679045986334,55.4197614965835,36.65685160427927
6224,聚鼎,電子零組件業,54.2,2023-09-28,2023Q2,51.13,0.0,2.0,4.0,6.136666666666667,30.683333333333334,-4.519830577091341,0.0,3.799119225652553,100.0,58.0169097190509,95.04227429762724,36.64089409642939
3015,全漢,電子零組件業,49.6,2023-09-28,2023Q2,14.05,65.84306678646301,-21.05,0.0,-8.993333333333334,0.0,3.5120571333185664,0.0,2.3566944676613377,100.0,66.2988627984316,100.0,36.5843066786463
5521,工信,建材營造業,7.71,2023-09-28,2023Q2,77.1,0.0,133.33,100.0,1.5500000000000018,7.75000000000001,0.04779034955227101,0.0,-35.7010531658419,0.0,71.5629322156663,100.0,36.55
6796,晉弘,生技醫療業,110.0,2023-09-28,2023Q2,45.27,0.0,25.0,50.0,3.9133333333333336,19.56666666666667,18.5123885746243,67.5619428731215,0.0037293681728501997,0.0,67.6292331291634,100.0,36.54762476430156
5234,達興材料,光電業,107.0,2023-09-28,2023Q2,29.56,0.0,-17.97,0.0,52.196666666666665,100.0,13.694670280036133,43.47335140018067,-0.08844461411722157,0.0,59.7727073149314,99.43176828732851,36.46417953875995
2351,順德,半導體業,106.5,2023-09-28,2023Q2,23.3,51.97728228859907,-20.21,0.0,-6.823333333333333,0.0,9.777713240732758,23.888566203663792,2.1628911202453494,100.0,50.7066978459762,76.7667446149405,36.45768762090353
3163,波若威,通信網路業,97.1,2023-09-28,2023Q2,0.0,0.0,6.51,13.019999999999998,-12.633333333333333,0.0,9.252969769813637,21.264848849068187,1.5613070049473066,100.0,61.0,100.0,36.444727327360226
3037,欣興,電子零組件業,173.5,2023-09-28,2023Q2,11.8,79.32015573525007,-53.99,0.0,-28.05333333333333,0.0,10.15752692418018,25.787634620900903,3.0918695396490476,100.0,38.5125440837253,46.281360209313256,36.428296787591464
3711,日月光投控,半導體業,109.5,2023-09-28,2023Q2,10.08,100.0,-52.91,0.0,-18.123333333333335,0.0,6.403402298773134,7.01701149386567,3.4456026396435706,100.0,41.4297678502081,53.57441962552025,36.40999368663188
4164,承業醫,生技醫療業,59.9,2023-09-28,2023Q2,27.48,13.147410358565725,0.94,1.8799999999999997,42.39,100.0,15.794229820500172,53.97114910250086,0.28382398370728024,0.0,45.9353826262467,64.83845656561675,36.364259057793376
3715,定穎投控,電子零組件業,83.8,2023-09-28,2023Q2,42.54,0.0,-1.64,0.0,13.19,65.95,6.02084834240566,5.104241712028301,4.453536503804927,100.0,29.555883566339,23.889708915847496,36.34460714838899
1614,三洋電,電器電纜,37.6,2023-09-28,2023Q2,31.6,0.0,10.91,21.82,-12.803333333333333,0.0,6.158832051769255,5.794160258846275,1.4000958494658915,100.0,74.0436014223397,100.0,36.32412403882694
2459,敦吉,其他電子業,57.7,2023-09-28,2023Q2,10.67,69.62335216572505,-1.28,0.0,-4.833333333333333,0.0,6.624991083888267,8.124955419441333,2.1292036624275195,100.0,52.5683285707361,81.42082142684025,36.32316067217273
2028,威致,鋼鐵工業,23.75,2023-09-28,2023Q2,16.73,59.17480998914224,-46.56,0.0,-22.23,0.0,6.746828697881385,8.734143489406927,1.6845440697472092,100.0,56.2848958912057,90.71223972801425,36.29882649512668
3094,聯傑,半導體業,33.0,2023-09-28,2023Q2,41.77,0.0,-10.64,0.0,-37.163333333333334,0.0,13.134808853118713,40.674044265593565,1.21482818903505,100.0,82.8386949874768,100.0,36.10110663983903
3118,進階,生技醫療業,30.35,2023-09-28,2023Q2,0.0,0.0,12.79,25.58,15.719999999999999,78.6,10.30408752627185,26.52043763135925,0.17418306898528568,0.0,63.0,100.0,36.093065644703884
4556,旭然,其他業,29.85,2023-09-28,2023Q2,0.0,0.0,18.18,36.36,-23.47666666666667,0.0,4.980992767645162,0.0,9.192445703493862,100.0,48.0,70.0,36.09
4760,勤凱,其他電子業,77.2,2023-09-28,2023Q2,0.0,0.0,-12.93,0.0,50.23333333333333,100.0,13.10186146011271,40.50930730056355,-1.0123787053037352,0.0,68.0,100.0,36.07639609508453
8478,東哥遊艇,運動休閒,376.0,2023-09-28,2023Q2,17.04,30.96402375130982,20.19,40.38,-6.273333333333333,0.0,38.49686145519495,100.0,0.5460363478586713,6.5766211226673255,46.187219366547,65.4680484163675,36.053531441301196
2397,友通,電腦及週邊設備業,68.2,2023-09-28,2023Q2,14.15,86.1462093862816,12.07,24.14,-2.8833333333333333,0.0,4.260121065378496,0.0,4.078441481587748,100.0,25.4448309743653,13.612077435913248,36.01082868221948
2108,南帝,橡膠工業,36.2,2023-09-28,2023Q2,27.01,41.13260781942765,-56.25,0.0,-11.950000000000001,0.0,9.417745992408195,22.088729962040972,1.1491521754816365,92.73602506880522,83.1528529466938,100.0,35.973775290009954
2399,映泰,電腦及週邊設備業,23.3,2023-09-28,2023Q2,122.63,0.0,78.57,100.0,0.9433333333333334,4.716666666666667,-1.866696777736438,0.0,-1.7338628706575336,0.0,83.2782039271399,100.0,35.943333333333335
8039,台虹,電子零組件業,42.65,2023-09-28,2023Q2,24.8,1.4525306978137253,-78.26,0.0,6.323333333333333,31.616666666666664,2.6235219821987394,0.0,12.747849618246835,100.0,57.8240500600492,94.56012515012301,35.92459891812701
3357,臺慶科,電子零組件業,109.5,2023-09-28,2023Q2,0.0,0.0,-46.79,0.0,-11.916666666666666,0.0,12.870333167683476,39.35166583841738,1.7390755866867893,100.0,61.0,100.0,35.90274987576261
5201,凱衛,資訊服務業,30.9,2023-09-28,2023Q2,0.0,0.0,3960.0,100.0,-8.78,0.0,-1.8957561637103306,0.0,0.5307920858937133,4.398869413387614,81.0,100.0,35.879773882677526
1104,環泥,水泥工業,26.05,2023-09-28,2023Q2,9.11,73.25189553496209,-32.24,0.0,5.719999999999999,28.59999999999999,11.578895784211815,32.894478921059076,0.775847569863089,39.406795694727,74.604463625365,100.0,35.860720530600474
2313,華通,電子零組件業,53.0,2023-09-28,2023Q2,11.21,82.85414794848757,-71.33,0.0,-15.693333333333333,0.0,5.0430870526631395,0.2154352633156975,6.538209570509099,100.0,49.9627663298601,74.90691582465026,35.808421666811135
3362,先進光,光電業,145.5,2023-09-28,2023Q2,0.0,0.0,-55.03,0.0,22.263333333333332,100.0,5.705752056626969,3.5287602831348464,0.839148388780656,48.449769825808005,42.0,55.00000000000001,35.719268007631825
6442,光聖,通信網路業,76.1,2023-09-28,2023Q2,21.14,50.0,-52.94,0.0,-23.066666666666663,0.0,6.83935308717303,9.196765435865148,2.777697204093143,100.0,57.3063318524612,93.265829631153,35.70609777849507
5465,富驊,電腦及週邊設備業,50.5,2023-09-28,2023Q2,0.0,0.0,14.14,28.28,29.246666666666666,100.0,7.155330371913441,10.776651859567203,0.08344866840418202,0.0,48.0,70.0,35.68649777893508
3413,京鼎,半導體業,185.5,2023-09-28,2023Q2,8.13,100.0,-14.59,0.0,-23.820000000000004,0.0,15.555282372146802,52.77641186073401,0.8267263003875797,46.67518576965424,53.6627161661957,84.15679041548924,35.667177974589876
6412,群電,電子零組件業,114.5,2023-09-28,2023Q2,14.79,61.410601976639725,-11.08,0.0,-9.19,0.0,9.218841284465313,21.094206422326565,2.188532648012882,100.0,45.4249529181548,63.562382295386996,35.66142939055166
1605,華新,電器電纜,36.8,2023-09-28,2023Q2,11.25,72.4939717533586,-69.37,0.0,0.22,1.0999999999999999,4.396435051097669,0.0,2.2570478911605667,100.0,52.7660949606603,81.91523740165074,35.66092091550093
8114,振樺電,電腦及週邊設備業,105.0,2023-09-28,2023Q2,12.98,91.4259927797834,-51.06,0.0,-25.959999999999997,0.0,12.730137437219552,38.65068718609776,3.9625572471840576,100.0,22.8380791469837,7.095197867459246,35.64972214263893
6192,巨路,其他電子業,84.8,2023-09-28,2023Q2,9.23,80.4708097928437,9.21,18.42,3.23,16.150000000000002,18.009131418051926,65.04565709025962,0.12580584620859261,0.0,60.4900609285077,100.0,35.63892954282332
3675,德微,半導體業,276.5,2023-09-28,2023Q2,0.0,0.0,-25.33,0.0,-24.973333333333333,0.0,17.78291204496794,63.914560224839704,1.6022603695163264,100.0,44.0,60.0,35.587184033725954
6294,智基,文化創意業,114.0,2023-09-28,2023Q2,0.0,0.0,0.0,0.0,0.38666666666666655,1.9333333333333327,28.318580442545727,100.0,0.9693394181583158,67.04848830833083,47.0,67.5,35.546364328332835
2612,中航,航運業,45.0,2023-09-28,2023Q2,14.33,48.87085391672548,-39.57,0.0,-14.366666666666665,0.0,9.551679878725444,22.758399393627222,2.1569625788717435,100.0,48.9700207243466,72.42505181086649,35.54335048180328
2425,承啟,電腦及週邊設備業,44.3,2023-09-28,2023Q2,17.44,71.29963898916967,-44.63,0.0,23.903333333333332,100.0,3.260284037091515,0.0,-2.104505625441547,0.0,53.5790221550814,83.94755538770349,35.52471943768732
3311,閎暉,通信網路業,39.35,2023-09-28,2023Q2,25.39,29.895931882686845,9.21,18.42,2.4333333333333336,12.166666666666668,3.858891407207283,0.0,1.0399985878698017,77.14265540997167,79.3144259001367,100.0,35.456457603596355
3056,富華新,建材營造業,28.35,2023-09-28,2023Q2,3.23,100.0,-37.31,0.0,7.2100000000000035,36.05000000000002,26.842080012400064,100.0,-4.737930016967074,0.0,32.8105861888797,32.02646547219924,35.41264654721993
3021,鴻名,電子零組件業,22.7,2023-09-28,2023Q2,12.61,74.46840371368674,-12.5,0.0,-31.463333333333328,0.0,5.313940052068107,1.5697002603405341,3.081153296464301,100.0,50.7637915671155,76.90947891778875,35.37324330219863
4729,熒茂,光電業,15.5,2023-09-28,2023Q2,0.0,0.0,24.24,48.48,-24.3,0.0,3.4328055987951958,0.0,1.316933710336161,100.0,33.0,32.5,35.37
1762,中化生,生技醫療業,59.0,2023-09-28,2023Q2,11.46,92.92828685258964,-24.23,0.0,-20.82,0.0,18.270208763904048,66.35104381952024,0.7123396553457795,30.334236477968496,67.2790005717038,100.0,35.312332553780706
4974,亞泰,電子零組件業,67.1,2023-09-28,2023Q2,0.0,0.0,-18.67,0.0,-9.799999999999999,0.0,12.066863675964424,35.334318379822115,1.7021728271728271,100.0,64.0,100.0,35.30014775697332
6527,明達醫,生技醫療業,88.0,2023-09-28,2023Q2,0.0,0.0,27.84,55.67999999999999,3.8433333333333337,19.21666666666667,15.018983891432402,50.094919457162014,0.4315376985740069,0.0,74.0,100.0,35.27757125190763
1323,永裕,塑膠工業,31.5,2023-09-28,2023Q2,18.1,85.48387096774192,-38.82,0.0,-11.049999999999999,0.0,6.53938396711577,7.696919835578848,4.608864548175508,100.0,42.2699146041781,55.67478651044524,35.27040372315554
2385,群光,電子零組件業,115.5,2023-09-28,2023Q2,11.76,79.55974842767296,-7.33,0.0,-17.846666666666668,0.0,7.9433752885015725,14.716876442507862,2.5985418630121084,100.0,40.246721637295,50.61680409323751,35.22518671846723
2488,漢平,其他電子業,35.45,2023-09-28,2023Q2,8.56,85.51789077212806,21.37,42.74,-19.356666666666666,0.0,12.974637991066865,39.873189955334325,-0.3185852545440239,0.0,67.8592004365129,100.0,35.217767570512954
6733,博晟生醫,生技醫療業,36.0,2023-09-28,2023Q2,0.0,0.0,10.39,20.78,118.37,100.0,-171.26420454545453,0.0,0.0,0.0,90.0,100.0,35.195
8927,北基,油電燃氣業,59.0,2023-09-28,2023Q2,0.0,0.0,-62.5,0.0,13.943333333333333,69.71666666666667,1.6199075630417301,0.0,6.067814897698209,100.0,25.0,12.5,35.193333333333335
3563,牧德,光電業,203.5,2023-09-28,2023Q2,20.68,43.56664951106537,-8.72,0.0,3.94,19.7,33.196110044186014,100.0,0.5657977658601685,9.39968083716693,85.5027849628954,100.0,35.17660111853992
6182,合晶,半導體業,44.0,2023-09-28,2023Q2,0.0,0.0,-57.37,0.0,-25.113333333333333,0.0,17.829002064347595,64.14501032173797,2.931123465759883,100.0,42.0,55.00000000000001,35.1217515482607
2395,研華,電腦及週邊設備業,345.0,2023-09-28,2023Q2,22.98,46.299638989169665,18.14,36.28,-16.48333333333333,0.0,20.1351090767529,75.67554538376451,0.1437992975306253,0.0,60.7843186094392,100.0,35.051295706481646
1232,大統益,食品工業,141.5,2023-09-28,2023Q2,23.16,39.451073985680196,-29.21,0.0,-3.146666666666667,0.0,6.422244896772803,7.111224483864014,1.7457891587573928,100.0,62.8162017407296,100.0,35.01179107114762
3313,斐成,其他業,10.65,2023-09-28,2023Q2,0.0,0.0,92.42,100.0,-100.0,0.0,-2579.0203327171907,0.0,0.0,0.0,76.0,100.0,35.0
1445,大宇,紡織纖維,21.3,2023-09-28,2023Q2,42.6,0.0,221.05,100.0,-8.74,0.0,4.007970425803856,0.0,-1.6526241230437129,0.0,79.0958151087923,100.0,35.0
4903,聯光通,通信網路業,15.1,2023-09-28,2023Q2,0.0,0.0,68.42,100.0,-43.31666666666666,0.0,-12.141594816044558,0.0,0.0,0.0,79.0,100.0,35.0
8059,凱碩,通信網路業,14.4,2023-09-28,2023Q2,0.0,0.0,286.67,100.0,-76.72,0.0,1.4659788585128222,0.0,-6.9750785380430615,0.0,71.0,100.0,35.0
5202,力新,資訊服務業,15.2,2023-09-28,2023Q2,0.0,0.0,106.67,100.0,-17.900000000000002,0.0,-54.10706224802703,0.0,-3.4530022005658596,0.0,95.0,100.0,35.0
5484,慧友,光電業,21.45,2023-09-28,2023Q2,0.0,0.0,96.95,100.0,-2.6200000000000006,0.0,-17.363331994107405,0.0,0.0,0.0,72.2762824806166,100.0,35.0
3083,網龍,文化創意業,43.6,2023-09-28,2023Q2,0.0,0.0,1000.0,100.0,-29.03333333333333,0.0,-10.02559990997834,0.0,-1.8267021276595745,0.0,88.0,100.0,35.0
3054,立萬利,食品工業,21.2,2023-09-28,2023Q2,0.0,0.0,106.67,100.0,-8.480000000000002,0.0,-100.12426570266607,0.0,-6.082625256372693,0.0,95.7866354727385,100.0,35.0
1516,川飛,其他業,17.0,2023-09-28,2023Q2,17.0,50.0,-58.06,0.0,-72.495,0.0,3.0072346526398333,0.0,4.909071413253271,100.0,96.0548578612236,100.0,35.0
6212,理銘,建材營造業,47.1,2023-09-28,2023Q2,0.0,0.0,-20.45,0.0,1207.1733333333334,100.0,27.53213054711835,100.0,-15.13209593150164,0.0,18.0,0.0,35.0
4303,信立,塑膠工業,19.1,2023-09-28,2023Q2,0.0,0.0,342.42,100.0,-56.6,0.0,-10.032690169834787,0.0,0.32833744504832035,0.0,60.0,100.0,35.0
2485,兆赫,通信網路業,24.2,2023-09-28,2023Q2,93.08,0.0,86.67,100.0,-12.520000000000001,0.0,-5.742288505366791,0.0,0.0,0.0,69.5135306008777,100.0,35.0
9902,台火,其他業,11.75,2023-09-28,2023Q2,83.93,0.0,143.18,100.0,-80.18666666666667,0.0,-15.296060245983858,0.0,-2.4645656863260905,0.0,94.3233825412741,100.0,35.0
8429,金麗-KY,貿易百貨業,10.05,2023-09-28,2023Q2,0.0,0.0,80.0,100.0,0.0,0.0,-52.33554330979852,0.0,0.0,0.0,89.9542239325855,100.0,35.0
3002,歐格,電腦及週邊設備業,13.3,2023-09-28,2023Q2,95.0,0.0,70.0,100.0,-18.639999999999997,0.0,-0.5617857914123119,0.0,0.0,0.0,66.4497051087258,100.0,35.0
2065,世豐,鋼鐵工業,57.5,2023-09-28,2023Q2,0.0,0.0,-14.86,0.0,-24.103333333333335,0.0,12.996738949642731,39.98369474821366,1.8820348304307974,100.0,56.0,90.0,34.997554212232046
3607,谷崧,電子零組件業,14.65,2023-09-28,2023Q2,0.0,0.0,55.88,100.0,-2.97,0.0,-9.827516763182558,0.0,0.0,0.0,59.9069222753849,99.76730568846224,34.97673056884622
5007,三星,鋼鐵工業,54.9,2023-09-28,2023Q2,16.39,61.020629750271446,-13.37,0.0,-3.61,0.0,17.48120376504404,62.4060188252202,0.8327999716097086,47.542853087101236,81.7561808304977,100.0,34.97153641623042
6509,聚和,化學工業,37.5,2023-09-28,2023Q2,0.0,0.0,-8.92,0.0,-24.683333333333334,0.0,12.603406056253577,38.017030281267886,2.2063006162681895,100.0,57.0,92.5,34.952554542190185
3483,力致,電腦及週邊設備業,137.0,2023-09-28,2023Q2,0.0,0.0,1.91,3.82,19.393333333333334,96.96666666666667,5.128687780095353,0.6434389004767649,0.8047200386153635,43.53143408790906,43.0,57.49999999999999,34.901135985986656
8072,陞泰,電子通路業,26.3,2023-09-28,2023Q2,27.98,0.0,-38.71,0.0,4.873333333333334,24.36666666666667,0.5254254043276252,0.0,4.051778140293638,100.0,85.2822597764091,100.0,34.873333333333335
3046,建,電腦及週邊設備業,71.4,2023-09-28,2023Q2,23.8,42.59927797833936,15.33,30.659999999999997,57.56333333333333,100.0,3.5799336888081514,0.0,-1.0824749553879043,0.0,31.4744195932147,28.686048983036756,34.79353269613761
6859,伯特光,光電業,127.5,2023-09-28,2023Q2,0.0,0.0,-28.54,0.0,-22.97,0.0,23.793600681222987,93.96800340611493,0.8740254801293021,53.432211447043166,80.0,100.0,34.78164280032587
3466,德晉,通信網路業,23.65,2023-09-28,2023Q2,0.0,0.0,88.06,100.0,-17.273333333333337,0.0,-5.407127285669796,0.0,0.0,0.0,59.0,97.5,34.75
8341,日友,綠能環保,113.5,2023-09-28,2023Q2,27.35,0.0,-64.65,0.0,-12.753333333333332,0.0,19.418511995789466,72.09255997894732,1.3971668296232294,100.0,35.5951002442318,38.9877506105795,34.71265905790005
8358,金居,電子零組件業,61.8,2023-09-28,2023Q2,0.0,0.0,-61.76,0.0,-19.80666666666667,0.0,11.228238970108775,31.141194850543876,2.046436428715275,100.0,78.0,100.0,34.67117922758158
6278,台表科,光電業,92.0,2023-09-28,2023Q2,9.29,100.0,-55.6,0.0,-29.75,0.0,4.351549809116966,0.0,1.611090140666831,100.0,38.6006369466572,46.50159236664299,34.6501592366643
2905,三商,貿易百貨業,12.45,2023-09-28,2023Q2,0.0,0.0,49.08,98.16,10.096666666666668,50.483333333333334,-6.3817152320407535,0.0,0.0,0.0,0.874594577663879,0.0,34.63666666666667
4417,金洲,紡織纖維,39.75,2023-09-28,2023Q2,0.0,0.0,2.47,4.94,-12.116666666666667,0.0,11.498388426654675,32.49194213327337,2.594260089686099,100.0,54.0,85.0,34.608791319991006
3044,健鼎,電子零組件業,192.5,2023-09-28,2023Q2,18.73,37.81072177298592,-27.44,0.0,-11.323333333333332,0.0,8.176951111319907,15.884755556599533,3.5943938328848115,100.0,53.3759824049526,83.4399560123815,34.50778111202667
4958,臻鼎-KY,電子零組件業,98.4,2023-09-28,2023Q2,9.2,94.89368074273735,-90.78,0.0,0.0,0.0,-1.2151066542442726,0.0,36.763544334380285,100.0,39.9883929602091,49.97098240052274,34.48646631432601
6215,和椿,其他電子業,24.1,2023-09-28,2023Q2,14.01,44.46327683615821,-55.77,0.0,-54.19333333333333,0.0,1.867169916932609,0.0,1.7412917081347232,100.0,74.9514649789976,100.0,34.44632768361582
3447,展達,通信網路業,41.2,2023-09-28,2023Q2,11.98,93.33017975402082,-2.9,0.0,-70.76666666666667,0.0,3.0829379372989445,0.0,11.96151617016344,100.0,40.3181829938506,50.795457484626496,34.412563723864736
3189,景碩,半導體業,108.5,2023-09-28,2023Q2,14.6,88.57803954564577,-99.25,0.0,-47.276666666666664,0.0,3.6561394647749643,0.0,199.5080802503221,100.0,42.1030226008982,55.2575565022455,34.38355960478913
4306,炎洲,塑膠工業,16.25,2023-09-28,2023Q2,11.86,100.0,-37.08,0.0,-18.30666666666667,0.0,4.956837189943329,0.0,1.2855897987045053,100.0,37.2754422074533,43.18860551863325,34.318860551863324
4426,利勤,紡織纖維,20.55,2023-09-28,2023Q2,89.35,0.0,98.57,100.0,-10.26,0.0,-0.33142953080646814,0.0,0.0,0.0,57.1379839888812,92.84495997220301,34.284495997220304
3491,昇達科,通信網路業,154.5,2023-09-28,2023Q2,0.0,0.0,-16.97,0.0,-35.99,0.0,11.30070854747767,31.50354273738835,2.9213288268255804,100.0,58.0,95.0,34.225531410608255
6284,佳邦,電子零組件業,61.5,2023-09-28,2023Q2,0.0,0.0,-16.02,0.0,3.9000000000000004,19.5,8.67588555325319,18.379427766265948,1.7831855914370454,100.0,50.0,75.0,34.15691416493989
8088,品安,半導體業,37.35,2023-09-28,2023Q2,0.0,0.0,-11.26,0.0,-9.709999999999999,0.0,10.53772703284374,27.6886351642187,1.2485354727457287,100.0,77.0,100.0,34.153295274632804
6754,匯僑設計,居家生活,48.6,2023-09-28,2023Q2,10.25,75.9393063583815,-33.33,0.0,-15.706666666666669,0.0,5.592587318654926,2.962936593274632,1.6745199888693072,100.0,44.3772551792588,60.94313794814701,34.13268491964405
4566,時碩工業,電機機械,55.9,2023-09-28,2023Q2,13.5,87.09226467847158,-43.99,0.0,-19.176666666666666,0.0,5.101610696456986,0.5080534822849314,2.233980080642382,100.0,41.0825222511243,52.70630562781076,34.05606505297097
2010,春源,鋼鐵工業,16.95,2023-09-28,2023Q2,18.23,51.031487513572216,-3.08,0.0,-11.073333333333332,0.0,3.930013556039983,0.0,3.4917401179490466,100.0,55.7706612362574,89.4266530906435,34.04581406042158
4995,晶達,光電業,46.5,2023-09-28,2023Q2,0.0,0.0,-39.84,0.0,0.3300000000000007,1.6500000000000035,12.27033356844967,36.351667842248354,1.5937829708832654,100.0,53.0,82.5,34.03275017633726
5704,老爺知,觀光餐旅,45.55,2023-09-28,2023Q2,0.0,0.0,21.49,42.98,-8.78,0.0,22.645341776180782,88.22670888090391,0.21166812227074236,0.0,71.0,100.0,33.97900633213558
6156,松上,電子零組件業,22.15,2023-09-28,2023Q2,0.0,0.0,19.18,38.36,-21.80666666666667,0.0,2.5868803843516988,0.0,5.09079977710649,100.0,37.0,42.5,33.84
2368,金像電,電子零組件業,219.5,2023-09-28,2023Q2,30.15,0.0,-39.05,0.0,-10.036666666666667,0.0,13.442132316071593,42.210661580357964,1.9961602915966408,100.0,50.033454993276,75.08363748319,33.83996298537269
6895,宏碩系統,半導體業,111.0,2023-09-28,2023Q2,0.0,0.0,12.32,24.64,-24.506666666666664,0.0,27.224391959426942,100.0,0.593512164691204,13.358880670172008,86.0,100.0,33.8317761340344
5902,德記,居家生活,34.8,2023-09-28,2023Q2,0.0,0.0,-8.18,0.0,-5.483333333333333,0.0,10.029623137598598,25.148115687992988,1.5274789731128173,100.0,67.0,100.0,33.77221735319895
3430,奇鈦科,化學工業,44.1,2023-09-28,2023Q2,0.0,0.0,-44.76,0.0,-22.363333333333333,0.0,12.212114316699669,36.060571583498344,1.1414135265112315,91.6305037873188,68.0,100.0,33.73518649498851
8433,弘帆,居家生活,81.2,2023-09-28,2023Q2,0.0,0.0,-3.13,0.0,1.2366666666666666,6.183333333333333,15.813373067130629,54.06686533565315,1.1433490756027282,91.90701080038976,44.0,60.0,33.72809862709259
8070,長華*,電子通路業,31.05,2023-09-28,2023Q2,11.37,58.56453558504222,-27.44,0.0,-29.276666666666667,0.0,10.190290528709427,25.951452643547135,1.9958774122910465,100.0,35.8894673289596,39.72366832239899,33.72153828727619
4550,長佳,電機機械,29.2,2023-09-28,2023Q2,0.0,0.0,-12.38,0.0,64.64666666666666,100.0,4.794422357672587,0.0,0.78569584301575,40.81369185939286,42.0,55.00000000000001,33.662738371878575
2439,美律,通信網路業,84.3,2023-09-28,2023Q2,13.38,86.70766319772942,-16.6,0.0,-23.58,0.0,1.6377985111826598,0.0,3.3227112003058106,100.0,39.8854075484231,49.71351887105776,33.64211820687872
2511,太子,建材營造業,10.7,2023-09-28,2023Q2,19.45,34.843102427471884,-66.67,0.0,-13.993333333333334,0.0,7.075543469688999,10.377717348444996,2.0589464199302507,100.0,54.3481543666941,85.87038591673523,33.62800643668746
6531,愛普*,半導體業,383.0,2023-09-28,2023Q2,47.4,0.0,-54.34,0.0,-7.863333333333334,0.0,16.91958155991438,59.5979077995719,1.0116331104402718,73.09044434861026,85.779851361883,100.0,33.55777503965784
8424,惠普,建材營造業,67.3,2023-09-28,2023Q2,0.0,0.0,-16.85,0.0,-15.18,0.0,19.216974691820162,71.08487345910082,0.9508165993977032,64.40237134252904,77.0,100.0,33.54320528737093
8924,大田,運動休閒,90.3,2023-09-28,2023Q2,0.0,0.0,-72.32,0.0,-41.666666666666664,0.0,9.709624975011897,23.548124875059486,2.1087070419306775,100.0,73.0,100.0,33.53221873125892
4533,協易機,電機機械,25.8,2023-09-28,2023Q2,0.0,0.0,2180.0,100.0,-35.71,0.0,8.647614606746403,18.238073033732014,-0.6117090563871594,0.0,43.0,57.49999999999999,33.4857109550598
6548,長科*,半導體業,33.2,2023-09-28,2023Q2,0.0,0.0,-41.51,0.0,-23.456666666666667,0.0,13.646926004253027,43.23463002126513,1.732725644425623,100.0,48.0,70.0,33.485194503189774
6462,神盾,半導體業,83.4,2023-09-28,2023Q2,0.0,0.0,20.97,41.94,41.40333333333333,100.0,-33.190464897907,0.0,0.0,0.0,32.0,30.0,33.485
1231,聯華食,食品工業,88.2,2023-09-28,2023Q2,23.9,35.91885441527447,-11.84,0.0,1.1266666666666667,5.633333333333333,8.04698299263412,15.234914963170604,1.3845883319538808,100.0,45.8919643495321,64.72991087383025,33.47678044005273
4432,銘旺實,紡織纖維,24.8,2023-09-28,2023Q2,0.0,0.0,-42.25,0.0,-31.95,0.0,9.589055143006075,22.945275715030373,1.286737166776823,100.0,87.0,100.0,33.44179135725456
8415,大國鋼,鋼鐵工業,33.7,2023-09-28,2023Q2,0.0,0.0,-37.89,0.0,-8.256666666666666,0.0,16.57601917333531,57.88009586667655,1.1203756857400486,88.6250979628641,48.0,70.0,33.407033972574304
6592,和潤企業,其他業,132.0,2023-09-28,2023Q2,20.59,28.88235294117647,-3.17,0.0,24.936666666666667,100.0,19.007061473619142,70.03530736809572,-12.431721191693308,0.0,10.3850049457437,0.0,33.393531399332005
2892,第一金,金融保險業,26.55,2023-09-28,2023Q2,14.92,36.926866237211065,29.33,58.660000000000004,-6.653333333333333,0.0,46.311324950671136,100.0,-4.176029767004685,0.0,5.52810775375281,0.0,33.35768662372111
9933,中鼎,其他業,39.45,2023-09-28,2023Q2,19.15,37.35294117647059,-47.32,0.0,9.566666666666666,47.833333333333336,3.368869960299819,0.0,5.915942271225424,100.0,15.220127787291,0.0,33.30196078431373
2359,所羅門,其他電子業,37.0,2023-09-28,2023Q2,11.38,64.2749529190207,35.19,70.38,-8.366666666666667,0.0,2.9022467068100024,0.0,-0.893302735704561,0.0,57.0773112080882,92.69327802022049,33.291823093924116
1522,堤維西,汽車工業,43.6,2023-09-28,2023Q2,16.39,47.11236660389202,-12.5,0.0,2.8033333333333332,14.016666666666666,7.820076174543286,14.100380872716428,3.9064475854243907,100.0,34.6020936228428,36.505234057107,33.2801505303407
4102,永日,生技醫療業,38.55,2023-09-28,2023Q2,0.0,0.0,-29.67,0.0,-12.64,0.0,9.346260652015216,21.73130326007608,2.1679470685535747,100.0,60.0,100.0,33.25969548901141
3380,明泰,通信網路業,39.35,2023-09-28,2023Q2,22.36,44.22894985808894,8.57,17.14,-36.153333333333336,0.0,3.799876590371935,0.0,1.9993992480911593,100.0,38.1991506968049,45.49787674201225,33.25768266001012
8937,合騏,其他業,21.15,2023-09-28,2023Q2,0.0,0.0,107.69,100.0,-52.46666666666667,0.0,-4.016930062299814,0.0,0.13036630594929635,0.0,53.0,82.5,33.25
5299,杰力,半導體業,122.0,2023-09-28,2023Q2,0.0,0.0,-68.1,0.0,-24.076666666666668,0.0,16.858112788427267,59.29056394213633,1.0018502093967143,71.69288705667348,70.0,100.0,33.232162002655144
6161,捷波,電腦及週邊設備業,38.7,2023-09-28,2023Q2,0.0,0.0,-61.27,0.0,-17.853333333333335,0.0,9.285482668317067,21.42741334158534,1.7796583359696299,100.0,73.0,100.0,33.2141120012378
2331,精英,電腦及週邊設備業,29.65,2023-09-28,2023Q2,20.73,56.45306859205776,-15.05,0.0,-42.593333333333334,0.0,3.4140986846618815,0.0,4.323450592715254,100.0,50.2096486779905,75.52412169497626,33.1977190287034
6168,宏齊,光電業,22.95,2023-09-28,2023Q2,22.95,31.88368502316006,-73.87,0.0,-14.12,0.0,0.9166122690631974,0.0,1.707470519958955,100.0,71.6148635994537,100.0,33.18836850231601
3188,鑫龍騰,建材營造業,16.25,2023-09-28,2023Q2,0.0,0.0,350.0,100.0,0.0,0.0,12.221748319108253,36.10874159554126,-37.81861111111111,0.0,31.0,27.500000000000004,33.16631123933119
5432,新門,綠能環保,76.6,2023-09-28,2023Q2,0.0,0.0,-65.79,0.0,1.6133333333333344,8.066666666666672,6.9923668859376935,9.961834429688468,2.684274608972558,100.0,80.0,100.0,33.1076084977866
3632,研勤,通信網路業,14.0,2023-09-28,2023Q2,0.0,0.0,16.67,33.34,-4.13,0.0,2.183216298312522,0.0,8.956489675516224,100.0,39.0,47.5,33.085
9907,統一實,其他業,16.5,2023-09-28,2023Q2,18.54,40.94117647058824,-55.79,0.0,-25.886666666666667,0.0,4.99639357689608,0.0,3.650111311353758,100.0,55.8845329324396,89.71133233109899,33.065250880168726
3531,先益,光電業,34.25,2023-09-28,2023Q2,0.0,0.0,-59.3,0.0,3.0400000000000005,15.200000000000003,1.5593282795820755,0.0,5.274239001327526,100.0,67.0,100.0,33.04
8289,泰藝,電子零組件業,33.1,2023-09-28,2023Q2,0.0,0.0,-62.67,0.0,-44.906666666666666,0.0,9.032187836764018,20.16093918382009,2.3695879386480625,100.0,64.0,100.0,33.02414087757302
6532,瑞耘,半導體業,59.9,2023-09-28,2023Q2,0.0,0.0,-29.96,0.0,2.6366666666666676,13.183333333333339,21.79610281276818,83.9805140638409,0.769559078885445,38.508439840777854,76.0,100.0,32.93543174439837
6142,友勁,通信網路業,10.25,2023-09-28,2023Q2,25.62,28.80794701986755,0.0,0.0,-40.56,0.0,-0.14605102347694218,0.0,143.9120879120879,100.0,63.6568103271199,100.0,32.88079470198676
2474,可成,其他電子業,182.5,2023-09-28,2023Q2,11.6,62.617702448210935,1.04,2.08,-31.076666666666664,0.0,12.950994393060814,39.75497196530407,0.8528221028075693,50.403157543938484,63.083873050629,100.0,32.825647548404405
1434,福懋,紡織纖維,25.45,2023-09-28,2023Q2,31.42,28.16983326870879,-78.57,0.0,-20.3,0.0,1.392306598548708,0.0,3.308913255414006,100.0,73.4096655223604,100.0,32.81698332687088
6877,鏵友益,其他電子業,39.5,2023-09-28,2023Q2,0.0,0.0,3.23,6.460000000000001,263.6,100.0,7.259167025025192,11.295835125125961,-3.308286370277604,0.0,58.0,95.0,32.809375268768896
6147,頎邦,半導體業,68.2,2023-09-28,2023Q2,0.0,0.0,-40.42,0.0,-4.586666666666667,0.0,17.739951406368316,63.699757031841585,0.9615960668120991,65.9422952588713,77.0,100.0,32.743422606550496
5315,光聯,光電業,19.05,2023-09-28,2023Q2,0.0,0.0,-36.36,0.0,-17.16,0.0,8.598991779172813,17.994958895864066,2.477409516612237,100.0,71.0,100.0,32.69924383437961
3426,台興,電機機械,37.65,2023-09-28,2023Q2,0.0,0.0,-27.27,0.0,-17.086666666666666,0.0,8.558216816101323,17.791084080506618,1.7429382348966076,100.0,65.0,100.0,32.66866261207599
2235,謚源,電機機械,42.55,2023-09-28,2023Q2,0.0,0.0,-58.89,0.0,-22.74666666666667,0.0,12.483089661467247,37.415448307336234,1.0961116851044528,85.15881215777897,66.0,100.0,32.64407967765623
6697,東捷資訊,資訊服務業,50.1,2023-09-28,2023Q2,0.0,0.0,8.82,17.64,7.656666666666667,38.28333333333334,6.1546666197828985,5.773333098914493,0.8398962450592885,48.55660643704122,62.0,100.0,32.64398791891209
5009,榮剛,鋼鐵工業,45.45,2023-09-28,2023Q2,0.0,0.0,20.0,40.0,4.513333333333334,22.56666666666667,18.832849581008183,69.16424790504092,0.1357581563422723,0.0,51.0,77.5,32.63797051908947
5489,彩富,其他電子業,36.35,2023-09-28,2023Q2,0.0,0.0,-51.92,0.0,-8.796666666666667,0.0,8.434079892895452,17.170399464477264,3.308319825684904,100.0,80.0,100.0,32.57555991967159
5490,同亨,電腦及週邊設備業,22.0,2023-09-28,2023Q2,0.0,0.0,45.12,90.24,-56.916666666666664,0.0,-36.64979782348243,0.0,0.0,0.0,66.0,100.0,32.56
2329,華泰,半導體業,42.0,2023-09-28,2023Q2,22.83,53.95456457719815,-13.27,0.0,11.63,58.15,7.166333175999097,10.831665879995485,0.6734968209670658,24.78526013815225,55.6747509750312,89.186877437578,32.52594611110739
5015,華祺,鋼鐵工業,43.5,2023-09-28,2023Q2,0.0,0.0,-74.85,0.0,-47.949999999999996,0.0,10.33935831369604,26.696791568480204,2.74596747160805,100.0,54.0,85.0,32.50451873527203
6508,惠光,農業科技業,34.0,2023-09-28,2023Q2,0.0,0.0,-64.35,0.0,-50.21666666666667,0.0,8.328380649054504,16.64190324527252,7.363064349645801,100.0,76.0,100.0,32.49628548679088
2379,瑞昱,半導體業,395.0,2023-09-28,2023Q2,18.86,70.65628944047118,-55.47,0.0,-9.94,0.0,7.6413896369142185,13.206948184571093,1.3863473154591195,100.0,33.6833667382386,34.20841684559649,32.46751285629243
2405,輔信,電腦及週邊設備業,16.25,2023-09-28,2023Q2,325.0,0.0,-83.33,0.0,2.4033333333333338,12.01666666666667,-2.3105665782816738,0.0,17.125363932180168,100.0,82.7850788924013,100.0,32.403333333333336
2597,潤弘,建材營造業,100.5,2023-09-28,2023Q2,9.87,91.56305506216697,-23.15,0.0,-9.83,0.0,8.061018222359369,15.305091111796845,1.683322993343282,100.0,23.5233199012911,8.808299753227748,32.332899148309
6861,睿生光電,生技醫療業,85.5,2023-09-28,2023Q2,20.07,50.04980079681274,-33.33,0.0,-8.686666666666667,0.0,2.631789111520256,0.0,2.426989584386692,100.0,49.2699105043844,73.174776260961,32.322457705777374
3556,禾瑞亞,半導體業,60.7,2023-09-28,2023Q2,0.0,0.0,-44.72,0.0,-18.973333333333333,0.0,19.939296351964835,74.69648175982417,0.8947094740988772,56.38706772841103,59.0,97.5,32.231885809655836
5283,禾聯碩,電器電纜,110.0,2023-09-28,2023Q2,12.53,63.67550809507407,-24.87,0.0,-5.239999999999999,0.0,11.156829519794616,30.78414759897308,0.8896208628420236,55.66012326314623,61.526493141698,100.0,32.11719760198262
4173,久裕,生技醫療業,23.1,2023-09-28,2023Q2,0.0,0.0,18.6,37.2,15.946666666666667,79.73333333333333,7.8204465132316185,14.102232566158094,-4.259224069675376,0.0,39.0,47.5,32.11200155159038
2534,宏盛,建材營造業,19.05,2023-09-28,2023Q2,5.55,100.0,-54.07,0.0,-58.46333333333333,0.0,25.826258999076124,100.0,-0.38586196308553106,0.0,48.4105803722991,71.02645093074776,32.10264509307478
6231,系微,資訊服務業,147.0,2023-09-28,2023Q2,0.0,0.0,-59.58,0.0,-4.6066666666666665,0.0,9.38958126312263,21.947906315613146,1.403873365497724,100.0,55.0,87.5,32.04218594734197
8163,達方,電腦及週邊設備業,43.15,2023-09-28,2023Q2,12.02,95.75812274368232,-30.37,0.0,-11.786666666666667,0.0,5.156565586426278,0.7828279321313891,3.2680549115182624,100.0,29.2972296804499,23.24307420112475,32.017543884300416
6716,應廣,半導體業,80.9,2023-09-28,2023Q2,0.0,0.0,-92.59,0.0,0.49666666666666615,2.4833333333333307,8.016877637130802,15.084388185654014,2.601000351000351,100.0,57.0,92.5,32.00932489451477
6134,萬旭,電子零組件業,19.5,2023-09-28,2023Q2,0.0,0.0,73.27,100.0,-27.13,0.0,-2.5808897237829687,0.0,0.0,0.0,48.0,70.0,32.0
4545,銘鈺,電子零組件業,29.6,2023-09-28,2023Q2,20.14,29.36507936507937,-54.24,0.0,-4.159999999999999,0.0,3.7251750155911005,0.0,6.638455237544569,100.0,56.1973171717472,90.49329292936801,31.98583722944474
6756,威鋒電子,半導體業,205.0,2023-09-28,2023Q2,51.64,0.0,-82.77,0.0,-14.023333333333333,0.0,7.596120196060972,12.98060098030486,4.935947809326118,100.0,81.8985048780171,100.0,31.947090147045728
6196,帆宣,其他電子業,138.0,2023-09-28,2023Q2,10.31,72.3352165725047,47.29,94.58,-5.516666666666667,0.0,4.776443149925953,0.0,-2.4479798903897456,0.0,24.271914552861,10.679786382152496,31.946500295465718
3205,佰研,生技醫療業,41.85,2023-09-28,2023Q2,0.0,0.0,43.88,87.76,-19.683333333333334,0.0,-12.716624261917334,0.0,0.0,0.0,78.0,100.0,31.94
4549,桓達,電機機械,88.4,2023-09-28,2023Q2,0.0,0.0,-32.69,0.0,-27.930000000000003,0.0,20.78591345348364,78.9295672674182,0.8535088734886952,50.50126764124217,70.0,100.0,31.939688618361163
1321,大洋,塑膠工業,35.35,2023-09-28,2023Q2,66.7,0.0,1460.0,100.0,-32.940000000000005,0.0,0.09927601733909064,0.0,-1.1777411299691536,0.0,47.7554131806641,69.38853295166025,31.938853295166027
2347,聯強,電子通路業,64.1,2023-09-28,2023Q2,7.5,89.68636911942099,-30.17,0.0,-5.763333333333333,0.0,2.229788220824679,0.0,6.814323311208382,100.0,31.2377783897127,28.094445974281758,31.778081509370274
4168,醣聯,生技醫療業,27.7,2023-09-28,2023Q2,0.0,0.0,43.33,86.66,-5.783333333333341,0.0,-7746.488502175263,0.0,0.0,0.0,84.0,100.0,31.665
1336,台翰,電子零組件業,22.25,2023-09-28,2023Q2,0.0,0.0,-41.3,0.0,-17.330000000000002,0.0,6.985665994077723,9.928329970388617,3.3547831495347222,100.0,65.0,100.0,31.489249495558294
4735,豪展,生技醫療業,37.45,2023-09-28,2023Q2,0.0,0.0,-2.36,0.0,-26.603333333333335,0.0,6.985185720338735,9.925928601693675,2.5204383102566363,100.0,66.0,100.0,31.48888929025405
3665,貿聯-KY,其他電子業,270.0,2023-09-28,2023Q2,13.74,46.49717514124294,-40.88,0.0,0.0,0.0,7.620412018944489,13.102060094722443,2.91741874765535,100.0,39.4761825229335,48.69045630733375,31.484072159066034
6103,合邦,半導體業,37.4,2023-09-28,2023Q2,0.0,0.0,42.86,85.72,-38.85,0.0,-24.69978165938865,0.0,0.0,0.0,78.0,100.0,31.43
6133,金橋,電子零組件業,14.1,2023-09-28,2023Q2,21.04,23.974243785564543,-62.5,0.0,-38.940000000000005,0.0,0.18124168479083513,0.0,32.821417706115,100.0,56.001832024387,90.0045800609675,31.397882384653204
3059,華晶科,光電業,33.4,2023-09-28,2023Q2,23.19,30.648481729284605,-28.75,0.0,-42.836666666666666,0.0,3.498735661341893,0.0,7.623382283278067,100.0,53.1227174910115,82.80679372752874,31.345527545681335
6570,維田,電腦及週邊設備業,54.4,2023-09-28,2023Q2,0.0,0.0,0.53,1.06,-21.093333333333334,0.0,15.853202957762347,54.26601478881173,0.961568661664631,65.93838023780442,59.0,97.5,31.342578265882644
1734,杏輝,生技醫療業,32.15,2023-09-28,2023Q2,20.09,49.95019920318724,29.89,59.78,1.3266666666666662,6.633333333333331,7.921756671362139,14.608783356810692,0.5214637653576942,3.066252193956319,49.0420182691037,72.60504567275925,31.33175909657419
5309,系統電,電子零組件業,34.8,2023-09-28,2023Q2,0.0,0.0,-23.3,0.0,-17.986666666666668,0.0,6.772165709769963,8.860828548849815,1.2620573017442778,100.0,66.0,100.0,31.329124282327474
2375,凱美,電子零組件業,66.3,2023-09-28,2023Q2,19.11,35.534591194968556,-43.81,0.0,-22.22,0.0,3.538697029599827,0.0,3.4026539250564802,100.0,51.025421316469,77.56355329117251,31.30981444861411
6789,采鈺,半導體業,207.5,2023-09-28,2023Q2,74.91,0.0,-79.28,0.0,-18.790000000000003,0.0,6.702698566329069,8.513492831645344,4.639460660145747,100.0,62.3537824642068,100.0,31.2770239247468
5460,同協,電子零組件業,13.95,2023-09-28,2023Q2,0.0,0.0,25.0,50.0,8.756666666666666,43.78333333333333,-8.6604364851051,0.0,0.0,0.0,87.0,100.0,31.256666666666668
3687,歐買尬,數位雲端,83.3,2023-09-28,2023Q2,0.0,0.0,-63.83,0.0,-7.609999999999999,0.0,20.00340260858194,75.0170130429097,12.273540627750073,100.0,17.0,0.0,31.252551956436456
6274,台燿,電子零組件業,136.0,2023-09-28,2023Q2,0.0,0.0,-91.19,0.0,-13.9,0.0,6.64496813579379,8.22484067896895,14.031725273660758,100.0,61.0,100.0,31.233726101845342
8099,大世科,資訊服務業,53.6,2023-09-28,2023Q2,0.0,0.0,-7.06,0.0,5.233333333333334,26.16666666666667,4.42544199313149,0.0,4.85346390486931,100.0,44.0,60.0,31.233333333333334
5425,台半,半導體業,85.5,2023-09-28,2023Q2,0.0,0.0,-50.0,0.0,-5.343333333333334,0.0,13.237441726184313,41.18720863092157,2.472299948393856,100.0,40.0,50.0,31.178081294638236
9904,寶成,運動休閒,28.65,2023-09-28,2023Q2,11.32,70.92210967516591,-53.5,0.0,-15.189999999999998,0.0,2.998494720254791,0.0,2.8243596008407192,100.0,36.3408124606061,40.852031151515256,31.17741408266812
4111,濟生,生技醫療業,25.8,2023-09-28,2023Q2,0.0,0.0,-25.0,0.0,-5.553333333333334,0.0,6.538282694248807,7.691413471244032,1.7610412103305995,100.0,68.0,100.0,31.153712020686605
3252,海灣,觀光餐旅,20.6,2023-09-28,2023Q2,0.0,0.0,-78.38,0.0,-8.003333333333334,0.0,9.489682168859979,22.448410844299893,1.2649214659685863,100.0,51.0,77.5,31.117261626644982
8155,博智,電子零組件業,151.0,2023-09-28,2023Q2,0.0,0.0,-74.56,0.0,-17.173333333333332,0.0,6.797925947564449,8.989629737822247,3.661688235104912,100.0,59.0,97.5,31.09844446067334
9937,全國,油電燃氣業,68.2,2023-09-28,2023Q2,28.66,32.34811165845648,3.7,7.400000000000001,0.6366666666666666,3.183333333333333,3.136834430950731,0.0,1.5093599401520554,100.0,41.3829931686235,53.45748292155875,31.067226124668192
8411,福貞-KY,其他業,14.15,2023-09-28,2023Q2,0.0,0.0,87.5,100.0,0.0,0.0,0.05324141370186232,0.0,0.0,0.0,44.2349337461313,60.58733436532824,31.058733436532826
1565,精華,生技醫療業,192.5,2023-09-28,2023Q2,0.0,0.0,-44.1,0.0,-21.606666666666666,0.0,15.179483040965366,50.89741520482682,0.9684974747474747,66.92821067821068,73.0,100.0,31.020254416366157
6180,橘子,文化創意業,66.1,2023-09-28,2023Q2,0.0,0.0,-47.49,0.0,-19.349999999999998,0.0,9.673071303902159,23.365356519510794,1.4703198611455492,100.0,50.0,75.0,31.004803477926618
2221,大甲,其他業,34.35,2023-09-28,2023Q2,0.0,0.0,-75.25,0.0,-26.689999999999998,0.0,8.644112055486382,18.220560277431908,3.1549849421461404,100.0,53.0,82.5,30.983084041614788
5519,隆大,建材營造業,23.6,2023-09-28,2023Q2,5.63,100.0,4.76,9.52,-66.39333333333333,0.0,23.049616001934243,90.24808000967121,-2.9133565640596935,0.0,40.2525096728467,50.63127418211675,30.980339419662357
6530,創威,通信網路業,34.3,2023-09-28,2023Q2,0.0,0.0,-21.33,0.0,-3.1300000000000003,0.0,18.02686118998662,65.1343059499331,0.891327326722706,55.90390381752943,80.0,100.0,30.95092665599585
4915,致伸,電子零組件業,69.2,2023-09-28,2023Q2,11.63,80.33842467804732,-1.07,0.0,-28.086666666666662,0.0,4.464891467417325,0.0,2.388075744189533,100.0,31.4950842094403,28.73771052360075,30.90761352016481
8183,精星,其他電子業,49.55,2023-09-28,2023Q2,0.0,0.0,-33.69,0.0,-8.876666666666667,0.0,10.838456973918444,29.192284869592218,1.7588628927656176,100.0,46.0,65.0,30.878842730438834
2103,台橡,橡膠工業,23.65,2023-09-28,2023Q2,28.84,33.75654977831522,-78.82,0.0,-13.703333333333333,0.0,2.566685292845151,0.0,2.337139876144319,100.0,49.2302093089235,73.07552327230876,30.6832073050624
6624,萬年清,綠能環保,45.95,2023-09-28,2023Q2,0.0,0.0,12.77,25.540000000000003,66.25666666666667,100.0,-8.891067723875295,0.0,0.0,0.0,37.0,42.5,30.635
3303,岱稜,其他電子業,26.4,2023-09-28,2023Q2,0.0,0.0,-62.96,0.0,-20.796666666666667,0.0,6.087780471026116,5.4389023551305815,2.0146374019749116,100.0,59.0,97.5,30.565835353269588
3312,弘憶股,電子通路業,18.75,2023-09-28,2023Q2,9.52,73.44189786891837,-65.64,0.0,-17.243333333333336,0.0,1.546970636802139,0.0,15.350954301222956,100.0,32.818905550167,32.04726387541751,30.54891617443359
2317,鴻海,其他電子業,104.0,2023-09-28,2023Q2,11.57,62.843691148775896,-26.93,0.0,-9.636666666666665,0.0,2.582175412598625,0.0,4.8035756581492794,100.0,37.0146811920785,42.536702980196246,30.538039412897213
1709,和益,化學工業,21.15,2023-09-28,2023Q2,16.27,67.36922295581515,-67.83,0.0,-11.353333333333333,0.0,4.2988048520285655,0.0,0.9824447808561475,68.92068297944964,62.266992018796,100.0,30.52105889147144
3047,訊舟,通信網路業,13.9,2023-09-28,2023Q2,18.29,63.48155156102177,-82.26,0.0,-26.86,0.0,-5.261280201315559,0.0,16.97756273015329,100.0,36.5951146644689,41.48778666117225,30.4969338222194
6109,亞元,通信網路業,13.95,2023-09-28,2023Q2,0.0,0.0,-29.41,0.0,-22.223333333333333,0.0,5.601229782208518,3.006148911042592,1.706580900544285,100.0,60.0,100.0,30.45092233665639
1235,興泰,食品工業,79.0,2023-09-28,2023Q2,19.32,57.78042959427208,-32.61,0.0,76.99666666666667,100.0,-22.924484824544077,0.0,-2.72543381259296,0.0,38.4988848018567,46.24721200464174,30.40276415989138
3010,華立,電子通路業,93.1,2023-09-28,2023Q2,10.78,63.3092078809811,-31.29,0.0,-6.616666666666667,0.0,3.863143460292723,0.0,1.3710419311512207,100.0,36.227399738662,40.568499346655,30.387770722763612
3305,昇貿,其他電子業,60.6,2023-09-28,2023Q2,55.6,0.0,-74.68,0.0,-21.246666666666666,0.0,6.6235638285090355,8.117819142545176,3.9581530459381153,100.0,56.6421278446145,91.60531961153625,30.378204832535403
2201,裕隆,汽車工業,83.0,2023-09-28,2023Q2,0.0,0.0,227.03,100.0,0.06000000000000005,0.30000000000000027,12.089002621573659,35.44501310786829,-4.092386503150372,0.0,14.0528063471449,0.0,30.376751966180244
1742,台蠟,化學工業,16.5,2023-09-28,2023Q2,0.0,0.0,-6.0,0.0,-49.91,0.0,12.16804168475901,35.84020842379505,3.0573712296452373,100.0,40.0,50.0,30.376031263569256
3086,華義,文化創意業,62.5,2023-09-28,2023Q2,0.0,0.0,-67.27,0.0,-7.516666666666666,0.0,5.483074194876342,2.41537097438171,1.9910109592414726,100.0,88.0,100.0,30.362305646157257
6259,百徽,電子零組件業,19.8,2023-09-28,2023Q2,0.0,0.0,-30.77,0.0,-34.09,0.0,5.463584322901958,2.317921614509788,3.458370132476917,100.0,69.0,100.0,30.347688242176467
3064,泰偉,文化創意業,11.6,2023-09-28,2023Q2,0.0,0.0,94.9,100.0,3.8366666666666664,19.183333333333334,-62.72561143515157,0.0,0.0,0.0,26.0,15.0,30.336666666666666
1907,永豐餘,造紙工業,32.55,2023-09-28,2023Q2,33.91,57.677647699428256,-73.91,0.0,-12.76,0.0,-1.033743086038364,0.0,3.604361644856717,100.0,38.2042674647863,45.510668661965745,30.3188316361394
2643,捷迅,航運業,69.5,2023-09-28,2023Q2,0.0,0.0,-62.02,0.0,-44.21666666666667,0.0,9.090937854365787,20.454689271828936,1.1198999751020275,88.55713930028966,58.0,95.0,30.279631250832274
2352,佳世達,電腦及週邊設備業,44.65,2023-09-28,2023Q2,10.86,100.0,-10.39,0.0,-19.86,0.0,2.7235115156707694,0.0,7.327744651051689,100.0,21.0782642363411,2.6956605908527465,30.269566059085275
4767,誠泰科技,化學工業,28.25,2023-09-28,2023Q2,0.0,0.0,-11.22,0.0,-0.8966666666666671,0.0,5.35552900761737,1.7776450380868483,4.883756679598858,100.0,62.0,100.0,30.266646755713026
6138,茂達,半導體業,143.5,2023-09-28,2023Q2,0.0,0.0,-71.18,0.0,-9.950000000000001,0.0,10.326713497236204,26.633567486181022,2.0853732229915196,100.0,45.0,62.5,30.245035122927153
4127,天良,生技醫療業,13.45,2023-09-28,2023Q2,0.0,0.0,-65.79,0.0,-8.95,0.0,5.241305966181006,1.2065298309050299,1.7848778855804617,100.0,73.0,100.0,30.180979474635755
6151,晉倫,其他電子業,26.45,2023-09-28,2023Q2,0.0,0.0,-17.48,0.0,0.9266666666666671,4.6333333333333355,5.6414502261371355,3.2072511306856772,1.3175840129809129,100.0,55.0,87.5,30.157754336269516
8176,智捷,通信網路業,11.2,2023-09-28,2023Q2,0.0,0.0,40.3,80.6,-1.2033333333333331,0.0,-16.435098335854764,0.0,0.0,0.0,64.0,100.0,30.15
2480,敦陽科,資訊服務業,115.0,2023-09-28,2023Q2,15.58,66.16895345708905,13.86,27.72,4.54,22.7,12.46150181689267,37.30750908446335,-0.32068908933597207,0.0,45.6147505188756,64.03687629718901,30.086709338097307
5880,合庫金,金融保險業,25.6,2023-09-28,2023Q2,17.3,18.889730958696482,6.56,13.119999999999997,9.906666666666668,49.53333333333334,39.935778353457195,100.0,-5.646136272158824,0.0,4.89206680815442,0.0,30.075639762536316
8401,白紗科,其他業,21.2,2023-09-28,2023Q2,0.0,0.0,-51.19,0.0,-3.566666666666667,0.0,5.096583264512889,0.482916322564444,4.220150167305966,100.0,71.0,100.0,30.072437448384665
1904,正隆,造紙工業,28.65,2023-09-28,2023Q2,36.73,50.0,-83.8,0.0,-4.72,0.0,2.9273412182244307,0.0,5.953404995992683,100.0,40.2385296468296,50.596324117074,30.0596324117074
6615,慧智,生技醫療業,39.45,2023-09-28,2023Q2,0.0,0.0,-57.89,0.0,0.033333333333333215,0.16666666666666607,-2.544271618768581,0.0,3.453309692671395,100.0,77.0,100.0,30.03333333333333
2755,揚秦,觀光餐旅,117.5,2023-09-28,2023Q2,0.0,0.0,2.46,4.92,14.456666666666669,72.28333333333335,7.181444572937097,10.907222864685483,0.7085603236802701,29.794331954324306,47.0,67.5,30.031616487234356
6223,旺矽,半導體業,205.0,2023-09-28,2023Q2,0.0,0.0,2.48,4.96,8.633333333333333,43.166666666666664,18.8713943529682,69.35697176484099,0.4842262696730798,0.0,59.0,97.5,30.02687909805948
2444,兆勁,通信網路業,12.35,2023-09-28,2023Q2,25.2,30.79470198675498,-222.58,0.0,25.53,100.0,-5.373207021601513,0.0,0.0,0.0,47.7163286224941,69.29082155623526,30.008552354299024
3016,嘉晶,半導體業,57.0,2023-09-28,2023Q2,45.24,0.0,-80.43,0.0,-30.69333333333333,0.0,3.7481495711784882,0.0,3.110420718733275,100.0,65.082547941719,100.0,30.0
8374,羅昇,電機機械,28.55,2023-09-28,2023Q2,0.0,0.0,-95.95,0.0,-22.830000000000002,0.0,0.41690404250265267,0.0,51.638546182060686,100.0,63.7895237106089,100.0,30.0
3490,單井,光電業,23.8,2023-09-28,2023Q2,0.0,0.0,-77.78,0.0,-28.80333333333333,0.0,-3.8305388121358677,0.0,4.485835341031819,100.0,77.0,100.0,30.0
5426,振發,電腦及週邊設備業,14.5,2023-09-28,2023Q2,0.0,0.0,-81.36,0.0,-38.68666666666667,0.0,-3.0592815310826227,0.0,10.048202877976383,100.0,77.0,100.0,30.0
1423,利華,紡織纖維,23.7,2023-09-28,2023Q2,53.86,0.0,-31.03,0.0,-6.403333333333333,0.0,-80.51923138408415,0.0,2.970623799701259,100.0,90.5553157521287,100.0,30.0
6209,今國光,光電業,27.65,2023-09-28,2023Q2,83.79,0.0,-71.43,0.0,-22.016666666666666,0.0,-2.406027657583077,0.0,48.336833814649516,100.0,69.3598044902492,100.0,30.0
6213,聯茂,電子零組件業,91.2,2023-09-28,2023Q2,45.6,0.0,-90.15,0.0,-8.326666666666666,0.0,1.5944690376958097,0.0,7.513736144880636,100.0,60.5601571032045,100.0,30.0
1416,廣豐,其他業,10.3,2023-09-28,2023Q2,30.29,0.0,0.0,0.0,-15.49,0.0,-6.536521629177964,0.0,620.0,100.0,79.1504004177069,100.0,30.0
6236,中湛,其他業,29.9,2023-09-28,2023Q2,0.0,0.0,-1020.0,0.0,88.81,100.0,-87.9782301955251,0.0,0.0,0.0,89.0,100.0,30.0
4529,淳紳,其他業,9.88,2023-09-28,2023Q2,0.0,0.0,-139.8,0.0,158.52666666666667,100.0,-1756.8453930244666,0.0,0.0,0.0,95.0,100.0,30.0
4142,國光生,生技醫療業,34.1,2023-09-28,2023Q2,0.0,0.0,-163.64,0.0,106.78333333333332,100.0,-213.28079473874072,0.0,0.0,0.0,61.5014551530993,100.0,30.0
4726,永昕,生技醫療業,38.0,2023-09-28,2023Q2,0.0,0.0,-210.94,0.0,30.89,100.0,-95.7726049764755,0.0,0.0,0.0,69.0,100.0,30.0
4702,中美實,居家生活,13.05,2023-09-28,2023Q2,0.0,0.0,-89.06,0.0,-8.783333333333333,0.0,-0.13189761649074944,0.0,18.34594383775351,100.0,77.0,100.0,30.0
1727,中華化,化學工業,29.2,2023-09-28,2023Q2,34.35,0.0,-38.24,0.0,-26.290000000000003,0.0,1.5898648429800248,0.0,3.7324897128445644,100.0,65.4090845454519,100.0,30.0
1711,永光,化學工業,19.35,2023-09-28,2023Q2,56.91,0.0,-79.07,0.0,-12.700000000000001,0.0,1.3606280125444508,0.0,8.317933296883544,100.0,63.766704675323,100.0,30.0
2227,裕日車,汽車工業,187.5,2023-09-28,2023Q2,29.71,0.0,-50.0,0.0,32.12333333333333,100.0,1.9251341907733377,0.0,-0.3867132663462939,0.0,70.1098168054203,100.0,30.0
3498,陽程,其他電子業,32.75,2023-09-28,2023Q2,0.0,0.0,-36.36,0.0,36.913333333333334,100.0,-15.861115964357756,0.0,0.0,0.0,68.0,100.0,30.0
1813,寶利徠,生技醫療業,19.65,2023-09-28,2023Q2,0.0,0.0,-42.86,0.0,-0.17333333333333356,0.0,-19.323963093903597,0.0,3.3029531909194403,100.0,71.0,100.0,30.0
6290,良維,電子零組件業,61.7,2023-09-28,2023Q2,0.0,0.0,-42.92,0.0,-4.1000000000000005,0.0,4.976426193118757,0.0,4.901007693484004,100.0,67.0,100.0,30.0
3686,達能,半導體業,13.2,2023-09-28,2023Q2,0.0,0.0,-8.7,0.0,70.73333333333333,100.0,-235.47868821472449,0.0,0.0,0.0,99.0200721133875,100.0,30.0
4123,晟德,生技醫療業,45.85,2023-09-28,2023Q2,0.0,0.0,-95.07,0.0,103.57,100.0,0.9276824776923648,0.0,-17.72358472855119,0.0,70.0,100.0,30.0
6446,藥華藥,生技醫療業,336.0,2023-09-28,2023Q2,0.0,0.0,-1.71,0.0,77.76666666666667,100.0,-52.51082239015239,0.0,0.0,0.0,91.0,100.0,30.0
6415,矽力*-KY,半導體業,304.5,2023-09-28,2023Q2,46.92,0.0,-96.91,0.0,0.0,0.0,-7.453242860689705,0.0,12.980467835242894,100.0,89.2757303406142,100.0,30.0
6432,今展科,電子零組件業,38.1,2023-09-28,2023Q2,0.0,0.0,-47.9,0.0,31.506666666666664,100.0,0.9458840497792677,0.0,-8.199269995768091,0.0,60.0,100.0,30.0
6154,順發,電子通路業,15.9,2023-09-28,2023Q2,0.0,0.0,-48.0,0.0,-8.066666666666666,0.0,0.9078188827628215,0.0,2.574942352036895,100.0,61.0,100.0,30.0
4413,飛寶企業,紡織纖維,15.1,2023-09-28,2023Q2,0.0,0.0,-70.87,0.0,-39.02333333333333,0.0,2.8223181032911127,0.0,1.904928346731912,100.0,70.0,100.0,30.0
6533,晶心科,半導體業,396.0,2023-09-28,2023Q2,316.8,0.0,-149.23,0.0,34.97,100.0,-47.48598653321922,0.0,0.0,0.0,91.4366212897848,100.0,30.0
6576,逸達,生技醫療業,80.3,2023-09-28,2023Q2,0.0,0.0,-357.65,0.0,527.4966666666667,100.0,-679.0432974671057,0.0,0.0,0.0,77.0,100.0,30.0
6547,高端疫苗,生技醫療業,72.8,2023-09-28,2023Q2,0.0,0.0,-14.29,0.0,7984.803333333333,100.0,0.0,0.0,0.0,0.0,68.0,100.0,30.0
1454,台富,紡織纖維,17.75,2023-09-28,2023Q2,80.68,0.0,-21.05,0.0,-15.0,0.0,0.2793998896100389,0.0,5.175205958695407,100.0,79.9449557909301,100.0,30.0
6129,普誠,半導體業,29.0,2023-09-28,2023Q2,0.0,0.0,-19.44,0.0,-21.47666666666667,0.0,1.9009448979990597,0.0,1.5192941265573523,100.0,77.0,100.0,30.0
4406,新昕纖,紡織纖維,9.83,2023-09-28,2023Q2,0.0,0.0,-78.95,0.0,-28.22666666666667,0.0,-11.156214160680872,0.0,1.7815288160115745,100.0,78.0,100.0,30.0
4131,浩泰,生技醫療業,22.5,2023-09-28,2023Q2,0.0,0.0,-12.33,0.0,25.256666666666664,100.0,-102.7078766171612,0.0,0.0,0.0,71.0,100.0,30.0
4555,氣立,電機機械,54.3,2023-09-28,2023Q2,47.22,0.0,-89.03,0.0,-38.526666666666664,0.0,2.138383888149863,0.0,16.437767505564114,100.0,62.5511709510704,100.0,30.0
6169,昱泉,文化創意業,21.8,2023-09-28,2023Q2,0.0,0.0,-188.89,0.0,4728.203333333334,100.0,-200.974634512058,0.0,0.0,0.0,75.0,100.0,30.0
6174,安,電子零組件業,22.6,2023-09-28,2023Q2,0.0,0.0,-87.36,0.0,-36.626666666666665,0.0,3.1422743673028637,0.0,2.8302384853449847,100.0,78.0,100.0,30.0
8171,天宇,綠能環保,38.4,2023-09-28,2023Q2,0.0,0.0,-100.0,0.0,-61.653333333333336,0.0,-8.5683529348806,0.0,859.0666666666667,100.0,66.0,100.0,30.0
8383,千附,半導體業,37.25,2023-09-28,2023Q2,0.0,0.0,-80.49,0.0,-47.07666666666666,0.0,4.154588905983977,0.0,2.5624808958790672,100.0,63.0,100.0,30.0
5291,邑昇,電子零組件業,27.35,2023-09-28,2023Q2,0.0,0.0,-82.64,0.0,-42.48,0.0,4.9676739297532375,0.0,2.4955742717665363,100.0,68.0,100.0,30.0
4503,金雨,電機機械,49.9,2023-09-28,2023Q2,0.0,0.0,-1.79,0.0,52.54333333333333,100.0,-39.82385716853394,0.0,0.0,0.0,89.0,100.0,30.0
3388,崇越電,電子零組件業,69.3,2023-09-28,2023Q2,0.0,0.0,-65.39,0.0,-24.906666666666666,0.0,3.6614552893045,0.0,4.720268381325133,100.0,65.0,100.0,30.0
5471,松翰,半導體業,46.6,2023-09-28,2023Q2,39.49,0.0,-81.88,0.0,-18.436666666666667,0.0,2.8664747803823185,0.0,3.7623453830664495,100.0,77.7104885342837,100.0,30.0
6510,精測,半導體業,580.0,2023-09-28,2023Q2,0.0,0.0,-98.83,0.0,-36.026666666666664,0.0,-3.5916679052619047,0.0,13.728625413320737,100.0,87.0,100.0,30.0
3666,光耀,光電業,26.25,2023-09-28,2023Q2,0.0,0.0,-291.14,0.0,21.293333333333333,100.0,-34.72830976493114,0.0,0.0,0.0,73.0,100.0,30.0
6505,台塑化,油電燃氣業,80.6,2023-09-28,2023Q2,0.0,0.0,-89.41,0.0,-28.723333333333333,0.0,-0.6344256355143185,0.0,5.013989694052283,100.0,77.6880945066069,100.0,30.0
8111,立,光電業,17.5,2023-09-28,2023Q2,0.0,0.0,-25.0,0.0,-11.6,0.0,-0.4483469096807669,0.0,2.7204814004376368,100.0,62.0,100.0,30.0
8097,常珵,通信網路業,46.9,2023-09-28,2023Q2,0.0,0.0,-95.48,0.0,-91.58999999999999,0.0,-5.947416974169742,0.0,17.833997483221477,100.0,89.0,100.0,30.0
4999,鑫禾,電子零組件業,35.05,2023-09-28,2023Q2,30.22,0.0,-84.74,0.0,-21.153333333333332,0.0,-1.3058979363197312,0.0,4.551091988963195,100.0,81.0896598481179,100.0,30.0
3652,精聯,電腦及週邊設備業,27.8,2023-09-28,2023Q2,36.1,0.0,-60.81,0.0,-20.876666666666665,0.0,0.871471206339088,0.0,5.162717722497613,100.0,71.1090207740797,100.0,30.0
1220,台榮,食品工業,13.95,2023-09-28,2023Q2,107.31,0.0,-44.83,0.0,-5.046666666666667,0.0,2.1398463982623706,0.0,10.438440032558304,100.0,72.258824613051,100.0,30.0
4950,牧東,鋼鐵工業,10.9,2023-09-28,2023Q2,0.0,0.0,-491.84,0.0,43.32333333333333,100.0,-363.4678047233196,0.0,0.0,0.0,76.0,100.0,30.0
5340,建榮,電子零組件業,67.0,2023-09-28,2023Q2,0.0,0.0,-100.0,0.0,-5.933333333333333,0.0,-0.26994612427736914,0.0,153.15174129353233,100.0,88.0,100.0,30.0
2453,凌群,資訊服務業,50.2,2023-09-28,2023Q2,18.12,52.50201775625505,27.08,54.16,4.226666666666667,21.133333333333333,5.532346688947178,2.66173344473589,0.379462781735565,0.0,45.6566671954525,64.14166798863124,29.83029525786568
4960,誠美材,光電業,12.2,2023-09-28,2023Q2,0.0,0.0,-219.61,0.0,19.82,99.1,-6.819549227018655,0.0,0.0,0.0,63.6239756279015,100.0,29.82
4190,佐登-KY,生技醫療業,65.8,2023-09-28,2023Q2,182.78,0.0,16.0,32.0,0.0,0.0,4.692498777359133,0.0,8.973076258329652,100.0,27.1870858612599,17.96771465314975,29.796771465314976
4944,兆遠,,12.1,2023-09-28,2023Q2,0.0,0.0,349.44,100.0,0.0,0.0,-158.1013208890295,0.0,0.0,0.0,39.0,47.5,29.75
3114,好德,電子零組件業,27.35,2023-09-28,2023Q2,0.0,0.0,-59.7,0.0,-0.7599999999999998,0.0,4.27396515360832,0.0,4.9598096144693,100.0,59.0,97.5,29.75
3390,旭軟,電子零組件業,17.35,2023-09-28,2023Q2,0.0,0.0,-48.81,0.0,-37.72666666666667,0.0,-2.1469530004762443,0.0,3.736898611017916,100.0,59.0,97.5,29.75
4116,明基醫,生技醫療業,56.5,2023-09-28,2023Q2,0.0,0.0,-66.91,0.0,4.92,24.6,6.088850768731746,5.444253843658728,2.206957852892521,100.0,36.0,40.0,29.73663807654881
6411,晶焱,半導體業,107.5,2023-09-28,2023Q2,0.0,0.0,-41.83,0.0,6.44,32.2,18.053258237066597,65.26629118533297,0.6202999070055797,17.1857010007971,70.0,100.0,29.667083877959364
3324,雙鴻,其他電子業,319.0,2023-09-28,2023Q2,0.0,0.0,-20.74,0.0,-10.696666666666667,0.0,8.752010155860464,18.760050779302322,1.1945954737673683,99.22792482390976,48.0,70.0,29.659592581677302
6186,新潤,建材營造業,50.9,2023-09-28,2023Q2,0.0,0.0,160.0,100.0,0.0,0.0,11.202874722960782,31.014373614803915,-22.629777910566677,0.0,14.0,0.0,29.652156042220586
1604,聲寶,電器電纜,28.5,2023-09-28,2023Q2,14.84,47.76093696176369,10.68,21.36,-0.6633333333333334,0.0,8.439852700064518,17.199263500322594,0.7931567568873268,41.87953669818955,54.2688725522506,85.6721813806265,29.63910869892532
8210,勤誠,電腦及週邊設備業,217.5,2023-09-28,2023Q2,30.04,14.440433212996396,-31.55,0.0,-31.69666666666667,0.0,9.32130670920067,21.606533546003348,3.0220791367685877,100.0,39.7805755259006,49.451438814751505,29.63016723467529
6776,展眥篕,電子通路業,53.2,2023-09-28,2023Q2,10.39,66.4455166867712,1.3,2.6,-4.53,0.0,2.2207036769435877,0.0,3.3329411703190117,100.0,29.2717724513112,23.179431128278,29.612494781504918
8938,明安,運動休閒,70.4,2023-09-28,2023Q2,0.0,0.0,-63.55,0.0,-49.79666666666666,0.0,8.133828740870207,15.669143704351034,7.890456010403019,100.0,49.0,72.5,29.600371555652654
6613,朋億*,其他電子業,128.0,2023-09-28,2023Q2,0.0,0.0,26.98,53.959999999999994,4.88,24.4,16.28197775542247,56.40988877711235,-1.144638087314446,0.0,31.0,27.500000000000004,29.58148331656685
2937,集雅社,居家生活,31.4,2023-09-28,2023Q2,0.0,0.0,-39.69,0.0,5.5633333333333335,27.816666666666666,3.2000849303747865,0.0,4.043298505785867,100.0,36.0,40.0,29.563333333333333
3551,世禾,綠能環保,73.7,2023-09-28,2023Q2,0.0,0.0,-8.31,0.0,-9.166666666666666,0.0,18.876882138304943,69.3844106915247,0.8202290515653775,45.74700736648251,70.0,100.0,29.557063077025205
8438,昶昕,綠能環保,25.8,2023-09-28,2023Q2,36.86,0.0,-61.42,0.0,-17.7,0.0,2.585104092891793,0.0,2.7268587879321995,100.0,57.5926548619473,93.98163715486825,29.398163715486824
2006,東和鋼鐵,鋼鐵工業,60.7,2023-09-28,2023Q2,12.34,83.00760043431053,-15.32,0.0,1.5833333333333333,7.916666666666666,9.728903378418433,23.644516892092167,0.7800074716549715,40.00106737928165,51.4837039347868,78.70925983696701,29.301910370131246
9949,琉園,文化創意業,13.6,2023-09-28,2023Q2,0.0,0.0,38.57,77.14,-19.033333333333335,0.0,-22.11017388435983,0.0,0.0,0.0,83.0,100.0,29.285
3036,文曄,電子通路業,111.5,2023-09-28,2023Q2,23.28,0.0,-67.8,0.0,6.946666666666666,34.733333333333334,1.6940141837320166,0.0,11.526163107495345,100.0,29.34496916319,23.362422907975002,29.282908957464166
6435,大中,半導體業,94.9,2023-09-28,2023Q2,0.0,0.0,-83.66,0.0,-1.5633333333333326,0.0,5.348338102575391,1.7416905128769544,4.188683384521921,100.0,56.0,90.0,29.261253576931544
1589,永冠-KY,電機機械,52.8,2023-09-28,2023Q2,0.0,0.0,152.73,100.0,0.0,0.0,4.53504903309874,0.0,-4.9643413329073995,0.0,37.0331853865334,42.58296346633349,29.25829634663335
3645,達邁,電子零組件業,40.9,2023-09-28,2023Q2,0.0,0.0,-149.73,0.0,48.13,100.0,-15.70161383796167,0.0,0.0,0.0,57.0069788737784,92.517447184446,29.2517447184446
3516,亞帝歐,光電業,18.3,2023-09-28,2023Q2,0.0,0.0,-53.85,0.0,-0.16666666666666666,0.0,-3.7538374184581684,0.0,12.192208951891953,100.0,57.0,92.5,29.25
6187,萬潤,半導體業,113.0,2023-09-28,2023Q2,0.0,0.0,-85.9,0.0,-52.21333333333333,0.0,0.5469905592010562,0.0,2.691852085397712,100.0,57.0,92.5,29.25
8249,菱光,電子零組件業,29.05,2023-09-28,2023Q2,11.22,82.79424977538184,11.11,22.22,-34.03333333333333,0.0,9.655263659030217,23.276318295151082,0.5669399176305988,9.56284537579983,70.5264915730017,100.0,29.23844179697081
9921,巨大,運動休閒,178.5,2023-09-28,2023Q2,16.51,34.666433810688076,-46.69,0.0,-21.833333333333332,0.0,7.663293282468382,13.316466412341912,2.5343030675485134,100.0,34.6301691570413,36.57542289260326,29.12165563218042
3058,立德,電子零組件業,20.35,2023-09-28,2023Q2,135.67,0.0,113.59,100.0,-28.83,0.0,-2.0159677311820787,0.0,-2.977744738187056,0.0,36.4136845571223,41.03421139280575,29.103421139280577
1308,亞聚,塑膠工業,24.45,2023-09-28,2023Q2,16.98,89.47602922830154,-85.47,0.0,-39.556666666666665,0.0,18.499657581238115,67.49828790619057,-0.6372727625101748,0.0,85.9679505912846,100.0,29.072346108758744
3027,盛達,通信網路業,42.25,2023-09-28,2023Q2,176.04,0.0,-51.85,0.0,59.68666666666667,100.0,0.3073334032156263,0.0,-1.661761491950171,0.0,56.0416136404434,90.1040341011085,29.01040341011085
8032,光菱,電子通路業,28.85,2023-09-28,2023Q2,0.0,0.0,-60.62,0.0,-39.809999999999995,0.0,0.4832964153225942,0.0,11.782173725151253,100.0,56.0,90.0,29.0
8182,加高,電子零組件業,30.65,2023-09-28,2023Q2,0.0,0.0,-83.5,0.0,-5.813333333333333,0.0,1.0833156267356225,0.0,12.44798492791612,100.0,56.0,90.0,29.0
2504,國產,建材營造業,25.05,2023-09-28,2023Q2,9.98,90.91178211959739,-42.62,0.0,-6.206666666666667,0.0,18.64144504658416,68.20722523292079,0.326185582710087,0.0,58.600427990389,96.5010699759725,28.97236899449511
2014,中鴻,鋼鐵工業,22.55,2023-09-28,2023Q2,0.0,0.0,-84.15,0.0,1.6066666666666667,8.033333333333333,1.1393101839685615,0.0,3.67781970696295,100.0,49.3413881662907,73.35347041572675,28.94201370823934
8908,欣雄,油電燃氣業,65.6,2023-09-28,2023Q2,0.0,0.0,-1.06,0.0,-5.366666666666667,0.0,8.587536742493093,17.937683712465464,1.5786189113889362,100.0,45.0,62.5,28.94065255686982
1590,亞德客-KY,電機機械,979.0,2023-09-28,2023Q2,32.31,0.0,1.4,2.8,0.0,0.0,30.012009875143985,100.0,0.6117664917248303,15.966641674975762,69.116893675931,100.0,28.893328334995154
1402,遠東新,紡織纖維,28.75,2023-09-28,2023Q2,25.44,51.35711516091508,-35.9,0.0,-5.97,0.0,5.394988068249855,1.974940341249276,5.197842722724309,100.0,33.8154619565262,34.5386548913155,28.88581805641045
2038,海光,鋼鐵工業,17.6,2023-09-28,2023Q2,20.23,40.173724212812175,-40.54,0.0,-32.123333333333335,0.0,0.6508398571941094,0.0,2.9888362610176658,100.0,39.4307714928099,48.57692873202476,28.875065294483697
5285,界霖,半導體業,81.2,2023-09-28,2023Q2,34.55,4.64871687000421,-61.92,0.0,-19.34,0.0,3.6732409092090044,0.0,4.818787956391308,100.0,53.6228017951785,84.05700448794626,28.870572135795047
6863,永道-KY,通信網路業,140.5,2023-09-28,2023Q2,30.81,4.2573320719016206,21.05,42.1,0.0,0.0,15.455456628697945,52.277283143489726,-0.06579264577607707,0.0,85.8645921839945,100.0,28.792325678713624
3051,力特,光電業,30.45,2023-09-28,2023Q2,29.85,0.0,-92.44,0.0,-28.679999999999996,0.0,2.4238694484677197,0.0,17.43093192333113,100.0,55.0751793091797,87.68794827294926,28.768794827294926
6195,詩肯,居家生活,40.85,2023-09-28,2023Q2,0.0,0.0,-49.61,0.0,3.1533333333333338,15.766666666666667,7.1368661110851175,10.684330555425587,4.7584218419059106,100.0,36.0,40.0,28.75598291664717
8431,匯鑽科,其他電子業,60.3,2023-09-28,2023Q2,0.0,0.0,-88.68,0.0,-18.383333333333333,0.0,3.4545584700185428,0.0,26.813717532467532,100.0,55.0,87.5,28.75
4528,江興鍛,電機機械,31.75,2023-09-28,2023Q2,0.0,0.0,-17.5,0.0,-19.216666666666665,0.0,4.1256372406628925,0.0,14.452586362487818,100.0,55.0,87.5,28.75
3455,由田,光電業,69.1,2023-09-28,2023Q2,0.0,0.0,-88.89,0.0,-56.85,0.0,6.938880441508746,9.694402207543732,7.943044102427136,100.0,49.0,72.5,28.70416033113156
3149,正達,光電業,13.9,2023-09-28,2023Q2,0.0,0.0,76.47,100.0,-29.099999999999998,0.0,-11.295775962235508,0.0,0.0,0.0,34.7675766793116,36.918941698279006,28.6918941698279
1305,華夏,塑膠工業,24.9,2023-09-28,2023Q2,0.0,0.0,-35.48,0.0,-16.94666666666667,0.0,5.354664181279342,1.7733209063967117,2.205113241389964,100.0,53.3561087453232,83.390271863308,28.60502532229031
6104,創惟,半導體業,103.5,2023-09-28,2023Q2,0.0,0.0,-97.95,0.0,0.09999999999999964,0.49999999999999817,0.41234911536129637,0.0,31.428645081460093,100.0,54.0,85.0,28.6
2376,技嘉,電腦及週邊設備業,281.5,2023-09-28,2023Q2,40.62,0.0,-52.82,0.0,28.543333333333333,100.0,4.176583496258831,0.0,-0.04647332254400968,0.0,54.298150736697,85.7453768417425,28.574537684174253
6277,宏正,電腦及週邊設備業,81.3,2023-09-28,2023Q2,13.22,90.34296028880865,2.01,4.02,-8.14,0.0,16.299114378129467,56.495571890647334,0.1412078094195684,0.0,63.2405196401971,100.0,28.513631812477968
5452,佶優,其他電子業,24.75,2023-09-28,2023Q2,0.0,0.0,-71.79,0.0,-1.0966666666666665,0.0,1.3414334545294582,0.0,5.213488539541582,100.0,54.0,85.0,28.5
8093,保銳,電子零組件業,14.8,2023-09-28,2023Q2,0.0,0.0,-622.22,0.0,54.48,100.0,-17.4250999924534,0.0,0.0,0.0,54.0,85.0,28.5
2073,雄順,鋼鐵工業,30.25,2023-09-28,2023Q2,0.0,0.0,-77.1,0.0,-32.300000000000004,0.0,3.781442482719006,0.0,3.642139123441898,100.0,54.0,85.0,28.5
5538,東明-KY,鋼鐵工業,33.0,2023-09-28,2023Q2,24.81,15.309446254071691,-87.43,0.0,0.0,0.0,1.16676015842638,0.0,10.758676748986598,100.0,47.6775447948567,69.19386198714174,28.450330824121345
2430,燦坤,電子通路業,39.25,2023-09-28,2023Q2,11.48,57.67993566546038,-39.45,0.0,-7.390000000000001,0.0,2.000107371126328,0.0,4.254898412862534,100.0,30.7112284120253,26.77807103006325,28.445800669552362
2231,為升,汽車工業,139.5,2023-09-28,2023Q2,28.53,0.0,-0.83,0.0,15.466666666666669,77.33333333333334,15.687338039417343,53.43669019708671,-0.6940831198547517,0.0,39.8317967160954,49.57949179023849,28.440119375253524
1303,南亞,塑膠工業,66.6,2023-09-28,2023Q2,116.84,0.0,-93.8,0.0,-25.246666666666666,0.0,0.5892381948229326,0.0,8.87465920763043,100.0,53.2896585170099,83.22414629252475,28.322414629252478
3646,艾恩特,電子零組件業,28.05,2023-09-28,2023Q2,0.0,0.0,-50.83,0.0,-10.853333333333333,0.0,5.007382879504659,0.036914397523295506,4.145213523899995,100.0,53.0,82.5,28.255537159628496
4183,福永生技,生技醫療業,20.0,2023-09-28,2023Q2,0.0,0.0,-9.68,0.0,-13.72,0.0,1.8808330176472612,0.0,2.78141579505836,100.0,53.0,82.5,28.25
8074,鉅橡,電子零組件業,18.9,2023-09-28,2023Q2,0.0,0.0,-15.62,0.0,-20.95,0.0,4.041913069328913,0.0,5.291019550520738,100.0,53.0,82.5,28.25
3484,崧騰,電子零組件業,41.1,2023-09-28,2023Q2,0.0,0.0,-98.94,0.0,-46.48666666666667,0.0,-0.5513811525656096,0.0,78.95082680591818,100.0,53.0,82.5,28.25
6121,新普,電腦及週邊設備業,335.0,2023-09-28,2023Q2,0.0,0.0,-24.3,0.0,-15.473333333333331,0.0,8.304895920809454,16.52447960404727,2.405347975026096,100.0,43.0,57.49999999999999,28.22867194060709
1587,吉茂,汽車工業,24.15,2023-09-28,2023Q2,19.02,30.602636534839924,-65.18,0.0,-25.486666666666668,0.0,2.936039540884803,0.0,4.64187963102979,100.0,40.6689228348443,51.67230708711076,28.22749436219507
6655,科定,其他業,120.5,2023-09-28,2023Q2,32.22,0.0,-57.63,0.0,-8.1,0.0,12.377746141471063,36.88873070735531,1.8212024985898427,100.0,30.5618641286511,26.40466032162775,28.17377563826607
2929,淘帝-KY,貿易百貨業,11.8,2023-09-28,2023Q2,9.15,100.0,16.28,32.56,0.0,0.0,-3.5919943963217715,0.0,0.0,0.0,73.3851196856348,100.0,28.14
6761,穩得,電子零組件業,79.0,2023-09-28,2023Q2,0.0,0.0,-53.85,0.0,-6.033333333333334,0.0,8.021005506830173,15.105027534150867,1.1602224576271187,94.31749394673126,48.0,70.0,28.129252919468883
1219,福壽,食品工業,19.95,2023-09-28,2023Q2,52.5,0.0,-58.82,0.0,2.033333333333333,10.166666666666666,1.9642798270326778,0.0,3.770969285652136,100.0,44.1443340853307,60.360835213326745,28.069416854666006
2642,宅配通,航運業,40.4,2023-09-28,2023Q2,33.67,0.0,-58.04,0.0,-7.376666666666668,0.0,1.7119357493787841,0.0,3.41392298488944,100.0,52.0954592738285,80.23864818457126,28.023864818457128
6150,撼訊,電腦及週邊設備業,80.7,2023-09-28,2023Q2,0.0,0.0,-140.61,0.0,43.67333333333334,100.0,-2.34386513511728,0.0,0.0,0.0,52.0,80.0,28.0
1806,冠軍,玻璃陶瓷,9.15,2023-09-28,2023Q2,0.0,0.0,16.67,33.34,9.656666666666666,48.28333333333333,4.54238113547835,0.0,0.0,0.0,67.721646738584,100.0,27.991666666666667
6431,光麗-KY,生技醫療業,18.4,2023-09-28,2023Q2,0.0,0.0,37.11,74.22,0.0,0.0,-28.151720428089792,0.0,0.0,0.0,57.6744869781394,94.18621744534849,27.97362174453485
3338,泰碩,電子零組件業,62.4,2023-09-28,2023Q2,25.06,0.0,-35.0,0.0,-21.683333333333334,0.0,5.232371794871795,1.1618589743589736,2.8744194727769785,100.0,51.0315384570072,77.578846142518,27.932163460405647
1521,大億,汽車工業,37.6,2023-09-28,2023Q2,34.81,0.0,-14.29,0.0,-2.146666666666666,0.0,3.9664786195436714,0.0,6.852713600697472,100.0,51.4921307866195,78.73032696654874,27.873032696654874
3583,辛耘,半導體業,198.0,2023-09-28,2023Q2,26.72,37.58939840134623,9.71,19.42,15.566666666666668,77.83333333333334,8.810286024567162,19.05143012283581,-0.5480006670001667,0.0,23.3255872564015,8.313968141003754,27.86971783932704
6640,均華,半導體業,120.0,2023-09-28,2023Q2,0.0,0.0,-75.75,0.0,-43.68666666666667,0.0,7.46573145877947,12.328657293897352,5.24802433011543,100.0,44.0,60.0,27.8492985940846
3548,兆利,電子零組件業,133.0,2023-09-28,2023Q2,0.0,0.0,-49.52,0.0,39.663333333333334,100.0,2.945496014112607,0.0,-0.3637236846283301,0.0,51.0,77.5,27.75
8923,時報,文化創意業,19.4,2023-09-28,2023Q2,0.0,0.0,-48.39,0.0,-21.58666666666667,0.0,4.362360854010848,0.0,1.2503540360105199,100.0,51.0,77.5,27.75
5016,松和,鋼鐵工業,28.2,2023-09-28,2023Q2,0.0,0.0,-80.14,0.0,-21.186666666666667,0.0,2.9722028895251054,0.0,10.095924308588064,100.0,51.0,77.5,27.75
8342,益張,其他業,61.0,2023-09-28,2023Q2,0.0,0.0,-49.17,0.0,-15.25,0.0,8.807647323297791,19.03823661648896,1.0908215123422316,84.40307319174737,52.0,80.0,27.736350130822817
2012,春雨,鋼鐵工業,23.55,2023-09-28,2023Q2,20.3,39.79370249728555,-69.37,0.0,-23.516666666666666,0.0,5.433752978907396,2.168764894536981,8.8312983120366,100.0,33.5431860050852,33.857965012712995,27.690481485180406
3211,順達,電腦及週邊設備業,80.3,2023-09-28,2023Q2,0.0,0.0,-17.12,0.0,0.4133333333333331,2.0666666666666655,3.314515496791829,0.0,5.3399692668860315,100.0,49.0,72.5,27.663333333333334
2414,精技,電子通路業,32.95,2023-09-28,2023Q2,12.62,48.512263771612375,-27.81,0.0,-15.136666666666668,0.0,2.2068569834768015,0.0,5.477655535992347,100.0,31.2337756947273,28.08443923681825,27.65967030084306
3131,弘塑,其他電子業,507.0,2023-09-28,2023Q2,0.0,0.0,-22.23,0.0,-7.170000000000001,0.0,19.159212645235534,70.79606322617768,0.8845707247763941,54.9386749680563,44.0,60.0,27.60714447753791
5531,鄉林,建材營造業,9.84,2023-09-28,2023Q2,0.0,0.0,98.55,100.0,-18.873333333333335,0.0,6.403916519198398,7.019582595991988,0.0,0.0,26.2047615308588,15.511903827147,27.6041277721135
8435,鉅邁,其他業,60.4,2023-09-28,2023Q2,0.0,0.0,11.06,22.12,-5.463333333333332,0.0,21.014697687963242,80.0734884398162,0.05900913822071057,0.0,75.0,100.0,27.54102326597243
3597,映興,電子零組件業,22.8,2023-09-28,2023Q2,0.0,0.0,-50.0,0.0,-48.946666666666665,0.0,0.6685995088941724,0.0,6.564143082890389,100.0,50.0,75.0,27.5
1218,泰山,食品工業,22.35,2023-09-28,2023Q2,2.09,100.0,-266.07,0.0,7.486666666666667,37.43333333333334,-6.059919356322135,0.0,0.0,0.0,81.0651051574137,100.0,27.486666666666668
3310,佳穎,電子零組件業,89.8,2023-09-28,2023Q2,0.0,0.0,5.67,11.34,76.49333333333334,100.0,10.181509782470496,25.90754891235248,0.028647875628546385,0.0,23.0,7.5,27.47113233685287
1717,長興,化學工業,28.35,2023-09-28,2023Q2,25.09,22.574911122397157,-70.63,0.0,-10.129999999999999,0.0,3.440969809795262,0.0,6.174077174422931,100.0,40.740520457812,51.851301144530005,27.44262122669272
2239,英利-KY,汽車工業,57.5,2023-09-28,2023Q2,27.91,0.0,60.0,100.0,0.0,0.0,1.713806414766617,0.0,0.0,0.0,29.3341048929008,23.335262232252003,27.3335262232252
6158,禾昌,電子零組件業,37.5,2023-09-28,2023Q2,0.0,0.0,-42.68,0.0,-1.2000000000000004,0.0,1.5786397778029224,0.0,1.3972875864503935,100.0,49.0,72.5,27.25
6171,大城地產,建材營造業,21.6,2023-09-28,2023Q2,0.0,0.0,-117.86,0.0,2643.7233333333334,100.0,-8.159993744135127,0.0,0.0,0.0,49.0,72.5,27.25
3564,其陽,通信網路業,44.0,2023-09-28,2023Q2,0.0,0.0,-66.67,0.0,-40.46666666666667,0.0,3.2729127021089135,0.0,7.9685817296436765,100.0,49.0,72.5,27.25
6506,雙邦,紡織纖維,17.35,2023-09-28,2023Q2,0.0,0.0,-99.68,0.0,-29.25,0.0,-2.583149391298567,0.0,61.01625239005736,100.0,49.0,72.5,27.25
2492,華新科,電子零組件業,102.5,2023-09-28,2023Q2,43.43,0.0,-31.04,0.0,0.27666666666666667,1.3833333333333333,3.0220538069195353,0.0,4.153893029494695,100.0,47.889952747737,69.7248818693425,27.249154853600917
6874,倍力,資訊服務業,103.0,2023-09-28,2023Q2,0.0,0.0,4.66,9.32,21.346666666666668,100.0,6.549655852380409,7.748279261902047,-3.536528464096111,0.0,35.0,37.5,27.242241889285307
3629,地心引力,文化創意業,31.9,2023-09-28,2023Q2,0.0,0.0,34.39,68.78,-97.33666666666666,0.0,-229.74505534385773,0.0,0.0,0.0,79.0,100.0,27.195
6482,弘煜科,文化創意業,34.5,2023-09-28,2023Q2,0.0,0.0,-5.6,0.0,-5.883333333333333,0.0,16.977848615945092,59.88924307972546,0.7849505659195634,40.70722370279477,73.0,100.0,27.124831202517775
5278,尚凡,數位雲端,180.0,2023-09-28,2023Q2,0.0,0.0,4.46,8.92,9.296666666666667,46.483333333333334,16.85072027105879,59.25360135529395,0.5768586274750953,10.979803925013616,38.0,45.0,27.110667654963486
3592,瑞鼎,半導體業,355.0,2023-09-28,2023Q2,17.57,76.08329827513673,-80.05,0.0,12.093333333333334,60.46666666666667,5.4164099331757845,2.0820496658789223,-0.8264148315011408,0.0,48.1496356866284,70.37408921657101,27.051379532385944
3499,環天科,通信網路業,18.3,2023-09-28,2023Q2,0.0,0.0,-600.0,0.0,17.036666666666665,85.18333333333332,-24.341114095766848,0.0,0.0,0.0,60.0,100.0,27.036666666666665
8477,創業家,數位雲端,15.2,2023-09-28,2023Q2,0.0,0.0,36.05,72.1,-49.800000000000004,0.0,-5.92171898265137,0.0,0.0,0.0,56.0,90.0,27.025
3276,宇環,電子零組件業,17.35,2023-09-28,2023Q2,0.0,0.0,-71.43,0.0,37.623333333333335,100.0,-5.846027340939459,0.0,0.16318293210321463,0.0,48.0,70.0,27.0
3630,新鉅科,光電業,37.6,2023-09-28,2023Q2,0.0,0.0,-59.35,0.0,47.98333333333333,100.0,-57.415583700522475,0.0,0.0,0.0,48.0,70.0,27.0
8240,華宏,光電業,37.1,2023-09-28,2023Q2,0.0,0.0,-34.73,0.0,-8.59,0.0,2.3256791226770175,0.0,1.543635787865805,100.0,48.0,70.0,27.0
6113,亞矽,電子通路業,14.1,2023-09-28,2023Q2,0.0,0.0,-88.51,0.0,-46.11333333333334,0.0,-1.8518012063752525,0.0,13.810748792270532,100.0,48.0,70.0,27.0
2596,綠意,建材營造業,23.35,2023-09-28,2023Q2,0.0,0.0,-148.0,0.0,1929.22,100.0,-24.10989184495145,0.0,0.0,0.0,48.0,70.0,27.0
8422,可寧衛*,綠能環保,176.5,2023-09-28,2023Q2,14.3,61.837237977805174,0.18,0.36,-43.620000000000005,0.0,31.045639761491767,100.0,0.16150970589559968,0.0,42.8290550350369,57.072637587592254,26.980987556539745
2241,艾姆勒,汽車工業,40.95,2023-09-28,2023Q2,0.0,0.0,-61.45,0.0,51.949999999999996,100.0,-32.44304485420887,0.0,0.0,0.0,47.6586887888539,69.14672197213476,26.914672197213477
2250,IKKA-KY,汽車工業,66.0,2023-09-28,2023Q2,28.21,0.0,-71.7,0.0,0.0,0.0,1.311535537024088,0.0,6.225453514739229,100.0,47.635316361479,69.0882909036975,26.90882909036975
1201,味全,食品工業,18.45,2023-09-28,2023Q2,42.91,0.0,-13.51,0.0,2.5,12.5,2.127723188489282,0.0,3.0426791353223033,100.0,37.6247740292288,44.06193507307201,26.9061935073072
8234,新漢,電腦及週邊設備業,47.65,2023-09-28,2023Q2,0.0,0.0,-25.74,0.0,-34.36,0.0,7.172447716914279,10.862238584571395,3.042638138148692,100.0,41.0,52.5,26.879335787685708
1760,寶齡富錦,生技醫療業,102.5,2023-09-28,2023Q2,410.0,0.0,-79.91,0.0,-35.13,0.0,6.485765438464104,7.42882719232052,1.0715126323960238,81.64466177086055,57.7225910806439,94.30647770160977,26.873904203181166
2360,致茂,其他電子業,276.0,2023-09-28,2023Q2,25.72,0.0,-22.24,0.0,-23.273333333333337,0.0,27.266678630408958,100.0,0.565333173768332,9.333310538333148,59.7297876049858,99.3244690124645,26.79910900891308
6120,達運,光電業,15.8,2023-09-28,2023Q2,225.71,0.0,-72.22,0.0,91.87666666666667,100.0,-3.550222742166307,0.0,0.0,0.0,47.1373311383198,67.84332784579951,26.784332784579952
8086,宏捷科,半導體業,107.5,2023-09-28,2023Q2,0.0,0.0,-360.53,0.0,16.776666666666667,83.88333333333333,-23.89235298314908,0.0,0.0,0.0,90.0,100.0,26.776666666666667
1514,亞力,電機機械,51.8,2023-09-28,2023Q2,22.92,43.19664492078286,9.4,18.8,10.913333333333334,54.56666666666668,8.594802911593526,17.974014557967628,-1.9511825148721196,0.0,36.517826622888,41.29456655722,26.75855666482877
5450,南良,其他業,17.7,2023-09-28,2023Q2,0.0,0.0,-91.8,0.0,-30.356666666666666,0.0,1.8334126807455515,0.0,2.7252793413425187,100.0,47.0,67.5,26.75
6126,信音,電子零組件業,29.25,2023-09-28,2023Q2,0.0,0.0,-24.0,0.0,-10.23,0.0,9.979408689027705,24.89704344513853,2.693869804516986,100.0,32.0,30.0,26.73455651677078
5438,東友,電腦及週邊設備業,17.3,2023-09-28,2023Q2,0.0,0.0,33.33,66.66,-18.38,0.0,-8.796558564000424,0.0,0.0,0.0,78.0,100.0,26.665
3419,譁裕,通信網路業,18.9,2023-09-28,2023Q2,63.0,0.0,33.33,66.66,-43.21,0.0,-11.76087086465094,0.0,0.0,0.0,64.0567308701995,100.0,26.665
6667,信紘科,其他電子業,71.4,2023-09-28,2023Q2,0.0,0.0,30.26,60.52000000000001,-5.133333333333334,0.0,12.649304109617624,38.24652054808812,-0.4988406931751457,0.0,43.0,57.49999999999999,26.616978082213222
5013,強新,鋼鐵工業,33.4,2023-09-28,2023Q2,0.0,0.0,-65.07,0.0,-14.209999999999999,0.0,6.742239261113461,8.711196305567306,2.2296691629003917,100.0,41.0,52.5,26.556679445835094
2357,華碩,電腦及週邊設備業,367.0,2023-09-28,2023Q2,83.41,0.0,-92.65,0.0,-3.4266666666666663,0.0,-0.6193795619676213,0.0,29.292861820128575,100.0,46.169940571382,65.424851428455,26.5424851428455
6166,凌華,電腦及週邊設備業,61.5,2023-09-28,2023Q2,28.74,20.306859205776174,-69.78,0.0,-11.96,0.0,3.9222833268287607,0.0,2.8413630625704585,100.0,38.0100265048707,45.02506626217676,26.533192546795295
6465,威潤,通信網路業,19.55,2023-09-28,2023Q2,0.0,0.0,41.55,83.1,-4.183333333333333,0.0,-23.87559691039996,0.0,0.0,0.0,43.0,57.49999999999999,26.525
4714,永捷,化學工業,13.1,2023-09-28,2023Q2,0.0,0.0,143.48,100.0,-46.74,0.0,-11.720171825610267,0.0,-8.853306086702672,0.0,26.0,15.0,26.5
8042,金山電,電子零組件業,35.0,2023-09-28,2023Q2,0.0,0.0,-61.46,0.0,-9.766666666666666,0.0,0.9029437573052739,0.0,11.167456855679879,100.0,46.0,65.0,26.5
3236,千如,電子零組件業,23.7,2023-09-28,2023Q2,0.0,0.0,-40.0,0.0,-45.69,0.0,4.309355995296392,0.0,4.257024756053488,100.0,46.0,65.0,26.5
4744,皇將,生技醫療業,29.0,2023-09-28,2023Q2,0.0,0.0,-210.45,0.0,61.196666666666665,100.0,-10.188123383142914,0.0,0.0,0.0,46.0,65.0,26.5
6728,上洋,居家生活,127.5,2023-09-28,2023Q2,0.0,0.0,-48.88,0.0,16.036666666666665,80.18333333333332,10.27228382410814,26.361419120540695,-0.6319352797613668,0.0,46.0,65.0,26.49087953474777
6606,建德工業,電機機械,24.25,2023-09-28,2023Q2,21.46,50.0,-33.82,0.0,-13.293333333333335,0.0,20.27208400612973,76.36042003064865,0.25883351007423117,0.0,70.4656395497845,100.0,26.454063004597298
6496,科懋,生技醫療業,28.7,2023-09-28,2023Q2,0.0,0.0,-167.35,0.0,16.453333333333333,82.26666666666667,-14.638766578425766,0.0,0.0,0.0,69.0,100.0,26.453333333333333
5347,世界,半導體業,68.0,2023-09-28,2023Q2,0.0,0.0,-62.59,0.0,-31.626666666666665,0.0,17.57658040464416,62.88290202322081,0.9119634289933297,58.851918427618536,41.0,52.5,26.45281898900683
4942,嘉彰,光電業,43.75,2023-09-28,2023Q2,10.75,94.67318579516211,-16.79,0.0,-17.26,0.0,12.278145112618066,36.39072556309033,0.5496716509942963,7.095950142042325,78.2139280297218,100.0,26.345117442388222
6804,明係,運動休閒,61.7,2023-09-28,2023Q2,0.0,0.0,0.36,0.72,39.77333333333333,100.0,5.21301761035199,1.0650880517599504,-1.0742555823814157,0.0,44.0,60.0,26.339763207763994
8354,冠好,其他業,14.4,2023-09-28,2023Q2,0.0,0.0,-57.33,0.0,-7.2299999999999995,0.0,-4.749615349210315,0.0,3.5651626112292307,100.0,45.0,62.5,26.25
2002,中鋼,鋼鐵工業,25.25,2023-09-28,2023Q2,0.0,0.0,-98.52,0.0,-25.386666666666667,0.0,0.7561704862919354,0.0,62.84682123040709,100.0,44.9769045922275,62.44226148056875,26.244226148056875
8349,矬,鋼鐵工業,61.7,2023-09-28,2023Q2,0.0,0.0,-50.0,0.0,3.973333333333333,19.866666666666667,3.54341811258416,0.0,5.326251159823707,100.0,29.0,22.5,26.223333333333333
2515,中工,建材營造業,10.85,2023-09-28,2023Q2,27.12,0.0,-43.75,0.0,39.21666666666667,100.0,4.8150660628858315,0.0,-10.503388171999664,0.0,44.755990274963,61.88997568740749,26.18899756874075
2506,太設,建材營造業,9.11,2023-09-28,2023Q2,0.0,0.0,-105.31,0.0,11.386666666666665,56.93333333333332,14.1137595404457,45.5687977022285,0.0,0.0,51.5877193550506,78.96929838762651,26.118916160763593
2392,正崴,電子零組件業,40.9,2023-09-28,2023Q2,17.18,47.09493860437257,-74.53,0.0,-8.036666666666667,0.0,0.8784382590199569,0.0,15.804673258149235,100.0,25.6039099900461,14.009774975115247,26.110471357948782
2527,宏璟,建材營造業,22.7,2023-09-28,2023Q2,61.35,0.0,-151.92,0.0,503.6066666666666,100.0,-10.680675811525116,0.0,0.0,0.0,43.8757582658161,59.68939566454026,25.968939566454026
2015,豐興,鋼鐵工業,67.2,2023-09-28,2023Q2,15.66,64.98371335504886,-32.35,0.0,-13.156666666666666,0.0,7.6910734025895735,13.455367012947866,0.7603692831693818,37.195611881340255,81.183809749649,100.0,25.955798763715116
4414,如興,紡織纖維,3.76,2023-09-28,2023Q2,0.0,0.0,81.1,100.0,-8.026666666666666,0.0,-7.863498967636751,0.0,0.0,0.0,23.7111331659594,9.277832914898498,25.92778329148985
1476,儒鴻,紡織纖維,487.0,2023-09-28,2023Q2,25.79,50.0,-42.01,0.0,-30.246666666666666,0.0,19.47091639476154,72.35458197380771,0.0524568219513954,0.0,68.6533431444039,100.0,25.853187296071155
6248,沛波,鋼鐵工業,27.0,2023-09-28,2023Q2,0.0,0.0,6.62,13.239999999999998,14.456666666666669,72.28333333333335,3.0936949271035115,0.0,-2.239118983013786,0.0,52.0,80.0,25.76666666666667
3707,漢磊,半導體業,72.2,2023-09-28,2023Q2,0.0,0.0,-78.95,0.0,-21.326666666666668,0.0,3.8134063919406858,0.0,3.502974733796674,100.0,43.0,57.49999999999999,25.75
5371,中光電,光電業,76.8,2023-09-28,2023Q2,0.0,0.0,-48.48,0.0,-22.46666666666667,0.0,1.342400702605344,0.0,2.3046331523782313,100.0,43.0,57.49999999999999,25.75
3028,增你強,電子通路業,31.45,2023-09-28,2023Q2,13.98,37.57539203860072,-50.0,0.0,-7.050000000000001,0.0,2.9729457569628845,0.0,9.847926949224837,100.0,27.6459258021111,19.114814505277753,25.669020654387847
2547,日勝生,建材營造業,8.61,2023-09-28,2023Q2,0.0,0.0,-357.14,0.0,38.18,100.0,12.550803853710917,37.754019268554586,0.0,0.0,18.728817416253,0.0,25.663102890283188
6438,迅得,其他電子業,101.5,2023-09-28,2023Q2,10.29,72.4858757062147,9.85,19.7,-17.063333333333333,0.0,14.520375723449483,47.601878617247415,0.4698305916740577,0.0,45.2750697195931,63.18767429898274,25.632636793106858
6578,達邦蛋白,農業科技業,17.15,2023-09-28,2023Q2,0.0,0.0,25.0,50.0,3.1233333333333326,15.616666666666662,-11.570772960363483,0.0,0.0,0.0,60.0,100.0,25.623333333333335
3546,宇峻,文化創意業,81.1,2023-09-28,2023Q2,0.0,0.0,-15.61,0.0,-22.006666666666664,0.0,20.06719173414893,75.33595867074465,0.6504479905701902,21.492570081455746,70.0,100.0,25.598907816902845
1464,得力,紡織纖維,13.5,2023-09-28,2023Q2,31.4,28.247382706475378,-96.36,0.0,-29.689999999999998,0.0,-0.29647795737452554,0.0,70.99956905839258,100.0,31.0316955786523,27.579238946630753,25.582662165310616
8050,廣積,電腦及週邊設備業,95.0,2023-09-28,2023Q2,0.0,0.0,-5.33,0.0,-14.866666666666665,0.0,8.496262711660314,17.481313558301572,1.0576715950259474,79.6673707179925,48.0,70.0,25.555671177343736
5522,遠雄,建材營造業,57.8,2023-09-28,2023Q2,10.93,85.28715216104204,-55.35,0.0,-29.613333333333333,0.0,19.09881664599692,70.4940832299846,-2.52072477936307,0.0,45.8065736824882,64.5164342062205,25.55447112122394
2947,振宇五金,居家生活,86.8,2023-09-28,2023Q2,0.0,0.0,-55.27,0.0,4.053333333333334,20.26666666666667,3.4891941986891633,0.0,2.5989547719058317,100.0,26.0,15.0,25.553333333333335
4912,聯德控股-KY,電子零組件業,84.8,2023-09-28,2023Q2,31.76,0.0,-95.24,0.0,0.0,0.0,2.1106650915283747,0.0,57.50255582458972,100.0,42.0391981632474,55.09799540811849,25.509799540811848
6781,AES-KY,電子零組件業,639.0,2023-09-28,2023Q2,20.32,28.28691224917641,-33.51,0.0,0.0,0.0,22.429193473611118,87.1459673680556,0.46366184194547333,0.0,58.3713384762542,95.92834619063551,25.49342094918953
6642,富致,電子零組件業,47.4,2023-09-28,2023Q2,0.0,0.0,-67.77,0.0,-16.576666666666668,0.0,16.401115023474176,57.005575117370874,0.7414734797912368,34.496211398748116,77.0,100.0,25.450078547355254
9960,邁達康,運動休閒,26.35,2023-09-28,2023Q2,0.0,0.0,-29.71,0.0,-25.346666666666668,0.0,10.425353513820792,27.12676756910396,1.0109481194452132,72.99258849217333,47.0,67.5,25.41753283380026
2106,建大,橡膠工業,29.45,2023-09-28,2023Q2,0.0,0.0,-98.53,0.0,-15.43,0.0,0.4469083609194485,0.0,323.089276552078,100.0,41.388462517964,53.47115629491,25.347115629491
2030,彰源,鋼鐵工業,18.2,2023-09-28,2023Q2,65.0,0.0,-93.31,0.0,-23.873333333333335,0.0,2.8949102935371287,0.0,7.7918568064845495,100.0,41.314837701751,53.28709425437751,25.32870942543775
2409,友達,光電業,16.4,2023-09-28,2023Q2,0.0,0.0,-4000.0,0.0,28.153333333333332,100.0,-13.590294455411964,0.0,0.0,0.0,40.9441640577474,52.360410144368494,25.23604101443685
6499,益安,生技醫療業,51.9,2023-09-28,2023Q2,0.0,0.0,-547.89,0.0,15.219999999999999,76.1,-424.53243010119286,0.0,0.0,0.0,84.0,100.0,25.22
2852,第一保,金融保險業,16.75,2023-09-28,2023Q2,9.05,81.41341417203486,0.0,0.0,6.36,31.8,9.083118140380048,20.41559070190024,0.5844105797863023,12.058654255186042,40.8860155042995,52.215038760748754,25.19691474960061
6782,視陽,生技醫療業,197.5,2023-09-28,2023Q2,30.76,0.0,-73.1,0.0,-15.853333333333333,0.0,11.542889443685524,32.71444721842762,0.8943588567616586,56.336979537379804,55.9425907784797,89.85647694619925,25.160210684860033
1468,昶和,紡織纖維,13.2,2023-09-28,2023Q2,264.0,0.0,-60.0,0.0,-39.123333333333335,0.0,-2.1885590843278226,0.0,2.764465313541351,100.0,40.5074494217807,51.26862355445174,25.126862355445176
3552,同致,其他電子業,131.0,2023-09-28,2023Q2,0.0,0.0,-58.05,0.0,-0.8666666666666667,0.0,5.737809369372397,3.6890468468619853,12.519814824235642,100.0,38.0,45.0,25.053357027029296
8271,宇瞻,半導體業,54.7,2023-09-28,2023Q2,13.41,93.58435002103491,-33.22,0.0,-18.419999999999998,0.0,9.326760998060287,21.633804990301435,0.5843401355024544,12.048590786064922,64.4845073140918,100.0,25.01322390786169
2067,嘉鋼,電機機械,12.95,2023-09-28,2023Q2,0.0,0.0,107.14,100.0,-4.023333333333333,0.0,-0.23007159904534608,0.0,-20.69034852546917,0.0,20.0,0.0,25.0
6747,亨泰光,,192.0,2023-09-28,2023Q2,0.0,0.0,-38.11,0.0,0.0,0.0,25.971840562055583,100.0,0.0,0.0,87.0,100.0,25.0
4943,康控-KY,電子零組件業,15.0,2023-09-28,2023Q2,0.0,0.0,82.65,100.0,0.0,0.0,-34.023762339191286,0.0,0.0,0.0,0.61795915564975,0.0,25.0
6023,元大期,金融保險業,58.4,2023-09-28,2023Q2,0.0,0.0,105.77,100.0,-0.9633333333333324,0.0,-11.02253827363859,0.0,0.20801111537688075,0.0,12.0,0.0,25.0
6591,動力-KY,電腦及週邊設備業,52.7,2023-09-28,2023Q2,17.86,69.40433212996389,-72.08,0.0,0.0,0.0,5.866447065356631,4.332235326783156,0.7784472239170226,39.778174845288945,57.7633232900052,94.40830822501299,24.986734303572952
2603,長榮,航運業,116.0,2023-09-28,2023Q2,1.75,100.0,-87.56,0.0,-60.879999999999995,0.0,15.847353051921537,54.23676525960769,-1.6516717770285123,0.0,47.3035514917504,68.258878729376,24.96140266187875
3673,TPK-KY,光電業,33.65,2023-09-28,2023Q2,36.18,0.0,-55.41,0.0,0.0,0.0,-0.7291905717611813,0.0,54.35876971868385,100.0,39.6237988141484,49.059497035371,24.9059497035371
6515,穎崴,半導體業,678.0,2023-09-28,2023Q2,22.26,56.35254522507361,-15.56,0.0,-34.01666666666667,0.0,17.26259030468014,61.31295152340069,0.3474789660125147,0.0,63.5758597235222,100.0,24.832197251017462
3317,尼克森,半導體業,57.2,2023-09-28,2023Q2,0.0,0.0,-71.87,0.0,11.123333333333335,55.61666666666667,9.936357185558263,24.681785927791317,-0.3945522423550673,0.0,84.0,100.0,24.82560122250203
4737,華廣,生技醫療業,73.8,2023-09-28,2023Q2,105.43,0.0,-90.91,0.0,-12.96,0.0,1.7150985765395448,0.0,24.30625641025641,100.0,39.0199920471991,47.54998011799776,24.754998011799778
8928,鉅明,運動休閒,34.5,2023-09-28,2023Q2,0.0,0.0,-70.16,0.0,-37.446666666666665,0.0,4.618886218695752,0.0,12.797165304172417,100.0,39.0,47.5,24.75
3227,原相,半導體業,121.0,2023-09-28,2023Q2,0.0,0.0,-43.27,0.0,14.426666666666668,72.13333333333334,4.094339250087746,0.0,0.5102510188252911,1.4644312607558736,76.0,100.0,24.719552918817843
2022,聚亨,鋼鐵工業,12.55,2023-09-28,2023Q2,0.0,0.0,0.0,0.0,-4.046666666666667,0.0,2.6466872918684876,0.0,12.661531054405392,100.0,38.8368582687375,47.09214567184375,24.709214567184375
6108,競國,電子零組件業,20.15,2023-09-28,2023Q2,111.94,0.0,-83.33,0.0,-18.036666666666665,0.0,-3.180102598111883,0.0,108.49256421811627,100.0,38.591745391982,46.479363479955005,24.6479363479955
4198,欣大健康,生技醫療業,25.05,2023-09-28,2023Q2,0.0,0.0,46.65,93.3,-36.08,0.0,-43.62468421596341,0.0,0.0,0.0,25.0,12.5,24.575
6240,松崗,資訊服務業,19.05,2023-09-28,2023Q2,0.0,0.0,-130.1,0.0,340.34,100.0,-62.055804837794625,0.0,0.0,0.0,38.0,45.0,24.5
3073,天方能源,綠能環保,29.8,2023-09-28,2023Q2,0.0,0.0,-166.67,0.0,60.21333333333334,100.0,2.664314470529696,0.0,0.0,0.0,38.0,45.0,24.5
4908,前鼎,通信網路業,69.9,2023-09-28,2023Q2,0.0,0.0,-39.89,0.0,-0.5333333333333332,0.0,21.325098142393085,81.62549071196543,0.5788238301630277,11.260547166146821,80.0,100.0,24.495933040024177
6221,晉泰,資訊服務業,63.2,2023-09-28,2023Q2,0.0,0.0,-9.95,0.0,1.633333333333334,8.16666666666667,8.30692064624514,16.534603231225702,1.0461349255405241,78.01927507721773,39.0,47.5,24.467378833460735
6609,瀧澤科,電機機械,30.85,2023-09-28,2023Q2,0.0,0.0,-87.6,0.0,-26.623333333333335,0.0,3.838120851453422,0.0,1.0831571205295578,83.30816007565112,51.0,77.5,24.411632015130223
1225,福懋油,食品工業,53.8,2023-09-28,2023Q2,96.07,0.0,-70.19,0.0,-9.226666666666667,0.0,1.6724721158492746,0.0,8.238200618108284,100.0,37.6340464864454,44.0851162161135,24.40851162161135
8092,建暐,其他電子業,11.2,2023-09-28,2023Q2,0.0,0.0,0.0,0.0,18.393333333333334,91.96666666666667,1.7451398870450223,0.0,0.0,0.0,44.0,60.0,24.393333333333334
3481,群創,光電業,13.15,2023-09-28,2023Q2,0.0,0.0,-425.93,0.0,14.533333333333333,72.66666666666667,-13.855279716172792,0.0,0.0,0.0,59.1143143747496,97.78578593687399,24.311911927020734
4121,優盛,生技醫療業,23.8,2023-09-28,2023Q2,0.0,0.0,-92.31,0.0,-19.57,0.0,1.303031774551223,0.0,13.565228491192238,100.0,37.0,42.5,24.25
3523,迎輝,光電業,18.15,2023-09-28,2023Q2,0.0,0.0,-5.66,0.0,47.88666666666666,100.0,-78.24473420260783,0.0,0.0,0.0,37.0,42.5,24.25
9924,福興,居家生活,42.75,2023-09-28,2023Q2,9.69,79.98554913294798,-19.34,0.0,-18.246666666666666,0.0,8.087202627911545,15.436013139557723,0.6375898135233616,19.65568764619452,73.1919195864894,100.0,24.245094413467363
3178,公準,半導體業,86.1,2023-09-28,2023Q2,0.0,0.0,-7.38,0.0,4.593333333333334,22.96666666666667,17.915583422541673,64.57791711270836,0.6605188900388327,22.93127000554753,41.0,52.5,24.116274901349094
6281,全國電,電子通路業,84.5,2023-09-28,2023Q2,15.01,29.292320064334533,-7.4,0.0,-5.613333333333333,0.0,3.670494363981246,0.0,1.1809046685075744,97.27209550108206,26.8630605221572,17.157651305392996,24.099416237189168
3266,昇陽,建材營造業,13.4,2023-09-28,2023Q2,335.0,0.0,-94.64,0.0,826.41,100.0,1.1827642412337527,0.0,-4.978959369817579,0.0,36.2973722247462,40.743430561865495,24.07434305618655
3702,大聯大,電子通路業,60.6,2023-09-28,2023Q2,15.86,22.456775231202244,-56.21,0.0,-7.94,0.0,1.4622122947514045,0.0,6.882635322961307,100.0,27.2168084356969,18.04202108924225,24.04987963204445
8284,三竹,資訊服務業,60.9,2023-09-28,2023Q2,0.0,0.0,-41.03,0.0,11.393333333333336,56.966666666666676,9.15923705294667,20.796185264733353,0.20154425528121936,0.0,58.0,95.0,24.01276112304334
3071,協禧,電腦及週邊設備業,37.2,2023-09-28,2023Q2,0.0,0.0,-24.55,0.0,-25.33666666666667,0.0,3.0723724107772723,0.0,3.7860560792898235,100.0,36.0,40.0,24.0
5443,均豪,半導體業,30.5,2023-09-28,2023Q2,0.0,0.0,-62.12,0.0,-48.050000000000004,0.0,0.8630099702039882,0.0,2.125076828518746,100.0,36.0,40.0,24.0
6461,益得,生技醫療業,28.05,2023-09-28,2023Q2,0.0,0.0,0.0,0.0,357.65000000000003,100.0,-1074.1933101971497,0.0,0.0,0.0,36.0,40.0,24.0
3437,榮創,光電業,17.6,2023-09-28,2023Q2,0.0,0.0,-368.75,0.0,13.94,69.69999999999999,-9.59624055909407,0.0,0.0,0.0,70.9941821487058,100.0,23.939999999999998
3444,利機,電子通路業,87.4,2023-09-28,2023Q2,0.0,0.0,-56.6,0.0,11.93,59.650000000000006,6.52531526005107,7.626576300255353,0.5283172132386278,4.0453161769468275,69.0,100.0,23.883049680427668
1418,東華,紡織纖維,23.55,2023-09-28,2023Q2,53.52,0.0,3.96,7.919999999999999,110.19666666666666,100.0,-256.3999697222012,0.0,0.0,0.0,27.4647436855198,18.6618592137995,23.84618592137995
8941,關中,居家生活,59.3,2023-09-28,2023Q2,0.0,0.0,-24.44,0.0,-12.863333333333335,0.0,-0.7261882462693419,0.0,2.127173113091831,100.0,35.0,37.5,23.75
1736,喬山,運動休閒,75.2,2023-09-28,2023Q2,51.16,0.0,4.63,9.26,33.27,100.0,-3.196066473966124,0.0,0.0,0.0,25.7395110409707,14.348777602426752,23.749877760242676
8454,富邦媒,數位雲端,502.0,2023-09-28,2023Q2,31.26,50.0,4.35,8.7,5.793333333333333,28.96666666666666,4.076561309993843,0.0,0.7380495806667745,34.00708295239636,35.7904320621798,39.47608015544951,23.717357939357555
2906,高林,貿易百貨業,16.95,2023-09-28,2023Q2,37.67,14.545127651923773,-54.84,0.0,-7.386666666666667,0.0,4.737709804459475,0.0,10.865614908503767,100.0,28.8805115039017,22.201278759754253,23.6746406411678
2836,高雄銀,金融保險業,12.0,2023-09-28,2023Q2,17.91,14.266767715043581,-13.64,0.0,7.23,36.150000000000006,32.567567220491426,100.0,-6.743618560402464,0.0,5.93027701059224,0.0,23.656676771504358
3712,永崴投控,電腦及週邊設備業,33.45,2023-09-28,2023Q2,26.34,31.137184115523464,-95.65,0.0,50.85666666666666,100.0,2.926208756804101,0.0,-228.8124878617207,0.0,22.0946852515986,5.236713128996504,23.637389724452
2353,宏,電腦及週邊設備業,36.3,2023-09-28,2023Q2,37.04,0.0,-51.52,0.0,-2.1,0.0,1.1603096650729285,0.0,2.610715759373314,100.0,34.0883634008797,35.22090850219925,23.522090850219925
4987,科誠,電腦及週邊設備業,58.4,2023-09-28,2023Q2,0.0,0.0,-31.62,0.0,-14.75,0.0,14.279938157257261,46.39969078628631,0.7251295295988913,32.16136137127019,70.0,100.0,23.392225892196983
2423,固緯,其他電子業,36.0,2023-09-28,2023Q2,13.24,50.263653483992464,-5.65,0.0,-3.8533333333333335,0.0,16.146718119847865,55.73359059923932,0.37287319327879154,0.0,66.7509927262427,100.0,23.38640393828514
1535,中宇,電機機械,53.2,2023-09-28,2023Q2,14.04,84.57595526561045,-16.67,0.0,6.966666666666666,34.83333333333333,4.065524805069353,0.0,-2.4166465046795014,0.0,51.7249034899907,79.31225872497676,23.35548806572539
2377,微星,電腦及週邊設備業,164.0,2023-09-28,2023Q2,21.0,55.23465703971119,-43.07,0.0,9.403333333333334,47.01666666666667,6.1462952138384646,5.731476069192323,0.32606740232895964,0.0,50.1610410425039,75.40260260625976,23.32678070830928
3176,基亞,生技醫療業,33.85,2023-09-28,2023Q2,0.0,0.0,6.12,12.24,86.91333333333334,100.0,-160.39387367703765,0.0,0.0,0.0,21.0,2.5,23.31
3521,鴻翊,建材營造業,21.7,2023-09-28,2023Q2,0.0,0.0,-24.0,0.0,18.796666666666667,93.98333333333333,-15.533643496979376,0.0,0.0,0.0,38.0,45.0,23.296666666666667
2613,中櫃,航運業,20.9,2023-09-28,2023Q2,52.25,0.0,-91.55,0.0,-2.9599999999999995,0.0,6.228338777673726,6.141693888368631,34.532491389207806,100.0,29.4956773686023,23.739193421505753,23.29517342540587
1718,中纖,化學工業,7.83,2023-09-28,2023Q2,0.0,0.0,-82.14,0.0,17.926666666666666,89.63333333333333,11.99561574414397,34.97807872071985,0.0,0.0,2.55309246279577,0.0,23.173378474774644
6123,上奇,資訊服務業,68.7,2023-09-28,2023Q2,0.0,0.0,-16.67,0.0,-0.46000000000000024,0.0,6.657782958563946,8.288914792819728,1.074898490209774,82.12835574425344,42.0,55.00000000000001,23.16900836777365
1626,艾美特-KY,電器電纜,16.85,2023-09-28,2023Q2,0.0,0.0,-78.6,0.0,0.0,0.0,2.796230597816397,0.0,4.104721334753283,100.0,32.6344692449777,31.586173112444254,23.158617311244427
1617,榮星,電器電纜,16.2,2023-09-28,2023Q2,62.31,0.0,-19.51,0.0,-9.76,0.0,-1.4028057586776763,0.0,0.9591809032558319,65.59727189369028,61.1444192961748,100.0,23.119454378738055
8087,華鎂鑫,綠能環保,53.9,2023-09-28,2023Q2,0.0,0.0,-119.12,0.0,385.6033333333333,100.0,-29.69803269676305,0.0,0.0,0.0,32.0,30.0,23.0
6441,廣錠,電腦及週邊設備業,51.7,2023-09-28,2023Q2,0.0,0.0,-326.67,0.0,12.979999999999999,64.89999999999999,-20.275569365605435,0.0,0.0,0.0,74.0,100.0,22.979999999999997
5871,中租-KY,其他業,181.0,2023-09-28,2023Q2,11.97,79.58823529411765,-11.03,0.0,0.0,0.0,35.17386211787027,100.0,-1.5145651966070943,0.0,15.6042467793149,0.0,22.958823529411767
6689,伊雲谷,數位雲端,121.5,2023-09-28,2023Q2,72.75,0.0,7.14,14.279999999999998,12.383333333333333,61.916666666666664,1.1078192180585347,0.0,-1.5812336123613624,0.0,47.9269869544202,69.81746738605051,22.935080071938383
3494,誠研,電腦及週邊設備業,6.8,2023-09-28,2023Q2,0.0,0.0,22.89,45.78,11.376666666666667,56.88333333333333,-26.249494714045028,0.0,0.0,0.0,18.8792757201928,0.0,22.821666666666665
8112,至上,電子通路業,55.1,2023-09-28,2023Q2,19.33,0.0,-59.63,0.0,0.6800000000000003,3.4000000000000017,2.4055188096176865,0.0,1.7066271283884549,100.0,28.3462163134514,20.8655407836285,22.76655407836285
8096,擎亞,電子通路業,10.6,2023-09-28,2023Q2,0.0,0.0,-377.27,0.0,26.183333333333334,100.0,-3.13813828304921,0.0,0.0,0.0,31.0,27.500000000000004,22.75
5014,建錩,鋼鐵工業,13.15,2023-09-28,2023Q2,0.0,0.0,-97.14,0.0,-30.05333333333333,0.0,0.4376750497857297,0.0,64.64410954934067,100.0,31.0,27.500000000000004,22.75
2434,統懋,半導體業,34.8,2023-09-28,2023Q2,0.0,0.0,25.32,50.63999999999999,-25.23333333333333,0.0,-136.28697190341026,0.0,0.0,0.0,70.3138571155177,100.0,22.659999999999997
3703,欣陸,建材營造業,26.8,2023-09-28,2023Q2,14.73,62.788632326820604,-63.77,0.0,10.606666666666667,53.03333333333333,7.580050546444481,12.900252732222404,-0.4651163085038926,0.0,34.7167692951156,36.79192323778899,22.499760132960986
4707,磐亞,化學工業,12.2,2023-09-28,2023Q2,0.0,0.0,-27.12,0.0,12.416666666666666,62.083333333333336,-2.211734440540426,0.0,-0.03700437049128535,0.0,68.0,100.0,22.416666666666668
4543,萬在,電機機械,39.7,2023-09-28,2023Q2,0.0,0.0,5.26,10.52,-33.85666666666666,0.0,17.85005159893115,64.25025799465574,0.3196868008948546,0.0,66.0,100.0,22.26753869919836
8481,政伸,其他業,51.5,2023-09-28,2023Q2,19.0,38.23529411764706,-59.86,0.0,-36.93,0.0,16.184429703662868,55.922148518314344,0.3081846217370547,0.0,79.2592424961696,100.0,22.211851689511857
1597,直得,電機機械,64.2,2023-09-28,2023Q2,21.19,51.25815470643057,-49.46,0.0,-46.629999999999995,0.0,15.405037750256643,52.02518875128321,-0.23990490034245732,0.0,56.9415158002644,92.353789500661,22.164972733401637
7556,意德士,半導體業,104.0,2023-09-28,2023Q2,0.0,0.0,-0.75,0.0,-9.053333333333335,0.0,21.061408182902007,80.30704091451003,0.28458429378887873,0.0,79.0,100.0,22.046056137176503
4736,泰博,生技醫療業,149.0,2023-09-28,2023Q2,0.0,0.0,-74.41,0.0,-61.59333333333333,0.0,20.80331331550767,79.01656657753836,-0.2961564042426576,0.0,65.0,100.0,21.852484986630753
6114,久威,電子零組件業,29.9,2023-09-28,2023Q2,0.0,0.0,-100.46,0.0,12.173333333333334,60.86666666666667,-2.4958142856922003,0.0,0.0,0.0,58.0,95.0,21.673333333333332
8409,商之器,生技醫療業,26.2,2023-09-28,2023Q2,0.0,0.0,-672.22,0.0,11.67,58.35,-59.573360285447386,0.0,0.0,0.0,68.0,100.0,21.67
5516,雙喜,建材營造業,28.5,2023-09-28,2023Q2,0.0,0.0,-11.11,0.0,34.413333333333334,100.0,5.150327785120016,0.7516389256000799,-6.153194049442135,0.0,26.0,15.0,21.612745838840013
3128,昇銳,光電業,29.5,2023-09-28,2023Q2,0.0,0.0,-47.06,0.0,-13.089999999999998,0.0,5.381772362828934,1.908861814144669,1.0100480795202853,72.86401136004076,47.0,67.5,21.609131544129852
8467,波力-KY,運動休閒,82.9,2023-09-28,2023Q2,12.12,65.33356618931192,-30.2,0.0,0.0,0.0,15.623617230035206,53.11808615017603,0.3317863962266537,0.0,48.3922123153921,70.98053078848025,21.59912262030562
2539,櫻花建,建材營造業,41.65,2023-09-28,2023Q2,26.7,0.0,-44.95,0.0,-65.845,0.0,26.342671882378067,100.0,-0.23765679479666912,0.0,46.1687513251848,65.42187831296201,21.5421878312962
2356,英業達,電腦及週邊設備業,49.0,2023-09-28,2023Q2,32.45,3.564981949458468,-24.1,0.0,-4.9399999999999995,0.0,1.1013149077475866,0.0,6.493611789500384,100.0,24.5590447555231,11.39761188880775,21.496259383826622
9958,世紀鋼,鋼鐵工業,181.0,2023-09-28,2023Q2,142.52,0.0,-21.05,0.0,97.61,100.0,6.370453039326432,6.852265196632161,-4.457142549518542,0.0,21.6644438879929,4.161109719982248,21.44395075149305
8147,正淩,電子零組件業,76.5,2023-09-28,2023Q2,0.0,0.0,-51.83,0.0,7.303333333333335,36.51666666666667,5.641435641266882,3.2071782063344085,0.661781848459617,23.111692637088137,56.0,90.0,21.406748591701124
2429,銘旺科,光電業,18.15,2023-09-28,2023Q2,0.0,0.0,-19.3,0.0,26.87333333333333,100.0,-9.994902259998067,0.0,0.0,0.0,25.6049057850473,14.012264462618251,21.401226446261823
4967,十銓,半導體業,64.3,2023-09-28,2023Q2,0.0,0.0,-138.46,0.0,147.91666666666666,100.0,-0.7976702840102616,0.0,0.0,0.0,25.2035632135025,13.008908033756244,21.300890803375623
6111,大宇資,文化創意業,65.7,2023-09-28,2023Q2,0.0,0.0,-152.11,0.0,29.150000000000002,100.0,-2.230004094502153,0.0,0.0,0.0,25.0,12.5,21.25
5525,順天,建材營造業,24.95,2023-09-28,2023Q2,54.24,0.0,-95.52,0.0,1032.28,100.0,4.783007841151613,0.0,-18.130106246565305,0.0,24.6490176536458,11.622544134114499,21.16225441341145
6492,生華科,生技醫療業,43.0,2023-09-28,2023Q2,0.0,0.0,21.43,42.86,0.39999999999999997,1.9999999999999998,-29123.8,0.0,0.0,0.0,98.0,100.0,21.115000000000002
1903,士紙,造紙工業,55.6,2023-09-28,2023Q2,67.8,0.0,4.17,8.34,11.086666666666666,55.43333333333334,-46.80089074588489,0.0,0.0,0.0,50.5503602741175,76.37590068529376,20.809256735196044
2614,東森,其他業,22.35,2023-09-28,2023Q2,0.0,0.0,-15.38,0.0,-0.8433333333333334,0.0,-2.0652266564238273,0.0,4.856956200647617,100.0,23.2164531051936,8.041132762984002,20.804113276298402
6177,達麗,建材營造業,31.4,2023-09-28,2023Q2,32.71,0.0,-90.25,0.0,1567.8533333333332,100.0,5.947390462730932,4.736952313654661,-27.905147477508258,0.0,17.1581508898989,0.0,20.7105428470482
1526,日馳,電機機械,33.95,2023-09-28,2023Q2,8.26,100.0,-67.05,0.0,-53.06333333333333,0.0,8.79100522708419,18.95502613542095,-3.286546579540855,0.0,51.2594229828566,78.1485574571415,20.658109666027293
6542,隆中,文化創意業,56.9,2023-09-28,2023Q2,0.0,0.0,-10.32,0.0,-2.533333333333333,0.0,17.86444559909627,64.32222799548136,0.5301740349437549,4.310576420536418,75.0,100.0,20.510449483429486
4113,聯上,建材營造業,25.4,2023-09-28,2023Q2,0.0,0.0,-121.74,0.0,10134.64,100.0,-8.18480184268019,0.0,0.0,0.0,22.0,5.0,20.5
3164,景岳,生技醫療業,23.05,2023-09-28,2023Q2,60.66,0.0,-68.29,0.0,10.43,52.15,4.396791482149038,0.0,-1.0582314881380301,0.0,78.5099152011087,100.0,20.43
1419,新紡,紡織纖維,42.8,2023-09-28,2023Q2,20.58,70.2016285381931,-84.94,0.0,-12.68,0.0,9.446379461102637,22.231897305513186,-0.4633981888003224,0.0,69.0812967212531,100.0,20.35494744964629
1802,台玻,玻璃陶瓷,19.1,2023-09-28,2023Q2,0.0,0.0,-150.0,0.0,12.49,62.45,-4.956319549690987,0.0,0.0,0.0,51.4175886961733,78.54397174043324,20.344397174043326
5215,科嘉-KY,電腦及週邊設備業,54.3,2023-09-28,2023Q2,13.54,88.89891696750904,-26.99,0.0,0.0,0.0,6.916261708834695,9.581308544173476,0.17615925279494316,0.0,72.4188198749161,100.0,20.327087978376927
8076,伍豐,電腦及週邊設備業,31.15,2023-09-28,2023Q2,0.0,0.0,20.31,40.62,-0.7966666666666663,0.0,2.5426692565528968,0.0,0.3834095272295347,0.0,62.0,100.0,20.155
2535,達欣工,建材營造業,33.2,2023-09-28,2023Q2,8.81,97.83895796329189,5.98,11.96,-21.313333333333333,0.0,7.999513892972112,14.997569464860558,-4.98840507055487,0.0,40.2959273269018,50.73981831725449,20.09751304778372
5211,蒙恬,資訊服務業,23.9,2023-09-28,2023Q2,0.0,0.0,-593.1,0.0,10.06,50.3,-18.20506336227486,0.0,0.0,0.0,82.0,100.0,20.060000000000002
6757,台灣虎航,航運業,30.15,2023-09-28,2023Q2,0.0,0.0,0.0,0.0,2262.5533333333333,100.0,0.0,0.0,0.0,0.0,0.0,0.0,20.0
5324,士開,建材營造業,12.05,2023-09-28,2023Q2,0.0,0.0,-2.38,0.0,20.3,100.0,-21.963673749143247,0.0,0.0,0.0,16.0,0.0,20.0
2208,台船,航運業,22.85,2023-09-28,2023Q2,0.0,0.0,-146.55,0.0,45.053333333333335,100.0,-18.84248311020173,0.0,0.0,0.0,16.7693115052034,0.0,20.0
2915,潤泰全,貿易百貨業,58.8,2023-09-28,2023Q2,9.5,100.0,-69.78,0.0,-10.423333333333332,0.0,4.396438774126159,0.0,-0.12283380418909624,0.0,79.1047678762398,100.0,20.0
5213,亞昕,建材營造業,25.9,2023-09-28,2023Q2,0.0,0.0,-181.25,0.0,664.3299999999999,100.0,-57.97553578280014,0.0,0.0,0.0,15.0,0.0,20.0
2312,金寶,其他電子業,15.4,2023-09-28,2023Q2,28.52,0.0,-35.0,0.0,-19.333333333333332,0.0,1.8894654476776223,0.0,30.359129668836925,100.0,16.3940506428509,0.0,20.0
6870,騰雲,數位雲端,145.5,2023-09-28,2023Q2,0.0,0.0,0.0,0.0,34.593333333333334,100.0,0.0,0.0,0.0,0.0,0.0,0.0,20.0
8279,生展,生技醫療業,166.0,2023-09-28,2023Q2,0.0,0.0,-8.25,0.0,-12.976666666666667,0.0,17.436357945980976,62.18178972990488,0.5225408864659872,3.2201266379981686,65.0,100.0,19.971293787085365
3593,力銘,電子零組件業,12.0,2023-09-28,2023Q2,0.0,0.0,31.71,63.42,-8.013333333333334,0.0,-9.920543455409858,0.0,0.0,0.0,35.8997161310817,39.74929032770426,19.829929032770426
2314,台揚,通信網路業,37.6,2023-09-28,2023Q2,0.0,0.0,33.91,67.82,-26.620000000000005,0.0,-6.052808583825755,0.0,0.0,0.0,31.0472146687283,27.618036671820757,19.716803667182074
2615,萬海,航運業,48.3,2023-09-28,2023Q2,7.59,96.43613267466479,-106.31,0.0,-64.35000000000001,0.0,-9.82440779151322,0.0,0.0,0.0,61.6526333687687,100.0,19.643613267466478
3147,大綜,資訊服務業,69.4,2023-09-28,2023Q2,0.0,0.0,-27.59,0.0,13.573333333333332,67.86666666666666,6.738431754283882,8.69215877141941,-2.484334659130556,0.0,39.0,47.5,19.627157149046244
6167,久正,光電業,16.45,2023-09-28,2023Q2,0.0,0.0,-9.59,0.0,-19.613333333333333,0.0,5.752176509181515,3.7608825459075756,0.8155302569667262,45.07575099524661,74.0,100.0,19.579282580935455
6679,鈺太,半導體業,338.0,2023-09-28,2023Q2,0.0,0.0,-62.13,0.0,-5.376666666666668,0.0,17.68096502938649,63.40482514693244,0.04145369715079552,0.0,95.0,100.0,19.510723772039867
3191,和進,電子零組件業,13.0,2023-09-28,2023Q2,0.0,0.0,-200.0,0.0,10.246666666666666,51.233333333333334,-8.880111651326771,0.0,0.0,0.0,57.0,92.5,19.49666666666667
2609,陽明,航運業,45.45,2023-09-28,2023Q2,2.34,100.0,-97.17,0.0,-67.28,0.0,4.224588867323555,0.0,-5.265056008921808,0.0,57.7782008034088,94.445502008522,19.4445502008522
2066,世德,電機機械,84.2,2023-09-28,2023Q2,0.0,0.0,9.92,19.84,-4.92,0.0,13.607872362142082,43.03936181071041,0.46229985443959243,0.0,52.0,80.0,19.41590427160656
4961,天鈺,半導體業,277.0,2023-09-28,2023Q2,28.44,30.35338662179217,-55.6,0.0,-5.876666666666666,0.0,13.461353766733685,42.30676883366843,0.3748471800353804,0.0,65.6372200215903,100.0,19.38135398722948
5468,凱鈺,半導體業,16.4,2023-09-28,2023Q2,0.0,0.0,-173.33,0.0,9.793333333333333,48.96666666666666,-30.070934722097515,0.0,0.0,0.0,58.0,95.0,19.293333333333333
2636,台驊控股,航運業,77.0,2023-09-28,2023Q2,8.02,93.40155257586451,-60.31,0.0,-44.14000000000001,0.0,8.239886556239147,16.19943278119574,-0.4844615695555512,0.0,49.6059471844234,74.0148679610585,19.171556970871663
4755,三福化,化學工業,135.0,2023-09-28,2023Q2,30.27,0.0,-66.33,0.0,-4.72,0.0,9.201552375606942,21.00776187803471,0.7449366498746732,34.990949982096176,55.9843131540273,89.96078288506824,19.145432566631264
4953,緯軟,資訊服務業,117.5,2023-09-28,2023Q2,0.0,0.0,3.24,6.480000000000001,6.073333333333333,30.366666666666664,6.756415207356192,8.78207603678096,-0.8577504836953542,0.0,60.0,100.0,19.010644738850477
6125,廣運,光電業,64.2,2023-09-28,2023Q2,0.0,0.0,-3.54,0.0,11.15333333333333,55.76666666666665,6.965425822288772,9.82712911144386,0.6171205449494651,16.73150642135216,32.0,30.0,18.973703984320345
1788,杏昌,生技醫療業,139.0,2023-09-28,2023Q2,0.0,0.0,-20.94,0.0,-6.8133333333333335,0.0,10.0680652236003,25.3403261180015,0.6778950688913173,25.413581270188196,62.0,100.0,18.883765171737863
5603,陸海,航運業,20.25,2023-09-28,2023Q2,0.0,0.0,15.85,31.7,-12.123333333333335,0.0,6.244794750097834,6.223973750489171,-0.0008770868618436971,0.0,61.0,100.0,18.858596062573376
6829,千附精密,半導體業,117.5,2023-09-28,2023Q2,0.0,0.0,-52.3,0.0,-18.523333333333333,0.0,16.790654714715902,58.95327357357951,-0.37066263768796515,0.0,69.0,100.0,18.842991036036928
1229,聯華,食品工業,62.4,2023-09-28,2023Q2,25.79,26.89737470167064,-11.45,0.0,0.5399999999999995,2.6999999999999975,14.927016957217083,49.635084786085415,0.4182009948682511,0.0,52.5777203943971,81.44430098599274,18.819430286679147
8929,富堡,其他業,20.55,2023-09-28,2023Q2,0.0,0.0,16.42,32.84,0.4633333333333323,2.3166666666666615,-8.99933727061059,0.0,0.0,0.0,64.0,100.0,18.673333333333332
8261,富鼎,半導體業,82.6,2023-09-28,2023Q2,21.57,59.255363904080774,-83.61,0.0,-22.24,0.0,8.520354592744427,17.601772963722134,-0.14332883085697135,0.0,81.0588763433633,100.0,18.565802334966396
6155,鈞寶,電子零組件業,28.05,2023-09-28,2023Q2,17.21,46.915244085055406,-49.14,0.0,-35.196666666666665,0.0,2.7130558949926544,0.0,0.633396204626814,19.05660066097343,62.438751336173,100.0,18.502844540700227
1517,利奇,電機機械,15.0,2023-09-28,2023Q2,14.02,84.66915191053123,-113.08,0.0,-72.50333333333333,0.0,-9.400782989471901,0.0,0.0,0.0,78.2099504118346,100.0,18.466915191053126
6770,力積電,半導體業,26.55,2023-09-28,2023Q2,12.29,98.29617164493058,-94.74,0.0,-48.94,0.0,1.1936610400711316,0.0,-0.6928422040104361,0.0,54.5044938112199,86.26123452804975,18.455740617298034
2481,強茂,半導體業,64.0,2023-09-28,2023Q2,24.24,48.02271771140092,-63.43,0.0,2.72,13.600000000000001,6.990697622121819,9.953488110609095,0.6031627777842046,14.737539683457799,45.5342286727996,63.835571681999006,18.346360092622916
4956,光鋐,光電業,14.5,2023-09-28,2023Q2,0.0,0.0,-536.36,0.0,8.33,41.65,-10.959359134541616,0.0,0.0,0.0,62.187059701175,100.0,18.33
3011,今皓,電子零組件業,38.0,2023-09-28,2023Q2,0.0,0.0,17.65,35.3,-27.52333333333333,0.0,-10.765914365801416,0.0,0.0,0.0,57.8663981044046,94.6659952610115,18.29159952610115
3019,亞光,光電業,63.0,2023-09-28,2023Q2,19.94,47.37519300051467,-10.94,0.0,-7.436666666666667,0.0,4.210036790068069,0.0,0.638729117039234,19.81844529131914,58.1289921381004,95.32248034525101,18.233456392840395
5609,中菲行,航運業,80.1,2023-09-28,2023Q2,0.0,0.0,-64.52,0.0,-52.52333333333333,0.0,5.664304779244834,3.3215238962241727,0.8310789266709653,47.296989524423616,53.0,82.5,18.20762648931835
5355,佳總,電子零組件業,7.38,2023-09-28,2023Q2,0.0,0.0,16.13,32.26,-10.066666666666668,0.0,-20.54933649640448,0.0,0.0,0.0,85.0,100.0,18.064999999999998
1337,再生-KY,塑膠工業,7.14,2023-09-28,2023Q2,0.0,0.0,16.05,32.1,0.0,0.0,-58.84974071658134,0.0,0.0,0.0,96.5782792844315,100.0,18.025
3682,亞太電,,6.4,2023-09-28,2023Q2,0.0,0.0,18.57,37.14,0.0,0.0,-30.11367557416157,0.0,0.0,0.0,54.92336287334,87.30840718334998,18.015840718335
3093,港建*,其他電子業,32.65,2023-09-28,2023Q2,0.0,0.0,-36.09,0.0,-36.36333333333334,0.0,18.877760603449428,69.38880301724714,-0.10112666569229889,0.0,50.0,75.0,17.90832045258707
3332,幸康,電子零組件業,44.5,2023-09-28,2023Q2,0.0,0.0,2.07,4.14,-27.993333333333336,0.0,14.11806372685747,45.59031863428735,0.4115619647727994,0.0,72.0,100.0,17.873547795143104
8489,三貝德,其他業,25.25,2023-09-28,2023Q2,0.0,0.0,5.0,10.0,13.873333333333333,69.36666666666666,-1.2145940998202533,0.0,0.0,0.0,26.0,15.0,17.873333333333335
3528,安馳,電子通路業,50.5,2023-09-28,2023Q2,13.5,41.43546441495778,-63.58,0.0,-7.496666666666666,0.0,6.732825035501662,8.66412517750831,0.898372153315049,56.91030761643559,24.0570733680309,10.142683420077248,17.839495083416868
9945,潤泰新,其他業,35.2,2023-09-28,2023Q2,25.51,0.0,-49.22,0.0,-34.25666666666667,0.0,17.59629163131258,62.98145815656291,0.1454105546101816,0.0,53.1363137291714,82.8407843229285,17.731297155777284
8064,東捷,光電業,19.15,2023-09-28,2023Q2,0.0,0.0,-51.47,0.0,-0.44333333333333336,0.0,2.4808036476426323,0.0,0.9040696608615949,57.724237265942136,44.0,60.0,17.544847453188428
5481,新華,其他業,13.35,2023-09-28,2023Q2,0.0,0.0,-43.75,0.0,7.543333333333334,37.71666666666667,-26.652575369896542,0.0,0.0,0.0,76.0,100.0,17.543333333333333
2061,風青,電器電纜,16.35,2023-09-28,2023Q2,0.0,0.0,13.33,26.66,4.366666666666667,21.833333333333336,-0.8606900931908347,0.0,0.0,0.0,46.0,65.0,17.531666666666666
2440,太空梭,電子零組件業,13.1,2023-09-28,2023Q2,0.0,0.0,-145.0,0.0,7.493333333333333,37.46666666666666,-3.076610000866757,0.0,0.0,0.0,60.4010187112605,100.0,17.493333333333332
6684,安格,半導體業,51.9,2023-09-28,2023Q2,0.0,0.0,-343.62,0.0,7.456666666666667,37.28333333333333,-93.59599990384385,0.0,0.0,0.0,89.0,100.0,17.456666666666667
4109,加捷生醫,生技醫療業,13.1,2023-09-28,2023Q2,0.0,0.0,-900.0,0.0,7.436666666666667,37.18333333333334,-23.85676264214856,0.0,0.0,0.0,90.0,100.0,17.436666666666667
6834,天二科技,電子零組件業,25.9,2023-09-28,2023Q2,0.0,0.0,-156.49,0.0,7.413333333333334,37.06666666666667,-16.59068050811036,0.0,0.0,0.0,63.4709806660457,100.0,17.413333333333334
6752,叡揚,資訊服務業,105.0,2023-09-28,2023Q2,0.0,0.0,9.76,19.52,1.4366666666666668,7.183333333333334,11.769486006960689,33.847430034803445,-0.3673985756779107,0.0,44.0,60.0,17.393781171887184
1598,岱宇,運動休閒,34.4,2023-09-28,2023Q2,0.0,0.0,-38.82,0.0,13.426666666666668,67.13333333333334,-5.912880630593347,0.0,0.0,0.0,35.397953526701,38.494883816752505,17.27615504834192
6585,鼎基,其他業,113.0,2023-09-28,2023Q2,29.35,0.0,-7.69,0.0,-1.676666666666667,0.0,13.73717124787252,43.6858562393626,0.5458831679249018,6.554738274985968,57.5620404375123,93.90510109378076,17.25433620027966
2883,凱基金,金融保險業,11.8,2023-09-28,2023Q2,16.86,22.224327396741206,-24.69,0.0,-39.82666666666667,0.0,36.78339145317281,100.0,-4.855997735531626,0.0,6.62781533793658,0.0,17.22243273967412
2536,宏普,建材營造業,26.6,2023-09-28,2023Q2,0.0,0.0,-287.1,0.0,2.696666666666663,13.483333333333317,21.640622577744708,83.20311288872354,0.0,0.0,27.4328773937725,18.58219348443125,17.03535294841832
2415,錩新,電子零組件業,28.9,2023-09-28,2023Q2,0.0,0.0,-154.43,0.0,16.393333333333334,81.96666666666668,5.828123869438131,4.140619347190655,0.0,0.0,18.0483379442386,0.0,17.014426235411936
3558,神準,通信網路業,261.5,2023-09-28,2023Q2,0.0,0.0,16.91,33.82,2.3533333333333335,11.766666666666667,7.1429865838007185,10.714932919003592,-0.11966087720241617,0.0,38.0,45.0,16.915573271183874
4554,橙的,其他電子業,27.2,2023-09-28,2023Q2,0.0,0.0,-96.0,0.0,-0.7699999999999996,0.0,-3.964893966633803,0.0,0.7398622800306044,34.26604000437206,64.0,100.0,16.85320800087441
3581,博磊,半導體業,27.3,2023-09-28,2023Q2,0.0,0.0,-6.25,0.0,11.29,56.45,3.8080564413528744,0.0,-2.881843449033676,0.0,42.0,55.00000000000001,16.790000000000003
6603,富強鑫,電機機械,15.25,2023-09-28,2023Q2,0.0,0.0,-85.71,0.0,-16.386666666666667,0.0,1.5954744784771375,0.0,0.9865173506225595,69.50247866036565,31.0,27.500000000000004,16.650495732073132
3379,彬台,電機機械,13.95,2023-09-28,2023Q2,0.0,0.0,9.52,19.04,5.63,28.15,-11.059019765022146,0.0,0.0,0.0,45.0,62.5,16.64
2363,矽統,半導體業,37.75,2023-09-28,2023Q2,49.03,0.0,13.19,26.38,-6.936666666666667,0.0,-345.2881614438435,0.0,-1.483926603560784,0.0,95.1070635501029,100.0,16.595
1533,車王電,汽車工業,57.2,2023-09-28,2023Q2,0.0,0.0,-289.58,0.0,14.226666666666667,71.13333333333334,-8.235023161927344,0.0,0.0,0.0,29.2949913945904,23.237478486476,16.55041451531427
5302,太欣,半導體業,9.95,2023-09-28,2023Q2,0.0,0.0,-6.25,0.0,6.316666666666667,31.583333333333336,-455.4501186165564,0.0,0.0,0.0,75.0,100.0,16.316666666666666
2337,旺宏,半導體業,31.65,2023-09-28,2023Q2,20.82,62.410601598653756,-104.73,0.0,-38.336666666666666,0.0,-4.1667532528299915,0.0,0.0,0.0,60.5170044949704,100.0,16.241060159865377
4430,耀億,其他業,21.7,2023-09-28,2023Q2,0.0,0.0,-181.65,0.0,8.336666666666666,41.68333333333333,-4.920933881501133,0.0,0.0,0.0,51.0,77.5,16.086666666666666
1102,亞泥,水泥工業,39.75,2023-09-28,2023Q2,11.87,50.0,-1.9,0.0,-12.113333333333335,0.0,10.232078245964711,26.160391229823553,-0.6799890594450442,0.0,48.1800397242351,70.45009931058776,15.969068615532308
3709,鑫聯大投控,電腦及週邊設備業,36.9,2023-09-28,2023Q2,0.0,0.0,-41.09,0.0,14.583333333333334,72.91666666666667,1.094401845653218,0.0,-3.9836274662918423,0.0,25.0,12.5,15.833333333333336
3031,佰鴻,光電業,16.9,2023-09-28,2023Q2,19.43,50.0,-44.62,0.0,-34.89,0.0,6.011611805335424,5.058059026677122,0.38556890593792603,0.0,78.3767316986056,100.0,15.758708854001569
9955,佳龍,綠能環保,21.5,2023-09-28,2023Q2,0.0,0.0,17.5,35.0,-4.890000000000001,0.0,-5.123851444656894,0.0,0.0,0.0,47.9002031385165,69.75050784629126,15.725050784629126
3535,晶彩科,光電業,18.4,2023-09-28,2023Q2,18.22,56.22748327328873,-121.7,0.0,-55.82666666666666,0.0,-22.2577224338581,0.0,0.0,0.0,60.9915249254173,100.0,15.622748327328875
3438,類比科,半導體業,70.4,2023-09-28,2023Q2,0.0,0.0,-107.2,0.0,5.5566666666666675,27.78333333333334,-5.704516306542587,0.0,0.0,0.0,83.0,100.0,15.556666666666668
6865,偉康科技,數位雲端,67.8,2023-09-28,2023Q2,0.0,0.0,-40.72,0.0,4.4399999999999995,22.199999999999996,6.47098703195077,7.35493515975385,-2.3101191742924025,0.0,68.0,100.0,15.543240273963077
4438,廣越,紡織纖維,112.5,2023-09-28,2023Q2,11.17,100.0,-39.04,0.0,-13.163333333333332,0.0,5.728871119730895,3.6443555986544767,-12.258004476493635,0.0,39.6306068826339,49.07651720658475,15.454305060456646
3322,建舜電,電子零組件業,24.95,2023-09-28,2023Q2,0.0,0.0,-114.63,0.0,8.32,41.6,-1.294898399743736,0.0,0.0,0.0,48.0,70.0,15.32
5212,凌網,資訊服務業,47.35,2023-09-28,2023Q2,0.0,0.0,4.69,9.38,0.5333333333333332,2.666666666666666,8.026838372824157,15.134191864120785,0.2909059741150253,0.0,64.0,100.0,15.148462112951451
1227,佳格,食品工業,37.65,2023-09-28,2023Q2,29.19,10.668257756563237,-9.26,0.0,4.08,20.400000000000002,3.741217610534541,0.0,-1.5281471886719518,0.0,60.0019377105018,100.0,15.146825775656325
9905,大華,其他業,23.95,2023-09-28,2023Q2,16.87,50.764705882352935,-16.67,0.0,-7.706666666666667,0.0,4.801900857249348,0.0,0.18051685653678912,0.0,65.4097390706142,100.0,15.076470588235294
5529,鉅陞,建材營造業,19.8,2023-09-28,2023Q2,0.0,0.0,27.14,54.28000000000001,-5.286666666666666,0.0,-65.94134342478714,0.0,0.0,0.0,26.0,15.0,15.070000000000002
2509,全坤建,建材營造業,14.75,2023-09-28,2023Q2,0.0,0.0,-67.74,0.0,8.816666666666666,44.08333333333333,-36.244138389395566,0.0,0.0,0.0,44.9949270989081,62.487317747270254,15.065398441393693
2881,富邦金,金融保險業,60.7,2023-09-28,2023Q2,41.58,0.0,-40.67,0.0,-9.166666666666666,0.0,47.2593512031593,100.0,-5.453503057310102,0.0,6.79760301711031,0.0,15.0
1906,寶隆,造紙工業,15.5,2023-09-28,2023Q2,37.8,47.08684998638715,-91.32,0.0,-25.36,0.0,-0.7694130031147631,0.0,-3.4668587896253604,0.0,66.8201856940934,100.0,14.708684998638716
1340,勝悅-KY,塑膠工業,11.9,2023-09-28,2023Q2,0.0,0.0,9.16,18.32,0.0,0.0,-71.03312356630278,0.0,0.0,0.0,96.5432774111758,100.0,14.58
4945,陞達科技,,73.1,2023-09-28,2023Q2,0.0,0.0,-59.93,0.0,0.0,0.0,11.086008228233734,30.43004114116867,0.0,0.0,92.0,100.0,14.5645061711753
4584,君帆,電機機械,46.45,2023-09-28,2023Q2,0.0,0.0,-35.43,0.0,-1.3800000000000001,0.0,14.068155547868347,45.34077773934174,0.33221543698067874,0.0,51.0,77.5,14.551116660901261
2460,建通,電子零組件業,25.3,2023-09-28,2023Q2,0.0,0.0,-2150.0,0.0,7.079999999999999,35.4,-11.736597098645177,0.0,0.0,0.0,49.4654467238056,73.663616809514,14.4463616809514
3268,海德威,半導體業,21.5,2023-09-28,2023Q2,0.0,0.0,-98.37,0.0,7.113333333333333,35.56666666666667,-0.8908079143401532,0.0,-16.209302325581394,0.0,49.0,72.5,14.363333333333333
5344,立衛,半導體業,18.05,2023-09-28,2023Q2,0.0,0.0,-266.67,0.0,4.259999999999999,21.299999999999994,-17.352371933846676,0.0,0.0,0.0,81.0,100.0,14.259999999999998
6641,基士德-KY,綠能環保,43.5,2023-09-28,2023Q2,16.86,46.054254007398264,-102.11,0.0,0.0,0.0,-1.62145103828158,0.0,0.0,0.0,58.6021461356243,96.50536533906076,14.255961934645903
2702,華園,觀光餐旅,21.1,2023-09-28,2023Q2,9.34,100.0,-110.0,0.0,-8.803333333333333,0.0,4.647951277523514,0.0,0.0,0.0,36.9446567000406,42.36164175010151,14.236164175010153
3141,晶宏,半導體業,89.3,2023-09-28,2023Q2,0.0,0.0,-85.54,0.0,-28.72666666666667,0.0,10.636115810418731,28.180579052093655,-0.21395355533480181,0.0,60.0,100.0,14.227086857814047
1314,中石化,塑膠工業,9.38,2023-09-28,2023Q2,0.0,0.0,-128.57,0.0,5.513333333333333,27.566666666666663,-14.297776666344028,0.0,0.0,0.0,54.4263644520544,86.065911130136,14.119924446346932
6275,元山,電子零組件業,47.0,2023-09-28,2023Q2,0.0,0.0,-36.48,0.0,10.503333333333334,52.516666666666666,4.231315902555118,0.0,-0.09515148070255215,0.0,34.0,35.0,14.003333333333334
3229,晟鈦,電子零組件業,14.4,2023-09-28,2023Q2,0.0,0.0,8.0,16.0,-21.743333333333336,0.0,-3.376620673867349,0.0,0.0,0.0,67.2682054153476,100.0,14.0
4946,辣椒,文化創意業,29.3,2023-09-28,2023Q2,0.0,0.0,15.49,30.98,-44.53333333333333,0.0,-261.3936674146098,0.0,0.0,0.0,45.0,62.5,13.995000000000001
2427,三商電,資訊服務業,26.0,2023-09-28,2023Q2,23.85,21.67070217917675,8.06,16.12,-4.909999999999999,0.0,8.385919292117935,16.929596460589675,-3.658459539567177,0.0,40.6698558401699,51.674639600424754,13.903973647048602
6152,百一,通信網路業,10.0,2023-09-28,2023Q2,20.83,51.46641438032168,-235.71,0.0,-47.03666666666667,0.0,-4.941299413810558,0.0,0.0,0.0,54.9267637660842,87.3169094152105,13.878332379553218
2342,茂矽,半導體業,34.75,2023-09-28,2023Q2,26.53,38.38872528397139,-114.51,0.0,-29.183333333333337,0.0,-7.293766399211528,0.0,0.0,0.0,63.6081292788425,100.0,13.83887252839714
6202,盛群,半導體業,61.9,2023-09-28,2023Q2,42.11,0.0,-89.32,0.0,-53.913333333333334,0.0,10.00598690466193,25.02993452330965,-4.24718992248062,0.0,62.1698568103491,100.0,13.754490178496447
4563,百德,電機機械,53.5,2023-09-28,2023Q2,0.0,0.0,6.96,13.919999999999998,2.5533333333333332,12.766666666666666,10.236630612022601,26.183153060113007,-0.11708003257570149,0.0,35.0,37.5,13.710806292350284
3577,泓格,電腦及週邊設備業,76.7,2023-09-28,2023Q2,0.0,0.0,-60.12,0.0,-26.246666666666666,0.0,9.868869995020379,24.344349975101895,-0.25825128806815284,0.0,71.0,100.0,13.651652496265285
6261,久元,半導體業,56.8,2023-09-28,2023Q2,0.0,0.0,-76.28,0.0,-29.853333333333335,0.0,9.835514920608215,24.177574603041077,0.48537578674564974,0.0,75.0,100.0,13.62663619045616
6208,日揚,半導體業,48.1,2023-09-28,2023Q2,0.0,0.0,-31.25,0.0,3.483333333333333,17.416666666666664,12.504471392957722,37.522356964788614,-1.0545121582618693,0.0,38.0,45.0,13.611686878051625
1528,恩德,電機機械,11.85,2023-09-28,2023Q2,22.36,45.80615097856477,-62.22,0.0,2.8733333333333335,14.366666666666667,1.8637667545025862,0.0,-3.3030312519571616,0.0,44.1272034082141,60.31800852053525,13.485749283243337
5220,萬達光電,光電業,27.75,2023-09-28,2023Q2,0.0,0.0,-51.4,0.0,-21.38,0.0,7.333952194132568,11.66976097066284,0.5932031521613165,13.314736023045212,56.0,90.0,13.413411350208468
5364,力麗店,觀光餐旅,26.2,2023-09-28,2023Q2,0.0,0.0,-12.38,0.0,11.410000000000002,57.05000000000001,-17.459298806158998,0.0,0.0,0.0,28.0,20.0,13.410000000000004
4532,瑞智,電機機械,19.45,2023-09-28,2023Q2,15.08,79.72972972972974,-10.84,0.0,0.13666666666666702,0.6833333333333351,5.579504631805094,2.897523159025468,-0.39870338168425373,0.0,39.41915278538,48.54788196345,13.399056309838462
2369,菱生,半導體業,18.0,2023-09-28,2023Q2,0.0,0.0,-139.34,0.0,3.3833333333333333,16.916666666666664,-5.439247331540101,0.0,0.0,0.0,64.5359360515931,100.0,13.383333333333333
6546,正基,通信網路業,83.8,2023-09-28,2023Q2,0.0,0.0,-63.76,0.0,-36.56666666666667,0.0,11.495390894997803,32.476954474989014,0.31496393357969305,0.0,54.0,85.0,13.371543171248351
6485,點序,半導體業,103.0,2023-09-28,2023Q2,0.0,0.0,-72.95,0.0,-3.033333333333333,0.0,9.443795186450714,22.21897593225357,-2.1009896236229295,0.0,74.0,100.0,13.332846389838036
6469,大樹,生技醫療業,350.0,2023-09-28,2023Q2,0.0,0.0,-11.55,0.0,12.036666666666667,60.18333333333333,4.9756758483535934,0.0,0.1540030029473372,0.0,25.0,12.5,13.286666666666667
8916,光隆,其他業,52.9,2023-09-28,2023Q2,0.0,0.0,-19.67,0.0,-26.900000000000002,0.0,9.041828023919356,20.209140119596782,-1.2508198643042376,0.0,60.0,100.0,13.031371017939517
6188,廣明,電腦及週邊設備業,83.1,2023-09-28,2023Q2,0.0,0.0,-21.28,0.0,-14.74,0.0,8.993367748321624,19.96683874160812,0.07633940784965995,0.0,61.0,100.0,12.995025811241218
6222,上揚,光電業,21.7,2023-09-28,2023Q2,0.0,0.0,5.88,11.76,-40.86666666666667,0.0,-543.1970713849909,0.0,0.0,0.0,98.0,100.0,12.94
3580,友威科,其他電子業,50.9,2023-09-28,2023Q2,0.0,0.0,-49.25,0.0,-28.97,0.0,12.439271710611663,37.19635855305832,-4.789359117140832,0.0,49.0,72.5,12.829453782958748
1701,中化,,23.0,2023-09-28,2023Q2,17.69,32.06666666666666,-36.59,0.0,0.0,0.0,2.384537656937115,0.0,0.0,0.0,58.3481658499918,95.8704146249795,12.793708129164617
4919,新唐,半導體業,125.0,2023-09-28,2023Q2,18.91,70.44594026083298,-56.56,0.0,-12.57,0.0,4.615305754485799,0.0,-0.8443387549074594,0.0,42.879151944967,57.1978798624175,12.76438201232505
2913,農林,貿易百貨業,21.2,2023-09-28,2023Q2,0.0,0.0,-275.0,0.0,2.943333333333333,14.716666666666663,-37.11619250199415,0.0,0.0,0.0,59.2390179342405,98.09754483560124,12.753087816893458
9928,中視,其他業,28.7,2023-09-28,2023Q2,0.0,0.0,-250.0,0.0,12.616666666666667,63.083333333333336,-11.760055159733394,0.0,0.0,0.0,11.2418053666101,0.0,12.616666666666667
1313,聯成,塑膠工業,14.85,2023-09-28,2023Q2,0.0,0.0,-2400.0,0.0,4.333333333333333,21.666666666666664,-1.584100139651896,0.0,0.0,0.0,52.6614639841204,81.65365996030101,12.498699329363436
2362,藍天,電腦及週邊設備業,31.6,2023-09-28,2023Q2,23.07,45.89350180505416,-3.74,0.0,-9.11,0.0,7.693046715714515,13.465233578572574,-1.0697552496704743,0.0,43.4433303161551,58.60832579038775,12.469967796330078
3321,同泰,電子零組件業,16.5,2023-09-28,2023Q2,0.0,0.0,0.0,0.0,11.813333333333333,59.06666666666667,-19.62344938788507,0.0,0.0,0.0,22.486780128358,6.216950320894998,12.435028365422834
9914,美利達,運動休閒,175.0,2023-09-28,2023Q2,21.21,1.8337408312958603,-42.66,0.0,-25.34,0.0,12.28007466389195,36.40037331945975,-3.0166570597266023,0.0,47.0286027016083,67.57150675402075,12.400580756450623
1541,錩泰,電機機械,30.55,2023-09-28,2023Q2,0.0,0.0,-98.87,0.0,2.9666666666666663,14.833333333333332,8.447957565199303,17.239787825996515,-15.617345132743363,0.0,47.239162959043,68.0979073976075,12.362425580326894
3095,及成,通信網路業,25.0,2023-09-28,2023Q2,0.0,0.0,-100.0,0.0,12.36,61.8,-11.274877520085672,0.0,0.0,0.0,4.0,0.0,12.36
5386,青雲,電腦及週邊設備業,50.0,2023-09-28,2023Q2,0.0,0.0,4.71,9.42,-16.106666666666666,0.0,2.797382292914411,0.0,-1.4723887909073095,0.0,62.0,100.0,12.355
8201,無敵,其他電子業,15.8,2023-09-28,2023Q2,0.0,0.0,4.62,9.24,-7.016666666666666,0.0,-15.270530252968003,0.0,0.0,0.0,70.6153964351567,100.0,12.31
6669,緯穎,電腦及週邊設備業,1495.0,2023-09-28,2023Q2,18.43,66.83212996389892,0.09,0.18,-26.843333333333334,0.0,6.107970278463929,5.539851392319646,-1.8045439580535867,0.0,38.8971342269882,47.2428355674705,12.283474261984889
6456,GIS-KY,光電業,59.0,2023-09-28,2023Q2,16.3,66.10910962429233,-187.71,0.0,0.0,0.0,-7.179442112605329,0.0,0.0,0.0,42.4238924485044,56.059731121260995,12.216884074555335
6470,宇智,通信網路業,68.7,2023-09-28,2023Q2,0.0,0.0,-19.81,0.0,-9.503333333333334,0.0,7.922588971405855,14.612944857029273,-0.4605417253123892,0.0,63.0,100.0,12.19194172855439
3441,聯一光,光電業,39.45,2023-09-28,2023Q2,0.0,0.0,-72.6,0.0,-38.800000000000004,0.0,7.750540972500838,13.752704862504189,0.5001569858712716,0.022426553038793328,70.0,100.0,12.067391039983386
8299,群聯,半導體業,456.0,2023-09-28,2023Q2,0.0,0.0,-82.53,0.0,-27.05666666666667,0.0,7.746382697790621,13.731913488953108,-3.634497232681743,0.0,71.0,100.0,12.059787023342967
6207,雷科,電子零組件業,30.4,2023-09-28,2023Q2,0.0,0.0,-27.05,0.0,-17.51,0.0,0.7456800584104778,0.0,0.720537200575572,31.505314367938865,43.0,57.49999999999999,12.051062873587775
5434,崇越,電子通路業,169.5,2023-09-28,2023Q2,10.78,63.3092078809811,-9.66,0.0,-10.586666666666666,0.0,5.885212200770288,4.426061003851438,-0.22562117210207774,0.0,39.4299163667406,48.5747909168515,11.852309030360976
3541,西柏,其他電子業,40.8,2023-09-28,2023Q2,0.0,0.0,-118.15,0.0,-24.353333333333335,0.0,9.174130663856692,20.870653319283463,0.0,0.0,54.0,85.0,11.630597997892519
7402,邑錡,光電業,78.2,2023-09-28,2023Q2,0.0,0.0,-33.04,0.0,-15.266666666666666,0.0,6.876409735051799,9.382048675258995,-1.1461508231081612,0.0,70.0,100.0,11.40730730128885
4304,勝昱,塑膠工業,8.7,2023-09-28,2023Q2,0.0,0.0,14.29,28.58,-5.223333333333334,0.0,-6.7077670449092786,0.0,0.0,0.0,37.0,42.5,11.395
1789,神隆,生技醫療業,27.5,2023-09-28,2023Q2,83.33,0.0,-45.83,0.0,-2.7199999999999993,0.0,6.799037433078868,8.99518716539434,0.48673693145646174,0.0,85.5935129343063,100.0,11.34927807480915
4722,國精化,化學工業,34.55,2023-09-28,2023Q2,26.99,12.925342813610996,-81.66,0.0,-13.746666666666668,0.0,3.021588121852122,0.0,-1.7843501895429512,0.0,60.4853253013792,100.0,11.2925342813611
4540,全球傳動,電機機械,32.0,2023-09-28,2023Q2,21.48,49.90680335507922,-93.79,0.0,-24.116666666666664,0.0,6.564322643868483,7.821613219342413,-30.197084851639772,0.0,40.5132548763121,51.28313719078024,11.292236037487308
1570,力肯,電機機械,20.05,2023-09-28,2023Q2,0.0,0.0,-68.87,0.0,-49.22,0.0,6.436581798138687,7.182908990693434,0.03268849784407412,0.0,84.0,100.0,11.077436348604015
2413,環科,電子零組件業,28.25,2023-09-28,2023Q2,14.56,62.78825995807128,-24.56,0.0,-0.16666666666666652,0.0,2.0884179831418903,0.0,0.15349436509808903,0.0,38.9376652679113,47.34416316977825,11.013242312784953
8110,華東,半導體業,13.35,2023-09-28,2023Q2,32.56,13.020614219604521,-111.11,0.0,-35.68666666666667,0.0,-5.095687811881679,0.0,0.0,0.0,58.4975012157981,96.24375303949526,10.92643672590998
5230,雷笛克光學,光電業,21.4,2023-09-28,2023Q2,0.0,0.0,-166.13,0.0,4.12,20.6,-2.8075778136167613,0.0,0.0,0.0,47.0,67.5,10.870000000000001
2911,麗嬰房,貿易百貨業,6.78,2023-09-28,2023Q2,0.0,0.0,17.28,34.56,-16.133333333333333,0.0,-16.984747491457995,0.0,0.0,0.0,28.4319253770563,21.079813442640745,10.747981344264076
3684,榮昌,通信網路業,45.1,2023-09-28,2023Q2,0.0,0.0,-50.77,0.0,-32.38,0.0,6.540306046517827,7.701530232589135,-1.2280495398879125,0.0,58.0,95.0,10.65522953488837
3294,英濟,電子零組件業,19.1,2023-09-28,2023Q2,0.0,0.0,8.63,17.26,-31.150000000000002,0.0,-7.524574967897167,0.0,0.0,0.0,45.0,62.5,10.565000000000001
4577,達航科技,其他電子業,26.9,2023-09-28,2023Q2,0.0,0.0,-80.5,0.0,-65.07,0.0,7.665068598362048,13.325342991810238,-7.139318616374066,0.0,54.0,85.0,10.498801448771536
2070,精湛,電機機械,29.95,2023-09-28,2023Q2,0.0,0.0,-68.42,0.0,-7.333333333333333,0.0,5.50920948631407,2.5460474315703507,0.052656367746797286,0.0,69.0,100.0,10.381907114735553
3033,威健,電子通路業,27.45,2023-09-28,2023Q2,12.25,51.487736228387604,-71.2,0.0,3.983333333333333,19.916666666666664,2.498671524219334,0.0,-0.9181392761306368,0.0,24.8334187152352,12.083546788088002,10.340461634980894
1785,光洋科,其他電子業,36.45,2023-09-28,2023Q2,0.0,0.0,-16.13,0.0,-15.79,0.0,4.47653251068523,0.0,0.6144003920416836,16.342913148811945,48.0,70.0,10.268582629762388
1595,川寶,電子零組件業,39.2,2023-09-28,2023Q2,0.0,0.0,-67.33,0.0,-17.179999999999996,0.0,6.642076428629546,8.210382143147733,-3.6820237605764863,0.0,56.0,90.0,10.23155732147216
9962,有益,鋼鐵工業,17.05,2023-09-28,2023Q2,0.0,0.0,-27.03,0.0,-12.659999999999998,0.0,5.224989180400734,1.1249459020036712,-1.8828205586653646,0.0,73.0,100.0,10.16874188530055
2616,山隆,油電燃氣業,30.7,2023-09-28,2023Q2,28.96,31.116584564860418,-71.92,0.0,-11.86,0.0,-0.1182890690996997,0.0,-1.3775892324113104,0.0,48.1620565380259,70.40514134506475,10.152172590992517
4939,亞電,電子零組件業,16.65,2023-09-28,2023Q2,0.0,0.0,-88.24,0.0,1.6333333333333335,8.166666666666668,4.851661226573153,0.0,-18.52579162410623,0.0,54.0,85.0,10.133333333333333
1301,台塑,塑膠工業,79.8,2023-09-28,2023Q2,266.0,0.0,-90.56,0.0,-16.596666666666668,0.0,-2.4399547606453376,0.0,-1.1147293305624402,0.0,65.9036427262068,100.0,10.0
2305,全友,電腦及週邊設備業,22.75,2023-09-28,2023Q2,0.0,0.0,-75.0,0.0,-13.030000000000001,0.0,-27.057440659257324,0.0,-1.53794054935407,0.0,76.702575576445,100.0,10.0
3081,聯亞,通信網路業,117.0,2023-09-28,2023Q2,0.0,0.0,-165.0,0.0,-66.40666666666667,0.0,-17.557704471073226,0.0,0.0,0.0,82.0,100.0,10.0
1452,宏益,紡織纖維,16.25,2023-09-28,2023Q2,77.38,0.0,-107.04,0.0,-31.28333333333333,0.0,-5.087817246643209,0.0,0.0,0.0,91.4635830685526,100.0,10.0
1455,集盛,紡織纖維,9.63,2023-09-28,2023Q2,0.0,0.0,-500.0,0.0,-22.799999999999997,0.0,-8.605469977638954,0.0,0.0,0.0,65.121254655815,100.0,10.0
1451,年興,紡織纖維,18.8,2023-09-28,2023Q2,0.0,0.0,-167.04,0.0,-30.03,0.0,-9.593120698401012,0.0,0.0,0.0,81.2415456885348,100.0,10.0
3122,笙泉,半導體業,36.0,2023-09-28,2023Q2,0.0,0.0,-194.17,0.0,-9.97,0.0,-23.87696933629843,0.0,0.0,0.0,63.0,100.0,10.0
3115,富榮綱,電子零組件業,10.4,2023-09-28,2023Q2,0.0,0.0,-540.0,0.0,-100.0,0.0,-1171.4922048997773,0.0,0.0,0.0,96.0,100.0,10.0
3085,新零售,數位雲端,18.15,2023-09-28,2023Q2,0.0,0.0,-15.0,0.0,-80.40333333333332,0.0,-41.02091148369982,0.0,0.0,0.0,60.0,100.0,10.0
5263,智崴,文化創意業,114.0,2023-09-28,2023Q2,0.0,0.0,-88.89,0.0,-5.576666666666665,0.0,-37.68749302629551,0.0,0.0,0.0,65.0,100.0,10.0
4171,瑞基,農業科技業,33.95,2023-09-28,2023Q2,0.0,0.0,-135.19,0.0,-46.99666666666667,0.0,-77.61008754736704,0.0,0.0,0.0,62.0,100.0,10.0
3049,精金,光電業,9.42,2023-09-28,2023Q2,0.0,0.0,-278.95,0.0,-30.326666666666668,0.0,-45.545972054510955,0.0,0.0,0.0,63.7546412731058,100.0,10.0
5245,智晶,光電業,40.35,2023-09-28,2023Q2,0.0,0.0,-114.62,0.0,-41.473333333333336,0.0,-5.799141928703836,0.0,0.0,0.0,60.0,100.0,10.0
5251,天鉞電,光電業,17.9,2023-09-28,2023Q2,0.0,0.0,-126.67,0.0,-52.46333333333333,0.0,-48.88759995028379,0.0,0.0,0.0,84.0,100.0,10.0
3066,李洲,光電業,18.65,2023-09-28,2023Q2,0.0,0.0,-251.43,0.0,-34.88,0.0,-78.02055724351929,0.0,0.0,0.0,67.0,100.0,10.0
3062,建漢,通信網路業,21.8,2023-09-28,2023Q2,0.0,0.0,-13.33,0.0,-46.23666666666666,0.0,-15.04785036653592,0.0,0.0,0.0,68.4727586383743,100.0,10.0
4989,榮科,電子零組件業,25.55,2023-09-28,2023Q2,0.0,0.0,-116.88,0.0,-13.713333333333333,0.0,-3.0621473887559545,0.0,0.0,0.0,79.4406152021638,100.0,10.0
4807,日成-KY,貿易百貨業,16.8,2023-09-28,2023Q2,0.0,0.0,-802.5,0.0,0.0,0.0,-35.30876914677737,0.0,0.0,0.0,60.1608906267512,100.0,10.0
1414,東和,紡織纖維,17.75,2023-09-28,2023Q2,88.75,0.0,-87.1,0.0,-23.026666666666667,0.0,-9.9453465002964,0.0,-6.038609083034278,0.0,67.2672340225228,100.0,10.0
1410,南染,紡織纖維,37.5,2023-09-28,2023Q2,51.37,0.0,-45.95,0.0,-37.44,0.0,-12.688520167273708,0.0,0.49070810637616147,0.0,77.5718642254537,100.0,10.0
1310,台苯,塑膠工業,16.1,2023-09-28,2023Q2,0.0,0.0,-470.0,0.0,-31.833333333333332,0.0,-9.045648829007174,0.0,0.0,0.0,71.8121437329894,100.0,10.0
1309,台達化,塑膠工業,17.8,2023-09-28,2023Q2,0.0,0.0,-120.95,0.0,-26.893333333333334,0.0,-2.766200132630624,0.0,0.0,0.0,77.2093008070257,100.0,10.0
5210,寶碩,資訊服務業,23.95,2023-09-28,2023Q2,0.0,0.0,-2366.67,0.0,-12.706666666666669,0.0,-32.98313061346237,0.0,0.0,0.0,60.0,100.0,10.0
2340,台亞,半導體業,47.45,2023-09-28,2023Q2,76.53,0.0,-33.33,0.0,-6.8133333333333335,0.0,0.7443635929858046,0.0,-0.24083207770105472,0.0,74.2897860881558,100.0,10.0
5272,笙科,半導體業,28.1,2023-09-28,2023Q2,0.0,0.0,-152.58,0.0,-16.303333333333335,0.0,-23.292839807434717,0.0,0.0,0.0,84.0,100.0,10.0
4968,立積,半導體業,144.5,2023-09-28,2023Q2,0.0,0.0,-445.65,0.0,-14.613333333333335,0.0,-14.944928025322055,0.0,0.0,0.0,69.5587401339123,100.0,10.0
5398,慕康生醫,其他業,12.3,2023-09-28,2023Q2,0.0,0.0,-2900.0,0.0,-0.35666666666666674,0.0,-17.518971253411088,0.0,0.0,0.0,90.0,100.0,10.0
8068,全達,電子通路業,41.1,2023-09-28,2023Q2,0.0,0.0,-650.0,0.0,-0.4233333333333326,0.0,-5.121555394874267,0.0,0.0,0.0,61.0,100.0,10.0
4972,湯石照明,光電業,28.05,2023-09-28,2023Q2,0.0,0.0,-127.59,0.0,-14.433333333333332,0.0,-0.21076467514370317,0.0,0.0,0.0,88.0,100.0,10.0
4976,佳凌,光電業,40.5,2023-09-28,2023Q2,0.0,0.0,-146.43,0.0,-32.67333333333333,0.0,-24.307252467989443,0.0,0.0,0.0,80.4408297595828,100.0,10.0
8089,康全電訊,通信網路業,18.4,2023-09-28,2023Q2,0.0,0.0,-1663.16,0.0,-25.646666666666665,0.0,-48.270651867374994,0.0,0.0,0.0,65.0,100.0,10.0
8085,福華,其他電子業,42.7,2023-09-28,2023Q2,0.0,0.0,-153.57,0.0,-22.026666666666667,0.0,-11.880898564517409,0.0,0.0,0.0,63.0,100.0,10.0
2408,南亞科,半導體業,65.6,2023-09-28,2023Q2,0.0,0.0,-118.63,0.0,-40.763333333333335,0.0,-45.12276803801143,0.0,0.0,0.0,88.3164004558116,100.0,10.0
3259,鑫創,半導體業,26.7,2023-09-28,2023Q2,0.0,0.0,-65.59,0.0,-12.976666666666667,0.0,-46.125108232971854,0.0,0.0,0.0,79.0,100.0,10.0
3432,台端,電子零組件業,11.4,2023-09-28,2023Q2,0.0,0.0,-108.47,0.0,-27.83666666666667,0.0,-163.5329795299469,0.0,0.0,0.0,94.0710270298021,100.0,10.0
4923,力士,半導體業,46.4,2023-09-28,2023Q2,0.0,0.0,-100.77,0.0,-30.396666666666665,0.0,-2.386341687189145,0.0,0.0,0.0,84.0,100.0,10.0
6582,申豐,橡膠工業,49.4,2023-09-28,2023Q2,247.0,0.0,-125.0,0.0,-38.126666666666665,0.0,-13.467908005837936,0.0,0.0,0.0,92.4331574479302,100.0,10.0
6588,東典光電,通信網路業,30.75,2023-09-28,2023Q2,0.0,0.0,-503.57,0.0,-25.72,0.0,-56.07620273071699,0.0,0.0,0.0,79.0,100.0,10.0
6589,台康生技,生技醫療業,97.5,2023-09-28,2023Q2,0.0,0.0,-1971.43,0.0,-46.35333333333333,0.0,-134.33135477321753,0.0,0.0,0.0,92.0,100.0,10.0
3504,揚明光,光電業,61.7,2023-09-28,2023Q2,0.0,0.0,-316.13,0.0,-44.826666666666675,0.0,-10.540280707788611,0.0,0.0,0.0,62.1707561909832,100.0,10.0
3492,長盛,電子零組件業,18.1,2023-09-28,2023Q2,0.0,0.0,-72.73,0.0,-0.2233333333333339,0.0,-0.6314577653554492,0.0,-3.4707343580189414,0.0,60.0,100.0,10.0
8040,九暘,半導體業,42.0,2023-09-28,2023Q2,0.0,0.0,-157.89,0.0,-51.64666666666667,0.0,-4.599070523290447,0.0,0.0,0.0,75.0,100.0,10.0
8043,蜜望實,電子零組件業,26.8,2023-09-28,2023Q2,0.0,0.0,-137.9,0.0,-7.183333333333334,0.0,-3.104010926961056,0.0,0.0,0.0,65.0,100.0,10.0
8047,星雲,其他電子業,11.6,2023-09-28,2023Q2,0.0,0.0,-268.97,0.0,-30.363333333333333,0.0,-15.539089848308052,0.0,0.0,0.0,85.0,100.0,10.0
2374,佳能,光電業,24.15,2023-09-28,2023Q2,58.9,0.0,-166.67,0.0,-2.599999999999999,0.0,-4.355253310773436,0.0,0.0,0.0,70.0396258520277,100.0,10.0
8021,尖點,其他電子業,27.1,2023-09-28,2023Q2,0.0,0.0,-147.17,0.0,-20.113333333333333,0.0,-0.46419680773173233,0.0,0.0,0.0,61.6220652791327,100.0,10.0
6854,錼創科技-KY創,,102.0,2023-09-28,2023Q2,0.0,0.0,-24.22,0.0,0.0,0.0,-93.86703265839131,0.0,0.0,0.0,89.1060037600466,100.0,10.0
8024,佑華,半導體業,20.2,2023-09-28,2023Q2,0.0,0.0,-123.44,0.0,-43.64333333333334,0.0,-17.209730952791244,0.0,0.0,0.0,78.0,100.0,10.0
8033,雷虎,其他業,58.7,2023-09-28,2023Q2,0.0,0.0,-550.0,0.0,-18.91333333333333,0.0,-2.3088362209420588,0.0,0.0,0.0,60.8354078079652,100.0,10.0
6494,九齊,半導體業,62.4,2023-09-28,2023Q2,0.0,0.0,-96.3,0.0,-4.626666666666666,0.0,-1.5685070608794218,0.0,-2.2776919113858836,0.0,68.0,100.0,10.0
6512,啟發電,其他電子業,20.2,2023-09-28,2023Q2,0.0,0.0,-188.0,0.0,-5.38,0.0,-15.744917711370867,0.0,0.0,0.0,90.0,100.0,10.0
3221,台嘉碩,通信網路業,26.35,2023-09-28,2023Q2,0.0,0.0,-98.91,0.0,-42.13333333333333,0.0,0.13016106833599753,0.0,-7.44818735964068,0.0,65.0,100.0,10.0
3228,金麗科,半導體業,105.5,2023-09-28,2023Q2,0.0,0.0,-161.4,0.0,-16.183333333333334,0.0,-31.072123234649336,0.0,0.0,0.0,86.0,100.0,10.0
1721,三晃,化學工業,13.35,2023-09-28,2023Q2,0.0,0.0,-273.81,0.0,-33.5,0.0,-14.374564022433661,0.0,0.0,0.0,60.009392714976,100.0,10.0
1732,毛寶,化學工業,24.4,2023-09-28,2023Q2,0.0,0.0,-116.67,0.0,-10.986666666666666,0.0,-0.8735863108124492,0.0,0.0,0.0,76.9838956613092,100.0,10.0
3530,晶相光,半導體業,73.4,2023-09-28,2023Q2,0.0,0.0,-220.93,0.0,-8.173333333333334,0.0,-33.20356340312998,0.0,0.0,0.0,74.4785081116226,100.0,10.0
2009,第一銅,鋼鐵工業,29.4,2023-09-28,2023Q2,73.5,0.0,-1500.0,0.0,-11.446666666666667,0.0,-4.59593051156541,0.0,0.0,0.0,74.6011425908147,100.0,10.0
1531,高林股,電機機械,13.2,2023-09-28,2023Q2,660.0,0.0,-129.87,0.0,-40.126666666666665,0.0,-10.459676462018281,0.0,0.0,0.0,81.745048356689,100.0,10.0
3057,喬鼎,電腦及週邊設備業,11.6,2023-09-28,2023Q2,0.0,0.0,-316.0,0.0,-42.71333333333333,0.0,-18.83654660384187,0.0,0.0,0.0,64.2161797949542,100.0,10.0
3297,杭特,光電業,16.35,2023-09-28,2023Q2,0.0,0.0,-650.0,0.0,-33.79,0.0,-46.76829811892663,0.0,0.0,0.0,70.0,100.0,10.0
3060,銘異,電腦及週邊設備業,19.15,2023-09-28,2023Q2,0.0,0.0,-267.12,0.0,-8.563333333333334,0.0,-15.483096336338567,0.0,0.0,0.0,61.9968114738637,100.0,10.0
3041,揚智,半導體業,17.55,2023-09-28,2023Q2,0.0,0.0,-1008.7,0.0,-53.18333333333334,0.0,-50.33322688585591,0.0,0.0,0.0,82.7979837425169,100.0,10.0
2939,永邑-KY,貿易百貨業,30.35,2023-09-28,2023Q2,0.0,0.0,-263.16,0.0,0.0,0.0,-45.25510806661155,0.0,0.0,0.0,89.50620187232,100.0,10.0
3354,律勝,電子零組件業,14.55,2023-09-28,2023Q2,0.0,0.0,-1450.0,0.0,-19.146666666666665,0.0,-134.23884073993645,0.0,0.0,0.0,75.0,100.0,10.0
6210,慶生,電子零組件業,30.8,2023-09-28,2023Q2,0.0,0.0,-319.35,0.0,-54.303333333333335,0.0,-35.78046839472487,0.0,0.0,0.0,80.0,100.0,10.0
2431,聯昌,電子零組件業,11.2,2023-09-28,2023Q2,0.0,0.0,-540.0,0.0,-48.416666666666664,0.0,-22.830875572889276,0.0,0.0,0.0,82.0780539399633,100.0,10.0
4712,南璋,,3.72,2023-09-28,2023Q2,0.0,0.0,-18.18,0.0,0.0,0.0,-38991.66666666667,0.0,0.0,0.0,81.0,100.0,10.0
2438,翔耀,光電業,23.1,2023-09-28,2023Q2,0.0,0.0,-130.0,0.0,-13.97,0.0,-36.26639414069153,0.0,0.0,0.0,67.0652781170416,100.0,10.0
4576,大銀微系統,電機機械,65.5,2023-09-28,2023Q2,77.98,0.0,-105.62,0.0,-38.06,0.0,-1.0020133619734,0.0,0.0,0.0,64.4589396391881,100.0,10.0
6233,旺玖,半導體業,23.9,2023-09-28,2023Q2,0.0,0.0,-118.75,0.0,-22.976666666666663,0.0,-9.122220241777368,0.0,0.0,0.0,87.0,100.0,10.0
2426,鼎元,光電業,17.85,2023-09-28,2023Q2,0.0,0.0,-61.11,0.0,-1.93,0.0,-9.60729841336499,0.0,0.0,0.0,73.921823398738,100.0,10.0
6241,易通展,通信網路業,12.7,2023-09-28,2023Q2,0.0,0.0,-122.86,0.0,-27.766666666666666,0.0,-8.865510345578418,0.0,0.0,0.0,66.0,100.0,10.0
4128,中天,生技醫療業,48.3,2023-09-28,2023Q2,0.0,0.0,-343.18,0.0,-3.91,0.0,-38.03965642233387,0.0,0.0,0.0,80.0,100.0,10.0
6735,美達科技,其他電子業,47.0,2023-09-28,2023Q2,0.0,0.0,-119.92,0.0,-58.48,0.0,-27.612726372831453,0.0,0.0,0.0,81.0,100.0,10.0
1599,宏佳騰,電機機械,35.75,2023-09-28,2023Q2,0.0,0.0,-127.84,0.0,-16.36,0.0,-13.288008261083506,0.0,0.0,0.0,66.0,100.0,10.0
6674,鋐寶科技,通信網路業,27.75,2023-09-28,2023Q2,0.0,0.0,-1683.33,0.0,-69.08666666666666,0.0,-29.937542531306953,0.0,0.0,0.0,63.8547479335177,100.0,10.0
6693,廣閎科,半導體業,67.5,2023-09-28,2023Q2,0.0,0.0,-87.31,0.0,-33.82666666666667,0.0,1.770250452649948,0.0,0.3923333333333333,0.0,68.0,100.0,10.0
4716,大立,化學工業,12.55,2023-09-28,2023Q2,0.0,0.0,0.0,0.0,-7.1000000000000005,0.0,-11.44634910169771,0.0,0.0,0.0,61.0,100.0,10.0
4743,合一,生技醫療業,174.5,2023-09-28,2023Q2,0.0,0.0,-181.21,0.0,-13.37333333333333,0.0,-1259.3773764258556,0.0,0.0,0.0,93.0,100.0,10.0
4706,大恭,化學工業,29.0,2023-09-28,2023Q2,0.0,0.0,-134.0,0.0,-16.786666666666665,0.0,-4.883577168761591,0.0,0.0,0.0,89.0,100.0,10.0
6116,彩晶,光電業,11.6,2023-09-28,2023Q2,0.0,0.0,-335.71,0.0,-19.543333333333333,0.0,-34.364398870777876,0.0,0.0,0.0,82.8088448223667,100.0,10.0
2032,新鋼,鋼鐵工業,16.3,2023-09-28,2023Q2,0.0,0.0,-214.29,0.0,-3.4266666666666663,0.0,-3.0559741923643,0.0,0.0,0.0,86.8527445350324,100.0,10.0
2033,佳大,鋼鐵工業,14.85,2023-09-28,2023Q2,0.0,0.0,0.0,0.0,-23.3,0.0,-2.578416790613122,0.0,0.0,0.0,81.6784985315477,100.0,10.0
4530,宏易,觀光餐旅,7.0,2023-09-28,2023Q2,0.0,0.0,-119.05,0.0,-30.336666666666662,0.0,-18.598963980243344,0.0,0.0,0.0,65.0,100.0,10.0
3588,通嘉,半導體業,62.1,2023-09-28,2023Q2,0.0,0.0,-119.85,0.0,-9.936666666666666,0.0,-7.320111921563235,0.0,0.0,0.0,87.3051102449344,100.0,10.0
6560,欣普羅,光電業,29.1,2023-09-28,2023Q2,0.0,0.0,-120.33,0.0,-25.656666666666666,0.0,-25.928076066149934,0.0,0.0,0.0,86.0,100.0,10.0
6568,宏觀,半導體業,130.0,2023-09-28,2023Q2,0.0,0.0,-48.17,0.0,-2.4066666666666667,0.0,3.4646945029616134,0.0,0.1854930773058572,0.0,82.0,100.0,10.0
6550,北極星藥業-KY,生技醫療業,79.5,2023-09-28,2023Q2,0.0,0.0,-6.49,0.0,0.0,0.0,-42845.434047350616,0.0,0.0,0.0,87.1144583952052,100.0,10.0
6558,興能高,其他電子業,22.55,2023-09-28,2023Q2,0.0,0.0,-25.0,0.0,-1.0033333333333327,0.0,-10.642620496732658,0.0,0.0,0.0,69.9093479551573,100.0,10.0
6457,紘康,,48.05,2023-09-28,2023Q2,0.0,0.0,-162.83,0.0,0.0,0.0,-30.265853883926724,0.0,0.0,0.0,67.0,100.0,10.0
6265,方土昶,電子通路業,10.1,2023-09-28,2023Q2,0.0,0.0,-482.35,0.0,-53.76,0.0,-35.122447775286204,0.0,0.0,0.0,90.0,100.0,10.0
6405,悅城,光電業,28.0,2023-09-28,2023Q2,0.0,0.0,-283.33,0.0,-20.846666666666668,0.0,-41.6619899989111,0.0,0.0,0.0,97.6584187778402,100.0,10.0
6426,統新,通信網路業,70.6,2023-09-28,2023Q2,0.0,0.0,-234.04,0.0,-40.77666666666667,0.0,-64.88892373261872,0.0,0.0,0.0,84.9919675381838,100.0,10.0
1809,中釉,玻璃陶瓷,15.0,2023-09-28,2023Q2,0.0,0.0,-119.35,0.0,-11.459999999999999,0.0,-3.8993894827217686,0.0,0.0,0.0,61.0447875812396,100.0,10.0
3372,典範,半導體業,13.0,2023-09-28,2023Q2,0.0,0.0,-185.94,0.0,-14.593333333333334,0.0,-28.298666638702606,0.0,0.0,0.0,86.0,100.0,10.0
3373,熱映,其他電子業,22.7,2023-09-28,2023Q2,0.0,0.0,-285.71,0.0,-43.52666666666667,0.0,-16.27035667898891,0.0,0.0,0.0,93.0,100.0,10.0
3691,碩禾,光電業,78.1,2023-09-28,2023Q2,0.0,0.0,-1636.36,0.0,-61.89333333333334,0.0,-38.61995290213051,0.0,0.0,0.0,64.0,100.0,10.0
1810,和成,玻璃陶瓷,19.55,2023-09-28,2023Q2,977.5,0.0,-102.5,0.0,-0.16666666666666666,0.0,0.0805401151085498,0.0,0.0,0.0,63.5324404730337,100.0,10.0
4568,科際精密,電機機械,53.3,2023-09-28,2023Q2,0.0,0.0,-97.88,0.0,-19.173333333333336,0.0,3.949686926304747,0.0,-16.116755793226382,0.0,69.0,100.0,10.0
8277,商丞,半導體業,11.3,2023-09-28,2023Q2,0.0,0.0,-21.21,0.0,-16.186666666666667,0.0,-29.848712439551523,0.0,0.0,0.0,76.0,100.0,10.0
4155,訊映,生技醫療業,25.8,2023-09-28,2023Q2,40.95,0.0,-72.48,0.0,-5.323333333333334,0.0,3.743949283282846,0.0,-1.3890131141596664,0.0,72.4776805040074,100.0,10.0
6237,驊訊,半導體業,37.65,2023-09-28,2023Q2,0.0,0.0,-1600.0,0.0,-29.126666666666665,0.0,-33.36921803962739,0.0,0.0,0.0,93.0,100.0,10.0
4188,安克,生技醫療業,21.0,2023-09-28,2023Q2,0.0,0.0,-22.22,0.0,-7.676666666666667,0.0,-112.57221563301067,0.0,0.0,0.0,77.0,100.0,10.0
6657,華安,生技醫療業,60.0,2023-09-28,2023Q2,0.0,0.0,-49.01,0.0,-35.71666666666666,0.0,-4555.32475131656,0.0,0.0,0.0,95.303580039715,100.0,10.0
3714,富采,光電業,43.9,2023-09-28,2023Q2,0.0,0.0,-270.83,0.0,-12.573333333333332,0.0,-22.816464960666977,0.0,0.0,0.0,73.6339297540662,100.0,10.0
6598,ABC-KY,生技醫療業,23.95,2023-09-28,2023Q2,0.0,0.0,-6.2,0.0,0.0,0.0,-75.6661517368026,0.0,0.0,0.0,63.4952435298538,100.0,10.0
6719,力智,半導體業,246.0,2023-09-28,2023Q2,64.06,0.0,-99.73,0.0,-58.13666666666666,0.0,-4.677628118760987,0.0,-83.29178208679593,0.0,83.0870303476312,100.0,10.0
6708,天擎,半導體業,47.0,2023-09-28,2023Q2,0.0,0.0,-144.03,0.0,-44.446666666666665,0.0,-27.47038876683542,0.0,0.0,0.0,85.0,100.0,10.0
6695,芯鼎,半導體業,39.55,2023-09-28,2023Q2,0.0,0.0,-147.83,0.0,-4.446666666666666,0.0,-9.449151902366818,0.0,0.0,0.0,93.0182252492158,100.0,10.0
3527,聚積,半導體業,91.3,2023-09-28,2023Q2,0.0,0.0,-107.14,0.0,-18.970000000000002,0.0,-3.509471328815216,0.0,0.0,0.0,81.0,100.0,10.0
3520,華盈,電子零組件業,15.7,2023-09-28,2023Q2,0.0,0.0,-102.97,0.0,-23.846666666666668,0.0,-2.837616362098521,0.0,0.0,0.0,60.0,100.0,10.0
6124,業強,電子零組件業,31.25,2023-09-28,2023Q2,0.0,0.0,-131.37,0.0,-12.236666666666666,0.0,-2.1616004260568893,0.0,0.0,0.0,70.0,100.0,10.0
2104,國際中橡,橡膠工業,20.15,2023-09-28,2023Q2,155.0,0.0,-266.67,0.0,-33.35333333333333,0.0,-0.6895810137480115,0.0,0.0,0.0,59.8353526367119,99.58838159177976,9.958838159177978
2530,華建,建材營造業,26.35,2023-09-28,2023Q2,58.56,0.0,-150.0,0.0,3.3033333333333346,16.516666666666673,-496.6597077244259,0.0,0.0,0.0,46.3484491942882,65.8711229857205,9.890445631905386
6164,華興,光電業,11.1,2023-09-28,2023Q2,50.45,0.0,-162.5,0.0,-16.69666666666667,0.0,-7.409617531175325,0.0,0.0,0.0,59.530304504964,98.82576126241001,9.882576126241002
3024,憶聲,光電業,15.45,2023-09-28,2023Q2,46.82,0.0,0.0,0.0,-14.146666666666667,0.0,5.888029253923378,4.440146269616889,-0.051759280228943196,0.0,56.7717446307402,91.9293615768505,9.858958098127584
2316,楠梓電,電子零組件業,40.3,2023-09-28,2023Q2,38.75,0.0,-111.25,0.0,-30.69333333333334,0.0,-18.613919201707212,0.0,0.0,0.0,58.8166840189636,97.041710047409,9.7041710047409
1326,台化,塑膠工業,61.5,2023-09-28,2023Q2,0.0,0.0,-92.42,0.0,-14.666666666666666,0.0,-3.4503657399138334,0.0,-2.0729863867338167,0.0,58.7098840331774,96.7747100829435,9.67747100829435
6283,淳安,其他電子業,30.7,2023-09-28,2023Q2,0.0,0.0,-960.0,0.0,-12.21,0.0,-8.75101570964247,0.0,0.0,0.0,58.5213379682967,96.30334492074175,9.630334492074176
2401,凌陽,半導體業,29.05,2023-09-28,2023Q2,0.0,0.0,-153.57,0.0,-2.1333333333333333,0.0,-4.995390201805019,0.0,0.0,0.0,58.4782542500205,96.19563562505124,9.619563562505125
6706,惠特,光電業,64.1,2023-09-28,2023Q2,45.79,0.0,-119.41,0.0,-67.24333333333334,0.0,-23.09373818587433,0.0,0.0,0.0,58.3106449324305,95.77661233107625,9.577661233107625
6153,嘉聯益,電子零組件業,21.75,2023-09-28,2023Q2,0.0,0.0,-434.69,0.0,-33.39333333333334,0.0,-32.30366597781302,0.0,0.0,0.0,58.0831689986514,95.2079224966285,9.52079224966285
6584,南俊國際,電子零組件業,68.4,2023-09-28,2023Q2,0.0,0.0,-125.0,0.0,-39.21666666666667,0.0,-7.511519306910204,0.0,0.0,0.0,58.0,95.0,9.5
4175,杏一,生技醫療業,89.0,2023-09-28,2023Q2,0.0,0.0,-83.44,0.0,9.486666666666666,47.43333333333333,1.2351933178358607,0.0,0.1407634971796938,0.0,20.0,0.0,9.486666666666666
4564,元翎,電機機械,25.85,2023-09-28,2023Q2,0.0,0.0,-310.64,0.0,-18.21,0.0,-28.23462510408537,0.0,0.0,0.0,57.4440297068645,93.61007426716125,9.361007426716126
1444,力麗,紡織纖維,10.5,2023-09-28,2023Q2,0.0,0.0,-125.86,0.0,-38.49666666666667,0.0,-7.477290156618915,0.0,0.0,0.0,57.2899002054457,93.22475051361424,9.322475051361424
2483,百容,電子零組件業,24.95,2023-09-28,2023Q2,34.65,0.0,-72.32,0.0,-22.7,0.0,-1.2035749367529376,0.0,-1.6082502103112606,0.0,57.0295832531389,92.57395813284725,9.257395813284726
6217,中探針,電子零組件業,43.5,2023-09-28,2023Q2,0.0,0.0,-86.92,0.0,-18.393333333333334,0.0,-5.587034011584732,0.0,-0.6053266028780231,0.0,57.0,92.5,9.25
3434,哲固,光電業,28.3,2023-09-28,2023Q2,0.0,0.0,-56.25,0.0,-1.3799999999999997,0.0,2.773080536339568,0.0,0.19660384766391834,0.0,57.0,92.5,9.25
4721,美琪瑪,化學工業,80.7,2023-09-28,2023Q2,0.0,0.0,-127.51,0.0,-61.376666666666665,0.0,0.7345697419716445,0.0,0.0,0.0,57.0,92.5,9.25
6661,威健生技,生技醫療業,23.1,2023-09-28,2023Q2,0.0,0.0,-87.5,0.0,-3.5766666666666667,0.0,-0.3716472672064777,0.0,-16.657232704402517,0.0,57.0,92.5,9.25
5514,三豐,建材營造業,20.2,2023-09-28,2023Q2,0.0,0.0,-50.0,0.0,0.18000000000000002,0.9000000000000001,-657.8733572281959,0.0,0.0,0.0,56.0,90.0,9.18
1338,廣華-KY,汽車工業,36.55,2023-09-28,2023Q2,0.0,0.0,-228.79,0.0,0.0,0.0,-0.5114409690215496,0.0,0.0,0.0,56.6323925576664,91.58098139416599,9.1580981394166
6811,宏硌穈T,數位雲端,258.0,2023-09-28,2023Q2,0.0,0.0,8.57,17.14,-3.4066666666666663,0.0,7.788942982380152,13.94471491190076,-0.24715363751525185,0.0,31.0,27.500000000000004,9.126707236785114
2024,志聯,鋼鐵工業,16.6,2023-09-28,2023Q2,0.0,0.0,-168.18,0.0,-20.803333333333335,0.0,-5.645836157848724,0.0,0.0,0.0,56.4591643927161,91.14791098179025,9.114791098179024
9912,偉聯,電腦及週邊設備業,10.1,2023-09-28,2023Q2,0.0,0.0,-90.91,0.0,-16.093333333333334,0.0,-7.809352964494932,0.0,0.0,0.0,56.0846317763728,90.21157944093201,9.021157944093202
4930,燦星網,電器電纜,27.0,2023-09-28,2023Q2,11.89,68.08473992421634,-53.49,0.0,-0.5833333333333334,0.0,5.744057079313674,3.720285396568368,-1.7325809232698488,0.0,26.6180637364829,16.545159341207246,9.021032736027614
2505,國揚,建材營造業,18.05,2023-09-28,2023Q2,36.84,0.0,-68.1,0.0,-74.05333333333334,0.0,-12.644460744229466,0.0,-2.4476616597421965,0.0,56.0008601779691,90.00215044492276,9.000215044492277
8027,鈦昇,電機機械,70.5,2023-09-28,2023Q2,0.0,0.0,-102.44,0.0,-34.800000000000004,0.0,-3.8352229671701683,0.0,0.0,0.0,56.0,90.0,9.0
2461,光群雷,其他電子業,23.2,2023-09-28,2023Q2,17.44,18.625235404896422,-43.0,0.0,-4.25,0.0,1.0243668509487056,0.0,0.6167164794393487,16.673782777049816,34.5382277533641,36.34556938341024,8.83183703424063
6270,倍微,電子通路業,21.85,2023-09-28,2023Q2,0.0,0.0,-63.16,0.0,-30.97666666666667,0.0,1.6893987019165422,0.0,-7.745911487884654,0.0,55.0,87.5,8.75
3219,倚強科,其他電子業,47.6,2023-09-28,2023Q2,0.0,0.0,-108.7,0.0,-14.806666666666667,0.0,-5.454732737934007,0.0,0.0,0.0,55.0,87.5,8.75
8450,霹靂,文化創意業,23.4,2023-09-28,2023Q2,0.0,0.0,-6.35,0.0,-23.36,0.0,-58.88289203297352,0.0,0.0,0.0,55.0,87.5,8.75
3402,漢科,其他電子業,48.8,2023-09-28,2023Q2,0.0,0.0,7.31,14.62,-20.966666666666665,0.0,9.010891057340986,20.05445528670493,-1.5993810539567088,0.0,28.0,20.0,8.66316829300574
3685,元創精密,電機機械,24.95,2023-09-28,2023Q2,0.0,0.0,-36.36,0.0,4.833333333333335,24.166666666666675,-0.47478662046392445,0.0,0.0,0.0,35.0,37.5,8.583333333333336
6840,東研信超,其他電子業,63.5,2023-09-28,2023Q2,0.0,0.0,-111.3,0.0,-36.836666666666666,0.0,-3.543700840791972,0.0,0.0,0.0,54.0,85.0,8.5
1440,南紡,紡織纖維,14.7,2023-09-28,2023Q2,0.0,0.0,-146.48,0.0,-9.25,0.0,-7.844695955749851,0.0,0.0,0.0,53.9535180208104,84.883795052026,8.4883795052026
3006,晶豪科,半導體業,77.5,2023-09-28,2023Q2,0.0,0.0,-124.85,0.0,-25.679999999999996,0.0,-14.85229834183557,0.0,0.0,0.0,53.7751908624378,84.43797715609452,8.443797715609453
1474,弘裕,紡織纖維,11.45,2023-09-28,2023Q2,0.0,0.0,-175.0,0.0,-14.280000000000001,0.0,-4.0959853779846105,0.0,0.0,0.0,53.6906308178843,84.22657704471075,8.422657704471076
4558,寶緯,電機機械,27.05,2023-09-28,2023Q2,0.0,0.0,-138.6,0.0,3.31,16.55,-3.6992024088631457,0.0,0.0,0.0,40.0,50.0,8.31
2007,燁興,鋼鐵工業,9.69,2023-09-28,2023Q2,0.0,0.0,-157.58,0.0,-29.176666666666666,0.0,-10.456788476187766,0.0,0.0,0.0,53.1696380254789,82.92409506369725,8.292409506369726
2498,宏達電,通信網路業,48.1,2023-09-28,2023Q2,0.0,0.0,-4.95,0.0,-13.676666666666668,0.0,-97.88169343726997,0.0,0.0,0.0,53.0649461136057,82.66236528401424,8.266236528401425
3296,勝德,電子零組件業,16.1,2023-09-28,2023Q2,0.0,0.0,-60.0,0.0,-49.46,0.0,-14.41680901538563,0.0,0.0,0.0,52.4274382177792,81.068595544448,8.106859554444801
2013,中鋼構,鋼鐵工業,54.1,2023-09-28,2023Q2,22.45,28.121606948968527,1.87,3.74,-9.74,0.0,2.798846353653512,0.0,-2.9349152635759643,0.0,37.4354335477244,43.588583869311,8.106019081827954
1409,新纖,紡織纖維,15.3,2023-09-28,2023Q2,18.0,80.20550601008142,-85.71,0.0,-13.5,0.0,4.285348754882475,0.0,-22.612125866578108,0.0,18.6545097781941,0.0,8.020550601008143
1312,國喬,塑膠工業,16.65,2023-09-28,2023Q2,0.0,0.0,-304.44,0.0,-19.85,0.0,-7.497528074582931,0.0,0.0,0.0,52.0280943013558,80.0702357533895,8.00702357533895
8935,邦泰,其他業,11.95,2023-09-28,2023Q2,0.0,0.0,-175.86,0.0,-38.949999999999996,0.0,-5.713581375522247,0.0,0.0,0.0,52.0,80.0,8.0
6823,濾能,半導體業,59.1,2023-09-28,2023Q2,0.0,0.0,-96.22,0.0,-67.08333333333333,0.0,-1.5866445444127055,0.0,-26.13159268929504,0.0,52.0,80.0,8.0
4534,慶騰,電機機械,9.95,2023-09-28,2023Q2,0.0,0.0,-77.78,0.0,-33.68,0.0,-29.147804518764136,0.0,0.0,0.0,52.0,80.0,8.0
1436,華友聯,建材營造業,65.1,2023-09-28,2023Q2,11.97,79.12966252220248,-203.85,0.0,-92.67666666666666,0.0,-27.09413751411413,0.0,0.0,0.0,19.7987559741452,0.0,7.912966252220248
3288,點晶,電子零組件業,20.6,2023-09-28,2023Q2,0.0,0.0,-300.0,0.0,-33.193333333333335,0.0,6.213049553907342,6.06524776953671,0.0,0.0,48.0,70.0,7.909787165430506
5011,久陽,鋼鐵工業,20.75,2023-09-28,2023Q2,0.0,0.0,-66.21,0.0,-34.419999999999995,0.0,-0.3875785940751796,0.0,-0.9740976991583281,0.0,51.0,77.5,7.75
1815,富喬,電子零組件業,16.5,2023-09-28,2023Q2,0.0,0.0,-423.08,0.0,-40.50666666666667,0.0,-11.442326608550879,0.0,0.0,0.0,51.0,77.5,7.75
5351,鈺創,半導體業,40.05,2023-09-28,2023Q2,0.0,0.0,-196.18,0.0,-38.1,0.0,-43.03807569102104,0.0,0.0,0.0,51.0,77.5,7.75
4402,福大,紡織纖維,10.1,2023-09-28,2023Q2,0.0,0.0,-283.33,0.0,-71.78,0.0,-40.77376906555015,0.0,0.0,0.0,50.0,75.0,7.5
5228,鈺鎧,電子零組件業,22.05,2023-09-28,2023Q2,0.0,0.0,-158.97,0.0,-36.54333333333333,0.0,-9.524497195692646,0.0,0.0,0.0,50.0,75.0,7.5
3105,穩懋,半導體業,129.0,2023-09-28,2023Q2,0.0,0.0,-132.78,0.0,-1.18,0.0,-11.244512344615645,0.0,0.0,0.0,50.0,75.0,7.5
2477,美隆電,其他電子業,19.55,2023-09-28,2023Q2,38.33,0.0,-84.62,0.0,-14.94,0.0,-12.70049440845265,0.0,0.0,0.0,49.5663589355409,73.91589733885225,7.391589733885225
3576,聯合再生,光電業,14.75,2023-09-28,2023Q2,0.0,0.0,-145.83,0.0,-37.266666666666666,0.0,-3.092958535576465,0.0,0.0,0.0,49.2584432526893,73.14610813172324,7.314610813172324
2344,華邦電,半導體業,25.3,2023-09-28,2023Q2,39.53,0.0,-106.56,0.0,-16.42,0.0,-3.884581086792778,0.0,0.0,0.0,49.0517901825775,72.62947545644374,7.262947545644375
3167,大量,電機機械,50.8,2023-09-28,2023Q2,0.0,0.0,-105.47,0.0,-54.45666666666667,0.0,-10.52536115288074,0.0,0.0,0.0,49.0267131737789,72.56678293444725,7.256678293444725
3511,矽瑪,電子零組件業,30.05,2023-09-28,2023Q2,0.0,0.0,-123.4,0.0,-62.169999999999995,0.0,0.2012697327397963,0.0,0.0,0.0,49.0,72.5,7.25
3672,康聯訊,通信網路業,23.55,2023-09-28,2023Q2,0.0,0.0,-633.33,0.0,-49.00666666666666,0.0,-15.585952314732875,0.0,0.0,0.0,49.0,72.5,7.25
1781,合世,生技醫療業,11.35,2023-09-28,2023Q2,0.0,0.0,-173.91,0.0,-31.496666666666666,0.0,-13.024093507066326,0.0,0.0,0.0,49.0,72.5,7.25
5608,四維航,航運業,19.7,2023-09-28,2023Q2,18.24,21.27734650670432,-131.78,0.0,-54.59666666666667,0.0,-6.869344024472307,0.0,0.0,0.0,40.2144204867292,50.53605121682301,7.181339772352734
3508,位速,其他電子業,29.7,2023-09-28,2023Q2,0.0,0.0,8.74,17.48,-44.75,0.0,-31.98030242883132,0.0,0.0,0.0,31.0,27.500000000000004,7.120000000000001
2324,仁寶,電腦及週邊設備業,30.7,2023-09-28,2023Q2,20.33,58.258122743682314,-16.67,0.0,-18.143333333333334,0.0,1.1061354876835194,0.0,-2.1728533289871175,0.0,25.0902346701614,12.725586675403502,7.098370941908582
8054,安國,半導體業,35.45,2023-09-28,2023Q2,0.0,0.0,-126.14,0.0,0.016666666666666902,0.08333333333333451,-20.5382174872774,0.0,0.0,0.0,48.0,70.0,7.016666666666667
8403,盛弘,生技醫療業,33.6,2023-09-28,2023Q2,0.0,0.0,-68.31,0.0,-9.776666666666667,0.0,2.8337436895486516,0.0,0.48027524896354234,0.0,48.0,70.0,7.0
6163,華電網,通信網路業,16.95,2023-09-28,2023Q2,0.0,0.0,-5.56,0.0,-20.169999999999998,0.0,-5.9467417226916925,0.0,0.0,0.0,48.0,70.0,7.0
6541,泰福-KY,生技醫療業,65.4,2023-09-28,2023Q2,0.0,0.0,-39.38,0.0,0.0,0.0,-2331.209894322201,0.0,0.0,0.0,47.8505876197139,69.62646904928475,6.962646904928476
1708,東鹼,化學工業,31.1,2023-09-28,2023Q2,31.73,0.0,-131.29,0.0,-38.656666666666666,0.0,-5.35047446169877,0.0,0.0,0.0,47.7677700456749,69.41942511418725,6.941942511418725
6288,聯嘉,,29.9,2023-09-28,2023Q2,373.75,0.0,-14.29,0.0,0.0,0.0,-2.2249014114683114,0.0,0.0,0.0,47.7552609979411,69.38815249485275,6.938815249485275
2417,圓剛,電腦及週邊設備業,27.2,2023-09-28,2023Q2,0.0,0.0,-115.38,0.0,-15.743333333333332,0.0,-7.084039999774451,0.0,0.0,0.0,47.6669360419102,69.1673401047755,6.916734010477551
1569,濱川,電腦及週邊設備業,22.65,2023-09-28,2023Q2,0.0,0.0,-138.14,0.0,-19.786666666666665,0.0,-8.085667925248664,0.0,0.0,0.0,47.0,67.5,6.75
6668,中揚光,光電業,36.75,2023-09-28,2023Q2,0.0,0.0,-11.6,0.0,-35.0,0.0,-38.22617048710915,0.0,0.0,0.0,46.7796719738662,66.94917993466551,6.694917993466551
8473,山林水,綠能環保,26.85,2023-09-28,2023Q2,0.0,0.0,-131.94,0.0,-30.826666666666668,0.0,8.629082007123484,18.14541003561742,0.0,0.0,35.450535857986,38.62633964496499,6.584445469839112
1413,宏洲,紡織纖維,8.1,2023-09-28,2023Q2,0.0,0.0,-162.35,0.0,-37.23,0.0,-7.723908656422547,0.0,0.0,0.0,46.3231280533963,65.80782013349076,6.580782013349077
6226,光鼎,光電業,9.99,2023-09-28,2023Q2,0.0,0.0,-311.76,0.0,-32.803333333333335,0.0,-10.937435692405383,0.0,0.0,0.0,46.261164569555,65.65291142388749,6.565291142388749
6229,研通,半導體業,25.9,2023-09-28,2023Q2,0.0,0.0,-125.14,0.0,-27.473333333333333,0.0,-6.836738927292233,0.0,0.0,0.0,46.0,65.0,6.5
4764,雙鍵,化學工業,43.5,2023-09-28,2023Q2,0.0,0.0,-200.0,0.0,-23.313333333333333,0.0,-6.988672479231655,0.0,0.0,0.0,45.9922973721905,64.98074343047625,6.498074343047626
4562,穎漢,電機機械,15.15,2023-09-28,2023Q2,0.0,0.0,-28.95,0.0,-11.276666666666666,0.0,-9.038241976871685,0.0,0.0,0.0,45.7929045465107,64.48226136627675,6.4482261366276745
8488,吉源-KY,其他業,16.8,2023-09-28,2023Q2,0.0,0.0,-196.87,0.0,0.0,0.0,-1.2644701489009151,0.0,0.0,0.0,45.4710298377091,63.67757459427275,6.367757459427275
1447,力鵬,紡織纖維,7.5,2023-09-28,2023Q2,0.0,0.0,-168.57,0.0,-1.1133333333333322,0.0,-2.420077839693435,0.0,0.0,0.0,45.4315862372939,63.57896559323475,6.357896559323475
4739,康普,化學工業,78.9,2023-09-28,2023Q2,112.71,0.0,-113.2,0.0,-49.60666666666666,0.0,-1.3511238586318617,0.0,0.0,0.0,45.3688962362972,63.42224059074301,6.342224059074301
2358,廷鑫,,11.3,2023-09-28,2023Q2,0.0,0.0,-435.56,0.0,0.0,0.0,-35.062876533642054,0.0,0.0,0.0,45.2433243198672,63.108310799668,6.3108310799668
4502,健信,電機機械,36.8,2023-09-28,2023Q2,0.0,0.0,-1900.0,0.0,5.036666666666666,25.18333333333333,-3.2307007765442446,0.0,0.0,0.0,25.0,12.5,6.286666666666666
2367,燿華,電子零組件業,18.95,2023-09-28,2023Q2,44.07,0.0,-2000.0,0.0,-22.683333333333334,0.0,-4.128031682343939,0.0,0.0,0.0,45.1357392769935,62.83934819248375,6.283934819248375
2034,允強,鋼鐵工業,27.3,2023-09-28,2023Q2,546.0,0.0,-62.36,0.0,-9.036666666666667,0.0,3.838291286805146,0.0,-1.0101347618649033,0.0,45.1309354121468,62.827338530366994,6.282733853036699
4401,東隆興,紡織纖維,18.95,2023-09-28,2023Q2,0.0,0.0,-111.38,0.0,-36.84,0.0,-1.6662930987842297,0.0,0.0,0.0,45.0,62.5,6.25
8107,大億金茂,電機機械,16.35,2023-09-28,2023Q2,0.0,0.0,-122.67,0.0,-25.570000000000004,0.0,-14.165269947686527,0.0,0.0,0.0,45.0,62.5,6.25
9946,三發地產,建材營造業,15.1,2023-09-28,2023Q2,35.12,0.0,0.0,0.0,-84.27,0.0,6.19332936422482,5.966646821124102,-11.645113021330786,0.0,40.8485230807749,52.121307701937255,6.107127793362341
3710,連展投控,電子零組件業,9.73,2023-09-28,2023Q2,0.0,0.0,5.56,11.12,2.473333333333333,12.366666666666665,-8.50378151122161,0.0,0.0,0.0,23.0,7.5,6.003333333333333
3234,光環,通信網路業,27.15,2023-09-28,2023Q2,0.0,0.0,-1670.0,0.0,-33.04666666666667,0.0,-48.20616507835736,0.0,0.0,0.0,44.0,60.0,6.0
3631,晟楠,電子零組件業,29.7,2023-09-28,2023Q2,0.0,0.0,-316.67,0.0,-47.123333333333335,0.0,-90.58961148858856,0.0,0.0,0.0,44.0,60.0,6.0
2017,官田鋼,鋼鐵工業,13.45,2023-09-28,2023Q2,0.0,0.0,-176.47,0.0,-4.793333333333333,0.0,-12.162895505410617,0.0,0.0,0.0,43.7347780003202,59.33694500080049,5.933694500080049
9938,百和,其他業,54.2,2023-09-28,2023Q2,22.87,15.470588235294102,-79.59,0.0,-22.08666666666667,0.0,5.657848476444205,3.289242382221027,0.07131487555469805,0.0,35.3586673503248,38.396668375812006,5.880112018443764
3209,全科,電子通路業,34.75,2023-09-28,2023Q2,11.36,58.64495375954966,-63.73,0.0,-19.856666666666666,0.0,1.9999916587801592,0.0,-13.659100219490213,0.0,18.5103880474936,0.0,5.8644953759549665
2419,仲琦,通信網路業,34.05,2023-09-28,2023Q2,35.84,0.0,-73.68,0.0,-47.339999999999996,0.0,2.850294087852303,0.0,-7.66883397017133,0.0,43.0229159316203,57.55728982905074,5.755728982905074
6654,天正國際,其他電子業,43.15,2023-09-28,2023Q2,0.0,0.0,-123.96,0.0,-17.343333333333334,0.0,-4.668440098737029,0.0,0.0,0.0,43.0,57.49999999999999,5.75
2064,晉椿,鋼鐵工業,16.4,2023-09-28,2023Q2,0.0,0.0,-163.39,0.0,-25.676666666666666,0.0,-9.453286125560476,0.0,0.0,0.0,43.0,57.49999999999999,5.75
3272,東碩,電腦及週邊設備業,32.95,2023-09-28,2023Q2,0.0,0.0,-55.68,0.0,-56.93666666666667,0.0,-16.12772245793982,0.0,0.0,0.0,43.0,57.49999999999999,5.75
9910,豐泰,運動休閒,183.0,2023-09-28,2023Q2,25.31,0.0,-58.17,0.0,-8.216666666666667,0.0,5.828107628503135,4.140538142515675,0.37762958472264324,0.0,40.2495085473885,50.623771368471246,5.683457858224477
3230,錦明,光電業,9.99,2023-09-28,2023Q2,0.0,0.0,-153.23,0.0,-12.423333333333332,0.0,-23.22082672330647,0.0,0.0,0.0,42.0,55.00000000000001,5.500000000000001
3323,加百裕,電腦及週邊設備業,29.5,2023-09-28,2023Q2,0.0,0.0,-185.81,0.0,-39.81,0.0,-3.2126720800029664,0.0,0.0,0.0,42.0,55.00000000000001,5.500000000000001
1905,華紙,造紙工業,22.6,2023-09-28,2023Q2,0.0,0.0,-600.0,0.0,-23.406666666666666,0.0,-5.212435244984618,0.0,0.0,0.0,41.8816089703531,54.70402242588275,5.470402242588275
2380,虹光,電腦及週邊設備業,9.17,2023-09-28,2023Q2,0.0,0.0,-282.35,0.0,-34.830000000000005,0.0,-20.787321603314755,0.0,0.0,0.0,41.8779792933031,54.69494823325775,5.469494823325775
3605,宏致,電子零組件業,28.6,2023-09-28,2023Q2,0.0,0.0,-173.33,0.0,-17.703333333333333,0.0,-6.161536004107837,0.0,0.0,0.0,41.7643544946526,54.410886236631505,5.441088623663151
6165,浪凡,數位雲端,35.0,2023-09-28,2023Q2,0.0,0.0,-230.23,0.0,-12.953333333333333,0.0,-2.457234971440999,0.0,0.0,0.0,41.7012466794903,54.253116698725755,5.425311669872576
2466,冠西電,光電業,36.45,2023-09-28,2023Q2,1215.0,0.0,-203.23,0.0,0.05999999999999991,0.29999999999999954,-4.835758546851083,0.0,0.0,0.0,41.2798312688228,53.199578172056995,5.3799578172057
1466,聚隆,紡織纖維,11.1,2023-09-28,2023Q2,0.0,0.0,-361.9,0.0,-9.5,0.0,-11.226730903666121,0.0,0.0,0.0,41.5158497125706,53.7896242814265,5.37896242814265
6698,旭暉應材,其他電子業,29.95,2023-09-28,2023Q2,0.0,0.0,-1277.78,0.0,-11.583333333333334,0.0,-8.514665003790558,0.0,0.0,0.0,41.1799776731717,52.949944182929244,5.294994418292925
3450,聯鈞,半導體業,59.0,2023-09-28,2023Q2,5900.0,0.0,-139.36,0.0,-27.686666666666667,0.0,3.5049187721391726,0.0,0.0,0.0,40.7782450046779,51.94561251169475,5.194561251169475
3092,鴻碩,電子零組件業,37.2,2023-09-28,2023Q2,0.0,0.0,-212.33,0.0,-29.8,0.0,-9.467967524566,0.0,0.0,0.0,40.1252446503071,50.31311162576776,5.031311162576777
4420,光明,紡織纖維,30.0,2023-09-28,2023Q2,0.0,0.0,-9200.0,0.0,-32.21333333333333,0.0,-8.079779662065977,0.0,0.0,0.0,40.0,50.0,5.0
4541,晟田,其他業,33.95,2023-09-28,2023Q2,0.0,0.0,-167.57,0.0,-12.083333333333334,0.0,-9.383200540450625,0.0,0.0,0.0,40.0,50.0,5.0
8421,旭源,其他業,12.8,2023-09-28,2023Q2,0.0,0.0,-101.83,0.0,-7.043333333333334,0.0,-1.5829200134353831,0.0,0.0,0.0,40.0,50.0,5.0
1438,三地開發,建材營造業,29.15,2023-09-28,2023Q2,0.0,0.0,-102.84,0.0,-100.0,0.0,10.878021723718671,29.39010861859336,0.0,0.0,22.0721995414903,5.180498853725748,4.926566178161578
2069,運錩,鋼鐵工業,16.65,2023-09-28,2023Q2,0.0,0.0,-143.01,0.0,-17.186666666666664,0.0,-0.7310089276275065,0.0,0.0,0.0,39.6761999827229,49.19049995680725,4.919049995680726
3550,聯穎,電子零組件業,15.25,2023-09-28,2023Q2,0.0,0.0,-971.43,0.0,-2.9466666666666668,0.0,-3.446879090376912,0.0,0.0,0.0,39.6058263318436,49.014565829609005,4.9014565829609005
6190,萬泰科,通信網路業,33.35,2023-09-28,2023Q2,0.0,0.0,-60.23,0.0,-35.07666666666667,0.0,5.508870909865695,2.5443545493284736,-1.5169622169502164,0.0,38.0,45.0,4.881653182399271
3465,進泰電子,其他電子業,71.6,2023-09-28,2023Q2,0.0,0.0,-100.83,0.0,-5.623333333333332,0.0,-2.142075987078793,0.0,0.0,0.0,39.0,47.5,4.75
4927,泰鼎-KY,電子零組件業,56.3,2023-09-28,2023Q2,0.0,0.0,-133.09,0.0,0.0,0.0,-2.7464033218625166,0.0,0.0,0.0,38.5196236359386,46.2990590898465,4.62990590898465
1304,台聚,塑膠工業,20.75,2023-09-28,2023Q2,37.05,17.937978969880607,-107.23,0.0,-22.826666666666668,0.0,4.9888728126003965,0.0,0.0,0.0,30.925377052049,27.313442630122502,4.5251421600003106
8933,愛地雅,運動休閒,9.98,2023-09-28,2023Q2,0.0,0.0,-160.71,0.0,-51.64000000000001,0.0,-7.762181682698377,0.0,0.0,0.0,38.0,45.0,4.5
8121,越峰,電子零組件業,25.15,2023-09-28,2023Q2,0.0,0.0,-608.33,0.0,-22.116666666666664,0.0,-12.638566878725403,0.0,0.0,0.0,38.0,45.0,4.5
8104,錸寶,光電業,35.35,2023-09-28,2023Q2,176.75,0.0,-525.0,0.0,-22.55,0.0,-0.6737884190890362,0.0,0.0,0.0,37.98404761299,44.96011903247499,4.496011903247499
8466,美吉吉-KY,其他業,39.8,2023-09-28,2023Q2,0.0,0.0,-117.71,0.0,0.0,0.0,-3.969812364222562,0.0,0.0,0.0,37.9068217275027,44.767054318756756,4.476705431875676
6573,虹揚-KY,半導體業,14.4,2023-09-28,2023Q2,0.0,0.0,-19.35,0.0,0.0,0.0,-15.293983873610847,0.0,0.0,0.0,37.3485963285035,43.37149082125874,4.337149082125874
2630,亞航,航運業,37.4,2023-09-28,2023Q2,0.0,0.0,-900.0,0.0,-5.163333333333334,0.0,-0.3743767186125345,0.0,0.0,0.0,37.106512022598,42.76628005649499,4.276628005649499
8084,巨虹,電子通路業,72.0,2023-09-28,2023Q2,0.0,0.0,-179.66,0.0,-50.46,0.0,-7.702265828375952,0.0,0.0,0.0,37.0,42.5,4.25
3224,三顧,電子通路業,44.0,2023-09-28,2023Q2,0.0,0.0,-229.63,0.0,-9.049999999999999,0.0,-10.651962942083491,0.0,0.0,0.0,37.0,42.5,4.25
5546,永固-KY,建材營造業,29.5,2023-09-28,2023Q2,0.0,0.0,-406.36,0.0,0.0,0.0,-18.965606177673976,0.0,0.0,0.0,36.8014188495798,42.00354712394949,4.200354712394949
3231,緯創,電腦及週邊設備業,101.5,2023-09-28,2023Q2,25.83,33.43862815884477,0.82,1.6399999999999997,-13.436666666666667,0.0,2.397958170629106,0.0,-0.7256207747950079,0.0,21.3737205614928,3.4343014037319985,4.097292956257677
3609,三一東林,電子零組件業,44.15,2023-09-28,2023Q2,0.0,0.0,-234.52,0.0,-16.473333333333333,0.0,-33.294604953336886,0.0,0.0,0.0,36.0,40.0,4.0
6727,亞泰金屬,電子零組件業,56.9,2023-09-28,2023Q2,0.0,0.0,-64.59,0.0,-31.070000000000004,0.0,7.43556537036344,12.1778268518172,-3.5254701614097437,0.0,28.0,20.0,3.82667402777258
1467,南緯,紡織纖維,11.5,2023-09-28,2023Q2,0.0,0.0,-707.69,0.0,-21.14666666666667,0.0,-8.131985434996404,0.0,0.0,0.0,34.0451156665224,35.112789166305994,3.5112789166305998
6118,建達,電子通路業,27.3,2023-09-28,2023Q2,0.0,0.0,-326.09,0.0,-19.393333333333334,0.0,-1.4899314344522747,0.0,0.0,0.0,34.0,35.0,3.5
6425,易發,電機機械,20.65,2023-09-28,2023Q2,0.0,0.0,-1314.29,0.0,-30.516666666666666,0.0,-17.824824814180747,0.0,0.0,0.0,34.0,35.0,3.5
1586,和勤,電機機械,33.7,2023-09-28,2023Q2,0.0,0.0,-208.11,0.0,-19.13,0.0,-7.842361498193327,0.0,0.0,0.0,34.0,35.0,3.5
2102,泰豐,橡膠工業,18.1,2023-09-28,2023Q2,0.0,0.0,-143.48,0.0,-90.11333333333334,0.0,-194.61576731824638,0.0,0.0,0.0,33.961983036405,34.904957591012504,3.4904957591012504
4526,東台,電機機械,17.05,2023-09-28,2023Q2,74.13,0.0,-325.0,0.0,-5.853333333333333,0.0,-0.013834121406433402,0.0,0.0,0.0,33.9127256745754,34.781814186438496,3.4781814186438496
2464,盟立,其他電子業,38.1,2023-09-28,2023Q2,39.28,0.0,-92.74,0.0,-21.843333333333334,0.0,0.702727003403834,0.0,-4.547990486556214,0.0,33.7040414265322,34.2601035663305,3.42601035663305
6743,安普新,其他電子業,50.4,2023-09-28,2023Q2,720.0,0.0,-140.0,0.0,-26.763333333333332,0.0,3.3182083712589496,0.0,0.0,0.0,33.2791256774623,33.19781419365574,3.319781419365574
2023,燁輝,鋼鐵工業,15.25,2023-09-28,2023Q2,0.0,0.0,-108.97,0.0,-11.793333333333331,0.0,2.388248576941977,0.0,0.0,0.0,33.0609140682967,32.65228517074174,3.265228517074174
6246,臺龍,光電業,12.25,2023-09-28,2023Q2,0.0,0.0,-169.57,0.0,-27.28,0.0,-1.1362140932454479,0.0,0.0,0.0,33.0,32.5,3.25
6220,岳豐,電子零組件業,28.75,2023-09-28,2023Q2,0.0,0.0,-256.6,0.0,-19.19333333333333,0.0,-5.083689181850128,0.0,0.0,0.0,33.0,32.5,3.25
2908,特力,貿易百貨業,20.2,2023-09-28,2023Q2,33.11,30.942107155699404,-35.71,0.0,-3.116666666666667,0.0,1.6683468584625778,0.0,-2.073021114377374,0.0,16.8046885537648,0.0,3.0942107155699405
1909,榮成,造紙工業,14.7,2023-09-28,2023Q2,0.0,0.0,-404.17,0.0,-11.046666666666667,0.0,-1.9837403886623632,0.0,0.0,0.0,32.1078912880119,30.269728220029744,3.026972822002975
5383,金利,,30.05,2023-09-28,2023Q2,0.0,0.0,-238.89,0.0,0.0,0.0,-0.14635647103636204,0.0,0.0,0.0,32.0,30.0,3.0
4513,福裕,電機機械,19.45,2023-09-28,2023Q2,0.0,0.0,-111.11,0.0,-15.356666666666667,0.0,3.824572463139173,0.0,0.0,0.0,32.0,30.0,3.0
4433,興采,紡織纖維,31.2,2023-09-28,2023Q2,0.0,0.0,-141.54,0.0,-3.9933333333333323,0.0,-3.283033436680633,0.0,0.0,0.0,32.0,30.0,3.0
2601,益航,貿易百貨業,8.44,2023-09-28,2023Q2,0.0,0.0,-253.85,0.0,-17.576666666666668,0.0,6.216730450433051,6.083652252165255,0.0,0.0,28.3479942295217,20.869985573804247,2.999546395205213
9935,慶豐富,居家生活,17.2,2023-09-28,2023Q2,22.93,0.0,-112.0,0.0,-8.160000000000002,0.0,1.50367090822652,0.0,0.0,0.0,31.9527645368145,29.88191134203625,2.988191134203625
6117,迎廣,電腦及週邊設備業,38.3,2023-09-28,2023Q2,425.56,0.0,-1060.0,0.0,-2.573333333333333,0.0,-4.277201500772457,0.0,0.0,0.0,31.0162918552231,27.540729638057748,2.754072963805775
2035,唐榮,鋼鐵工業,32.0,2023-09-28,2023Q2,0.0,0.0,-247.31,0.0,-8.786666666666667,0.0,-8.438179766490977,0.0,0.0,0.0,31.0,27.500000000000004,2.7500000000000004
6140,訊達,資訊服務業,19.1,2023-09-28,2023Q2,0.0,0.0,-222.58,0.0,-10.003333333333336,0.0,-0.40687150129964533,0.0,0.0,0.0,31.0,27.500000000000004,2.7500000000000004
3260,威剛,半導體業,84.5,2023-09-28,2023Q2,0.0,0.0,-43.37,0.0,-13.176666666666668,0.0,1.3048546468246534,0.0,-19.214721333667757,0.0,30.0,25.0,2.5
9919,康那香,其他業,20.2,2023-09-28,2023Q2,0.0,0.0,-242.55,0.0,-13.44,0.0,-13.096849030173056,0.0,0.0,0.0,29.8567741832534,24.6419354581335,2.46419354581335
6141,柏承,電子零組件業,17.1,2023-09-28,2023Q2,0.0,0.0,-2157.14,0.0,-23.123333333333335,0.0,-18.556103265949076,0.0,0.0,0.0,29.7301647907798,24.3254119769495,2.4325411976949503
2406,國碩,光電業,15.1,2023-09-28,2023Q2,0.0,0.0,-1750.0,0.0,-60.47,0.0,-27.476208510350197,0.0,0.0,0.0,29.4689882984769,23.672470746192253,2.3672470746192253
1446,宏和,紡織纖維,38.75,2023-09-28,2023Q2,0.0,0.0,-133.33,0.0,-25.87,0.0,-28.673365169624866,0.0,0.0,0.0,29.4132904431899,23.533226107974752,2.353322610797475
2349,錸德,光電業,8.16,2023-09-28,2023Q2,0.0,0.0,-50.0,0.0,-6.906666666666666,0.0,-5.006426938862108,0.0,0.0,0.0,29.0888240200167,22.722060050041744,2.2722060050041746
4120,友華,生技醫療業,42.7,2023-09-28,2023Q2,0.0,0.0,-118.82,0.0,-0.006666666666666821,0.0,-2.914221108256135,0.0,0.0,0.0,29.0,22.5,2.25
8071,能率網通,電子零組件業,15.05,2023-09-28,2023Q2,0.0,0.0,-200.0,0.0,-16.656666666666666,0.0,0.31700055686627926,0.0,0.0,0.0,29.0,22.5,2.25
4609,唐鋒,居家生活,7.28,2023-09-28,2023Q2,0.0,0.0,-350.0,0.0,-69.64333333333333,0.0,-95.7092982419898,0.0,0.0,0.0,28.0,20.0,2.0
5907,大洋-KY,貿易百貨業,12.55,2023-09-28,2023Q2,0.0,0.0,-75.83,0.0,0.0,0.0,2.791937225863546,0.0,0.0,0.0,27.4706419246375,18.67660481159375,1.8676604811593753
8404,百和興業-KY,其他業,20.5,2023-09-28,2023Q2,0.0,0.0,-175.9,0.0,0.0,0.0,-8.630971563096818,0.0,0.0,0.0,27.3682773231913,18.42069330797825,1.842069330797825
3713,新晶投控,綠能環保,25.5,2023-09-28,2023Q2,0.0,0.0,-237.04,0.0,-42.28,0.0,-4.119975607262831,0.0,0.0,0.0,27.0,17.5,1.75
8906,花王,其他業,17.5,2023-09-28,2023Q2,0.0,0.0,-720.0,0.0,-8.65,0.0,-16.439820135906277,0.0,0.0,0.0,27.0,17.5,1.75
2537,聯上發,建材營造業,8.22,2023-09-28,2023Q2,0.0,0.0,-160.0,0.0,-78.54,0.0,1.957784475416775,0.0,0.0,0.0,26.5696706134565,16.424176533641248,1.6424176533641248
6227,茂綸,電子通路業,42.1,2023-09-28,2023Q2,0.0,0.0,-52.72,0.0,-7.746666666666667,0.0,3.3092793304494577,0.0,0.16926523500260235,0.0,25.0,12.5,1.25
6264,富裔,建材營造業,7.59,2023-09-28,2023Q2,0.0,0.0,2.22,4.44,-31.8,0.0,-19.209679970475037,0.0,0.0,0.0,18.0,0.0,1.11
1457,宜進,紡織纖維,17.65,2023-09-28,2023Q2,135.77,0.0,-101.84,0.0,-26.290000000000003,0.0,-0.7306200692654105,0.0,0.0,0.0,24.4067633848279,11.016908462069752,1.1016908462069752
1441,大東,紡織纖維,13.9,2023-09-28,2023Q2,0.0,0.0,-268.57,0.0,-20.453333333333333,0.0,-35.71904724608168,0.0,0.0,0.0,23.7095020258916,9.273755064728997,0.9273755064728997
5464,霖宏,電子零組件業,27.6,2023-09-28,2023Q2,0.0,0.0,-58.82,0.0,-36.76,0.0,-7.855975655743394,0.0,-1.2357347315481126,0.0,23.0,7.5,0.75
3202,樺晟,,15.1,2023-09-28,2023Q2,0.0,0.0,-300.0,0.0,0.0,0.0,0.4357251739404083,0.0,0.0,0.0,23.0,7.5,0.75
8291,尚茂,電子零組件業,5.92,2023-09-28,2023Q2,0.0,0.0,-29.41,0.0,-68.41333333333334,0.0,-113.0363294707172,0.0,0.0,0.0,22.0,5.0,0.5
8044,網家,數位雲端,41.4,2023-09-28,2023Q2,0.0,0.0,-534.62,0.0,-10.096666666666668,0.0,-1.3527123939034915,0.0,0.0,0.0,22.0,5.0,0.5
3360,尚立,電子通路業,12.3,2023-09-28,2023Q2,0.0,0.0,-214.06,0.0,-19.986666666666668,0.0,0.0015122048211950628,0.0,0.0,0.0,21.0,2.5,0.25
2545,皇翔,建材營造業,39.1,2023-09-28,2023Q2,45.47,0.0,-114.39,0.0,-54.836666666666666,0.0,1.3217212419121591,0.0,0.0,0.0,20.4996949435946,1.2492373589865036,0.12492373589865036
1316,上曜,建材營造業,10.75,2023-09-28,2023Q2,179.17,0.0,-213.33,0.0,-81.83999999999999,0.0,-17.077541245567655,0.0,0.0,0.0,20.2731170861353,0.6827927153382518,0.06827927153382518
5223,安力-KY,電腦及週邊設備業,37.8,2023-09-28,2023Q2,0.0,0.0,0.0,0.0,0.0,0.0,0.0,0.0,0.0,0.0,0.0,0.0,0.0
3018,隆銘綠能,其他電子業,7.96,2023-09-28,2023Q2,0.0,0.0,-409.09,0.0,-60.49,0.0,-12.047348757005318,0.0,0.0,0.0,6.87627553597769,0.0,0.0
2849,安泰銀,金融保險業,13.7,2023-09-28,2023Q2,0.0,0.0,-93.22,0.0,-7.080000000000001,0.0,0.6425439150232726,0.0,-4.306534059339927,0.0,9.40696029083593,0.0,0.0
2888,新光金,,9.27,2023-09-28,2023Q2,0.0,0.0,-356.25,0.0,0.0,0.0,-53.70385130136197,0.0,0.0,0.0,4.77618208167557,0.0,0.0
8437,大地-KY,其他業,77.0,2023-09-28,2023Q2,0.0,0.0,0.0,0.0,0.0,0.0,0.0,0.0,0.0,0.0,0.0,0.0,0.0
8444,綠河-KY,其他業,34.65,2023-09-28,2023Q2,0.0,0.0,0.0,0.0,0.0,0.0,0.0,0.0,0.0,0.0,0.0,0.0,0.0
5276,達輝-KY,其他業,13.75,2023-09-28,2023Q2,0.0,0.0,0.0,0.0,0.0,0.0,0.0,0.0,0.0,0.0,0.0,0.0,0.0
5227,立凱-KY,電子零組件業,54.6,2023-09-28,2023Q2,0.0,0.0,0.0,0.0,0.0,0.0,0.0,0.0,0.0,0.0,0.0,0.0,0.0
4907,富宇,建材營造業,40.1,2023-09-28,2023Q2,0.0,0.0,-614.29,0.0,-72.72333333333333,0.0,-104.32545696058071,0.0,0.0,0.0,15.0,0.0,0.0
6514,芮特-KY,,49.55,2023-09-28,2023Q2,0.0,0.0,0.0,0.0,0.0,0.0,0.0,0.0,0.0,0.0,0.0,0.0,0.0
2465,麗臺,電腦及週邊設備業,36.9,2023-09-28,2023Q2,0.0,0.0,-201.41,0.0,-18.726666666666667,0.0,-7.457774129832985,0.0,0.0,0.0,18.3756340187945,0.0,0.0
2243,宏旭-KY,汽車工業,15.15,2023-09-28,2023Q2,0.0,0.0,-506.67,0.0,0.0,0.0,-17.65028581683658,0.0,0.0,0.0,18.7173439384004,0.0,0.0
4924,欣厚-KY,電腦及週邊設備業,11.6,2023-09-28,2023Q2,0.0,0.0,0.0,0.0,0.0,0.0,0.0,0.0,0.0,0.0,0.0,0.0,0.0
6901,鑽石投資,其他業,42.0,2023-09-28,2023Q2,0.0,0.0,0.0,0.0,-151.53,0.0,0.0,0.0,0.0,0.0,0.0,0.0,0.0
4991,環宇-KY,半導體業,32.5,2023-09-28,2023Q2,0.0,0.0,0.0,0.0,0.0,0.0,0.0,0.0,0.0,0.0,0.0,0.0,0.0
5543,桓鼎-KY,建材營造業,46.4,2023-09-28,2023Q2,0.0,0.0,0.0,0.0,0.0,0.0,0.0,0.0,0.0,0.0,0.0,0.0,0.0
5281,大峽谷-KY,,15.95,2023-09-28,2023Q2,0.0,0.0,0.0,0.0,0.0,0.0,0.0,0.0,0.0,0.0,0.0,0.0,0.0
3048,益登,電子通路業,23.0,2023-09-28,2023Q2,31.94,0.0,-107.69,0.0,-16.653333333333332,0.0,1.5364661325762827,0.0,0.0,0.0,18.1280791690916,0.0,0.0
6629,泰金-KY,居家生活,48.3,2023-09-28,2023Q2,0.0,0.0,0.0,0.0,0.0,0.0,0.0,0.0,0.0,0.0,0.0,0.0,0.0
6616,特昇-KY,居家生活,13.9,2023-09-28,2023Q2,0.0,0.0,0.0,0.0,0.0,0.0,0.0,0.0,0.0,0.0,0.0,0.0,0.0
6741,91APP*-KY,數位雲端,98.3,2023-09-28,2023Q2,0.0,0.0,0.0,0.0,0.0,0.0,0.0,0.0,0.0,0.0,0.0,0.0,0.0
1591,駿吉-KY,電機機械,41.9,2023-09-28,2023Q2,0.0,0.0,0.0,0.0,0.0,0.0,0.0,0.0,0.0,0.0,0.0,0.0,0.0
2726,雅茗-KY,觀光餐旅,21.95,2023-09-28,2023Q2,0.0,0.0,0.0,0.0,0.0,0.0,0.0,0.0,0.0,0.0,0.0,0.0,0.0
4804,大略-KY,觀光餐旅,4.85,2023-09-28,2023Q2,0.0,0.0,0.0,0.0,0.0,0.0,0.0,0.0,0.0,0.0,0.0,0.0,0.0
4745,合富-KY,生技醫療業,25.0,2023-09-28,2023Q2,0.0,0.0,0.0,0.0,0.0,0.0,0.0,0.0,0.0,0.0,0.0,0.0,0.0
6287,元隆,,16.25,2023-09-28,2023Q2,0.0,0.0,-138.58,0.0,0.0,0.0,-7.306798289666255,0.0,0.0,0.0,19.0,0.0,0.0
4966,譜瑞-KY,半導體業,984.0,2023-09-28,2023Q2,0.0,0.0,0.0,0.0,0.0,0.0,0.0,0.0,0.0,0.0,0.0,0.0,0.0
5457,宣德,電子零組件業,52.7,2023-09-28,2023Q2,0.0,0.0,-119.14,0.0,-6.830000000000001,0.0,2.4142777233679342,0.0,0.0,0.0,19.0,0.0,0.0
4971,IET-KY,半導體業,57.0,2023-09-28,2023Q2,0.0,0.0,0.0,0.0,0.0,0.0,0.0,0.0,0.0,0.0,0.0,0.0,0.0
1435,中福,其他業,48.0,2023-09-28,2023Q2,0.0,0.0,0.0,0.0,-37.71,0.0,0.0,0.0,0.0,0.0,0.0,0.0,0.0
3664,安瑞-KY,通信網路業,26.2,2023-09-28,2023Q2,0.0,0.0,0.0,0.0,0.0,0.0,0.0,0.0,0.0,0.0,0.0,0.0,0.0
4157,太景*-KY,生技醫療業,14.45,2023-09-28,2023Q2,0.0,0.0,0.0,0.0,0.0,0.0,0.0,0.0,0.0,0.0,0.0,0.0,0.0
4139,馬光-KY,生技醫療業,40.1,2023-09-28,2023Q2,0.0,0.0,0.0,0.0,0.0,0.0,0.0,0.0,0.0,0.0,0.0,0.0,0.0
4154,樂威科-KY,其他業,14.7,2023-09-28,2023Q2,0.0,0.0,0.0,0.0,0.0,0.0,0.0,0.0,0.0,0.0,0.0,0.0,0.0
2321,東訊,通信網路業,17.95,2023-09-28,2023Q2,0.0,0.0,-573.81,0.0,-17.213333333333335,0.0,-4.5840500677085245,0.0,0.0,0.0,14.0090376884765,0.0,0.0
8426,紅木-KY,其他業,52.1,2023-09-28,2023Q2,0.0,0.0,0.0,0.0,0.0,0.0,0.0,0.0,0.0,0.0,0.0,0.0,0.0
8418,捷必勝-KY,,8.79,2023-09-28,2023Q2,0.0,0.0,0.0,0.0,0.0,0.0,0.0,0.0,0.0,0.0,0.0,0.0,0.0
8423,保綠-KY,綠能環保,21.0,2023-09-28,2023Q2,0.0,0.0,0.0,0.0,0.0,0.0,0.0,0.0,0.0,0.0,0.0,0.0,0.0
