symbol,name,industry,market_price,price_date,report_quarter,pe_ratio,value_score,eps_yoy,growth_score,avg_revenue_yoy_3m,momentum_score,op_margin,profit_score,cash_quality,quality_score,equity_to_assets_ratio,safety_score,total_score
2609,陽明,航運業,91.7,2022-06-28,2022Q1,1.59,100.0,131.64,100.0,63.68333333333334,100.0,67.76251541504863,100.0,1.263925783520477,100.0,63.6721965809063,100.0,100.0
2615,萬海,航運業,128.0,2022-06-28,2022Q1,2.42,100.0,176.41,100.0,73.51333333333334,100.0,60.68960991360694,100.0,1.3829444732124192,100.0,59.49080753851,98.727018846275,99.8727018846275
2603,長榮,航運業,108.5,2022-06-28,2022Q1,1.89,100.0,172.16,100.0,85.41333333333334,100.0,67.2048354186498,100.0,1.2214260423133845,100.0,57.6237973330683,94.05949333267077,99.40594933326707
2303,聯電,半導體業,41.85,2022-06-28,2022Q1,8.02,81.21783876500858,89.41,100.0,38.166666666666664,100.0,35.214749202258744,100.0,1.5205221649236011,100.0,62.5358278005601,100.0,98.12178387650086
2617,台航,航運業,30.95,2022-06-28,2022Q1,9.16,72.96047098402019,59.46,100.0,20.343333333333334,100.0,28.17631351586841,100.0,1.9638959338951159,100.0,65.92613032562,100.0,97.29604709840201
5533,皇鼎,建材營造業,17.7,2022-06-28,2022Q1,3.24,100.0,448.72,100.0,823.0633333333334,100.0,20.09710603937781,75.48553019688904,2.5769566520519316,100.0,67.6872234217525,100.0,96.32282952953335
1708,東鹼,化學工業,48.2,2022-06-28,2022Q1,12.08,84.16893732970027,619.05,100.0,81.81666666666666,100.0,27.87255319048733,100.0,2.001740831973725,100.0,46.3025369976747,65.75634249418675,94.9925279823887
2449,京元電子,半導體業,41.4,2022-06-28,2022Q1,8.66,75.72898799313894,58.51,100.0,20.61,100.0,25.554348325776616,100.0,2.5271967537800104,100.0,48.6350329908443,71.58758247711076,94.73165704702497
8046,南電,電子零組件業,289.5,2022-06-28,2022Q1,14.53,36.7498051441933,145.31,100.0,23.063333333333333,100.0,32.87039831667485,100.0,1.4860647004510523,100.0,73.188547733688,100.0,93.67498051441933
5534,長虹,建材營造業,73.1,2022-06-28,2022Q1,9.16,67.02898550724636,483.78,100.0,448.4866666666667,100.0,42.096077464992895,100.0,1.6052453259373067,100.0,47.1901610566453,67.97540264161326,93.50043881488597
6581,鋼聯,綠能環保,85.5,2022-06-28,2022Q1,14.52,69.82330204307013,137.29,100.0,93.46,100.0,44.52182733301485,100.0,1.0725831261055707,81.79758944365297,74.9976376601329,100.0,93.34184809303761
5608,四維航,航運業,33.8,2022-06-28,2022Q1,4.51,100.0,992.86,100.0,74.06666666666666,100.0,44.05856095300828,100.0,1.957650219019807,100.0,32.3174062325817,30.793515581454255,93.07935155814542
6770,力積電,半導體業,42.8,2022-06-28,2022Q1,9.55,68.09605488850772,172.06,100.0,46.92666666666667,100.0,40.170567268553654,100.0,1.1279344335971184,89.70491908530263,50.5046780753434,76.2616951883585,92.37675882474716
2520,冠德,建材營造業,34.2,2022-06-28,2022Q1,4.88,100.0,54.55,100.0,25.939999999999998,100.0,23.325758620627347,91.62879310313674,2.3730103389514126,100.0,33.6158257603582,34.03956440089549,92.14827540556006
1526,日馳,電機機械,46.85,2022-06-28,2022Q1,9.37,94.45761707172497,68.89,100.0,31.676666666666666,100.0,18.476954533393688,67.38477266696844,1.691437980241493,100.0,46.9852425787293,67.46310644682325,91.29978825190008
2534,宏盛,建材營造業,25.75,2022-06-28,2022Q1,11.44,46.376811594202906,127.03,100.0,52.693333333333335,100.0,34.979067753111764,100.0,1.5727750437901409,100.0,42.1259533600964,55.31488340024101,90.1691694994444
3265,台星科,半導體業,50.5,2022-06-28,2022Q1,0.0,0.0,351.35,100.0,57.4,100.0,25.988601689157193,100.0,1.2216032310461389,100.0,74.0,100.0,90.0
6799,來頡,半導體業,152.0,2022-06-28,2022Q1,20.24,0.0,64.58,100.0,38.60666666666666,100.0,32.368094856513245,100.0,1.2552810639005862,100.0,60.7751732589238,100.0,90.0
3490,單井,光電業,26.0,2022-06-28,2022Q1,0.0,0.0,280.0,100.0,27.97666666666667,100.0,27.256505966399235,100.0,1.5690279454089686,100.0,73.0,100.0,90.0
4728,雙美,生技醫療業,120.0,2022-06-28,2022Q1,0.0,0.0,110.34,100.0,29.73333333333333,100.0,61.7070805043647,100.0,1.4346292410328152,100.0,72.0,100.0,90.0
6485,點序,半導體業,89.6,2022-06-28,2022Q1,0.0,0.0,168.6,100.0,29.05,100.0,32.71494085967153,100.0,1.272280065967823,100.0,77.0,100.0,90.0
1762,中化生,生技醫療業,54.0,2022-06-28,2022Q1,9.73,100.0,29.92,59.84,78.74333333333334,100.0,27.725614316037557,100.0,1.3657078848835205,100.0,64.9553407609588,100.0,89.96000000000001
6532,瑞耘,半導體業,44.15,2022-06-28,2022Q1,0.0,0.0,90.91,100.0,28.476666666666663,100.0,32.53655281198811,100.0,1.1707413980345933,95.82019971922763,71.0,100.0,89.16403994384552
2606,裕民,航運業,43.5,2022-06-28,2022Q1,6.82,92.64087468460892,143.9,100.0,13.663333333333332,68.31666666666666,28.82574276473916,100.0,1.8626660499098586,100.0,42.9253234929863,57.31330873246575,88.65875167504079
3035,智原,半導體業,190.0,2022-06-28,2022Q1,28.53,0.0,297.06,100.0,97.77666666666669,100.0,22.935377294505972,89.67688647252986,1.5204310256039,100.0,59.7656621753047,99.41415543826174,88.39294851470567
8155,博智,電子零組件業,125.5,2022-06-28,2022Q1,0.0,0.0,89.78,100.0,35.48,100.0,22.392478226614028,86.96239113307014,1.9314661804091402,100.0,61.0,100.0,88.04435866996052
3189,景碩,半導體業,144.0,2022-06-28,2022Q1,12.65,41.50943396226414,494.74,100.0,36.303333333333335,100.0,20.713404756158194,78.56702378079096,1.4204513653684703,100.0,47.2678358882989,68.16958972074725,87.75295593541978
8091,翔名,半導體業,74.5,2022-06-28,2022Q1,0.0,0.0,232.31,100.0,28.97666666666667,100.0,24.465884145635624,97.32942072817812,1.1329423874730964,90.42034106758521,74.0,100.0,87.68348132274376
6756,威鋒電子,半導體業,269.5,2022-06-28,2022Q1,18.75,0.0,54.38,100.0,25.256666666666664,100.0,29.688488354738062,100.0,1.106662329392874,86.66604705612485,60.7864232526785,100.0,87.33320941122497
6146,耕興,其他電子業,176.0,2022-06-28,2022Q1,0.0,0.0,44.19,88.38,22.883333333333336,100.0,36.30881936293358,100.0,1.263347209087556,100.0,71.0,100.0,87.095
2484,希華,電子零組件業,36.25,2022-06-28,2022Q1,11.73,58.57365549493374,116.67,100.0,15.160000000000002,75.80000000000001,19.766785940821297,73.83392970410648,1.2570344877729576,100.0,68.0977863526619,100.0,87.09245500510936
2330,台積電,半導體業,497.5,2022-06-28,2022Q1,19.56,0.0,45.08,90.16,51.153333333333336,100.0,45.57139340461958,100.0,1.8357629685057402,100.0,57.9668800914702,94.9172002286755,87.03172002286755
3037,欣興,電子零組件業,161.0,2022-06-28,2022Q1,14.22,39.16601714731098,158.39,100.0,43.623333333333335,100.0,23.409516585803658,92.04758292901829,2.5409577493421636,100.0,36.6343470022053,41.58586750551326,86.88232590463517
6257,矽格,半導體業,54.9,2022-06-28,2022Q1,8.15,80.10291595197255,43.31,86.62,30.343333333333334,100.0,21.730970383172682,83.65485191586342,1.7585984849868108,100.0,38.4652379336346,46.16309483408649,86.82982886598543
5347,世界,半導體業,82.8,2022-06-28,2022Q1,0.0,0.0,85.19,100.0,46.300000000000004,100.0,36.96883603883194,100.0,2.488176667734705,100.0,47.0,67.5,86.75
2379,瑞昱,半導體業,376.5,2022-06-28,2022Q1,10.17,62.778730703259015,69.73,100.0,28.253333333333334,100.0,17.8169094952664,64.084547476332,1.7864420041540467,100.0,42.8269719248459,57.067429812114746,86.59729817298718
2344,華邦電,半導體業,23.2,2022-06-28,2022Q1,5.58,100.0,187.5,100.0,10.193333333333333,50.96666666666667,23.78000087576867,93.90000437884336,1.7850766416905,100.0,49.1390548803326,72.8476372008315,86.56309771024299
2636,台驊控股,航運業,95.4,2022-06-28,2022Q1,3.03,100.0,104.11,100.0,39.88333333333333,100.0,12.003521610280057,35.01760805140029,1.0495023970398443,78.50034243426347,63.7332307632881,100.0,85.95270969456274
6216,居易,通信網路業,31.95,2022-06-28,2022Q1,15.07,76.21787025703794,70.0,100.0,56.42666666666667,100.0,18.639266832129035,68.19633416064518,0.9545758406310583,64.9394058044369,87.3647040312644,100.0,85.83911831068795
6182,合晶,半導體業,51.0,2022-06-28,2022Q1,0.0,0.0,210.34,100.0,22.813333333333333,100.0,28.326414653336272,100.0,1.726074356146264,100.0,43.0,57.49999999999999,85.75
2313,華通,電子零組件業,45.0,2022-06-28,2022Q1,8.81,81.33281371784878,102.56,100.0,25.610000000000003,100.0,13.684381592283406,43.421907961417034,1.816737128049534,100.0,44.1826902168039,60.45672554200975,85.6922401201984
6177,達麗,建材營造業,29.95,2022-06-28,2022Q1,5.16,100.0,1770.0,100.0,26525.43333333333,100.0,18.594146193253653,67.97073096626826,2.8696167118999365,100.0,21.1970241374222,2.9925603435555015,85.49486567929578
6548,長科*,半導體業,78.6,2022-06-28,2022Q1,0.0,0.0,179.1,100.0,26.393333333333334,100.0,22.47865154306454,87.3932577153227,1.1605769724054198,94.36813891505997,54.0,85.0,85.48261644031041
2059,川湖,電子零組件業,413.0,2022-06-28,2022Q1,15.44,29.657053780202645,109.89,100.0,27.963333333333335,100.0,44.63668000756591,100.0,0.9341044630119341,62.01492328741915,80.9684352358929,100.0,85.36869003550409
5274,信驊,半導體業,2125.0,2022-06-28,2022Q1,0.0,0.0,89.18,100.0,59.913333333333334,100.0,47.37409781425937,100.0,1.0727676711567837,81.82395302239767,56.0,90.0,85.36479060447954
2607,榮運,航運業,30.15,2022-06-28,2022Q1,20.65,0.0,313.33,100.0,159.54999999999998,100.0,18.461882293691588,67.30941146845794,1.6350770374138213,100.0,67.0156203901527,100.0,85.09641172026869
3624,光頡,電子零組件業,63.8,2022-06-28,2022Q1,0.0,0.0,116.67,100.0,17.72,88.6,21.123771913586594,80.61885956793297,1.3752509273401703,100.0,77.0,100.0,84.81282893518994
1443,立益物流,其他業,16.15,2022-06-28,2022Q1,7.92,94.32337434094904,160.0,100.0,16.419999999999998,82.1,22.40084092501752,87.0042046250876,1.2360366259836741,100.0,23.3447289296201,8.36182232405025,84.73915036026307
3680,家登,半導體業,221.5,2022-06-28,2022Q1,0.0,0.0,544.44,100.0,76.71333333333332,100.0,23.50366002796952,92.5183001398476,1.644131818298936,100.0,43.0,57.49999999999999,84.62774502097714
1723,中碳,化學工業,118.5,2022-06-28,2022Q1,22.79,25.80381471389648,46.53,93.06,53.88666666666666,100.0,15.899493955106635,54.49746977553318,1.324178096153286,100.0,64.4328295912292,100.0,84.02000193771963
5607,遠雄港,航運業,49.6,2022-06-28,2022Q1,18.1,0.0,94.34,100.0,46.65,100.0,50.04541281111487,100.0,2.2005808850517847,100.0,36.0662387761698,40.16559694042449,84.01655969404246
3218,大學光,生技醫療業,277.5,2022-06-28,2022Q1,0.0,0.0,42.86,85.72,23.55333333333333,100.0,32.875017203310215,100.0,1.7957786089940095,100.0,50.0,75.0,83.93
3711,日月光投控,半導體業,91.0,2022-06-28,2022Q1,5.71,100.0,52.79,100.0,22.91,100.0,11.159180492816208,30.795902464081042,2.1058182505038627,100.0,35.6782536459007,39.19563411475176,83.53894878108734
6515,穎崴,半導體業,381.0,2022-06-28,2022Q1,23.29,0.0,155.07,100.0,24.00333333333333,100.0,16.33028187393156,56.6514093696578,2.3435130510635442,100.0,65.5759327650259,100.0,83.49771140544867
9906,欣巴巴,建材營造業,53.8,2022-06-28,2022Q1,10.25,57.15579710144927,680.65,100.0,4761393.8,100.0,21.921521336619147,84.60760668309574,1.4274211809209212,100.0,9.74768589036752,0.0,83.40672071260929
5299,杰力,半導體業,153.5,2022-06-28,2022Q1,0.0,0.0,76.11,100.0,15.413333333333334,77.06666666666668,29.88686694018711,100.0,1.5724201641644875,100.0,50.0,75.0,82.91333333333333
1796,金穎生技,食品工業,41.8,2022-06-28,2022Q1,0.0,0.0,61.29,100.0,24.22666666666667,100.0,15.190638658615393,50.95319329307697,1.5996488147497805,100.0,69.0,100.0,82.64297899396155
5601,台聯櫃,航運業,0.0,2022-06-28,2022Q1,0.0,0.0,100.0,100.0,12.5,62.5,37.169900615239,100.0,1.8450439146800501,100.0,74.0,100.0,82.5
2030,彰源,鋼鐵工業,24.65,2022-06-28,2022Q1,4.84,92.31227651966627,177.78,100.0,36.050000000000004,100.0,10.107863483430247,25.539317417151235,2.0980119938742505,100.0,37.5473746865588,43.86843671639699,82.448968936179
2235,謚源,電機機械,40.25,2022-06-28,2022Q1,0.0,0.0,303.12,100.0,29.50666666666667,100.0,14.726457977368709,48.632289886843544,1.2687823834196892,100.0,66.0,100.0,82.29484348302653
3016,嘉晶,半導體業,92.3,2022-06-28,2022Q1,50.71,0.0,300.0,100.0,28.883333333333336,100.0,14.55469009962175,47.77345049810875,2.3092286652078773,100.0,60.4934008635614,100.0,82.1660175747163
6664,群翊,電子零組件業,81.9,2022-06-28,2022Q1,0.0,0.0,42.78,85.56,38.29,100.0,26.113080135451323,100.0,1.4967636510260818,100.0,42.0,55.00000000000001,81.89
1516,川飛,其他業,24.55,2022-06-28,2022Q1,11.58,68.59402460456943,354.55,100.0,41.336666666666666,100.0,4.025832549458476,0.0,1.840022327658387,100.0,69.7118290929366,100.0,81.85940246045695
8478,東哥遊艇,運動休閒,187.0,2022-06-28,2022Q1,13.35,71.19244391971665,4300.0,100.0,31.41333333333333,100.0,28.464698203423183,100.0,0.7821089726213066,40.30128180304381,46.6190312572689,66.54757814317225,81.83425856689765
6715,嘉基,電子零組件業,145.5,2022-06-28,2022Q1,42.67,0.0,59.55,100.0,97.78333333333335,100.0,14.597118059979671,47.985590299898355,2.458170076911914,100.0,58.5442242598174,96.36056064954349,81.8338946099391
6491,晶碩,生技醫療業,436.0,2022-06-28,2022Q1,22.05,54.9978457561396,60.12,100.0,6.383333333333333,31.916666666666664,28.074120607235358,100.0,1.301963529686302,100.0,59.1845051291513,97.96126282287825,81.67924419123511
1560,中砂,電機機械,157.0,2022-06-28,2022Q1,26.7,0.0,109.52,100.0,17.533333333333335,87.66666666666667,19.796943204892816,73.98471602446408,1.287990223450318,100.0,52.1170287942766,80.2925719856915,81.6602979355721
3034,聯詠,半導體業,315.0,2022-06-28,2022Q1,4.34,100.0,89.44,100.0,12.646666666666668,63.23333333333334,36.37224904848955,100.0,0.8024436260387134,43.20623229124478,61.6560029460956,100.0,81.28791312491563
9907,統一實,其他業,15.8,2022-06-28,2022Q1,10.9,73.3743409490334,225.0,100.0,18.2,90.99999999999999,6.940995869762648,9.70497934881324,1.554027843280543,100.0,55.843872149335,89.6096803733375,80.95414903455908
3025,星通,通信網路業,18.25,2022-06-28,2022Q1,19.21,55.94859241126071,252.63,100.0,15.583333333333334,77.91666666666667,11.215672443368549,31.07836221684274,10.529457515069026,100.0,76.3809580110436,100.0,80.83994690698582
3266,昇陽,建材營造業,12.9,2022-06-28,2022Q1,13.44,28.260869565217384,2366.67,100.0,866.3966666666666,100.0,14.899336032426705,49.49668016213352,2.2844309874705164,100.0,41.9223182517499,54.80579562937476,80.73116854377925
3169,亞信,半導體業,132.5,2022-06-28,2022Q1,0.0,0.0,66.96,100.0,39.64666666666667,100.0,36.92754907117743,100.0,0.8712883182863617,53.0411883266231,84.0,100.0,80.60823766532462
4961,天鈺,半導體業,140.5,2022-06-28,2022Q1,3.98,100.0,69.67,100.0,18.22,91.1,32.40895541465164,100.0,0.5818660361905317,11.695148027218812,65.1695576445762,100.0,80.55902960544375
6788,華景電,半導體業,128.0,2022-06-28,2022Q1,0.0,0.0,30.97,61.94,32.98666666666667,100.0,27.939106612641286,100.0,1.2577389630426474,100.0,79.0,100.0,80.485
2472,立隆電,電子零組件業,56.9,2022-06-28,2022Q1,8.78,81.56664068589244,32.28,64.56,20.169999999999998,100.0,17.647292015807327,63.23646007903664,1.2811167672450074,100.0,46.5481328480759,66.37033212018976,80.41916629246373
7556,意德士,半導體業,122.0,2022-06-28,2022Q1,0.0,0.0,39.36,78.72,30.883333333333336,100.0,25.679841715363732,100.0,1.0471779928539218,78.1682846934174,83.0,100.0,80.31365693868348
2034,允強,鋼鐵工業,27.05,2022-06-28,2022Q1,8.1,53.45649582836711,111.11,100.0,17.873333333333335,89.36666666666667,10.416915734906466,27.084578674532327,1.308629323616834,100.0,52.1101450851125,80.27536271278125,80.30920598862802
6716,應廣,半導體業,124.5,2022-06-28,2022Q1,0.0,0.0,62.02,100.0,49.36333333333334,100.0,25.3603909476473,100.0,0.8668773765409673,52.411053791566765,59.0,97.5,80.23221075831336
5351,鈺創,半導體業,59.3,2022-06-28,2022Q1,0.0,0.0,305.0,100.0,25.323333333333334,100.0,11.779697446712222,33.898487233561106,1.2795019359461335,100.0,61.0,100.0,80.08477308503417
2706,第一店,觀光餐旅,14.25,2022-06-28,2022Q1,61.96,41.422062560238324,700.0,100.0,6.796666666666667,33.983333333333334,70.26316159612924,100.0,1.1691912708600771,95.59875298001103,86.2397074322487,100.0,80.0586235186927
3264,欣銓,半導體業,37.95,2022-06-28,2022Q1,0.0,0.0,33.01,66.02,24.093333333333334,100.0,25.22502822715436,100.0,2.3064017755442854,100.0,54.0,85.0,80.005
5015,華祺,鋼鐵工業,43.3,2022-06-28,2022Q1,0.0,0.0,417.78,100.0,13.816666666666668,69.08333333333334,21.416216798995787,82.08108399497893,1.677198055307508,100.0,55.0,87.5,79.87882926591351
5902,德記,居家生活,26.85,2022-06-28,2022Q1,0.0,0.0,61.76,100.0,32.06666666666667,100.0,11.252531555207733,31.262657776038665,1.3613597080852697,100.0,76.0,100.0,79.6893986664058
3592,瑞鼎,半導體業,371.0,2022-06-28,2022Q1,6.56,93.7392795883362,88.96,100.0,29.12,100.0,19.919417285417055,74.59708642708527,0.8147905027932961,44.97007182761374,40.4942971689148,51.235742922286995,79.68107958064785
1342,八貫,其他業,67.1,2022-06-28,2022Q1,14.31,49.40246045694201,102.67,100.0,40.11,100.0,17.586031156571675,62.93015578285838,0.8538838429808083,50.554834711544046,64.253442915809,100.0,79.49073635543176
2454,聯發科,半導體業,651.0,2022-06-28,2022Q1,8.7,75.38593481989709,29.67,59.34,39.1,100.0,25.553210744335214,100.0,0.9240591709611112,60.57988156587304,64.1311949962137,100.0,79.48956979516431
6426,統新,通信網路業,61.5,2022-06-28,2022Q1,68.33,0.0,2000.0,100.0,19.459999999999997,97.29999999999998,11.396940577690255,31.984702888451277,2.7405073717156743,100.0,90.1707846462367,100.0,79.25770543326769
2408,南亞科,半導體業,58.9,2022-06-28,2022Q1,6.83,91.42367066895368,139.77,100.0,-8.02,0.0,31.39455513734986,100.0,1.7278841648655594,100.0,90.0685184844714,100.0,79.14236706689536
3093,港建,其他電子業,120.0,2022-06-28,2022Q1,0.0,0.0,189.08,100.0,57.306666666666665,100.0,26.101223900631005,100.0,0.9123173779315648,58.902482561652114,49.0,72.5,79.03049651233042
6579,研揚,電腦及週邊設備業,79.0,2022-06-28,2022Q1,21.58,0.0,255.88,100.0,63.68666666666667,100.0,10.273501286832804,26.367506434164024,1.5429565486315138,100.0,74.2098386496583,100.0,78.95512596512461
6271,同欣電,半導體業,213.0,2022-06-28,2022Q1,11.92,47.77015437392795,89.55,100.0,4.773333333333333,23.866666666666667,24.587046154742882,97.93523077371441,1.1899360788335351,98.56229697621932,83.6444435901961,100.0,78.95309278202714
5432,新門,綠能環保,38.1,2022-06-28,2022Q1,0.0,0.0,600.0,100.0,309.5,100.0,10.138059871508634,25.69029935754317,1.2434474075769715,100.0,95.0,100.0,78.85354490363147
6205,詮欣,電子零組件業,70.4,2022-06-28,2022Q1,28.39,0.0,203.33,100.0,24.363333333333333,100.0,15.683794794182587,53.41897397091293,1.0468135762139417,78.11622517342023,75.5613460426196,100.0,78.63609113032099
1444,力麗,紡織纖維,10.45,2022-06-28,2022Q1,11.88,59.62343096234308,250.0,100.0,48.583333333333336,100.0,5.516149452950125,2.5807472647506247,1.1616488623698795,94.52126605283993,52.5836000724054,81.45900018101351,78.39960841461622
4770,上品,化學工業,269.0,2022-06-28,2022Q1,18.63,48.474114441416916,64.16,100.0,65.28333333333335,100.0,30.658425511749137,100.0,0.6209004136795222,17.27148766850317,61.8628527690382,100.0,78.30170897784234
2702,華園,觀光餐旅,28.1,2022-06-28,2022Q1,1.66,100.0,111.11,100.0,84.16333333333334,100.0,-14.37196543222343,0.0,14.162795992714026,100.0,32.2418932643223,30.604733160805754,78.06047331608058
8070,長華*,電子通路業,34.85,2022-06-28,2022Q1,11.54,12.945368171021387,138.89,100.0,22.103333333333335,100.0,16.229957347385465,56.14978673692732,1.8282646225156165,100.0,33.1339455509326,32.83486387733151,78.00049121537438
3707,漢磊,半導體業,124.5,2022-06-28,2022Q1,0.0,0.0,1183.33,100.0,31.476666666666663,100.0,14.83034117785514,49.151705889275696,2.1167752420374204,100.0,42.0,55.00000000000001,77.87275588339135
8284,三竹,資訊服務業,50.7,2022-06-28,2022Q1,0.0,0.0,82.67,100.0,17.71,88.55000000000001,11.822264998395895,34.11132499197947,1.3753632978806969,100.0,68.0,100.0,77.82669874879693
8261,富鼎,半導體業,116.5,2022-06-28,2022Q1,11.48,51.54373927958833,152.14,100.0,10.806666666666667,54.03333333333333,26.941755293768356,100.0,0.9108692547005808,58.695607814368685,64.0560464629503,100.0,77.70016215749924
6231,系微,資訊服務業,77.2,2022-06-28,2022Q1,0.0,0.0,160.81,100.0,15.166666666666666,75.83333333333333,25.645047886629555,100.0,0.9379390144296216,62.562716347088795,68.0,100.0,77.67920993608442
3441,聯一光,光電業,33.65,2022-06-28,2022Q1,0.0,0.0,2066.67,100.0,31.773333333333337,100.0,13.998055470269163,44.99027735134582,1.0569311681830396,79.56159545471995,66.0,100.0,77.66086069364586
2643,捷迅,航運業,68.4,2022-06-28,2022Q1,0.0,0.0,83.75,100.0,23.709999999999997,100.0,8.509170858289973,17.545854291449867,1.7221661468670257,100.0,61.0,100.0,77.63187814371749
5603,陸海,航運業,38.7,2022-06-28,2022Q1,0.0,0.0,65.52,100.0,22.929999999999996,100.0,8.449300656967074,17.24650328483537,1.3781912817176318,100.0,67.0,100.0,77.5869754927253
8930,青鋼,鋼鐵工業,14.95,2022-06-28,2022Q1,0.0,0.0,74.07,100.0,20.073333333333334,100.0,10.198599782406923,25.992998912034615,1.4521682340647857,100.0,54.0,85.0,77.39894983680519
3030,德律,其他電子業,60.6,2022-06-28,2022Q1,9.68,73.26595323028141,100.0,100.0,27.53,100.0,35.524650825303084,100.0,-0.1388829576304792,0.0,77.7701473042662,100.0,77.32659532302814
6242,立康,生技醫療業,50.4,2022-06-28,2022Q1,0.0,0.0,40.0,80.0,63.43333333333334,100.0,17.606481664232422,63.032408321162116,1.1249551682088803,89.27930974412577,80.0,100.0,77.31072319699948
4111,濟生,生技醫療業,24.35,2022-06-28,2022Q1,0.0,0.0,109.09,100.0,17.763333333333332,88.81666666666665,11.02911726655679,30.145586332783953,1.3295171727227477,100.0,68.0,100.0,77.28517128325093
4952,凌通,半導體業,63.7,2022-06-28,2022Q1,8.86,74.01372212692968,128.09,100.0,20.16,100.0,24.611611045723166,98.05805522861583,-0.12384426351923172,0.0,72.9167553282037,100.0,77.11008049698533
2618,長榮航,航運業,31.2,2022-06-28,2022Q1,13.57,35.87047939444912,242.22,100.0,40.123333333333335,100.0,13.97458515570025,44.87292577850125,3.1211488570242927,100.0,27.1173416777417,17.793354194354247,77.09732222565553
3684,榮昌,通信網路業,45.95,2022-06-28,2022Q1,0.0,0.0,89.36,100.0,33.61333333333334,100.0,9.57133528012913,22.85667640064565,1.5245407183986839,100.0,54.0,85.0,76.92850146009685
3583,辛耘,半導體業,76.2,2022-06-28,2022Q1,11.76,49.14236706689537,504.0,100.0,22.080000000000002,100.0,10.292314487209946,26.461572436049728,3.4265166348592624,100.0,31.3062547881244,28.265636970310997,76.7100362691281
2049,上銀,電機機械,251.5,2022-06-28,2022Q1,19.63,33.63959691760523,157.05,100.0,21.353333333333335,100.0,20.603141860020678,78.01570930010338,0.7551594067422831,36.45134382032616,57.296367760387,93.2409194009675,76.68067679093801
2610,華航,航運業,23.2,2022-06-28,2022Q1,10.31,63.28847771236333,373.68,100.0,21.563333333333333,100.0,9.73867654915093,23.693382745754654,2.977321935170562,100.0,27.0942558660816,17.735639665204,76.65641914961992
4923,力士,半導體業,60.8,2022-06-28,2022Q1,0.0,0.0,228.57,100.0,16.763333333333332,83.81666666666666,17.935218580443035,64.67609290221517,1.0285985338507977,75.51407626439968,78.0,100.0,76.56756252154554
2342,茂矽,半導體業,41.25,2022-06-28,2022Q1,19.28,0.0,203.57,100.0,23.88333333333333,100.0,15.37107421484297,51.85537107421485,0.9792569775740957,68.4652825105851,59.5261318275731,98.81532956893275,76.35289512014252
2337,旺宏,半導體業,36.2,2022-06-28,2022Q1,4.8,100.0,216.0,100.0,2.776666666666666,13.883333333333331,27.742606347412107,100.0,0.9734691501626982,67.6384500232426,62.8902061137298,100.0,76.30435667131519
2637,慧洋-KY,航運業,70.3,2022-06-28,2022Q1,5.23,100.0,201.68,100.0,0.0,0.0,48.27217798282241,100.0,1.313632354116453,100.0,45.1386145144152,62.846536286038,76.2846536286038
8081,致新,半導體業,174.5,2022-06-28,2022Q1,6.06,98.02744425385936,72.1,100.0,13.713333333333333,68.56666666666666,30.063344333593285,100.0,0.5963741637355303,13.767737676504332,61.707101713229,100.0,76.26962529402014
8341,日友,綠能環保,198.0,2022-06-28,2022Q1,21.45,31.557150745444495,38.97,77.94,19.580000000000002,97.9,33.65065204426414,100.0,1.0274228422143565,75.34612031633665,35.3480413481901,38.37010337047525,76.1269494748593
3533,嘉澤,電子零組件業,737.0,2022-06-28,2022Q1,19.44,0.0,61.66,100.0,39.300000000000004,100.0,25.746542721531863,100.0,0.7125074712946895,30.35821018495564,64.2379134414799,100.0,76.07164203699114
4114,健喬,生技醫療業,32.4,2022-06-28,2022Q1,0.0,0.0,110.0,100.0,35.193333333333335,100.0,11.0085365399496,30.042682699747996,1.5409284521269369,100.0,45.0,62.5,75.7564024049622
1569,濱川,電腦及週邊設備業,25.25,2022-06-28,2022Q1,0.0,0.0,105.08,100.0,54.06,100.0,9.998769069389699,24.993845346948493,3.230782413183258,100.0,48.0,70.0,75.74907680204227
2748,雲品,觀光餐旅,43.9,2022-06-28,2022Q1,365.83,0.0,102.7,100.0,18.543333333333333,92.71666666666667,15.463273806462988,52.31636903231494,1.5112159344640455,100.0,37.3361329650236,43.340332412559,75.72482192943647
6184,大豐電,其他業,49.65,2022-06-28,2022Q1,12.76,60.298769771529,52.7,100.0,1.4133333333333333,7.066666666666667,40.40149347815546,100.0,1.7072036485079183,100.0,52.8505806533547,82.12645163338675,75.6558554738249
6217,中探針,電子零組件業,65.7,2022-06-28,2022Q1,0.0,0.0,110.0,100.0,37.806666666666665,100.0,8.899763572722021,19.498817863610103,1.871278672523182,100.0,50.0,75.0,75.42482267954152
9962,有益,鋼鐵工業,13.4,2022-06-28,2022Q1,0.0,0.0,485.71,100.0,79.67,100.0,5.3866041813066765,1.9330209065333825,8.216636049275989,100.0,75.0,100.0,75.28995313598001
5525,順天,建材營造業,23.35,2022-06-28,2022Q1,20.66,0.0,1108.33,100.0,1546.6633333333332,100.0,16.737756480678165,58.688782403390825,4.674337327523602,100.0,25.708524170461,14.2713104261525,75.23044840312387
4995,晶達,光電業,35.15,2022-06-28,2022Q1,0.0,0.0,333.33,100.0,47.17666666666667,100.0,11.236920359819772,31.18460179909886,1.3452282348610345,100.0,42.0,55.00000000000001,75.17769026986483
8016,矽創,半導體業,203.0,2022-06-28,2022Q1,3.66,100.0,80.46,100.0,1.0899999999999999,5.449999999999999,34.82366486043896,100.0,1.2531802604862023,100.0,36.0084823299415,40.02120582485375,75.09212058248538
1570,力肯,電機機械,18.05,2022-06-28,2022Q1,0.0,0.0,68.75,100.0,11.51,57.550000000000004,16.400774650997015,57.00387325498507,3.5012521465369204,100.0,82.0,100.0,75.06058098824776
6533,晶心科,半導體業,271.5,2022-06-28,2022Q1,53.24,0.0,278.46,100.0,37.56666666666667,100.0,1.7390974700159694,0.0,1.8931404460518384,100.0,92.0237035167623,100.0,75.0
8921,沈氏,其他業,15.4,2022-06-28,2022Q1,0.0,0.0,1850.0,100.0,24.66,100.0,-5.804590708360472,0.0,1.4870753526151144,100.0,74.0,100.0,75.0
6259,百徽,電子零組件業,31.45,2022-06-28,2022Q1,0.0,0.0,583.33,100.0,236.33333333333334,100.0,0.16950243525650652,0.0,2.065707839819515,100.0,63.0,100.0,75.0
3057,喬鼎,電腦及週邊設備業,12.35,2022-06-28,2022Q1,56.14,0.0,183.33,100.0,35.64333333333334,100.0,0.23996089526151293,0.0,1.6532186948853616,100.0,64.3266152067916,100.0,75.0
6588,東典光電,通信網路業,37.65,2022-06-28,2022Q1,0.0,0.0,58.82,100.0,31.626666666666665,100.0,0.5581904414447283,0.0,2.3169560920513907,100.0,81.0,100.0,75.0
6596,寬宏藝術,文化創意業,45.05,2022-06-28,2022Q1,0.0,0.0,135.14,100.0,156.27666666666664,100.0,-1.0485694238715209,0.0,4.790649350649351,100.0,62.0,100.0,75.0
1742,台蠟,化學工業,21.0,2022-06-28,2022Q1,0.0,0.0,366.67,100.0,42.446666666666665,100.0,-3.2322514131323548,0.0,9.996437054631828,100.0,63.0,100.0,75.0
1315,達新,塑膠工業,75.9,2022-06-28,2022Q1,133.16,0.0,250.0,100.0,44.96666666666667,100.0,3.633670481377011,0.0,1.5240763982950802,100.0,89.2425319130216,100.0,75.0
4583,台灣精銳,電機機械,225.5,2022-06-28,2022Q1,19.06,37.01837581505634,84.25,100.0,1.1366666666666665,5.683333333333333,32.048800032517875,100.0,1.6281510830379016,100.0,80.6630579746611,100.0,74.8385042481723
8433,弘帆,居家生活,50.6,2022-06-28,2022Q1,0.0,0.0,117.33,100.0,35.656666666666666,100.0,8.82271999344199,19.113599967209947,2.4893892491849203,100.0,47.0,67.5,74.6170399950815
1584,精剛,其他業,18.9,2022-06-28,2022Q1,0.0,0.0,575.0,100.0,83.92333333333333,100.0,8.126319207663583,15.631596038317912,1.69196058568929,100.0,49.0,72.5,74.59473940574769
2027,大成鋼,鋼鐵工業,35.55,2022-06-28,2022Q1,5.02,90.16686531585222,154.55,100.0,38.51666666666667,100.0,23.99910820789999,94.99554103949995,-0.21488208822814306,0.0,45.1498770937925,62.87469273448124,74.55348696095834
3529,力旺,半導體業,1195.0,2022-06-28,2022Q1,0.0,0.0,24.94,49.88,33.806666666666665,100.0,56.83633908076803,100.0,1.0918231020794003,84.54615743991432,79.0,100.0,74.37923148798286
2471,資通,資訊服務業,27.8,2022-06-28,2022Q1,10.78,76.54173764906304,51.72,100.0,26.58666666666667,100.0,1.8930433200244057,0.0,0.9091999232540292,58.457131893432745,63.3464533364719,100.0,74.34560014359285
2548,華固,建材營造業,89.3,2022-06-28,2022Q1,7.24,84.42028985507247,259.42,100.0,416.97333333333336,100.0,29.689094623421493,100.0,-0.13227195836234162,0.0,42.73590382383,56.839759559575,74.12600494146474
6752,叡揚,資訊服務業,57.0,2022-06-28,2022Q1,0.0,0.0,473.33,100.0,21.94666666666667,100.0,8.776768992753032,18.883844963765164,1.4972810414435198,100.0,45.0,62.5,74.08257674456478
2383,台光電,電子零組件業,191.5,2022-06-28,2022Q1,10.89,65.12081060015588,37.72,75.44,11.473333333333334,57.366666666666674,16.645648618838006,58.228243094190034,1.3556274463299198,100.0,54.0084080002379,85.02102000059475,74.08175285753691
2444,兆勁,通信網路業,12.55,2022-06-28,2022Q1,18.19,60.94247246022032,214.81,100.0,14.796666666666667,73.98333333333333,6.510435048587092,7.552175242935459,1.8545513026696687,100.0,48.1099116634864,70.274779158716,74.05121811500062
3390,旭軟,電子零組件業,21.15,2022-06-28,2022Q1,0.0,0.0,3500.0,100.0,38.556666666666665,100.0,-6.913575822196735,0.0,2.732311320754717,100.0,55.0,87.5,73.75
2901,欣欣,貿易百貨業,24.1,2022-06-28,2022Q1,301.25,0.0,33.33,66.66,37.83,100.0,14.225941422594143,46.12970711297072,1.694954954954955,100.0,87.7747331222251,100.0,73.5844560669456
5011,久陽,鋼鐵工業,27.7,2022-06-28,2022Q1,0.0,0.0,1010.0,100.0,41.276666666666664,100.0,6.708427435384223,8.542137176921116,2.0284788687286746,100.0,49.0,72.5,73.53132057653816
8443,阿瘦,貿易百貨業,11.4,2022-06-28,2022Q1,0.0,0.0,102.78,100.0,20.333333333333332,100.0,0.9687980795305011,0.0,8.904214559386974,100.0,53.4816177740379,83.70404443509474,73.37040444350947
3128,昇銳,光電業,18.75,2022-06-28,2022Q1,0.0,0.0,100.0,100.0,32.43333333333333,100.0,5.050905297547327,0.2545264877366371,3.1490630975143405,100.0,53.0,82.5,73.2881789731605
6706,惠特,光電業,132.5,2022-06-28,2022Q1,8.06,91.80505415162455,108.03,100.0,23.916666666666668,100.0,20.058042720631423,75.29021360315711,0.5517472306407475,7.392461520106784,45.2774065145155,63.19351628628874,73.27188138828626
3511,矽瑪,電子零組件業,34.0,2022-06-28,2022Q1,0.0,0.0,500.0,100.0,108.53999999999998,100.0,8.341733271716555,16.708666358582775,4.911452834519165,100.0,43.0,57.49999999999999,73.25629995378742
6269,台郡,電子零組件業,89.6,2022-06-28,2022Q1,9.43,76.50038971161341,57.93,100.0,10.819999999999999,54.099999999999994,7.971395936570393,14.856979682851964,4.677438220095181,100.0,49.3985179435444,73.496294858861,73.04821540947523
6235,華孚,電腦及週邊設備業,43.8,2022-06-28,2022Q1,33.18,0.0,225.0,100.0,48.919999999999995,100.0,5.765542859484913,3.827714297424567,2.2692035163083193,100.0,49.8817955863348,74.70448896583702,73.04460604119738
6266,泰詠,電子零組件業,20.8,2022-06-28,2022Q1,0.0,0.0,66.67,100.0,15.756666666666668,78.78333333333333,9.64774956697584,23.2387478348792,2.158662275311737,100.0,55.0,87.5,72.99247884189855
8110,華東,半導體業,12.95,2022-06-28,2022Q1,26.98,0.0,83.33,100.0,24.973333333333333,100.0,1.7895212277579606,0.0,6.940386858645124,100.0,51.0704840970761,77.67621024269025,72.76762102426902
6183,關貿,資訊服務業,59.3,2022-06-28,2022Q1,18.77,22.09540034071551,40.24,80.48,6.329999999999999,31.649999999999995,33.65787295024425,100.0,1.167566908987532,95.36670128393315,68.8377056879634,100.0,72.73288029085819
2528,皇普,建材營造業,19.3,2022-06-28,2022Q1,13.88,24.275362318840553,33.33,66.66,110.38333333333333,100.0,19.940310099291857,74.70155049645928,2.0935076184101735,100.0,29.7085820938752,24.271455234688002,72.72491432982174
5511,德昌,建材營造業,30.45,2022-06-28,2022Q1,0.0,0.0,126.92,100.0,27.083333333333332,100.0,8.208154978664751,16.040774893323757,9.518285765464533,100.0,41.0,52.5,72.65611623399856
6569,醫揚,生技醫療業,101.5,2022-06-28,2022Q1,0.0,0.0,143.86,100.0,57.663333333333334,100.0,7.765834621476689,13.829173107383443,1.0413656629234913,77.33795184621304,65.0,100.0,72.54196633535012
4755,三福化,化學工業,170.0,2022-06-28,2022Q1,19.04,46.2397820163488,224.0,100.0,66.47000000000001,100.0,21.849835291042304,84.24917645521151,0.2039858100021732,0.0,59.3375452168578,98.34386304214449,72.09574097413106
1527,鑽全,電機機械,46.75,2022-06-28,2022Q1,12.3,77.08950800237108,40.57,81.14,4.723333333333334,23.61666666666667,17.496719721604197,62.48359860802098,1.5395758863877886,100.0,83.9548363225204,100.0,72.08982392477358
6180,橘子,文化創意業,65.1,2022-06-28,2022Q1,0.0,0.0,68.75,100.0,4.03,20.150000000000002,23.05798653386337,90.28993266931685,1.8856153809272667,100.0,57.0,92.5,71.82348990039753
2906,高林,貿易百貨業,19.0,2022-06-28,2022Q1,33.93,27.243125904486256,260.0,100.0,37.78666666666667,100.0,6.508063269864459,7.540316349322293,7.701009331555894,100.0,31.7363200726713,29.34080018167825,71.78944006101479
2545,皇翔,建材營造業,42.35,2022-06-28,2022Q1,4.27,100.0,360.29,100.0,41.13,100.0,39.003831417624525,100.0,-3.1216432670479457,0.0,26.7607911220213,16.90197780505325,71.69019778050531
3532,台勝科,半導體業,188.5,2022-06-28,2022Q1,35.04,0.0,207.14,100.0,39.25333333333333,100.0,30.386121992165645,100.0,0.5552367445885027,7.890963512643243,87.2666862304059,100.0,71.57819270252864
2331,精英,電腦及週邊設備業,21.85,2022-06-28,2022Q1,26.01,0.0,180.0,100.0,34.580000000000005,100.0,-0.04337504495335508,0.0,9.559230126845122,100.0,45.8794063000716,64.698515750179,71.4698515750179
8416,實威,資訊服務業,0.0,2022-06-28,2022Q1,0.0,0.0,43.6,87.2,4.666666666666667,23.333333333333332,26.9104585599521,100.0,2.0376755059015874,100.0,80.0,100.0,71.46666666666667
3564,其陽,通信網路業,31.25,2022-06-28,2022Q1,0.0,0.0,333.33,100.0,73.31666666666666,100.0,5.1560119919665475,0.7800599598327373,8.652020630671803,100.0,44.0,60.0,71.1170089939749
3413,京鼎,半導體業,185.5,2022-06-28,2022Q1,9.54,68.18181818181819,71.88,100.0,3.6133333333333337,18.06666666666667,16.69746577399105,58.48732886995525,1.3181730617009386,100.0,47.5738049993029,68.93451249825725,71.09806573183415
2493,揚博,電子零組件業,42.0,2022-06-28,2022Q1,11.93,57.014809041309434,66.67,100.0,23.163333333333338,100.0,19.81669412691515,74.08347063457575,0.38506878859730204,0.0,57.0849120092283,92.71228002307075,71.08522950162438
6223,旺矽,半導體業,90.5,2022-06-28,2022Q1,0.0,0.0,116.67,100.0,27.543333333333333,100.0,17.044336120872828,60.22168060436414,0.7460908924652524,35.15584178075034,63.0,100.0,71.06442044680469
1760,寶齡富錦,生技醫療業,117.5,2022-06-28,2022Q1,59.64,0.0,243.75,100.0,54.77333333333333,100.0,10.38353066441397,26.917653322069846,0.9183121381437565,59.7588768776795,62.3894632315025,100.0,70.98942337384638
1470,大統新創,紡織纖維,22.7,2022-06-28,2022Q1,22.7,0.0,287.5,100.0,15.72,78.60000000000001,12.990957709286352,39.954788546431764,0.9987354013241092,71.24791447487276,76.8319771391617,100.0,70.96280117693931
4560,強信-KY,電機機械,40.85,2022-06-28,2022Q1,12.01,78.80853586247778,160.71,100.0,0.0,0.0,15.758153871971349,53.79076935985674,1.5633695521430575,100.0,70.2970959434917,100.0,70.9494689902263
1506,正道,電機機械,15.9,2022-06-28,2022Q1,46.76,0.0,220.0,100.0,23.19333333333333,100.0,-0.5475469754380023,0.0,1.4903009427121103,100.0,43.757469793876,59.393674484689996,70.939367448469
2062,橋椿,居家生活,24.3,2022-06-28,2022Q1,9.72,68.31932773109244,91.67,100.0,10.506666666666666,52.53333333333333,6.644169037419749,8.220845187098744,7.254807769807367,100.0,49.3537500864275,73.38437521606875,70.9101637394476
6104,創惟,半導體業,148.5,2022-06-28,2022Q1,0.0,0.0,670.59,100.0,42.663333333333334,100.0,32.38807114072843,100.0,0.6629928055119199,23.28468650170284,45.0,62.5,70.90693730034056
3060,銘異,電腦及週邊設備業,19.8,2022-06-28,2022Q1,12.53,51.104972375690615,575.0,100.0,12.38,61.9,0.3433848048865425,0.0,1.1745895230648944,96.3699318664135,56.4730909878105,91.18272746952624,70.8827563578044
4739,康普,化學工業,128.5,2022-06-28,2022Q1,24.71,15.34059945504087,76.0,100.0,54.01,100.0,9.933556006979712,24.667780034898563,1.001702281385471,71.67175448363872,45.2040267207751,63.01006680193775,70.86958452766038
8482,商億-KY,居家生活,75.1,2022-06-28,2022Q1,8.71,76.80672268907563,71.43,100.0,0.0,0.0,15.877383151909669,54.38691575954835,2.065873502401514,100.0,72.2986357640099,100.0,70.83870963283981
2834,臺企銀,金融保險業,11.75,2022-06-28,2022Q1,14.87,35.08500772797527,92.86,100.0,7.206666666666667,36.03333333333333,41.67387622965636,100.0,3.0791550567467936,100.0,5.05985085010415,0.0,70.7151674394642
2015,豐興,鋼鐵工業,70.0,2022-06-28,2022Q1,9.6,35.57806912991659,30.17,60.34,18.656666666666666,93.28333333333333,10.676552756431217,28.382763782156083,1.1698140312832424,95.68771875474891,72.8557249639598,100.0,70.69443189793152
2211,長榮鋼,鋼鐵工業,60.5,2022-06-28,2022Q1,18.5,0.0,26.15,52.300000000000004,26.286666666666665,100.0,15.132338665254363,50.661693326271816,2.655007939861016,100.0,69.3801399909988,100.0,70.67425399894077
8089,康全電訊,通信網路業,22.1,2022-06-28,2022Q1,0.0,0.0,150.0,100.0,15.64,78.2,0.8048620582797708,0.0,12.025526110678099,100.0,65.0,100.0,70.64
6236,康呈,其他業,18.2,2022-06-28,2022Q1,0.0,0.0,128.57,100.0,15.519999999999996,77.59999999999998,-12.244635744571502,0.0,2.532347504621072,100.0,94.0,100.0,70.52
4950,牧東,鋼鐵工業,24.2,2022-06-28,2022Q1,0.0,0.0,110.26,100.0,15.350000000000001,76.75,-22.722400857449088,0.0,70.98120728929385,100.0,81.0,100.0,70.35
5609,中菲行,航運業,74.3,2022-06-28,2022Q1,0.0,0.0,106.36,100.0,57.1,100.0,6.6480513146158815,8.240256573079407,2.002677074813957,100.0,36.0,40.0,70.23603848596191
8941,關中,居家生活,41.2,2022-06-28,2022Q1,0.0,0.0,600.0,100.0,23.796666666666663,100.0,3.529190779453692,0.0,2.972839747187584,100.0,40.0,50.0,70.0
4908,前鼎,通信網路業,37.55,2022-06-28,2022Q1,0.0,0.0,850.0,100.0,29.436666666666667,100.0,27.57122317058114,100.0,-0.011878337839837497,0.0,90.0,100.0,70.0
6719,力智,半導體業,490.0,2022-06-28,2022Q1,34.46,0.0,114.46,100.0,39.18666666666667,100.0,26.2264866567008,100.0,0.3220389715346164,0.0,84.3522872980626,100.0,70.0
6612,奈米醫材,生技醫療業,78.4,2022-06-28,2022Q1,0.0,0.0,388.89,100.0,38.69,100.0,30.13078808636379,100.0,0.4323332323130282,0.0,75.0,100.0,70.0
4541,晟田,其他業,27.75,2022-06-28,2022Q1,0.0,0.0,158.7,100.0,45.77,100.0,1.644164515121117,0.0,1.4269753886010363,100.0,40.0,50.0,70.0
4572,駐龍,電機機械,132.0,2022-06-28,2022Q1,55.46,0.0,550.0,100.0,67.07000000000001,100.0,28.67431822316305,100.0,0.333521642052027,0.0,86.9585689946531,100.0,70.0
8422,可寧衛*,綠能環保,173.5,2022-06-28,2022Q1,18.11,50.0,-29.53,0.0,73.03666666666668,100.0,29.641002680974708,100.0,1.2094338831476266,100.0,63.0119592265634,100.0,70.0
6415,矽力*-KY,半導體業,2670.0,2022-06-28,2022Q1,40.02,0.0,56.59,100.0,0.0,0.0,29.52676358110044,100.0,1.2649745041344047,100.0,82.2675075770817,100.0,70.0
1477,聚陽,紡織纖維,158.5,2022-06-28,2022Q1,13.23,49.35336629897298,26.37,52.739999999999995,16.563333333333336,82.81666666666668,13.967861619503813,44.839308097519066,1.598103001659006,100.0,54.2594831856875,85.64870796421874,69.97443697428037
3675,德微,半導體業,262.0,2022-06-28,2022Q1,0.0,0.0,139.22,100.0,12.836666666666666,64.18333333333332,17.881505225373193,64.40752612686596,1.0746879154971192,82.09827364244559,44.0,60.0,69.91745031418567
4432,銘旺實,紡織纖維,15.65,2022-06-28,2022Q1,0.0,0.0,201.64,100.0,14.87,74.35,3.948082179516213,0.0,1.4606052825828812,100.0,78.0,100.0,69.87
2327,國巨*,電子零組件業,332.0,2022-06-28,2022Q1,7.42,92.1667965705378,14.41,28.82,16.23,81.15,24.84430490281845,99.22152451409225,1.0973240121859067,85.33200174084382,41.0198011400902,52.54950285022551,69.85625896735894
1476,儒鴻,紡織纖維,468.5,2022-06-28,2022Q1,23.03,0.0,31.92,63.84000000000001,12.79,63.949999999999996,19.6950009525448,73.475004762724,1.2430681559890384,100.0,72.7381581776244,100.0,69.77125071440861
5493,三聯,其他電子業,48.0,2022-06-28,2022Q1,0.0,0.0,50.67,100.0,25.513333333333332,100.0,13.291173869035136,41.45586934517568,1.0427495332317531,77.53564760453617,32.0,30.0,69.72550992268359
6239,力成,半導體業,94.7,2022-06-28,2022Q1,7.56,85.16295025728988,32.13,64.26,10.966666666666667,54.833333333333336,16.503287874476776,57.51643937238388,2.7510997579872187,100.0,42.1744662298125,55.43616557453126,69.71904415570637
3531,先益,光電業,24.0,2022-06-28,2022Q1,0.0,0.0,490.91,100.0,22.733333333333334,100.0,1.5765227712640586,0.0,1.0147898483285962,73.54140690408516,61.0,100.0,69.70828138081703
3236,千如,電子零組件業,19.7,2022-06-28,2022Q1,0.0,0.0,68.42,100.0,19.776666666666667,98.88333333333334,3.534245567155053,0.0,1.1529716114098985,93.28165877284265,45.0,62.5,69.6829984212352
6209,今國光,光電業,28.95,2022-06-28,2022Q1,0.0,0.0,104.0,100.0,14.646666666666667,73.23333333333333,-2.071625751749975,0.0,257.90791896869246,100.0,70.6586032929075,100.0,69.64666666666668
4736,泰博,生技醫療業,199.5,2022-06-28,2022Q1,0.0,0.0,27.67,55.34,159.26333333333335,100.0,39.17144587842489,100.0,0.8849095168290189,54.98707383271698,59.0,97.5,69.5824147665434
1709,和益,化學工業,24.55,2022-06-28,2022Q1,11.47,87.49318801089917,28.3,56.60000000000001,13.426666666666668,67.13333333333334,11.72235949226636,33.6117974613318,1.12783555684899,89.69079383557,67.4443291618005,100.0,69.30591385407035
3622,洋華,光電業,34.75,2022-06-28,2022Q1,17.91,20.685920577617335,47.37,94.74,39.54666666666667,100.0,7.679951064480525,13.399755322402623,0.903761778033518,57.68025400478829,87.567489824519,100.0,69.2996061570798
3224,三顧,電子通路業,47.2,2022-06-28,2022Q1,0.0,0.0,247.06,100.0,29.583333333333332,100.0,0.39578701721923804,0.0,1.547824049669068,100.0,37.0,42.5,69.25
8034,榮群,通信網路業,14.8,2022-06-28,2022Q1,0.0,0.0,115.38,100.0,14.226666666666668,71.13333333333334,-3.1966004683028357,0.0,109.97797010228167,100.0,81.0,100.0,69.22666666666666
3141,晶宏,半導體業,142.5,2022-06-28,2022Q1,0.0,0.0,188.39,100.0,35.12,100.0,32.15861495776828,100.0,0.10180254338367463,0.0,56.0,90.0,69.0
8928,鉅明,運動休閒,45.95,2022-06-28,2022Q1,0.0,0.0,64.23,100.0,15.853333333333333,79.26666666666667,11.17464283799565,30.87321418997825,3.8016635859519408,100.0,34.0,35.0,68.98431546183006
6206,飛捷,電腦及週邊設備業,85.5,2022-06-28,2022Q1,14.02,39.34490923441201,220.0,100.0,45.69,100.0,18.391288152965853,66.95644076482927,-0.06326492049187477,0.0,76.5254069476461,100.0,68.9779570381656
4171,瑞基,農業科技業,92.4,2022-06-28,2022Q1,0.0,0.0,7.17,14.34,39.25333333333333,100.0,48.5185483768314,100.0,1.2132453117486777,100.0,63.0,100.0,68.58500000000001
2441,超豐,半導體業,65.0,2022-06-28,2022Q1,7.64,84.47684391080618,25.0,50.0,2.523333333333333,12.616666666666665,29.030876286724105,100.0,1.7204248326775369,100.0,80.2740670557185,100.0,68.47101772441395
8415,大國鋼,鋼鐵工業,35.0,2022-06-28,2022Q1,0.0,0.0,118.97,100.0,38.0,100.0,23.94744177718618,94.73720888593091,0.3128164548502136,0.0,57.0,92.5,68.46058133288963
5468,凱鈺,半導體業,28.25,2022-06-28,2022Q1,0.0,0.0,257.14,100.0,62.25333333333333,100.0,23.486821338383837,92.43410669191918,-1.1923392388451444,0.0,58.0,95.0,68.36511600378788
9927,泰銘,其他業,42.0,2022-06-28,2022Q1,8.54,89.96485061511424,51.76,100.0,24.59,100.0,10.805656836870128,29.02828418435064,-3.4995163895355024,0.0,73.3200976788641,100.0,68.35072768916402
6291,沛亨,半導體業,50.1,2022-06-28,2022Q1,0.0,0.0,311.54,100.0,46.620000000000005,100.0,14.033731451321026,45.16865725660513,0.7885059684251059,41.2151383464437,53.0,82.5,68.2683262577795
4568,科際精密,電機機械,66.0,2022-06-28,2022Q1,0.0,0.0,39.81,79.62,15.176666666666668,75.88333333333334,9.897399449638256,24.48699724819128,1.3355334496251945,100.0,58.0,95.0,68.25471625389537
2641,正德,航運業,22.05,2022-06-28,2022Q1,0.0,0.0,650.0,100.0,53.31333333333333,100.0,45.08307937499327,100.0,0.3246724091075585,0.0,53.0,82.5,68.25
6125,廣運,光電業,30.65,2022-06-28,2022Q1,0.0,0.0,266.67,100.0,23.24666666666667,100.0,-2.7092434597209074,0.0,3.408690248409622,100.0,33.0,32.5,68.25
2937,集雅社,居家生活,38.05,2022-06-28,2022Q1,0.0,0.0,62.5,100.0,27.996666666666666,100.0,6.586485350061196,7.9324267503059795,1.1559448049902337,93.70640071289053,33.0,32.5,68.181144155124
3038,全台,光電業,21.05,2022-06-28,2022Q1,11.83,64.58483754512635,52.94,100.0,7.976666666666667,39.88333333333333,5.687426488400125,3.4371324420006255,1.6256009460883873,100.0,52.517417523123,81.2935438078075,68.08007466826015
5321,美而快,數位雲端,101.0,2022-06-28,2022Q1,0.0,0.0,116.36,100.0,20.323333333333334,100.0,9.092650777837383,20.463253889186912,2.078719370245038,100.0,17.0,0.0,68.06948808337803
3491,昇達科,通信網路業,162.0,2022-06-28,2022Q1,0.0,0.0,57.78,100.0,8.356666666666667,41.78333333333334,11.239847055363244,31.199235276816218,1.519135524538496,100.0,60.0,100.0,68.03655195818911
3567,逸昌,半導體業,33.0,2022-06-28,2022Q1,0.0,0.0,40.35,80.7,2.78,13.899999999999999,29.54518236004017,100.0,2.021825251265498,100.0,80.0,100.0,67.955
2476,鉅祥,電子零組件業,47.3,2022-06-28,2022Q1,12.25,54.52065471551052,73.33,100.0,-2.68,0.0,15.411755420246534,52.058777101232664,1.4485370281108023,100.0,58.6967565174027,96.74189129350674,67.93507116608663
6155,鈞寶,電子零組件業,22.35,2022-06-28,2022Q1,15.63,28.176149649259543,222.73,100.0,6.3066666666666675,31.533333333333335,11.931056625505175,34.65528312752587,1.2319441764743713,100.0,54.1258987510361,85.31474687759024,67.85404878848053
3426,台興,電機機械,38.0,2022-06-28,2022Q1,0.0,0.0,36.11,72.22,17.37,86.85000000000001,8.079933163785585,15.399665818927923,1.5262342090986591,100.0,66.0,100.0,67.7349498728392
6278,台表科,光電業,99.5,2022-06-28,2022Q1,6.42,100.0,205.11,100.0,7.386666666666667,36.93333333333334,8.399800888280952,16.999004441404757,2.711352008170548,100.0,31.0128671899634,27.532167974908507,67.68973413036824
6174,安,電子零組件業,27.75,2022-06-28,2022Q1,0.0,0.0,525.0,100.0,45.419999999999995,100.0,21.896616642461407,84.48308321230704,0.28688655618905523,0.0,80.0,100.0,67.67246248184605
4972,湯石照明,光電業,29.85,2022-06-28,2022Q1,0.0,0.0,2400.0,100.0,9.27,46.349999999999994,8.998112035083691,19.990560175418455,5.105186721991701,100.0,78.0,100.0,67.26858402631277
6263,普萊德,通信網路業,75.4,2022-06-28,2022Q1,0.0,0.0,22.55,45.1,11.203333333333333,56.01666666666667,24.707626192932146,98.53813096466072,1.379647474760367,100.0,79.0,100.0,67.25905297803244
3541,西柏,其他電子業,61.1,2022-06-28,2022Q1,0.0,0.0,233.96,100.0,41.86,100.0,21.62948103239427,83.14740516197135,0.41873973480751514,0.0,59.0,97.5,67.2221107742957
3653,健策,電子零組件業,369.5,2022-06-28,2022Q1,31.37,0.0,112.29,100.0,29.326666666666668,100.0,19.447181506762092,72.23590753381046,0.6462370006365262,20.89100009093232,48.0990070633496,70.24751765837401,67.03833791409544
3672,康聯訊,通信網路業,36.0,2022-06-28,2022Q1,0.0,0.0,157.69,100.0,14.783333333333331,73.91666666666666,1.4118211345661569,0.0,5.996841440303221,100.0,49.0,72.5,67.03333333333333
6111,大宇資,文化創意業,80.3,2022-06-28,2022Q1,0.0,0.0,582.22,100.0,251.85333333333332,100.0,34.46832926093365,100.0,-0.21503823886784362,0.0,48.0,70.0,67.0
2538,基泰,建材營造業,12.55,2022-06-28,2022Q1,0.0,0.0,1400.0,100.0,60.193333333333335,100.0,-1.74152294875342,0.0,2.1495605308098455,100.0,27.8589722597306,19.6474306493265,66.96474306493265
1457,宜進,紡織纖維,18.55,2022-06-28,2022Q1,3.79,100.0,1290.32,100.0,15.533333333333331,77.66666666666666,174.28090800462002,100.0,-0.13421578374874163,0.0,25.5770735171386,13.942683792846502,66.92760171261799
2640,大車隊,數位雲端,77.9,2022-06-28,2022Q1,0.0,0.0,26.24,52.47999999999999,14.386666666666665,71.93333333333332,20.360950711568986,76.80475355784493,1.251195219123506,100.0,51.0,77.5,66.7773797003434
1514,亞力,電機機械,29.35,2022-06-28,2022Q1,16.87,50.0,26.67,53.339999999999996,41.18666666666667,100.0,8.26108848019326,16.305442400966303,1.316814756142511,100.0,43.8990712984723,59.74767824618075,66.75558418476302
3483,力致,電腦及週邊設備業,65.3,2022-06-28,2022Q1,0.0,0.0,159.7,100.0,16.169999999999998,80.85,6.057529747292929,5.287648736464643,3.4031879045845526,100.0,39.0,47.5,66.71314731046971
8131,福懋科,半導體業,40.45,2022-06-28,2022Q1,10.79,57.46140651801031,26.83,53.66,8.116666666666667,40.583333333333336,17.543863072135935,62.71931536067967,1.5354741195171087,100.0,85.8351033320454,100.0,66.68570462256965
6499,益安,生技醫療業,72.4,2022-06-28,2022Q1,0.0,0.0,192.0,100.0,7.783333333333331,38.91666666666666,21.430858126512124,82.15429063256062,0.9043294425917103,57.76134894167291,93.0,100.0,66.658746716552
8424,惠普,建材營造業,69.5,2022-06-28,2022Q1,0.0,0.0,8.93,17.86,21.996666666666666,100.0,21.222489959839358,81.11244979919678,2.6927080965586216,100.0,88.0,100.0,66.63186746987952
6574,霈方,生技醫療業,49.45,2022-06-28,2022Q1,0.0,0.0,64.58,100.0,5.71,28.549999999999997,12.539513638369105,37.69756819184552,2.414094416704494,100.0,65.0,100.0,66.36463522877682
2329,華泰,半導體業,17.2,2022-06-28,2022Q1,7.54,85.3344768439108,62.5,100.0,3.9866666666666664,19.93333333333333,9.546588866602413,22.732944333012064,1.0660899437341267,80.8699919620181,56.2635464343274,90.6588660858185,66.16994100199503
1475,業旺,紡織纖維,54.9,2022-06-28,2022Q1,25.3,0.0,471.74,100.0,577.6999999999999,100.0,19.38491052426486,71.9245526213243,0.37109163533147027,0.0,78.9214978035862,100.0,65.78868289319864
1773,勝一,化學工業,208.0,2022-06-28,2022Q1,24.19,18.174386920980922,26.98,53.959999999999994,16.633333333333336,83.16666666666667,18.70361975577243,68.51809877886214,0.9748643155659014,67.83775936655734,62.634717665103,100.0,65.78603871557222
4419,元勝,觀光餐旅,0.0,2022-06-28,2022Q1,0.0,0.0,125.0,100.0,6101.886666666666,100.0,5.2178682430373575,1.0893412151867876,5.2236987818383165,100.0,22.0,5.0,65.66340118227802
1605,華新,電器電纜,37.0,2022-06-28,2022Q1,7.64,93.69933677229182,103.64,100.0,39.64666666666667,100.0,8.671814300751114,18.35907150375557,-2.26716149226898,0.0,53.8218168445784,84.554542111446,65.57924861393711
8150,南茂,半導體業,44.8,2022-06-28,2022Q1,6.12,97.51286449399656,27.27,54.54,1.8633333333333333,9.316666666666666,18.32320182144173,66.61600910720867,2.6460168248092044,100.0,61.2516042568066,100.0,65.24202114881429
6792,詠業,通信網路業,94.4,2022-06-28,2022Q1,14.43,79.3512851897185,27.34,54.67999999999999,1.7866666666666664,8.933333333333332,20.669763550001477,78.34881775000738,1.2970821602252367,100.0,65.5813696815849,100.0,65.14411784813962
3354,律勝,電子零組件業,19.0,2022-06-28,2022Q1,0.0,0.0,166.67,100.0,10.09,50.449999999999996,-39.21447255446177,0.0,2.4343005425807975,100.0,72.0,100.0,65.09
6210,慶生,電子零組件業,0.0,2022-06-28,2022Q1,0.0,0.0,63.89,100.0,5.336666666666666,26.68333333333333,11.245923026744945,31.229615133724725,3.1080318942045895,100.0,73.0,100.0,65.02110893672537
3374,精材,半導體業,132.5,2022-06-28,2022Q1,0.0,0.0,-39.63,0.0,36.626666666666665,100.0,25.886680775773502,100.0,1.634308697386234,100.0,78.0,100.0,65.0
1236,宏亞,食品工業,27.25,2022-06-28,2022Q1,8.85,100.0,582.46,100.0,37.86,100.0,0.8312848013306432,0.0,0.009030297715405783,0.0,62.2636807959629,100.0,65.0
1432,大魯閣,運動休閒,12.2,2022-06-28,2022Q1,0.0,0.0,112.5,100.0,25.296666666666667,100.0,2.850220783715632,0.0,20.323818019625335,100.0,16.3065563204035,0.0,65.0
8027,鈦昇,電機機械,67.2,2022-06-28,2022Q1,0.0,0.0,18.0,36.0,110.86666666666667,100.0,13.89477188330435,44.47385941652174,1.7211207967977233,100.0,57.0,92.5,64.92107891247827
4162,智擎,生技醫療業,85.2,2022-06-28,2022Q1,0.0,0.0,30.77,61.53999999999999,29.723333333333333,100.0,66.97620729459194,100.0,0.6579961662922275,22.57088089888964,98.0,100.0,64.89917617977792
3455,由田,光電業,79.1,2022-06-28,2022Q1,0.0,0.0,89.71,100.0,10.626666666666667,53.13333333333333,8.585549616845901,17.927748084229506,1.1759698234101097,96.56711763001567,49.0,72.5,64.87925240530423
6728,上洋,居家生活,140.0,2022-06-28,2022Q1,0.0,0.0,144.74,100.0,32.55,100.0,18.107850789539143,65.53925394769571,-1.51176484333014,0.0,61.0,100.0,64.83088809215435
1419,新紡,紡織纖維,41.65,2022-06-28,2022Q1,6.88,97.66070749334348,2068.18,100.0,21.263333333333332,100.0,2.1511144561029862,0.0,-0.08963920179199857,0.0,70.1213337972095,100.0,64.76607074933435
2612,中航,航運業,44.25,2022-06-28,2022Q1,8.69,76.9133725820017,-16.07,0.0,47.61333333333334,100.0,16.543472322248988,57.71736161124495,2.4294637678045845,100.0,53.3684600710085,83.42115017752126,64.69105651763904
2537,聯上發,建材營造業,9.14,2022-06-28,2022Q1,5.11,100.0,315.38,100.0,305420.4633333333,100.0,14.454506486453386,47.272532432266935,-12.632578237527825,0.0,30.2789534813967,25.697383703491756,64.66061823518922
3705,永信,生技醫療業,40.65,2022-06-28,2022Q1,13.6,91.40456699698406,35.48,70.96,8.790000000000001,43.95,12.461228946460897,37.30614473230449,1.0040274310330248,72.00391871900355,55.8974656709468,89.743664177367,64.6415285710815
3556,禾瑞亞,半導體業,70.6,2022-06-28,2022Q1,0.0,0.0,96.46,100.0,10.796666666666667,53.98333333333334,32.42520251122276,100.0,0.6690660202901327,24.15228861287611,56.0,90.0,64.62712438924189
4766,南寶,化學工業,132.0,2022-06-28,2022Q1,12.04,84.38692098092643,148.19,100.0,22.87,100.0,6.503812646733542,7.519063233667711,-0.20390242594107472,0.0,60.8058337128777,100.0,64.5665515831428
5450,南良,其他業,17.3,2022-06-28,2022Q1,0.0,0.0,155.0,100.0,12.049999999999999,60.24999999999999,6.639350325407229,8.196751627036143,1.265093962415034,100.0,45.0,62.5,64.52951274405541
4129,聯合,生技醫療業,28.3,2022-06-28,2022Q1,0.0,0.0,757.14,100.0,9.076666666666666,45.38333333333333,8.235473828355758,16.17736914177879,2.3176450883510595,100.0,52.0,80.0,64.50327203793348
6530,創威,通信網路業,19.9,2022-06-28,2022Q1,0.0,0.0,68.42,100.0,4.5600000000000005,22.800000000000004,18.598084766272763,67.99042383136381,1.0110022189349113,73.00031699070162,88.0,100.0,64.35862697284489
3297,杭特,光電業,14.95,2022-06-28,2022Q1,0.0,0.0,223.08,100.0,16.726666666666667,83.63333333333334,-7.30123561994035,0.0,0.9389584037876226,62.70834339823181,66.0,100.0,64.26833534631304
6561,是方,通信網路業,287.5,2022-06-28,2022Q1,0.0,0.0,17.23,34.46,11.123333333333335,55.61666666666667,32.78630800584727,100.0,1.313967219790288,100.0,58.0,95.0,64.23833333333334
6138,茂達,半導體業,152.5,2022-06-28,2022Q1,0.0,0.0,86.46,100.0,33.07666666666667,100.0,23.647326618838566,93.23663309419284,0.31551200913005134,0.0,41.0,52.5,64.23549496412892
1540,喬福,電機機械,15.5,2022-06-28,2022Q1,155.0,0.0,62.5,100.0,26.67,100.0,17.31037468135251,61.551873406762546,-0.47792247122955783,0.0,87.810752117766,100.0,64.23278101101438
8289,泰藝,電子零組件業,33.8,2022-06-28,2022Q1,0.0,0.0,323.33,100.0,20.49,100.0,17.15171631444057,60.75858157220285,0.180554435832172,0.0,68.0,100.0,64.11378723583043
2006,東和鋼鐵,鋼鐵工業,53.0,2022-06-28,2022Q1,6.78,69.18951132300359,27.54,55.08,13.1,65.5,9.643162741623986,23.215813708119928,1.7622249393510385,100.0,47.2280034096414,68.07000852410351,64.0783240409287
2025,千興,鋼鐵工業,5.4,2022-06-28,2022Q1,2.52,100.0,828.57,100.0,48.99,100.0,1.8712522938445302,0.0,0.1171848916571341,0.0,55.3561419823708,88.390354955927,63.8390354955927
3570,大塚,資訊服務業,89.5,2022-06-28,2022Q1,0.0,0.0,50.97,100.0,32.96,100.0,16.737012987012985,58.68506493506492,-0.5308954289292424,0.0,70.0,100.0,63.80275974025974
3289,宜特,其他電子業,51.8,2022-06-28,2022Q1,0.0,0.0,77.59,100.0,9.51,47.55,9.693965620716737,23.469828103583684,2.3389737189839965,100.0,43.0,57.49999999999999,63.78047421553755
2374,佳能,光電業,23.6,2022-06-28,2022Q1,8.68,87.32851985559566,81.4,100.0,82.0,100.0,-3.16746853720788,0.0,0.0,0.0,72.3539591089758,100.0,63.73285198555956
6435,大中,半導體業,132.0,2022-06-28,2022Q1,0.0,0.0,150.48,100.0,37.699999999999996,100.0,20.29465474016528,76.47327370082641,-1.408133454586791,0.0,49.0,72.5,63.72099105512396
4406,新昕纖,紡織纖維,9.96,2022-06-28,2022Q1,0.0,0.0,27.27,54.54,24.083333333333332,100.0,-0.8996066621596706,0.0,1.506523201075992,100.0,73.0,100.0,63.635
2002,中鋼,鋼鐵工業,29.2,2022-06-28,2022Q1,6.99,66.6865315852205,20.69,41.38,15.143333333333333,75.71666666666667,11.695859648916931,33.479298244584655,1.1503138645084616,92.90198064406596,51.4646705750679,78.66167643766974,63.62544500112325
1810,和成,玻璃陶瓷,11.95,2022-06-28,2022Q1,3.3,84.39363817097416,966.67,100.0,-8.299999999999999,0.0,3.706886887634991,0.0,2.008287611594264,100.0,65.3977566476076,100.0,63.439363817097416
9910,豐泰,運動休閒,198.5,2022-06-28,2022Q1,35.2,0.0,26.34,52.68000000000001,25.69333333333334,100.0,11.394381262169572,31.971906310847864,1.4181717843320472,100.0,41.7816935054532,54.454233763633,63.41120932299048
3305,昇貿,其他電子業,58.6,2022-06-28,2022Q1,8.81,80.16250495441935,175.96,100.0,44.413333333333334,100.0,7.525794145452129,12.628970727260644,-0.5939175659862177,0.0,53.6173477015388,84.04336925384699,63.31493302991573
3535,晶彩科,光電業,26.65,2022-06-28,2022Q1,16.55,30.505415162454863,53.52,100.0,77.18666666666667,100.0,15.98146876234775,54.90734381173875,-1.9218982688011914,0.0,47.8263993222254,69.5659983055635,63.24324291856265
3406,玉晶光,光電業,348.5,2022-06-28,2022Q1,16.75,29.061371841155225,16.0,32.0,32.35333333333333,100.0,10.132615277864456,25.66307638932228,8.65095076842928,100.0,53.9046043434495,84.76151085862375,63.23174972837624
6409,旭隼,其他電子業,1490.0,2022-06-28,2022Q1,53.33,0.0,18.07,36.14,42.97,100.0,16.87757790146246,59.387889507312295,1.4364761347080466,100.0,40.5152768970496,51.28819224262401,63.07200265035924
6605,帝寶,汽車工業,76.0,2022-06-28,2022Q1,9.56,93.0952380952381,63.95,100.0,-1.2833333333333334,0.0,8.541623721369836,17.708118606849183,1.7459043190816956,100.0,44.2687743806474,60.67193595161851,63.032935195713044
4133,亞諾法,生技醫療業,40.2,2022-06-28,2022Q1,68.14,0.0,81.25,100.0,-1.556666666666666,0.0,15.660270880361175,53.30135440180588,1.6652978600347021,100.0,92.7075519216758,100.0,62.99520316027088
8342,益張,其他業,50.1,2022-06-28,2022Q1,0.0,0.0,103.3,100.0,44.916666666666664,100.0,7.531665929470425,12.658329647352126,0.7740905572755418,39.15579389650597,53.0,82.5,62.97990822640401
5530,龍巖,其他業,42.9,2022-06-28,2022Q1,0.0,0.0,10.31,20.62,23.843333333333334,100.0,37.47657986220611,100.0,1.8876750101342172,100.0,31.0,27.500000000000004,62.905
3714,富采,光電業,52.4,2022-06-28,2022Q1,11.17,69.35018050541515,392.11,100.0,-0.8500000000000002,0.0,6.202787175780604,6.013935878903021,2.2824755039239846,100.0,67.9337638945546,100.0,62.837108432376965
1235,興泰,食品工業,58.1,2022-06-28,2022Q1,49.24,0.0,284.62,100.0,48.1,100.0,-122.0023282887078,0.0,0.7695917604551684,38.51310863645263,81.6193399063168,100.0,62.70262172729053
4127,天良,生技醫療業,16.55,2022-06-28,2022Q1,0.0,0.0,307.69,100.0,6.723333333333333,33.61666666666666,16.49102133186925,57.45510665934624,0.9296040478676412,61.37200683823446,69.0,100.0,62.616000699882164
2221,大甲,其他業,34.75,2022-06-28,2022Q1,0.0,0.0,235.0,100.0,21.513333333333332,100.0,16.356928828397255,56.78464414198628,-1.3389299542414643,0.0,56.0,90.0,62.517696621297944
1809,中釉,玻璃陶瓷,11.95,2022-06-28,2022Q1,44.26,0.0,25.0,50.0,24.573333333333334,100.0,-1.908122108004993,0.0,4.301673398730525,100.0,66.0583024150462,100.0,62.5
8409,商之器,生技醫療業,25.2,2022-06-28,2022Q1,0.0,0.0,250.88,100.0,815.77,100.0,14.855108344533258,49.2755417226663,-0.23713321968735265,0.0,66.0,100.0,62.391331258399944
2515,中工,建材營造業,8.81,2022-06-28,2022Q1,4.47,100.0,366.67,100.0,-24.893333333333334,0.0,3.109917051677503,0.0,2.6095147789543454,100.0,49.3862403100693,73.46560077517324,62.346560077517324
3703,欣陸,建材營造業,28.35,2022-06-28,2022Q1,9.03,68.20652173913044,158.62,100.0,50.160000000000004,100.0,14.022024841550163,45.110124207750815,0.052452164310668827,0.0,34.946013983086,37.365034957715,62.32367430084717
6128,上福,電腦及週邊設備業,30.8,2022-06-28,2022Q1,9.97,71.310181531176,102.27,100.0,32.00333333333334,100.0,9.227721843117802,21.13860921558901,-0.4457872504513347,0.0,48.0165982098625,70.04149552465626,62.30595908792158
1423,利華,紡織纖維,19.7,2022-06-28,2022Q1,17.13,19.684290604792707,35.71,71.42,5.946666666666666,29.733333333333334,13.662963697679032,43.31481848839516,8.980009370607528,100.0,91.2313018383696,100.0,62.26731850040522
6693,廣閎科,半導體業,101.0,2022-06-28,2022Q1,0.0,0.0,235.14,100.0,35.053333333333335,100.0,14.68684379987121,48.434218999356055,-0.3488020557780969,0.0,68.0,100.0,62.26513284990341
1712,興農,化學工業,31.7,2022-06-28,2022Q1,11.65,86.51226158038148,88.33,100.0,27.02,100.0,8.6274312215586,18.137156107793,-0.2736988085982644,0.0,43.1444157804306,57.8610394510765,62.15790351931474
1539,巨庭,電機機械,26.7,2022-06-28,2022Q1,9.85,91.61232957913457,971.43,100.0,3.443333333333334,17.21666666666667,6.931471783648585,9.657358918242927,1.1466010879790585,92.37158399700836,38.5129915697409,46.28247892435225,62.15573482082013
3041,揚智,半導體業,24.75,2022-06-28,2022Q1,0.0,0.0,114.63,100.0,7.136666666666666,35.68333333333333,3.520216258828496,0.0,6.878628182260418,100.0,83.6750881964475,100.0,62.13666666666667
6199,天品,其他業,28.6,2022-06-28,2022Q1,0.0,0.0,1450.0,100.0,33.199999999999996,100.0,14.489402697495182,47.44701348747591,0.22524878987402663,0.0,88.0,100.0,62.11705202312139
6482,弘煜科,文化創意業,43.3,2022-06-28,2022Q1,0.0,0.0,102.7,100.0,54.300000000000004,100.0,14.48816439394784,47.440821969739204,0.430011632415665,0.0,70.0,100.0,62.11612329546088
4994,傳奇,資訊服務業,44.8,2022-06-28,2022Q1,25.75,0.0,5000.0,100.0,-30.913333333333338,0.0,14.420887940379162,47.10443970189581,3.9094617688674913,100.0,70.9571373849628,100.0,62.06566595528437
2328,廣宇,電子零組件業,38.2,2022-06-28,2022Q1,19.49,0.0,27.27,54.54,20.36,100.0,5.085249505798751,0.4262475289937529,1.226983449649217,100.0,53.3413521494442,83.35338037361049,62.03427516671011
4164,承業醫,生技醫療業,40.0,2022-06-28,2022Q1,19.14,67.53554502369668,-44.78,0.0,53.86333333333334,100.0,16.37074490460833,56.85372452304165,2.946498571523487,100.0,46.7929214908156,66.98230372703901,61.97984355352982
8040,九暘,半導體業,44.8,2022-06-28,2022Q1,0.0,0.0,140.0,100.0,0.9266666666666667,4.633333333333334,13.006503251625812,40.03251625812906,1.7143034209221617,100.0,80.0,100.0,61.931544105386024
6234,高僑,光電業,18.95,2022-06-28,2022Q1,0.0,0.0,373.91,100.0,222.15333333333334,100.0,14.19178511361013,45.95892556805065,-0.36342463626483024,0.0,60.0,100.0,61.893838835207596
1532,勤美,電機機械,32.3,2022-06-28,2022Q1,8.78,97.95494961470067,100.0,100.0,-6.39,0.0,11.839934962916153,34.19967481458077,2.716019648782347,100.0,27.2073524464142,18.018381116035496,61.72728429526074
6508,惠光,農業科技業,38.8,2022-06-28,2022Q1,0.0,0.0,58.21,100.0,25.51666666666667,100.0,13.823196596433334,44.11598298216667,-0.8386593235058096,0.0,70.0,100.0,61.617397447325004
2453,凌群,資訊服務業,26.4,2022-06-28,2022Q1,10.91,75.65587734241909,60.47,100.0,0.5133333333333333,2.5666666666666664,5.080726078628113,0.4036303931405661,6.440883511945442,100.0,53.7584968854402,84.3962422136005,61.57908984790638
6690,安硌穈T,數位雲端,96.0,2022-06-28,2022Q1,0.0,0.0,29.46,58.92000000000001,105.14333333333333,100.0,9.19268395953113,20.963419797655654,6.192164179104478,100.0,34.0,35.0,61.37451296964835
3178,公準,半導體業,62.9,2022-06-28,2022Q1,0.0,0.0,164.29,100.0,5.9799999999999995,29.9,13.66265228146376,43.313261407318805,1.1489866278722174,92.71237541031677,41.0,52.5,61.26946429316117
4552,力達-KY,電機機械,28.65,2022-06-28,2022Q1,8.73,98.25133372851215,34.09,68.18,0.0,0.0,10.84656554008102,29.2328277004051,2.0118125312987893,100.0,81.7175113505916,100.0,61.25505752791199
3512,皇龍,建材營造業,33.85,2022-06-28,2022Q1,0.0,0.0,89.29,100.0,289.6033333333333,100.0,23.622930550073143,93.1146527503657,-5.095148417182315,0.0,29.0,22.5,61.21719791255485
8103,瀚荃,電子零組件業,37.8,2022-06-28,2022Q1,8.44,84.21667965705379,21.11,42.22,8.703333333333333,43.516666666666666,10.5199049168022,27.599524584011004,2.329014426160682,100.0,57.2901116167481,93.22527904187025,61.142457890827394
6552,易華電,半導體業,42.15,2022-06-28,2022Q1,10.18,62.692967409948544,53.49,100.0,-8.326666666666666,0.0,6.645829723168593,8.229148615842966,4.869872958257713,100.0,54.5069386683179,86.26734667079475,61.13040370045077
4557,永新-KY,汽車工業,77.5,2022-06-28,2022Q1,14.33,64.70238095238095,41.58,83.16,0.0,0.0,10.958894101866882,29.79447050933441,1.7370020876826722,100.0,57.3655298394292,93.413824598573,61.070791131495554
4958,臻鼎-KY,電子零組件業,104.5,2022-06-28,2022Q1,9.34,77.20187061574435,98.0,100.0,0.0,0.0,8.538603884271495,17.693019421357477,7.578756587635511,100.0,42.7038948028704,56.759737007176,61.05011367549566
2035,唐榮,鋼鐵工業,31.9,2022-06-28,2022Q1,0.0,0.0,418.75,100.0,11.796666666666667,58.983333333333334,6.65459222484934,8.2729611242467,2.8978632979861048,100.0,32.0,30.0,61.037610835303674
5272,笙科,半導體業,37.25,2022-06-28,2022Q1,0.0,0.0,2450.0,100.0,19.606666666666666,98.03333333333333,13.527616757228907,42.638083786144534,-0.7250319235382889,0.0,80.0,100.0,61.002379234588346
6516,勤崴國際,資訊服務業,82.9,2022-06-28,2022Q1,0.0,0.0,59.09,100.0,61.50666666666666,100.0,12.97916991229919,39.89584956149595,-0.26471192710830993,0.0,90.0,100.0,60.98437743422439
2028,威致,鋼鐵工業,27.0,2022-06-28,2022Q1,5.32,86.5911799761621,-3.16,0.0,19.333333333333332,96.66666666666666,10.400648939386272,27.00324469693136,3.0560003475169246,100.0,55.7072707625379,89.26817690634475,60.96975572612372
6712,長聖,生技醫療業,177.5,2022-06-28,2022Q1,0.0,0.0,31.82,63.63999999999999,86.14333333333333,100.0,39.954165958101534,100.0,0.0,0.0,93.0,100.0,60.91
4741,泓瀚,化學工業,24.3,2022-06-28,2022Q1,0.0,0.0,188.24,100.0,5.863333333333333,29.31666666666667,4.390861702532437,0.0,2.05230557467309,100.0,74.0,100.0,60.86333333333333
5013,強新,鋼鐵工業,33.35,2022-06-28,2022Q1,0.0,0.0,60.49,100.0,5.953333333333333,29.766666666666662,11.49388688320087,32.46943441600435,1.8052563326705282,100.0,40.0,50.0,60.82374849573399
8109,博大,電子零組件業,72.3,2022-06-28,2022Q1,0.0,0.0,73.95,100.0,12.5,62.5,29.806649555043297,100.0,0.5899998102670807,12.857115752440102,42.0,55.00000000000001,60.57142315048802
4160,創源,生技醫療業,24.55,2022-06-28,2022Q1,0.0,0.0,2300.0,100.0,16.3,81.5,6.81886516902195,9.094325845109749,0.7740312965722802,39.14732808175432,74.0,100.0,60.49361449311733
2427,三商電,資訊服務業,13.6,2022-06-28,2022Q1,13.6,57.32538330494038,138.46,100.0,37.48,100.0,8.884696761385488,19.42348380692744,-5.557168533112125,0.0,47.2897343645908,68.224335911477,60.468494492680854
5283,禾聯碩,電器電纜,103.5,2022-06-28,2022Q1,9.86,77.33971997052322,-8.29,0.0,20.30666666666667,100.0,8.328619577918234,16.643097889591168,1.547217834553067,100.0,61.067644431909,100.0,60.230436680490996
2420,新巨,電子零組件業,41.9,2022-06-28,2022Q1,10.29,69.79734996102884,36.76,73.52,10.963333333333333,54.81666666666667,22.138534938738484,85.69267469369241,0.53626824335276,5.181177621822861,61.2650737714441,100.0,60.21320505785465
1451,年興,紡織纖維,23.9,2022-06-28,2022Q1,13.06,50.646633701027,184.85,100.0,26.463333333333335,100.0,3.7426068724212453,0.0,-1.3837388391655088,0.0,80.8895301055362,100.0,60.0646633701027
6147,頎邦,半導體業,63.3,2022-06-28,2022Q1,0.0,0.0,28.73,57.46,0.66,3.3000000000000003,25.78423244143091,100.0,1.4354005205430027,100.0,77.0,100.0,60.025
5425,台半,半導體業,84.2,2022-06-28,2022Q1,0.0,0.0,109.46,100.0,21.013333333333332,100.0,16.686007833839028,58.43003916919513,0.14389590608129812,0.0,45.0,62.5,60.01450587537927
2483,百容,電子零組件業,25.85,2022-06-28,2022Q1,14.2,39.32190179267343,525.0,100.0,25.75,100.0,7.289948775885318,11.449743879426588,-0.6416366576027045,0.0,57.2085168178304,93.021292044576,59.95178096563893
8467,波力-KY,運動休閒,66.0,2022-06-28,2022Q1,26.83,0.0,158.06,100.0,0.0,0.0,14.454457667309518,47.27228833654758,1.7381517784963623,100.0,51.1372190975513,77.84304774387826,59.875148024869965
8358,金居,電子零組件業,48.5,2022-06-28,2022Q1,0.0,0.0,64.13,100.0,-5.976666666666667,0.0,22.09183986909273,85.45919934546366,0.9178439606325821,59.69199437608316,75.0,100.0,59.757278777036184
3252,海灣,觀光餐旅,24.65,2022-06-28,2022Q1,0.0,0.0,46.67,93.34,45.080000000000005,100.0,10.809067334116037,29.045336670580184,0.6678584197354308,23.97977424791869,49.0,72.5,59.737755350170765
8088,品安,半導體業,20.1,2022-06-28,2022Q1,0.0,0.0,87.88,100.0,2.696666666666666,13.48333333333333,7.6554405385477216,13.277202692738607,1.7482655566229053,100.0,86.0,100.0,59.688247070577454
1319,東陽,汽車工業,48.35,2022-06-28,2022Q1,38.68,0.0,21.43,42.86,18.69,93.45000000000002,5.2981765593110834,1.4908827965554172,2.1674061439110104,100.0,62.2349615304899,100.0,59.62863241948332
6803,崑鼎,綠能環保,252.0,2022-06-28,2022Q1,0.0,0.0,6.86,13.720000000000002,17.2,86.0,21.809497170101352,84.04748585050676,3.101183600869584,100.0,45.0,62.5,59.48712287757601
1727,中華化,化學工業,34.5,2022-06-28,2022Q1,18.35,50.0,5.71,11.42,29.97666666666667,100.0,7.690657959487678,13.453289797438389,1.880948776179662,100.0,58.0611674396486,95.15291859912149,59.38828532952792
6202,盛群,半導體業,90.9,2022-06-28,2022Q1,9.3,70.2401372212693,47.4,94.8,3.5833333333333335,17.916666666666668,26.728664551996644,100.0,0.4808361621181628,0.0,67.7709185631941,100.0,59.30734705546026
8028,昇陽半導體,半導體業,71.4,2022-06-28,2022Q1,35.7,0.0,200.0,100.0,4.96,24.8,10.5328163661646,27.664081830822994,2.3379551966271284,100.0,40.4182709901817,51.045677475454255,59.214180022168875
4105,東洋,生技醫療業,73.1,2022-06-28,2022Q1,0.0,0.0,10.98,21.96,9.87,49.349999999999994,23.773278540256907,93.86639270128454,1.398097640951707,100.0,59.0,97.5,59.18995890519268
5604,中連,其他業,62.7,2022-06-28,2022Q1,0.0,0.0,-96.31,0.0,14.160000000000002,70.80000000000001,69.2817104023017,100.0,1.4088026220576342,100.0,85.0,100.0,59.160000000000004
8906,花王,其他業,19.65,2022-06-28,2022Q1,0.0,0.0,293.33,100.0,16.213333333333335,81.06666666666668,0.32475511708738547,0.0,1.0191311700665893,74.16159572379847,32.0,30.0,59.04565247809303
8279,生展,生技醫療業,124.5,2022-06-28,2022Q1,0.0,0.0,57.52,100.0,13.786666666666667,68.93333333333334,18.603422915736907,68.01711457868453,0.4294177075679647,0.0,70.0,100.0,58.989233853469344
8215,明基材,光電業,32.9,2022-06-28,2022Q1,9.62,80.54151624548737,75.0,100.0,-1.6300000000000001,0.0,4.953194718615967,0.0,1.3337454701946492,100.0,43.3992127535688,58.498031883921996,58.90395481294094
3527,聚積,半導體業,123.5,2022-06-28,2022Q1,0.0,0.0,311.27,100.0,14.093333333333334,70.46666666666667,17.952010272048792,64.76005136024396,-0.15967835019814552,0.0,70.0,100.0,58.80734103736993
6591,動力-KY,電腦及週邊設備業,53.6,2022-06-28,2022Q1,6.45,99.09234411996842,61.0,100.0,0.0,0.0,26.897745330003914,100.0,0.22353933938760748,0.0,55.2457589274691,88.11439731867274,58.720674143864116
8937,合騏,其他業,13.8,2022-06-28,2022Q1,0.0,0.0,628.57,100.0,292.62666666666667,100.0,-16.18982092005428,0.0,0.6639057610896374,23.41510872709106,56.0,90.0,58.68302174541821
8097,常珵,通信網路業,77.0,2022-06-28,2022Q1,0.0,0.0,533.33,100.0,1117.7066666666667,100.0,12.833825586817971,39.16912793408985,-0.8338594940438607,0.0,51.0,77.5,58.625369190113474
8183,精星,其他電子業,61.4,2022-06-28,2022Q1,0.0,0.0,82.5,100.0,47.21666666666667,100.0,13.09473998055742,40.473699902787104,-1.1196026920293365,0.0,50.0,75.0,58.571054985418066
8147,正淩,電子零組件業,55.3,2022-06-28,2022Q1,0.0,0.0,4550.0,100.0,26.76,100.0,11.082790241437477,30.413951207187385,0.1421098215832323,0.0,56.0,90.0,58.562092681078106
4543,萬在,電機機械,20.05,2022-06-28,2022Q1,0.0,0.0,168.18,100.0,1.0466666666666662,5.233333333333331,8.34795869107184,16.7397934553592,1.2268480970832958,100.0,67.0,100.0,58.55763568497055
6456,GIS-KY,光電業,78.4,2022-06-28,2022Q1,5.89,100.0,50.75,100.0,0.0,0.0,0.9837241985255386,0.0,10.26024427409059,100.0,34.1385175719706,35.34629392992651,58.53462939299265
5258,虹堡,電腦及週邊設備業,57.8,2022-06-28,2022Q1,14.45,35.951065509076564,1490.0,100.0,49.839999999999996,100.0,12.565189974094443,37.825949870472215,-0.1352376083668818,0.0,37.0601819834572,42.650454958642996,58.53404452734279
3332,幸康,電子零組件業,40.75,2022-06-28,2022Q1,0.0,0.0,132.43,100.0,52.50666666666666,100.0,9.701367142748033,23.506835713740166,-2.2738152921794748,0.0,75.0,100.0,58.52602535706102
4927,泰鼎-KY,電子零組件業,72.6,2022-06-28,2022Q1,8.42,84.37256430241621,169.14,100.0,0.0,0.0,9.939067375713707,24.695336878568536,1.0823027770060516,83.18611100086451,38.9661461455259,47.41536536381474,58.52031569858127
8403,盛弘,生技醫療業,33.2,2022-06-28,2022Q1,0.0,0.0,121.74,100.0,21.936666666666667,100.0,11.917862858076514,34.589314290382575,-0.4967492923921434,0.0,53.0,82.5,58.43839714355739
6670,復盛應用,運動休閒,202.5,2022-06-28,2022Q1,10.23,89.6103896103896,29.97,59.93999999999999,38.086666666666666,100.0,15.01180964861582,50.0590482430791,0.4540005471934208,0.0,47.8318612897127,69.57965322428174,58.412861519928995
3551,世禾,綠能環保,62.0,2022-06-28,2022Q1,0.0,0.0,12.5,25.0,12.176666666666668,60.88333333333333,18.228022240479966,66.14011120239984,1.8456949756606398,100.0,73.0,100.0,58.347683347026646
1413,宏洲,紡織纖維,10.05,2022-06-28,2022Q1,9.14,80.4678585013313,580.0,100.0,28.286666666666665,100.0,4.4852555428216325,0.0,-1.8402542559275064,0.0,41.0215343073569,52.553835768392254,58.302169426972355
6691,洋基工程,其他電子業,176.0,2022-06-28,2022Q1,10.5,66.76575505350772,107.08,100.0,6.613333333333333,33.06666666666666,14.648639201792154,48.24319600896077,0.689304118840324,27.043445548617722,49.2873298389654,73.2183245974135,58.25690980949311
8499,鼎炫-KY,其他電子業,117.5,2022-06-28,2022Q1,7.93,87.13832738803012,21.66,43.32,0.0,0.0,39.58663508664066,100.0,0.978351807131526,68.33597244736087,68.1507001032652,100.0,58.21102722827519
3587,閎康,其他電子業,113.0,2022-06-28,2022Q1,0.0,0.0,16.57,33.14,12.396666666666667,61.983333333333334,16.696270180909536,58.48135090454768,1.9012457477636386,100.0,55.0,87.5,58.20386930234882
5455,昇益,建材營造業,27.6,2022-06-28,2022Q1,0.0,0.0,800.0,100.0,10635.383333333333,100.0,8.012297388563711,15.061486942818556,0.8217028926295147,45.95755608993068,27.0,17.5,58.20073425940892
5009,榮剛,鋼鐵工業,25.8,2022-06-28,2022Q1,0.0,0.0,126.47,100.0,59.29333333333333,100.0,16.233228744303656,56.16614372151828,-0.30290800706548293,0.0,39.0,47.5,58.174921558227744
3003,健和興,電子零組件業,76.5,2022-06-28,2022Q1,14.25,38.932190179267344,32.5,65.0,5.363333333333333,26.816666666666666,22.015513271118653,85.07756635559328,0.8449279989653514,49.275428423621634,64.6821799086373,100.0,58.12327298932338
2356,英業達,電腦及週邊設備業,25.45,2022-06-28,2022Q1,13.26,45.343330702446714,28.12,56.24,19.356666666666666,96.78333333333333,0.8773118507847932,0.0,4.7529592266392955,100.0,20.5605922701094,1.4014806752734987,58.09114780443869
6525,捷敏-KY,半導體業,80.2,2022-06-28,2022Q1,11.33,52.83018867924528,28.1,56.2,0.0,0.0,19.32485465862448,71.62427329312241,1.6513724434876211,100.0,52.0352976842761,80.08824421069025,58.085484282961914
3094,聯傑,半導體業,26.7,2022-06-28,2022Q1,30.0,0.0,19.05,38.1,3.6266666666666665,18.133333333333333,24.872359793664824,99.36179896832412,1.4069991597054026,100.0,89.3963185647037,100.0,58.05593651191529
2029,盛餘,鋼鐵工業,27.15,2022-06-28,2022Q1,7.03,66.20977353992849,-9.3,0.0,24.459999999999997,100.0,6.892193859804503,9.460969299022516,2.0370643833386923,100.0,78.8082539337405,100.0,58.04012274884623
8924,大田,運動休閒,113.0,2022-06-28,2022Q1,0.0,0.0,-19.59,0.0,20.623333333333335,100.0,19.646312526099173,73.23156263049586,2.4237759296434374,100.0,48.0,70.0,57.984734394574375
1733,五鼎,生技醫療業,26.45,2022-06-28,2022Q1,12.36,96.74709177078846,35.29,70.58,18.680000000000003,93.40000000000002,7.613697758806332,13.068488794031657,-0.7137436392349535,0.0,70.9293591269161,100.0,57.9599824961836
4536,拓凱,運動休閒,134.0,2022-06-28,2022Q1,13.67,69.3034238488784,25.5,51.0,21.84,100.0,14.976325761912918,49.88162880956459,0.6180430251912775,16.863289313039648,49.4270348972171,73.56758724304274,57.89200329323472
2063,世鎧,鋼鐵工業,34.0,2022-06-28,2022Q1,0.0,0.0,12.35,24.7,28.923333333333336,100.0,14.231286207987766,46.15643103993883,1.7301850452251506,100.0,39.0,47.5,57.848464655990824
2613,中櫃,航運業,29.15,2022-06-28,2022Q1,16.1,14.592094196804029,600.0,100.0,6.593333333333334,32.96666666666667,8.699834668766762,18.49917334383381,6.313450983116793,100.0,28.0586675493629,20.146668873407254,57.842085641929536
2480,敦陽科,資訊服務業,85.4,2022-06-28,2022Q1,13.43,58.48381601362863,26.67,53.339999999999996,6.283333333333334,31.41666666666667,13.071298395482781,40.3564919774139,2.0084761095424764,100.0,45.1664394191985,62.91609854799625,57.81179858610791
3021,鴻名,電子零組件業,20.65,2022-06-28,2022Q1,12.83,50.0,55.56,100.0,18.47,92.35,7.960317602210582,14.801588011052907,-0.302652195513433,0.0,47.9284311493141,69.82107787328525,57.67234598898646
6161,捷波,電腦及週邊設備業,26.1,2022-06-28,2022Q1,0.0,0.0,78.0,100.0,16.8,84.00000000000001,12.813542683395188,39.067713416975934,0.07950458852495709,0.0,73.0,100.0,57.66015701254639
2530,華建,建材營造業,14.5,2022-06-28,2022Q1,0.0,0.0,200.0,100.0,19128.0,100.0,12.082278374888915,35.411391874444575,-50.88786411224272,0.0,49.0224877225219,72.55621930630475,57.56733071179716
1517,利奇,電機機械,23.85,2022-06-28,2022Q1,10.65,86.87018375815056,48.94,97.88,8.866666666666667,44.333333333333336,12.32957205194431,36.647860259721554,-0.26606961746751634,0.0,67.6703750489312,100.0,57.52086408143995
8024,佑華,半導體業,22.2,2022-06-28,2022Q1,0.0,0.0,1180.0,100.0,-26.706666666666667,0.0,15.243976155713238,51.219880778566186,1.01524926686217,73.60703812316714,89.0,100.0,57.404389741418356
8021,尖點,其他電子業,31.35,2022-06-28,2022Q1,9.77,72.55251684502578,10.77,21.54,6.176666666666667,30.883333333333336,16.359890573812017,56.79945286906008,1.2038753159224937,100.0,62.7961083613035,100.0,57.336836281528264
3588,通嘉,半導體業,87.9,2022-06-28,2022Q1,11.91,47.85591766723842,182.81,100.0,8.493333333333334,42.46666666666667,17.01652262976989,60.08261314884946,0.1259618761774003,0.0,75.7120749310116,100.0,57.291317072384594
2482,連宇,其他電子業,23.9,2022-06-28,2022Q1,16.15,21.977804201347606,295.35,100.0,83.29333333333334,100.0,-12.818250567179229,0.0,-0.24296200418958736,0.0,72.7229192527803,100.0,57.19778042013476
8213,志超,電子零組件業,39.55,2022-06-28,2022Q1,4.51,100.0,28.37,56.74,6.026666666666666,30.133333333333333,8.147004377086901,15.735021885434506,1.131156128504195,90.16516121488499,46.0856672659303,65.21416816482575,57.12636900894142
6144,得利影,文化創意業,14.35,2022-06-28,2022Q1,0.0,0.0,100.0,100.0,2.016666666666666,10.08333333333333,-0.7872598121051425,0.0,301.803738317757,100.0,86.0,100.0,57.016666666666666
2439,美律,通信網路業,79.7,2022-06-28,2022Q1,14.16,80.67319461444309,420.0,100.0,-11.026666666666666,0.0,-0.44100178404587437,0.0,10.102857039233287,100.0,35.5833411999101,38.95835299977525,56.96315476142183
3163,波若威,通信網路業,47.6,2022-06-28,2022Q1,0.0,0.0,569.23,100.0,57.77333333333333,100.0,7.552463722344103,12.762318611720517,-0.9040771553315812,0.0,61.0,100.0,56.914347791758075
3518,柏騰,其他電子業,18.6,2022-06-28,2022Q1,26.96,0.0,212.5,100.0,-34.28666666666667,0.0,7.420535833813522,12.102679169067612,1.2964398507034165,100.0,76.9714092011515,100.0,56.815401875360145
1336,台翰,電子零組件業,19.3,2022-06-28,2022Q1,0.0,0.0,466.67,100.0,25.623333333333335,100.0,7.352232947612674,11.761164738063371,0.13979753720631563,0.0,70.0,100.0,56.764174710709504
3443,創意,半導體業,522.0,2022-06-28,2022Q1,41.2,0.0,76.96,100.0,49.64000000000001,100.0,14.01818643790332,45.0909321895166,0.033618283769560546,0.0,39.9210812659681,49.802703164920246,56.74391014491951
4576,大銀微系統,電機機械,95.7,2022-06-28,2022Q1,32.01,0.0,106.25,100.0,13.983333333333334,69.91666666666667,15.2905845084648,51.452922542323996,0.2958285140189283,0.0,60.9006029715477,100.0,56.70127171468194
4768,晶呈科技,化學工業,148.0,2022-06-28,2022Q1,0.0,0.0,2.5,5.0,29.80666666666667,100.0,18.21975711281809,66.09878556409046,13.453800988875155,100.0,42.0,55.00000000000001,56.66481783461357
8917,欣泰,油電燃氣業,91.0,2022-06-28,2022Q1,0.0,0.0,16.13,32.26,12.646666666666667,63.23333333333333,18.95173898935072,69.7586949467536,1.1443394201789663,92.0484885969952,48.0,70.0,56.58516862807875
4558,寶緯,電機機械,40.25,2022-06-28,2022Q1,0.0,0.0,73.13,100.0,18.386666666666667,91.93333333333334,13.12316899116108,40.6158449558054,0.5560935623463027,8.013366049471813,42.0,55.00000000000001,56.58171661993184
2851,中再保,金融保險業,26.35,2022-06-28,2022Q1,8.11,87.32612055641422,-18.94,0.0,18.45,92.25,13.350191087502377,41.75095543751189,4.048349213173418,100.0,32.528100473142,31.320251182854992,56.57728048955371
2511,太子,建材營造業,12.1,2022-06-28,2022Q1,17.29,0.0,-47.06,0.0,30.19333333333333,100.0,16.274909074286718,56.37454537143359,5.3976631304124,100.0,52.1385020571706,80.3462551429265,56.49080732000769
5245,智晶,光電業,71.1,2022-06-28,2022Q1,0.0,0.0,29.63,59.260000000000005,5.633333333333333,28.16666666666666,14.47893259630018,47.39466298150089,1.1618859288555115,94.5551326936445,70.0,100.0,56.468559319287365
5225,東科-KY,其他電子業,21.75,2022-06-28,2022Q1,2.58,100.0,100.42,100.0,0.0,0.0,-0.020603428239733886,0.0,184.8263358778626,100.0,25.7592046135204,14.398011533800997,56.4398011533801
1465,偉全,紡織纖維,12.85,2022-06-28,2022Q1,0.0,0.0,266.67,100.0,64.09,100.0,-6.133886074005835,0.0,0.5501500351146013,7.164290730657323,87.3392076151274,100.0,56.432858146131466
9918,欣天然,油電燃氣業,45.95,2022-06-28,2022Q1,26.72,22.091910004786985,-26.32,0.0,9.666666666666666,48.33333333333333,24.602435239940927,98.01217619970464,1.5252303774957563,100.0,59.4058528835632,98.514632208908,56.429147317991855
3526,凡甲,電子零組件業,145.5,2022-06-28,2022Q1,0.0,0.0,22.79,45.58,-24.933333333333334,0.0,26.536278969728038,100.0,1.4009853936725312,100.0,61.0,100.0,56.394999999999996
6129,普誠,半導體業,34.0,2022-06-28,2022Q1,0.0,0.0,175.0,100.0,29.580000000000002,100.0,6.854158166104083,9.270790830520417,-2.6752457551385165,0.0,74.0,100.0,56.39061862457806
4506,崇友,電機機械,72.5,2022-06-28,2022Q1,0.0,0.0,42.06,84.12,13.976666666666667,69.88333333333333,20.745211143770533,78.72605571885266,0.2865250749265553,0.0,58.0,95.0,56.315575024494564
3131,弘塑,其他電子業,235.0,2022-06-28,2022Q1,0.0,0.0,21.65,43.3,9.35,46.75,18.819541349907876,69.09770674953938,2.130312085979598,100.0,43.0,57.49999999999999,56.2896560124309
6613,朋億,其他電子業,160.5,2022-06-28,2022Q1,0.0,0.0,170.68,100.0,47.51666666666667,100.0,15.013161861703331,50.06580930851665,-1.0014703703281547,0.0,35.0,37.5,56.2598713962775
1453,大將,建材營造業,20.55,2022-06-28,2022Q1,15.34,11.050724637681153,414.29,100.0,67316.66333333334,100.0,-6.95095542916974,0.0,-2.2060433422698837,0.0,75.7061403905755,100.0,56.10507246376812
8401,白紗科,其他業,16.65,2022-06-28,2022Q1,0.0,0.0,32.0,64.0,8.553333333333333,42.766666666666666,7.006346028451514,10.031730142257569,2.878592316224665,100.0,64.0,100.0,56.05809285467197
9926,新海,油電燃氣業,53.6,2022-06-28,2022Q1,21.53,46.93633317376735,-1.43,0.0,10.61,53.05,23.006088904508083,90.0304445225404,2.0502100484603165,100.0,48.9647847308493,72.41196182712326,56.049396178470126
4155,訊映,生技醫療業,24.05,2022-06-28,2022Q1,36.44,0.0,62.5,100.0,52.53333333333333,100.0,6.345758746095333,6.7287937304766645,-0.7605116202677178,0.0,62.776614337323,100.0,56.0093190595715
3221,台嘉碩,通信網路業,39.35,2022-06-28,2022Q1,0.0,0.0,0.0,0.0,47.17666666666667,100.0,12.9461293302991,39.73064665149549,2.5252409444305113,100.0,65.0,100.0,55.959596997724326
8923,時報,文化創意業,21.0,2022-06-28,2022Q1,0.0,0.0,106.25,100.0,-10.173333333333334,0.0,6.857855361596011,9.289276807980054,2.6902086677367576,100.0,58.0,95.0,55.89339152119701
4721,美琪瑪,化學工業,129.5,2022-06-28,2022Q1,0.0,0.0,220.0,100.0,84.83999999999999,100.0,11.831962509936941,34.15981254968471,-2.1110919646093422,0.0,43.0,57.49999999999999,55.87397188245271
6556,勝品,光電業,59.8,2022-06-28,2022Q1,0.0,0.0,189.06,100.0,22.166666666666668,100.0,10.496783346917322,27.48391673458661,-2.936673926103935,0.0,47.0,67.5,55.87258751018799
6651,全宇昕,半導體業,80.5,2022-06-28,2022Q1,0.0,0.0,38.67,77.34,16.136666666666667,80.68333333333332,20.46191460811514,77.30957304057571,-0.26448624063506615,0.0,55.0,87.5,55.81810262275302
3130,一零四,數位雲端,195.5,2022-06-28,2022Q1,16.67,50.0,18.21,36.42,15.08,75.4,27.739688507291422,100.0,0.5901201384646712,12.874305494953022,55.9232788831771,89.80819720794274,55.74068081978488
2014,中鴻,鋼鐵工業,27.95,2022-06-28,2022Q1,7.79,57.15137067938022,-70.34,0.0,30.27,100.0,3.640345544153397,0.0,1.391846038283213,100.0,62.1384238911652,100.0,55.715137067938024
5522,遠雄,建材營造業,62.9,2022-06-28,2022Q1,7.25,84.32971014492753,93.81,100.0,1.25,6.25,26.80058316038028,100.0,-1.418938438016957,0.0,43.9518102123382,59.8795255308455,55.670923567577304
1414,東和,紡織纖維,17.5,2022-06-28,2022Q1,26.12,0.0,37.5,75.0,-4.073333333333333,0.0,14.200749507966892,46.003747539834464,1.3943529813187752,100.0,71.0028874932427,100.0,55.65056213097517
1104,環泥,水泥工業,22.05,2022-06-28,2022Q1,10.35,75.00000000000001,134.29,100.0,8.479999999999999,42.39999999999999,11.205460194889486,31.02730097444743,-0.059252375592261985,0.0,76.1033721005441,100.0,55.63409514616711
2368,金像電,電子零組件業,84.5,2022-06-28,2022Q1,14.54,36.67186282151209,36.36,72.72,26.163333333333338,100.0,14.735131396384041,48.675656981920206,0.32627154701958333,0.0,45.9063618759204,64.76590468980102,55.625125298419334
6167,久正,光電業,12.7,2022-06-28,2022Q1,0.0,0.0,285.71,100.0,34.276666666666664,100.0,5.820517885192396,4.102589425961982,0.29351774553823246,0.0,74.0,100.0,55.615388413894294
8069,元太,光電業,205.0,2022-06-28,2022Q1,0.0,0.0,24.27,48.54,75.64,100.0,23.916377181081728,94.58188590540864,0.4295291082414612,0.0,57.0,92.5,55.57228288581129
3046,建,電腦及週邊設備業,27.15,2022-06-28,2022Q1,12.81,48.89502762430939,230.77,100.0,27.45,100.0,2.241477628339754,0.0,-3.92925442775934,0.0,42.6086545043866,56.5216362609665,55.54166638852759
4413,飛寶企業,紡織纖維,15.25,2022-06-28,2022Q1,0.0,0.0,54.55,100.0,58.07333333333333,100.0,5.721920206394545,3.609601031972724,-1.6703563211243082,0.0,69.0,100.0,55.54144015479591
1722,台肥,化學工業,65.7,2022-06-28,2022Q1,20.99,35.61307901907358,3.95,7.9,58.15,100.0,-3.5409539495029554,0.0,3.414004275232538,100.0,64.3546520739778,100.0,55.53630790190736
9933,中鼎,其他業,46.25,2022-06-28,2022Q1,14.14,50.597539543058,383.87,100.0,51.29,100.0,3.9236393140065178,0.0,0.6897396932503577,27.10567046433681,19.1647872160638,0.0,55.48088804717316
3338,泰碩,電子零組件業,38.55,2022-06-28,2022Q1,14.23,39.08807482462977,446.15,100.0,-2.8933333333333344,0.0,5.75601529304854,3.780076465242699,1.6676897859484476,100.0,44.004570872067,60.0114271801675,55.476961670266135
3580,友威科,其他電子業,55.0,2022-06-28,2022Q1,0.0,0.0,15.69,31.379999999999995,21.69333333333333,100.0,2.2735692430125822,0.0,5.557988787666433,100.0,50.0,75.0,55.345
3594,磐儀,電腦及週邊設備業,24.1,2022-06-28,2022Q1,0.0,0.0,250.0,100.0,1.0433333333333332,5.216666666666666,-0.7736312794647703,0.0,5.875963408485198,100.0,57.0,92.5,55.29333333333334
2753,八方雲集,觀光餐旅,167.0,2022-06-28,2022Q1,19.81,100.0,0.87,1.7399999999999998,11.743333333333334,58.716666666666676,11.353178105492884,31.765890527464418,1.4500512512486372,100.0,53.372160637632,83.43040159408,55.286257071860994
8938,明安,運動休閒,78.2,2022-06-28,2022Q1,0.0,0.0,63.23,100.0,24.956666666666667,100.0,11.324894423284935,31.624472116424673,0.2673725830600832,0.0,42.0,55.00000000000001,55.2436708174637
2546,根基,建材營造業,51.0,2022-06-28,2022Q1,7.03,86.32246376811594,24.55,49.1,8.209999999999999,41.05,7.7346736636845925,13.673368318422963,10.405059706749729,100.0,36.2213985578814,40.5534963947035,55.223601264045385
2359,所羅門,其他電子業,25.2,2022-06-28,2022Q1,17.38,12.227506936187083,90.62,100.0,40.029999999999994,100.0,3.1018645947786574,0.0,-0.34606529029052935,0.0,55.9573035762476,89.89325894061899,55.212076587680606
4540,全球傳動,電機機械,45.8,2022-06-28,2022Q1,13.24,71.51748666271487,940.0,100.0,13.329999999999998,66.64999999999999,10.288175027552144,26.44087513776072,-1.5210588175175022,0.0,42.9967548793534,57.491887198383495,55.19706865677394
1806,冠軍,玻璃陶瓷,11.1,2022-06-28,2022Q1,4.19,66.69980119284293,92.31,100.0,12.936666666666666,64.68333333333332,5.760462710555651,3.802313552778256,0.0,0.0,69.3798705196292,100.0,55.1769938188677
6642,富致,電子零組件業,57.8,2022-06-28,2022Q1,0.0,0.0,20.35,40.7,-4.6499999999999995,0.0,32.0147575401382,100.0,1.77210556353689,100.0,72.0,100.0,55.175
8171,天宇,綠能環保,46.3,2022-06-28,2022Q1,0.0,0.0,463.64,100.0,600.5,100.0,7.838432119274998,14.19216059637499,-2.659068783068783,0.0,52.0,80.0,55.128824089456245
4743,合一,生技醫療業,188.5,2022-06-28,2022Q1,0.0,0.0,225.81,100.0,181.41,100.0,-1115.5703829109195,0.0,-0.33597487999794096,0.0,89.0,100.0,55.0
1445,大宇,紡織纖維,15.3,2022-06-28,2022Q1,0.0,0.0,90.91,100.0,30.72,100.0,-2.389649140858113,0.0,0.0,0.0,79.8432606475759,100.0,55.0
5348,系通,運動休閒,10.0,2022-06-28,2022Q1,0.0,0.0,95.83,100.0,49.720000000000006,100.0,-4.331314790105717,0.0,0.0,0.0,80.0,100.0,55.0
5211,蒙恬,資訊服務業,16.95,2022-06-28,2022Q1,0.0,0.0,175.0,100.0,22.39,100.0,-27.60595987177965,0.0,0.20443173695496783,0.0,81.0,100.0,55.0
5210,寶碩,資訊服務業,21.0,2022-06-28,2022Q1,0.0,0.0,97.3,100.0,58.98666666666667,100.0,0.9073511502482503,0.0,0.0,0.0,60.0,100.0,55.0
3313,斐成,其他業,11.05,2022-06-28,2022Q1,0.0,0.0,50.0,100.0,22039.62,100.0,-513.2245357343838,0.0,0.0,0.0,99.0,100.0,55.0
6767,台微醫,生技醫療業,29.15,2022-06-28,2022Q1,0.0,0.0,57.14,100.0,49.416666666666664,100.0,-17.112125918542386,0.0,0.0,0.0,76.0,100.0,55.0
2939,永邑-KY,貿易百貨業,29.05,2022-06-28,2022Q1,0.0,0.0,221.43,100.0,0.0,0.0,-6.300137436277328,0.0,1.8916447816360276,100.0,78.042511669081,100.0,55.0
3623,富晶通,光電業,15.6,2022-06-28,2022Q1,0.0,0.0,50.91,100.0,23.76,100.0,-9.332231372433267,0.0,0.0,0.0,67.0,100.0,55.0
6649,台生材,生技醫療業,28.1,2022-06-28,2022Q1,0.0,0.0,70.0,100.0,195.48666666666668,100.0,-34.80386166442625,0.0,0.0,0.0,86.0,100.0,55.0
3437,榮創,光電業,20.05,2022-06-28,2022Q1,27.85,0.0,50.0,100.0,-32.75333333333333,0.0,4.068567244689157,0.0,4.893320438155709,100.0,65.9531647853065,100.0,55.0
1471,首利,電子零組件業,8.05,2022-06-28,2022Q1,0.0,0.0,400.0,100.0,-40.42666666666667,0.0,-65.06206590808334,0.0,5.171194858311423,100.0,83.7751534826289,100.0,55.0
4529,淳紳,其他業,12.2,2022-06-28,2022Q1,0.0,0.0,230.3,100.0,72.27666666666666,100.0,-3719.2125984251966,0.0,-0.7143379766427466,0.0,86.0,100.0,55.0
1454,台富,紡織纖維,13.5,2022-06-28,2022Q1,90.0,0.0,220.0,100.0,38.01333333333333,100.0,1.5850729888900488,0.0,-5.800467225505016,0.0,81.5857690256443,100.0,55.0
6512,啟發電,其他電子業,18.95,2022-06-28,2022Q1,0.0,0.0,189.29,100.0,85.63333333333333,100.0,-1.378216133653812,0.0,-1.9879923150816523,0.0,84.0,100.0,55.0
2070,精湛,電機機械,32.35,2022-06-28,2022Q1,0.0,0.0,170.97,100.0,-15.703333333333333,0.0,-0.16945070446764954,0.0,2.6340269277845776,100.0,62.0,100.0,55.0
8476,台境,綠能環保,57.6,2022-06-28,2022Q1,0.0,0.0,920.0,100.0,293.67333333333335,100.0,7.554419347183569,12.772096735917845,-10.788963538386172,0.0,52.0,80.0,54.915814510387676
5512,力麒,建材營造業,8.68,2022-06-28,2022Q1,0.0,0.0,100.0,100.0,21.023333333333333,100.0,13.544966812986406,42.724834064932026,-1.0501911369106611,0.0,34.0,35.0,54.908725109739805
5520,力泰,建材營造業,56.5,2022-06-28,2022Q1,0.0,0.0,25.19,50.38,24.209999999999997,100.0,16.127787421876715,55.63893710938357,0.6367612899333314,19.537327133333054,61.0,100.0,54.84830599307415
6133,金橋,電子零組件業,12.35,2022-06-28,2022Q1,0.0,0.0,128.57,100.0,41.123333333333335,100.0,-0.9998365794595238,0.0,-15.126991565135896,0.0,59.136937011143,97.8423425278575,54.78423425278575
3479,安勤,電腦及週邊設備業,56.7,2022-06-28,2022Q1,0.0,0.0,451.85,100.0,57.78,100.0,9.211424150758658,21.057120753793292,-0.5725055137272796,0.0,46.0,65.0,54.658568113068995
3454,晶睿,光電業,77.7,2022-06-28,2022Q1,28.36,0.0,95.0,100.0,40.91,100.0,6.025210493016012,5.126052465080062,-4.244519292684135,0.0,55.2828707644657,88.20717691116424,54.58962556087843
5309,系統電,電子零組件業,44.25,2022-06-28,2022Q1,0.0,0.0,700.0,100.0,47.50333333333333,100.0,8.776635669081687,18.88317834540843,-2.557102798649679,0.0,47.0,67.5,54.582476751811264
8942,森鉅,其他業,63.9,2022-06-28,2022Q1,0.0,0.0,15.67,31.34,22.103333333333335,100.0,19.809891617866782,74.04945808933391,0.8284235735862227,46.91765336946038,45.0,62.5,54.57594938729216
6829,千附精密,半導體業,75.5,2022-06-28,2022Q1,0.0,0.0,72.28,100.0,8.190000000000001,40.95000000000001,20.148473840562122,75.74236920281061,-0.25792264504054896,0.0,77.0,100.0,54.5513553804216
2462,良得電,電子零組件業,26.15,2022-06-28,2022Q1,18.29,7.443491816056125,200.0,100.0,2.2599999999999993,11.299999999999995,-3.5967366430170253,0.0,1.294367149082943,100.0,46.1752026840448,65.43800671011199,54.54814985261681
8114,振樺電,電腦及週邊設備業,121.5,2022-06-28,2022Q1,13.98,39.660615627466456,480.77,100.0,43.443333333333335,100.0,12.138013472063511,35.690067360317556,-0.5351682226916513,0.0,20.835698333904,2.0892458347599963,54.52849625027028
3219,倚強科,其他電子業,80.0,2022-06-28,2022Q1,0.0,0.0,4000.0,100.0,558.1466666666666,100.0,-12.501418870645736,0.0,-2.7713399763082713,0.0,58.0,95.0,54.5
8222,寶一,電機機械,20.0,2022-06-28,2022Q1,0.0,0.0,74.42,100.0,27.23,100.0,-17.117052393903627,0.0,0.0,0.0,57.9499548676364,94.87488716909101,54.4874887169091
6212,理銘,建材營造業,52.0,2022-06-28,2022Q1,0.0,0.0,134.0,100.0,1815.47,100.0,17.188260449367192,60.94130224683596,-2.2090530627318663,0.0,21.0,2.5,54.391195337025394
1721,三晃,化學工業,17.9,2022-06-28,2022Q1,0.0,0.0,163.64,100.0,38.873333333333335,100.0,2.28688245828256,0.0,-0.4441845050103326,0.0,57.5645092585021,93.91127314625524,54.39112731462552
4526,東台,電機機械,14.4,2022-06-28,2022Q1,14.55,63.75222288085358,103.33,100.0,-19.816666666666666,0.0,-4.556760993813313,0.0,46.75825212197422,100.0,31.8487227020616,29.621806755154,54.33740296360076
3548,兆利,電子零組件業,63.5,2022-06-28,2022Q1,0.0,0.0,160.58,100.0,-8.033333333333333,0.0,9.080345411940517,20.401727059702583,2.9397917637536484,100.0,45.0,62.5,54.31025905895539
8464,億豐,居家生活,316.5,2022-06-28,2022Q1,16.74,9.327731092436986,17.35,34.7,3.316666666666666,16.583333333333332,22.771469698008246,88.85734849004123,1.1314849754510818,90.21213935015456,62.9399145262597,100.0,54.29546991944746
3293,鈊象,文化創意業,744.0,2022-06-28,2022Q1,0.0,0.0,12.01,24.02,3.893333333333333,19.466666666666665,49.26551806363729,100.0,1.1778410528404848,96.83443612006927,74.0,100.0,54.26522055734719
6680,鑫創電子,電腦及週邊設備業,51.0,2022-06-28,2022Q1,0.0,0.0,54.84,100.0,31.040000000000003,100.0,3.321750262905217,0.0,-4.30512907994996,0.0,57.0,92.5,54.25
8354,冠好,其他業,14.9,2022-06-28,2022Q1,0.0,0.0,59.26,100.0,-8.626666666666667,0.0,2.4872875199767543,0.0,1.5453531380261845,100.0,57.0,92.5,54.25
5291,邑昇,電子零組件業,37.7,2022-06-28,2022Q1,0.0,0.0,43.75,87.5,2.9866666666666664,14.933333333333332,12.429342421135788,37.14671210567894,1.0178662132020053,73.98088760028648,56.0,90.0,54.229851002575806
1595,川寶,電子零組件業,39.4,2022-06-28,2022Q1,0.0,0.0,254.76,100.0,-3.2600000000000002,0.0,6.626049352836579,8.130246764182894,2.2503358006344487,100.0,52.0,80.0,54.219537014627434
2302,麗正,半導體業,19.65,2022-06-28,2022Q1,28.48,0.0,600.0,100.0,9.02,45.099999999999994,14.904076128441302,49.520380642206504,0.5964391691394659,13.77702416278085,80.3577293294107,100.0,54.20346192888714
6292,迅德,電子零組件業,48.25,2022-06-28,2022Q1,0.0,0.0,36.51,73.02,37.28,100.0,13.913913351354692,44.56956675677346,-0.05656641135811694,0.0,57.0,92.5,54.190435013516016
2069,運錩,鋼鐵工業,22.55,2022-06-28,2022Q1,5.24,87.54469606674613,-33.85,0.0,20.953333333333333,100.0,3.133066408443325,0.0,7.730784582050405,100.0,41.7335394705808,54.333848676452,54.18785447431981
1473,台南,紡織纖維,19.25,2022-06-28,2022Q1,0.0,0.0,148.39,100.0,69.25333333333333,100.0,4.347745630112834,0.0,-1.9633396341950426,0.0,56.4012761328089,91.00319033202226,54.100319033202226
3114,好德,電子零組件業,26.5,2022-06-28,2022Q1,0.0,0.0,39.06,78.12,8.3,41.5,3.7391413823492385,0.0,2.9855124611771835,100.0,45.0,62.5,54.08
6727,亞泰金屬,電子零組件業,67.3,2022-06-28,2022Q1,0.0,0.0,207.09,100.0,34.403333333333336,100.0,16.096452758566148,55.48226379283074,-2.8141523837950153,0.0,23.0,7.5,54.07233956892461
4438,廣越,紡織纖維,109.5,2022-06-28,2022Q1,15.1,35.12742487637885,109.52,100.0,63.66333333333333,100.0,2.4762609889278373,0.0,-52.9142401276426,0.0,42.1976573046106,55.49414326152651,54.06215681379054
4102,永日,生技醫療業,17.9,2022-06-28,2022Q1,0.0,0.0,271.43,100.0,-11.503333333333332,0.0,0.7647069702069424,0.0,6.401397808840197,100.0,56.0,90.0,54.0
3033,威健,電子通路業,29.1,2022-06-28,2022Q1,6.27,75.53444180522565,61.33,100.0,-6.873333333333332,0.0,3.9669840459521954,0.0,1.8380072465916706,100.0,25.4615972936607,13.653993234151745,53.918843503937744
1565,精華,生技醫療業,268.0,2022-06-28,2022Q1,0.0,0.0,30.67,61.34,-5.076666666666667,0.0,22.23193997155515,86.15969985777575,1.047848777231628,78.26411103308972,65.0,100.0,53.91177718528431
1734,杏輝,生技醫療業,30.0,2022-06-28,2022Q1,333.33,0.0,1066.67,100.0,19.713333333333335,98.56666666666666,9.182686341324107,20.913431706620536,0.08405198381960582,0.0,44.191117318137,60.47779329534251,53.89812741886067
2369,菱生,半導體業,17.35,2022-06-28,2022Q1,7.17,88.50771869639794,24.14,48.28,-7.636666666666667,0.0,8.885718808995687,19.428594044978436,2.293307027992853,100.0,64.4198549087994,100.0,53.83506097638656
8940,新天地,觀光餐旅,16.55,2022-06-28,2022Q1,0.0,0.0,170.37,100.0,5.123333333333332,25.61666666666666,21.041634221045527,80.20817110522763,0.7666128381106176,38.08754830151681,36.1053813277592,40.26345331939799,53.79841399136064
6763,綠界科技,數位雲端,452.0,2022-06-28,2022Q1,0.0,0.0,6.1,12.2,10.853333333333333,54.266666666666666,25.806723113437812,100.0,1.1954935536127884,99.35622194468407,40.0,50.0,53.77457772227015
4931,新盛力,電腦及週邊設備業,38.3,2022-06-28,2022Q1,0.0,0.0,328.57,100.0,131.17666666666665,100.0,4.223846842578075,0.0,-1.8982895220105986,0.0,55.0,87.5,53.75
3558,神準,通信網路業,181.0,2022-06-28,2022Q1,0.0,0.0,161.2,100.0,53.089999999999996,100.0,9.263420854951697,21.317104274758485,0.2070507514145026,0.0,42.0,55.00000000000001,53.69756564121377
1504,東元,電機機械,28.8,2022-06-28,2022Q1,14.26,65.4712507409603,-67.92,0.0,14.653333333333334,73.26666666666667,8.279644201084412,16.398221005422062,2.9778526513966574,100.0,60.5220022276608,100.0,53.66019155824267
2497,怡利電,汽車工業,81.0,2022-06-28,2022Q1,62.79,0.0,522.22,100.0,28.223333333333333,100.0,9.755225002439198,23.77612501219599,-3.260040295500336,0.0,40.3584466588193,50.89611664704824,53.65603041653422
6412,群電,電子零組件業,72.7,2022-06-28,2022Q1,9.49,76.0327357755261,29.53,59.06,5.366666666666667,26.833333333333336,8.654590026174484,18.272950130872417,1.9622014461090578,100.0,32.6631128336579,31.65778208414475,53.64166097226462
4904,遠傳,通信網路業,85.0,2022-06-28,2022Q1,28.72,9.388004895960833,26.79,53.57999999999999,8.113333333333333,40.56666666666667,13.783818270842914,43.91909135421457,3.2177105315103276,100.0,38.414501383195,46.036253457987506,53.638622871860356
5465,富驊,電腦及週邊設備業,15.8,2022-06-28,2022Q1,0.0,0.0,82.61,100.0,-21.143333333333334,0.0,5.814477715079691,4.0723885753984534,3.002508050031553,100.0,52.0,80.0,53.61085828630977
4148,全宇生技-KY,生技醫療業,49.05,2022-06-28,2022Q1,13.12,93.47264110297286,154.76,100.0,0.0,0.0,17.32181970596984,61.609098529849206,-2.824643096955011,0.0,65.1163864277978,100.0,53.58862888977467
3402,漢科,其他電子業,41.7,2022-06-28,2022Q1,0.0,0.0,58.67,100.0,34.49666666666667,100.0,10.708924869062141,28.544624345310705,-1.9301774875850652,0.0,37.0,42.5,53.53169365179661
6609,瀧澤科,電機機械,34.0,2022-06-28,2022Q1,0.0,0.0,342.86,100.0,29.819999999999997,100.0,8.032890411208104,15.16445205604052,-2.60370925648287,0.0,45.0,62.5,53.52466780840608
3520,華盈,電子零組件業,16.1,2022-06-28,2022Q1,0.0,0.0,491.3,100.0,104.59666666666665,100.0,-0.5755770231966217,0.0,-0.9023136663586102,0.0,54.0,85.0,53.5
6643,M31,半導體業,254.0,2022-06-28,2022Q1,0.0,0.0,-28.49,0.0,32.10666666666667,100.0,9.631360961077338,23.156804805386688,3.417697335344394,100.0,81.0,100.0,53.473520720808004
1906,寶隆,造紙工業,20.75,2022-06-28,2022Q1,14.02,34.46641944787805,0.0,0.0,2930.7100000000005,100.0,1.0173986768020058,0.0,12.285928763719197,100.0,72.3051236214388,100.0,53.44664194478781
3008,大立光,光電業,1710.0,2022-06-28,2022Q1,12.1,62.63537906137184,4.24,8.48,-6.723333333333334,0.0,39.57018166645054,100.0,2.4082547205749076,100.0,80.2923589445513,100.0,53.38353790613719
3504,揚明光,光電業,74.4,2022-06-28,2022Q1,104.79,0.0,167.86,100.0,-0.5799999999999983,0.0,1.360519881161463,0.0,2.1350356567747872,100.0,53.2111247222748,83.02781180568701,53.3027811805687
3322,建舜電,電子零組件業,17.05,2022-06-28,2022Q1,0.0,0.0,163.64,100.0,-37.223333333333336,0.0,2.3030359859140255,0.0,1.8989979831609949,100.0,53.0,82.5,53.25
5306,桂盟,運動休閒,173.0,2022-06-28,2022Q1,10.89,85.71428571428572,-1.0,0.0,-4.3933333333333335,0.0,33.1761450569415,100.0,1.2694808320164286,100.0,58.6632594256878,96.65814856421949,53.237243427850515
2404,漢唐,其他電子業,156.5,2022-06-28,2022Q1,11.51,58.759413396749906,-28.83,0.0,51.66333333333333,100.0,11.875409468155354,34.37704734077677,3.0128239862729163,100.0,28.7140067757097,21.785016939274247,53.21100013471893
1720,生達,生技醫療業,45.6,2022-06-28,2022Q1,12.13,97.73804394657475,-17.09,0.0,11.393333333333333,56.96666666666667,16.59206091321322,57.9603045660661,1.133615965853377,90.51656655048245,40.7161579762715,51.79039494067874,53.14353621706509
2412,中華電,通信網路業,129.0,2022-06-28,2022Q1,27.8,13.892288861689117,2.63,5.26,7.093333333333334,35.46666666666667,22.731144026290885,88.65572013145442,1.3043295605315037,100.0,74.9367277059216,100.0,53.095920239220405
4580,捷流閥業,電機機械,88.2,2022-06-28,2022Q1,0.0,0.0,29.71,59.42000000000001,20.136666666666667,100.0,16.979093485791807,59.89546742895904,-0.007539071716683708,0.0,57.0,92.5,53.08932011434386
3006,晶豪科,半導體業,98.9,2022-06-28,2022Q1,5.1,100.0,48.26,96.52,-14.173333333333332,0.0,16.93039734065803,59.65198670329015,0.11731046142978656,0.0,63.5989092449754,100.0,53.07779800549352
9939,宏全,其他業,78.0,2022-06-28,2022Q1,11.0,72.67135325131811,15.57,31.14,7.8,39.0,12.776964085897355,38.88482042948677,1.190449524186796,98.63564631239944,38.5737010142578,46.4342525356445,53.05541290559917
9911,櫻花,居家生活,61.5,2022-06-28,2022Q1,13.17,39.32773109243697,3.73,7.46,9.81,49.050000000000004,14.91822791064153,49.591139553207654,1.550537173741102,100.0,66.8694244004723,100.0,53.04644404222485
4183,福永生技,生技醫療業,18.15,2022-06-28,2022Q1,0.0,0.0,150.0,100.0,-20.826666666666664,0.0,-1.6349789636257124,0.0,13.238247011952192,100.0,52.0,80.0,53.0
2316,楠梓電,電子零組件業,29.2,2022-06-28,2022Q1,8.98,80.00779423226811,53.45,100.0,10.9,54.50000000000001,-1.891229714164596,0.0,0.4501384010029418,0.0,56.2512669475334,90.6281673688335,52.963596160110164
3615,安可,光電業,18.6,2022-06-28,2022Q1,0.0,0.0,25.93,51.85999999999999,6.416666666666667,32.083333333333336,9.741913024484475,23.709565122422376,5.6078750267494115,100.0,66.0,100.0,52.93810143503002
1815,富喬,電子零組件業,13.15,2022-06-28,2022Q1,0.0,0.0,1200.0,100.0,-7.626666666666666,0.0,5.124517583740987,0.6225879187049355,8.15201210392682,100.0,51.0,77.5,52.84338818780574
6470,宇智,通信網路業,69.0,2022-06-28,2022Q1,0.0,0.0,53.16,100.0,77.10000000000001,100.0,6.397551958279604,6.987759791398021,-4.889927125917274,0.0,47.0,67.5,52.7981639687097
2395,研華,電腦及週邊設備業,347.5,2022-06-28,2022Q1,30.27,0.0,33.87,67.74,16.189999999999998,80.94999999999999,18.7020181808177,68.5100909040885,-0.4027435498199023,0.0,57.5825955040202,93.95648876005049,52.797162511618325
3631,晟楠,電子零組件業,39.3,2022-06-28,2022Q1,0.0,0.0,140.0,100.0,-10.59,0.0,-30.483113650506304,0.0,28.461035696329812,100.0,51.0,77.5,52.75
8087,華鎂鑫,綠能環保,36.9,2022-06-28,2022Q1,0.0,0.0,15700.0,100.0,83.88,100.0,-10.224198918019143,0.0,-1.4607233005483506,0.0,51.0,77.5,52.75
3689,湧德,電子零組件業,43.75,2022-06-28,2022Q1,0.0,0.0,248.72,100.0,18.57,92.85,5.762864416960083,3.8143220848004145,0.553345614338073,7.6208020482961505,48.0,70.0,52.66630872237929
3059,華晶科,光電業,37.2,2022-06-28,2022Q1,32.07,0.0,283.33,100.0,32.336666666666666,100.0,2.6906861316810575,0.0,-4.119200408881822,0.0,50.4192839204063,76.04820980101576,52.60482098010158
2114,鑫永銓,橡膠工業,122.5,2022-06-28,2022Q1,9.96,50.0,-7.41,0.0,2.5933333333333333,12.966666666666665,28.89690095734197,100.0,1.347918981283651,100.0,87.9057669309057,100.0,52.593333333333334
1308,亞聚,塑膠工業,29.1,2022-06-28,2022Q1,6.22,100.0,-58.06,0.0,-1.5033333333333327,0.0,21.782429716625202,83.91214858312601,3.467355515120007,100.0,84.8949896303637,100.0,52.586822287468905
5519,隆大,建材營造業,21.95,2022-06-28,2022Q1,7.92,78.26086956521738,26.32,52.64,18.663333333333338,93.31666666666669,16.38699004573069,56.934950228653456,-8.938249796171915,0.0,37.541337919096,43.85334479774,52.57499730392709
2755,揚秦,觀光餐旅,72.3,2022-06-28,2022Q1,0.0,0.0,86.84,100.0,17.566666666666666,87.83333333333333,8.00359023955804,15.0179511977902,-1.0889586788524648,0.0,51.0,77.5,52.56935934633519
2012,春雨,鋼鐵工業,25.9,2022-06-28,2022Q1,8.9,43.92133492252681,21.28,42.56,12.686666666666667,63.433333333333344,7.897714052143737,14.488570260718687,1.7809713108550143,100.0,30.5872871092772,26.468217773192997,52.53890747534645
6248,沛波,鋼鐵工業,20.05,2022-06-28,2022Q1,0.0,0.0,17.07,34.14,45.75,100.0,1.8639315211259282,0.0,6.17196261682243,100.0,36.0,40.0,52.535
9941,裕融,其他業,219.0,2022-06-28,2022Q1,18.54,19.666080843585256,52.22,100.0,10.566666666666668,52.83333333333334,25.828078068347203,100.0,-4.101812096221711,0.0,10.090661799206,0.0,52.533274751025196
3066,李洲,光電業,27.65,2022-06-28,2022Q1,0.0,0.0,53.33,100.0,-35.300000000000004,0.0,-15.910470609971759,0.0,1.4803066904736897,100.0,50.0,75.0,52.5
6578,達邦蛋白,農業科技業,18.6,2022-06-28,2022Q1,0.0,0.0,66.67,100.0,18.246666666666666,91.23333333333333,-19.537181487259488,0.0,0.0,0.0,57.0,92.5,52.49666666666667
1524,耿鼎,汽車工業,20.15,2022-06-28,2022Q1,33.58,0.0,169.23,100.0,50.27,100.0,7.720404135615187,13.602020678075935,0.45812060162825996,0.0,41.6596236600772,54.149059150193004,52.45520901673069
8932,宏大,其他業,25.2,2022-06-28,2022Q1,0.0,0.0,250.0,100.0,-18.500000000000004,0.0,6.9213846038175,9.6069230190875,1.6921387543642301,100.0,44.0,60.0,52.441038452863125
6542,隆中,文化創意業,58.0,2022-06-28,2022Q1,0.0,0.0,80.95,100.0,9.826666666666666,49.133333333333326,15.128416323474353,50.64208161737176,0.05531368434240611,0.0,69.0,100.0,52.42297890927243
4979,華星光,通信網路業,18.75,2022-06-28,2022Q1,0.0,0.0,98.39,100.0,17.38,86.9,-2.257359722626369,0.0,0.0,0.0,68.0,100.0,52.38
6506,雙邦,紡織纖維,20.95,2022-06-28,2022Q1,0.0,0.0,429.17,100.0,20.95,100.0,4.3679428792227135,0.0,0.3413333588161937,0.0,49.0,72.5,52.25
4747,強生,生技醫療業,0.0,2022-06-28,2022Q1,0.0,0.0,20.0,40.0,10.006666666666668,50.03333333333334,14.834876179779352,49.17438089889676,1.0144767899291895,73.49668427559851,86.0,100.0,52.082160656620886
5403,中菲,資訊服務業,70.0,2022-06-28,2022Q1,0.0,0.0,48.94,97.88,18.44666666666667,92.23333333333335,11.836249345206914,34.18124672603457,0.27308724901783954,0.0,36.0,40.0,52.04385367557186
2401,凌陽,半導體業,30.05,2022-06-28,2022Q1,13.24,36.449399656946824,70.27,100.0,7.6066666666666665,38.03333333333333,12.70978563784434,38.5489281892217,-1.2224581014628408,0.0,64.6449456608029,100.0,52.03394586074461
6196,帆宣,其他電子業,112.5,2022-06-28,2022Q1,12.84,48.21640903686089,70.27,100.0,35.296666666666674,100.0,5.659032115590889,3.295160577954444,-3.485781945474148,0.0,26.5938189660642,16.484547415160506,51.9643697318953
6667,信紘科,其他電子業,68.3,2022-06-28,2022Q1,0.0,0.0,122.22,100.0,44.446666666666665,100.0,6.279329817172037,6.396649085860187,-2.1311806893937,0.0,44.0,60.0,51.95949736287903
6165,浪凡,數位雲端,25.2,2022-06-28,2022Q1,10.68,85.93281343731255,-80.0,0.0,17.646666666666665,88.23333333333332,-0.764626131715612,0.0,1.7404761904761905,100.0,42.8178444923212,57.044611230803,51.94440913347822
4987,科誠,電腦及週邊設備業,60.9,2022-06-28,2022Q1,0.0,0.0,102.2,100.0,8.383333333333333,41.916666666666664,16.40644841040796,57.032242052039805,0.2701910061663408,0.0,74.0,100.0,51.938169641139304
2455,全新,通信網路業,75.5,2022-06-28,2022Q1,16.48,69.31456548347613,-3.28,0.0,-16.433333333333334,0.0,29.14500409319862,100.0,1.954221288296449,100.0,67.0650912596144,100.0,51.93145654834761
6120,達運,光電業,10.1,2022-06-28,2022Q1,0.0,0.0,103.85,100.0,-18.233333333333334,0.0,-4.099958740244702,0.0,28.321678811659194,100.0,47.535192959546,68.83798239886501,51.8837982398865
5490,同亨,電腦及週邊設備業,25.85,2022-06-28,2022Q1,0.0,0.0,43.75,87.5,41.57,100.0,4.974616962515613,0.0,0.20195181172954801,0.0,71.0,100.0,51.875
2387,精元,電腦及週邊設備業,35.9,2022-06-28,2022Q1,6.34,99.9605367008682,35.0,70.0,-16.496666666666666,0.0,3.4030333793457506,0.0,7.028120245729582,100.0,37.3691177738954,43.42279443473849,51.83833311356067
5289,宜鼎,電腦及週邊設備業,168.0,2022-06-28,2022Q1,0.0,0.0,46.37,92.74,10.163333333333334,50.81666666666666,16.316290032539985,56.58145016269993,-0.007425505289312299,0.0,74.0,100.0,51.83555085773832
5536,聖暉,其他電子業,189.0,2022-06-28,2022Q1,0.0,0.0,96.81,100.0,29.08666666666667,100.0,12.044225450529645,35.22112725264822,-1.4963871132340227,0.0,26.0,15.0,51.783169087897235
4104,佳醫,生技醫療業,68.1,2022-06-28,2022Q1,14.9,85.80353295993106,27.96,55.92,5.363333333333333,26.816666666666666,9.657741570856668,23.28870785428334,0.9577843009997201,65.3977572856743,49.0536413156951,72.63410328923776,51.75995459352758
3288,點晶,電子零組件業,14.85,2022-06-28,2022Q1,0.0,0.0,122.22,100.0,1.9366666666666663,9.683333333333332,3.1601790316017904,0.0,6.75792507204611,100.0,39.0,47.5,51.68666666666667
2064,晉椿,鋼鐵工業,16.75,2022-06-28,2022Q1,0.0,0.0,119.23,100.0,3.1566666666666676,15.783333333333339,3.8307268454744343,0.0,1.454352875118042,100.0,34.0,35.0,51.656666666666666
6464,台數科,其他業,88.9,2022-06-28,2022Q1,10.85,73.72583479789104,-3.35,0.0,3.9933333333333336,19.96666666666667,34.46578567224868,100.0,1.5220486025158142,100.0,41.1076183158331,52.76904578958275,51.64282139208071
6139,亞翔,其他電子業,30.4,2022-06-28,2022Q1,12.88,47.89932619896948,581.25,100.0,54.27333333333333,100.0,4.384736698242742,0.0,-1.4869767234061564,0.0,27.0638991383216,17.659747845804,51.55590740447735
4550,長佳,電機機械,21.55,2022-06-28,2022Q1,0.0,0.0,75.0,100.0,-0.6500000000000009,0.0,1.9417404373693166,0.0,3.2442396313364057,100.0,46.0,65.0,51.5
6122,擎邦,電機機械,17.1,2022-06-28,2022Q1,0.0,0.0,1650.0,100.0,30.433333333333334,100.0,4.085811142617263,0.0,-14.801338283895712,0.0,46.0,65.0,51.5
1464,得力,紡織纖維,14.0,2022-06-28,2022Q1,26.42,0.0,20.0,40.0,21.676666666666666,100.0,-0.12801103680648943,0.0,8.050303289192653,100.0,25.2768177886581,13.19204447164525,51.31920444716452
6261,久元,半導體業,67.2,2022-06-28,2022Q1,0.0,0.0,12.56,25.120000000000005,-4.8066666666666675,0.0,31.13029530362355,100.0,1.9013887873438964,100.0,75.0,100.0,51.28
3036,文曄,電子通路業,68.7,2022-06-28,2022Q1,7.47,61.282660332541575,44.27,88.54,30.546666666666667,100.0,2.35696021618492,0.0,0.31309495849800323,0.0,31.8633078144226,29.6582695360565,51.22909298685981
1264,德麥,食品工業,269.0,2022-06-28,2022Q1,0.0,0.0,8.85,17.7,6.373333333333334,31.86666666666667,19.474484574960353,72.37242287480177,1.4043933794382035,100.0,58.0,95.0,51.1541967645536
3501,維熹,電子零組件業,44.35,2022-06-28,2022Q1,13.77,42.673421667965705,44.78,89.56,13.030000000000001,65.15,6.9423459687895495,9.711729843947747,-1.7519719160633465,0.0,71.4839602384546,100.0,51.14410164338874
2852,第一保,金融保險業,15.85,2022-06-28,2022Q1,7.96,88.48531684698608,65.22,100.0,8.886666666666665,44.43333333333332,8.44519266875922,17.225963343796096,0.27775564639046696,0.0,43.2906168977652,58.226542244413,51.14174707737598
6804,明係,運動休閒,52.6,2022-06-28,2022Q1,0.0,0.0,647.06,100.0,64.36333333333333,100.0,5.187174503316172,0.9358725165808579,-1.4337418230639587,0.0,44.0,60.0,51.14038087748713
3217,優群,電子零組件業,72.1,2022-06-28,2022Q1,0.0,0.0,16.13,32.26,-2.6066666666666674,0.0,22.411737871933703,87.05868935966852,1.5069605855298946,100.0,79.0,100.0,51.123803403950276
3362,先進光,光電業,58.4,2022-06-28,2022Q1,0.0,0.0,189.29,100.0,21.563333333333333,100.0,6.782881844262379,8.914409221311894,0.16561998366611283,0.0,39.0,47.5,51.087161383196786
5287,數字,數位雲端,199.5,2022-06-28,2022Q1,0.0,0.0,3.45,6.9,17.343333333333334,86.71666666666667,40.06469997849308,100.0,0.8675942135814982,52.513459083071176,46.0,65.0,51.07102514994757
6152,百一,通信網路業,9.37,2022-06-28,2022Q1,39.04,0.0,111.76,100.0,0.16666666666666607,0.8333333333333304,-8.2082855705342,0.0,74.17676918483129,100.0,43.4584085579841,58.64602139496024,51.031268806162686
2230,泰茂,電機機械,20.2,2022-06-28,2022Q1,0.0,0.0,166.67,100.0,-25.179999999999996,0.0,-3.039909377562493,0.0,6.9238505747126435,100.0,44.0,60.0,51.0
3164,景岳,生技醫療業,25.45,2022-06-28,2022Q1,20.69,60.85738905644119,-22.86,0.0,-9.403333333333334,0.0,24.787255095982587,98.93627547991294,1.454502532406215,100.0,82.2184801505769,100.0,50.926180227631065
1604,聲寶,電器電纜,30.55,2022-06-28,2022Q1,6.68,100.0,0.0,0.0,8.723333333333333,43.61666666666667,7.872541628862678,14.362708144313391,1.5355271061927882,100.0,66.345030240525,100.0,50.877739554980344
2504,國產,建材營造業,23.4,2022-06-28,2022Q1,6.26,93.29710144927536,293.33,100.0,-6.626666666666666,0.0,13.71890217959033,43.59451089795165,0.21024918211847274,0.0,68.3981643617284,100.0,50.86888677962029
5388,中磊,通信網路業,83.7,2022-06-28,2022Q1,20.17,51.2484700122399,130.36,100.0,45.68333333333334,100.0,2.9624711002531954,0.0,-3.459324323910306,0.0,22.9601238506408,7.400309626602004,50.86487796388419
2701,萬企,觀光餐旅,12.0,2022-06-28,2022Q1,52.17,58.577937439761676,0.0,0.0,-14.496666666666668,0.0,47.25803998445237,100.0,2.184160460944719,100.0,86.0340283181951,100.0,50.85779374397617
8092,建暐,其他電子業,11.1,2022-06-28,2022Q1,0.0,0.0,106.67,100.0,1.3399999999999996,6.6999999999999975,0.4052372084945438,0.0,34.16384778012685,100.0,38.0,45.0,50.84
3276,宇環,電子零組件業,17.0,2022-06-28,2022Q1,0.0,0.0,320.0,100.0,42.64000000000001,100.0,5.427645844536576,2.138229222682879,0.1564872325741891,0.0,42.0,55.00000000000001,50.82073438340243
6154,順發,電子通路業,16.9,2022-06-28,2022Q1,0.0,0.0,81.25,100.0,2.0100000000000002,10.05,2.3892721327174833,0.0,0.9823771208675879,68.91101726679827,61.0,100.0,50.792203453359654
4989,榮科,電子零組件業,28.5,2022-06-28,2022Q1,6.36,100.0,71.88,100.0,0.41999999999999993,2.0999999999999996,12.158285782478597,35.79142891239299,-0.57769381416787,0.0,78.3053365954193,100.0,50.788714336858945
4545,銘鈺,電子零組件業,28.9,2022-06-28,2022Q1,18.53,5.572876071706934,2000.0,100.0,15.11,75.55,5.855638158480137,4.278190792400687,-0.17122653162055335,0.0,57.8308483539675,94.57712088491874,50.766728314522666
5434,崇越,電子通路業,143.0,2022-06-28,2022Q1,10.39,26.60332541567696,45.2,90.4,28.993333333333336,100.0,5.67785120647384,3.389256032369201,0.30292735113969393,0.0,39.7652574226742,49.413143556685505,50.71003530209163
6477,安集,光電業,55.0,2022-06-28,2022Q1,45.08,0.0,111.11,100.0,198.78,100.0,4.858574336909283,0.0,-0.8846082002428318,0.0,42.7394894910597,56.84872372764925,50.68487237276493
4726,永昕,生技醫療業,40.6,2022-06-28,2022Q1,0.0,0.0,-85.88,0.0,65.81333333333333,100.0,7.071634101680788,10.358170508403939,3.2257412766886913,100.0,56.0,90.0,50.55372557626059
6218,豪勉,通信網路業,19.2,2022-06-28,2022Q1,0.0,0.0,2000.0,100.0,13.25,66.25,8.03753253453218,15.187662672660904,-8.446095738566385,0.0,61.0,100.0,50.52814940089914
2466,冠西電,光電業,35.6,2022-06-28,2022Q1,64.73,0.0,157.14,100.0,46.36000000000001,100.0,5.225260710631614,1.1263035531580678,-9.720819281072632,0.0,41.4160171424515,53.54004285612876,50.52294981858658
1783,和康生,生技醫療業,43.95,2022-06-28,2022Q1,39.24,0.0,-12.9,0.0,16.273333333333333,81.36666666666666,10.66111746618963,28.30558733094815,2.8115539981505817,100.0,91.4591959150015,100.0,50.519171432975554
9958,世紀鋼,鋼鐵工業,108.5,2022-06-28,2022Q1,18.58,0.0,37.38,74.76,-13.82,0.0,19.45802694934866,72.2901347467433,3.2649933389137122,100.0,23.7503062174333,9.375765543583254,50.47109676636982
6570,維田,電腦及週邊設備業,39.4,2022-06-28,2022Q1,0.0,0.0,59.62,100.0,13.219999999999999,66.1,11.323988223403788,31.61994111701894,0.3188260730301089,0.0,50.0,75.0,50.46299116755284
2423,固緯,其他電子業,26.3,2022-06-28,2022Q1,12.06,54.399524375743155,39.13,78.26,7.496666666666666,37.48333333333333,15.555905985907922,52.779529929539606,-0.4694024092253612,0.0,63.695760131101,100.0,50.41854859367193
6531,愛普*,半導體業,227.0,2022-06-28,2022Q1,16.41,9.262435677530023,48.95,97.9,-3.09,0.0,34.63129478938067,100.0,0.4352587602917045,0.0,78.6935964744311,100.0,50.401243567753006
3232,昱捷,電子通路業,26.7,2022-06-28,2022Q1,0.0,0.0,400.0,100.0,37.97,100.0,5.1817763740966,0.9088818704830004,-3.33987204249155,0.0,41.0,52.5,50.38633228057245
3434,哲固,光電業,27.0,2022-06-28,2022Q1,0.0,0.0,487.5,100.0,19.11,95.55,3.861104516105005,0.0,-1.6387096774193548,0.0,45.0,62.5,50.36
5483,中美晶,半導體業,146.5,2022-06-28,2022Q1,0.0,0.0,-13.25,0.0,15.336666666666668,76.68333333333334,33.0612684388366,100.0,6.749687764807063,100.0,18.0,0.0,50.336666666666666
5340,建榮,電子零組件業,29.95,2022-06-28,2022Q1,0.0,0.0,50.0,100.0,0.8033333333333333,4.016666666666667,6.095519244649006,5.4775962232450315,0.9794323844919335,68.49034064170479,85.0,100.0,50.32304089516104
3312,弘憶股,電子通路業,22.9,2022-06-28,2022Q1,6.09,77.67220902612827,112.77,100.0,16.206666666666667,81.03333333333333,3.091658934706247,0.0,-1.8979176064843784,0.0,25.381750007676,13.454375019190001,50.31932507119849
3257,虹冠電,半導體業,54.7,2022-06-28,2022Q1,11.33,52.83018867924528,-19.23,0.0,-40.53333333333333,0.0,28.769117981646737,100.0,1.2689148681055156,100.0,69.2656773100889,100.0,50.283018867924525
6208,日揚,半導體業,47.1,2022-06-28,2022Q1,0.0,0.0,35.21,70.42,22.936666666666667,100.0,15.371336058462063,51.85668029231032,0.06517680990170838,0.0,39.0,47.5,50.133502043846555
2543,皇昌,建材營造業,8.78,2022-06-28,2022Q1,5.49,100.0,500.0,100.0,12.92,64.60000000000001,1.4811561275698644,0.0,-1.9695612623329368,0.0,28.7070444194712,21.767611048678,50.0967611048678
3576,聯合再生,光電業,22.75,2022-06-28,2022Q1,0.0,0.0,205.71,100.0,12.99,64.95,10.695190135218514,28.47595067609257,0.24420632527862773,0.0,51.2773601948833,78.19340048720825,50.08073265013471
2424,隴華,通信網路業,20.5,2022-06-28,2022Q1,0.0,0.0,56.25,100.0,681.5766666666667,100.0,-271.4433344815708,0.0,0.0,0.0,40.1148009758783,50.28700243969576,50.028700243969574
2008,高興昌,鋼鐵工業,17.0,2022-06-28,2022Q1,58.62,0.0,116.67,100.0,43.446666666666665,100.0,3.2181634207624183,0.0,-28.903580290677066,0.0,40.0025104504957,50.00627612623924,50.00062761262392
6113,亞矽,電子通路業,19.9,2022-06-28,2022Q1,0.0,0.0,288.89,100.0,30.013333333333332,100.0,3.997416538888512,0.0,-1.7806803339201545,0.0,40.0,50.0,50.0
2596,綠意,建材營造業,19.75,2022-06-28,2022Q1,0.0,0.0,690.91,100.0,-79.69,0.0,25.649823169674164,100.0,-0.4622354630072704,0.0,66.0,100.0,50.0
6494,九齊,半導體業,95.4,2022-06-28,2022Q1,0.0,0.0,173.94,100.0,-1.4166666666666667,0.0,30.433576595310612,100.0,0.0972417735758589,0.0,72.0,100.0,50.0
6747,亨泰光,,227.5,2022-06-28,2022Q1,0.0,0.0,58.18,100.0,0.0,0.0,39.65339498758908,100.0,0.0,0.0,87.0,100.0,50.0
4945,陞達科技,,66.4,2022-06-28,2022Q1,0.0,0.0,68.42,100.0,0.0,0.0,25.43979709837265,100.0,0.0,0.0,72.0,100.0,50.0
4538,大詠城,電機機械,18.7,2022-06-28,2022Q1,0.0,0.0,-43.75,0.0,40.78,100.0,3.8481268791769385,0.0,4.176457883369331,100.0,87.0,100.0,50.0
8038,長園科,電子零組件業,39.95,2022-06-28,2022Q1,0.0,0.0,74.0,100.0,217.98666666666668,100.0,-58.27253471405036,0.0,0.0,0.0,40.0,50.0,50.0
2065,世豐,鋼鐵工業,44.5,2022-06-28,2022Q1,0.0,0.0,38.53,77.06,-17.59,0.0,12.799058861111368,38.99529430555684,1.1083368856951465,86.90526938502094,50.0,75.0,49.99534802283772
3209,全科,電子通路業,38.05,2022-06-28,2022Q1,8.46,49.524940617577194,53.49,100.0,25.116666666666664,100.0,1.7531108177230585,0.0,-1.244772904801268,0.0,18.4006636065069,0.0,49.95249406175772
7402,邑錡,光電業,50.6,2022-06-28,2022Q1,0.0,0.0,5.88,11.76,47.95666666666667,100.0,-0.00400416433090414,0.0,1.4677530410833142,100.0,48.0,70.0,49.94
3617,碩天,其他電子業,69.3,2022-06-28,2022Q1,0.0,0.0,76.67,100.0,32.68,100.0,4.768093026031073,0.0,-4.020229480358632,0.0,39.6085556019479,49.02138900486975,49.902138900486975
6279,胡連,電子零組件業,130.5,2022-06-28,2022Q1,0.0,0.0,-8.0,0.0,11.873333333333333,59.36666666666667,15.697750443012575,53.488752215062874,1.3074468291171115,100.0,60.0,100.0,49.89664616559276
3017,奇鋐,電腦及週邊設備業,98.6,2022-06-28,2022Q1,11.22,61.44435674822415,37.91,75.82,-0.9866666666666667,0.0,10.606574005023965,28.032870025119827,2.3935196045969493,100.0,22.1876086511636,5.469021627909001,49.85126834138129
3663,鑫科,其他電子業,33.1,2022-06-28,2022Q1,0.0,0.0,116.67,100.0,14.753333333333332,73.76666666666665,4.277480196152395,0.0,0.16321855040266592,0.0,69.0,100.0,49.75333333333333
8933,愛地雅,運動休閒,12.2,2022-06-28,2022Q1,0.0,0.0,200.0,100.0,26.80666666666667,100.0,2.5139691966065527,0.0,-8.604071710726224,0.0,39.0,47.5,49.75
8432,東生華,生技醫療業,41.15,2022-06-28,2022Q1,0.0,0.0,104.0,100.0,4.75,23.75,18.286577721691337,66.4328886084567,-0.07640426298718014,0.0,94.0,100.0,49.7149332912685
1786,科妍,生技醫療業,41.2,2022-06-28,2022Q1,26.24,36.94528220594573,10.81,21.62,2.22,11.100000000000001,16.155547584887614,55.77773792443808,2.1519095291064145,100.0,74.7308952448419,100.0,49.68618890926028
8182,加高,電子零組件業,42.1,2022-06-28,2022Q1,0.0,0.0,40.79,81.58,-15.943333333333333,0.0,14.288469847540275,46.44234923770137,0.966228499510558,66.60407135865115,56.0,90.0,49.68216665738544
8390,金益鼎,綠能環保,30.3,2022-06-28,2022Q1,0.0,0.0,-7.96,0.0,9.499999999999998,47.49999999999999,18.563629132368362,67.81814566184181,1.2662114403594902,100.0,80.0,100.0,49.67272184927627
2752,豆府,觀光餐旅,144.0,2022-06-28,2022Q1,0.0,0.0,1.89,3.7800000000000002,26.066666666666663,100.0,13.695596852976314,43.47798426488157,0.9957184172685117,70.81691675264454,52.0,80.0,49.63008099026115
2233,宇隆,汽車工業,124.5,2022-06-28,2022Q1,12.61,74.9404761904762,40.19,80.38,2.1333333333333333,10.666666666666666,18.166136338612144,65.83068169306073,0.4916710435383552,0.0,64.7405042800048,100.0,49.59698320634006
2385,群光,電子零組件業,77.3,2022-06-28,2022Q1,8.7,82.19017926734217,8.07,16.14,11.466666666666669,57.33333333333335,8.536555179962651,17.682775899813254,2.186212550514892,100.0,32.8290799832224,32.072699958056,49.58037097417847
5426,振發,電腦及週邊設備業,10.9,2022-06-28,2022Q1,0.0,0.0,275.0,100.0,14.57,72.85000000000001,-3.5555894304101976,0.0,-9.055005603287261,0.0,65.0,100.0,49.57
5871,中租-KY,其他業,214.5,2022-06-28,2022Q1,14.4,48.76977152899824,44.02,88.04,0.0,0.0,46.945246786304054,100.0,0.7679993126913879,38.2856160987697,15.6177832407763,0.0,49.54410037265377
2524,京城,建材營造業,35.0,2022-06-28,2022Q1,8.39,74.00362318840578,-36.63,0.0,-47.26666666666667,0.0,31.10888948658483,100.0,1.8431422722620265,100.0,48.3904500560268,70.976125140067,49.49797483284728
4163,鐿鈦,生技醫療業,88.2,2022-06-28,2022Q1,0.0,0.0,92.22,100.0,11.016666666666666,55.08333333333333,12.552446597167199,37.762232985836,0.14043936605072552,0.0,51.0,77.5,49.43100161454207
1301,台塑,塑膠工業,109.5,2022-06-28,2022Q1,9.56,76.57450076804915,10.64,21.28,3.6799999999999997,18.4,18.773409234662676,68.86704617331338,0.9320632573109446,61.723322472992095,75.6508011176249,100.0,49.33217149740034
4192,杏國,生技醫療業,30.0,2022-06-28,2022Q1,0.0,0.0,43.08,86.16,203.19333333333336,100.0,-1290.9577632361688,0.0,0.0,0.0,51.0,77.5,49.29
3645,達邁,電子零組件業,51.0,2022-06-28,2022Q1,20.08,0.0,33.33,66.66,11.733333333333334,58.666666666666664,20.966440614771507,79.83220307385753,-0.25117978131689217,0.0,55.6291594526137,89.07289863153424,49.28045365756539
9930,中聯資源,綠能環保,47.95,2022-06-28,2022Q1,17.06,55.79790171176147,-5.06,0.0,14.586666666666666,72.93333333333332,8.624006367086169,18.120031835430844,1.4075215550858169,100.0,45.5590060088986,63.897515022246495,49.27421311538209
4763,材料*-KY,化學工業,112.0,2022-06-28,2022Q1,9.61,97.62942779291554,383.69,100.0,0.0,0.0,14.697651615921679,48.48825807960839,0.06516732637639439,0.0,48.8893388780782,72.2233471951955,49.25851621075237
2413,環科,電子零組件業,19.95,2022-06-28,2022Q1,39.9,0.0,175.0,100.0,21.569999999999997,100.0,-2.2443426829064728,0.0,-3.688500264970853,0.0,37.0056379453356,42.514094863339004,49.2514094863339
6140,訊達,資訊服務業,18.85,2022-06-28,2022Q1,0.0,0.0,100.0,100.0,-5.669999999999999,0.0,-1.6713730026423526,0.0,4.092465753424658,100.0,37.0,42.5,49.25
8068,全達,電子通路業,29.15,2022-06-28,2022Q1,0.0,0.0,100.0,100.0,244.9666666666667,100.0,-0.7699810829983448,0.0,-214.44230769230768,0.0,37.0,42.5,49.25
4510,高鋒,電機機械,11.0,2022-06-28,2022Q1,0.0,0.0,134.29,100.0,61.303333333333335,100.0,0.9730389500761435,0.0,-6.715972554651349,0.0,37.0,42.5,49.25
6101,寬魚國際,文化創意業,19.25,2022-06-28,2022Q1,0.0,0.0,38.46,76.92,496.5733333333333,100.0,-35.45258365149754,0.0,0.0,0.0,96.0,100.0,49.230000000000004
2634,漢翔,航運業,32.15,2022-06-28,2022Q1,29.5,0.0,178.57,100.0,22.183333333333334,100.0,1.745323774930968,0.0,-5.050220837605489,0.0,36.7197622316796,41.799405579199004,49.1799405579199
6683,雍智科技,半導體業,215.0,2022-06-28,2022Q1,0.0,0.0,2.71,5.42,4.083333333333333,20.416666666666668,32.16535218928474,100.0,1.1557617792246855,93.68025417495508,82.0,100.0,49.17438416832435
6615,慧智,生技醫療業,45.1,2022-06-28,2022Q1,0.0,0.0,59.52,100.0,1.1899999999999997,5.949999999999998,6.7978234236527655,8.989117118263827,0.9068743887103535,58.12491267290765,73.0,100.0,49.163350102321104
2206,三陽工業,汽車工業,34.75,2022-06-28,2022Q1,12.37,76.36904761904762,68.92,100.0,11.156666666666666,55.78333333333333,7.431933347278168,12.15966673639084,-0.8274672348457998,0.0,34.0935791794761,35.23394794869025,49.14091623389908
1305,華夏,塑膠工業,31.9,2022-06-28,2022Q1,8.86,81.95084485407065,-45.07,0.0,10.933333333333332,54.666666666666664,4.563589866502659,0.0,1.7238540127851936,100.0,67.5988542348237,100.0,49.1284178187404
1528,恩德,電機機械,9.2,2022-06-28,2022Q1,7.8,100.0,80.0,100.0,8.5,42.5,-3.007688659227639,0.0,-2.915613444450577,0.0,42.2881707506535,55.720426876633745,49.07204268766338
2066,世德,電機機械,62.6,2022-06-28,2022Q1,0.0,0.0,139.39,100.0,16.27,81.35,7.705090882366616,13.525454411833081,-0.8946429517636045,0.0,43.0,57.49999999999999,49.04881816177496
6411,晶焱,半導體業,118.0,2022-06-28,2022Q1,0.0,0.0,-0.89,0.0,6.633333333333333,33.166666666666664,21.37440950469355,81.87204752346776,1.9107220642433083,100.0,61.0,100.0,48.91414046185349
6425,易發,電機機械,22.0,2022-06-28,2022Q1,0.0,0.0,134.43,100.0,56.553333333333335,100.0,3.515066504251104,0.0,-0.8626289225367566,0.0,35.0,37.5,48.75
4806,昇華,文化創意業,9.78,2022-06-28,2022Q1,0.0,0.0,52.75,100.0,31.94,100.0,0.0,0.0,0.0,0.0,35.0,37.5,48.75
4440,宜新實業,紡織纖維,39.35,2022-06-28,2022Q1,8.74,83.51084062381133,-20.54,0.0,-7.846666666666667,0.0,18.848102117515882,69.24051058757941,2.485919832137088,100.0,67.0730755124461,100.0,48.73716065051804
3303,岱稜,其他電子業,28.3,2022-06-28,2022Q1,0.0,0.0,64.15,100.0,11.166666666666666,55.833333333333336,11.739703787150857,33.69851893575429,0.33987039980437705,0.0,50.0,75.0,48.721444507029815
6192,巨路,其他電子業,70.2,2022-06-28,2022Q1,8.45,83.01625049544195,21.6,43.2,9.863333333333332,49.316666666666656,16.12691283476944,55.63456417384719,0.5472898795237983,6.755697074828324,59.716685268815,99.2917131720375,48.59045374112402
6197,佳必琪,電子零組件業,37.65,2022-06-28,2022Q1,12.89,49.532346063912705,-29.17,0.0,11.846666666666666,59.23333333333333,7.311742966396786,11.558714831983933,3.3272177128860285,100.0,60.6594805141303,100.0,48.53370849785552
6488,環球晶,半導體業,493.0,2022-06-28,2022Q1,0.0,0.0,-35.11,0.0,10.51,52.55,36.128525237596605,100.0,4.8806004687725535,100.0,32.0,30.0,48.51
8234,新漢,電腦及週邊設備業,26.25,2022-06-28,2022Q1,0.0,0.0,375.0,100.0,43.75,100.0,4.803618233056777,0.0,-1.5674250802615615,0.0,34.0,35.0,48.5
4116,明基醫,生技醫療業,78.5,2022-06-28,2022Q1,0.0,0.0,1690.91,100.0,121.58999999999999,100.0,3.1803792065636785,0.0,0.44972736191280144,0.0,34.0,35.0,48.5
2722,夏都,觀光餐旅,34.8,2022-06-28,2022Q1,151.3,0.0,57.14,100.0,0.16666666666666666,0.8333333333333334,8.476675225522053,17.383376127610266,0.8753527751646284,53.62182502351834,68.6041108690239,100.0,48.49853809051187
6175,立敦,電子零組件業,34.4,2022-06-28,2022Q1,0.0,0.0,23.17,46.34,5.3133333333333335,26.566666666666666,17.493369178860764,62.46684589430382,0.9973134659059436,71.04478084370623,52.0,80.0,48.47731638622015
1909,榮成,造紙工業,17.45,2022-06-28,2022Q1,12.03,50.86526576019777,-97.5,0.0,21.026666666666667,100.0,0.5528767756664038,0.0,50.74036320027411,100.0,33.3748335841947,33.43708396048674,48.430234972068455
6114,久威,電子零組件業,23.8,2022-06-28,2022Q1,0.0,0.0,84.91,100.0,-1.5433333333333341,0.0,3.3799232558601906,0.0,1.0023939013619672,71.77055733742388,56.0,90.0,48.35411146748478
4933,友輝,光電業,36.7,2022-06-28,2022Q1,0.0,0.0,26.44,52.88,-1.6199999999999992,0.0,11.807501834719245,34.03750917359623,1.6665194496347886,100.0,70.0,100.0,48.32562637603943
2754,亞洲藏壽司,觀光餐旅,75.0,2022-06-28,2022Q1,0.0,0.0,4.65,9.3,45.796666666666674,100.0,8.961508275709791,19.807541378548958,3.234469806414331,100.0,32.0,30.0,48.29613120678235
6655,科定,其他業,138.5,2022-06-28,2022Q1,16.97,30.70298769771531,49.49,98.98,5.056666666666666,25.28333333333333,22.01607637885453,85.08038189427266,0.3674741682861596,0.0,30.6356645829119,26.589161457279754,48.29293886630708
4554,橙的,其他電子業,32.4,2022-06-28,2022Q1,0.0,0.0,1200.0,100.0,8.549999999999999,42.74999999999999,11.962582729688883,34.812913648444415,-0.6889591329871303,0.0,58.0,95.0,48.27193704726666
5014,建錩,鋼鐵工業,17.65,2022-06-28,2022Q1,0.0,0.0,288.89,100.0,17.633333333333336,88.16666666666669,6.158500120831683,5.792500604158417,-1.4072540758380656,0.0,39.0,47.5,48.2522084239571
4714,永捷,化學工業,13.2,2022-06-28,2022Q1,0.0,0.0,250.0,100.0,61.53666666666667,100.0,-3.1469223751383035,0.0,-10.136950904392766,0.0,33.0,32.5,48.25
6190,萬泰科,通信網路業,36.1,2022-06-28,2022Q1,0.0,0.0,83.87,100.0,37.77,100.0,4.754446728647499,0.0,-2.703470582075834,0.0,33.0,32.5,48.25
4974,亞泰,電子零組件業,52.2,2022-06-28,2022Q1,0.0,0.0,35.16,70.32,8.823333333333332,44.11666666666666,10.30808086295434,26.5404043147717,0.7750806735039458,39.297239071992266,72.0,100.0,48.24384179494754
3122,笙泉,半導體業,40.5,2022-06-28,2022Q1,0.0,0.0,672.73,100.0,-8.926666666666668,0.0,22.5971440340519,87.98572017025951,-0.35686345856454105,0.0,63.0,100.0,48.19785802553893
1522,堤維西,汽車工業,29.2,2022-06-28,2022Q1,25.61,0.0,252.0,100.0,19.88,99.4,4.664331523735025,0.0,-1.334688903843006,0.0,32.8626192446126,32.15654811153151,48.09565481115315
6109,亞元,通信網路業,13.05,2022-06-28,2022Q1,0.0,0.0,136.67,100.0,11.306666666666667,56.53333333333334,1.530809580585665,0.0,0.6848035581912528,26.40050831303612,46.0,65.0,48.086768329273895
6735,美達科技,其他電子業,73.5,2022-06-28,2022Q1,0.0,0.0,21.1,42.2,12.496666666666668,62.483333333333334,39.94551240838369,100.0,-0.298501374098248,0.0,65.0,100.0,48.04666666666667
5876,上海商銀,金融保險業,54.4,2022-06-28,2022Q1,17.16,17.387944358578046,-2.41,0.0,11.266666666666666,56.33333333333332,56.391291735940094,100.0,11.66238711272248,100.0,7.14710047142671,0.0,48.00546110252447
6241,易通展,通信網路業,22.2,2022-06-28,2022Q1,0.0,0.0,104.26,100.0,855.5500000000001,100.0,0.20762818102043373,0.0,-30.526226734348562,0.0,32.0,30.0,48.0
6443,元晶,光電業,33.8,2022-06-28,2022Q1,211.25,0.0,0.0,0.0,43.81333333333333,100.0,3.170683430729828,0.0,5.162412993039443,100.0,51.883113279872,79.70778319968,47.970778319968
4919,新唐,半導體業,140.5,2022-06-28,2022Q1,15.22,19.46826758147513,310.0,100.0,3.2566666666666664,16.28333333333333,13.44835758055134,42.2417879027567,0.7270144984384634,32.43064263406621,39.7764046768502,49.4410116921255,47.969991306253476
6743,安普新,其他電子業,39.3,2022-06-28,2022Q1,0.0,0.0,109.09,100.0,-23.66,0.0,0.5104733799523302,0.0,10.636300154208735,100.0,31.7377326037509,29.34433150937725,47.93443315093772
6166,凌華,電腦及週邊設備業,56.8,2022-06-28,2022Q1,73.77,0.0,2200.0,100.0,19.349999999999998,96.74999999999999,0.05694619630399817,0.0,-1.7396965691400161,0.0,34.0359051955288,35.089762988821995,47.8589762988822
1597,直得,電機機械,78.0,2022-06-28,2022Q1,20.0,31.446354475400117,9.76,19.52,-10.763333333333334,0.0,18.619339916377548,68.09669958188775,2.0391963109354414,100.0,58.3449127322615,95.86228183065376,47.825368567888546
4120,友華,生技醫療業,34.4,2022-06-28,2022Q1,0.0,0.0,285.71,100.0,-0.4033333333333333,0.0,4.245076356805738,0.0,5.97628760836308,100.0,31.0,27.500000000000004,47.75
3701,大眾控,電腦及週邊設備業,49.25,2022-06-28,2022Q1,33.73,0.0,144.44,100.0,31.03333333333333,100.0,0.07576888518338042,0.0,0.38042782801569697,0.0,30.5665316142455,26.416329035613746,47.64163290356137
6640,均華,半導體業,0.0,2022-06-28,2022Q1,0.0,0.0,1227.27,100.0,-7.743333333333332,0.0,21.68158875897228,83.4079437948614,0.6411581167969885,20.16544525671265,44.0,60.0,47.54428062057174
4556,旭然,其他業,31.0,2022-06-28,2022Q1,0.0,0.0,127.27,100.0,16.786666666666665,83.93333333333332,3.115642472904576,0.0,-10.097273397199706,0.0,43.0,57.49999999999999,47.53666666666666
4563,百德,電機機械,32.3,2022-06-28,2022Q1,0.0,0.0,155.56,100.0,51.93,100.0,1.8893978558482252,0.0,-1.2536203522504892,0.0,30.0,25.0,47.5
2923,鼎固-KY,建材營造業,27.65,2022-06-28,2022Q1,26.08,0.0,88.64,100.0,0.0,0.0,56.7685504568178,100.0,-1.4521735992410567,0.0,49.8211477870279,74.55286946756974,47.45528694675697
4128,中天,生技醫療業,57.8,2022-06-28,2022Q1,0.0,0.0,68.93,100.0,12.36,61.8,-23.823927405874393,0.0,-0.16142698931417995,0.0,80.0,100.0,47.36
6754,匯僑設計,居家生活,45.5,2022-06-28,2022Q1,11.91,49.91596638655462,50.85,100.0,9.12,45.599999999999994,7.085483329070952,10.427416645354759,-2.5654252343577832,0.0,46.1669458050471,65.41736451261775,47.217445586720444
9925,新保,其他業,40.0,2022-06-28,2022Q1,15.69,39.701230228471005,8.33,16.66,2.6733333333333333,13.366666666666665,13.527855821138763,42.63927910569382,1.3922281519355015,100.0,60.5870142199839,100.0,47.204348222034504
6148,驊宏資,資訊服務業,12.6,2022-06-28,2022Q1,0.0,0.0,500.0,100.0,15.143333333333333,75.71666666666667,5.035663053873128,0.17831526936563868,0.46049743964886614,0.0,48.0,70.0,47.17008062373818
4205,中華食,食品工業,104.0,2022-06-28,2022Q1,0.0,0.0,15.0,30.0,5.016666666666667,25.083333333333336,23.65968712172314,93.2984356086157,0.8711568048059781,53.022400686568304,84.0,100.0,47.11591214527269
1225,福懋油,食品工業,50.1,2022-06-28,2022Q1,23.97,30.23982013489883,3.3,6.6000000000000005,15.703333333333333,78.51666666666667,6.331937765947433,6.659688829737168,1.4653228210981148,100.0,42.7666259269649,56.91656481741225,47.067925153025016
3073,天方能源,綠能環保,0.0,2022-06-28,2022Q1,0.0,0.0,66.67,100.0,200.26666666666665,100.0,-18.786598828837477,0.0,0.0,0.0,28.0,20.0,47.0
6226,光鼎,光電業,12.45,2022-06-28,2022Q1,249.0,0.0,200.0,100.0,16.293333333333333,81.46666666666667,0.919639357114857,0.0,-4.281169908035579,0.0,42.4253505597697,56.06337639942425,46.89967097327576
6669,緯穎,電腦及週邊設備業,751.0,2022-06-28,2022Q1,14.13,38.47671665351222,38.07,76.14,33.81,100.0,5.7336990247018385,3.6684951235091927,-0.10588516628118225,0.0,33.509359056362,33.773397640905,46.8102856979681
4502,健信,電機機械,38.15,2022-06-28,2022Q1,0.0,0.0,82.61,100.0,26.159999999999997,100.0,-0.8846937729855283,0.0,0.0,0.0,27.0,17.5,46.75
8996,高力,電機機械,66.3,2022-06-28,2022Q1,33.48,0.0,160.0,100.0,10.253333333333332,51.26666666666666,9.521218003744078,22.60609001872039,-1.3848317622554809,0.0,52.3635239956098,80.9088099890245,46.73512783504384
2107,厚生,橡膠工業,21.45,2022-06-28,2022Q1,10.12,48.39357429718878,-23.81,0.0,-24.643333333333334,0.0,20.833340457070364,79.16670228535182,1.5155936286976308,100.0,91.6779727450377,100.0,46.71436277252165
4109,加捷生醫,生技醫療業,14.3,2022-06-28,2022Q1,0.0,0.0,33.33,66.66,36.156666666666666,100.0,-3.578870120169311,0.0,0.0,0.0,89.0,100.0,46.665
2732,六角,觀光餐旅,96.4,2022-06-28,2022Q1,0.0,0.0,44.07,88.14,-3.813333333333333,0.0,3.9954165420243273,0.0,1.1856315299472433,97.94736142103476,40.0,50.0,46.62447228420695
1338,廣華-KY,汽車工業,59.6,2022-06-28,2022Q1,13.89,67.32142857142858,18.25,36.5,0.0,0.0,7.004758233769608,10.023791168848039,2.5378985155433935,100.0,57.0426582952784,92.60664573819601,46.62137610628967
4722,國精化,化學工業,37.5,2022-06-28,2022Q1,9.52,98.11989100817439,24.47,48.94,10.883333333333333,54.41666666666667,9.88115933008185,24.40579665040925,0.4869771919809834,0.0,62.3244317353624,100.0,46.59119193171216
4609,唐鋒,居家生活,9.02,2022-06-28,2022Q1,0.0,0.0,112.0,100.0,-40.85,0.0,-103.38210879888807,0.0,36.16464155528554,100.0,26.0,15.0,46.5
2364,倫飛,電腦及週邊設備業,33.1,2022-06-28,2022Q1,21.49,0.0,4100.0,100.0,-10.33,0.0,-5.265479322879436,0.0,1.2971879815100154,100.0,25.9308187418287,14.827046854571746,46.48270468545717
4433,興采,紡織纖維,29.05,2022-06-28,2022Q1,0.0,0.0,872.73,100.0,18.903333333333332,94.51666666666667,6.420022241557392,7.10011120778696,-0.9739422751775307,0.0,26.0,15.0,46.46835001450138
6469,大樹,生技醫療業,302.5,2022-06-28,2022Q1,0.0,0.0,60.58,100.0,42.85666666666666,100.0,4.3592230760223005,0.0,-0.17876640330948426,0.0,25.0,12.5,46.25
6698,旭暉應材,其他電子業,34.2,2022-06-28,2022Q1,180.0,0.0,-74.07,0.0,69.94,100.0,4.175890521231636,0.0,5.764412165229233,100.0,44.5532958406698,61.38323960167449,46.13832396016745
6124,業強,電子零組件業,24.5,2022-06-28,2022Q1,0.0,0.0,59.46,100.0,-17.703333333333333,0.0,11.861180352423045,34.30590176211522,0.7094625439029616,29.923220557565944,70.0,100.0,46.13052937583048
9937,全國,油電燃氣業,49.0,2022-06-28,2022Q1,19.84,55.02632838678794,-19.48,0.0,16.263333333333332,81.31666666666666,3.651225583929711,0.0,12.344064744435371,100.0,37.4499405651174,43.624851412793504,46.12845131329148
6195,詩肯,居家生活,49.05,2022-06-28,2022Q1,0.0,0.0,-22.82,0.0,11.193333333333333,55.96666666666666,15.21697997538739,51.08489987693695,1.7015123941010355,100.0,49.0,72.5,46.10606831487388
3317,尼克森,半導體業,62.1,2022-06-28,2022Q1,0.0,0.0,68.71,100.0,2.1866666666666665,10.933333333333332,16.838523353134214,59.19261676567107,-0.6413038465845834,0.0,76.0,100.0,46.06555918151733
1615,大山,電器電纜,33.25,2022-06-28,2022Q1,8.91,84.34045689019896,143.75,100.0,-8.65,0.0,8.471752366414002,17.35876183207001,-0.39911021947300473,0.0,67.3916615395939,100.0,46.0378599638304
4729,熒茂,光電業,10.6,2022-06-28,2022Q1,0.0,0.0,128.57,100.0,19.25,96.25,1.8681366253481293,0.0,-11.18999541073887,0.0,27.0,17.5,46.0
1616,億泰,電器電纜,8.8,2022-06-28,2022Q1,16.92,25.31319086219601,33.33,66.66,37.39333333333334,100.0,3.5983904114376783,0.0,-9.990382331987652,0.0,47.1761074668413,67.94026866710325,45.99034595292993
2481,強茂,半導體業,68.0,2022-06-28,2022Q1,11.56,50.857632933104625,81.82,100.0,1.7099999999999997,8.549999999999999,16.351222694098013,56.756113470490064,-1.9418114466125822,0.0,42.6394040983862,56.59851024596551,45.96903133848052
6270,倍微,電子通路業,23.95,2022-06-28,2022Q1,0.0,0.0,40.48,80.96,15.646666666666668,78.23333333333335,4.184557752135604,0.0,-2.3270094032037045,0.0,65.0,100.0,45.88666666666667
8908,欣雄,油電燃氣業,83.4,2022-06-28,2022Q1,0.0,0.0,-2.17,0.0,18.243333333333336,91.21666666666668,7.508631763145465,12.543158815727326,1.5223466153831058,100.0,43.0,57.49999999999999,45.87480715569244
1437,勤益控,其他業,24.45,2022-06-28,2022Q1,12.22,64.09490333919156,-38.81,0.0,15.37,76.85,57.61014280584482,100.0,0.2971548117154812,0.0,56.1244731164886,90.3111827912215,45.8106086130413
1568,倉佑,汽車工業,24.35,2022-06-28,2022Q1,32.91,0.0,2300.0,100.0,12.35666666666667,61.783333333333346,6.918659865281278,9.593299326406388,-0.4479210743157473,0.0,47.8899020607543,69.72475515188576,45.7681370808162
2458,義隆,半導體業,139.5,2022-06-28,2022Q1,8.27,79.073756432247,-25.46,0.0,-14.51,0.0,27.149963683066503,100.0,0.9483005485495818,64.04293550708311,62.9160962640895,100.0,45.71596274464132
1316,上曜,建材營造業,16.2,2022-06-28,2022Q1,0.0,0.0,85.0,100.0,152.30666666666664,100.0,-3.4578879863189393,0.0,0.0,0.0,22.52071015767,6.301775394174998,45.6301775394175
6191,精成科,電子零組件業,30.1,2022-06-28,2022Q1,4.92,100.0,7.52,15.039999999999997,-14.403333333333334,0.0,11.053280510490795,30.266402552453975,1.5368527918781727,100.0,48.9695805330324,72.423951332581,45.54235551612619
3537,堡達,電子零組件業,39.35,2022-06-28,2022Q1,0.0,0.0,33.05,66.1,-10.33,0.0,7.33831461230145,11.69157306150725,1.3312095109276,100.0,49.0,72.5,45.52873595922608
2801,彰銀,金融保險業,17.7,2022-06-28,2022Q1,20.11,0.0,21.05,42.1,21.040000000000003,100.0,37.93423413359104,100.0,-46.032694723327424,0.0,6.54853319010961,0.0,45.525
6207,雷科,電子零組件業,27.4,2022-06-28,2022Q1,0.0,0.0,35.0,70.0,-28.826666666666668,0.0,9.243356673436217,21.216783367181087,2.870768279486783,100.0,39.0,47.5,45.432517505077165
6215,和椿,其他電子業,24.0,2022-06-28,2022Q1,9.34,75.96115735235831,-47.06,0.0,2.2933333333333334,11.466666666666667,12.382330642995909,36.911653214979545,1.8305867393886668,100.0,71.2892477802227,100.0,45.4261970508161
2360,致茂,其他電子業,160.5,2022-06-28,2022Q1,24.24,0.0,-62.13,0.0,13.456666666666669,67.28333333333335,19.042738043320583,70.21369021660291,0.9501084904331164,64.30121291901663,53.8758140203296,84.68953505082399,45.31791628804284
3311,閎暉,通信網路業,33.0,2022-06-28,2022Q1,33.0,0.0,30.43,60.86,24.343333333333334,100.0,3.7917050338446354,0.0,-0.38701660204791727,0.0,77.9728500237138,100.0,45.215
6176,瑞儀,光電業,88.3,2022-06-28,2022Q1,7.33,97.07581227436823,24.86,49.72,-17.726666666666663,0.0,12.58636415547266,37.9318207773633,0.8725558655854895,53.22226651221279,46.941240575451,67.35310143862749,45.20711779034663
2228,劍麟,汽車工業,67.7,2022-06-28,2022Q1,21.09,24.464285714285715,8.24,16.48,7.883333333333333,39.416666666666664,6.0034749246063805,5.017374623031903,7.150214408233277,100.0,69.3977088285258,100.0,45.20236809821669
4535,至興,電機機械,35.7,2022-06-28,2022Q1,0.0,0.0,-9.52,0.0,9.193333333333333,45.96666666666667,12.852655731565454,39.26327865782727,1.485573600552868,100.0,75.0,100.0,45.08282513200743
6568,宏觀,半導體業,149.5,2022-06-28,2022Q1,0.0,0.0,-48.85,0.0,12.87,64.35,7.887744525427354,14.43872262713677,3.805410034253476,100.0,74.0,100.0,45.035808394070514
1402,遠東新,紡織纖維,31.85,2022-06-28,2022Q1,17.5,16.869532141498667,1.85,3.7000000000000006,17.92,89.60000000000001,6.725856869398046,8.629284346990232,2.6093555183408386,100.0,32.7645620608336,31.911405152083994,45.0174863814068
2312,金寶,其他電子業,13.45,2022-06-28,2022Q1,74.72,0.0,283.33,100.0,24.66,100.0,0.30415210864695147,0.0,-19.44901964309256,0.0,14.1027144547548,0.0,45.0
1472,三洋實業,建材營造業,24.3,2022-06-28,2022Q1,0.0,0.0,129.03,100.0,106.24333333333334,100.0,1.4406679415649706,0.0,-12.543307086614174,0.0,11.7754972240621,0.0,45.0
2881,富邦金,金融保險業,61.6,2022-06-28,2022Q1,5.88,100.0,-13.6,0.0,-30.743333333333336,0.0,42.92284773893123,100.0,1.3000471931724085,100.0,8.1490515046107,0.0,45.0
5222,全訊,半導體業,133.5,2022-06-28,2022Q1,38.14,0.0,-23.89,0.0,-10.776666666666666,0.0,28.32782607312015,100.0,1.3776699029126214,100.0,73.6300465605624,100.0,45.0
1438,三地開發,建材營造業,31.8,2022-06-28,2022Q1,66.25,0.0,133.33,100.0,33.60666666666666,100.0,-24500.0,0.0,-60.746891651865006,0.0,15.1747937361147,0.0,45.0
4123,晟德,生技醫療業,60.4,2022-06-28,2022Q1,0.0,0.0,-36.1,0.0,40.339999999999996,100.0,111.08238436387798,100.0,-0.04663177734617924,0.0,70.0,100.0,45.0
3228,金麗科,半導體業,327.0,2022-06-28,2022Q1,0.0,0.0,-28.26,0.0,-63.086666666666666,0.0,43.05053137708675,100.0,1.6717836040262477,100.0,86.0,100.0,45.0
5864,致和證,金融保險業,11.4,2022-06-28,2022Q1,0.0,0.0,-51.92,0.0,-28.276666666666667,0.0,47.05954992518124,100.0,1.7195172700790677,100.0,64.0,100.0,45.0
2457,飛宏,電子零組件業,36.8,2022-06-28,2022Q1,0.0,0.0,58.82,100.0,12.933333333333332,64.66666666666666,-4.765133243676807,0.0,0.0,0.0,48.1616950171869,70.40423754296725,44.973757087630055
2013,中鋼構,鋼鐵工業,55.6,2022-06-28,2022Q1,21.06,0.0,41.03,82.06,23.42,100.0,2.3137013694865773,0.0,-0.9594738387025757,0.0,37.1667213478072,42.91680336951799,44.8066803369518
5353,台林,通信網路業,23.15,2022-06-28,2022Q1,0.0,0.0,27.27,54.54,45.20666666666667,100.0,6.552970431596009,7.7648521579800445,-4.357453176288859,0.0,66.0,100.0,44.799727823697005
6449,鈺邦,電子零組件業,50.0,2022-06-28,2022Q1,13.85,42.04988308651598,17.07,34.14,-0.24333333333333348,0.0,9.131306599428877,20.65653299714438,1.5109918561408464,100.0,55.4849341691588,88.712335422897,44.70970180051296
2614,東森,其他業,23.45,2022-06-28,2022Q1,15.84,38.64674868189808,70.0,100.0,11.743333333333332,58.71666666666666,0.3232693705948857,0.0,-1.3992644812082589,0.0,36.3980096571478,40.99502414286951,44.707510615810094
6438,迅得,其他電子業,88.5,2022-06-28,2022Q1,9.19,77.15021799445105,10.5,21.0,16.986666666666668,84.93333333333334,15.122958292121345,50.614791460606725,-1.0579601568709203,0.0,48.6251411761214,71.56285294030351,44.70019247923313
1730,花仙子,化學工業,59.3,2022-06-28,2022Q1,14.32,71.96185286103542,0.0,0.0,-1.7966666666666662,0.0,15.000289316182336,50.001446580911676,2.43190820926103,100.0,67.5747393845994,100.0,44.696402273240295
4960,誠美材,光電業,10.35,2022-06-28,2022Q1,11.01,70.50541516245488,-51.35,0.0,7.63,38.15,2.5405620874661534,0.0,4.423512047099956,100.0,66.0708745822249,100.0,44.68054151624548
2616,山隆,油電燃氣業,33.5,2022-06-28,2022Q1,12.14,91.88606988989947,-46.88,0.0,7.6000000000000005,38.0,1.1920745300672473,0.0,2.158270587473841,100.0,51.4706724366895,78.67668109172374,44.656275098162325
3687,歐買尬,數位雲端,118.0,2022-06-28,2022Q1,0.0,0.0,3.85,7.7,11.81,59.050000000000004,19.537767560130277,72.68883780065138,6.097532387415176,100.0,17.0,0.0,44.63832567009771
4571,鈞興-KY,電機機械,79.1,2022-06-28,2022Q1,12.11,78.21576763485479,-41.42,0.0,0.0,0.0,14.01604064467773,45.08020322338865,1.5738363440573995,100.0,74.4398055188949,100.0,44.58360724699378
6679,鈺太,半導體業,228.5,2022-06-28,2022Q1,0.0,0.0,38.44,76.88,0.3633333333333333,1.8166666666666664,26.47523464362048,100.0,0.26690667127356626,0.0,74.0,100.0,44.58333333333333
9931,欣高,油電燃氣業,41.2,2022-06-28,2022Q1,21.57,46.74485399712782,-34.33,0.0,6.403333333333333,32.016666666666666,14.514171424664092,47.57085712332046,2.368230378131368,100.0,45.4759826731986,63.68995668299651,44.58244296984383
6442,光聖,通信網路業,40.75,2022-06-28,2022Q1,16.43,69.5593635250918,438.1,100.0,-1.986666666666667,0.0,9.575329358946052,22.876646794730256,-2.123576910243577,0.0,56.726128111623,91.8153202790575,44.568965399624474
3310,佳穎,電子零組件業,38.4,2022-06-28,2022Q1,0.0,0.0,121.62,100.0,17.793333333333333,88.96666666666665,5.933151261433779,4.665756307168896,-1.1921851975091506,0.0,24.0,10.0,44.49319677940867
8083,瑞穎,電機機械,176.5,2022-06-28,2022Q1,0.0,0.0,7.14,14.279999999999998,-22.023333333333337,0.0,20.209080926883935,76.04540463441968,1.2469083115208073,100.0,58.0,95.0,44.47681069516295
3043,科風,其他電子業,4.8,2022-06-28,2022Q1,10.21,69.06460562822036,3500.0,100.0,12.56,62.8,-7.0693462253047095,0.0,-0.6188517206173804,0.0,16.7805780577199,0.0,44.466460562822036
2247,汎德永業,汽車工業,210.5,2022-06-28,2022Q1,13.26,71.07142857142857,15.03,30.06,-2.5100000000000002,0.0,4.1666788158351284,0.0,9.60271002710027,100.0,59.0716999041009,97.67924976025226,44.39006783316809
8462,柏文,運動休閒,132.0,2022-06-28,2022Q1,0.0,0.0,-34.38,0.0,21.403333333333332,100.0,10.652983319963488,28.264916599817436,5.048850346089585,100.0,20.5785000856006,1.4462502140014966,44.384362511372764
1789,神隆,生技醫療業,25.5,2022-06-28,2022Q1,87.93,0.0,-9.09,0.0,9.096666666666666,45.483333333333334,11.98337531964024,34.9168765982012,1.7503560054889573,100.0,89.104332628429,100.0,44.334198156396845
6142,友勁,通信網路業,8.76,2022-06-28,2022Q1,6.44,100.0,55.56,100.0,0.010000000000000378,0.05000000000000189,-12.867370612921677,0.0,0.0,0.0,57.0525075023738,92.6312687559345,44.27312687559345
4107,邦特,生技醫療業,111.5,2022-06-28,2022Q1,0.0,0.0,1.15,2.3,9.473333333333333,47.36666666666666,28.04028664841035,100.0,0.8227970447061907,46.11386352945582,66.0,100.0,44.2711060392245
6414,樺漢,電腦及週邊設備業,211.0,2022-06-28,2022Q1,15.41,28.374112075769542,44.17,88.34,19.25,96.25,3.0057942545253193,0.0,-11.171017494662376,0.0,12.2162238687415,0.0,44.17241120757696
4566,時碩工業,電機機械,46.7,2022-06-28,2022Q1,14.19,65.8861885002964,120.51,100.0,6.169999999999999,30.849999999999994,8.92190389984044,19.609519499202204,-0.7665291939988309,0.0,33.7519858240767,34.379964560191745,44.13804323092915
1218,泰山,食品工業,31.2,2022-06-28,2022Q1,26.67,16.749937546839867,-14.71,0.0,12.403333333333334,62.01666666666667,3.7427673623132316,0.0,1.4714522252990379,100.0,61.0457561856067,100.0,44.078327088017325
1231,聯華食,食品工業,89.3,2022-06-28,2022Q1,21.26,43.779665251061694,17.2,34.4,14.763333333333334,73.81666666666666,10.919562086128131,29.59781043064066,0.6542273655547992,22.032480793542746,49.952964579961,74.88241144990249,44.0757087267344
1455,集盛,紡織纖維,11.95,2022-06-28,2022Q1,10.3,71.64321034613921,-79.17,0.0,6.893333333333334,34.466666666666676,3.9835824423420463,0.0,2.191989465053296,100.0,69.6781732266434,100.0,44.05765436794725
4935,茂林-KY,光電業,60.8,2022-06-28,2022Q1,6.53,100.0,-22.09,0.0,0.0,0.0,10.34715181217046,26.735759060852303,1.3061238398781245,100.0,65.2391091433763,100.0,44.01036385912785
3047,訊舟,通信網路業,12.6,2022-06-28,2022Q1,630.0,0.0,193.75,100.0,17.206666666666667,86.03333333333335,0.2952901753916264,0.0,-3.886405640358683,0.0,26.950003111895,17.3750077797375,43.94416744464042
1531,高林股,電機機械,14.4,2022-06-28,2022Q1,12.1,78.27504445761708,325.0,100.0,-2.1966666666666668,0.0,6.265449443721778,6.327247218608889,-1.64463418224643,0.0,72.1264298606085,100.0,43.77659152855305
8927,北基,油電燃氣業,36.0,2022-06-28,2022Q1,0.0,0.0,-66.67,0.0,26.28333333333333,100.0,2.2627972048899463,0.0,16.177172598706694,100.0,35.0,37.5,43.75
2426,鼎元,光電業,20.35,2022-06-28,2022Q1,8.93,85.52346570397113,-56.0,0.0,-17.773333333333333,0.0,11.75455366540239,33.77276832701195,5.365306062476123,100.0,67.9174622205181,100.0,43.618261819448904
5471,松翰,半導體業,69.5,2022-06-28,2022Q1,8.29,78.90222984562608,-20.63,0.0,-31.23,0.0,22.461277772638077,87.30638886319039,0.9409492920383017,62.992756005471676,79.239944296325,100.0,43.5847325151355
3516,亞帝歐,光電業,16.05,2022-06-28,2022Q1,0.0,0.0,363.64,100.0,8.57,42.85,0.21619701223527782,0.0,-0.3265546102234212,0.0,69.0,100.0,43.57
5474,聰泰,電腦及週邊設備業,80.8,2022-06-28,2022Q1,0.0,0.0,1.52,3.04,-12.786666666666667,0.0,22.066499322655194,85.33249661327596,1.4822847245754736,100.0,70.0,100.0,43.559874491991394
6781,AES-KY,電子零組件業,1035.0,2022-06-28,2022Q1,34.45,0.0,-6.03,0.0,0.0,0.0,25.50011510288534,100.0,1.1489625221167765,92.70893173096808,64.2095053675348,100.0,43.54178634619362
2115,六暉-KY,汽車工業,34.7,2022-06-28,2022Q1,9.97,90.6547619047619,-51.96,0.0,0.0,0.0,11.192527994220548,30.96263997110274,3.971284893267652,100.0,59.3148501374259,98.28712534356475,43.53858472049808
5508,永信建,建材營造業,68.7,2022-06-28,2022Q1,0.0,0.0,54.92,100.0,-19.48333333333333,0.0,42.62930756169365,100.0,-0.04974183907766695,0.0,34.0,35.0,43.5
3090,日電貿,電子零組件業,52.4,2022-06-28,2022Q1,10.61,67.30319563522994,28.8,57.60000000000001,9.726666666666667,48.63333333333333,11.34349597948854,31.7174798974427,-0.13736823972800574,0.0,51.4379197982606,78.5947994956515,43.47408816437122
8032,光菱,電子通路業,31.2,2022-06-28,2022Q1,0.0,0.0,136.36,100.0,10.126666666666667,50.63333333333333,6.052783122608338,5.263915613041692,-3.5383576095204603,0.0,50.0,75.0,43.41625400862292
3044,健鼎,電子零組件業,115.5,2022-06-28,2022Q1,10.3,69.71940763834762,2.61,5.22,10.416666666666666,52.08333333333333,8.82843854016563,19.142192700828147,1.0218277052256237,74.54681503223196,47.6311167055274,69.0777917638185,43.382078518453895
4168,醣聯,生技醫療業,27.4,2022-06-28,2022Q1,0.0,0.0,26.67,53.339999999999996,1303.14,100.0,-283.4828101644245,0.0,0.0,0.0,97.0,100.0,43.335
6776,展眥篕,電子通路業,42.3,2022-06-28,2022Q1,9.36,38.83610451306414,34.62,69.24,45.370000000000005,100.0,2.029445442273895,0.0,0.3929324894514768,0.0,28.4699912844078,21.1749782110195,43.31110827240837
2451,創見,半導體業,70.3,2022-06-28,2022Q1,10.95,56.08919382504289,40.0,80.0,-18.94333333333333,0.0,15.191167995695778,50.95583997847889,0.08453333401758176,0.0,76.6827323883405,100.0,43.25229537927613
6603,富強鑫,電機機械,17.15,2022-06-28,2022Q1,0.0,0.0,43.75,87.5,18.526666666666667,92.63333333333334,4.951634624842061,0.0,-2.658324953311306,0.0,31.0,27.500000000000004,43.15166666666667
3669,圓展,通信網路業,42.35,2022-06-28,2022Q1,7.42,100.0,-59.82,0.0,-18.546666666666667,0.0,9.180164657462402,20.90082328731201,1.3283239688887798,100.0,70.535790459554,100.0,43.1351234930968
2495,普安,電腦及週邊設備業,15.65,2022-06-28,2022Q1,26.53,0.0,50.0,100.0,8.13,40.650000000000006,-1.2650273871908566,0.0,0.15383993696078233,0.0,71.2738694908355,100.0,43.13
2536,宏普,建材營造業,21.5,2022-06-28,2022Q1,134.38,0.0,123.81,100.0,-31.44333333333333,0.0,58.5390264791808,100.0,-10.610497629110402,0.0,32.0705855693447,30.17646392336175,43.017646392336175
3712,永崴投控,電腦及週邊設備業,31.05,2022-06-28,2022Q1,16.26,21.66535122336226,38.46,76.92,69.61,100.0,2.446210301018621,0.0,-19.655986942525956,0.0,25.9740871912235,14.935217978058752,42.89005692014211
2348,海悅,其他業,93.7,2022-06-28,2022Q1,8.5,90.24604569420036,-32.29,0.0,17.326666666666664,86.63333333333331,38.886093501150924,100.0,-1.2596954933766387,0.0,26.128498104294,15.321245260735001,42.883395762160205
3563,牧德,光電業,149.5,2022-06-28,2022Q1,8.42,89.2057761732852,-15.38,0.0,-23.786666666666665,0.0,30.104241464647373,100.0,0.8397174426914408,48.5310632416344,56.8709486177737,92.17737154443425,42.84452742009883
6446,藥華藥,生技醫療業,497.5,2022-06-28,2022Q1,0.0,0.0,25.48,50.96000000000001,787.02,100.0,-221.2382420236431,0.0,0.0,0.0,73.0,100.0,42.74
9944,新麗,其他業,19.4,2022-06-28,2022Q1,3.88,100.0,42.11,84.22,-2.2900000000000005,0.0,8.657420315724726,18.287101578623634,-0.9481499814379408,0.0,55.003490694299,87.50872673574752,42.548937910368295
2351,順德,半導體業,138.0,2022-06-28,2022Q1,27.38,0.0,35.29,70.58,13.603333333333333,68.01666666666667,10.592509501727001,27.962547508635005,0.3779707241053042,0.0,48.2184876183187,70.54621904579675,42.49733736420826
2362,藍天,電腦及週邊設備業,32.05,2022-06-28,2022Q1,9.05,78.57142857142857,87.04,100.0,-17.79,0.0,9.404374665931918,22.02187332965959,-1.694879040479356,0.0,44.8404026782583,62.10100669564576,42.37052452615637
8105,凌巨,光電業,10.45,2022-06-28,2022Q1,10.56,73.75451263537906,210.81,100.0,-3.7899999999999996,0.0,2.9818717570943565,0.0,-1.5408931176236573,0.0,59.8338993512497,99.58474837812425,42.33392610135033
1339,昭輝,汽車工業,43.0,2022-06-28,2022Q1,16.6,51.19047619047619,97.44,100.0,1.5566666666666666,7.783333333333334,5.448947877674287,2.244739388371433,0.5104332177500768,1.4904596785823963,65.8624996496471,100.0,42.31051712968648
6592,和潤企業,其他業,102.5,2022-06-28,2022Q1,16.37,34.92091388400704,11.18,22.36,23.51,100.0,22.591986384360222,87.95993192180111,-8.750102783622337,0.0,11.088076751049,0.0,42.27608117667087
6582,申豐,橡膠工業,91.1,2022-06-28,2022Q1,3.77,100.0,-87.39,0.0,-81.44,0.0,21.14779960945688,80.7389980472844,0.8546337619433689,50.66196599190985,68.253193879908,100.0,42.24324290547463
3444,利機,電子通路業,65.2,2022-06-28,2022Q1,0.0,0.0,91.18,100.0,2.2366666666666664,11.183333333333332,11.613830313629,33.069151568145,-1.1645940734327653,0.0,65.0,100.0,42.19703940188842
3557,嘉威,居家生活,64.9,2022-06-28,2022Q1,8.82,75.88235294117646,-6.5,0.0,15.146666666666667,75.73333333333333,13.307597279237825,41.537986396189126,0.7486812312083181,35.52589017261687,44.3338094463928,60.83452361598199,42.15423031633426
5284,jpp-KY,其他業,43.55,2022-06-28,2022Q1,15.17,43.35676625659053,-10.4,0.0,0.0,0.0,16.703417438518045,58.517087192590225,1.7809463542091941,100.0,55.8735386145963,89.68384653649075,42.08162435819666
5230,雷笛克光學,光電業,22.85,2022-06-28,2022Q1,0.0,0.0,80.0,100.0,0.35666666666666674,1.7833333333333337,3.8673202086834015,0.0,0.7698489231758278,38.549846167975396,56.0,90.0,42.066635900261744
3152,璟德,通信網路業,196.0,2022-06-28,2022Q1,0.0,0.0,-71.71,0.0,-51.203333333333326,0.0,20.930698110083263,79.65349055041632,5.722538720623036,100.0,86.0,100.0,41.94802358256245
8049,晶采,光電業,25.05,2022-06-28,2022Q1,0.0,0.0,-7.58,0.0,13.173333333333332,65.86666666666666,13.069296716220816,40.346483581104074,0.9439311971147177,63.41874244495968,82.0,100.0,41.90905435949088
8446,華研,文化創意業,74.1,2022-06-28,2022Q1,0.0,0.0,-63.56,0.0,17.703333333333333,88.51666666666667,45.78482446206116,100.0,0.6202003915697339,17.171484509961992,43.0,57.49999999999999,41.88763023532573
6576,逸達,生技醫療業,128.5,2022-06-28,2022Q1,0.0,0.0,23.53,47.06,58755.439999999995,100.0,-179.63062498133715,0.0,0.0,0.0,77.0,100.0,41.765
2393,億光,光電業,42.65,2022-06-28,2022Q1,9.72,79.81949458483754,1.94,3.88,-18.12333333333333,0.0,8.723862351234452,18.61931175617226,1.7303223161891612,100.0,62.0472160320131,100.0,41.74484622190959
3049,精金,光電業,10.4,2022-06-28,2022Q1,10.3,75.63176895306859,-76.67,0.0,-25.900000000000002,0.0,10.519600465707702,27.598002328538513,2.491994254081704,100.0,60.845352399018,100.0,41.70287724458763
5215,科嘉-KY,電腦及週邊設備業,51.5,2022-06-28,2022Q1,7.96,87.1744277821626,-75.32,0.0,0.0,0.0,8.920050738854938,19.600253694274688,2.464900018233757,100.0,65.7824134185486,100.0,41.657480832357464
2488,漢平,其他電子業,27.35,2022-06-28,2022Q1,14.78,32.837891399128026,17.65,35.3,21.959999999999997,100.0,0.3760922439419872,0.0,-5.455111278762731,0.0,57.9673350047656,94.918337511914,41.6006228911042
1109,信大,水泥工業,20.05,2022-06-28,2022Q1,10.28,75.5072463768116,-68.67,0.0,-24.10666666666667,0.0,10.32445544810133,26.622277240506655,3.198465692754409,100.0,69.6286030198582,100.0,41.544066223757156
1513,中興電,電機機械,55.0,2022-06-28,2022Q1,13.48,70.09484291641968,-8.4,0.0,3.930000000000001,19.650000000000006,15.676683812752753,53.38341906376376,3.9906786957661065,100.0,30.1569048355469,25.392262088867252,41.486223360093256
2505,國揚,建材營造業,19.45,2022-06-28,2022Q1,8.42,73.73188405797102,-31.46,0.0,-18.19333333333333,0.0,10.458989026074777,27.294945130373883,2.4325547514471797,100.0,60.1180896859581,100.0,41.46743017535318
5906,台南-KY,貿易百貨業,32.4,2022-06-28,2022Q1,10.12,100.0,-3.45,0.0,0.0,0.0,12.16993936019349,35.84969680096745,2.8658908970867376,100.0,44.2946081562536,60.736520390634006,41.45110655920852
2358,廷鑫,,17.1,2022-06-28,2022Q1,11.79,71.4,1000.0,100.0,0.0,0.0,9.151945106939918,20.759725534699587,0.0,0.0,44.5263655671542,61.3159139178855,41.38555022199348
4754,國碳科,化學工業,38.5,2022-06-28,2022Q1,0.0,0.0,210.0,100.0,0.07666666666666562,0.3833333333333281,13.736518055980088,43.68259027990044,-0.043878273177636234,0.0,59.0,97.5,41.37905520865173
2433,互盛電,其他電子業,51.6,2022-06-28,2022Q1,13.51,42.90527150217996,3.28,6.559999999999999,-18.433333333333334,0.0,14.002523867664483,45.01261933832241,3.749470705031867,100.0,54.4361384493849,86.09034612346224,41.29145466331258
1440,南紡,紡織纖維,20.15,2022-06-28,2022Q1,13.0,51.10308101939901,-32.35,0.0,3.8800000000000003,19.400000000000002,10.000265930074896,25.001329650374483,1.4573687577070433,100.0,54.1368932427903,85.34223310697575,41.27473086019365
6173,信昌電,電子零組件業,42.35,2022-06-28,2022Q1,0.0,0.0,-18.47,0.0,-20.103333333333335,0.0,19.921768862405234,74.60884431202616,2.148604366716565,100.0,71.0,100.0,41.19132664680392
8299,群聯,半導體業,279.5,2022-06-28,2022Q1,0.0,0.0,29.56,59.12,9.596666666666666,47.98333333333333,14.37833668569348,46.8916834284674,-3.1256706334514233,0.0,59.0,97.5,41.16041918093677
8277,商丞,半導體業,9.76,2022-06-28,2022Q1,0.0,0.0,22.22,44.44,25.943333333333328,100.0,-16.841230257689112,0.0,0.0,0.0,82.0,100.0,41.11
2032,新鋼,鋼鐵工業,22.1,2022-06-28,2022Q1,16.87,0.0,7.89,15.78,6.56,32.8,5.642826317613654,3.2141315880682697,2.6972256635507,100.0,77.6538979494793,100.0,40.98711973821024
5234,達興材料,光電業,89.2,2022-06-28,2022Q1,13.43,53.03249097472924,0.63,1.26,7.326666666666667,36.63333333333333,13.922521600727602,44.61260800363801,0.8948099553880141,56.40142219828773,66.551059253949,100.0,40.91709140434284
3357,臺慶科,電子零組件業,97.9,2022-06-28,2022Q1,0.0,0.0,16.93,33.86,-4.3500000000000005,0.0,20.083913122842542,75.41956561421271,0.8842887161236981,54.89838801767116,62.0,100.0,40.75761244566614
2201,裕隆,汽車工業,48.35,2022-06-28,2022Q1,8.84,97.38095238095238,52.52,100.0,-8.573333333333332,0.0,12.891195661651695,39.45597830825848,-3.2548721556773534,0.0,16.6436667217253,0.0,40.65649198433401
2474,可成,其他電子業,168.0,2022-06-28,2022Q1,15.09,30.380499405469674,-14.85,0.0,-50.63999999999999,0.0,15.140572482664735,50.70286241332368,1.454285558728279,100.0,64.1457781825474,100.0,40.64347930254552
3360,尚立,電子通路業,15.45,2022-06-28,2022Q1,0.0,0.0,57.58,100.0,15.596666666666666,77.98333333333332,1.5035715049105836,0.0,-9.46302673946521,0.0,20.0,0.0,40.596666666666664
2736,富野,觀光餐旅,27.5,2022-06-28,2022Q1,0.0,0.0,4.35,8.7,-21.899999999999995,0.0,18.53506131517772,67.67530657588861,1.6142935308725115,100.0,53.0,82.5,40.57629598638329
8440,綠電,綠能環保,60.7,2022-06-28,2022Q1,0.0,0.0,34.78,69.56,10.906666666666666,54.53333333333333,8.022958091013791,15.114790455068954,0.3714939411914245,0.0,86.0,100.0,40.563885234927014
1220,台榮,食品工業,16.3,2022-06-28,2022Q1,19.64,51.87359480389707,-48.65,0.0,5.226666666666667,26.13333333333333,5.1730391803645075,0.8651959018225375,6.798805737262198,100.0,75.5290002344416,100.0,40.543805532329756
2402,毅嘉,電子零組件業,15.1,2022-06-28,2022Q1,18.64,4.715510522213551,46.15,92.3,6.97,34.849999999999994,3.0818360311408415,0.0,0.23677559759907332,0.0,60.7603429982361,100.0,40.51655105222136
5489,彩富,其他電子業,34.45,2022-06-28,2022Q1,0.0,0.0,810.0,100.0,0.9999999999999994,4.999999999999997,11.012913543705542,30.064567718527712,-2.7973674596760802,0.0,69.0,100.0,40.50968515777916
2492,華新科,電子零組件業,95.2,2022-06-28,2022Q1,6.76,97.31098986749805,-55.91,0.0,-11.436666666666667,0.0,9.726803525810352,23.63401762905176,2.332974121750781,100.0,48.9090303132375,72.27257578309376,40.503459209416945
6510,精測,半導體業,423.5,2022-06-28,2022Q1,0.0,0.0,-32.88,0.0,2.9566666666666666,14.783333333333331,14.975135719291135,49.87567859645567,2.608973332621729,100.0,88.0,100.0,40.43801845613502
6523,達爾膚,生技醫療業,84.6,2022-06-28,2022Q1,0.0,0.0,30.85,61.7,-20.096666666666668,0.0,44.118481111003206,100.0,0.2307435691680717,0.0,83.0,100.0,40.425
4305,世坤,塑膠工業,30.0,2022-06-28,2022Q1,0.0,0.0,10.14,20.28,-10.88,0.0,12.090614936714726,35.453074683573625,1.5360695919642429,100.0,87.0,100.0,40.38796120253605
1795,美時,生技醫療業,148.5,2022-06-28,2022Q1,27.81,30.180956484274034,-7.03,0.0,-10.186666666666666,0.0,19.72298779930391,73.61493899651957,1.172394777899324,96.05639684276058,48.3095685092158,70.77392127303949,40.349007993761404
5315,光聯,光電業,17.3,2022-06-28,2022Q1,0.0,0.0,13.04,26.08,-10.286666666666667,0.0,10.076319879065434,25.38159939532717,1.3492938213933798,100.0,69.0,100.0,40.327239909299074
4702,中美實,居家生活,14.45,2022-06-28,2022Q1,0.0,0.0,20.51,41.02,-3.539999999999999,0.0,1.4705162996005172,0.0,5.120650607370805,100.0,82.0,100.0,40.255
3011,今皓,電子零組件業,19.2,2022-06-28,2022Q1,23.7,0.0,75.86,100.0,8.03,40.15,-1.987009047270651,0.0,0.0,0.0,48.7460943420561,71.86523585514024,40.216523585514025
3432,台端,電子零組件業,13.65,2022-06-28,2022Q1,12.64,51.480904130943095,64.71,100.0,-63.74333333333333,0.0,-251.60766482624229,0.0,-0.4339617610197061,0.0,89.4658594905628,100.0,40.14809041309431
2891,中信金,金融保險業,25.8,2022-06-28,2022Q1,10.16,71.483771251932,-16.83,0.0,17.99,89.95,36.594866416536206,100.0,-4.80893188792826,0.0,5.84661234252362,0.0,40.1383771251932
3628,盈正,其他電子業,42.7,2022-06-28,2022Q1,0.0,0.0,27.27,54.54,-21.293333333333333,0.0,0.13083389232340445,0.0,37.78460583488516,100.0,46.0,65.0,40.135
3045,台灣大,通信網路業,110.0,2022-06-28,2022Q1,28.5,10.465116279069765,-3.96,0.0,11.11,55.55,10.30897592133346,26.544879606667298,2.431009525348296,100.0,35.9629470827316,39.90736770682901,40.128980339589965
6418,詠昇,電子零組件業,14.9,2022-06-28,2022Q1,0.0,0.0,75.0,100.0,8.836666666666668,44.183333333333344,0.8912275958173659,0.0,0.0,0.0,45.0,62.5,40.08666666666667
2723,美食-KY,觀光餐旅,109.5,2022-06-28,2022Q1,18.25,100.0,-5.0,0.0,0.0,0.0,6.803611867493956,9.01805933746978,2.389976782614152,100.0,54.8186394641325,87.04659866033126,40.057368766653596
2301,光寶科,電腦及週邊設備業,57.6,2022-06-28,2022Q1,11.23,61.36543014996053,-49.73,0.0,7.59,37.95,7.230756148419106,11.15378074209553,2.7812163992869876,100.0,38.4987740019657,46.24693500491425,40.02430362680181
3481,群創,光電業,12.6,2022-06-28,2022Q1,2.78,100.0,-84.35,0.0,-32.49333333333333,0.0,3.2089737892921586,0.0,2.8036110263075606,100.0,65.6482240458409,100.0,40.0
1312,國喬,塑膠工業,23.3,2022-06-28,2022Q1,4.76,100.0,-69.48,0.0,-7.516666666666666,0.0,3.57893335531504,0.0,1.949204962758916,100.0,63.5266455040924,100.0,40.0
8420,明揚,,51.9,2022-06-28,2022Q1,0.0,0.0,306.98,100.0,0.0,0.0,13.257144449941812,41.28572224970906,0.0,0.0,55.0,87.5,39.94285833745636
2916,滿心,居家生活,21.5,2022-06-28,2022Q1,0.0,0.0,-4.29,0.0,5.913333333333334,29.56666666666667,10.271280415762527,26.356402078812636,4.691601589258803,100.0,70.0,100.0,39.86679364515523
1474,弘裕,紡織纖維,12.55,2022-06-28,2022Q1,12.3,56.42829973373905,-25.71,0.0,6.243333333333333,31.216666666666665,2.350260402007561,0.0,3.006394812765831,100.0,51.7352969287437,79.33824232185925,39.819987538893166
2371,大同,電機機械,34.1,2022-06-28,2022Q1,17.67,45.257854179016,269.23,100.0,1.8633333333333333,9.316666666666666,11.538052490144118,32.69026245072059,0.4505646907591188,0.0,34.1015232681749,35.25380817043725,39.81803893588675
2886,兆豐金,金融保險業,36.35,2022-06-28,2022Q1,19.34,0.5409582689335446,-4.35,0.0,4.743333333333332,23.71666666666666,46.840196082557824,100.0,3.9449766328862355,100.0,7.4903078711788,0.0,39.797429160226685
1713,國化,化學工業,24.2,2022-06-28,2022Q1,21.61,32.234332425068125,30.43,60.86,11.356666666666667,56.78333333333334,0.9311183345326419,0.0,0.06919623206268158,0.0,94.2961772381454,100.0,39.79509990917349
3268,海德威,半導體業,22.2,2022-06-28,2022Q1,0.0,0.0,26.32,52.64,18.87333333333333,94.36666666666666,1.1909608830705893,0.0,-3.097564038171773,0.0,51.0,77.5,39.78333333333333
3704,合勤控,通信網路業,27.75,2022-06-28,2022Q1,9.34,100.0,155.17,100.0,-7.4366666666666665,0.0,2.8441586136873167,0.0,-0.5338094463190797,0.0,39.0424366747688,47.606091686922,39.7606091686922
1309,台達化,塑膠工業,29.25,2022-06-28,2022Q1,6.83,97.54224270353302,-47.29,0.0,-11.483333333333334,0.0,4.748751578783531,0.0,1.7243655606628299,100.0,77.2083878486021,100.0,39.754224270353305
2415,錩新,電子零組件業,33.0,2022-06-28,2022Q1,11.91,57.17069368667186,3.95,7.9,1.2466666666666661,6.233333333333331,19.367886395423017,71.83943197711508,1.24235364490689,100.0,17.4372312114304,0.0,39.71465083190111
6790,永豐實,造紙工業,42.1,2022-06-28,2022Q1,12.24,49.13473423980221,-43.42,0.0,-7.773333333333333,0.0,11.378021738578399,31.890108692891992,1.6396343545604988,100.0,71.2080742942516,100.0,39.696989727914016
2397,友通,電腦及週邊設備業,0.0,2022-06-28,2022Q1,10.92,63.812154696132595,25.86,51.72,63.96333333333333,100.0,3.6074710630387092,0.0,-2.610388212500299,0.0,21.0078603101863,2.519650775465747,39.56318054715983
2317,鴻海,其他電子業,112.0,2022-06-28,2022Q1,11.05,62.40586603250099,4.43,8.86,7.193333333333334,35.96666666666667,2.605180739151433,0.0,2.093425833120489,100.0,35.6014263926361,39.00356598159025,39.54927653474246
9802,鈺齊-KY,運動休閒,179.5,2022-06-28,2022Q1,23.74,9.85832349468716,67.43,100.0,0.0,0.0,14.0407743121171,45.2038715605855,0.1839534618371606,0.0,47.0361508157136,67.590377039284,39.525450787484935
2409,友達,光電業,16.85,2022-06-28,2022Q1,2.95,100.0,-56.8,0.0,-23.993333333333336,0.0,6.498633559162878,7.493167795814388,2.657200211603493,100.0,53.1664899701231,82.91622492530776,39.415597661902936
6672,騰輝電子-KY,電子零組件業,73.9,2022-06-28,2022Q1,6.98,95.5962587685113,-37.5,0.0,0.0,0.0,9.384000516371236,21.92000258185618,1.655835377759976,100.0,45.6834583312377,64.20864582809426,39.26849084693898
3605,宏致,電子零組件業,39.5,2022-06-28,2022Q1,10.15,70.88854247856587,-1.61,0.0,6.843333333333334,34.21666666666667,4.737371818880544,0.0,1.519989000244439,100.0,40.6244771909559,51.561192977389744,39.0883068789289
1541,錩泰,電機機械,42.8,2022-06-28,2022Q1,8.63,98.84410195613515,113.59,100.0,-4.1433333333333335,0.0,6.125810801524865,5.629054007624323,0.44875629359323754,0.0,33.3120692261587,33.280173065396745,39.05678560329684
2308,台達電,電子零組件業,236.0,2022-06-28,2022Q1,23.32,0.0,-7.91,0.0,11.18,55.89999999999999,9.049302397711601,20.24651198855801,1.154609249429986,93.51560706142658,44.5241604596811,61.31040114920274,39.05113832548929
3577,泓格,電腦及週邊設備業,75.7,2022-06-28,2022Q1,0.0,0.0,43.18,86.36,-1.7433333333333334,0.0,14.91948055997256,49.597402799862806,-0.2741237299344676,0.0,74.0,100.0,39.02961041997942
2608,嘉里大榮,航運業,40.6,2022-06-28,2022Q1,13.76,34.272497897392775,-4.62,0.0,3.1300000000000003,15.650000000000002,12.631834732481783,38.15917366240892,1.6824797768866813,100.0,46.892557699458,67.231394248645,39.00426526396512
6026,福邦證,金融保險業,16.25,2022-06-28,2022Q1,0.0,0.0,-79.13,0.0,-97.19333333333333,0.0,60.50255590828425,100.0,3.049876139996402,100.0,36.0,40.0,39.0
1108,幸福,水泥工業,10.9,2022-06-28,2022Q1,16.77,28.47826086956522,7.69,15.380000000000003,-3.6533333333333338,0.0,9.717440240841583,23.587201204207915,6.553448118793842,100.0,55.0078838260334,87.5197095650835,38.98287722409606
2707,晶華,觀光餐旅,170.0,2022-06-28,2022Q1,10.02,100.0,-6.64,0.0,-8.53,0.0,23.271717958843773,91.35858979421887,0.9266155749016676,60.94508212880966,32.2711372637892,30.677843159473,38.96058921084206
1219,福壽,食品工業,21.15,2022-06-28,2022Q1,23.5,32.58805895578316,-13.7,0.0,24.643333333333334,100.0,5.422491500011959,2.1124575000597945,0.7720971009396066,38.8710144199438,50.3944532195299,75.98613304882475,38.948490709458525
1737,臺鹽,食品工業,33.5,2022-06-28,2022Q1,16.03,69.91006744941294,25.49,50.97999999999999,2.25,11.25,14.249967231867307,46.24983615933654,-0.9561530360426916,0.0,76.5498806502394,100.0,38.92348216884177
6577,勁豐,電腦及週邊設備業,61.4,2022-06-28,2022Q1,0.0,0.0,24.17,48.34,12.806666666666667,64.03333333333333,10.304601551276143,26.52300775638071,-2.8235170235170237,0.0,65.0,100.0,38.870117830123775
2345,智邦,通信網路業,240.5,2022-06-28,2022Q1,27.55,15.116279069767447,14.36,28.720000000000002,25.676666666666666,100.0,9.597991959216154,22.98995979608077,-0.05791659966143909,0.0,46.7693996147934,66.9234990369835,38.832471780087204
8076,伍豐,電腦及週邊設備業,28.0,2022-06-28,2022Q1,0.0,0.0,400.0,100.0,4.55,22.749999999999996,3.9909041259768805,0.0,-2.9199188671449496,0.0,57.0,92.5,38.8
1323,永裕,塑膠工業,33.8,2022-06-28,2022Q1,10.94,65.97542242703534,3.23,6.460000000000001,2.1500000000000004,10.750000000000002,9.908785502384875,24.543927511924373,2.314340291521107,100.0,38.6523185949156,46.630796487289,38.70721101822109
3051,力特,光電業,16.95,2022-06-28,2022Q1,8.92,85.5956678700361,-81.53,0.0,-4.213333333333334,0.0,10.507157421932543,27.535787109662717,1.740745400785484,100.0,43.4300873875959,58.575218468989746,38.547456700351994
3027,盛達,通信網路業,18.1,2022-06-28,2022Q1,41.14,0.0,320.0,100.0,4.1033333333333335,20.516666666666666,4.148971958917935,0.0,-4.693780374061165,0.0,57.051902004748,92.62975501187,38.36630883452033
2340,台亞,半導體業,47.1,2022-06-28,2022Q1,28.72,0.0,-54.55,0.0,3.8766666666666674,19.383333333333336,10.88814109187895,29.44070545939475,1.3371279784431862,100.0,80.4148882709201,100.0,38.29277248557588
6751,智聯服務,資訊服務業,40.35,2022-06-28,2022Q1,0.0,0.0,16.33,32.66,40.03666666666667,100.0,3.3336619713830467,0.0,-10.580210426764394,0.0,73.0,100.0,38.165
1707,葡萄王,生技醫療業,135.0,2022-06-28,2022Q1,15.34,83.90779836277467,-0.63,0.0,8.076666666666666,40.38333333333333,20.54955227080065,77.74776135400326,0.40600687226912147,0.0,66.1167292894106,100.0,38.12961070604462
6505,台塑化,油電燃氣業,96.0,2022-06-28,2022Q1,20.25,53.06366682623265,-23.94,0.0,49.73,100.0,8.577755781599391,17.888778907996954,0.13100905924885978,0.0,78.6339664161723,100.0,37.98968351882281
1341,富林-KY,塑膠工業,75.0,2022-06-28,2022Q1,14.29,40.245775729646695,-31.65,0.0,0.0,0.0,11.462998109781719,32.3149905489086,1.4170557319318091,100.0,56.3868891197621,90.96722279940525,37.96854843524148
6168,宏齊,光電業,20.9,2022-06-28,2022Q1,11.3,68.41155234657039,9.8,19.6,-4.176666666666667,0.0,11.29644295097964,31.4822147548982,0.9025079263604399,57.501132337205696,67.4402868831225,100.0,37.96371391533291
1785,光洋科,其他電子業,42.75,2022-06-28,2022Q1,0.0,0.0,36.96,73.92,0.3899999999999994,1.9499999999999968,7.106608890742865,10.533044453714325,0.8584990250252521,51.21414643217888,49.0,72.5,37.942785954492926
8121,越峰,電子零組件業,31.6,2022-06-28,2022Q1,0.0,0.0,75.0,100.0,10.123333333333335,50.616666666666674,3.7314046866771986,0.0,-12.471629745532406,0.0,31.0,27.500000000000004,37.873333333333335
9902,台火,其他業,11.45,2022-06-28,2022Q1,10.22,78.15465729349737,-60.0,0.0,-53.82666666666666,0.0,-31.307676532914076,0.0,15.905020352781547,100.0,94.5543429975373,100.0,37.81546572934974
5469,瀚宇博,電子零組件業,33.15,2022-06-28,2022Q1,4.83,100.0,-12.84,0.0,-11.646666666666667,0.0,9.600456486371913,23.002282431859562,2.238558189192448,100.0,37.3660649306006,43.4151623265015,37.79185859742908
2425,承啟,電腦及週邊設備業,29.85,2022-06-28,2022Q1,20.31,0.0,39.22,78.44,8.543333333333333,42.71666666666666,4.625069115412238,0.0,-0.04048823623211516,0.0,58.4678410563796,96.169602640949,37.770293597428235
8059,凱碩,通信網路業,10.15,2022-06-28,2022Q1,0.0,0.0,35.29,70.58,10.09,50.449999999999996,-6.671420802928027,0.0,0.0,0.0,72.0,100.0,37.735
4549,桓達,電機機械,84.4,2022-06-28,2022Q1,0.0,0.0,23.21,46.42,-11.5,0.0,20.425955022244544,77.12977511122273,0.6591853699085619,22.740767129794563,74.0,100.0,37.72261969264232
6203,海韻電,電子零組件業,55.4,2022-06-28,2022Q1,0.0,0.0,-40.74,0.0,-51.699999999999996,0.0,15.291258724330673,51.45629362165336,2.061355084223282,100.0,61.0,100.0,37.718444043248
1725,元禎,化學工業,21.8,2022-06-28,2022Q1,12.46,82.09809264305177,-3.33,0.0,-3.2699999999999996,0.0,1.8082230719824874,0.0,1.8862461816295557,100.0,57.7966280624901,94.49157015622525,37.658966279927704
2430,燦坤,電子通路業,32.75,2022-06-28,2022Q1,8.29,51.543942992874115,3.0,6.0,8.606666666666667,43.03333333333333,3.5962421065629226,0.0,6.148495645752997,100.0,29.5761065129556,23.940266282389004,37.65508759419298
2889,國票金,金融保險業,15.75,2022-06-28,2022Q1,16.07,25.811437403400305,-69.57,0.0,-16.296666666666667,0.0,40.75126515995654,100.0,7.5991846754475905,100.0,11.1691970274281,0.0,37.58114374034003
1110,東泥,水泥工業,20.0,2022-06-28,2022Q1,74.07,0.0,66.67,100.0,-11.716666666666667,0.0,3.868950252808418,0.0,0.5894091340290012,12.772733432714457,77.9666060853454,100.0,37.55454668654289
1530,亞崴,電機機械,30.8,2022-06-28,2022Q1,17.5,46.26556016597512,160.0,100.0,-31.203333333333333,0.0,3.058463860623077,0.0,-1.9344545614568498,0.0,51.5037618778788,78.759404694697,37.50249648606721
3206,志豐,電子零組件業,27.3,2022-06-28,2022Q1,0.0,0.0,21.43,42.86,0.7566666666666665,3.7833333333333323,4.454699852403,0.0,4.3387832890315465,100.0,44.0,60.0,37.471666666666664
3014,聯陽,半導體業,85.5,2022-06-28,2022Q1,7.5,85.67753001715266,7.73,15.46,-11.726666666666667,0.0,28.448180064675977,100.0,0.3561650607829857,0.0,73.8274546298015,100.0,37.43275300171527
4938,和碩,電腦及週邊設備業,68.2,2022-06-28,2022Q1,10.38,68.07419100236778,-64.57,0.0,9.366666666666665,46.83333333333333,1.3048677574122942,0.0,7.847428220159827,100.0,24.9729406389877,12.432351597469253,37.41732092665037
6594,展匯科,,35.0,2022-06-28,2022Q1,0.0,0.0,89.47,100.0,0.0,0.0,8.20809865734191,16.04049328670955,0.0,0.0,79.0,100.0,37.40607399300643
3138,耀登,通信網路業,130.5,2022-06-28,2022Q1,21.05,46.940024479804165,87.88,100.0,-6.876666666666666,0.0,6.623882342213808,8.119411711069038,0.09618109555901158,0.0,45.9723231665038,64.9308079162595,37.40499499626672
2102,泰豐,橡膠工業,20.1,2022-06-28,2022Q1,0.0,0.0,36.21,72.42,12.99,64.95,-52.73451535238484,0.0,0.0,0.0,45.1860461484382,62.96511537109551,37.39151153710955
1256,鮮活果汁-KY,食品工業,283.0,2022-06-28,2022Q1,17.29,63.614788908318765,-77.72,0.0,0.0,0.0,8.53655108042306,17.682755402115298,1.14212478920742,91.73211274391716,75.178693783098,100.0,37.360314749932606
6492,生華科,生技醫療業,71.6,2022-06-28,2022Q1,0.0,0.0,14.71,29.42,66.0,100.0,-31438.4,0.0,0.0,0.0,97.0,100.0,37.355000000000004
5220,萬達光電,光電業,33.45,2022-06-28,2022Q1,0.0,0.0,-16.67,0.0,24.80333333333333,100.0,11.458013593510195,32.290067967550975,0.6117599045645759,15.965700652082266,57.0,92.5,37.2866503255491
1529,樂事綠能,電機機械,19.5,2022-06-28,2022Q1,23.21,12.418494368701838,0.0,0.0,-2.616666666666666,0.0,13.051406938897994,40.25703469448997,111.84703196347031,100.0,62.1727026456276,100.0,37.280404641043674
4973,廣穎,半導體業,20.35,2022-06-28,2022Q1,0.0,0.0,18.18,36.36,-5.273333333333333,0.0,0.8852958497264208,0.0,1.1222532475415807,88.89332107736868,64.0,100.0,36.868664215473736
2450,神腦,通信網路業,31.6,2022-06-28,2022Q1,13.06,86.05875152998776,16.67,33.34,11.513333333333334,57.56666666666666,1.3365212208477435,0.0,-3.916969319540813,0.0,53.653685877758,84.134214694395,36.86762995577161
8050,廣積,電腦及週邊設備業,59.0,2022-06-28,2022Q1,0.0,0.0,393.55,100.0,-5.033333333333336,0.0,12.146758449662553,35.73379224831276,-1.2736024612122854,0.0,46.0,65.0,36.860068837246914
3013,晟銘電,電腦及週邊設備業,13.85,2022-06-28,2022Q1,0.0,0.0,-50.0,0.0,11.896666666666667,59.483333333333334,-0.8442703365349465,0.0,45.87161977601748,100.0,39.4779050656611,48.69476266415275,36.766142933081944
4173,久裕,生技醫療業,17.55,2022-06-28,2022Q1,0.0,0.0,6.67,13.34,7.816666666666666,39.08333333333333,5.778933966267939,3.8946698313396944,3.617014288060437,100.0,40.0,50.0,36.73586714136762
2832,台產,金融保險業,19.55,2022-06-28,2022Q1,15.16,32.843894899536316,433.33,100.0,-22.74,0.0,6.790705484659624,8.953527423298121,-9.937505995861143,0.0,48.2896149153569,70.72403728839225,36.699822332287575
1203,味王,食品工業,34.1,2022-06-28,2022Q1,17.67,61.71621284036972,7.27,14.540000000000001,7.43,37.15,18.9327944420643,69.6639722103215,0.03343147294760198,0.0,55.9031207436466,89.7578018591165,36.66199730149685
1587,吉茂,汽車工業,24.05,2022-06-28,2022Q1,15.13,59.94047619047619,25.71,51.42,10.376666666666667,51.88333333333334,6.696266297086234,8.481331485431172,0.5351131938485909,5.0161705497987015,40.6340058551245,51.58501463781124,36.65964958226983
6112,邁達特,資訊服務業,36.7,2022-06-28,2022Q1,15.75,42.67461669505963,-61.86,0.0,5.3999999999999995,26.999999999999996,3.2324433113895843,0.0,1.775861461282705,100.0,47.8670114528672,69.667528632168,36.634214532722766
8916,光隆,其他業,43.6,2022-06-28,2022Q1,0.0,0.0,13.27,26.539999999999996,27.97,100.0,5.503187055941375,2.5159352797068735,-1.0278765291177017,0.0,58.0,95.0,36.51239029195603
1788,杏昌,生技醫療業,157.0,2022-06-28,2022Q1,0.0,0.0,5.53,11.06,83.43,100.0,11.29035871927584,31.4517935963792,0.039280705378401594,0.0,56.0,90.0,36.48276903945688
1304,台聚,塑膠工業,25.7,2022-06-28,2022Q1,6.15,100.0,-56.9,0.0,-1.92,0.0,9.757238906414411,23.786194532072056,6.2851265710348025,100.0,31.5817776965742,28.9544442414355,36.46337360395436
5007,三星,鋼鐵工業,57.7,2022-06-28,2022Q1,16.97,0.0,7.5,15.0,7.693333333333334,38.46666666666667,16.04821779465216,55.2410889732608,0.7320366943580456,33.14809919400652,81.6400466530448,100.0,36.359116518123756
4530,宏易,觀光餐旅,7.97,2022-06-28,2022Q1,0.0,0.0,50.0,100.0,1.3199999999999996,6.599999999999998,-7.521987530521774,0.0,0.0,0.0,70.0,100.0,36.32
1904,正隆,造紙工業,27.15,2022-06-28,2022Q1,8.7,78.30655129789864,-40.18,0.0,2.983333333333333,14.916666666666664,7.001047377752292,10.005236888761463,1.1727735146096787,96.11050208709696,38.7551796119752,46.887949029938,36.22566931685061
5439,高技,電子零組件業,44.0,2022-06-28,2022Q1,0.0,0.0,-0.88,0.0,-8.846666666666666,0.0,13.271498299212139,41.357491496060696,1.6125505178984554,100.0,62.0,100.0,36.203623724409105
1234,黑松,食品工業,34.7,2022-06-28,2022Q1,17.7,61.566325256057965,-6.06,0.0,-12.1,0.0,1.0220429999691802,0.0,1.2137210322683578,100.0,81.0238136225957,100.0,36.1566325256058
4303,信立,塑膠工業,23.1,2022-06-28,2022Q1,0.0,0.0,692.31,100.0,-4.66,0.0,6.518689837568125,7.593449187840625,0.20872260668973472,0.0,75.0,100.0,36.13901737817609
3010,華立,電子通路業,88.4,2022-06-28,2022Q1,6.92,67.81472684085512,28.85,57.70000000000001,11.11,55.55,4.110352054337991,0.0,-0.8489113117365905,0.0,35.2536868223763,38.13421705594075,36.12989438967959
9946,三發地產,建材營造業,13.2,2022-06-28,2022Q1,18.86,0.0,66.67,100.0,-22.12,0.0,12.330029850746268,36.65014925373134,-3.381959624533882,0.0,42.3464073293576,55.86601832339401,36.084124220399104
6661,威健生技,生技醫療業,22.5,2022-06-28,2022Q1,0.0,0.0,12.0,24.0,53.26333333333333,100.0,-5.992634285317212,0.0,0.0,0.0,73.0,100.0,36.0
6294,智基,文化創意業,99.0,2022-06-28,2022Q1,0.0,0.0,-40.29,0.0,0.25333333333333324,1.2666666666666664,21.78586974204299,83.92934871021495,2.767174905796921,100.0,32.0,30.0,35.84273563986558
8077,洛,觀光餐旅,0.0,2022-06-28,2022Q1,0.0,0.0,31.65,63.3,31.26,100.0,-34.196005588118226,0.0,0.0,0.0,12.0,0.0,35.825
6703,軒郁,生技醫療業,100.5,2022-06-28,2022Q1,0.0,0.0,-3.43,0.0,19.963333333333335,99.81666666666668,12.672018348623853,38.36009174311926,0.23190967668358328,0.0,72.0,100.0,35.71734709480123
1259,安心,觀光餐旅,0.0,2022-06-28,2022Q1,0.0,0.0,-36.92,0.0,11.193333333333333,55.96666666666666,1.1789009036894484,0.0,6.1725144011371285,100.0,38.0,45.0,35.693333333333335
6121,新普,電腦及週邊設備業,269.0,2022-06-28,2022Q1,0.0,0.0,11.26,22.52,0.4533333333333333,2.2666666666666666,10.079932500394309,25.39966250197154,2.3401030435339583,100.0,43.0,57.49999999999999,35.64328270862906
2887,台新新光金,金融保險業,16.9,2022-06-28,2022Q1,11.5,61.12828438948995,-57.14,0.0,26.166666666666668,100.0,17.667796979129726,63.33898489564863,0.2568754445908598,0.0,7.61856825574426,0.0,35.61367617329629
3372,典範,半導體業,14.25,2022-06-28,2022Q1,0.0,0.0,2.5,5.0,-17.55333333333333,0.0,10.807948395135437,29.039741975677185,1.4435692552677226,100.0,80.0,100.0,35.60596129635158
1609,大亞,電器電纜,26.3,2022-06-28,2022Q1,13.92,47.420781134856306,-50.0,0.0,8.556666666666667,42.78333333333333,4.975953211186223,0.0,1.7564622325842454,100.0,29.1491352492175,22.872838123043753,35.58602859245667
3015,全漢,電子零組件業,37.8,2022-06-28,2022Q1,9.36,77.04598597038192,1.43,2.86,-11.913333333333334,0.0,3.6304390403484947,0.0,1.1007385235545395,85.81978907921993,64.995161714099,100.0,35.583556412882174
3024,憶聲,光電業,12.25,2022-06-28,2022Q1,16.12,33.610108303249085,16.67,33.34,13.860000000000001,69.30000000000001,2.4452734493707364,0.0,-1.6284755512943432,0.0,64.1103059092167,100.0,35.556010830324915
1409,新纖,紡織纖維,18.7,2022-06-28,2022Q1,7.45,93.32445796880943,22.73,45.46,9.953333333333333,49.766666666666666,11.473225402532906,32.36612701266453,-6.9286624363372615,0.0,18.5847415680618,0.0,35.50569818211396
2812,台中銀,金融保險業,13.75,2022-06-28,2022Q1,12.61,52.55023183925811,7.69,15.380000000000003,11.399999999999999,56.99999999999999,45.45442115680784,100.0,-0.004511705984417099,0.0,8.2514643866061,0.0,35.500023183925805
6251,定穎,,25.0,2022-06-28,2022Q1,11.21,75.26666666666667,900.0,100.0,0.0,0.0,5.945526143824392,4.727630719121958,0.0,0.0,29.0366873744396,22.591718436099004,35.49498311814486
9943,好樂迪,觀光餐旅,55.6,2022-06-28,2022Q1,292.63,0.0,-18.32,0.0,-15.26333333333333,0.0,18.283453914564628,66.41726957282314,1.0431495365537313,77.59279093624734,67.1800485444344,100.0,35.48114862317294
6547,高端疫苗,生技醫療業,206.0,2022-06-28,2022Q1,0.0,0.0,10.81,21.62,7583.02,100.0,-46.38341385158924,0.0,0.0,0.0,88.0,100.0,35.405
4760,勤凱,其他電子業,65.8,2022-06-28,2022Q1,0.0,0.0,-40.44,0.0,-32.89666666666667,0.0,12.50533940996431,37.52669704982156,4.964881024278294,100.0,59.0,97.5,35.37900455747324
6221,晉泰,資訊服務業,46.0,2022-06-28,2022Q1,0.0,0.0,17.86,35.72,73.18666666666667,100.0,8.181950269387242,15.90975134693621,-3.5668290196522627,0.0,36.0,40.0,35.31646270204043
1582,信錦,電子零組件業,67.9,2022-06-28,2022Q1,53.46,0.0,-75.49,0.0,8.336666666666666,41.68333333333333,1.862382733105249,0.0,5.50001617024029,100.0,47.74266363867,69.35665909667502,35.272332576334165
3494,誠研,電腦及週邊設備業,8.2,2022-06-28,2022Q1,0.0,0.0,25.49,50.97999999999999,38.27333333333333,100.0,-72.3069917693352,0.0,0.0,0.0,29.7761295278786,24.440323819696495,35.189032381969646
1449,佳和,紡織纖維,10.1,2022-06-28,2022Q1,7.27,94.69379992392545,109.52,100.0,-2.3633333333333333,0.0,-4.254545039246493,0.0,-8.068112158020206,0.0,22.8524745732788,7.131186433197004,35.18249863571224
4906,正文,通信網路業,30.55,2022-06-28,2022Q1,20.1,51.591187270501834,-52.78,0.0,-12.303333333333335,0.0,0.03079695680441651,0.0,15.431708236476723,100.0,60.0189714467296,100.0,35.159118727050185
4188,安克,生技醫療業,16.25,2022-06-28,2022Q1,0.0,0.0,28.57,57.14,10.873333333333335,54.366666666666674,-62.78948284868535,0.0,0.0,0.0,80.0,100.0,35.15833333333333
8176,智捷,通信網路業,9.24,2022-06-28,2022Q1,0.0,0.0,10.2,20.4,43.03666666666666,100.0,-86.70909948137671,0.0,0.0,0.0,72.0,100.0,35.1
1817,凱撒衛,玻璃陶瓷,35.15,2022-06-28,2022Q1,11.3,0.0,5.41,10.82,17.3,86.5,11.743176071962987,33.71588035981493,0.0854365135788426,0.0,69.4041513323852,100.0,35.06238205397224
6185,幃翔,電子零組件業,12.95,2022-06-28,2022Q1,0.0,0.0,77.78,100.0,-4.460000000000001,0.0,-11.981922796479855,0.0,0.0,0.0,82.0,100.0,35.0
4909,新復興,通信網路業,17.2,2022-06-28,2022Q1,0.0,0.0,164.71,100.0,-32.76333333333333,0.0,-29.12074318230792,0.0,-2.438408644400786,0.0,93.0,100.0,35.0
2438,翔耀,光電業,13.55,2022-06-28,2022Q1,0.0,0.0,75.0,100.0,-36.903333333333336,0.0,4.98640497546645,0.0,0.0,0.0,62.4037416583179,100.0,35.0
5301,寶得利,觀光餐旅,12.05,2022-06-28,2022Q1,0.0,0.0,74.47,100.0,-33.09,0.0,-125.8663131982579,0.0,0.0,0.0,74.0,100.0,35.0
2355,敬鵬,電子零組件業,29.55,2022-06-28,2022Q1,29.85,0.0,107.14,100.0,-0.7333333333333343,0.0,-2.9460786294395733,0.0,-70.69840142095914,0.0,68.3471708155677,100.0,35.0
2745,五福,觀光餐旅,47.4,2022-06-28,2022Q1,0.0,0.0,51.98,100.0,-37.76,0.0,-97.97134752791641,0.0,0.0,0.0,80.0,100.0,35.0
6419,京晨科,光電業,30.5,2022-06-28,2022Q1,0.0,0.0,92.54,100.0,-24.879999999999995,0.0,-13.285061824663028,0.0,-0.6187679840272476,0.0,60.0,100.0,35.0
2884,玉山金,金融保險業,29.7,2022-06-28,2022Q1,20.2,0.0,-17.95,0.0,-5.359999999999999,0.0,39.401462048484,100.0,1.2760386815426654,100.0,5.96181636481361,0.0,35.0
2633,台灣高鐵,航運業,28.15,2022-06-28,2022Q1,56.3,0.0,-58.33,0.0,-13.553333333333335,0.0,27.121626741229644,100.0,8.31568713890442,100.0,15.9489857872882,0.0,35.0
6283,淳安,其他電子業,31.65,2022-06-28,2022Q1,0.0,0.0,55.56,100.0,-33.48,0.0,-9.861751553769581,0.0,0.0,0.0,60.7156574636969,100.0,35.0
6265,方土昶,電子通路業,11.75,2022-06-28,2022Q1,0.0,0.0,125.0,100.0,-4.783333333333331,0.0,-0.429794082537517,0.0,-8.306921856406188,0.0,85.0,100.0,35.0
2929,淘帝-KY,貿易百貨業,14.6,2022-06-28,2022Q1,0.0,0.0,128.0,100.0,0.0,0.0,3.3322270448736457,0.0,-0.05264790604919123,0.0,73.0486893860086,100.0,35.0
6243,迅杰,半導體業,39.65,2022-06-28,2022Q1,23.6,0.0,75.68,100.0,-7.81,0.0,3.0835121840041024,0.0,-0.36814153188260856,0.0,70.5176569448731,100.0,35.0
4523,永彰,電機機械,29.25,2022-06-28,2022Q1,0.0,0.0,303.23,100.0,-17.3,0.0,-6.584695579368134,0.0,-1.6219238269197542,0.0,75.0,100.0,35.0
3067,全域,其他電子業,40.8,2022-06-28,2022Q1,0.0,0.0,83.33,100.0,-1.6966666666666679,0.0,-17.012378721980596,0.0,0.0,0.0,79.0,100.0,35.0
3191,和進,電子零組件業,9.26,2022-06-28,2022Q1,0.0,0.0,85.11,100.0,-7.266666666666667,0.0,-19.81776765375854,0.0,0.0,0.0,65.0,100.0,35.0
1435,中福,其他業,59.8,2022-06-28,2022Q1,59.21,0.0,1385.71,100.0,-7.436666666666667,0.0,-247.91846109675566,0.0,-0.04138431945342368,0.0,88.9334022016335,100.0,35.0
8047,星雲,其他電子業,13.85,2022-06-28,2022Q1,0.0,0.0,106.67,100.0,-1.486666666666667,0.0,0.1450255622787294,0.0,-33.825750242013555,0.0,75.0,100.0,35.0
8072,陞泰,電子通路業,24.1,2022-06-28,2022Q1,40.85,0.0,333.33,100.0,-4.65,0.0,2.101833095600009,0.0,-0.654393903310312,0.0,84.8561239929534,100.0,35.0
3686,達能,半導體業,14.15,2022-06-28,2022Q1,0.0,0.0,52.94,100.0,-85.95333333333333,0.0,-46.5315472337035,0.0,0.0,0.0,98.4037454744354,100.0,35.0
5263,智崴,文化創意業,110.5,2022-06-28,2022Q1,0.0,0.0,63.64,100.0,-2.3866666666666654,0.0,-26.372012705455276,0.0,0.0,0.0,62.0,100.0,35.0
6589,台康生技,生技醫療業,89.8,2022-06-28,2022Q1,0.0,0.0,104.5,100.0,-10.783333333333331,0.0,-9.73403107764987,0.0,-2.915752237943979,0.0,92.0,100.0,35.0
6126,信音,電子零組件業,20.9,2022-06-28,2022Q1,0.0,0.0,15.0,30.0,-7.633333333333333,0.0,9.319273516182873,21.596367580914368,1.2769923794601523,100.0,37.0,42.5,34.989455137137156
8101,華冠,通信網路業,2.38,2022-06-28,2022Q1,6.8,100.0,41.56,83.12,-55.553333333333335,0.0,-59.126186149808206,0.0,0.0,0.0,36.6991160492684,41.747790123170994,34.954779012317104
1229,聯華,食品工業,57.0,2022-06-28,2022Q1,19.45,52.822882837871596,2.25,4.5,18.2,90.99999999999999,7.991539972130858,14.957699860654289,0.2187040888288459,0.0,52.2920191852171,80.73004796304275,34.92394805918958
3088,艾訊,電腦及週邊設備業,58.1,2022-06-28,2022Q1,0.0,0.0,3.5,7.000000000000001,43.76666666666667,100.0,10.55566892484828,27.778344624241402,-3.4734010714392602,0.0,56.0,90.0,34.916751693636215
9945,潤泰新,其他業,74.8,2022-06-28,2022Q1,11.23,71.05448154657294,-33.85,0.0,13.203333333333333,66.01666666666667,14.937758676441456,49.68879338220728,0.38193830101719156,0.0,48.5936524922853,71.48413123071326,34.91051361839305
4956,光鋐,光電業,17.35,2022-06-28,2022Q1,13.99,48.98916967509024,-50.0,0.0,-26.33666666666667,0.0,3.2961110370971456,0.0,5.0849494097807755,100.0,62.3540286222805,100.0,34.898916967509024
6538,倉和,電子零組件業,73.0,2022-06-28,2022Q1,0.0,0.0,-15.13,0.0,23.399999999999995,100.0,11.431992998940629,32.159964994703145,-0.46289415232599174,0.0,62.0,100.0,34.82399474920547
6282,康舒,電子零組件業,30.8,2022-06-28,2022Q1,25.45,0.0,25.0,50.0,24.75333333333333,100.0,1.581571071799123,0.0,-3.621472834429305,0.0,29.1522320982616,22.880580245654,34.7880580245654
5523,豐謙,建材營造業,28.3,2022-06-28,2022Q1,0.0,0.0,734.29,100.0,-93.43666666666667,0.0,0.04070464259062436,0.0,-0.5865506144137428,0.0,59.0,97.5,34.75
1590,亞德客-KY,電機機械,1035.0,2022-06-28,2022Q1,31.03,0.0,9.53,19.06,0.0,0.0,27.824436523058516,100.0,0.6744481055347343,24.92115793353348,73.5051294359323,100.0,34.7492315867067
5443,均豪,半導體業,26.6,2022-06-28,2022Q1,0.0,0.0,74.36,100.0,-19.863333333333333,0.0,12.30626589996666,36.5313294998333,-1.3717211493343393,0.0,37.0,42.5,34.729699424974996
2031,新光鋼,鋼鐵工業,41.15,2022-06-28,2022Q1,5.65,82.65792610250298,-63.5,0.0,36.62,100.0,6.270907753206559,6.354538766032794,-1.7586764762528408,0.0,41.974267498447,54.93566874611749,34.71254029976697
8481,政伸,其他業,67.5,2022-06-28,2022Q1,10.94,73.09314586994728,4.26,8.52,0.23000000000000012,1.1500000000000006,27.404481361952826,100.0,0.16580009193523673,0.0,64.7423917087591,100.0,34.66931458699473
8084,巨虹,電子通路業,86.1,2022-06-28,2022Q1,0.0,0.0,1366.67,100.0,3.736666666666667,18.683333333333334,8.535089816664481,17.675449083322405,0.1683685942642219,0.0,33.0,32.5,34.637984029165025
6115,鎰勝,電子零組件業,43.0,2022-06-28,2022Q1,15.81,26.773187840997647,2.67,5.34,0.586666666666666,2.93333333333333,5.992897002311192,4.964485011555961,1.3988370556363157,100.0,57.006782133394,92.516955333485,34.59535373584833
3105,穩懋,半導體業,201.0,2022-06-28,2022Q1,0.0,0.0,-23.53,0.0,-9.78,0.0,16.369825726063976,56.84912863031988,2.185229097924443,100.0,44.0,60.0,34.52736929454798
3050,鈺德,光電業,17.55,2022-06-28,2022Q1,21.94,0.0,-58.82,0.0,7.326666666666668,36.63333333333334,6.266979524441068,6.334897622205342,8.772692817888952,100.0,44.7577402379102,61.894350594775496,34.466336369475016
9917,中保科,其他業,104.0,2022-06-28,2022Q1,17.36,27.961335676625666,19.55,39.1,6.4366666666666665,32.18333333333333,15.479095572038013,52.39547786019006,-0.030130139569973596,0.0,50.0401859507301,75.10046487682524,34.377168401040265
5203,訊連,資訊服務業,87.8,2022-06-28,2022Q1,0.0,0.0,44.74,89.48,1.9799999999999998,9.899999999999999,4.952283571915474,0.0,-0.12357700630350926,0.0,69.0476254463977,100.0,34.35
1726,永記,化學工業,73.3,2022-06-28,2022Q1,14.57,70.59945504087194,-23.3,0.0,13.423333333333332,67.11666666666666,10.12476852011767,25.623842600588347,-0.520868289552102,0.0,84.624823038907,100.0,34.32685522750878
5269,祥碩,半導體業,1195.0,2022-06-28,2022Q1,24.86,0.0,18.65,37.3,-5.04,0.0,28.587663513592933,100.0,-0.07417798993897158,0.0,82.7834067949578,100.0,34.325
2910,統領,貿易百貨業,31.75,2022-06-28,2022Q1,49.61,0.0,-76.19,0.0,-4.780000000000001,0.0,17.59302935704935,62.96514678524675,23.7573698630137,100.0,39.4226232815124,48.556558203781,34.30042783816511
8271,宇瞻,半導體業,38.85,2022-06-28,2022Q1,7.6,84.81989708404804,27.64,55.279999999999994,-11.4,0.0,8.80149861512681,19.007493075634052,-1.6203643604786722,0.0,56.4673372632368,91.168343158092,34.269947985559114
6733,博晟生醫,生技醫療業,22.6,2022-06-28,2022Q1,0.0,0.0,8.51,17.02,306.31,100.0,-1088.8732394366198,0.0,0.0,0.0,88.0,100.0,34.254999999999995
4999,鑫禾,電子零組件業,36.15,2022-06-28,2022Q1,14.7,35.42478565861262,1.41,2.82,-35.833333333333336,0.0,3.174014051095849,0.0,3.435566432521297,100.0,78.7624690227742,100.0,34.24747856586126
6281,全國電,電子通路業,87.5,2022-06-28,2022Q1,14.09,0.0,12.32,24.64,9.116666666666667,45.583333333333336,3.833563242626669,0.0,1.0790894860422646,82.72706943460923,29.3662045726881,23.415511431720255,34.16363169676054
1617,榮星,電器電纜,16.15,2022-06-28,2022Q1,13.57,50.0,-56.52,0.0,-14.056666666666667,0.0,1.676012215166988,0.0,6.329963702974999,100.0,56.5802635413467,91.45065885336676,34.14506588533668
4137,麗豐-KY,生技醫療業,190.0,2022-06-28,2022Q1,11.21,100.0,-2.56,0.0,0.0,0.0,30.66255927290611,100.0,-0.41018135980253695,0.0,56.552357911889,91.38089477972248,34.13808947797225
8431,匯鑽科,其他電子業,57.0,2022-06-28,2022Q1,0.0,0.0,-81.45,0.0,1.773333333333334,8.86666666666667,10.765103148679783,28.825515743398917,3.6151512185573065,100.0,52.0,80.0,34.09716069484317
9942,茂順,其他業,84.4,2022-06-28,2022Q1,12.67,60.93145869947277,12.0,24.0,-0.9666666666666673,0.0,16.93579323280384,59.6789661640192,0.600014367816092,14.287766830870282,71.0523886616678,100.0,33.90254416072421
3694,海華,通信網路業,18.2,2022-06-28,2022Q1,9.05,100.0,-25.0,0.0,-21.333333333333332,0.0,0.1550903859630795,0.0,177.9267005076142,100.0,35.3113216499111,38.27830412477775,33.82783041247777
1603,華電,電器電纜,28.8,2022-06-28,2022Q1,18.34,14.84893146647015,-42.86,0.0,38.49,100.0,8.123338092926698,15.61669046463349,-5.5536937459559566,0.0,64.0391780402091,100.0,33.827396716342044
5278,尚凡,數位雲端,231.0,2022-06-28,2022Q1,0.0,0.0,5.75,11.5,19.29,96.44999999999999,12.448712130333707,37.24356065166853,0.15745724195670374,0.0,44.0,60.0,33.75153409775028
8085,福華,其他電子業,18.3,2022-06-28,2022Q1,0.0,0.0,75.0,100.0,-13.526666666666666,0.0,-4.014532496276395,0.0,0.4279872070466104,0.0,55.0,87.5,33.75
3019,亞光,光電業,64.8,2022-06-28,2022Q1,14.3,46.75090252707581,-74.07,0.0,-3.36,0.0,4.5362326750704804,0.0,2.2707723890171927,100.0,56.2138046254817,90.53451156370424,33.728541409078005
2642,宅配通,航運業,56.0,2022-06-28,2022Q1,24.78,0.0,-40.62,0.0,5.523333333333333,27.616666666666667,4.2095388269578145,0.0,3.8777771637006744,100.0,52.6027072447232,81.50676811180799,33.674010144514135
3515,華擎,電腦及週邊設備業,116.0,2022-06-28,2022Q1,5.71,100.0,20.77,41.54,-25.886666666666667,0.0,13.61259682737278,43.0629841368639,-2.1589890766392363,0.0,47.2930263729067,68.23256593226675,33.66770421375626
6461,益得,生技醫療業,26.9,2022-06-28,2022Q1,0.0,0.0,11.76,23.52,28.52333333333333,100.0,-595.8381813299919,0.0,0.0,0.0,51.0,77.5,33.629999999999995
4401,東隆興,紡織纖維,29.25,2022-06-28,2022Q1,0.0,0.0,12.24,24.48,-3.85,0.0,6.4713985914948955,7.3569929574744775,3.6422663980030676,100.0,45.0,62.5,33.47354894362117
3416,融程電,電腦及週邊設備業,75.4,2022-06-28,2022Q1,14.84,32.87292817679559,5.31,10.62,9.56,47.800000000000004,15.561991036456508,52.80995518228254,-2.7690908880317826,0.0,68.8526473250375,100.0,33.42378609502194
1702,南僑,食品工業,46.2,2022-06-28,2022Q1,11.73,91.39395453409942,-33.63,0.0,0.18666666666666668,0.9333333333333335,6.833079939488121,9.165399697440604,1.845945366898768,100.0,30.6720422519336,26.680105629834,33.3688826376761
3042,晶技,電子零組件業,95.2,2022-06-28,2022Q1,9.34,77.20187061574435,5.88,11.76,-15.266666666666666,0.0,20.750352782951513,78.75176391475756,0.53036905317773,4.3384361682471395,63.3926991903028,100.0,33.340638882437496
1717,長興,化學工業,33.55,2022-06-28,2022Q1,11.53,87.16621253405995,9.09,18.18,4.526666666666666,22.633333333333333,8.663535005689578,18.31767502844789,0.7528806913208974,36.12581304584249,41.7272015384523,54.31800384613075,33.19290216812142
6170,統振,通信網路業,29.4,2022-06-28,2022Q1,0.0,0.0,22.73,45.46,11.106666666666667,55.53333333333333,4.941540479282196,0.0,0.734924596318338,33.560656616905426,36.0,40.0,33.18379799004775
4939,亞電,電子零組件業,18.9,2022-06-28,2022Q1,0.0,0.0,2.5,5.0,-1.7433333333333332,0.0,9.197961609071024,20.989808045355122,1.5470867716929233,100.0,55.0,87.5,33.148471206803265
3115,寶島極,電子零組件業,0.0,2022-06-28,2022Q1,0.0,0.0,46.15,92.3,-82.98,0.0,-8.073728843256124,0.0,0.0,0.0,86.0,100.0,33.075
2428,興勤,電子零組件業,130.5,2022-06-28,2022Q1,10.67,66.83554169914262,-2.52,0.0,-4.423333333333333,0.0,23.605926579438755,93.02963289719376,0.5847402123039563,12.105744614850906,67.9322090382933,100.0,33.05914802746351
3499,環天科,通信網路業,18.1,2022-06-28,2022Q1,0.0,0.0,88.46,100.0,-11.266666666666666,0.0,-15.07623463197472,0.0,0.0,0.0,52.0,80.0,33.0
2514,龍邦,其他業,17.55,2022-06-28,2022Q1,11.4,69.85940246045695,-86.11,0.0,-14.663333333333334,0.0,1.9116682595985812,0.0,4.808222699645605,100.0,43.3913630129835,58.478407532458746,32.83378099929157
1103,嘉泥,水泥工業,18.3,2022-06-28,2022Q1,16.79,28.333333333333343,40.0,80.0,-5.966666666666666,0.0,-19.563499727845766,0.0,0.0,0.0,62.6787537860235,100.0,32.833333333333336
6417,韋僑,通信網路業,0.0,2022-06-28,2022Q1,0.0,0.0,-11.48,0.0,19.959999999999997,99.79999999999998,8.821472551195706,19.107362755978528,-0.5429329159601757,0.0,74.0,100.0,32.82610441339678
3438,類比科,半導體業,55.7,2022-06-28,2022Q1,0.0,0.0,4.2,8.4,-10.816666666666665,0.0,13.560597519729425,42.80298759864712,1.000290787177996,71.47011245399943,80.0,100.0,32.81447063059696
2388,威盛,半導體業,55.4,2022-06-28,2022Q1,12.68,41.25214408233278,-107.69,0.0,59.876666666666665,100.0,3.5992354019234507,0.0,0.0,0.0,54.6478316756924,86.619579189231,32.78717232715638
4737,華廣,生技醫療業,74.0,2022-06-28,2022Q1,50.34,0.0,15.0,30.0,46.93,100.0,2.5767062058757984,0.0,-5.714565501233135,0.0,41.1369751013868,52.84243775346701,32.7842437753467
1233,天仁,食品工業,33.65,2022-06-28,2022Q1,68.67,0.0,5.56,11.12,-1.876666666666667,0.0,2.8347593488157874,0.0,3.4047619047619047,100.0,65.5314969010699,100.0,32.78
2527,宏璟,建材營造業,25.0,2022-06-28,2022Q1,4.45,100.0,-67.86,0.0,-72.51333333333334,0.0,23.63003361696931,93.15016808484656,-10.833641484284302,0.0,55.1739317119394,87.9348292798485,32.76600814071183
1537,廣隆,電機機械,135.5,2022-06-28,2022Q1,17.07,48.814463544754005,14.08,28.16,2.0033333333333334,10.016666666666667,16.720653713368606,58.60326856684303,0.14670723587432835,0.0,74.4931909485256,100.0,32.71526997283519
9928,中視,其他業,0.0,2022-06-28,2022Q1,0.0,0.0,79.41,100.0,7.68,38.4,-10.513844828261465,0.0,0.0,0.0,11.8896336695502,0.0,32.68
1777,生泰,生技醫療業,65.4,2022-06-28,2022Q1,0.0,0.0,-50.87,0.0,-8.943333333333333,0.0,8.545063597439803,17.725317987199016,2.044360726593073,100.0,71.0,100.0,32.65879769807985
6674,鋐寶科技,通信網路業,28.05,2022-06-28,2022Q1,51.0,0.0,140.0,100.0,-7.3999999999999995,0.0,-0.7160089034614205,0.0,-123.68670172802405,0.0,50.6067681305151,76.51692032628775,32.65169203262877
3083,網龍,文化創意業,48.0,2022-06-28,2022Q1,0.0,0.0,5.26,10.52,29.373333333333335,100.0,-23.3874186155232,0.0,0.0,0.0,89.0,100.0,32.629999999999995
6697,東捷資訊,資訊服務業,36.0,2022-06-28,2022Q1,0.0,0.0,-19.1,0.0,3.5400000000000014,17.700000000000006,5.080850402767053,0.40425201383526677,3.8073741190889594,100.0,56.0,90.0,32.6006378020753
4142,國光生,生技醫療業,40.5,2022-06-28,2022Q1,289.29,0.0,5.17,10.34,330.36,100.0,-480.68487442706163,0.0,0.0,0.0,73.5251898909163,100.0,32.585
4430,耀億,其他業,23.2,2022-06-28,2022Q1,0.0,0.0,88.1,100.0,-1.0533333333333328,0.0,5.055133357289576,0.27566678644788123,-1.1294565826330532,0.0,50.0,75.0,32.54135001796718
5878,台名,金融保險業,46.85,2022-06-28,2022Q1,0.0,0.0,-25.0,0.0,-5.493333333333332,0.0,8.376481734455558,16.882408672277787,2.626782035434693,100.0,74.0,100.0,32.53236130084167
2010,春源,鋼鐵工業,16.9,2022-06-28,2022Q1,9.55,36.17401668653157,-27.5,0.0,2.0499999999999994,10.249999999999996,3.152310151304241,0.0,4.97227961795526,100.0,47.3996320585,68.49908014625001,32.51730968327816
2535,達欣工,建材營造業,29.8,2022-06-28,2022Q1,7.54,81.70289855072464,26.47,52.94,2.9933333333333336,14.966666666666667,9.863856874048347,24.319284370241732,-2.368719034980872,0.0,37.76007436442,44.40018591105,32.48653443504706
1232,大統益,食品工業,154.0,2022-06-28,2022Q1,20.03,49.92505620784411,-2.3,0.0,13.493333333333334,67.46666666666667,10.302781419297775,26.513907096488875,-0.10598838902425484,0.0,73.5402806333455,100.0,32.46292501859108
8042,金山電,電子零組件業,38.6,2022-06-28,2022Q1,0.0,0.0,1020.0,100.0,0.6966666666666672,3.483333333333336,2.3334942930687363,0.0,-0.743168410507569,0.0,47.0,67.5,32.446666666666665
9914,美利達,運動休閒,266.5,2022-06-28,2022Q1,16.94,50.0,4.66,9.32,15.959999999999999,79.8,6.8903751399899615,9.451875699949808,0.5125994799333639,1.7999257047662653,49.1731961795659,72.93299044891475,32.3610655408372
6225,天瀚,光電業,9.27,2022-06-28,2022Q1,0.0,0.0,75.0,100.0,-4.9799999999999995,0.0,-1.5595162316995543,0.0,0.0,0.0,49.2998335836344,73.24958395908601,32.3249583959086
2017,官田鋼,鋼鐵工業,13.8,2022-06-28,2022Q1,8.47,49.04648390941597,-72.92,0.0,0.8533333333333332,4.266666666666666,5.481391178189292,2.4069558909464606,11.388696602604973,100.0,44.3922671939659,60.980667984914746,32.21709190640837
9908,大台北,油電燃氣業,33.3,2022-06-28,2022Q1,20.06,53.973192915270474,-21.95,0.0,4.903333333333333,24.516666666666666,17.133940408242452,60.66970204121226,0.5977906085408373,13.970086934405332,65.8967684296054,100.0,32.195125317923285
1731,美吾華,生技醫療業,18.05,2022-06-28,2022Q1,14.33,88.25937096079277,5.71,11.42,-11.546666666666667,0.0,18.961624615093648,69.80812307546825,0.46405716938853786,0.0,76.2852967971435,100.0,32.15215555739952
3702,大聯大,電子通路業,56.1,2022-06-28,2022Q1,8.42,50.0,42.36,84.72,5.0,25.0,2.011021511071243,0.0,-5.866305154509862,0.0,23.8655285465704,9.663821366425998,32.1463821366426
1439,雋揚,建材營造業,19.6,2022-06-28,2022Q1,14.2,21.376811594202906,-6.06,0.0,824.3433333333332,100.0,-69.82189146249686,0.0,-1.596184031532317,0.0,78.1775330282793,100.0,32.13768115942029
3646,艾恩特,電子零組件業,25.95,2022-06-28,2022Q1,0.0,0.0,32.35,64.7,2.27,11.35,9.922597468326575,24.612987341632877,0.22412134246420284,0.0,65.0,100.0,32.13694810124493
8074,鉅橡,電子零組件業,19.35,2022-06-28,2022Q1,0.0,0.0,-36.36,0.0,5.88,29.4,3.372563907871425,0.0,2.1925215050617357,100.0,45.0,62.5,32.129999999999995
5016,松和,鋼鐵工業,32.4,2022-06-28,2022Q1,0.0,0.0,-14.61,0.0,2.3733333333333335,11.866666666666667,6.930159340044903,9.650796700224515,1.9571659554165453,100.0,53.0,82.5,32.07095283836701
6136,富爾特,通信網路業,18.75,2022-06-28,2022Q1,14.88,77.14810281517748,28.57,57.14,-10.886666666666665,0.0,-7.187242644306356,0.0,0.0,0.0,91.5439491351355,100.0,31.99981028151775
3023,信邦,電子零組件業,257.5,2022-06-28,2022Q1,24.86,0.0,15.08,30.159999999999997,14.82,74.1,11.01120809997189,30.05604049985945,0.04704397080566603,0.0,40.4662578908365,51.165644727091255,31.984970547688043
8421,旭源,其他業,19.5,2022-06-28,2022Q1,0.0,0.0,2358.54,100.0,0.9766666666666666,4.883333333333333,-9.825443777875591,0.0,0.09524268958062185,0.0,44.0,60.0,31.976666666666667
3071,協禧,電腦及週邊設備業,24.9,2022-06-28,2022Q1,0.0,0.0,2.7,5.4,2.4066666666666667,12.033333333333333,8.608352140936509,18.041760704682545,1.6575521780234166,100.0,42.0,55.00000000000001,31.96293077236905
1303,南亞,塑膠工業,84.8,2022-06-28,2022Q1,8.55,84.33179723502303,-14.8,0.0,-3.9666666666666663,0.0,13.190931567151873,40.95465783575937,0.7567772961998241,36.68247088568917,63.4549349797372,100.0,31.91287257600404
4953,緯軟,資訊服務業,78.7,2022-06-28,2022Q1,0.0,0.0,1.22,2.44,34.99,100.0,6.731444434478822,8.657222172394107,-2.30556921899765,0.0,68.0,100.0,31.908583325859116
2945,三商家購,貿易百貨業,51.2,2022-06-28,2022Q1,19.77,78.47322720694646,-89.19,0.0,-2.1700000000000004,0.0,0.1906300287039508,0.0,2.0665551839464884,100.0,36.1050643216978,40.26266080424451,31.873588801119098
4915,致伸,電子零組件業,61.4,2022-06-28,2022Q1,11.92,57.092751363990644,8.85,17.7,20.02,100.0,3.424993752254888,0.0,-3.2883219741140173,0.0,26.9143319591131,17.285829897782747,31.86285812617734
2023,燁輝,鋼鐵工業,17.6,2022-06-28,2022Q1,6.35,74.31466030989274,3.45,6.9,13.476666666666667,67.38333333333333,5.119119840156619,0.5955992007830968,0.692940046771211,27.562863824458717,34.5006783063139,36.25169576578475,31.860214919243624
1101,台泥,水泥工業,39.6,2022-06-28,2022Q1,13.8,50.0,-64.91,0.0,-11.12,0.0,0.9037515070106328,0.0,1.8889136183047874,100.0,47.4334385487485,68.58359637187125,31.858359637187124
1468,昶和,紡織纖維,12.8,2022-06-28,2022Q1,0.0,0.0,-64.0,0.0,8.443333333333333,42.21666666666667,-2.1488625977933484,0.0,5.209803267755919,100.0,33.4654389873706,33.663597468426495,31.809693080175986
5538,東明-KY,鋼鐵工業,47.95,2022-06-28,2022Q1,6.28,75.14898688915376,22.5,45.0,0.0,0.0,10.423814596350647,27.119072981753234,0.09253957875265524,0.0,55.679053361748,89.19763340437,31.752522976615364
8067,志旭,電子通路業,8.71,2022-06-28,2022Q1,0.0,0.0,75.0,100.0,-12.153333333333334,0.0,-3.4801562074289345,0.0,0.0,0.0,47.0,67.5,31.75
6441,廣錠,電腦及週邊設備業,40.2,2022-06-28,2022Q1,0.0,0.0,89.52,100.0,-77.55,0.0,-18.644905632855487,0.0,0.0,0.0,47.0,67.5,31.75
6285,啟,通信網路業,70.6,2022-06-28,2022Q1,22.2,41.30966952264383,10.0,20.0,18.483333333333334,92.41666666666667,1.2263963824169608,0.0,-0.18853944121495173,0.0,36.5407504520711,41.35187613017776,31.749487898615495
2849,安泰銀,金融保險業,15.75,2022-06-28,2022Q1,12.6,52.62751159196291,20.69,41.38,1.0633333333333326,5.316666666666663,48.59763679801042,100.0,-3.4747297481859607,0.0,10.3309132886773,0.0,31.671084492529623
6245,立端,通信網路業,66.5,2022-06-28,2022Q1,0.0,0.0,5.56,11.12,35.03666666666667,100.0,6.472876623877314,7.364383119386568,-4.094241966788872,0.0,51.0,77.5,31.634657467907985
2611,志信,航運業,19.4,2022-06-28,2022Q1,13.47,36.711522287636676,-56.82,0.0,17.876666666666665,89.38333333333333,4.401657230195426,0.0,-0.02363807138384471,0.0,69.0901535807644,100.0,31.547818895430332
4712,南璋,,5.18,2022-06-28,2022Q1,0.0,0.0,71.43,100.0,0.0,0.0,-1615.5367231638418,0.0,0.0,0.0,46.0,65.0,31.5
6229,研通,半導體業,30.85,2022-06-28,2022Q1,0.0,0.0,75.0,100.0,-12.533333333333333,0.0,4.174809908149209,0.0,-2.713253149730023,0.0,46.0,65.0,31.5
2442,新美齊,建材營造業,12.4,2022-06-28,2022Q1,6.36,92.39130434782608,-28.57,0.0,1466.0333333333335,100.0,-101.51441607610911,0.0,-10.315098918274174,0.0,28.995527692935,22.488819232337498,31.488012358016356
2850,新產,金融保險業,52.4,2022-06-28,2022Q1,7.05,95.5177743431221,20.81,41.62,0.8566666666666668,4.283333333333334,14.081403080588393,45.407015402941965,-0.09839423624418045,0.0,35.3099960139528,38.274990034881995,31.45199541490837
1626,艾美特-KY,電器電纜,17.95,2022-06-28,2022Q1,15.88,32.97715549005158,1296.0,100.0,0.0,0.0,-9.532636546525111,0.0,-0.9518019176371184,0.0,32.6003606505716,31.500901626429005,31.44780571164806
5244,弘凱,光電業,33.35,2022-06-28,2022Q1,7.44,96.28158844765342,-42.76,0.0,-26.25,0.0,20.758395290609887,78.79197645304943,-0.9478840338264853,0.0,85.048827703174,100.0,31.446955312722757
3078,僑威,電子零組件業,33.65,2022-06-28,2022Q1,0.0,0.0,-40.6,0.0,-42.29666666666667,0.0,6.877167594451679,9.385837972258395,3.564152228275431,100.0,60.0,100.0,31.407875695838758
8111,立,光電業,18.7,2022-06-28,2022Q1,0.0,0.0,-38.3,0.0,-31.19666666666667,0.0,6.800977236453773,9.004886182268864,2.9278967548863744,100.0,67.0,100.0,31.350732927340328
9960,邁達康,運動休閒,26.3,2022-06-28,2022Q1,0.0,0.0,-13.64,0.0,-1.1733333333333327,0.0,11.099615551924003,30.498077759620017,2.603409856454371,100.0,47.0,67.5,31.324711663943003
2421,建準,電子零組件業,34.95,2022-06-28,2022Q1,17.92,10.327357755261101,64.86,100.0,-10.069999999999999,0.0,4.140657418174926,0.0,0.47742592882897006,0.0,41.0692222795903,52.673055698975745,31.300041345423683
8039,台虹,電子零組件業,44.85,2022-06-28,2022Q1,12.19,54.98830865159782,20.48,40.96,5.3999999999999995,26.999999999999996,6.42019035130933,7.1009517565466505,-0.11567706559335288,0.0,56.2259033328536,90.564758332134,31.26044946185518
3234,光環,通信網路業,20.85,2022-06-28,2022Q1,0.0,0.0,73.47,100.0,-14.26,0.0,-3.4491371169716296,0.0,0.0,0.0,45.0,62.5,31.25
2464,盟立,其他電子業,39.8,2022-06-28,2022Q1,14.01,38.941736028537456,18.06,36.12,14.589999999999998,72.94999999999999,4.397709883053197,0.0,-5.02031029619182,0.0,34.9006143583977,37.25153589599426,31.239327192453167
8383,千附,半導體業,38.2,2022-06-28,2022Q1,0.0,0.0,-16.92,0.0,16.073333333333334,80.36666666666667,11.883696635799874,34.418483178999374,-4.610065836687572,0.0,60.0,100.0,31.23610581018324
2897,王道銀行,金融保險業,8.87,2022-06-28,2022Q1,13.65,44.5131375579598,23.53,47.06,-17.34333333333333,0.0,48.69388657770596,100.0,-5.225714742438332,0.0,6.30507989093891,0.0,31.21631375579598
1618,合機,電器電纜,13.25,2022-06-28,2022Q1,11.04,68.64406779661017,21.43,42.86,0.6699999999999969,3.349999999999985,8.924272464619195,19.621362323095976,-0.4851940745723327,0.0,91.6612525255959,100.0,31.19261112812541
8488,吉源-KY,其他業,16.55,2022-06-28,2022Q1,19.7,11.511423550087896,142.86,100.0,0.0,0.0,-1.3611475024354194,0.0,-65.41525423728814,0.0,40.053732410475,50.134331026187496,31.16457545762754
3665,貿聯-KY,其他電子業,314.0,2022-06-28,2022Q1,20.98,0.0,59.15,100.0,0.0,0.0,7.759858022466062,13.799290112330311,-0.7724154834831396,0.0,36.3609221292436,40.902305323109,31.160124049160448
3546,宇峻,文化創意業,77.1,2022-06-28,2022Q1,0.0,0.0,-22.88,0.0,18.66,93.30000000000001,8.280940909179936,16.40470454589968,0.17644099961131307,0.0,80.0,100.0,31.120705681884957
8064,東捷,光電業,17.25,2022-06-28,2022Q1,0.0,0.0,156.52,100.0,-20.52,0.0,6.395934543594989,6.979672717974945,-1.818674163342084,0.0,40.0,50.0,31.046950907696242
3287,廣寰科,電腦及週邊設備業,13.45,2022-06-28,2022Q1,0.0,0.0,-80.65,0.0,-41.60333333333333,0.0,6.327526371851699,6.637631859258497,19.103603603603602,100.0,70.0,100.0,30.995644778888774
5904,寶雅,居家生活,315.0,2022-06-28,2022Q1,0.0,0.0,-16.78,0.0,3.893333333333333,19.466666666666665,13.772934434309237,43.86467217154618,2.1526658296134635,100.0,22.0,5.0,30.97303415906526
6762,達亞,生技醫療業,210.0,2022-06-28,2022Q1,0.0,0.0,-44.34,0.0,-33.07666666666667,0.0,6.261150816422349,6.305754082111744,2.913372549019608,100.0,67.0,100.0,30.94586311231676
3581,博磊,半導體業,21.85,2022-06-28,2022Q1,0.0,0.0,-6.06,0.0,21.49,100.0,11.869689909093225,34.348449545466124,-4.198763967788252,0.0,43.0,57.49999999999999,30.90226743181992
3048,益登,電子通路業,34.1,2022-06-28,2022Q1,7.82,57.125890736342036,14.68,29.359999999999996,17.493333333333332,87.46666666666665,1.42798476180383,0.0,-10.518600911025722,0.0,20.8159719920048,2.039929980012003,30.74991540496874
1102,亞泥,水泥工業,43.65,2022-06-28,2022Q1,10.75,72.10144927536233,-25.49,0.0,10.043333333333335,50.216666666666676,12.520950283413779,37.6047514170689,0.277861394361466,0.0,51.2580520895025,78.14513022375624,30.70870399580553
4561,健椿,電機機械,25.9,2022-06-28,2022Q1,0.0,0.0,10.34,20.68,-13.146666666666667,0.0,10.73653375910688,28.6826687955344,1.0244530586236194,74.92186551765991,45.0,62.5,30.706773422862142
5312,寶島科,生技醫療業,62.9,2022-06-28,2022Q1,0.0,0.0,-17.19,0.0,3.623333333333333,18.116666666666664,5.363999624434671,1.819998122173354,4.876003582258394,100.0,47.0,67.5,30.646333051659337
2904,匯僑,其他業,22.2,2022-06-28,2022Q1,25.52,0.0,-27.59,0.0,-3.9133333333333336,0.0,7.341082253489795,11.705411267448973,1.6625182507126468,100.0,55.3110006358749,88.27750158968725,30.583561849086074
1467,南緯,紡織纖維,13.25,2022-06-28,2022Q1,0.0,0.0,0.0,0.0,6.4433333333333325,32.21666666666666,1.4075677156048785,0.0,8.738601823708207,100.0,36.3616425367267,40.90410634181675,30.533743967515008
6188,廣明,電腦及週邊設備業,37.85,2022-06-28,2022Q1,0.0,0.0,36.76,73.52,-9.596666666666666,0.0,8.452419118416023,17.26209559208011,-1.688828202966046,0.0,58.0,95.0,30.469314338812016
2105,正新,橡膠工業,35.7,2022-06-28,2022Q1,23.96,0.0,-25.0,0.0,-11.016666666666666,0.0,6.781133211448097,8.905666057240484,2.385364157071842,100.0,56.4006031633466,91.0015079083665,30.436000699422724
6732,昇佳電子,半導體業,269.0,2022-06-28,2022Q1,0.0,0.0,14.74,29.48,-12.883333333333333,0.0,28.22424529553898,100.0,0.4147269907355534,0.0,52.0,80.0,30.37
2912,統一超,貿易百貨業,269.5,2022-06-28,2022Q1,33.69,28.11143270622287,-19.92,0.0,7.543333333333334,37.71666666666667,4.590463883741554,0.0,2.481615129933018,100.0,17.3093799148909,0.0,30.35447660395562
8442,威宏-KY,其他業,56.8,2022-06-28,2022Q1,18.44,20.36906854130054,244.0,100.0,0.0,0.0,4.583099300581955,0.0,-1.4165073098513354,0.0,32.5146607873095,31.286651968273755,30.16557205095743
2468,華經,資訊服務業,13.0,2022-06-28,2022Q1,19.12,19.710391822827944,36.36,72.72,-6.169999999999999,0.0,1.9792729646782679,0.0,-3.148001508295626,0.0,65.0118988291552,100.0,30.151039182282794
1611,中電,電器電纜,20.85,2022-06-28,2022Q1,24.24,0.0,-12.5,0.0,-6.989999999999999,0.0,5.184652204752938,0.9232610237646899,5.035467311526876,100.0,78.6142032577016,100.0,30.138489153564702
1907,永豐餘,造紙工業,26.6,2022-06-28,2022Q1,11.37,56.30407911001236,-84.04,0.0,-10.04,0.0,2.1770690864072377,0.0,7.196620112417467,100.0,38.0283312683812,45.07082817095301,30.137490728096537
1326,台化,塑膠工業,76.8,2022-06-28,2022Q1,14.25,40.55299539170507,-52.73,0.0,10.596666666666666,52.98333333333333,4.536924156405015,0.0,0.6902985339357856,27.185504847969366,65.257355713872,100.0,30.089067175431047
2836,高雄銀,金融保險業,13.65,2022-06-28,2022Q1,17.06,18.160741885625974,20.0,40.0,-6.25,0.0,30.033256735623926,100.0,0.6126162222882062,16.088031755458033,6.29402300065063,0.0,30.033680539654206
5381,合正,電子零組件業,5.9,2022-06-28,2022Q1,0.0,0.0,0.0,0.0,-16.5,0.0,-2.05877264526334,0.0,8.169938306225463,100.0,88.0,100.0,30.0
2365,昆盈,電腦及週邊設備業,10.35,2022-06-28,2022Q1,258.75,0.0,-81.82,0.0,-3.176666666666666,0.0,3.2191109963898152,0.0,3.5102303435851243,100.0,83.2698669068217,100.0,30.0
1325,恆大,塑膠工業,29.6,2022-06-28,2022Q1,20.14,0.0,-97.83,0.0,-64.05333333333333,0.0,-0.9574609947993066,0.0,13.583931133428981,100.0,91.5470740536472,100.0,30.0
3085,新零售,數位雲端,0.0,2022-06-28,2022Q1,0.0,0.0,-66.67,0.0,289.7866666666667,100.0,-27.54623389227368,0.0,0.0,0.0,65.0,100.0,30.0
1310,台苯,塑膠工業,15.05,2022-06-28,2022Q1,0.0,0.0,-60.0,0.0,40.25666666666667,100.0,1.1371716482625083,0.0,-0.773562879919231,0.0,78.671348050458,100.0,30.0
1593,祺驊,運動休閒,51.9,2022-06-28,2022Q1,0.0,0.0,-65.66,0.0,-58.60666666666666,0.0,3.3103036056466784,0.0,4.111873089316698,100.0,70.0,100.0,30.0
6103,合邦,半導體業,5.4,2022-06-28,2022Q1,0.0,0.0,0.0,0.0,84.06333333333335,100.0,-27.753143854037944,0.0,0.0,0.0,64.0,100.0,30.0
3086,華義,文化創意業,104.0,2022-06-28,2022Q1,0.0,0.0,-73.65,0.0,-42.666666666666664,0.0,4.199279413591751,0.0,2.066392245385739,100.0,76.0,100.0,30.0
4711,永純,化學工業,15.9,2022-06-28,2022Q1,0.0,0.0,-95.92,0.0,-3.203333333333333,0.0,0.6693758303326139,0.0,23.442581726739313,100.0,77.0,100.0,30.0
4735,豪展,生技醫療業,34.75,2022-06-28,2022Q1,0.0,0.0,-86.71,0.0,-57.32333333333333,0.0,4.278199679509511,0.0,10.509257714762303,100.0,63.0,100.0,30.0
4503,金雨,電機機械,45.25,2022-06-28,2022Q1,0.0,0.0,-200.0,0.0,23.516666666666666,100.0,-65.88287947120185,0.0,0.0,0.0,61.0,100.0,30.0
4707,磐亞,化學工業,12.95,2022-06-28,2022Q1,0.0,0.0,-7.69,0.0,62.326666666666675,100.0,2.472241640928762,0.0,0.4056265088875824,0.0,67.0,100.0,30.0
1410,南染,紡織纖維,35.95,2022-06-28,2022Q1,30.99,0.0,-50.0,0.0,-9.323333333333332,0.0,4.3125,0.0,2.0677338430295067,100.0,73.5002200642922,100.0,30.0
5310,天剛,資訊服務業,27.1,2022-06-28,2022Q1,0.0,0.0,-13.64,0.0,231.58666666666667,100.0,-109.24728223475988,0.0,0.0,0.0,72.0,100.0,30.0
6535,順藥,生技醫療業,35.75,2022-06-28,2022Q1,0.0,0.0,-347.83,0.0,101.11333333333334,100.0,-2128.0914939242316,0.0,0.0,0.0,90.0,100.0,30.0
4153,鈺緯,生技醫療業,28.05,2022-06-28,2022Q1,0.0,0.0,0.0,0.0,30.796666666666667,100.0,-0.5261411820811346,0.0,-51.43702906350915,0.0,84.0,100.0,30.0
4911,德英,生技醫療業,59.2,2022-06-28,2022Q1,0.0,0.0,-50.0,0.0,56.26,100.0,-69.62339633052835,0.0,0.0,0.0,99.0,100.0,30.0
3081,聯亞,通信網路業,118.0,2022-06-28,2022Q1,0.0,0.0,-89.67,0.0,-8.889999999999999,0.0,2.3961771253420814,0.0,4.819671299584052,100.0,85.0,100.0,30.0
3229,晟鈦,電子零組件業,19.0,2022-06-28,2022Q1,0.0,0.0,-85.71,0.0,22.290000000000003,100.0,-12.548467063584551,0.0,0.0,0.0,86.5888042833804,100.0,30.0
6198,凌泰,建材營造業,33.55,2022-06-28,2022Q1,0.0,0.0,-160.87,0.0,442.3266666666666,100.0,-371.72958735733096,0.0,0.0,0.0,99.0,100.0,30.0
6432,今展科,電子零組件業,28.15,2022-06-28,2022Q1,0.0,0.0,0.0,0.0,-11.663333333333334,0.0,4.119460156681874,0.0,1.7914326759827608,100.0,60.0,100.0,30.0
5521,工信,建材營造業,7.1,2022-06-28,2022Q1,0.0,0.0,-160.0,0.0,107.44,100.0,-1.6442567567567568,0.0,0.0,0.0,69.5018822178184,100.0,30.0
3002,歐格,電腦及週邊設備業,12.7,2022-06-28,2022Q1,0.0,0.0,-400.0,0.0,63.416666666666664,100.0,0.7734278634055274,0.0,0.0,0.0,64.8319179462673,100.0,30.0
5251,天鉞電,光電業,16.05,2022-06-28,2022Q1,0.0,0.0,-17.39,0.0,67.72,100.0,-54.79136309444959,0.0,0.0,0.0,82.0,100.0,30.0
5201,凱衛,資訊服務業,28.4,2022-06-28,2022Q1,0.0,0.0,-94.74,0.0,36.43,100.0,-9.50797741535677,0.0,-29.66350710900474,0.0,68.0,100.0,30.0
4967,十銓,半導體業,28.75,2022-06-28,2022Q1,0.0,0.0,-81.94,0.0,-12.473333333333334,0.0,0.9438228609135566,0.0,4.554889808933577,100.0,63.2746724806524,100.0,30.0
3685,元創精密,電機機械,25.4,2022-06-28,2022Q1,0.0,0.0,112.5,100.0,-11.736666666666666,0.0,-0.8039799706466374,0.0,-7.994845360824742,0.0,40.0,50.0,30.0
5344,立衛,半導體業,21.7,2022-06-28,2022Q1,0.0,0.0,-88.89,0.0,-24.486666666666668,0.0,-1.6867469879518073,0.0,9.393892539621183,100.0,80.0,100.0,30.0
3555,重鵬,半導體業,34.1,2022-06-28,2022Q1,0.0,0.0,-800.0,0.0,93.72666666666667,100.0,-82.20602422553328,0.0,0.0,0.0,72.0,100.0,30.0
5202,力新,資訊服務業,18.1,2022-06-28,2022Q1,0.0,0.0,-442.86,0.0,21.05333333333333,100.0,-40.21019201437496,0.0,0.0,0.0,82.0,100.0,30.0
4968,立積,半導體業,180.5,2022-06-28,2022Q1,75.21,0.0,-98.62,0.0,-48.21,0.0,-3.4764475345169936,0.0,81.34366017246886,100.0,68.334989271904,100.0,30.0
5212,凌網,資訊服務業,46.25,2022-06-28,2022Q1,0.0,0.0,-89.47,0.0,-5.426666666666666,0.0,3.034746343280891,0.0,1.5556363636363637,100.0,70.0,100.0,30.0
6108,競國,電子零組件業,18.35,2022-06-28,2022Q1,12.57,52.026500389711615,-23.81,0.0,-19.566666666666666,0.0,-2.677177036697903,0.0,15.849633442520668,100.0,38.99834910882,47.49587277205,29.952237316176163
8367,建新國際,航運業,38.55,2022-06-28,2022Q1,6.0,99.53742640874684,-20.21,0.0,10.01,50.05,14.965137370409199,49.82568685204599,0.10472111114610563,0.0,29.9742642942847,24.935660735711753,29.931161742252762
5704,老爺知,觀光餐旅,34.6,2022-06-28,2022Q1,0.0,0.0,-7.48,0.0,4.876666666666666,24.38333333333333,30.97470434603985,100.0,0.4321613290841649,0.0,73.0,100.0,29.876666666666665
8163,達方,電腦及週邊設備業,42.0,2022-06-28,2022Q1,9.86,72.17837411207577,23.61,47.22,8.796666666666667,43.983333333333334,4.913377387133433,0.0,0.07198682509834871,0.0,28.1944864899964,20.486216224991,29.86812570037334
5410,國眾,資訊服務業,25.05,2022-06-28,2022Q1,0.0,0.0,-13.46,0.0,-10.986666666666666,0.0,5.705025070897492,3.5251253544874612,1.6207035682763837,100.0,57.0,92.5,29.77876880317312
4533,協易機,電機機械,11.0,2022-06-28,2022Q1,0.0,0.0,310.0,100.0,-42.803333333333335,0.0,-2.758045749671753,0.0,-8.07403535741737,0.0,39.0,47.5,29.75
2332,友訊,通信網路業,15.0,2022-06-28,2022Q1,0.0,0.0,-433.33,0.0,22.72666666666667,100.0,-2.0447598995615968,0.0,0.0,0.0,58.4831249478607,96.20781236965176,29.62078123696518
4720,德淵,化學工業,14.35,2022-06-28,2022Q1,43.48,0.0,28.57,57.14,10.52,52.6,1.3881207704081748,0.0,-12.94150417827298,0.0,39.2452385252226,48.11309631305649,29.616309631305647
6287,元隆,,7.81,2022-06-28,2022Q1,0.0,0.0,400.0,100.0,0.0,0.0,11.132765618221498,30.663828091107494,0.0,0.0,13.0,0.0,29.599574213666124
3652,精聯,電腦及週邊設備業,20.9,2022-06-28,2022Q1,0.0,0.0,-13.51,0.0,6.346666666666667,31.733333333333334,6.011226494527084,5.0561324726354195,0.9363361121479823,62.33373030685462,77.0,100.0,29.571832598932904
4905,台聯電,通信網路業,52.0,2022-06-28,2022Q1,0.0,0.0,-116.13,0.0,19.536666666666665,97.68333333333332,-23.543205534060267,0.0,0.0,0.0,98.0,100.0,29.536666666666665
2007,燁興,鋼鐵工業,13.05,2022-06-28,2022Q1,0.0,0.0,-366.67,0.0,36.839999999999996,100.0,3.5012941607873307,0.0,0.0,0.0,58.0648827073157,95.16220676828924,29.516220676828922
3632,研勤,通信網路業,9.7,2022-06-28,2022Q1,0.0,0.0,116.13,100.0,-12.103333333333333,0.0,-11.038646563135634,0.0,-1.4485930735930737,0.0,38.0,45.0,29.5
6244,茂迪,光電業,30.5,2022-06-28,2022Q1,0.0,0.0,271.43,100.0,-20.55333333333333,0.0,2.7114376495779755,0.0,-5.372068384300506,0.0,38.0,45.0,29.5
5383,金利,,31.0,2022-06-28,2022Q1,0.0,0.0,366.67,100.0,0.0,0.0,6.660326460169423,8.301632300847114,0.0,0.0,33.0,32.5,29.49524484512707
8454,富邦媒,數位雲端,801.0,2022-06-28,2022Q1,43.87,0.0,5.59,11.18,20.386666666666667,100.0,4.5291320858329405,0.0,0.5415495687566625,5.935652679523214,42.0023754280763,55.00593857019075,29.48272439292372
6405,悅城,光電業,21.85,2022-06-28,2022Q1,18.84,13.971119133574007,-39.77,0.0,-9.153333333333334,0.0,5.230171690868164,1.1508584543408196,1.126015437541557,89.430776791651,88.6669043593021,100.0,29.455896039838724
3450,聯鈞,半導體業,43.4,2022-06-28,2022Q1,18.47,0.0,-30.65,0.0,-7.933333333333334,0.0,10.926861020987696,29.63430510493848,7.321198141815601,100.0,39.9362217105872,49.840554276468,29.429201193387573
2756,聯發國際,觀光餐旅,107.5,2022-06-28,2022Q1,0.0,0.0,21.21,42.42,-0.2500000000000009,0.0,15.617567310436687,53.08783655218343,0.5909356725146199,12.99081035923141,53.0,82.5,29.416337554673795
6684,安格,半導體業,87.6,2022-06-28,2022Q1,0.0,0.0,8.09,16.18,0.3366666666666666,1.6833333333333331,28.340716824348,100.0,0.451213734288342,0.0,82.0,100.0,29.381666666666668
6224,聚鼎,電子零組件業,70.7,2022-06-28,2022Q1,13.49,44.85580670303975,-45.29,0.0,15.85,79.25,6.355335742819099,6.776678714095493,-1.0279698342388917,0.0,51.6103463868612,79.02586596715301,29.254669074133602
3040,遠見,其他業,31.95,2022-06-28,2022Q1,18.91,17.065026362038683,-45.31,0.0,-14.5,0.0,44.56686626746507,100.0,0.5853855108802722,12.197930125753178,92.8653790558747,100.0,29.146088661354504
8435,鉅邁,其他業,60.4,2022-06-28,2022Q1,0.0,0.0,10.34,20.68,5.890000000000001,29.450000000000003,15.737284977139469,53.68642488569735,-0.1890498242848228,0.0,66.0,100.0,29.112963732854602
4190,佐登-KY,生技醫療業,67.3,2022-06-28,2022Q1,17.8,73.30891856958208,-86.89,0.0,0.0,0.0,3.4223432901049984,0.0,20.71930396954867,100.0,27.0846376513625,17.711594128406247,29.10205126979883
2108,南帝,橡膠工業,45.55,2022-06-28,2022Q1,4.28,100.0,-78.53,0.0,-49.166666666666664,0.0,17.01417829116012,60.0708914558006,0.21039939061336843,0.0,65.3478697087776,100.0,29.010633718370087
2443,昶虹,,3.51,2022-06-28,2022Q1,0.0,0.0,39.39,78.78,0.0,0.0,-452.25863596102744,0.0,0.0,0.0,57.257636947455,93.1440923686375,29.009409236863753
4138,曜亞,生技醫療業,57.9,2022-06-28,2022Q1,0.0,0.0,7.14,14.279999999999998,9.286666666666667,46.43333333333334,16.149457795303586,55.74728897651793,-0.36645335958651243,0.0,51.0,77.5,28.968760013144355
2376,技嘉,電腦及週邊設備業,93.0,2022-06-28,2022Q1,4.33,100.0,11.29,22.58,-28.563333333333333,0.0,10.579080285965347,27.895401429826734,-1.842646265729961,0.0,56.5483837526631,91.37095938165774,28.966406152639784
6590,普鴻,資訊服務業,56.1,2022-06-28,2022Q1,0.0,0.0,-9.65,0.0,12.303333333333333,61.516666666666666,17.54605461840459,62.73027309202295,-0.17501457571421,0.0,49.0,72.5,28.96287429713678
3162,精確,電機機械,38.55,2022-06-28,2022Q1,0.0,0.0,-272.22,0.0,33.166666666666664,100.0,-8.25427649427421,0.0,0.0,0.0,55.0,87.5,28.75
6290,良維,電子零組件業,52.7,2022-06-28,2022Q1,0.0,0.0,-23.66,0.0,-5.303333333333334,0.0,3.640731551048779,0.0,2.266939303495995,100.0,55.0,87.5,28.75
5514,三豐,建材營造業,18.8,2022-06-28,2022Q1,0.0,0.0,16.67,33.34,10.386666666666667,51.93333333333333,-720.1943095072866,0.0,0.0,0.0,65.0,100.0,28.721666666666668
1240,茂生農經,農業科技業,46.5,2022-06-28,2022Q1,0.0,0.0,-61.54,0.0,18.72,93.6,2.4181273532188947,0.0,-2.7805693839452394,0.0,61.0,100.0,28.72
1466,聚隆,紡織纖維,12.85,2022-06-28,2022Q1,7.84,90.3575503993914,8.33,16.66,-6.746666666666667,0.0,5.283419341527688,1.417096707638441,0.8073296282798834,43.90423261141192,46.0142014868506,65.0355037171265,28.69771644007994
2324,仁寶,電腦及週邊設備業,22.9,2022-06-28,2022Q1,8.21,85.20126282557221,-16.67,0.0,-11.106666666666664,0.0,1.0490238736071478,0.0,3.944024554301963,100.0,20.2679004467785,0.6697511169462533,28.587101394251846
3004,豐達科,鋼鐵工業,61.9,2022-06-28,2022Q1,0.0,0.0,6.38,12.76,44.39333333333334,100.0,0.37444627873404185,0.0,0.0,0.0,41.3102338612179,53.27558465304476,28.51755846530448
6509,聚和,化學工業,42.35,2022-06-28,2022Q1,0.0,0.0,-7.79,0.0,17.05,85.25,11.276624780860601,31.383123904303005,-0.7229711186090438,0.0,47.0,67.5,28.50746858564545
2547,日勝生,建材營造業,9.52,2022-06-28,2022Q1,158.67,0.0,0.0,0.0,26.236666666666665,100.0,16.32904815996913,56.64524079984565,0.0,0.0,20.0336916339439,0.08422908485974823,28.505209028462822
1533,車王電,汽車工業,60.8,2022-06-28,2022Q1,61.41,0.0,137.5,100.0,-2.8866666666666667,0.0,-1.6194804609045637,0.0,-14.579401399189942,0.0,33.9136350782293,34.78408769557325,28.478408769557326
1503,士電,電機機械,62.0,2022-06-28,2022Q1,17.27,47.62892708950801,9.52,19.04,4.89,24.45,10.417909097956125,27.089545489780626,0.4033540232855755,0.0,60.7881919122678,100.0,28.476324532417895
6187,萬潤,半導體業,86.2,2022-06-28,2022Q1,0.0,0.0,11.59,23.18,-1.5866666666666667,0.0,22.826247516244674,89.13123758122336,0.42525382582920906,0.0,57.0,92.5,28.414685637183503
2231,為升,汽車工業,138.5,2022-06-28,2022Q1,34.11,0.0,-9.94,0.0,-25.39,0.0,9.92906298774871,24.64531493874355,1.7624888062662238,100.0,38.7423687742106,46.85592193552649,28.38238943436418
4417,金洲,紡織纖維,34.15,2022-06-28,2022Q1,0.0,0.0,-62.5,0.0,0.06666666666666761,0.33333333333333803,10.959294569571105,29.796472847855526,1.0005613562366678,71.50876517666683,58.0,95.0,28.337890629178364
6204,艾華,電子零組件業,49.1,2022-06-28,2022Q1,0.0,0.0,-76.77,0.0,-35.946666666666665,0.0,-0.26767893450726554,0.0,8.976974915761886,100.0,53.0,82.5,28.25
4426,利勤,紡織纖維,29.7,2022-06-28,2022Q1,0.0,0.0,-48.48,0.0,77.15333333333332,100.0,-44.70633949535368,0.0,0.0,0.0,52.7821001820209,81.95525045505224,28.195525045505224
5706,鳳凰,觀光餐旅,63.6,2022-06-28,2022Q1,176.67,0.0,-93.1,0.0,-7.603333333333333,0.0,-64.4803633449105,0.0,5.487970711297071,100.0,52.5202591067635,81.30064776690874,28.130064776690872
1521,大億,汽車工業,35.95,2022-06-28,2022Q1,33.6,0.0,-3.57,0.0,-6.973333333333334,0.0,0.7150450263315453,0.0,1.723282350084972,100.0,52.5093104200786,81.2732760501965,28.12732760501965
3231,緯創,電腦及週邊設備業,28.3,2022-06-28,2022Q1,8.47,83.14917127071823,-875.0,0.0,19.796666666666667,98.98333333333333,1.6985478744689,0.0,0.0,0.0,17.4867308747847,0.0,28.11158379373849
1711,永光,化學工業,20.4,2022-06-28,2022Q1,23.72,20.735694822888306,0.0,0.0,2.0,10.0,5.497603258060063,2.4880162903003145,0.9779989829010662,68.2855689858666,61.2414701850752,100.0,28.103885723007203
3708,上緯投控,綠能環保,126.5,2022-06-28,2022Q1,62.01,0.0,6.78,13.56,-7.9433333333333325,0.0,2.6386885108755154,0.0,3.88912327639432,100.0,38.7380030095653,46.84500752391324,28.074500752391323
3545,敦泰,半導體業,94.7,2022-06-28,2022Q1,3.42,100.0,-15.8,0.0,-33.52333333333333,0.0,17.282069277685668,61.41034638842834,0.13137098687304855,0.0,55.20847368137,88.02118420342501,28.01367037860675
8349,矬,鋼鐵工業,56.5,2022-06-28,2022Q1,0.0,0.0,52.05,100.0,-2.7866666666666666,0.0,5.012940921878381,0.0647046093919057,-0.5484026817210137,0.0,32.0,30.0,28.009705691408787
2338,光罩,半導體業,79.2,2022-06-28,2022Q1,28.09,0.0,-169.94,0.0,38.97,100.0,12.28860808718284,36.443040435914206,0.0,0.0,30.1391376626603,25.34784415665075,28.001240481052207
2061,風青,電器電纜,18.15,2022-06-28,2022Q1,0.0,0.0,-84.56,0.0,-16.513333333333335,0.0,1.8342739866598254,0.0,1.463268504009586,100.0,52.0,80.0,28.0
4555,氣立,電機機械,57.0,2022-06-28,2022Q1,15.92,55.631298162418496,13.64,27.279999999999998,-17.543333333333333,0.0,12.93207978959593,39.660398947979644,0.4666280324527397,0.0,58.6571847638817,96.64296190970425,27.996485849409222
1418,東華,紡織纖維,16.7,2022-06-28,2022Q1,0.0,0.0,81.2,100.0,-53.653333333333336,0.0,-378.20981713185756,0.0,0.0,0.0,31.949014772522,29.872536931304992,27.987253693130498
1599,宏佳騰,電機機械,44.6,2022-06-28,2022Q1,0.0,0.0,-5.56,0.0,14.906666666666666,74.53333333333333,9.098017544762412,20.49008772381206,-1.2275021195849651,0.0,68.0,100.0,27.980179825238476
2718,晶悅,建材營造業,0.0,2022-06-28,2022Q1,0.0,0.0,-20.0,0.0,102.82,100.0,-43.85487528344671,0.0,0.0,0.0,51.0,77.5,27.75
4542,科嶠,電子零組件業,26.2,2022-06-28,2022Q1,0.0,0.0,-57.14,0.0,56.776666666666664,100.0,-21.562504702713277,0.0,0.0,0.0,51.0,77.5,27.75
1307,三芳,塑膠工業,20.4,2022-06-28,2022Q1,408.0,0.0,-47.06,0.0,30.88,100.0,1.0915198596398994,0.0,-1.1319426026357426,0.0,50.8499713728932,77.12492843223299,27.7124928432233
6486,互動,通信網路業,65.3,2022-06-28,2022Q1,0.0,0.0,-27.91,0.0,-4.680000000000001,0.0,9.899363618591323,24.496818092956616,5.6417231685133125,100.0,36.0,40.0,27.674522713943492
8048,德勝,通信網路業,35.6,2022-06-28,2022Q1,0.0,0.0,-77.05,0.0,15.136666666666668,75.68333333333335,8.349573387713024,16.74786693856512,-3.5200389736927575,0.0,77.0,100.0,27.648846707451437
4207,環泰,食品工業,14.55,2022-06-28,2022Q1,0.0,0.0,-6.98,0.0,20.12,100.0,8.817808939646458,19.08904469823229,-1.281268450327833,0.0,39.0,47.5,27.613356704734844
3609,三一東林,電子零組件業,54.3,2022-06-28,2022Q1,0.0,0.0,4.17,8.34,45.580000000000005,100.0,-3.7652181603028683,0.0,0.0,0.0,42.0,55.00000000000001,27.585
3661,世芯-KY,半導體業,721.0,2022-06-28,2022Q1,33.13,0.0,11.27,22.54,0.0,0.0,20.922331747955038,79.6116587397752,0.055673711432138395,0.0,75.8868822391671,100.0,27.57674881096628
2890,永豐金,金融保險業,17.05,2022-06-28,2022Q1,11.84,58.50077279752705,0.0,0.0,6.726666666666667,33.63333333333333,42.031385890417965,100.0,-18.219799000217737,0.0,6.74304057282419,0.0,27.57674394641937
6721,信實,其他業,52.9,2022-06-28,2022Q1,0.0,0.0,-38.71,0.0,21.24,100.0,2.257448389082012,0.0,-12.278382852661846,0.0,50.0,75.0,27.5
3207,耀勝,電子零組件業,30.7,2022-06-28,2022Q1,0.0,0.0,0.0,0.0,34.550000000000004,100.0,2.091372603716274,0.0,-1.7247356685607422,0.0,50.0,75.0,27.5
2243,宏旭-KY,汽車工業,16.2,2022-06-28,2022Q1,0.0,0.0,140.0,100.0,0.0,0.0,8.1216762685575,15.608381342787503,-5.803981199889411,0.0,12.0164609803796,0.0,27.341257201418124
6201,亞弘電,其他電子業,42.0,2022-06-28,2022Q1,12.39,51.78359096313911,1.12,2.24,-26.963333333333335,0.0,6.178048008997294,5.89024004498647,0.8728342513770656,53.26203591100938,68.2428134903813,100.0,27.274302285263758
3611,鼎翰,電腦及週邊設備業,177.5,2022-06-28,2022Q1,0.0,0.0,-11.38,0.0,13.273333333333333,66.36666666666666,11.641169496921556,33.20584748460778,-0.336635509212235,0.0,56.0,90.0,27.254210456024502
1417,嘉裕,紡織纖維,10.75,2022-06-28,2022Q1,1075.0,0.0,-92.31,0.0,17.206666666666667,86.03333333333335,0.11874806321660987,0.0,-4.5428252234359485,0.0,66.5787568167998,100.0,27.20666666666667
2477,美隆電,其他電子業,24.15,2022-06-28,2022Q1,27.13,0.0,-100.54,0.0,23.106666666666666,100.0,1.8882935591166543,0.0,0.0,0.0,48.68653407926,71.71633519814999,27.171633519815
2915,潤泰全,貿易百貨業,80.0,2022-06-28,2022Q1,4.28,100.0,-37.09,0.0,7.510000000000001,37.550000000000004,-7.940870260692099,0.0,-0.042584474777076636,0.0,58.5400555922427,96.35013898060676,27.14501389806068
4420,光明,紡織纖維,30.9,2022-06-28,2022Q1,0.0,0.0,-33.8,0.0,-3.1233333333333335,0.0,6.821386939261289,9.106934696306443,2.167622822572233,100.0,43.0,57.49999999999999,27.116040204445966
2460,建通,電子零組件業,20.4,2022-06-28,2022Q1,17.59,12.899454403741228,-91.18,0.0,-23.186666666666667,0.0,1.0574023517656084,0.0,18.60454465386648,100.0,42.8871451469092,57.217862867273,27.011731727101424
4934,太極,光電業,34.65,2022-06-28,2022Q1,0.0,0.0,43.4,86.8,-0.6700000000000017,0.0,-25.40194310959064,0.0,0.0,0.0,41.2237734761768,53.059433690442006,27.0059433690442
8096,擎亞,電子通路業,13.8,2022-06-28,2022Q1,0.0,0.0,151.72,100.0,-5.879999999999999,0.0,1.264654388869283,0.0,-7.431166600607742,0.0,28.0,20.0,27.0
4946,辣椒,文化創意業,62.0,2022-06-28,2022Q1,0.0,0.0,-220.45,0.0,771.9499999999999,100.0,-65.88665310121335,0.0,0.0,0.0,48.0,70.0,27.0
6227,茂綸,電子通路業,38.55,2022-06-28,2022Q1,0.0,0.0,104.6,100.0,-4.703333333333333,0.0,4.264580700438518,0.0,-2.7789102081210024,0.0,28.0,20.0,27.0
3693,營邦,電腦及週邊設備業,48.65,2022-06-28,2022Q1,0.0,0.0,-25.0,0.0,27.96666666666667,100.0,1.4872800556205334,0.0,-6.472126507506768,0.0,48.0,70.0,27.0
2377,微星,電腦及週邊設備業,123.5,2022-06-28,2022Q1,5.95,100.0,14.17,28.34,1.7733333333333334,8.866666666666667,8.977411360810558,19.88705680405279,-0.8767470040270777,0.0,40.4063735393414,51.0159338483535,26.942985238776604
3388,崇越電,電子零組件業,76.5,2022-06-28,2022Q1,0.0,0.0,15.43,30.86,6.55,32.75,8.55553124316214,17.777656215810698,-0.3509234664360852,0.0,68.0,100.0,26.931648432371606
2597,潤弘,建材營造業,105.5,2022-06-28,2022Q1,11.04,50.0,-20.5,0.0,8.793333333333335,43.966666666666676,6.571465506298941,7.857327531494707,0.7370526708369357,33.86466726241939,40.6483492849911,51.62087321247775,26.906953236789192
1776,展宇,化學工業,19.7,2022-06-28,2022Q1,9.9,96.04904632152589,-13.33,0.0,8.28,41.4,3.5345705488396613,0.0,-0.2507577845136401,0.0,56.0768125034418,90.1920312586045,26.90410775801304
2417,圓剛,電腦及週邊設備業,23.25,2022-06-28,2022Q1,0.0,0.0,-71.74,0.0,-19.643333333333334,0.0,0.6234288160056586,0.0,4.678821261360507,100.0,47.3117587622177,68.27939690554426,26.827939690554427
2739,寒舍,觀光餐旅,22.75,2022-06-28,2022Q1,0.0,0.0,107.35,100.0,1.6833333333333336,8.416666666666668,3.7250060709007244,0.0,-16.218205935997347,0.0,5.65286956090436,0.0,26.683333333333334
1813,寶利徠,生技醫療業,18.55,2022-06-28,2022Q1,0.0,0.0,33.33,66.66,-26.03,0.0,-17.639616247854597,0.0,-0.4973240832507433,0.0,67.0,100.0,26.665
6158,禾昌,電子零組件業,30.5,2022-06-28,2022Q1,0.0,0.0,-19.05,0.0,-2.9766666666666666,0.0,5.553205086218953,2.766025431094765,1.3629452809401394,100.0,45.0,62.5,26.664903814664214
1714,和桐,化學工業,9.27,2022-06-28,2022Q1,15.2,67.16621253405995,-41.38,0.0,11.056666666666667,55.28333333333333,5.4337832960311765,2.1689164801558825,-1.850910594098605,0.0,54.0152021991732,85.03800549793301,26.60242594188935
6641,基士德-KY,綠能環保,61.8,2022-06-28,2022Q1,10.13,94.06405300938707,14.29,28.58,0.0,0.0,3.49124313713462,0.0,-1.205700088528429,0.0,62.2766059320098,100.0,26.551405300938704
4402,福大,紡織纖維,11.85,2022-06-28,2022Q1,0.0,0.0,-33.33,0.0,28.540000000000003,100.0,-2.0960754332313964,0.0,0.0,0.0,46.0,65.0,26.5
2729,瓦城,觀光餐旅,220.0,2022-06-28,2022Q1,0.0,0.0,-46.97,0.0,-15.71,0.0,7.247910572416487,11.239552862082434,1.9503551458364818,100.0,39.0,47.5,26.435932929312365
1535,中宇,電機機械,41.7,2022-06-28,2022Q1,12.19,77.74155305275639,20.83,41.66,-5.3933333333333335,0.0,4.283959297371448,0.0,-6.936013331719624,0.0,52.5499868912991,81.37496722824775,26.326652028100415
3018,隆銘綠能,其他電子業,11.9,2022-06-28,2022Q1,0.0,0.0,160.61,100.0,-14.786666666666667,0.0,4.497312226800123,0.0,-3.4513262599469496,0.0,25.0342508839891,12.585627209972747,26.258562720997276
2236,百達-KY,汽車工業,25.5,2022-06-28,2022Q1,17.0,48.80952380952381,25.0,50.0,0.0,0.0,2.168945991589126,0.0,-3.9069318687843255,0.0,55.4859414543049,88.71485363576225,26.252437744528606
8240,華宏,光電業,27.65,2022-06-28,2022Q1,0.0,0.0,-29.59,0.0,-5.609999999999999,0.0,4.505983781438391,0.0,1.199961616817739,99.99451668824842,45.0,62.5,26.248903337649686
3171,新洲,居家生活,18.15,2022-06-28,2022Q1,0.0,0.0,-48.89,0.0,-3.763333333333333,0.0,3.7735370248185554,0.0,4.837635245032176,100.0,44.0,60.0,26.0
8931,大汽電,油電燃氣業,30.3,2022-06-28,2022Q1,0.0,0.0,-70.97,0.0,19.21666666666667,96.08333333333334,3.088338404478626,0.0,-0.6888185654008439,0.0,47.0,67.5,25.96666666666667
1805,寶徠,建材營造業,11.3,2022-06-28,2022Q1,0.0,0.0,-40.0,0.0,1233.26,100.0,-7.31447926169727,0.0,0.0,0.0,43.8546219416003,59.63655485400074,25.963655485400075
2478,大毅,電子零組件業,51.8,2022-06-28,2022Q1,8.14,86.55494933749026,-9.71,0.0,-16.466666666666665,0.0,14.70160156937248,48.5080078468624,0.47939047148460073,0.0,66.9697688351269,100.0,25.931696110778386
3706,神達,電腦及週邊設備業,28.35,2022-06-28,2022Q1,2.87,100.0,-22.81,0.0,5.816666666666667,29.08333333333334,0.6043907718920944,0.0,-3.450009306802991,0.0,65.7696959403415,100.0,25.81666666666667
2020,美亞,鋼鐵工業,22.2,2022-06-28,2022Q1,7.79,57.15137067938022,-44.9,0.0,12.540000000000001,62.7,5.981340659872613,4.906703299363064,0.4707727323193072,0.0,47.2893195024525,68.22329875613124,25.81347243845561
6143,振曜,通信網路業,60.7,2022-06-28,2022Q1,0.0,0.0,-27.72,0.0,-11.283333333333333,0.0,3.934711817197006,0.0,3.122856903905662,100.0,43.0,57.49999999999999,25.75
3356,奇偶,光電業,28.25,2022-06-28,2022Q1,13.85,50.0,13.73,27.46,-1.1533333333333333,0.0,10.114382584516424,25.57191292258212,-2.0317606267839015,0.0,78.7384006387718,100.0,25.700786938387317
5516,雙喜,建材營造業,17.45,2022-06-28,2022Q1,0.0,0.0,5.0,10.0,37.00666666666667,100.0,7.170227831229956,10.851139156149777,-13.55661133371494,0.0,26.0,15.0,25.627670873422467
6806,森崴能源,綠能環保,97.4,2022-06-28,2022Q1,60.5,0.0,-88.97,0.0,287.19,100.0,3.580724397759514,0.0,-56.08881804227182,0.0,42.4607652966837,56.15191324170924,25.615191324170922
5371,中光電,光電業,55.7,2022-06-28,2022Q1,0.0,0.0,31.18,62.36000000000001,5.966666666666666,29.83333333333333,2.465841593654028,0.0,-1.939746759321128,0.0,36.0,40.0,25.55666666666667
1215,卜蜂,食品工業,81.3,2022-06-28,2022Q1,16.8,66.06295278541094,-15.86,0.0,14.18,70.89999999999999,6.091037409433602,5.455187047168009,0.2788307804967352,0.0,35.5404412754322,38.8511031885805,25.489683654474344
5314,世紀,其他業,4.45,2022-06-28,2022Q1,0.0,0.0,30.77,61.53999999999999,-3.193333333333333,0.0,-458.63422291993714,0.0,0.0,0.0,88.0,100.0,25.384999999999998
4767,誠泰科技,化學工業,0.0,2022-06-28,2022Q1,0.0,0.0,-16.92,0.0,10.113333333333333,50.56666666666667,4.824292685061596,0.0,0.7009539610120282,28.70770871600403,58.0,95.0,25.354875076534142
2880,華南金,金融保險業,23.2,2022-06-28,2022Q1,18.12,9.969088098918078,-9.68,0.0,9.356666666666667,46.78333333333334,36.560476558815544,100.0,-2.0685256371561667,0.0,5.58103374664677,0.0,25.353575476558476
3522,御頂,觀光餐旅,10.8,2022-06-28,2022Q1,0.0,0.0,223.91,100.0,-24.599999999999998,0.0,-17.09039266493921,0.0,-0.8829406501640322,0.0,21.0,2.5,25.25
5236,凌陽創新,半導體業,104.0,2022-06-28,2022Q1,0.0,0.0,0.36,0.72,-19.636666666666667,0.0,36.82171272007407,100.0,0.1167276022624293,0.0,66.0,100.0,25.18
1447,力鵬,紡織纖維,8.09,2022-06-28,2022Q1,29.96,0.0,-27.78,0.0,17.933333333333334,89.66666666666667,0.865092662921073,0.0,-3.4383693256941386,0.0,48.8099306683834,72.0248266709585,25.135816000429184
4175,杏一,生技醫療業,70.7,2022-06-28,2022Q1,0.0,0.0,10.26,20.52,22.78333333333333,100.0,2.482979200957654,0.0,-5.968379969570682,0.0,19.0,0.0,25.13
3031,佰鴻,光電業,17.55,2022-06-28,2022Q1,14.39,46.10108303249096,-82.14,0.0,7.623333333333332,38.11666666666666,8.833015284628187,19.16507642314094,-5.8283045205626545,0.0,75.4068731830555,100.0,25.10820310005357
2321,東訊,通信網路業,5.75,2022-06-28,2022Q1,82.14,0.0,66.67,100.0,-1.5333333333333332,0.0,2.3641276489799505,0.0,-6.28393470790378,0.0,10.5726173595044,0.0,25.0
2719,燦星旅,觀光餐旅,14.85,2022-06-28,2022Q1,0.0,0.0,50.0,100.0,-1.433333333333333,0.0,-189.36541143654117,0.0,0.0,0.0,18.0,0.0,25.0
2367,燿華,電子零組件業,17.85,2022-06-28,2022Q1,0.0,0.0,-121.16,0.0,39.72,100.0,-7.9964455480764345,0.0,0.0,0.0,39.7883203605582,49.470800901395506,24.94708009013955
4528,江興鍛,電機機械,37.1,2022-06-28,2022Q1,0.0,0.0,-62.5,0.0,-16.44,0.0,4.835700596556689,0.0,1.1103490974901176,87.19272821287393,50.0,75.0,24.938545642574788
4119,旭富,生技醫療業,83.0,2022-06-28,2022Q1,143.1,0.0,0.0,0.0,11.396666666666667,56.98333333333333,9.693494944767396,23.467474723836983,-5.999951424477206,0.0,76.8132108650487,100.0,24.916787875242214
3530,晶相光,半導體業,94.8,2022-06-28,2022Q1,10.05,63.807890222984554,-11.11,0.0,-27.189999999999998,0.0,16.371027563337623,56.855137816688114,-1.8301552190991952,0.0,70.6983147166869,100.0,24.909059694801673
1736,喬山,運動休閒,56.6,2022-06-28,2022Q1,332.94,0.0,22.73,45.46,1.336666666666667,6.6833333333333345,-2.326195339876771,0.0,0.8872308780142881,55.31869685918402,24.3160078560381,10.790019640095254,24.844408002512996
3376,新日興,電子零組件業,83.5,2022-06-28,2022Q1,13.36,45.869056897895554,11.04,22.08,0.4599999999999997,2.2999999999999985,10.695780074688766,28.47890037344383,0.35122232106950046,0.0,71.8039773460646,100.0,24.83874074580613
3028,增你強,電子通路業,34.55,2022-06-28,2022Q1,8.02,54.750593824228034,22.22,44.44,8.030000000000001,40.150000000000006,2.596917776869188,0.0,-8.04970749069867,0.0,20.769010387711,1.9225259692774979,24.807311979350555
6179,亞通,其他業,27.85,2022-06-28,2022Q1,0.0,0.0,-86.27,0.0,-8.483333333333333,0.0,-2.3721837986446084,0.0,43.26268951878708,100.0,39.0,47.5,24.75
6163,華電網,通信網路業,14.85,2022-06-28,2022Q1,0.0,0.0,-1250.0,0.0,35.06333333333333,100.0,-7.888647962556522,0.0,0.0,0.0,39.0,47.5,24.75
2882,國泰金,金融保險業,53.8,2022-06-28,2022Q1,6.8,97.44976816074188,-40.37,0.0,-38.07,0.0,30.14034886135486,100.0,-3.1841295297111136,0.0,6.44567237688518,0.0,24.74497681607419
2323,中環,光電業,8.14,2022-06-28,2022Q1,42.84,0.0,29.41,58.82000000000001,-6.3566666666666665,0.0,-4.553669222343921,0.0,0.0,0.0,75.4296606426929,100.0,24.705000000000002
6169,昱泉,文化創意業,20.8,2022-06-28,2022Q1,0.0,0.0,29.17,58.34,-76.88333333333334,0.0,-1992.4198250728864,0.0,0.0,0.0,73.0,100.0,24.585
4942,嘉彰,光電業,40.6,2022-06-28,2022Q1,6.84,100.0,-29.8,0.0,0.6366666666666667,3.183333333333334,10.25362424754842,26.268121237742097,0.27253832508141596,0.0,71.6990008245441,100.0,24.576884852327982
2539,櫻花建,建材營造業,33.05,2022-06-28,2022Q1,28.49,0.0,-16.67,0.0,430045.47000000003,100.0,-1550.379426644182,0.0,0.0,0.0,38.1956305973853,45.48907649346326,24.548907649346326
1452,宏益,紡織纖維,21.9,2022-06-28,2022Q1,10.84,67.53518448079117,-61.39,0.0,1.4533333333333331,7.266666666666666,13.098974559048745,40.49487279524372,-0.16536417630509534,0.0,91.9593683433105,100.0,24.281082700699006
4414,如興,紡織纖維,5.14,2022-06-28,2022Q1,0.0,0.0,-228.12,0.0,26.886666666666667,100.0,-20.862889010134474,0.0,0.0,0.0,37.1200958131747,42.80023953293675,24.280023953293675
2845,遠東銀,金融保險業,11.45,2022-06-28,2022Q1,14.31,39.41267387944358,-17.39,0.0,5.333333333333333,26.666666666666668,29.489873867646455,100.0,-12.465007446512248,0.0,6.81975549413532,0.0,24.274600721277693
6164,華興,光電業,12.4,2022-06-28,2022Q1,310.0,0.0,-50.0,0.0,14.266666666666666,71.33333333333333,-5.366651220130625,0.0,0.0,0.0,61.5552472229671,100.0,24.266666666666666
3092,鴻碩,電子零組件業,45.85,2022-06-28,2022Q1,2292.5,0.0,-83.33,0.0,60.23666666666666,100.0,2.1358857375599167,0.0,-34.2972302604382,0.0,37.0040545189411,42.51013629735276,24.251013629735276
6624,萬年清,綠能環保,41.0,2022-06-28,2022Q1,0.0,0.0,-61.9,0.0,46.71666666666667,100.0,-35.3715783698104,0.0,0.0,0.0,37.0,42.5,24.25
2734,易飛網,觀光餐旅,37.9,2022-06-28,2022Q1,0.0,0.0,-14.58,0.0,37.85333333333333,100.0,-54.026111236887786,0.0,0.0,0.0,37.0,42.5,24.25
6117,迎廣,電腦及週邊設備業,14.85,2022-06-28,2022Q1,0.0,0.0,21.88,43.76,11.123333333333333,55.61666666666667,-5.229521534867851,0.0,0.0,0.0,28.4024973052121,21.006243263030253,24.16395765963636
8936,國統,其他業,18.25,2022-06-28,2022Q1,0.0,0.0,-90.48,0.0,-2.5800000000000005,0.0,1.878958115237513,0.0,19.323619147816938,100.0,36.0,40.0,24.0
6213,聯茂,電子零組件業,81.6,2022-06-28,2022Q1,9.43,76.50038971161341,9.33,18.66,-2.983333333333334,0.0,7.787114324267649,13.935571621338244,-0.04071495576019666,0.0,58.3588076940605,95.89701923515126,23.995076637877204
1608,華榮,電器電纜,17.9,2022-06-28,2022Q1,17.9,18.091378039793682,-110.19,0.0,11.773333333333333,58.86666666666667,6.651723832199105,8.258619160995524,0.0,0.0,56.4782861755982,91.19571543899549,23.94083555536158
2103,台橡,橡膠工業,30.7,2022-06-28,2022Q1,6.87,81.02409638554218,-27.52,0.0,3.4433333333333334,17.216666666666665,11.608156280928075,33.04078140464037,0.06690382728164868,0.0,49.5907819449647,73.97695486241173,23.89955566882478
2885,元大金,金融保險業,20.9,2022-06-28,2022Q1,8.01,88.09891808346212,-34.62,0.0,-28.94666666666667,0.0,32.03679893866465,100.0,-8.133855629468583,0.0,8.7387295813026,0.0,23.809891808346215
3022,威強電,電腦及週邊設備業,44.75,2022-06-28,2022Q1,9.26,76.91397000789266,-4.79,0.0,-8.336666666666668,0.0,13.108189654341409,40.540948271707045,-0.2686531876732431,0.0,70.8175902527962,100.0,23.772539241545324
2883,凱基金,金融保險業,15.3,2022-06-28,2022Q1,8.1,87.40340030911901,-12.12,0.0,-28.873333333333335,0.0,27.858373527716964,100.0,-2.5890823546535278,0.0,7.48858673085364,0.0,23.740340030911902
9940,信義,其他業,31.1,2022-06-28,2022Q1,9.69,81.88049209138842,4.84,9.68,-8.543333333333335,0.0,15.500485972904531,52.50242986452266,-2.757335761838965,0.0,41.0098390854282,52.5245977135705,23.73587346017429
2501,國建,建材營造業,17.35,2022-06-28,2022Q1,31.55,0.0,-1800.0,0.0,40.88999999999999,100.0,-20.821382032770323,0.0,0.0,0.0,34.9204583136414,37.3011457841035,23.73011457841035
9912,偉聯,電腦及週邊設備業,9.03,2022-06-28,2022Q1,24.41,0.0,25.0,50.0,2.4700000000000006,12.350000000000003,-0.4229541299424237,0.0,0.0,0.0,55.0159644481514,87.5399111203785,23.72399111203785
6457,紘康,,87.8,2022-06-28,2022Q1,0.0,0.0,-14.63,0.0,0.0,0.0,24.601247474303786,98.00623737151894,0.0,0.0,56.0,90.0,23.70093560572784
6504,南六,其他業,87.4,2022-06-28,2022Q1,397.27,0.0,-89.74,0.0,-15.983333333333333,0.0,-1.642410309910447,0.0,23.09586482126178,100.0,34.770723224839,36.92680806209751,23.69268080620975
6541,泰福-KY,生技醫療業,67.1,2022-06-28,2022Q1,0.0,0.0,29.32,58.64,0.0,0.0,-10612.352,0.0,0.0,0.0,56.0049181827355,90.01229545683876,23.661229545683874
1612,宏泰,電器電纜,22.45,2022-06-28,2022Q1,2.7,100.0,-35.71,0.0,-7.576666666666667,0.0,9.827577463972492,24.13788731986246,-1.8534290425841498,0.0,88.238363269816,100.0,23.62068309797937
4121,優盛,生技醫療業,20.5,2022-06-28,2022Q1,0.0,0.0,-35.29,0.0,19.37,96.85000000000001,2.9528730508336865,0.0,-0.356941431670282,0.0,37.0,42.5,23.620000000000005
9955,佳龍,綠能環保,20.6,2022-06-28,2022Q1,0.0,0.0,31.82,63.63999999999999,-15.336666666666666,0.0,-4.838401524252204,0.0,0.0,0.0,50.7629738797135,76.90743469928375,23.600743469928375
5392,能率,光電業,20.1,2022-06-28,2022Q1,0.0,0.0,-83.87,0.0,-10.37,0.0,1.1625159200348518,0.0,26.757798165137615,100.0,34.0,35.0,23.5
3713,新晶投控,綠能環保,30.65,2022-06-28,2022Q1,0.0,0.0,-92.59,0.0,62.73,100.0,4.612971842665032,0.0,-122.2234365513054,0.0,34.0,35.0,23.5
5701,劍湖山,觀光餐旅,3.17,2022-06-28,2022Q1,0.0,0.0,46.15,92.3,-21.293333333333333,0.0,-8.79730138822817,0.0,0.0,0.0,21.0,2.5,23.325
2204,中華,汽車工業,63.4,2022-06-28,2022Q1,8.34,100.0,2.55,5.1,-9.28,0.0,7.699356259870678,13.496781299353389,0.05136760278931524,0.0,79.6668038267281,100.0,23.299517194903007
5478,智冠,文化創意業,77.7,2022-06-28,2022Q1,0.0,0.0,0.0,0.0,-12.829999999999998,0.0,15.486270073294511,52.43135036647255,0.8558930589331931,50.84186556188474,41.0,52.5,23.28307566734783
3552,同致,其他電子業,168.5,2022-06-28,2022Q1,0.0,0.0,19.71,39.42,4.8933333333333335,24.46666666666667,9.028775131165641,20.143875655828207,0.43584660123932967,0.0,42.0,55.00000000000001,23.269914681707565
6023,元大期,金融保險業,46.8,2022-06-28,2022Q1,0.0,0.0,-20.55,0.0,-3.926666666666667,0.0,9.335495943030049,21.677479715150245,1.6207147414682432,100.0,12.0,0.0,23.251621957272537
8071,能率網通,電子零組件業,16.85,2022-06-28,2022Q1,0.0,0.0,-92.5,0.0,-33.160000000000004,0.0,2.4280373831775703,0.0,77.25943396226415,100.0,33.0,32.5,23.25
2498,宏達電,通信網路業,57.7,2022-06-28,2022Q1,0.0,0.0,26.4,52.800000000000004,-17.256666666666664,0.0,-94.61197371376404,0.0,0.0,0.0,60.2165287028114,100.0,23.200000000000003
6527,明達醫,生技醫療業,45.8,2022-06-28,2022Q1,0.0,0.0,15.0,30.0,-1.2466666666666666,0.0,12.59145699069264,37.9572849534632,-0.9810149524241051,0.0,78.0,100.0,23.19359274301948
5903,全家,居家生活,187.0,2022-06-28,2022Q1,0.0,0.0,-46.85,0.0,3.1833333333333336,15.916666666666668,1.0728448751994006,0.0,11.64824085213768,100.0,8.0,0.0,23.183333333333334
5243,乙盛-KY,光電業,67.3,2022-06-28,2022Q1,23.7,0.0,11.11,22.22,0.0,0.0,5.5565188218238974,2.7825941091194872,0.7515600239346137,35.9371462763734,60.1726468412166,100.0,23.1598183716426
2496,卓越,其他業,45.95,2022-06-28,2022Q1,15.02,44.411247803163455,6.33,12.659999999999998,-1.0733333333333333,0.0,12.345979299617868,36.729896498089346,-0.8672460482398135,0.0,65.4457718114236,100.0,23.11560925502975
3323,加百裕,電腦及週邊設備業,34.45,2022-06-28,2022Q1,0.0,0.0,-14.16,0.0,-38.050000000000004,0.0,1.981920850924588,0.0,6.464942006931035,100.0,32.0,30.0,23.0
8466,美吉吉-KY,其他業,47.1,2022-06-28,2022Q1,38.61,0.0,35.29,70.58,0.0,0.0,5.9258526451166125,4.629263225583062,-2.9835476258738947,0.0,38.5695249848809,46.42381246220225,22.981770730057683
9935,慶豐富,居家生活,17.65,2022-06-28,2022Q1,0.0,0.0,-108.7,0.0,24.83666666666667,100.0,-0.45197673028040536,0.0,0.0,0.0,31.7968422447207,29.49210561180175,22.949210561180173
3026,禾伸堂,電子零組件業,101.5,2022-06-28,2022Q1,8.44,84.21667965705379,-9.57,0.0,-12.173333333333332,0.0,13.017505261587308,40.087526307936535,-0.048552542063097184,0.0,52.6122282275965,81.53057056899125,22.587853968794988
3176,基亞,生技醫療業,43.9,2022-06-28,2022Q1,0.0,0.0,-28.26,0.0,37.583333333333336,100.0,-37.61053000763343,0.0,0.0,0.0,30.0,25.0,22.5
6156,松上,電子零組件業,16.85,2022-06-28,2022Q1,0.0,0.0,-9.09,0.0,-3.313333333333333,0.0,-2.08266407529956,0.0,1.5881781769632237,100.0,30.0,25.0,22.5
1324,地球,塑膠工業,10.8,2022-06-28,2022Q1,540.0,0.0,25.0,50.0,-5.06,0.0,-0.9549662148966918,0.0,0.0,0.0,77.9134751333554,100.0,22.5
2892,第一金,金融保險業,26.45,2022-06-28,2022Q1,17.4,15.53323029366307,-2.56,0.0,5.830000000000001,29.150000000000002,38.420974593443255,100.0,-2.6341348372875912,0.0,5.896104086307,0.0,22.38332302936631
8112,至上,電子通路業,43.9,2022-06-28,2022Q1,6.36,74.46555819477435,29.01,58.02,-4.423333333333333,0.0,2.554049123155756,0.0,0.296248651386659,0.0,21.6741997734939,4.1854994337347495,22.370105762850912
4551,智伸科,汽車工業,161.0,2022-06-28,2022Q1,15.63,56.96428571428571,-6.0,0.0,-1.9666666666666668,0.0,15.41088185248649,52.05440926243246,-1.0214477789195808,0.0,55.3873376401684,88.46834410042099,22.351424370835538
2357,華碩,電腦及週邊設備業,326.0,2022-06-28,2022Q1,5.36,100.0,6.53,13.059999999999999,-0.6333333333333329,0.0,7.712511687024834,13.562558435124167,-3.521021084364496,0.0,47.6688334298455,69.17208357461375,22.21659212273
2380,虹光,電腦及週邊設備業,9.82,2022-06-28,2022Q1,0.0,0.0,37.14,74.28,-22.766666666666666,0.0,-5.5440486720473805,0.0,0.0,0.0,34.465000178118,36.162500445294995,22.1862500445295
3167,大量,電機機械,57.8,2022-06-28,2022Q1,10.28,89.06342620035566,11.88,23.76,-39.57,0.0,10.045936833193787,25.229684165968933,-1.0921674319558128,0.0,34.1203214030094,35.3008035075235,22.160875595683258
3029,零壹,資訊服務業,39.8,2022-06-28,2022Q1,10.67,77.29131175468484,5.43,10.86,4.54,22.7,5.892984520542952,4.46492260271476,0.25923855999781903,0.0,45.6535029415681,64.13375735392025,22.067245301267725
5464,霖宏,電子零組件業,25.6,2022-06-28,2022Q1,0.0,0.0,-82.75,0.0,-11.636666666666665,0.0,-9.27028688447309,0.0,4.779939127494082,100.0,28.0,20.0,22.0
5457,宣德,電子零組件業,55.6,2022-06-28,2022Q1,0.0,0.0,-3.19,0.0,31.88333333333333,100.0,7.6171275995582,13.085637997791002,-3.1404313666876784,0.0,20.0,0.0,21.96284569966865
6189,豐藝,電子通路業,42.3,2022-06-28,2022Q1,9.55,36.57957244655581,26.83,53.66,1.72,8.6,3.4508344806394016,0.0,-1.0360143978409837,0.0,32.2298265977475,30.574566494368742,21.850413894092455
2809,京城銀,,36.1,2022-06-28,2022Q1,12.49,66.73333333333333,-98.62,0.0,0.0,0.0,32.71661882147639,100.0,0.0,0.0,13.5412637088532,0.0,21.673333333333332
8438,昶昕,綠能環保,35.2,2022-06-28,2022Q1,11.17,88.32136940916621,-10.81,0.0,-0.20999999999999996,0.0,3.4653649598465437,0.0,0.6344939348442602,19.213419263465745,55.9303582356953,89.82589558923826,21.657410352533596
2436,偉詮電,半導體業,59.4,2022-06-28,2022Q1,15.08,20.668953687821624,-29.52,0.0,-10.183333333333334,0.0,17.72496099613445,63.624804980672245,-0.882976774016217,0.0,73.6621864594,100.0,21.610616115882998
2352,佳世達,電腦及週邊設備業,29.25,2022-06-28,2022Q1,8.55,82.5177584846093,-74.77,0.0,13.32,66.60000000000001,2.1745299712636514,0.0,-9.162595358427936,0.0,18.2508367506824,0.0,21.57177584846093
3032,偉訓,電子零組件業,28.5,2022-06-28,2022Q1,10.84,65.51052221356196,1.56,3.12,-29.156666666666666,0.0,5.31183142449084,1.5591571224541978,0.8705512671630576,52.93589530900824,33.3278201041214,33.3195502603035,21.484059877556327
2375,凱美,電子零組件業,56.2,2022-06-28,2022Q1,6.45,99.72720187061574,4.44,8.88,-22.06,0.0,6.10896132848376,5.5448066424188,0.5540368449014031,7.719549271629021,47.0868006345364,67.71700158634101,21.3400511963843
4198,欣大健康,生技醫療業,4.71,2022-06-28,2022Q1,0.0,0.0,2.38,4.76,160.88,100.0,-62.211603608743715,0.0,0.0,0.0,6.0,0.0,21.19
3679,新至陞,電子零組件業,74.7,2022-06-28,2022Q1,8.81,81.33281371784878,-34.67,0.0,-32.763333333333335,0.0,12.310648014040588,36.55324007020294,-0.725767411926015,0.0,50.2219641519775,75.55491037994375,21.171758420309693
8099,大世科,資訊服務業,38.25,2022-06-28,2022Q1,0.0,0.0,9.76,19.52,10.036666666666667,50.18333333333334,3.217098224987567,0.0,-2.0553296579938634,0.0,45.0,62.5,21.166666666666668
6016,康和證,金融保險業,12.8,2022-06-28,2022Q1,0.0,0.0,-149.15,0.0,772.6033333333334,100.0,-31.180019059645343,0.0,0.0,0.0,24.0,10.0,21.0
4562,穎漢,電機機械,15.8,2022-06-28,2022Q1,0.0,0.0,31.43,62.86000000000001,-12.726666666666667,0.0,-15.598130366878852,0.0,0.0,0.0,40.910276753163,52.275691882907495,20.94256918829075
9938,百和,其他業,71.3,2022-06-28,2022Q1,10.94,73.09314586994728,-20.0,0.0,-16.830000000000002,0.0,18.328461390744017,66.6423069537201,-0.22195350120493354,0.0,34.4820936509348,36.205234127337,20.926184042786442
6274,台燿,電子零組件業,58.5,2022-06-28,2022Q1,0.0,0.0,18.6,37.2,-4.94,0.0,10.75065741766778,28.753287088338897,0.29269789372580596,0.0,49.0,72.5,20.862993063250833
9950,萬國通,塑膠工業,13.45,2022-06-28,2022Q1,0.0,0.0,1.69,3.38,163.45000000000002,100.0,-11.923810471794196,0.0,0.0,0.0,6.0,0.0,20.845
6768,志強-KY,運動休閒,74.6,2022-06-28,2022Q1,20.72,27.685950413223146,6.59,13.18,0.0,0.0,11.337406977302582,31.68703488651291,-2.281967522604599,0.0,69.1990092223844,100.0,20.81665027429925
6116,彩晶,光電業,10.6,2022-06-28,2022Q1,6.46,100.0,-115.0,0.0,-45.07666666666666,0.0,5.937330254474018,4.68665127237009,0.0,0.0,81.8915915894092,100.0,20.70299769085551
8043,蜜望實,電子零組件業,24.1,2022-06-28,2022Q1,0.0,0.0,16.67,33.34,4.97,24.85,1.7953648610935784,0.0,-2.5856910274963822,0.0,49.0,72.5,20.555
6171,大城地產,建材營造業,28.9,2022-06-28,2022Q1,0.0,0.0,-67.6,0.0,-98.60000000000001,0.0,23.400432429820746,92.00216214910373,-3.04743744240448,0.0,47.0,67.5,20.550324322365558
2067,嘉鋼,電機機械,13.5,2022-06-28,2022Q1,0.0,0.0,-625.0,0.0,21.25,100.0,-6.308403445179741,0.0,0.0,0.0,22.0,5.0,20.5
5386,青雲,電腦及週邊設備業,34.35,2022-06-28,2022Q1,0.0,0.0,-11.48,0.0,108.59333333333332,100.0,2.3068591634524247,0.0,-24.162198192860316,0.0,22.0,5.0,20.5
1802,台玻,玻璃陶瓷,18.75,2022-06-28,2022Q1,5.03,50.0,-36.07,0.0,-20.523333333333333,0.0,8.428271303921116,17.141356519605583,0.6388286087896241,19.83265839851773,55.8192063996985,89.54801599924626,20.49253675756901
2038,海光,鋼鐵工業,21.3,2022-06-28,2022Q1,8.39,50.0,0.0,0.0,10.543333333333333,52.71666666666667,3.0665047336585047,0.0,-2.3259031980304887,0.0,39.6527850207991,49.13196255199775,20.456529588533108
4977,眾達-KY,通信網路業,78.8,2022-06-28,2022Q1,20.68,48.75152998776011,-11.27,0.0,0.0,0.0,12.284520797787843,36.422603988939215,-0.7890922692100896,0.0,72.4245561958581,100.0,20.338543597116896
6024,群益期,金融保險業,36.8,2022-06-28,2022Q1,15.93,26.893353941267396,-2.63,0.0,4.806666666666667,24.033333333333335,18.67290145649984,68.3645072824992,0.5863355801761319,12.33365431087598,12.3920729217511,0.0,20.217409015343485
3226,至寶電,電機機械,63.0,2022-06-28,2022Q1,0.0,0.0,12.23,24.46,-3.5033333333333334,0.0,12.452281001313793,37.261405006568964,0.005270642521157155,0.0,54.0,85.0,20.204210750985347
8080,永利聯合,建材營造業,11.3,2022-06-28,2022Q1,0.0,0.0,-85.71,0.0,105.63333333333334,100.0,0.270274055091095,0.0,0.0,0.0,3.0,0.0,20.0
2820,華票,金融保險業,16.95,2022-06-28,2022Q1,12.94,50.0,-20.0,0.0,-58.11666666666667,0.0,83.12245317830074,100.0,-6.667437263141129,0.0,11.3431034297536,0.0,20.0
4577,達航科技,其他電子業,31.35,2022-06-28,2022Q1,0.0,0.0,0.0,0.0,74.71,100.0,0.0,0.0,0.0,0.0,0.0,0.0,20.0
5213,亞昕,建材營造業,23.05,2022-06-28,2022Q1,0.0,0.0,-139.76,0.0,489.7,100.0,-123.47244108429682,0.0,0.0,0.0,17.0,0.0,20.0
6546,正基,通信網路業,121.0,2022-06-28,2022Q1,0.0,0.0,0.0,0.0,34.97,100.0,0.0,0.0,0.0,0.0,0.0,0.0,20.0
4807,日成-KY,貿易百貨業,24.45,2022-06-28,2022Q1,8.58,100.0,-135.29,0.0,0.0,0.0,-3.4714201660528667,0.0,0.0,0.0,61.2228199484111,100.0,20.0
2399,映泰,電腦及週邊設備業,15.65,2022-06-28,2022Q1,8.41,83.62273086029992,-46.15,0.0,-21.093333333333334,0.0,6.910319588166145,9.551597940830728,-1.2959845926551288,0.0,75.9615124375661,100.0,19.795012777154604
6560,欣普羅,光電業,53.4,2022-06-28,2022Q1,0.0,0.0,-54.74,0.0,-65.55333333333333,0.0,12.305041311359519,36.5252065567976,0.6486648526495411,21.237836092791586,80.0,100.0,19.726348202077958
6277,宏正,電腦及週邊設備業,77.8,2022-06-28,2022Q1,15.44,28.1373322809787,-20.28,0.0,-4.036666666666666,0.0,14.148543317562613,45.742716587813064,0.2498230297310052,0.0,61.3952019814385,100.0,19.67514071626983
1459,聯發,紡織纖維,10.05,2022-06-28,2022Q1,5.58,100.0,-43.75,0.0,-1.7333333333333334,0.0,0.3235318756806568,0.0,0.5468408573155423,6.6915510450774764,53.2981339883606,83.2453349709015,19.662843706105644
3005,神基,電腦及週邊設備業,42.2,2022-06-28,2022Q1,5.91,100.0,1.18,2.36,-14.12,0.0,7.801738654054952,14.008693270274758,-0.40485091215550134,0.0,47.5467323808978,68.86683095224451,19.577987085765663
8201,無敵,其他電子業,11.35,2022-06-28,2022Q1,6.84,95.77883472057074,-40.91,0.0,-23.613333333333333,0.0,-14.362694063404533,0.0,0.0,0.0,80.1089209071177,100.0,19.577883472057074
2104,國際中橡,橡膠工業,19.9,2022-06-28,2022Q1,6.07,89.05622489959839,-50.0,0.0,-0.8266666666666665,0.0,6.805684464662254,9.028422323311268,-2.270066850324849,0.0,57.1286556698568,92.82163917464199,19.54204975592073
4564,元翎,電機機械,31.35,2022-06-28,2022Q1,18.55,40.041493775933624,-11.76,0.0,-19.596666666666668,0.0,14.6724862337591,48.3624311687955,0.2057037360928922,0.0,53.0987718506059,82.74692962651476,19.533207015564166
4106,雃博,生技醫療業,25.1,2022-06-28,2022Q1,24.37,45.0021542438604,3.45,6.9,1.5666666666666664,7.833333333333332,7.301395884734957,11.506979423674784,-1.3473485218865096,0.0,66.1636703169023,100.0,19.517929004603925
2347,聯強,電子通路業,54.9,2022-06-28,2022Q1,5.3,87.05463182897863,0.66,1.32,6.013333333333333,30.066666666666663,2.2752508707538683,0.0,0.5610811651901525,8.725880741450357,30.6743262612833,26.685815653208255,19.462554229842095
8374,羅昇,電機機械,30.6,2022-06-28,2022Q1,24.88,2.5192649673977607,-20.45,0.0,9.966666666666667,49.833333333333336,4.166443780183288,0.0,-3.2601928098011648,0.0,56.9209683114119,92.30242077852975,19.448835241259424
3055,蔚華科,電子通路業,27.2,2022-06-28,2022Q1,0.0,0.0,22.64,45.28,-48.98666666666667,0.0,-18.117923650011328,0.0,0.0,0.0,52.1500704917864,80.375176229466,19.357517622946602
3596,智易,通信網路業,121.0,2022-06-28,2022Q1,15.39,74.65116279069768,-18.18,0.0,8.51,42.55,4.62363924157248,0.0,-5.3948438401846985,0.0,33.4836879615856,33.709219903964005,19.34603826946617
4746,台耀,生技醫療業,50.7,2022-06-28,2022Q1,0.0,0.0,-133.84,0.0,9.34,46.699999999999996,-6.0554959374520925,0.0,0.0,0.0,61.4180036751438,100.0,19.34
4439,冠星-KY,紡織纖維,140.0,2022-06-28,2022Q1,12.75,53.00494484594903,6.45,12.9,0.0,0.0,7.951408807153704,14.75704403576852,-0.9605475459324416,0.0,54.252476873037,85.6311921825925,19.30217030821943
6662,樂斯科,生技醫療業,29.7,2022-06-28,2022Q1,0.0,0.0,-3.57,0.0,-6.406666666666667,0.0,17.378550333974193,61.89275166987096,0.15764400173235166,0.0,81.0,100.0,19.283912750480646
1752,南光,生技醫療業,37.05,2022-06-28,2022Q1,19.5,65.98448944420508,-6.82,0.0,-4.253333333333334,0.0,8.570767044396067,17.853835221980336,-0.6275962944904925,0.0,67.1964570019721,100.0,19.27652422771756
6472,保瑞,生技醫療業,238.0,2022-06-28,2022Q1,0.0,0.0,-47.18,0.0,0.6333333333333329,3.1666666666666643,22.517093324764666,87.58546662382332,0.34964113897911575,0.0,41.0,52.5,19.02115332690683
4532,瑞智,電機機械,17.35,2022-06-28,2022Q1,15.77,56.520450503853006,7.41,14.82,-13.089999999999998,0.0,2.9248118330613146,0.0,0.7047295403587444,29.247077194106335,35.1665584440421,37.916396110105254,18.998100100217094
6416,瑞祺電通,通信網路業,82.0,2022-06-28,2022Q1,28.37,11.101591187270499,-11.0,0.0,7.006666666666668,35.03333333333334,6.0012015359071995,5.006007679535998,0.22805971062371908,0.0,66.9328020335838,100.0,18.867726937324118
8480,泰昇-KY,,0.0,2022-06-28,2022Q1,11.68,72.13333333333334,-49.35,0.0,0.0,0.0,8.261370659272746,16.30685329636373,0.0,0.0,56.7112549827443,91.77813745686075,18.83717507347397
2467,志聖,電子零組件業,44.8,2022-06-28,2022Q1,10.23,70.26500389711613,1.98,3.9599999999999995,-18.32,0.0,12.390260116399709,36.951300581998545,0.023334907285697877,0.0,40.8301650395132,52.07541259878299,18.766736736889694
1463,強盛新,紡織纖維,13.95,2022-06-28,2022Q1,42.27,0.0,-84.21,0.0,7.926666666666667,39.63333333333333,6.063551179992432,5.31775589996216,-1.1859545004945597,0.0,78.8569035085893,100.0,18.724330051660992
4581,光隆精密-KY,汽車工業,30.3,2022-06-28,2022Q1,13.35,70.53571428571429,-14.86,0.0,0.0,0.0,7.127941635185249,10.639708175926247,0.3051441386721488,0.0,66.8283579939616,100.0,18.649527654960366
2838,聯邦銀,金融保險業,15.6,2022-06-28,2022Q1,13.33,46.98608964451314,-34.48,0.0,-5.45,0.0,23.315807408589478,91.57903704294739,-51.60586408586072,0.0,7.43698470706993,0.0,18.435464520893422
6151,晉倫,其他電子業,26.0,2022-06-28,2022Q1,0.0,0.0,-35.42,0.0,-38.07333333333333,0.0,9.028894153481684,20.144470767408418,0.6887958358777516,26.97083369682166,60.0,100.0,18.415837354475595
6807,峰源-KY,居家生活,30.0,2022-06-28,2022Q1,6.37,96.47058823529412,-132.76,0.0,0.0,0.0,-2.684152259092583,0.0,0.0,0.0,54.6969114086226,86.7422785215565,18.321286675685066
3625,西勝,電腦及週邊設備業,17.7,2022-06-28,2022Q1,0.0,0.0,31.43,62.86000000000001,-3.883333333333333,0.0,-3.9352567565050567,0.0,0.0,0.0,30.0,25.0,18.215000000000003
6465,威潤,通信網路業,18.75,2022-06-28,2022Q1,0.0,0.0,0.0,0.0,9.896666666666667,49.483333333333334,-31.558110713302124,0.0,0.0,0.0,53.0,82.5,18.14666666666667
1441,大東,紡織纖維,8.16,2022-06-28,2022Q1,0.0,0.0,0.0,0.0,15.556666666666667,77.78333333333333,-6.84664180911336,0.0,0.0,0.0,30.1821333572432,25.455333393108,18.102200005977465
2354,鴻準,其他電子業,53.1,2022-06-28,2022Q1,17.3,12.861672611969865,-14.29,0.0,6.776666666666666,33.88333333333333,2.568759470090292,0.0,-9.100995459907683,0.0,65.1257279819002,100.0,18.062833927863654
6671,三能-KY,居家生活,47.3,2022-06-28,2022Q1,14.78,25.79831932773111,-44.29,0.0,0.0,0.0,7.1357974958662584,10.678987479331292,0.6339581498721013,19.13687855315733,74.4958140945263,100.0,18.00905576530427
1614,三洋電,電器電纜,37.9,2022-06-28,2022Q1,27.07,0.0,-8.7,0.0,7.890000000000001,39.45,4.827678148599657,0.0,-0.5359905477504754,0.0,73.0142417481925,100.0,17.89
2033,佳大,鋼鐵工業,16.3,2022-06-28,2022Q1,101.88,0.0,-75.0,0.0,7.87,39.35,0.8420538020962841,0.0,-35.18916046758767,0.0,77.7969024040645,100.0,17.87
8473,山林水,綠能環保,30.35,2022-06-28,2022Q1,32.29,0.0,-41.58,0.0,-11.44,0.0,22.74605566848034,88.7302783424017,-4.015504785137924,0.0,38.0075166461624,45.018791615406,17.811420912900857
9921,巨大,運動休閒,253.5,2022-06-28,2022Q1,15.72,57.20188902007084,7.05,14.099999999999998,0.6133333333333338,3.066666666666669,10.446474252440764,27.23237126220382,-0.8594029166063064,0.0,35.2414319806576,38.10357995164401,17.753735919835393
1784,訊聯,生技醫療業,42.0,2022-06-28,2022Q1,0.0,0.0,-60.0,0.0,7.640000000000001,38.2,4.500363459085825,0.0,-1.1543116490166414,0.0,61.0,100.0,17.64
8410,森田,電腦及週邊設備業,29.05,2022-06-28,2022Q1,0.0,0.0,7.32,14.64,-1.763333333333333,0.0,10.300764278478711,26.503821392393554,-1.0023134282114308,0.0,78.0,100.0,17.635573208859032
1321,大洋,塑膠工業,32.7,2022-06-28,2022Q1,130.8,0.0,-106.19,0.0,9.283333333333333,46.416666666666664,-3.2378961122341265,0.0,0.0,0.0,52.2924079941027,80.73101998525675,17.35643533185901
4113,聯上,建材營造業,12.85,2022-06-28,2022Q1,0.0,0.0,28.57,57.14,-69.72333333333333,0.0,6.690946444413316,8.454732222066582,0.0,0.0,27.0,17.5,17.303209833309985
2314,台揚,通信網路業,55.2,2022-06-28,2022Q1,0.0,0.0,-24.49,0.0,13.583333333333334,67.91666666666667,-14.509018679830174,0.0,0.0,0.0,34.6299552363627,36.57488809090674,17.24082214242401
5515,建國,建材營造業,14.05,2022-06-28,2022Q1,11.52,45.652173913043484,-66.67,0.0,-0.683333333333333,0.0,8.537151429743796,17.685757148718977,-12.53698707017506,0.0,60.1277940157716,100.0,17.218080963612195
2459,敦吉,其他電子業,50.8,2022-06-28,2022Q1,10.26,68.66825208085613,-5.93,0.0,-1.5700000000000003,0.0,9.099164695330982,20.495823476654913,0.43896424167694204,0.0,48.2698253476318,70.67456336907951,17.0086550664918
3346,麗清,汽車工業,31.5,2022-06-28,2022Q1,45.65,0.0,-69.23,0.0,13.690000000000003,68.45000000000002,0.40285828275980634,0.0,-21.14562789786456,0.0,33.2040198004945,33.01004950123625,16.99100495012363
6284,佳邦,電子零組件業,49.9,2022-06-28,2022Q1,0.0,0.0,10.87,21.74,-3.2933333333333334,0.0,7.679932622296741,13.399663111483706,0.28953995970449964,0.0,58.0,95.0,16.944949466722555
6796,晉弘,生技醫療業,54.4,2022-06-28,2022Q1,24.5,44.44205084015511,0.0,0.0,12.486666666666666,62.43333333333333,0.0,0.0,0.0,0.0,0.0,0.0,16.93087175068218
6761,穩得,電子零組件業,97.1,2022-06-28,2022Q1,0.0,0.0,-0.49,0.0,2.2366666666666664,11.183333333333332,11.225450801145211,31.12725400572606,0.10722398909586552,0.0,62.0,100.0,16.905754767525575
1216,統一,食品工業,67.1,2022-06-28,2022Q1,20.4,48.07644266799902,-21.05,0.0,10.07,50.35000000000001,6.405834168006476,7.029170840032379,0.4911028439153439,0.0,23.8689913572907,9.672478393226749,16.899267732127434
5288,豐祥-KY,電機機械,175.0,2022-06-28,2022Q1,18.38,41.04919976289272,-0.37,0.0,0.0,0.0,12.397183394030277,36.985916970151386,-0.5905934808999217,0.0,48.6975621069686,71.7439052674215,16.82719804855413
2542,興富發,建材營造業,44.8,2022-06-28,2022Q1,10.37,56.06884057971014,-70.8,0.0,-75.84666666666668,0.0,19.299732085483978,71.49866042741989,-5.525989069675981,0.0,21.8475240596081,4.618810149020254,16.793564136986024
3118,進階,生技醫療業,27.7,2022-06-28,2022Q1,0.0,0.0,-40.35,0.0,-10.373333333333333,0.0,10.24519890260631,26.225994513031548,0.5899608271841122,12.851546740587464,69.0,100.0,16.504208525072226
1313,聯成,塑膠工業,16.5,2022-06-28,2022Q1,11.79,59.44700460829494,-25.25,0.0,2.4499999999999997,12.249999999999998,3.3139749445025255,0.0,-3.4011019756746164,0.0,52.3181020449403,80.79525511235074,16.474225972064566
6462,神盾,半導體業,92.1,2022-06-28,2022Q1,0.0,0.0,-104.26,0.0,6.41,32.05,-5.6631629448709,0.0,0.0,0.0,62.0,100.0,16.41
1460,宏遠,紡織纖維,7.64,2022-06-28,2022Q1,0.0,0.0,-1200.0,0.0,9.846666666666668,49.23333333333334,3.5673436136341983,0.0,0.0,0.0,46.2244364365706,65.56109109142649,16.402775775809317
8411,福貞-KY,其他業,16.45,2022-06-28,2022Q1,7.41,97.90861159929702,0.0,0.0,0.0,0.0,3.4010548383345593,0.0,0.0,0.0,46.2095351320568,65.523837830142,16.343244942943905
2461,光群雷,其他電子業,19.6,2022-06-28,2022Q1,9.29,76.35751089972256,-28.0,0.0,5.596666666666667,27.98333333333333,2.918484961155359,0.0,-4.110816158487876,0.0,32.3090925302686,30.772731325671497,16.309690889206074
9905,大華,其他業,25.95,2022-06-28,2022Q1,13.52,54.956063268892805,-12.5,0.0,-5.246666666666667,0.0,5.910807328258259,4.554036641291295,-5.594356545590873,0.0,69.3576707047201,100.0,16.178711823082974
1227,佳格,食品工業,46.65,2022-06-28,2022Q1,19.12,54.47164626530102,-41.94,0.0,-3.0,0.0,5.972820559679843,4.864102798399217,0.2555091806937883,0.0,69.3594438934347,100.0,16.176780046289984
8404,百和興業-KY,其他業,35.8,2022-06-28,2022Q1,11.22,71.12478031634447,-62.9,0.0,0.0,0.0,12.241084149605186,36.20542074802593,-3.121665744327615,0.0,34.3309023363895,35.82725584097375,16.126016727935713
2363,矽統,半導體業,20.4,2022-06-28,2022Q1,63.75,0.0,0.0,0.0,6.1000000000000005,30.500000000000004,-211.72800560813178,0.0,-6.818822170900693,0.0,99.400182647551,100.0,16.1
4126,太醫,生技醫療業,71.2,2022-06-28,2022Q1,0.0,0.0,-34.75,0.0,-2.86,0.0,11.21305202484793,31.065260124239646,0.549343339587242,7.049048512463147,73.0,100.0,16.06959872112858
2405,輔信,電腦及週邊設備業,12.85,2022-06-28,2022Q1,22.16,0.0,0.0,0.0,5.983333333333334,29.916666666666668,1.235103284682776,0.0,-27.42870097483564,0.0,80.4181477236376,100.0,15.983333333333334
5880,合庫金,金融保險業,27.15,2022-06-28,2022Q1,18.22,9.196290571870168,-3.03,0.0,-11.296666666666667,0.0,45.70109743325349,100.0,-5.7475636823408935,0.0,5.30202691465571,0.0,15.919629057187016
1701,中化,,22.05,2022-06-28,2022Q1,13.7,58.666666666666664,-30.23,0.0,0.0,0.0,2.139603930400008,0.0,0.0,0.0,59.4925723902467,98.73143097561675,15.739809764228342
2605,新興,航運業,21.85,2022-06-28,2022Q1,20.05,0.0,-109.09,0.0,5.373333333333334,26.86666666666667,5.466796563472146,2.333982817360729,0.0,0.0,65.5403583187793,100.0,15.723430755937445
1536,和大,汽車工業,66.2,2022-06-28,2022Q1,59.11,0.0,-50.0,0.0,10.393333333333333,51.96666666666666,-3.285254842920953,0.0,-16.54816699859851,0.0,41.2391678114731,53.09791952868276,15.703125286201608
1525,江申,汽車工業,59.9,2022-06-28,2022Q1,15.68,56.66666666666668,-29.66,0.0,-1.0,0.0,1.366026820930844,0.0,-0.09012585661570902,0.0,84.3645938440861,100.0,15.666666666666668
6233,旺玖,半導體業,24.9,2022-06-28,2022Q1,0.0,0.0,-15.0,0.0,5.259999999999999,26.299999999999997,5.53995204775652,2.6997602387826003,0.2625842101279237,0.0,89.0,100.0,15.66496403581739
1201,味全,食品工業,20.6,2022-06-28,2022Q1,20.0,50.07494379215589,11.76,23.52,0.35333333333333344,1.766666666666667,2.6007847204749197,0.0,-1.346538257532423,0.0,37.6919919755927,44.22997993898175,15.6638257064471
6150,撼訊,電腦及週邊設備業,79.7,2022-06-28,2022Q1,0.0,0.0,11.18,22.36,-37.806666666666665,0.0,8.936584382175973,19.682921910879863,-3.349065234075211,0.0,48.0,70.0,15.54243828663198
2106,建大,橡膠工業,33.55,2022-06-28,2022Q1,72.93,0.0,-72.0,0.0,10.976666666666667,54.883333333333326,2.2141890895067187,0.0,-8.86943376068376,0.0,38.0117109233386,45.029277308346494,15.479594397501316
3052,夆典,建材營造業,10.25,2022-06-28,2022Q1,18.3,0.0,20.0,40.0,-35.57,0.0,7.417309858918092,12.086549294590458,-3.6632742623087853,0.0,33.7395967580008,34.348991895002,15.24788158368877
3284,太普高,其他業,0.0,2022-06-28,2022Q1,0.0,0.0,-87.5,0.0,5.916666666666667,29.583333333333332,-11.129586119645761,0.0,0.0,0.0,57.0,92.5,15.166666666666668
2947,振宇五金,居家生活,108.5,2022-06-28,2022Q1,0.0,0.0,-27.87,0.0,9.54,47.699999999999996,7.826581613577299,14.132908067886497,-0.2375260488341918,0.0,34.0,35.0,15.159936210182973
1515,力山,電機機械,29.05,2022-06-28,2022Q1,7.79,100.0,-115.64,0.0,-77.16000000000001,0.0,-4.636953350317614,0.0,0.0,0.0,40.4024043312644,51.006010828160996,15.1006010828161
6214,精誠,資訊服務業,72.1,2022-06-28,2022Q1,17.46,31.022146507666104,-37.44,0.0,3.766666666666667,18.833333333333336,4.717888934945863,0.0,-2.5893670193824083,0.0,52.5720949038703,81.43023725967575,15.011905043400853
5820,日盛金,,12.25,2022-06-28,2022Q1,0.0,0.0,-13.04,0.0,0.0,0.0,38.50653698417732,100.0,0.0,0.0,16.0,0.0,15.0
9924,福興,居家生活,39.15,2022-06-28,2022Q1,11.9,50.0,-28.41,0.0,-13.953333333333333,0.0,4.055397578820999,0.0,0.4158823678368546,0.0,70.8954148691225,100.0,15.0
3363,上詮,通信網路業,23.95,2022-06-28,2022Q1,0.0,0.0,-300.0,0.0,1.8399999999999999,9.2,9.18623912239953,20.931195611997648,0.0,0.0,71.0,100.0,14.979679341799647
6666,羅麗芬-KY,生技醫療業,57.7,2022-06-28,2022Q1,37.96,0.0,9.68,19.36,0.0,0.0,4.758978486437101,0.0,-0.7787283806241152,0.0,79.0691818421922,100.0,14.84
6668,中揚光,光電業,44.0,2022-06-28,2022Q1,0.0,0.0,-454.17,0.0,8.54,42.699999999999996,-44.5793254084933,0.0,0.0,0.0,45.0817717628177,62.70442940704426,14.810442940704426
1416,廣豐,其他業,10.55,2022-06-28,2022Q1,22.45,0.0,9.52,19.04,-25.176666666666666,0.0,-26.90364489354024,0.0,0.0,0.0,77.3392402267918,100.0,14.76
3419,譁裕,通信網路業,16.7,2022-06-28,2022Q1,0.0,0.0,-266.67,0.0,5.7,28.500000000000004,-10.341069167176538,0.0,0.0,0.0,55.062319756147,87.65579939036749,14.46557993903675
1434,福懋,紡織纖維,27.15,2022-06-28,2022Q1,21.55,0.0,-2.94,0.0,4.3933333333333335,21.96666666666667,4.114538587549034,0.0,-0.7227340027458475,0.0,76.13701504299,100.0,14.393333333333334
2465,麗臺,電腦及週邊設備業,37.2,2022-06-28,2022Q1,5.07,100.0,-62.4,0.0,-58.73,0.0,2.055851787060017,0.0,-19.218732518181092,0.0,37.5043804744107,43.76095118602675,14.376095118602676
6005,群益證,金融保險業,14.3,2022-06-28,2022Q1,7.33,93.35394126738794,-78.33,0.0,-35.62,0.0,11.685294465603608,33.42647232801804,-9.447496195120573,0.0,19.7626176086917,0.0,14.349364975941501
2888,新光金,,8.92,2022-06-28,2022Q1,7.76,98.26666666666667,-66.67,0.0,0.0,0.0,10.92728151984215,29.636407599210752,0.0,0.0,5.18825462051869,0.0,14.27212780654828
8905,裕國,其他業,22.5,2022-06-28,2022Q1,0.0,0.0,-27.27,0.0,-24.776666666666667,0.0,10.681310177913195,28.406550889565974,-3.270903299893831,0.0,75.0,100.0,14.260982633434896
9949,琉園,文化創意業,20.2,2022-06-28,2022Q1,0.0,0.0,0.0,0.0,4.173333333333333,20.866666666666664,-23.445708376421923,0.0,0.0,0.0,85.0,100.0,14.173333333333332
5546,永固-KY,建材營造業,54.8,2022-06-28,2022Q1,16.91,0.0,12.96,25.920000000000005,0.0,0.0,7.285758335750421,11.428791678752104,-0.4050233598211077,0.0,43.7630710183296,59.40767754582399,14.135086506395217
4416,三圓,建材營造業,88.4,2022-06-28,2022Q1,0.0,0.0,-35.85,0.0,0.35333333333333344,1.766666666666667,23.17307282112538,90.8653641056269,0.0,0.0,17.0,0.0,13.983137949177367
1337,再生-KY,塑膠工業,6.42,2022-06-28,2022Q1,0.0,0.0,7.69,15.380000000000003,0.0,0.0,-74.78391263138536,0.0,0.0,0.0,97.4021338542784,100.0,13.845
8104,錸寶,光電業,41.45,2022-06-28,2022Q1,32.13,0.0,-141.58,0.0,7.013333333333333,35.06666666666666,-5.2656583610002565,0.0,0.0,0.0,46.8793980158345,67.19849503958623,13.733182837291956
1580,新麥,電機機械,93.1,2022-06-28,2022Q1,0.0,0.0,-21.77,0.0,-4.253333333333333,0.0,9.962450865890569,24.81225432945284,-0.46462469144386886,0.0,67.0,100.0,13.721838149417927
1314,中石化,塑膠工業,10.05,2022-06-28,2022Q1,14.57,38.095238095238095,-150.0,0.0,-5.683333333333334,0.0,-6.83675888310777,0.0,0.0,0.0,59.2607370352809,98.15184258820224,13.624708068344034
6230,尼得科超眾,電腦及週邊設備業,110.5,2022-06-28,2022Q1,61.05,0.0,-116.67,0.0,7.38,36.9,1.9933878737948199,0.0,0.0,0.0,44.4742311042091,61.18557776052276,13.498557776052277
5285,界霖,半導體業,94.5,2022-06-28,2022Q1,20.5,0.0,-6.67,0.0,3.6733333333333333,18.366666666666667,7.445082072606388,12.225410363031939,0.5159526139222812,2.278944846040172,49.9506962624018,74.87674065600449,13.450607922596607
3380,明泰,通信網路業,26.45,2022-06-28,2022Q1,31.49,0.0,19.05,38.1,0.20333333333333314,1.0166666666666657,3.9251391658630173,0.0,-12.321180646366523,0.0,34.7609158172362,36.902289543090504,13.418562287642384
3290,東浦,電子零組件業,21.2,2022-06-28,2022Q1,0.0,0.0,-1366.67,0.0,6.38,31.900000000000002,-13.218402909417696,0.0,0.0,0.0,48.0,70.0,13.38
8255,朋程,電機機械,172.5,2022-06-28,2022Q1,0.0,0.0,-3.53,0.0,-4.94,0.0,7.7900163199229056,13.950081599614528,0.5392969457918021,5.613849398828871,61.0,100.0,13.215282119707954
9904,寶成,運動休閒,30.65,2022-06-28,2022Q1,7.06,100.0,-26.29,0.0,-2.0366666666666666,0.0,3.8254763986592937,0.0,-1.4631238617078521,0.0,32.7032997350179,31.758249337544754,13.175824933754475
4903,聯光通,通信網路業,10.8,2022-06-28,2022Q1,0.0,0.0,-220.0,0.0,3.419999999999997,17.099999999999984,-11.98571353121369,0.0,0.0,0.0,59.0,97.5,13.169999999999996
2024,志聯,鋼鐵工業,18.25,2022-06-28,2022Q1,12.42,1.966626936829563,0.0,0.0,-12.503333333333332,0.0,9.174539823961448,20.87269911980724,-3.2546105445866784,0.0,59.1958593934456,97.989648483614,13.126532410015443
3324,雙鴻,其他電子業,169.0,2022-06-28,2022Q1,0.0,0.0,0.88,1.76,5.613333333333333,28.066666666666666,7.745482629398645,13.727413146993225,0.4336217275083151,0.0,40.0,50.0,13.112445305382318
1583,程泰,電機機械,58.9,2022-06-28,2022Q1,17.63,45.49496147006522,4.81,9.62,-20.153333333333332,0.0,6.372079007204887,6.860395036024433,-0.9730801715714688,0.0,39.695852856531,49.23963214132749,12.907518616542937
2903,遠百,貿易百貨業,20.45,2022-06-28,2022Q1,27.64,50.0,-24.0,0.0,-9.676666666666668,0.0,13.690458127427052,43.45229063713526,-5.215728735915184,0.0,25.5281816276082,13.820454069020496,12.899889002472339
3528,安馳,電子通路業,49.05,2022-06-28,2022Q1,10.66,23.39667458432304,5.0,10.0,0.1633333333333334,0.8166666666666671,9.660626975368396,23.303134876841984,-4.235645875445182,0.0,37.370323069475,43.4258076736875,12.841051790660686
4130,健亞,生技醫療業,26.15,2022-06-28,2022Q1,0.0,0.0,-212.5,0.0,2.783333333333333,13.916666666666666,-6.278971765697429,0.0,0.0,0.0,88.0,100.0,12.783333333333333
1456,怡華,建材營造業,17.0,2022-06-28,2022Q1,5.41,100.0,-133.59,0.0,-28.919999999999998,0.0,7.149680985362858,10.74840492681429,0.0,0.0,23.8858152068703,9.714538017175753,12.583714540739718
2390,云辰,其他電子業,17.25,2022-06-28,2022Q1,0.0,0.0,-107.18,0.0,2.5300000000000007,12.650000000000002,-8.726849325037296,0.0,0.0,0.0,91.8773419331248,100.0,12.530000000000001
5355,佳總,電子零組件業,6.3,2022-06-28,2022Q1,0.0,0.0,5.0,10.0,-19.503333333333334,0.0,-31.571693017814066,0.0,0.0,0.0,62.0,100.0,12.5
8011,台通,通信網路業,15.1,2022-06-28,2022Q1,0.0,0.0,-29.03,0.0,6.963333333333334,34.81666666666667,-15.448901623686723,0.0,0.0,0.0,42.0940687541224,55.23517188530599,12.486850521863934
5487,通泰,半導體業,30.15,2022-06-28,2022Q1,0.0,0.0,-44.19,0.0,-27.97,0.0,7.985661923242778,14.92830961621389,-0.3269197434564049,0.0,84.0,100.0,12.239246442432083
3205,佰研,生技醫療業,39.0,2022-06-28,2022Q1,0.0,0.0,4.41,8.82,-12.263333333333334,0.0,-17.392890106291127,0.0,0.0,0.0,80.0,100.0,12.205
3147,大綜,資訊服務業,45.85,2022-06-28,2022Q1,0.0,0.0,8.84,17.68,-8.923333333333334,0.0,7.355930945627294,11.779654728136467,-4.238765305468299,0.0,44.0,60.0,12.18694820922047
2601,益航,貿易百貨業,9.94,2022-06-28,2022Q1,32.06,34.00868306801736,0.0,0.0,-10.41,0.0,14.473292381029337,47.366461905146686,-1.9949047345470299,0.0,26.5549850318036,16.387462579509,12.14458385052464
6118,建達,電子通路業,28.7,2022-06-28,2022Q1,0.0,0.0,-46.15,0.0,7.883333333333333,39.416666666666664,0.35973932132825104,0.0,-41.70850589359669,0.0,37.0,42.5,12.133333333333333
2009,第一銅,鋼鐵工業,29.3,2022-06-28,2022Q1,32.56,0.0,-93.33,0.0,2.0666666666666664,10.333333333333332,2.9987804095256436,0.0,-3.044459413944089,0.0,78.054064162368,100.0,12.066666666666666
6141,柏承,電子零組件業,23.05,2022-06-28,2022Q1,9.45,76.34450506625097,-103.23,0.0,-8.886666666666667,0.0,1.5120951028235723,0.0,0.0,0.0,37.6748386318139,44.187096579534746,12.053160164578571
2109,華豐,橡膠工業,15.05,2022-06-28,2022Q1,12.14,28.11244979919678,-14.29,0.0,0.19999999999999996,0.9999999999999999,11.297607341628325,31.488036708141625,0.1600051829997608,0.0,37.152796385086,42.881990962715,12.022649582412424
2250,IKKA-KY,汽車工業,88.5,2022-06-28,2022Q1,17.39,46.48809523809523,-40.08,0.0,0.0,0.0,4.200176849551561,0.0,-0.6282654467001118,0.0,49.4797939178032,73.699484794508,12.018758003260324
8210,勤誠,電腦及週邊設備業,65.7,2022-06-28,2022Q1,11.8,56.86661404893448,0.0,0.0,-0.5599999999999999,0.0,7.306632578559443,11.533162892797213,-3.7281110379252604,0.0,37.5566329473092,43.89158236827299,11.805794075640328
1905,華紙,造紙工業,19.4,2022-06-28,2022Q1,62.58,0.0,-155.56,0.0,5.52,27.599999999999998,-2.656815458295962,0.0,0.0,0.0,44.9600616575324,62.400154143831,11.760015414383101
6228,全譜,電腦及週邊設備業,14.1,2022-06-28,2022Q1,0.0,0.0,-900.0,0.0,3.9266666666666716,19.633333333333358,-25.03458197310906,0.0,0.0,0.0,51.0,77.5,11.676666666666671
6593,台灣銘板,資訊服務業,0.0,2022-06-28,2022Q1,0.0,0.0,-33.72,0.0,-7.946666666666666,0.0,8.890495840354532,19.45247920177266,-2.9043644583550687,0.0,55.0,87.5,11.6678718802659
2816,旺旺保,金融保險業,17.55,2022-06-28,2022Q1,9.29,78.20710973724884,-129.47,0.0,0.7166666666666662,3.5833333333333313,-1.9729348064501022,0.0,0.0,0.0,32.1613274157294,30.40331853932351,11.577709494323901
8054,安國,半導體業,36.7,2022-06-28,2022Q1,0.0,0.0,-75.34,0.0,-6.71,0.0,7.093573618950269,10.467868094751346,-0.9992458521870287,0.0,71.0,100.0,11.570180214212701
8436,大江,生技醫療業,159.0,2022-06-28,2022Q1,0.0,0.0,-59.38,0.0,-24.91,0.0,10.375908105320615,26.879540526603073,0.29558538789208727,0.0,50.0,75.0,11.53193107899046
8086,宏捷科,半導體業,84.3,2022-06-28,2022Q1,0.0,0.0,-73.03,0.0,-49.623333333333335,0.0,6.962403381780868,9.812016908904342,0.2571053782247486,0.0,92.0,100.0,11.471802536335652
3272,東碩,電腦及週邊設備業,26.85,2022-06-28,2022Q1,0.0,0.0,-847.62,0.0,8.143333333333333,40.71666666666666,-6.11050873298047,0.0,0.0,0.0,33.0,32.5,11.393333333333333
2227,裕日車,汽車工業,230.5,2022-06-28,2022Q1,22.87,13.869047619047613,0.0,0.0,-32.74,0.0,1.5244860927205202,0.0,-0.19948893074962182,0.0,77.3032043663321,100.0,11.386904761904761
3591,艾笛森,光電業,15.5,2022-06-28,2022Q1,18.9,13.53790613718413,-55.17,0.0,-20.173333333333336,0.0,3.7086385916829183,0.0,-2.521749696233293,0.0,68.7624389772905,100.0,11.353790613718413
2353,宏,電腦及週邊設備業,26.0,2022-06-28,2022Q1,7.51,90.72612470402525,-18.68,0.0,-8.096666666666666,0.0,3.7181402921771594,0.0,-7.90552285447949,0.0,28.8649727562134,22.1624318905335,11.288855659455876
1558,伸興,電機機械,139.0,2022-06-28,2022Q1,23.64,9.86959098992295,-51.48,0.0,-21.813333333333333,0.0,5.2852412785939995,1.4262063929699975,-1.393831978932946,0.0,65.0031211799705,100.0,11.200890057937794
2373,震旦行,其他電子業,88.8,2022-06-28,2022Q1,14.61,34.185493460166484,-12.17,0.0,-30.403333333333336,0.0,7.135345125407075,10.676725627035374,-1.804215578583308,0.0,44.2533615175349,60.633403793837246,11.08339856945568
2392,正崴,電子零組件業,34.45,2022-06-28,2022Q1,18.32,7.209664848012465,-40.0,0.0,8.38,41.900000000000006,-0.24064440606906554,0.0,-127.413988657845,0.0,27.510105915811,18.775264789527498,10.978492963753999
1268,漢來美食,觀光餐旅,108.0,2022-06-28,2022Q1,0.0,0.0,-50.73,0.0,-12.416666666666666,0.0,5.21235577103951,1.0617788551975504,0.6592455742382077,22.74936774831539,45.0,62.5,10.959140377942711
4706,大恭,化學工業,17.9,2022-06-28,2022Q1,0.0,0.0,-34.78,0.0,-13.583333333333334,0.0,6.048051828071229,5.240259140356147,-0.4765497727857327,0.0,88.0,100.0,10.786038871053423
9951,皇田,電機機械,66.7,2022-06-28,2022Q1,0.0,0.0,-33.71,0.0,-20.45,0.0,6.304076621040144,6.520383105200719,-1.4253630627616993,0.0,59.0,97.5,10.728057465780108
8926,台汽電,油電燃氣業,37.45,2022-06-28,2022Q1,24.97,30.469123982766888,-5.88,0.0,-52.25666666666666,0.0,-0.04673122915489493,0.0,0.3108129623929265,0.0,50.5294850966148,76.323712741537,10.679283672430389
4930,燦星網,電器電纜,24.55,2022-06-28,2022Q1,4.84,100.0,-2.0,0.0,-26.55666666666667,0.0,2.5770863651921436,0.0,-11.46682931196562,0.0,22.6552684722664,6.638171180666,10.6638171180666
2705,六福,觀光餐旅,17.2,2022-06-28,2022Q1,0.0,0.0,14.94,29.880000000000003,-17.55,0.0,-31.92134412259883,0.0,0.0,0.0,32.2482592186196,30.620648046549004,10.532064804654901
4912,聯德控股-KY,電子零組件業,106.0,2022-06-28,2022Q1,15.57,28.643803585346838,-27.48,0.0,0.0,0.0,8.23584847028144,16.179242351407197,-1.0038838386816853,0.0,40.9405938138256,52.351484534563994,10.526415164702163
1210,大成,食品工業,47.9,2022-06-28,2022Q1,23.6,32.088433674743946,-29.59,0.0,4.023333333333333,20.116666666666667,2.5156695064223284,0.0,-2.4068106318297,0.0,33.1146231065928,32.786557766482005,10.510832477455928
3492,長盛,電子零組件業,17.25,2022-06-28,2022Q1,0.0,0.0,-55.81,0.0,-10.13,0.0,-3.2004394817571864,0.0,0.5098988121425428,1.4141160203632637,65.0,100.0,10.282823204072653
2414,精技,電子通路業,32.55,2022-06-28,2022Q1,9.8,33.61045130641329,-13.95,0.0,2.723333333333333,13.616666666666665,3.081481870184595,0.0,-0.6825233886649474,0.0,36.5783432801094,41.4458582002735,10.228964284002013
6496,科懋,生技醫療業,27.95,2022-06-28,2022Q1,0.0,0.0,-466.67,0.0,-51.85666666666666,0.0,-5.919851658191912,0.0,0.0,0.0,71.0,100.0,10.0
3466,致振,通信網路業,24.15,2022-06-28,2022Q1,0.0,0.0,-1300.0,0.0,-36.940000000000005,0.0,-37.277200750663745,0.0,0.0,0.0,75.0,100.0,10.0
2485,兆赫,通信網路業,17.3,2022-06-28,2022Q1,0.0,0.0,-17.39,0.0,-3.9333333333333322,0.0,-10.485680225209698,0.0,0.0,0.0,73.2152869532533,100.0,10.0
3607,谷崧,電子零組件業,13.1,2022-06-28,2022Q1,0.0,0.0,-68.75,0.0,-26.706666666666667,0.0,-16.235015575713163,0.0,0.0,0.0,62.8937283017922,100.0,10.0
5460,同協,電子零組件業,12.1,2022-06-28,2022Q1,0.0,0.0,-40.0,0.0,-23.643333333333334,0.0,-6.900931414055885,0.0,0.0,0.0,86.0,100.0,10.0
6598,ABC-KY,生技醫療業,33.1,2022-06-28,2022Q1,0.0,0.0,-210.34,0.0,0.0,0.0,-137.26734505087882,0.0,0.0,0.0,87.3542933864963,100.0,10.0
2489,瑞軒,光電業,13.15,2022-06-28,2022Q1,0.0,0.0,-165.5,0.0,-8.18,0.0,0.8284305577128677,0.0,0.0,0.0,62.3380538418711,100.0,10.0
8929,富堡,其他業,20.2,2022-06-28,2022Q1,0.0,0.0,-425.0,0.0,-14.356666666666667,0.0,-12.807512700774875,0.0,0.0,0.0,63.0,100.0,10.0
5356,協益,電腦及週邊設備業,23.35,2022-06-28,2022Q1,0.0,0.0,-528.57,0.0,-6.273333333333333,0.0,-7.153930397984029,0.0,0.0,0.0,73.0,100.0,10.0
5345,天揚,其他業,5.8,2022-06-28,2022Q1,0.0,0.0,-422.22,0.0,-24.793333333333337,0.0,-787.4152952565344,0.0,0.0,0.0,65.0,100.0,10.0
5328,華容,電子零組件業,10.2,2022-06-28,2022Q1,0.0,0.0,-50.0,0.0,-2.416666666666666,0.0,0.08140911782119598,0.0,-6.035892323030907,0.0,77.0,100.0,10.0
2431,聯昌,電子零組件業,10.55,2022-06-28,2022Q1,0.0,0.0,-106.79,0.0,-34.38,0.0,-10.347745868763035,0.0,0.0,0.0,72.0766514703262,100.0,10.0
2434,統懋,半導體業,32.95,2022-06-28,2022Q1,0.0,0.0,-850.0,0.0,-26.76,0.0,-65.011349423264,0.0,0.0,0.0,74.8286696779917,100.0,10.0
2712,遠雄來,觀光餐旅,36.0,2022-06-28,2022Q1,0.0,0.0,-80.0,0.0,-41.096666666666664,0.0,1.2568121533638776,0.0,-7.790464979399647,0.0,78.7351203806653,100.0,10.0
5302,太欣,半導體業,9.92,2022-06-28,2022Q1,0.0,0.0,-16.67,0.0,-66.88333333333333,0.0,-728.3669724770642,0.0,0.0,0.0,78.0,100.0,10.0
5398,慕康生醫,其他業,19.05,2022-06-28,2022Q1,0.0,0.0,-156.25,0.0,-30.066666666666666,0.0,-6.523866098259837,0.0,0.0,0.0,89.0,100.0,10.0
2704,國賓,觀光餐旅,32.15,2022-06-28,2022Q1,0.0,0.0,0.0,0.0,-25.906666666666666,0.0,3.9063399827910557,0.0,0.0,0.0,73.736495690273,100.0,10.0
3682,亞太電,,7.44,2022-06-28,2022Q1,0.0,0.0,0.0,0.0,0.0,0.0,-40.04161935658708,0.0,0.0,0.0,62.0675706888781,100.0,10.0
3666,光耀,光電業,27.3,2022-06-28,2022Q1,0.0,0.0,-64.52,0.0,-34.74,0.0,-6.769146765961642,0.0,-7.6807955656993805,0.0,71.0,100.0,10.0
2743,山富,觀光餐旅,65.8,2022-06-28,2022Q1,0.0,0.0,-39.58,0.0,-5.823333333333333,0.0,-33.21001356517449,0.0,0.0,0.0,61.0,100.0,10.0
6431,光麗-KY,生技醫療業,26.9,2022-06-28,2022Q1,0.0,0.0,-960.0,0.0,0.0,0.0,-65.50513954958251,0.0,0.0,0.0,61.2156735011854,100.0,10.0
3213,茂訊,電腦及週邊設備業,43.9,2022-06-28,2022Q1,0.0,0.0,-68.06,0.0,-22.373333333333335,0.0,1.9346471226331394,0.0,-6.559322033898305,0.0,72.0,100.0,10.0
4716,大立,化學工業,14.85,2022-06-28,2022Q1,0.0,0.0,-104.22,0.0,-14.18,0.0,-10.633624949668729,0.0,0.0,0.0,64.0,100.0,10.0
6130,星寶國際,生技醫療業,46.8,2022-06-28,2022Q1,0.0,0.0,-153.85,0.0,-39.263333333333335,0.0,-24.450772986167614,0.0,0.0,0.0,86.0,100.0,10.0
3259,鑫創,半導體業,20.5,2022-06-28,2022Q1,0.0,0.0,-191.67,0.0,-39.98666666666667,0.0,-24.381862808422685,0.0,0.0,0.0,89.0,100.0,10.0
3089,億杰,,30.0,2022-06-28,2022Q1,0.0,0.0,-210.0,0.0,0.0,0.0,-26.52663195053927,0.0,0.0,0.0,82.0,100.0,10.0
3062,建漢,通信網路業,25.5,2022-06-28,2022Q1,0.0,0.0,-480.0,0.0,-17.569999999999997,0.0,-12.85834960180173,0.0,0.0,0.0,69.6988742098617,100.0,10.0
4147,中裕,生技醫療業,62.7,2022-06-28,2022Q1,0.0,0.0,-2450.0,0.0,-7.173333333333333,0.0,-251.30928671535,0.0,0.0,0.0,60.0,100.0,10.0
6237,驊訊,半導體業,54.6,2022-06-28,2022Q1,0.0,0.0,-104.39,0.0,-43.14333333333334,0.0,-7.944851754507308,0.0,0.0,0.0,90.0,100.0,10.0
6194,育富,電子零組件業,21.95,2022-06-28,2022Q1,0.0,0.0,-391.67,0.0,-17.203333333333333,0.0,-10.671432752205359,0.0,0.0,0.0,83.0,100.0,10.0
6222,上揚,光電業,14.1,2022-06-28,2022Q1,0.0,0.0,-325.0,0.0,-96.60666666666667,0.0,-103.07873090481787,0.0,0.0,0.0,97.0,100.0,10.0
3373,熱映,其他電子業,23.25,2022-06-28,2022Q1,0.0,0.0,-95.33,0.0,-55.60666666666666,0.0,-3.8055457291354866,0.0,-13.984203739522888,0.0,88.0,100.0,10.0
1903,士紙,造紙工業,57.8,2022-06-28,2022Q1,0.0,0.0,-128.95,0.0,-59.93,0.0,-51.698998081432535,0.0,0.0,0.0,63.8704826443224,100.0,10.0
5205,中茂,綠能環保,23.8,2022-06-28,2022Q1,0.0,0.0,-12.2,0.0,-69.08333333333333,0.0,-173.4246575342466,0.0,0.0,0.0,69.0,100.0,10.0
5102,富強,,24.65,2022-06-28,2022Q1,0.0,0.0,-54.55,0.0,0.0,0.0,4.050031645767927,0.0,0.0,0.0,70.0,100.0,10.0
5484,慧友,光電業,13.2,2022-06-28,2022Q1,0.0,0.0,-1100.0,0.0,-57.68333333333334,0.0,-29.61163470913227,0.0,0.0,0.0,71.3849790596261,100.0,10.0
5488,松普,電子零組件業,8.85,2022-06-28,2022Q1,0.0,0.0,-100.0,0.0,-7.569999999999999,0.0,1.3828073082140029,0.0,0.0,0.0,61.0,100.0,10.0
5481,新華,其他業,11.85,2022-06-28,2022Q1,0.0,0.0,-77.78,0.0,-9.326666666666666,0.0,-31.73871856699966,0.0,0.0,0.0,74.0,100.0,10.0
3629,地心引力,文化創意業,47.25,2022-06-28,2022Q1,0.0,0.0,-611.11,0.0,-65.77333333333333,0.0,-103.025673079149,0.0,0.0,0.0,71.0,100.0,10.0
5438,東友,電腦及週邊設備業,14.6,2022-06-28,2022Q1,0.0,0.0,-740.0,0.0,-13.266666666666666,0.0,-8.793617751210919,0.0,0.0,0.0,72.0,100.0,10.0
8450,霹靂,文化創意業,29.0,2022-06-28,2022Q1,0.0,0.0,-97.14,0.0,-15.553333333333335,0.0,-52.330722466792444,0.0,0.0,0.0,61.0,100.0,10.0
1340,勝悅-KY,塑膠工業,10.35,2022-06-28,2022Q1,0.0,0.0,-31.25,0.0,0.0,0.0,-84.50133691980082,0.0,0.0,0.0,97.3071480154378,100.0,10.0
8429,金麗-KY,貿易百貨業,10.0,2022-06-28,2022Q1,0.0,0.0,-250.0,0.0,0.0,0.0,-70.2775596599638,0.0,0.0,0.0,90.5078183066007,100.0,10.0
2913,農林,貿易百貨業,19.5,2022-06-28,2022Q1,0.0,0.0,0.0,0.0,-11.463333333333333,0.0,-32.68181254392856,0.0,0.2570753818611206,0.0,60.6799941673716,100.0,10.0
4108,懷特,生技醫療業,18.95,2022-06-28,2022Q1,0.0,0.0,0.0,0.0,-7.293333333333332,0.0,-109.79090987099912,0.0,0.0,0.0,80.9124032065678,100.0,10.0
4976,佳凌,光電業,42.65,2022-06-28,2022Q1,0.0,0.0,-158.33,0.0,-33.97,0.0,-18.773221729248267,0.0,0.0,0.0,81.7354137951312,100.0,10.0
1732,毛寶,化學工業,29.25,2022-06-28,2022Q1,86.03,0.0,-80.0,0.0,-7.463333333333334,0.0,1.6467673814165043,0.0,-23.39956647398844,0.0,78.7404097733768,100.0,10.0
1799,易威,生技醫療業,12.65,2022-06-28,2022Q1,0.0,0.0,-900.0,0.0,-61.406666666666666,0.0,-154.17296341706822,0.0,0.0,0.0,66.0,100.0,10.0
3227,原相,半導體業,101.0,2022-06-28,2022Q1,0.0,0.0,-70.78,0.0,-38.39,0.0,4.781856375653002,0.0,-2.4963299215633827,0.0,76.0,100.0,10.0
4167,松瑞藥,生技醫療業,17.55,2022-06-28,2022Q1,0.0,0.0,-168.0,0.0,-16.703333333333333,0.0,-19.056481605002944,0.0,0.0,0.0,71.0,100.0,10.0
4174,浩鼎,生技醫療業,101.5,2022-06-28,2022Q1,0.0,0.0,-31.03,0.0,-30.980000000000004,0.0,-32246.946867565424,0.0,0.0,0.0,78.0,100.0,10.0
3285,微端,其他電子業,19.5,2022-06-28,2022Q1,0.0,0.0,-110.0,0.0,-8.36,0.0,-8.840392201631214,0.0,0.0,0.0,61.0,100.0,10.0
3306,鼎天,通信網路業,23.3,2022-06-28,2022Q1,0.0,0.0,-240.0,0.0,-10.746666666666668,0.0,-3.265757156657655,0.0,0.0,0.0,82.0,100.0,10.0
3054,立萬利,食品工業,21.0,2022-06-28,2022Q1,110.53,0.0,-264.29,0.0,-42.096666666666664,0.0,-115.2102775421161,0.0,0.0,0.0,94.5009816185413,100.0,10.0
6160,欣技,電腦及週邊設備業,14.05,2022-06-28,2022Q1,0.0,0.0,-83.33,0.0,-7.383333333333333,0.0,0.41904073945764264,0.0,-21.378343287457803,0.0,63.0,100.0,10.0
5531,鄉林,建材營造業,9.93,2022-06-28,2022Q1,0.0,0.0,15.15,30.3,-20.023333333333333,0.0,-88.2678353783683,0.0,0.0,0.0,29.5950576452871,23.987644113217748,9.973764411321774
2908,特力,貿易百貨業,21.7,2022-06-28,2022Q1,14.09,99.02315484804632,-7.14,0.0,-8.273333333333333,0.0,0.5673108948349499,0.0,0.39482104121475053,0.0,17.1186299123718,0.0,9.902315484804632
4306,炎洲,塑膠工業,15.25,2022-06-28,2022Q1,44.85,0.0,-67.63,0.0,-5.666666666666667,0.0,7.568803091186928,12.84401545593464,0.6642078043629557,23.45825776613653,33.0820243945032,32.705060986258,9.888759970243303
3508,位速,其他電子業,41.5,2022-06-28,2022Q1,0.0,0.0,-127.78,0.0,6.593333333333334,32.96666666666667,-15.595176018335497,0.0,0.0,0.0,33.0,32.5,9.843333333333334
8249,菱光,電子零組件業,22.5,2022-06-28,2022Q1,19.57,0.0,-29.03,0.0,-8.03,0.0,4.418756083492555,0.0,-4.0290461488462785,0.0,59.1572993401117,97.89324835027925,9.789324835027926
3543,州巧,光電業,20.8,2022-06-28,2022Q1,0.0,0.0,-128.21,0.0,-4.12,0.0,-4.219926097433744,0.0,0.0,0.0,59.1526580274339,97.88164506858476,9.788164506858477
6020,大展證,金融保險業,18.8,2022-06-28,2022Q1,0.0,0.0,-147.86,0.0,-37.05666666666667,0.0,0.0,0.0,0.0,0.0,59.0,97.5,9.75
2239,英利-KY,汽車工業,57.9,2022-06-28,2022Q1,15.2,59.52380952380953,-141.09,0.0,0.0,0.0,-1.3112116137805818,0.0,0.0,0.0,34.9950952423913,37.48773810597825,9.701154762978778
6625,必應,其他業,28.75,2022-06-28,2022Q1,0.0,0.0,-306.25,0.0,-3.6366666666666654,0.0,-12.48942643021444,0.0,0.0,0.0,58.696318952611,96.7407973815275,9.67407973815275
1718,中纖,化學工業,8.14,2022-06-28,2022Q1,0.0,0.0,-250.0,0.0,2.9966666666666666,14.983333333333333,13.613783216676566,43.06891608338283,0.0,0.0,2.89149052127856,0.0,9.45700407917409
6558,興能高,其他電子業,22.2,2022-06-28,2022Q1,0.0,0.0,-86.21,0.0,-48.46333333333333,0.0,-5.11787384135838,0.0,-2.8053622067543182,0.0,57.5799298894632,93.949824723658,9.3949824723658
2101,南港,橡膠工業,38.65,2022-06-28,2022Q1,0.0,0.0,-234.62,0.0,6.543333333333333,32.71666666666667,-14.876040385724792,0.0,0.0,0.0,30.6620733599768,26.655183399942008,9.208851673327535
9929,秋雨,其他業,8.42,2022-06-28,2022Q1,0.0,0.0,-3633.33,0.0,-5.140000000000001,0.0,0.31722775205156295,0.0,0.0,0.0,56.8199048821636,92.049762205409,9.2049762205409
5364,力麗店,觀光餐旅,20.6,2022-06-28,2022Q1,0.0,0.0,14.29,28.58,-4.39,0.0,-1.5639643861293346,0.0,0.0,0.0,28.0,20.0,9.145
1217,愛之味,食品工業,10.7,2022-06-28,2022Q1,28.92,5.508368723457413,-28.57,0.0,0.9400000000000001,4.7,5.731355907460999,3.656779537304997,-4.573560932280302,0.0,48.2777443465622,70.6943608664055,9.108789889582042
2855,統一證,金融保險業,19.1,2022-06-28,2022Q1,11.17,63.67851622874806,-160.0,0.0,-19.150000000000006,0.0,-57.68996289800478,0.0,0.0,0.0,30.651328313004,26.628320782510002,9.030683701125806
4534,慶騰,電機機械,9.69,2022-06-28,2022Q1,0.0,0.0,-254.55,0.0,-26.370000000000005,0.0,-21.00397202940411,0.0,0.0,0.0,56.0,90.0,9.0
2509,全坤建,建材營造業,15.3,2022-06-28,2022Q1,0.0,0.0,-144.44,0.0,-80.42,0.0,-35.165464096641664,0.0,0.0,0.0,55.7055510686035,89.26387767150874,8.926387767150874
2440,太空梭,電子零組件業,12.5,2022-06-28,2022Q1,21.55,0.0,0.0,0.0,-21.18,0.0,-0.6264100020620041,0.0,0.0,0.0,55.5748905790205,88.93722644755124,8.893722644755124
3673,TPK-KY,光電業,35.0,2022-06-28,2022Q1,14.89,42.490974729241856,-32.56,0.0,0.0,0.0,0.29816652792879617,0.0,-1.318707247288697,0.0,38.5226117949757,46.306529487439256,8.879750421668112
8477,創業家,數位雲端,24.6,2022-06-28,2022Q1,0.0,0.0,-28.12,0.0,-29.75333333333333,0.0,-4.105660092105875,0.0,0.0,0.0,55.0,87.5,8.75
8093,保銳,電子零組件業,7.07,2022-06-28,2022Q1,0.0,0.0,0.0,0.0,-50.39333333333334,0.0,-48.6784338320939,0.0,0.0,0.0,54.0,85.0,8.5
3339,泰谷,光電業,14.45,2022-06-28,2022Q1,0.0,0.0,-111.11,0.0,-27.400000000000002,0.0,-3.7776735142037623,0.0,0.0,0.0,54.0,85.0,8.5
3349,寶德,電腦及週邊設備業,16.8,2022-06-28,2022Q1,0.0,0.0,-115.09,0.0,-55.156666666666666,0.0,-3.515082343311372,0.0,0.0,0.0,54.0,85.0,8.5
3597,映興,電子零組件業,24.05,2022-06-28,2022Q1,0.0,0.0,-56.41,0.0,-11.673333333333332,0.0,1.1949586081040076,0.0,-1.1041214750542299,0.0,54.0,85.0,8.5
3498,陽程,其他電子業,25.1,2022-06-28,2022Q1,0.0,0.0,-104.0,0.0,-71.78,0.0,-10.654672453594236,0.0,0.0,0.0,54.0,85.0,8.5
8033,雷虎,其他業,17.2,2022-06-28,2022Q1,156.36,0.0,-600.0,0.0,-16.77,0.0,-1.8027090160213286,0.0,0.0,0.0,53.6973400422043,84.24335010551076,8.424335010551076
4764,雙鍵,化學工業,55.5,2022-06-28,2022Q1,41.42,0.0,3.33,6.660000000000001,-2.2733333333333334,0.0,3.315531279381384,0.0,-0.5443237349056985,0.0,47.026872469829,67.5671811745725,8.421718117457251
2382,廣達,電腦及週邊設備業,80.9,2022-06-28,2022Q1,9.36,76.12470402525652,-4.89,0.0,-3.523333333333333,0.0,2.4449739265614756,0.0,-4.399771533825358,0.0,22.99513900134,7.487847503350001,8.361255152860652
6153,嘉聯益,電子零組件業,23.05,2022-06-28,2022Q1,0.0,0.0,-188.89,0.0,-17.779999999999998,0.0,-5.947515424516324,0.0,0.0,0.0,53.0656069486667,82.66401737166674,8.266401737166674
4527,方土霖,電機機械,26.25,2022-06-28,2022Q1,0.0,0.0,-33.33,0.0,-7.359999999999999,0.0,3.443246198642392,0.0,-5.836536396821988,0.0,53.0,82.5,8.25
4304,勝昱,塑膠工業,8.25,2022-06-28,2022Q1,0.0,0.0,-1950.0,0.0,-5.436666666666667,0.0,-19.66704606571525,0.0,0.0,0.0,53.0,82.5,8.25
3296,勝德,電子零組件業,17.0,2022-06-28,2022Q1,0.0,0.0,-91.67,0.0,-18.503333333333334,0.0,-12.165271324176612,0.0,0.0,0.0,51.145718284404,77.86429571100999,7.786429571100999
2491,吉祥全,光電業,14.65,2022-06-28,2022Q1,0.0,0.0,-241.38,0.0,-230.04333333333332,0.0,0.0,0.0,0.0,0.0,51.1392458664413,77.84811466610326,7.784811466610326
3484,崧騰,電子零組件業,55.0,2022-06-28,2022Q1,0.0,0.0,-30.77,0.0,-4.376666666666667,0.0,6.712854367823678,8.56427183911839,-1.8697059844780826,0.0,46.0,65.0,7.784640775867759
5703,亞都,觀光餐旅,18.7,2022-06-28,2022Q1,0.0,0.0,-3.23,0.0,-16.473333333333333,0.0,-33.50757055877586,0.0,0.0,0.0,51.0,77.5,7.75
6276,安鈦克,電腦及週邊設備業,17.05,2022-06-28,2022Q1,0.0,0.0,-119.74,0.0,-6.183333333333333,0.0,-4.046692607003891,0.0,0.0,0.0,51.0,77.5,7.75
9934,成霖,居家生活,12.15,2022-06-28,2022Q1,0.0,0.0,-213.33,0.0,4.46,22.3,-0.7519839499131885,0.0,0.0,0.0,32.9744144990425,32.43603624760626,7.7036036247606265
6123,上奇,資訊服務業,52.5,2022-06-28,2022Q1,0.0,0.0,4.72,9.44,-12.503333333333332,0.0,7.737763847935611,13.688819239678054,0.07646169904500771,0.0,33.0,32.5,7.6633228859517075
2241,艾姆勒,汽車工業,34.7,2022-06-28,2022Q1,0.0,0.0,-463.64,0.0,-19.546666666666667,0.0,-22.26774696616781,0.0,0.0,0.0,49.763380845821,74.40845211455249,7.440845211455249
5452,佶優,其他電子業,15.55,2022-06-28,2022Q1,0.0,0.0,-52.54,0.0,1.1533333333333335,5.7666666666666675,3.483408767619294,0.0,-6.738078155641651,0.0,45.0,62.5,7.403333333333333
3523,迎輝,光電業,10.8,2022-06-28,2022Q1,0.0,0.0,8.16,16.32,-51.126666666666665,0.0,-58.21425751953896,0.0,0.0,0.0,33.0,32.5,7.33
2486,一詮,光電業,30.35,2022-06-28,2022Q1,20.79,0.0,-67.5,0.0,-2.44,0.0,-0.7183186974527509,0.0,-4.463993310803748,0.0,49.0078007036638,72.51950175915948,7.251950175915948
3691,碩禾,光電業,152.5,2022-06-28,2022Q1,0.0,0.0,-1.49,0.0,-20.346666666666668,0.0,-1.7670117677819193,0.0,-0.2551733752912824,0.0,49.0,72.5,7.25
8107,大億金茂,電機機械,17.65,2022-06-28,2022Q1,0.0,0.0,-73.91,0.0,-30.043333333333333,0.0,-3.126462764439269,0.0,-15.552826691380908,0.0,49.0,72.5,7.25
6134,萬旭,電子零組件業,25.05,2022-06-28,2022Q1,0.0,0.0,-342.86,0.0,-32.70333333333333,0.0,-11.322834115726952,0.0,0.0,0.0,49.0,72.5,7.25
1781,合世,生技醫療業,13.85,2022-06-28,2022Q1,0.0,0.0,-152.17,0.0,-42.79333333333333,0.0,-16.665759612506463,0.0,0.0,0.0,49.0,72.5,7.25
3325,旭品,電腦及週邊設備業,13.1,2022-06-28,2022Q1,0.0,0.0,-2250.0,0.0,-34.89,0.0,-19.6841921938193,0.0,0.0,0.0,49.0,72.5,7.25
3308,聯德,電子零組件業,14.1,2022-06-28,2022Q1,0.0,0.0,-680.0,0.0,-25.896666666666665,0.0,-12.538057452950735,0.0,0.0,0.0,48.6784746465971,71.69618661649275,7.169618661649276
8472,夠麻吉,數位雲端,0.0,2022-06-28,2022Q1,0.0,0.0,-226.39,0.0,-23.406666666666666,0.0,-19.373626219776835,0.0,0.0,0.0,48.0,70.0,7.0
2506,太設,建材營造業,9.36,2022-06-28,2022Q1,0.0,0.0,-132.5,0.0,-15.843333333333334,0.0,1.27900253890048,0.0,0.0,0.0,47.5385388696791,68.84634717419775,6.884634717419775
3321,同泰,電子零組件業,10.05,2022-06-28,2022Q1,0.0,0.0,5.26,10.52,-0.6833333333333335,0.0,-6.269428933985263,0.0,0.0,0.0,36.861985535602,42.154963839005006,6.8454963839005005
3630,新鉅科,光電業,29.2,2022-06-28,2022Q1,0.0,0.0,-18.52,0.0,-25.096666666666664,0.0,-27.138260888341865,0.0,0.0,0.0,47.0,67.5,6.75
5498,凱崴,電子零組件業,10.4,2022-06-28,2022Q1,0.0,0.0,-433.33,0.0,-12.81,0.0,-3.2028423334472422,0.0,0.0,0.0,47.0,67.5,6.75
2926,誠品生活,文化創意業,48.85,2022-06-28,2022Q1,0.0,0.0,-147.46,0.0,6.73,33.650000000000006,-10.354558026829734,0.0,0.0,0.0,6.0,0.0,6.730000000000001
8935,邦泰,其他業,11.7,2022-06-28,2022Q1,0.0,0.0,-93.1,0.0,-9.85,0.0,0.8490481052189058,0.0,-7.755348326933626,0.0,46.0,65.0,6.5
6654,天正國際,其他電子業,56.5,2022-06-28,2022Q1,0.0,0.0,-37.74,0.0,-45.333333333333336,0.0,4.371246536616925,0.0,-0.786853158259593,0.0,46.0,65.0,6.5
1589,永冠-KY,電機機械,58.0,2022-06-28,2022Q1,0.0,0.0,-254.87,0.0,0.0,0.0,-6.533123673886533,0.0,0.0,0.0,45.2807147241436,63.201786810358996,6.3201786810359
2207,和泰車,汽車工業,624.0,2022-06-28,2022Q1,21.99,19.10714285714288,-14.19,0.0,-13.200000000000001,0.0,10.819767303480287,29.098836517401434,0.10765331304120779,0.0,18.426255931016,0.0,6.275539763324503
3550,聯穎,電子零組件業,14.9,2022-06-28,2022Q1,42.57,0.0,-132.61,0.0,-12.520000000000001,0.0,-0.7432950191570882,0.0,0.0,0.0,45.0228951471319,62.55723786782974,6.2557237867829745
5475,德宏,電子零組件業,16.7,2022-06-28,2022Q1,0.0,0.0,-206.33,0.0,-71.33333333333333,0.0,-42.50461591093179,0.0,0.0,0.0,45.0,62.5,6.25
3230,錦明,光電業,15.75,2022-06-28,2022Q1,0.0,0.0,-875.0,0.0,-35.593333333333334,0.0,-8.18005623723654,0.0,0.0,0.0,45.0,62.5,6.25
6451,訊芯-KY,半導體業,78.2,2022-06-28,2022Q1,116.72,0.0,-143.52,0.0,0.0,0.0,-18.595538891526637,0.0,0.0,0.0,44.4751779407091,61.187944851772755,6.1187944851772755
3379,彬台,電機機械,11.65,2022-06-28,2022Q1,0.0,0.0,-1400.0,0.0,-64.12333333333333,0.0,-21.01762589544033,0.0,0.0,0.0,44.0,60.0,6.0
4161,聿新科,生技醫療業,25.25,2022-06-28,2022Q1,0.0,0.0,0.0,0.0,-11.156666666666666,0.0,-2.979578397048645,0.0,-13.773790951638066,0.0,44.0,60.0,6.0
2540,愛山林,建材營造業,125.0,2022-06-28,2022Q1,22.01,0.0,-78.49,0.0,-4.266666666666667,0.0,10.455815815243419,27.279079076217094,-12.41984541675709,0.0,26.9461302000299,17.365325500074746,5.828394411440039
3294,英濟,電子零組件業,19.95,2022-06-28,2022Q1,0.0,0.0,-300.0,0.0,-31.580000000000002,0.0,-2.297943817251934,0.0,0.0,0.0,43.0,57.49999999999999,5.75
2419,仲琦,通信網路業,18.55,2022-06-28,2022Q1,41.22,0.0,0.0,0.0,0.11333333333333334,0.5666666666666667,6.294909596433889,6.474547982169443,-6.3057810911555405,0.0,38.4223063635151,46.05576590878774,5.690092121537524
6275,元山,電子零組件業,32.65,2022-06-28,2022Q1,0.0,0.0,-17.57,0.0,1.456666666666667,7.283333333333335,2.597326647293313,0.0,0.16207325955687132,0.0,36.0,40.0,5.456666666666667
4907,富宇,建材營造業,24.6,2022-06-28,2022Q1,0.0,0.0,-74.42,0.0,-13.153333333333334,0.0,10.48191481772134,27.409574088606696,-35.79465011453484,0.0,25.0,12.5,5.3614361132910044
1735,日勝化,化學工業,15.3,2022-06-28,2022Q1,0.0,0.0,-500.0,0.0,0.9666666666666667,4.833333333333333,-2.3044444999625253,0.0,0.0,0.0,37.5542497304988,43.88562432624701,5.3552290992913685
3540,曜越,電腦及週邊設備業,28.9,2022-06-28,2022Q1,0.0,0.0,-117.0,0.0,-46.98,0.0,-8.91942026679999,0.0,0.0,0.0,41.0,52.5,5.25
4744,皇將,生技醫療業,25.75,2022-06-28,2022Q1,0.0,0.0,-87.5,0.0,-23.206666666666667,0.0,-17.347368174964057,0.0,-19.069825436408976,0.0,41.0,52.5,5.25
6288,聯嘉,,23.65,2022-06-28,2022Q1,0.0,0.0,-70.0,0.0,0.0,0.0,-3.953287178568886,0.0,0.0,0.0,40.664091137828,51.66022784457,5.166022784457001
3593,力銘,電子零組件業,14.4,2022-06-28,2022Q1,0.0,0.0,0.0,0.0,-36.736666666666665,0.0,-16.033188425678457,0.0,0.0,0.0,40.4436667996848,51.10916699921199,5.1109166999212
1446,宏和,紡織纖維,32.75,2022-06-28,2022Q1,0.0,0.0,-113.33,0.0,1.4599999999999984,7.299999999999993,-34.12606714166506,0.0,0.0,0.0,34.5856150888016,36.46403772200401,5.1064037722004
4916,事欣科,電腦及週邊設備業,22.3,2022-06-28,2022Q1,19.91,0.0,-45.0,0.0,-7.190000000000001,0.0,3.348288406620572,0.0,-3.5236248429562465,0.0,40.3801933833572,50.950483458393,5.0950483458393006
1442,名軒,建材營造業,22.7,2022-06-28,2022Q1,17.6,0.0,0.0,0.0,-37.39333333333334,0.0,-1.4637357663783082,0.0,-337.51040918880113,0.0,40.2966080290935,50.74152007273375,5.0741520072733755
3188,鑫龍騰,建材營造業,15.9,2022-06-28,2022Q1,0.0,0.0,-95.24,0.0,-94.18666666666667,0.0,9.704691830671372,23.52345915335686,-367.41743119266056,0.0,26.0,15.0,5.028518873003529
1808,潤隆,建材營造業,67.7,2022-06-28,2022Q1,21.16,0.0,-90.6,0.0,-88.03666666666668,0.0,11.672748881086536,33.363744405432676,-50.71016169064315,0.0,14.5292309013349,0.0,5.004561660814901
2630,亞航,航運業,17.15,2022-06-28,2022Q1,65.96,0.0,-150.0,0.0,-11.88,0.0,-1.327457538259543,0.0,0.0,0.0,39.9754110633344,49.938527658336,4.9938527658336005
6573,虹揚-KY,半導體業,15.9,2022-06-28,2022Q1,0.0,0.0,-1.85,0.0,0.0,0.0,-13.948405235931363,0.0,0.0,0.0,39.9142416585275,49.785604146318754,4.978560414631875
3211,順達,電腦及週邊設備業,74.0,2022-06-28,2022Q1,0.0,0.0,-62.75,0.0,-17.733333333333334,0.0,4.0867036852012895,0.0,-3.8621522591486186,0.0,39.0,47.5,4.75
4131,晶宇,生技醫療業,17.65,2022-06-28,2022Q1,0.0,0.0,-61.54,0.0,-15.32,0.0,-20.55588327145286,0.0,0.0,0.0,39.0,47.5,4.75
8291,尚茂,電子零組件業,0.0,2022-06-28,2022Q1,0.0,0.0,-21.05,0.0,-45.086666666666666,0.0,-27.113980043205434,0.0,0.0,0.0,39.0,47.5,4.75
6264,富裔,建材營造業,8.66,2022-06-28,2022Q1,0.0,0.0,-315.38,0.0,3.153333333333336,15.766666666666678,-30.629875422051462,0.0,0.0,0.0,26.0,15.0,4.653333333333336
2516,新建,建材營造業,5.3,2022-06-28,2022Q1,14.72,16.66666666666665,-47.62,0.0,-8.346666666666666,0.0,1.3483118506036673,0.0,-17.773222346461257,0.0,31.8755743471968,29.688935867992,4.635560253465865
2022,聚亨,鋼鐵工業,8.79,2022-06-28,2022Q1,15.42,0.0,-80.0,0.0,-14.466666666666667,0.0,4.090638774671578,0.0,-0.2133235764425292,0.0,38.3483877985345,45.87096949633626,4.587096949633626
6247,淇譽電,,10.2,2022-06-28,2022Q1,0.0,0.0,-178.57,0.0,0.0,0.0,-35.009910225020406,0.0,0.0,0.0,38.0,45.0,4.5
6021,美好證,金融保險業,20.3,2022-06-28,2022Q1,0.0,0.0,-94.44,0.0,-23.22666666666667,0.0,0.302520088155175,0.0,-42.11295608477168,0.0,38.0,45.0,4.5
9919,康那香,其他業,18.8,2022-06-28,2022Q1,81.74,0.0,-135.0,0.0,-28.796666666666667,0.0,-3.95721680329343,0.0,0.0,0.0,37.7839285876812,44.45982146920301,4.445982146920301
1710,東聯,化學工業,19.3,2022-06-28,2022Q1,64.33,0.0,-112.5,0.0,-20.183333333333334,0.0,-2.0883242526187766,0.0,0.0,0.0,37.5731701699819,43.932925424954746,4.393292542495475
6585,鼎基,其他業,76.9,2022-06-28,2022Q1,16.9,31.195079086116007,0.0,0.0,1.1999999999999995,5.999999999999997,0.0,0.0,0.0,0.0,0.0,0.0,4.3195079086116
1213,大飲,食品工業,7.82,2022-06-28,2022Q1,0.0,0.0,-95.83,0.0,-13.813333333333333,0.0,-25.245190307305187,0.0,0.0,0.0,37.0582535110635,42.645633777658745,4.2645633777658745
5907,大洋-KY,貿易百貨業,15.8,2022-06-28,2022Q1,0.0,0.0,-1000.0,0.0,0.0,0.0,7.141754990210257,10.708774951051284,0.0,0.0,30.5957517320693,26.489379330173247,4.2552541756750175
3489,森寶,建材營造業,11.1,2022-06-28,2022Q1,0.0,0.0,-156.25,0.0,-52.583333333333336,0.0,-1.6667717180630623,0.0,0.0,0.0,37.0,42.5,4.25
2911,麗嬰房,貿易百貨業,6.98,2022-06-28,2022Q1,0.0,0.0,-51.35,0.0,-19.336666666666666,0.0,-12.948329530864653,0.0,0.0,0.0,36.1854421471492,40.46360536787301,4.046360536787301
5529,鉅陞,建材營造業,14.3,2022-06-28,2022Q1,0.0,0.0,-77.78,0.0,-9.506666666666666,0.0,-91.43581386927394,0.0,0.0,0.0,36.0,40.0,4.0
1586,和勤,電機機械,38.3,2022-06-28,2022Q1,0.0,0.0,-33.33,0.0,-1.376666666666667,0.0,3.150896073188518,0.0,-2.596296155743615,0.0,36.0,40.0,4.0
8463,潤泰材,其他業,21.55,2022-06-28,2022Q1,0.0,0.0,-366.67,0.0,-9.57,0.0,-7.8850481659899625,0.0,0.0,0.0,35.5244865728823,38.81121643220576,3.881121643220576
3260,威剛,半導體業,62.9,2022-06-28,2022Q1,0.0,0.0,-38.1,0.0,-15.01,0.0,5.362993131909784,1.8149656595489192,-4.263471885130433,0.0,34.0,35.0,3.772244848932338
6015,宏遠證,金融保險業,13.45,2022-06-28,2022Q1,0.0,0.0,-132.26,0.0,-81.49,0.0,-83.27275211806504,0.0,0.0,0.0,35.0,37.5,3.75
6246,臺龍,光電業,14.5,2022-06-28,2022Q1,0.0,0.0,-142.11,0.0,0.75,3.75,-0.27344282052657864,0.0,0.0,0.0,31.0,27.500000000000004,3.5000000000000004
6240,松崗,資訊服務業,20.15,2022-06-28,2022Q1,0.0,0.0,-140.0,0.0,-3.8166666666666664,0.0,-15.098468271334792,0.0,0.0,0.0,34.0,35.0,3.5
1598,岱宇,運動休閒,39.2,2022-06-28,2022Q1,37.69,0.0,-116.19,0.0,-45.98333333333333,0.0,-4.630905466096278,0.0,0.0,0.0,33.1004958061063,32.75123951526576,3.275123951526576
3642,駿熠電,,7.96,2022-06-28,2022Q1,0.0,0.0,-9.43,0.0,0.0,0.0,-29.355282940202905,0.0,0.0,0.0,33.0,32.5,3.25
4513,福裕,電機機械,18.95,2022-06-28,2022Q1,0.0,0.0,-110.0,0.0,-3.64,0.0,0.915077872280756,0.0,0.0,0.0,33.0,32.5,3.25
3709,鑫聯大投控,電腦及週邊設備業,29.55,2022-06-28,2022Q1,0.0,0.0,-11.29,0.0,-6.7,0.0,2.7252485523295866,0.0,-5.9198025014068145,0.0,33.0,32.5,3.25
6127,九豪,電子零組件業,18.8,2022-06-28,2022Q1,0.0,0.0,-66.67,0.0,-14.056666666666667,0.0,5.208308773253484,1.0415438662674203,-37.99742552408974,0.0,32.0,30.0,3.156231579940113
3465,進泰電子,其他電子業,0.0,2022-06-28,2022Q1,0.0,0.0,-73.38,0.0,-38.550000000000004,0.0,5.839872693582111,4.199363467910553,-1.4013952519783424,0.0,30.0,25.0,3.129904520186583
8489,三貝德,其他業,28.5,2022-06-28,2022Q1,0.0,0.0,-136.36,0.0,-6.163333333333333,0.0,5.399434265747194,1.9971713287359714,0.0,0.0,31.0,27.500000000000004,3.049575699310396
5905,南仁湖,觀光餐旅,12.5,2022-06-28,2022Q1,0.0,0.0,-133.33,0.0,-6.879999999999999,0.0,-21.543238243824074,0.0,0.0,0.0,32.0,30.0,3.0
3149,正達,光電業,19.35,2022-06-28,2022Q1,0.0,0.0,-633.33,0.0,-3.573333333333334,0.0,-15.056323635732086,0.0,0.0,0.0,31.9505804221206,29.876451055301494,2.9876451055301496
1519,華城,電機機械,35.15,2022-06-28,2022Q1,33.48,0.0,-175.0,0.0,-20.743333333333332,0.0,-2.69780628109787,0.0,0.0,0.0,31.4462310725941,28.61557768148525,2.861557768148525
2349,錸德,光電業,8.15,2022-06-28,2022Q1,0.0,0.0,0.0,0.0,0.3533333333333335,1.7666666666666675,-7.01523694717464,0.0,0.0,0.0,29.3927995809422,23.481998952355497,2.7015332285688833
2429,銘旺科,光電業,14.95,2022-06-28,2022Q1,0.0,0.0,-460.0,0.0,-51.79,0.0,-2.1867237461022144,0.0,0.0,0.0,30.533913375929,26.334783439822502,2.6334783439822504
3521,鴻翊,建材營造業,13.4,2022-06-28,2022Q1,0.0,0.0,-3500.0,0.0,-28.47666666666667,0.0,-22.938600727647383,0.0,0.0,0.0,30.0,25.0,2.5
3058,立德,電子零組件業,10.15,2022-06-28,2022Q1,0.0,0.0,-109.09,0.0,-8.973333333333334,0.0,-6.9675431074394805,0.0,0.0,0.0,29.7236102005851,24.30902550146275,2.430902550146275
2208,台船,航運業,18.35,2022-06-28,2022Q1,0.0,0.0,-400.0,0.0,-7.753333333333334,0.0,-4.4055254885101744,0.0,0.0,0.0,29.56454151069,23.911353776724997,2.3911353776724997
2406,國碩,光電業,22.15,2022-06-28,2022Q1,0.0,0.0,-97.78,0.0,-16.756666666666668,0.0,-2.8532862855424135,0.0,-17.382802746566792,0.0,28.9980710298428,22.495177574607002,2.2495177574607004
5206,坤悅,建材營造業,13.8,2022-06-28,2022Q1,0.0,0.0,-900.0,0.0,-96.3,0.0,0.0,0.0,0.0,0.0,27.0,17.5,1.75
8044,網家,數位雲端,71.5,2022-06-28,2022Q1,0.0,0.0,-121.37,0.0,-1.4133333333333333,0.0,0.010256684416167916,0.0,0.0,0.0,27.0,17.5,1.75
2727,王品,觀光餐旅,121.5,2022-06-28,2022Q1,0.0,0.0,-10.0,0.0,-15.706666666666665,0.0,3.492483195412567,0.0,0.5362461135657012,5.178016223671597,22.2481275081041,5.620318770260253,1.5976351217603448
2731,雄獅,觀光餐旅,95.9,2022-06-28,2022Q1,0.0,0.0,-39.26,0.0,-13.736666666666666,0.0,-37.049911950238155,0.0,0.0,0.0,26.3389933383718,15.8474833459295,1.58474833459295
8066,來思達,居家生活,27.1,2022-06-28,2022Q1,0.0,0.0,-33.33,0.0,-21.723333333333333,0.0,2.8825759361133367,0.0,-0.589087093389297,0.0,26.0,15.0,1.5
6220,岳豐,電子零組件業,23.6,2022-06-28,2022Q1,0.0,0.0,-600.0,0.0,-0.8366666666666668,0.0,-0.29217184839516014,0.0,0.0,0.0,25.0,12.5,1.25
3202,樺晟,,14.25,2022-06-28,2022Q1,0.0,0.0,-442.86,0.0,0.0,0.0,-0.005047754413464221,0.0,0.0,0.0,25.0,12.5,1.25
5209,新鼎,其他業,72.4,2022-06-28,2022Q1,0.0,0.0,-30.37,0.0,-30.126666666666665,0.0,5.132670176582957,0.663350882914786,-5.919304490690033,0.0,24.0,10.0,1.099502632437218
5228,鈺鎧,電子零組件業,22.15,2022-06-28,2022Q1,0.0,0.0,0.0,0.0,0.9533333333333344,4.766666666666672,0.0,0.0,0.0,0.0,0.0,0.0,0.9533333333333345
3056,富華新,建材營造業,29.5,2022-06-28,2022Q1,0.0,0.0,-106.63,0.0,-71.84666666666666,0.0,-347.5140091696383,0.0,0.0,0.0,21.9754582892033,4.938645723008248,0.4938645723008248
1436,華友聯,建材營造業,65.6,2022-06-28,2022Q1,17.73,0.0,-156.32,0.0,-85.64333333333333,0.0,-704.0367323512531,0.0,0.0,0.0,21.1301795887461,2.8254489718652476,0.28254489718652476
2726,雅茗-KY,觀光餐旅,26.3,2022-06-28,2022Q1,0.0,0.0,0.0,0.0,0.0,0.0,0.0,0.0,0.0,0.0,0.0,0.0,0.0
8444,綠河-KY,其他業,48.6,2022-06-28,2022Q1,0.0,0.0,0.0,0.0,0.0,0.0,0.0,0.0,0.0,0.0,0.0,0.0,0.0
8455,大拓-KY,其他電子業,21.65,2022-06-28,2022Q1,0.0,0.0,0.0,0.0,0.0,0.0,0.0,0.0,0.0,0.0,0.0,0.0,0.0
1512,瑞利,汽車工業,3.5,2022-06-28,2022Q1,0.0,0.0,-26.67,0.0,-31.27,0.0,-34.43825224213124,0.0,0.0,0.0,5.97696517335822,0.0,0.0
8418,捷必勝-KY,,0.0,2022-06-28,2022Q1,0.0,0.0,0.0,0.0,0.0,0.0,0.0,0.0,0.0,0.0,0.0,0.0,0.0
8426,紅木-KY,其他業,13.85,2022-06-28,2022Q1,0.0,0.0,0.0,0.0,0.0,0.0,0.0,0.0,0.0,0.0,0.0,0.0,0.0
6514,芮特-KY,,67.1,2022-06-28,2022Q1,0.0,0.0,0.0,0.0,0.0,0.0,0.0,0.0,0.0,0.0,0.0,0.0,0.0
8437,大地-KY,其他業,118.0,2022-06-28,2022Q1,0.0,0.0,0.0,0.0,0.0,0.0,0.0,0.0,0.0,0.0,0.0,0.0,0.0
8423,保綠-KY,綠能環保,0.0,2022-06-28,2022Q1,0.0,0.0,0.0,0.0,0.0,0.0,0.0,0.0,0.0,0.0,0.0,0.0,0.0
6550,北極星藥業-KY,生技醫療業,114.0,2022-06-28,2022Q1,0.0,0.0,0.0,0.0,0.0,0.0,0.0,0.0,0.0,0.0,0.0,0.0,0.0
6404,通訊-KY,,16.5,2022-06-28,2022Q1,0.0,0.0,0.0,0.0,0.0,0.0,0.0,0.0,0.0,0.0,0.0,0.0,0.0
2867,三商壽,金融保險業,7.3,2022-06-28,2022Q1,0.0,0.0,-290.62,0.0,-29.923333333333332,0.0,-9.883604403875205,0.0,0.0,0.0,2.74853306394173,0.0,0.0
6616,特昇-KY,居家生活,17.5,2022-06-28,2022Q1,0.0,0.0,0.0,0.0,0.0,0.0,0.0,0.0,0.0,0.0,0.0,0.0,0.0
5324,士開,建材營造業,9.19,2022-06-28,2022Q1,0.0,0.0,-20.83,0.0,-3.7333333333333343,0.0,-59.134115836059266,0.0,0.0,0.0,20.0,0.0,0.0
6629,泰金-KY,居家生活,56.9,2022-06-28,2022Q1,0.0,0.0,0.0,0.0,0.0,0.0,0.0,0.0,0.0,0.0,0.0,0.0,0.0
6289,華上,,2.72,2022-06-28,2022Q1,0.0,0.0,-150.0,0.0,0.0,0.0,-206.81416673677126,0.0,0.0,0.0,0.671065169188806,0.0,0.0
3536,誠創,,5.2,2022-06-28,2022Q1,0.0,0.0,-2900.0,0.0,0.0,0.0,-23.991023274333077,0.0,0.0,0.0,2.79852411122708,0.0,0.0
5281,大峽谷-KY,,19.15,2022-06-28,2022Q1,0.0,0.0,0.0,0.0,0.0,0.0,0.0,0.0,0.0,0.0,0.0,0.0,0.0
5276,達輝-KY,其他業,14.85,2022-06-28,2022Q1,0.0,0.0,0.0,0.0,0.0,0.0,0.0,0.0,0.0,0.0,0.0,0.0,0.0
5223,安力-KY,電腦及週邊設備業,47.7,2022-06-28,2022Q1,0.0,0.0,0.0,0.0,0.0,0.0,0.0,0.0,0.0,0.0,0.0,0.0,0.0
5227,立凱-KY,電子零組件業,71.3,2022-06-28,2022Q1,0.0,0.0,0.0,0.0,0.0,0.0,0.0,0.0,0.0,0.0,0.0,0.0,0.0
3664,安瑞-KY,通信網路業,8.9,2022-06-28,2022Q1,0.0,0.0,0.0,0.0,0.0,0.0,0.0,0.0,0.0,0.0,0.0,0.0,0.0
2724,富驛-KY,其他業,15.15,2022-06-28,2022Q1,0.0,0.0,0.0,0.0,0.0,0.0,0.0,0.0,0.0,0.0,0.0,0.0,0.0
2740,天蔥,觀光餐旅,0.0,2022-06-28,2022Q1,0.0,0.0,0.0,0.0,-50.32666666666666,0.0,-32.89781591263651,0.0,0.0,0.0,17.0,0.0,0.0
6741,91APP*-KY,數位雲端,126.5,2022-06-28,2022Q1,0.0,0.0,0.0,0.0,0.0,0.0,0.0,0.0,0.0,0.0,0.0,0.0,0.0
5543,桓鼎-KY,建材營造業,57.6,2022-06-28,2022Q1,0.0,0.0,0.0,0.0,0.0,0.0,0.0,0.0,0.0,0.0,0.0,0.0,0.0
2305,全友,電腦及週邊設備業,16.8,2022-06-28,2022Q1,168.0,0.0,0.0,0.0,-35.413333333333334,0.0,0.0,0.0,0.0,0.0,0.0,0.0,0.0
6186,新潤,建材營造業,26.65,2022-06-28,2022Q1,0.0,0.0,-113.41,0.0,-99.94,0.0,-2181.8061088977424,0.0,0.0,0.0,18.0,0.0,0.0
3383,新世紀,,6.8,2022-06-28,2022Q1,0.0,0.0,-239.29,0.0,0.0,0.0,-50.13458580531751,0.0,0.0,0.0,1.22380369526698,0.0,0.0
6219,富旺,建材營造業,13.65,2022-06-28,2022Q1,0.0,0.0,-1011.76,0.0,-29.289999999999996,0.0,-72.73062802307737,0.0,0.0,0.0,15.0,0.0,0.0
4966,譜瑞-KY,半導體業,1220.0,2022-06-28,2022Q1,0.0,0.0,0.0,0.0,0.0,0.0,0.0,0.0,0.0,0.0,0.0,0.0,0.0
4139,馬光-KY,生技醫療業,42.85,2022-06-28,2022Q1,0.0,0.0,0.0,0.0,0.0,0.0,0.0,0.0,0.0,0.0,0.0,0.0,0.0
4971,IET-KY,半導體業,71.9,2022-06-28,2022Q1,0.0,0.0,0.0,0.0,0.0,0.0,0.0,0.0,0.0,0.0,0.0,0.0,0.0
4154,樂威科-KY,其他業,45.1,2022-06-28,2022Q1,0.0,0.0,0.0,0.0,0.0,0.0,0.0,0.0,0.0,0.0,0.0,0.0,0.0
4991,環宇-KY,半導體業,35.25,2022-06-28,2022Q1,0.0,0.0,0.0,0.0,0.0,0.0,0.0,0.0,0.0,0.0,0.0,0.0,0.0
2924,東凌-KY,居家生活,30.6,2022-06-28,2022Q1,0.0,0.0,0.0,0.0,0.0,0.0,0.0,0.0,0.0,0.0,0.0,0.0,0.0
2905,三商,貿易百貨業,20.0,2022-06-28,2022Q1,0.0,0.0,-211.54,0.0,-1.7633333333333308,0.0,-4.170749719500215,0.0,0.0,0.0,1.21042544774267,0.0,0.0
3710,連展投控,電子零組件業,13.75,2022-06-28,2022Q1,0.0,0.0,-120.69,0.0,-6.84,0.0,-3.7491679427365505,0.0,0.0,0.0,20.0,0.0,0.0
4924,欣厚-KY,電腦及週邊設備業,14.65,2022-06-28,2022Q1,0.0,0.0,0.0,0.0,0.0,0.0,0.0,0.0,0.0,0.0,0.0,0.0,0.0
4157,太景*-KY,生技醫療業,17.25,2022-06-28,2022Q1,0.0,0.0,0.0,0.0,0.0,0.0,0.0,0.0,0.0,0.0,0.0,0.0,0.0
4944,兆遠,,0.0,2022-06-28,2022Q1,0.0,0.0,-7.32,0.0,0.0,0.0,-35.101033190088685,0.0,0.0,0.0,13.0,0.0,0.0
3095,及成,通信網路業,2.98,2022-06-28,2022Q1,0.0,0.0,-700.0,0.0,-1.5,0.0,-7.684586120507133,0.0,0.0,0.0,6.0,0.0,0.0
3064,泰偉,文化創意業,0.0,2022-06-28,2022Q1,0.0,0.0,-247.5,0.0,-77.26666666666667,0.0,-132.67855675186982,0.0,0.0,0.0,8.0,0.0,0.0
4943,康控-KY,電子零組件業,18.65,2022-06-28,2022Q1,0.0,0.0,0.0,0.0,0.0,0.0,0.0,0.0,0.0,0.0,0.0,0.0,0.0
1538,正峰,電機機械,0.0,2022-06-28,2022Q1,0.0,0.0,-81.25,0.0,-38.28666666666667,0.0,-21.901782513768044,0.0,0.0,0.0,7.56354937435954,0.0,0.0
1591,駿吉-KY,電機機械,20.45,2022-06-28,2022Q1,0.0,0.0,0.0,0.0,0.0,0.0,0.0,0.0,0.0,0.0,0.0,0.0,0.0
4745,合富-KY,生技醫療業,25.7,2022-06-28,2022Q1,0.0,0.0,0.0,0.0,0.0,0.0,0.0,0.0,0.0,0.0,0.0,0.0,0.0
4804,大略-KY,觀光餐旅,12.85,2022-06-28,2022Q1,0.0,0.0,0.0,0.0,0.0,0.0,0.0,0.0,0.0,0.0,0.0,0.0,0.0
1258,其祥-KY,,21.25,2022-06-28,2022Q1,0.0,0.0,0.0,0.0,0.0,0.0,0.0,0.0,0.0,0.0,0.0,0.0,0.0
