symbol,name,industry,market_price,price_date,report_quarter,pe_ratio,value_score,eps_yoy,growth_score,avg_revenue_yoy_3m,momentum_score,op_margin,profit_score,cash_quality,quality_score,equity_to_assets_ratio,safety_score,total_score
5521,工信,建材營造業,11.1,2020-09-28,2020Q2,2.6,100.0,6200.0,100.0,413.6033333333333,100.0,33.94999562095909,100.0,1.7480112669567176,100.0,60.1508121438667,100.0,100.0
2505,國揚,建材營造業,25.8,2020-09-28,2020Q2,3.93,100.0,16225.0,100.0,521.8766666666667,100.0,45.78069790344553,100.0,1.8775071404838664,100.0,60.9976494153005,100.0,100.0
2107,厚生,橡膠工業,19.6,2020-09-28,2020Q2,8.79,100.0,115.79,100.0,40.623333333333335,100.0,24.672373446592683,98.36186723296342,1.6674596955428012,100.0,85.7655853390112,100.0,99.75428008494451
6582,申豐,橡膠工業,172.0,2020-09-28,2020Q2,23.37,82.6900921658986,111.37,100.0,38.93333333333333,100.0,27.800665881216997,100.0,1.6270055104129497,100.0,77.4287236712073,100.0,98.26900921658986
4999,鑫禾,電子零組件業,44.25,2020-09-28,2020Q2,10.9,78.94393741851368,113.27,100.0,34.056666666666665,100.0,20.520147909196883,77.60073954598441,1.4081942506279654,100.0,79.2979229442989,100.0,94.53450467374904
2330,台積電,半導體業,431.5,2020-09-28,2020Q2,24.6,29.794771561202047,85.63,100.0,27.19,100.0,41.78626017842877,100.0,1.5700185341665474,100.0,70.2578064713758,100.0,92.97947715612021
1714,和桐,化學工業,10.25,2020-09-28,2020Q2,5.54,100.0,963.16,100.0,17.77,88.85,19.901563361700745,74.50781680850372,1.4634629335432459,100.0,49.9926137870669,74.98153446766726,91.44432596804228
1325,恆大,塑膠工業,120.0,2020-09-28,2020Q2,13.61,64.83103879849813,3107.41,100.0,603.0333333333333,100.0,57.1774564755635,100.0,1.015557256147527,73.65103659250386,82.7577871644814,100.0,91.21331119835058
2441,超豐,半導體業,49.05,2020-09-28,2020Q2,12.26,90.09284143659907,45.52,91.04,16.963333333333335,84.81666666666668,21.044072827838367,80.22036413919183,1.8969985557747806,100.0,79.3536576036736,100.0,90.76567209787203
5471,松翰,半導體業,64.6,2020-09-28,2020Q2,16.74,68.20180796481799,181.19,100.0,59.18666666666667,100.0,23.2764489560876,91.38224478043799,1.016001326970036,73.71447528143374,70.3307528415395,100.0,90.27041256983424
6426,統新,通信網路業,106.5,2020-09-28,2020Q2,0.0,0.0,64.29,100.0,29.736666666666668,100.0,27.035471575339585,100.0,1.2440472462642633,100.0,86.0,100.0,90.0
3373,熱映,其他電子業,87.6,2020-09-28,2020Q2,0.0,0.0,4172.0,100.0,276.7033333333333,100.0,51.19421708514697,100.0,1.2298004002812788,100.0,67.0,100.0,90.0
6510,精測,半導體業,686.0,2020-09-28,2020Q2,0.0,0.0,94.58,100.0,22.16333333333333,100.0,26.25011811998948,100.0,1.509086145538437,100.0,81.0,100.0,90.0
3406,玉晶光,光電業,581.0,2020-09-28,2020Q2,19.6,41.65284687672746,306.76,100.0,15.956666666666665,79.78333333333333,26.432786450161938,100.0,1.540197926859343,100.0,59.203248669638,98.00812167409501,89.92276352174892
6257,矽格,半導體業,37.6,2020-09-28,2020Q2,9.82,100.0,54.92,100.0,23.97,100.0,17.20964983693055,61.04824918465275,2.5452562882256524,100.0,41.4864030709251,53.716007677312746,89.52883814542919
3218,大學光,生技醫療業,267.5,2020-09-28,2020Q2,0.0,0.0,69.62,100.0,60.593333333333334,100.0,27.570130679981975,100.0,1.6651202850040128,100.0,56.0,90.0,89.0
5474,聰泰,電腦及週邊設備業,277.0,2020-09-28,2020Q2,0.0,0.0,52.49,100.0,163.58333333333334,100.0,27.414683542045143,100.0,1.583669121393173,100.0,56.0,90.0,89.0
2605,新興,航運業,15.15,2020-09-28,2020Q2,14.16,75.72777340676632,167.27,100.0,21.51,100.0,13.44494290593532,42.2247145296766,4.750005814142786,100.0,67.2058077053617,100.0,88.90648452012813
3679,新至陞,電子零組件業,95.1,2020-09-28,2020Q2,10.43,82.0078226857888,536.23,100.0,32.24333333333333,100.0,14.371810320487914,46.859051602439564,1.4820512820512821,100.0,52.4053725772851,81.01343144321275,88.33098315326609
6464,台數科,其他業,131.0,2020-09-28,2020Q2,17.06,50.611709874745124,82.16,100.0,44.25,100.0,34.69850005567132,100.0,1.6076376683015563,100.0,32.1855358328406,30.4638395821015,88.10755494568467
6203,海韻電,電子零組件業,68.3,2020-09-28,2020Q2,0.0,0.0,57.73,100.0,66.78666666666666,100.0,22.110601030774554,85.55300515387276,1.5893721387864976,100.0,57.0,92.5,87.08295077308091
3557,嘉威,居家生活,75.0,2020-09-28,2020Q2,8.85,88.19832402234637,2092.31,100.0,6093.830000000001,100.0,16.919678718317172,59.59839359158586,2.1458340560547153,100.0,36.8994107952715,42.248526988178746,86.98444413979038
3257,虹冠電,半導體業,65.5,2020-09-28,2020Q2,26.73,19.386757879306128,866.67,100.0,50.20666666666667,100.0,18.31878748249881,66.59393741249404,2.3820581883477714,100.0,76.673852871746,100.0,86.92776639980471
6538,倉和,電子零組件業,233.0,2020-09-28,2020Q2,0.0,0.0,172.5,100.0,39.026666666666664,100.0,34.613369709107985,100.0,1.0715317419131638,81.64739170188055,68.0,100.0,86.32947834037611
3293,鈊象,文化創意業,758.0,2020-09-28,2020Q2,0.0,0.0,102.18,100.0,53.99333333333334,100.0,48.883916172495404,100.0,1.100107749002206,85.72967842888657,56.0,90.0,86.14593568577732
6532,瑞耘,半導體業,56.5,2020-09-28,2020Q2,0.0,0.0,72.5,100.0,31.22666666666667,100.0,27.69174575178024,100.0,1.0612375079736338,80.17678685337626,69.0,100.0,86.03535737067526
5274,信驊,半導體業,1140.0,2020-09-28,2020Q2,0.0,0.0,47.39,94.78,43.76666666666667,100.0,41.75817045872582,100.0,1.081597719655952,83.08538852227886,64.0,100.0,85.31207770445577
3219,倚強股份,其他電子業,40.0,2020-09-28,2020Q2,0.0,0.0,542.86,100.0,14.943333333333333,74.71666666666667,72.83290727399489,100.0,2.3273462056578356,100.0,98.0,100.0,84.94333333333333
8410,森田,電腦及週邊設備業,43.65,2020-09-28,2020Q2,0.0,0.0,781.82,100.0,29.63666666666667,100.0,17.755109987817246,63.77554993908623,1.7150138363359124,100.0,75.0,100.0,84.56633249086293
4726,永昕,生技醫療業,46.3,2020-09-28,2020Q2,0.0,0.0,167.16,100.0,184.52666666666664,100.0,16.599327692403044,57.99663846201521,1.8148654570952756,100.0,81.0,100.0,83.69949576930227
4736,泰博,生技醫療業,185.5,2020-09-28,2020Q2,0.0,0.0,215.79,100.0,33.24333333333333,100.0,37.67069953588686,100.0,0.9713587245591464,67.33696065130663,61.0,100.0,83.46739213026132
3533,嘉澤,電子零組件業,448.5,2020-09-28,2020Q2,17.48,36.04954367666231,78.09,100.0,12.420000000000002,62.10000000000001,21.562623101341437,82.81311550670718,1.4633677821184823,100.0,64.1043872875601,100.0,83.44692169367232
3413,京鼎,半導體業,173.0,2020-09-28,2020Q2,13.36,84.71781089665282,209.02,100.0,63.63333333333333,100.0,17.244557387149424,61.22278693574712,0.9541370915750681,64.87672736786688,51.2188876821154,78.0472192052885,83.43526652412957
8155,博智,電子零組件業,112.0,2020-09-28,2020Q2,0.0,0.0,413.49,100.0,48.416666666666664,100.0,25.03496343095909,100.0,0.9711979384964063,67.31399121377234,57.0,92.5,82.71279824275447
6416,瑞祺電通,通信網路業,134.0,2020-09-28,2020Q2,26.43,47.51841799146956,58.86,100.0,35.376666666666665,100.0,10.263668644273395,26.318343221366973,1.4793337739590218,100.0,54.7664005349874,86.9160013374685,82.39119341609886
3264,欣銓,半導體業,31.75,2020-09-28,2020Q2,0.0,0.0,75.53,100.0,16.06,80.3,21.729078590493366,83.64539295246682,2.358281481252885,100.0,55.0,87.5,82.35680894287003
6504,南六,其他業,229.0,2020-09-28,2020Q2,19.12,38.61054471307892,166.32,100.0,73.33,100.0,18.563819260335976,67.81909630167988,1.7257128850396275,100.0,31.3939345240429,28.484836310107255,81.88240254757059
9958,世紀鋼,鋼鐵工業,124.0,2020-09-28,2020Q2,24.8,22.91826799897514,1336.36,100.0,270.30333333333334,100.0,19.114868008784804,70.57434004392402,2.4135862452804644,100.0,33.534934007077,33.837335017692496,81.26171130825537
2449,京元電子,半導體業,30.65,2020-09-28,2020Q2,9.29,100.0,102.5,100.0,9.356666666666667,46.78333333333334,19.140162634102737,70.70081317051368,2.814138623097254,100.0,45.0558730002611,62.63968250065275,81.225756892309
6449,鈺邦,電子零組件業,51.0,2020-09-28,2020Q2,20.08,19.100391134289453,234.21,100.0,23.106666666666666,100.0,12.662308345222401,38.31154172611201,1.9932484028980648,100.0,53.7148534985781,84.28713374644525,81.08548374699028
2520,冠德,建材營造業,39.95,2020-09-28,2020Q2,10.71,77.6839972991222,240.43,100.0,80.77,100.0,15.525970158076632,52.62985079038316,3.9182106628817,100.0,21.1843053553029,2.9607633882572504,80.95895368729542
6231,系微,資訊服務業,92.8,2020-09-28,2020Q2,0.0,0.0,115.96,100.0,16.873333333333335,84.36666666666667,17.83282602441476,64.1641301220738,1.5192033216556378,100.0,57.0,92.5,80.7479528516444
3052,夆典,建材營造業,11.05,2020-09-28,2020Q2,5.91,100.0,485.0,100.0,557.0666666666667,100.0,6.4769355561722195,7.3846777808610975,5.505181516426648,100.0,38.4689858868826,46.172464717206495,80.72494813884981
1108,幸福,水泥工業,10.85,2020-09-28,2020Q2,15.07,5.304848775804105,1500.0,100.0,26.02,100.0,11.61222726407197,33.06113632035985,1.5659049120042028,100.0,59.288311827748,98.22077956936998,80.31173328257138
3287,廣寰科,電腦及週邊設備業,26.15,2020-09-28,2020Q2,0.0,0.0,327.27,100.0,118.59666666666668,100.0,11.875038107432474,34.37519053716237,2.5384653005330855,100.0,63.0,100.0,80.15627858057435
3163,波若威,通信網路業,63.4,2020-09-28,2020Q2,0.0,0.0,95.65,100.0,62.053333333333335,100.0,12.851686658537629,39.258433292688146,1.3471973854597028,100.0,56.0,90.0,79.88876499390322
6239,力成,半導體業,85.3,2020-09-28,2020Q2,9.35,100.0,56.83,100.0,13.586666666666668,67.93333333333334,13.92154069964882,44.60770349824409,2.5542666650883934,100.0,38.1949563920933,45.48739098023326,79.82656128942659
2303,聯電,半導體業,27.5,2020-09-28,2020Q2,21.32,45.82213535304178,196.0,100.0,16.66,83.3,10.685860509762104,28.42930254881052,3.5031288135509313,100.0,56.898518311422,92.24629577855501,79.73123849548125
2376,技嘉,電腦及週邊設備業,80.6,2020-09-28,2020Q2,16.76,51.61432345171705,153.04,100.0,48.11000000000001,100.0,4.661182124105853,0.0,1.685189253299772,100.0,54.8862476388482,87.2156190971205,78.88299425488376
5478,智冠,文化創意業,85.1,2020-09-28,2020Q2,0.0,0.0,67.35,100.0,22.99666666666667,100.0,16.470492698533505,57.352463492667525,1.6932721688076917,100.0,41.0,52.5,78.85286952390013
3227,原相,半導體業,173.0,2020-09-28,2020Q2,0.0,0.0,180.42,100.0,22.44333333333333,100.0,18.537254511791097,67.68627255895548,0.977391960128533,68.19885144693329,69.0,100.0,78.79271117322997
2545,皇翔,建材營造業,38.45,2020-09-28,2020Q2,43.2,0.0,4250.0,100.0,145.86666666666667,100.0,22.063011406288375,85.31505703144188,1.2493409814631267,100.0,23.9183503142552,9.795875785638,78.77684613328007
6180,橘子,文化創意業,63.5,2020-09-28,2020Q2,0.0,0.0,58.1,100.0,21.349999999999998,100.0,14.326205774449935,46.63102887224967,2.247349512199754,100.0,46.0,65.0,78.49465433083745
3645,達邁,電子零組件業,59.2,2020-09-28,2020Q2,40.0,0.0,127.45,100.0,14.540000000000001,72.7,19.662107107576272,73.31053553788136,1.6425292070758524,100.0,50.7860003471333,76.96500086783325,78.23308041746553
3622,洋華,光電業,21.05,2020-09-28,2020Q2,20.05,39.16528468767275,212.5,100.0,31.456666666666667,100.0,-6.918221246504489,0.0,1.1748114393463231,96.40163419233188,87.9248023762533,100.0,78.19685530723365
3078,僑威,電子零組件業,41.8,2020-09-28,2020Q2,0.0,0.0,57.29,100.0,53.923333333333325,100.0,15.636336520396416,53.18168260198208,1.0394718809866075,77.06741156951536,59.0,97.5,78.14073470420038
2472,立隆電,電子零組件業,51.6,2020-09-28,2020Q2,12.55,68.1877444589309,42.7,85.4,18.580000000000002,92.9,15.893241231030139,54.4662061551507,3.411342176910155,100.0,31.993897800287,29.984744500717504,77.91717981923745
3217,優群,電子零組件業,101.0,2020-09-28,2020Q2,0.0,0.0,89.89,100.0,15.18,75.9,28.88284144149052,100.0,0.9412021251288558,63.02887501840798,60.0,100.0,77.7857750036816
8182,加高,電子零組件業,26.05,2020-09-28,2020Q2,0.0,0.0,55.93,100.0,18.466666666666665,92.33333333333333,10.405249414844551,27.026247074222752,1.8159729258703847,100.0,63.0,100.0,77.52060372780008
4119,旭富,生技醫療業,118.5,2020-09-28,2020Q2,13.47,87.36340385956754,39.75,79.5,6.163333333333331,30.81666666666666,38.049396594478424,100.0,1.1162152972993393,88.03075675704848,74.153216218704,100.0,77.38082507069979
8046,南電,電子零組件業,120.5,2020-09-28,2020Q2,40.3,0.0,502.0,100.0,25.873333333333335,100.0,8.125385336401102,15.626926682005509,1.6963068063777955,100.0,74.8355487116607,100.0,77.34403900230083
4133,亞諾法,生技醫療業,77.1,2020-09-28,2020Q2,321.25,0.0,1900.0,100.0,20.46666666666667,100.0,7.718386647574903,13.591933237874516,2.6157556270096465,100.0,94.4898418883299,100.0,77.03878998568118
8358,金居,電子零組件業,37.6,2020-09-28,2020Q2,0.0,0.0,63.16,100.0,15.736666666666666,78.68333333333332,13.379132227935422,41.89566113967711,1.6425106926411062,100.0,70.0,100.0,77.02101583761824
8261,富鼎,半導體業,34.3,2020-09-28,2020Q2,28.82,9.174199853408261,145.71,100.0,40.39333333333334,100.0,6.391318505728847,6.956592528644237,2.423099889106884,100.0,61.9750737780596,100.0,76.96090886463746
4728,雙美,生技醫療業,67.3,2020-09-28,2020Q2,0.0,0.0,108.74,100.0,128.66666666666666,100.0,51.22037611234327,100.0,0.7520975443383356,36.013934905476525,59.0,97.5,76.9527869810953
3515,華擎,電腦及週邊設備業,178.5,2020-09-28,2020Q2,23.39,12.694452597593187,163.8,100.0,52.546666666666674,100.0,8.361330129163148,16.80665064581574,1.209947862034923,100.0,51.8889282704568,79.722320676142,76.76267492424589
4555,氣立,電機機械,47.85,2020-09-28,2020Q2,38.9,0.0,150.0,100.0,28.320000000000004,100.0,9.365424716997191,21.82712358498596,2.1321238196168992,100.0,53.8616682959234,84.65417073980849,76.73948561172874
2536,宏普,建材營造業,23.55,2020-09-28,2020Q2,8.69,91.32343011478731,338.46,100.0,28.580000000000013,100.0,21.77476152700114,83.87380763500569,0.22443367608241738,0.0,60.1373937402542,100.0,76.71341415672958
2548,華固,建材營造業,86.2,2020-09-28,2020Q2,5.46,100.0,217.65,100.0,-46.46666666666667,0.0,25.777296352081713,100.0,1.8989853561855106,100.0,46.4052031078316,66.01300776957902,76.6013007769579
9919,康那香,其他業,39.2,2020-09-28,2020Q2,28.0,0.0,13400.0,100.0,41.056666666666665,100.0,13.576231664822952,42.88115832411476,1.836072913820842,100.0,40.3324758238844,50.831189559711,76.51529270458832
5344,立衛,半導體業,15.7,2020-09-28,2020Q2,0.0,0.0,150.0,100.0,89.78666666666668,100.0,6.971280825154995,9.856404125774976,2.799481790701022,100.0,80.0,100.0,76.47846061886625
4183,福永生技,生技醫療業,21.2,2020-09-28,2020Q2,0.0,0.0,113.89,100.0,24.046666666666667,100.0,9.7704758057743,23.8523790288715,3.2464275937585545,100.0,51.0,77.5,76.32785685433072
5704,老爺知,觀光餐旅,34.65,2020-09-28,2020Q2,0.0,0.0,148.78,100.0,38.79333333333333,100.0,15.034955265084413,50.174776325422066,0.9827564378497455,68.96520540710651,76.0,100.0,76.31925753023461
3567,逸昌,半導體業,25.0,2020-09-28,2020Q2,0.0,0.0,42.67,85.34,9.856666666666667,49.28333333333333,25.018749555211283,100.0,2.3339999452099827,100.0,79.0,100.0,76.19166666666666
3042,晶技,電子零組件業,73.6,2020-09-28,2020Q2,21.03,12.907431551499338,192.75,100.0,22.173333333333332,100.0,13.533076456780528,42.66538228390264,0.9878957020716449,69.69938601023499,57.8394635447825,94.59865886195624,76.09029358597796
3178,公準,半導體業,49.45,2020-09-28,2020Q2,0.0,0.0,101.33,100.0,27.78,100.0,13.446462328338887,42.23231164169444,2.2913630866346124,100.0,39.0,47.5,76.08484674625417
1529,樂事綠能,電機機械,15.25,2020-09-28,2020Q2,27.73,7.355967078189307,1100.0,100.0,56.51666666666667,100.0,5.423817427647264,2.1190871382363197,19.738771524942305,100.0,62.2625253169521,100.0,76.05345977855437
5306,桂盟,運動休閒,177.5,2020-09-28,2020Q2,0.0,0.0,26.26,52.52,26.076666666666668,100.0,31.032915739537025,100.0,1.413094619270396,100.0,51.0,77.5,75.88
2851,中再保,金融保險業,20.1,2020-09-28,2020Q2,8.45,77.4678111587983,49.51,99.02,15.300000000000002,76.50000000000001,12.340362720909088,36.70181360454544,3.328545917439935,100.0,29.2215295701592,23.053823925397996,75.61243554910145
6531,愛普*,半導體業,327.0,2020-09-28,2020Q2,154.98,0.0,125.68,100.0,23.166666666666668,100.0,5.359852281616176,1.7992614080808786,2.370640516519437,100.0,70.3129162361393,100.0,75.26988921121213
6683,雍智科技,半導體業,264.0,2020-09-28,2020Q2,0.0,0.0,52.53,100.0,40.96,100.0,35.78094969065541,100.0,0.6765841456285602,25.226306518365742,71.0,100.0,75.04526130367316
6237,驊訊,半導體業,41.45,2020-09-28,2020Q2,0.0,0.0,733.33,100.0,170.80000000000004,100.0,-8.760012465572279,0.0,1.5690210823150261,100.0,91.0,100.0,75.0
2305,全友,電腦及週邊設備業,7.67,2020-09-28,2020Q2,191.75,0.0,300.0,100.0,22.040000000000003,100.0,-17.495731547149987,0.0,23.01782613728441,100.0,74.7216797219265,100.0,75.0
2712,遠雄來,觀光餐旅,49.1,2020-09-28,2020Q2,350.71,0.0,161.11,100.0,34.663333333333334,100.0,-0.9521095511192759,0.0,5.086477987421383,100.0,83.9736941221443,100.0,75.0
3189,景碩,半導體業,66.4,2020-09-28,2020Q2,737.78,0.0,117.9,100.0,24.02,100.0,4.029106556460305,0.0,7.6027520765261425,100.0,61.5044059054792,100.0,75.0
3615,安可,光電業,18.0,2020-09-28,2020Q2,0.0,0.0,113.13,100.0,62.44333333333333,100.0,-10.322671265989834,0.0,6.152100010966115,100.0,69.0,100.0,75.0
8034,榮群,通信網路業,17.8,2020-09-28,2020Q2,0.0,0.0,126.32,100.0,84.37333333333333,100.0,-0.918513524900986,0.0,40.25510524662268,100.0,85.0,100.0,75.0
3490,單井,光電業,25.9,2020-09-28,2020Q2,0.0,0.0,162.5,100.0,33.14,100.0,-3.1330382080522834,0.0,1.4980368726527826,100.0,73.0,100.0,75.0
8093,保銳,電子零組件業,9.6,2020-09-28,2020Q2,0.0,0.0,107.35,100.0,29.69,100.0,0.978958931891161,0.0,15.47897897897898,100.0,60.0,100.0,75.0
3438,類比科,半導體業,45.8,2020-09-28,2020Q2,0.0,0.0,350.0,100.0,19.763333333333332,98.81666666666666,5.303479232830048,1.5173961641502398,3.085624690542994,100.0,85.0,100.0,74.99094275795588
8081,致新,半導體業,151.5,2020-09-28,2020Q2,14.93,77.04617639872954,21.33,42.66,26.933333333333334,100.0,17.064043443148492,60.32021721574245,1.1810146418948635,97.28780598498051,52.1555258246635,80.38881456165875,74.91409287539629
6020,大展證,金融保險業,13.7,2020-09-28,2020Q2,0.0,0.0,600.0,100.0,198.80666666666664,100.0,1.6777461221905667,0.0,1.3436479490242932,100.0,59.0,97.5,74.75
2614,東森,其他業,15.55,2020-09-28,2020Q2,16.54,53.6411302068162,1200.0,100.0,73.39333333333333,100.0,-2.8743069612313312,0.0,5.373039775677641,100.0,37.2166675708871,43.04166892721774,74.6682799134034
3105,穩懋,半導體業,284.0,2020-09-28,2020Q2,0.0,0.0,237.72,100.0,7.123333333333334,35.61666666666667,32.77038459504106,100.0,1.1109479747187074,87.2782821026725,65.0,100.0,74.57898975386783
8342,益張,其他業,53.6,2020-09-28,2020Q2,0.0,0.0,69.11,100.0,39.68666666666667,100.0,10.766657161367133,28.83328580683567,1.6847852532451735,100.0,41.0,52.5,74.57499287102534
6148,驊宏資,資訊服務業,14.5,2020-09-28,2020Q2,0.0,0.0,144.44,100.0,42.07666666666666,100.0,7.016106529882866,10.08053264941433,5.684599049448883,100.0,52.0,80.0,74.51207989741215
3526,凡甲,電子零組件業,82.5,2020-09-28,2020Q2,0.0,0.0,91.62,100.0,5.696666666666666,28.483333333333334,29.085620580986227,100.0,1.204627840004968,100.0,55.0,87.5,74.44666666666666
3230,錦明,光電業,6.95,2020-09-28,2020Q2,0.0,0.0,109.09,100.0,20.646666666666665,100.0,3.7050134096657543,0.0,6.605515385908862,100.0,57.0,92.5,74.25
3032,偉訓,電子零組件業,42.25,2020-09-28,2020Q2,12.92,65.77574967405477,63.16,100.0,24.38,100.0,6.8872853758439865,9.436426879219932,1.9466402686050936,100.0,24.7314750896018,11.828687724004503,74.17590777168893
3014,聯陽,半導體業,67.9,2020-09-28,2020Q2,16.17,70.98705106279012,60.28,100.0,38.54333333333333,100.0,21.09540892216542,80.4770446108271,-1.2018019814594776,0.0,66.7529258672515,100.0,74.17026179790308
3529,力旺,半導體業,511.0,2020-09-28,2020Q2,0.0,0.0,18.27,36.54,24.453333333333333,100.0,46.48615973063459,100.0,1.3111724337210142,100.0,61.0,100.0,74.13499999999999
2636,台驊控股,航運業,34.2,2020-09-28,2020Q2,12.0,87.05743509047993,68.37,100.0,26.25,100.0,4.050147556235599,0.0,1.0442454583260952,77.74935118944217,37.4161314652563,43.54032866314075,73.6096466132505
1526,日馳,電機機械,51.2,2020-09-28,2020Q2,22.26,35.49382716049383,128.0,100.0,13.536666666666667,67.68333333333334,6.811159994619999,9.055799973099994,1.4513178551578207,100.0,62.7050601549579,100.0,73.44441937868105
3588,通嘉,半導體業,34.6,2020-09-28,2020Q2,46.13,0.0,250.0,100.0,36.74333333333333,100.0,3.407326236211941,0.0,1.1443756073858116,92.05365819797309,80.6812676350815,100.0,73.41073163959462
2102,泰豐,橡膠工業,20.05,2020-09-28,2020Q2,0.0,0.0,102.17,100.0,46.65,100.0,1.4672164388186348,0.0,67.11608391608392,100.0,53.4763497194257,83.69087429856424,73.36908742985642
1762,中化生,生技醫療業,67.8,2020-09-28,2020Q2,11.4,96.98907230876542,634.29,100.0,94.52333333333333,100.0,16.434928333657442,57.17464166828721,0.3931331677124514,0.0,77.2997401394164,100.0,73.27510348111963
4540,全球傳動,電機機械,45.05,2020-09-28,2020Q2,0.0,0.0,200.0,100.0,46.07333333333333,100.0,3.3105478495160163,0.0,18.92668390869223,100.0,52.933572851521,82.3339321288025,73.23339321288024
8147,正淩,電子零組件業,38.9,2020-09-28,2020Q2,0.0,0.0,630.77,100.0,17.78666666666667,88.93333333333334,5.27712546571629,1.3856273285814513,2.104853348619471,100.0,68.0,100.0,72.99451076595389
8383,千附,半導體業,38.7,2020-09-28,2020Q2,0.0,0.0,32.17,64.34,20.543333333333333,100.0,14.088331149295662,45.44165574647831,1.6342985050475993,100.0,68.0,100.0,72.90124836197174
2327,國巨*,電子零組件業,331.5,2020-09-28,2020Q2,19.04,25.880052151238587,35.34,70.68,89.67,100.0,29.32898955084698,100.0,0.9871421642559111,69.59173775084444,34.8354313647014,37.088578411753495,72.88521060646809
6590,普鴻,資訊服務業,48.5,2020-09-28,2020Q2,0.0,0.0,83.87,100.0,29.470000000000002,100.0,20.777929796057975,78.88964898028988,0.7194763729246488,31.35376756066412,59.0,97.5,72.8542008591763
3483,力致,電腦及週邊設備業,80.5,2020-09-28,2020Q2,0.0,0.0,926.92,100.0,18.963333333333335,94.81666666666668,8.168635511937813,15.843177559689064,1.4054602321258103,100.0,46.0,65.0,72.8398099672867
6261,久元,半導體業,52.9,2020-09-28,2020Q2,0.0,0.0,154.67,100.0,6.896666666666666,34.48333333333333,19.518381244913797,72.59190622456899,1.6603190396189793,100.0,72.0,100.0,72.78545260035202
3629,地心引力,文化創意業,87.1,2020-09-28,2020Q2,0.0,0.0,225.0,100.0,906.8866666666667,100.0,4.035854048024738,0.0,18.87393103448276,100.0,51.0,77.5,72.75
6269,台郡,電子零組件業,121.5,2020-09-28,2020Q2,11.08,77.77053455019556,138.94,100.0,10.306666666666667,51.53333333333333,9.568314307437007,22.841571537185033,1.0667072857372082,80.95818367674403,60.4319773787952,100.0,72.70159258761278
8086,宏捷科,半導體業,102.0,2020-09-28,2020Q2,0.0,0.0,266.67,100.0,44.26666666666667,100.0,23.721552004034006,93.60776002017003,0.6205168435625289,17.21669193750413,73.0,100.0,72.48450239052633
3546,宇峻,文化創意業,70.5,2020-09-28,2020Q2,0.0,0.0,27.59,55.17999999999999,42.99333333333333,100.0,16.436521853974217,57.18260926987109,1.5377844859749685,100.0,68.0,100.0,72.37239139048066
3289,宜特,其他電子業,56.2,2020-09-28,2020Q2,0.0,0.0,188.07,100.0,17.663333333333334,88.31666666666666,9.248881199830391,21.244405999151954,3.0295723227903575,100.0,46.0,65.0,72.34999423320613
3666,光耀,光電業,29.0,2020-09-28,2020Q2,0.0,0.0,121.62,100.0,18.276666666666667,91.38333333333334,2.9927080721230745,0.0,7.681328662255093,100.0,56.0,90.0,72.27666666666667
1795,美時,生技醫療業,81.1,2020-09-28,2020Q2,25.91,29.516391536851906,31.11,62.22,39.1,100.0,15.375075403080137,51.87537701540068,2.3656245713475323,100.0,43.6266630867797,59.06665771694926,72.19461147769022
2348,海悅,其他業,91.5,2020-09-28,2020Q2,9.62,93.95572385668511,125.1,100.0,202.38,100.0,37.24792771963589,100.0,-1.1447518962667909,0.0,30.9912334199401,27.47808354985025,72.14338074065354
3540,曜越,電腦及週邊設備業,71.0,2020-09-28,2020Q2,0.0,0.0,163.64,100.0,61.616666666666674,100.0,9.180467609949151,20.902338049745754,2.592985917544475,100.0,36.0,40.0,72.13535070746187
3374,精材,半導體業,114.0,2020-09-28,2020Q2,0.0,0.0,181.48,100.0,13.353333333333333,66.76666666666667,11.688262954584951,33.441314772924756,2.7636176393631797,100.0,55.0,87.5,72.11953054927204
3687,歐買尬,數位雲端,42.25,2020-09-28,2020Q2,0.0,0.0,322.58,100.0,20.266666666666666,100.0,14.47195792406412,47.3597896203206,13.079591249280368,100.0,14.0,0.0,72.10396844304809
1777,生泰,生技醫療業,73.9,2020-09-28,2020Q2,0.0,0.0,63.6,100.0,2.0233333333333334,10.116666666666667,28.035124853831466,100.0,1.5184001088361336,100.0,63.0,100.0,72.02333333333334
6194,育富,電子零組件業,35.65,2020-09-28,2020Q2,0.0,0.0,58.33,100.0,10.71,53.55000000000001,13.108631160890912,40.543155804454564,2.1520017597888255,100.0,80.0,100.0,71.79147337066819
1569,濱川,電腦及週邊設備業,26.8,2020-09-28,2020Q2,0.0,0.0,529.17,100.0,17.536666666666665,87.68333333333332,10.587410917173932,27.93705458586966,1.7927155865024103,100.0,40.0,50.0,71.72722485454712
2458,義隆,半導體業,145.5,2020-09-28,2020Q2,16.06,71.52455411678476,16.84,33.68,75.53333333333333,100.0,25.85838754929911,100.0,0.9711242260181373,67.30346085973392,50.0890925351428,75.222731337857,71.55542071741095
5465,富驊,電腦及週邊設備業,18.6,2020-09-28,2020Q2,0.0,0.0,127.27,100.0,29.963333333333335,100.0,5.39177704369991,1.9588852184995489,4.7062883931458135,100.0,45.0,62.5,71.54383278277493
2937,集雅社,居家生活,30.5,2020-09-28,2020Q2,0.0,0.0,50.0,100.0,30.77,100.0,4.55432545881929,0.0,2.5939236604064413,100.0,46.0,65.0,71.5
1586,和勤,電機機械,40.9,2020-09-28,2020Q2,0.0,0.0,7500.0,100.0,19.150000000000002,95.75000000000001,8.305726237722375,16.528631188611875,2.6614707952146377,100.0,39.0,47.5,71.37929467829179
2752,豆府,觀光餐旅,165.5,2020-09-28,2020Q2,0.0,0.0,31.96,63.92,37.663333333333334,100.0,12.163802474248149,35.819012371240746,1.8163062336313307,100.0,68.0,100.0,71.35285185568611
2474,可成,其他電子業,176.5,2020-09-28,2020Q2,9.93,86.07981976182813,51.92,100.0,-0.7766666666666667,0.0,15.484542408574109,52.42271204287054,2.2300587328394377,100.0,59.1141149892585,97.78528747314625,71.24991752992801
3131,弘塑,其他電子業,354.5,2020-09-28,2020Q2,0.0,0.0,24.06,48.12,29.073333333333334,100.0,19.898447650960815,74.49223825480408,1.56279438097996,100.0,50.0,75.0,70.70383573822062
5609,中菲行,航運業,57.0,2020-09-28,2020Q2,0.0,0.0,177.3,100.0,33.346666666666664,100.0,6.247320322752684,6.236601613763422,1.8540196407572958,100.0,39.0,47.5,70.68549024206452
5457,宣德,電子零組件業,117.0,2020-09-28,2020Q2,0.0,0.0,411.43,100.0,38.76,100.0,11.450211460561118,32.251057302805584,2.160053408996078,100.0,23.0,7.5,70.58765859542083
8931,大汽電,油電燃氣業,28.85,2020-09-28,2020Q2,0.0,0.0,47.5,95.0,14.443333333333333,72.21666666666667,14.459992255031398,47.299961275156996,2.44570671870644,100.0,41.0,52.5,70.53832752460688
2353,宏,電腦及週邊設備業,24.9,2020-09-28,2020Q2,22.84,15.923099501027306,56.76,100.0,22.23,100.0,1.875021574296634,0.0,8.001460733653477,100.0,34.6096347219477,36.52408680486925,70.24471863058966
3018,隆銘綠能,其他電子業,22.75,2020-09-28,2020Q2,0.0,0.0,105.56,100.0,78.36999999999999,100.0,-1.7421761898473436,0.0,6.797153024911032,100.0,40.5976904243799,51.49422606094974,70.14942260609497
1720,生達,生技醫療業,38.0,2020-09-28,2020Q2,14.9,80.71378749128111,45.83,91.66,1.58,7.9,16.75864747143025,58.79323735715125,1.468015111979125,100.0,54.6416444332226,86.6041110830565,70.04577546100644
5269,祥碩,半導體業,1460.0,2020-09-28,2020Q2,56.15,0.0,158.43,100.0,121.19666666666666,100.0,35.63181184260936,100.0,0.3831894588530138,0.0,86.2979198356796,100.0,70.0
4171,瑞基,農業科技業,185.0,2020-09-28,2020Q2,0.0,0.0,100.83,100.0,141.73333333333332,100.0,38.6749315146525,100.0,0.32725491596681533,0.0,65.0,100.0,70.0
8499,鼎炫-KY,其他電子業,132.0,2020-09-28,2020Q2,13.23,64.8374637914387,52.42,100.0,0.0,0.0,35.87733321041792,100.0,1.0178252339379619,73.97503341970885,53.2296976827243,83.07424420681076,69.58617748376672
6275,元山,電子零組件業,18.1,2020-09-28,2020Q2,0.0,0.0,65.85,100.0,24.13,100.0,4.41764630911993,0.0,1.4258410428931876,100.0,38.0,45.0,69.5
2337,旺宏,半導體業,31.95,2020-09-28,2020Q2,11.49,93.85536281456145,531.82,100.0,-0.2533333333333327,0.0,13.695594459449675,43.47797229724837,1.6186831089330185,100.0,54.151257407989,85.37814351997251,69.44504647804065
6223,旺矽,半導體業,99.6,2020-09-28,2020Q2,0.0,0.0,167.25,100.0,7.8933333333333335,39.46666666666667,15.404587486489731,52.02293743244866,1.2744338392303003,100.0,54.0,85.0,69.19677394820063
2535,達欣工,建材營造業,24.5,2020-09-28,2020Q2,7.73,97.80553679945982,85.59,100.0,19.71666666666667,98.58333333333334,10.437240981281587,27.186204906407934,0.6901856907479345,27.16938439256207,40.5807239815781,51.45180995394526,69.15420895648077
6195,詩肯,居家生活,37.8,2020-09-28,2020Q2,0.0,0.0,50.67,100.0,25.886666666666667,100.0,5.111818144145721,0.5590907207286033,5.761628018858847,100.0,36.0,40.0,69.0838636081093
2524,京城,建材營造業,38.55,2020-09-28,2020Q2,9.29,87.27211343686699,-11.96,0.0,109.19666666666666,100.0,25.48584558603344,100.0,3.723516494213712,100.0,41.0891378578535,52.722844644633746,68.99949580815007
1773,勝一,化學工業,99.2,2020-09-28,2020Q2,14.11,78.7733467945482,43.72,87.44,-6.196666666666666,0.0,17.220951051259114,61.104755256295576,1.2992359085247156,100.0,70.3833730402185,100.0,68.90304796789916
6227,茂綸,電子通路業,29.6,2020-09-28,2020Q2,0.0,0.0,86.81,100.0,19.12666666666667,95.63333333333335,3.864414924509484,0.0,2.3177535477000717,100.0,39.0,47.5,68.87666666666667
3211,順達,電腦及週邊設備業,80.4,2020-09-28,2020Q2,0.0,0.0,83.42,100.0,19.073333333333334,95.36666666666666,6.7225979425630715,8.612989712815358,1.5344562529242698,100.0,34.0,35.0,68.86528179025564
2313,華通,電子零組件業,41.85,2020-09-28,2020Q2,10.31,82.79009126466754,113.16,100.0,5.853333333333333,29.266666666666662,10.658126857350904,28.290634286754525,2.1419167531565124,100.0,41.8690867763705,54.67271694092626,68.84320929690588
6284,佳邦,電子零組件業,35.5,2020-09-28,2020Q2,0.0,0.0,384.21,100.0,29.08666666666667,100.0,7.17937469496634,10.896873474831699,0.9252701289647961,60.752875566399446,68.0,100.0,68.78510613450464
1598,岱宇,運動休閒,117.0,2020-09-28,2020Q2,39.39,0.0,263.27,100.0,185.1,100.0,7.069110508238039,10.345552541190198,5.620576270471934,100.0,28.5388927636858,21.347231909214504,68.68655607209998
2481,強茂,半導體業,35.45,2020-09-28,2020Q2,17.72,63.413144392865874,69.01,100.0,9.886666666666667,49.43333333333334,8.531316831278431,17.656584156392157,1.9572517823226623,100.0,39.1731941040501,47.93298526012524,68.6697672554246
3512,皇龍,建材營造業,26.0,2020-09-28,2020Q2,0.0,0.0,165.96,100.0,251.46,100.0,7.037526131816074,10.187630659080371,4.346779028335502,100.0,28.0,20.0,68.52814459886206
3323,加百裕,電腦及週邊設備業,42.1,2020-09-28,2020Q2,0.0,0.0,433.33,100.0,32.79333333333333,100.0,3.1802203889340923,0.0,3.2025273172140243,100.0,34.0,35.0,68.5
4121,優盛,生技醫療業,17.0,2020-09-28,2020Q2,0.0,0.0,400.0,100.0,20.033333333333335,100.0,2.712951251993411,0.0,15.551509789242044,100.0,34.0,35.0,68.5
6215,和椿,其他電子業,15.3,2020-09-28,2020Q2,13.08,65.80302542645639,725.0,100.0,7.170000000000002,35.85000000000001,6.038349742492059,5.191748712460296,2.611375890179048,100.0,54.4662741038778,86.1656852596945,68.14563337548412
8104,錸寶,光電業,45.25,2020-09-28,2020Q2,39.01,0.0,57.14,100.0,11.840000000000002,59.20000000000001,7.472775860463409,12.363879302317047,2.099601540174678,100.0,57.4795265752002,93.69881643800049,68.06446353914761
2478,大毅,電子零組件業,64.5,2020-09-28,2020Q2,13.33,63.10299869621904,257.89,100.0,18.676666666666666,93.38333333333333,15.72128759093953,53.60643795469765,0.3561292807824845,0.0,62.4472871312193,100.0,68.02793222949322
6138,茂達,半導體業,76.7,2020-09-28,2020Q2,0.0,0.0,32.67,65.34,26.036666666666665,100.0,10.529549371118962,27.64774685559481,2.5178812771888333,100.0,50.0,75.0,67.98216202833922
8091,翔名,半導體業,67.8,2020-09-28,2020Q2,0.0,0.0,25.67,51.34000000000001,13.33,66.64999999999999,20.718710871415393,78.59355435707697,1.609383832673827,100.0,81.0,100.0,67.95403315356154
3711,日月光投控,半導體業,60.2,2020-09-28,2020Q2,11.19,95.32128023454679,128.83,100.0,7.6066666666666665,38.03333333333333,7.071168775556362,10.355843877781812,3.087186912416455,100.0,35.8775753780655,39.69393844516375,67.661565116305
6168,宏齊,光電業,14.1,2020-09-28,2020Q2,61.3,0.0,76.19,100.0,17.963333333333335,89.81666666666668,7.5553584994606755,12.776792497303378,0.9471197745047442,63.874253500677746,74.3017659009649,100.0,67.6547029080644
3653,健策,電子零組件業,292.0,2020-09-28,2020Q2,38.07,0.0,36.22,72.44,24.5,100.0,17.253970629793347,61.26985314896673,0.8609120971305007,51.55887101864295,61.5952085575312,100.0,67.6122521760736
2421,建準,電子零組件業,63.7,2020-09-28,2020Q2,16.99,39.24380704041721,126.83,100.0,9.963333333333333,49.81666666666666,8.800016956276565,19.000084781382824,1.656112285325552,100.0,43.4753410901834,58.68835272545849,67.60656202712833
2417,圓剛,電腦及週邊設備業,63.0,2020-09-28,2020Q2,60.0,0.0,566.67,100.0,188.23333333333335,100.0,11.212202754183147,31.061013770915736,0.8088368514450939,44.119550206441986,54.7699351649492,86.92483791237301,67.17554589816305
8933,愛地雅,運動休閒,12.8,2020-09-28,2020Q2,0.0,0.0,108.41,100.0,36.97666666666667,100.0,-1.888670300468767,0.0,7.781619654231119,100.0,28.0,20.0,67.0
3029,零壹,資訊服務業,39.0,2020-09-28,2020Q2,12.15,68.0161943319838,26.0,52.0,20.02,100.0,5.550026551561183,2.7501327578059165,1.8502512348833249,100.0,46.8681812979306,67.17045324482649,66.93118467135191
1786,科妍,生技醫療業,69.7,2020-09-28,2020Q2,32.57,0.0,6.32,12.64,30.96666666666667,100.0,30.123741787152913,100.0,1.1540269828291088,93.43242611844411,69.6816672290859,100.0,66.84648522368883
4979,華星光,通信網路業,26.9,2020-09-28,2020Q2,0.0,0.0,115.28,100.0,12.286666666666667,61.43333333333334,-10.68566620921291,0.0,1.9184982401251467,100.0,58.0,95.0,66.78666666666666
6187,萬潤,半導體業,64.4,2020-09-28,2020Q2,0.0,0.0,75.34,100.0,54.50666666666667,100.0,19.725268741929963,73.62634370964982,0.5198131000559183,2.8304428651311855,68.0,100.0,66.6100401294737
6202,盛群,半導體業,63.7,2020-09-28,2020Q2,17.12,66.34497923283654,-16.26,0.0,25.686666666666667,100.0,18.212677062370965,66.06338531185483,1.2030067360048307,100.0,58.7899868589035,96.97496714725874,66.24150243478775
3030,德律,其他電子業,56.8,2020-09-28,2020Q2,12.65,68.5709687801738,23.64,47.28,18.78,93.9,30.897813070250095,100.0,0.6310927666835856,18.72753809765509,68.1934897605188,100.0,66.2026044975484
6591,動力-KY,電腦及週邊設備業,54.4,2020-09-28,2020Q2,12.14,78.73495744056355,242.31,100.0,0.0,0.0,13.05653911515528,40.2826955757764,1.478634889296291,100.0,48.8359318962588,72.08982974064699,66.12488305448751
3646,艾恩特,電子零組件業,19.95,2020-09-28,2020Q2,0.0,0.0,5700.0,100.0,9.393333333333333,46.96666666666666,7.208068692497187,11.040343462485932,1.4704776067179846,100.0,63.0,100.0,66.04938485270623
6205,詮欣,電子零組件業,31.95,2020-09-28,2020Q2,15.9,46.349413298565835,64.62,100.0,38.13,100.0,13.477324740158297,42.38662370079148,0.4954974942576738,0.0,71.1542801050366,100.0,65.99293488497531
5452,佶優,其他電子業,8.85,2020-09-28,2020Q2,0.0,0.0,66.67,100.0,10.943333333333333,54.71666666666667,3.3368047134684797,0.0,6.183838220206274,100.0,61.0,100.0,65.94333333333333
2908,特力,貿易百貨業,23.75,2020-09-28,2020Q2,17.21,100.0,290.0,100.0,10.883333333333335,54.41666666666667,2.9973757820737608,0.0,1.8840931532814638,100.0,16.9877188979482,0.0,65.88333333333333
3556,禾瑞亞,半導體業,52.3,2020-09-28,2020Q2,0.0,0.0,14.71,29.42,13.503333333333332,67.51666666666665,25.736041756106374,100.0,1.3417732426629518,100.0,60.0,100.0,65.85833333333333
3689,湧德,電子零組件業,30.7,2020-09-28,2020Q2,0.0,0.0,4433.33,100.0,14.783333333333333,73.91666666666666,2.975501504880666,0.0,2.114570717635919,100.0,44.0,60.0,65.78333333333333
3028,增你強,電子通路業,20.15,2020-09-28,2020Q2,14.71,18.777876895628907,48.33,96.66,32.48666666666667,100.0,1.5532618275036632,0.0,1.089480784676035,84.21154066800501,31.3452614102198,28.363153525549496,65.72141117571884
1904,正隆,造紙工業,31.8,2020-09-28,2020Q2,11.12,89.66359196961477,102.63,100.0,1.03,5.15,12.704896632671758,38.524483163358795,2.162479077727418,100.0,39.7806855596066,49.45171389901651,65.72020306136696
6679,鈺太,半導體業,213.0,2020-09-28,2020Q2,0.0,0.0,70.72,100.0,26.679999999999996,100.0,19.14070886213389,70.70354431066946,0.2521735697082165,0.0,73.0,100.0,65.60553164660041
8422,可寧衛*,綠能環保,158.0,2020-09-28,2020Q2,15.57,50.0,-12.34,0.0,15.503333333333336,77.51666666666668,49.89928239185269,100.0,1.5569214273085208,100.0,69.0140793245762,100.0,65.50333333333333
6716,應廣,半導體業,66.6,2020-09-28,2020Q2,0.0,0.0,98.37,100.0,39.61666666666667,100.0,18.985226674078646,69.92613337039323,-0.34075990423970964,0.0,68.0,100.0,65.48892000555898
2368,金像電,電子零組件業,44.5,2020-09-28,2020Q2,15.4,49.60886571056062,481.82,100.0,35.95666666666667,100.0,12.90318461836366,39.5159230918183,0.6873438187737663,26.763402681966614,36.388666063883,40.971665159707506,65.33812208719287
4735,豪展,生技醫療業,97.6,2020-09-28,2020Q2,0.0,0.0,78.49,100.0,151.50666666666666,100.0,22.065919207448374,85.32959603724187,0.36430147808831437,0.0,50.0,75.0,65.29943940558628
3056,富華新,建材營造業,37.25,2020-09-28,2020Q2,10.29,80.51991897366644,652.38,100.0,-97.98666666666666,0.0,18.242641498169082,66.2132074908454,1.9113904676809543,100.0,29.1164719608393,22.791179902098246,65.26309101120329
6111,大宇資,文化創意業,78.3,2020-09-28,2020Q2,0.0,0.0,-90.96,0.0,105.56666666666666,100.0,42.50747530676886,100.0,1.4174795706935488,100.0,71.0,100.0,65.0
3234,光環,通信網路業,38.15,2020-09-28,2020Q2,0.0,0.0,105.58,100.0,15.136666666666665,75.68333333333332,2.7307125008564177,0.0,17.803722967424036,100.0,39.0,47.5,64.88666666666666
6271,同欣電,半導體業,126.5,2020-09-28,2020Q2,29.83,4.238944539457612,80.11,100.0,44.48,100.0,17.607295875501574,63.036479377507874,0.15563771702584053,0.0,82.1131474116071,100.0,64.87936636057194
2492,華新科,電子零組件業,148.5,2020-09-28,2020Q2,13.22,63.82007822685788,-31.67,0.0,37.49333333333333,100.0,21.432673113727997,82.16336556863999,2.2542590043765367,100.0,44.1119257069209,60.27981426730224,64.73449408471201
8367,建新國際,航運業,26.0,2020-09-28,2020Q2,10.57,94.55809074219773,90.0,100.0,0.34666666666666696,1.7333333333333347,15.53281231133077,52.66406155665385,2.848725151253241,100.0,27.9549913382582,19.887478345645498,64.69083280894907
6643,M31,半導體業,304.0,2020-09-28,2020Q2,0.0,0.0,21.41,42.82,8.979999999999999,44.9,36.2831596691673,100.0,1.3601826896696416,100.0,73.0,100.0,64.685
6715,嘉基,電子零組件業,129.5,2020-09-28,2020Q2,28.91,0.0,118.66,100.0,-5.093333333333333,0.0,19.17128473543636,70.8564236771818,1.3954768786991987,100.0,56.0923569002099,90.23089225052475,64.65155277662974
4935,茂林-KY,光電業,104.5,2020-09-28,2020Q2,18.5,47.73355444997236,539.29,100.0,0.0,0.0,11.962401126275305,34.81200563137652,1.266361745651459,100.0,56.1681094177325,90.42027354433125,64.03718364413683
5490,同亨,電腦及週邊設備業,26.7,2020-09-28,2020Q2,0.0,0.0,136.36,100.0,5.293333333333333,26.466666666666665,9.977273291001092,24.886366455005458,7.255348376800469,100.0,70.0,100.0,64.02628830158415
2904,匯僑,其他業,24.05,2020-09-28,2020Q2,11.56,82.65365569472763,12.38,24.76,4.823333333333333,24.116666666666667,32.92912008517758,100.0,1.366922490345116,100.0,58.6878504741381,96.71962618534525,63.95066152134062
1220,台榮,食品工業,11.5,2020-09-28,2020Q2,12.64,78.58757062146894,105.26,100.0,-4.183333333333334,0.0,6.357117915594582,6.78558957797291,5.478123018389347,100.0,75.1804927586897,100.0,63.87659549884283
1587,吉茂,汽車工業,25.0,2020-09-28,2020Q2,16.78,63.61647361647361,1092.31,100.0,23.39,100.0,2.62268191927948,0.0,0.6944096950742767,27.772813582039536,47.4183858958631,68.54596473965776,63.77080655202105
9921,巨大,運動休閒,269.0,2020-09-28,2020Q2,26.53,34.476377095580226,25.05,50.1,31.423333333333332,100.0,9.330829447468524,21.65414723734262,3.587585699701922,100.0,38.0323129510144,45.080782377535996,63.72883803291302
6104,創惟,半導體業,68.9,2020-09-28,2020Q2,0.0,0.0,119.35,100.0,36.79666666666667,100.0,17.098510971661664,60.492554858308324,0.3670847320481559,0.0,58.0,95.0,63.57388322874625
2540,愛山林,建材營造業,65.7,2020-09-28,2020Q2,22.66,0.0,353.49,100.0,206.57666666666668,100.0,29.51951154765065,100.0,-1.3396351644973556,0.0,33.5240672280564,33.810168070141,63.3810168070141
6235,華孚,電腦及週邊設備業,15.3,2020-09-28,2020Q2,6.35,100.0,262.62,100.0,18.61,93.05,-10.008904311231015,0.0,-0.01945250053052274,0.0,59.0282425378129,97.57060634453225,63.367060634453225
2006,東和鋼鐵,鋼鐵工業,28.5,2020-09-28,2020Q2,14.04,78.0553420445811,66.2,100.0,-8.386666666666667,0.0,8.605060199438654,18.02530099719327,2.282192122103275,100.0,51.0260975433987,77.56524385849674,63.26585373988678
5201,凱衛,資訊服務業,33.8,2020-09-28,2020Q2,0.0,0.0,269.39,100.0,6.103333333333334,30.51666666666667,29.860415132158856,100.0,0.7481831460876779,35.45473515538256,69.0,100.0,63.19428036440985
4755,三福化,化學工業,64.1,2020-09-28,2020Q2,16.61,66.15345784957091,16.67,33.34,13.450000000000001,67.25000000000001,11.271052385701651,31.355261928508256,2.176525867501032,100.0,70.7171803669769,100.0,63.10363507423333
2642,宅配通,航運業,32.7,2020-09-28,2020Q2,16.35,64.2407553107789,36.9,73.8,8.766666666666667,43.833333333333336,6.772969857574167,8.864849287870836,1.9066765334648907,100.0,52.4668803529703,81.16720088242575,63.08718967916776
1732,毛寶,化學工業,21.0,2020-09-28,2020Q2,21.0,43.99293286219081,256.25,100.0,0.19333333333333336,0.9666666666666667,9.534139226737862,22.67069613368931,1.3551551469381053,100.0,75.8338664638919,100.0,62.99323103960582
2365,昆盈,電腦及週邊設備業,9.8,2020-09-28,2020Q2,13.07,73.27560904021134,100.0,100.0,-2.3600000000000003,0.0,5.886334738979702,4.43167369489851,1.5153885302547345,100.0,80.0955111025102,100.0,62.99231195825591
8404,百和興業-KY,其他業,28.05,2020-09-28,2020Q2,18.21,43.91203029420332,73.21,100.0,0.0,0.0,18.71473241849071,68.57366209245355,3.702969939498193,100.0,32.9787893896769,32.44697347419224,62.92194969070759
6470,宇智,通信網路業,42.6,2020-09-28,2020Q2,0.0,0.0,69.61,100.0,9.1,45.49999999999999,8.721502163961242,18.607510819806212,6.581891283940559,100.0,44.0,60.0,62.89112662297093
1789,神隆,生技醫療業,29.85,2020-09-28,2020Q2,85.29,0.0,47.06,94.12,-3.789999999999999,0.0,17.40138411405464,62.006920570273195,1.8633410144083462,100.0,85.7391067788678,100.0,62.83103808554098
6556,勝品,光電業,44.5,2020-09-28,2020Q2,0.0,0.0,31.85,63.7,16.06,80.3,8.007444199317204,15.03722099658602,2.529611622049089,100.0,54.0,85.0,62.740583149487904
5520,力泰,建材營造業,43.6,2020-09-28,2020Q2,0.0,0.0,209.09,100.0,24.286666666666665,100.0,12.361832563429235,36.80916281714618,0.577300901425774,11.042985917967709,68.0,100.0,62.72997160616546
2360,致茂,其他電子業,152.0,2020-09-28,2020Q2,29.8,0.0,35.29,70.58,22.98,100.0,18.314561935196487,66.57280967598244,0.7170129881216499,31.001855445949992,54.5330953110745,86.33273827768623,62.46456636835599
4746,台耀,生技醫療業,49.9,2020-09-28,2020Q2,10.18,100.0,577.27,100.0,20.49,100.0,-6.718033578101837,0.0,0.2624585639832243,0.0,49.6797990255207,74.19949756380176,62.41994975638018
2032,新鋼,鋼鐵工業,9.53,2020-09-28,2020Q2,22.16,36.446323341019735,46.67,93.34,15.366666666666667,76.83333333333333,2.1815971287691864,0.0,0.8519291653620011,50.27559505171445,82.1759481933625,100.0,62.40141801111153
2504,國產,建材營造業,23.6,2020-09-28,2020Q2,18.02,28.32545577312626,212.5,100.0,0.85,4.25,10.81930029822247,29.096501491112353,1.6422519848573498,100.0,57.4046942323243,93.51173558081076,62.39819435906056
1541,錩泰,電機機械,52.3,2020-09-28,2020Q2,11.1,92.90123456790124,124.59,100.0,15.846666666666666,79.23333333333333,13.286167573417357,41.43083786708679,0.49154457389468226,0.0,44.1843021269326,60.460755317331504,62.39749133525296
4743,合一,生技醫療業,343.5,2020-09-28,2020Q2,0.0,0.0,279.17,100.0,416.55999999999995,100.0,-975.7032368948725,0.0,0.7562966725598332,36.61381036569046,83.0,100.0,62.322762073138094
8431,匯鑽科,其他電子業,61.4,2020-09-28,2020Q2,0.0,0.0,121.48,100.0,5.933333333333334,29.666666666666668,8.024659857746544,15.123299288732719,2.3777072310405645,100.0,56.0,90.0,62.201828226643244
1309,台達化,塑膠工業,27.5,2020-09-28,2020Q2,16.27,48.18523153942429,53.93,100.0,-4.603333333333333,0.0,9.105047751067627,20.525238755338133,1.7999562471990773,100.0,56.9287208342169,92.32180208554223,62.129489175797374
6542,隆中,文化創意業,51.3,2020-09-28,2020Q2,0.0,0.0,360.0,100.0,-23.436666666666667,0.0,14.162827652929765,45.81413826464883,1.9768705815046381,100.0,68.0,100.0,61.87212073969732
2428,興勤,電子零組件業,99.5,2020-09-28,2020Q2,11.06,77.90091264667535,7.42,14.84,5.243333333333333,26.216666666666665,27.77333425330351,100.0,1.342657914799457,100.0,66.8026152186711,100.0,61.74342459800087
5328,華容,電子零組件業,8.65,2020-09-28,2020Q2,0.0,0.0,105.26,100.0,6.736666666666667,33.68333333333334,-2.6437923250564337,0.0,33.79243583971184,100.0,76.0,100.0,61.736666666666665
1731,美吾華,生技醫療業,16.35,2020-09-28,2020Q2,16.19,74.71518251569402,47.17,94.34,5.646666666666666,28.233333333333327,17.62935481311007,63.146774065550346,0.6915266948052572,27.36095640075103,73.5155707000418,100.0,61.647392308218826
3022,威強電,電腦及週邊設備業,42.75,2020-09-28,2020Q2,10.61,87.71646609920751,81.08,100.0,10.76,53.800000000000004,14.262334323397093,46.311671616985464,0.2630600549897052,0.0,69.0836790950048,100.0,61.478397352468576
5439,高技,電子零組件業,41.9,2020-09-28,2020Q2,0.0,0.0,25.87,51.739999999999995,10.606666666666667,53.03333333333333,15.52378462893849,52.61892314469245,1.2428938394942703,100.0,61.0,100.0,61.43450513837053
2885,元大金,金融保險業,17.7,2020-09-28,2020Q2,10.06,63.64806866952789,0.0,0.0,21.59,100.0,27.479434468260532,100.0,1.4229626156998496,100.0,9.26639825024859,0.0,61.36480686695279
3376,新日興,電子零組件業,133.0,2020-09-28,2020Q2,17.21,37.809647979139505,19.23,38.46,39.333333333333336,100.0,13.703802680517457,43.519013402587284,0.8993935098433288,57.056215691904114,66.8949551111347,100.0,61.335059946682875
2233,宇隆,汽車工業,70.6,2020-09-28,2020Q2,15.31,71.18404118404118,-16.37,0.0,17.53,87.65,13.627045813816796,43.13522906908398,1.7300769209015583,100.0,62.6670804468826,100.0,61.118688478766714
8103,瀚荃,電子零組件業,29.4,2020-09-28,2020Q2,11.18,77.11864406779661,40.0,80.0,-4.003333333333333,0.0,11.05164307051088,30.258215352554394,1.7261255537318438,100.0,55.3727492970376,88.43187324259401,61.093784033922226
8478,東哥遊艇,運動休閒,60.9,2020-09-28,2020Q2,22.81,50.674940126279125,678.13,100.0,213.40666666666664,100.0,13.390966013917874,41.95483006958936,-0.9157415679649008,0.0,38.7919265341108,46.979816335277,61.05870015659402
3338,泰碩,電子零組件業,59.8,2020-09-28,2020Q2,15.86,46.61016949152543,31.3,62.6,15.18,75.9,7.903910156901054,14.51955078450527,2.8962670830664106,100.0,33.2777338230236,33.19433455755901,60.98838302258423
8044,網家,數位雲端,103.0,2020-09-28,2020Q2,0.0,0.0,114.52,100.0,15.979999999999999,79.89999999999999,0.9901473508426801,0.0,10.915315824276002,100.0,20.0,0.0,60.98
3669,圓展,通信網路業,110.5,2020-09-28,2020Q2,62.78,0.0,700.0,100.0,118.41000000000001,100.0,7.506979248158747,12.534896240793735,0.6420381345014171,20.291162071631017,75.644897038907,100.0,60.938466850445266
1709,和益,化學工業,13.45,2020-09-28,2020Q2,20.38,47.12266532054519,88.0,100.0,-5.32,0.0,6.51845837649299,7.592291882464952,3.3207953936797,100.0,64.1670086846562,100.0,60.85111031442426
5347,世界,半導體業,97.8,2020-09-28,2020Q2,0.0,0.0,2.86,5.72,18.323333333333334,91.61666666666667,20.37142693401255,76.85713467006275,1.8373237822233313,100.0,58.0,95.0,60.781903533842744
1474,弘裕,紡織纖維,11.6,2020-09-28,2020Q2,18.12,80.44145873320538,400.0,100.0,-18.683333333333334,0.0,0.8784245902283716,0.0,2.879140009574792,100.0,50.9051735179949,77.26293379498725,60.770439252819266
6208,日揚,半導體業,36.1,2020-09-28,2020Q2,0.0,0.0,27.05,54.1,17.573333333333334,87.86666666666667,9.879717939824442,24.39858969912221,1.3937008885833424,100.0,44.0,60.0,60.75812178820167
5483,中美晶,半導體業,96.0,2020-09-28,2020Q2,0.0,0.0,752.63,100.0,-4.8566666666666665,0.0,25.54325126290823,100.0,2.077703778884965,100.0,23.0,7.5,60.75
3152,璟德,通信網路業,390.0,2020-09-28,2020Q2,0.0,0.0,13.4,26.8,30.89,100.0,46.522997196279405,100.0,0.8112227947031742,44.4603992433106,69.0,100.0,60.59207984866212
1618,合機,電器電纜,9.27,2020-09-28,2020Q2,14.05,55.86264656616415,217.65,100.0,54.26333333333333,100.0,0.2669617581338643,0.0,0.17982304484897793,0.0,86.6935589705196,100.0,60.586264656616414
2537,聯上發,建材營造業,10.9,2020-09-28,2020Q2,0.0,0.0,2075.0,100.0,117.52333333333333,100.0,17.257122980958957,61.285614904794784,0.1729640368065725,0.0,45.513276851323,63.7831921283075,60.57116144854997
3605,宏致,電子零組件業,31.1,2020-09-28,2020Q2,11.48,75.16297262059973,21.62,43.24,16.156666666666666,80.78333333333333,2.3870056342561017,0.0,3.409294416656868,100.0,44.297092472805,60.7427311820125,60.55723704692789
2377,微星,電腦及週邊設備業,132.5,2020-09-28,2020Q2,17.55,46.97681244496623,31.02,62.03999999999999,39.92333333333334,100.0,6.165288288922745,5.826441444613724,0.9541648495160662,64.88069278800945,45.3693526038855,63.423381509713764,60.40012416976195
4807,日成-KY,貿易百貨業,29.0,2020-09-28,2020Q2,41.43,50.0,133.24,100.0,0.0,0.0,5.408498396048678,2.0424919802433905,6.791980990610654,100.0,61.1479869089212,100.0,60.30637379703651
3034,聯詠,半導體業,258.5,2020-09-28,2020Q2,18.29,60.627901294893725,16.49,32.98,22.689999999999998,100.0,16.243723283127483,56.21861641563741,0.7780448896090795,39.72069851558279,57.7987818715884,94.49695467897101,60.134417762848635
6173,信昌電,電子零組件業,51.5,2020-09-28,2020Q2,0.0,0.0,-31.8,0.0,40.583333333333336,100.0,18.4520305204077,67.2601526020385,2.4207856471951223,100.0,60.0,100.0,60.08902289030578
3016,嘉晶,半導體業,64.7,2020-09-28,2020Q2,718.89,0.0,45.45,90.9,7.323333333333333,36.61666666666667,1.7129677948593898,0.0,4.094761690647482,100.0,65.7982457291366,100.0,60.04833333333333
6469,大樹,生技醫療業,88.0,2020-09-28,2020Q2,0.0,0.0,38.41,76.82,29.246666666666666,100.0,2.524814821014258,0.0,1.8449683995015134,100.0,23.0,7.5,59.955
3484,崧騰,電子零組件業,34.55,2020-09-28,2020Q2,0.0,0.0,63.86,100.0,7.93,39.65,5.3078318562236255,1.5391592811181276,2.3558733465921646,100.0,47.0,67.5,59.91087389216772
8131,福懋科,半導體業,34.65,2020-09-28,2020Q2,11.0,96.24969460053751,21.32,42.64,-1.9433333333333334,0.0,17.71879275303549,63.59396376517745,2.1163090697652174,100.0,80.1528260606456,100.0,59.82406402483036
4967,十銓,半導體業,33.1,2020-09-28,2020Q2,10.61,98.15538724651844,1386.36,100.0,36.769999999999996,100.0,6.3899651811568425,6.949825905784213,-0.5231322787370393,0.0,35.7739331711897,39.43483292797424,59.8014959033169
6224,聚鼎,電子零組件業,80.1,2020-09-28,2020Q2,15.49,49.02216427640156,37.25,74.5,-10.533333333333333,0.0,22.448795923238556,87.24397961619277,0.9598677745019208,65.69539635741727,68.2840209458459,100.0,59.75289264155252
1617,榮星,電器電纜,12.8,2020-09-28,2020Q2,15.8,44.13735343383585,70.37,100.0,-0.5333333333333332,0.0,5.599510824554749,2.9975541227737468,1.847634406981476,100.0,59.2783814740487,98.19595368512175,59.68296383031182
3017,奇鋐,電腦及週邊設備業,65.0,2020-09-28,2020Q2,17.57,46.85940710302319,86.21,100.0,7.8500000000000005,39.25,6.338951489874354,6.694757449371772,2.4342988445378153,100.0,24.0424235686397,10.106058921599246,59.55076021986801
5515,建國,建材營造業,11.9,2020-09-28,2020Q2,12.02,68.8386225523295,112.12,100.0,56.06,100.0,3.9914607020129327,0.0,-0.36866009777459813,0.0,50.2153206957498,75.5383017393745,59.4376924291704
4760,勤凱,其他電子業,69.7,2020-09-28,2020Q2,0.0,0.0,346.0,100.0,129.33,100.0,13.54820856446167,42.741042822308344,-0.8470289536643718,0.0,52.0,80.0,59.41115642334625
5878,台名,金融保險業,46.35,2020-09-28,2020Q2,0.0,0.0,25.74,51.47999999999999,12.113333333333335,60.56666666666668,10.902136397213793,29.510681986068967,1.503348318816147,100.0,61.0,100.0,59.40993563124368
8454,富邦媒,數位雲端,685.0,2020-09-28,2020Q2,60.04,0.0,28.91,57.82000000000001,30.30666666666667,100.0,3.30611909684904,0.0,2.23562278251183,100.0,39.563071397925,48.9076784948125,59.34576784948125
8069,元太,光電業,37.9,2020-09-28,2020Q2,0.0,0.0,32.48,64.96,27.616666666666664,100.0,6.3535875062942,6.767937531471002,0.9179613913276226,59.70877018966036,63.0,100.0,59.196944667652716
2357,華碩,電腦及週邊設備業,252.0,2020-09-28,2020Q2,12.93,74.09744643381273,60.27,100.0,38.15,100.0,4.920844397821378,0.0,-3.1416381490501766,0.0,46.8547199290527,67.13679982263174,59.12342462564445
6175,立敦,電子零組件業,20.4,2020-09-28,2020Q2,0.0,0.0,51.92,100.0,17.83,89.14999999999999,12.11451948562909,35.57259742814545,0.6644252410458751,23.489320149410727,45.0,62.5,59.113753644103966
4162,智擎,生技醫療業,61.1,2020-09-28,2020Q2,0.0,0.0,13.16,26.32,23.763333333333332,100.0,38.68034667786219,100.0,0.762127013258235,37.44671617974785,93.0,100.0,59.06934323594957
3661,世芯-KY,半導體業,460.0,2020-09-28,2020Q2,45.23,0.0,105.12,100.0,0.0,0.0,14.855170957569749,49.27585478784874,5.872484229908672,100.0,46.3488627903362,65.8721569758405,58.97859391576136
2546,根基,建材營造業,49.3,2020-09-28,2020Q2,11.65,71.3369345037137,17.81,35.62,79.34666666666666,100.0,5.847379489539507,4.236897447697534,1.3156031928500882,100.0,29.0146774253371,22.53669356334275,58.92789742386029
4968,立積,半導體業,231.0,2020-09-28,2020Q2,39.55,0.0,346.34,100.0,96.73,100.0,12.588439934842299,37.942199674211494,-0.10540156642347964,0.0,51.8669623657272,79.667405914318,58.65807054256352
8033,雷虎,其他業,10.6,2020-09-28,2020Q2,0.0,0.0,450.0,100.0,7.050000000000001,35.25,-0.10343410462544386,0.0,4.367834262417839,100.0,45.5384136087207,63.846034021801756,58.43460340218017
5220,萬達光電,光電業,44.4,2020-09-28,2020Q2,0.0,0.0,11.73,23.46,49.61666666666667,100.0,18.43806292388988,67.1903146194494,1.023696324805675,74.813760686525,50.0,75.0,58.40629933022241
2371,大同,電機機械,15.5,2020-09-28,2020Q2,8.2,100.0,111.67,100.0,-6.966666666666668,0.0,1.1006488820322238,0.0,8.205365914958758,100.0,31.8672281447466,29.668070361866505,57.96680703618665
6146,耕興,其他電子業,251.0,2020-09-28,2020Q2,0.0,0.0,10.29,20.58,23.846666666666668,100.0,27.568328478445693,100.0,0.7719716130224393,38.853087574634195,67.0,100.0,57.915617514926836
2431,聯昌,電子零組件業,9.65,2020-09-28,2020Q2,18.56,29.0091264667536,118.92,100.0,-11.603333333333333,0.0,0.02635998991278364,0.0,12.122923139267865,100.0,67.9724489030408,100.0,57.90091264667536
6588,東典光電,通信網路業,76.3,2020-09-28,2020Q2,0.0,0.0,-18.42,0.0,17.826666666666664,89.13333333333333,18.401243389553684,67.00621694776842,1.909183202584218,100.0,77.0,100.0,57.87759920883193
3006,晶豪科,半導體業,36.9,2020-09-28,2020Q2,11.32,94.68604935255314,189.04,100.0,9.753333333333334,48.766666666666666,9.793569086742353,23.96784543371177,-0.8266043456718306,0.0,64.7854343372868,100.0,57.81711508364541
2455,全新,通信網路業,77.1,2020-09-28,2020Q2,25.79,50.0,15.62,31.240000000000002,-8.286666666666667,0.0,26.166176068458558,100.0,1.4285406612982121,100.0,61.7493356963405,100.0,57.81
8240,華宏,光電業,26.7,2020-09-28,2020Q2,0.0,0.0,97.44,100.0,6.539999999999999,32.699999999999996,2.3354432660935296,0.0,1.5880391637999471,100.0,45.0,62.5,57.79
3015,全漢,電子零組件業,31.5,2020-09-28,2020Q2,14.06,58.34419817470664,827.78,100.0,17.4,86.99999999999999,1.520523821342883,0.0,-0.952488351243673,0.0,58.1968940002018,95.4922350005045,57.78364331752111
6291,沛亨,半導體業,16.4,2020-09-28,2020Q2,0.0,0.0,129.41,100.0,46.94,100.0,8.709140719798846,18.54570359899423,-0.3768512756689483,0.0,81.0,100.0,57.78185553984913
3528,安馳,電子通路業,39.5,2020-09-28,2020Q2,12.99,34.121320249776986,19.15,38.3,25.49666666666667,100.0,4.770595990249241,0.0,1.397843411331167,100.0,38.8824476803414,47.2061192008535,57.70774394506305
3532,台勝科,半導體業,105.0,2020-09-28,2020Q2,33.87,0.0,-55.61,0.0,24.253333333333334,100.0,15.275776884918526,51.37888442459263,1.7006190368786194,100.0,85.7072600438273,100.0,57.70683266368889
1726,永記,化學工業,69.1,2020-09-28,2020Q2,14.67,75.9464916708733,26.49,52.98,1.8533333333333333,9.266666666666666,11.648489690341561,33.24244845170781,1.471699406723797,100.0,82.1708670046713,100.0,57.679349768176834
3027,盛達,通信網路業,19.3,2020-09-28,2020Q2,0.0,0.0,475.0,100.0,63.76333333333334,100.0,8.32304008231119,16.615200411555946,-1.4343221777204536,0.0,62.7143024766739,100.0,57.49228006173339
8921,沈氏,其他業,13.5,2020-09-28,2020Q2,0.0,0.0,122.22,100.0,2.28,11.399999999999999,0.833519157868836,0.0,1.9148521286967826,100.0,83.0,100.0,57.28
6438,迅得,其他電子業,66.8,2020-09-28,2020Q2,0.0,0.0,103.12,100.0,-2.539999999999999,0.0,12.98360903692146,39.9180451846073,1.7612037882171687,100.0,45.0,62.5,57.237706777691095
1558,伸興,電機機械,136.0,2020-09-28,2020Q2,11.93,88.63168724279836,4.82,9.64,18.60666666666667,93.03333333333335,13.524444415707016,42.62222207853508,0.8763934047434353,53.770486391919334,64.0891651399821,100.0,57.02726598111064
3587,閎康,其他電子業,83.7,2020-09-28,2020Q2,0.0,0.0,2.5,5.0,23.286666666666665,100.0,12.65487921426993,38.27439607134965,2.8822202024634094,100.0,64.0,100.0,56.991159410702444
4747,強生,生技醫療業,36.9,2020-09-28,2020Q2,0.0,0.0,22.45,44.9,5.203333333333333,26.016666666666666,19.067574159678504,70.33787079839252,1.692932597665456,100.0,81.0,100.0,56.97901395309221
6432,今展科,電子零組件業,34.55,2020-09-28,2020Q2,0.0,0.0,14.17,28.34,25.560000000000002,100.0,8.607657156330111,18.038285781650558,1.3076073619631903,100.0,48.0,70.0,56.79074286724759
3093,港建,其他電子業,33.35,2020-09-28,2020Q2,0.0,0.0,52.86,100.0,16.896666666666665,84.48333333333332,11.42413302385203,32.120665119260146,-0.06824952604495801,0.0,66.0,100.0,56.714766434555685
6509,聚和,化學工業,22.45,2020-09-28,2020Q2,0.0,0.0,51.67,100.0,-15.516666666666667,0.0,11.877659559625757,34.38829779812879,1.432429723278557,100.0,46.0,65.0,56.658244669719316
6417,韋僑,通信網路業,60.9,2020-09-28,2020Q2,0.0,0.0,45.1,90.2,-6.516666666666667,0.0,12.13258150656138,35.6629075328069,1.1634417144262232,94.77738777517476,59.0,97.5,56.60491368495599
3684,榮昌,通信網路業,34.6,2020-09-28,2020Q2,0.0,0.0,-24.18,0.0,26.503333333333334,100.0,15.453916575307552,52.269582876537754,1.7509122129212278,100.0,55.0,87.5,56.590437431480666
2010,春源,鋼鐵工業,10.55,2020-09-28,2020Q2,23.44,29.887266205482966,50.0,100.0,19.603333333333335,98.01666666666668,1.8049371429736425,0.0,0.24350955247317457,0.0,55.9201457392138,89.8003643480345,56.57209638868509
6491,晶碩,生技醫療業,202.0,2020-09-28,2020Q2,27.37,22.72727272727273,4.1,8.2,12.62,63.1,17.740181509513224,63.70090754756612,2.5432458613710667,100.0,74.0600476053087,100.0,56.497863404862194
2392,正崴,電子零組件業,41.05,2020-09-28,2020Q2,9.33,89.17861799217731,50.0,100.0,-8.886666666666668,0.0,0.70687989245316,0.0,3.4233315130341797,100.0,29.9187264073648,24.796816018412002,56.39754340105893
2643,捷迅,航運業,48.75,2020-09-28,2020Q2,0.0,0.0,130.77,100.0,2.3833333333333333,11.916666666666668,6.01315020357892,5.065751017894602,1.549312885213379,100.0,53.0,82.5,56.393195986017524
3005,神基,電腦及週邊設備業,45.45,2020-09-28,2020Q2,10.85,86.30760199589082,36.55,73.1,-5.316666666666666,0.0,11.89541326145123,34.47706630725615,1.1157091128389138,87.95844469127341,46.8795591590136,67.19889789753401,56.38889887368559
5283,禾聯碩,電器電纜,101.5,2020-09-28,2020Q2,9.17,88.55946398659967,-1.17,0.0,12.49,62.45,17.971038513603478,64.8551925680174,1.030511321718404,75.78733167405774,61.7641275115006,100.0,56.23169161867413
1614,三洋電,電器電纜,36.45,2020-09-28,2020Q2,30.89,0.0,60.53,100.0,19.990000000000002,99.95,6.427001920075893,7.135009600379467,0.25532212796018505,0.0,73.6462434187827,100.0,56.06025144005692
3325,旭品,電腦及週邊設備業,28.9,2020-09-28,2020Q2,0.0,0.0,707.69,100.0,128.5,100.0,10.730557060532925,28.65278530266463,0.02970523559543935,0.0,47.0,67.5,56.0479177953997
1609,大亞,電器電纜,17.0,2020-09-28,2020Q2,13.08,62.36180904522614,116.67,100.0,1.53,7.6499999999999995,0.690164036913964,0.0,2.5209258749688797,100.0,33.1251190048746,32.8127975121865,56.04746065574126
3310,佳穎,電子零組件業,30.0,2020-09-28,2020Q2,0.0,0.0,178.69,100.0,3.68,18.4,7.786382762623331,13.931913813116656,4.474324213293896,100.0,41.0,52.5,56.0197870719675
3040,遠見,其他業,32.95,2020-09-28,2020Q2,8.3,100.0,427.87,100.0,-23.47,0.0,19.584965897547526,72.92482948773763,0.18394543339838745,0.0,85.0014996226359,100.0,55.93872442316064
1605,華新,電器電纜,16.05,2020-09-28,2020Q2,13.16,61.82579564489112,40.62,81.24,-9.94,0.0,7.193094129184378,10.96547064592189,1.1877908495944793,98.2558356563542,52.3045637161276,80.76140929031901,55.86470822168013
6581,鋼聯,綠能環保,66.5,2020-09-28,2020Q2,55.88,0.0,-81.57,0.0,39.416666666666664,100.0,12.795301256751221,38.97650628375611,3.236615806732249,100.0,66.1850141977337,100.0,55.846475942563416
4912,聯德控股-KY,電子零組件業,118.5,2020-09-28,2020Q2,17.61,35.20208604954367,71.43,100.0,0.0,0.0,10.091737278382382,25.45868639191191,4.263323182337267,100.0,33.8871674208145,34.717918552036245,55.810803418944786
6525,捷敏-KY,半導體業,55.9,2020-09-28,2020Q2,10.61,98.15538724651844,4.96,9.92,0.0,0.0,22.978766125039957,89.89383062519978,1.2860606836981188,100.0,68.0796457519553,100.0,55.779613318431814
6561,是方,通信網路業,344.0,2020-09-28,2020Q2,0.0,0.0,7.67,15.340000000000002,8.643333333333333,43.21666666666666,30.14003587212604,100.0,1.4594546838471159,100.0,53.0,82.5,55.72833333333333
6124,業強,電子零組件業,30.0,2020-09-28,2020Q2,0.0,0.0,-11.27,0.0,35.78333333333333,100.0,12.559524148056186,37.79762074028093,1.4048960610309422,100.0,71.0,100.0,55.66964311104214
2038,海光,鋼鐵工業,9.96,2020-09-28,2020Q2,0.0,0.0,197.5,100.0,6.4433333333333325,32.21666666666666,1.9482240260860344,0.0,1.9837481531992271,100.0,36.7671199654339,41.917799913584744,55.6351133246918
2383,台光電,電子零組件業,143.0,2020-09-28,2020Q2,12.6,67.86179921773142,38.72,77.44,3.2433333333333336,16.21666666666667,16.849744067842558,59.24872033921279,0.8316658832164862,47.380840459498025,51.1434123793067,77.85853094826676,55.53884249271467
2454,聯發科,半導體業,603.0,2020-09-28,2020Q2,36.5,0.0,30.89,61.78,30.659999999999997,100.0,10.289054784195555,26.445273920977776,0.7050203785128311,29.28862550183301,66.6002079684654,100.0,55.269516188513265
3545,敦泰,半導體業,31.75,2020-09-28,2020Q2,30.53,0.8184705594918018,154.87,100.0,56.26666666666667,100.0,3.13818368913166,0.0,-6.335890848493265,0.0,68.5667536680214,100.0,55.08184705594918
6690,安硌穈T,數位雲端,157.0,2020-09-28,2020Q2,0.0,0.0,-21.59,0.0,19.94666666666667,99.73333333333333,11.74477517416086,33.72387587080431,3.148604342046965,100.0,66.0,100.0,55.00524804728732
3516,亞帝歐,光電業,15.15,2020-09-28,2020Q2,0.0,0.0,433.33,100.0,26.05,100.0,1.7196286330569328,0.0,-0.27555633973666216,0.0,73.0,100.0,55.0
2114,鑫永銓,橡膠工業,80.1,2020-09-28,2020Q2,14.72,100.0,-6.6,0.0,-6.03,0.0,29.79282935358371,100.0,1.4904529470424606,100.0,75.7397263882304,100.0,55.0
8072,陞泰,電子通路業,31.05,2020-09-28,2020Q2,0.0,0.0,68.83,100.0,55.843333333333334,100.0,-4.375282460479831,0.0,0.0,0.0,90.1572597786033,100.0,55.0
6418,詠昇,電子零組件業,15.3,2020-09-28,2020Q2,0.0,0.0,900.0,100.0,-21.236666666666668,0.0,2.6623411587335775,0.0,2.243802559414991,100.0,61.0,100.0,55.0
5426,振發,電腦及週邊設備業,10.5,2020-09-28,2020Q2,0.0,0.0,129.41,100.0,21.16,100.0,2.502562131693569,0.0,-14.992779326070433,0.0,75.0,100.0,55.0
6165,浪凡,數位雲端,70.9,2020-09-28,2020Q2,0.0,0.0,157.89,100.0,15406.04,100.0,-2832.2314049586776,0.0,-0.29857038123167157,0.0,69.3876208548969,100.0,55.0
6174,安,電子零組件業,11.2,2020-09-28,2020Q2,0.0,0.0,150.0,100.0,-12.4,0.0,1.454301216125452,0.0,8.720563139931741,100.0,85.0,100.0,55.0
4714,永捷,化學工業,13.35,2020-09-28,2020Q2,0.0,0.0,96.43,100.0,-43.10333333333333,0.0,-3.2105271754220723,0.0,2.4002721990542826,100.0,72.0,100.0,55.0
4711,永純,化學工業,0.0,2020-09-28,2020Q2,0.0,0.0,240.0,100.0,-36.06333333333333,0.0,2.9908006382525243,0.0,3.609446837342109,100.0,81.0,100.0,55.0
1235,興泰,食品工業,24.7,2020-09-28,2020Q2,26.56,0.0,78.57,100.0,40.86333333333333,100.0,-56.07704829083017,0.0,0.0,0.0,66.0539938518013,100.0,55.0
1475,業旺,紡織纖維,28.1,2020-09-28,2020Q2,0.0,0.0,64.63,100.0,93.53000000000002,100.0,-13.595296762201183,0.0,0.0,0.0,77.7624569100595,100.0,55.0
3221,台嘉碩,通信網路業,22.5,2020-09-28,2020Q2,0.0,0.0,162.5,100.0,-6.783333333333332,0.0,2.717659763484718,0.0,5.019600079192239,100.0,66.0,100.0,55.0
5381,合正,電子零組件業,4.46,2020-09-28,2020Q2,0.0,0.0,200.0,100.0,-18.576666666666668,0.0,2.6045216328640928,0.0,5.069408740359897,100.0,93.0,100.0,55.0
3564,其陽,通信網路業,22.95,2020-09-28,2020Q2,0.0,0.0,255.56,100.0,-0.03999999999999974,0.0,1.775677803467777,0.0,1.9674615294255844,100.0,71.0,100.0,55.0
1324,地球,塑膠工業,9.77,2020-09-28,2020Q2,69.79,0.0,900.0,100.0,-5.683333333333333,0.0,0.5077437488976368,0.0,9.446554600282305,100.0,78.326890083872,100.0,55.0
2855,統一證,金融保險業,15.6,2020-09-28,2020Q2,11.39,52.23175965665236,-43.04,0.0,104.28666666666665,100.0,16.59142684652286,57.95713423261431,4.299175709849867,100.0,24.158475351241,10.396188378102504,54.956364938367635
3709,鑫聯大投控,電腦及週邊設備業,20.7,2020-09-28,2020Q2,0.0,0.0,29.87,59.74,27.810000000000002,100.0,1.4862044000977153,0.0,16.545396015855783,100.0,19.0,0.0,54.935
3450,聯鈞,半導體業,62.0,2020-09-28,2020Q2,34.07,0.0,21.69,43.38,10.803333333333333,54.016666666666666,14.210922610742552,46.05461305371276,3.655072935969753,100.0,45.0488179649244,62.622044912311004,54.81872978262135
5245,智晶,光電業,31.85,2020-09-28,2020Q2,0.0,0.0,520.0,100.0,-1.07,0.0,5.422043641482872,2.1102182074143583,2.4915638511019718,100.0,58.0,95.0,54.816532731112154
4934,太極,光電業,30.25,2020-09-28,2020Q2,0.0,0.0,160.47,100.0,-11.013333333333334,0.0,7.382683546579234,11.913417732896173,10.936831857055589,100.0,51.9495458717012,79.87386467925299,54.77439912785972
2462,良得電,電子零組件業,24.4,2020-09-28,2020Q2,21.4,10.495436766623211,84.0,100.0,-0.44333333333333336,0.0,2.460730547678062,0.0,3.9252332139728594,100.0,54.6251820782366,86.5629551955915,54.705839196221476
3551,世禾,綠能環保,45.9,2020-09-28,2020Q2,0.0,0.0,54.74,100.0,-14.6,0.0,16.110462337925384,55.55231168962692,0.8947831062534726,56.39758660763894,69.0,100.0,54.61236407497183
6126,信音,電子零組件業,24.05,2020-09-28,2020Q2,0.0,0.0,106.52,100.0,13.426666666666668,67.13333333333334,11.04056889076115,30.202844453805756,0.7503454666644991,35.76363809492844,38.0,45.0,54.609820953723215
1560,中砂,電機機械,60.2,2020-09-28,2020Q2,15.09,72.37654320987656,11.24,22.48,8.540000000000001,42.7,13.852996077541086,44.26498038770543,1.8183394860439897,100.0,45.933095722136,64.83273930534,54.52067530967747
6183,關貿,資訊服務業,46.85,2020-09-28,2020Q2,25.88,0.0,-14.43,0.0,13.923333333333334,69.61666666666667,19.12676657066043,70.63383285330215,2.31,100.0,70.7055168772993,100.0,54.51840826132865
5386,青雲,電腦及週邊設備業,26.65,2020-09-28,2020Q2,0.0,0.0,658.33,100.0,-22.55666666666667,0.0,1.8735670106537146,0.0,1.5616774762294565,100.0,58.0,95.0,54.5
3232,昱捷,電子通路業,18.0,2020-09-28,2020Q2,0.0,0.0,84.62,100.0,-17.273333333333333,0.0,-2.506436154180113,0.0,8.402009469915695,100.0,58.0,95.0,54.5
3071,協禧,電腦及週邊設備業,22.8,2020-09-28,2020Q2,0.0,0.0,34.67,69.34,9.586666666666666,47.93333333333333,7.0479505931164015,10.239752965582008,1.3065075921908893,100.0,44.0,60.0,54.45762961150397
5498,凱崴,電子零組件業,11.2,2020-09-28,2020Q2,0.0,0.0,1500.0,100.0,-15.76,0.0,1.2688191065900043,0.0,6.143328335832084,100.0,57.0,92.5,54.25
2408,南亞科,半導體業,55.1,2020-09-28,2020Q2,19.61,54.17786464695822,-19.62,0.0,10.233333333333333,51.16666666666666,16.375484753622395,56.87742376811198,1.7771631670174473,100.0,90.6378811816162,100.0,54.18273336324595
2382,廣達,電腦及週邊設備業,74.2,2020-09-28,2020Q2,16.17,55.07778103903726,24.46,48.92,21.69333333333333,100.0,2.600975513326545,0.0,1.059002533168932,79.85750473841885,21.6065724178904,4.016431044726003,54.1109221560601
2430,燦坤,電子通路業,18.35,2020-09-28,2020Q2,12.57,37.86797502230152,31.58,63.16,11.209999999999999,56.05,2.163800920371027,0.0,2.6000191462373654,100.0,33.2196729082107,33.04918227052674,54.091715729282825
3550,聯穎,電子零組件業,15.15,2020-09-28,2020Q2,19.18,24.967405475880057,525.0,100.0,-3.17,0.0,1.6020779739228979,0.0,7.553292729349067,100.0,46.3381202234311,65.84530055857775,54.08127060344578
1810,和成,玻璃陶瓷,9.38,2020-09-28,2020Q2,26.8,10.598179453836165,200.0,100.0,-7.099999999999999,0.0,1.8228739692586944,0.0,4.9176084762865795,100.0,51.9574067867025,79.89351696675625,54.04916964205924
2596,綠意,建材營造業,21.3,2020-09-28,2020Q2,0.0,0.0,125.0,100.0,54883.63333333334,100.0,6.389727458886614,6.948637294433069,-42.177482678983836,0.0,52.0,80.0,54.04229559416496
4716,大立,化學工業,13.95,2020-09-28,2020Q2,0.0,0.0,200.0,100.0,-7.503333333333334,0.0,1.896777935834933,0.0,17.85001286339079,100.0,56.0,90.0,54.0
9914,美利達,運動休閒,233.5,2020-09-28,2020Q2,23.12,49.32505987372087,49.71,99.42,-1.6300000000000001,0.0,7.595837867626081,12.979189338130404,1.0049458998285992,72.13512854694274,51.2465718473619,78.11642961840475,53.97305305932068
1589,永冠-KY,電機機械,89.1,2020-09-28,2020Q2,28.47,3.5493827160493874,191.46,100.0,0.0,0.0,1.3182733017275985,0.0,6.723324470753487,100.0,53.9993966340569,84.99849158514226,53.85478743011916
5487,通泰,半導體業,33.55,2020-09-28,2020Q2,0.0,0.0,-76.89,0.0,33.52,100.0,10.104918926284235,25.52459463142117,4.255787933557105,100.0,76.0,100.0,53.82868919471318
2484,希華,電子零組件業,20.5,2020-09-28,2020Q2,24.12,0.0,17.02,34.04,12.726666666666667,63.63333333333333,8.40927252680752,17.0463626340376,1.691272110160708,100.0,69.9904114702142,100.0,53.793621061772306
4942,嘉彰,光電業,37.05,2020-09-28,2020Q2,7.72,100.0,11.88,23.76,3.296666666666667,16.483333333333334,10.99386022118585,29.969301105929247,1.5112123096052223,100.0,70.7326137283183,100.0,53.732061832556056
6680,鑫創電子,電腦及週邊設備業,56.0,2020-09-28,2020Q2,0.0,0.0,-14.29,0.0,13.686666666666666,68.43333333333332,18.299639988922735,66.49819994461367,1.5561290788333815,100.0,63.0,100.0,53.66139665835872
4961,天鈺,半導體業,34.5,2020-09-28,2020Q2,23.47,35.31639384314684,-38.89,0.0,20.723333333333333,100.0,2.274192649299491,0.0,4.731780602056623,100.0,61.4441034049054,100.0,53.53163938431469
8074,鉅橡,電子零組件業,16.1,2020-09-28,2020Q2,0.0,0.0,55.56,100.0,-4.403333333333333,0.0,4.773184598501174,0.0,6.391450163216026,100.0,54.0,85.0,53.5
1733,五鼎,生技醫療業,24.35,2020-09-28,2020Q2,23.41,41.14159497791212,-22.0,0.0,26.233333333333334,100.0,4.527220575323675,0.0,3.77860979136542,100.0,57.4197504397656,93.549376099414,53.469097107732615
1597,直得,電機機械,77.0,2020-09-28,2020Q2,0.0,0.0,10.0,20.0,9.08,45.4,18.84932712405119,69.24663562025594,2.1272960665057,100.0,56.0,90.0,53.46699534303839
5215,科嘉-KY,電腦及週邊設備業,136.5,2020-09-28,2020Q2,19.7,34.35573818608748,155.79,100.0,0.0,0.0,25.04582601255594,100.0,0.40303840371327126,0.0,67.2472516696679,100.0,53.435573818608745
6668,中揚光,光電業,50.7,2020-09-28,2020Q2,28.64,0.0,6.25,12.5,27.189999999999998,100.0,6.546467084690974,7.732335423454869,1.6691186952926753,100.0,56.3193929533926,90.7984823834815,53.364698551866375
6276,安鈦克,電腦及週邊設備業,29.6,2020-09-28,2020Q2,0.0,0.0,264.86,100.0,46.156666666666666,100.0,6.722050610868637,8.610253054343184,-0.418873645856259,0.0,48.0,70.0,53.29153795815148
2603,長榮,航運業,15.55,2020-09-28,2020Q2,28.27,1.7178075006556437,1040.0,100.0,6.13,30.65,6.515009198875631,7.575045994378153,4.873511467115315,100.0,23.3782056675837,8.44551416895925,53.282589066118206
1109,信大,水泥工業,19.15,2020-09-28,2020Q2,7.09,81.92510801728277,-10.58,0.0,-3.796666666666667,0.0,25.77052827625011,100.0,2.963341780460942,100.0,62.9309383008565,100.0,53.192510801728275
2109,華豐,橡膠工業,12.15,2020-09-28,2020Q2,48.6,10.02304147465436,1050.0,100.0,-5.3,0.0,8.7437334398094,18.718667199047,4.454135456292404,100.0,37.3132825681977,43.283206420494245,53.13842486937192
1219,福壽,食品工業,18.9,2020-09-28,2020Q2,12.12,81.52542372881358,657.14,100.0,-1.5,0.0,1.3045977439511118,0.0,0.9543048235421362,64.90068907744804,47.5179554396889,68.79488859922225,53.01216904829319
3226,至寶電,電機機械,55.3,2020-09-28,2020Q2,0.0,0.0,-16.19,0.0,34.98,100.0,16.415634928892125,57.078174644460624,1.0037555582261748,71.9650797465964,63.0,100.0,52.95474214598837
6158,禾昌,電子零組件業,30.4,2020-09-28,2020Q2,0.0,0.0,295.45,100.0,39.81666666666667,100.0,4.485981742530428,0.0,0.6098025747269061,15.686082103843734,39.0,47.5,52.887216420768745
9960,邁達康,運動休閒,28.4,2020-09-28,2020Q2,0.0,0.0,0.0,0.0,43.06,100.0,10.12707242325364,25.6353621162682,2.2908022764824674,100.0,56.0,90.0,52.84530431744023
3628,盈正,其他電子業,35.65,2020-09-28,2020Q2,0.0,0.0,460.0,100.0,-16.83,0.0,2.872242457940139,0.0,1.4081463990554899,100.0,51.0,77.5,52.75
8097,常珵,通信網路業,11.9,2020-09-28,2020Q2,0.0,0.0,69.39,100.0,96.10000000000001,100.0,-15.148229520358376,0.0,0.0,0.0,51.0,77.5,52.75
3520,華盈,電子零組件業,17.65,2020-09-28,2020Q2,0.0,0.0,400.0,100.0,41.53333333333333,100.0,0.42833868963024224,0.0,-1.3654848800834203,0.0,51.0,77.5,52.75
5529,志嘉,建材營造業,6.35,2020-09-28,2020Q2,0.0,0.0,77.98,100.0,269.2433333333333,100.0,-14.261560957777371,0.0,0.0,0.0,50.0,75.0,52.5
8042,金山電,電子零組件業,34.2,2020-09-28,2020Q2,0.0,0.0,130.0,100.0,-3.72,0.0,4.1362989353867885,0.0,41.57805606944642,100.0,50.0,75.0,52.5
3708,上緯投控,綠能環保,141.5,2020-09-28,2020Q2,18.5,31.181759794476548,-28.92,0.0,91.02333333333333,100.0,7.922981036691636,14.614905183458177,1.7817975989533552,100.0,48.5803257203257,71.45081430081426,52.45549318704781
4207,環泰,食品工業,11.45,2020-09-28,2020Q2,0.0,0.0,260.0,100.0,-3.8066666666666666,0.0,8.925471453192495,19.627357265962473,3.910264013354419,100.0,38.0,45.0,52.44410358989437
2641,正德,航運業,7.89,2020-09-28,2020Q2,0.0,0.0,25.0,50.0,3.766666666666667,18.833333333333336,21.90051060201121,84.50255301005605,3.1136260751471254,100.0,34.0,35.0,52.442049618175076
6294,智基,文化創意業,111.0,2020-09-28,2020Q2,0.0,0.0,10.89,21.78,13.426666666666668,67.13333333333334,35.17483345351227,100.0,1.0217145821888542,74.53065459840775,34.0,35.0,52.27779758634822
5287,數字,數位雲端,204.5,2020-09-28,2020Q2,0.0,0.0,10.3,20.6,5.45,27.250000000000004,50.77045973043048,100.0,1.196021093890067,99.43158484143815,47.0,67.5,52.23631696828763
8403,盛弘,生技醫療業,35.55,2020-09-28,2020Q2,0.0,0.0,-57.65,0.0,44.123333333333335,100.0,9.2825819465905,21.412909732952503,4.987724952994896,100.0,56.0,90.0,52.211936459942876
8150,南茂,半導體業,28.3,2020-09-28,2020Q2,8.68,100.0,-14.36,0.0,5.706666666666666,28.53333333333333,15.33651356090617,51.68256780453084,2.2086518850709065,100.0,54.8852681238408,87.213170309602,52.180368868306495
2882,國泰金,金融保險業,38.55,2020-09-28,2020Q2,9.22,70.85836909871244,-11.02,0.0,53.73333333333333,100.0,11.777569701648309,33.88784850824155,3.246856102956756,100.0,7.49792904548912,0.0,52.16901418610748
3037,欣興,電子零組件業,77.5,2020-09-28,2020Q2,27.29,0.0,98.41,100.0,2.3733333333333335,11.866666666666667,5.142101235488396,0.7105061774419807,3.5967936837749437,100.0,38.6577440495705,46.64436012392626,52.14434527234226
6141,柏承,電子零組件業,24.1,2020-09-28,2020Q2,6.31,100.0,-47.06,0.0,13.333333333333334,66.66666666666667,6.359350603635128,6.796753018175639,2.9594941539742567,100.0,51.0876751422452,77.719187855613,52.124765071620985
2331,精英,電腦及週邊設備業,13.0,2020-09-28,2020Q2,27.08,0.0,105.26,100.0,-5.1466666666666665,0.0,0.524308897966282,0.0,41.43131251275771,100.0,48.4279047207839,71.06976180195976,52.10697618019598
6156,松上,電子零組件業,18.2,2020-09-28,2020Q2,0.0,0.0,97.22,100.0,4.066666666666666,20.333333333333332,4.60016219184776,0.0,4.417560719902149,100.0,32.0,30.0,52.06666666666666
3324,雙鴻,其他電子業,231.5,2020-09-28,2020Q2,0.0,0.0,14.0,28.000000000000004,29.91333333333333,100.0,12.100486001151472,35.502430005757354,0.9601530737178254,65.73615338826077,46.0,65.0,51.97259517851575
1217,愛之味,食品工業,7.46,2020-09-28,2020Q2,35.52,0.0,275.0,100.0,-6.079999999999999,0.0,6.012545511190057,5.062727555950284,1.3811760010642544,100.0,44.503634521029,61.2590863025725,51.885317763649795
1457,宜進,紡織纖維,13.65,2020-09-28,2020Q2,6.09,100.0,117.31,100.0,-52.43333333333334,0.0,57.51442331733173,100.0,-0.05669441650098616,0.0,27.3211769546578,18.302942386644503,51.83029423866445
3008,大立光,光電業,3365.0,2020-09-28,2020Q2,15.91,62.05085682697623,0.9,1.8000000000000003,-11.93,0.0,59.298786982616846,100.0,1.2211896775941318,100.0,76.4837717088396,100.0,51.655085682697624
6005,群益證,金融保險業,10.85,2020-09-28,2020Q2,10.43,60.47210300429185,-26.83,0.0,63.919999999999995,100.0,11.92039209346433,34.601960467321646,6.216644850531636,100.0,21.3600025085347,3.400006271336746,51.57750499766111
2379,瑞昱,半導體業,367.0,2020-09-28,2020Q2,25.94,23.247007085267523,13.07,26.14,34.09,100.0,10.275063903457314,26.375319517286567,1.0603673493371668,80.05247847673812,30.790408985949,26.9760224648725,51.524096577954616
2426,鼎元,光電業,15.1,2020-09-28,2020Q2,10.86,89.96683250414594,376.19,100.0,7.510000000000001,37.550000000000004,-2.0017957596786684,0.0,0.2322912929326122,0.0,62.6659986474727,100.0,51.506683250414596
4956,光鋐,光電業,17.85,2020-09-28,2020Q2,0.0,0.0,64.71,100.0,16.506666666666664,82.53333333333333,-3.13201905606661,0.0,0.0,0.0,71.2774654231802,100.0,51.50666666666667
3332,幸康,電子零組件業,33.0,2020-09-28,2020Q2,0.0,0.0,0.0,0.0,18.669999999999998,93.35,8.77524879298453,18.876243964922654,1.2156898972729289,100.0,80.0,100.0,51.5014365947384
3523,迎輝,光電業,14.05,2020-09-28,2020Q2,0.0,0.0,53.85,100.0,380.75,100.0,-27.57816073242013,0.0,0.0,0.0,46.0,65.0,51.5
8027,鈦昇,電機機械,71.1,2020-09-28,2020Q2,0.0,0.0,750.0,100.0,62.93333333333334,100.0,4.889643078075607,0.0,-1.536008053625359,0.0,46.0,65.0,51.5
6409,旭隼,其他電子業,990.0,2020-09-28,2020Q2,35.13,0.0,21.57,43.14,14.056666666666667,70.28333333333333,21.30890561475303,81.54452807376515,0.855730495811333,50.81864225876186,37.0506764698639,42.626691174659754,51.49974344694979
3444,利機,電子通路業,33.4,2020-09-28,2020Q2,0.0,0.0,15.38,30.760000000000005,8.606666666666667,43.03333333333333,13.248050348884938,41.24025174442469,1.673036021166902,100.0,56.0,90.0,51.48270442833037
1612,宏泰,電器電纜,13.9,2020-09-28,2020Q2,27.8,0.0,-29.79,0.0,40.52333333333333,100.0,6.907630010966377,9.538150054831886,1.6641665626290467,100.0,80.9934622405576,100.0,51.43072250822478
1519,華城,電機機械,42.6,2020-09-28,2020Q2,24.2,25.514403292181086,61.29,100.0,38.88333333333333,100.0,4.198397158769209,0.0,-4.387483079005661,0.0,35.4902453682355,38.72561342058874,51.42400167127698
4556,旭然,其他業,37.45,2020-09-28,2020Q2,0.0,0.0,25.0,50.0,8.776666666666666,43.88333333333333,7.148852499786276,10.74426249893138,1.4252529485721128,100.0,54.0,85.0,51.388306041506375
2881,富邦金,金融保險業,41.3,2020-09-28,2020Q2,6.98,90.08583690987125,24.44,48.88,137.02666666666667,100.0,18.524075869343015,67.62037934671508,-2.632734540360297,0.0,6.72898768579441,0.0,51.37164059299438
2515,中工,建材營造業,7.73,2020-09-28,2020Q2,29.73,0.0,50.0,100.0,22.313333333333333,100.0,2.4852915208367263,0.0,-2.5040243950791723,0.0,45.3775415501162,63.4438538752905,51.34438538752905
3379,彬台,電機機械,10.85,2020-09-28,2020Q2,0.0,0.0,214.85,100.0,129.5633333333333,100.0,-41.63894015931611,0.0,-0.28654930858806404,0.0,45.0,62.5,51.25
6435,大中,半導體業,91.0,2020-09-28,2020Q2,0.0,0.0,-32.25,0.0,40.11333333333334,100.0,7.585647930036887,12.928239650184437,1.586368846894372,100.0,57.0,92.5,51.18923594752766
2204,中華,汽車工業,42.0,2020-09-28,2020Q2,0.0,0.0,27800.0,100.0,8.146666666666667,40.733333333333334,6.046385136120435,5.231925680602174,0.753223026044363,36.17471800633757,79.1823494175603,100.0,51.16639912002451
1535,中宇,電機機械,31.6,2020-09-28,2020Q2,26.33,14.557613168724304,40.48,80.96,1.6833333333333336,8.416666666666668,0.6100292045911169,0.0,2.2185099427948787,100.0,51.0822324310813,77.70558107770326,51.14965275797609
6642,富致,電子零組件業,35.55,2020-09-28,2020Q2,0.0,0.0,-4.31,0.0,10.44,52.2,20.737336528863644,78.68668264431821,1.158437097466724,94.06244249524629,75.0,100.0,51.05549089569699
1906,寶隆,造紙工業,13.9,2020-09-28,2020Q2,25.74,10.336408030385247,-32.1,0.0,35.550000000000004,100.0,0.9046767557823425,0.0,1.3012140064634043,100.0,65.562451544435,100.0,51.03364080303852
4933,友輝,光電業,28.35,2020-09-28,2020Q2,0.0,0.0,-5.56,0.0,27.80666666666667,100.0,6.334569737473002,6.67284868736501,1.513888053868815,100.0,76.0,100.0,51.00092730310475
9943,好樂迪,觀光餐旅,61.5,2020-09-28,2020Q2,14.44,95.83645911477869,-37.12,0.0,-7.1933333333333325,0.0,20.552525698783803,77.76262849391901,1.701411548794668,100.0,58.8875428044327,97.21885701108175,50.96992588667389
9911,櫻花,居家生活,46.85,2020-09-28,2020Q2,11.86,67.17877094972067,-7.05,0.0,6.890000000000001,34.45,14.811331864026196,49.05665932013098,1.461849417303851,100.0,63.9554275695081,100.0,50.966375992991715
9946,三發地產,建材營造業,18.15,2020-09-28,2020Q2,6.53,100.0,-81.91,0.0,-72.57333333333334,0.0,20.329773064366357,76.64886532183178,2.7524476031619405,100.0,57.6904824295,94.22620607375,50.919950405649764
8481,政伸,其他業,67.5,2020-09-28,2020Q2,20.09,32.959510632100205,-4.05,0.0,25.656666666666666,100.0,21.484859364763274,82.42429682381636,0.6836186337378769,26.231233391125276,63.3854295317407,100.0,50.90584226500753
8416,實威,資訊服務業,105.0,2020-09-28,2020Q2,0.0,0.0,14.91,29.82,-9.97,0.0,22.84601422684915,89.23007113424575,1.9612265333922723,100.0,68.0,100.0,50.83951067013686
3416,融程電,電腦及週邊設備業,73.2,2020-09-28,2020Q2,23.46,12.283533900792488,-12.57,0.0,22.10666666666667,100.0,16.366343056425727,56.831715282128634,0.8827150405839734,54.67357722628192,76.2404492039142,100.0,50.68782612765493
5604,中連貨,其他業,59.2,2020-09-28,2020Q2,0.0,0.0,-91.48,0.0,293.63,100.0,51.7807071260515,100.0,0.6986808659829958,28.38298085471369,63.0,100.0,50.67659617094274
1734,杏輝,生技醫療業,37.65,2020-09-28,2020Q2,104.58,0.0,450.0,100.0,-1.3133333333333332,0.0,-1.0223831996497996,0.0,1.6909265971907568,100.0,42.6053837052642,56.513459263160506,50.651345926316054
5546,永固-KY,建材營造業,69.9,2020-09-28,2020Q2,10.29,80.51991897366644,157.22,100.0,0.0,0.0,19.54131125143498,72.70655625717491,-0.6531571697218078,0.0,46.5048833393285,66.26220834832125,50.584196170775
9925,新保,其他業,36.35,2020-09-28,2020Q2,15.8,57.952228371686566,15.0,30.0,3.0866666666666664,15.433333333333332,11.684364111387996,33.42182055693998,1.6257612694871495,100.0,56.742041864773,91.8551046619325,50.58067305356957
3167,大量,電機機械,43.8,2020-09-28,2020Q2,20.56,44.23868312757202,-8.26,0.0,52.04333333333333,100.0,6.843226100297785,9.216130501488925,2.102035984848485,100.0,39.0019120095478,47.5047800238695,50.55676589036749
5469,瀚宇博,電子零組件業,39.05,2020-09-28,2020Q2,6.82,100.0,14.67,29.34,5.830000000000001,29.150000000000002,9.924139996327018,24.620699981635088,1.639003457585374,100.0,34.3984929219348,35.99623230483701,50.457728227728964
4167,松瑞藥,生技醫療業,32.75,2020-09-28,2020Q2,0.0,0.0,321.05,100.0,10.59,52.949999999999996,7.514911398133127,12.574556990665636,0.6026276453465502,14.66109219236432,60.0,100.0,50.408401987072715
2108,南帝,橡膠工業,49.6,2020-09-28,2020Q2,17.97,98.24308755760369,-8.09,0.0,-5.343333333333334,0.0,19.066016924162284,70.33008462081142,1.8340681091116458,100.0,69.6839750666044,100.0,50.37382144888208
6184,大豐電,其他業,40.8,2020-09-28,2020Q2,12.52,77.06087969705796,-7.79,0.0,-1.5466666666666666,0.0,28.425585221974497,100.0,3.0071775907062084,100.0,50.5768284742497,76.44207118562424,50.350295088268226
6667,信紘科,其他電子業,59.6,2020-09-28,2020Q2,0.0,0.0,558.82,100.0,-3.793333333333333,0.0,5.445478549959277,2.227392749796384,1.5122180212641783,100.0,40.0,50.0,50.33410891246946
1907,永豐餘,造紙工業,17.15,2020-09-28,2020Q2,8.09,100.0,187.5,100.0,-7.8566666666666665,0.0,6.410757339659357,7.053786698296785,0.8906895790171107,55.812797002444384,32.2505374720078,30.626343680019495,50.283261773235346
2033,佳大,鋼鐵工業,9.9,2020-09-28,2020Q2,19.8,48.53958493466563,250.0,100.0,-3.0133333333333336,0.0,1.6604127579737333,0.0,0.8647667453258304,52.10953504654721,82.7463944831948,100.0,50.27586550277601
3673,TPK-KY,光電業,48.7,2020-09-28,2020Q2,41.27,0.0,347.37,100.0,0.0,0.0,0.9555902342533272,0.0,13.333219198775403,100.0,40.8884940857026,52.22123521425649,50.22212352142565
1264,德麥,食品工業,217.0,2020-09-28,2020Q2,0.0,0.0,-0.73,0.0,13.24,66.2,16.877743169922475,59.388715849612375,1.130247929566058,90.03541850943685,60.0,100.0,50.15539107932923
3260,威剛,半導體業,53.7,2020-09-28,2020Q2,0.0,0.0,176.67,100.0,29.416666666666668,100.0,8.425811402936237,17.129057014681184,-0.2958538489903043,0.0,30.0,25.0,50.069358552202175
1240,茂生農經,農業科技業,58.3,2020-09-28,2020Q2,0.0,0.0,-14.16,0.0,26.19333333333333,100.0,6.387882324462783,6.939411622313915,1.8701154459844196,100.0,56.0,90.0,50.04091174334709
4973,廣穎,半導體業,21.6,2020-09-28,2020Q2,0.0,0.0,-59.52,0.0,26.673333333333336,100.0,0.9848032828805573,0.0,18.72439984996249,100.0,65.0,100.0,50.0
3663,鑫科,其他電子業,18.2,2020-09-28,2020Q2,0.0,0.0,-78.63,0.0,20.540000000000003,100.0,3.040122790608437,0.0,1.6302483954730294,100.0,66.0,100.0,50.0
2547,日勝生,建材營造業,10.15,2020-09-28,2020Q2,14.93,49.18973666441593,135.29,100.0,33.79,100.0,2.437729195720491,0.0,-11.6944858931481,0.0,19.4138321331493,0.0,49.918973666441595
2387,精元,電腦及週邊設備業,65.2,2020-09-28,2020Q2,40.5,0.0,1300.0,100.0,87.25666666666666,100.0,6.267980242259444,6.339901211297221,-1.5101357219065579,0.0,35.597565461275,38.993913653187505,49.85037654701333
1321,大洋,塑膠工業,34.15,2020-09-28,2020Q2,14.05,62.07759699624531,4750.0,100.0,6.390000000000001,31.95,1.8437962257850111,0.0,0.6498278029336586,21.403971847665517,51.6751064912543,79.18776622813574,49.79733069197121
3322,建舜電,電子零組件業,7.8,2020-09-28,2020Q2,0.0,0.0,60.47,100.0,21.033333333333335,100.0,-1.1529981477579179,0.0,0.0,0.0,39.0,47.5,49.75
6127,九豪,電子零組件業,15.55,2020-09-28,2020Q2,0.0,0.0,71.96,100.0,33.15333333333333,100.0,3.092915100178947,0.0,0.0,0.0,39.0,47.5,49.75
8440,綠電,綠能環保,19.05,2020-09-28,2020Q2,0.0,0.0,116.67,100.0,-3.2366666666666664,0.0,1.1080358428774493,0.0,1.0156647738398277,73.66639626283254,88.0,100.0,49.733279252566504
4763,材料*-KY,化學工業,144.0,2020-09-28,2020Q2,16.82,65.09338717819283,79.12,100.0,0.0,0.0,21.344531520650172,81.72265760325087,0.3571084487818803,0.0,43.7349977087065,59.33749427176625,49.70148678548353
1442,名軒,建材營造業,19.6,2020-09-28,2020Q2,42.61,0.0,116.67,100.0,852.8566666666666,100.0,4.336854026639092,0.0,-29.966780238500853,0.0,38.6300102845862,46.57502571146549,49.65750257114655
4107,邦特,生技醫療業,134.5,2020-09-28,2020Q2,0.0,0.0,-12.32,0.0,4.6466666666666665,23.233333333333334,30.44623378509356,100.0,1.2434270046712579,100.0,75.0,100.0,49.64666666666667
2393,億光,光電業,36.0,2020-09-28,2020Q2,16.51,58.73410724156992,47.83,95.66,10.34,51.7,4.9299019718664265,0.0,-0.7849565225075555,0.0,58.0631460680399,95.15786517009974,49.64419724116697
3593,力銘,電子零組件業,10.7,2020-09-28,2020Q2,0.0,0.0,97.65,100.0,88.55,100.0,2.560831130957806,0.0,0.0,0.0,38.4863105157266,46.2157762893165,49.62157762893165
4205,中華食,食品工業,89.1,2020-09-28,2020Q2,0.0,0.0,26.45,52.900000000000006,3.533333333333333,17.666666666666668,24.56463798320675,97.82318991603375,0.7866076048410505,40.943943548721506,71.0,100.0,49.620600530482704
5258,虹堡,電腦及週邊設備業,20.55,2020-09-28,2020Q2,5.91,100.0,142.36,100.0,9.186666666666666,45.93333333333332,5.807640314085634,4.03820157042817,-1.3848614931350773,0.0,39.1685963062402,47.921490765600495,49.58454597879094
8464,億豐,居家生活,340.5,2020-09-28,2020Q2,21.77,0.0,4.22,8.44,5.27,26.349999999999994,26.795632432931416,100.0,1.183839198522929,97.69131407470417,50.3611641300876,75.90291032521901,49.508553847462736
3272,東碩,電腦及週邊設備業,61.4,2020-09-28,2020Q2,0.0,0.0,224.44,100.0,34.370000000000005,100.0,2.6843315932617964,0.0,-0.04593042890915231,0.0,38.0,45.0,49.5
2461,光群雷,其他電子業,15.6,2020-09-28,2020Q2,0.0,0.0,82.35,100.0,1.3866666666666667,6.933333333333333,3.614809657170606,0.0,3.975836392239119,100.0,32.1589534941506,30.397383735376504,49.42640504020432
2850,新產,金融保險業,34.8,2020-09-28,2020Q2,6.72,92.3175965665236,12.31,24.62,7.083333333333333,35.416666666666664,10.186433156835719,25.932165784178597,1.2207348230793937,100.0,32.1174746112114,30.293686528028495,49.38928651041533
4572,駐龍,電機機械,78.7,2020-09-28,2020Q2,20.66,43.72427983539096,-71.32,0.0,-64.92666666666666,0.0,25.6494133950498,100.0,1.6424495171202809,100.0,80.6545159765148,100.0,49.3724279835391
5607,遠雄港,航運業,26.5,2020-09-28,2020Q2,10.27,96.13165486493574,-1.41,0.0,-18.9,0.0,36.23564558536272,100.0,1.9774318486518696,100.0,38.9807564600692,47.451891150173005,49.35835460151087
2404,漢唐,其他電子業,193.0,2020-09-28,2020Q2,11.46,76.23109108464756,26.92,53.839999999999996,151.26,100.0,13.698559453614969,43.492797268074845,-0.7072129456701945,0.0,26.7975484050223,16.993871012555754,49.30641579993156
5484,慧友,光電業,9.94,2020-09-28,2020Q2,0.0,0.0,58.73,100.0,14.230000000000002,71.15000000000002,-37.94880062807554,0.0,0.0,0.0,79.4098854830518,100.0,49.230000000000004
4911,德英,生技醫療業,38.7,2020-09-28,2020Q2,0.0,0.0,38.46,76.92,135.38333333333333,100.0,-103.83732371269268,0.0,0.0,0.0,97.0,100.0,49.230000000000004
3706,神達,電腦及週邊設備業,28.05,2020-09-28,2020Q2,9.95,91.59084238332844,19.77,39.54,21.95,100.0,-0.06905987022598864,0.0,-0.21620851432270446,0.0,70.1989577194855,100.0,49.04408423833284
2809,京城銀,,36.95,2020-09-28,2020Q2,8.95,90.33333333333334,160.29,100.0,0.0,0.0,69.91041402085762,100.0,0.0,0.0,13.5785764175695,0.0,49.03333333333333
8039,台虹,電子零組件業,49.0,2020-09-28,2020Q2,16.9,39.83050847457628,-8.4,0.0,11.793333333333331,58.966666666666654,9.736947950945202,23.68473975472601,3.806878011423466,100.0,58.7392542110478,96.8481355276195,49.01390869676181
6264,富裔,建材營造業,7.77,2020-09-28,2020Q2,0.0,0.0,54.72,100.0,2065.603333333333,100.0,-22.27916479102462,0.0,0.0,0.0,36.0,40.0,49.0
4130,健亞,生技醫療業,31.95,2020-09-28,2020Q2,0.0,0.0,-3.03,0.0,16.733333333333334,83.66666666666667,13.263656933520096,41.31828466760048,1.0619260438349456,80.27514911927794,88.0,100.0,48.986105857328994
2838,聯邦銀,金融保險業,10.0,2020-09-28,2020Q2,9.35,69.74248927038627,-9.38,0.0,8.193333333333333,40.96666666666667,23.398222439215786,91.99111219607893,8.959341644613819,100.0,7.5561179750495,0.0,48.9662490897838
2468,華經,資訊服務業,13.0,2020-09-28,2020Q2,18.84,22.874493927125506,15.38,30.760000000000005,8.963333333333333,44.81666666666666,2.2412433157084974,0.0,2.0633975313385524,100.0,70.9311610555452,100.0,48.94078272604589
3694,海華,通信網路業,29.55,2020-09-28,2020Q2,34.76,15.219077161690574,175.0,100.0,24.673333333333336,100.0,2.7210259797120036,0.0,-1.399683815803426,0.0,29.6167213812102,24.041803453025505,48.92608806147161
2031,新光鋼,鋼鐵工業,30.6,2020-09-28,2020Q2,47.08,0.0,416.67,100.0,29.150000000000002,100.0,0.5406188065623119,0.0,-2.2380997138500742,0.0,35.1409930896812,37.85248272420301,48.785248272420304
1781,合世,生技醫療業,26.25,2020-09-28,2020Q2,0.0,0.0,122.35,100.0,94.99000000000001,100.0,2.4911841656239333,0.0,-1.0428137993032924,0.0,35.0,37.5,48.75
8480,泰昇-KY,,117.5,2020-09-28,2020Q2,11.46,73.6,41.6,83.2,0.0,0.0,18.918219070780133,69.59109535390067,0.0,0.0,61.8763489490511,100.0,48.5986643030851
6654,天正國際,其他電子業,50.5,2020-09-28,2020Q2,0.0,0.0,-32.0,0.0,137.98666666666668,100.0,14.646045378898458,48.23022689449229,0.9484449549390351,64.06356499129073,54.0,85.0,48.54724703243199
8121,越峰,電子零組件業,15.05,2020-09-28,2020Q2,0.0,0.0,180.0,100.0,-3.346666666666667,0.0,4.85691342695143,0.0,2.172047296399628,100.0,34.0,35.0,48.5
4938,和碩,電腦及週邊設備業,62.2,2020-09-28,2020Q2,7.02,100.0,79.35,100.0,12.33,61.650000000000006,1.0173374979758458,0.0,-3.6195227864891533,0.0,24.348562023409,10.871405058522496,48.417140505852245
4532,瑞智,電機機械,19.6,2020-09-28,2020Q2,17.35,60.75102880658436,-19.54,0.0,21.333333333333332,100.0,5.175519859000977,0.8775992950048873,5.695662949900576,100.0,28.6973039487881,21.74325987197025,48.38106876210619
3705,永信,生技醫療業,43.15,2020-09-28,2020Q2,14.38,83.13182980702163,13.57,27.140000000000004,-5.699999999999999,0.0,12.895826285779496,39.47913142889748,1.3613723034689647,100.0,49.2099403003774,73.0248507509435,48.32253777013114
3024,憶聲,光電業,11.4,2020-09-28,2020Q2,63.33,0.0,-14.29,0.0,18.293333333333333,91.46666666666667,1.7587178501071337,0.0,1.431757635834211,100.0,68.5055856481512,100.0,48.29333333333334
6281,全國電,電子通路業,68.8,2020-09-28,2020Q2,14.64,19.402319357716323,9.74,19.48,19.993333333333336,99.96666666666668,3.826931834928192,0.0,3.3111582441268324,100.0,25.8679669391433,14.669917347858252,48.2705570038908
5299,杰力,半導體業,103.0,2020-09-28,2020Q2,0.0,0.0,5.45,10.9,3.396666666666667,16.983333333333334,21.395856916459135,81.97928458229568,1.6187494582141404,100.0,59.0,97.5,48.168559354011016
2617,台航,航運業,17.05,2020-09-28,2020Q2,11.68,88.73590348806714,3.13,6.260000000000001,-21.63,0.0,15.300954402952499,51.50477201476249,1.413417357833981,100.0,66.1567672176042,100.0,48.16430615102109
6121,新普,電腦及週邊設備業,304.5,2020-09-28,2020Q2,0.0,0.0,26.46,52.92,9.103333333333333,45.516666666666666,5.948555428747573,4.742777143737866,2.583779043282647,100.0,40.0,50.0,48.04474990489402
6140,訊達,資訊服務業,23.3,2020-09-28,2020Q2,0.0,0.0,526.92,100.0,95.31333333333333,100.0,3.7374832578608332,0.0,-2.020331715591575,0.0,32.0,30.0,48.0
6246,臺龍,光電業,14.4,2020-09-28,2020Q2,0.0,0.0,100.99,100.0,92.21999999999998,100.0,0.7368875769466143,0.0,-24.253164556962027,0.0,32.0,30.0,48.0
4126,太醫,生技醫療業,70.2,2020-09-28,2020Q2,0.0,0.0,9.61,19.22,2.3200000000000003,11.600000000000001,19.83136850232365,74.15684251161825,1.3672342633713073,100.0,59.0,97.5,47.99852637674274
1323,永裕,塑膠工業,33.3,2020-09-28,2020Q2,9.65,89.61201501877346,15.13,30.260000000000005,-6.766666666666667,0.0,14.495233865818927,47.47616932909463,1.5119319608335426,100.0,37.2203606310343,43.05090157758576,47.95271705900012
6179,亞通,其他業,33.2,2020-09-28,2020Q2,0.0,0.0,243.75,100.0,68.01666666666667,100.0,6.26451747884421,6.322587394221051,-10.697631969626908,0.0,28.0,20.0,47.948388109133155
1256,鮮活果汁-KY,食品工業,266.5,2020-09-28,2020Q2,18.19,47.231638418079115,-19.0,0.0,0.0,0.0,22.627617595764168,88.13808797882083,1.3763503336447052,100.0,61.1365220797265,100.0,47.94387703863104
4102,永日,生技醫療業,27.0,2020-09-28,2020Q2,0.0,0.0,42.22,84.44,13.75,68.75,10.39977921112491,26.99889605562455,-0.5729402591616233,0.0,56.0,90.0,47.909834408343684
6415,矽力*-KY,半導體業,1725.0,2020-09-28,2020Q2,58.99,0.0,32.6,65.2,0.0,0.0,23.062180727999063,90.31090363999532,0.7814358534181751,40.20512191688216,87.2959155087172,100.0,47.88765992937573
2412,中華電,通信網路業,108.0,2020-09-28,2020Q2,25.59,50.775494377665765,-0.46,0.0,-2.5766666666666667,0.0,22.03182244690047,85.15911223450236,1.570289239593308,100.0,71.0869928039417,100.0,47.85141627294193
1471,首利,電子零組件業,7.11,2020-09-28,2020Q2,0.0,0.0,45.08,90.16,117.66000000000001,100.0,-22.30541465427275,0.0,0.0,0.0,41.222897611865,53.0572440296625,47.84572440296625
5203,訊連,資訊服務業,111.0,2020-09-28,2020Q2,25.75,0.0,-13.79,0.0,28.790000000000003,100.0,13.435133695591603,42.17566847795801,0.9013023867843016,57.32891239775738,70.5341338455098,100.0,47.79213275124518
5533,皇鼎,建材營造業,16.05,2020-09-28,2020Q2,64.2,0.0,-25.0,0.0,32.616666666666674,100.0,4.593815366843317,0.0,6.640015262918446,100.0,51.0017791114949,77.50444777873724,47.750444777873724
2427,三商電,資訊服務業,10.4,2020-09-28,2020Q2,13.68,57.6923076923077,77.78,100.0,9.77,48.85,4.302904530939569,0.0,-1.4323676049822673,0.0,48.5168386369801,71.29209659245024,47.668440428475805
4433,興采,紡織纖維,43.45,2020-09-28,2020Q2,0.0,0.0,761.18,100.0,74.59666666666668,100.0,5.557119681207129,2.7855984060356453,0.3607250862458872,0.0,29.0,22.5,47.667839760905345
5284,jpp-KY,其他業,34.0,2020-09-28,2020Q2,14.11,67.79784445091757,14.1,28.199999999999996,0.0,0.0,10.572965363486277,27.864826817431386,3.5565651509901306,100.0,58.6066462100934,96.5166155252335,47.66117002022981
1101,台泥,水泥工業,40.95,2020-09-28,2020Q2,9.66,57.24915986557848,-4.9,0.0,-1.7899999999999998,0.0,26.286818223103598,100.0,1.6858597685535204,100.0,47.6080824968957,69.02020624223924,47.62693661078177
4958,臻鼎-KY,電子零組件業,125.0,2020-09-28,2020Q2,12.22,70.33898305084745,25.93,51.85999999999999,0.0,0.0,6.9097881172997715,9.548940586498858,4.997958356623812,100.0,44.3522961183566,60.8807402958915,47.51931342264872
6411,晶焱,半導體業,79.5,2020-09-28,2020Q2,0.0,0.0,-23.14,0.0,22.383333333333336,100.0,16.907375728329175,59.53687864164587,0.8005641250011636,42.937732143023375,60.0,100.0,47.51807822485156
4729,熒茂,光電業,14.6,2020-09-28,2020Q2,0.0,0.0,126.92,100.0,-9.516666666666666,0.0,-6.7557626287395784,0.0,7.159015942825729,100.0,30.0,25.0,47.5
3010,華立,電子通路業,55.7,2020-09-28,2020Q2,8.36,75.42372881355934,18.95,37.9,7.506666666666667,37.53333333333334,3.569807408586513,0.0,2.151869689035288,100.0,31.6004143438595,29.001035859648756,47.424143133987485
6277,宏正,電腦及週邊設備業,82.5,2020-09-28,2020Q2,5.91,100.0,353.12,100.0,-7.916666666666667,0.0,8.373802365615829,16.869011828079145,-0.7975996859402165,0.0,59.3892200692082,98.47305017302051,47.37765679151393
1707,葡萄王,生技醫療業,173.5,2020-09-28,2020Q2,18.44,64.25249941873983,-5.41,0.0,-0.8866666666666666,0.0,22.975582874656812,89.87791437328406,1.7224417035157797,100.0,49.5487437545706,73.87185938642651,47.29412303650925
1215,卜蜂,食品工業,66.1,2020-09-28,2020Q2,11.56,84.68926553672317,10.59,21.18,6.34,31.7,7.216639689990517,11.083198449952585,1.1978328810758105,99.69041158225865,42.1253090753719,55.31327268842976,47.23581590645992
1582,信錦,電子零組件業,83.9,2020-09-28,2020Q2,10.07,84.35462842242502,21.82,43.64,10.673333333333332,53.36666666666666,16.531666856039088,57.65833428019545,0.5400093288083252,5.715618401189314,49.672116868367,74.1802921709175,47.228699214934764
2440,太空梭,電子零組件業,11.65,2020-09-28,2020Q2,17.92,33.181225554106895,340.74,100.0,9.613333333333335,48.06666666666668,1.690994479184943,0.0,0.003473912466256583,0.0,56.9620285951098,92.4050714877745,47.17196303752148
4147,中裕,生技醫療業,91.1,2020-09-28,2020Q2,0.0,0.0,73.91,100.0,8.326666666666668,41.63333333333334,9.916126317400202,24.58063158700101,0.0,0.0,66.0,100.0,47.01376140471682
2115,六暉-KY,汽車工業,40.1,2020-09-28,2020Q2,6.38,100.0,287.6,100.0,0.0,0.0,7.667821346846168,13.339106734230837,0.27868032868032866,0.0,63.8152760216262,100.0,47.00086601013463
1231,聯華食,食品工業,41.15,2020-09-28,2020Q2,12.86,77.34463276836159,17.12,34.24,4.1000000000000005,20.5,6.522214836013163,7.611074180065813,1.432798533694888,100.0,41.8036773348104,54.509193337026005,46.987043737548625
9944,新麗,其他業,22.25,2020-09-28,2020Q2,0.0,0.0,32.26,64.52,-12.986666666666666,0.0,7.648634802254193,13.243174011270966,6.057017444622939,100.0,55.3218389511934,88.3045973779835,46.94693583948899
3276,宇環,電子零組件業,9.3,2020-09-28,2020Q2,0.0,0.0,62.32,100.0,86.32,100.0,-16.297481768558008,0.0,0.0,0.0,27.0,17.5,46.75
3236,千如,電子零組件業,20.4,2020-09-28,2020Q2,0.0,0.0,-54.72,0.0,38.52333333333333,100.0,4.498515610557108,0.0,2.220110032651966,100.0,47.0,67.5,46.75
5213,亞昕,建材營造業,14.95,2020-09-28,2020Q2,0.0,0.0,72.09,100.0,207.0666666666667,100.0,4.086475271557129,0.0,0.0,0.0,27.0,17.5,46.75
1308,亞聚,塑膠工業,17.9,2020-09-28,2020Q2,11.7,76.78347934918649,6.78,13.56,-19.41,0.0,12.565876091198483,37.829380455992414,5.69261737663892,100.0,65.6277553704406,100.0,46.74275500331751
1788,杏昌,生技醫療業,108.0,2020-09-28,2020Q2,0.0,0.0,17.0,34.0,7.5133333333333345,37.56666666666667,10.53584303709184,27.679215185459206,1.4194549065260562,100.0,46.0,65.0,46.66521561115221
5309,系統電,電子零組件業,34.1,2020-09-28,2020Q2,0.0,0.0,33.33,66.66,29.040000000000003,100.0,-16.26812724646202,0.0,0.0,0.0,65.0,100.0,46.665
2543,皇昌,建材營造業,6.9,2020-09-28,2020Q2,62.73,0.0,50.0,100.0,23.26,100.0,0.997789160420363,0.0,-2.0062727935813274,0.0,26.6047157937134,16.511789484283497,46.65117894842835
3033,威健,電子通路業,17.3,2020-09-28,2020Q2,16.17,5.7537912578055295,70.21,100.0,30.483333333333334,100.0,1.8798149036224052,0.0,-0.12883204495632639,0.0,24.1486143988442,10.371535997110497,46.6125327254916
4120,友華,生技醫療業,50.7,2020-09-28,2020Q2,0.0,0.0,34.6,69.2,-21.816666666666666,0.0,10.747116906089564,28.735584530447824,1.7806472305337562,100.0,40.0,50.0,46.61033767956717
1537,廣隆,電機機械,137.0,2020-09-28,2020Q2,12.47,85.85390946502058,-21.14,0.0,-7.093333333333334,0.0,15.644154332402586,53.220771662012936,1.4225553387341572,100.0,62.9508244723126,100.0,46.568506695804004
4927,泰鼎-KY,電子零組件業,72.0,2020-09-28,2020Q2,14.55,55.14993481095175,16.9,33.8,0.0,0.0,11.119796671974642,30.59898335987321,2.3781647300556013,100.0,51.9655856507446,79.9139641268615,46.546237397762305
4306,炎洲,塑膠工業,14.5,2020-09-28,2020Q2,0.0,0.0,275.0,100.0,-17.816666666666666,0.0,4.272583925421266,0.0,8.622102385499756,100.0,26.1758259424569,15.43956485614225,46.543956485614224
4919,新唐,半導體業,41.7,2020-09-28,2020Q2,17.45,64.73247007085267,16.5,33.0,17.28,86.4,6.687006923169776,8.435034615848883,0.667246307696334,23.892329670904854,53.708012933537,84.2700323338425,46.47397136702782
6457,紘康,,56.0,2020-09-28,2020Q2,0.0,0.0,231.4,100.0,0.0,0.0,20.280281422323636,76.40140711161818,0.0,0.0,63.0,100.0,46.46021106674273
5434,崇越,電子通路業,113.0,2020-09-28,2020Q2,10.93,52.4977698483497,18.79,37.58,13.736666666666666,68.68333333333332,5.977091212446957,4.885456062234783,0.8865129964687102,55.21614235267288,45.1517019694577,62.87925492364425,46.445416023735845
6492,生華科,生技醫療業,276.5,2020-09-28,2020Q2,0.0,0.0,32.8,65.6,194.11,100.0,-50009.77917981073,0.0,0.0,0.0,93.0,100.0,46.4
3021,鴻名,電子零組件業,15.2,2020-09-28,2020Q2,12.16,70.73011734028684,-28.38,0.0,13.343333333333334,66.71666666666667,5.668500575551306,3.3425028777565298,1.154717207221601,93.53102960308586,47.0783364421273,67.69584110531825,46.39351053017449
2375,凱美,電子零組件業,37.8,2020-09-28,2020Q2,11.89,72.49022164276401,1566.67,100.0,-3.7133333333333334,0.0,10.686581675149021,28.432908375745107,0.43636779125810204,0.0,59.504721322639,98.7618033065975,46.39013875129792
1615,大山,電器電纜,21.7,2020-09-28,2020Q2,9.43,86.8174204355109,15.94,31.879999999999995,5.079999999999999,25.399999999999995,9.29147716369044,21.457385818452195,0.9001234555305017,57.16049364721453,63.719570193039,100.0,46.38244864576182
4561,健椿,電機機械,23.9,2020-09-28,2020Q2,0.0,0.0,-59.18,0.0,55.696666666666665,100.0,5.173149107917042,0.8657455395852099,11.734713403496563,100.0,45.0,62.5,46.379861830937784
1513,中興電,電機機械,43.1,2020-09-28,2020Q2,23.94,26.851851851851862,40.62,81.24,18.169999999999998,90.84999999999998,8.158577984554809,15.792889922774043,-5.079374906656891,0.0,30.9039578557826,27.2598946394565,46.260108137546936
9926,新海,油電燃氣業,43.0,2020-09-28,2020Q2,20.57,50.60401063058709,6.42,12.839999999999998,-15.146666666666667,0.0,20.54663235424616,77.7331617712308,2.643199522114259,100.0,45.3103818610129,63.27595465253225,46.25797079399655
4550,長佳,電機機械,21.9,2020-09-28,2020Q2,0.0,0.0,-78.89,0.0,54.160000000000004,100.0,1.3933140578642025,0.0,7.562229058872885,100.0,45.0,62.5,46.25
8938,明安,運動休閒,38.3,2020-09-28,2020Q2,0.0,0.0,-59.62,0.0,26.933333333333334,100.0,3.4189203594940496,0.0,2.809832496400604,100.0,45.0,62.5,46.25
8271,宇瞻,半導體業,35.0,2020-09-28,2020Q2,7.9,100.0,48.94,97.88,-3.9866666666666664,0.0,7.339653524443222,11.698267622216111,-1.0157816719225032,0.0,63.18975955717,100.0,46.22474014333241
4432,銘旺實,紡織纖維,16.55,2020-09-28,2020Q2,0.0,0.0,65.91,100.0,11.186666666666667,55.93333333333334,-0.5666448994761479,0.0,0.0,0.0,78.0,100.0,46.18666666666667
2820,華票,金融保險業,14.5,2020-09-28,2020Q2,14.36,26.738197424892718,17.02,34.04,33.97666666666667,100.0,79.80101018786293,100.0,-1.8797670015544976,0.0,12.0476141826562,0.0,46.18381974248927
8436,大江,生技醫療業,263.0,2020-09-28,2020Q2,0.0,0.0,-27.84,0.0,2.6833333333333336,13.416666666666668,24.642021131295973,98.21010565647987,1.3272720377709095,100.0,55.0,87.5,46.16484918180531
6451,訊芯-KY,半導體業,95.7,2020-09-28,2020Q2,15.29,75.28707549474714,11.24,22.48,0.0,0.0,13.074020398805668,40.37010199402834,4.766996144551456,100.0,47.749980847932,69.37495211983,46.14171806056197
1213,大飲,食品工業,0.0,2020-09-28,2020Q2,0.0,0.0,82.93,100.0,15.13,75.65,-21.52951355508556,0.0,0.0,0.0,43.5819368382693,58.95484209567326,46.02548420956733
2608,嘉里大榮,航運業,38.05,2020-09-28,2020Q2,13.03,81.65486493574613,1.49,2.98,3.9066666666666663,19.53333333333333,14.57646746579601,47.88233732898005,1.6763657159828937,100.0,43.8263002039986,59.5657505099965,45.95607881058793
2356,英業達,電腦及週邊設備業,22.3,2020-09-28,2020Q2,11.21,84.19430584091576,54.12,100.0,11.893333333333333,59.46666666666667,0.9615535465175176,0.0,-3.7834827086004554,0.0,22.5634536221298,6.408634055324498,45.95362732295736
8088,品安,半導體業,22.9,2020-09-28,2020Q2,0.0,0.0,-4.76,0.0,13.143333333333333,65.71666666666667,8.600601757676376,18.00300878838188,1.4122914055801068,100.0,68.0,100.0,45.84378465159061
3443,創意,半導體業,265.0,2020-09-28,2020Q2,69.37,0.0,-47.12,0.0,22.133333333333336,100.0,2.1896233432540577,0.0,12.07452233529885,100.0,43.2916034475413,58.22900861885325,45.82290086188532
1796,金穎生技,食品工業,20.8,2020-09-28,2020Q2,0.0,0.0,59.18,100.0,15.783333333333333,78.91666666666667,-0.9593709043250328,0.0,0.0,0.0,40.0,50.0,45.78333333333333
6150,撼訊,電腦及週邊設備業,49.45,2020-09-28,2020Q2,0.0,0.0,51.25,100.0,32.03666666666667,100.0,-2.5097011914368443,0.0,0.0,0.0,23.0,7.5,45.75
6671,三能-KY,居家生活,38.05,2020-09-28,2020Q2,11.39,70.46089385474859,18.18,36.36,0.0,0.0,12.833853136301022,39.1692656815051,0.9794596956906764,68.4942422415252,66.0371357532068,100.0,45.71032768600566
6112,邁達特,資訊服務業,37.8,2020-09-28,2020Q2,14.82,50.0,1.37,2.74,12.88,64.4,4.812616332136487,0.0,1.22778996730339,100.0,48.5534460216898,71.3836150542245,45.70336150542246
6191,精成科,電子零組件業,19.75,2020-09-28,2020Q2,8.33,95.69752281616688,52.17,100.0,1.8,9.0,8.407849370587515,17.039246852937577,-0.6674969258221692,0.0,46.7887803647976,66.971950911994,45.62283440075672
8083,瑞穎,電機機械,182.0,2020-09-28,2020Q2,0.0,0.0,1.81,3.62,10.63,53.150000000000006,27.237353146937494,100.0,0.8440825448687405,49.15464926696293,57.0,92.5,45.615929853392586
9908,大台北,油電燃氣業,30.9,2020-09-28,2020Q2,19.43,56.11258758154144,-12.16,0.0,-24.74666666666667,0.0,18.330455401155422,66.65227700577712,1.2412309617041632,100.0,61.8798767220956,100.0,45.60910030902071
6216,居易,通信網路業,25.15,2020-09-28,2020Q2,17.34,82.76463745637844,-37.36,0.0,-24.893333333333334,0.0,14.757969303423849,48.789846517119244,1.661464192934727,100.0,79.5010546481224,100.0,45.594940723205724
3026,禾伸堂,電子零組件業,99.5,2020-09-28,2020Q2,17.16,38.13559322033897,22.94,45.88,-2.3233333333333333,0.0,11.449120612708768,32.24560306354384,1.0655027522546676,80.78610746495252,57.1241341187491,92.81033529687275,45.55865480424326
6270,倍微,電子通路業,17.45,2020-09-28,2020Q2,0.0,0.0,30.77,61.53999999999999,24.613333333333333,100.0,3.1325439411948097,0.0,-1.0622203324626942,0.0,69.0,100.0,45.385
2420,新巨,電子零組件業,31.45,2020-09-28,2020Q2,10.81,79.53063885267275,-17.42,0.0,-4.41,0.0,18.421397289815367,67.10698644907683,1.273455822861298,100.0,49.26898164951,73.17245412377501,45.3363572650063
5601,台聯櫃,航運業,24.15,2020-09-28,2020Q2,0.0,0.0,-6.25,0.0,0.24999999999999992,1.2499999999999996,33.908820463271375,100.0,1.7040692989524577,100.0,72.0,100.0,45.25
3489,森寶,建材營造業,12.3,2020-09-28,2020Q2,0.0,0.0,-42.86,0.0,150.1866666666667,100.0,1.8399333965199927,0.0,12.229470566456868,100.0,41.0,52.5,45.25
8917,欣泰,油電燃氣業,64.1,2020-09-28,2020Q2,0.0,0.0,17.24,34.48,-0.6966666666666663,0.0,18.734512860322553,68.67256430161277,1.2565059814153745,100.0,45.0,62.5,45.17088464524191
5871,中租-KY,其他業,128.5,2020-09-28,2020Q2,11.28,84.2848820273813,3.44,6.88,0.0,0.0,39.48892543959431,100.0,1.7758801925386518,100.0,13.3108128820918,0.0,45.14848820273813
6192,巨路,其他電子業,62.5,2020-09-28,2020Q2,10.68,81.25201158673963,-21.12,0.0,-11.113333333333332,0.0,14.359791808063804,46.79895904031902,1.3223380613771376,100.0,62.204334165886,100.0,45.145045014721816
6207,雷科,電子零組件業,23.4,2020-09-28,2020Q2,0.0,0.0,87.72,100.0,-1.0300000000000002,0.0,9.775695337871854,23.878476689359267,0.921610875408161,60.230125058308715,38.0,45.0,45.12779651506563
3130,一零四,數位雲端,145.5,2020-09-28,2020Q2,18.92,100.0,-22.09,0.0,-2.94,0.0,15.66423827005651,53.32119135028255,1.3931182242002373,100.0,48.3962429108219,70.99060727705474,45.09723943024785
2889,國票金,金融保險業,11.55,2020-09-28,2020Q2,11.91,47.768240343347635,10.64,21.28,34.06666666666667,100.0,57.88167304922425,100.0,-3.709962808860633,0.0,11.9867028690328,0.0,45.096824034334766
5514,三豐,建材營造業,18.7,2020-09-28,2020Q2,0.0,0.0,-9.68,0.0,232.07000000000002,100.0,34.91667340601802,100.0,-0.2005012356365972,0.0,81.0,100.0,45.0
6441,廣錠,電腦及週邊設備業,117.0,2020-09-28,2020Q2,0.0,0.0,-75.76,0.0,108.02666666666669,100.0,1.329750079042374,0.0,30.915207006369428,100.0,40.0,50.0,45.0
1315,達新,塑膠工業,52.9,2020-09-28,2020Q2,1.85,100.0,979.92,100.0,-17.433333333333334,0.0,-0.9358300767909155,0.0,-0.0010132043217061261,0.0,89.0953124533295,100.0,45.0
6523,達爾膚,生技醫療業,57.0,2020-09-28,2020Q2,0.0,0.0,-16.37,0.0,-20.64333333333333,0.0,26.761484791349723,100.0,1.9495755280679155,100.0,80.0,100.0,45.0
1516,川飛,其他業,18.65,2020-09-28,2020Q2,25.2,3.1896300611709894,233.33,100.0,9.67,48.35,3.768051362264014,0.0,-3.1289545043687856,0.0,87.708042997772,100.0,44.9889630061171
1436,華友聯,建材營造業,37.75,2020-09-28,2020Q2,14.69,50.81026333558406,21.15,42.3,972.1433333333334,100.0,16.51745981105269,57.58729905526344,-25.36398777566697,0.0,22.6853453471178,6.713363367794497,44.96545752862737
4164,承業醫,生技醫療業,38.25,2020-09-28,2020Q2,13.71,86.24738432922577,-2.54,0.0,-20.80333333333333,0.0,19.21499692292668,71.0749846146334,1.1832346140053667,97.60494485790953,44.2677629387562,60.6694073468905,44.873915831388544
3013,晟銘電,電腦及週邊設備業,13.05,2020-09-28,2020Q2,12.43,77.03257998238921,111.11,100.0,5.463333333333334,27.316666666666666,3.2074063971632345,0.0,0.20260275566340352,0.0,46.6373914074881,66.59347851872026,44.82593918344428
2883,凱基金,金融保險業,8.41,2020-09-28,2020Q2,15.29,18.75536480686697,-61.11,0.0,29.913333333333338,100.0,8.875227718147812,19.37613859073906,29.275675000652477,100.0,5.51549855594217,0.0,44.78195726929756
1721,三晃,化學工業,10.0,2020-09-28,2020Q2,3.77,100.0,3828.57,100.0,-15.563333333333333,0.0,-9.964412099219201,0.0,0.18161308516638466,0.0,59.0403929099896,97.600982274974,44.7600982274974
2493,揚博,電子零組件業,34.55,2020-09-28,2020Q2,13.82,59.90873533246415,42.02,84.04,-1.3800000000000001,0.0,15.214824721205547,51.07412360602773,0.49207081094803157,0.0,61.4374249559269,100.0,44.661992074150575
1102,亞泥,水泥工業,41.4,2020-09-28,2020Q2,10.12,52.8324531925108,-40.55,0.0,-10.200000000000001,0.0,21.971312423671062,84.8565621183553,1.408174338378815,100.0,46.1985062225885,65.49626555647124,44.561356192651495
2706,第一店,觀光餐旅,12.9,2020-09-28,2020Q2,19.25,77.79444861215303,-75.47,0.0,-31.213333333333335,0.0,62.667743391207274,100.0,0.9120989354853198,58.871276497902834,84.1980347596096,100.0,44.55370016079587
1722,台肥,化學工業,50.4,2020-09-28,2020Q2,19.24,52.877334679454826,47.27,94.54,-9.426666666666668,0.0,12.506199449145802,37.53099724572901,0.3594313193507213,0.0,65.1023863494296,100.0,44.552383054804835
6405,悅城,光電業,19.25,2020-09-28,2020Q2,18.33,48.67330016583749,656.25,100.0,-22.17,0.0,-25.019769530696482,0.0,0.662446028373655,23.20657548195071,85.8026370568336,100.0,44.508645112973895
1604,聲寶,電器電纜,21.8,2020-09-28,2020Q2,18.63,25.175879396984936,-51.23,0.0,18.64,93.2,6.704128006763768,8.520640033818841,1.0288164700942652,75.54521001346647,47.6980297039026,69.2450742597565,44.46923337344027
4111,濟生,生技醫療業,23.75,2020-09-28,2020Q2,0.0,0.0,21.31,42.62,-11.293333333333335,0.0,9.715994020926756,23.57997010463378,1.6663032917032017,100.0,68.0,100.0,44.19199551569507
4806,昇華,文化創意業,7.84,2020-09-28,2020Q2,0.0,0.0,34.8,69.6,4157.206666666666,100.0,-55.15136552475652,0.0,0.0,0.0,47.0,67.5,44.15
6641,基士德-KY,綠能環保,62.1,2020-09-28,2020Q2,10.18,84.61785484906873,-24.29,0.0,0.0,0.0,12.56167585969146,37.808379298457304,1.3913966287420716,100.0,60.125673180256,100.0,44.13304237967547
8299,群聯,半導體業,266.0,2020-09-28,2020Q2,0.0,0.0,85.53,100.0,-5.609999999999999,0.0,12.0670814455985,35.3354072279925,0.633328919672013,19.046988524573287,71.0,100.0,44.10970878911353
6612,奈米醫材,生技醫療業,62.2,2020-09-28,2020Q2,0.0,0.0,-18.92,0.0,-20.743333333333336,0.0,23.79816270557408,93.9908135278704,1.5351345968732366,100.0,80.0,100.0,44.09862202918056
5305,敦南,,42.0,2020-09-28,2020Q2,5.15,100.0,705.38,100.0,0.0,0.0,-6.118320830442606,0.0,0.0,0.0,56.2580914769848,90.64522869246201,44.064522869246204
8213,志超,電子零組件業,39.45,2020-09-28,2020Q2,5.88,100.0,116.43,100.0,4.183333333333333,20.916666666666664,4.675961483040701,0.0,-0.049104749126539726,0.0,39.2390350931969,48.09758773299224,43.99309210663256
4571,鈞興-KY,電機機械,68.2,2020-09-28,2020Q2,14.67,74.53703703703705,-11.19,0.0,0.0,0.0,13.59422973705163,42.97114868525816,1.4845215398951859,100.0,70.0519802562985,100.0,43.89937600649243
1712,興農,化學工業,19.5,2020-09-28,2020Q2,12.58,86.4967188288743,-6.25,0.0,7.466666666666666,37.33333333333333,6.674366436886267,8.371832184431334,2.6535856299837137,100.0,45.5489327711953,63.87233192798825,43.75934657001762
3035,智原,半導體業,44.05,2020-09-28,2020Q2,28.98,8.39237722941608,21.31,42.62,2.2066666666666666,11.033333333333333,1.9073786686378682,0.0,1.593222379719679,100.0,67.3915249977017,100.0,43.700904389608276
3360,尚立,電子通路業,14.35,2020-09-28,2020Q2,0.0,0.0,47.27,94.54,-37.46666666666667,0.0,1.1646065201312708,0.0,5.586263390044109,100.0,17.0,0.0,43.635000000000005
6221,晉泰,資訊服務業,41.5,2020-09-28,2020Q2,0.0,0.0,33.64,67.28,28.313333333333333,100.0,8.910780128619756,19.55390064309878,-0.6076225213668609,0.0,35.0,37.5,43.503085096464815
9929,秋雨,其他業,12.8,2020-09-28,2020Q2,2.84,100.0,1172.55,100.0,-45.99,0.0,-4.766277964065862,0.0,-0.036895688070812706,0.0,53.8612127519786,84.6530318799465,43.46530318799465
5345,天揚,其他業,9.62,2020-09-28,2020Q2,0.0,0.0,26.9,53.79999999999999,5195.62,100.0,-793.3383555746879,0.0,0.0,0.0,79.0,100.0,43.449999999999996
2616,山隆,油電燃氣業,29.6,2020-09-28,2020Q2,12.98,87.27953611983571,16.09,32.18,-10.67,0.0,2.1595605429491602,0.0,3.341282864748569,100.0,46.6299484108468,66.574871027117,43.43044071469527
3498,陽程,其他電子業,41.75,2020-09-28,2020Q2,0.0,0.0,123.55,100.0,8.423333333333334,42.11666666666667,2.939957990217099,0.0,0.20595944609297726,0.0,66.0,100.0,43.42333333333333
1590,亞德客-KY,電機機械,636.0,2020-09-28,2020Q2,40.23,0.0,18.01,36.02,0.0,0.0,29.784711995377712,100.0,0.9564512437273363,65.20732053247661,45.3081179383655,63.270294845913746,43.3734935910867
8466,美吉吉-KY,其他業,61.8,2020-09-28,2020Q2,12.64,76.36178269734924,-34.47,0.0,0.0,0.0,13.480177433579218,42.40088716789609,1.874663560565679,100.0,57.4683835369914,93.67095884247848,43.363407229167194
3624,光頡,電子零組件業,24.15,2020-09-28,2020Q2,0.0,0.0,-50.0,0.0,11.983333333333333,59.916666666666664,9.75925632797548,23.7962816398774,1.1224813279060626,88.92590398658038,78.0,100.0,43.33795637663102
1539,巨庭,電機機械,21.7,2020-09-28,2020Q2,63.82,0.0,-73.74,0.0,22.173333333333332,100.0,5.387832260946234,1.9391613047311695,3.0725397760754274,100.0,32.0059099804208,30.014774951052008,43.292351690814876
6026,福邦證,金融保險業,8.7,2020-09-28,2020Q2,0.0,0.0,-36.59,0.0,-3.263333333333333,0.0,37.833479661544594,100.0,5.686250273805426,100.0,53.0,82.5,43.25
1437,勤益控,其他業,22.8,2020-09-28,2020Q2,17.27,49.388290125254876,-81.79,0.0,-2.6733333333333333,0.0,64.08396933838803,100.0,1.00307669874599,71.86809982085572,55.6246319833676,89.061579958419,43.21860697253853
3081,聯亞,通信網路業,241.0,2020-09-28,2020Q2,0.0,0.0,-8.85,0.0,-7.213333333333334,0.0,22.58406965140967,87.92034825704835,2.194823632779016,100.0,79.0,100.0,43.18805223855725
2491,吉祥全,光電業,8.69,2020-09-28,2020Q2,1.57,100.0,66.67,100.0,-38.81,0.0,-15.878409319876175,0.0,0.0,0.0,52.6336691728163,81.58417293204074,43.158417293204074
6530,創威,通信網路業,17.7,2020-09-28,2020Q2,0.0,0.0,14.29,28.58,-0.9566666666666664,0.0,12.916577735768515,39.58288867884258,2.600178624590652,100.0,82.0,100.0,43.082433301826384
8043,蜜望實,電子零組件業,23.5,2020-09-28,2020Q2,0.0,0.0,-90.32,0.0,13.06,65.3,0.4820557379265544,0.0,37.43790589794566,100.0,63.0,100.0,43.06
1210,大成,食品工業,42.25,2020-09-28,2020Q2,13.04,76.32768361581923,22.06,44.12,0.4266666666666666,2.133333333333333,5.100426163572752,0.5021308178637618,1.9864251790437546,100.0,35.5690585272321,38.922646318080254,43.05701928273618
8096,擎亞,電子通路業,11.4,2020-09-28,2020Q2,0.0,0.0,117.86,100.0,14.270000000000001,71.35000000000001,1.1722008522491103,0.0,-3.4637202387975177,0.0,35.0,37.5,43.02
6669,緯穎,電腦及週邊設備業,688.0,2020-09-28,2020Q2,17.31,48.385676548282966,19.56,39.12,36.27333333333333,100.0,5.423501303864649,2.1175065193232445,0.6572073509574732,22.45819299392474,34.25453034696,35.63632586740001,42.99146481825173
9942,茂順,其他業,64.1,2020-09-28,2020Q2,15.23,61.27293912030294,-26.2,0.0,-1.2633333333333334,0.0,14.058456564544056,45.292282822720274,1.5080942777159025,100.0,66.0861916866082,100.0,42.921136335438334
3228,金麗科,半導體業,89.5,2020-09-28,2020Q2,0.0,0.0,25.81,51.62,87.71999999999998,100.0,-10.18205848819561,0.0,0.0,0.0,72.0,100.0,42.905
3169,亞信,半導體業,34.9,2020-09-28,2020Q2,0.0,0.0,-18.94,0.0,-12.046666666666667,0.0,22.066052956249408,85.33026478124704,1.5485731736283126,100.0,72.0,100.0,42.79953971718706
9802,鈺齊-KY,運動休閒,106.0,2020-09-28,2020Q2,14.19,88.21032005225344,-6.23,0.0,0.0,0.0,11.43456404350583,32.17282021752915,1.211861249348941,100.0,56.6047284528525,91.51182113213125,42.79813715106785
8210,勤誠,電腦及週邊設備業,87.1,2020-09-28,2020Q2,11.27,83.84208981508658,3.45,6.9,26.953333333333333,100.0,12.772025538791063,38.86012769395531,0.22651443535055835,0.0,47.3325906599472,68.33147664986801,42.77137580058876
8109,博大,電子零組件業,66.1,2020-09-28,2020Q2,0.0,0.0,-39.17,0.0,2.7466666666666666,13.733333333333334,33.13488338830933,100.0,1.3332967651812684,100.0,40.0,50.0,42.74666666666667
5403,中菲,資訊服務業,50.7,2020-09-28,2020Q2,0.0,0.0,31.25,62.5,12.663333333333334,63.31666666666666,16.200283819840326,56.001419099201634,0.08032972225034592,0.0,44.0,60.0,42.68854619821358
4557,永新-KY,汽車工業,61.0,2020-09-28,2020Q2,13.68,79.57528957528957,-30.31,0.0,0.0,0.0,11.239885100174888,31.19942550087444,1.3727899197706295,100.0,64.0750917404598,100.0,42.63744278266012
8110,華東,半導體業,10.0,2020-09-28,2020Q2,15.15,75.97117029074029,77.5,100.0,-12.229999999999999,0.0,-0.5846183249655866,0.0,0.0,0.0,66.7039087349793,100.0,42.59711702907403
4564,元翎,電機機械,29.6,2020-09-28,2020Q2,19.1,51.74897119341564,-67.2,0.0,-18.853333333333335,0.0,17.637577687815128,63.187888439075635,4.246652948878972,100.0,51.5513974581,78.87849364524999,42.54092974972791
1530,亞崴,電機機械,29.95,2020-09-28,2020Q2,8.37,100.0,199.15,100.0,0.9733333333333327,4.866666666666664,1.7323044519750415,0.0,0.062392733609695564,0.0,46.1319792285621,65.32994807140525,42.506328140473855
8390,金益鼎,綠能環保,21.35,2020-09-28,2020Q2,0.0,0.0,23.53,47.06,-17.536666666666665,0.0,7.261408828558204,11.30704414279102,1.6793349168646081,100.0,56.0,90.0,42.461056621418656
1234,黑松,食品工業,32.35,2020-09-28,2020Q2,16.18,58.58757062146894,-12.5,0.0,6.596666666666667,32.983333333333334,3.0234574830357874,0.0,1.2121071478298744,100.0,76.4150043456599,100.0,42.45542372881356
6655,科定,其他業,44.6,2020-09-28,2020Q2,18.9,39.892222545878255,15.71,31.42,-13.223333333333334,0.0,12.255731483873149,36.27865741936574,3.2199597746048103,100.0,40.3708939081351,50.92723477033776,42.37874434452647
8941,關中,居家生活,38.3,2020-09-28,2020Q2,0.0,0.0,15.38,30.760000000000005,10.186666666666667,50.933333333333344,1.8705336707186815,0.0,3.1600068923925217,100.0,38.0,45.0,42.37666666666667
2701,萬企,觀光餐旅,11.55,2020-09-28,2020Q2,18.33,81.24531132783196,-60.98,0.0,-33.31,0.0,60.06053953364601,100.0,0.8237142126062604,46.24488751518007,83.9778075362385,100.0,42.37350863581921
3570,大塚,資訊服務業,77.3,2020-09-28,2020Q2,0.0,0.0,10.1,20.2,-4.716666666666667,0.0,14.731107188012018,48.65553594006009,1.868782778148337,100.0,67.0,100.0,42.348330391009014
2459,敦吉,其他電子業,41.75,2020-09-28,2020Q2,9.66,87.81783070485999,6.79,13.58,-15.950000000000001,0.0,8.026149653593778,15.13074826796889,4.6609620645781344,100.0,51.3235364271922,78.30884106798051,42.277279417479384
2015,豐興,鋼鐵工業,55.8,2020-09-28,2020Q2,16.32,66.37202152190622,2.59,5.18,-2.4099999999999997,0.0,10.65241941603738,28.262097080186905,1.6055526112303322,100.0,79.3465971588794,100.0,42.17151671421866
4114,健喬,生技醫療業,25.15,2020-09-28,2020Q2,0.0,0.0,4700.0,100.0,11.806666666666667,59.03333333333334,0.9679023213354199,0.0,0.10514248280379954,0.0,41.0,52.5,42.05666666666667
3047,訊舟,通信網路業,14.4,2020-09-28,2020Q2,0.0,0.0,-79.17,0.0,57.946666666666665,100.0,5.025458617163506,0.12729308581752807,14.60856466537551,100.0,28.0614631075597,20.15365776889925,42.03445973976255
4930,燦星網,電器電纜,13.45,2020-09-28,2020Q2,12.45,66.58291457286433,762.5,100.0,7.766666666666666,38.83333333333333,5.496880300033017,2.4844015001650854,-8.095539975089915,0.0,28.8332435311519,22.08310882787975,42.00592923176583
4536,拓凱,運動休閒,141.0,2020-09-28,2020Q2,19.39,65.56716742869584,-42.51,0.0,-0.69,0.0,15.439526769064345,52.197633845321725,2.0711816810954664,100.0,50.4662635652003,76.16565891300075,42.00292771096792
2206,三陽工業,汽車工業,22.6,2020-09-28,2020Q2,17.52,59.80694980694982,-52.96,0.0,22.25333333333333,100.0,4.48666756834484,0.0,0.9529160093788287,64.70228705411839,32.2141820669389,30.53545516734726,41.97469790825338
4129,聯合,生技醫療業,33.15,2020-09-28,2020Q2,0.0,0.0,-100.0,0.0,15.646666666666667,78.23333333333333,-1.9515760567214706,0.0,34.74941792782305,100.0,45.0,62.5,41.89666666666667
1339,昭輝,汽車工業,41.05,2020-09-28,2020Q2,19.93,47.400257400257395,-81.84,0.0,-13.616666666666667,0.0,14.361571775870782,46.807858879353915,7.576083447663627,100.0,66.1528673347173,100.0,41.76120457192883
1477,聚陽,紡織纖維,167.5,2020-09-28,2020Q2,19.99,73.26295585412669,-7.31,0.0,9.043333333333335,45.21666666666667,9.575745003946514,22.878725019732567,0.9693951791611054,67.0564541658722,54.0485529009381,85.12138225234524,41.724866730114854
1410,南染,紡織纖維,33.35,2020-09-28,2020Q2,35.48,13.800383877159316,-4.26,0.0,-4.430000000000001,0.0,18.731284239201194,68.65642119600597,1.6612834829316558,100.0,74.5048047253813,100.0,41.67850156711683
6670,復盛應用,運動休閒,175.5,2020-09-28,2020Q2,12.31,96.39669061615501,-37.66,0.0,-35.23666666666667,0.0,10.117900722241933,25.589503611209665,2.6143890511178096,100.0,52.7992819235565,81.99820480889124,41.677915084186075
4104,佳醫,生技醫療業,55.1,2020-09-28,2020Q2,14.31,83.45733550337131,2.01,4.02,1.196666666666667,5.983333333333335,8.68686089695544,18.434304484777204,1.5596103113916293,100.0,53.352785526148,83.38196381537,41.65074227125738
5904,寶雅,居家生活,540.0,2020-09-28,2020Q2,0.0,0.0,1.67,3.34,14.579999999999998,72.89999999999999,13.282401669282793,41.41200834641396,2.0651893827359666,100.0,17.0,0.0,41.62680125196209
2812,台中銀,金融保險業,10.65,2020-09-28,2020Q2,9.77,66.137339055794,-12.96,0.0,-1.426666666666667,0.0,40.58648287997438,100.0,10.522058432083648,100.0,7.33883133920918,0.0,41.6137339055794
9938,百和,其他業,65.8,2020-09-28,2020Q2,13.03,74.08971744829596,-2.25,0.0,-12.586666666666668,0.0,19.75574095798788,73.7787047899394,2.6444387930724456,100.0,32.4645998131541,31.161499532885255,41.59192741660904
6282,康舒,電子零組件業,24.0,2020-09-28,2020Q2,6.12,100.0,100.0,100.0,1.7633333333333336,8.816666666666668,2.1753699931892525,0.0,0.37498318118061663,0.0,39.278308185356,48.195770463390005,41.582910379672334
8446,華研,文化創意業,99.6,2020-09-28,2020Q2,0.0,0.0,-12.81,0.0,-31.243333333333336,0.0,50.954405097435426,100.0,1.7019677295616475,100.0,46.0,65.0,41.5
4581,光隆精密-KY,汽車工業,36.85,2020-09-28,2020Q2,13.45,80.75933075933077,-41.5,0.0,0.0,0.0,9.26230602687726,21.3115301343863,1.8292509855453352,100.0,61.6616161958543,100.0,41.272662596091024
4439,冠星-KY,紡織纖維,109.5,2020-09-28,2020Q2,8.84,100.0,-44.24,0.0,0.0,0.0,7.23887757578485,11.194387878924248,3.1340612429193007,100.0,58.3479808431226,95.8699521078065,41.26615339261929
4907,富宇,建材營造業,27.85,2020-09-28,2020Q2,0.0,0.0,0.0,0.0,70.13000000000001,100.0,4.0670677961282475,0.0,23.652473516404402,100.0,25.0,12.5,41.25
2832,台產,金融保險業,19.6,2020-09-28,2020Q2,10.48,60.042918454935624,-6.12,0.0,4.146666666666667,20.733333333333338,14.303368485913134,46.51684242956568,1.1120139414423242,87.43056306318918,46.4521436046002,66.1303590115005,41.22763339038297
8341,日友,綠能環保,236.0,2020-09-28,2020Q2,26.11,0.0,3.53,7.06,2.41,12.05,43.381643298676074,100.0,1.1136011318629013,87.65730455184305,38.0567336393449,45.141834098362246,41.22064432020484
6206,飛捷,電腦及週邊設備業,61.4,2020-09-28,2020Q2,13.89,68.46199002054594,-24.91,0.0,-13.193333333333333,0.0,17.262639108977105,61.313195544885524,1.0273950880397829,75.34215543425469,68.2601728875668,100.0,41.111609420638366
5234,達興材料,光電業,79.8,2020-09-28,2020Q2,12.31,81.95135433941404,4.95,9.9,-9.103333333333333,0.0,17.28110810354819,61.405540517740945,0.9153418574381748,59.3345510625964,57.3262977164061,93.31574429101525,41.079451153223346
6662,樂斯科,生技醫療業,34.45,2020-09-28,2020Q2,0.0,0.0,-18.71,0.0,-4.546666666666667,0.0,24.866869659696047,99.33434829848024,1.0660455486542444,80.8636498077492,72.0,100.0,41.07288220632188
4974,亞泰,電子零組件業,50.4,2020-09-28,2020Q2,0.0,0.0,9.58,19.16,0.77,3.85,12.218207420593275,36.091037102966375,1.6951731732256627,100.0,64.0,100.0,40.97365556544496
3045,台灣大,通信網路業,97.1,2020-09-28,2020Q2,21.72,65.78131058549826,-1.31,0.0,4.33,21.65,13.632043627719822,43.16021813859911,2.6258788384518454,100.0,34.0912571456578,35.228142864144495,40.90497806575414
3501,維熹,電子零組件業,45.4,2020-09-28,2020Q2,12.47,68.70925684485006,-32.89,0.0,0.24000000000000007,1.2000000000000004,10.055310023010735,25.276550115053674,1.7320466314069725,100.0,73.4380118840829,100.0,40.90240820174306
4560,強信-KY,電機機械,38.5,2020-09-28,2020Q2,13.56,80.24691358024691,-69.44,0.0,0.0,0.0,8.82232801185145,19.11164005925725,3.3583828026623492,100.0,61.276858812705,100.0,40.89143736691327
2897,王道銀行,金融保險業,6.77,2020-09-28,2020Q2,22.57,0.0,-53.33,0.0,5.82,29.100000000000005,33.63811893423679,100.0,7.156900734921774,100.0,5.67702429031023,0.0,40.82
9939,宏全,其他業,54.7,2020-09-28,2020Q2,10.98,86.03262452665307,7.42,14.84,-9.043333333333333,0.0,10.649593429357278,28.24796714678639,1.2065934175523627,100.0,37.0124737629519,42.53118440737975,40.80357596542124
6672,騰輝電子-KY,電子零組件業,70.2,2020-09-28,2020Q2,10.26,83.11603650586702,0.32,0.64,0.0,0.0,11.041059833360752,30.205299166803755,1.3448793953930398,100.0,51.1903965886237,77.97599147155924,40.7999976727632
6251,定穎,,17.2,2020-09-28,2020Q2,6.44,100.0,2644.44,100.0,0.0,0.0,5.587005275576529,2.9350263778826458,0.0,0.0,41.0495590635729,52.62389765893225,40.70264372257562
5508,永信建,建材營造業,39.3,2020-09-28,2020Q2,0.0,0.0,7.32,14.64,177.11666666666667,100.0,20.991882087784038,79.95941043892019,-3.4325864810820175,0.0,40.0,50.0,40.65391156583803
5903,全家,居家生活,264.5,2020-09-28,2020Q2,0.0,0.0,17.01,34.02,12.14,60.699999999999996,3.0112982605387044,0.0,8.728955795621488,100.0,8.0,0.0,40.645
5288,豐祥-KY,電機機械,96.5,2020-09-28,2020Q2,13.67,79.68106995884774,-51.15,0.0,0.0,0.0,8.619102259110626,18.09551129555313,2.0183205609000487,100.0,59.7263544262246,99.31588606556151,40.614022296773896
3231,緯創,電腦及週邊設備業,29.7,2020-09-28,2020Q2,10.17,90.2993836219548,58.75,100.0,6.553333333333334,32.766666666666666,1.656763128282527,0.0,-2.5431240195459455,0.0,19.8497793108868,0.0,40.583271695528815
2352,佳世達,電腦及週邊設備業,18.45,2020-09-28,2020Q2,12.81,74.80187848547108,-38.78,0.0,12.153333333333334,60.766666666666666,2.9825719464658054,0.0,4.957237315543063,100.0,23.7471458089665,9.367864522416252,40.570307634122074
1218,泰山,食品工業,21.3,2020-09-28,2020Q2,14.9,65.81920903954803,46.0,92.0,0.9066666666666666,4.533333333333333,3.6824818910397643,0.0,-0.40465262193984547,0.0,71.4893468675451,100.0,40.48858757062147
1701,中化,,23.25,2020-09-28,2020Q2,13.52,59.86666666666667,58.9,100.0,0.0,0.0,6.716314708232314,8.581573541161571,0.0,0.0,52.7656658715225,81.91416467880626,40.465319165721525
1583,程泰,電機機械,0.0,2020-09-28,2020Q2,13.06,82.81893004115226,117.61,100.0,-3.2666666666666657,0.0,1.4218821144537293,0.0,0.5999725898568292,14.281798550975603,36.7296366757564,41.82409168939101,40.32066188324945
1584,精剛,其他業,8.95,2020-09-28,2020Q2,0.0,0.0,114.29,100.0,-13.353333333333333,0.0,-3.905990890747197,0.0,0.8598473282442748,51.406761177753545,40.0,50.0,40.28135223555071
8424,惠普,建材營造業,49.85,2020-09-28,2020Q2,0.0,0.0,-35.56,0.0,-7.6066666666666665,0.0,20.216614174274742,76.08307087137372,1.1559577581271072,93.70825116101533,80.0,100.0,40.15411086290912
6201,亞弘電,其他電子業,34.0,2020-09-28,2020Q2,15.89,47.71483746379144,-36.0,0.0,18.023333333333337,90.11666666666669,5.924481681706249,4.6224084085312445,0.731106031299455,33.01514732849357,67.4430133703604,100.0,40.09120780669089
2916,滿心,居家生活,15.8,2020-09-28,2020Q2,0.0,0.0,-78.21,0.0,10.083333333333334,50.416666666666664,1.004174622180512,0.0,11.438288239732673,100.0,73.0,100.0,40.083333333333336
4155,訊映,生技醫療業,28.05,2020-09-28,2020Q2,15.76,76.7147175075564,18.92,37.84,11.126666666666667,55.63333333333333,8.651215497153986,18.256077485769932,-0.05793696529101467,0.0,56.3156329309455,90.78908232736374,40.07545827302417
1229,聯華,食品工業,39.95,2020-09-28,2020Q2,16.17,58.64406779661018,-4.2,0.0,16.400000000000002,82.0,17.386588167097987,61.93294083548994,0.33263100285133945,0.0,53.8945673525222,84.7364183813055,40.027989743115064
2433,互盛電,其他電子業,47.55,2020-09-28,2020Q2,11.98,72.88381074991953,-16.77,0.0,-7.476666666666667,0.0,12.73398667244452,38.669933362222594,3.962593090608192,100.0,47.7087590589338,69.2718976473345,40.01606084405879
1737,臺鹽,食品工業,30.55,2020-09-28,2020Q2,19.84,37.909604519774035,-20.43,0.0,5.173333333333334,25.86666666666667,12.889929235461855,39.44964617730927,1.0268562294260286,75.26517563228981,77.5876288393846,100.0,39.93477583836509
5007,三星,鋼鐵工業,44.85,2020-09-28,2020Q2,20.02,47.412246989495266,-36.55,0.0,-30.766666666666666,0.0,11.91390621097054,34.569531054852696,1.8621541172724783,100.0,77.3562426757581,100.0,39.926654357177426
6118,建達,電子通路業,10.35,2020-09-28,2020Q2,0.0,0.0,116.22,100.0,11.116666666666667,55.58333333333334,0.23991180628660158,0.0,-39.515009746588696,0.0,35.0,37.5,39.86666666666667
3044,健鼎,電子零組件業,111.5,2020-09-28,2020Q2,9.83,85.91916558018254,-3.11,0.0,1.51,7.55,9.17743756084257,20.88718780421285,1.7794931331973847,100.0,46.4558031307845,66.13950782696125,39.84894551134631
3265,台星科,半導體業,22.9,2020-09-28,2020Q2,0.0,0.0,-15.15,0.0,9.84,49.2,-0.05389835762387479,0.0,13.310834253272354,100.0,78.0,100.0,39.84
3164,景岳,生技醫療業,24.0,2020-09-28,2020Q2,58.54,0.0,-47.06,0.0,-9.486666666666666,0.0,23.199391095399246,90.99695547699623,1.0654531853883555,80.7790264840508,84.4617543933016,100.0,39.805348618359595
2423,固緯,其他電子業,22.05,2020-09-28,2020Q2,13.05,65.99613775345993,-44.66,0.0,-18.39,0.0,9.245225117271412,21.226125586357057,2.058937022206043,100.0,71.347564159006,100.0,39.78353261329955
2640,大車隊,數位雲端,83.1,2020-09-28,2020Q2,0.0,0.0,-6.03,0.0,0.13999999999999999,0.7,19.512490502994535,72.56245251497268,1.5927501513226883,100.0,55.0,87.5,39.7743678772459
1817,凱撒衛,玻璃陶瓷,30.4,2020-09-28,2020Q2,11.65,89.40182054616386,11.43,22.86,11.256666666666666,56.28333333333333,10.127202941568024,25.636014707840122,-0.08043419395095304,0.0,64.3159218378875,100.0,39.75725092745907
3583,辛耘,半導體業,55.4,2020-09-28,2020Q2,18.91,57.59833862692402,-45.0,0.0,-17.83666666666667,0.0,10.632644302255176,28.163221511275882,2.4769667170953102,100.0,59.0896623566602,97.7241558916505,39.756732678548836
3680,家登,半導體業,268.0,2020-09-28,2020Q2,0.0,0.0,-3.78,0.0,12.826666666666668,64.13333333333334,16.080840299521714,55.404201497608575,1.0080876299661554,72.58394713802221,36.0,40.0,39.6540863189124
4506,崇友,電機機械,55.6,2020-09-28,2020Q2,0.0,0.0,-3.38,0.0,30.103333333333328,100.0,19.523047812262256,72.61523906131127,0.1299414711220725,0.0,55.0,87.5,39.64228585919669
3050,鈺德,光電業,10.8,2020-09-28,2020Q2,17.7,52.1558872305141,-27.45,0.0,-8.893333333333333,0.0,18.534868257532466,67.67434128766233,1.1635930993456276,94.79901419223252,41.2389606112394,53.0974015280985,39.636282907457115
8021,尖點,其他電子業,21.65,2020-09-28,2020Q2,16.53,43.595107821049226,-4.84,0.0,1.07,5.3500000000000005,10.524301827504631,27.62150913752316,4.6872336107164605,100.0,68.6038421275349,100.0,39.572737152733396
2607,榮運,航運業,13.65,2020-09-28,2020Q2,19.23,49.13453973249409,-19.05,0.0,-9.843333333333334,0.0,11.21214350888635,31.06071754443175,4.924290617692508,100.0,65.9091703601271,100.0,39.57256160491417
6548,長科*,半導體業,37.9,2020-09-28,2020Q2,0.0,0.0,22.37,44.74,-2.5066666666666664,0.0,8.796199811715331,18.980999058576657,1.8565369170114858,100.0,42.0,55.00000000000001,39.532149858786504
3171,新洲,居家生活,21.6,2020-09-28,2020Q2,0.0,0.0,34.62,69.24,8.203333333333333,41.016666666666666,10.044712517405694,25.223562587028468,0.6453085460048626,20.75836371498038,44.0,60.0,39.448540464383676
4128,中天,生技醫療業,86.6,2020-09-28,2020Q2,0.0,0.0,1438.89,100.0,4.43,22.15,-9.305639920477727,0.0,0.07648572700680205,0.0,73.0,100.0,39.43
1752,南光,生技醫療業,39.3,2020-09-28,2020Q2,0.0,0.0,36.36,72.72,-10.206666666666667,0.0,14.572302904219391,47.86151452109696,0.6422767286133474,20.325246944763915,60.0,100.0,39.424276567117325
2059,川湖,電子零組件業,276.5,2020-09-28,2020Q2,19.02,26.010430247718386,-21.65,0.0,8.39,41.95,42.49676219785856,100.0,0.6117636319376826,15.966233133954654,80.4331470756201,100.0,39.18428965156277
1203,味王,食品工業,31.5,2020-09-28,2020Q2,17.21,52.76836158192092,-8.82,0.0,-10.716666666666667,0.0,15.126743218163819,50.63371609081909,1.1255657484091492,89.36653548702132,53.2970290681388,83.24257267034699,39.06945793625392
1341,富林-KY,塑膠工業,58.5,2020-09-28,2020Q2,10.81,82.35294117647058,-12.23,0.0,0.0,0.0,10.429281769819557,27.146408849097785,1.3195311479035354,100.0,46.9840473661434,67.46011841535851,39.05326728654758
9930,中聯資源,綠能環保,44.2,2020-09-28,2020Q2,14.59,56.29415542710341,-15.29,0.0,5.033333333333334,25.16666666666667,8.956533367914282,19.782666839571412,2.289455202728603,100.0,41.6503399327002,54.12584983175049,39.04273388515444
6147,頎邦,半導體業,62.3,2020-09-28,2020Q2,0.0,0.0,-17.76,0.0,-0.956666666666667,0.0,19.76338147685603,73.81690738428016,1.1285091301351833,89.78701859074047,68.0,100.0,39.02993982579012
6210,慶生,電子零組件業,37.3,2020-09-28,2020Q2,0.0,0.0,-12.78,0.0,-18.653333333333332,0.0,17.01428818775955,60.07144093879775,1.6021355027329351,100.0,69.0,100.0,39.01071614081966
6613,朋億,其他電子業,137.0,2020-09-28,2020Q2,0.0,0.0,10.24,20.48,21.679999999999996,100.0,14.838598726237038,49.19299363118519,0.3776832342309359,0.0,46.0,65.0,38.99894904467778
8482,商億-KY,居家生活,105.0,2020-09-28,2020Q2,18.85,18.365921787709482,-49.77,0.0,0.0,0.0,14.522758179092083,47.61379089546042,1.1994760172128778,99.92514531612541,60.1833111207286,100.0,38.963689876315094
9931,欣高,油電燃氣業,41.0,2020-09-28,2020Q2,21.47,46.255134090359995,2.04,4.08,-24.77333333333333,0.0,14.347723903008006,46.73861951504003,2.0530041200476443,100.0,44.6442032088831,61.610508022207746,38.817357138512776
1227,佳格,食品工業,61.0,2020-09-28,2020Q2,15.37,63.16384180790963,13.64,27.279999999999998,8.896666666666667,44.48333333333333,13.55872295186791,42.79361475933955,0.5123263274664164,1.760903923773768,61.7639497060372,100.0,38.80427384611331
4722,國精化,化學工業,27.8,2020-09-28,2020Q2,11.63,91.29227662796566,-13.33,0.0,-16.903333333333332,0.0,8.788044069912887,18.940220349564434,1.08848493120303,84.06927588614715,74.1317571046364,100.0,38.78411589246066
6115,鎰勝,電子零組件業,40.95,2020-09-28,2020Q2,15.69,47.71838331160365,-29.14,0.0,-3.446666666666667,0.0,12.726609706361213,38.63304853180606,6.118228572572092,100.0,52.8452274718727,82.11306867968175,38.77810247889945
2347,聯強,電子通路業,41.25,2020-09-28,2020Q2,9.64,64.00535236396075,10.26,20.52,3.9566666666666666,19.783333333333335,2.3317026168441024,0.0,1.4582451355248223,100.0,33.0741782686109,32.685445671527255,38.75574647021546
3122,笙泉,半導體業,11.6,2020-09-28,2020Q2,0.0,0.0,35.06,70.12,11.066666666666668,55.33333333333334,-9.62815500834283,0.0,0.0,0.0,81.0,100.0,38.59666666666667
8049,晶采,光電業,19.0,2020-09-28,2020Q2,0.0,0.0,-5.6,0.0,-4.456666666666666,0.0,18.318943282182214,66.59471641091108,1.1490655986424396,92.72365694891995,71.0,100.0,38.53393885142065
6228,全譜,電腦及週邊設備業,7.99,2020-09-28,2020Q2,0.0,0.0,23.81,47.62,57.54666666666666,100.0,-24.365175332527205,0.0,0.0,0.0,46.0,65.0,38.405
9941,裕融,其他業,97.5,2020-09-28,2020Q2,13.05,73.97320128167783,3.47,6.94,2.75,13.750000000000002,13.587798259314093,42.938991296570464,2.3999950680703632,100.0,8.84251521929943,0.0,38.32316882265335
6117,迎廣,電腦及週邊設備業,17.55,2020-09-28,2020Q2,0.0,0.0,86.29,100.0,8.336666666666666,41.68333333333333,-2.0771723428432143,0.0,0.0,0.0,39.6072911609424,49.018227902356,38.238489456902265
3048,益登,電子通路業,17.25,2020-09-28,2020Q2,8.37,75.33452274754686,67.8,100.0,5.703333333333333,28.51666666666667,1.1750800266645252,0.0,-6.212399499247516,0.0,17.9117335674195,0.0,38.23678560808802
3031,佰鴻,光電業,13.3,2020-09-28,2020Q2,12.31,81.95135433941404,-45.28,0.0,-26.05,0.0,2.7335443211443,0.0,4.011763773913732,100.0,77.2373461670338,100.0,38.1951354339414
4552,力達-KY,電機機械,38.15,2020-09-28,2020Q2,16.17,66.82098765432099,-59.72,0.0,0.0,0.0,6.947728222487215,9.738641112436074,3.3314849318309525,100.0,76.2024337377286,100.0,38.14289493229751
2369,菱生,半導體業,10.55,2020-09-28,2020Q2,0.0,0.0,69.47,100.0,3.0533333333333332,15.266666666666667,-5.108585508753306,0.0,0.0,0.0,64.6111311997677,100.0,38.053333333333335
8924,大田,運動休閒,56.6,2020-09-28,2020Q2,0.0,0.0,-44.56,0.0,-5.1033333333333335,0.0,15.668734912322124,53.34367456161062,1.219655727100471,100.0,61.0,100.0,38.00155118424159
4766,南寶,化學工業,126.0,2020-09-28,2020Q2,13.19,83.41746592629985,-14.13,0.0,-12.94,0.0,7.490445737523527,12.452228687617636,2.1082652339522636,100.0,51.1545879733421,77.88646993335526,37.99822788910816
4568,科際精密,電機機械,65.4,2020-09-28,2020Q2,0.0,0.0,-26.75,0.0,20.7,100.0,15.64023370022339,53.20116850111696,-2.1566520357196914,0.0,63.0,100.0,37.98017527516754
5902,德記,居家生活,16.7,2020-09-28,2020Q2,0.0,0.0,172.73,100.0,-6.583333333333333,0.0,8.9175820211085,19.5879101055425,0.42832864198842213,0.0,76.0,100.0,37.938186515831376
3004,豐達科,鋼鐵工業,50.0,2020-09-28,2020Q2,9.73,100.0,-47.5,0.0,-51.03333333333333,0.0,9.091908615309306,20.45954307654653,3.0056346650945533,100.0,39.4740433925716,48.685108481429005,37.937442309624885
8462,柏文,運動休閒,155.0,2020-09-28,2020Q2,27.05,32.21206183322447,-31.87,0.0,6.853333333333333,34.26666666666666,13.58958179908241,42.94790899541205,4.162932679204143,100.0,25.6139173538015,14.034793384503752,37.920205204417954
4904,遠傳,通信網路業,61.5,2020-09-28,2020Q2,22.95,61.01202016285382,0.0,0.0,-7.316666666666666,0.0,15.598146984549194,52.99073492274597,3.079722185004601,100.0,35.4446137636332,38.611534409083,37.910965695605576
3049,精金,光電業,9.8,2020-09-28,2020Q2,14.0,72.60917634051962,-88.73,0.0,-53.876666666666665,0.0,7.033279190014106,10.16639595007053,12.131461750087398,100.0,56.4445217570421,91.11130439260523,37.897007465823066
8923,時報,文化創意業,14.6,2020-09-28,2020Q2,0.0,0.0,-56.06,0.0,9.136666666666667,45.68333333333333,1.3176711936956929,0.0,2.4826321219763843,100.0,55.0,87.5,37.88666666666667
8289,泰藝,電子零組件業,11.65,2020-09-28,2020Q2,0.0,0.0,105.26,100.0,2.82,14.099999999999998,0.6561307515431551,0.0,-9.78125,0.0,63.0,100.0,37.82
3224,三顧,電子通路業,48.5,2020-09-28,2020Q2,0.0,0.0,22.35,44.7,16.643333333333334,83.21666666666667,-4.234149787709549,0.0,0.0,0.0,60.0,100.0,37.818333333333335
3702,大聯大,電子通路業,38.6,2020-09-28,2020Q2,9.95,61.2399643175736,24.57,49.14,17.83,89.14999999999999,1.6968516519076822,0.0,-0.32629991267762165,0.0,26.16382960587,15.409574014674998,37.77995383322486
1507,永大,,54.4,2020-09-28,2020Q2,17.89,30.733333333333324,129.82,100.0,0.0,0.0,8.946896868360858,19.734484341804286,0.0,0.0,46.9417148183449,67.35428704586225,37.768934689190196
2905,三商,貿易百貨業,21.5,2020-09-28,2020Q2,5.92,100.0,-40.21,0.0,7.713333333333334,38.56666666666667,2.626523476414228,0.0,35.251489839835294,100.0,1.46353832051796,0.0,37.71333333333334
2414,精技,電子通路業,24.25,2020-09-28,2020Q2,12.06,42.41748438893844,21.05,42.1,19.903333333333332,99.51666666666667,2.0939690846946086,0.0,-3.0980460816583792,0.0,31.8749047180494,29.687261795123497,37.63880795173953
1723,中碳,化學工業,91.1,2020-09-28,2020Q2,23.18,32.988389702170615,-52.4,0.0,-40.949999999999996,0.0,13.628441306482317,43.142206532411585,1.8158632927955443,100.0,51.3887534495023,78.47188362375576,37.61735831245437
2597,潤弘,建材營造業,59.3,2020-09-28,2020Q2,11.32,73.56515867656988,16.67,33.34,13.62,68.1,4.085088385938321,0.0,0.6954587394343045,27.922677062043498,30.8369322938451,27.092330734612744,37.605284353526955
6552,易華電,半導體業,45.7,2020-09-28,2020Q2,14.69,78.21891033471782,-74.31,0.0,-6.053333333333334,0.0,7.010466259904841,10.052331299524205,3.3566475852616304,100.0,52.4249799128435,81.06244978210874,37.43598570661129
2527,宏璟,建材營造業,18.15,2020-09-28,2020Q2,6.9,100.0,-41.18,0.0,-46.61666666666667,0.0,12.024392377069809,35.121961885349045,1.086738938610866,83.81984837298084,40.9433412613323,52.358353153330754,37.268099272731604
3038,全台,光電業,17.25,2020-09-28,2020Q2,9.58,97.04256495301271,7.78,15.560000000000002,-12.790000000000001,0.0,9.1934107217492,20.967053608745996,0.9535543515116287,64.79347878737553,50.2109010869518,75.5272527173795,37.250735565826226
4106,雃博,生技醫療業,30.2,2020-09-28,2020Q2,32.13,0.5928853754940677,10.71,21.42,-4.926666666666667,0.0,7.431466398083318,12.157331990416589,1.6652631578947368,100.0,64.1480137047124,100.0,37.237888336111894
3675,德微,半導體業,61.9,2020-09-28,2020Q2,0.0,0.0,19.09,38.18,0.22333333333333347,1.1166666666666674,9.510898191577416,22.55449095788708,1.9952300063485526,100.0,36.0,40.0,37.151506977016396
6161,捷波,電腦及週邊設備業,17.7,2020-09-28,2020Q2,0.0,0.0,4.35,8.7,-14.37,0.0,11.549191883740713,32.74595941870356,1.4181457741359942,100.0,73.0,100.0,37.086893912805536
3141,晶宏,半導體業,29.1,2020-09-28,2020Q2,0.0,0.0,-24.29,0.0,16.563333333333333,82.81666666666666,7.503952078960132,12.519760394800658,0.8010029427662002,43.00042039517146,79.0,100.0,37.04138147158773
5530,龍巖,其他業,53.5,2020-09-28,2020Q2,0.0,0.0,-59.07,0.0,-1.7066666666666659,0.0,33.71997882564514,100.0,5.668516677261441,100.0,28.0,20.0,37.0
6456,GIS-KY,光電業,125.0,2020-09-28,2020Q2,11.85,84.49419568822553,10.07,20.14,0.0,0.0,2.1606704477040197,0.0,1.5220092833903194,100.0,33.8752172249682,34.68804306242051,36.95322387506461
2013,中鋼構,鋼鐵工業,29.25,2020-09-28,2020Q2,13.3,81.84729695106329,556.0,100.0,-18.686666666666667,0.0,1.3583528230592319,0.0,0.5462355154559578,6.605073636565405,29.6508037971096,24.127009492774,36.91844537169681
5016,松和,鋼鐵工業,28.5,2020-09-28,2020Q2,0.0,0.0,16.67,33.34,-1.446666666666667,0.0,7.514103969426234,12.57051984713117,2.3354666504898542,100.0,46.0,65.0,36.72057797706968
2390,云辰,其他電子業,16.3,2020-09-28,2020Q2,20.63,17.203089797232064,431.58,100.0,-19.043333333333333,0.0,-22.545346707108322,0.0,-0.11222221398878111,0.0,80.3063553070731,100.0,36.72030897972321
2065,世豐,鋼鐵工業,44.05,2020-09-28,2020Q2,0.0,0.0,-16.13,0.0,6.653333333333333,33.266666666666666,8.375643444725823,16.878217223629115,1.6427863307674364,100.0,50.0,75.0,36.685065916877704
1414,東和,紡織纖維,8.34,2020-09-28,2020Q2,34.75,16.60268714011517,87.5,100.0,-32.40333333333333,0.0,-5.3850165552873825,0.0,0.0,0.0,68.2140052119594,100.0,36.660268714011515
6290,良維,電子零組件業,52.7,2020-09-28,2020Q2,0.0,0.0,-35.56,0.0,2.3,11.5,10.603600025778578,28.01800012889289,2.1897777878760336,100.0,60.0,100.0,36.502700019333936
6230,尼得科超眾,電腦及週邊設備業,258.5,2020-09-28,2020Q2,34.65,0.0,-15.44,0.0,5.68,28.4,9.549841539908579,22.749207699542893,1.9089666708748896,100.0,49.6140773095586,74.03519327389651,36.49590048232108
6547,高端疫苗,生技醫療業,96.5,2020-09-28,2020Q2,0.0,0.0,12.95,25.900000000000002,51.25,100.0,-18384.733292458615,0.0,0.0,0.0,66.0,100.0,36.475
3530,晶相光,半導體業,84.4,2020-09-28,2020Q2,38.54,0.0,32.73,65.46,10.103333333333333,50.516666666666666,4.940124229710816,0.0,-3.8801522216862305,0.0,68.2387459831995,100.0,36.468333333333334
1319,東陽,汽車工業,35.7,2020-09-28,2020Q2,16.01,67.58043758043758,-64.57,0.0,-19.176666666666666,0.0,1.5066398755938313,0.0,5.444190434521042,100.0,58.8397099928866,97.09927498221649,36.46797125626541
6477,安集,光電業,35.7,2020-09-28,2020Q2,17.85,51.32669983416251,-17.5,0.0,248.34666666666666,100.0,14.23415743825518,46.1707871912759,-1.735506158005407,0.0,37.5553322586644,43.888330646661004,36.44712112677374
8928,鉅明,運動休閒,29.65,2020-09-28,2020Q2,0.0,0.0,-57.92,0.0,11.54,57.699999999999996,6.190765437386359,5.953827186931795,4.4071511853867085,100.0,36.0,40.0,36.433074078039766
6151,晉倫,其他電子業,22.0,2020-09-28,2020Q2,0.0,0.0,113.33,100.0,-13.093333333333334,0.0,7.493717466051384,12.468587330256922,-1.6443539990534786,0.0,58.0,95.0,36.37028809953854
8473,山林水,綠能環保,40.9,2020-09-28,2020Q2,15.49,50.513808606294155,35.45,70.9,-11.35,0.0,16.897118605655848,59.48559302827924,-0.2891653478840403,0.0,38.5685240324432,46.421310081108004,36.34135082298211
3552,同致,其他電子業,88.8,2020-09-28,2020Q2,0.0,0.0,37.9,75.8,12.0,60.0,-4.715083408551194,0.0,0.0,0.0,41.0,52.5,36.2
3581,博磊,半導體業,20.25,2020-09-28,2020Q2,0.0,0.0,61.22,100.0,-3.3633333333333333,0.0,10.490410606255631,27.452053031278155,0.5275684252280841,3.9383464611548735,45.0,62.5,36.1554772469227
3710,連展投控,電子零組件業,8.03,2020-09-28,2020Q2,0.0,0.0,79.84,100.0,11.133333333333333,55.666666666666664,-2.2923456317996105,0.0,0.0,0.0,20.0,0.0,36.13333333333333
6204,艾華,電子零組件業,72.4,2020-09-28,2020Q2,0.0,0.0,-29.03,0.0,6.123333333333332,30.61666666666666,-1.6181816185110751,0.0,2.7456276719782355,100.0,75.0,100.0,36.123333333333335
5538,東明-KY,鋼鐵工業,31.7,2020-09-28,2020Q2,12.19,87.53522931078658,-17.0,0.0,0.0,0.0,4.683972485290759,0.0,1.9944538426947045,100.0,49.3982672697503,73.49566817437575,36.10308974851623
3003,健和興,電子零組件業,39.2,2020-09-28,2020Q2,14.52,55.34550195567145,-0.75,0.0,-4.933333333333334,0.0,16.13322475884555,55.66612379422775,0.927427183293812,61.06102618483029,71.2740987895146,100.0,36.09667400166737
8427,基勝-KY,,0.0,2020-09-28,2020Q2,43.63,0.0,63.22,100.0,0.0,0.0,6.434301979442078,7.17150989721039,0.0,0.0,77.4500199020063,100.0,36.07572648458156
4549,桓達,電機機械,69.7,2020-09-28,2020Q2,0.0,0.0,-20.52,0.0,-9.926666666666668,0.0,19.08376425539727,70.41882127698635,1.0403195942230652,77.18851346043789,65.0,100.0,36.00052588363553
6666,羅麗芬-KY,生技醫療業,102.5,2020-09-28,2020Q2,19.6,58.85840502208789,-94.62,0.0,0.0,0.0,-3.28850689242371,0.0,2.5300895398070384,100.0,70.041682881886,100.0,35.88584050220879
3025,星通,通信網路業,19.45,2020-09-28,2020Q2,29.92,33.986041101202005,-17.24,0.0,30.236666666666668,100.0,8.227700443269304,16.138502216346524,-0.8082691528171869,0.0,74.6865604658283,100.0,35.819379442572185
6229,研通,半導體業,21.8,2020-09-28,2020Q2,0.0,0.0,1600.0,100.0,2.563333333333335,12.816666666666674,1.2365738884551267,0.0,-2.432776192417448,0.0,53.0,82.5,35.81333333333333
1463,強盛新,紡織纖維,12.8,2020-09-28,2020Q2,26.67,47.61996161228406,-51.16,0.0,-54.919999999999995,0.0,6.181565400368242,5.907827001841208,2.8750648601902564,100.0,83.411069609189,100.0,35.648170211504585
1784,訊聯,生技醫療業,39.1,2020-09-28,2020Q2,0.0,0.0,-31.25,0.0,5.6433333333333335,28.21666666666667,0.7622701415531155,0.0,4.701067615658363,100.0,60.0,100.0,35.64333333333333
1785,光洋科,其他電子業,42.15,2020-09-28,2020Q2,0.0,0.0,10.34,20.68,6.673333333333333,33.36666666666667,3.2071462387679195,0.0,2.862572785828292,100.0,35.0,37.5,35.593333333333334
4977,眾達-KY,通信網路業,103.5,2020-09-28,2020Q2,22.31,63.49360217138425,23.87,47.74,0.0,0.0,14.733611645137525,48.66805822568763,-0.8129042168323702,0.0,73.3730631782522,100.0,35.58456895099157
8047,星雲,其他電子業,10.65,2020-09-28,2020Q2,0.0,0.0,58.82,100.0,0.5133333333333332,2.566666666666666,-8.036425260836719,0.0,0.0,0.0,81.0,100.0,35.513333333333335
8111,立,光電業,15.5,2020-09-28,2020Q2,0.0,0.0,-20.0,0.0,26.09,100.0,12.334296844341926,36.67148422170963,0.21191274849811434,0.0,60.0,100.0,35.500722633256444
6154,順發,電子通路業,12.7,2020-09-28,2020Q2,0.0,0.0,-4.35,0.0,6.243333333333333,31.216666666666665,1.1970840540861898,0.0,5.852057405538737,100.0,57.0,92.5,35.49333333333333
6123,上奇,資訊服務業,36.0,2020-09-28,2020Q2,0.0,0.0,21.8,43.6,-1.6399999999999995,0.0,5.094371722262357,0.4718586113117862,3.1344564971507975,100.0,38.0,45.0,35.470778791696766
6220,岳豐,電子零組件業,27.3,2020-09-28,2020Q2,0.0,0.0,27.94,55.88000000000001,-0.913333333333333,0.0,3.785210955495614,0.0,2.8387678812665396,100.0,26.0,15.0,35.47
6472,保瑞,生技醫療業,168.0,2020-09-28,2020Q2,0.0,0.0,-49.17,0.0,0.3533333333333329,1.7666666666666644,14.021004148564337,45.10502074282169,1.9817616721882578,100.0,53.0,82.5,35.36908644475658
6732,昇佳電子,半導體業,764.0,2020-09-28,2020Q2,0.0,0.0,15.7,31.4,-6.97,0.0,30.04111137122676,100.0,0.5838016409938608,11.97166299912297,64.0,100.0,35.244332599824595
4192,杏國,生技醫療業,60.6,2020-09-28,2020Q2,0.0,0.0,14.35,28.7,18.02333333333333,90.11666666666665,-5201.791443850268,0.0,0.0,0.0,68.0,100.0,35.19833333333333
8048,德勝,通信網路業,27.2,2020-09-28,2020Q2,0.0,0.0,-62.66,0.0,-39.99333333333333,0.0,11.923649950467633,34.618249752338166,1.446524749935881,100.0,66.0,100.0,35.19273746285073
1504,東元,電機機械,30.0,2020-09-28,2020Q2,17.34,60.802469135802475,7.61,15.22,-0.91,0.0,8.960267881868575,19.801339409342873,0.9544575545426127,64.92250779180182,57.3944633327047,93.48615833176176,35.18856521651822
3205,佰研,生技醫療業,34.8,2020-09-28,2020Q2,0.0,0.0,27.78,55.559999999999995,11.28,56.39999999999999,-13.195852339922284,0.0,0.0,0.0,81.0,100.0,35.17
2342,茂矽,半導體業,28.05,2020-09-28,2020Q2,0.0,0.0,-180.7,0.0,71.73,100.0,11.889866295575215,34.44933147787608,0.0,0.0,65.0935182729847,100.0,35.16739972168141
2496,卓越,其他業,60.1,2020-09-28,2020Q2,15.61,59.059131954558694,-31.61,0.0,-16.31,0.0,6.2584590218206255,6.292295109103127,3.6522623733911272,100.0,52.9041774110366,82.26044352759149,35.07580181458049
6197,佳必琪,電子零組件業,32.7,2020-09-28,2020Q2,12.72,67.07953063885267,17.27,34.54,-2.433333333333333,0.0,10.556567902639125,27.78283951319563,0.6938809139018285,27.69727341454693,61.9485787335304,100.0,35.049833673774
2467,志聖,電子零組件業,27.65,2020-09-28,2020Q2,13.96,58.9960886571056,-8.87,0.0,-9.746666666666666,0.0,12.169707170792034,35.848535853960165,4.37369547051956,100.0,34.997765276074,37.49441319018499,35.026330562823084
4527,方土霖,電機機械,27.65,2020-09-28,2020Q2,0.0,0.0,102.86,100.0,-0.10666666666666676,0.0,9.340389355765085,21.701946778825427,0.09434835318396773,0.0,47.0,67.5,35.005292016823816
6236,康呈,其他業,9.5,2020-09-28,2020Q2,0.0,0.0,70.97,100.0,-19.11666666666667,0.0,-31.85902509427813,0.0,0.0,0.0,90.0,100.0,35.0
2438,翔耀,光電業,6.51,2020-09-28,2020Q2,130.2,0.0,96.84,100.0,-10.519999999999998,0.0,0.6383850063838501,0.0,0.0,0.0,60.7154655125551,100.0,35.0
4950,牧東,鋼鐵工業,9.15,2020-09-28,2020Q2,0.0,0.0,64.04,100.0,-56.876666666666665,0.0,-79.94094432298913,0.0,0.0,0.0,81.0,100.0,35.0
4123,晟德,生技醫療業,67.8,2020-09-28,2020Q2,0.0,0.0,884.44,100.0,-64.54,0.0,-9.796842240176435,0.0,-0.16888676475608508,0.0,66.0,100.0,35.0
4142,國光生,生技醫療業,69.0,2020-09-28,2020Q2,0.0,0.0,71.33,100.0,-47.446666666666665,0.0,-40.98295477003704,0.0,0.0,0.0,69.3240111937366,100.0,35.0
3115,寶島極,電子零組件業,16.85,2020-09-28,2020Q2,0.0,0.0,57.45,100.0,-19.59,0.0,-6.222929042518359,0.0,0.0,0.0,72.0,100.0,35.0
6144,得利影,文化創意業,13.75,2020-09-28,2020Q2,0.0,0.0,89.52,100.0,-54.50333333333333,0.0,-5.158249258380854,0.0,0.0,0.0,81.0,100.0,35.0
3041,揚智,半導體業,22.9,2020-09-28,2020Q2,0.0,0.0,50.0,100.0,-8.42,0.0,-15.245672366476674,0.0,0.0,0.0,82.3916753897005,100.0,35.0
4712,南璋,,10.55,2020-09-28,2020Q2,0.0,0.0,67.62,100.0,0.0,0.0,-976.4413898434517,0.0,0.0,0.0,85.0,100.0,35.0
4529,淳紳,其他業,8.96,2020-09-28,2020Q2,0.0,0.0,88.52,100.0,-149.34,0.0,-1658.7555336940482,0.0,0.0,0.0,73.0,100.0,35.0
3059,華晶科,光電業,25.2,2020-09-28,2020Q2,56.0,0.0,93.75,100.0,-0.8833333333333333,0.0,1.6739728333443287,0.0,0.2758928353174118,0.0,60.3515212338897,100.0,35.0
1409,新纖,紡織纖維,11.0,2020-09-28,2020Q2,7.28,100.0,78.85,100.0,-19.69666666666667,0.0,1.902089326532092,0.0,-1.2915575348658106,0.0,18.6576990913699,0.0,35.0
6199,天品,其他業,12.8,2020-09-28,2020Q2,0.0,0.0,62.5,100.0,-5.626666666666668,0.0,-21.081949114267076,0.0,0.0,0.0,89.0,100.0,35.0
5481,新華,其他業,15.1,2020-09-28,2020Q2,0.0,0.0,433.17,100.0,-8.953333333333333,0.0,-71.30980808348811,0.0,-0.10040546553334072,0.0,94.0,100.0,35.0
5488,松普,電子零組件業,7.0,2020-09-28,2020Q2,0.0,0.0,78.95,100.0,-17.476666666666667,0.0,-3.1281176053492956,0.0,0.0,0.0,64.0,100.0,35.0
8450,霹靂,文化創意業,24.35,2020-09-28,2020Q2,0.0,0.0,84.62,100.0,-24.663333333333338,0.0,-6.550659297838375,0.0,0.0,0.0,83.0,100.0,35.0
1336,台翰,電子零組件業,16.8,2020-09-28,2020Q2,0.0,0.0,620.59,100.0,-19.763333333333332,0.0,-1.7531465791664627,0.0,0.4758854401273819,0.0,70.0,100.0,35.0
8374,羅昇,電機機械,24.6,2020-09-28,2020Q2,0.0,0.0,57.89,100.0,-12.533333333333333,0.0,3.746342197647496,0.0,-0.5470338088488103,0.0,62.6705530171735,100.0,35.0
8277,商丞,半導體業,7.05,2020-09-28,2020Q2,0.0,0.0,55.22,100.0,-60.68333333333334,0.0,-10.976579496181603,0.0,0.0,0.0,93.0,100.0,35.0
5455,昇益,建材營造業,0.0,2020-09-28,2020Q2,0.0,0.0,66.67,100.0,-99.87,0.0,-944.9596774193548,0.0,0.0,0.0,84.0,100.0,35.0
4429,聚紡,,0.0,2020-09-28,2020Q2,0.0,0.0,79.82,100.0,0.0,0.0,-2.006882568716602,0.0,0.0,0.0,72.0,100.0,35.0
5398,慕康生醫,其他業,20.7,2020-09-28,2020Q2,0.0,0.0,100.0,100.0,-25.036666666666665,0.0,1.7630416381619378,0.0,-2.3588803732089305,0.0,84.0,100.0,35.0
2399,映泰,電腦及週邊設備業,10.7,2020-09-28,2020Q2,26.75,0.0,145.83,100.0,-11.056666666666667,0.0,-3.836554441007458,0.0,-4.25739412400511,0.0,77.0108224227487,100.0,35.0
5355,佳總,電子零組件業,6.47,2020-09-28,2020Q2,0.0,0.0,289.66,100.0,-35.38,0.0,-21.410329470862617,0.0,-3.5917717013983945,0.0,67.0,100.0,35.0
4987,科誠,電腦及週邊設備業,47.5,2020-09-28,2020Q2,0.0,0.0,-53.07,0.0,-9.006666666666666,0.0,11.629076844590507,33.145384222952536,4.322802604320805,100.0,68.0,100.0,34.97180763344288
2328,廣宇,電子零組件業,17.05,2020-09-28,2020Q2,11.6,74.38070404172099,-60.0,0.0,-26.52,0.0,0.9557710651432862,0.0,3.699375998345189,100.0,50.0050943171582,75.01273579289551,34.939343983461654
9917,中保科,其他業,84.5,2020-09-28,2020Q2,17.42,48.51441887561898,0.41,0.8199999999999998,1.3533333333333335,6.766666666666668,18.814072397416936,69.07036198708468,0.9384758053767498,62.63940076810712,42.4957562177617,56.23939054440426,34.92214872701979
6139,亞翔,其他電子業,26.5,2020-09-28,2020Q2,10.39,83.11876408110717,87.18,100.0,-1.6566666666666665,0.0,-1.2089095334446158,0.0,-3.8220707815719215,0.0,26.3399333858791,15.849833464697749,34.8968597545805
5493,三聯,其他電子業,42.2,2020-09-28,2020Q2,0.0,0.0,-42.29,0.0,9.976666666666667,49.88333333333333,6.879196578431957,9.395982892159784,2.309247447542203,100.0,34.0,35.0,34.886064100490636
9918,欣天然,油電燃氣業,35.1,2020-09-28,2020Q2,25.43,27.120077313360724,-8.41,0.0,-15.76,0.0,19.450663302491428,72.25331651245715,0.9246034463083419,60.65763518690599,56.6765702003042,91.69142550076049,34.85067479566189
5371,中光電,光電業,33.45,2020-09-28,2020Q2,0.0,0.0,91.04,100.0,-9.65,0.0,0.6855058250946152,0.0,0.625995804868938,17.999400695562574,45.0,62.5,34.849880139112514
4535,至興,電機機械,24.55,2020-09-28,2020Q2,0.0,0.0,6.98,13.96,-14.01,0.0,6.741613523316821,8.708067616584106,3.107120370900349,100.0,79.0,100.0,34.79621014248762
6664,群翊,電子零組件業,57.2,2020-09-28,2020Q2,0.0,0.0,0.32,0.64,-4.783333333333332,0.0,27.150428548591382,100.0,0.924077051240829,60.58243589154699,50.0,75.0,34.776487178309395
6649,台生材,生技醫療業,32.0,2020-09-28,2020Q2,0.0,0.0,9.52,19.04,326.86000000000007,100.0,-1859.1408114558471,0.0,0.0,0.0,83.0,100.0,34.76
9902,台火,其他業,9.68,2020-09-28,2020Q2,29.33,0.0,9.52,19.04,179.27666666666664,100.0,-1.4218333447262288,0.0,-2.3827216160158717,0.0,89.8273944429682,100.0,34.76
3491,昇達科,通信網路業,70.3,2020-09-28,2020Q2,0.0,0.0,-43.46,0.0,-11.75,0.0,12.328206061709293,36.64103030854647,1.3969346032367849,100.0,57.0,92.5,34.74615454628197
1338,廣華-KY,汽車工業,53.9,2020-09-28,2020Q2,20.04,46.833976833976834,-93.3,0.0,0.0,0.0,-2.1801373532624253,0.0,17.30433048887471,100.0,62.865829919103,100.0,34.683397683397686
6248,沛波,鋼鐵工業,24.95,2020-09-28,2020Q2,0.0,0.0,-35.22,0.0,12.93,64.64999999999999,2.636021419457614,0.0,1.695414121593822,100.0,27.0,17.5,34.68
2615,萬海,航運業,21.65,2020-09-28,2020Q2,13.36,79.92394440073433,1.28,2.56,-2.7399999999999998,0.0,6.607548921684744,8.03774460842372,2.2404120624907224,100.0,39.3189314018482,48.29732850462049,34.66778898179904
9906,欣巴巴,建材營造業,41.05,2020-09-28,2020Q2,0.0,0.0,29.31,58.62,27129.343333333334,100.0,-58.77440261348368,0.0,0.0,0.0,10.4166165809675,0.0,34.655
2020,美亞,鋼鐵工業,15.9,2020-09-28,2020Q2,12.42,86.35664873174481,-54.4,0.0,22.27666666666667,100.0,3.270705809685969,0.0,-1.2938053797468354,0.0,43.8887119714066,59.721779928516504,34.60784286602613
5206,坤悅,建材營造業,16.9,2020-09-28,2020Q2,0.0,0.0,-11.38,0.0,84.42666666666666,100.0,20.068622292729813,75.34311146364907,-3.9795074522287486,0.0,33.0,32.5,34.55146671954736
3693,營邦,電腦及週邊設備業,51.5,2020-09-28,2020Q2,0.0,0.0,16700.0,100.0,-9.486666666666666,0.0,5.668242942844111,3.341214714220553,-0.2465802233892581,0.0,56.0,90.0,34.501182207133084
3128,昇銳,光電業,13.0,2020-09-28,2020Q2,0.0,0.0,33.33,66.66,4.626666666666666,23.13333333333333,4.259977571400137,0.0,0.6560656961552819,22.295099450754556,55.0,87.5,34.50068655681758
2867,三商壽,金融保險業,9.06,2020-09-28,2020Q2,4.16,100.0,8.93,17.86,-4.176666666666667,0.0,2.168938312014071,0.0,20.681642589793743,100.0,3.18214205271594,0.0,34.465
5516,雙喜,建材營造業,14.7,2020-09-28,2020Q2,0.0,0.0,20.37,40.74,149.03333333333333,100.0,5.942364526021545,4.711822630107725,-6.292248185660738,0.0,34.0,35.0,34.391773394516164
2034,允強,鋼鐵工業,23.0,2020-09-28,2020Q2,20.72,43.8252626184986,-37.84,0.0,-32.156666666666666,0.0,3.9820656970495576,0.0,5.538598000597261,100.0,61.8213305948348,100.0,34.38252626184986
6560,欣普羅,光電業,60.2,2020-09-28,2020Q2,0.0,0.0,-40.74,0.0,131.97333333333333,100.0,10.821787836585676,29.108939182928378,-1.732654949121184,0.0,64.0,100.0,34.36634087743926
8249,菱光,電子零組件業,16.65,2020-09-28,2020Q2,16.32,43.61147327249022,-47.73,0.0,-23.296666666666667,0.0,3.9320271943070835,0.0,3.03601998997043,100.0,67.189726470445,100.0,34.36114732724902
8099,大世科,資訊服務業,20.2,2020-09-28,2020Q2,0.0,0.0,20.9,41.8,17.406666666666666,87.03333333333333,4.103565404935268,0.0,-1.7650794531185003,0.0,46.0,65.0,34.35666666666667
4127,天良,生技醫療業,11.1,2020-09-28,2020Q2,0.0,0.0,41.33,82.66,3.503333333333334,17.51666666666667,-8.634419275435215,0.0,0.0,0.0,65.0,100.0,34.16833333333334
2332,友訊,通信網路業,18.05,2020-09-28,2020Q2,0.0,0.0,86.89,100.0,-6.1433333333333335,0.0,-2.20942785384249,0.0,0.0,0.0,56.6475820126519,91.61895503162975,34.161895503162974
3426,台興,電機機械,37.0,2020-09-28,2020Q2,0.0,0.0,-10.62,0.0,-12.123333333333333,0.0,10.522896341133285,27.61448170566642,1.6698663655185395,100.0,61.0,100.0,34.142172255849964
6488,環球晶,半導體業,376.0,2020-09-28,2020Q2,0.0,0.0,-15.28,0.0,-2.8599999999999994,0.0,29.518969208131246,100.0,0.9836667173744922,69.09524533921318,41.0,52.5,34.069049067842634
6169,昱泉,文化創意業,23.05,2020-09-28,2020Q2,0.0,0.0,74.47,100.0,-47.916666666666664,0.0,-9.348847930885876,0.0,0.0,0.0,56.0,90.0,34.0
3209,全科,電子通路業,19.1,2020-09-28,2020Q2,8.8,71.49866190900981,103.7,100.0,1.0166666666666668,5.083333333333334,1.3480404316027517,0.0,-0.49134510091521916,0.0,23.2543578625438,8.135894656359497,33.980122323203595
2397,友通,電腦及週邊設備業,65.8,2020-09-28,2020Q2,15.2,60.77194012327561,-38.41,0.0,15.816666666666665,79.08333333333333,7.849942017231198,14.249710086155993,0.7212051078851627,31.600729697880386,34.2228704515337,35.55717612883426,33.90718074437713
2884,玉山金,金融保險業,25.9,2020-09-28,2020Q2,15.42,17.639484978540775,-6.1,0.0,2.266666666666667,11.333333333333336,39.346449232169114,100.0,1.0193190530192444,74.18843614560635,6.42019741233112,0.0,33.86830239364202
2359,所羅門,其他電子業,18.35,2020-09-28,2020Q2,17.48,37.47988413260379,-72.32,0.0,-4.426666666666667,0.0,1.6242810708759499,0.0,1.3688093126804144,100.0,71.8958512561656,100.0,33.74798841326038
4995,晶達,光電業,39.5,2020-09-28,2020Q2,0.0,0.0,-38.86,0.0,-40.81333333333333,0.0,11.274094721179214,31.37047360589607,1.934554127253618,100.0,56.0,90.0,33.70557104088441
3191,和進,電子零組件業,37.95,2020-09-28,2020Q2,0.0,0.0,57.6,100.0,-30.12,0.0,-13.10697554476297,0.0,0.0,0.0,54.0,85.0,33.5
6279,胡連,電子零組件業,74.5,2020-09-28,2020Q2,0.0,0.0,-39.39,0.0,-8.286666666666667,0.0,9.631151712728029,23.155758563640145,4.390581090123012,100.0,65.0,100.0,33.473363784546024
2207,和泰車,汽車工業,619.0,2020-09-28,2020Q2,26.14,15.431145431145431,20.96,41.92,8.713333333333333,43.56666666666666,8.993753137027753,19.968765685138763,0.8309247530297794,47.27496471853992,21.0815913011297,2.703978252824246,33.4571534982091
5289,宜鼎,電腦及週邊設備業,156.0,2020-09-28,2020Q2,0.0,0.0,14.08,28.16,-7.723333333333333,0.0,17.96914405517912,64.84572027589562,0.734044446342644,33.434920906092,71.0,100.0,33.453842222602745
6188,廣明,電腦及週邊設備業,36.15,2020-09-28,2020Q2,0.0,0.0,-195.37,0.0,33.54666666666667,100.0,11.258339781304292,31.29169890652146,0.0,0.0,55.0,87.5,33.44375483597822
2542,興富發,建材營造業,42.65,2020-09-28,2020Q2,18.71,23.666441593517874,-20.11,0.0,64.64333333333333,100.0,19.764036658590538,73.82018329295269,-10.918871322937424,0.0,18.7024280841886,0.0,33.43967165329469
3317,尼克森,半導體業,37.5,2020-09-28,2020Q2,0.0,0.0,-28.99,0.0,-20.266666666666666,0.0,9.557891357020768,22.78945678510384,2.658870902139429,100.0,77.0,100.0,33.41841851776557
5534,長虹,建材營造業,79.7,2020-09-28,2020Q2,7.89,96.72518568534774,-16.94,0.0,-42.35666666666667,0.0,33.29140962995746,100.0,-0.2179627573136901,0.0,54.7128599721791,86.78214993044776,33.35073356157955
1616,億泰,電器電纜,5.32,2020-09-28,2020Q2,0.0,0.0,75.0,100.0,-31.436666666666667,0.0,-0.4925158474709974,0.0,0.0,0.0,53.3738292953772,83.434573238443,33.3434573238443
2612,中航,航運業,25.7,2020-09-28,2020Q2,18.9,50.8654602675059,-29.17,0.0,-17.2,0.0,5.947505716402048,4.737528582010242,2.1372617240996408,100.0,50.1504003833431,75.37600095835775,33.334775409887904
2465,麗臺,電腦及週邊設備業,13.95,2020-09-28,2020Q2,63.41,0.0,105.45,100.0,7.3500000000000005,36.75000000000001,1.0150102331397424,0.0,-18.15820895522388,0.0,23.7513574271254,9.378393567813497,33.28783935678135
6218,豪勉,通信網路業,18.45,2020-09-28,2020Q2,0.0,0.0,-82.69,0.0,3.263333333333333,16.316666666666666,2.533053970088867,0.0,5.460985010706638,100.0,67.0,100.0,33.263333333333335
6186,新潤,建材營造業,27.65,2020-09-28,2020Q2,0.0,0.0,16900.0,100.0,-49.93333333333334,0.0,16.0047065032368,55.023532516184005,-24.84529482808884,0.0,13.0,0.0,33.2535298774276
3437,榮創,光電業,21.65,2020-09-28,2020Q2,0.0,0.0,8.8,17.6,47.52,100.0,-6.281115383706147,0.0,0.0,0.0,55.3382341527237,88.34558538180926,33.23455853818093
1104,環泥,水泥工業,18.95,2020-09-28,2020Q2,10.71,47.16754680748918,4.29,8.58,14.799999999999999,74.0,7.053666204795358,10.268331023976792,0.45901451402104876,0.0,74.6630629972285,100.0,33.20200433434544
3060,銘異,電腦及週邊設備業,13.6,2020-09-28,2020Q2,0.0,0.0,46.67,93.34,-20.706666666666667,0.0,-8.858257693701104,0.0,0.0,0.0,59.4482857330482,98.62071433262051,33.19707143326205
4153,鈺緯,生技醫療業,25.55,2020-09-28,2020Q2,0.0,0.0,-51.61,0.0,20.02,100.0,9.235797916064962,21.17898958032481,0.10093570502130814,0.0,83.0,100.0,33.17684843704872
2456,奇力新,,94.0,2020-09-28,2020Q2,17.64,32.400000000000006,28.46,56.92,0.0,0.0,13.145632775608467,40.72816387804233,0.0,0.0,58.1640127455562,95.4100318638905,33.120227768095404
8411,福貞-KY,其他業,12.85,2020-09-28,2020Q2,91.79,0.0,78.69,100.0,0.0,0.0,0.40758653764457503,0.0,0.0,0.0,52.2847165911076,80.71179147776901,33.0711791477769
4173,久裕,生技醫療業,22.4,2020-09-28,2020Q2,0.0,0.0,-19.75,0.0,5.783333333333334,28.916666666666668,5.19145571980489,0.9572785990244492,9.753213649444977,100.0,48.0,70.0,32.926925123187004
6494,九齊,半導體業,34.2,2020-09-28,2020Q2,0.0,0.0,13.73,27.46,2.0,10.0,9.849100121717518,24.24550060858759,0.8646390558649976,52.09129369499965,71.0,100.0,32.92008383028807
4960,誠美材,光電業,8.25,2020-09-28,2020Q2,0.0,0.0,45.76,91.52,-34.92333333333334,0.0,-5.365714095951893,0.0,0.0,0.0,68.1411014982539,100.0,32.879999999999995
4580,捷流閥業,電機機械,95.0,2020-09-28,2020Q2,0.0,0.0,6.55,13.100000000000001,10.6,53.0,19.665817579230367,73.32908789615183,0.3156148388110578,0.0,52.0,80.0,32.874363184422776
3002,歐格,電腦及週邊設備業,10.95,2020-09-28,2020Q2,20.66,28.720281772820666,-36.67,0.0,24.429999999999996,100.0,-4.887647688248245,0.0,-1.4904695490469548,0.0,63.861700916131,100.0,32.87202817728207
2317,鴻海,其他電子業,76.9,2020-09-28,2020Q2,10.31,83.63373028644995,-32.33,0.0,-0.7666666666666666,0.0,1.3119885402714657,0.0,3.817339169996727,100.0,37.9266566615421,44.81664165385524,32.84503719403052
2063,世鎧,鋼鐵工業,31.35,2020-09-28,2020Q2,0.0,0.0,-40.44,0.0,-4.34,0.0,13.420960413868817,42.10480206934409,2.351686518070566,100.0,46.0,65.0,32.815720310401616
1514,亞力,電機機械,26.1,2020-09-28,2020Q2,16.21,66.61522633744856,22.54,45.08,5.290000000000001,26.450000000000006,7.989454364875592,14.94727182437796,-1.4066771730990622,0.0,49.1828746285411,72.95718657135275,32.75933206453683
4530,宏易,觀光餐旅,10.35,2020-09-28,2020Q2,0.0,0.0,35.29,70.58,5.1033333333333335,25.516666666666666,-26.41694931917613,0.0,0.0,0.0,86.0,100.0,32.748333333333335
2208,台船,航運業,24.15,2020-09-28,2020Q2,0.0,0.0,25.41,50.82,79.28333333333335,100.0,-5.900866970906897,0.0,0.0,0.0,16.7866390704174,0.0,32.705
2477,美隆電,其他電子業,22.05,2020-09-28,2020Q2,13.36,64.0006437077567,-54.02,0.0,-24.076666666666668,0.0,3.104489114379295,0.0,3.168730572545874,100.0,45.016059048801,62.54014762200249,32.65407913297592
4566,時碩工業,電機機械,35.5,2020-09-28,2020Q2,16.36,65.84362139917697,-60.99,0.0,-20.23333333333333,0.0,3.454258947779202,0.0,2.6755971662034232,100.0,44.2123141944431,60.53078548610775,32.63744068852847
6245,立端,通信網路業,56.9,2020-09-28,2020Q2,0.0,0.0,27.91,55.82,8.283333333333333,41.41666666666667,7.514499461296833,12.572497306484168,-1.0160470074760086,0.0,54.0,85.0,32.62420792930596
8467,波力-KY,運動休閒,50.4,2020-09-28,2020Q2,17.2,75.10341824515567,34.62,69.24,0.0,0.0,3.505147294553486,0.0,-0.3687740940632228,0.0,51.0154322939726,77.5385807349315,32.574199898008715
3011,今皓,電子零組件業,6.64,2020-09-28,2020Q2,0.0,0.0,45.95,91.9,-4.243333333333333,0.0,-5.851861516381804,0.0,0.0,0.0,58.0197289947732,95.04932248693301,32.4799322486933
6170,統振,通信網路業,17.25,2020-09-28,2020Q2,0.0,0.0,113.33,100.0,3.9633333333333334,19.816666666666666,4.557970458582413,0.0,0.2042316337817105,0.0,34.0,35.0,32.46333333333334
8929,富堡,其他業,23.7,2020-09-28,2020Q2,0.0,0.0,-40.0,0.0,2.0499999999999994,10.249999999999996,6.50183939175712,7.509196958785598,11.966670250510697,100.0,57.0,92.5,32.426379543817845
6574,霈方,生技醫療業,55.5,2020-09-28,2020Q2,0.0,0.0,-21.38,0.0,-31.169999999999998,0.0,8.233375394636436,16.16687697318218,2.7604340567612686,100.0,73.0,100.0,32.425031545977326
2235,謚源,電機機械,43.45,2020-09-28,2020Q2,0.0,0.0,-50.79,0.0,-24.570000000000004,0.0,8.161400623420802,15.807003117104006,2.5206492767512203,100.0,77.0,100.0,32.3710504675656
4576,大銀微系統,電機機械,72.0,2020-09-28,2020Q2,225.0,0.0,-2.5,0.0,16.86,84.3,5.214733937108224,1.0736696855411187,0.6932477580446633,27.606822577809048,59.1014694296412,97.75367357410299,32.31778232580328
3057,喬鼎,電腦及週邊設備業,11.85,2020-09-28,2020Q2,0.0,0.0,101.11,100.0,-26.886666666666667,0.0,-18.741298360023386,0.0,-72.73967517401393,0.0,49.2069539841936,73.01738496048401,32.3017384960484
5489,彩富,其他電子業,29.3,2020-09-28,2020Q2,0.0,0.0,-55.91,0.0,-39.906666666666666,0.0,8.052897173980547,15.264485869902735,1.555539077561916,100.0,64.0,100.0,32.28967288048541
1313,聯成,塑膠工業,12.75,2020-09-28,2020Q2,91.07,0.0,60.98,100.0,-15.153333333333334,0.0,-0.859997320136435,0.0,0.0,0.0,49.0833958231821,72.70848955795526,32.27084895579553
6570,維田,電腦及週邊設備業,31.8,2020-09-28,2020Q2,0.0,0.0,-44.72,0.0,-0.9533333333333337,0.0,8.002678048372248,15.013390241861241,1.812028678628478,100.0,60.0,100.0,32.252008536279185
2707,晶華,觀光餐旅,131.5,2020-09-28,2020Q2,19.95,75.16879219804952,-68.27,0.0,-14.589999999999998,0.0,8.902716825565204,19.513584127826018,1.6574118906246018,100.0,27.1819357485629,17.95483937140725,32.23940077611958
4528,江興鍛,電機機械,40.45,2020-09-28,2020Q2,0.0,0.0,-35.57,0.0,-24.093333333333334,0.0,10.91124193457212,29.5562096728606,2.370044112841738,100.0,51.0,77.5,32.18343145092909
2101,南港,橡膠工業,42.7,2020-09-28,2020Q2,34.72,50.0,-24.32,0.0,2.7433333333333336,13.716666666666669,5.896524601415518,4.4826230070775885,1.581680964395851,100.0,34.8805260930707,37.20131523267675,32.135858307662645
1402,遠東新,紡織纖維,25.4,2020-09-28,2020Q2,15.3,91.26679462571977,-32.73,0.0,-21.41333333333333,0.0,4.140099837810677,0.0,4.504002053822846,100.0,31.9143792278914,29.785948069728498,32.10527426954483
9904,寶成,運動休閒,26.1,2020-09-28,2020Q2,13.88,89.56020030481167,-90.68,0.0,-22.186666666666667,0.0,-2.8683622548498726,0.0,13.104566276492863,100.0,32.5380119807819,31.345029951954757,32.090523025676646
3308,聯德,電子零組件業,7.3,2020-09-28,2020Q2,0.0,0.0,52.83,100.0,-44.28333333333333,0.0,-17.118947078386014,0.0,0.0,0.0,48.3474656406463,70.86866410161574,32.086866410161576
4175,杏一,生技醫療業,68.4,2020-09-28,2020Q2,0.0,0.0,-5.15,0.0,12.033333333333333,60.16666666666667,2.7614485231135846,0.0,2.8502326934264106,100.0,19.0,0.0,32.03333333333333
8163,達方,電腦及週邊設備業,37.35,2020-09-28,2020Q2,12.79,74.91928382741415,-18.95,0.0,20.503333333333334,100.0,4.417992066658365,0.0,0.3360263023508013,0.0,38.040938794977,45.1023469874425,32.00216308148566
2740,天蔥,觀光餐旅,18.0,2020-09-28,2020Q2,0.0,0.0,61.36,100.0,-1.2833333333333339,0.0,-31.656360313446662,0.0,0.0,0.0,48.0,70.0,32.0
3704,合勤控,通信網路業,24.5,2020-09-28,2020Q2,0.0,0.0,-94.74,0.0,5.070000000000001,25.350000000000005,2.374695057755114,0.0,21.2712675817658,100.0,47.6403259519839,69.10081487995974,31.980081487995974
6508,惠光,農業科技業,28.7,2020-09-28,2020Q2,0.0,0.0,1.73,3.46,-22.53333333333333,0.0,18.8491563617532,69.245781808766,0.8743440428380187,53.47772040543125,69.0,100.0,31.94741135240115
4543,萬在,電機機械,15.95,2020-09-28,2020Q2,0.0,0.0,-87.8,0.0,4.71,23.549999999999997,1.4765196250464114,0.0,1.1013333333333333,85.90476190476191,67.0,100.0,31.890952380952385
6113,亞矽,電子通路業,7.21,2020-09-28,2020Q2,0.0,0.0,4.17,8.34,25.38666666666667,100.0,-3.1132048427630887,0.0,0.0,0.0,59.0,97.5,31.835
3611,鼎翰,電腦及週邊設備業,175.5,2020-09-28,2020Q2,0.0,0.0,-27.66,0.0,-5.886666666666667,0.0,13.674977370299993,43.374886851499966,1.2825568458770693,100.0,41.0,52.5,31.756233027724996
8908,欣雄,油電燃氣業,51.8,2020-09-28,2020Q2,0.0,0.0,7.34,14.679999999999998,-35.22,0.0,6.951870237264964,9.75935118632482,1.6413392789229482,100.0,46.0,65.0,31.633902677948722
2816,旺旺保,金融保險業,18.6,2020-09-28,2020Q2,6.76,91.97424892703863,-29.17,0.0,6.466666666666666,32.33333333333333,6.840199739056405,9.200998695282022,0.9210446243957762,60.14923205653946,30.2239450658988,25.559862664747,31.630074041445425
8011,台通,通信網路業,16.15,2020-09-28,2020Q2,76.9,0.0,102.86,100.0,1.696666666666667,8.483333333333334,2.9142766691528004,0.0,-1.5689922480620155,0.0,39.6576580640501,49.144145160125255,31.611081182679193
2936,客思達-KY,,20.4,2020-09-28,2020Q2,170.0,0.0,274.36,100.0,0.0,0.0,1.7923064509864965,0.0,0.0,0.0,46.310228556078,65.77557139019501,31.5775571390195
6128,上福,電腦及週邊設備業,26.55,2020-09-28,2020Q2,18.18,43.27854417375991,-87.84,0.0,-36.77,0.0,-2.208118304055255,0.0,4.626890828939407,100.0,48.926058984928,72.31514746232,31.559369163607993
6247,淇譽電,,9.23,2020-09-28,2020Q2,0.0,0.0,65.45,100.0,0.0,0.0,-16.488192256447725,0.0,0.0,0.0,46.0,65.0,31.5
6182,合晶,半導體業,33.9,2020-09-28,2020Q2,0.0,0.0,-70.83,0.0,1.5833333333333337,7.916666666666669,12.154902438176062,35.774512190880316,4.327536070900097,100.0,38.0,45.0,31.44951016196538
3665,貿聯-KY,其他電子業,219.5,2020-09-28,2020Q2,16.27,45.268747988413274,-18.77,0.0,0.0,0.0,9.524909894781288,22.62454947390644,1.0309080855562631,75.84401222232331,53.4373182403128,83.59329560078199,31.448689224470158
2405,輔信,電腦及週邊設備業,8.99,2020-09-28,2020Q2,128.43,0.0,42.86,85.72,-48.550000000000004,0.0,-2.1025495616299392,0.0,0.0,0.0,84.6327872341079,100.0,31.43
1593,祺驊,運動休閒,58.8,2020-09-28,2020Q2,0.0,0.0,-2.53,0.0,9.75,48.75,10.724774353914352,28.623871769571764,0.7584638193302057,36.92340276145796,70.0,100.0,31.428261317727355
3537,堡達,電子零組件業,30.35,2020-09-28,2020Q2,0.0,0.0,-4.38,0.0,-7.073333333333333,0.0,8.187552940924183,15.937764704620916,1.4384276070479858,100.0,56.0,90.0,31.390664705693137
1524,耿鼎,汽車工業,9.41,2020-09-28,2020Q2,18.82,53.11454311454311,-75.56,0.0,-19.356666666666666,0.0,1.7397701170663769,0.0,8.48182626431672,100.0,44.3011779842031,60.75294496050775,31.386748807505086
4972,湯石照明,光電業,27.8,2020-09-28,2020Q2,0.0,0.0,-97.73,0.0,-15.113333333333335,0.0,6.818668379362021,9.093341896810102,19.11059371362049,100.0,78.0,100.0,31.364001284521514
6242,立康,生技醫療業,36.5,2020-09-28,2020Q2,0.0,0.0,-67.44,0.0,51.300000000000004,100.0,6.739630907235082,8.698154536175409,-0.5571840461316675,0.0,73.0,100.0,31.30472318042631
2049,上銀,電機機械,284.0,2020-09-28,2020Q2,101.79,0.0,-69.61,0.0,2.9166666666666665,14.583333333333332,6.515225136359805,7.5761256817990255,3.8522737704015126,100.0,48.7965776623111,71.99144415577776,31.252229934514297
5015,華祺,鋼鐵工業,31.55,2020-09-28,2020Q2,0.0,0.0,-20.98,0.0,-18.756666666666664,0.0,8.29278654223715,16.463932711185752,1.8107263809412588,100.0,55.0,87.5,31.21958990667786
4503,金雨,電機機械,17.5,2020-09-28,2020Q2,0.0,0.0,-50.0,0.0,-49.10333333333333,0.0,6.614191928616261,8.070959643081306,8.707916715680508,100.0,77.0,100.0,31.210643946462195
1419,新紡,紡織纖維,43.5,2020-09-28,2020Q2,35.95,11.996161228406898,-47.06,0.0,-7.79,0.0,3.307120110605218,0.0,1.2066526773917774,100.0,64.3043336438057,100.0,31.19961612284069
2890,永豐金,金融保險業,10.85,2020-09-28,2020Q2,10.53,59.6137339055794,-13.79,0.0,10.183333333333334,50.916666666666664,35.068626519181414,100.0,-5.93993992877365,0.0,7.38131049614371,0.0,31.144706723891275
6274,台燿,電子零組件業,115.5,2020-09-28,2020Q2,0.0,0.0,18.29,36.58,7.136666666666667,35.68333333333334,14.126143718636866,45.63071859318433,0.45510128043183906,0.0,52.0,80.0,31.126274455644317
2221,大甲,其他業,22.85,2020-09-28,2020Q2,0.0,0.0,-50.33,0.0,-12.673333333333332,0.0,9.066584067890224,20.332920339451118,1.5607564419675006,100.0,52.0,80.0,31.049938050917667
6266,泰詠,電子零組件業,18.65,2020-09-28,2020Q2,0.0,0.0,36.36,72.72,-33.06666666666666,0.0,8.789741175323073,18.948705876615364,-0.18652489428760502,0.0,67.0,100.0,31.022305881492304
4138,曜亞,生技醫療業,47.2,2020-09-28,2020Q2,0.0,0.0,3.57,7.139999999999999,-18.476666666666667,0.0,14.822523394643433,49.112616973217165,0.9500893018073375,64.2984716867625,56.0,90.0,31.011586883335077
2236,百達-KY,汽車工業,17.15,2020-09-28,2020Q2,23.49,29.073359073359086,-80.95,0.0,0.0,0.0,-0.7239951333729513,0.0,74.5166475315729,100.0,52.0466451664025,80.11661291600625,30.918997198936534
2723,美食-KY,觀光餐旅,99.7,2020-09-28,2020Q2,26.66,50.0,-48.65,0.0,0.0,0.0,4.685261684132153,0.0,5.12496298814524,100.0,43.5827314799339,58.95682869983474,30.895682869983474
2340,台亞,半導體業,22.8,2020-09-28,2020Q2,16.89,67.4688492548253,-25.42,0.0,-5.986666666666667,0.0,9.9137881873469,24.568940936734496,0.8657254067644997,52.246486680642825,67.3019414550572,100.0,30.88152340212127
3023,信邦,電子零組件業,179.0,2020-09-28,2020Q2,22.18,5.410691003911339,16.19,32.38,12.113333333333335,60.56666666666668,12.578676597761001,37.89338298880501,0.3943195636615112,0.0,37.5625988965594,43.9064972413985,30.824059606185074
5340,建榮,電子零組件業,36.75,2020-09-28,2020Q2,0.0,0.0,-6.67,0.0,-9.696666666666667,0.0,6.096237768853617,5.481188844268083,2.8358551717751643,100.0,85.0,100.0,30.822178326640213
8926,台汽電,油電燃氣業,38.1,2020-09-28,2020Q2,20.82,49.395989369412895,-2.56,0.0,16.946666666666665,84.73333333333332,3.6433110124426156,0.0,0.525093116950118,3.584730992873994,52.4935061440132,81.233765360033,30.72658833818606
3402,漢科,其他電子業,26.85,2020-09-28,2020Q2,0.0,0.0,-2.63,0.0,2.6399999999999997,13.199999999999998,7.739709108228719,13.698545541143595,1.6798757378067724,100.0,44.0,60.0,30.69478183117154
9951,皇田,電機機械,73.0,2020-09-28,2020Q2,0.0,0.0,-48.79,0.0,-18.186666666666667,0.0,7.8452893622762465,14.226446811381233,2.0381325305432165,100.0,54.0,85.0,30.633967021707186
1515,力山,電機機械,82.4,2020-09-28,2020Q2,26.08,15.843621399176966,-76.04,0.0,64.62666666666667,100.0,8.728119796295342,18.64059898147671,-1.243573978670592,0.0,45.0029374293943,62.507343573485755,30.63118634448778
4190,佐登-KY,生技醫療業,81.8,2020-09-28,2020Q2,17.4,69.08858405022089,-83.07,0.0,0.0,0.0,7.187532713350622,10.93766356675311,7.707777179763187,100.0,28.1716267785176,20.429066946293997,30.59241463466445
4108,懷特,生技醫療業,25.85,2020-09-28,2020Q2,0.0,0.0,41.18,82.36,-0.5666666666666677,0.0,-257.93548387096774,0.0,0.0,0.0,70.1894536060781,100.0,30.59
1470,大統新創,紡織纖維,17.65,2020-09-28,2020Q2,37.55,5.85412667946259,-82.35,0.0,-44.76666666666667,0.0,2.3932432478417254,0.0,8.686262299165525,100.0,82.0671979354253,100.0,30.585412667946258
4721,美琪瑪,化學工業,60.6,2020-09-28,2020Q2,0.0,0.0,-36.15,0.0,-23.77,0.0,6.446673062919754,7.233365314598772,2.400170896075839,100.0,58.0,95.0,30.585004797189814
6024,群益期,金融保險業,36.75,2020-09-28,2020Q2,12.89,39.35622317596565,-9.66,0.0,32.26,100.0,13.77903885147685,43.895194257384254,0.24452505100884153,0.0,12.8409209493696,0.0,30.519901456204202
9924,福興,居家生活,42.45,2020-09-28,2020Q2,10.01,80.09776536312849,-6.25,0.0,6.663333333333334,33.31666666666667,12.771242022992393,38.85621011496197,-0.5893269817323975,0.0,62.6683313968521,100.0,30.501541386890477
5468,凱鈺,半導體業,10.9,2020-09-28,2020Q2,0.0,0.0,93.46,100.0,1.0,5.0,-6.059436510999614,0.0,0.0,0.0,38.0,45.0,30.5
1702,南僑,食品工業,42.2,2020-09-28,2020Q2,12.02,82.090395480226,-23.93,0.0,-3.6966666666666668,0.0,7.101427782910625,10.507138914553128,1.6025204793021215,100.0,22.8449011241665,7.112252810416253,30.49633566624719
3297,杭特,光電業,12.15,2020-09-28,2020Q2,0.0,0.0,40.91,81.82,-5.613333333333334,0.0,-19.139097780652385,0.0,0.0,0.0,73.0,100.0,30.455
2028,威致,鋼鐵工業,10.0,2020-09-28,2020Q2,19.23,51.46041506533437,-14.89,0.0,-1.2699999999999996,0.0,3.744709779537234,0.0,1.5462021207530838,100.0,41.2140430651127,53.03510766278174,30.44955227281161
1730,花仙子,化學工業,69.1,2020-09-28,2020Q2,16.57,66.35537607269055,-33.52,0.0,-6.260000000000001,0.0,12.504574416002484,37.52287208001242,0.83645288741669,48.064698202384285,54.257328379281,85.6433209482025,30.441240154568025
3617,碩天,其他電子業,74.6,2020-09-28,2020Q2,19.28,25.893144512391373,-61.13,0.0,2.333333333333333,11.666666666666666,4.234550788503525,0.0,2.2458824770887955,100.0,42.0663571446065,55.165892861516255,30.439237070724094
4538,大詠城,電機機械,15.1,2020-09-28,2020Q2,0.0,0.0,-56.6,0.0,-45.169999999999995,0.0,5.578731430616937,2.8936571530846855,3.3980860388158485,100.0,93.0,100.0,30.434048572962702
2912,統一超,貿易百貨業,260.5,2020-09-28,2020Q2,26.72,85.50567221819938,-7.37,0.0,1.8800000000000001,9.4,4.635288588506467,0.0,3.251104549628923,100.0,15.6284996305055,0.0,30.430567221819935
6697,東捷資訊,資訊服務業,36.5,2020-09-28,2020Q2,0.0,0.0,-2.82,0.0,-14.256666666666666,0.0,5.546520831834209,2.7326041591710437,3.628215987294865,100.0,60.0,100.0,30.409890623875658
2364,倫飛,電腦及週邊設備業,5.02,2020-09-28,2020Q2,0.0,0.0,50.0,100.0,4.916666666666665,24.583333333333325,-5.642740688098324,0.0,0.0,0.0,21.7317572724727,4.3293931811817465,30.349605984784837
3312,弘憶股,電子通路業,12.55,2020-09-28,2020Q2,11.21,50.0,-30.16,0.0,3.026666666666667,15.133333333333335,1.2335142123772318,0.0,11.869995975700899,100.0,29.2062882526478,23.015720631619494,30.328238729828616
2012,春雨,鋼鐵工業,16.35,2020-09-28,2020Q2,14.34,76.51806302843967,-57.5,0.0,-16.55666666666667,0.0,4.3862846293296265,0.0,5.473413011613485,100.0,30.6874729843637,26.718682460909253,30.32367454893489
6155,鈞寶,電子零組件業,20.5,2020-09-28,2020Q2,46.59,0.0,-72.06,0.0,-11.479999999999999,0.0,6.708447015542837,8.542235077714185,1.1697107611234205,95.67296587477438,59.573037701324,98.93259425330999,30.309187861943002
1525,江申,汽車工業,64.3,2020-09-28,2020Q2,17.06,62.175032175032186,-10.98,0.0,14.063333333333333,70.31666666666666,-0.723401009143318,0.0,-1.2888320990878397,0.0,79.9421671003798,100.0,30.28083655083655
2301,光寶科,電腦及週邊設備業,45.9,2020-09-28,2020Q2,10.13,90.53419430584091,30.12,60.24,-14.573333333333332,0.0,5.914697258535692,4.573486292678459,0.5315400622918597,4.505723184551384,38.2495881936625,45.62397048415624,30.262984059811764
6163,華電網,通信網路業,15.7,2020-09-28,2020Q2,0.0,0.0,12.5,25.0,36.92333333333334,100.0,-4.540859742522288,0.0,0.0,0.0,36.0,40.0,30.25
6108,競國,電子零組件業,20.55,2020-09-28,2020Q2,23.9,0.0,-90.67,0.0,6.623333333333334,33.116666666666674,2.511824637896833,0.0,5.57908220594184,100.0,34.4171418986088,36.04285474652199,30.227618807985536
1538,正峰,電機機械,4.04,2020-09-28,2020Q2,0.0,0.0,234.02,100.0,-24.736666666666665,0.0,-34.40889869461298,0.0,-0.47670639219934996,0.0,40.8106154523318,52.02653863082951,30.20265386308295
1717,長興,化學工業,33.1,2020-09-28,2020Q2,20.69,45.55779909136799,-36.11,0.0,-9.463333333333333,0.0,6.627272363869796,8.13636181934898,2.2993278654477822,100.0,37.6692104304947,44.17302607623675,30.193536789662822
4931,新盛力,電腦及週邊設備業,21.9,2020-09-28,2020Q2,0.0,0.0,-50.0,0.0,-36.86333333333334,0.0,5.157580192706428,0.7879009635321399,1.8482267523038258,100.0,63.0,100.0,30.11818514452982
8183,精星,其他電子業,18.3,2020-09-28,2020Q2,0.0,0.0,-3.64,0.0,-34.5,0.0,5.730581688959008,3.6529084447950404,1.4953575475261236,100.0,58.0,95.0,30.047936266719255
4551,智伸科,汽車工業,160.5,2020-09-28,2020Q2,38.03,0.0,-51.35,0.0,0.26333333333333336,1.3166666666666669,11.63158810744868,33.157940537243405,3.087513627220661,100.0,39.2281113873444,48.070278468360996,30.04405226075594
4939,亞電,電子零組件業,15.5,2020-09-28,2020Q2,0.0,0.0,0.0,0.0,-4.673333333333333,0.0,8.379176427686627,16.895882138433134,7.441739552964043,100.0,50.0,75.0,30.03438232076497
6292,迅德,電子零組件業,33.3,2020-09-28,2020Q2,0.0,0.0,-55.97,0.0,26.426666666666666,100.0,9.709247190331107,23.546235951655532,-2.2731821876975884,0.0,46.0,65.0,30.03193539274833
8222,寶一,電機機械,13.35,2020-09-28,2020Q2,43.06,0.0,-75.56,0.0,-62.32333333333333,0.0,-1.5368061565811326,0.0,1.8513671115718544,100.0,62.5544260997706,100.0,30.0
3054,立萬利,食品工業,23.0,2020-09-28,2020Q2,2300.0,0.0,-50.0,0.0,140.96,100.0,-20.457704745321255,0.0,-27.787146529562982,0.0,93.29713456684,100.0,30.0
1599,宏佳騰,電機機械,31.85,2020-09-28,2020Q2,0.0,0.0,-45.76,0.0,43.076666666666675,100.0,4.169629124941442,0.0,-0.4117117907762517,0.0,71.0,100.0,30.0
1233,天仁,食品工業,35.95,2020-09-28,2020Q2,39.08,0.0,-85.26,0.0,-15.113333333333332,0.0,0.1983444876528603,0.0,6.61295494628828,100.0,60.7537753028323,100.0,30.0
3285,微端,其他電子業,22.6,2020-09-28,2020Q2,0.0,0.0,-212.5,0.0,71.94333333333334,100.0,-1.6073478760045925,0.0,0.0,0.0,64.0,100.0,30.0
3207,耀勝,電子零組件業,10.3,2020-09-28,2020Q2,0.0,0.0,1100.0,100.0,-2.233333333333333,0.0,1.0138907499218366,0.0,-6.992088607594937,0.0,40.0,50.0,30.0
4989,榮科,電子零組件業,15.95,2020-09-28,2020Q2,0.0,0.0,-68.75,0.0,-21.123333333333335,0.0,1.9720186641053918,0.0,7.887883581145207,100.0,79.6308844085385,100.0,30.0
2482,連宇,其他電子業,10.4,2020-09-28,2020Q2,31.52,0.0,-29.41,0.0,-27.266666666666666,0.0,0.8793031756364008,0.0,1.2047081497797356,100.0,65.5364369027782,100.0,30.0
6485,點序,半導體業,23.65,2020-09-28,2020Q2,0.0,0.0,-96.77,0.0,-21.473333333333333,0.0,-5.912235614540777,0.0,35.185360094451006,100.0,75.0,100.0,30.0
3306,鼎天,通信網路業,17.9,2020-09-28,2020Q2,0.0,0.0,-68.89,0.0,-35.309999999999995,0.0,-2.956344570729629,0.0,4.690938511326861,100.0,79.0,100.0,30.0
8255,朋程,電機機械,82.0,2020-09-28,2020Q2,0.0,0.0,-79.76,0.0,-24.69666666666667,0.0,4.91622370671137,0.0,4.730258575657322,100.0,61.0,100.0,30.0
6446,藥華藥,生技醫療業,98.6,2020-09-28,2020Q2,0.0,0.0,-0.91,0.0,53103.049999999996,100.0,-388.93380533668306,0.0,0.0,0.0,76.0,100.0,30.0
1517,利奇,電機機械,11.35,2020-09-28,2020Q2,0.0,0.0,-366.67,0.0,24.96666666666667,100.0,-2.589634475531138,0.0,0.0,0.0,70.2060439688437,100.0,30.0
1453,大將,建材營造業,8.72,2020-09-28,2020Q2,0.0,0.0,-250.0,0.0,155443.10333333333,100.0,-15.786400207630418,0.0,0.0,0.0,98.0197640450141,100.0,30.0
6283,淳安,其他電子業,31.2,2020-09-28,2020Q2,0.0,0.0,-178.57,0.0,42.95666666666667,100.0,-3.2291196678074776,0.0,0.0,0.0,70.204839373156,100.0,30.0
6499,益安,生技醫療業,62.1,2020-09-28,2020Q2,0.0,0.0,-4.82,0.0,22.326666666666668,100.0,-29.780959488736404,0.0,0.0,0.0,79.0,100.0,30.0
6496,科懋,生技醫療業,29.0,2020-09-28,2020Q2,0.0,0.0,-27.54,0.0,-0.6366666666666666,0.0,4.414720013989396,0.0,18.844428271758208,100.0,73.0,100.0,30.0
2401,凌陽,半導體業,13.55,2020-09-28,2020Q2,0.0,0.0,-750.0,0.0,25.723333333333333,100.0,2.0341139232878014,0.0,0.0,0.0,67.4100404540654,100.0,30.0
5460,同協,電子零組件業,11.2,2020-09-28,2020Q2,0.0,0.0,-54.55,0.0,-24.55,0.0,3.0444109326412754,0.0,7.769817578772803,100.0,79.0,100.0,30.0
8937,合騏,其他業,16.5,2020-09-28,2020Q2,0.0,0.0,-159.09,0.0,52.339999999999996,100.0,-15.030590678186066,0.0,0.0,0.0,88.0,100.0,30.0
4702,中美實,居家生活,9.48,2020-09-28,2020Q2,0.0,0.0,-97.14,0.0,-40.43666666666667,0.0,-4.204232560423331,0.0,121.21010101010101,100.0,71.0,100.0,30.0
5202,力新,資訊服務業,15.05,2020-09-28,2020Q2,0.0,0.0,-16.67,0.0,44.660000000000004,100.0,-44.64850343532321,0.0,0.0,0.0,78.0,100.0,30.0
3577,泓格,電腦及週邊設備業,30.6,2020-09-28,2020Q2,0.0,0.0,-4.17,0.0,-5.956666666666667,0.0,3.870470740363716,0.0,3.4037124867119144,100.0,70.0,100.0,30.0
2302,麗正,半導體業,14.6,2020-09-28,2020Q2,0.0,0.0,-233.33,0.0,28.22666666666667,100.0,-6.8029813225940705,0.0,0.0,0.0,80.8556731283769,100.0,30.0
4174,浩鼎,生技醫療業,105.0,2020-09-28,2020Q2,0.0,0.0,-1.21,0.0,96.32,100.0,-1073.897727648596,0.0,0.0,0.0,88.0,100.0,30.0
3609,東林,電子零組件業,31.3,2020-09-28,2020Q2,0.0,0.0,-16.67,0.0,-13.37,0.0,-5.324596268843771,0.0,7.829311101360246,100.0,65.0,100.0,30.0
2323,中環,光電業,7.77,2020-09-28,2020Q2,0.0,0.0,-142.86,0.0,23.180000000000003,100.0,-6.30366641244326,0.0,0.0,0.0,72.9321263344912,100.0,30.0
3531,先益,光電業,20.5,2020-09-28,2020Q2,0.0,0.0,-71.43,0.0,-21.05333333333333,0.0,1.8986130912445487,0.0,7.053204200993648,100.0,68.0,100.0,30.0
3518,柏騰,其他電子業,25.9,2020-09-28,2020Q2,0.0,0.0,0.0,0.0,28.099999999999998,100.0,-9.9490478158636,0.0,0.0,0.0,64.9733733784261,100.0,30.0
6198,凌泰,建材營造業,0.0,2020-09-28,2020Q2,0.0,0.0,-23.53,0.0,58.403333333333336,100.0,-72.7679702677591,0.0,0.0,0.0,81.0,100.0,30.0
3465,進泰電子,其他電子業,163.0,2020-09-28,2020Q2,0.0,0.0,-32.65,0.0,8109.7733333333335,100.0,-815.7957957957958,0.0,0.0,0.0,98.0,100.0,30.0
3511,矽瑪,電子零組件業,22.95,2020-09-28,2020Q2,0.0,0.0,-86.16,0.0,-35.016666666666666,0.0,3.8214993850864647,0.0,4.3619317788694385,100.0,80.0,100.0,30.0
6185,幃翔,電子零組件業,14.15,2020-09-28,2020Q2,0.0,0.0,-76.92,0.0,-17.44333333333333,0.0,-1.4344523830378257,0.0,20.08620320855615,100.0,76.0,100.0,30.0
8171,天宇,綠能環保,35.0,2020-09-28,2020Q2,0.0,0.0,-106.88,0.0,20.676666666666666,100.0,-23.32049011193689,0.0,0.0,0.0,65.0,100.0,30.0
1742,台蠟,化學工業,21.7,2020-09-28,2020Q2,0.0,0.0,-69.12,0.0,-41.13333333333333,0.0,2.4207581071288278,0.0,14.306626706626707,100.0,63.0,100.0,30.0
4706,大恭,化學工業,16.15,2020-09-28,2020Q2,0.0,0.0,-40.0,0.0,-19.563333333333333,0.0,4.433451017490262,0.0,3.134105730539753,100.0,84.0,100.0,30.0
4741,泓瀚,化學工業,27.95,2020-09-28,2020Q2,0.0,0.0,-88.0,0.0,-34.27333333333333,0.0,-1.1040060980774118,0.0,13.038987341772152,100.0,80.0,100.0,30.0
3492,長盛,電子零組件業,14.5,2020-09-28,2020Q2,0.0,0.0,-81.58,0.0,-27.27333333333333,0.0,1.4330812232818153,0.0,5.234618539786711,100.0,65.0,100.0,30.0
3591,艾笛森,光電業,11.35,2020-09-28,2020Q2,0.0,0.0,-50.0,0.0,-19.386666666666667,0.0,-0.5188695597204691,0.0,5.878406708595388,100.0,71.8753540133105,100.0,30.0
8032,光菱,電子通路業,21.35,2020-09-28,2020Q2,0.0,0.0,-34.52,0.0,-5.656666666666666,0.0,1.830644961723275,0.0,6.139992246149508,100.0,68.0,100.0,30.0
5356,協益,電腦及週邊設備業,26.2,2020-09-28,2020Q2,0.0,0.0,-19.32,0.0,-32.49,0.0,0.5732322134089837,0.0,3.496835704262169,100.0,73.0,100.0,30.0
6167,久正,光電業,7.45,2020-09-28,2020Q2,0.0,0.0,-23.81,0.0,-31.436666666666667,0.0,2.901278713128088,0.0,4.731104679023941,100.0,76.0,100.0,30.0
3362,先進光,光電業,33.15,2020-09-28,2020Q2,0.0,0.0,-158.82,0.0,35.52,100.0,-1.9215812511331385,0.0,0.0,0.0,63.0,100.0,30.0
6225,天瀚,光電業,4.16,2020-09-28,2020Q2,0.0,0.0,-100.0,0.0,203.54999999999998,100.0,-66.44312952005261,0.0,0.0,0.0,69.0152183079695,100.0,30.0
6233,旺玖,半導體業,23.75,2020-09-28,2020Q2,0.0,0.0,-50.0,0.0,-2.2133333333333334,0.0,-3.536332415247033,0.0,16.82371294851794,100.0,89.0,100.0,30.0
3479,安勤,電腦及週邊設備業,51.1,2020-09-28,2020Q2,0.0,0.0,-26.75,0.0,-32.32333333333333,0.0,6.329204097390393,6.646020486951968,2.0770803633253228,100.0,56.0,90.0,29.996903073042795
3563,牧德,光電業,283.0,2020-09-28,2020Q2,17.77,51.7689331122167,-25.48,0.0,-30.33666666666667,0.0,41.40722588273435,100.0,0.40959499335257304,0.0,59.20073312634,98.00183281585,29.977076592806668
3067,全域,其他電子業,27.3,2020-09-28,2020Q2,0.0,0.0,39.73,79.46,-56.67666666666667,0.0,-60.82931968693558,0.0,0.0,0.0,85.0,100.0,29.865
5383,金利,,21.6,2020-09-28,2020Q2,0.0,0.0,80.74,100.0,0.0,0.0,-7.512106859666861,0.0,0.0,0.0,39.0,47.5,29.75
5351,鈺創,半導體業,17.05,2020-09-28,2020Q2,0.0,0.0,55.56,100.0,-15.4,0.0,-7.968924104775789,0.0,0.0,0.0,39.0,47.5,29.75
8905,裕國,其他業,18.25,2020-09-28,2020Q2,0.0,0.0,-48.98,0.0,-14.993333333333334,0.0,3.5485228181372896,0.0,4.922485496610051,100.0,59.0,97.5,29.75
1337,再生-KY,塑膠工業,8.0,2020-09-28,2020Q2,0.0,0.0,39.44,78.88,0.0,0.0,-64.96447943290019,0.0,0.0,0.0,92.8680583246524,100.0,29.72
2530,華建,建材營造業,15.45,2020-09-28,2020Q2,0.0,0.0,-55.56,0.0,1675.58,100.0,-581.2074230678883,0.0,0.0,0.0,58.7616122106658,96.90403052666451,29.690403052666454
2358,廷鑫,,15.5,2020-09-28,2020Q2,64.58,0.0,137.5,100.0,0.0,0.0,3.2706748186794026,0.0,0.0,0.0,38.5493951755413,46.373487938853245,29.637348793885323
2506,太設,建材營造業,9.46,2020-09-28,2020Q2,0.0,0.0,8.33,16.66,91.02,100.0,-18.923707567327014,0.0,0.0,0.0,41.791586169121,54.478965422802496,29.61289654228025
4137,麗豐-KY,生技醫療業,183.0,2020-09-28,2020Q2,13.63,86.6193908393397,-51.56,0.0,0.0,0.0,27.59711148728136,100.0,0.13306583997466465,0.0,43.7833800825665,59.45845020641626,29.6077841045756
5536,聖暉,其他電子業,191.0,2020-09-28,2020Q2,0.0,0.0,-4.19,0.0,20.476666666666667,100.0,12.424261425020342,37.12130712510171,0.5356968436640909,5.099549094870125,32.0,30.0,29.58810588773928
3305,昇貿,其他電子業,24.2,2020-09-28,2020Q2,21.42,12.117798519472146,-43.06,0.0,-2.29,0.0,3.810981377022954,0.0,6.81332811308702,100.0,53.3555596110293,83.38889902757325,29.550669754704536
5304,鼎創達,,3.28,2020-09-28,2020Q2,0.0,0.0,115.0,100.0,0.0,0.0,6.961123336476999,9.805616682384995,0.0,0.0,32.0,30.0,29.470842502357748
3092,鴻碩,電子零組件業,37.4,2020-09-28,2020Q2,0.0,0.0,-25.87,0.0,-20.88,0.0,10.855365565907551,29.276827829537755,1.733504204325734,100.0,40.0,50.0,29.391524174430664
4908,前鼎,通信網路業,29.1,2020-09-28,2020Q2,0.0,0.0,10.47,20.94,-1.7466666666666668,0.0,23.844246120613537,94.22123060306768,0.4697481243301179,0.0,85.0,100.0,29.368184590460153
1711,永光,化學工業,16.1,2020-09-28,2020Q2,36.59,0.0,-52.5,0.0,-28.253333333333334,0.0,2.056310318269065,0.0,5.065794002812718,100.0,57.3290147853459,93.32253696336474,29.332253696336473
2344,華邦電,半導體業,13.45,2020-09-28,2020Q2,53.8,0.0,-27.27,0.0,-1.5,0.0,3.7347708574555467,0.0,6.929005518205258,100.0,57.2523132088306,93.1307830220765,29.31307830220765
5880,合庫金,金融保險業,19.7,2020-09-28,2020Q2,15.27,18.92703862660945,-6.45,0.0,12.366666666666667,61.83333333333334,39.00805107518597,100.0,0.2737906559266015,0.0,5.61485670727624,0.0,29.25937052932761
2489,瑞軒,光電業,9.99,2020-09-28,2020Q2,0.0,0.0,-200.0,0.0,19.253333333333334,96.26666666666667,-4.284791327789324,0.0,0.0,0.0,70.2007377757515,100.0,29.253333333333334
6213,聯茂,電子零組件業,116.0,2020-09-28,2020Q2,14.72,54.04172099087353,9.22,18.44,6.473333333333333,32.36666666666667,12.780220019472575,38.90110009736287,-0.7397348878257085,0.0,47.3608003665564,68.40200091639099,29.162870538664215
1303,南亞,塑膠工業,59.4,2020-09-28,2020Q2,30.78,0.0,-71.01,0.0,-7.823333333333333,0.0,4.89110225461555,0.0,4.209211460150334,100.0,56.299319221432,90.74829805358,29.074829805358
1909,榮成,造紙工業,16.9,2020-09-28,2020Q2,37.56,0.0,12.5,25.0,-2.4899999999999998,0.0,3.052808453365212,0.0,11.561992812171624,100.0,31.1965997654296,27.991499413574,29.0491499413574
6114,久威,電子零組件業,21.4,2020-09-28,2020Q2,0.0,0.0,-93.0,0.0,-24.80333333333333,0.0,5.036394756829241,0.18197378414620324,11.504410072862074,100.0,56.0,90.0,29.02729606762193
3019,亞光,光電業,65.3,2020-09-28,2020Q2,36.08,0.0,-89.39,0.0,-13.950000000000001,0.0,2.7977209568219195,0.0,16.541084478776174,100.0,56.0551945500136,90.137986375034,29.0137986375034
9955,佳龍,綠能環保,18.55,2020-09-28,2020Q2,0.0,0.0,-492.31,0.0,93.28000000000002,100.0,-15.086635391933747,0.0,0.0,0.0,56.0009462139562,90.00236553489049,29.00023655348905
3580,友威科,其他電子業,31.1,2020-09-28,2020Q2,0.0,0.0,-88.8,0.0,-23.909999999999997,0.0,1.440180586907449,0.0,7.207673220080168,100.0,56.0,90.0,29.0
6244,茂迪,光電業,37.3,2020-09-28,2020Q2,0.0,0.0,114.46,100.0,-29.63,0.0,-1.8716025090557302,0.0,-5.478706249492453,0.0,36.0,40.0,29.0
3548,兆利,電子零組件業,67.4,2020-09-28,2020Q2,0.0,0.0,-42.82,0.0,-8.480000000000002,0.0,2.7097023006066716,0.0,2.8385891315878298,100.0,56.0,90.0,29.0
8472,夠麻吉,數位雲端,42.5,2020-09-28,2020Q2,0.0,0.0,-1.12,0.0,-0.8933333333333332,0.0,8.930533385849623,19.652666929248113,6.122503744383425,100.0,44.0,60.0,28.947900039387218
3202,樺晟,,25.9,2020-09-28,2020Q2,0.0,0.0,208.33,100.0,0.0,0.0,5.868813989586559,4.344069947932794,0.0,0.0,33.0,32.5,28.90161049218992
6674,鋐寶科技,通信網路業,25.7,2020-09-28,2020Q2,0.0,0.0,-78.57,0.0,-8.516666666666667,0.0,-1.252352376626171,0.0,72.39550232217061,100.0,55.3248734546187,88.31218363654673,28.831218363654674
6263,普萊德,通信網路業,61.0,2020-09-28,2020Q2,0.0,0.0,-18.45,0.0,-10.33,0.0,24.846136475243835,99.23068237621916,0.6369680402281395,19.56686288973421,68.0,100.0,28.797974934379717
2534,宏盛,建材營造業,17.8,2020-09-28,2020Q2,10.99,75.79338284942607,-56.25,0.0,-59.026666666666664,0.0,29.4032532476825,100.0,-7.745990757063224,0.0,44.8376001983838,62.09400049595949,28.788738334538557
6593,台灣銘板,資訊服務業,25.3,2020-09-28,2020Q2,0.0,0.0,-368.75,0.0,20.26,100.0,-8.903184114675126,0.0,0.0,0.0,55.0,87.5,28.75
3313,斐成,其他業,11.95,2020-09-28,2020Q2,0.0,0.0,37.5,75.0,-49.06666666666666,0.0,-21.66939021243657,0.0,0.0,0.0,100.0,100.0,28.75
6589,台康生技,生技醫療業,64.0,2020-09-28,2020Q2,0.0,0.0,-104.32,0.0,54.35666666666666,100.0,-147.25696720385147,0.0,0.0,0.0,55.0,87.5,28.75
1805,寶徠,建材營造業,10.05,2020-09-28,2020Q2,0.0,0.0,43.14,86.28,-93.13333333333333,0.0,-19.955705217398464,0.0,0.0,0.0,48.6616501145913,71.65412528647825,28.735412528647824
2308,台達電,電子零組件業,182.5,2020-09-28,2020Q2,23.86,0.0,-25.15,0.0,0.41000000000000014,2.0500000000000007,8.898192262777577,19.490961313887887,1.9069411292766614,100.0,41.5456326470103,53.86408161752575,28.72005235883576
1304,台聚,塑膠工業,16.0,2020-09-28,2020Q2,15.69,51.81476846057572,-26.15,0.0,-14.136666666666665,0.0,7.799556309915336,13.997781549576679,10.034941383352873,100.0,25.7042572817093,14.260643204273249,28.707208398921402
2880,華南金,金融保險業,17.75,2020-09-28,2020Q2,23.99,0.0,-83.33,0.0,-5.566666666666666,0.0,16.59223071462401,57.961153573120036,16.750990837301664,100.0,6.35247072669715,0.0,28.694173035968007
2024,志聯,鋼鐵工業,14.15,2020-09-28,2020Q2,0.0,0.0,0.0,0.0,-10.92,0.0,-0.2047148697791378,0.0,353.69565217391306,100.0,54.5643252540848,86.410813135212,28.641081313521198
1708,東鹼,化學工業,22.6,2020-09-28,2020Q2,25.98,18.85411408379605,-66.67,0.0,-11.736666666666666,0.0,5.276590194345009,1.3829509717250454,8.076981197245429,100.0,46.139738281811,65.3493457045275,28.627788624591112
8028,昇陽半導體,半導體業,46.15,2020-09-28,2020Q2,24.95,28.084534571219155,-52.42,0.0,-20.146666666666665,0.0,1.3185533142116352,0.0,3.270547063969945,100.0,43.2375316665847,58.09382916646175,28.617836373768093
6234,高僑,光電業,22.2,2020-09-28,2020Q2,0.0,0.0,10.84,21.68,6.633333333333333,33.166666666666664,13.683917754416722,43.419588772083614,-3.355504613981123,0.0,60.0,100.0,28.566271649145875
2451,創見,半導體業,63.2,2020-09-28,2020Q2,16.33,70.20522843879795,-8.11,0.0,-20.506666666666668,0.0,12.749731516713258,38.748657583566285,0.7002512600740743,28.60732286772491,82.787366427523,100.0,28.55428605495972
2419,仲琦,通信網路業,20.2,2020-09-28,2020Q2,29.71,34.80031019775105,-34.21,0.0,19.053333333333335,95.26666666666668,4.376893379867707,0.0,-10.416527086670008,0.0,44.0460035576338,60.11500889408451,28.544865242516895
9928,中視,其他業,4.75,2020-09-28,2020Q2,0.0,0.0,66.67,100.0,3.5066666666666664,17.53333333333333,-17.350843986509517,0.0,0.0,0.0,11.4660471312998,0.0,28.506666666666668
8476,台境,綠能環保,20.6,2020-09-28,2020Q2,0.0,0.0,68.11,100.0,-54.81666666666666,0.0,-8.829900206057964,0.0,0.0,0.0,34.0,35.0,28.5
3672,康聯訊,通信網路業,18.7,2020-09-28,2020Q2,0.0,0.0,-78.57,0.0,70.13666666666667,100.0,-1.720827962696186,0.0,0.0,0.0,54.0,85.0,28.5
8435,鉅邁,其他業,48.8,2020-09-28,2020Q2,0.0,0.0,-11.67,0.0,-7.503333333333334,0.0,20.792309709816497,78.96154854908248,0.7324365613157947,33.20522304511353,70.0,100.0,28.485276891385077
1776,展宇,化學工業,15.5,2020-09-28,2020Q2,31.0,0.0,-76.09,0.0,-21.790000000000003,0.0,3.1077494980613447,0.0,9.791762946853337,100.0,53.2768922202343,83.19223055058575,28.319223055058576
6176,瑞儀,光電業,109.0,2020-09-28,2020Q2,9.38,98.14814814814814,-15.92,0.0,6.153333333333333,30.766666666666666,12.616824707476043,38.084123537380215,0.48676230784734054,0.0,46.3471844641458,65.8679611603645,28.26756279479163
6419,京晨科,光電業,16.8,2020-09-28,2020Q2,0.0,0.0,-110.98,0.0,27.02666666666667,100.0,-22.684289526350902,0.0,0.0,0.0,53.0,82.5,28.25
8050,廣積,電腦及週邊設備業,40.55,2020-09-28,2020Q2,0.0,0.0,-64.54,0.0,31.123333333333335,100.0,1.2422312712474508,0.0,-2.4181922680325236,0.0,53.0,82.5,28.25
1307,三芳,塑膠工業,20.1,2020-09-28,2020Q2,31.41,0.0,-88.0,0.0,-31.30666666666667,0.0,1.855801799776772,0.0,39.66301549025218,100.0,52.9743204321481,82.43580108037024,28.243580108037023
6506,雙邦,紡織纖維,16.0,2020-09-28,2020Q2,0.0,0.0,-26.67,0.0,-30.013333333333335,0.0,5.711570285378941,3.5578514268947052,2.2498435602017155,100.0,50.0,75.0,28.033677714034205
6166,凌華,電腦及週邊設備業,65.2,2020-09-28,2020Q2,42.34,0.0,-48.54,0.0,-13.76,0.0,4.8686781168184865,0.0,2.681342466229725,100.0,51.6837019330878,79.2092548327195,27.92092548327195
4976,佳凌,光電業,43.95,2020-09-28,2020Q2,0.0,0.0,-219.05,0.0,17.873333333333335,89.36666666666667,-21.345905416383662,0.0,0.0,0.0,71.8504274653313,100.0,27.873333333333335
3206,志豐,電子零組件業,29.65,2020-09-28,2020Q2,0.0,0.0,-7.53,0.0,-9.083333333333334,0.0,6.475764250477351,7.378821252386754,2.5473533382932407,100.0,47.0,67.5,27.856823187858012
2351,順德,半導體業,55.1,2020-09-28,2020Q2,33.6,0.0,-61.76,0.0,-4.72,0.0,4.990687136163371,0.0,3.662473954362962,100.0,51.2660615333786,78.16515383344648,27.816515383344647
1432,大魯閣,運動休閒,16.8,2020-09-28,2020Q2,0.0,0.0,58.44,100.0,2.7733333333333334,13.866666666666665,-3.8361931644953877,0.0,0.0,0.0,18.3775509913461,0.0,27.773333333333333
9905,大華,其他業,21.1,2020-09-28,2020Q2,12.56,76.82784736382172,15.49,30.98,-0.93,0.0,8.114540786920657,15.572703934603283,-1.3023848001571956,0.0,66.2758156912315,100.0,27.763690326572664
8215,明基材,光電業,21.25,2020-09-28,2020Q2,32.69,0.0,-30.61,0.0,3.06,15.299999999999999,2.5482952392265057,0.0,4.279197230316705,100.0,38.414415622893,46.03603905723251,27.66360390572325
6461,益得,生技醫療業,20.3,2020-09-28,2020Q2,0.0,0.0,34.62,69.24,0.8233333333333336,4.116666666666668,-973.6976289623524,0.0,0.0,0.0,58.0,95.0,27.633333333333333
9907,統一實,其他業,10.0,2020-09-28,2020Q2,45.45,0.0,-42.86,0.0,-1.0200000000000002,0.0,2.533478207168391,0.0,7.323634395274219,100.0,50.5250921112485,76.31273027812125,27.631273027812124
8016,矽創,半導體業,130.0,2020-09-28,2020Q2,12.24,90.1905692645981,8.0,16.0,-8.15,0.0,16.14123060239597,55.70615301197985,-0.2372474563486281,0.0,44.9506184292015,62.376546073003745,27.61263448555716
5425,台半,半導體業,40.05,2020-09-28,2020Q2,0.0,0.0,-25.64,0.0,-4.3999999999999995,0.0,9.791801836540081,23.959009182700406,4.424296307875685,100.0,36.0,40.0,27.59385137740506
3055,蔚華科,電子通路業,31.5,2020-09-28,2020Q2,0.0,0.0,-172.5,0.0,78.71,100.0,-3.5951650928902805,0.0,0.0,0.0,50.328869102993,75.8221727574825,27.58221727574825
9940,信義,其他業,28.55,2020-09-28,2020Q2,25.72,0.16020972909991382,-53.57,0.0,20.64333333333333,100.0,11.019178814143277,30.09589407071639,-0.3090765960796662,0.0,32.0652336770907,30.163084192726757,27.546713502790126
3685,元創精密,電機機械,18.25,2020-09-28,2020Q2,0.0,0.0,-560.0,0.0,49.623333333333335,100.0,-10.190625056145457,0.0,0.0,0.0,50.0,75.0,27.5
3290,東浦,電子零組件業,14.05,2020-09-28,2020Q2,0.0,0.0,-34.29,0.0,-36.39,0.0,-1.9028881001550888,0.0,2.1568425210674156,100.0,50.0,75.0,27.5
4952,凌通,半導體業,30.8,2020-09-28,2020Q2,17.4,64.97678964085024,-24.17,0.0,8.056666666666667,40.28333333333333,8.841363109964732,19.20681554982366,-0.681158252143512,0.0,66.2154077224622,100.0,27.43536796322524
6217,中探針,電子零組件業,33.35,2020-09-28,2020Q2,0.0,0.0,-57.53,0.0,1.0833333333333333,5.416666666666666,1.013367191914479,0.0,1.0881968202857717,84.02811718368167,58.0,95.0,27.38895677006967
1799,易威,生技醫療業,16.85,2020-09-28,2020Q2,0.0,0.0,34.71,69.42,-44.623333333333335,0.0,-67.10912124812019,0.0,0.0,0.0,66.0,100.0,27.355
6196,帆宣,其他電子業,102.0,2020-09-28,2020Q2,22.77,3.427743804312855,38.8,77.6,5.403333333333333,27.016666666666666,5.026856965492957,0.13428482746478565,-0.9072674962329063,0.0,28.4802225989969,21.200556497492247,27.286306087633562
8489,三貝德,其他業,55.4,2020-09-28,2020Q2,0.0,0.0,-83.9,0.0,-5.973333333333334,0.0,9.838790818510148,24.19395409255074,20.227503260397043,100.0,34.0,35.0,27.12909311388261
8112,至上,電子通路業,29.3,2020-09-28,2020Q2,8.05,78.18911685994647,17.86,35.72,9.886666666666667,49.43333333333334,1.531683365833347,0.0,-4.5538661753147185,0.0,21.5785996869059,3.94649921726475,27.03022827438779
6803,崑鼎,綠能環保,211.5,2020-09-28,2020Q2,0.0,0.0,1.17,2.34,7.333333333333333,36.666666666666664,21.705112028796076,83.52556014398039,-2.507969647382663,0.0,46.0,65.0,26.947167354930393
4417,金洲,紡織纖維,30.3,2020-09-28,2020Q2,0.0,0.0,-22.62,0.0,-0.34999999999999964,0.0,12.091705807932062,35.458529039660306,0.9844785506001079,69.21122151430113,51.0,77.5,26.91102365880927
6189,豐藝,電子通路業,33.0,2020-09-28,2020Q2,11.79,44.826048171275666,11.18,22.36,9.53,47.65,3.9855282621789563,0.0,0.6560479247689507,22.29256068127867,31.3622181711373,28.405545427843247,26.901671496167623
2105,正新,橡膠工業,36.7,2020-09-28,2020Q2,118.39,0.0,-90.59,0.0,-4.526666666666666,0.0,3.732186781470005,0.0,29.590243920161015,100.0,47.365416531622,68.41354132905501,26.8413541329055
9945,潤泰新,其他業,39.4,2020-09-28,2020Q2,5.27,100.0,-26.29,0.0,3.9933333333333323,19.96666666666666,10.247970524013603,26.239852620068017,0.04276920694746246,0.0,55.4366125492371,88.59153137309275,26.78846436365281
6122,擎邦,電機機械,11.85,2020-09-28,2020Q2,0.0,0.0,-85.5,0.0,-10.476666666666667,0.0,3.098676464733217,0.0,4.213549484639247,100.0,47.0,67.5,26.75
6512,啟發電,其他電子業,14.35,2020-09-28,2020Q2,0.0,0.0,-900.0,0.0,16.723333333333333,83.61666666666666,-16.567009165801174,0.0,0.0,0.0,92.0,100.0,26.723333333333333
4906,正文,通信網路業,25.65,2020-09-28,2020Q2,256.5,0.0,-85.19,0.0,22.19666666666667,100.0,0.8343194181166778,0.0,-39.33195279284563,0.0,46.7732689295018,66.9331723237545,26.69331723237545
6605,帝寶,汽車工業,46.7,2020-09-28,2020Q2,27.63,7.760617760617761,-73.09,0.0,-2.69,0.0,6.142029704265278,5.71014852132639,11.108180819501841,100.0,40.0364100299297,50.091025074824245,26.64168656174316
2338,光罩,半導體業,28.25,2020-09-28,2020Q2,35.31,0.0,-143.96,0.0,27.459999999999997,100.0,5.267806192850942,1.3390309642547082,0.0,0.0,45.713668953393,64.2841723834825,26.629271882986455
5522,遠雄,建材營造業,44.75,2020-09-28,2020Q2,11.87,69.85145172180958,-16.91,0.0,7.55,37.75,13.490153208246273,42.45076604123136,-2.051252014448458,0.0,42.8560549401173,57.140137350293266,26.616773813394992
1527,鑽全,電機機械,38.3,2020-09-28,2020Q2,19.44,50.0,-61.93,0.0,-4.83,0.0,15.387444796322248,51.93722398161123,0.6334752155172414,19.067887931034484,81.9901541203871,100.0,26.604161183448582
6219,富旺,建材營造業,14.75,2020-09-28,2020Q2,0.0,0.0,-814.29,0.0,125.36000000000001,100.0,13.759069317491226,43.79534658745613,0.0,0.0,17.0,0.0,26.56930198811842
2380,虹光,電腦及週邊設備業,6.29,2020-09-28,2020Q2,0.0,0.0,-31.21,0.0,18.873333333333335,94.36666666666667,-49.56689140540292,0.0,0.0,0.0,50.6102577960331,76.52564449008275,26.52589778234161
6425,易發,電機機械,51.0,2020-09-28,2020Q2,0.0,0.0,-54.55,0.0,-18.72,0.0,0.46309847906750884,0.0,24.35239638805279,100.0,46.0,65.0,26.5
5324,士開,建材營造業,9.97,2020-09-28,2020Q2,0.0,0.0,176.47,100.0,-56.98666666666667,0.0,-83.28404792120811,0.0,-1.956888163705223,0.0,26.0,15.0,26.5
5603,陸海,航運業,10.55,2020-09-28,2020Q2,0.0,0.0,-575.0,0.0,25.396666666666665,100.0,1.265170114903757,0.0,0.0,0.0,46.0,65.0,26.5
2736,高野,觀光餐旅,13.1,2020-09-28,2020Q2,0.0,0.0,-333.33,0.0,18.936666666666667,94.68333333333334,-18.630105396218035,0.0,0.0,0.0,50.0,75.0,26.436666666666667
2539,櫻花建,建材營造業,30.15,2020-09-28,2020Q2,9.89,83.22079675894665,-20.31,0.0,-46.04333333333333,0.0,20.84421015018176,79.2210507509088,-8.561120054472779,0.0,44.8799729583283,62.19993239582075,26.42523052811306
2201,裕隆,汽車工業,23.0,2020-09-28,2020Q2,0.0,0.0,153.76,100.0,1.3500000000000003,6.750000000000002,2.7076975206378506,0.0,0.2382548097108484,0.0,15.2374889099782,0.0,26.35
5388,中磊,通信網路業,71.9,2020-09-28,2020Q2,18.34,78.88716556804964,-17.5,0.0,16.823333333333334,84.11666666666667,2.4607219363347017,0.0,-0.8790999179024535,0.0,26.3693684475058,15.923421118764496,26.30439200201475
1259,安心,觀光餐旅,66.6,2020-09-28,2020Q2,0.0,0.0,-28.0,0.0,1.53,7.6499999999999995,2.0111560828608175,0.0,7.189818627544864,100.0,39.0,47.5,26.28
6577,勁豐,電腦及週邊設備業,69.3,2020-09-28,2020Q2,0.0,0.0,7.49,14.980000000000002,5.673333333333333,28.366666666666664,15.082082604845484,50.41041302422742,0.2923711452842042,0.0,57.0,92.5,26.229895286967444
1216,統一,食品工業,62.8,2020-09-28,2020Q2,18.97,42.82485875706217,-1.55,0.0,-0.09666666666666668,0.0,7.172771466911702,10.86385733455851,2.494878262820447,100.0,21.1247021380617,2.81175534515425,26.19324001040542
4739,康普,化學工業,57.6,2020-09-28,2020Q2,44.31,0.0,-42.86,0.0,-13.88,0.0,1.8899438972966172,0.0,10.001747463359639,100.0,44.7212432801772,61.80310820044299,26.180310820044298
2511,太子,建材營造業,10.8,2020-09-28,2020Q2,37.24,0.0,-80.56,0.0,-8.086666666666666,0.0,-2.966503577650986,0.0,7.369486151263639,100.0,44.1687372006867,60.421843001716745,26.042184300171677
8067,志旭,電子通路業,0.0,2020-09-28,2020Q2,0.0,0.0,1.04,2.08,26.063333333333333,100.0,-21.94516332097643,0.0,0.0,0.0,42.0,55.00000000000001,26.02
3268,海德威,半導體業,15.2,2020-09-28,2020Q2,0.0,0.0,-1000.0,0.0,31.379999999999995,100.0,-2.5771782639688547,0.0,0.0,0.0,44.0,60.0,26.0
3114,好德,電子零組件業,18.05,2020-09-28,2020Q2,0.0,0.0,-61.39,0.0,-31.06,0.0,3.3989546156377353,0.0,1.6638531804425687,100.0,44.0,60.0,26.0
6579,研揚,電腦及週邊設備業,68.8,2020-09-28,2020Q2,22.27,19.269151746404468,-32.1,0.0,9.723333333333333,48.61666666666666,10.777743635615888,28.888718178079444,0.3760227405633273,0.0,76.0402519134204,100.0,25.983556234685693
5285,界霖,半導體業,44.25,2020-09-28,2020Q2,35.98,0.0,-72.94,0.0,-9.26,0.0,2.455839994447465,0.0,6.385380430976117,100.0,43.6039263491642,59.0098158729105,25.90098158729105
4163,鐿鈦,生技醫療業,96.3,2020-09-28,2020Q2,0.0,0.0,-30.66,0.0,-22.96666666666667,0.0,18.854877563331787,69.27438781665893,0.726469855744363,32.352836534908995,56.0,90.0,25.86172547948064
8279,生展,生技醫療業,105.0,2020-09-28,2020Q2,0.0,0.0,5.74,11.48,-1.3633333333333333,0.0,22.292288588415325,86.46144294207663,0.09375598878029234,0.0,73.0,100.0,25.839216441311493
2887,台新新光金,金融保險業,12.75,2020-09-28,2020Q2,10.9,56.437768240343345,-14.93,0.0,5.183333333333334,25.916666666666664,38.71974322387345,100.0,-3.2542346313379364,0.0,8.56223984215215,0.0,25.82711015736767
8070,長華*,電子通路業,19.85,2020-09-28,2020Q2,14.28,22.61373773416593,-35.78,0.0,-2.31,0.0,7.958946964644108,14.79473482322054,2.4076221772067896,100.0,25.3443380935391,13.360845233847751,25.816668520284452
2231,為升,汽車工業,159.5,2020-09-28,2020Q2,42.99,0.0,-85.35,0.0,-33.86,0.0,6.232976924387035,6.164884621935176,2.5975818861288196,100.0,39.5364114852128,48.84102871303201,25.80883556459348
1468,昶和,紡織纖維,11.8,2020-09-28,2020Q2,56.19,0.0,-45.83,0.0,-11.366666666666667,0.0,4.013574597919855,0.0,4.146773733726124,100.0,43.2219604176023,58.054901044005746,25.805490104400576
9910,豐泰,運動休閒,175.0,2020-09-28,2020Q2,24.1,45.0576964946658,-28.9,0.0,-15.996666666666664,0.0,8.995152206406615,19.975761032033077,0.9659874168876902,66.56963098395575,39.5745356778558,48.9363391946395,25.709693920526643
3213,茂訊,電腦及週邊設備業,45.65,2020-09-28,2020Q2,0.0,0.0,-22.58,0.0,12.62,63.1,9.719478529175978,23.597392645879893,0.35806964277242753,0.0,58.0,95.0,25.659608896881984
2062,橋椿,居家生活,24.6,2020-09-28,2020Q2,0.0,0.0,-608.33,0.0,28.616666666666664,100.0,-6.590254576551123,0.0,0.0,0.0,42.2802455852242,55.7006139630605,25.570061396306052
5312,寶島科,生技醫療業,59.2,2020-09-28,2020Q2,0.0,0.0,-38.98,0.0,-2.42,0.0,2.6550563857121614,0.0,2.0192276741166753,100.0,42.0,55.00000000000001,25.5
6212,理銘,建材營造業,0.0,2020-09-28,2020Q2,0.0,0.0,109.52,100.0,0.0,0.0,1.887760208166533,0.0,-2073.900581020013,0.0,22.0,5.0,25.5
8927,北基,油電燃氣業,15.1,2020-09-28,2020Q2,0.0,0.0,-12.5,0.0,-14.43,0.0,2.7329350755555044,0.0,5.570057115080812,100.0,42.0,55.00000000000001,25.5
1522,堤維西,汽車工業,20.75,2020-09-28,2020Q2,22.07,36.38352638352637,-87.67,0.0,-14.756666666666666,0.0,1.4670928852377803,0.0,10.141707556427871,100.0,27.3026059802344,18.256514950586002,25.464004133411237
5278,尚凡,數位雲端,109.0,2020-09-28,2020Q2,0.0,0.0,-34.99,0.0,-11.763333333333334,0.0,24.099279085008774,95.49639542504387,0.6180965966985938,16.870942385513406,51.0,77.5,25.448647790859262
1536,和大,汽車工業,91.0,2020-09-28,2020Q2,59.87,0.0,-68.67,0.0,-25.206666666666667,0.0,6.998548195389047,9.992740976945234,4.718878368173407,100.0,35.6415869989418,39.10396749735449,25.409307896277234
2239,英利-KY,汽車工業,75.9,2020-09-28,2020Q2,26.08,15.740025740025754,-85.0,0.0,0.0,0.0,3.9600158707811244,0.0,26.206124655185267,100.0,34.8000969279106,37.000242319776504,25.274026805980228
5243,乙盛-KY,光電業,33.45,2020-09-28,2020Q2,13.02,78.02653399668326,-26.32,0.0,0.0,0.0,5.137090587804597,0.6854529390229835,0.7547182789326927,36.388325561813254,61.3739564802573,100.0,25.183136452884426
3481,群創,光電業,9.3,2020-09-28,2020Q2,0.0,0.0,-55.22,0.0,15.103333333333333,75.51666666666667,-8.165078838734436,0.0,0.0,0.0,61.2911616838946,100.0,25.10333333333333
2501,國建,建材營造業,19.55,2020-09-28,2020Q2,23.84,0.0,-85.71,0.0,113.97666666666665,100.0,-1.6882035184347106,0.0,-42.195944673763485,0.0,40.1750642300974,50.43766057524349,25.04376605752435
6130,星寶國際,生技醫療業,24.55,2020-09-28,2020Q2,0.0,0.0,5.56,11.12,206.42,100.0,-8.385275078475841,0.0,0.0,0.0,29.0,22.5,25.03
1438,三地開發,建材營造業,13.8,2020-09-28,2020Q2,33.66,0.0,0.0,0.0,0.0,0.0,53.4133281854851,100.0,-4.697616949542163,0.0,88.698086443528,100.0,25.0
3085,新零售,數位雲端,7.12,2020-09-28,2020Q2,0.0,0.0,63.53,100.0,-70.59,0.0,-85.93698796872805,0.0,0.0,0.0,2.0,0.0,25.0
3051,力特,光電業,4.91,2020-09-28,2020Q2,0.0,0.0,71.05,100.0,-8.780000000000001,0.0,3.810488419094797,0.0,0.0,0.0,13.7502316504883,0.0,25.0
2609,陽明,航運業,9.45,2020-09-28,2020Q2,0.0,0.0,54.67,100.0,-10.686666666666666,0.0,1.2910230293606817,0.0,0.0,0.0,8.67796458608978,0.0,25.0
2434,統懋,半導體業,27.4,2020-09-28,2020Q2,0.0,0.0,60.0,100.0,-21.61666666666667,0.0,-63.54675991830167,0.0,0.0,0.0,15.6547677696799,0.0,25.0
1533,車王電,汽車工業,28.7,2020-09-28,2020Q2,40.42,0.0,-99.26,0.0,-17.436666666666667,0.0,-2.9416573264860877,0.0,227.91558441558442,100.0,39.9904640517702,49.97616012942551,24.99761601294255
6243,迅杰,半導體業,11.95,2020-09-28,2020Q2,0.0,0.0,-12.9,0.0,16.143333333333334,80.71666666666667,-7.4627940038510685,0.0,0.0,0.0,55.1505664445293,87.87641611132324,24.93097494446566
1503,士電,電機機械,47.8,2020-09-28,2020Q2,14.84,73.66255144032922,0.0,0.0,-7.23,0.0,9.396515451066046,21.98257725533023,0.6490889560568343,21.298422293833465,60.1956016985945,100.0,24.92332619109915
6598,ABC-KY,生技醫療業,107.5,2020-09-28,2020Q2,0.0,0.0,29.84,59.68,0.0,0.0,-206.1964152707564,0.0,0.0,0.0,86.6049091766071,100.0,24.92
6214,精誠,資訊服務業,82.0,2020-09-28,2020Q2,10.65,78.13765182186233,13.36,26.72,0.7966666666666669,3.9833333333333347,4.703061500924945,0.0,-0.15550713611880346,0.0,58.2982373635702,95.7455934089255,24.86499118974545
8284,三竹,資訊服務業,49.2,2020-09-28,2020Q2,0.0,0.0,-36.82,0.0,13.013333333333334,65.06666666666668,7.797171483902643,13.985857419513215,0.14130253733829326,0.0,59.0,97.5,24.86121194626032
8092,建暐,其他電子業,9.35,2020-09-28,2020Q2,0.0,0.0,-20.0,0.0,47.96,100.0,-12.272468030426925,0.0,0.0,0.0,39.0,47.5,24.75
5009,榮剛,鋼鐵工業,15.5,2020-09-28,2020Q2,0.0,0.0,-50.0,0.0,-33.60333333333333,0.0,3.175946531054833,0.0,5.084942506759894,100.0,39.0,47.5,24.75
6190,萬泰科,通信網路業,15.55,2020-09-28,2020Q2,0.0,0.0,-62.5,0.0,-9.923333333333334,0.0,4.663401237913546,0.0,5.756438128964296,100.0,39.0,47.5,24.75
2450,神腦,通信網路業,28.5,2020-09-28,2020Q2,17.07,83.81155486622721,13.46,26.919999999999998,-6.0566666666666675,0.0,0.7281914443588032,0.0,-0.4099119810825013,0.0,58.3594081620593,95.89852040514826,24.70100752713755
8234,新漢,電腦及週邊設備業,23.45,2020-09-28,2020Q2,0.0,0.0,-55.95,0.0,-2.216666666666667,0.0,2.4852034382664376,0.0,6.436284722222222,100.0,38.0,45.0,24.5
3303,岱稜,其他電子業,22.55,2020-09-28,2020Q2,0.0,0.0,1.85,3.7000000000000006,-3.296666666666667,0.0,11.782652925825998,33.91326462912999,0.8292747072918899,47.03924389884141,56.0,90.0,24.419838474137784
2913,農林,貿易百貨業,16.45,2020-09-28,2020Q2,0.0,0.0,-275.0,0.0,14.393333333333333,71.96666666666667,-51.60647395575659,0.0,0.0,0.0,63.2574166339969,100.0,24.393333333333334
3555,重鵬,半導體業,32.25,2020-09-28,2020Q2,0.0,0.0,28.73,57.46,-5.566666666666667,0.0,-9.461361118596365,0.0,0.0,0.0,83.0,100.0,24.365000000000002
3380,明泰,通信網路業,25.5,2020-09-28,2020Q2,57.95,0.0,-6.25,0.0,128.92999999999998,100.0,1.2962545503615306,0.0,-15.023743969592125,0.0,37.1843083149826,42.960770787456504,24.29607707874565
6209,今國光,光電業,33.6,2020-09-28,2020Q2,0.0,0.0,28.57,57.14,-18.006666666666664,0.0,-10.42371721625622,0.0,0.0,0.0,72.8304904756236,100.0,24.285
6116,彩晶,光電業,8.22,2020-09-28,2020Q2,0.0,0.0,-212.5,0.0,14.266666666666666,71.33333333333333,-8.752586002885636,0.0,0.0,0.0,85.2667964576446,100.0,24.266666666666666
2836,高雄銀,金融保險業,9.88,2020-09-28,2020Q2,13.35,35.40772532188843,5.88,11.76,3.283333333333333,16.416666666666664,24.266461171606473,96.33230585803236,-1.5903893468611288,0.0,5.85373692097936,0.0,24.21395174422703
2388,威盛,半導體業,37.0,2020-09-28,2020Q2,0.0,0.0,-520.0,0.0,21.216666666666665,100.0,-5.206480697559296,0.0,0.0,0.0,36.4165377738619,41.04134443465474,24.104134443465476
6414,樺漢,電腦及週邊設備業,231.5,2020-09-28,2020Q2,15.87,56.83886116818315,32.51,65.02,2.1599999999999997,10.799999999999999,4.094150283639865,0.0,0.2822468037501568,0.0,9.4633067803562,0.0,24.098886116818313
1626,艾美特-KY,電器電纜,24.65,2020-09-28,2020Q2,19.56,18.944723618090475,-34.58,0.0,0.0,0.0,4.995111398323841,0.0,2.074212383643693,100.0,28.812519990087,22.031299975217504,24.097602359330796
2514,龍邦,其他業,14.0,2020-09-28,2020Q2,24.56,6.91814739295078,-80.0,0.0,17.146666666666665,85.73333333333333,2.243666992678034,0.0,-4.76290287365009,0.0,45.0189043865013,62.54726096625325,24.093207502587074
5013,強新,鋼鐵工業,27.25,2020-09-28,2020Q2,0.0,0.0,-20.0,0.0,0.07000000000000028,0.3500000000000014,4.699085497920379,0.0,13.515514221369589,100.0,36.0,40.0,24.07
2729,瓦城,觀光餐旅,230.5,2020-09-28,2020Q2,0.0,0.0,-59.95,0.0,-1.3933333333333333,0.0,5.751200194061931,3.7560009703096546,6.796269331191002,100.0,34.0,35.0,24.06340014554645
5523,豐謙,建材營造業,13.1,2020-09-28,2020Q2,0.0,0.0,-205.88,0.0,5853.19,100.0,-62.43243935551628,0.0,0.0,0.0,36.0,40.0,24.0
2066,世德,電機機械,49.55,2020-09-28,2020Q2,0.0,0.0,-87.81,0.0,-17.83666666666667,0.0,2.879649248165342,0.0,3.521533187909006,100.0,35.0,37.5,23.75
4563,百德,電機機械,32.9,2020-09-28,2020Q2,0.0,0.0,-3971.43,0.0,70.04666666666667,100.0,-13.938295901398442,0.0,0.0,0.0,35.0,37.5,23.75
3046,建,電腦及週邊設備業,15.7,2020-09-28,2020Q2,0.0,0.0,-672.73,0.0,37.12,100.0,-10.128029985377019,0.0,0.0,0.0,34.8011803135668,37.00295078391701,23.7002950783917
4168,醣聯,生技醫療業,25.6,2020-09-28,2020Q2,0.0,0.0,27.17,54.339999999999996,-67.34,0.0,-68438.75,0.0,0.0,0.0,92.0,100.0,23.585
3094,聯傑,半導體業,19.05,2020-09-28,2020Q2,34.64,0.0,21.05,42.1,-13.87,0.0,8.997630811777244,19.988154058886217,0.08010749909556049,0.0,84.6407366264206,100.0,23.523223108832934
1565,精華,生技醫療業,293.5,2020-09-28,2020Q2,0.0,0.0,-43.69,0.0,-29.53333333333333,0.0,20.628492129151905,78.14246064575953,0.5627201754296911,8.960025061384444,63.0,100.0,23.51337410914082
3691,碩禾,光電業,131.0,2020-09-28,2020Q2,0.0,0.0,-157.05,0.0,23.536666666666665,100.0,0.3744566833906719,0.0,0.0,0.0,34.0,35.0,23.5
3339,泰谷,光電業,6.21,2020-09-28,2020Q2,0.0,0.0,-34.09,0.0,24.656666666666666,100.0,-20.627929680222376,0.0,0.0,0.0,34.0,35.0,23.5
5205,中茂,綠能環保,9.8,2020-09-28,2020Q2,0.0,0.0,6.98,13.96,5694.826666666667,100.0,-64.58464020073484,0.0,0.0,0.0,2.0,0.0,23.490000000000002
2480,敦陽科,資訊服務業,61.9,2020-09-28,2020Q2,14.26,53.77867746288799,6.51,13.019999999999998,3.15,15.75,10.70869417983633,28.54347089918165,0.12627710581470225,0.0,49.6648321828944,74.162080457236,23.480596426889647
2722,夏都,觀光餐旅,27.4,2020-09-28,2020Q2,130.48,0.0,-375.0,0.0,13.336666666666666,66.68333333333332,-10.734116066515647,0.0,0.0,0.0,66.8400907774871,100.0,23.336666666666666
5443,均豪,半導體業,24.35,2020-09-28,2020Q2,0.0,0.0,-75.86,0.0,-30.826666666666668,0.0,-0.6179065449311667,0.0,71.09047298434606,100.0,33.0,32.5,23.25
4105,東洋,生技醫療業,65.9,2020-09-28,2020Q2,0.0,0.0,-20.27,0.0,-20.823333333333334,0.0,24.897346089324696,99.48673044662348,0.4342439955275305,0.0,53.0,82.5,23.17300956699352
1476,儒鴻,紡織纖維,354.5,2020-09-28,2020Q2,26.05,50.0,-28.55,0.0,-8.163333333333334,0.0,15.83613531204271,54.18067656021355,0.47621765384855946,0.0,68.3651926448289,100.0,23.127101484032032
8101,華冠,通信網路業,6.4,2020-09-28,2020Q2,0.0,0.0,-161.9,0.0,165.52333333333334,100.0,-26.518549456983326,0.0,0.0,0.0,32.3227700329333,30.806925082333247,23.080692508233327
9935,慶豐富,居家生活,32.65,2020-09-28,2020Q2,30.23,0.0,-46.15,0.0,39.39666666666667,100.0,5.234645058402656,1.173225292013278,-3.0880425732179706,0.0,31.5231419305693,28.807854826423245,23.056769276444314
1467,南緯,紡織纖維,18.35,2020-09-28,2020Q2,0.0,0.0,-660.0,0.0,55.31666666666666,100.0,-12.754611232597881,0.0,0.0,0.0,32.1134017654907,30.283504413726746,23.028350441372673
2915,潤泰全,貿易百貨業,64.6,2020-09-28,2020Q2,4.97,100.0,-30.98,0.0,-18.69666666666667,0.0,9.025397707806773,20.126988539033867,-0.12712292288761845,0.0,61.2075809637957,100.0,23.01904828085508
1305,華夏,塑膠工業,19.65,2020-09-28,2020Q2,15.6,52.377972465581976,9.52,19.04,-24.679999999999996,0.0,5.476781433993335,2.383907169966677,0.5923134949638656,13.187642137695093,66.1610342785081,100.0,22.99291174959222
6412,群電,電子零組件業,66.2,2020-09-28,2020Q2,13.65,61.01694915254237,22.41,44.82,-4.096666666666667,0.0,7.248260361832699,11.241301809163495,0.21653971046442733,0.0,35.0537231721723,37.634307930430744,22.756320979671834
6592,和潤企業,其他業,78.9,2020-09-28,2020Q2,17.61,47.40751529274687,-22.59,0.0,6.289999999999999,31.449999999999996,20.57952315812745,77.89761579063725,-3.8465553131442527,0.0,14.004681045692,0.0,22.71539389787027
3090,日電貿,電子零組件業,43.0,2020-09-28,2020Q2,12.87,66.10169491525424,0.6,1.2,4.256666666666666,21.283333333333328,9.836250438632664,24.18125219316332,0.35384046316081497,0.0,51.6225070235312,79.056267558828,22.69965074304939
2732,六角,觀光餐旅,116.0,2020-09-28,2020Q2,0.0,0.0,-87.86,0.0,-7.73,0.0,3.920530142759135,0.0,5.600941260045287,100.0,30.0,25.0,22.5
2498,宏達電,通信網路業,28.45,2020-09-28,2020Q2,0.0,0.0,24.78,49.56,-44.080000000000005,0.0,-131.6032357403866,0.0,0.0,0.0,67.6039816348139,100.0,22.39
8114,振樺電,電腦及週邊設備業,79.5,2020-09-28,2020Q2,21.49,23.84796008218375,-81.0,0.0,-22.256666666666664,0.0,4.490071069484585,0.0,1.6560581735763529,100.0,17.2399559367333,0.0,22.384796008218373
3596,智易,通信網路業,84.6,2020-09-28,2020Q2,14.49,93.81543233811554,-19.57,0.0,7.406666666666666,37.03333333333333,6.104995708509423,5.5249785425471165,-0.48144745188566346,0.0,39.0532990503792,47.633247625948,22.380281444455086
3701,大眾控,電腦及週邊設備業,13.5,2020-09-28,2020Q2,1350.0,0.0,-150.0,0.0,20.13,100.0,-1.2120380625153684,0.0,0.0,0.0,29.478055996802,23.695139992004997,22.3695139992005
3712,永崴投控,電腦及週邊設備業,37.7,2020-09-28,2020Q2,0.0,0.0,35.35,70.7,-32.70333333333333,0.0,-5.407288890058227,0.0,0.0,0.0,38.7662637525638,46.915659381409505,22.36656593814095
3597,映興,電子零組件業,18.95,2020-09-28,2020Q2,0.0,0.0,-22.81,0.0,14.546666666666667,72.73333333333333,6.654320218199733,8.271601090998667,-0.16353013112303824,0.0,46.0,65.0,22.287406830316467
2486,一詮,光電業,11.25,2020-09-28,2020Q2,0.0,0.0,-54.55,0.0,15.15,75.75,-1.8680575209908488,0.0,0.0,0.0,47.9460189895501,69.86504747387524,22.136504747387526
3176,基亞,生技醫療業,65.6,2020-09-28,2020Q2,0.0,0.0,-480.0,0.0,31.983333333333334,100.0,-138.91384539414287,0.0,0.0,0.0,28.0,20.0,22.0
4609,唐鋒,居家生活,8.78,2020-09-28,2020Q2,0.0,0.0,-1750.0,0.0,32.913333333333334,100.0,-56.3613839339935,0.0,0.0,0.0,28.0,20.0,22.0
8935,邦泰,其他業,7.68,2020-09-28,2020Q2,0.0,0.0,-70.0,0.0,-16.676666666666666,0.0,1.0057282784555512,0.0,1.0460883036405888,78.0126148057984,45.0,62.5,21.852522961159682
4502,健信,電機機械,51.6,2020-09-28,2020Q2,0.0,0.0,-376.79,0.0,28.016666666666666,100.0,-16.492462492570557,0.0,0.0,0.0,27.0,17.5,21.75
3372,典範,半導體業,8.93,2020-09-28,2020Q2,0.0,0.0,23.33,46.66,-23.813333333333333,0.0,-7.843100433975126,0.0,0.0,0.0,82.0,100.0,21.665
2509,全坤建,建材營造業,19.35,2020-09-28,2020Q2,25.13,0.0,-90.85,0.0,-54.949999999999996,0.0,21.8024334815645,84.01216740782249,-0.430228944369626,0.0,55.2794254654573,88.19856366364324,21.421681477537696
4430,耀億,其他業,23.75,2020-09-28,2020Q2,0.0,0.0,-183.33,0.0,13.89,69.45,-7.00320188599929,0.0,0.0,0.0,50.0,75.0,21.39
5209,新鼎,其他業,66.6,2020-09-28,2020Q2,0.0,0.0,-21.39,0.0,165.71666666666667,100.0,6.615525269414725,8.077626347073625,-0.36771450477451734,0.0,13.0,0.0,21.211643952061046
1434,福懋,紡織纖維,31.4,2020-09-28,2020Q2,12.66,100.0,-38.61,0.0,-29.593333333333334,0.0,2.8133363402499065,0.0,0.5407945113772133,5.827787339601907,74.0294532375146,100.0,21.16555746792038
2845,遠東銀,金融保險業,10.25,2020-09-28,2020Q2,11.26,53.34763948497855,-26.15,0.0,0.7133333333333335,3.5666666666666673,32.18501421121802,100.0,-7.040263287101446,0.0,7.29732759056447,0.0,21.04809728183119
2891,中信金,金融保險業,18.05,2020-09-28,2020Q2,8.68,75.49356223175965,-7.92,0.0,-1.2333333333333318,0.0,22.960996212816596,89.80498106408298,-1.8105674322443492,0.0,5.66416012073946,0.0,21.020103382788413
8354,冠好,其他業,17.35,2020-09-28,2020Q2,0.0,0.0,-78.71,0.0,11.783333333333333,58.916666666666664,8.23617112328994,16.1808556164497,0.34669639082138604,0.0,47.0,67.5,20.960461675800786
5212,凌網,資訊服務業,42.0,2020-09-28,2020Q2,0.0,0.0,-35.44,0.0,11.613333333333335,58.06666666666668,6.023457516065354,5.117287580326768,-0.8184809121334166,0.0,54.0,85.0,20.880926470382352
3296,勝德,電子零組件業,14.1,2020-09-28,2020Q2,0.0,0.0,0.0,0.0,10.823333333333332,54.11666666666666,-2.7578972421027577,0.0,-1894.9666666666667,0.0,67.9421926164432,100.0,20.82333333333333
1456,怡華,建材營造業,9.9,2020-09-28,2020Q2,330.0,0.0,0.0,0.0,24.61,100.0,5.542680729797897,2.713403648989483,0.0,0.0,21.6463405812826,4.115851453206503,20.818595692669074
1611,中電,電器電纜,11.05,2020-09-28,2020Q2,5.24,100.0,0.0,0.0,-7.69,0.0,6.02862713907726,5.1431356953863006,-9.591954564735826,0.0,65.2093331026201,100.0,20.771470354307944
5011,久陽,鋼鐵工業,18.6,2020-09-28,2020Q2,0.0,0.0,-669.23,0.0,67.87666666666667,100.0,-15.115918448068175,0.0,0.0,0.0,23.0,7.5,20.75
1316,上曜,建材營造業,11.1,2020-09-28,2020Q2,0.0,0.0,-9.43,0.0,284.61,100.0,-7.950252900922345,0.0,0.0,0.0,22.9456295331956,7.364073832989,20.7364073832989
2442,新美齊,建材營造業,10.0,2020-09-28,2020Q2,0.0,0.0,-167.19,0.0,42.99,100.0,-7.054439903501911,0.0,0.0,0.0,22.3536562036778,5.884140509194502,20.58841405091945
3363,上詮,通信網路業,26.0,2020-09-28,2020Q2,0.0,0.0,-50.0,0.0,8.653333333333334,43.26666666666667,7.511311195260214,12.55655597630107,0.3822582219186103,0.0,71.0,100.0,20.536816729778494
4414,如興,紡織纖維,12.1,2020-09-28,2020Q2,0.0,0.0,-527.27,0.0,14.58,72.89999999999999,-3.4789556408505153,0.0,0.0,0.0,43.7375319179005,59.343829794751244,20.514382979475123
3118,進階,生技醫療業,29.9,2020-09-28,2020Q2,0.0,0.0,1.47,2.94,7.32,36.6,8.270934419573624,16.35467209786812,0.30462363189635916,0.0,67.0,100.0,20.50820081468022
8996,高力,電機機械,53.8,2020-09-28,2020Q2,33.42,0.0,-15.53,0.0,-26.036666666666665,0.0,8.761686701011257,18.808433505056286,0.8317790669256396,47.397009560805664,52.5831768284698,81.4579420711745,20.446461145037027
6241,易通展,通信網路業,17.55,2020-09-28,2020Q2,0.0,0.0,-30.0,0.0,10.309999999999999,51.55,3.1544281538497136,0.0,-0.6562026084319078,0.0,69.0,100.0,20.310000000000002
2436,偉詮電,半導體業,30.05,2020-09-28,2020Q2,27.07,17.725384803322754,-84.09,0.0,8.226666666666667,41.13333333333333,5.348488961670155,1.7424448083507738,-1.5854826063632237,0.0,67.0778455211121,100.0,20.260571868251557
2395,研華,電腦及週邊設備業,283.5,2020-09-28,2020Q2,26.72,0.0,2.39,4.78,-1.6333333333333335,0.0,17.772971027140066,63.864855135700324,0.24243024874627492,0.0,57.9269463969329,94.81736599233224,20.25646486958827
4994,傳奇,資訊服務業,61.2,2020-09-28,2020Q2,16.06,41.63292847503375,-33.67,0.0,-21.74666666666667,0.0,13.516762111342143,42.58381055671071,0.39703863368022185,0.0,58.3633401920439,95.90835048010975,20.141699479020957
8432,東生華,生技醫療業,62.4,2020-09-28,2020Q2,0.0,0.0,-5.68,0.0,-15.040000000000001,0.0,18.444906370236016,67.22453185118007,-0.27406265727226975,0.0,86.0,100.0,20.083679777677013
2406,國碩,光電業,17.05,2020-09-28,2020Q2,0.0,0.0,-358.41,0.0,26.290000000000003,100.0,-10.035417244468247,0.0,0.0,0.0,14.6913112735549,0.0,20.0
8089,康全電訊,通信網路業,68.8,2020-09-28,2020Q2,0.0,0.0,0.0,0.0,56.29666666666666,100.0,0.0,0.0,0.0,0.0,0.0,0.0,20.0
1808,潤隆,建材營造業,61.8,2020-09-28,2020Q2,30.0,0.0,-28.0,0.0,113.46666666666665,100.0,-3.378393059157367,0.0,0.0,0.0,14.3050513269905,0.0,20.0
1417,嘉裕,紡織纖維,11.1,2020-09-28,2020Q2,7.76,100.0,-206.67,0.0,-19.976666666666667,0.0,-26.684595460905637,0.0,0.0,0.0,85.5993223210504,100.0,20.0
6023,元大期,金融保險業,52.7,2020-09-28,2020Q2,0.0,0.0,0.0,0.0,28.263333333333332,100.0,0.0,0.0,0.0,0.0,0.0,0.0,20.0
6021,大慶證,金融保險業,15.2,2020-09-28,2020Q2,0.0,0.0,0.0,0.0,66.05,100.0,0.0,0.0,0.0,0.0,0.0,0.0,20.0
6016,康和證,金融保險業,8.98,2020-09-28,2020Q2,0.0,0.0,0.0,0.0,100.57,100.0,0.0,0.0,0.0,0.0,0.0,0.0,20.0
5864,致和證,金融保險業,9.23,2020-09-28,2020Q2,0.0,0.0,0.0,0.0,48.050000000000004,100.0,0.0,0.0,0.0,0.0,0.0,0.0,20.0
5701,劍湖山,觀光餐旅,3.68,2020-09-28,2020Q2,0.0,0.0,-12.77,0.0,52.73,100.0,-84.45262049066456,0.0,0.0,0.0,20.0,0.0,20.0
6015,宏遠證,金融保險業,7.37,2020-09-28,2020Q2,0.0,0.0,0.0,0.0,87.18333333333334,100.0,0.0,0.0,0.0,0.0,0.0,0.0,20.0
5321,友銓,數位雲端,37.2,2020-09-28,2020Q2,0.0,0.0,-146.15,0.0,105.31,100.0,1.5467846760450428,0.0,0.0,0.0,20.0,0.0,20.0
2312,金寶,其他電子業,10.55,2020-09-28,2020Q2,47.95,0.0,-35.29,0.0,-3.7433333333333336,0.0,0.019489661575730826,0.0,12.794454942557067,100.0,15.0439719420995,0.0,20.0
8080,永利聯合,建材營造業,3.89,2020-09-28,2020Q2,0.0,0.0,-12.5,0.0,110.46666666666668,100.0,-550.7021791767554,0.0,0.0,0.0,4.0,0.0,20.0
3321,同泰,電子零組件業,15.25,2020-09-28,2020Q2,0.0,0.0,38.66,77.32,-4.163333333333334,0.0,-19.43369379950114,0.0,0.0,0.0,22.6141399656476,6.5353499141189975,19.983534991411897
3036,文曄,電子通路業,37.15,2020-09-28,2020Q2,9.67,63.737734165923285,21.26,42.52,-7.733333333333334,0.0,1.537790002348557,0.0,-0.9672799394816228,0.0,31.4510940608482,28.627735152120497,19.86654693180438
3162,精確,電機機械,14.5,2020-09-28,2020Q2,0.0,0.0,28.57,57.14,-24.223333333333333,0.0,-5.621242307260291,0.0,0.0,0.0,41.0,52.5,19.535
3419,譁裕,通信網路業,12.75,2020-09-28,2020Q2,0.0,0.0,-171.43,0.0,10.346666666666666,51.733333333333334,-7.790301123049183,0.0,0.0,0.0,56.5663770529184,91.415942632296,19.488260929896267
2923,鼎固-KY,建材營造業,22.9,2020-09-28,2020Q2,0.0,0.0,-105.2,0.0,0.0,0.0,24.548557469145805,97.74278734572903,0.0,0.0,39.2068112525157,48.017028131289244,19.46312091498828
4909,新復興,通信網路業,15.75,2020-09-28,2020Q2,0.0,0.0,18.92,37.84,-10.82,0.0,-10.030388330880943,0.0,-0.39239551130693023,0.0,89.0,100.0,19.46
3543,州巧,光電業,18.85,2020-09-28,2020Q2,42.84,0.0,-122.41,0.0,10.11,50.55,-2.416335714788643,0.0,0.0,0.0,57.3637481636418,93.40937040910451,19.450937040910453
2630,亞航,航運業,16.0,2020-09-28,2020Q2,59.26,0.0,-68.75,0.0,15.99,79.95,-0.410972602513773,0.0,-5.481516587677725,0.0,33.7266048542122,34.316512135530495,19.42165121355305
1103,嘉泥,水泥工業,15.8,2020-09-28,2020Q2,20.26,0.0,-109.73,0.0,10.1,50.5,-31.99283698084991,0.0,0.0,0.0,56.5640788204515,91.41019705112875,19.241019705112876
2910,統領,貿易百貨業,31.5,2020-09-28,2020Q2,68.48,0.0,-54.55,0.0,-32.43,0.0,31.75061006441401,100.0,0.23211855436261908,0.0,36.5792140383176,41.448035095794005,19.1448035095794
4545,銘鈺,電子零組件業,30.2,2020-09-28,2020Q2,251.67,0.0,-20.69,0.0,10.946666666666667,54.733333333333334,-0.7001413010301186,0.0,0.0,0.0,52.6009543290909,81.50238582272723,19.096905248939393
5876,上海商銀,金融保險業,39.4,2020-09-28,2020Q2,12.71,40.90128755364806,-17.84,0.0,-11.213333333333333,0.0,57.27695337129168,100.0,-1.2945001480260852,0.0,7.06751522088826,0.0,19.090128755364805
1232,大統益,食品工業,118.0,2020-09-28,2020Q2,19.19,41.5819209039548,1.89,3.7800000000000002,2.16,10.8,8.147432350932807,15.737161754664033,0.44781286261145786,0.0,57.2450800944447,93.11270023611175,18.935036377206263
5519,隆大,建材營造業,14.2,2020-09-28,2020Q2,11.45,72.68737339635382,-73.91,0.0,-20.346666666666668,0.0,12.299254733518538,36.49627366759269,-1.742270263279844,0.0,44.7529755708721,61.88243892718026,18.931422282492314
5251,天鉞電,光電業,12.6,2020-09-28,2020Q2,0.0,0.0,17.53,35.06,-21.78333333333333,0.0,-46.16926572024795,0.0,0.0,0.0,83.0,100.0,18.765
3346,麗清,汽車工業,29.45,2020-09-28,2020Q2,0.0,0.0,-2920.0,0.0,16.849999999999998,84.24999999999999,-7.526268622885045,0.0,0.0,0.0,27.6532591548273,19.13314788706825,18.763314788706822
3682,亞太電,,9.88,2020-09-28,2020Q2,0.0,0.0,17.39,34.78,0.0,0.0,-39.94701266064371,0.0,0.0,0.0,79.0044612855662,100.0,18.695
5264,鎧勝-KY,,85.9,2020-09-28,2020Q2,0.0,0.0,21.02,42.04,0.0,0.0,-1.8982627670782075,0.0,0.0,0.0,52.7223944612223,81.80598615305576,18.690598615305575
2488,漢平,其他電子業,27.8,2020-09-28,2020Q2,11.08,78.67718056002575,-56.9,0.0,-19.44333333333333,0.0,6.36148689583804,6.807434479190203,0.4718291143445618,0.0,59.1674865184473,97.91871629611825,18.680704857492934
2413,環科,電子零組件業,15.8,2020-09-28,2020Q2,0.0,0.0,-11.76,0.0,15.636666666666668,78.18333333333334,-3.6908546342164095,0.0,0.0,0.0,31.862514719744,29.65628679936,18.60229534660267
8942,森鉅,其他業,50.5,2020-09-28,2020Q2,0.0,0.0,-22.39,0.0,-45.91,0.0,16.37458232607681,56.87291163038404,0.23230236701654333,0.0,61.0,100.0,18.530936744557607
2849,安泰銀,金融保險業,14.4,2020-09-28,2020Q2,13.46,34.463519313304715,-4.69,0.0,-10.04,0.0,46.659603686638974,100.0,0.06686955864697634,0.0,10.4583858290591,0.0,18.446351931330472
2834,臺企銀,金融保險業,9.56,2020-09-28,2020Q2,12.26,44.76394849785408,-37.5,0.0,-5.956666666666667,0.0,23.5054889204072,92.52744460203598,-18.950238932304064,0.0,5.79372330606973,0.0,18.355511540090806
6289,華上,,5.19,2020-09-28,2020Q2,0.0,0.0,36.49,72.98,0.0,0.0,-185.02456427652356,0.0,0.0,0.0,13.0182935839466,0.0,18.245
6569,醫揚,生技醫療業,134.5,2020-09-28,2020Q2,0.0,0.0,-60.43,0.0,4.986666666666667,24.933333333333334,9.003232037022395,20.01616018511197,-0.889336414658303,0.0,66.0,100.0,17.989090694433465
2892,第一金,金融保險業,20.6,2020-09-28,2020Q2,14.11,28.884120171673832,-11.69,0.0,-7.960000000000001,0.0,36.75954582063412,100.0,-10.508355045357069,0.0,6.43659030176962,0.0,17.888412017167383
6568,宏觀,半導體業,135.5,2020-09-28,2020Q2,0.0,0.0,-62.59,0.0,-1.2666666666666668,0.0,15.496379669518435,52.48189834759217,0.017934695190606403,0.0,77.0,100.0,17.872284752138825
2321,東訊,通信網路業,4.38,2020-09-28,2020Q2,0.0,0.0,35.71,71.42,-9.633333333333333,0.0,-8.584898970706686,0.0,0.0,0.0,14.3037756973885,0.0,17.855
5348,系通,運動休閒,7.59,2020-09-28,2020Q2,0.0,0.0,15.69,31.379999999999995,-37.10333333333333,0.0,-35.53015213186686,0.0,0.0,0.0,84.0,100.0,17.845
4707,磐亞,化學工業,10.6,2020-09-28,2020Q2,0.0,0.0,-28.57,0.0,-3.816666666666667,0.0,-1.6685144818600923,0.0,0.7901014405484275,41.443062935489635,58.0,95.0,17.78861258709793
2354,鴻準,其他電子業,51.0,2020-09-28,2020Q2,11.23,77.71161892500804,-26.46,0.0,-5.6933333333333325,0.0,2.331241416886731,0.0,-0.4771318692120463,0.0,64.8133527222901,100.0,17.771161892500803
3088,艾訊,電腦及週邊設備業,50.7,2020-09-28,2020Q2,0.0,0.0,-39.72,0.0,5.736666666666667,28.683333333333337,8.612657996010674,18.06328998005337,0.45840223174613887,0.0,57.0,92.5,17.696160163674673
2227,裕日車,汽車工業,244.5,2020-09-28,2020Q2,12.53,85.4954954954955,-46.26,0.0,-9.49,0.0,0.5766487699995153,0.0,-1.0863802782376795,0.0,56.4312927027669,91.07823175691726,17.657372725241277
1312,國喬,塑膠工業,18.95,2020-09-28,2020Q2,11.77,76.34543178973718,-45.07,0.0,-21.003333333333334,0.0,2.362803206821087,0.0,0.34600234321661266,0.0,80.064713118564,100.0,17.63454317897372
5531,鄉林,建材營造業,10.35,2020-09-28,2020Q2,43.12,0.0,28.57,57.14,-20.52,0.0,-22.741111774022265,0.0,0.0,0.0,33.3421086391484,33.355271597871,17.620527159787102
3558,神準,通信網路業,88.2,2020-09-28,2020Q2,0.0,0.0,-14.09,0.0,-7.79,0.0,6.004988022367201,5.024940111836007,0.8976597630222864,56.80853757461235,42.0,55.00000000000001,17.615448531697872
2453,凌群,資訊服務業,16.35,2020-09-28,2020Q2,12.29,67.07152496626182,8.62,17.24,-4.753333333333333,0.0,1.8458470253798105,0.0,-2.3818701954579597,0.0,46.3146790420756,65.786697605189,17.595822257145084
1725,元禎,化學工業,13.8,2020-09-28,2020Q2,14.68,75.89601211509338,-37.14,0.0,-23.810000000000002,0.0,1.410540940827561,0.0,-0.08380845243269501,0.0,61.5870993816186,100.0,17.58960121150934
2754,亞洲藏壽司,觀光餐旅,76.5,2020-09-28,2020Q2,0.0,0.0,0.0,0.0,17.53,87.65,0.0,0.0,0.0,0.0,0.0,0.0,17.53
2886,兆豐金,金融保險業,27.9,2020-09-28,2020Q2,15.25,19.09871244635193,-26.55,0.0,0.5866666666666666,2.933333333333333,44.16799059427869,100.0,-2.520652658453109,0.0,8.22641417003953,0.0,17.496537911301857
6462,神盾,半導體業,168.0,2020-09-28,2020Q2,0.0,0.0,7.93,15.86,-5.543333333333333,0.0,16.17283612161753,55.86418060808764,-0.2689077500080351,0.0,40.0,50.0,17.344627091213148
8463,潤泰材,其他業,36.6,2020-09-28,2020Q2,85.12,0.0,-150.0,0.0,11.183333333333332,55.91666666666666,0.35724172384076125,0.0,0.0,0.0,42.7383645609761,56.84591140244025,16.867924473577357
6278,台表科,光電業,104.0,2020-09-28,2020Q2,17.19,54.97512437810944,-28.17,0.0,6.31,31.55,5.904476131910435,4.5223806595521765,0.02326815576573814,0.0,37.2475312637622,43.118828159405496,16.79775235268432
4305,世坤,塑膠工業,32.45,2020-09-28,2020Q2,0.0,0.0,-36.99,0.0,-5.123333333333334,0.0,13.933703839774722,44.66851919887361,0.5021858247779558,0.3122606825651163,77.0,100.0,16.762730016344065
1783,和康生,生技醫療業,22.7,2020-09-28,2020Q2,27.35,22.820274354801207,-8.33,0.0,-9.07,0.0,10.887317019882019,29.436585099410095,-0.63095703125,0.0,84.8352299157962,100.0,16.697515200391635
2228,劍麟,汽車工業,76.4,2020-09-28,2020Q2,16.26,66.29343629343629,-104.21,0.0,-43.38666666666666,0.0,-0.6711603811909562,0.0,0.0,0.0,69.4150452944283,100.0,16.62934362934363
1570,力肯,電機機械,13.05,2020-09-28,2020Q2,0.0,0.0,-5.0,0.0,-8.216666666666667,0.0,13.723444929897955,43.61722464948977,0.22978926875917893,0.0,80.0,100.0,16.542583697423467
5706,鳳凰,觀光餐旅,28.5,2020-09-28,2020Q2,17.17,85.59639909977493,-103.52,0.0,-95.03000000000002,0.0,1.799304155833127,0.0,0.0,0.0,51.8534983547574,79.6337458868935,16.523014498666843
8936,國統,其他業,16.9,2020-09-28,2020Q2,0.0,0.0,-52.73,0.0,9.753333333333332,48.76666666666666,8.937021663216226,19.68510831608113,0.27594765697409557,0.0,35.0,37.5,16.4560995807455
6226,光鼎,光電業,7.73,2020-09-28,2020Q2,7.81,100.0,-253.85,0.0,-25.0,0.0,-2.438030268901975,0.0,0.0,0.0,45.8157502628833,64.53937565720824,16.453937565720825
3508,位速,其他電子業,18.2,2020-09-28,2020Q2,0.0,0.0,19.76,39.52,-14.969999999999999,0.0,-40.13094523473818,0.0,0.0,0.0,46.0,65.0,16.380000000000003
2852,第一保,金融保險業,12.95,2020-09-28,2020Q2,12.22,45.10729613733906,-85.15,0.0,6.396666666666667,31.983333333333334,3.1335673854374155,0.0,0.16252342000639766,0.0,40.3048165208593,50.76204130214824,15.983600410615399
8054,安國,半導體業,17.85,2020-09-28,2020Q2,0.0,0.0,-52.54,0.0,5.973333333333334,29.86666666666667,-15.054868359132564,0.0,0.0,0.0,72.0,100.0,15.973333333333334
4754,國碳科,化學工業,0.0,2020-09-28,2020Q2,0.0,0.0,-47.62,0.0,4.61,23.05,11.702827621499996,33.51413810749998,0.26527758355474756,0.0,45.0,62.5,15.887120716124997
3576,聯合再生,光電業,11.5,2020-09-28,2020Q2,0.0,0.0,19.35,38.7,-16.343333333333334,0.0,-21.192764918120606,0.0,0.0,0.0,44.8193658850384,62.048414712596,15.879841471259601
1736,喬山,運動休閒,64.8,2020-09-28,2020Q2,25.02,41.051600261267154,-204.88,0.0,9.62,48.1,-2.9101075798182165,0.0,0.0,0.0,28.3878658303121,20.969664575780254,15.822126483704743
2324,仁寶,電腦及週邊設備業,19.3,2020-09-28,2020Q2,13.13,72.92339301438216,-18.06,0.0,7.296666666666667,36.483333333333334,0.7375763839645251,0.0,-3.2576502195643595,0.0,24.9243928872521,12.31098221813025,15.820104189917906
1225,福懋油,食品工業,31.7,2020-09-28,2020Q2,20.99,31.412429378531105,-5.8,0.0,-11.15,0.0,3.6397047158948745,0.0,0.7606739516151745,37.23913594502493,40.9107183827303,52.27679595682575,15.816749722540672
5905,南仁湖,觀光餐旅,9.61,2020-09-28,2020Q2,0.0,0.0,-221.43,0.0,5.853333333333334,29.266666666666673,-19.316293341258913,0.0,0.0,0.0,59.0,97.5,15.603333333333335
2476,鉅祥,電子零組件業,18.9,2020-09-28,2020Q2,15.88,46.47979139504563,-61.86,0.0,-6.170000000000001,0.0,7.407861091812783,12.039305459063913,-1.3222832569989544,0.0,55.9487924998517,89.87198124962926,15.441073083327076
6640,均華,半導體業,43.2,2020-09-28,2020Q2,0.0,0.0,-54.55,0.0,8.583333333333334,42.91666666666667,3.772707797172149,0.0,0.0237348615916955,0.0,47.0,67.5,15.333333333333334
4438,廣越,紡織纖維,109.0,2020-09-28,2020Q2,12.88,100.0,-41.1,0.0,-17.01,0.0,3.3109176844869115,0.0,-10.982076545758275,0.0,41.2770753188842,53.1926882972105,15.31926882972105
4416,三圓,建材營造業,0.0,2020-09-28,2020Q2,0.0,0.0,5.88,11.76,-1.4333333333333336,0.0,21.39001495805242,81.9500747902621,0.0,0.0,11.0,0.0,15.232511218539313
3086,華義,文化創意業,0.0,2020-09-28,2020Q2,0.0,0.0,-227.08,0.0,10.203333333333331,51.01666666666665,-16.273639480825462,0.0,0.0,0.0,40.0,50.0,15.203333333333331
2425,承啟,電腦及週邊設備業,24.7,2020-09-28,2020Q2,24.46,6.413266803639561,-15.09,0.0,4.473333333333333,22.366666666666664,3.649260892592146,0.0,0.27829296634692063,0.0,64.5363309302258,100.0,15.11466001369729
2483,百容,電子零組件業,18.8,2020-09-28,2020Q2,15.28,50.39113428943938,-20.75,0.0,-5.153333333333333,0.0,2.940582701919273,0.0,-0.5496926284856146,0.0,61.8964662995078,100.0,15.039113428943939
6222,上揚,光電業,15.75,2020-09-28,2020Q2,0.0,0.0,-66.67,0.0,6.016666666666667,30.083333333333336,1.297676282051282,0.0,-3.4417495029821072,0.0,56.0,90.0,15.016666666666667
1236,宏亞,食品工業,13.3,2020-09-28,2020Q2,70.0,0.0,10.0,20.0,-15.476666666666667,0.0,-6.6117566922441,0.0,0.0,0.0,63.6940616426042,100.0,15.0
2801,彰銀,金融保險業,17.5,2020-09-28,2020Q2,17.86,0.0,-29.31,0.0,-19.923333333333332,0.0,36.009793545576066,100.0,-12.565400263508831,0.0,7.33560711028859,0.0,15.0
1603,華電,電器電纜,27.5,2020-09-28,2020Q2,18.58,25.510887772194323,2.5,5.0,-9.203333333333333,0.0,6.5056774821771315,7.528387410885657,0.024992770057382912,0.0,62.7170906008834,100.0,14.93034688885228
2460,建通,電子零組件業,12.85,2020-09-28,2020Q2,0.0,0.0,-95.24,0.0,9.003333333333334,45.01666666666667,-5.704955407337462,0.0,0.0,0.0,43.6239521082878,59.05988027071951,14.909321360405286
2345,智邦,通信網路業,219.0,2020-09-28,2020Q2,24.41,55.35091120589375,2.08,4.16,-6.05,0.0,10.273194354268076,26.36597177134038,-0.45070888056163694,0.0,36.9701778001548,42.425444500387,14.77253133632913
6285,啟,通信網路業,77.0,2020-09-28,2020Q2,20.21,71.63629313687476,3.09,6.18,-3.3633333333333333,0.0,2.1431427780438823,0.0,-2.9395848373514566,0.0,44.2032656758861,60.50816418971525,14.759445732659001
4916,事欣科,電腦及週邊設備業,20.2,2020-09-28,2020Q2,9.62,93.5280305253889,-189.0,0.0,-76.94333333333333,0.0,-2.1339165533890934,0.0,0.0,0.0,41.1236268035618,52.8090670089045,14.63370975342934
8433,弘帆,居家生活,38.2,2020-09-28,2020Q2,0.0,0.0,-37.78,0.0,-32.56333333333333,0.0,9.42861747952877,22.14308739764385,0.6615136038120798,23.07337197315426,46.0,65.0,14.43613750427743
6527,明達醫,生技醫療業,51.5,2020-09-28,2020Q2,0.0,0.0,-67.4,0.0,-21.126666666666665,0.0,10.857616865675011,29.288084328375053,-0.524750821315218,0.0,76.0,100.0,14.393212649256258
1452,宏益,紡織纖維,15.4,2020-09-28,2020Q2,28.0,42.51439539347408,-118.18,0.0,-44.803333333333335,0.0,-1.7882446514824495,0.0,0.0,0.0,88.2464442055592,100.0,14.251439539347409
4764,雙鍵,化學工業,0.0,2020-09-28,2020Q2,98.36,0.0,-91.04,0.0,-31.41333333333333,0.0,1.678578338541636,0.0,0.7520949720670391,36.01356743814845,47.7906019502312,69.47650487557799,14.150363975187489
2385,群光,電子零組件業,84.4,2020-09-28,2020Q2,11.11,77.57496740547587,-18.54,0.0,-0.1033333333333335,0.0,8.310356959426718,16.55178479713359,0.18306754669380523,0.0,35.1859827477672,37.964956869417996,14.036760147059425
3527,聚積,半導體業,88.4,2020-09-28,2020Q2,0.0,0.0,-81.5,0.0,-42.35333333333333,0.0,0.5193574647348497,0.0,0.6365639490906699,19.509135584381422,78.0,100.0,13.901827116876284
6136,富爾特,通信網路業,17.25,2020-09-28,2020Q2,28.75,38.522683210546724,-450.0,0.0,-3.876666666666667,0.0,-5.328022250556112,0.0,0.0,0.0,89.6303550838187,100.0,13.852268321054673
2705,六福,觀光餐旅,18.25,2020-09-28,2020Q2,0.0,0.0,27.64,55.279999999999994,-2.176666666666666,0.0,-68.39114625535953,0.0,0.0,0.0,10.9565388160099,0.0,13.819999999999999
1201,味全,食品工業,19.7,2020-09-28,2020Q2,33.97,0.0,-90.91,0.0,-7.596666666666667,0.0,2.0389526740536565,0.0,0.8601733198119296,51.453331401704226,33.8658906727278,34.6647266818195,13.757138948522796
2439,美律,通信網路業,145.0,2020-09-28,2020Q2,17.73,81.2524234199302,-71.31,0.0,-23.206666666666667,0.0,2.020579487077116,0.0,-1.6446627007359724,0.0,42.4298794348184,56.074698587046015,13.732712200697623
5410,國眾,資訊服務業,20.1,2020-09-28,2020Q2,0.0,0.0,12.22,24.44,1.1199999999999999,5.6,4.759218309516254,0.0,-1.8504653591470903,0.0,46.0,65.0,13.73
2633,台灣高鐵,航運業,31.35,2020-09-28,2020Q2,33.0,0.0,-62.67,0.0,-13.61,0.0,23.270088932190085,91.35044466095043,-2.473163587632813,0.0,15.1858885021107,0.0,13.702566699142563
4160,創源,生技醫療業,24.3,2020-09-28,2020Q2,0.0,0.0,-112.86,0.0,3.6166666666666667,18.083333333333336,-1.47716479813672,0.0,0.0,0.0,78.0,100.0,13.616666666666667
3266,昇陽,建材營造業,13.3,2020-09-28,2020Q2,26.6,0.0,-56.25,0.0,7.863333333333333,39.31666666666666,3.495297572343814,0.0,-11.878457916421425,0.0,42.8591064093642,57.147766023410504,13.578109935674384
3541,西柏,其他電子業,60.5,2020-09-28,2020Q2,0.0,0.0,-44.85,0.0,-16.87,0.0,13.687369054688162,43.43684527344081,-0.3289413955653844,0.0,48.0,70.0,13.515526791016121
6443,元晶,光電業,27.75,2020-09-28,2020Q2,0.0,0.0,-10800.0,0.0,8.87,44.349999999999994,-16.629261870209916,0.0,0.0,0.0,38.4272557284016,46.06813932100399,13.476813932100399
4953,緯軟,資訊服務業,85.0,2020-09-28,2020Q2,0.0,0.0,-6.47,0.0,-5.016666666666667,0.0,9.548885407195405,22.744427035977026,-0.008836789900811541,0.0,61.0,100.0,13.411664055396553
2903,遠百,貿易百貨業,24.6,2020-09-28,2020Q2,23.21,93.97779386917692,-42.86,0.0,0.16000000000000014,0.8000000000000007,8.725053389989185,18.625266949945924,-4.226271747424165,0.0,24.1681490145841,10.420372536460247,13.393606683055605
6516,勤崴國際,資訊服務業,79.0,2020-09-28,2020Q2,0.0,0.0,-427.78,0.0,3.2733333333333334,16.366666666666667,-26.294096911521464,0.0,0.0,0.0,89.0,100.0,13.273333333333333
1580,新麥,電機機械,76.5,2020-09-28,2020Q2,0.0,0.0,-52.19,0.0,-14.243333333333334,0.0,9.320123992017466,21.60061996008733,0.4968899470218562,0.0,63.0,100.0,13.2400929940131
1760,寶齡富錦,生技醫療業,132.0,2020-09-28,2020Q2,148.31,0.0,-108.04,0.0,3.0999999999999996,15.499999999999996,4.010781075149293,0.0,0.0,0.0,62.3887523731877,100.0,13.1
2373,震旦行,其他電子業,84.7,2020-09-28,2020Q2,15.18,52.28516253620856,-19.58,0.0,1.1666666666666667,5.833333333333333,8.52662534794636,17.633126739731804,0.41818072841241516,0.0,36.1329003849436,40.332250962359005,13.073377027483195
4116,明基醫,生技醫療業,31.0,2020-09-28,2020Q2,0.0,0.0,-50.0,0.0,3.6566666666666667,18.283333333333335,3.2039267326034784,0.0,-1.4279734055651316,0.0,57.0,92.5,12.906666666666666
1441,大東,紡織纖維,8.3,2020-09-28,2020Q2,0.0,0.0,-18.4,0.0,9.733333333333334,48.66666666666667,-24.5753816431,0.0,0.0,0.0,32.6379324105743,31.594831026435756,12.89281643597691
9927,泰銘,其他業,27.9,2020-09-28,2020Q2,20.82,28.70667055053888,-104.72,0.0,-22.72666666666667,0.0,0.6862846378295268,0.0,0.0,0.0,76.4211863509651,100.0,12.870667055053888
4198,欣大健康,生技醫療業,14.7,2020-09-28,2020Q2,0.0,0.0,17.73,35.46,-48.07333333333333,0.0,-146.2526855927077,0.0,0.0,0.0,35.0,37.5,12.615
1521,大億,汽車工業,52.4,2020-09-28,2020Q2,18.92,52.59974259974259,-64.69,0.0,-28.586666666666662,0.0,1.4021441522567142,0.0,-2.431413163377865,0.0,48.655393471863,71.63848367965751,12.423822627940012
2471,資通,資訊服務業,19.95,2020-09-28,2020Q2,18.14,27.597840755735483,-78.95,0.0,0.42666666666666647,2.1333333333333324,0.40841175246882605,0.0,-1.1317256579800337,0.0,55.9589148438096,89.897287109524,12.176179453192615
6603,富強鑫,電機機械,9.49,2020-09-28,2020Q2,0.0,0.0,-475.0,0.0,8.473333333333333,42.36666666666666,-9.651297778701874,0.0,0.0,0.0,34.0,35.0,11.973333333333333
6287,元隆,,4.97,2020-09-28,2020Q2,0.0,0.0,23.53,47.06,0.0,0.0,-13.076539736620743,0.0,0.0,0.0,8.0,0.0,11.765
2901,欣欣,貿易百貨業,23.75,2020-09-28,2020Q2,67.86,0.0,-55.56,0.0,-18.80666666666667,0.0,7.173506228380242,10.867531141901212,0.26512576478586,0.0,85.8939540474935,100.0,11.630129671285182
1110,東泥,水泥工業,16.5,2020-09-28,2020Q2,0.0,0.0,-175.0,0.0,1.573333333333333,7.8666666666666645,-3.0140520784798266,0.0,0.0,0.0,86.9230729931323,100.0,11.573333333333332
8477,創業家,數位雲端,40.0,2020-09-28,2020Q2,0.0,0.0,13.11,26.22,-16.326666666666668,0.0,1.9544941038713033,0.0,-0.6218148008251736,0.0,40.0,50.0,11.555
3432,台端,電子零組件業,12.5,2020-09-28,2020Q2,20.83,14.211212516297266,-15.09,0.0,-32.71666666666667,0.0,-90.93509350935093,0.0,-0.41505297771282423,0.0,80.4692575347299,100.0,11.421121251629726
5315,光聯,光電業,14.4,2020-09-28,2020Q2,0.0,0.0,-55.77,0.0,1.3433333333333335,6.716666666666668,2.7328837942293074,0.0,-2.6580951980135517,0.0,70.0,100.0,11.343333333333334
1314,中石化,塑膠工業,8.38,2020-09-28,2020Q2,22.05,12.015018773466824,-58.82,0.0,-56.38666666666666,0.0,-8.898391138507595,0.0,-7.103398567466166,0.0,70.4599665879313,100.0,11.201501877346683
4915,致伸,電子零組件業,41.95,2020-09-28,2020Q2,8.78,92.76401564537157,1.16,2.32,-28.093333333333334,0.0,2.02606705105402,0.0,-0.8305846133304575,0.0,25.2697551397797,13.174387849449252,11.173840349482084
3388,崇越電,電子零組件業,62.3,2020-09-28,2020Q2,0.0,0.0,0.41,0.8199999999999998,-6.64,0.0,6.195724132559679,5.978620662798395,0.4305318186387856,0.0,71.0,100.0,11.101793099419758
8930,青鋼,鋼鐵工業,11.45,2020-09-28,2020Q2,0.0,0.0,-106.45,0.0,-10.183333333333334,0.0,6.32769135239912,6.6384567619956005,0.0,0.0,60.0,100.0,10.995768514299339
2823,中壽,,19.8,2020-09-28,2020Q2,6.25,100.0,-3.24,0.0,0.0,0.0,6.17090312175811,5.854515608790551,0.0,0.0,6.77511632908422,0.0,10.878177341318583
1802,台玻,玻璃陶瓷,12.3,2020-09-28,2020Q2,0.0,0.0,-11.11,0.0,4.396666666666667,21.983333333333338,-4.222405915643884,0.0,0.0,0.0,45.8404979250284,64.601244812571,10.856791147923769
6486,互動,通信網路業,69.9,2020-09-28,2020Q2,0.0,0.0,-22.79,0.0,-28.0,0.0,13.472331111761823,42.36165555880912,0.0016460987459720462,0.0,38.0,45.0,10.854248333821367
4426,利勤,紡織纖維,27.35,2020-09-28,2020Q2,36.96,8.119001919385793,-120.63,0.0,-46.6,0.0,-11.59450457951707,0.0,0.0,0.0,64.3666571896728,100.0,10.81190019193858
5364,力麗店,觀光餐旅,16.5,2020-09-28,2020Q2,0.0,0.0,-130.06,0.0,10.763333333333334,53.81666666666667,-34.37140582146333,0.0,0.0,0.0,11.0,0.0,10.763333333333335
1301,台塑,塑膠工業,79.4,2020-09-28,2020Q2,28.36,0.0,-105.5,0.0,-14.483333333333334,0.0,5.779067448242763,3.8953372412138165,0.0,0.0,62.0357465282237,100.0,10.584300586182072
5353,台林,通信網路業,16.45,2020-09-28,2020Q2,0.0,0.0,-14.49,0.0,-23.136666666666667,0.0,5.723558842482859,3.617794212414296,-0.4388738127544098,0.0,63.0,100.0,10.542669131862144
1528,恩德,電機機械,8.06,2020-09-28,2020Q2,0.0,0.0,10.0,20.0,-17.086666666666666,0.0,-2.7271530282253273,0.0,0.0,0.0,42.0260342140184,55.06508553504601,10.506508553504602
6594,展匯科,,27.85,2020-09-28,2020Q2,0.0,0.0,-5.26,0.0,0.0,0.0,5.445394861597282,2.226974307986409,0.0,0.0,78.0,100.0,10.334046146197961
2464,盟立,其他電子業,40.6,2020-09-28,2020Q2,15.92,47.52172513678789,-39.66,0.0,-30.203333333333333,0.0,7.6433232478053075,13.216616239026537,-0.894183374021954,0.0,34.0744540625676,35.18613515641899,10.25327846517467
6109,亞元,通信網路業,14.15,2020-09-28,2020Q2,0.0,0.0,-162.5,0.0,0.7166666666666673,3.583333333333337,-0.7045487728799161,0.0,0.0,0.0,58.0,95.0,10.216666666666667
3703,欣陸,建材營造業,20.65,2020-09-28,2020Q2,258.12,0.0,-4.26,0.0,3.766666666666667,18.833333333333336,8.674131487613634,18.370657438068168,-2.725988213387802,0.0,34.652865241996,36.63216310498999,10.185481592875892
1595,川寶,電子零組件業,30.75,2020-09-28,2020Q2,0.0,0.0,-62.3,0.0,0.13333333333333286,0.6666666666666643,4.608803936617711,0.0,-0.641589219330855,0.0,63.0,100.0,10.133333333333333
1608,華榮,電器電纜,9.94,2020-09-28,2020Q2,19.12,21.89279731993299,-235.09,0.0,-21.16,0.0,-1.377930093195101,0.0,0.0,0.0,51.6378524120062,79.09463103001549,10.098742834994848
1713,國化,化學工業,18.0,2020-09-28,2020Q2,47.37,0.0,-63.41,0.0,-26.25333333333333,0.0,5.033867125575402,0.16933562787701195,-0.47611907386990077,0.0,90.6075604338283,100.0,10.025400344181552
3466,致振,通信網路業,12.7,2020-09-28,2020Q2,0.0,0.0,-182.14,0.0,-51.96666666666667,0.0,-4.396254000313164,0.0,0.0,0.0,68.0,100.0,10.0
1445,大宇,紡織纖維,9.43,2020-09-28,2020Q2,0.0,0.0,-257.14,0.0,-33.38333333333333,0.0,-11.236150696999534,0.0,0.0,0.0,80.5545411158259,100.0,10.0
4413,飛寶企業,紡織纖維,21.1,2020-09-28,2020Q2,0.0,0.0,-106.9,0.0,-39.78,0.0,-0.3596774667949628,0.0,0.0,0.0,90.0,100.0,10.0
1310,台苯,塑膠工業,16.05,2020-09-28,2020Q2,114.64,0.0,-126.23,0.0,-38.98666666666667,0.0,-8.286162915129049,0.0,0.0,0.0,75.6268046966619,100.0,10.0
5210,寶碩,資訊服務業,8.88,2020-09-28,2020Q2,0.0,0.0,-176.92,0.0,-14.526666666666666,0.0,-67.82596536087416,0.0,0.0,0.0,80.0,100.0,10.0
8401,白紗科,其他業,11.15,2020-09-28,2020Q2,0.0,0.0,-30.0,0.0,-0.7100000000000001,0.0,-2.290408311186277,0.0,0.0,0.0,60.0,100.0,10.0
5102,富強,,15.5,2020-09-28,2020Q2,0.0,0.0,-50.0,0.0,0.0,0.0,-1.178194010324865,0.0,0.0,0.0,63.0,100.0,10.0
6129,普誠,半導體業,7.43,2020-09-28,2020Q2,0.0,0.0,-230.77,0.0,-8.403333333333334,0.0,-10.720855899658472,0.0,0.0,0.0,79.0,100.0,10.0
6131,鈞泰,,9.05,2020-09-28,2020Q2,0.0,0.0,-12.5,0.0,0.0,0.0,-4544.195519348269,0.0,0.0,0.0,72.8520465343878,100.0,10.0
1531,高林股,電機機械,11.2,2020-09-28,2020Q2,0.0,0.0,-240.0,0.0,-31.233333333333334,0.0,-11.593025071166045,0.0,0.0,0.0,82.8507987889808,100.0,10.0
5211,蒙恬,資訊服務業,14.9,2020-09-28,2020Q2,0.0,0.0,-107.69,0.0,-7.323333333333333,0.0,-9.035067614027046,0.0,0.0,0.0,88.0,100.0,10.0
4905,台聯電,通信網路業,46.25,2020-09-28,2020Q2,0.0,0.0,-169.47,0.0,-9.959999999999999,0.0,-45.77820543661294,0.0,0.0,0.0,96.0,100.0,10.0
9949,琉園,文化創意業,12.55,2020-09-28,2020Q2,0.0,0.0,-56.67,0.0,-17.373333333333335,0.0,-40.9309556713086,0.0,0.0,0.0,83.0,100.0,10.0
4523,永彰,電機機械,36.8,2020-09-28,2020Q2,0.0,0.0,-50.78,0.0,-32.76666666666667,0.0,-31.08185049115089,0.0,0.0,0.0,64.0,100.0,10.0
3607,谷崧,電子零組件業,11.9,2020-09-28,2020Q2,0.0,0.0,-409.59,0.0,-31.666666666666668,0.0,-21.90629567168297,0.0,0.0,0.0,64.7395800390639,100.0,10.0
1439,雋揚,建材營造業,28.35,2020-09-28,2020Q2,166.76,0.0,-103.31,0.0,-32.98666666666667,0.0,-23.03374004697256,0.0,0.0,0.0,82.2992413879489,100.0,10.0
5302,太欣,半導體業,6.78,2020-09-28,2020Q2,0.0,0.0,-5.88,0.0,-44.223333333333336,0.0,-353.61004824488435,0.0,0.0,0.0,81.0,100.0,10.0
8429,金麗-KY,貿易百貨業,8.64,2020-09-28,2020Q2,0.0,0.0,-344.64,0.0,0.0,0.0,-118.04369970861597,0.0,0.0,0.0,88.4403975023439,100.0,10.0
3652,精聯,電腦及週邊設備業,19.6,2020-09-28,2020Q2,0.0,0.0,-19.44,0.0,-10.093333333333334,0.0,-3.0216013565836204,0.0,0.0,0.0,65.0,100.0,10.0
3642,駿熠電,,16.0,2020-09-28,2020Q2,0.0,0.0,-403.12,0.0,0.0,0.0,-39.58873096695626,0.0,0.0,0.0,68.0,100.0,10.0
2704,國賓,觀光餐旅,28.8,2020-09-28,2020Q2,66.98,0.0,-126.53,0.0,-26.929999999999996,0.0,-7.865393083358738,0.0,0.0,0.0,88.9085553390373,100.0,10.0
8059,凱碩,通信網路業,13.1,2020-09-28,2020Q2,0.0,0.0,-20.0,0.0,-53.93333333333334,0.0,-3.6642893114499606,0.0,-4.6125067531064285,0.0,75.0,100.0,10.0
3698,隆達,,18.95,2020-09-28,2020Q2,0.0,0.0,-307.41,0.0,0.0,0.0,-11.098334291813511,0.0,0.0,0.0,73.6182158422211,100.0,10.0
2495,普安,電腦及週邊設備業,12.1,2020-09-28,2020Q2,0.0,0.0,-156.6,0.0,-12.023333333333333,0.0,-7.803121690008238,0.0,0.0,0.0,76.9469963565401,100.0,10.0
3630,新鉅科,光電業,40.35,2020-09-28,2020Q2,0.0,0.0,-149.75,0.0,-24.503333333333334,0.0,-20.66826286432766,0.0,0.0,0.0,63.0,100.0,10.0
4109,加捷生醫,生技醫療業,14.95,2020-09-28,2020Q2,0.0,0.0,-200.0,0.0,-33.89333333333334,0.0,-23.88479126182031,0.0,0.0,0.0,83.0,100.0,10.0
1813,寶利徠,生技醫療業,19.1,2020-09-28,2020Q2,0.0,0.0,-102.22,0.0,-4.296666666666667,0.0,-17.050291311509845,0.0,0.0,0.0,68.0,100.0,10.0
6431,光麗-KY,生技醫療業,28.9,2020-09-28,2020Q2,0.0,0.0,-25.93,0.0,0.0,0.0,-40.23286237571952,0.0,0.0,0.0,81.5801661136331,100.0,10.0
2485,兆赫,通信網路業,18.0,2020-09-28,2020Q2,0.0,0.0,-71.43,0.0,-8.303333333333333,0.0,-2.8868431088666324,0.0,-73.71927694590585,0.0,78.206891052723,100.0,10.0
1724,台硝,,12.75,2020-09-28,2020Q2,31.1,0.0,-42.42,0.0,0.0,0.0,4.318288495269152,0.0,0.0,0.0,71.7832661141397,100.0,10.0
2745,五福,觀光餐旅,15.2,2020-09-28,2020Q2,0.0,0.0,-125.17,0.0,-96.90666666666668,0.0,-6.316788783135756,0.0,0.0,0.0,60.0,100.0,10.0
1809,中釉,玻璃陶瓷,10.55,2020-09-28,2020Q2,0.0,0.0,-133.33,0.0,-28.206666666666667,0.0,-9.344267695036717,0.0,0.0,0.0,66.9183003936484,100.0,10.0
2009,第一銅,鋼鐵工業,9.03,2020-09-28,2020Q2,0.0,0.0,-266.67,0.0,-22.343333333333334,0.0,-11.66465564608983,0.0,0.0,0.0,69.4595482741647,100.0,10.0
4406,新昕纖,紡織纖維,0.0,2020-09-28,2020Q2,0.0,0.0,-957.14,0.0,-47.30666666666667,0.0,-14.68300425512754,0.0,0.0,0.0,77.0,100.0,10.0
5314,世紀,其他業,6.33,2020-09-28,2020Q2,0.0,0.0,-1050.0,0.0,-33.47666666666667,0.0,-125.03503854239663,0.0,0.0,0.0,91.0,100.0,10.0
4303,信立,塑膠工業,25.0,2020-09-28,2020Q2,0.0,0.0,-139.67,0.0,-29.826666666666668,0.0,4.469882219778108,0.0,0.0,0.0,73.0,100.0,10.0
4188,安克,生技醫療業,19.7,2020-09-28,2020Q2,0.0,0.0,-185.71,0.0,-31.960000000000004,0.0,-103.85502918419982,0.0,0.0,0.0,73.0,100.0,10.0
1454,台富,紡織纖維,8.2,2020-09-28,2020Q2,0.0,0.0,-176.92,0.0,-53.93,0.0,-7.259349509877608,0.0,0.0,0.0,77.6654244336851,100.0,10.0
1455,集盛,紡織纖維,8.61,2020-09-28,2020Q2,0.0,0.0,-3150.0,0.0,-36.199999999999996,0.0,-11.640232320451013,0.0,0.0,0.0,75.5037736627212,100.0,10.0
1435,中福,其他業,14.95,2020-09-28,2020Q2,0.0,0.0,-163.64,0.0,-27.463333333333335,0.0,-131.53499469777304,0.0,0.0,0.0,83.8008486358904,100.0,10.0
1423,利華,紡織纖維,14.3,2020-09-28,2020Q2,0.0,0.0,-5900.0,0.0,-52.160000000000004,0.0,-86.22044996778955,0.0,0.0,0.0,91.3336197739506,100.0,10.0
1451,年興,紡織纖維,16.2,2020-09-28,2020Q2,0.0,0.0,-9650.0,0.0,-9.4,0.0,-12.333042509877359,0.0,0.0,0.0,78.0694415954298,100.0,10.0
1540,喬福,電機機械,14.45,2020-09-28,2020Q2,0.0,0.0,-115.79,0.0,-66.44333333333333,0.0,-9.66327631376175,0.0,0.0,0.0,82.3371450557907,100.0,10.0
8409,商之器,生技醫療業,0.0,2020-09-28,2020Q2,0.0,0.0,-118.18,0.0,-2.436666666666665,0.0,-45.156081244036194,0.0,0.0,0.0,69.0,100.0,10.0
5272,笙科,半導體業,17.75,2020-09-28,2020Q2,0.0,0.0,-183.33,0.0,-26.666666666666668,0.0,-13.473815486029316,0.0,0.0,0.0,82.0,100.0,10.0
1465,偉全,紡織纖維,13.1,2020-09-28,2020Q2,0.0,0.0,-102.41,0.0,-54.423333333333325,0.0,-6.7704881315335985,0.0,0.0,0.0,78.007061191612,100.0,10.0
9962,有益,鋼鐵工業,9.05,2020-09-28,2020Q2,0.0,0.0,-700.0,0.0,-24.76,0.0,-1.84998882660518,0.0,0.0,0.0,75.0,100.0,10.0
1340,勝悅-KY,塑膠工業,12.0,2020-09-28,2020Q2,0.0,0.0,-55.56,0.0,0.0,0.0,-68.75618785658426,0.0,0.0,0.0,96.5438781480222,100.0,10.0
1473,台南,紡織纖維,17.95,2020-09-28,2020Q2,0.0,0.0,-253.85,0.0,-27.036666666666665,0.0,-3.877182534924993,0.0,0.0,0.0,61.0329906866027,100.0,10.0
2363,矽統,半導體業,11.3,2020-09-28,2020Q2,0.0,0.0,-14.71,0.0,-41.20666666666667,0.0,-227.6837262644824,0.0,0.0,0.0,96.611966049086,100.0,10.0
4419,元勝,觀光餐旅,0.0,2020-09-28,2020Q2,0.0,0.0,-227.27,0.0,-93.17666666666666,0.0,-1326.3966480446927,0.0,0.0,0.0,68.0,100.0,10.0
6576,逸達,生技醫療業,91.7,2020-09-28,2020Q2,0.0,0.0,-8.09,0.0,0.0,0.0,-718.2818184422355,0.0,0.0,0.0,84.0,100.0,10.0
6133,金橋,電子零組件業,7.78,2020-09-28,2020Q2,155.6,0.0,-175.0,0.0,-14.0,0.0,-6.696767442031852,0.0,0.0,0.0,67.4985637508358,100.0,10.0
6533,晶心科,半導體業,147.5,2020-09-28,2020Q2,0.0,0.0,-3350.0,0.0,-22.426666666666666,0.0,-29.004762615634284,0.0,0.0,0.0,84.8193387665151,100.0,10.0
2443,昶虹,,5.26,2020-09-28,2020Q2,0.0,0.0,-3.09,0.0,0.0,0.0,-53.176360042495375,0.0,0.0,0.0,62.6237270661164,100.0,10.0
6535,順藥,生技醫療業,38.35,2020-09-28,2020Q2,0.0,0.0,-184.21,0.0,-38.17333333333334,0.0,-2705.3377068734158,0.0,0.0,0.0,80.0,100.0,10.0
6541,泰福-KY,生技醫療業,40.65,2020-09-28,2020Q2,0.0,0.0,-3.48,0.0,0.0,0.0,0.0,0.0,0.0,0.0,75.391639898024,100.0,10.0
2939,永邑-KY,貿易百貨業,112.0,2020-09-28,2020Q2,130.23,0.0,-160.92,0.0,0.0,0.0,-5.52406304145811,0.0,0.0,0.0,71.8595429444377,100.0,10.0
3062,建漢,通信網路業,14.2,2020-09-28,2020Q2,710.0,0.0,0.0,0.0,-14.146666666666667,0.0,-2.828728318261193,0.0,0.0,0.0,69.9518951028195,100.0,10.0
6265,方土昶,電子通路業,6.38,2020-09-28,2020Q2,0.0,0.0,-107.69,0.0,-18.106666666666666,0.0,-1.2751881218120298,0.0,0.0,0.0,90.0,100.0,10.0
6259,百徽,電子零組件業,14.9,2020-09-28,2020Q2,0.0,0.0,-100.0,0.0,-2.733333333333333,0.0,-1.2596205723345921,0.0,-459.72727272727275,0.0,81.0,100.0,10.0
6698,旭暉應材,其他電子業,39.5,2020-09-28,2020Q2,39.11,0.0,-123.24,0.0,-41.339999999999996,0.0,-18.206391383603986,0.0,0.0,0.0,66.6096854737828,100.0,10.0
3441,聯一光,光電業,25.75,2020-09-28,2020Q2,0.0,0.0,-131.43,0.0,-39.07333333333333,0.0,-7.68692937455793,0.0,0.0,0.0,68.0,100.0,10.0
3083,網龍,文化創意業,48.55,2020-09-28,2020Q2,0.0,0.0,-116.44,0.0,-42.50666666666667,0.0,-4.064722765275987,0.0,0.0,0.0,85.0,100.0,10.0
3454,晶睿,光電業,73.8,2020-09-28,2020Q2,29.52,0.0,-29.73,0.0,-15.200000000000001,0.0,4.059894351044465,0.0,-0.19132230788731974,0.0,60.8917001528026,100.0,10.0
6101,寬魚國際,文化創意業,25.7,2020-09-28,2020Q2,0.0,0.0,-408.33,0.0,-97.56,0.0,-57.572350614199465,0.0,0.0,0.0,96.0,100.0,10.0
3354,律勝,電子零組件業,12.4,2020-09-28,2020Q2,0.0,0.0,-279.17,0.0,-47.68666666666667,0.0,-21.440613026819925,0.0,0.0,0.0,70.0,100.0,10.0
3311,閎暉,通信網路業,27.0,2020-09-28,2020Q2,0.0,0.0,-2031.25,0.0,-27.69666666666667,0.0,-29.8419580642251,0.0,0.0,0.0,76.1419607214759,100.0,10.0
6164,華興,光電業,7.19,2020-09-28,2020Q2,0.0,0.0,-214.29,0.0,-27.83,0.0,-5.361663402775858,0.0,0.0,0.0,60.3566415067821,100.0,10.0
6615,慧智,生技醫療業,58.5,2020-09-28,2020Q2,0.0,0.0,-43.31,0.0,-9.25,0.0,4.867092213808537,0.0,0.47392735768903993,0.0,67.0,100.0,10.0
2402,毅嘉,電子零組件業,15.9,2020-09-28,2020Q2,35.33,0.0,-107.69,0.0,-23.473333333333333,0.0,-0.4531753132839528,0.0,0.0,0.0,68.9058843736826,100.0,10.0
6578,達邦蛋白,農業科技業,19.0,2020-09-28,2020Q2,0.0,0.0,-111.76,0.0,-16.903333333333332,0.0,2.122106998145732,0.0,0.0,0.0,69.0,100.0,10.0
3686,達能,半導體業,15.5,2020-09-28,2020Q2,0.0,0.0,-288.89,0.0,-22.189999999999998,0.0,-54.80370533745037,0.0,0.0,0.0,73.4443735834953,100.0,10.0
8176,智捷,通信網路業,8.68,2020-09-28,2020Q2,0.0,0.0,-90.91,0.0,-62.22,0.0,-44.71311201656536,0.0,0.0,0.0,70.0,100.0,10.0
3089,元炬,,20.65,2020-09-28,2020Q2,0.0,0.0,-65.0,0.0,0.0,0.0,-15.792157806110177,0.0,0.0,0.0,85.0,100.0,10.0
4554,橙的,其他電子業,24.3,2020-09-28,2020Q2,0.0,0.0,-2050.0,0.0,-1.1333333333333329,0.0,-2.7672899243585944,0.0,0.0,0.0,70.0,100.0,10.0
8087,華鎂鑫,綠能環保,7.97,2020-09-28,2020Q2,0.0,0.0,-1350.0,0.0,-25.433333333333334,0.0,-34.20411621421259,0.0,0.0,0.0,81.0,100.0,10.0
8040,九暘,半導體業,14.75,2020-09-28,2020Q2,0.0,0.0,-280.46,0.0,-26.35666666666667,0.0,-5.734812101585405,0.0,0.0,0.0,68.0,100.0,10.0
2029,盛餘,鋼鐵工業,18.3,2020-09-28,2020Q2,0.0,0.0,-144.44,0.0,-10.373333333333333,0.0,-0.17452272243650327,0.0,0.0,0.0,90.3152447575128,100.0,10.0
2061,風青,電器電纜,10.55,2020-09-28,2020Q2,0.0,0.0,-1100.0,0.0,-3.073333333333334,0.0,-3.3011928461705837,0.0,0.0,0.0,76.0,100.0,10.0
7402,邑錡,光電業,28.95,2020-09-28,2020Q2,0.0,0.0,-84.17,0.0,-8.67,0.0,-0.6511434078241392,0.0,0.0663229435200375,0.0,72.0,100.0,10.0
8024,佑華,半導體業,9.26,2020-09-28,2020Q2,0.0,0.0,-1283.33,0.0,-21.713333333333335,0.0,-15.525386070438463,0.0,0.0,0.0,88.0,100.0,10.0
3623,富晶通,光電業,15.0,2020-09-28,2020Q2,0.0,0.0,-153.85,0.0,-24.85666666666667,0.0,-6.639159388996377,0.0,0.0,0.0,69.0,100.0,10.0
3713,新晶投控,綠能環保,41.9,2020-09-28,2020Q2,0.0,0.0,-114.81,0.0,0.0,0.0,-5.81756018469564,0.0,0.0,0.0,88.0,100.0,10.0
6505,台塑化,油電燃氣業,80.6,2020-09-28,2020Q2,895.56,0.0,-208.29,0.0,-42.27333333333333,0.0,-11.801995454934385,0.0,0.0,0.0,74.0862932700313,100.0,10.0
2355,敬鵬,電子零組件業,27.05,2020-09-28,2020Q2,25.76,0.0,-150.0,0.0,-14.406666666666666,0.0,-1.545407227382325,0.0,0.0,0.0,69.7280805308985,100.0,10.0
5438,東友,電腦及週邊設備業,11.7,2020-09-28,2020Q2,0.0,0.0,-5000.0,0.0,-18.936666666666667,0.0,-13.555682148843653,0.0,0.0,0.0,70.0,100.0,10.0
2448,晶電,,35.0,2020-09-28,2020Q2,0.0,0.0,-43.87,0.0,0.0,0.0,-34.6809910235244,0.0,0.0,0.0,73.3321614961138,100.0,10.0
5432,達威,綠能環保,17.7,2020-09-28,2020Q2,0.0,0.0,-168.18,0.0,-7.176666666666667,0.0,-2.7994017716761896,0.0,0.0,0.0,93.0,100.0,10.0
4148,全宇生技-KY,生技醫療業,35.4,2020-09-28,2020Q2,114.19,0.0,-56.82,0.0,0.0,0.0,1.2662573317378425,0.0,-8.563215610385422,0.0,70.1833520982581,100.0,10.0
3229,晟鈦,電子零組件業,9.5,2020-09-28,2020Q2,0.0,0.0,-19.44,0.0,-27.61,0.0,-39.4251881878729,0.0,0.0,0.0,60.8981096786441,100.0,10.0
6160,欣技,電腦及週邊設備業,11.4,2020-09-28,2020Q2,0.0,0.0,-764.29,0.0,-25.379999999999995,0.0,-26.743370652680316,0.0,0.0,0.0,68.0,100.0,10.0
8105,凌巨,光電業,9.88,2020-09-28,2020Q2,0.0,0.0,-151.68,0.0,-27.16333333333333,0.0,-10.15088448441038,0.0,0.0,0.0,68.7812646282809,100.0,10.0
6482,弘煜科,文化創意業,25.5,2020-09-28,2020Q2,0.0,0.0,-356.34,0.0,-64.49666666666667,0.0,-97.47488937276113,0.0,0.0,0.0,75.0,100.0,10.0
8201,無敵,其他電子業,9.39,2020-09-28,2020Q2,0.0,0.0,-81.82,0.0,-24.28,0.0,-5.530284070175974,0.0,0.0,0.0,60.5017300528008,100.0,10.0
2929,淘帝-KY,貿易百貨業,33.65,2020-09-28,2020Q2,0.0,0.0,-236.76,0.0,0.0,0.0,-61.96519619917906,0.0,0.0,0.0,71.0852867559732,100.0,10.0
2374,佳能,光電業,12.8,2020-09-28,2020Q2,0.0,0.0,-172.5,0.0,-44.22,0.0,-23.789799651538814,0.0,0.0,0.0,61.9199540688844,100.0,10.0
2888,新光金,,8.01,2020-09-28,2020Q2,7.63,99.13333333333333,-32.22,0.0,0.0,0.0,3.319686465489736,0.0,0.0,0.0,5.54492282845989,0.0,9.913333333333334
8415,大國鋼,鋼鐵工業,25.9,2020-09-28,2020Q2,0.0,0.0,-52.7,0.0,-30.106666666666666,0.0,8.84419034509496,19.220951725474798,-1.3554724644673397,0.0,48.0,70.0,9.883142758821219
9937,全國,油電燃氣業,46.0,2020-09-28,2020Q2,20.54,50.748973181928,-11.29,0.0,-20.88,0.0,3.3738668053427956,0.0,-1.1415768335256398,0.0,39.1998943316226,47.999735829056505,9.87487090109845
6442,光聖,通信網路業,30.05,2020-09-28,2020Q2,0.0,0.0,-225.71,0.0,-5.966666666666666,0.0,-2.2356181742979593,0.0,0.0,0.0,59.3086487653075,98.27162191326876,9.827162191326877
5291,邑昇,電子零組件業,22.05,2020-09-28,2020Q2,0.0,0.0,0.0,0.0,-11.33,0.0,5.710521898422846,3.5526094921142315,-0.680237578167927,0.0,57.0,92.5,9.782891423817135
8107,大億金茂,電機機械,16.05,2020-09-28,2020Q2,0.0,0.0,-138.19,0.0,-3.443333333333333,0.0,-29.38813580947604,0.0,0.0,0.0,59.0,97.5,9.75
8916,光隆,其他業,39.75,2020-09-28,2020Q2,0.0,0.0,-43.72,0.0,-17.37,0.0,5.860886285803972,4.3044314290198615,-1.269406370277276,0.0,56.0,90.0,9.645664714352979
6706,惠特,光電業,146.5,2020-09-28,2020Q2,50.34,0.0,-56.44,0.0,-28.113333333333333,0.0,9.096276604154024,20.48138302077012,-0.8308978328173374,0.0,46.2621179770527,65.65529494263174,9.637736947378691
4767,誠泰科技,化學工業,0.0,2020-09-28,2020Q2,0.0,0.0,-8.86,0.0,-11.366666666666667,0.0,5.419611775543979,2.098058877719895,-0.02391371612960262,0.0,57.0,92.5,9.564708831657985
1806,冠軍,玻璃陶瓷,6.43,2020-09-28,2020Q2,0.0,0.0,-85.07,0.0,-18.203333333333333,0.0,-25.234333779056566,0.0,0.0,0.0,58.140771406331,95.3519285158275,9.53519285158275
1326,台化,塑膠工業,67.5,2020-09-28,2020Q2,33.09,0.0,-125.11,0.0,-25.153333333333336,0.0,0.517072308226245,0.0,0.0,0.0,58.0447359502558,95.11183987563949,9.51118398756395
4402,福大,紡織纖維,5.72,2020-09-28,2020Q2,0.0,0.0,-104.96,0.0,-1.6966666666666679,0.0,-24.146303369350694,0.0,0.0,0.0,58.0,95.0,9.5
1444,力麗,紡織纖維,12.3,2020-09-28,2020Q2,0.0,0.0,-171.05,0.0,-35.550000000000004,0.0,-3.8569756547474845,0.0,0.0,0.0,57.5279669352347,93.81991733808675,9.381991733808675
2104,國際中橡,橡膠工業,19.25,2020-09-28,2020Q2,0.0,0.0,-125.71,0.0,-31.213333333333335,0.0,-1.054804724912206,0.0,0.0,0.0,57.3763528465182,93.44088211629551,9.344088211629552
3356,奇偶,光電業,23.65,2020-09-28,2020Q2,262.78,0.0,-25.0,0.0,-24.116666666666664,0.0,1.9423690748812987,0.0,-2.397641358747737,0.0,57.1727936228438,92.9319840571095,9.293198405710951
1592,英瑞-KY,,10.6,2020-09-28,2020Q2,0.0,0.0,13.55,27.1,0.0,0.0,-11.94621562906529,0.0,0.0,0.0,30.0384095025089,25.096023756272256,9.284602375627227
8068,全達,電子通路業,30.2,2020-09-28,2020Q2,0.0,0.0,-142.86,0.0,-18.566666666666666,0.0,-0.014256714218486037,0.0,0.0,0.0,57.0,92.5,9.25
9912,偉聯,電腦及週邊設備業,7.43,2020-09-28,2020Q2,0.0,0.0,0.0,0.0,-5.463333333333334,0.0,-10.9550586594398,0.0,0.0,0.0,56.1837193647042,90.4592984117605,9.04592984117605
4534,慶騰,電機機械,9.55,2020-09-28,2020Q2,0.0,0.0,-1750.0,0.0,-10.863333333333332,0.0,-5.746227928715342,0.0,0.0,0.0,56.0,90.0,9.0
8076,伍豐,電腦及週邊設備業,25.85,2020-09-28,2020Q2,0.0,0.0,-124.24,0.0,-22.846666666666668,0.0,3.4056220561311625,0.0,0.0,0.0,56.0,90.0,9.0
3390,旭軟,電子零組件業,13.3,2020-09-28,2020Q2,0.0,0.0,-900.0,0.0,-12.420000000000002,0.0,-16.422891664625684,0.0,0.0,0.0,56.0,90.0,9.0
6596,寬宏藝術,文化創意業,45.2,2020-09-28,2020Q2,0.0,0.0,-121.05,0.0,-72.66333333333334,0.0,-22.279095567357384,0.0,0.0,0.0,56.0,90.0,9.0
8443,阿瘦,貿易百貨業,10.45,2020-09-28,2020Q2,0.0,0.0,-367.74,0.0,-5.3100000000000005,0.0,-23.08231606730452,0.0,0.0,0.0,55.91426182225,89.785654555625,8.978565455562501
1446,宏和,紡織纖維,30.1,2020-09-28,2020Q2,0.0,0.0,-100.0,0.0,4.989999999999999,24.949999999999996,-16.984184868947768,0.0,0.0,0.0,35.6207463620331,39.05186590508276,8.895186590508274
1727,中華化,化學工業,10.9,2020-09-28,2020Q2,0.0,0.0,-2283.33,0.0,-28.526666666666667,0.0,-2.407949326827896,0.0,0.0,0.0,55.4362077529871,88.59051938246776,8.859051938246777
4152,台微體,,63.8,2020-09-28,2020Q2,0.0,0.0,-11.35,0.0,0.0,0.0,-1975.898947368421,0.0,0.0,0.0,55.0,87.5,8.75
4542,科嶠,電子零組件業,22.15,2020-09-28,2020Q2,0.0,0.0,-71.88,0.0,-17.22666666666667,0.0,1.8844682388335487,0.0,-2.8900316455696204,0.0,55.0,87.5,8.75
3284,太普高,其他業,11.05,2020-09-28,2020Q2,0.0,0.0,-100.0,0.0,-32.836666666666666,0.0,-10.42458689351451,0.0,0.0,0.0,55.0,87.5,8.75
2606,裕民,航運業,30.05,2020-09-28,2020Q2,21.01,39.79805927091527,-326.67,0.0,-21.45,0.0,-5.062174962866092,0.0,0.0,0.0,38.8196309230247,47.049077307561745,8.684713657847702
4144,康聯-KY,,26.8,2020-09-28,2020Q2,0.0,0.0,-172.66,0.0,0.0,0.0,-0.9087297361970285,0.0,0.0,0.0,54.6684088805284,86.67102220132101,8.6671022201321
6558,興能高,其他電子業,35.4,2020-09-28,2020Q2,59.0,0.0,-113.27,0.0,-4.823333333333333,0.0,1.314510859760747,0.0,0.0,0.0,54.5081176789445,86.27029419736125,8.627029419736125
6625,必應,其他業,35.65,2020-09-28,2020Q2,0.0,0.0,-306.1,0.0,-12.683333333333332,0.0,-77.291542768988,0.0,0.0,0.0,54.1634443334582,85.4086108336455,8.54086108336455
2362,藍天,電腦及週邊設備業,28.65,2020-09-28,2020Q2,42.13,0.0,-85.71,0.0,-2.503333333333334,0.0,10.187663477263174,25.938317386315866,-10.690355998007089,0.0,38.4553967138326,46.1384917845815,8.504596786405529
3434,哲固,光電業,13.3,2020-09-28,2020Q2,0.0,0.0,-139.29,0.0,-35.84,0.0,-3.8592820244556334,0.0,0.0,0.0,54.0,85.0,8.5
5230,雷笛克光學,光電業,23.9,2020-09-28,2020Q2,0.0,0.0,-123.08,0.0,-1.9133333333333333,0.0,-0.5347807926147511,0.0,0.0,0.0,54.0,85.0,8.5
2743,山富,觀光餐旅,14.5,2020-09-28,2020Q2,0.0,0.0,-130.97,0.0,-93.89666666666666,0.0,-8.964241447364921,0.0,0.0,0.0,54.0,85.0,8.5
6177,達麗,建材營造業,28.6,2020-09-28,2020Q2,20.88,9.014179608372718,-79.13,0.0,-55.12,0.0,15.057436427848014,50.28718213924007,-12.303633351443079,0.0,16.8760866390366,0.0,8.444495281723283
1416,廣豐,其他業,13.35,2020-09-28,2020Q2,0.0,0.0,-3500.0,0.0,-24.586666666666662,0.0,-43.043238237703456,0.0,0.0,0.0,53.6420061163891,84.10501529097274,8.410501529097274
8442,威宏-KY,其他業,46.95,2020-09-28,2020Q2,21.84,22.76434605301485,-113.99,0.0,0.0,0.0,-0.23992569158580598,0.0,0.0,0.0,44.3330147174618,60.8325367936545,8.359688284666936
2444,兆勁,通信網路業,13.8,2020-09-28,2020Q2,0.0,0.0,-101.89,0.0,1.5833333333333333,7.916666666666666,-15.292200659592734,0.0,0.0,0.0,46.9497484011155,67.37437100278875,8.320770433612209
3252,海灣,觀光餐旅,16.5,2020-09-28,2020Q2,0.0,0.0,-179.31,0.0,-12.540000000000001,0.0,-28.01009759357186,0.0,0.0,0.0,53.0,82.5,8.25
4420,光明,紡織纖維,23.8,2020-09-28,2020Q2,0.0,0.0,-106.69,0.0,-44.120000000000005,0.0,-2.287949558902173,0.0,0.0,0.0,53.0,82.5,8.25
5512,力麒,建材營造業,9.56,2020-09-28,2020Q2,0.0,0.0,-95.65,0.0,-31.27,0.0,11.904076560578119,34.520382802890595,-22.30182142857143,0.0,32.0,30.0,8.17805742043359
6120,達運,光電業,11.15,2020-09-28,2020Q2,0.0,0.0,-900.0,0.0,-16.353333333333335,0.0,-16.19071940217962,0.0,0.0,0.0,52.6627313437329,81.65682835933225,8.165682835933225
2314,台揚,通信網路業,22.4,2020-09-28,2020Q2,0.0,0.0,0.0,0.0,-19.253333333333334,0.0,-1.4284988762209956,0.0,-122.11987577639752,0.0,52.3967306314122,80.99182657853049,8.09918265785305
3535,晶彩科,光電業,17.05,2020-09-28,2020Q2,0.0,0.0,-83.98,0.0,-20.236666666666668,0.0,7.109137829136948,10.54568914568474,-2.5926580557443915,0.0,45.9384117405421,64.84602935135526,8.066456306988236
5907,大洋-KY,貿易百貨業,22.45,2020-09-28,2020Q2,43.17,45.800144822592316,-175.0,0.0,0.0,0.0,1.5141635249812313,0.0,0.0,0.0,33.8861298693722,34.715324673430494,8.051546949602281
2611,志信,航運業,7.0,2020-09-28,2020Q2,0.0,0.0,0.0,0.0,-36.06666666666667,0.0,-21.59702979017473,0.0,0.0,0.0,52.1665069709949,80.41626742748726,8.041626742748726
2230,泰茂,電機機械,15.55,2020-09-28,2020Q2,0.0,0.0,-200.0,0.0,-3.5366666666666666,0.0,-4.998713492187618,0.0,0.0,0.0,52.0,80.0,8.0
4903,聯光通,通信網路業,8.8,2020-09-28,2020Q2,0.0,0.0,-2733.33,0.0,-30.176666666666666,0.0,-16.716691255023655,0.0,0.0,0.0,52.0,80.0,8.0
5301,寶得利,觀光餐旅,15.8,2020-09-28,2020Q2,0.0,0.0,-135.65,0.0,-95.35000000000001,0.0,-300.33932910609786,0.0,0.0,0.0,52.0,80.0,8.0
3631,晟楠,電子零組件業,40.0,2020-09-28,2020Q2,0.0,0.0,-766.67,0.0,-39.870000000000005,0.0,-16.63744077458929,0.0,0.0,0.0,52.0,80.0,8.0
1440,南紡,紡織纖維,11.5,2020-09-28,2020Q2,0.0,0.0,-157.14,0.0,-33.16,0.0,-3.738250493513572,0.0,0.0,0.0,51.8406358487291,79.60158962182275,7.960158962182276
3504,揚明光,光電業,55.1,2020-09-28,2020Q2,0.0,0.0,-421.21,0.0,-8.543333333333333,0.0,-8.056427793479322,0.0,0.0,0.0,51.5653309945222,78.91332748630549,7.89133274863055
4744,皇將,生技醫療業,31.4,2020-09-28,2020Q2,0.0,0.0,-40.0,0.0,-18.646666666666665,0.0,7.365093642028428,11.82546821014214,-6.4165899829104776,0.0,44.0,60.0,7.773820231521321
4131,晶宇,生技醫療業,8.35,2020-09-28,2020Q2,0.0,0.0,-128.57,0.0,-7.5133333333333345,0.0,-40.09553630608187,0.0,0.0,0.0,51.0,77.5,7.75
8420,明揚,,24.2,2020-09-28,2020Q2,0.0,0.0,-102.24,0.0,0.0,0.0,-4.208061300406329,0.0,0.0,0.0,51.0,77.5,7.75
2841,台開,,7.38,2020-09-28,2020Q2,0.0,0.0,-916.67,0.0,0.0,0.0,-164.05685092189844,0.0,0.0,0.0,50.9330190858034,77.33254771450851,7.733254771450851
2457,飛宏,電子零組件業,10.2,2020-09-28,2020Q2,0.0,0.0,-107.14,0.0,-6.763333333333333,0.0,-6.199266286374132,0.0,0.0,0.0,50.7314989945473,76.82874748636826,7.682874748636826
4943,康控-KY,電子零組件業,81.2,2020-09-28,2020Q2,38.3,0.0,-558.82,0.0,0.0,0.0,-7.645092856739541,0.0,0.0,0.0,50.291330530841,75.72832632710251,7.572832632710251
2008,高興昌,鋼鐵工業,13.0,2020-09-28,2020Q2,0.0,0.0,-136.84,0.0,0.9533333333333331,4.766666666666666,-20.155263646490905,0.0,0.0,0.0,46.4244811369883,66.06120284247075,7.559453617580409
1447,力鵬,紡織纖維,6.7,2020-09-28,2020Q2,0.0,0.0,-356.25,0.0,-32.17333333333334,0.0,-7.510893383753224,0.0,0.0,0.0,50.1069201416707,75.26730035417674,7.526730035417675
6609,瀧澤科,電機機械,23.5,2020-09-28,2020Q2,0.0,0.0,-103.91,0.0,-23.55,0.0,3.431372085837688,0.0,0.0,0.0,50.0,75.0,7.5
3499,環天科,通信網路業,10.35,2020-09-28,2020Q2,0.0,0.0,-227.03,0.0,-51.60999999999999,0.0,-16.976092187465508,0.0,0.0,0.0,50.0,75.0,7.5
8085,福華,其他電子業,5.53,2020-09-28,2020Q2,0.0,0.0,-875.0,0.0,-16.083333333333332,0.0,-19.368366809928954,0.0,0.0,0.0,50.0,75.0,7.5
5511,德昌,建材營造業,28.95,2020-09-28,2020Q2,0.0,0.0,-26.75,0.0,-4.116666666666666,0.0,5.9621932280177665,4.810966140088833,-0.8103261587217747,0.0,47.0,67.5,7.471644921013325
2022,聚亨,鋼鐵工業,5.51,2020-09-28,2020Q2,0.0,0.0,-3500.0,0.0,-14.17,0.0,0.4455417598702054,0.0,0.0,0.0,49.3769289684338,73.4423224210845,7.3442322421084505
8488,吉源-KY,其他業,13.7,2020-09-28,2020Q2,0.0,0.0,-358.14,0.0,0.0,0.0,-5.672901212078683,0.0,0.0,0.0,48.8319620946817,72.07990523670425,7.207990523670425
1735,日勝化,化學工業,16.7,2020-09-28,2020Q2,30.36,0.0,-121.15,0.0,-31.516666666666666,0.0,-1.2322899779000485,0.0,0.0,0.0,48.7491087150782,71.8727717876955,7.18727717876955
2497,怡利電,汽車工業,16.1,2020-09-28,2020Q2,0.0,0.0,-367.86,0.0,-39.67666666666667,0.0,-17.104823454292653,0.0,0.0,0.0,47.9680426462942,69.9201066157355,6.992010661573551
6153,嘉聯益,電子零組件業,26.5,2020-09-28,2020Q2,115.22,0.0,-143.18,0.0,-10.356666666666667,0.0,-2.4192956937782095,0.0,0.0,0.0,47.7598723592165,69.39968089804125,6.939968089804125
2103,台橡,橡膠工業,17.65,2020-09-28,2020Q2,220.62,0.0,-109.33,0.0,-19.596666666666668,0.0,2.5119241245354527,0.0,0.0,0.0,47.606599117182,69.016497792955,6.9016497792955
3455,由田,光電業,50.0,2020-09-28,2020Q2,0.0,0.0,-95.37,0.0,0.38999999999999996,1.9499999999999997,-0.41650900122230416,0.0,-18.617446778008745,0.0,46.0,65.0,6.89
2106,建大,橡膠工業,28.85,2020-09-28,2020Q2,49.74,6.739631336405516,-113.73,0.0,-2.9333333333333336,0.0,-0.011195529149783912,0.0,0.0,0.0,44.6404949627656,61.601237406914,6.834086874331952
3707,漢磊,半導體業,28.3,2020-09-28,2020Q2,0.0,0.0,-1.23,0.0,3.5233333333333334,17.616666666666667,-7.770268731196964,0.0,0.0,0.0,33.0,32.5,6.773333333333333
4720,德淵,化學工業,13.25,2020-09-28,2020Q2,53.0,0.0,-77.42,0.0,2.6999999999999997,13.499999999999998,2.3700227673533116,0.0,-11.522496121358387,0.0,36.2116910157796,40.529227539448996,6.752922753944899
4161,聿新科,生技醫療業,25.6,2020-09-28,2020Q2,0.0,0.0,-481.82,0.0,-16.093333333333334,0.0,-6.578739338464739,0.0,0.0,0.0,47.0,67.5,6.75
4510,高鋒,電機機械,11.15,2020-09-28,2020Q2,0.0,0.0,-216.67,0.0,-12.700000000000001,0.0,-2.471323073013142,0.0,0.0,0.0,47.0,67.5,6.75
8038,長園科,電子零組件業,28.25,2020-09-28,2020Q2,0.0,0.0,-157.14,0.0,-41.833333333333336,0.0,-24.227280605465364,0.0,0.0,0.0,47.0,67.5,6.75
5263,智崴,文化創意業,99.0,2020-09-28,2020Q2,0.0,0.0,-111.25,0.0,-57.57,0.0,-2.431454484697718,0.0,0.0,0.0,47.0,67.5,6.75
1905,華紙,造紙工業,8.88,2020-09-28,2020Q2,0.0,0.0,-200.0,0.0,-13.306666666666667,0.0,-1.843446326062631,0.0,0.0,0.0,46.9007678612437,67.25191965310925,6.725191965310926
5310,天剛,資訊服務業,13.6,2020-09-28,2020Q2,0.0,0.0,2.38,4.76,-77.07,0.0,-61.798905200892065,0.0,0.0,0.0,42.0,55.00000000000001,6.690000000000001
2634,漢翔,航運業,28.4,2020-09-28,2020Q2,20.29,43.574613165486475,-65.93,0.0,-34.45666666666667,0.0,1.6322839109461338,0.0,-6.844260940256569,0.0,29.2046391761578,23.011597940394505,6.658621110588099
1466,聚隆,紡織纖維,20.8,2020-09-28,2020Q2,0.0,0.0,-757.14,0.0,-24.026666666666667,0.0,-5.257367088882024,0.0,0.0,0.0,46.5516547332814,66.37913683320352,6.6379136833203525
8932,宏大,其他業,17.7,2020-09-28,2020Q2,0.0,0.0,-76.32,0.0,-0.35666666666666674,0.0,-7.401161928967312,0.0,0.0,0.0,46.0,65.0,6.5
2070,精湛,電機機械,25.85,2020-09-28,2020Q2,0.0,0.0,-338.67,0.0,-40.61333333333334,0.0,-21.701248992747786,0.0,0.0,0.0,46.0,65.0,6.5
2014,中鴻,鋼鐵工業,9.43,2020-09-28,2020Q2,0.0,0.0,-236.0,0.0,-11.353333333333333,0.0,-2.5958330977160395,0.0,0.0,0.0,45.9539530500509,64.88488262512725,6.488488262512725
3144,新揚科,,25.5,2020-09-28,2020Q2,0.0,0.0,-22.08,0.0,0.0,0.0,6.970362458209654,9.85181229104827,0.0,0.0,40.0,50.0,6.477771843657241
6288,聯嘉,,34.5,2020-09-28,2020Q2,32.86,0.0,-33.93,0.0,0.0,0.0,2.8884983710668757,0.0,0.0,0.0,45.9066410585578,64.76660264639452,6.476660264639452
2911,麗嬰房,貿易百貨業,6.58,2020-09-28,2020Q2,0.0,0.0,-68.35,0.0,-10.806666666666667,0.0,-12.462438628632402,0.0,0.0,0.0,45.8615892447299,64.65397311182474,6.465397311182475
9934,成霖,居家生活,14.5,2020-09-28,2020Q2,207.14,0.0,-118.92,0.0,3.1,15.5,0.9965615022185181,0.0,0.0,0.0,33.4198439356934,33.549609839233504,6.454960983923351
1568,倉佑,汽車工業,15.3,2020-09-28,2020Q2,0.0,0.0,-141.46,0.0,-13.219999999999999,0.0,-5.847062287447698,0.0,0.0,0.0,45.7251401126971,64.31285028174274,6.431285028174274
2367,燿華,電子零組件業,20.85,2020-09-28,2020Q2,36.58,0.0,-195.61,0.0,-47.21333333333334,0.0,-17.70608765670714,0.0,0.0,0.0,45.0479278726406,62.6198196816015,6.26198196816015
1815,富喬,電子零組件業,10.25,2020-09-28,2020Q2,0.0,0.0,-990.0,0.0,-38.14666666666667,0.0,-16.445555695931038,0.0,0.0,0.0,45.0,62.5,6.25
2734,易飛網,觀光餐旅,10.45,2020-09-28,2020Q2,0.0,0.0,-700.0,0.0,-47.51666666666667,0.0,-31.419615933978733,0.0,0.0,0.0,45.0,62.5,6.25
6465,威潤,通信網路業,32.3,2020-09-28,2020Q2,0.0,0.0,-5500.0,0.0,-15.469999999999999,0.0,-19.423156512679995,0.0,0.0,0.0,45.0,62.5,6.25
5703,亞都,觀光餐旅,0.0,2020-09-28,2020Q2,0.0,0.0,-250.0,0.0,-63.79,0.0,-40.632393178218024,0.0,0.0,0.0,45.0,62.5,6.25
3288,點晶,電子零組件業,10.3,2020-09-28,2020Q2,0.0,0.0,-1000.0,0.0,-6.426666666666667,0.0,-24.0300717621597,0.0,0.0,0.0,45.0,62.5,6.25
2002,中鋼,鋼鐵工業,20.45,2020-09-28,2020Q2,0.0,0.0,-152.17,0.0,-18.30333333333333,0.0,-2.2693515254753978,0.0,0.0,0.0,44.4305963848961,61.07649096224025,6.1076490962240255
3594,磐儀,電腦及週邊設備業,24.6,2020-09-28,2020Q2,0.0,0.0,-130.16,0.0,1.0933333333333333,5.466666666666666,2.1970445263251355,0.0,0.0,0.0,40.0,50.0,6.093333333333334
6142,友勁,通信網路業,8.14,2020-09-28,2020Q2,0.0,0.0,-1.19,0.0,-5.746666666666666,0.0,-25.14784346584952,0.0,0.0,0.0,44.270648559139,60.6766213978475,6.06766213978475
4737,華廣,生技醫療業,70.2,2020-09-28,2020Q2,109.69,0.0,-149.37,0.0,-17.136666666666667,0.0,-4.969859024125407,0.0,0.0,0.0,44.1878439716922,60.46960992923051,6.046960992923051
2718,晶悅,建材營造業,21.2,2020-09-28,2020Q2,0.0,0.0,-5160.0,0.0,-94.49,0.0,-405.3091397849462,0.0,0.0,0.0,44.0,60.0,6.0
6624,萬年清,綠能環保,37.0,2020-09-28,2020Q2,0.0,0.0,-131.66,0.0,-16.596666666666668,0.0,-11.235291722649729,0.0,0.0,0.0,44.0,60.0,6.0
4533,協易機,電機機械,11.15,2020-09-28,2020Q2,0.0,0.0,0.0,0.0,-4.623333333333334,0.0,-5.854706837543968,0.0,0.0,0.0,44.0,60.0,6.0
2409,友達,光電業,11.0,2020-09-28,2020Q2,0.0,0.0,-27.27,0.0,-2.2866666666666666,0.0,-7.552370090769579,0.0,0.0,0.0,43.1438827352341,57.85970683808526,5.785970683808526
3188,鑫龍騰,建材營造業,13.9,2020-09-28,2020Q2,0.0,0.0,-85.32,0.0,-50.24666666666667,0.0,9.352985150271147,21.764925751355733,-28.33157614483493,0.0,30.0,25.0,5.76473886270336
5014,建錩,鋼鐵工業,8.95,2020-09-28,2020Q2,0.0,0.0,9.72,19.44,-8.693333333333333,0.0,-0.966622202730677,0.0,0.0,0.0,23.0,7.5,5.61
1903,士紙,造紙工業,57.9,2020-09-28,2020Q2,0.0,0.0,2.78,5.56,-3.7899999999999996,0.0,-119.07318664224601,0.0,0.0,0.0,36.7140017961462,41.785004490365495,5.5685004490365495
2017,官田鋼,鋼鐵工業,8.39,2020-09-28,2020Q2,0.0,0.0,-33.33,0.0,-9.853333333333333,0.0,-8.61606901968308,0.0,0.0,0.0,42.1992644572535,55.49816114313375,5.5498161143133755
1413,宏洲,紡織纖維,8.94,2020-09-28,2020Q2,0.0,0.0,-237.5,0.0,-51.36666666666667,0.0,-13.865385951367598,0.0,0.0,0.0,42.0425783383479,55.10644584586976,5.510644584586976
1443,立益物流,其他業,8.8,2020-09-28,2020Q2,0.0,0.0,-268.42,0.0,-22.47,0.0,11.94524235633826,34.726211781691305,0.0,0.0,21.0055770290512,2.5139425726279985,5.460326024516496
2748,雲品,觀光餐旅,40.15,2020-09-28,2020Q2,31.61,31.43285821455364,-95.62,0.0,-20.633333333333333,0.0,-6.693404166144449,0.0,-13.858915741345525,0.0,28.8333704674173,22.083426168543248,5.351628438309689
3149,正達,光電業,10.3,2020-09-28,2020Q2,0.0,0.0,-12200.0,0.0,1.2066666666666668,6.033333333333333,-26.62053538167767,0.0,0.0,0.0,36.3624069345035,40.90601733625874,5.297268400292541
1459,聯發,紡織纖維,8.11,2020-09-28,2020Q2,0.0,0.0,-2700.0,0.0,-56.21,0.0,-16.957484110516816,0.0,0.0,0.0,41.1433695870608,52.858423967652016,5.285842396765202
6172,互億,,25.55,2020-09-28,2020Q2,0.0,0.0,-150.0,0.0,0.0,0.0,-4.93437997703181,0.0,0.0,0.0,40.8825498879346,52.206374719836504,5.22063747198365
2069,運錩,鋼鐵工業,14.7,2020-09-28,2020Q2,0.0,0.0,-860.0,0.0,-20.986666666666665,0.0,-1.791260725264977,0.0,0.0,0.0,40.675551593971,51.6888789849275,5.16888789849275
8291,尚茂,電子零組件業,3.83,2020-09-28,2020Q2,0.0,0.0,3.33,6.660000000000001,-69.54666666666667,0.0,-19.726124704025256,0.0,0.0,0.0,34.0,35.0,5.165
6152,百一,通信網路業,8.86,2020-09-28,2020Q2,147.67,0.0,-13.64,0.0,-27.86,0.0,-8.001078980853539,0.0,0.0,0.0,40.3544246343949,50.88606158598725,5.088606158598726
3058,立德,電子零組件業,7.6,2020-09-28,2020Q2,0.0,0.0,-55.0,0.0,-3.073333333333333,0.0,-3.159694245449116,0.0,0.0,0.0,40.1899418350345,50.47485458758626,5.047485458758626
4401,東隆興,紡織纖維,23.95,2020-09-28,2020Q2,0.0,0.0,-89.0,0.0,-18.37,0.0,0.32603400436325786,0.0,-3.137706342311034,0.0,40.0,50.0,5.0
3147,大綜,資訊服務業,29.3,2020-09-28,2020Q2,0.0,0.0,-39.79,0.0,-9.81,0.0,3.8026572387823085,0.0,-0.6571072001630034,0.0,40.0,50.0,5.0
3521,鴻翊,建材營造業,9.95,2020-09-28,2020Q2,0.0,0.0,-143.68,0.0,-87.28000000000002,0.0,-23.36481968383809,0.0,0.0,0.0,40.0,50.0,5.0
4541,晟田,其他業,18.55,2020-09-28,2020Q2,0.0,0.0,-197.96,0.0,-56.776666666666664,0.0,-11.262322611119686,0.0,0.0,0.0,40.0,50.0,5.0
6754,匯僑設計,居家生活,43.95,2020-09-28,2020Q2,14.32,50.0,0.0,0.0,-37.63,0.0,0.0,0.0,0.0,0.0,0.0,0.0,5.0
5450,南良,其他業,20.1,2020-09-28,2020Q2,0.0,0.0,-60.71,0.0,-13.566666666666668,0.0,4.122069961991183,0.0,-0.6108196599322842,0.0,40.0,50.0,5.0
2064,晉椿,鋼鐵工業,0.0,2020-09-28,2020Q2,0.0,0.0,-1437.5,0.0,-30.45,0.0,-10.469901913352999,0.0,0.0,0.0,40.0,50.0,5.0
3066,李洲,光電業,7.35,2020-09-28,2020Q2,0.0,0.0,-366.67,0.0,-22.846666666666664,0.0,-16.284542818093936,0.0,0.0,0.0,40.0,50.0,5.0
6134,萬旭,電子零組件業,9.11,2020-09-28,2020Q2,0.0,0.0,0.0,0.0,-2.0633333333333335,0.0,-3.985919188385517,0.0,0.0,0.0,40.0,50.0,5.0
2030,彰源,鋼鐵工業,10.05,2020-09-28,2020Q2,26.45,14.463233410197285,-158.33,0.0,-14.780000000000001,0.0,-0.07833625004431467,0.0,0.0,0.0,34.1185002685119,35.29625067127976,4.975948408147705
2466,冠西電,光電業,29.95,2020-09-28,2020Q2,0.0,0.0,-1150.0,0.0,-18.486666666666668,0.0,-4.386248851611551,0.0,0.0,0.0,39.4826884601038,48.706721150259504,4.87067211502595
1506,正道,電機機械,11.75,2020-09-28,2020Q2,0.0,0.0,-207.84,0.0,-35.50666666666666,0.0,-26.369343818776937,0.0,0.0,0.0,39.2382101510735,48.09552537768376,4.809552537768376
6125,廣運,光電業,28.15,2020-09-28,2020Q2,0.0,0.0,-103.85,0.0,-16.703333333333333,0.0,0.6258826175665166,0.0,0.0,0.0,39.0,47.5,4.75
3294,英濟,電子零組件業,15.15,2020-09-28,2020Q2,0.0,0.0,-83.33,0.0,-1.0633333333333332,0.0,-5.354803496562923,0.0,0.0,0.0,39.0,47.5,4.75
6143,振曜,通信網路業,34.15,2020-09-28,2020Q2,0.0,0.0,-7.33,0.0,-10.976666666666667,0.0,4.641593696430581,0.0,-3.120856136926134,0.0,39.0,47.5,4.75
1268,漢來美食,觀光餐旅,126.0,2020-09-28,2020Q2,0.0,0.0,-61.08,0.0,1.1900000000000002,5.950000000000001,-1.6129779581347714,0.0,-0.4552791073791515,0.0,34.0,35.0,4.69
2329,華泰,半導體業,10.25,2020-09-28,2020Q2,205.0,0.0,-190.57,0.0,-35.4,0.0,-4.476551642836882,0.0,0.0,0.0,38.6020233464922,46.50505836623051,4.650505836623051
3625,西勝,電腦及週邊設備業,14.65,2020-09-28,2020Q2,0.0,0.0,-873.68,0.0,-25.486666666666665,0.0,-8.371347256183109,0.0,0.0,0.0,38.0,45.0,4.5
6171,亞銳士,建材營造業,23.8,2020-09-28,2020Q2,0.0,0.0,-183.33,0.0,-99.935,0.0,-46.242867218054755,0.0,0.0,0.0,38.0,45.0,4.5
3536,誠創,,4.92,2020-09-28,2020Q2,0.0,0.0,8.93,17.86,0.0,0.0,-22.70665662292352,0.0,0.0,0.0,14.0184892599995,0.0,4.465
3494,誠研,電腦及週邊設備業,5.1,2020-09-28,2020Q2,0.0,0.0,-51.61,0.0,-60.56666666666666,0.0,-99.06629896225357,0.0,0.0,0.0,37.5901967238018,43.975491809504504,4.397549180950451
2637,慧洋-KY,航運業,21.85,2020-09-28,2020Q2,40.46,0.0,-128.77,0.0,0.0,0.0,6.267430754190497,6.337153770952483,0.0,0.0,32.3676885997506,30.919221499376505,4.042495215580523
8940,新天地,觀光餐旅,10.0,2020-09-28,2020Q2,0.0,0.0,-426.83,0.0,-27.433333333333334,0.0,-19.12969711905292,0.0,0.0,0.0,35.4630665427624,38.65766635690599,3.8657666356905995
2429,銘旺科,光電業,16.8,2020-09-28,2020Q2,0.0,0.0,-117.39,0.0,1.78,8.9,-9.416869755080887,0.0,0.0,0.0,28.2843498766881,20.710874691720253,3.851087469172026
6573,虹揚-KY,半導體業,15.1,2020-09-28,2020Q2,0.0,0.0,-122.22,0.0,0.0,0.0,-12.688959551505686,0.0,0.0,0.0,35.2742402388216,38.18560059705399,3.8185600597053995
5525,順天,建材營造業,20.7,2020-09-28,2020Q2,30.44,0.0,-104.26,0.0,-58.84,0.0,0.21060405762693574,0.0,0.0,0.0,35.2489898856006,38.122474714001505,3.8122474714001506
2516,新建,建材營造業,5.25,2020-09-28,2020Q2,0.0,0.0,-872.73,0.0,-1.9833333333333318,0.0,-10.788385808255944,0.0,0.0,0.0,35.1923235847183,37.98080896179575,3.7980808961795756
8084,巨虹,電子通路業,49.45,2020-09-28,2020Q2,0.0,0.0,-363.41,0.0,-43.81333333333333,0.0,-26.906409704515603,0.0,0.0,0.0,35.0,37.5,3.75
4562,穎漢,電機機械,17.05,2020-09-28,2020Q2,0.0,0.0,-437.93,0.0,-28.61,0.0,-17.278013284413344,0.0,0.0,0.0,34.6138928037943,36.53473200948575,3.653473200948575
2415,錩新,電子零組件業,15.0,2020-09-28,2020Q2,0.0,0.0,-193.94,0.0,-30.886666666666667,0.0,7.146869055878868,10.734345279394342,0.0,0.0,28.0401494728828,20.100373682207,3.6201891601298515
1710,東聯,化學工業,16.15,2020-09-28,2020Q2,0.0,0.0,-1700.0,0.0,-28.183333333333337,0.0,-0.25463240923314157,0.0,0.0,0.0,34.3443247682172,35.86081192054299,3.5860811920542996
5392,應華,光電業,23.55,2020-09-28,2020Q2,0.0,0.0,-156.57,0.0,-9.08,0.0,-0.41041901292595506,0.0,0.0,0.0,34.0,35.0,3.5
6103,合邦,半導體業,0.0,2020-09-28,2020Q2,0.0,0.0,-460.0,0.0,-99.27333333333333,0.0,-150.0374531835206,0.0,0.0,0.0,34.0,35.0,3.5
3632,研勤,通信網路業,8.51,2020-09-28,2020Q2,0.0,0.0,-14.56,0.0,-27.959999999999997,0.0,-59.26189507930053,0.0,0.0,0.0,34.0,35.0,3.5
4513,福裕,電機機械,9.05,2020-09-28,2020Q2,0.0,0.0,-477.78,0.0,-26.883333333333336,0.0,-7.9399593960438875,0.0,0.0,0.0,34.0,35.0,3.5
1460,宏遠,紡織纖維,9.49,2020-09-28,2020Q2,0.0,0.0,-2025.0,0.0,-14.993333333333334,0.0,-13.063736767548551,0.0,0.0,0.0,33.3238167415882,33.30954185397051,3.330954185397051
3522,御頂,觀光餐旅,10.95,2020-09-28,2020Q2,0.0,0.0,-638.24,0.0,-18.916666666666668,0.0,-60.6312050228631,0.0,0.0,0.0,33.0,32.5,3.25
8906,花王,其他業,0.0,2020-09-28,2020Q2,0.0,0.0,-500.0,0.0,-11.123333333333335,0.0,-5.983479544650374,0.0,0.0,0.0,33.0,32.5,3.25
8349,矬,鋼鐵工業,47.4,2020-09-28,2020Q2,0.0,0.0,-136.84,0.0,-7.3566666666666665,0.0,-1.774264147717466,0.0,0.0,0.0,33.0,32.5,3.25
2349,錸德,光電業,5.53,2020-09-28,2020Q2,0.0,0.0,-7.69,0.0,-12.293333333333335,0.0,-7.824167577532343,0.0,0.0,0.0,32.4843546095783,31.210886523945742,3.1210886523945742
2906,高林,貿易百貨業,13.7,2020-09-28,2020Q2,152.22,0.0,-262.5,0.0,-7.583333333333333,0.0,2.451832811484722,0.0,0.0,0.0,32.2955700639481,30.738925159870245,3.0738925159870245
5464,霖宏,電子零組件業,11.15,2020-09-28,2020Q2,0.0,0.0,-221.59,0.0,-55.22666666666667,0.0,-15.948196231231734,0.0,0.0,0.0,32.0,30.0,3.0
2538,基泰,建材營造業,9.89,2020-09-28,2020Q2,0.0,0.0,-328.57,0.0,-16.656666666666666,0.0,-14.709964123839192,0.0,0.0,0.0,31.7441791738663,29.36044793466575,2.936044793466575
4526,東台,電機機械,13.15,2020-09-28,2020Q2,0.0,0.0,-195.83,0.0,-28.23,0.0,-3.899314271719831,0.0,0.0,0.0,30.1059732051398,25.2649330128495,2.52649330128495
2023,燁輝,鋼鐵工業,9.6,2020-09-28,2020Q2,0.0,0.0,-2.33,0.0,-11.503333333333332,0.0,0.29907532943350384,0.0,0.0,0.0,30.0371670388651,25.09291759716275,2.509291759716275
8064,東捷,光電業,13.4,2020-09-28,2020Q2,0.0,0.0,-102.88,0.0,-38.056666666666665,0.0,0.039333229803795534,0.0,0.0,0.0,30.0,25.0,2.5
4113,聯上,建材營造業,14.5,2020-09-28,2020Q2,0.0,0.0,-195.45,0.0,-90.89333333333333,0.0,-12.251100941196787,0.0,0.0,0.0,30.0,25.0,2.5
4141,龍燈-KY,,11.6,2020-09-28,2020Q2,0.0,0.0,-136.0,0.0,0.0,0.0,4.537689770509763,0.0,0.0,0.0,29.8502766545071,24.625691636267746,2.4625691636267746
5349,先豐,,24.75,2020-09-28,2020Q2,0.0,0.0,-1475.0,0.0,0.0,0.0,-15.43970960918192,0.0,0.0,0.0,29.0,22.5,2.25
6240,松崗,資訊服務業,13.0,2020-09-28,2020Q2,0.0,0.0,-447.06,0.0,-54.24,0.0,-88.3082373782108,0.0,0.0,0.0,29.0,22.5,2.25
5906,台南-KY,貿易百貨業,33.0,2020-09-28,2020Q2,0.0,0.0,-175.68,0.0,0.0,0.0,2.282647816670839,0.0,0.0,0.0,28.6546540793206,21.6366351983015,2.16366351983015
1718,中纖,化學工業,7.6,2020-09-28,2020Q2,0.0,0.0,-54.29,0.0,-13.729999999999999,0.0,7.882510403991831,14.412552019959154,0.0,0.0,2.87334971256477,0.0,2.161882802993873
2424,隴華,通信網路業,14.2,2020-09-28,2020Q2,0.0,0.0,-83.22,0.0,-60.56666666666666,0.0,-809.9392316407457,0.0,0.0,0.0,28.2700327686315,20.675081921578748,2.067508192157875
2067,嘉鋼,電機機械,9.0,2020-09-28,2020Q2,0.0,0.0,-508.33,0.0,-23.439999999999998,0.0,-11.689953000238784,0.0,0.0,0.0,28.0,20.0,2.0
8066,來思達,居家生活,54.1,2020-09-28,2020Q2,0.0,0.0,-120.45,0.0,1.1666666666666679,5.833333333333339,0.4928650313945811,0.0,0.0,0.0,23.0,7.5,1.9166666666666679
2025,千興,鋼鐵工業,3.16,2020-09-28,2020Q2,0.0,0.0,-9.8,0.0,-10.343333333333332,0.0,-38.479546484150205,0.0,0.0,0.0,27.5418093871234,18.8545234678085,1.8854523467808502
5225,東科-KY,其他電子業,24.25,2020-09-28,2020Q2,0.0,0.0,-390.91,0.0,0.0,0.0,-12.210588901268322,0.0,0.0,0.0,27.1363476963337,17.84086924083425,1.7840869240834252
2007,燁興,鋼鐵工業,6.6,2020-09-28,2020Q2,0.0,0.0,-11.54,0.0,-22.55333333333333,0.0,-8.158425263985887,0.0,0.0,0.0,26.3118226715556,15.779556678889001,1.5779556678889002
2613,中櫃,航運業,14.55,2020-09-28,2020Q2,132.27,0.0,-200.0,0.0,-2.0966666666666667,0.0,3.927068620635427,0.0,0.0,0.0,26.2848256091167,15.712064022791756,1.5712064022791756
2243,宏旭-KY,汽車工業,11.75,2020-09-28,2020Q2,0.0,0.0,1.06,2.12,0.0,0.0,-12.053840078230781,0.0,0.0,0.0,24.028529104135,10.0713227603375,1.53713227603375
1532,勤美,電機機械,31.4,2020-09-28,2020Q2,74.76,0.0,-96.81,0.0,-11.533333333333333,0.0,3.744991458570595,0.0,-2.477581627870645,0.0,25.8634285360482,14.658571340120503,1.4658571340120503
1464,得力,紡織纖維,17.55,2020-09-28,2020Q2,62.68,0.0,-150.0,0.0,-39.166666666666664,0.0,-2.7737053286686097,0.0,0.0,0.0,25.7920850956022,14.480212739005498,1.44802127390055
2528,皇普,建材營造業,23.7,2020-09-28,2020Q2,0.0,0.0,-154.17,0.0,-26.896666666666665,0.0,-133317.46031746033,0.0,0.0,0.0,25.6385356926213,14.096339231553252,1.4096339231553252
2731,雄獅,觀光餐旅,66.0,2020-09-28,2020Q2,0.0,0.0,-208.07,0.0,-90.67999999999999,0.0,-8.146488826523441,0.0,0.0,0.0,25.3109535929529,13.277383982382245,1.3277383982382247
9950,萬國通,塑膠工業,9.38,2020-09-28,2020Q2,0.0,0.0,-93.59,0.0,-83.62333333333333,0.0,-31.703912594821542,0.0,0.0,0.0,25.0,12.5,1.25
2727,王品,觀光餐旅,74.3,2020-09-28,2020Q2,55.45,0.0,-148.48,0.0,0.06333333333333317,0.3166666666666659,-1.5414087841594957,0.0,0.0,0.0,24.1783488374356,10.445872093589,1.1079205426922332
2601,益航,貿易百貨業,9.76,2020-09-28,2020Q2,0.0,0.0,-125.71,0.0,-5.2333333333333325,0.0,2.559683159495432,0.0,0.0,0.0,24.2211986655909,10.552996663977252,1.0552996663977252
2035,唐榮,鋼鐵工業,0.0,2020-09-28,2020Q2,0.0,0.0,-470.97,0.0,-12.546666666666667,0.0,-12.194576020452523,0.0,0.0,0.0,23.0,7.5,0.75
8421,旭源,其他業,9.69,2020-09-28,2020Q2,0.0,0.0,-675.0,0.0,-4.333333333333333,0.0,-3.734359084047625,0.0,0.0,0.0,23.0,7.5,0.75
1418,東華,紡織纖維,7.74,2020-09-28,2020Q2,0.0,0.0,-34.88,0.0,-52.98666666666667,0.0,-214.06411958320453,0.0,0.0,0.0,22.1164224564931,5.291056141232753,0.5291056141232753
9933,中鼎,其他業,38.1,2020-09-28,2020Q2,29.31,0.0,-36.92,0.0,-15.466666666666667,0.0,4.19547022447306,0.0,-25.678489525625498,0.0,21.8003558756071,4.5008896890177486,0.45008896890177486
2027,大成鋼,鋼鐵工業,19.05,2020-09-28,2020Q2,0.0,0.0,-152.41,0.0,-29.816666666666663,0.0,-0.6643471412147354,0.0,0.0,0.0,21.004063070726,2.5101576768150036,0.25101576768150036
1472,三洋實業,建材營造業,11.6,2020-09-28,2020Q2,0.0,0.0,-264.0,0.0,-10.983333333333334,0.0,-88.01662491081946,0.0,0.0,0.0,20.6367807648132,1.5919519120329981,0.15919519120329984
2618,長榮航,航運業,10.95,2020-09-28,2020Q2,273.75,0.0,-195.0,0.0,-57.81,0.0,-0.5255438842066854,0.0,0.0,0.0,20.5896643408137,1.4741608520342542,0.14741608520342542
8497,格威傳媒,,0.0,2020-09-28,2020Q2,22.4,0.6666666666666821,-225.0,0.0,0.0,0.0,-9.349906645567172,0.0,0.0,0.0,8.56711587364184,0.0,0.0666666666666682
4971,IET-KY,半導體業,50.6,2020-09-28,2020Q2,0.0,0.0,0.0,0.0,0.0,0.0,0.0,0.0,0.0,0.0,0.0,0.0,0.0
4966,譜瑞-KY,半導體業,1010.0,2020-09-28,2020Q2,0.0,0.0,0.0,0.0,0.0,0.0,0.0,0.0,0.0,0.0,0.0,0.0,0.0
8426,紅木-KY,其他業,13.05,2020-09-28,2020Q2,0.0,0.0,0.0,0.0,0.0,0.0,0.0,0.0,0.0,0.0,0.0,0.0,0.0
8437,大地-KY,其他業,177.0,2020-09-28,2020Q2,0.0,0.0,0.0,0.0,0.0,0.0,0.0,0.0,0.0,0.0,0.0,0.0,0.0
6514,芮特-KY,,47.6,2020-09-28,2020Q2,0.0,0.0,0.0,0.0,0.0,0.0,0.0,0.0,0.0,0.0,0.0,0.0,0.0
4139,馬光-KY,生技醫療業,53.0,2020-09-28,2020Q2,0.0,0.0,0.0,0.0,0.0,0.0,0.0,0.0,0.0,0.0,0.0,0.0,0.0
4154,康樂-KY,其他業,32.4,2020-09-28,2020Q2,0.0,0.0,0.0,0.0,0.0,0.0,0.0,0.0,0.0,0.0,0.0,0.0,0.0
4157,太景*-KY,生技醫療業,21.2,2020-09-28,2020Q2,0.0,0.0,0.0,0.0,0.0,0.0,0.0,0.0,0.0,0.0,0.0,0.0,0.0
1258,其祥-KY,,12.7,2020-09-28,2020Q2,0.0,0.0,0.0,0.0,0.0,0.0,0.0,0.0,0.0,0.0,0.0,0.0,0.0
8444,綠河-KY,其他業,63.9,2020-09-28,2020Q2,0.0,0.0,0.0,0.0,0.0,0.0,0.0,0.0,0.0,0.0,0.0,0.0,0.0
8934,衡平,,0.0,2020-09-28,2020Q2,0.0,0.0,-203.2,0.0,0.0,0.0,-25.3167684325698,0.0,0.0,0.0,19.0,0.0,0.0
1449,佳和,紡織纖維,15.9,2020-09-28,2020Q2,0.0,0.0,-1420.0,0.0,-14.586666666666664,0.0,-12.155666350715036,0.0,0.0,0.0,16.4286889776249,0.0,0.0
8455,大拓-KY,其他電子業,0.0,2020-09-28,2020Q2,0.0,0.0,0.0,0.0,0.0,0.0,0.0,0.0,0.0,0.0,0.0,0.0,0.0
8423,保綠-KY,綠能環保,16.75,2020-09-28,2020Q2,0.0,0.0,0.0,0.0,0.0,0.0,0.0,0.0,0.0,0.0,0.0,0.0,0.0
5475,德宏,電子零組件業,3.84,2020-09-28,2020Q2,0.0,0.0,-6.0,0.0,-40.199999999999996,0.0,-30.045240157859276,0.0,0.0,0.0,17.0,0.0,0.0
2702,華園,觀光餐旅,15.2,2020-09-28,2020Q2,0.0,0.0,-420.0,0.0,-60.35999999999999,0.0,-27.61490874037351,0.0,0.0,0.0,15.923302933717,0.0,0.0
6616,特昇-KY,居家生活,29.5,2020-09-28,2020Q2,0.0,0.0,0.0,0.0,0.0,0.0,0.0,0.0,0.0,0.0,0.0,0.0,0.0
2241,艾姆勒,汽車工業,50.9,2020-09-28,2020Q2,80.79,0.0,0.0,0.0,-18.110000000000003,0.0,0.0,0.0,0.0,0.0,0.0,0.0,0.0
3664,安瑞-KY,通信網路業,12.55,2020-09-28,2020Q2,0.0,0.0,0.0,0.0,0.0,0.0,0.0,0.0,0.0,0.0,0.0,0.0,0.0
6629,泰金-KY,居家生活,58.6,2020-09-28,2020Q2,0.0,0.0,0.0,0.0,0.0,0.0,0.0,0.0,0.0,0.0,0.0,0.0,0.0
5543,桓鼎-KY,建材營造業,49.1,2020-09-28,2020Q2,0.0,0.0,0.0,0.0,0.0,0.0,0.0,0.0,0.0,0.0,0.0,0.0,0.0
5608,四維航,航運業,6.68,2020-09-28,2020Q2,0.0,0.0,-313.56,0.0,-27.916666666666668,0.0,-43.017159524971476,0.0,0.0,0.0,16.51992148648,0.0,0.0
2726,雅茗-KY,觀光餐旅,61.0,2020-09-28,2020Q2,0.0,0.0,0.0,0.0,0.0,0.0,0.0,0.0,0.0,0.0,0.0,0.0,0.0
4304,勝昱,塑膠工業,4.67,2020-09-28,2020Q2,0.0,0.0,-213.16,0.0,-2.806666666666667,0.0,-20.71955329633049,0.0,0.0,0.0,20.0,0.0,0.0
6404,通訊-KY,,5.45,2020-09-28,2020Q2,0.0,0.0,0.0,0.0,0.0,0.0,0.0,0.0,0.0,0.0,0.0,0.0,0.0
8071,能率網通,電子零組件業,11.85,2020-09-28,2020Q2,0.0,0.0,-80.72,0.0,-21.570000000000004,0.0,2.6699710038242634,0.0,-8.059408284023668,0.0,20.0,0.0,0.0
8077,洛,觀光餐旅,8.32,2020-09-28,2020Q2,0.0,0.0,-7422.22,0.0,-68.93,0.0,-99.28179884867818,0.0,0.0,0.0,20.0,0.0,0.0
5281,大峽谷-KY,,25.0,2020-09-28,2020Q2,0.0,0.0,0.0,0.0,0.0,0.0,0.0,0.0,0.0,0.0,0.0,0.0,0.0
2610,華航,航運業,8.53,2020-09-28,2020Q2,0.0,0.0,-84.62,0.0,-42.60333333333333,0.0,-0.37893655614494826,0.0,0.0,0.0,19.4751399087422,0.0,0.0
2926,誠品生活,文化創意業,78.8,2020-09-28,2020Q2,0.0,0.0,-112.45,0.0,-16.243333333333332,0.0,2.027044405293142,0.0,0.0,0.0,7.0,0.0,0.0
2924,東凌-KY,居家生活,19.4,2020-09-28,2020Q2,0.0,0.0,0.0,0.0,0.0,0.0,0.0,0.0,0.0,0.0,0.0,0.0,0.0
3043,科風,其他電子業,10.2,2020-09-28,2020Q2,0.0,0.0,-126.47,0.0,-7.803333333333335,0.0,-4.18004515303345,0.0,0.0,0.0,10.8799906127079,0.0,0.0
3095,及成,通信網路業,4.0,2020-09-28,2020Q2,0.0,0.0,-126.47,0.0,-22.203333333333333,0.0,-9.446186215588446,0.0,0.0,0.0,16.0,0.0,0.0
1591,駿吉-KY,電機機械,16.0,2020-09-28,2020Q2,0.0,0.0,0.0,0.0,0.0,0.0,0.0,0.0,0.0,0.0,0.0,0.0,0.0
2739,寒舍,觀光餐旅,23.35,2020-09-28,2020Q2,0.0,0.0,-887.1,0.0,-32.166666666666664,0.0,-28.26421654673652,0.0,0.0,0.0,10.2897774879386,0.0,0.0
5820,日盛金,,10.7,2020-09-28,2020Q2,0.0,0.0,0.0,0.0,0.0,0.0,0.0,0.0,0.0,0.0,0.0,0.0,0.0
2928,紅馬-KY,,29.4,2020-09-28,2020Q2,0.0,0.0,0.0,0.0,0.0,0.0,0.0,0.0,0.0,0.0,0.0,0.0,0.0
8406,金可-KY,,138.5,2020-09-28,2020Q2,0.0,0.0,0.0,0.0,0.0,0.0,0.0,0.0,0.0,0.0,0.0,0.0,0.0
2724,富驛-KY,其他業,3.8,2020-09-28,2020Q2,0.0,0.0,0.0,0.0,0.0,0.0,0.0,0.0,0.0,0.0,0.0,0.0,0.0
3383,新世紀,,4.77,2020-09-28,2020Q2,0.0,0.0,-1.35,0.0,0.0,0.0,-51.45407867254583,0.0,0.0,0.0,10.3606265214141,0.0,0.0
2719,燦星旅,觀光餐旅,9.2,2020-09-28,2020Q2,0.0,0.0,-46.28,0.0,-95.05666666666667,0.0,-50.98512870838681,0.0,0.0,0.0,11.0,0.0,0.0
1512,瑞利,汽車工業,4.8,2020-09-28,2020Q2,0.0,0.0,-70.0,0.0,-42.85666666666666,0.0,-13.974033284996098,0.0,0.0,0.0,9.5921667377524,0.0,0.0
4725,信昌化,,17.7,2020-09-28,2020Q2,0.0,0.0,-74.23,0.0,0.0,0.0,-13.635541700170767,0.0,0.0,0.0,11.1136991841488,0.0,0.0
4991,環宇-KY,半導體業,48.0,2020-09-28,2020Q2,0.0,0.0,0.0,0.0,0.0,0.0,0.0,0.0,0.0,0.0,0.0,0.0,0.0
5227,立凱-KY,電子零組件業,14.1,2020-09-28,2020Q2,0.0,0.0,0.0,0.0,0.0,0.0,0.0,0.0,0.0,0.0,0.0,0.0,0.0
5223,安力-KY,電腦及週邊設備業,61.0,2020-09-28,2020Q2,0.0,0.0,0.0,0.0,0.0,0.0,0.0,0.0,0.0,0.0,0.0,0.0,0.0
4745,合富-KY,生技醫療業,30.0,2020-09-28,2020Q2,0.0,0.0,0.0,0.0,0.0,0.0,0.0,0.0,0.0,0.0,0.0,0.0,0.0
5276,達輝-KY,其他業,11.3,2020-09-28,2020Q2,0.0,0.0,0.0,0.0,0.0,0.0,0.0,0.0,0.0,0.0,0.0,0.0,0.0
4924,欣厚-KY,電腦及週邊設備業,17.2,2020-09-28,2020Q2,0.0,0.0,0.0,0.0,0.0,0.0,0.0,0.0,0.0,0.0,0.0,0.0,0.0
8418,捷必勝-KY,,13.15,2020-09-28,2020Q2,0.0,0.0,0.0,0.0,0.0,0.0,0.0,0.0,0.0,0.0,0.0,0.0,0.0
4803,VHQ-KY,,51.8,2020-09-28,2020Q2,0.0,0.0,0.0,0.0,0.0,0.0,0.0,0.0,0.0,0.0,0.0,0.0,0.0
4804,大略-KY,觀光餐旅,10.6,2020-09-28,2020Q2,0.0,0.0,0.0,0.0,0.0,0.0,0.0,0.0,0.0,0.0,0.0,0.0,0.0
