symbol,name,industry,market_price,price_date,report_quarter,pe_ratio,value_score,eps_yoy,growth_score,avg_revenue_yoy_3m,momentum_score,op_margin,profit_score,cash_quality,quality_score,equity_to_assets_ratio,safety_score,total_score
3056,富華新,建材營造業,49.45,2023-04-28,2022Q4,5.43,100.0,225.91,100.0,739.41,100.0,30.905242365482977,100.0,2.088747340305129,100.0,36.4083904983069,41.02097624576725,94.10209762457673
2617,台航,航運業,31.5,2023-04-28,2022Q4,6.52,100.0,52.85,100.0,14.546666666666667,72.73333333333333,29.33969818182475,100.0,1.1711955051875245,95.88507216964636,63.8063006170498,100.0,93.72368110059594
1795,美時,生技醫療業,259.5,2023-04-28,2022Q4,22.51,58.00980792807518,110.73,100.0,46.11000000000001,100.0,28.095250851991683,100.0,1.2312867271349532,100.0,46.9682846073028,67.420711518257,92.54305194463322
5519,隆大,建材營造業,24.4,2023-04-28,2022Q4,5.91,100.0,51.28,100.0,91.90000000000002,100.0,22.10725957606596,85.5362978803298,1.0954693485532605,85.06704979332294,41.9468186182035,54.86704654550876,90.33055929526493
4728,雙美,生技醫療業,276.0,2023-04-28,2022Q4,0.0,0.0,117.29,100.0,22.826666666666668,100.0,54.85395771937769,100.0,1.2074360472957784,100.0,74.0,100.0,90.0
4768,晶呈科技,化學工業,172.0,2023-04-28,2022Q4,0.0,0.0,188.46,100.0,33.67666666666667,100.0,29.31592973776816,100.0,1.5711249494240151,100.0,65.0,100.0,90.0
6643,M31,半導體業,558.0,2023-04-28,2022Q4,0.0,0.0,49.75,99.5,26.106666666666666,100.0,27.05186503108079,100.0,1.7180476305991794,100.0,78.0,100.0,89.875
3022,威強電,電腦及週邊設備業,79.0,2023-04-28,2022Q4,9.35,86.9946091644205,72.45,100.0,41.66,100.0,16.590659138309945,57.95329569154972,1.075468322042315,82.20976029175928,69.0322434955903,100.0,88.83440732852637
2834,臺企銀,金融保險業,13.95,2023-04-28,2022Q4,11.07,83.94988066825775,96.88,100.0,28.159999999999997,100.0,42.20175993492685,100.0,3.0275026744117577,100.0,5.02330301487543,0.0,88.39498806682577
6517,保勝光學,光電業,151.5,2023-04-28,2022Q4,0.0,0.0,74.31,100.0,47.23666666666666,100.0,22.182883364923324,85.91441682461662,1.4881908205997807,100.0,77.0,100.0,87.8871625236925
8478,東哥遊艇,運動休閒,472.5,2023-04-28,2022Q4,23.71,0.0,108.69,100.0,19.81,99.05,33.510018626747204,100.0,1.203321435619451,100.0,51.7255874443099,79.31396861077475,87.74139686107748
6873,泓德能源,綠能環保,139.0,2023-04-28,2022Q4,18.17,42.357819905213255,170.86,100.0,39.84,100.0,16.704664539418157,58.523322697090784,1.9108130058790413,100.0,54.9750715758924,87.437678939731,86.75804828905805
6242,立康,生技醫療業,78.8,2023-04-28,2022Q4,0.0,0.0,117.65,100.0,58.92666666666667,100.0,20.074446147842977,75.37223073921488,1.4027780255856692,100.0,83.0,100.0,86.30583461088223
2904,匯僑,其他業,20.3,2023-04-28,2022Q4,14.71,59.53259532595324,45.63,91.26,16.669999999999998,83.35,21.413294694361667,82.06647347180834,2.482764097006838,100.0,54.1166610993105,85.29165274827625,86.27739582819419
1108,幸福,水泥工業,16.1,2023-04-28,2022Q4,11.18,70.62477813276537,121.54,100.0,29.58,100.0,17.145953741552997,60.72976870776499,1.1091797197599516,87.02567425142166,50.7740064010376,76.935016002594,86.27057956998502
3218,大學光,生技醫療業,401.0,2023-04-28,2022Q4,0.0,0.0,42.82,85.64,24.076666666666668,100.0,30.94171045292049,100.0,1.491274612178854,100.0,59.0,97.5,86.16
4572,駐龍,電機機械,180.0,2023-04-28,2022Q4,35.09,0.0,242.0,100.0,61.10333333333333,100.0,28.93610339033621,100.0,1.0608541700713625,80.12202429590893,80.3812957826347,100.0,86.02440485918179
1786,科妍,生技醫療業,72.5,2023-04-28,2022Q4,33.88,11.544748671843053,38.96,77.92,29.379999999999995,100.0,24.15205580714383,95.76027903571915,1.2574938609613593,100.0,72.0095832880572,100.0,84.99851672254218
4536,拓凱,運動休閒,201.0,2023-04-28,2022Q4,8.08,65.03680336487906,171.72,100.0,27.313333333333333,100.0,23.17738606363031,90.88693031815154,0.9550712037043182,65.01017195775974,47.2351552265772,68.08788806644299,84.94754308240688
1752,南光,生技醫療業,80.6,2023-04-28,2022Q4,23.16,55.35349407437678,79.9,100.0,55.77333333333333,100.0,16.573107678639435,57.86553839319717,1.0488268432580774,78.40383475115392,67.2617863634018,100.0,84.89594711664803
9943,好樂迪,觀光餐旅,67.8,2023-04-28,2022Q4,18.03,100.0,695.35,100.0,13.563333333333333,67.81666666666666,13.262063534531062,41.31031767265531,1.2572035718995818,100.0,66.1322237209354,100.0,84.75988098423163
6516,勤崴國際,資訊服務業,96.1,2023-04-28,2022Q4,0.0,0.0,71.0,100.0,30.073333333333334,100.0,17.99633762827135,64.98168814135674,1.5414623639565674,100.0,85.0,100.0,84.74725322120351
6515,穎崴,半導體業,713.0,2023-04-28,2022Q4,22.38,13.035495716034283,122.82,100.0,25.573333333333334,100.0,26.206221461086926,100.0,0.9658735612125443,66.55336588750633,64.8469826886582,100.0,84.61422274910468
1475,業旺,紡織纖維,51.4,2023-04-28,2022Q4,11.03,91.79419525065963,222.95,100.0,28.69333333333333,100.0,19.60486525543929,73.02432627719645,0.8109578616331747,44.42255166188211,78.7380899260315,100.0,84.01757879902186
6612,奈米醫材,生技醫療業,160.5,2023-04-28,2022Q4,0.0,0.0,118.97,100.0,24.25333333333333,100.0,24.364807864758045,96.82403932379022,1.0000543010293923,71.43632871848462,84.0,100.0,83.81087164226545
9906,欣巴巴,建材營造業,50.1,2023-04-28,2022Q4,9.86,78.16029143897997,61.78,100.0,233.75333333333333,100.0,19.384696812315074,71.92348406157537,2.567110598871551,100.0,12.3111662414025,0.0,83.6045517531343
1796,金穎生技,食品工業,118.5,2023-04-28,2022Q4,0.0,0.0,55.86,100.0,30.45,100.0,16.08832061177072,55.441603058853595,1.3100990861814368,100.0,70.0,100.0,83.31624045882803
1783,和康生,生技醫療業,61.7,2023-04-28,2022Q4,37.39,0.0,51.38,100.0,15.790000000000001,78.95,21.27885565101724,81.39427825508619,1.9248945510889215,100.0,89.496195059414,100.0,82.99914173826292
6532,瑞耘,半導體業,58.6,2023-04-28,2022Q4,0.0,0.0,90.11,100.0,21.563333333333333,100.0,31.023936410986845,100.0,0.9289908734177916,61.28441048825594,75.0,100.0,82.25688209765119
2897,王道銀行,金融保險業,10.25,2023-04-28,2022Q4,6.17,100.0,185.71,100.0,12.973333333333334,64.86666666666667,54.59388511617903,100.0,1.1536032286212394,93.37188980303421,6.53376422255596,0.0,81.64771129394018
6605,帝寶,汽車工業,97.7,2023-04-28,2022Q4,9.0,94.61538461538461,58.54,100.0,15.15,75.75,12.601099136841698,38.00549568420849,2.3414078821001083,100.0,44.4422920068184,61.105730017046,81.42293581587434
2534,宏盛,建材營造業,22.8,2023-04-28,2022Q4,5.48,100.0,133.15,100.0,4.239999999999999,21.199999999999996,31.213646202557893,100.0,2.2769841225418386,100.0,48.5812059301265,71.45301482531625,81.38530148253162
6263,普萊德,通信網路業,127.5,2023-04-28,2022Q4,0.0,0.0,36.38,72.76,22.116666666666664,100.0,29.857252572773398,100.0,1.1320348740368227,90.29069629097467,78.0,100.0,81.24813925819493
2345,智邦,通信網路業,299.0,2023-04-28,2022Q4,20.44,45.09879394405954,73.46,100.0,30.556666666666672,100.0,12.476627390869655,37.38313695434828,1.1907403697268564,98.67719567526521,44.3504172929312,60.876043232327994,80.94039339584404
2330,台積電,半導體業,502.0,2023-04-28,2022Q4,12.81,71.60342717258261,70.36,100.0,3.93,19.650000000000002,49.528829187262936,100.0,1.5844085206361627,100.0,59.3310048117716,98.327512029429,80.92309392020115
6762,達亞,生技醫療業,242.0,2023-04-28,2022Q4,0.0,0.0,31.61,63.22,66.72666666666667,100.0,28.710467542453788,100.0,1.4923203558731326,100.0,64.0,100.0,80.805
2538,基泰,建材營造業,13.45,2023-04-28,2022Q4,30.57,0.0,241.94,100.0,34.07,100.0,26.440686668834612,100.0,31.54708365371036,100.0,23.187068700632,7.967671751580001,80.796767175158
3653,健策,電子零組件業,455.0,2023-04-28,2022Q4,23.81,0.0,117.35,100.0,14.08,70.39999999999999,25.21681125182785,100.0,1.0691677750019986,81.30968214314265,60.3417776950427,100.0,80.34193642862853
6788,華景電,半導體業,135.5,2023-04-28,2022Q4,0.0,0.0,42.37,84.74,14.126666666666667,70.63333333333334,30.697820546310744,100.0,1.3418327558182384,100.0,67.0,100.0,80.31166666666667
1777,生泰,生技醫療業,95.4,2023-04-28,2022Q4,0.0,0.0,31.61,63.22,36.169999999999995,100.0,24.153807158065497,95.76903579032748,1.4860542927582563,100.0,79.0,100.0,80.17035536854912
2752,豆府,觀光餐旅,249.0,2023-04-28,2022Q4,0.0,0.0,73.53,100.0,33.28666666666667,100.0,13.19743142158058,40.9871571079029,1.6303124146778423,100.0,56.0,90.0,80.14807356618543
6266,泰詠,電子零組件業,41.85,2023-04-28,2022Q4,0.0,0.0,101.34,100.0,49.86333333333334,100.0,11.807609155219202,34.03804577609601,2.213644338941067,100.0,68.0,100.0,80.10570686641441
2603,長榮,航運業,161.5,2023-04-28,2022Q4,1.02,100.0,91.07,100.0,-60.916666666666664,0.0,59.75099855964549,100.0,1.263999824943494,100.0,62.2204537554806,100.0,80.0
2303,聯電,半導體業,49.1,2023-04-28,2022Q4,7.35,100.0,55.14,100.0,-14.346666666666666,0.0,37.420256619193246,100.0,1.672745272037499,100.0,62.8657620951612,100.0,80.0
1524,耿鼎,汽車工業,23.7,2023-04-28,2022Q4,11.62,78.49230769230769,436.84,100.0,15.54,77.69999999999999,11.604040579605583,33.02020289802791,2.0272615137689667,100.0,46.5037943424247,66.25948585606174,79.96820978954112
8931,大汽電,油電燃氣業,73.9,2023-04-28,2022Q4,0.0,0.0,116.55,100.0,76.7,100.0,15.273463059173551,51.367315295867755,1.4719060828268613,100.0,49.0,72.5,79.95509729438017
6291,沛亨,半導體業,167.0,2023-04-28,2022Q4,0.0,0.0,158.66,100.0,18.473333333333333,92.36666666666666,13.185740521419003,40.92870260709501,1.3046723896188823,100.0,72.0,100.0,79.61263872439758
4979,華星光,通信網路業,50.8,2023-04-28,2022Q4,0.0,0.0,192.34,100.0,156.16,100.0,20.74322776755608,78.71613883778039,0.9455085950626858,63.64408500895512,68.0,100.0,79.53623782745808
6664,群翊,電子零組件業,112.5,2023-04-28,2022Q4,0.0,0.0,86.93,100.0,14.656666666666666,73.28333333333333,25.409908050434165,100.0,1.9037333964864207,100.0,39.0,47.5,79.40666666666667
1762,中化生,生技醫療業,95.6,2023-04-28,2022Q4,15.91,84.98161013485901,16.25,32.5,69.27,100.0,21.89421220285441,84.47106101427204,1.575089349918968,100.0,69.9546946809741,100.0,79.29382016562671
6581,鋼聯,綠能環保,89.9,2023-04-28,2022Q4,10.17,89.75118483412322,74.02,100.0,-7.603333333333334,0.0,45.637009337715625,100.0,1.2292443771560375,100.0,87.4549216790999,100.0,78.97511848341232
2484,希華,電子零組件業,37.55,2023-04-28,2022Q4,7.79,90.1919385796545,89.76,100.0,-25.703333333333333,0.0,24.499323443183936,97.49661721591968,1.3403386283054528,100.0,72.1263837573405,100.0,78.64368644035339
4770,上品,化學工業,281.5,2023-04-28,2022Q4,12.53,83.45724907063197,61.69,100.0,28.843333333333334,100.0,34.73728301060526,100.0,0.49291532682401124,0.0,70.6298531534111,100.0,78.3457249070632
2722,夏都,觀光餐旅,50.9,2023-04-28,2022Q4,36.88,50.0,666.67,100.0,5.753333333333333,28.766666666666662,21.779792808096275,83.89896404048137,1.8999312999857416,100.0,69.1114764794997,100.0,78.33817793940554
3532,台勝科,半導體業,149.0,2023-04-28,2022Q4,11.99,76.6217870257038,241.48,100.0,0.6699999999999999,3.3499999999999996,31.627731773965234,100.0,2.541390478849065,100.0,68.9625018232037,100.0,78.33217870257039
1319,東陽,汽車工業,47.65,2023-04-28,2022Q4,13.09,69.44615384615385,213.79,100.0,13.193333333333333,65.96666666666667,9.089671631378225,20.44835815689113,2.5992276373446828,100.0,70.8061783344462,100.0,78.20520244148238
8046,南電,電子零組件業,274.5,2023-04-28,2022Q4,9.13,79.90403071017273,83.46,100.0,-12.656666666666666,0.0,36.46724953406846,100.0,1.6639954275905375,100.0,65.7152948477597,100.0,77.99040307101727
4153,鈺緯,生技醫療業,46.9,2023-04-28,2022Q4,0.0,0.0,129.73,100.0,33.93333333333334,100.0,8.936961917564613,19.684809587823064,1.4737319022975777,100.0,81.0,100.0,77.95272143817346
8109,博大,電子零組件業,88.5,2023-04-28,2022Q4,0.0,0.0,71.02,100.0,32.99333333333333,100.0,32.371938978882554,100.0,0.8653528977263693,52.19327110376704,50.0,75.0,77.9386542207534
2701,萬企,觀光餐旅,12.55,2023-04-28,2022Q4,26.7,77.60303687635576,147.37,100.0,27.526666666666667,100.0,46.766386480464185,100.0,0.4555110059551639,0.0,86.4532198745789,100.0,77.76030368763557
4102,永日,生技醫療業,32.85,2023-04-28,2022Q4,0.0,0.0,1078.57,100.0,30.88333333333333,100.0,8.58546421753791,17.927321087689545,1.3361764747903362,100.0,60.0,100.0,77.68909816315343
4911,德英,生技醫療業,76.3,2023-04-28,2022Q4,0.0,0.0,136.11,100.0,500.44666666666666,100.0,8.491339947683688,17.45669973841844,13.543286817504404,100.0,88.0,100.0,77.61850496076276
4129,聯合,生技醫療業,62.9,2023-04-28,2022Q4,0.0,0.0,667.57,100.0,25.150000000000002,100.0,10.779946223664112,28.89973111832056,1.6107758212094812,100.0,53.0,82.5,77.58495966774808
6409,旭隼,其他電子業,1760.0,2023-04-28,2022Q4,34.84,0.0,87.62,100.0,10.76,53.800000000000004,23.2689153197707,91.3445765988535,1.2674837408552886,100.0,52.0127637582579,80.03190939564475,77.4648774293925
3038,全台,光電業,29.8,2023-04-28,2022Q4,10.53,95.2987012987013,76.88,100.0,12.233333333333334,61.16666666666667,8.186491972861713,15.932459864308566,1.787377709206839,100.0,52.8510026079309,82.12750651982725,77.36582309483248
2404,漢唐,其他電子業,216.5,2023-04-28,2022Q4,10.15,67.41253051261187,46.25,92.5,170.60333333333332,100.0,11.26624289345857,31.331214467292845,1.6545825275004158,100.0,31.1115434388665,27.778858597166256,77.34382108107172
6245,立端,通信網路業,102.5,2023-04-28,2022Q4,0.0,0.0,83.23,100.0,27.669999999999998,100.0,12.109996796035801,35.54998398017901,1.4534292056347238,100.0,47.0,67.5,77.08249759702684
6669,緯穎,電腦及週邊設備業,1165.0,2023-04-28,2022Q4,14.37,53.167115902964966,63.91,100.0,46.73,100.0,6.089361219169722,5.446806095848609,2.1642490861717163,100.0,43.6604844546884,59.151211136721,77.04885361834589
6417,韋僑,通信網路業,165.0,2023-04-28,2022Q4,0.0,0.0,49.01,98.02,25.133333333333336,100.0,15.569908629688658,52.84954314844329,1.0091324920307323,72.73321314724748,61.0,100.0,76.97907410171598
1436,華友聯,建材營造業,57.3,2023-04-28,2022Q4,8.82,85.73770491803279,28.74,57.48,1250.97,100.0,21.904777617727124,84.52388808863563,2.5896175478600343,100.0,25.1298611470362,12.824652867590498,76.90481899185767
6649,台生材,生技醫療業,40.8,2023-04-28,2022Q4,0.0,0.0,157.64,100.0,42.669999999999995,100.0,20.002199425007465,75.01099712503732,0.868256554584506,52.60807922635801,88.0,100.0,76.77326541402721
6869,雲豹能源,綠能環保,88.9,2023-04-28,2022Q4,22.06,19.312796208530813,75.22,100.0,179.63333333333333,100.0,13.904207141929817,44.521035709649084,1.898749485101537,100.0,32.4578818355542,31.144704588885492,76.72390543618899
6235,華孚,電腦及週邊設備業,95.7,2023-04-28,2022Q4,56.63,0.0,90.63,100.0,44.46333333333333,100.0,8.887464277810386,19.437321389051927,2.123460726469004,100.0,54.3909196188578,85.97729904714451,76.51332811307225
3680,家登,半導體業,349.0,2023-04-28,2022Q4,0.0,0.0,175.93,100.0,39.089999999999996,100.0,24.305640081254445,96.52820040627222,0.9140719195002309,59.153131357175845,40.0,50.0,76.309856332376
3178,公準,半導體業,86.0,2023-04-28,2022Q4,0.0,0.0,150.5,100.0,18.55666666666667,92.78333333333335,14.638535566782817,48.19267783391409,1.5720550739418664,100.0,42.0,55.00000000000001,76.28556834175379
3189,景碩,半導體業,110.5,2023-04-28,2022Q4,7.17,100.0,80.72,100.0,-31.60666666666667,0.0,23.935686043736673,94.67843021868336,2.287721348149694,100.0,47.25331932619,68.13329831547502,76.01509436435
2539,櫻花建,建材營造業,37.5,2023-04-28,2022Q4,18.29,16.739526411657568,97.12,100.0,20821.88,100.0,30.761974351331933,100.0,0.7537860117841652,36.255144540595026,47.5240664275769,68.81016606894225,75.80599815617897
1540,喬福,電機機械,16.75,2023-04-28,2022Q4,13.19,62.271366810774865,3275.0,100.0,16.99,84.94999999999999,15.891280417333101,54.45640208666551,0.818191906488126,45.45598664116086,88.1373475772038,100.0,75.47679432230947
1708,東鹼,化學工業,41.35,2023-04-28,2022Q4,8.54,100.0,79.93,100.0,-16.183333333333334,0.0,21.787947922472604,83.93973961236301,1.4386909239452617,100.0,51.5393981863721,78.84849546593024,75.47581048844748
4550,長佳,電機機械,32.65,2023-04-28,2022Q4,0.0,0.0,100.71,100.0,67.67999999999999,100.0,8.467246884942067,17.336234424710337,1.9288543827195097,100.0,51.0,77.5,75.35043516370655
2712,遠雄來,觀光餐旅,34.6,2023-04-28,2022Q4,150.43,0.0,215.0,100.0,56.76333333333334,100.0,5.324574439340719,1.6228721967035933,3.898287515030891,100.0,65.6947366945178,100.0,75.24343082950554
6482,弘煜科,文化創意業,45.0,2023-04-28,2022Q4,0.0,0.0,150.82,100.0,14.5,72.5,16.623289834680758,58.116449173403794,1.0948609064910304,84.98012949871864,71.0,100.0,75.2134932757543
1527,鑽全,電機機械,42.0,2023-04-28,2022Q4,7.84,97.85500498836049,59.05,100.0,-29.623333333333335,0.0,18.727187772812098,68.63593886406049,1.7981828791204941,100.0,86.8201344481489,100.0,75.08089132844512
4934,太極,光電業,31.1,2023-04-28,2022Q4,63.47,0.0,111.56,100.0,95.44,100.0,-11.105384084889232,0.0,1.5617649731891303,100.0,63.8542604816944,100.0,75.0
3025,星通,通信網路業,32.7,2023-04-28,2022Q4,34.42,0.0,102.13,100.0,52.666666666666664,100.0,3.3107278626877386,0.0,4.56914380665549,100.0,78.9364808505041,100.0,75.0
6185,幃翔,電子零組件業,19.9,2023-04-28,2022Q4,0.0,0.0,143.28,100.0,25.496666666666666,100.0,-2.8893645602941778,0.0,1.6790151601504617,100.0,84.0,100.0,75.0
6533,晶心科,半導體業,453.5,2023-04-28,2022Q4,64.51,0.0,95.82,100.0,37.81,100.0,-7.422884867372597,0.0,2.0175480492334317,100.0,91.982276000736,100.0,75.0
6472,保瑞,生技醫療業,730.0,2023-04-28,2022Q4,0.0,0.0,84.46,100.0,332.7366666666667,100.0,18.316084566443088,66.58042283221543,1.4441058224777932,100.0,20.0,0.0,74.98706342483231
4163,鐿鈦,生技醫療業,130.5,2023-04-28,2022Q4,0.0,0.0,84.99,100.0,30.13,100.0,15.88112843707504,54.4056421853752,1.0093741638667302,72.76773769524716,49.0,72.5,74.96439386685572
3207,耀勝,電子零組件業,75.0,2023-04-28,2022Q4,0.0,0.0,483.78,100.0,41.63666666666666,100.0,10.50210877381783,27.510543869089144,1.0889427426035785,84.13467751479693,56.0,90.0,74.95351708332277
5388,中磊,通信網路業,82.1,2023-04-28,2022Q4,10.96,93.75160379779317,120.06,100.0,24.849999999999998,100.0,3.7439627142435032,0.0,1.7854928277925188,100.0,22.1684454448145,5.421113612036246,74.91727174098294
2607,榮運,航運業,27.05,2023-04-28,2022Q4,8.2,100.0,230.0,100.0,-20.776666666666667,0.0,18.205077672338522,66.0253883616926,1.4064748476852553,100.0,70.2769237574663,100.0,74.90380825425389
8093,保銳,電子零組件業,18.35,2023-04-28,2022Q4,0.0,0.0,100.85,100.0,42.373333333333335,100.0,-30.87170129140932,0.0,145.11073825503357,100.0,59.0,97.5,74.75
6206,飛捷,電腦及週邊設備業,70.7,2023-04-28,2022Q4,9.7,84.63611859838275,52.83,100.0,-48.79333333333333,0.0,19.96091428468361,74.80457142341805,1.339874400016105,100.0,80.6771069619644,100.0,74.68429757335099
4747,強生,生技醫療業,57.7,2023-04-28,2022Q4,0.0,0.0,31.71,63.42,34.71666666666667,100.0,16.535030353507686,57.67515176753844,1.382939353286765,100.0,84.0,100.0,74.50627276513077
1734,杏輝,生技醫療業,32.6,2023-04-28,2022Q4,24.33,50.57212913771966,682.61,100.0,16.093333333333334,80.46666666666667,6.907914197429088,9.53957098714544,1.8932088103844305,100.0,47.3749315097949,68.43732877448726,74.42521477262584
4119,旭富,生技醫療業,126.5,2023-04-28,2022Q4,39.04,0.0,458.62,100.0,129.74666666666667,100.0,13.222738174890914,41.11369087445457,0.9604410907442192,65.7772986777456,73.161888254482,100.0,74.3225133667173
8222,寶一,電機機械,64.1,2023-04-28,2022Q4,228.93,0.0,118.67,100.0,68.56,100.0,-6.328080509681093,0.0,5.036056040179751,100.0,56.983228651116,92.45807162779,74.245807162779
2419,仲琦,通信網路業,26.0,2023-04-28,2022Q4,19.12,51.873235822427496,581.82,100.0,16.8,84.00000000000001,6.471685174873758,7.35842587436879,1.7274410868677066,100.0,43.2566669894293,58.14166747357324,73.9052542107554
2495,普安,電腦及週邊設備業,27.2,2023-04-28,2022Q4,34.87,0.0,47.17,94.34,49.99666666666667,100.0,15.094384772635594,50.47192386317797,0.9454914183446026,63.64163119208609,65.7421850934194,100.0,73.88411481789392
2706,第一店,觀光餐旅,15.0,2023-04-28,2022Q4,25.0,82.21258134490239,275.0,100.0,15.573333333333332,77.86666666666666,68.56782916385565,100.0,0.48794323417891583,0.0,86.799681052541,100.0,73.79459146782357
3037,欣興,電子零組件業,145.0,2023-04-28,2022Q4,7.87,89.57773512476008,123.61,100.0,-13.516666666666666,0.0,27.17072458794191,100.0,2.062292509361968,100.0,39.2084398347197,48.021099586799245,73.75988347115593
2748,雲品,觀光餐旅,83.7,2023-04-28,2022Q4,39.11,43.95336225596531,678.95,100.0,13.350000000000001,66.75000000000001,12.507417975629028,37.53708987814514,3.142889355454559,100.0,41.51246903671,53.781172591775004,73.75401696649581
3594,磐儀,電腦及週邊設備業,50.8,2023-04-28,2022Q4,0.0,0.0,403.33,100.0,17.756666666666664,88.78333333333333,7.214882388377923,11.074411941889615,1.791665407740883,100.0,57.0,92.5,73.66782845795011
8049,晶采,光電業,38.35,2023-04-28,2022Q4,0.0,0.0,46.36,92.72,30.580000000000002,100.0,19.762900037535942,73.81450018767971,0.8252495107198838,46.46421581712627,81.0,100.0,73.54501819157721
3290,東浦,電子零組件業,27.5,2023-04-28,2022Q4,0.0,0.0,51.95,100.0,34.333333333333336,100.0,6.340504314232817,6.702521571164084,2.7890663875495463,100.0,50.0,75.0,73.50537823567461
3533,嘉澤,電子零組件業,878.0,2023-04-28,2022Q4,15.0,34.83685220729367,76.17,100.0,-1.2899999999999998,0.0,26.823314722898523,100.0,1.2364823800981826,100.0,68.4993861058085,100.0,73.48368522072937
3564,其陽,通信網路業,36.3,2023-04-28,2022Q4,0.0,0.0,246.67,100.0,29.650000000000002,100.0,8.619839917896622,18.09919958948311,1.9862432761166362,100.0,43.0,57.49999999999999,73.46487993842247
3308,聯德,電子零組件業,31.2,2023-04-28,2022Q4,111.43,0.0,173.68,100.0,148.04,100.0,10.945332253234161,29.726661266170808,19.169040787046526,100.0,35.6578073378055,39.14451834451375,73.37345102437699
5465,富驊,電腦及週邊設備業,38.2,2023-04-28,2022Q4,0.0,0.0,59.06,100.0,17.216666666666665,86.08333333333333,7.798255711368964,13.991278556844819,1.4876871674297736,100.0,56.0,90.0,73.31535845019339
4557,永新-KY,汽車工業,111.0,2023-04-28,2022Q4,9.16,93.63076923076923,134.69,100.0,0.0,0.0,17.13070613957178,60.653530697858905,1.5463037804904431,100.0,58.9342327964572,97.335581991143,73.19466472687006
2493,揚博,電子零組件業,53.3,2023-04-28,2022Q4,10.29,70.99808061420346,72.67,100.0,-3.473333333333333,0.0,21.934013149347635,84.67006574673817,1.1439314652261985,91.99020931802836,59.7708101714092,99.42702542852301,73.14106232988904
8069,元太,光電業,190.5,2023-04-28,2022Q4,0.0,0.0,91.83,100.0,30.543333333333333,100.0,30.60252572569546,100.0,0.6084699472847882,15.495706754969744,67.0,100.0,73.09914135099395
6248,沛波,鋼鐵工業,34.0,2023-04-28,2022Q4,0.0,0.0,104.94,100.0,36.626666666666665,100.0,3.503644901323355,0.0,1.9058652168758363,100.0,52.0,80.0,73.0
6230,尼得科超眾,電腦及週邊設備業,161.0,2023-04-28,2022Q4,22.68,0.0,75.31,100.0,24.823333333333334,100.0,6.714717565790177,8.573587828950883,1.7001653733621676,100.0,45.6744298242997,64.18607456074925,72.70464563041756
1445,大宇,紡織纖維,19.85,2023-04-28,2022Q4,248.12,0.0,142.11,100.0,17.583333333333332,87.91666666666667,-2.2378785713151337,0.0,12.63896978522024,100.0,76.6403023116876,100.0,72.58333333333334
8937,合騏,其他業,16.3,2023-04-28,2022Q4,0.0,0.0,107.59,100.0,94.21333333333332,100.0,-11.690516042339517,0.0,14.491593956160886,100.0,50.0,75.0,72.5
4105,東洋,生技醫療業,76.9,2023-04-28,2022Q4,0.0,0.0,31.34,62.68,14.606666666666667,73.03333333333335,24.26022491675567,96.30112458377835,1.129175038902915,89.88214841470213,59.0,97.5,72.44826503717385
3413,京鼎,半導體業,187.0,2023-04-28,2022Q4,7.82,100.0,44.86,89.72,-0.22333333333333338,0.0,19.881533799166636,74.40766899583318,1.2322802331626543,100.0,55.0078790496304,87.51969762407599,72.34312011178258
5533,皇鼎,建材營造業,18.55,2023-04-28,2022Q4,5.21,100.0,-4.3,0.0,600.1366666666668,100.0,21.44704097973938,82.2352048986969,3.214479579145716,100.0,71.5696761667364,100.0,72.33528073480454
1720,生達,生技醫療業,76.2,2023-04-28,2022Q4,16.71,81.71230077646096,15.44,30.879999999999995,23.040000000000003,100.0,19.113837994807366,70.56918997403683,1.5057909659949376,100.0,43.3357199168984,58.33929979224599,72.31053855297623
1560,中砂,電機機械,110.5,2023-04-28,2022Q4,14.31,54.82208180911206,82.22,100.0,-5.12,0.0,20.712998212553412,78.56499106276706,1.5631289627710958,100.0,60.3645194630219,100.0,72.26695684032626
5704,老爺知,觀光餐旅,54.1,2023-04-28,2022Q4,0.0,0.0,61.59,100.0,2.873333333333333,14.366666666666667,24.07833572093839,95.39167860469195,1.5126646296491413,100.0,76.0,100.0,72.18208512403713
3013,晟銘電,電腦及週邊設備業,22.45,2023-04-28,2022Q4,20.04,14.959568733153649,258.11,100.0,36.373333333333335,100.0,1.964589352878507,0.0,5.29509209140117,100.0,42.4958255816131,56.23956395403275,72.11991326871863
6244,茂迪,光電業,37.75,2023-04-28,2022Q4,0.0,0.0,143.33,100.0,30.74333333333333,100.0,6.281648917215706,6.4082445860785295,1.6989980663127795,100.0,44.0,60.0,71.96123668791178
6804,明係,運動休閒,63.3,2023-04-28,2022Q4,0.0,0.0,214.59,100.0,31.293333333333333,100.0,5.74323144840804,3.7161572420402007,1.877687448824424,100.0,45.0,62.5,71.80742358630603
5601,台聯櫃,航運業,41.95,2023-04-28,2022Q4,0.0,0.0,57.14,100.0,1.74,8.7,33.92221657346213,100.0,1.2046159746191123,100.0,74.0,100.0,71.74
3583,辛耘,半導體業,90.0,2023-04-28,2022Q4,12.71,72.21542227662178,35.37,70.74,29.75333333333333,100.0,12.571677168757587,37.858385843787936,4.079064973803297,100.0,24.5042277738604,11.260569434651,71.71135704769547
6855,數泓科,其他電子業,85.0,2023-04-28,2022Q4,0.0,0.0,21.16,42.32,33.35333333333333,100.0,27.291911320674835,100.0,1.0583802219218559,79.76860313169371,70.0,100.0,71.53372062633875
6146,耕興,其他電子業,264.5,2023-04-28,2022Q4,0.0,0.0,43.96,87.92,4.456666666666667,22.283333333333335,36.48965629451446,100.0,1.4191795396738787,100.0,70.0,100.0,71.43666666666667
5381,合正,電子零組件業,17.9,2023-04-28,2022Q4,0.0,0.0,42.86,85.72,145.69,100.0,-2.677394806689311,0.0,4.641558441558441,100.0,92.0,100.0,71.43
1342,八貫,其他業,149.0,2023-04-28,2022Q4,20.55,23.616236162361616,87.24,100.0,1.7733333333333328,8.866666666666664,21.335170238125585,81.67585119062792,1.2154714382379672,100.0,67.1888903065795,100.0,71.38633462816368
2640,大車隊,數位雲端,120.5,2023-04-28,2022Q4,0.0,0.0,45.99,91.98,8.476666666666668,42.38333333333334,19.444043735068085,72.22021867534043,1.666340423497383,100.0,56.0,90.0,71.30469946796774
3004,豐達科,鋼鐵工業,108.0,2023-04-28,2022Q4,37.89,0.0,254.89,100.0,63.90666666666667,100.0,5.784430902891622,3.9221545144581116,1.6730521753625605,100.0,42.5823422465179,56.455855616294734,71.23390873879819
5009,榮剛,鋼鐵工業,58.8,2023-04-28,2022Q4,0.0,0.0,165.88,100.0,26.786666666666665,100.0,19.530117990505218,72.65058995252609,0.8407058955234601,48.67227078906573,42.0,55.00000000000001,71.13204265069206
3580,友威科,其他電子業,56.0,2023-04-28,2022Q4,0.0,0.0,110.93,100.0,5.63,28.15,26.64892915298076,100.0,2.345500790541005,100.0,42.0,55.00000000000001,71.13
4763,材料*-KY,化學工業,470.5,2023-04-28,2022Q4,26.15,11.125862984599033,232.58,100.0,0.0,0.0,25.22170023780909,100.0,1.2873831027927312,100.0,64.7646709165917,100.0,71.1125862984599
2754,亞洲藏壽司,觀光餐旅,160.0,2023-04-28,2022Q4,0.0,0.0,963.27,100.0,30.73,100.0,8.38068185509702,16.9034092754851,3.417532273587097,100.0,34.0,35.0,71.03551139132277
2059,川湖,電子零組件業,413.0,2023-04-28,2022Q4,9.7,75.52783109404992,95.68,100.0,-32.81666666666667,0.0,48.11962509830251,100.0,0.9709472910855012,67.27818444078588,81.29633935744,100.0,71.00841999756216
4538,大詠城,電機機械,20.7,2023-04-28,2022Q4,0.0,0.0,109.21,100.0,7.963333333333334,39.81666666666667,15.658161518814017,53.29080759407009,1.516538615046897,100.0,75.0,100.0,70.95695447244385
2548,華固,建材營造業,94.7,2023-04-28,2022Q4,8.86,85.44626593806922,1.23,2.46,60.949999999999996,100.0,25.050300679740005,100.0,1.4331540223572878,100.0,46.3667064404311,65.91676610107776,70.75130320391469
1723,中碳,化學工業,115.0,2023-04-28,2022Q4,15.67,66.78173127987253,54.97,100.0,-1.806666666666666,0.0,17.078419399535193,60.39209699767596,1.5441940087267516,100.0,71.3264892618335,100.0,70.73698767763865
9962,有益,鋼鐵工業,19.1,2023-04-28,2022Q4,0.0,0.0,52.26,100.0,14.026666666666666,70.13333333333333,7.110780308643235,10.553901543216174,2.912955114033729,100.0,80.0,100.0,70.60975189814909
4977,眾達-KY,通信網路業,107.0,2023-04-28,2022Q4,19.85,48.12676417757249,59.79,100.0,0.0,0.0,19.388070579106472,71.94035289553236,2.3517399718549563,100.0,73.6686500228105,100.0,70.6037293520871
2496,卓越,其他業,50.1,2023-04-28,2022Q4,12.04,75.95325953259533,37.75,75.5,7.666666666666667,38.333333333333336,13.533934158007682,42.66967079003841,2.6826463712136612,100.0,61.4878599489384,100.0,70.53744323843196
1438,三地開發,建材營造業,31.35,2023-04-28,2022Q4,7.65,94.26229508196721,807.02,100.0,715424.995,100.0,69.98950047457855,100.0,0.12549893052852504,0.0,24.3366710548226,10.841677637056497,70.51039727190238
6624,萬年清,綠能環保,42.25,2023-04-28,2022Q4,0.0,0.0,3300.0,100.0,24.439999999999998,100.0,6.266488185006672,6.33244092503336,4.873343391917792,100.0,37.0,42.5,70.199866138755
3027,盛達,通信網路業,42.5,2023-04-28,2022Q4,106.25,0.0,46.43,92.86,33.46,100.0,0.475558395202977,0.0,1.7246460343315373,100.0,47.5278101136539,68.81952528413476,70.09695252841348
3498,陽程,其他電子業,33.05,2023-04-28,2022Q4,0.0,0.0,522.22,100.0,39.86333333333334,100.0,-3.76072274442515,0.0,1.0264521911962432,75.20745588517761,62.0,100.0,70.04149117703552
3265,台星科,半導體業,57.1,2023-04-28,2022Q4,0.0,0.0,132.87,100.0,-11.496666666666668,0.0,26.775406672963193,100.0,1.7479189987214798,100.0,79.0,100.0,70.0
3558,神準,通信網路業,285.0,2023-04-28,2022Q4,0.0,0.0,136.9,100.0,61.47666666666667,100.0,8.295402566871472,16.477012834357357,2.3097816593886464,100.0,30.0,25.0,69.9715519251536
6703,軒郁,生技醫療業,185.0,2023-04-28,2022Q4,0.0,0.0,27.7,55.39999999999999,55.79333333333333,100.0,13.004068620791426,40.02034310395713,1.3007003386252693,100.0,78.0,100.0,69.85305146559357
8091,翔名,半導體業,107.0,2023-04-28,2022Q4,0.0,0.0,66.05,100.0,-8.183333333333334,0.0,24.660194661096334,98.30097330548166,1.2569729997522914,100.0,70.0,100.0,69.74514599582224
3264,欣銓,半導體業,54.0,2023-04-28,2022Q4,0.0,0.0,37.0,74.0,7.886666666666667,39.43333333333333,30.022135772739862,100.0,1.9641929560292626,100.0,53.0,82.5,69.63666666666667
8930,青鋼,鋼鐵工業,17.0,2023-04-28,2022Q4,0.0,0.0,113.0,100.0,9.663333333333334,48.31666666666667,13.136814879036532,40.684074395182655,1.3405933179723502,100.0,55.0,87.5,69.51594449261073
3492,長盛,電子零組件業,20.7,2023-04-28,2022Q4,0.0,0.0,190.0,100.0,14.276666666666666,71.38333333333333,0.4817508720663077,0.0,1.2963906994843857,100.0,64.0,100.0,69.27666666666667
2634,漢翔,航運業,58.0,2023-04-28,2022Q4,33.53,0.0,193.22,100.0,72.98666666666666,100.0,4.98304577094598,0.0,1.4820470057449828,100.0,37.0719719201952,42.67992980048801,69.2679929800488
2504,國產,建材營造業,28.0,2023-04-28,2022Q4,7.98,91.85792349726776,45.04,90.08,13.146666666666668,65.73333333333335,15.740916537508259,53.70458268754129,0.7208963805878587,31.556625798265525,59.729997751282,99.324994378205,69.15197101699826
9802,鈺齊-KY,運動休閒,123.0,2023-04-28,2022Q4,6.89,77.54994742376446,183.26,100.0,0.0,0.0,15.918232953629785,54.59116476814893,1.1769215024804267,96.7030717829181,55.1892915812596,87.973228953149,69.08160670949731
1336,台翰,電子零組件業,26.2,2023-04-28,2022Q4,0.0,0.0,105.0,100.0,10.846666666666666,54.233333333333334,9.222854299792594,21.11427149896297,1.8158129867496373,100.0,62.0,100.0,69.01380739151111
2302,麗正,半導體業,20.6,2023-04-28,2022Q4,19.43,31.089351285189725,107.84,100.0,-6.550000000000001,0.0,19.454601182954605,72.27300591477302,1.868006814310051,100.0,85.8413969421811,100.0,68.94988601573493
1104,環泥,水泥工業,28.3,2023-04-28,2022Q4,9.07,85.60525381611643,87.95,100.0,26.653333333333332,100.0,11.920566218746053,34.602831093730266,0.4962621148773265,0.0,75.2120774222684,100.0,68.75095004567119
1339,昭輝,汽車工業,43.8,2023-04-28,2022Q4,7.95,100.0,201.09,100.0,0.7799999999999997,3.8999999999999986,8.907647526324281,19.538237631621406,1.8298218131975719,100.0,67.0759209530706,100.0,68.71073564474321
6859,伯特光,光電業,138.0,2023-04-28,2022Q4,0.0,0.0,42.86,85.72,5.703333333333333,28.51666666666667,20.313857663506308,76.56928831753153,1.3896239752439061,100.0,82.0,100.0,68.61872658096306
3406,玉晶光,光電業,370.5,2023-04-28,2022Q4,12.76,83.71428571428572,41.62,83.24,-0.49333333333333346,0.0,20.34248846648484,76.7124423324242,2.149936185798606,100.0,51.6421641744815,79.10541043620375,68.59883596491258
5403,中菲,資訊服務業,100.0,2023-04-28,2022Q4,0.0,0.0,22.72,45.44,24.890000000000004,100.0,21.623615820028206,83.11807910014103,1.361685819129931,100.0,39.0,47.5,68.57771186502116
2482,連宇,其他電子業,71.7,2023-04-28,2022Q4,25.25,0.0,2609.09,100.0,344.81666666666666,100.0,16.006233427550317,55.03116713775158,0.6846268615980858,26.37526594258369,76.8709428656583,100.0,68.52972825917948
6223,旺矽,半導體業,128.5,2023-04-28,2022Q4,0.0,0.0,73.25,100.0,4.63,23.15,16.70888236934875,58.54441184674375,1.4149749716757647,100.0,63.0,100.0,68.41166177701156
5607,遠雄港,航運業,72.3,2023-04-28,2022Q4,18.08,41.995221027479104,72.18,100.0,-14.206666666666665,0.0,44.9976918342224,100.0,2.5798756578244957,100.0,36.7596553222504,41.899138305626,68.38943593331051
2313,華通,電子零組件業,43.1,2023-04-28,2022Q4,6.42,100.0,55.68,100.0,-22.96666666666667,0.0,13.245377404650924,41.22688702325462,1.7091010260371953,100.0,48.5037106316653,71.25927657916324,68.30996071140451
2916,滿心,居家生活,34.65,2023-04-28,2022Q4,0.0,0.0,30.56,61.12,16.77,83.85000000000001,13.319736498933596,41.598682494667976,1.2603893683197294,100.0,75.0,100.0,68.2898023742002
6139,亞翔,其他電子業,45.35,2023-04-28,2022Q4,10.24,66.68022782750202,209.79,100.0,16.513333333333335,82.56666666666668,4.524984354576693,0.0,7.56927171221593,100.0,17.7397814470784,0.0,68.18135611608353
5015,華祺,鋼鐵工業,53.9,2023-04-28,2022Q4,0.0,0.0,130.73,100.0,-41.70333333333334,0.0,22.46862623205056,87.34313116025281,1.8740027366457788,100.0,65.0,100.0,68.10146967403793
2066,世德,電機機械,95.1,2023-04-28,2022Q4,0.0,0.0,101.25,100.0,10.303333333333333,51.516666666666666,11.058045065103235,30.290225325516175,1.2948671979650102,100.0,53.0,82.5,68.09686713216075
6570,維田,電腦及週邊設備業,62.2,2023-04-28,2022Q4,0.0,0.0,49.44,98.88,4.636666666666666,23.183333333333326,16.544626954284585,57.72313477142292,1.259145755285865,100.0,63.0,100.0,68.0151368823801
2449,京元電子,半導體業,47.0,2023-04-28,2022Q4,8.41,98.53121175030599,32.15,64.3,-12.986666666666666,0.0,24.916619533099833,99.58309766549917,2.783606902193763,100.0,48.5347923599224,71.33698089980601,67.99928391483607
3380,明泰,通信網路業,35.4,2023-04-28,2022Q4,20.95,42.48139594559919,111.25,100.0,14.076666666666668,70.38333333333334,5.097585650699495,0.4879282534974739,1.702329689501949,100.0,38.2239584588723,45.55989614718076,67.95398511396928
1235,興泰,食品工業,70.2,2023-04-28,2022Q4,13.63,85.82862523540489,107.94,100.0,83.45333333333333,100.0,16.031224713218144,55.15612356609072,-0.2224238304914448,0.0,44.2797797801963,60.69944945049075,67.92622600350317
4161,聿新科,生技醫療業,30.4,2023-04-28,2022Q4,0.0,0.0,112.77,100.0,17.903333333333332,89.51666666666667,5.142018331416484,0.710091657082419,1.1352426904202235,90.74895577431765,47.0,67.5,67.90963823675924
2546,根基,建材營造業,71.0,2023-04-28,2022Q4,7.91,92.367941712204,41.42,82.84,52.46333333333334,100.0,9.025775731361817,20.128878656809086,0.8869717815929071,55.281683084701015,35.4805854750679,38.701463687669744,67.89260895544895
1707,葡萄王,生技醫療業,183.0,2023-04-28,2022Q4,18.6,73.98855741724559,11.69,23.38,9.956666666666665,49.783333333333324,24.556638188487966,97.78319094243983,2.0523041468329133,100.0,63.573691901927,100.0,67.8680010497572
8107,大億金茂,電機機械,17.2,2023-04-28,2022Q4,0.0,0.0,62.96,100.0,15.563333333333333,77.81666666666666,-1.9122235097079565,0.0,1.3647639691714837,100.0,49.0,72.5,67.81333333333333
2413,環科,電子零組件業,38.7,2023-04-28,2022Q4,18.7,6.429942418426116,491.43,100.0,52.28,100.0,5.323850598311319,1.6192529915565947,1.1208521690780229,88.69316701114613,36.7153989368849,41.78849734221225,67.80336532702655
3332,幸康,電子零組件業,48.3,2023-04-28,2022Q4,0.0,0.0,107.27,100.0,16.55333333333333,82.76666666666665,14.673521081650998,48.36760540825499,0.8049674991447143,43.56678559210205,71.0,100.0,67.52183126299198
2364,倫飛,電腦及週邊設備業,103.5,2023-04-28,2022Q4,32.24,0.0,181.58,100.0,29.923333333333332,100.0,2.2849967403068288,0.0,1.312733988291163,100.0,29.8707026645577,24.676756661394254,67.46767566613943
2488,漢平,其他電子業,30.45,2023-04-28,2022Q4,7.89,85.80146460537021,115.64,100.0,-37.806666666666665,0.0,10.121869278109525,25.60934639054763,1.5890341286424672,100.0,70.6404168056079,100.0,67.42154841911916
4908,前鼎,通信網路業,35.8,2023-04-28,2022Q4,0.0,0.0,79.57,100.0,-28.636666666666667,0.0,26.02148763319575,100.0,1.1094638723228112,87.06626747468732,90.0,100.0,67.41325349493746
6670,復盛應用,運動休閒,216.0,2023-04-28,2022Q4,5.9,87.96004206098843,103.22,100.0,-11.026666666666666,0.0,17.088024584423657,60.44012292211829,1.0824445113258025,83.20635876082893,51.1536797567689,77.88419939192227,67.2917143357746
1268,漢來美食,觀光餐旅,146.5,2023-04-28,2022Q4,0.0,0.0,53.23,100.0,23.266666666666666,100.0,0.7833374236133551,0.0,4.644203856918771,100.0,29.0,22.5,67.25
5274,信驊,半導體業,2615.0,2023-04-28,2022Q4,0.0,0.0,60.07,100.0,-41.23,0.0,47.003202224590254,100.0,1.0968933527227687,85.27047896039552,76.0,100.0,67.05409579207911
8940,新天地,觀光餐旅,24.05,2023-04-28,2022Q4,68.71,0.0,120.11,100.0,39.54,100.0,3.647633976822922,0.0,8.376719078017222,100.0,28.2154462702603,20.538615675650753,67.05386156756508
1472,三洋實業,建材營造業,27.0,2023-04-28,2022Q4,180.0,0.0,113.76,100.0,73.44666666666667,100.0,-0.5928082859714014,0.0,44.4955609362389,100.0,28.132614773929,20.3315369348225,67.03315369348225
6488,環球晶,半導體業,481.0,2023-04-28,2022Q4,0.0,0.0,29.48,58.96,14.086666666666666,70.43333333333332,35.54435223044713,100.0,2.444552378654379,100.0,32.0,30.0,66.82666666666667
1539,巨庭,電機機械,29.0,2023-04-28,2022Q4,4.83,100.0,344.44,100.0,-69.42333333333333,0.0,7.428725252282028,12.143626261410141,1.407824291250255,100.0,63.4988303024903,100.0,66.82154393921152
2755,揚秦,觀光餐旅,147.5,2023-04-28,2022Q4,0.0,0.0,58.13,100.0,13.923333333333332,69.61666666666666,6.838096319842554,9.190481599212772,2.023017349543547,100.0,46.0,65.0,66.80190557321525
8279,生展,生技醫療業,191.0,2023-04-28,2022Q4,0.0,0.0,35.12,70.24,18.446666666666665,92.23333333333332,18.770233410028208,68.85116705014104,0.8638010683734078,51.971581196201114,65.0,100.0,66.72865796342805
6715,嘉基,電子零組件業,143.0,2023-04-28,2022Q4,15.51,30.921305182341662,208.85,100.0,5.930000000000002,29.65000000000001,20.771957505651933,78.85978752825966,0.8775076808686747,53.92966869552496,64.9412677604679,100.0,66.63703238657811
6752,叡揚,資訊服務業,169.5,2023-04-28,2022Q4,0.0,0.0,29.57,59.14,21.150000000000002,100.0,13.459339717021582,42.296698585107904,1.8598306570020835,100.0,42.0,55.00000000000001,66.62950478776618
6469,大樹,生技醫療業,404.0,2023-04-28,2022Q4,0.0,0.0,69.18,100.0,19.396666666666665,96.98333333333332,5.9175695665771455,4.5878478328857275,1.7522437009960419,100.0,26.0,15.0,66.58484384159952
2637,慧洋-KY,航運業,64.1,2023-04-28,2022Q4,4.53,100.0,28.14,56.279999999999994,0.0,0.0,46.0423613170499,100.0,1.41697130017417,100.0,50.0524331551015,75.13108288775373,66.58310828877538
6442,光聖,通信網路業,50.3,2023-04-28,2022Q4,10.37,96.77957403130614,210.9,100.0,-8.663333333333334,0.0,9.860798016997553,24.303990084987763,1.1511510422333795,93.02157746191136,58.4198940422441,96.04973510561025,66.53284491882208
8249,菱光,電子零組件業,30.1,2023-04-28,2022Q4,11.8,59.40499040307101,114.67,100.0,1.9466666666666654,9.733333333333327,9.708284237172512,23.54142118586256,1.9387736945412892,100.0,60.4554923524916,100.0,66.41837888485315
3289,宜特,其他電子業,83.3,2023-04-28,2022Q4,0.0,0.0,163.86,100.0,12.376666666666667,61.88333333333333,8.94767442171149,19.73837210855745,2.891510714655951,100.0,44.0,60.0,66.33742248295027
6182,合晶,半導體業,43.2,2023-04-28,2022Q4,0.0,0.0,98.02,100.0,-11.49,0.0,26.29676312180283,100.0,2.438895045079792,100.0,45.0,62.5,66.25
4133,亞諾法,生技醫療業,35.85,2023-04-28,2022Q4,28.91,31.855333060890878,163.83,100.0,-2.433333333333333,0.0,15.646645100496409,53.23322550248204,1.768622316048261,100.0,93.9748870586815,100.0,66.1705171314614
8924,大田,運動休閒,119.5,2023-04-28,2022Q4,0.0,0.0,6.2,12.4,21.653333333333336,100.0,23.096293895242304,90.48146947621152,1.1803421034140074,97.19172905914391,71.0,100.0,66.11056623326051
3030,德律,其他電子業,64.3,2023-04-28,2022Q4,7.91,85.63873067534581,61.95,100.0,-39.46333333333333,0.0,32.09920892340127,100.0,0.763581813024822,37.65454471783171,79.2242088510649,100.0,66.09478201110093
3093,港建*,其他電子業,38.15,2023-04-28,2022Q4,0.0,0.0,78.38,100.0,-16.776666666666667,0.0,23.10765777688209,90.53828888441045,1.1075872102745912,86.79817289637018,62.0,100.0,65.9403779119356
1712,興農,化學工業,37.0,2023-04-28,2022Q4,9.44,99.8672331386086,79.0,100.0,-14.173333333333334,0.0,8.830195501637904,19.15097750818952,1.348368363904293,100.0,51.9628245056328,79.907061264082,65.8500760664975
6782,視陽,生技醫療業,293.0,2023-04-28,2022Q4,29.9,27.809562729873317,36.99,73.98,-18.893333333333334,0.0,25.559491115108273,100.0,1.5955240342645576,100.0,58.2586874373701,95.64671859342525,65.84062813232987
6530,創威,通信網路業,27.9,2023-04-28,2022Q4,0.0,0.0,45.87,91.74,-18.71,0.0,22.15041920884587,85.75209604422935,1.463013240107111,100.0,86.0,100.0,65.7978144066344
3622,洋華,光電業,30.5,2023-04-28,2022Q4,11.09,92.38961038961038,48.65,97.3,-14.903333333333334,0.0,12.979815559319533,39.899077796597666,1.068222405426258,81.17462934660827,89.0076028437437,100.0,65.78374857777234
2645,長榮航太,航運業,114.5,2023-04-28,2022Q4,25.56,0.0,79.2,100.0,21.47,100.0,11.810774123507075,34.053870617535374,0.7826670983997207,40.38101405710296,50.1140520722602,75.28513018065051,65.71279642211596
2062,橋椿,居家生活,22.4,2023-04-28,2022Q4,6.09,89.91119881598422,48.39,96.78,-31.416666666666668,0.0,8.526103685818269,17.630518429091342,3.3305236100894895,100.0,59.4730136591538,98.68253414788451,65.69895106075057
3570,大塚,資訊服務業,165.5,2023-04-28,2022Q4,0.0,0.0,25.29,50.580000000000005,41.03,100.0,14.206161967418346,46.03080983709173,1.0639325811853193,80.56179731218847,75.0,100.0,65.66198093800145
5258,虹堡,電腦及週邊設備業,81.9,2023-04-28,2022Q4,10.62,78.4366576819407,226.29,100.0,22.853333333333335,100.0,13.879412907790762,44.39706453895381,0.0440249424319528,0.0,44.4161601897956,61.040400474489,65.60726549648604
8131,福懋科,半導體業,43.4,2023-04-28,2022Q4,9.33,92.90085679314566,32.1,64.2,-15.196666666666667,0.0,18.611392231691877,68.05696115845939,1.6230997197960968,100.0,86.0639609077683,100.0,65.54862985308347
6548,長科*,半導體業,42.2,2023-04-28,2022Q4,0.0,0.0,56.77,100.0,-21.913333333333338,0.0,21.631200661008403,83.15600330504202,1.4407200395184347,100.0,52.0,80.0,65.4734004957563
2211,長榮鋼,鋼鐵工業,59.0,2023-04-28,2022Q4,9.49,96.04889141557703,100.0,100.0,-20.286666666666665,0.0,20.89210808633367,79.46054043166836,0.8114154478572863,44.48792112246947,67.9638804556512,100.0,65.42155443080185
8422,可寧衛*,綠能環保,188.0,2023-04-28,2022Q4,15.25,59.65639810426539,16.43,32.86,15.589999999999998,77.94999999999999,31.847049950753853,100.0,0.9601362349531711,65.73374785045303,50.0130391663462,75.03259791586551,65.4206491721037
2342,茂矽,半導體業,41.65,2023-04-28,2022Q4,11.83,77.60097919216646,123.42,100.0,-25.326666666666668,0.0,16.653551852628222,58.267759263141116,0.9868436357291887,69.54909081845553,63.6370394255175,100.0,65.41007997237892
5288,豐祥-KY,電機機械,178.0,2023-04-28,2022Q4,12.46,67.12670435650149,49.95,99.9,0.0,0.0,13.604029385790398,43.02014692895199,1.125625428903473,89.37506127192472,57.4539518848632,93.63487971215801,65.3791927005937
2439,美律,通信網路業,86.1,2023-04-28,2022Q4,13.39,81.28047215807031,26.11,52.22,20.246666666666666,100.0,3.0315246129164666,0.0,3.217794720069699,100.0,36.7123529527727,41.78088238193175,65.3611354540002
6205,詮欣,電子零組件業,74.2,2023-04-28,2022Q4,18.37,8.963531669865631,100.99,100.0,10.293333333333331,51.46666666666666,17.339921832750274,61.69960916375137,0.8446417700918092,49.234538584544175,74.9246862586254,100.0,65.29153559179144
6691,洋基工程,其他電子業,285.0,2023-04-28,2022Q4,11.05,60.08950366151341,60.96,100.0,30.83,100.0,15.550369114502496,52.75184557251248,0.4345821889235209,0.0,45.0145937492006,62.5364843730015,65.17537563932837
2727,王品,觀光餐旅,317.0,2023-04-28,2022Q4,61.2,0.0,467.86,100.0,19.54,97.7,2.5689970346117343,0.0,7.2930125954879745,100.0,22.4877454622757,6.219363655689252,65.16193636556893
6166,凌華,電腦及週邊設備業,59.9,2023-04-28,2022Q4,16.15,41.17250673854449,574.55,100.0,11.753333333333336,58.76666666666668,5.260247436140866,1.301237180704331,1.1560758843369427,93.72512633384898,41.031905177752,52.57976294438001,65.06877114550123
6115,鎰勝,電子零組件業,45.95,2023-04-28,2022Q4,10.76,67.38963531669866,58.15,100.0,-16.933333333333334,0.0,9.486507632864228,22.43253816432114,1.6901294841859478,100.0,59.0206535374628,97.55163384365699,64.85900764068374
1513,中興電,電機機械,101.5,2023-04-28,2022Q4,19.48,20.435650149650808,24.34,48.68,25.76,100.0,15.372581433486001,51.86290716743001,2.2476968151840535,100.0,31.4603536595482,28.650884148870503,64.85808950496663
1465,偉全,紡織纖維,14.2,2023-04-28,2022Q4,15.27,69.41952506596306,200.0,100.0,8.723333333333334,43.61666666666667,-0.34541156777292087,0.0,0.996031007751938,70.86157253599114,84.1181057171243,100.0,64.83760034712788
6753,龍德造船,航運業,135.0,2023-04-28,2022Q4,46.08,0.0,34.4,68.8,149.47666666666666,100.0,12.444915036377934,37.22457518188967,2.229702018918439,100.0,27.9768530277993,19.942132569498252,64.77789953423327
3008,大立光,光電業,2010.0,2023-04-28,2022Q4,11.86,88.3896103896104,21.71,43.42,-9.049999999999999,0.0,42.756206640480045,100.0,1.953900077741268,100.0,83.8561891584298,100.0,64.69396103896105
8097,常珵,通信網路業,50.1,2023-04-28,2022Q4,0.0,0.0,2016.13,100.0,24.56,100.0,14.287153827652041,46.435769138260206,0.5917106260364531,13.101518005207582,74.0,100.0,64.58566897178054
6174,安,電子零組件業,29.25,2023-04-28,2022Q4,0.0,0.0,70.95,100.0,-28.97666666666667,0.0,21.772550523790862,83.8627526189543,1.0907617609964255,84.39453728520365,81.0,100.0,64.45832034988388
4958,臻鼎-KY,電子零組件業,111.5,2023-04-28,2022Q4,7.42,93.03262955854127,47.11,94.22,0.0,0.0,13.099451526479926,40.49725763239963,3.191555281946096,100.0,41.6639109633728,54.159777408432,64.34882934155726
9960,邁達康,運動休閒,29.8,2023-04-28,2022Q4,0.0,0.0,42.52,85.04,8.363333333333333,41.81666666666667,15.514605074445361,52.57302537222681,1.213588403510502,100.0,47.0,67.5,64.25928713916736
1760,寶齡富錦,生技醫療業,162.0,2023-04-28,2022Q4,76.06,0.0,61.36,100.0,-12.38,0.0,17.258222131800917,61.29111065900459,2.686511831966876,100.0,64.8808047999395,100.0,64.19366659885068
1473,台南,紡織纖維,22.75,2023-04-28,2022Q4,11.04,91.74142480211081,323.91,100.0,-25.186666666666667,0.0,3.130555808253689,0.0,1.951656302320019,100.0,68.3435421652768,100.0,64.17414248021109
6155,鈞寶,電子零組件業,25.5,2023-04-28,2022Q4,11.64,60.633397312859884,135.48,100.0,-22.973333333333333,0.0,9.104365789907641,20.521828949538207,1.5358574306459059,100.0,65.7311167258009,100.0,64.14161407371672
4114,健喬,生技醫療業,47.8,2023-04-28,2022Q4,0.0,0.0,164.52,100.0,30.846666666666664,100.0,10.322011579522355,26.610057897611778,0.7887049159607604,41.243559422965774,47.0,67.5,63.99022056923492
6751,智聯服務,資訊服務業,139.0,2023-04-28,2022Q4,0.0,0.0,65.98,100.0,36.64,100.0,5.305619035687594,1.5280951784379715,0.805011725646228,43.57310366374686,63.0,100.0,63.94383500951507
4766,南寶,化學工業,148.0,2023-04-28,2022Q4,10.25,95.56558682952735,98.9,100.0,-7.06,0.0,8.290988225808277,16.454941129041387,1.10066501709199,85.80928815599859,58.80608425282,97.01521063205,63.88817854671366
8028,昇陽半導體,半導體業,57.3,2023-04-28,2022Q4,26.9,0.0,37.34,74.68,17.903333333333332,89.51666666666667,9.814716322509529,24.073581612547645,2.382947323759189,100.0,34.7868822184652,36.96720554616301,63.88109112983178
2425,承啟,電腦及週邊設備業,31.05,2023-04-28,2022Q4,9.35,86.9946091644205,161.42,100.0,-18.406666666666666,0.0,5.06698690719983,0.3349345359991496,1.8288395989662019,100.0,63.0377423103481,100.0,63.749701096841925
6491,晶碩,生技醫療業,434.5,2023-04-28,2022Q4,19.72,69.41152431548835,23.49,46.98,-1.926666666666667,0.0,28.790001515535508,100.0,1.3276807802170367,100.0,67.2215321352699,100.0,63.686152431548834
4438,廣越,紡織纖維,115.0,2023-04-28,2022Q4,10.11,96.6490765171504,86.56,100.0,-11.546666666666667,0.0,7.584066159014971,12.920330795074856,1.8632771416643923,100.0,48.1728949545907,70.43223738647676,63.646181009623945
3130,一零四,數位雲端,212.0,2023-04-28,2022Q4,15.81,100.0,20.25,40.5,2.5,12.5,23.05680675168682,90.2840337584341,1.7265417958046985,100.0,49.8592995473273,74.64824886831826,63.63242995059694
3529,力旺,半導體業,1825.0,2023-04-28,2022Q4,0.0,0.0,46.21,92.42,-4.57,0.0,57.6184183160999,100.0,1.0434187041576168,77.63124345108812,79.0,100.0,63.631248690217625
9942,茂順,其他業,139.5,2023-04-28,2022Q4,17.84,40.28290282902829,20.49,40.98,21.39,100.0,19.963043902364017,74.81521951182009,0.7845862811442633,40.65518302060905,66.1042526620845,100.0,63.62660981379765
6197,佳必琪,電子零組件業,53.0,2023-04-28,2022Q4,14.72,36.986564299424174,17.65,35.3,18.313333333333336,91.56666666666669,8.718614527075918,18.59307263537959,1.6115261836768102,100.0,66.4907251711596,100.0,63.62595065858269
2506,太設,建材營造業,9.36,2023-04-28,2022Q4,5.89,100.0,536.0,100.0,36.156666666666666,100.0,5.686699158091893,3.433495790459466,-0.6777008507519202,0.0,52.1271507833293,80.31787695832324,63.54681206440125
1784,訊聯,生技醫療業,62.8,2023-04-28,2022Q4,0.0,0.0,42.86,85.72,11.713333333333333,58.56666666666667,5.797157624056868,3.9857881202843393,2.4927971346553948,100.0,59.0,97.5,63.49120155137598
8105,凌巨,光電業,13.65,2023-04-28,2022Q4,9.82,98.98701298701299,561.9,100.0,-8.956666666666667,0.0,3.096903605306898,0.0,1.1364063004135747,90.91518577336782,62.5577485107428,100.0,63.08173845337487
2247,汎德永業,汽車工業,297.0,2023-04-28,2022Q4,16.25,50.0,19.01,38.02,41.53333333333334,100.0,4.147446111128018,0.0,3.560043605951887,100.0,54.195610690659,85.48902672664751,63.053902672664755
3293,鈊象,文化創意業,535.0,2023-04-28,2022Q4,0.0,0.0,15.71,31.42,13.93,69.65,50.26269252282328,100.0,1.0680143163055067,81.1449023293581,75.0,100.0,63.013980465871626
5243,乙盛-KY,光電業,65.4,2023-04-28,2022Q4,13.77,78.46753246753248,72.73,100.0,0.0,0.0,5.962782691787984,4.81391345893992,1.7389772947191648,100.0,57.3866569896577,93.46664247414425,62.915504513008656
4736,泰博,生技醫療業,184.0,2023-04-28,2022Q4,0.0,0.0,68.76,100.0,-14.696666666666665,0.0,43.010334165904474,100.0,0.9487956651038495,64.11366644340708,75.0,100.0,62.82273328868142
3052,夆典,建材營造業,11.25,2023-04-28,2022Q4,10.61,72.69581056466302,101.92,100.0,5.666666666666667,28.333333333333332,7.013847457414656,10.069237287073278,1.9477369596103105,100.0,33.4491181885591,33.622795471397744,62.80891286333374
3541,西柏,其他電子業,59.9,2023-04-28,2022Q4,0.0,0.0,57.4,100.0,-22.679999999999996,0.0,15.325812165279377,51.62906082639689,1.5421730059164838,100.0,61.0,100.0,62.74435912395953
1568,倉佑,汽車工業,23.6,2023-04-28,2022Q4,14.57,60.338461538461544,458.62,100.0,-32.18666666666667,0.0,8.576878214437869,17.884391072189345,2.2521313259568294,100.0,56.0319581278893,90.07989531972325,62.724494346646885
6770,力積電,半導體業,29.7,2023-04-28,2022Q4,5.5,100.0,17.89,35.78,-44.666666666666664,0.0,34.60269012610483,100.0,1.5190593577276275,100.0,54.9101011811835,87.27525295295875,62.67252529529588
2903,遠百,貿易百貨業,22.4,2023-04-28,2022Q4,16.35,91.05984138428262,59.3,100.0,1.7699999999999998,8.85,12.397884112468494,36.989420562342474,5.532855587112872,100.0,24.8535514387791,12.13387859694775,62.63778508247441
8087,華鎂鑫,綠能環保,34.45,2023-04-28,2022Q4,0.0,0.0,253.57,100.0,13.823333333333329,69.11666666666665,-7.357607623416445,0.0,2.2155755905722465,100.0,35.0,37.5,62.57333333333333
1817,凱撒衛,玻璃陶瓷,38.5,2023-04-28,2022Q4,9.55,100.0,31.6,63.2,-3.316666666666667,0.0,13.972548758131351,44.86274379065676,1.2177652006175492,100.0,73.2110727531731,100.0,62.52941156859851
6561,是方,通信網路業,375.0,2023-04-28,2022Q4,0.0,0.0,21.54,43.08,7.22,36.1,33.71811112272612,100.0,1.2802404368972646,100.0,58.0,95.0,62.49
2368,金像電,電子零組件業,98.6,2023-04-28,2022Q4,10.5,69.38579654510558,63.77,100.0,-12.67,0.0,18.41299440501321,67.06497202506606,0.972826314205183,67.54661631502614,47.6821999349014,69.2054998372535,62.42819870500105
2707,晶華,觀光餐旅,275.5,2023-04-28,2022Q4,38.86,44.631236442516276,-58.51,0.0,21.77333333333333,100.0,21.81467819527299,84.07339097636495,2.3690852887981686,100.0,41.3834917555642,53.4587293889105,62.42000522959742
6527,明達醫,生技醫療業,76.6,2023-04-28,2022Q4,0.0,0.0,48.77,97.54,50.03666666666667,100.0,15.689259606137368,53.44629803068683,0.45001521408389483,0.0,77.0,100.0,62.40194470460303
3163,波若威,通信網路業,54.6,2023-04-28,2022Q4,0.0,0.0,450.46,100.0,-15.036666666666667,0.0,14.757868691311081,48.78934345655541,1.3669048657721836,100.0,66.0,100.0,62.31840151848331
2753,八方雲集,觀光餐旅,180.0,2023-04-28,2022Q4,18.05,100.0,14.42,28.84,11.106666666666667,55.53333333333333,11.58225531208309,32.911276560415445,2.100046448083298,100.0,56.0319962963014,90.0799907407535,62.26135722480433
2063,世鎧,鋼鐵工業,41.6,2023-04-28,2022Q4,0.0,0.0,48.34,96.68,-5.259999999999999,0.0,18.438910517639936,67.19455258819968,1.3448640865320745,100.0,52.0,80.0,62.24918288822995
8284,三竹,資訊服務業,66.4,2023-04-28,2022Q4,0.0,0.0,52.46,100.0,2.34,11.7,11.256225105129054,31.28112552564527,1.4986935241357897,100.0,66.0,100.0,62.03216882884679
6835,圓裕,電子零組件業,40.8,2023-04-28,2022Q4,10.94,66.00767754318618,48.9,97.8,-22.623333333333335,0.0,7.847582121227141,14.237910606135706,1.7511442041154928,100.0,55.3036913204088,88.259228301022,62.01237717534118
8938,明安,運動休閒,90.4,2023-04-28,2022Q4,0.0,0.0,69.03,100.0,9.51,47.55,13.201019381933769,41.00509690966884,1.054693008684476,79.24185838349656,42.0,55.00000000000001,62.00913621314964
2474,可成,其他電子業,181.0,2023-04-28,2022Q4,11.86,53.498779495524815,33.86,67.72,-49.07333333333333,0.0,17.860185189145756,64.30092594572878,1.25195577874845,100.0,68.6329370649085,100.0,61.925016841411804
3454,晶睿,光電業,203.5,2023-04-28,2022Q4,24.03,25.168831168831176,273.73,100.0,32.593333333333334,100.0,7.859381108241674,14.296905541208371,0.6670469029258255,23.863843275117926,49.8793644781353,74.69841119533825,61.90402872262178
4543,萬在,電機機械,27.5,2023-04-28,2022Q4,0.0,0.0,369.81,100.0,-2.4333333333333336,0.0,14.150915018375052,45.75457509187526,2.319254169350798,100.0,67.0,100.0,61.86318626378129
6470,宇智,通信網路業,64.4,2023-04-28,2022Q4,0.0,0.0,80.41,100.0,35.89,100.0,7.686023285666238,13.430116428331191,0.7130006308333457,30.428661547620823,55.0,87.5,61.85024977377384
8289,泰藝,電子零組件業,43.55,2023-04-28,2022Q4,0.0,0.0,68.27,100.0,-10.583333333333334,0.0,17.834329850482334,64.17164925241167,1.1004946287497737,85.78494696425338,68.0,100.0,61.782736780712426
4155,訊映,生技醫療業,33.95,2023-04-28,2022Q4,23.58,53.637106661217814,228.26,100.0,-25.0,0.0,6.862785410135198,9.313927050675993,1.6765833461125594,100.0,60.2583501731677,100.0,61.76079972372318
8155,博智,電子零組件業,156.0,2023-04-28,2022Q4,0.0,0.0,42.29,84.58,-25.63,0.0,19.13396395337533,70.66981976687664,1.2192079842215888,100.0,63.0,100.0,61.745472965031496
6208,日揚,半導體業,54.2,2023-04-28,2022Q4,0.0,0.0,26.2,52.400000000000006,19.98,99.9,16.116675990277514,55.58337995138757,1.017796678653683,73.97095409338328,42.0,55.00000000000001,61.7116978113848
6426,統新,通信網路業,60.7,2023-04-28,2022Q4,26.05,16.30741596099563,676.67,100.0,-59.839999999999996,0.0,11.699169702224225,33.495848511121125,3.416020989170481,100.0,89.22961685284,100.0,61.65511887276773
6271,同欣電,半導體業,169.5,2023-04-28,2022Q4,10.46,85.98531211750306,16.07,32.14,-15.973333333333334,0.0,26.04986884567637,100.0,1.4533222835697062,100.0,71.5762958458339,100.0,61.6335312117503
2235,謚源,電機機械,46.05,2023-04-28,2022Q4,0.0,0.0,223.24,100.0,-38.7,0.0,13.556382346025641,42.78191173012821,1.8226419447277673,100.0,63.0,100.0,61.41728675951923
6125,廣運,光電業,31.7,2023-04-28,2022Q4,0.0,0.0,264.66,100.0,13.156666666666668,65.78333333333333,0.9894185857313245,0.0,2.5931576730472226,100.0,33.0,32.5,61.406666666666666
1476,儒鴻,紡織纖維,487.5,2023-04-28,2022Q4,19.7,46.04221635883905,31.86,63.72,-35.48,0.0,19.470944018690474,72.35472009345237,1.8140456129788929,100.0,75.3576503296729,100.0,61.38742964990176
4111,濟生,生技醫療業,36.05,2023-04-28,2022Q4,0.0,0.0,90.14,100.0,-5.676666666666667,0.0,13.458020616356087,42.29010308178044,1.3951144760593743,100.0,68.0,100.0,61.343515462267064
6152,百一,通信網路業,11.85,2023-04-28,2022Q4,14.63,74.91660251475494,1520.0,100.0,1.7600000000000005,8.800000000000002,0.5870298088701199,0.0,1.7014661720544073,100.0,48.1099490464791,70.27487261619775,61.279147513095275
6680,鑫創電子,電腦及週邊設備業,77.9,2023-04-28,2022Q4,0.0,0.0,115.52,100.0,32.346666666666664,100.0,12.735720244352253,38.67860122176127,0.5149992257555922,2.1427465365131724,64.0,100.0,61.23033949056682
3016,嘉晶,半導體業,63.0,2023-04-28,2022Q4,26.69,0.0,76.3,100.0,-25.47666666666667,0.0,13.302609148742107,41.513045743710535,1.7032605233453355,100.0,69.1288675152571,100.0,61.22695686155658
3587,閎康,其他電子業,189.0,2023-04-28,2022Q4,0.0,0.0,6.75,13.5,28.340000000000003,100.0,18.459492076976577,67.2974603848829,2.0690752043857272,100.0,51.0,77.5,61.21961905773243
4995,晶達,光電業,50.7,2023-04-28,2022Q4,0.0,0.0,87.31,100.0,-15.546666666666667,0.0,14.87878114204311,49.39390571021555,1.4313031565728638,100.0,55.0,87.5,61.15908585653233
1109,信大,水泥工業,17.8,2023-04-28,2022Q4,15.21,42.01277955271565,-53.57,0.0,35.406666666666666,100.0,14.262535889616359,46.312679448081795,3.7424480040885246,100.0,67.5882978854878,100.0,61.14817987248384
3455,由田,光電業,88.7,2023-04-28,2022Q4,0.0,0.0,67.33,100.0,-8.586666666666666,0.0,23.848882817885457,94.24441408942728,0.9364372863252132,62.348183760744746,57.0,92.5,60.85629886556304
2471,資通,資訊服務業,65.8,2023-04-28,2022Q4,21.72,50.0,25.62,51.239999999999995,7.416666666666667,37.083333333333336,12.415514439803415,37.07757219901707,1.1997043586185738,99.95776551693912,62.0725579332835,100.0,60.77985559990705
4106,雃博,生技醫療業,31.8,2023-04-28,2022Q4,19.88,68.75766244380874,58.42,100.0,17.16333333333333,85.81666666666665,6.942914109312418,9.714570546562088,0.508924533328377,1.2749333326252785,69.4650479388305,100.0,60.75127182622357
3501,維熹,電子零組件業,55.6,2023-04-28,2022Q4,8.66,83.51247600767753,119.86,100.0,-8.256666666666666,0.0,11.917713277095967,34.58856638547984,0.9238038812965742,60.543411613796316,75.9101360397322,100.0,60.648214881349
1419,新紡,紡織纖維,40.5,2023-04-28,2022Q4,5.85,100.0,358.28,100.0,12.67,63.349999999999994,8.964738486287686,19.82369243143843,0.1362819449286475,0.0,70.3227153672989,100.0,60.64355386471577
5425,台半,半導體業,91.7,2023-04-28,2022Q4,0.0,0.0,76.9,100.0,-2.7866666666666666,0.0,17.788596693315682,63.942983466578404,1.4057862148703009,100.0,44.0,60.0,60.59144751998676
3032,偉訓,電子零組件業,50.6,2023-04-28,2022Q4,15.29,32.61036468330136,24.71,49.42,19.666666666666668,98.33333333333334,7.535963781020986,12.67981890510493,3.4837706358331344,100.0,33.3424015269111,33.35600381727774,60.52027635249033
8088,品安,半導體業,34.1,2023-04-28,2022Q4,0.0,0.0,112.2,100.0,-4.626666666666667,0.0,12.360110374295498,36.800551871477495,1.9250629782335902,100.0,82.0,100.0,60.52008278072162
4116,明基醫,生技醫療業,63.2,2023-04-28,2022Q4,0.0,0.0,521.54,100.0,10.87,54.35,6.104067277458528,5.520336387292639,2.1014291737866446,100.0,35.0,37.5,60.4480504580939
6590,普鴻,資訊服務業,99.0,2023-04-28,2022Q4,0.0,0.0,2.16,4.32,34.473333333333336,100.0,23.659902943583557,93.29951471791779,1.063348465431482,80.47835220449743,57.0,92.5,60.42059764858715
5525,順天,建材營造業,26.85,2023-04-28,2022Q4,11.23,68.17850637522767,1295.0,100.0,-67.58333333333333,0.0,13.714084500009339,43.57042250004669,4.32389767440335,100.0,28.2593513070273,20.648378267568248,60.41825183928659
1307,三芳,塑膠工業,20.9,2023-04-28,2022Q4,17.71,49.66005665722377,306.9,100.0,1.6699999999999993,8.349999999999996,2.7252383263100595,0.0,3.3589916488341127,100.0,55.0796783127327,87.69919578183176,60.40592524390556
6803,崑鼎,綠能環保,297.5,2023-04-28,2022Q4,0.0,0.0,13.38,26.76,16.036666666666665,80.18333333333332,20.198999738270537,75.99499869135269,1.9550547067728459,100.0,45.0,62.5,60.37591647036957
5483,中美晶,半導體業,147.5,2023-04-28,2022Q4,0.0,0.0,27.97,55.94,11.343333333333334,56.71666666666667,31.024001320312994,100.0,4.451786758570143,100.0,16.0,0.0,60.32833333333333
8114,振樺電,電腦及週邊設備業,106.0,2023-04-28,2022Q4,9.46,86.2533692722372,81.16,100.0,-9.913333333333334,0.0,12.643037920552743,38.215189602763715,1.3734094196390587,100.0,23.7749617849591,9.43740446239775,60.301355813878054
6843,進典,電機機械,72.1,2023-04-28,2022Q4,0.0,0.0,80.0,100.0,16.493333333333332,82.46666666666667,16.715024120922177,58.57512060461089,0.3069381259102443,0.0,68.0,100.0,60.279601424024975
3479,安勤,電腦及週邊設備業,111.0,2023-04-28,2022Q4,0.0,0.0,168.71,100.0,33.24666666666667,100.0,9.800520722768988,24.00260361384494,0.6271320805249297,18.16172578927568,52.0,80.0,60.23273569993187
3128,昇銳,光電業,37.7,2023-04-28,2022Q4,0.0,0.0,125.0,100.0,5.54,27.700000000000003,8.061128419881852,15.305642099409262,2.016575932396197,100.0,49.0,72.5,60.085846314911386
2421,建準,電子零組件業,52.6,2023-04-28,2022Q4,12.12,56.94817658349329,153.8,100.0,1.3566666666666674,6.783333333333337,7.977383415054268,14.886917075271338,1.9815801192733415,100.0,42.6713437345518,56.67835933637949,59.952357819944645
2206,三陽工業,汽車工業,54.7,2023-04-28,2022Q4,13.92,64.33846153846154,70.87,100.0,41.596666666666664,100.0,6.719178909487393,8.595894547436966,0.6526977392744305,21.813962753490078,31.2451519671384,28.112879917846,59.89731087844432
4560,強信-KY,電機機械,39.35,2023-04-28,2022Q4,10.64,79.23179248420352,25.42,50.84000000000001,0.0,0.0,17.284017220358002,61.42008610179002,1.6413929629820643,100.0,75.3549915483566,100.0,59.846192163688855
3704,合勤控,通信網路業,41.25,2023-04-28,2022Q4,10.01,98.62714908904286,55.42,100.0,27.123333333333335,100.0,6.053460235013315,5.267301175066574,0.2912095448759932,0.0,36.4030527540921,41.00763188523025,59.7535732736873
4417,金洲,紡織纖維,40.8,2023-04-28,2022Q4,0.0,0.0,53.85,100.0,7.5,37.5,16.42980018120822,57.149000906041096,0.8223298103862007,46.04711576945724,57.0,92.5,59.53177328979761
6811,宏硌穈T,數位雲端,298.0,2023-04-28,2022Q4,0.0,0.0,45.7,91.4,11.729999999999999,58.64999999999999,7.205846618753428,11.029233093767141,1.27517852604683,100.0,33.0,32.5,59.48438496406507
2476,鉅祥,電子零組件業,52.8,2023-04-28,2022Q4,11.6,60.9404990403071,31.23,62.46000000000001,-11.943333333333333,0.0,15.340722574594126,51.70361287297063,1.7035729475347596,100.0,60.1986407927843,100.0,59.46459183497631
6176,瑞儀,光電業,113.0,2023-04-28,2022Q4,9.76,99.2987012987013,29.66,59.31999999999999,-34.67666666666667,0.0,14.013320599413687,45.066602997068436,1.637687168108573,100.0,51.6791238164805,79.19780954120125,59.43964153355052
6523,達爾膚,生技醫療業,144.5,2023-04-28,2022Q4,0.0,0.0,14.74,29.48,13.893333333333336,69.46666666666668,40.206475893702034,100.0,0.9583741444374833,65.48202063392618,86.0,100.0,59.35973746011858
2643,捷迅,航運業,70.2,2023-04-28,2022Q4,0.0,0.0,71.6,100.0,-34.82,0.0,10.79111014504694,28.955550725234698,1.5062831996354784,100.0,61.0,100.0,59.343332608785204
2359,所羅門,其他電子業,33.65,2023-04-28,2022Q4,12.6,47.47762408462164,130.17,100.0,-27.903333333333332,0.0,5.038697673568095,0.19348836784047307,2.347219312487997,100.0,58.0846230187021,95.21155754675526,59.29794141831376
8442,威宏-KY,其他業,77.9,2023-04-28,2022Q4,7.36,100.0,742.06,100.0,0.0,0.0,8.108435391453703,15.542176957268516,1.1279387359977873,89.70553371396961,35.9665649153454,39.9164122883635,59.26407451522055
1522,堤維西,汽車工業,29.5,2023-04-28,2022Q4,10.81,83.47692307692307,369.35,100.0,2.4200000000000004,12.100000000000003,4.617199797617834,0.0,1.4780913919400172,100.0,33.9616767191728,34.904191797932,59.25811148748551
6234,高僑,光電業,37.95,2023-04-28,2022Q4,0.0,0.0,47.58,95.16,-34.74,0.0,12.278305052248106,36.39152526124053,1.4171318103847306,100.0,62.0,100.0,59.24872878918608
2371,大同,電機機械,32.6,2023-04-28,2022Q4,8.07,96.32524110409045,156.05,100.0,47.620000000000005,100.0,0.8612505993231991,0.0,0.06962796430933121,0.0,38.3422284479069,45.85557111976725,59.21808122238577
1626,艾美特-KY,電器電纜,18.4,2023-04-28,2022Q4,5.66,100.0,254.03,100.0,0.0,0.0,-2.635013664122328,0.0,2.0012426114282214,100.0,36.4301169820921,41.075292455230255,59.107529245523025
4138,曜亞,生技醫療業,80.6,2023-04-28,2022Q4,0.0,0.0,11.19,22.38,28.14,100.0,12.257566045156276,36.287830225781384,2.019743127830736,100.0,52.0,80.0,59.038174533867206
4583,台灣精銳,電機機械,217.0,2023-04-28,2022Q4,18.27,28.483538410375786,22.32,44.64,-23.876666666666665,0.0,33.651885949669136,100.0,1.405641343161693,100.0,89.0860047316663,100.0,59.008353841037575
3303,岱稜,其他電子業,27.7,2023-04-28,2022Q4,0.0,0.0,80.75,100.0,-22.586666666666662,0.0,10.342361949907701,26.711809749538507,1.3746253636980157,100.0,62.0,100.0,59.00677146243078
5880,合庫金,金融保險業,26.75,2023-04-28,2022Q4,18.45,39.916467780429585,-1.36,0.0,29.400000000000002,100.0,45.85437610723236,100.0,2.3189957916409143,100.0,4.81319702479171,0.0,58.991646778042956
6203,海韻電,電子零組件業,70.0,2023-04-28,2022Q4,0.0,0.0,-40.23,0.0,26.55333333333333,100.0,16.843585630735678,59.217928153678386,1.4170261157729673,100.0,69.0,100.0,58.882689223051756
8499,鼎炫-KY,其他電子業,107.0,2023-04-28,2022Q4,6.79,94.75183075671278,11.39,22.78,0.0,0.0,32.74892041094538,100.0,1.1537732475840146,93.3961782262878,63.7008243220349,100.0,58.84941872092884
1416,廣豐,其他業,11.7,2023-04-28,2022Q4,22.94,8.917589175891738,15.91,31.819999999999997,46.376666666666665,100.0,-19.290591881824124,0.0,1.774247845694565,100.0,80.3513707603323,100.0,58.84675891758917
1517,利奇,電機機械,18.95,2023-04-28,2022Q4,7.43,100.0,27.5,55.00000000000001,-47.653333333333336,0.0,11.760202054689449,33.80101027344725,1.4759289835118945,100.0,74.7601368024654,100.0,58.82015154101709
1434,福懋,紡織纖維,28.3,2023-04-28,2022Q4,14.01,76.06860158311346,59.06,100.0,-13.766666666666666,0.0,3.6570504185235837,0.0,1.064346027187817,80.620861026831,73.9521774580199,100.0,58.73103236367755
4931,新盛力,電腦及週邊設備業,44.8,2023-04-28,2022Q4,0.0,0.0,569.84,100.0,3.369999999999999,16.849999999999994,6.079053229640268,5.395266148201339,1.9345226798253938,100.0,58.0,95.0,58.6792899222302
5876,上海商銀,金融保險業,46.45,2023-04-28,2022Q4,14.47,63.663484486873486,4.39,8.78,15.023333333333333,75.11666666666666,52.08991742071775,100.0,6.145789861606775,100.0,7.30128974606792,0.0,58.58468178202068
3443,創意,半導體業,996.0,2023-04-28,2022Q4,32.56,0.0,154.04,100.0,45.830000000000005,100.0,17.050703397729528,60.25351698864764,0.429742871603976,0.0,38.0468821791903,45.11720544797574,58.54974809309472
1526,日馳,電機機械,40.0,2023-04-28,2022Q4,6.21,100.0,47.03,94.06,-29.77,0.0,20.935252879113857,79.67626439556929,0.6977372194803986,28.248174211485512,49.2644777800846,73.1611944502115,58.43219394665365
2736,富野,觀光餐旅,21.75,2023-04-28,2022Q4,0.0,0.0,134.78,100.0,5.17,25.85,4.659722832219572,0.0,10.771863117870723,100.0,53.0,82.5,58.42
4126,太醫,生技醫療業,85.9,2023-04-28,2022Q4,0.0,0.0,-14.29,0.0,28.886666666666667,100.0,16.22451753691416,56.1225876845708,1.3025525276330203,100.0,75.0,100.0,58.41838815268562
2892,第一金,金融保險業,27.1,2023-04-28,2022Q4,17.37,46.36038186157516,4.7,9.4,16.406666666666666,82.03333333333333,36.13917824493434,100.0,1.3293852691219505,100.0,5.39119567541235,0.0,58.39270485282418
3441,聯一光,光電業,42.35,2023-04-28,2022Q4,0.0,0.0,300.0,100.0,-30.913333333333338,0.0,19.002174717749398,70.01087358874699,0.9487059943855334,64.10085634079049,73.0,100.0,58.32180230647015
2820,華票,金融保險業,15.1,2023-04-28,2022Q4,19.61,32.99522673031026,-44.2,0.0,24.34,100.0,73.02596984966168,100.0,3.1940310415829556,100.0,10.5836221360854,0.0,58.29952267303103
8916,光隆,其他業,53.1,2023-04-28,2022Q4,0.0,0.0,82.68,100.0,-16.646666666666665,0.0,9.2555479028036,21.277739514018005,1.7326089865855132,100.0,65.0,100.0,58.1916609271027
1789,神隆,生技醫療業,28.4,2023-04-28,2022Q4,63.11,0.0,45.16,90.32,-11.093333333333334,0.0,12.423143676021624,37.11571838010812,2.190702006704113,100.0,87.733175968519,100.0,58.147357757016216
6143,振曜,通信網路業,96.2,2023-04-28,2022Q4,0.0,0.0,26.13,52.26,31.713333333333335,100.0,6.76803151990019,8.84015759950095,1.7208411997630588,100.0,35.0,37.5,58.14102363992514
4755,三福化,化學工業,136.5,2023-04-28,2022Q4,16.19,64.02018056293147,26.01,52.019999999999996,-27.17,0.0,16.54899797102481,57.744989855124054,1.3630653488194122,100.0,63.5341893243007,100.0,58.068766534561746
3430,奇鈦科,化學工業,51.0,2023-04-28,2022Q4,0.0,0.0,43.86,87.72,-26.183333333333334,0.0,13.14383531635508,40.7191765817754,1.340023648855273,100.0,69.0,100.0,58.03787648726631
4432,銘旺實,紡織纖維,22.15,2023-04-28,2022Q4,0.0,0.0,267.16,100.0,-16.44,0.0,9.037730558325025,20.188652791625124,1.8198568467982097,100.0,82.0,100.0,58.02829791874377
3311,閎暉,通信網路業,34.4,2023-04-28,2022Q4,23.4,29.90762124711317,56.38,100.0,-0.36666666666666625,0.0,4.913212731400206,0.0,1.7244936645714857,100.0,79.0723947182338,100.0,57.99076212471132
6416,瑞祺電通,通信網路業,99.0,2023-04-28,2022Q4,16.92,63.163972286374126,95.0,100.0,-4.28,0.0,10.08633520328049,25.43167601640245,0.9497912833969911,64.2558976281416,63.0236329471686,100.0,57.9823281567261
5353,台林,通信網路業,47.05,2023-04-28,2022Q4,0.0,0.0,79.21,100.0,29.42,100.0,8.018493233423994,15.092466167119973,0.5249498062115273,3.5642580302181877,61.0,100.0,57.97672153111163
4581,光隆精密-KY,汽車工業,60.3,2023-04-28,2022Q4,18.05,38.92307692307693,40.34,80.68,0.0,0.0,10.695870493159203,28.479352465796016,1.8034856193908557,100.0,58.425529912634,96.063824781585,57.9405930403356
6290,良維,電子零組件業,61.0,2023-04-28,2022Q4,0.0,0.0,80.33,100.0,-12.979999999999999,0.0,8.8329672892156,19.164836446078006,1.3792071839345572,100.0,60.0,100.0,57.8747254669117
4973,廣穎,半導體業,25.6,2023-04-28,2022Q4,0.0,0.0,725.71,100.0,2.8733333333333335,14.366666666666667,0.6212398188253849,0.0,1.786914847769043,100.0,69.0,100.0,57.873333333333335
8433,弘帆,居家生活,70.7,2023-04-28,2022Q4,0.0,0.0,141.75,100.0,-9.2,0.0,13.178706437570135,40.893532187850674,1.1797225962512363,97.10322803589091,49.0,72.5,57.80467543535579
8050,廣積,電腦及週邊設備業,75.5,2023-04-28,2022Q4,0.0,0.0,250.19,100.0,17.06,85.3,14.65894868816654,48.2947434408327,0.38117372596145377,0.0,54.0,85.0,57.80421151612491
8996,高力,電機機械,198.5,2023-04-28,2022Q4,58.9,0.0,101.8,100.0,84.29333333333334,100.0,12.172714292747772,35.86357146373886,-0.9562022456979603,0.0,49.5419826205798,73.8549565514495,57.76503137470578
5321,美而快,數位雲端,94.7,2023-04-28,2022Q4,0.0,0.0,70.37,100.0,10.659999999999998,53.29999999999999,7.765536619894084,13.827683099470416,1.6778932224199385,100.0,20.0,0.0,57.734152464920555
9924,福興,居家生活,43.4,2023-04-28,2022Q4,8.99,61.297483966452894,36.44,72.88,-18.85333333333333,0.0,9.4879822724354,22.439911362176996,1.5101944580927475,100.0,72.1641780752221,100.0,57.71573510097184
6279,胡連,電子零組件業,137.0,2023-04-28,2022Q4,0.0,0.0,26.8,53.6,22.799999999999997,100.0,15.89992199791964,54.4996099895982,0.7917913873473474,41.68448390676392,51.0,77.5,57.66183827979251
3675,德微,半導體業,300.5,2023-04-28,2022Q4,0.0,0.0,39.4,78.8,-17.53,0.0,19.878288973680863,74.39144486840432,1.3703078860422362,100.0,47.0,67.5,57.60871673026065
4164,承業醫,生技醫療業,68.4,2023-04-28,2022Q4,30.95,23.518594196975883,-9.05,0.0,30.886666666666667,100.0,15.995416816839434,54.97708408419717,1.841593960249151,100.0,47.865820178957,69.6645504473925,57.56487707706641
6542,隆中,文化創意業,44.6,2023-04-28,2022Q4,0.0,0.0,160.41,100.0,-3.33,0.0,13.827230710896588,44.13615355448294,1.0526922843440782,78.95604062058261,72.0,100.0,57.411631157288966
2633,台灣高鐵,航運業,31.05,2023-04-28,2022Q4,46.34,0.0,4.69,9.38,35.35,100.0,26.715713118758067,100.0,2.60719060142407,100.0,16.7998314336202,0.0,57.345
9910,豐泰,運動休閒,190.5,2023-04-28,2022Q4,18.5,0.0,100.0,100.0,-12.6,0.0,11.830814459838576,34.15407229919288,1.8552698036817423,100.0,48.7101446770007,71.77536169250175,57.300647014129105
4439,冠星-KY,紡織纖維,111.5,2023-04-28,2022Q4,9.66,99.02374670184696,31.32,62.63999999999999,0.0,0.0,7.291852029730597,11.459260148652985,1.9800832954409207,100.0,70.1706807890305,100.0,57.281263692482646
8342,益張,其他業,57.9,2023-04-28,2022Q4,0.0,0.0,75.07,100.0,-35.60666666666666,0.0,8.632884774653595,18.164423873267978,1.569537724004109,100.0,58.0,95.0,57.224663580990196
1813,寶利徠,生技醫療業,22.2,2023-04-28,2022Q4,0.0,0.0,150.0,100.0,2.1966666666666668,10.983333333333334,-28.90330670732381,0.0,4.757002383790226,100.0,71.0,100.0,57.196666666666665
6167,久正,光電業,18.35,2023-04-28,2022Q4,0.0,0.0,208.0,100.0,-13.393333333333333,0.0,7.75831769009724,13.791588450486197,1.5575142350040556,100.0,76.0,100.0,57.06873826757293
2472,立隆電,電子零組件業,64.8,2023-04-28,2022Q4,8.62,83.81957773512477,23.04,46.08,-16.790000000000003,0.0,19.052672179854838,70.26336089927419,2.10133583489071,100.0,46.4371315365667,66.09282884141676,57.05074479254528
3376,新日興,電子零組件業,87.4,2023-04-28,2022Q4,9.89,74.06909788867561,42.76,85.52,-34.656666666666666,0.0,13.186746925798868,40.93373462899434,0.9234732253927231,60.496175056103304,74.0675844339015,100.0,57.02620499443738
2609,陽明,航運業,63.1,2023-04-28,2022Q4,1.22,100.0,6.12,12.24,-65.36666666666666,0.0,58.71195556718914,100.0,1.1632150231819314,94.7450033117045,67.4919927978574,100.0,57.009000662340895
5287,數字,數位雲端,203.0,2023-04-28,2022Q4,0.0,0.0,8.16,16.32,10.733333333333334,53.66666666666667,38.69172479294111,100.0,1.1266215933560757,89.51737047943939,57.0,92.5,56.96680742922121
2887,台新新光金,金融保險業,17.3,2023-04-28,2022Q4,15.18,59.4272076372315,-29.68,0.0,16.003333333333334,80.01666666666667,26.56330958195865,100.0,4.491415482339302,100.0,7.33750348537748,0.0,56.94605409705648
8446,華研,文化創意業,90.2,2023-04-28,2022Q4,0.0,0.0,-9.45,0.0,13.676666666666668,68.38333333333334,46.59080018632309,100.0,1.7630148668601395,100.0,53.0,82.5,56.92666666666667
2387,精元,電腦及週邊設備業,44.45,2023-04-28,2022Q4,5.94,100.0,40.87,81.74,-28.146666666666665,0.0,6.557801699884575,7.789008499422874,2.811675609152726,100.0,41.1202975842645,52.800743960661244,56.88342567097956
6574,霈方,生技醫療業,59.5,2023-04-28,2022Q4,0.0,0.0,390.48,100.0,-34.513333333333335,0.0,7.468656742708592,12.34328371354296,2.421582458924845,100.0,72.0,100.0,56.85149255703144
3707,漢磊,半導體業,77.9,2023-04-28,2022Q4,0.0,0.0,238.36,100.0,-16.106666666666666,0.0,12.41633756128038,37.0816878064019,2.101042028270574,100.0,45.0,62.5,56.81225317096028
8147,正淩,電子零組件業,63.6,2023-04-28,2022Q4,0.0,0.0,194.57,100.0,-8.796666666666667,0.0,8.717142138036307,18.585710690181536,1.917828705719944,100.0,56.0,90.0,56.78785660352723
2331,精英,電腦及週邊設備業,24.8,2023-04-28,2022Q4,15.8,43.53099730458221,1107.69,100.0,-39.48,0.0,1.0681481061560278,0.0,6.069776554629817,100.0,49.2874234773796,73.218558693449,56.67495559980312
2880,華南金,金融保險業,21.9,2023-04-28,2022Q4,17.24,47.13603818615753,0.79,1.58,16.55333333333333,82.76666666666665,39.11731233520523,100.0,2.4967829676127864,100.0,5.09136905869556,0.0,56.66193715194908
3047,訊舟,通信網路業,16.1,2023-04-28,2022Q4,13.2,82.25558121632025,548.28,100.0,-16.606666666666666,0.0,2.60097126404688,0.0,1.9394873702791917,100.0,33.6085079788506,34.02126994712649,56.62768511634467
6285,啟,通信網路業,92.4,2023-04-28,2022Q4,11.98,88.51680780087247,151.75,100.0,31.386666666666667,100.0,3.3988238883276436,0.0,-1.0940853119434157,0.0,30.8998563661979,27.249640915494744,56.576644871636724
6177,達麗,建材營造業,31.6,2023-04-28,2022Q4,10.23,75.46448087431693,-23.33,0.0,420.81333333333333,100.0,17.028808703192098,60.14404351596049,2.3183163068258126,100.0,19.3984110364493,0.0,56.56805461482576
3684,榮昌,通信網路業,61.7,2023-04-28,2022Q4,0.0,0.0,42.86,85.72,0.9033333333333333,4.516666666666667,12.29492898419581,36.474644920979046,1.7653522317219856,100.0,55.0,87.5,56.55453007148019
4549,桓達,電機機械,95.1,2023-04-28,2022Q4,0.0,0.0,16.84,33.68,11.933333333333332,59.66666666666666,24.592822511088347,97.96411255544173,0.9015929083522892,57.370415478898465,75.0,100.0,56.522033312429286
1537,廣隆,電機機械,144.0,2023-04-28,2022Q4,13.41,60.80811439973396,42.08,84.16,-13.433333333333332,0.0,12.864516894192542,39.32258447096271,0.9691733545075575,67.02476492965107,74.3257411804796,100.0,56.42415209654801
3511,矽瑪,電子零組件業,33.8,2023-04-28,2022Q4,0.0,0.0,124.46,100.0,-18.61,0.0,10.201478412790852,26.00739206395426,2.194238369410396,100.0,50.0,75.0,56.40110880959314
5222,全訊,半導體業,197.5,2023-04-28,2022Q4,53.67,0.0,-8.17,0.0,21.679999999999996,100.0,35.26462799373707,100.0,0.895774625304146,56.53923218630658,83.6983135855591,100.0,56.30784643726132
6231,系微,資訊服務業,126.5,2023-04-28,2022Q4,0.0,0.0,25.59,51.18000000000001,-15.783333333333331,0.0,23.814334556400556,94.07167278200278,1.176057554362577,96.5796506232253,71.0,100.0,56.22168104194548
6579,研揚,電腦及週邊設備業,90.6,2023-04-28,2022Q4,12.58,65.22911051212937,137.68,100.0,0.5533333333333333,2.7666666666666666,14.29692450116594,46.4846225058297,0.7503322599259162,35.76175141798804,75.7908761792744,100.0,56.201288044018334
2901,欣欣,貿易百貨業,25.0,2023-04-28,2022Q4,108.7,0.0,228.57,100.0,-0.6500000000000004,0.0,6.561702953869506,7.808514769347533,2.6273210340915876,100.0,87.1607904209448,100.0,56.17127721540213
2454,聯發科,半導體業,665.0,2023-04-28,2022Q4,8.96,95.16523867809057,5.71,11.42,-33.406666666666666,0.0,23.103019167248714,90.51509583624357,1.2238145290429225,100.0,72.3388676039519,100.0,55.948788243245595
5309,系統電,電子零組件業,43.1,2023-04-28,2022Q4,0.0,0.0,245.16,100.0,19.013333333333332,95.06666666666665,8.933322171160176,19.666610855800883,0.5169409658521886,2.4201379788840898,54.0,85.0,55.947352557480286
1234,黑松,食品工業,36.35,2023-04-28,2022Q4,16.45,72.5517890772128,11.62,23.24,30.646666666666665,100.0,6.223478440177363,6.117392200886815,0.917740524863593,59.67721783765615,80.6060367462948,100.0,55.918231305385525
2231,為升,汽車工業,175.5,2023-04-28,2022Q4,37.34,0.0,11.11,22.22,24.69333333333333,100.0,11.438095842063655,32.19047921031827,1.834589176510942,100.0,42.1204148607811,55.301037151952755,55.91367559674301
5347,世界,半導體業,86.7,2023-04-28,2022Q4,0.0,0.0,29.26,58.52,-38.5,0.0,34.44666734114451,100.0,2.2202705847521673,100.0,45.0,62.5,55.88
6269,台郡,電子零組件業,94.5,2023-04-28,2022Q4,8.66,83.51247600767753,32.23,64.46,-14.373333333333335,0.0,8.810389945905332,19.051949729526658,3.894199071603839,100.0,54.0904567991079,85.22614199776974,55.846654259973725
2049,上銀,電機機械,235.0,2023-04-28,2022Q4,18.56,26.554705686730973,25.29,50.580000000000005,-24.61,0.0,19.009094020163573,70.04547010081787,1.3567812159760466,100.0,66.6504653098468,100.0,55.807291083795775
1605,華新,電器電纜,49.65,2023-04-28,2022Q4,9.57,83.95445134575569,27.63,55.26,19.830000000000002,99.15,5.265341542236315,1.326707711181574,0.71851680983203,31.216687118861437,48.9381043219536,72.345260804884,55.717314795513495
2832,台產,金融保險業,21.25,2023-04-28,2022Q4,11.42,81.8615751789976,80.58,100.0,8.786666666666667,43.93333333333334,14.04611737012534,45.2305868506267,-1.1494089686752653,0.0,47.6072353944414,69.01808848610351,55.65922106077078
3617,碩天,其他電子業,123.0,2023-04-28,2022Q4,8.71,79.12937347436939,1683.15,100.0,12.416666666666666,62.083333333333336,10.34377844551107,26.71889222755535,0.42487526753385846,0.0,45.0688920756025,62.67223018900625,55.60466086713753
6690,安硌穈T,數位雲端,199.0,2023-04-28,2022Q4,0.0,0.0,18.56,37.12,11.983333333333334,59.91666666666667,11.567436951727029,32.83718475863514,5.550377817540517,100.0,57.0,92.5,55.438911047128606
2065,世豐,鋼鐵工業,60.8,2023-04-28,2022Q4,0.0,0.0,28.23,56.46,5.580000000000001,27.900000000000002,15.229309928285891,51.14654964142946,1.396356337643884,100.0,52.0,80.0,55.36698244621442
4741,泓瀚,化學工業,39.25,2023-04-28,2022Q4,0.0,0.0,86.67,100.0,-7.109999999999999,0.0,5.196187226712601,0.980936133563004,1.8765530625940907,100.0,78.0,100.0,55.147140420034454
5426,振發,電腦及週邊設備業,12.45,2023-04-28,2022Q4,0.0,0.0,282.26,100.0,-8.19,0.0,5.164826979795527,0.8241348989776354,1.3179160998566124,100.0,69.0,100.0,55.12362023484665
2360,致茂,其他電子業,190.0,2023-04-28,2022Q4,15.77,21.68429617575265,21.89,43.78,3.2699999999999996,16.349999999999998,22.835912163377735,89.17956081688867,1.0373841714873056,76.76916735532937,63.1435208204129,100.0,55.114197211174435
5439,高技,電子零組件業,65.5,2023-04-28,2022Q4,0.0,0.0,-13.67,0.0,23.823333333333334,100.0,11.77329250525185,33.866462526259255,1.785012626774163,100.0,62.0,100.0,55.07996937893889
4413,飛寶企業,紡織纖維,15.05,2023-04-28,2022Q4,0.0,0.0,760.0,100.0,-45.18666666666667,0.0,5.075322837942211,0.3766141897110531,3.2704690278601065,100.0,73.0,100.0,55.05649212845666
5314,世紀,其他業,24.0,2023-04-28,2022Q4,0.0,0.0,91.18,100.0,1437.54,100.0,-72.05403645833334,0.0,0.0,0.0,66.0,100.0,55.0
6841,長佳智能,生技醫療業,103.0,2023-04-28,2022Q4,0.0,0.0,352.46,100.0,83.44333333333334,100.0,-133.5881119789251,0.0,-0.4427494339788539,0.0,98.0,100.0,55.0
1454,台富,紡織纖維,13.3,2023-04-28,2022Q4,51.15,0.0,550.0,100.0,-18.52,0.0,1.6065424098692853,0.0,3.892730661696179,100.0,78.2676293179011,100.0,55.0
6209,今國光,光電業,31.55,2023-04-28,2022Q4,85.27,0.0,140.66,100.0,-16.773333333333333,0.0,-2.97762543843631,0.0,7.618455900468096,100.0,70.5448481068171,100.0,55.0
5340,建榮,電子零組件業,43.75,2023-04-28,2022Q4,0.0,0.0,59.26,100.0,-16.36,0.0,4.9817710849781305,0.0,2.0970819637114477,100.0,88.0,100.0,55.0
4160,創源,生技醫療業,36.5,2023-04-28,2022Q4,0.0,0.0,231.25,100.0,-3.9433333333333334,0.0,3.67865442152283,0.0,2.013446815125724,100.0,76.0,100.0,55.0
6767,台微醫,生技醫療業,41.6,2023-04-28,2022Q4,0.0,0.0,64.63,100.0,73.45666666666668,100.0,-4.734994972542347,0.0,0.0,0.0,73.0,100.0,55.0
3531,先益,光電業,27.85,2023-04-28,2022Q4,0.0,0.0,118.84,100.0,-11.22,0.0,4.7177418815006344,0.0,1.2522586330876906,100.0,67.0,100.0,55.0
6169,昱泉,文化創意業,19.5,2023-04-28,2022Q4,0.0,0.0,84.62,100.0,969.2766666666666,100.0,-671.5693342946407,0.0,-3.135225083201962,0.0,75.0,100.0,55.0
5301,寶得利,觀光餐旅,12.05,2023-04-28,2022Q4,0.0,0.0,68.42,100.0,109.8,100.0,-140.07213573295056,0.0,0.0,0.0,79.0,100.0,55.0
3057,喬鼎,電腦及週邊設備業,12.65,2023-04-28,2022Q4,421.67,0.0,200.0,100.0,-44.85999999999999,0.0,-1.6139143095309245,0.0,7.765743944636678,100.0,68.4211435128572,100.0,55.0
3041,揚智,半導體業,19.65,2023-04-28,2022Q4,280.71,0.0,114.89,100.0,-46.18333333333334,0.0,3.6310635445550457,0.0,15.67457794730522,100.0,86.7919794769689,100.0,55.0
1324,地球,塑膠工業,11.35,2023-04-28,2022Q4,189.17,0.0,500.0,100.0,-8.15,0.0,0.0920635146696344,0.0,16.897147616073287,100.0,81.0595634681476,100.0,55.0
2939,永邑-KY,貿易百貨業,34.4,2023-04-28,2022Q4,59.31,0.0,154.72,100.0,0.0,0.0,-6.989814133698181,0.0,4.488981921979067,100.0,87.5223581064572,100.0,55.0
4529,淳紳,其他業,10.05,2023-04-28,2022Q4,0.0,0.0,105.42,100.0,49.51,100.0,-838.7607573149742,0.0,-1.0236106591459666,0.0,95.0,100.0,55.0
2886,兆豐金,金融保險業,34.05,2023-04-28,2022Q4,25.8,0.0,-28.65,0.0,30.456666666666667,100.0,37.72423176286212,100.0,3.56845027951523,100.0,7.38267390124917,0.0,55.0
2719,燦星旅,觀光餐旅,44.05,2023-04-28,2022Q4,0.0,0.0,50.64,100.0,2100.1733333333336,100.0,-90.26477275505465,0.0,0.0,0.0,78.0,100.0,55.0
3229,晟鈦,電子零組件業,19.5,2023-04-28,2022Q4,0.0,0.0,61.63,100.0,172.9,100.0,-5.926047938895905,0.0,0.0,0.0,66.4421200441615,100.0,55.0
4909,新復興,通信網路業,18.15,2023-04-28,2022Q4,0.0,0.0,53.17,100.0,29.909999999999997,100.0,-32.729349452148945,0.0,0.0,0.0,92.0,100.0,55.0
4167,松瑞藥,生技醫療業,18.35,2023-04-28,2022Q4,0.0,0.0,266.67,100.0,-23.61,0.0,-7.446579061093471,0.0,15.98845741611015,100.0,76.0,100.0,55.0
8409,商之器,生技醫療業,23.9,2023-04-28,2022Q4,0.0,0.0,117.81,100.0,-27.043333333333333,0.0,1.4499284934654229,0.0,4.98575712143928,100.0,68.0,100.0,55.0
6114,久威,電子零組件業,26.0,2023-04-28,2022Q4,0.0,0.0,700.0,100.0,-39.803333333333335,0.0,1.741833454190869,0.0,2.793529503186033,100.0,61.0,100.0,55.0
6446,藥華藥,生技醫療業,370.5,2023-04-28,2022Q4,0.0,0.0,55.19,100.0,293.9066666666667,100.0,-70.37343661195777,0.0,0.0,0.0,79.0,100.0,55.0
4142,國光生,生技醫療業,39.8,2023-04-28,2022Q4,57.68,0.0,580.0,100.0,517.8466666666667,100.0,4.1555339612652915,0.0,-1.003402354154137,0.0,66.9370962398225,100.0,55.0
8089,康全電訊,通信網路業,22.6,2023-04-28,2022Q4,0.0,0.0,134.78,100.0,-57.80666666666667,0.0,-0.665975555049018,0.0,12.306655161255527,100.0,70.0,100.0,55.0
3297,杭特,光電業,17.65,2023-04-28,2022Q4,0.0,0.0,126.19,100.0,-46.14666666666667,0.0,-10.685549798503166,0.0,5.140073982737361,100.0,72.0,100.0,55.0
2615,萬海,航運業,65.0,2023-04-28,2022Q4,1.96,100.0,-9.94,0.0,-67.96666666666667,0.0,45.53851283018272,100.0,1.4518835220828858,100.0,61.7915376924368,100.0,55.0
6259,百徽,電子零組件業,22.3,2023-04-28,2022Q4,0.0,0.0,3700.0,100.0,-13.103333333333332,0.0,3.6014933989714275,0.0,3.1776995193451674,100.0,65.0,100.0,55.0
2732,六角,觀光餐旅,168.5,2023-04-28,2022Q4,0.0,0.0,112.99,100.0,1.8033333333333335,9.016666666666667,8.23235058019959,16.16175290099795,1.8372207400220983,100.0,43.0,57.49999999999999,54.977596268483026
6153,嘉聯益,電子零組件業,23.2,2023-04-28,2022Q4,29.0,0.0,190.91,100.0,-36.36333333333333,0.0,1.2192808242802882,0.0,5.951356960444541,100.0,59.6268273588605,99.06706839715126,54.90670683971513
1584,精剛,其他業,42.5,2023-04-28,2022Q4,0.0,0.0,143.48,100.0,103.07666666666667,100.0,7.831646364322073,14.158231821610364,-4.896353914130205,0.0,51.0,77.5,54.87373477324155
3504,揚明光,光電業,76.6,2023-04-28,2022Q4,0.0,0.0,147.83,100.0,-39.443333333333335,0.0,0.38449852599646034,0.0,10.24431554524362,100.0,59.3186302180028,98.296575545007,54.8296575545007
6830,汎銓,其他電子業,152.0,2023-04-28,2022Q4,24.68,0.0,7.41,14.82,8.476666666666667,42.38333333333333,21.85583288491202,84.2791644245601,2.302349321870291,100.0,67.2101775700495,100.0,54.82354133035068
6414,樺漢,電腦及週邊設備業,250.5,2023-04-28,2022Q4,7.69,98.18059299191374,134.36,100.0,33.78666666666667,100.0,2.848660990350853,0.0,-0.21416043714935434,0.0,13.0359236161433,0.0,54.818059299191376
4951,精拓科,半導體業,70.9,2023-04-28,2022Q4,0.0,0.0,20.76,41.52,-37.10333333333333,0.0,30.764160253362604,100.0,1.1789814199261184,96.99734570373121,87.0,100.0,54.779469140746244
3390,旭軟,電子零組件業,18.1,2023-04-28,2022Q4,0.0,0.0,135.42,100.0,-14.949999999999998,0.0,-1.0883507207680676,0.0,1.6393171303837883,100.0,59.0,97.5,54.75
2605,新興,航運業,22.5,2023-04-28,2022Q4,66.18,0.0,-71.67,0.0,22.02666666666667,100.0,11.321326184009529,31.60663092004764,7.624844033719149,100.0,73.0424580748769,100.0,54.740994638007145
6183,關貿,資訊服務業,61.9,2023-04-28,2022Q4,20.03,57.780847145488025,8.8,17.6,-13.716666666666669,0.0,24.39266704631404,96.9633352315702,1.2829088135352182,100.0,72.2535798205301,100.0,54.72258499928433
5534,長虹,建材營造業,79.9,2023-04-28,2022Q4,8.14,90.69216757741347,122.68,100.0,-57.71666666666667,0.0,37.851663696907664,100.0,-0.3693240960151006,0.0,42.4077043649898,56.019260912474486,54.671142848988794
4175,杏一,生技醫療業,113.0,2023-04-28,2022Q4,0.0,0.0,145.18,100.0,9.593333333333334,47.96666666666667,3.1521370947703673,0.0,6.260527563340961,100.0,18.0,0.0,54.593333333333334
3693,營邦,電腦及週邊設備業,178.5,2023-04-28,2022Q4,0.0,0.0,284.09,100.0,99.50333333333333,100.0,10.3506083801899,26.753041900949505,-0.12398383802894222,0.0,42.0,55.00000000000001,54.51295628514242
6109,亞元,通信網路業,16.95,2023-04-28,2022Q4,0.0,0.0,177.48,100.0,-2.893333333333333,0.0,4.6239493340278015,0.0,1.9699843918837796,100.0,58.0,95.0,54.5
2395,研華,電腦及週邊設備業,371.0,2023-04-28,2022Q4,25.93,0.0,29.8,59.599999999999994,8.1,40.5,18.2300261950372,66.150130975186,0.9046392435417168,57.80560622024525,66.0009684726978,100.0,54.483640890326946
1233,天仁,食品工業,34.2,2023-04-28,2022Q4,60.0,0.0,18.75,37.5,14.966666666666667,74.83333333333333,1.0741628905539253,0.0,3.944367448125085,100.0,63.1126272324084,100.0,54.34166666666667
1721,三晃,化學工業,17.6,2023-04-28,2022Q4,53.33,0.0,186.84,100.0,-23.409999999999997,0.0,1.0823139621226674,0.0,4.796086743844774,100.0,57.3111683415164,93.277920853791,54.3277920853791
1477,聚陽,紡織纖維,222.5,2023-04-28,2022Q4,15.31,69.2084432717678,29.73,59.46,-1.1466666666666665,0.0,13.813974583420826,44.06987291710413,1.056995309572484,79.57075851035486,62.8645102861967,100.0,54.310476966813376
6443,元晶,光電業,36.8,2023-04-28,2022Q4,92.0,0.0,310.0,100.0,8.923333333333334,44.616666666666674,2.751951874184556,0.0,0.9111204851041392,58.73149787201989,54.391959710118,85.979899275295,54.267622835266806
5488,松普,電子零組件業,13.1,2023-04-28,2022Q4,0.0,0.0,150.0,100.0,36.74333333333333,100.0,0.7594716358647673,0.0,-2.048993585489936,0.0,57.0,92.5,54.25
3466,致振,通信網路業,34.35,2023-04-28,2022Q4,0.0,0.0,105.34,100.0,499.6133333333333,100.0,-3.91994135777331,0.0,-25.410566216536367,0.0,57.0,92.5,54.25
6441,廣錠,電腦及週邊設備業,53.4,2023-04-28,2022Q4,0.0,0.0,100.69,100.0,31.253333333333334,100.0,-11.4198178609151,0.0,-120.98589894242068,0.0,57.0,92.5,54.25
4148,全宇生技-KY,生技醫療業,63.4,2023-04-28,2022Q4,11.03,100.0,86.08,100.0,0.0,0.0,18.01546593631578,65.07732968157892,0.11907257933102303,0.0,57.5702945410773,93.92573635269326,54.154173087506166
6568,宏觀,半導體業,165.5,2023-04-28,2022Q4,0.0,0.0,-28.32,0.0,25.703333333333333,100.0,10.50128305871375,27.506415293568747,1.796082106422682,100.0,79.0,100.0,54.12596229403531
3416,融程電,電腦及週邊設備業,110.0,2023-04-28,2022Q4,17.66,30.99730458221024,23.86,47.72,12.339999999999998,61.69999999999999,18.648582181148697,68.24291090574349,0.7270422541437441,32.434607734820595,67.4410105786956,100.0,54.09308864104666
6791,虎門科技,資訊服務業,129.5,2023-04-28,2022Q4,0.0,0.0,0.52,1.04,15.79,78.95,15.710554174936378,53.55277087468189,1.9336130510392802,100.0,62.0,100.0,54.08291563120228
3003,健和興,電子零組件業,75.9,2023-04-28,2022Q4,13.2,48.656429942418434,15.46,30.92,-10.426666666666666,0.0,20.294953168032706,76.47476584016353,1.5265170552141758,100.0,75.4340527422352,100.0,54.066857870266375
8255,朋程,電機機械,178.5,2023-04-28,2022Q4,0.0,0.0,16.95,33.9,13.393333333333333,66.96666666666667,9.432781962338241,22.163909811691205,1.1951879575846664,99.31256536923807,56.0,90.0,54.05543287893463
3520,華盈,電子零組件業,22.15,2023-04-28,2022Q4,0.0,0.0,1046.15,100.0,-9.013333333333334,0.0,2.1075652355854015,0.0,1.6336852778021507,100.0,56.0,90.0,54.0
8092,建暐,其他電子業,11.95,2023-04-28,2022Q4,0.0,0.0,124.14,100.0,4.243333333333335,21.216666666666676,2.2500679454719705,0.0,10.93839463670955,100.0,39.0,47.5,53.99333333333334
5432,新門,綠能環保,27.4,2023-04-28,2022Q4,0.0,0.0,500.0,100.0,14.810000000000002,74.05000000000001,10.526770583801792,27.633852919008962,0.4626925889502484,0.0,89.0,100.0,53.95507793785134
3628,盈正,其他電子業,49.9,2023-04-28,2022Q4,0.0,0.0,59.37,100.0,2.2033333333333336,11.016666666666667,3.9622050993421016,0.0,1.701021760357093,100.0,47.0,67.5,53.95333333333333
1903,士紙,造紙工業,43.45,2023-04-28,2022Q4,53.64,0.0,153.13,100.0,-6.78,0.0,-62.538016939500054,0.0,1.3056095948625932,100.0,55.5389766374197,88.84744159354925,53.88474415935492
3035,智原,半導體業,164.0,2023-04-28,2022Q4,17.83,40.881272949816406,112.47,100.0,1.7433333333333334,8.716666666666667,22.36034704525128,86.8017352262564,0.4887482548051676,0.0,63.6373129043156,100.0,53.851720912253434
3548,兆利,電子零組件業,70.9,2023-04-28,2022Q4,0.0,0.0,91.26,100.0,-38.79,0.0,6.448159475646554,7.240797378232769,2.4237121493434155,100.0,51.0,77.5,53.83611960673492
4104,佳醫,生技醫療業,87.3,2023-04-28,2022Q4,19.4,70.71924805884757,9.76,19.52,18.876666666666665,94.38333333333333,8.440608290611658,17.203041453058294,0.9545630928320047,64.93758469028639,49.7523374176233,74.38084354405825,53.83464898297326
2233,宇隆,汽車工業,115.5,2023-04-28,2022Q4,11.19,81.13846153846154,14.54,29.080000000000002,-13.126666666666667,0.0,16.261297791287586,56.30648895643793,1.2603166084461055,100.0,68.9101746559872,100.0,53.829819497311846
3017,奇鋐,電腦及週邊設備業,157.5,2023-04-28,2022Q4,13.37,59.905660377358494,43.48,86.96,-5.5200000000000005,0.0,11.256884884421844,31.28442442210922,2.123845909711092,100.0,25.6249782137591,14.06244553439775,53.829474254492
4556,旭然,其他業,31.25,2023-04-28,2022Q4,0.0,0.0,160.0,100.0,-10.819999999999999,0.0,8.423179436729278,17.11589718364639,2.648052385177932,100.0,45.0,62.5,53.81738457754696
2308,台達電,電子零組件業,300.0,2023-04-28,2022Q4,23.26,0.0,21.9,43.8,12.563333333333333,62.81666666666666,10.77891671871682,28.894583593584102,1.424401378717168,100.0,43.8601539630733,59.650384907683254,53.81255936313927
5315,光聯,光電業,23.15,2023-04-28,2022Q4,0.0,0.0,36.78,73.56,1.4666666666666668,7.333333333333333,11.806909391532015,34.03454695766007,1.1586872602128104,94.09818003040151,78.0,100.0,53.78148471639598
4426,利勤,紡織纖維,24.3,2023-04-28,2022Q4,0.0,0.0,78.6,100.0,64.33,100.0,-11.34235767072254,0.0,0.0,0.0,54.9792573406431,87.44814335160775,53.744814335160775
5284,jpp-KY,其他業,125.0,2023-04-28,2022Q4,24.61,0.0,81.67,100.0,0.0,0.0,18.020638354833714,65.10319177416856,0.8543541078347672,50.622015404966746,55.3768319534741,88.44207988368525,53.734089835487154
4906,正文,通信網路業,31.0,2023-04-28,2022Q4,18.45,55.311778290993075,-10.05,0.0,36.13333333333333,100.0,2.61059950200699,0.0,1.438911481112049,100.0,52.6490464020938,81.6226160052345,53.69343942962276
1308,亞聚,塑膠工業,27.55,2023-04-28,2022Q4,11.29,86.03399433427762,-53.26,0.0,-26.209999999999997,0.0,30.023518307888107,100.0,2.502954671545404,100.0,86.7412943777113,100.0,53.60339943342776
3236,千如,電子零組件業,28.65,2023-04-28,2022Q4,0.0,0.0,119.61,100.0,-9.34,0.0,7.433668348998316,12.168341744991581,1.9151684421028343,100.0,47.0,67.5,53.57525126174874
2845,遠東銀,金融保險業,11.2,2023-04-28,2022Q4,12.44,75.77565632458233,21.95,43.9,21.41333333333333,100.0,35.70270580856128,100.0,-5.058907377888578,0.0,7.42328024159539,0.0,53.55256563245823
1464,得力,紡織纖維,15.3,2023-04-28,2022Q4,16.11,64.9868073878628,97.92,100.0,-12.226666666666667,0.0,1.0672231760834752,0.0,5.106925880923451,100.0,28.1954061647141,20.48851541178525,53.5475322799648
2355,敬鵬,電子零組件業,32.15,2023-04-28,2022Q4,25.72,0.0,47.06,94.12,-8.37,0.0,1.5480408903479033,0.0,4.2372737323068685,100.0,70.2033558686961,100.0,53.53
2462,良得電,電子零組件業,33.4,2023-04-28,2022Q4,22.42,0.0,78.31,100.0,-17.23,0.0,0.4443130993418009,0.0,3.685455084834971,100.0,54.0719114373881,85.17977859347026,53.51797785934703
3434,哲固,光電業,28.6,2023-04-28,2022Q4,0.0,0.0,118.18,100.0,-29.616666666666664,0.0,4.605405094423749,0.0,1.9096615720524017,100.0,54.0,85.0,53.5
3338,泰碩,電子零組件業,47.8,2023-04-28,2022Q4,15.62,30.076775431861826,43.19,86.38,-28.173333333333336,0.0,6.03460617233739,5.173030861686949,3.0324027860339395,100.0,52.0951965227624,80.237991306906,53.40243130312982
6184,大豐電,其他業,50.2,2023-04-28,2022Q4,14.43,61.25461254612545,-0.85,0.0,3.08,15.4,31.41233895260577,100.0,2.350823549941348,100.0,56.6251321757087,91.56283043927175,53.36174429853972
6113,亞矽,電子通路業,17.45,2023-04-28,2022Q4,0.0,0.0,80.0,100.0,-42.73333333333333,0.0,2.188445576671714,0.0,3.2910003791791427,100.0,53.0,82.5,53.25
5203,訊連,資訊服務業,97.0,2023-04-28,2022Q4,39.11,0.0,132.45,100.0,13.203333333333333,66.01666666666667,11.662961210974455,33.31480605487228,0.30331381892443837,0.0,79.8342994391887,100.0,53.20055424156418
3046,建,電腦及週邊設備業,72.3,2023-04-28,2022Q4,25.91,0.0,66.48,100.0,63.68666666666667,100.0,2.1596605668451994,0.0,0.5475480236424086,6.792574806058376,47.2240745756566,68.0601864391415,53.164533605125825
1442,名軒,建材營造業,32.35,2023-04-28,2022Q4,18.38,16.083788706739522,24.82,49.64,152.86333333333334,100.0,26.38722501088176,100.0,-2.59520218477485,0.0,36.5373717670988,41.34342941774699,53.15272181244865
3362,先進光,光電業,91.5,2023-04-28,2022Q4,0.0,0.0,10066.67,100.0,-13.520000000000001,0.0,8.508254013416236,17.54127006708118,1.7417404244581072,100.0,42.0,55.00000000000001,53.131190510062176
8466,美吉吉-KY,其他業,43.0,2023-04-28,2022Q4,19.72,28.72078720787208,109.62,100.0,0.0,0.0,4.638256111816372,0.0,8.735501135935998,100.0,40.5468157450739,51.36703936268475,53.00878265705568
4121,優盛,生技醫療業,33.6,2023-04-28,2022Q4,0.0,0.0,48.89,97.78,3.0499999999999994,15.249999999999996,5.948678787410114,4.743393937050571,2.5501477091861604,100.0,39.0,47.5,52.95650909055759
3447,展達,通信網路業,51.0,2023-04-28,2022Q4,15.04,72.81241981011034,75.94,100.0,17.326666666666664,86.63333333333331,4.781305808235619,0.0,-1.73521168879466,0.0,33.3181267725304,33.295316931326,52.937440340810305
1587,吉茂,汽車工業,22.7,2023-04-28,2022Q4,11.35,80.15384615384616,34.9,69.8,-8.563333333333334,0.0,6.5616795829757155,7.808397914878578,2.665012172522801,100.0,44.7248179211192,61.81204480279799,52.817848782896206
3078,僑威,電子零組件業,54.4,2023-04-28,2022Q4,0.0,0.0,-27.21,0.0,49.403333333333336,100.0,9.004870847616282,20.024354238081408,2.20376958105134,100.0,59.0,97.5,52.75365313571221
9939,宏全,其他業,99.9,2023-04-28,2022Q4,12.97,70.23370233702335,12.74,25.480000000000004,9.413333333333334,47.06666666666667,11.335876601474196,31.679383007370976,1.734742034130605,100.0,40.6980413313393,51.74510332834824,52.733121350976134
1315,達新,塑膠工業,69.9,2023-04-28,2022Q4,9.43,96.57223796033995,18425.0,100.0,-11.4,0.0,6.38478886324812,6.923944316240598,0.7431563429326691,34.73662041895273,91.9797762216979,100.0,52.64313952726064
6829,千附精密,半導體業,148.0,2023-04-28,2022Q4,0.0,0.0,24.69,49.38,-38.89333333333334,0.0,18.711126187625982,68.55563093812991,1.2052986840513324,100.0,76.0,100.0,52.62834464071948
3535,晶彩科,光電業,20.95,2023-04-28,2022Q4,5.85,100.0,193.44,100.0,-24.49,0.0,15.567719328644557,52.83859664322279,-0.15960788886886398,0.0,58.4793681520622,96.1984203801555,52.545631534498966
5263,智崴,文化創意業,121.0,2023-04-28,2022Q4,0.0,0.0,57.14,100.0,17.54,87.7,-30.76305790491262,0.0,0.0,0.0,65.0,100.0,52.540000000000006
3206,志豐,電子零組件業,32.85,2023-04-28,2022Q4,0.0,0.0,50.63,100.0,-14.92,0.0,6.344134404759494,6.720672023797469,2.6939820380454,100.0,46.0,65.0,52.50810080356962
3563,牧德,光電業,184.5,2023-04-28,2022Q4,14.43,75.03896103896103,-27.88,0.0,-13.123333333333335,0.0,30.136583611679008,100.0,1.245715892882255,100.0,73.5704877030413,100.0,52.5038961038961
6509,聚和,化學工業,44.6,2023-04-28,2022Q4,0.0,0.0,39.52,79.04,-13.993333333333334,0.0,13.486098570939319,42.430492854696595,1.1341717958258182,90.59597083225974,53.0,82.5,52.493768094656446
4551,智伸科,汽車工業,140.0,2023-04-28,2022Q4,11.48,79.35384615384615,16.52,33.04,-18.24,0.0,17.647998962229554,63.23999481114777,1.08837241404828,84.05320200689714,60.8398603217059,100.0,52.49202423843621
6418,詠昇,電子零組件業,18.9,2023-04-28,2022Q4,0.0,0.0,211.76,100.0,0.21333333333333235,1.0666666666666618,3.0231585537949064,0.0,2.7602826045445865,100.0,49.0,72.5,52.46333333333333
2801,彰銀,金融保險業,17.8,2023-04-28,2022Q4,17.12,47.852028639618126,25.3,50.6,32.126666666666665,100.0,38.22866732340147,100.0,-3.417833279297678,0.0,6.29562441121366,0.0,52.43520286396181
6768,志強-KY,運動休閒,69.1,2023-04-28,2022Q4,7.49,71.24079915878023,169.59,100.0,0.0,0.0,12.162351971548048,35.81175985774024,0.6718568524168018,24.550978916685974,70.5854842676403,100.0,52.40603967787625
6190,萬泰科,通信網路業,32.55,2023-04-28,2022Q4,0.0,0.0,80.95,100.0,-28.883333333333336,0.0,7.845399209262889,14.226996046314447,2.25135342832733,100.0,41.0,52.5,52.38404940694717
4107,邦特,生技醫療業,114.0,2023-04-28,2022Q4,0.0,0.0,14.47,28.939999999999998,-2.046666666666667,0.0,28.771031979751992,100.0,1.3060319325687888,100.0,68.0,100.0,52.235
6101,寬魚國際,文化創意業,48.55,2023-04-28,2022Q4,0.0,0.0,44.44,88.88,14294.38,100.0,-104.21013146613318,0.0,0.0,0.0,92.0,100.0,52.22
6625,必應,其他業,80.5,2023-04-28,2022Q4,0.0,0.0,84.5,100.0,85.15333333333334,100.0,-0.227230156512447,0.0,0.0,0.0,48.6589212948322,71.6473032370805,52.16473032370805
1264,德麥,食品工業,273.5,2023-04-28,2022Q4,0.0,0.0,5.56,11.12,16.223333333333333,81.11666666666666,18.097074028888994,65.48537014444497,0.9658566862081165,66.55095517258808,62.0,100.0,52.13632988951769
8040,九暘,半導體業,46.0,2023-04-28,2022Q4,0.0,0.0,143.96,100.0,-26.833333333333332,0.0,13.463352917648377,42.31676458824188,0.8756121449559255,53.65887785084651,74.0,100.0,52.079290258405585
8432,東生華,生技醫療業,45.35,2023-04-28,2022Q4,0.0,0.0,30.89,61.78,0.34000000000000014,1.7000000000000008,13.609387180271245,43.04693590135623,1.1938923897237033,99.12748424624333,92.0,100.0,52.0675372344521
3118,進階,生技醫療業,32.3,2023-04-28,2022Q4,0.0,0.0,-14.29,0.0,31.743333333333336,100.0,10.94478535883699,29.72392679418495,1.1129887455957308,87.56982079939011,67.0,100.0,51.97255317900577
3055,蔚華科,電子通路業,28.0,2023-04-28,2022Q4,13.21,10.433174854727945,157.84,100.0,-8.816666666666668,0.0,-21.740113702540157,0.0,1.0542064324855511,79.17234749793587,68.6814530532309,100.0,51.87778698505997
2702,華園,觀光餐旅,23.2,2023-04-28,2022Q4,8.59,100.0,-77.94,0.0,40.31666666666666,100.0,3.7562453819358925,0.0,1.1169944428137173,88.14206325910247,36.8879563654897,42.21989091372425,51.85040174319292
1597,直得,電機機械,76.3,2023-04-28,2022Q4,19.22,22.164948453608257,12.36,24.72,-21.44333333333333,0.0,22.983178045445012,89.91589022722506,1.2464827112896388,100.0,59.7693659153575,99.42341478839374,51.82621985828396
4967,十銓,半導體業,67.9,2023-04-28,2022Q4,6790.0,0.0,100.98,100.0,-5.82,0.0,-0.756932899383658,0.0,1763.7654584221748,100.0,47.2231452203173,68.05786305079324,51.80578630507932
5902,德記,居家生活,38.0,2023-04-28,2022Q4,0.0,0.0,24.2,48.4,5.663333333333337,28.316666666666684,10.314525908838093,26.572629544190463,1.3161485108119135,100.0,74.0,100.0,51.7492277649619
8227,巨有科技,半導體業,191.5,2023-04-28,2022Q4,0.0,0.0,25.71,51.42,42.97666666666667,100.0,12.390371178174728,36.951855890873645,0.6159389629710511,16.562708995864444,71.0,100.0,51.71032018280394
6525,捷敏-KY,半導體業,72.9,2023-04-28,2022Q4,10.11,88.12729498164015,8.42,16.84,0.0,0.0,16.570132493416125,57.850662467080625,1.7072962831188738,100.0,62.8231543006828,100.0,51.70032886822611
2884,玉山金,金融保險業,24.95,2023-04-28,2022Q4,22.68,14.677804295942698,-23.61,0.0,15.056666666666667,75.28333333333333,36.31578187750122,100.0,3.053075956596231,100.0,5.65951583458526,0.0,51.524447096260936
1457,宜進,紡織纖維,18.65,2023-04-28,2022Q4,4.11,100.0,405.56,100.0,-39.60666666666666,0.0,53.37935619052716,100.0,-0.31792077967803367,0.0,25.8575803931703,14.643950982925746,51.46439509829258
2367,燿華,電子零組件業,17.95,2023-04-28,2022Q4,28.95,0.0,266.67,100.0,-4.093333333333333,0.0,1.761643655887528,0.0,2.593850858644266,100.0,45.8409096436751,64.60227410918775,51.460227410918776
2424,隴華,通信網路業,23.75,2023-04-28,2022Q4,0.0,0.0,46.32,92.64,152.14666666666668,100.0,-208.35725436873648,0.0,0.0,0.0,53.1318772803614,82.82969320090349,51.44296932009035
6863,永道-KY,通信網路業,198.0,2023-04-28,2022Q4,38.6,0.0,27.27,54.54,0.0,0.0,15.340183073845616,51.70091536922807,5.28989067972289,100.0,88.3914543288505,100.0,51.39013730538421
4147,中裕,生技醫療業,118.5,2023-04-28,2022Q4,0.0,0.0,42.78,85.56,76.64,100.0,-34.07695805388201,0.0,0.0,0.0,66.0,100.0,51.39
1773,勝一,化學工業,129.0,2023-04-28,2022Q4,18.83,50.0,12.83,25.66,-18.953333333333333,0.0,18.478577900223385,67.39288950111693,1.2447426940087667,100.0,59.4339406395726,98.5848515989315,51.38241858506069
1468,昶和,紡織纖維,13.75,2023-04-28,2022Q4,59.78,0.0,283.33,100.0,-13.4,0.0,-7.362715473908081,0.0,8.059141236834998,100.0,45.3914482129104,63.478620532276,51.3478620532276
4702,中美實,居家生活,14.2,2023-04-28,2022Q4,0.0,0.0,42.61,85.22,-55.56,0.0,0.4360879783722099,0.0,1.9807276717879454,100.0,80.0,100.0,51.305
5251,天鉞電,光電業,22.0,2023-04-28,2022Q4,0.0,0.0,75.43,100.0,16.250000000000004,81.25000000000003,-7.221053591314938,0.0,0.0,0.0,81.0,100.0,51.25000000000001
6112,邁達特,資訊服務業,49.4,2023-04-28,2022Q4,22.56,46.13259668508287,-28.66,0.0,20.623333333333335,100.0,3.5609024170263,0.0,1.2014690731021442,100.0,46.4607220197391,66.15180504934776,51.22844017344306
8034,榮群,通信網路業,15.85,2023-04-28,2022Q4,0.0,0.0,-49.22,0.0,23.53666666666666,100.0,6.4636911881977674,7.318455940988837,3.862339061046654,100.0,80.0,100.0,51.09776839114833
9930,中聯資源,綠能環保,50.0,2023-04-28,2022Q4,16.45,52.54739336492891,6.29,12.58,13.44,67.19999999999999,7.965488464923173,14.827442324615866,2.5939883664591834,100.0,48.092994902572,70.23248725643,51.08710441082826
7556,意德士,半導體業,99.9,2023-04-28,2022Q4,0.0,0.0,28.15,56.3,0.28666666666666707,1.4333333333333353,22.54597118221641,87.72985591108204,0.9747986191024166,67.82837415748808,83.0,100.0,51.08681988482659
4305,世坤,塑膠工業,31.95,2023-04-28,2022Q4,0.0,0.0,31.53,63.06,-15.683333333333332,0.0,12.089481199428844,35.44740599714422,1.7477429018860215,100.0,89.0,100.0,51.08211089957163
6129,普誠,半導體業,35.3,2023-04-28,2022Q4,0.0,0.0,47.62,95.24,15.673333333333334,78.36666666666667,7.115306166954443,10.576530834772214,-1.1267965525251502,0.0,75.0,100.0,51.069812958549164
8905,裕國,其他業,25.3,2023-04-28,2022Q4,0.0,0.0,-54.94,0.0,126.78000000000002,100.0,6.401596636014006,7.007983180070032,3.0400621118012423,100.0,71.0,100.0,51.051197477010504
8467,波力-KY,運動休閒,60.9,2023-04-28,2022Q4,7.42,71.97686645636172,314.65,100.0,0.0,0.0,20.102854501329016,75.51427250664509,0.41777578925113945,0.0,50.0694163648575,75.17354091214375,51.04218161284731
1735,日勝化,化學工業,17.5,2023-04-28,2022Q4,50.0,0.0,250.0,100.0,-29.16333333333333,0.0,-0.1113556750307978,0.0,9.68193694973019,100.0,44.1300892753336,60.32522318833401,51.0325223188334
1582,信錦,電子零組件業,59.7,2023-04-28,2022Q4,19.9,0.0,47.78,95.56,-33.00333333333333,0.0,3.5048065420228243,0.0,6.326174258033759,100.0,48.4496234411673,71.12405860291824,51.00240586029182
2337,旺宏,半導體業,32.2,2023-04-28,2022Q4,10.49,85.8017135862913,-25.15,0.0,-39.026666666666664,0.0,21.544514884683753,82.72257442341878,1.2994880027648408,100.0,62.7106942680965,100.0,50.988557522141946
8464,億豐,居家生活,337.5,2023-04-28,2022Q4,16.02,0.0,16.09,32.18,-12.533333333333333,0.0,25.44901751319244,100.0,1.121691343171104,88.81304902444343,70.3129898147017,100.0,50.807609804888685
8024,佑華,半導體業,24.3,2023-04-28,2022Q4,0.0,0.0,30.95,61.9,-48.38,0.0,11.870713098486172,34.35356549243086,1.3144525341346833,100.0,88.0,100.0,50.62803482386463
3266,昇陽,建材營造業,12.8,2023-04-28,2022Q4,22.46,0.0,128.0,100.0,296.5233333333333,100.0,6.400352637266704,7.001763186333521,-3.2945712045623656,0.0,38.1364044810167,45.34101120254174,50.5843655982042
6128,上福,電腦及週邊設備業,33.65,2023-04-28,2022Q4,6.33,100.0,101.52,100.0,-7.546666666666667,0.0,8.785425463252517,18.927127316262588,0.6758752094357723,25.12502991939604,50.7974878949135,76.99371973728375,50.56344705504697
2228,劍麟,汽車工業,82.1,2023-04-28,2022Q4,13.75,65.38461538461539,90.13,100.0,5.03,25.15,10.302198210474451,26.51099105237226,0.43435117877107315,0.0,68.1177830742821,100.0,50.54511019631738
3114,好德,電子零組件業,27.2,2023-04-28,2022Q4,0.0,0.0,46.05,92.1,-21.293333333333333,0.0,4.038681528432699,0.0,2.705147055301989,100.0,50.0,75.0,50.525
2221,大甲,其他業,42.85,2023-04-28,2022Q4,0.0,0.0,48.48,96.96,-20.51,0.0,19.832328108226147,74.16164054113074,0.6806227136247476,25.803244803535367,60.0,100.0,50.52489504187668
3023,信邦,電子零組件業,340.0,2023-04-28,2022Q4,26.21,0.0,22.2,44.4,23.046666666666667,100.0,10.879708125645957,29.398540628229785,0.8631672460114429,51.88103514449185,38.3095863004047,45.77396575101176,50.463384698234016
8462,柏文,運動休閒,151.0,2023-04-28,2022Q4,169.66,0.0,149.74,100.0,5.443333333333334,27.216666666666672,3.990153069415703,0.0,16.730615406280805,100.0,18.2009182039897,0.0,50.443333333333335
8074,鉅橡,電子零組件業,21.0,2023-04-28,2022Q4,0.0,0.0,269.15,100.0,-26.146666666666665,0.0,28.982598954932843,100.0,0.575289136022811,10.755590860401565,53.0,82.5,50.40111817208032
6196,帆宣,其他電子業,129.5,2023-04-28,2022Q4,11.42,57.07892595606183,37.62,75.24,47.68666666666667,100.0,5.690763485337456,3.45381742668728,0.6310509433851312,18.721563340733034,26.4813418654902,16.203354663725502,50.40061334412843
2441,超豐,半導體業,53.9,2023-04-28,2022Q4,13.05,70.13463892288861,-31.4,0.0,-35.35,0.0,22.837676687015907,89.18838343507953,2.022621710559648,100.0,85.566257037066,100.0,50.39172140755079
3090,日電貿,電子零組件業,57.2,2023-04-28,2022Q4,8.17,87.27447216890594,74.73,100.0,-15.17,0.0,8.547497018646878,17.73748509323439,0.63999946238185,19.999923197407146,70.5052702812215,100.0,50.38805462035718
2412,中華電,通信網路業,127.0,2023-04-28,2022Q4,27.02,11.329227610982805,1.95,3.9,5.723333333333334,28.616666666666667,21.604251401940452,83.02125700970227,2.082148233207977,100.0,72.8548061590904,100.0,50.28444464588695
5007,三星,鋼鐵工業,52.4,2023-04-28,2022Q4,14.56,67.22569641841956,8.11,16.22,-12.623333333333335,0.0,17.66508919145696,63.3254459572848,1.4350402258797967,100.0,79.9966067068265,100.0,50.276386535434675
3679,新至陞,電子零組件業,89.8,2023-04-28,2022Q4,7.98,88.73320537428023,16.7,33.4,-24.439999999999998,0.0,11.622358754447955,33.11179377223977,1.795201249078762,100.0,52.2193032783891,80.54825819597275,50.24491542286127
2812,台中銀,金融保險業,14.1,2023-04-28,2022Q4,13.18,71.36038186157518,6.67,13.34,22.003333333333334,100.0,43.9539915792356,100.0,0.6653041939820796,23.614884854582805,8.56841720941152,0.0,50.194015157074084
5608,四維航,航運業,25.1,2023-04-28,2022Q4,4.57,100.0,-15.08,0.0,-46.156666666666666,0.0,42.1206337937045,100.0,1.871536722595707,100.0,40.3697703040753,50.92442576018825,50.092442576018826
6257,矽格,半導體業,52.1,2023-04-28,2022Q4,9.76,90.26927784577722,6.88,13.76,-21.373333333333335,0.0,20.469730284746536,77.34865142373269,2.7056719035632986,100.0,43.8634638221355,59.65865955533876,50.035091453671505
2612,中航,航運業,40.65,2023-04-28,2022Q4,10.48,87.39545997610513,-26.38,0.0,-7.846666666666667,0.0,21.070367589652513,80.35183794826256,2.536229103112848,100.0,56.9277552045458,92.3193880113645,50.02426049098634
8926,台汽電,油電燃氣業,48.5,2023-04-28,2022Q4,31.49,26.19422056221743,1.32,2.64,25.48,100.0,5.051852895800942,0.2592644790047105,1.9733263194577702,100.0,46.8178320334396,67.044580083599,50.022769736432345
2114,鑫永銓,橡膠工業,100.0,2023-04-28,2022Q4,19.88,50.0,-59.5,0.0,-19.30333333333333,0.0,32.33074479063682,100.0,2.1027882164751985,100.0,84.1469090921319,100.0,50.0
2641,正德,航運業,18.9,2023-04-28,2022Q4,0.0,0.0,178.12,100.0,-30.923333333333336,0.0,43.24376648404273,100.0,0.2799194631501722,0.0,67.0,100.0,50.0
5306,桂盟,運動休閒,145.0,2023-04-28,2022Q4,9.51,50.0,-4.27,0.0,-30.853333333333335,0.0,32.88216615331346,100.0,1.3647853515253106,100.0,60.4548078021882,100.0,50.0
4205,中華食,食品工業,106.0,2023-04-28,2022Q4,0.0,0.0,5.59,11.18,8.743333333333334,43.71666666666667,23.94109393868314,94.7054696934157,0.9985342813726157,71.21918305323082,83.0,100.0,49.98799039799185
4974,亞泰,電子零組件業,68.0,2023-04-28,2022Q4,0.0,0.0,35.95,71.9,-10.09,0.0,12.599452629127118,37.99726314563559,1.0698655322207746,81.40936174582495,74.0,100.0,49.95646182101033
5536,聖暉*,其他電子業,135.5,2023-04-28,2022Q4,0.0,0.0,59.77,100.0,7.243333333333332,36.21666666666666,11.75601068345789,33.780053417289444,0.8723065590273144,53.186651289616336,28.0,20.0,49.94767160385002
2501,國建,建材營造業,16.9,2023-04-28,2022Q4,16.25,31.60291438979963,42.47,84.94,176.34666666666666,100.0,8.788849178869697,18.944245894348484,-0.44656961007626583,0.0,30.7186045561233,26.796511390308247,49.91657946216306
2480,敦陽科,資訊服務業,101.5,2023-04-28,2022Q4,14.14,84.89871086556168,15.17,30.34,9.64,48.2,11.942526335656364,34.71263167828182,0.9189821143652294,59.85458776646134,48.020649945654,70.051624864135,49.89784587800421
3042,晶技,電子零組件業,85.2,2023-04-28,2022Q4,9.4,77.83109404990402,-9.94,0.0,-27.723333333333333,0.0,21.346094151964724,81.73047075982363,1.1942356881330414,99.17652687614877,62.8333821296036,100.0,49.87798539419371
3059,華晶科,光電業,33.35,2023-04-28,2022Q4,20.21,45.01298701298702,96.47,100.0,-36.45666666666667,0.0,3.1579406595062602,0.0,0.9103388784040005,58.619839772000084,54.5858008300212,86.46450207505299,49.87171686320402
6160,欣技,電腦及週邊設備業,31.1,2023-04-28,2022Q4,0.0,0.0,-9.62,0.0,67.48333333333333,100.0,2.1084897636017623,0.0,3.6377503565449247,100.0,59.0,97.5,49.75
6220,岳豐,電子零組件業,28.3,2023-04-28,2022Q4,0.0,0.0,672.37,100.0,-26.310000000000002,0.0,-3.1744829432870993,0.0,1.7877982137657988,100.0,39.0,47.5,49.75
4510,高鋒,電機機械,14.4,2023-04-28,2022Q4,0.0,0.0,239.39,100.0,-27.593333333333334,0.0,2.5686345371536814,0.0,3.4643878689522265,100.0,39.0,47.5,49.75
4433,興采,紡織纖維,36.4,2023-04-28,2022Q4,0.0,0.0,107.44,100.0,-17.996666666666666,0.0,4.392427025701634,0.0,2.752099592037854,100.0,39.0,47.5,49.75
3284,太普高,其他業,16.5,2023-04-28,2022Q4,0.0,0.0,153.49,100.0,13.786666666666667,68.93333333333334,6.221402084498143,6.107010422490715,-4.95703278780721,0.0,61.0,100.0,49.702718230040276
6613,朋億*,其他電子業,100.0,2023-04-28,2022Q4,0.0,0.0,40.26,80.52,-1.0600000000000012,0.0,13.761693698218652,43.80846849109326,1.4943997107584306,100.0,32.0,30.0,49.70127027366399
6221,晉泰,資訊服務業,64.0,2023-04-28,2022Q4,0.0,0.0,55.08,100.0,18.633333333333336,93.16666666666669,7.307992450276814,11.539962251384068,-0.8630476108975104,0.0,37.0,42.5,49.614327671040954
3043,科風,其他電子業,42.25,2023-04-28,2022Q4,15.88,20.78925956061837,4533.33,100.0,69.74333333333333,100.0,3.626404939053348,0.0,0.19977596662675268,0.0,29.9109931672716,24.777482918178997,49.55667424787974
6425,易發,電機機械,20.95,2023-04-28,2022Q4,0.0,0.0,144.44,100.0,-60.03333333333333,0.0,1.8923393474588264,0.0,1.4148453776706564,100.0,38.0,45.0,49.5
3632,研勤,通信網路業,14.45,2023-04-28,2022Q4,0.0,0.0,109.86,100.0,47.03333333333333,100.0,-1.2618288207717654,0.0,-1.9124087591240877,0.0,38.0,45.0,49.5
4577,達航科技,其他電子業,31.15,2023-04-28,2022Q4,0.0,0.0,31.6,63.2,-32.800000000000004,0.0,10.571599341638787,27.857996708193937,2.9749812456014166,100.0,58.0,95.0,49.47869950622909
2606,裕民,航運業,54.4,2023-04-28,2022Q4,10.44,87.63440860215054,-10.02,0.0,-4.8566666666666665,0.0,30.62178361141072,100.0,1.425656947100932,100.0,42.7932144904398,56.9830362260995,49.461744482825004
5289,宜鼎,電腦及週邊設備業,299.0,2023-04-28,2022Q4,0.0,0.0,16.69,33.38,-12.68,0.0,19.79438678884066,73.9719339442033,1.359371393949483,100.0,75.0,100.0,49.44079009163049
2906,高林,貿易百貨業,17.2,2023-04-28,2022Q4,27.74,50.0,44.19,88.38,-9.296666666666665,0.0,5.036031015192243,0.18015507596121694,7.621021710972676,100.0,29.2407319100492,23.101829775122997,49.43220623890648
4953,緯軟,資訊服務業,122.5,2023-04-28,2022Q4,0.0,0.0,20.55,41.1,12.533333333333331,62.66666666666666,7.0804512732979195,10.402256366489597,1.0209508446378757,74.42154923398225,61.0,100.0,49.25298163510322
2230,泰茂,電機機械,83.8,2023-04-28,2022Q4,0.0,0.0,4062.5,100.0,-3.713333333333333,0.0,30.099508899097305,100.0,0.49936286575858546,0.0,57.0,92.5,49.25
8038,長園科,電子零組件業,50.5,2023-04-28,2022Q4,0.0,0.0,80.0,100.0,625.26,100.0,-13.694356580774572,0.0,0.0,0.0,37.0,42.5,49.25
6240,松崗,資訊服務業,23.3,2023-04-28,2022Q4,0.0,0.0,89.38,100.0,194.28333333333333,100.0,-76.69927582264006,0.0,-0.37740905929047835,0.0,37.0,42.5,49.25
8424,惠普,建材營造業,69.8,2023-04-28,2022Q4,0.0,0.0,12.8,25.6,-1.5366666666666677,0.0,21.842482035504702,84.21241017752351,1.2020060971709978,100.0,86.0,100.0,49.031861526628525
6556,勝品,光電業,131.5,2023-04-28,2022Q4,0.0,0.0,122.2,100.0,0.11000000000000061,0.550000000000003,14.500462380681146,47.50231190340573,0.7988806219079287,42.69723170113268,53.0,82.5,49.02479312573739
6148,驊宏資,資訊服務業,36.65,2023-04-28,2022Q4,0.0,0.0,-15.31,0.0,73.96333333333334,100.0,5.185612457680201,0.9280622884010058,2.9281302787162162,100.0,55.0,87.5,48.88920934326015
6122,擎邦,電機機械,30.15,2023-04-28,2022Q4,0.0,0.0,132.47,100.0,100.02,100.0,5.502795204873223,2.513976024366116,-4.551766903597367,0.0,34.0,35.0,48.87709640365492
3516,亞帝歐,光電業,17.65,2023-04-28,2022Q4,0.0,0.0,27.91,55.82,5.876666666666665,29.38333333333333,0.3807956663560112,0.0,2.4185397808051543,100.0,56.0,90.0,48.83166666666666
3138,耀登,通信網路業,153.5,2023-04-28,2022Q4,22.34,35.347703361560164,15.6,31.2,13.096666666666666,65.48333333333332,5.583517021441306,2.9175851072065306,1.0528747385255177,78.9821055036454,52.6640587486254,81.6601468715635,48.83151055678909
5520,力泰,建材營造業,55.3,2023-04-28,2022Q4,0.0,0.0,7.01,14.02,10.746666666666668,53.73333333333334,13.575267661349272,42.87633830674636,1.132697926734565,90.38541810493786,67.0,100.0,48.7602010336662
5903,全家,居家生活,210.0,2023-04-28,2022Q4,0.0,0.0,37.04,74.08,10.203333333333333,51.016666666666666,1.8539479449922318,0.0,5.564795180762166,100.0,10.0,0.0,48.72333333333333
3014,聯陽,半導體業,88.5,2023-04-28,2022Q4,11.71,78.33537331701346,-32.56,0.0,-18.026666666666667,0.0,25.912291264006065,100.0,1.0545252822552829,79.21789746504041,80.6577342838778,100.0,48.67711682470943
9928,中視,其他業,18.4,2023-04-28,2022Q4,167.27,0.0,123.91,100.0,3.6566666666666663,18.28333333333333,-5.933310770889859,0.0,11.359818554287386,100.0,11.497759890526,0.0,48.656666666666666
6194,育富,電子零組件業,26.65,2023-04-28,2022Q4,0.0,0.0,-53.85,0.0,18.646666666666665,93.23333333333332,-4.013461104385119,0.0,43.69373177842566,100.0,83.0,100.0,48.64666666666666
6743,安普新,其他電子業,59.3,2023-04-28,2022Q4,118.6,0.0,251.52,100.0,-37.92666666666667,0.0,1.8751097343987129,0.0,15.492308741306424,100.0,34.4613069426265,36.153267356566246,48.61532673565662
4545,銘鈺,電子零組件業,32.5,2023-04-28,2022Q4,15.48,31.151631477927054,81.03,100.0,9.273333333333333,46.36666666666667,7.329879293209678,11.64939646604839,-0.047593741503324516,0.0,57.8631536014954,94.65788400373849,48.601694351407154
3705,永信,生技醫療業,46.2,2023-04-28,2022Q4,14.67,90.04903964037597,13.72,27.440000000000005,-12.336666666666666,0.0,10.356891745349175,26.784458726745875,1.152806497941087,93.25807113444101,60.4072046971191,100.0,48.53418699993768
6156,松上,電子零組件業,21.05,2023-04-28,2022Q4,0.0,0.0,95.35,100.0,-19.18,0.0,3.4351951483353673,0.0,2.0150986471532395,100.0,34.0,35.0,48.5
8436,大江,生技醫療業,207.5,2023-04-28,2022Q4,0.0,0.0,-53.99,0.0,13.376666666666667,66.88333333333334,13.805584489985486,44.02792244992743,1.3393749632092211,100.0,54.0,85.0,48.48085503415578
1580,新麥,電機機械,105.0,2023-04-28,2022Q4,0.0,0.0,-34.06,0.0,11.63,58.15,14.04354964373346,45.217748218667296,1.7688378905959847,100.0,70.0,100.0,48.412662232800095
4746,台耀,生技醫療業,83.2,2023-04-28,2022Q4,24.47,50.0,-68.86,0.0,13.633333333333333,68.16666666666666,4.341756110204637,0.0,1.5709584985306295,100.0,58.9821447631987,97.45536190799675,48.37886952413301
3624,光頡,電子零組件業,74.5,2023-04-28,2022Q4,0.0,0.0,23.51,47.02,-22.560000000000002,0.0,20.204403385954897,76.02201692977448,1.0312288624857375,75.8898374979625,81.0,100.0,48.336270039058675
2889,國票金,金融保險業,12.35,2023-04-28,2022Q4,33.38,0.0,-66.94,0.0,13.309999999999997,66.54999999999998,38.60066049831241,100.0,6.543494599278247,100.0,10.2377127057892,0.0,48.309999999999995
4563,百德,電機機械,39.5,2023-04-28,2022Q4,0.0,0.0,158.93,100.0,-7.579999999999999,0.0,2.49156622962379,0.0,1.6037049622982888,100.0,33.0,32.5,48.25
8917,欣泰,油電燃氣業,70.0,2023-04-28,2022Q4,0.0,0.0,12.44,24.88,5.79,28.95,17.242428998074967,61.21214499037484,1.5543727289774998,100.0,48.0,70.0,48.19182174855622
9907,統一實,其他業,20.75,2023-04-28,2022Q4,14.61,60.147601476014756,21.37,42.74,-12.133333333333335,0.0,6.943715633845963,9.718578169229817,3.187067342640813,100.0,60.3128496984885,100.0,48.157546872985954
2327,國巨*,電子零組件業,496.0,2023-04-28,2022Q4,9.11,80.05758157389636,-4.14,0.0,-13.153333333333334,0.0,23.939629320011225,94.69814660005612,1.452253308500288,100.0,43.7773027626343,59.44325690658575,48.154805838056625
5244,弘凱,光電業,30.8,2023-04-28,2022Q4,11.98,87.76623376623375,-48.91,0.0,-24.0,0.0,19.160406232609905,70.80203116304953,1.1558472074963464,93.69245821376377,84.2680770672746,100.0,48.13541969383356
1530,亞崴,電機機械,32.9,2023-04-28,2022Q4,8.96,90.40571998669769,171.85,100.0,-9.666666666666668,0.0,9.618557163208589,23.092785816042944,0.6265463386259223,18.078048375131768,47.8912358700892,69.72808967522299,48.09290851362486
6781,AES-KY,電子零組件業,685.0,2023-04-28,2022Q4,18.18,10.42226487523994,24.82,49.64,0.0,0.0,26.235868706189734,100.0,0.8369610785374906,48.137296933927225,65.2882328220862,100.0,48.07968587430943
2008,高興昌,鋼鐵工業,19.7,2023-04-28,2022Q4,35.18,0.0,166.67,100.0,-1.6433333333333333,0.0,6.248674445658815,6.243372228294075,1.1102028809812452,87.17184014017789,38.7837546340693,46.95938658517324,48.066812520797015
6591,動力-KY,電腦及週邊設備業,50.6,2023-04-28,2022Q4,7.66,98.38274932614554,1.02,2.04,0.0,0.0,15.663745306248448,53.318726531242234,2.4212943503249815,100.0,58.6652375023145,96.66309375578625,48.01239328787952
8941,關中,居家生活,58.6,2023-04-28,2022Q4,0.0,0.0,92.78,100.0,-32.18666666666667,0.0,2.671028836710361,0.0,1.8719440879970075,100.0,32.0,30.0,48.0
4729,熒茂,光電業,16.4,2023-04-28,2022Q4,0.0,0.0,155.56,100.0,-8.736666666666666,0.0,4.583606480614347,0.0,4.406369624176675,100.0,32.0,30.0,48.0
6117,迎廣,電腦及週邊設備業,15.1,2023-04-28,2022Q4,24.35,0.0,163.27,100.0,-22.876666666666665,0.0,0.49256276108745844,0.0,6.378428255586618,100.0,31.9508251128043,29.87706278201075,47.987706278201074
3088,艾訊,電腦及週邊設備業,75.2,2023-04-28,2022Q4,0.0,0.0,45.73,91.46,10.860000000000001,54.300000000000004,11.009805816045652,30.049029080228262,0.39937640735633556,0.0,59.0,97.5,47.98235436203424
2420,新巨,電子零組件業,44.65,2023-04-28,2022Q4,10.08,72.61036468330134,15.97,31.94,-11.79,0.0,26.427999659371544,100.0,0.76854626189451,38.36375169921572,65.5503786558759,100.0,47.91878680817328
8070,長華*,電子通路業,33.3,2023-04-28,2022Q4,10.44,39.69889064976228,24.41,48.82,-26.09,0.0,15.66604108267403,53.330205413370145,2.524957274595183,100.0,34.9675009403324,37.418752350831,47.91629511206485
1418,東華,紡織纖維,15.55,2023-04-28,2022Q4,38.88,0.0,112.9,100.0,459.52,100.0,-385.99787992676113,0.0,-5.128248613466563,0.0,31.6359420385317,29.08985509632925,47.90898550963293
9926,新海,油電燃氣業,52.0,2023-04-28,2022Q4,20.63,68.89129152742285,0.8,1.6,1.8033333333333335,9.016666666666667,21.320171442010448,81.60085721005224,2.125582516115911,100.0,46.2153243763704,65.538310940926,47.88642216167605
3374,精材,半導體業,98.0,2023-04-28,2022Q4,0.0,0.0,5.64,11.28,-20.23,0.0,31.79986489557344,100.0,1.5155489440127115,100.0,78.0,100.0,47.82
2756,聯發國際,觀光餐旅,143.5,2023-04-28,2022Q4,0.0,0.0,14.65,29.299999999999997,5.04,25.2,23.03896797986821,90.19483989934105,0.9610608899779668,65.86584142542384,55.0,87.5,47.817394269985925
4192,杏國,生技醫療業,19.8,2023-04-28,2022Q4,0.0,0.0,59.41,100.0,13.450000000000003,67.25000000000001,-1207.4982657501419,0.0,0.0,0.0,57.0,92.5,47.7
2328,廣宇,電子零組件業,37.6,2023-04-28,2022Q4,14.75,36.75623800383878,36.36,72.72,3.4333333333333336,17.166666666666668,6.936087204568323,9.680436022841613,0.9613836601653193,65.91195145218848,50.7747189543523,76.93679738588075,47.61709256616922
1603,華電,電器電纜,26.5,2023-04-28,2022Q4,12.8,61.66321601104209,16.29,32.58,37.75,100.0,9.347737352612413,21.738686763062063,0.32284234577303883,0.0,63.7681945909457,100.0,47.57212461556352
8481,政伸,其他業,57.8,2023-04-28,2022Q4,13.05,69.74169741697416,-27.38,0.0,-23.070000000000004,0.0,26.312832606897235,100.0,1.0454488437768037,77.92126339668624,83.7026730720174,100.0,47.55842242103466
2729,瓦城,觀光餐旅,232.0,2023-04-28,2022Q4,0.0,0.0,-48.58,0.0,22.006666666666664,100.0,3.7054637480675923,0.0,5.223265726308945,100.0,50.0,75.0,47.5
6140,訊達,資訊服務業,22.6,2023-04-28,2022Q4,0.0,0.0,91.8,100.0,-4.41,0.0,0.9182930925905084,0.0,3.281383708726891,100.0,30.0,25.0,47.5
6464,台數科,其他業,90.3,2023-04-28,2022Q4,13.34,67.9581795817958,-18.68,0.0,-0.49333333333333335,0.0,33.29452440867243,100.0,1.4692956650144804,100.0,42.7395345043949,56.848836260987255,47.48070158427831
2618,長榮航,航運業,26.85,2023-04-28,2022Q4,20.34,28.494623655913976,2.29,4.58,47.660000000000004,100.0,7.096465455032801,10.482327275164005,8.905505324200828,100.0,27.520440399878,18.801100999695002,47.4469215568355
8463,潤泰材,其他業,24.7,2023-04-28,2022Q4,98.8,0.0,136.23,100.0,65.48333333333333,100.0,3.206834267828461,0.0,-2.4459955914768554,0.0,29.7718608349069,24.429652087267247,47.442965208726726
8084,巨虹,電子通路業,108.5,2023-04-28,2022Q4,0.0,0.0,200.0,100.0,15.686666666666667,78.43333333333334,-9.017035542909795,0.0,0.6137163362714699,16.245190895924278,34.0,35.0,47.435704845851525
2855,統一證,金融保險業,16.65,2023-04-28,2022Q4,33.3,0.0,-81.82,0.0,959.04,100.0,11.123849846348529,30.619249231742646,10.214901119873645,100.0,31.3192349332858,28.298087333214493,47.42269611808285
1618,合機,電器電纜,18.75,2023-04-28,2022Q4,14.53,49.72394755003451,24.04,48.08,18.24,91.19999999999999,7.80893251389814,14.044662569490699,-0.3992268529529138,0.0,89.0086718087359,100.0,47.33909414042705
3546,宇峻,文化創意業,81.0,2023-04-28,2022Q4,0.0,0.0,11.81,23.62,-6.713333333333334,0.0,20.12435294667359,75.62176473336794,1.2017994858611825,100.0,79.0,100.0,47.24826471000519
8476,台境,綠能環保,64.0,2023-04-28,2022Q4,0.0,0.0,1567.35,100.0,-49.27,0.0,21.294617804791617,81.4730890239581,-0.07402305746210043,0.0,60.0,100.0,47.22096335359372
3665,貿聯-KY,其他電子業,263.0,2023-04-28,2022Q4,10.72,62.774613506916175,64.39,100.0,0.0,0.0,10.317646737771971,26.58823368885986,0.7241122556912031,32.016036527314725,42.0703891585118,55.175972896279504,47.186500999111495
1737,臺鹽,食品工業,33.45,2023-04-28,2022Q4,15.7,76.08286252354048,8.12,16.24,-2.823333333333333,0.0,12.315949133372833,36.57974566686416,1.3608707675578386,100.0,79.4140190309737,100.0,47.15524810238367
2344,華邦電,半導體業,25.95,2023-04-28,2022Q4,7.98,100.0,-4.97,0.0,-34.10666666666666,0.0,17.491397156388476,62.456985781942386,1.214199091602838,100.0,51.1296932528323,77.82423313208075,47.15097118049943
9917,中保科,其他業,108.5,2023-04-28,2022Q4,18.61,35.54735547355472,2.09,4.18,8.916666666666666,44.58333333333333,16.04470665530627,55.223533276531356,1.1550097508823105,93.57282155461579,46.487060323492,66.21765080873001,47.136261597298
1259,安心,觀光餐旅,73.0,2023-04-28,2022Q4,0.0,0.0,30.94,61.88,7.326666666666665,36.633333333333326,2.104969915028513,0.0,7.899126345635186,100.0,37.0,42.5,47.04666666666667
3226,至寶電,電機機械,58.9,2023-04-28,2022Q4,0.0,0.0,38.27,76.54,-38.61000000000001,0.0,12.470944120016828,37.35472060008414,0.9305866224114294,61.51237463020421,66.0,100.0,47.040683016053464
2408,南亞科,半導體業,67.8,2023-04-28,2022Q4,14.36,62.11750305997552,-36.22,0.0,-67.79666666666667,0.0,19.318752411558627,71.59376205779313,1.4420749227496679,100.0,89.478764263984,100.0,46.95081461466653
4961,天鈺,半導體業,158.0,2023-04-28,2022Q4,14.85,59.118727050183594,-51.26,0.0,-33.28666666666667,0.0,19.658213681869167,73.29106840934584,1.8358987670935731,100.0,68.333925413321,100.0,46.90553296642024
2734,易飛網,觀光餐旅,32.6,2023-04-28,2022Q4,0.0,0.0,44.98,89.96,830.4733333333334,100.0,-15.132313032937061,0.0,0.0,0.0,37.0,42.5,46.739999999999995
3701,大眾控,電腦及週邊設備業,59.5,2023-04-28,2022Q4,26.92,0.0,68.94,100.0,5.543333333333334,27.71666666666667,3.4129671721786714,0.0,0.9630805717044095,66.15436738634422,31.7637512299606,29.409378074901504,46.71514461809233
9908,大台北,油電燃氣業,31.7,2023-04-28,2022Q4,20.45,69.59897778651467,-11.43,0.0,4.0633333333333335,20.316666666666666,18.059153732813872,65.29576866406937,1.0562391881205744,79.46274116008206,64.8702511322141,100.0,46.71014464361161
8076,伍豐,電腦及週邊設備業,28.65,2023-04-28,2022Q4,0.0,0.0,111.54,100.0,-9.673333333333334,0.0,4.692499477894976,0.0,0.907866393127324,58.26662758961771,60.0,100.0,46.65332551792354
4562,穎漢,電機機械,16.2,2023-04-28,2022Q4,0.0,0.0,93.03,100.0,15.366666666666665,76.83333333333333,-8.586853135843933,0.0,0.0,0.0,45.1455822014586,62.86395550364651,46.65306221703132
3577,泓格,電腦及週邊設備業,80.4,2023-04-28,2022Q4,0.0,0.0,35.84,71.68,4.323333333333334,21.61666666666667,22.910856848533903,89.55428424266951,0.5332099971471302,4.744285306732892,76.0,100.0,46.625333031080345
4527,方土霖,電機機械,31.5,2023-04-28,2022Q4,0.0,0.0,35.35,70.7,22.593333333333334,100.0,7.402180711756515,12.010903558782573,0.418876135773306,0.0,48.0,70.0,46.47663553381739
1203,味王,食品工業,38.2,2023-04-28,2022Q4,14.52,81.63841807909604,39.89,79.78,3.4433333333333334,17.216666666666665,13.047507053809088,40.237535269045445,0.2956686643342778,0.0,55.3359645458249,88.33991136456225,46.42179656805598
8081,致新,半導體業,181.0,2023-04-28,2022Q4,8.06,100.0,-11.75,0.0,-30.206666666666667,0.0,25.101792382020122,100.0,0.8983148815774303,56.90212593963291,71.4738953510145,100.0,46.38042518792658
2890,永豐金,金融保險業,16.7,2023-04-28,2022Q4,11.93,78.81861575178996,-1.41,0.0,3.4899999999999998,17.45,41.07186897379735,100.0,6.079275421339515,100.0,5.94951031476263,0.0,46.371861575179
4542,科嶠,電子零組件業,28.0,2023-04-28,2022Q4,0.0,0.0,-96.4,0.0,94.29,100.0,-4.145795064240368,0.0,99.24565560821485,100.0,45.0,62.5,46.25
4919,新唐,半導體業,133.0,2023-04-28,2022Q4,13.22,69.09424724602202,38.38,76.76,-16.903333333333332,0.0,10.694171386200551,28.470856931002757,0.8106756748112254,44.38223925874649,47.6665090983492,69.166272745873,46.163128390589215
2543,皇昌,建材營造業,9.4,2023-04-28,2022Q4,9.22,82.82331511839708,-34.62,0.0,17.78666666666667,88.93333333333334,4.14439793947199,0.0,5.531773196642458,100.0,20.1658322576528,0.4145806441319966,46.110456242919575
3021,鴻名,電子零組件業,21.7,2023-04-28,2022Q4,11.3,63.24376199616123,41.18,82.36,-23.94333333333333,0.0,7.519656188142626,12.59828094071313,0.8583566790453233,51.193811292189054,48.2361138076553,70.59028451913825,46.101909051074735
1565,精華,生技醫療業,249.0,2023-04-28,2022Q4,0.0,0.0,7.5,15.0,-14.08,0.0,21.437937731175722,82.18968865587861,1.264160682358344,100.0,75.0,100.0,46.07845329838179
1514,亞力,電機機械,48.6,2023-04-28,2022Q4,22.6,0.0,40.52,81.04,23.383333333333336,100.0,6.446273208778345,7.231366043891726,0.4422686510845448,0.0,37.9978064309716,44.994516077429004,45.84415651432666
3576,聯合再生,光電業,20.75,2023-04-28,2022Q4,34.02,0.0,172.62,100.0,13.783333333333333,68.91666666666667,3.9300776034688547,0.0,-1.2253565918544185,0.0,48.0766186314436,70.19154657860899,45.80248799119423
5312,寶島科,生技醫療業,65.5,2023-04-28,2022Q4,0.0,0.0,-41.41,0.0,20.66,100.0,5.66810274249244,3.340513712462201,4.074077773729919,100.0,41.0,52.5,45.75107705686933
2402,毅嘉,電子零組件業,28.35,2023-04-28,2022Q4,23.62,0.0,60.0,100.0,9.836666666666666,49.18333333333333,4.758674021109336,0.0,0.5318530414905136,4.5504344986448,61.64232951165,100.0,45.746753566395626
2444,兆勁,通信網路業,16.4,2023-04-28,2022Q4,13.9,78.66307415960995,883.33,100.0,4.9866666666666655,24.933333333333326,6.503530064498232,7.517650322491161,-0.3153429452454371,0.0,47.0611114848508,67.65277871212699,45.74589950221404
1218,泰山,食品工業,29.35,2023-04-28,2022Q4,2.41,100.0,897.54,100.0,0.6966666666666672,3.483333333333336,-3.5447321635060125,0.0,-0.0728058399981752,0.0,75.4306256696347,100.0,45.696666666666665
6415,矽力*-KY,半導體業,480.5,2023-04-28,2022Q4,30.33,0.0,3.71,7.42,0.0,0.0,25.287900354751798,100.0,1.1591609230482365,94.16584614974808,87.2119237837815,100.0,45.688169229949615
5904,寶雅,居家生活,574.0,2023-04-28,2022Q4,0.0,0.0,12.12,24.24,11.93,59.650000000000006,13.584673659383423,42.92336829691711,2.219835354133675,100.0,25.0,12.5,45.67850524453757
6569,醫揚,生技醫療業,108.5,2023-04-28,2022Q4,0.0,0.0,47.87,95.74,-20.456666666666667,0.0,9.08549521485504,20.4274760742752,0.7971452924917349,42.44932749881928,71.0,100.0,45.48898691090513
5511,德昌,建材營造業,36.35,2023-04-28,2022Q4,0.0,0.0,15.18,30.36,17.16333333333333,85.81666666666665,8.827742900188804,19.13871450094402,0.9667183090798429,66.67404415426329,38.0,45.0,45.45894933932759
6277,宏正,電腦及週邊設備業,85.8,2023-04-28,2022Q4,14.04,55.39083557951483,14.63,29.26,12.176666666666668,60.88333333333333,15.744506879021136,53.72253439510568,0.5823947909527073,11.770684421815329,65.6398638777958,100.0,45.44326726824707
3005,神基,電腦及週邊設備業,58.8,2023-04-28,2022Q4,13.84,56.73854447439353,-40.69,0.0,8.173333333333334,40.86666666666667,9.527664515969311,22.638322579846555,1.9916052281955803,100.0,52.5880885177807,81.47022129445173,45.389958297194845
3419,譁裕,通信網路業,20.45,2023-04-28,2022Q4,73.04,0.0,184.85,100.0,9.366666666666667,46.833333333333336,0.3801818836164928,0.0,0.5469366997726457,6.705242824663671,58.7195727808923,96.79893195223075,45.387608426822474
8150,南茂,半導體業,37.0,2023-04-28,2022Q4,7.97,100.0,-33.33,0.0,-31.63,0.0,13.678063724281229,43.390318621406145,2.5553082556389817,100.0,55.2076260245073,88.01906506126824,45.31045429933775
4532,瑞智,電機機械,17.85,2023-04-28,2022Q4,12.93,64.00066511473229,27.78,55.559999999999995,-28.776666666666667,0.0,3.168827591762883,0.0,1.2511982751230966,100.0,39.647341390927,49.11835347731749,45.20190185920498
6712,長聖,生技醫療業,213.0,2023-04-28,2022Q4,0.0,0.0,-45.87,0.0,0.09666666666666579,0.48333333333332895,45.22542995193717,100.0,1.5903275307153462,100.0,91.0,100.0,45.096666666666664
4987,科誠,電腦及週邊設備業,61.4,2023-04-28,2022Q4,0.0,0.0,42.0,84.0,-21.810000000000002,0.0,17.41765259791719,62.08826298958595,0.6670376504594221,23.862521494203158,75.0,100.0,45.08574374727852
2929,淘帝-KY,貿易百貨業,13.35,2023-04-28,2022Q4,10.94,100.0,118.97,100.0,0.0,0.0,-5.433327730115516,0.0,-0.8099829023778499,0.0,66.7339458341041,100.0,45.0
5701,劍湖山,觀光餐旅,8.15,2023-04-28,2022Q4,0.0,0.0,55.38,100.0,21.513333333333332,100.0,-9.30604298377867,0.0,0.0,0.0,18.0,0.0,45.0
5604,中連,其他業,49.75,2023-04-28,2022Q4,0.0,0.0,-87.41,0.0,-0.53,0.0,67.95802767202154,100.0,1.4124442621003876,100.0,82.0,100.0,45.0
6642,富致,電子零組件業,52.5,2023-04-28,2022Q4,0.0,0.0,-8.6,0.0,-24.78,0.0,25.6249419294895,100.0,1.3728800750672268,100.0,73.0,100.0,45.0
1236,宏亞,食品工業,23.55,2023-04-28,2022Q4,6.01,100.0,1664.0,100.0,-3.9499999999999997,0.0,0.2073361525106312,0.0,0.35696771942398553,0.0,71.1307944337345,100.0,45.0
4171,瑞基,農業科技業,58.0,2023-04-28,2022Q4,0.0,0.0,-41.15,0.0,-67.07000000000001,0.0,32.1783372910214,100.0,1.6157849794657015,100.0,66.0,100.0,45.0
4123,晟德,生技醫療業,50.8,2023-04-28,2022Q4,0.0,0.0,-94.59,0.0,156.3166666666667,100.0,37.00818785966795,100.0,-1.8576152461454176,0.0,76.0,100.0,45.0
2704,國賓,觀光餐旅,38.2,2023-04-28,2022Q4,12.86,100.0,1337.5,100.0,-15.723333333333334,0.0,-50.75701125443637,0.0,-2.0800421676061243,0.0,71.9896483483026,100.0,45.0
1906,寶隆,造紙工業,16.3,2023-04-28,2022Q4,5.76,100.0,131.97,100.0,-24.846666666666664,0.0,0.2367232646980099,0.0,0.4483114850872837,0.0,66.9510546025935,100.0,45.0
2739,寒舍,觀光餐旅,63.7,2023-04-28,2022Q4,0.0,0.0,53.05,100.0,48.223333333333336,100.0,-6.726998050967064,0.0,0.0,0.0,5.00814469260117,0.0,45.0
2025,千興,鋼鐵工業,5.35,2023-04-28,2022Q4,1.92,100.0,183.67,100.0,-69.02333333333333,0.0,-11.846805095340644,0.0,0.21675332444338552,0.0,96.7351630242325,100.0,45.0
2321,東訊,通信網路業,23.35,2023-04-28,2022Q4,75.32,0.0,78.38,100.0,-32.89666666666667,0.0,2.0437436318491624,0.0,8.754638515674984,100.0,11.1503973171976,0.0,45.0
3540,曜越,電腦及週邊設備業,40.75,2023-04-28,2022Q4,0.0,0.0,-85.9,0.0,58.800000000000004,100.0,-2.2427820148750004,0.0,3.8422200520833334,100.0,40.0,50.0,45.0
3526,凡甲,電子零組件業,134.0,2023-04-28,2022Q4,0.0,0.0,-15.91,0.0,-29.39333333333333,0.0,24.99790032200835,99.98950161004174,1.5261601989582845,100.0,61.0,100.0,44.99842524150626
6763,綠界科技,數位雲端,485.5,2023-04-28,2022Q4,0.0,0.0,3.01,6.02,7.333333333333333,36.666666666666664,28.319847596263596,100.0,1.0531404145177166,79.02005921681665,41.0,52.5,44.892345176696665
2423,固緯,其他電子業,35.5,2023-04-28,2022Q4,12.77,46.09438567941415,39.0,78.0,2.85,14.250000000000002,15.557781177820097,52.78890588910048,0.3935758092161972,0.0,66.0026417987086,100.0,44.877774451306486
7402,邑錡,光電業,71.7,2023-04-28,2022Q4,0.0,0.0,47.3,94.6,-36.77333333333333,0.0,8.109782020265662,15.548910101328312,0.8900789177001127,55.72555967144468,51.0,77.5,44.87744844948818
2385,群光,電子零組件業,97.0,2023-04-28,2022Q4,9.47,77.29366602687139,17.8,35.6,-21.11,0.0,9.000566729323845,20.002833646619226,2.236003809247466,100.0,40.9525690778476,52.381422694619,44.86793391914192
5474,聰泰,電腦及週邊設備業,84.1,2023-04-28,2022Q4,0.0,0.0,-18.12,0.0,-31.633333333333336,0.0,24.80599487315091,99.02997436575455,1.2589881134188556,100.0,83.0,100.0,44.854496154863185
1519,華城,電機機械,94.9,2023-04-28,2022Q4,29.56,0.0,189.19,100.0,1.2866666666666713,6.433333333333356,5.537893413095314,2.6894670654765696,0.9994834470425852,71.35477814894074,35.4149220738574,38.53730518464349,44.814772874740655
3567,逸昌,半導體業,30.05,2023-04-28,2022Q4,0.0,0.0,-23.62,0.0,-29.846666666666664,0.0,24.73932671504155,98.69663357520776,2.275331935709294,100.0,86.0,100.0,44.80449503628116
2428,興勤,電子零組件業,147.0,2023-04-28,2022Q4,13.71,44.74088291746641,-12.92,0.0,-3.1500000000000004,0.0,18.76124443682179,68.80622218410896,1.3597715297274122,100.0,64.0296323195484,100.0,44.795021619362984
3689,湧德,電子零組件業,38.0,2023-04-28,2022Q4,0.0,0.0,29.57,59.14,-8.360000000000001,0.0,4.898541233639893,0.0,2.533634519751231,100.0,60.0,100.0,44.785
1709,和益,化學工業,26.6,2023-04-28,2022Q4,11.72,87.75889537971322,14.07,28.139999999999997,-14.746666666666664,0.0,9.73172837284909,23.658641864245453,1.0396297754368042,77.08996791954347,62.3435193633437,100.0,44.777679401516835
6180,橘子,文化創意業,73.8,2023-04-28,2022Q4,0.0,0.0,15.71,31.42,-8.636666666666668,0.0,15.44220896677307,52.21104483386535,1.9307483964941674,100.0,56.0,90.0,44.6866567250798
3491,昇達科,通信網路業,165.5,2023-04-28,2022Q4,0.0,0.0,14.44,28.88,-2.476666666666666,0.0,15.915251147516004,54.57625573758003,1.550970479704797,100.0,57.0,92.5,44.656438360637004
6147,頎邦,半導體業,65.9,2023-04-28,2022Q4,0.0,0.0,-6.56,0.0,-31.853333333333335,0.0,24.478365551712137,97.3918277585607,1.6820055950602149,100.0,80.0,100.0,44.608774163784105
1731,美吾華,生技醫療業,21.4,2023-04-28,2022Q4,17.54,78.32039231712301,-1.61,0.0,6.699999999999998,33.49999999999999,15.995357821227929,54.97678910613965,0.9138231477476364,59.11759253537663,78.9353688215663,100.0,44.60207610470857
1432,大魯閣,運動休閒,15.55,2023-04-28,2022Q4,0.0,0.0,82.93,100.0,19.48,97.39999999999999,-0.5927755647449873,0.0,0.0,0.0,14.6074292196369,0.0,44.480000000000004
4552,力達-KY,電機機械,32.6,2023-04-28,2022Q4,8.49,93.53175922846691,22.68,45.36,0.0,0.0,12.799691838086593,38.99845919043297,0.776579753844221,39.51139340631728,77.3728846032056,100.0,44.44522348267509
6538,倉和,電子零組件業,108.5,2023-04-28,2022Q4,0.0,0.0,10.65,21.3,18.563333333333333,92.81666666666666,12.241515247449684,36.20757623724842,0.6781214607209713,25.445922960138766,68.0,100.0,44.40865436094835
4942,嘉彰,光電業,37.45,2023-04-28,2022Q4,8.27,100.0,-29.0,0.0,-36.32,0.0,10.859701376008507,29.298506880042535,2.242140812573459,100.0,77.5253049384969,100.0,44.39477603200638
8482,商億-KY,居家生活,76.2,2023-04-28,2022Q4,9.81,53.20670942279231,-2.51,0.0,0.0,0.0,17.090035728944983,60.450178644724915,1.709450193018746,100.0,72.8446050182478,100.0,44.38819773898796
2443,昶虹,,4.12,2023-04-28,2022Q4,8.58,92.80000000000001,165.75,100.0,0.0,0.0,-390.3707949384948,0.0,0.0,0.0,84.530328226758,100.0,44.28
8271,宇瞻,半導體業,51.5,2023-04-28,2022Q4,11.95,76.86658506731948,8.73,17.46,-15.316666666666668,0.0,7.890408529692107,14.452042648460534,3.2143398804562837,100.0,69.149171476225,100.0,44.21946490400103
6606,建德工業,電機機械,29.3,2023-04-28,2022Q4,19.8,18.307283006318585,-8.13,0.0,-7.399999999999999,0.0,21.440381734450426,82.20190867225213,1.6726680419818432,100.0,68.1278446651788,100.0,44.16101460146968
2745,五福,觀光餐旅,40.35,2023-04-28,2022Q4,0.0,0.0,41.27,82.54,2345.976666666667,100.0,-37.22459694599832,0.0,0.0,0.0,34.0,35.0,44.135000000000005
1451,年興,紡織纖維,22.9,2023-04-28,2022Q4,11.12,91.31926121372031,74.8,100.0,-23.89,0.0,3.5698213571237085,0.0,0.44770855609957416,0.0,82.9505077138997,100.0,44.13192612137203
1583,程泰,電機機械,66.7,2023-04-28,2022Q4,10.41,80.76155636847356,94.55,100.0,-12.61,0.0,12.744705426326236,38.72352713163118,0.5577149005631273,8.244985794732477,34.2727921278631,35.68198031965775,44.101879897504304
8083,瑞穎,電機機械,146.0,2023-04-28,2022Q4,0.0,0.0,2.18,4.36,-55.85999999999999,0.0,22.321927255414867,86.60963627707433,2.3512915904279135,100.0,63.0,100.0,44.08144544156115
4535,至興,電機機械,39.8,2023-04-28,2022Q4,0.0,0.0,17.5,35.0,-8.333333333333334,0.0,11.991576749153616,34.95788374576808,1.9380330665267025,100.0,74.0,100.0,43.993682561865214
6790,永豐實,造紙工業,38.5,2023-04-28,2022Q4,15.1,71.78192178192178,-39.86,0.0,3.8766666666666665,19.383333333333333,8.851638323293914,19.25819161646957,1.3765383036133272,100.0,64.3054961929498,100.0,43.943587587329276
4506,崇友,電機機械,74.1,2023-04-28,2022Q4,0.0,0.0,9.11,18.22,6.8500000000000005,34.25,18.09164961672174,65.4582480836087,0.9887662579668165,69.82375113811665,55.0,87.5,43.938487440164636
2530,華建,建材營造業,22.1,2023-04-28,2022Q4,40.93,0.0,380.0,100.0,-18.50333333333334,0.0,20.044166293516312,75.22083146758156,-6.259646807719218,0.0,50.5870340930903,76.46758523272575,43.92988324340981
5478,智冠,文化創意業,94.1,2023-04-28,2022Q4,0.0,0.0,0.88,1.76,10.15,50.75000000000001,16.09964647877577,55.49823239387885,1.950763793657948,100.0,40.0,50.0,43.91473485908183
6216,居易,通信網路業,26.5,2023-04-28,2022Q4,13.73,79.53554015909674,5.95,11.9,-45.00666666666667,0.0,14.902122568076079,49.5106128403804,1.0445590727618095,77.79415325168706,89.5246149462923,100.0,43.913976592304145
6412,群電,電子零組件業,85.5,2023-04-28,2022Q4,10.41,70.0767754318618,13.85,27.699999999999996,-20.61,0.0,9.539437750495482,22.69718875247741,1.5254834523656617,100.0,46.304368283639,65.7609207090975,43.91334792696754
4306,炎洲,塑膠工業,17.15,2023-04-28,2022Q4,10.03,93.1728045325779,17.01,34.02,-21.843333333333334,0.0,7.15859087136443,10.792954356822149,1.6834690979027314,100.0,37.7313979805415,44.328494951353754,43.874073101916494
6577,勁豐,電腦及週邊設備業,65.4,2023-04-28,2022Q4,0.0,0.0,19.81,39.62,-4.726666666666667,0.0,10.283929368672327,26.419646843361633,1.756634250865337,100.0,63.0,100.0,43.86794702650425
1529,樂事綠能,電機機械,42.0,2023-04-28,2022Q4,135.48,0.0,-67.02,0.0,309.27,100.0,26.63824950269963,100.0,-1.619676131322094,0.0,55.3500884257024,88.37522106425601,43.8375221064256
4935,茂林-KY,光電業,55.3,2023-04-28,2022Q4,6.87,100.0,-17.35,0.0,0.0,0.0,9.992208627772333,24.961043138861665,1.4565884687095698,100.0,69.7031214575159,100.0,43.74415647082925
6239,力成,半導體業,91.8,2023-04-28,2022Q4,7.9,100.0,0.52,1.04,-24.243333333333336,0.0,14.83200436666576,49.160021833328805,2.638808849820358,100.0,43.9516994735223,59.87924868380574,43.6219281433799
3051,力特,光電業,18.15,2023-04-28,2022Q4,6.88,100.0,-44.96,0.0,-38.03333333333333,0.0,11.447571897839689,32.23785948919844,1.680583986365235,100.0,55.1277474986832,87.819368746708,43.617615798050565
6585,鼎基,其他業,62.2,2023-04-28,2022Q4,16.2,50.3690036900369,-12.09,0.0,3.7166666666666663,18.583333333333332,11.470912223478566,32.35456111739283,1.3533043229488202,100.0,59.9809625730517,99.95240643262925,43.601991846542205
3596,智易,通信網路業,100.5,2023-04-28,2022Q4,11.0,93.54631768026687,6.98,13.96,7.066666666666666,35.333333333333336,4.663754464941713,0.0,1.256261313082543,100.0,34.5003952596626,36.25098814915649,43.536397249609
3522,御頂,觀光餐旅,14.45,2023-04-28,2022Q4,0.0,0.0,62.95,100.0,18.516666666666666,92.58333333333333,-29.30867167215049,0.0,0.0,0.0,16.0,0.0,43.516666666666666
6789,采鈺,半導體業,215.5,2023-04-28,2022Q4,38.48,0.0,-21.73,0.0,-29.706666666666667,0.0,22.789746294761308,88.94873147380655,2.4288572569295983,100.0,65.9768834686367,100.0,43.34230972107098
3402,漢科,其他電子業,52.2,2023-04-28,2022Q4,0.0,0.0,34.35,68.7,-8.016666666666666,0.0,10.178532257875462,25.892661289377312,4.486094366967673,100.0,29.0,22.5,43.308899193406596
2459,敦吉,其他電子業,56.9,2023-04-28,2022Q4,10.48,64.7274206672091,8.38,16.76,-1.1866666666666668,0.0,13.105285226940936,40.52642613470468,1.1707293249213777,95.81847498876826,49.4622074596212,73.655518649053,43.27095284958557
6261,久元,半導體業,64.7,2023-04-28,2022Q4,0.0,0.0,-20.93,0.0,-33.84666666666667,0.0,22.6861406917589,88.4307034587945,1.5217647334285513,100.0,79.0,100.0,43.264605518819174
6796,晉弘,生技醫療業,97.8,2023-04-28,2022Q4,46.35,0.0,-4.35,0.0,8.08,40.400000000000006,11.87122576122114,34.3561288061057,1.6035647467116068,100.0,77.0311369089852,100.0,43.23341932091586
3592,瑞鼎,半導體業,381.0,2023-04-28,2022Q4,7.48,100.0,-21.29,0.0,-52.35999999999999,0.0,15.936705213405705,54.68352606702853,1.0261574860395366,75.16535514850523,59.9686701282953,99.92167532073826,43.227767471829154
3044,健鼎,電子零組件業,115.0,2023-04-28,2022Q4,9.75,75.14395393474088,5.83,11.66,-17.349999999999998,0.0,10.289322045340436,26.446610226702177,2.071261956007216,100.0,55.082822046456,87.70705511614001,43.167092439093416
2520,冠德,建材營造業,29.7,2023-04-28,2022Q4,6.89,99.79963570127505,-33.38,0.0,-1.6066666666666656,0.0,18.731353547937232,68.65676773968616,1.1830779949063712,97.58257070091018,33.1463158069413,32.86578951735326,43.0815718229978
9951,皇田,電機機械,71.6,2023-04-28,2022Q4,0.0,0.0,3.19,6.38,8.843333333333334,44.21666666666667,8.506167173261053,17.530835866305267,1.3295345314730127,100.0,60.0,100.0,43.067958713279126
6168,宏齊,光電業,25.55,2023-04-28,2022Q4,14.04,77.06493506493507,1.11,2.22,-24.669999999999998,0.0,11.331901855643721,31.659509278218607,1.5019814777799987,100.0,79.0768208037895,100.0,43.010419898226296
2451,創見,半導體業,71.0,2023-04-28,2022Q4,12.41,74.0514075887393,-3.05,0.0,-24.48,0.0,12.429149463594106,37.14574731797053,2.082129888882732,100.0,90.8125910829962,100.0,42.97700285656951
3708,上緯投控,綠能環保,101.0,2023-04-28,2022Q4,10.9,85.42654028436019,371.64,100.0,-30.583333333333332,0.0,4.845573647483783,0.0,0.5935373076322616,13.362472518894522,46.6454440719359,66.61361017983974,42.8765095501989
5215,科嘉-KY,電腦及週邊設備業,48.0,2023-04-28,2022Q4,10.37,80.12129380053908,-47.26,0.0,0.0,0.0,11.336951031141329,31.684755155706647,2.2639156341052757,100.0,72.7877653190747,100.0,42.7648426534099
3611,鼎翰,電腦及週邊設備業,234.5,2023-04-28,2022Q4,0.0,0.0,22.96,45.92,8.866666666666667,44.333333333333336,15.787798995797372,53.93899497898686,0.6758450796914528,25.120725670207545,57.0,92.5,42.711661047556206
6449,鈺邦,電子零組件業,51.8,2023-04-28,2022Q4,13.45,46.73704414587332,9.46,18.92,-18.856666666666666,0.0,10.929829058936132,29.64914529468066,1.6115260968229954,100.0,55.3181340656655,88.29533516416375,42.680609725205805
8420,明揚,,88.5,2023-04-28,2022Q4,0.0,0.0,148.92,100.0,0.0,0.0,18.44609492056601,67.23047460283006,0.0,0.0,50.0,75.0,42.58457119042451
6191,精成科,電子零組件業,33.8,2023-04-28,2022Q4,6.44,100.0,-9.5,0.0,-16.07,0.0,10.832601784343138,29.163008921715694,2.0511833793042085,100.0,52.3946219650965,80.98655491274125,42.47310682953148
6024,群益期,金融保險業,43.4,2023-04-28,2022Q4,11.67,80.36992840095465,59.66,100.0,-23.246666666666666,0.0,17.57872400581727,62.893620029086364,0.39987465786713733,0.0,13.551022385224,0.0,42.47103584445842
1593,祺驊,運動休閒,77.8,2023-04-28,2022Q4,0.0,0.0,6.94,13.88,42.42333333333333,100.0,8.31784567202734,16.589228360136705,0.7265156986871734,32.359385526739054,63.0,100.0,42.430261359368316
2455,全新,通信網路業,96.5,2023-04-28,2022Q4,52.73,0.0,-36.15,0.0,-53.22333333333333,0.0,22.274678919308396,86.37339459654198,1.1813565669471737,97.33665242102482,69.8688204447539,100.0,42.423339673686264
1730,花仙子,化學工業,57.7,2023-04-28,2022Q4,14.39,73.57939458311205,-3.14,0.0,-2.0033333333333334,0.0,11.618410444531829,33.09205222265915,1.381221290903064,100.0,69.6406457473239,100.0,42.32174729171008
8942,森鉅,其他業,66.7,2023-04-28,2022Q4,0.0,0.0,1.02,2.04,4.970000000000001,24.85,18.118411928578492,65.59205964289247,2.2744485136771053,100.0,48.0,70.0,42.31880894643387
3669,圓展,通信網路業,43.25,2023-04-28,2022Q4,12.08,88.00359250705671,-49.0,0.0,-20.366666666666667,0.0,9.688633741030166,23.443168705150832,1.7210623904988296,100.0,69.2800356342796,100.0,42.3168345564783
2070,精湛,電機機械,32.4,2023-04-28,2022Q4,0.0,0.0,-12.78,0.0,8.086666666666668,40.43333333333334,10.636362582032604,28.181812910163018,2.8638592095594877,100.0,71.0,100.0,42.31393860319112
3169,亞信,半導體業,126.0,2023-04-28,2022Q4,0.0,0.0,5.05,10.1,-43.25666666666667,0.0,35.67814022865255,100.0,1.0168667452546492,73.83810646494989,86.0,100.0,42.29262129298998
5703,亞都,觀光餐旅,21.4,2023-04-28,2022Q4,0.0,0.0,31.07,62.13999999999999,59.31,100.0,-34.0926720384999,0.0,0.0,0.0,47.0,67.5,42.285
4440,宜新實業,紡織纖維,34.3,2023-04-28,2022Q4,11.83,87.5725593667546,-42.69,0.0,-37.57,0.0,16.222838151409626,56.114190757048135,1.0286665612873949,75.52379446962784,64.7691168909455,100.0,42.27914344415825
6799,來頡,半導體業,154.0,2023-04-28,2022Q4,20.78,22.82741738066094,0.93,1.86,-31.513333333333332,0.0,29.97968315210343,100.0,1.0083812187731194,72.62588839615991,83.9049852915032,100.0,42.27291941729808
1102,亞泥,水泥工業,43.95,2023-04-28,2022Q4,12.96,57.98722044728435,-22.77,0.0,5.663333333333335,28.316666666666674,9.487741063385489,22.438705316927443,1.2739785706130191,100.0,49.5976116711951,73.99402917798774,42.22726409339966
1229,聯華,食品工業,61.0,2023-04-28,2022Q4,23.19,40.819209039548014,-5.4,0.0,11.506666666666668,57.53333333333334,12.606733615303456,38.03366807651728,0.9403148990883222,62.9021284411889,53.384048485051,83.46012121262748,42.22007559159959
8349,矬,鋼鐵工業,65.4,2023-04-28,2022Q4,0.0,0.0,55.8,100.0,-6.25,0.0,5.240025584139228,1.200127920696139,0.9903580869656752,70.05115528081075,32.0,30.0,42.19025024426657
1506,正道,電機機械,20.7,2023-04-28,2022Q4,60.88,0.0,65.38,100.0,-1.7566666666666668,0.0,1.4435651855524352,0.0,0.7475397783962611,35.36282548518015,82.6099155009807,100.0,42.07256509703603
8403,盛弘,生技醫療業,40.6,2023-04-28,2022Q4,0.0,0.0,26.29,52.57999999999999,-12.893333333333333,0.0,8.196886152049295,15.984430760246477,2.185666755118287,100.0,46.0,65.0,42.042664614036966
8021,尖點,其他電子業,28.95,2023-04-28,2022Q4,12.37,49.34906427990236,-25.71,0.0,-32.833333333333336,0.0,14.420806745670008,47.10403372835004,2.3792502520730183,100.0,64.0876595339603,100.0,42.00051148724274
5283,禾聯碩,電器電纜,109.0,2023-04-28,2022Q4,10.68,76.29399585921325,-4.49,0.0,-28.866666666666664,0.0,10.777881898201414,28.889409491007072,1.5006823332711607,100.0,70.8378630869445,100.0,41.962811009572384
4743,合一,生技醫療業,241.0,2023-04-28,2022Q4,0.0,0.0,187.74,100.0,6.956666666666667,34.78333333333333,-22.659292724723475,0.0,-2.4473949579831933,0.0,94.0,100.0,41.95666666666666
6171,大城地產,建材營造業,21.8,2023-04-28,2022Q4,0.0,0.0,-17.22,0.0,-79.42333333333333,0.0,21.92493558027151,84.62467790135754,1.252259151478021,100.0,57.0,92.5,41.943701685203635
8103,瀚荃,電子零組件業,37.1,2023-04-28,2022Q4,8.83,82.20729366602687,-2.1,0.0,-32.026666666666664,0.0,9.96371357875232,24.818567893761596,3.2064800653979226,100.0,59.8400060282265,99.60001507056624,41.90351605772356
2427,三商電,資訊服務業,15.05,2023-04-28,2022Q4,14.47,83.3793738489871,28.4,56.8,12.423333333333334,62.11666666666667,6.396196843090479,6.980984215452395,-0.7933402759697995,0.0,43.5389882547228,58.84747063680701,41.8931654142306
6592,和潤企業,其他業,132.5,2023-04-28,2022Q4,20.67,22.878228782287803,15.41,30.820000000000004,26.786666666666665,100.0,20.846762992462892,79.23381496231447,-12.15406413943639,0.0,11.5447648818777,0.0,41.87789512257595
3094,聯傑,半導體業,34.0,2023-04-28,2022Q4,40.48,0.0,-1.18,0.0,-9.353333333333333,0.0,20.778599107753426,78.89299553876712,1.5854760904521157,100.0,89.2068252066912,100.0,41.83394933081507
3217,優群,電子零組件業,102.5,2023-04-28,2022Q4,0.0,0.0,-4.36,0.0,-20.03333333333333,0.0,20.690061026430985,78.45030513215492,1.436069503873608,100.0,80.0,100.0,41.767545769823236
6294,智基,文化創意業,109.5,2023-04-28,2022Q4,0.0,0.0,-11.06,0.0,-2.203333333333333,0.0,30.637087981725063,100.0,1.1820422822626724,97.43461175181035,49.0,72.5,41.73692235036207
4754,國碳科,化學工業,41.1,2023-04-28,2022Q4,0.0,0.0,-4.59,0.0,35.88,100.0,13.283425015932645,41.41712507966322,0.7013368283093053,28.76240404418648,59.0,97.5,41.71504957078678
1713,國化,化學工業,29.55,2023-04-28,2022Q4,15.63,66.99415825809876,81.73,100.0,-22.896666666666665,0.0,-1.2130375285672788,0.0,0.3873168991423815,0.0,94.0043778793465,100.0,41.69941582580988
3034,聯詠,半導體業,418.5,2023-04-28,2022Q4,11.8,77.7845777233782,-28.04,0.0,-34.18,0.0,29.765206430307266,100.0,0.8112670284461779,44.46671834945399,65.2138854597917,100.0,41.67180144222862
2511,太子,建材營造業,12.0,2023-04-28,2022Q4,13.19,53.89799635701276,-4.21,0.0,-51.51333333333334,0.0,15.44860440051507,52.243022002575344,3.9402116692666014,100.0,53.6344408392625,84.08610209815626,41.63486314590321
1443,立益物流,其他業,28.55,2023-04-28,2022Q4,17.1,44.83394833948338,1.21,2.42,-20.043333333333333,0.0,29.006371681415928,100.0,1.443551892692707,100.0,25.9662988982935,14.915747245733746,41.57996955852172
3152,璟德,通信網路業,208.0,2023-04-28,2022Q4,0.0,0.0,-73.19,0.0,-20.706666666666667,0.0,20.42528332430208,77.1264166215104,3.6807843023319156,100.0,86.0,100.0,41.56896249322656
8210,勤誠,電腦及週邊設備業,83.2,2023-04-28,2022Q4,10.05,82.277628032345,48.04,96.08,-19.54,0.0,10.812969603893878,29.06484801946939,0.4957909651191317,0.0,39.812956726264,49.53239181565999,41.56072918772091
1101,台泥,水泥工業,38.7,2023-04-28,2022Q4,52.3,0.0,-75.33,0.0,16.323333333333334,81.61666666666667,1.0200482743280317,0.0,1.1434825709012275,91.92608155731821,47.2852709997538,68.21317749938449,41.529867394735426
1595,川寶,電子零組件業,38.7,2023-04-28,2022Q4,0.0,0.0,23.41,46.82,-36.10333333333333,0.0,7.400528923447547,12.002644617237737,1.9322893323842416,100.0,52.0,80.0,41.505396692585656
3288,點晶,電子零組件業,21.7,2023-04-28,2022Q4,0.0,0.0,108.48,100.0,6.793333333333333,33.96666666666667,9.501946129747736,22.50973064873868,-0.5180259012950648,0.0,45.0,62.5,41.419792930644135
5434,崇越,電子通路業,186.5,2023-04-28,2022Q4,11.23,31.35235076597993,31.51,63.019999999999996,-0.5266666666666664,0.0,6.096564408597006,5.482822042985029,1.05468749482355,79.24107068907858,43.3719033710366,58.42975842759151,41.40384836362062
8401,白紗科,其他業,21.2,2023-04-28,2022Q4,0.0,0.0,13.27,26.539999999999996,0.9633333333333335,4.816666666666667,10.058098849414943,25.29049424707471,1.7748027354024198,100.0,68.0,100.0,41.39190747039454
2891,中信金,金融保險業,22.6,2023-04-28,2022Q4,14.49,63.544152744630054,-43.22,0.0,-58.053333333333335,0.0,33.78682961636418,100.0,3.0242881555866044,100.0,4.78591510402141,0.0,41.35441527446301
1536,和大,汽車工業,70.5,2023-04-28,2022Q4,31.61,0.0,81.3,100.0,9.926666666666666,49.633333333333326,7.343287690084635,11.716438450423174,-0.24185121434455525,0.0,38.6004795974372,46.501198993593,41.33425233358943
4999,鑫禾,電子零組件業,37.9,2023-04-28,2022Q4,13.58,45.73896353166986,13.52,27.04,-28.060000000000002,0.0,4.411843590972385,0.0,4.044952351286369,100.0,84.0495976307034,100.0,41.333896353166985
5011,久陽,鋼鐵工業,27.0,2023-04-28,2022Q4,0.0,0.0,73.56,100.0,-11.786666666666667,0.0,4.862185014560107,0.0,0.7557960793142141,36.54229704488773,56.0,90.0,41.30845940897755
9938,百和,其他業,55.8,2023-04-28,2022Q4,10.94,82.71832718327182,-26.19,0.0,-27.50333333333333,0.0,16.685209558027694,58.42604779013847,2.0177767838938183,100.0,37.0187129011641,42.546782252910255,41.29041811213898
6161,捷波,電腦及週邊設備業,34.95,2023-04-28,2022Q4,0.0,0.0,6.71,13.419999999999998,-42.98666666666666,0.0,15.566216748818325,52.83108374409162,1.587856184025871,100.0,81.0,100.0,41.27966256161375
8454,富邦媒,數位雲端,829.0,2023-04-28,2022Q4,52.74,47.731239092495635,4.73,9.46,9.81,49.050000000000004,4.142465853545707,0.0,1.5524351122946138,100.0,37.2631389686587,43.15784742164676,41.26390865141424
6683,雍智科技,半導體業,193.0,2023-04-28,2022Q4,0.0,0.0,-3.16,0.0,1.6833333333333333,8.416666666666666,29.219661608360788,100.0,1.0101931106086588,72.88473008695127,84.0,100.0,41.260279350723586
6187,萬潤,半導體業,61.3,2023-04-28,2022Q4,0.0,0.0,-7.38,0.0,-62.35999999999999,0.0,20.673869898026116,78.36934949013057,1.2070960385861627,100.0,58.0,95.0,41.255402423519584
2923,鼎固-KY,建材營造業,22.9,2023-04-28,2022Q4,67.35,0.0,-49.25,0.0,0.0,0.0,37.25435465105372,100.0,3.2680637581118854,100.0,44.8709231148046,62.17730778701149,41.21773077870115
2383,台光電,電子零組件業,163.5,2023-04-28,2022Q4,12.87,51.19001919385797,-7.64,0.0,-25.31,0.0,16.097327848753906,55.48663924376953,1.4780986084022587,100.0,50.8835835068653,77.20895876716325,41.16289368266755
6005,群益證,金融保險業,13.7,2023-04-28,2022Q4,35.13,0.0,-83.88,0.0,43.419999999999995,100.0,6.539959511170198,7.699797555850991,16.49433479358126,100.0,18.6541778487809,0.0,41.15496963337765
9925,新保,其他業,41.15,2023-04-28,2022Q4,16.39,49.20049200492003,0.4,0.8,0.31333333333333324,1.5666666666666662,12.81816973678485,39.09084868392424,1.7108413387817352,100.0,59.3920335809614,98.4800839524035,41.14501823165432
3703,欣陸,建材營造業,31.2,2023-04-28,2022Q4,8.89,85.22768670309652,58.11,100.0,-32.373333333333335,0.0,10.133777860692177,25.668889303460883,0.024269212766134238,0.0,35.0737363378522,37.68434084463051,41.141536150291834
4722,國精化,化學工業,35.3,2023-04-28,2022Q4,11.21,90.46733935209771,-15.55,0.0,-43.71333333333333,0.0,7.782624956209701,13.913124781048506,2.3166678834317853,100.0,63.8403679375487,100.0,41.13370265236705
4571,鈞興-KY,電機機械,80.3,2023-04-28,2022Q4,12.2,68.85600266045894,-18.58,0.0,0.0,0.0,10.646828068437843,28.234140342189217,1.4130566689171289,100.0,71.4072869475555,100.0,41.120721317374276
2478,大毅,電子零組件業,47.7,2023-04-28,2022Q4,11.07,65.00959692898273,-34.7,0.0,-23.3,0.0,11.131021141665045,30.655105708325227,1.7466457512314284,100.0,71.0405315783294,100.0,41.099225549147064
6510,精測,半導體業,482.5,2023-04-28,2022Q4,0.0,0.0,-13.6,0.0,-17.75,0.0,19.740996197567874,73.70498098783938,1.8178518595416677,100.0,87.0,100.0,41.055747148175904
2115,六暉-KY,汽車工業,31.5,2023-04-28,2022Q4,13.82,64.95384615384616,-43.28,0.0,0.0,0.0,10.985470409312411,29.927352046562056,3.0877982553193366,100.0,62.4189631142167,100.0,40.98448742236892
1231,聯華食,食品工業,91.0,2023-04-28,2022Q4,23.39,39.87758945386064,7.16,14.32,10.540000000000001,52.7,10.93119464609097,29.65597323045485,0.890836806933589,55.83382956194129,48.9912697488359,72.47817437208974,40.970738279551526
9958,世紀鋼,鋼鐵工業,110.5,2023-04-28,2022Q4,69.5,0.0,-70.88,0.0,25.736666666666668,100.0,1.003702210504423,0.0,3.700299081103758,100.0,23.7030597467819,9.25764936695475,40.92576493669547
6278,台表科,光電業,98.5,2023-04-28,2022Q4,7.13,100.0,8.82,17.64,-47.906666666666666,0.0,8.490442460436732,17.45221230218366,2.60171774800095,100.0,35.5551759714152,38.887939928538,40.916625838181346
3711,日月光投控,半導體業,101.0,2023-04-28,2022Q4,6.98,100.0,-2.09,0.0,-9.263333333333334,0.0,11.950939397598898,34.754696987994485,1.7877289235289382,100.0,42.610482876173,56.52620719043251,40.86582526724243
3131,弘塑,其他電子業,334.0,2023-04-28,2022Q4,0.0,0.0,7.88,15.76,-10.959999999999999,0.0,20.392138747201464,76.96069373600733,1.1327533630796587,90.39333758280839,49.0,72.5,40.812771576962774
5355,佳總,電子零組件業,8.1,2023-04-28,2022Q4,0.0,0.0,31.34,62.68,15.063333333333333,75.31666666666666,-31.018185596160386,0.0,0.0,0.0,84.0,100.0,40.733333333333334
3357,臺慶科,電子零組件業,103.0,2023-04-28,2022Q4,0.0,0.0,-16.31,0.0,-19.48,0.0,19.258228503101204,71.29114251550602,1.612654147131975,100.0,71.0,100.0,40.693671377325906
1341,富林-KY,塑膠工業,69.4,2023-04-28,2022Q4,11.76,83.37110481586402,-0.67,0.0,0.0,0.0,11.698089914792128,33.49044957396064,1.6230034077395328,100.0,49.2915971224078,73.2289928060195,40.68357719828245
1569,濱川,電腦及週邊設備業,23.9,2023-04-28,2022Q4,0.0,0.0,23.28,46.56,-40.49666666666667,0.0,7.373767328541065,11.868836642705327,2.8881851257575604,100.0,49.0,72.5,40.6703254964058
3490,單井,光電業,26.85,2023-04-28,2022Q4,0.0,0.0,-3.65,0.0,-42.32333333333333,0.0,19.174296046269223,70.87148023134611,1.7132211175750667,100.0,79.0,100.0,40.63072203470192
8936,國統,其他業,27.9,2023-04-28,2022Q4,0.0,0.0,39.23,78.46,-22.06,0.0,21.10341393609185,80.51706968045926,0.5670131457291576,9.573306532736803,48.0,70.0,40.60722175861625
4406,新昕纖,紡織纖維,10.4,2023-04-28,2022Q4,0.0,0.0,21.21,42.42,-17.44,0.0,-0.7897137243895593,0.0,2.9538633383517072,100.0,78.0,100.0,40.605000000000004
2329,華泰,半導體業,19.55,2023-04-28,2022Q4,11.43,80.04895960832313,-9.82,0.0,-14.866666666666665,0.0,9.22824198738719,21.141209936935947,1.9107094659659698,100.0,57.5376189370207,93.84404734255176,40.56048218562788
1702,南僑,食品工業,48.0,2023-04-28,2022Q4,21.24,50.0,-47.69,0.0,12.74,63.7,4.361384590254954,0.0,2.5508184301792665,100.0,31.0948456760884,27.737114190221,40.5137114190221
8341,日友,綠能環保,158.5,2023-04-28,2022Q4,20.53,28.376777251184816,-8.85,0.0,-18.58666666666667,0.0,30.059980293638834,100.0,1.9026213097376368,100.0,30.472050421494,26.180126053735,40.45569033049198
4915,致伸,電子零組件業,60.0,2023-04-28,2022Q4,10.03,72.99424184261038,18.91,37.82,-17.983333333333334,0.0,4.221025629926718,0.0,2.258432755088312,100.0,34.5867317664472,36.466829416118,40.40110712587284
6215,和椿,其他電子業,29.8,2023-04-28,2022Q4,11.55,56.021155410903155,-19.38,0.0,-47.79,0.0,11.335902411976711,31.679512059883557,1.8853573147988016,100.0,77.534397515115,100.0,40.354042350072845
6164,華興,光電業,11.6,2023-04-28,2022Q4,18.71,52.8051948051948,933.33,100.0,-21.66,0.0,-4.841037036033412,0.0,0.23289424650431795,0.0,68.5431182030014,100.0,40.28051948051948
3551,世禾,綠能環保,59.1,2023-04-28,2022Q4,0.0,0.0,-10.61,0.0,-0.1766666666666666,0.0,18.630629681824033,68.15314840912016,1.9287028164204916,100.0,71.0,100.0,40.22297226136803
2836,高雄銀,金融保險業,12.3,2023-04-28,2022Q4,16.4,52.14797136038186,-1.32,0.0,-11.866666666666667,0.0,29.24760674190155,100.0,1.578920278223649,100.0,5.75840475746083,0.0,40.214797136038186
4576,大銀微系統,電機機械,75.8,2023-04-28,2022Q4,27.77,0.0,10.08,20.16,-34.59666666666667,0.0,11.725881092064752,33.62940546032376,1.2537850750285984,100.0,66.4932996489744,100.0,40.084410819048564
3444,利機,電子通路業,63.9,2023-04-28,2022Q4,0.0,0.0,45.64,91.28,-28.22666666666667,0.0,11.69909788588813,33.495489429440646,0.5762695432093726,10.895649029910375,64.0,100.0,40.023453220398174
2433,互盛電,其他電子業,53.2,2023-04-28,2022Q4,13.71,38.44589096826687,2.11,4.22,-13.253333333333332,0.0,14.832468016792182,49.162340083960906,2.675954916024413,100.0,50.9308476220142,77.3271190550355,40.00665201492438
1809,中釉,玻璃陶瓷,16.1,2023-04-28,2022Q4,42.37,50.0,52.0,100.0,-7.22,0.0,-0.41751043872546273,0.0,-0.7846210202748977,0.0,62.3609802810378,100.0,40.0
1437,勤益控,其他業,28.6,2023-04-28,2022Q4,14.3,62.05412054120539,-11.11,0.0,-3.393333333333333,0.0,51.90467757785571,100.0,0.8375588674864963,48.222695355213766,56.4909553584019,91.22738839600476,39.972689964763774
6865,偉康科技,數位雲端,99.0,2023-04-28,2022Q4,0.0,0.0,-27.26,0.0,8.183333333333334,40.91666666666667,12.781925227561858,38.9096261378093,1.057838023074287,79.69114615346957,66.0,100.0,39.95800648469864
3191,和進,電子零組件業,8.1,2023-04-28,2022Q4,0.0,0.0,67.8,100.0,4.946666666666666,24.73333333333333,-11.365063362781772,0.0,0.0,0.0,69.0,100.0,39.946666666666665
5201,凱衛,資訊服務業,27.4,2023-04-28,2022Q4,0.0,0.0,-64.1,0.0,9.943333333333333,49.71666666666666,0.013634284507934273,0.0,1.534427751029642,100.0,79.0,100.0,39.943333333333335
2006,東和鋼鐵,鋼鐵工業,57.7,2023-04-28,2022Q4,10.55,90.02274019329164,-8.07,0.0,-9.12,0.0,8.648266750478943,18.241333752394713,1.71893643571714,100.0,52.5977381776507,81.49434544412675,39.887908626601046
1301,台塑,塑膠工業,93.9,2023-04-28,2022Q4,16.53,56.34560906515579,-49.33,0.0,-25.973333333333333,0.0,10.649512730421954,28.24756365210977,1.5715857136738567,100.0,69.9622063111135,100.0,39.87169545433205
4128,中天,生技醫療業,62.7,2023-04-28,2022Q4,0.0,0.0,310.0,100.0,-2.9800000000000004,0.0,-16.195041606460038,0.0,0.6703030819566566,24.329011708093795,80.0,100.0,39.86580234161876
6655,科定,其他業,129.0,2023-04-28,2022Q4,23.41,6.027060270602691,-27.6,0.0,7.283333333333334,36.41666666666667,19.354434328567393,71.77217164283697,1.143358635236878,91.90837646241116,31.048755047402,27.621887618505003,39.79572916115188
3426,台興,電機機械,39.0,2023-04-28,2022Q4,0.0,0.0,14.11,28.22,-1.1266666666666676,0.0,9.501720992764579,22.508604963822894,1.1770621044728091,96.72315778182988,68.0,100.0,39.77592230093941
3528,安馳,電子通路業,66.3,2023-04-28,2022Q4,11.78,25.541468568409933,23.63,47.26,22.126666666666665,100.0,9.120411513461933,20.602057567309668,-2.017514071419977,0.0,29.1253181643343,22.81329541083575,39.74078503302101
2838,聯邦銀,金融保險業,16.1,2023-04-28,2022Q4,17.31,46.71837708830549,-23.42,0.0,30.723333333333333,100.0,28.462167740077334,100.0,-0.8635008632211287,0.0,7.22726944878941,0.0,39.67183770883055
2883,凱基金,金融保險業,13.1,2023-04-28,2022Q4,14.72,62.17183770883054,-58.12,0.0,-71.67,0.0,22.88954436924124,89.44772184620619,3.676378524772864,100.0,5.8991948415169,0.0,39.63434204781398
2015,豐興,鋼鐵工業,68.0,2023-04-28,2022Q4,14.2,69.27231381466743,-23.92,0.0,-11.283333333333331,0.0,8.559562433076874,17.797812165384368,1.3665610831019117,100.0,84.9196781779059,100.0,39.59690320627439
4566,時碩工業,電機機械,65.0,2023-04-28,2022Q4,12.45,67.19321582973063,144.26,100.0,-11.659999999999998,0.0,8.177057199571793,15.885285997858967,0.38096488116353316,0.0,41.6855856585117,54.213964146279245,39.523510897279834
2596,綠意,建材營造業,22.45,2023-04-28,2022Q4,0.0,0.0,-80.98,0.0,52622.236666666664,100.0,18.952895820258263,69.76447910129131,-9.319285898206163,0.0,56.0,90.0,39.464671865193694
2379,瑞昱,半導體業,359.0,2023-04-28,2022Q4,11.36,80.47735618115055,-4.18,0.0,-34.04666666666667,0.0,14.065683332389447,45.32841666194724,1.1761360059817136,96.59085799738767,41.1196264727955,52.79906618198875,39.445076335083556
2393,億光,光電業,39.95,2023-04-28,2022Q4,14.37,75.35064935064936,-36.38,0.0,-18.763333333333332,0.0,7.39196820802433,11.959841040121647,3.506091794520147,100.0,70.2973763907101,100.0,39.329041091083184
3652,精聯,電腦及週邊設備業,30.75,2023-04-28,2022Q4,25.2,0.0,18.45,36.9,-4.933333333333334,0.0,4.296590290687111,0.0,2.180530159529623,100.0,72.7752924184723,100.0,39.225
2608,嘉里大榮,航運業,38.4,2023-04-28,2022Q4,14.44,63.73954599761051,-11.04,0.0,-6.7299999999999995,0.0,13.17907128554674,40.8953564277337,2.0443793732580535,100.0,46.6409958734043,66.60248968351074,39.16850703227218
8027,鈦昇,電機機械,51.0,2023-04-28,2022Q4,0.0,0.0,50.38,100.0,-51.59,0.0,12.527404609000689,37.637023045003446,-0.5980439572249987,0.0,54.0,85.0,39.14555345675052
1504,東元,電機機械,44.15,2023-04-28,2022Q4,26.92,0.0,-31.09,0.0,6.326666666666665,31.633333333333326,8.700394764892923,18.501973824464617,1.844489073123583,100.0,63.2092955694374,100.0,39.10196274033636
8416,實威,資訊服務業,151.0,2023-04-28,2022Q4,0.0,0.0,-4.41,0.0,-0.05000000000000071,0.0,26.52820459492314,100.0,0.9922507465027083,70.32153521467262,80.0,100.0,39.06430704293452
6170,統振,通信網路業,37.85,2023-04-28,2022Q4,0.0,0.0,46.77,93.54,-29.78,0.0,6.2103602001625084,6.051801000812542,0.8068237232844003,43.83196046920005,44.0,60.0,39.05916224396189
2910,統領,貿易百貨業,29.5,2023-04-28,2022Q4,53.64,0.0,-31.25,0.0,-13.64,0.0,23.09226512353049,90.46132561765245,5.758929405052129,100.0,41.8861593987326,54.715398496831504,39.04073869233102
6438,迅得,其他電子業,112.0,2023-04-28,2022Q4,11.99,52.44100895036614,-7.29,0.0,28.599999999999998,100.0,14.637563719248103,48.18781859624052,0.09895741191075182,0.0,46.1096961920602,65.2742404801505,38.99969773248774
8213,志超,電子零組件業,40.95,2023-04-28,2022Q4,7.54,92.11132437619962,-36.74,0.0,-35.72,0.0,7.636598885576759,13.182994427883793,3.2664177629501134,100.0,50.9653498637502,77.4133746593755,38.92991906774009
5530,龍巖,其他業,37.5,2023-04-28,2022Q4,0.0,0.0,-5.95,0.0,1.4100000000000001,7.050000000000001,31.956924663311554,100.0,2.5634389796784554,100.0,30.0,25.0,38.91
8077,洛,觀光餐旅,39.95,2023-04-28,2022Q4,0.0,0.0,37.77,75.54,54.71333333333333,100.0,-30.494673966965596,0.0,0.0,0.0,8.0,0.0,38.885000000000005
9941,裕融,其他業,184.5,2023-04-28,2022Q4,18.98,33.27183271832717,8.84,17.68,16.646666666666665,83.23333333333332,24.313697298709986,96.56848649354993,-5.23977931736972,0.0,12.1266831149413,0.0,38.87912291253187
5291,邑昇,電子零組件業,34.1,2023-04-28,2022Q4,0.0,0.0,5.74,11.48,-30.77,0.0,13.001606174748966,40.00803087374483,1.2580621485512975,100.0,69.0,100.0,38.87120463106173
3164,景岳,生技醫療業,24.8,2023-04-28,2022Q4,37.58,0.0,-49.62,0.0,-9.506666666666668,0.0,16.814725977218583,59.07362988609292,2.4210748008003087,100.0,79.6862026833226,100.0,38.86104448291394
6576,逸達,生技醫療業,92.1,2023-04-28,2022Q4,0.0,0.0,17.53,35.06,2984.6,100.0,-155.69806239345155,0.0,0.0,0.0,70.0,100.0,38.765
5469,瀚宇博,電子零組件業,37.95,2023-04-28,2022Q4,6.25,100.0,-13.9,0.0,-15.346666666666666,0.0,11.277346958358608,31.386734791793042,2.8209435401157417,100.0,36.1900255681351,40.475063920337746,38.75551661080273
1210,大成,食品工業,51.3,2023-04-28,2022Q4,19.81,56.73258003766478,17.19,34.38,4.833333333333333,24.166666666666664,2.699273837856981,0.0,1.0670446467289327,81.00637810413325,33.4494164811924,33.623541202981,38.66522107822456
8171,天宇,綠能環保,56.4,2023-04-28,2022Q4,0.0,0.0,280.33,100.0,4.910000000000001,24.550000000000004,3.8439007534466607,0.0,0.3224187504157643,0.0,55.0,87.5,38.66
6672,騰輝電子-KY,電子零組件業,82.4,2023-04-28,2022Q4,12.62,53.10940499040308,-43.69,0.0,0.0,0.0,9.42635838459243,22.131791922962147,3.1419793451065225,100.0,61.7787542721072,100.0,38.63070928748463
9945,潤泰新,其他業,35.8,2023-04-28,2022Q4,12.34,74.10824108241081,-46.62,0.0,11.189999999999998,55.94999999999999,15.582871021547096,52.914355107735474,0.6779807420705825,25.425820295797497,47.9051744414013,69.76293610350325,38.59943504391122
2349,錸德,光電業,9.06,2023-04-28,2022Q4,0.0,0.0,55.1,100.0,11.11,55.55,-3.550986353512396,0.0,0.0,0.0,29.6489444480539,24.122361120134748,38.52223611201347
6477,安集,光電業,54.3,2023-04-28,2022Q4,28.73,0.7532467532467502,66.38,100.0,-36.553333333333335,0.0,11.049673723722666,30.24836861861333,0.6370340275138378,19.576289644833967,39.9015141797421,49.753785449355256,38.50321644201899
5348,系通,運動休閒,9.94,2023-04-28,2022Q4,0.0,0.0,130.19,100.0,3.4933333333333336,17.46666666666667,1.0171386284373696,0.0,-0.530449752528513,0.0,83.0,100.0,38.49333333333333
5234,達興材料,光電業,89.6,2023-04-28,2022Q4,21.59,37.844155844155836,-37.31,0.0,-19.763333333333332,0.0,11.262880421758927,31.31440210879464,1.718703651553553,100.0,65.5307108507013,100.0,38.48157590073478
1570,力肯,電機機械,18.1,2023-04-28,2022Q4,0.0,0.0,-19.54,0.0,-4.346666666666667,0.0,16.291999862717507,56.45999931358754,1.513957231122128,100.0,87.0,100.0,38.46899989703813
8261,富鼎,半導體業,104.0,2023-04-28,2022Q4,13.56,67.01346389228885,9.96,19.92,-42.29,0.0,23.008444089674157,90.04222044837078,0.6143380894327465,16.33401277610664,88.7696831147522,100.0,38.454482011705835
5471,松翰,半導體業,49.7,2023-04-28,2022Q4,14.41,61.811505507955935,-60.39,0.0,-47.379999999999995,0.0,16.64275042806241,58.213752140312046,0.9730195932025276,67.5742276003611,86.2935848572001,100.0,38.42805889191462
5489,彩富,其他電子業,40.05,2023-04-28,2022Q4,0.0,0.0,131.2,100.0,-26.33,0.0,9.534010188336453,22.670050941682263,-0.09687861351723756,0.0,73.0,100.0,38.40050764125234
2103,台橡,橡膠工業,27.75,2023-04-28,2022Q4,12.85,85.36217303822937,-54.62,0.0,-5.8,0.0,7.904478083325481,14.522390416627404,1.2548914241545286,100.0,50.6556202814751,76.63905070368774,38.37848093668582
2881,富邦金,金融保險業,59.0,2023-04-28,2022Q4,17.61,44.92840095465394,-70.23,0.0,-76.57666666666667,0.0,23.489575101238138,92.44787550619068,3.0948600217957662,100.0,5.34287447751527,0.0,38.360021421393995
3663,鑫科,其他電子業,34.9,2023-04-28,2022Q4,0.0,0.0,16.67,33.34,-16.72,0.0,3.358673275388972,0.0,1.3190249137226686,100.0,65.0,100.0,38.335
3581,博磊,半導體業,22.5,2023-04-28,2022Q4,0.0,0.0,-40.28,0.0,8.893333333333333,44.46666666666667,10.551254543443168,27.75627271721584,2.1831163769584534,100.0,41.0,52.5,38.30677424091571
6754,匯僑設計,居家生活,54.7,2023-04-28,2022Q4,10.46,46.79329057720771,48.58,97.16,-17.146666666666665,0.0,8.60064616202714,18.003230810135697,0.24878355364528423,0.0,46.5174856373553,66.29371409338825,38.29918508857995
3646,艾恩特,電子零組件業,28.7,2023-04-28,2022Q4,0.0,0.0,5.07,10.14,2.566666666666667,12.833333333333336,9.86755006776088,24.337750338804394,1.51143465038821,100.0,58.0,95.0,38.25232921748733
6201,亞弘電,其他電子業,43.5,2023-04-28,2022Q4,12.29,50.0,10.06,20.12,2.603333333333332,13.01666666666666,10.019838927986386,25.09919463993193,0.9136737440866756,59.09624915523936,77.4000200496316,100.0,38.217462360370995
3557,嘉威,居家生活,67.5,2023-04-28,2022Q4,9.6,55.278737049827356,-9.17,0.0,-23.61,0.0,11.904384930920518,34.521924654602586,1.6650736511455368,100.0,50.0318068547529,75.07951713688226,38.21411411686135
8435,鉅邁,其他業,61.4,2023-04-28,2022Q4,0.0,0.0,-0.74,0.0,-9.603333333333333,0.0,20.508574884725196,77.54287442362597,1.078678981866368,82.66842598090972,75.0,100.0,38.16511635972584
2028,威致,鋼鐵工業,26.3,2023-04-28,2022Q4,11.39,85.24729960204661,-54.99,0.0,-11.576666666666668,0.0,7.0444593542723695,10.222296771361847,1.6118446477735815,100.0,52.3065385126805,80.76634628170125,38.134709104079064
4173,久裕,生技醫療業,19.85,2023-04-28,2022Q4,0.0,0.0,13.51,27.02,5.813333333333333,29.066666666666663,6.298777139612759,6.493885698063795,2.2234536946835526,100.0,38.0,45.0,38.0424161880429
9918,欣天然,油電燃氣業,41.4,2023-04-28,2022Q4,51.11,0.0,-57.81,0.0,-2.81,0.0,16.96862267572997,59.84311337864986,4.633967982538458,100.0,56.0581584108353,90.14539602708824,37.9910066095063
9905,大華,其他業,25.3,2023-04-28,2022Q4,16.32,49.63099630996308,-21.32,0.0,2.2899999999999996,11.449999999999998,5.952489760901173,4.7624488045058655,1.5768292992123323,100.0,67.6859474836274,100.0,37.96746695167219
1736,喬山,運動休閒,67.0,2023-04-28,2022Q4,47.18,0.0,992.31,100.0,-6.636666666666667,0.0,-0.6394381307893057,0.0,0.9147576825538898,59.251097507698546,24.3785947923972,10.946486980993004,37.94486819963901
2912,統一超,貿易百貨業,270.5,2023-04-28,2022Q4,30.29,40.807498197548654,4.81,9.62,11.396666666666667,56.98333333333333,4.248818037529796,0.0,3.688780335392953,100.0,15.6335968728587,0.0,37.882416486421526
6662,樂斯科,生技醫療業,30.4,2023-04-28,2022Q4,0.0,0.0,-6.25,0.0,-4.049999999999999,0.0,20.884482349350606,79.42241174675303,1.05620287868403,79.45755409771859,80.0,100.0,37.80487258155667
6175,立敦,電子零組件業,39.35,2023-04-28,2022Q4,0.0,0.0,2.03,4.06,-25.276666666666667,0.0,16.914105675311706,59.57052837655853,1.9232966849577424,100.0,51.0,77.5,37.70057925648378
8072,陞泰,電子通路業,26.7,2023-04-28,2022Q4,22.63,0.0,202.56,100.0,-17.080000000000002,0.0,2.1815142676832284,0.0,0.5938712713199606,13.410181617137237,89.207113042538,100.0,37.68203632342745
6840,東研信超,其他電子業,82.4,2023-04-28,2022Q4,0.0,0.0,4.45,8.9,-15.040000000000001,0.0,13.93984429094962,44.699221454748105,1.2875302035310336,100.0,55.0,87.5,37.67988321821222
6136,富爾特,通信網路業,19.15,2023-04-28,2022Q4,23.07,31.601231716705147,-32.52,0.0,4.500000000000001,22.500000000000004,-8.338517361326419,0.0,1.3458369358014146,100.0,95.5208779247955,100.0,37.66012317167051
8415,大國鋼,鋼鐵工業,35.5,2023-04-28,2022Q4,0.0,0.0,25.43,50.85999999999999,7.260000000000001,36.300000000000004,19.577422731206003,72.88711365603001,-0.17900250371536514,0.0,47.0,67.5,37.658067048404504
8367,建新國際,航運業,49.55,2023-04-28,2022Q4,16.74,50.0,-58.03,0.0,-3.1366666666666667,0.0,19.5640426457901,72.8202132289505,3.3930449657680706,100.0,26.4620781237989,16.155195309497252,37.5385515152923
6173,信昌電,電子零組件業,38.8,2023-04-28,2022Q4,0.0,0.0,-55.62,0.0,-31.006666666666664,0.0,14.885141075698884,49.42570537849442,2.525057352354704,100.0,73.0,100.0,37.413855806774166
6823,濾能,半導體業,90.5,2023-04-28,2022Q4,0.0,0.0,4.26,8.52,-28.94666666666667,0.0,12.020937819004926,35.10468909502463,1.8251600333982745,100.0,64.0,100.0,37.39570336425369
2351,順德,半導體業,120.5,2023-04-28,2022Q4,23.35,7.099143206854341,10.26,20.52,-3.6633333333333327,0.0,9.975009977159363,24.875049885796816,2.1227630701772107,100.0,51.2737545469406,78.1843863673515,37.389610440290106
5529,鉅陞,建材營造業,11.6,2023-04-28,2022Q4,0.0,0.0,31.07,62.13999999999999,41.35,100.0,-40.00148098781888,0.0,0.0,0.0,27.0,17.5,37.285
2030,彰源,鋼鐵工業,22.15,2023-04-28,2022Q4,8.39,100.0,-38.46,0.0,-24.376666666666665,0.0,7.111008370204046,10.555041851020231,3.579102447869447,100.0,42.7462637190846,56.8656592977115,37.269822207424184
2109,華豐,橡膠工業,14.3,2023-04-28,2022Q4,13.62,81.48893360160966,-19.23,0.0,-26.246666666666666,0.0,10.550971539493696,27.75485769746848,3.0163062671484067,100.0,39.8180587562245,49.545146890561256,37.266636703837364
2392,正崴,電子零組件業,41.9,2023-04-28,2022Q4,13.34,47.58157389635318,65.26,100.0,6.29,31.45,3.753024066477913,0.0,-0.17427774252915237,0.0,24.8454579615044,12.113644903761003,37.25952188001141
4904,遠傳,通信網路業,78.9,2023-04-28,2022Q4,26.75,12.714908904285348,5.36,10.72,2.103333333333333,10.516666666666666,14.17086883638854,45.85434418194269,2.818416729158676,100.0,37.0768514825585,42.69212870639626,37.2021887216929
2316,楠梓電,電子零組件業,28.55,2023-04-28,2022Q4,10.16,71.9961612284069,-4.42,0.0,-42.22666666666667,0.0,-4.823139410623812,0.0,1.6454923450851666,100.0,61.3304973573444,100.0,37.199616122840695
6121,新普,電腦及週邊設備業,308.0,2023-04-28,2022Q4,0.0,0.0,13.39,26.780000000000005,-13.926666666666668,0.0,10.9932461718688,29.966230859343995,1.7096494556258899,100.0,44.0,60.0,37.1899346289016
3552,同致,其他電子業,141.0,2023-04-28,2022Q4,0.0,0.0,32.72,65.44,-12.283333333333331,0.0,7.11810619615786,10.5905309807893,0.979531647843984,68.50452112056915,42.0,55.00000000000001,37.14948387123223
3015,全漢,電子零組件業,49.9,2023-04-28,2022Q4,12.96,50.49904030710173,-4.47,0.0,2.0866666666666664,10.433333333333332,3.6296340964475275,0.0,1.9215692529170036,100.0,65.9405378036968,100.0,37.13657069737684
3221,台嘉碩,通信網路業,28.8,2023-04-28,2022Q4,0.0,0.0,-39.77,0.0,-28.123333333333335,0.0,14.246647548086802,46.23323774043401,2.1228683017509087,100.0,64.0,100.0,36.9349856610651
3483,力致,電腦及週邊設備業,68.6,2023-04-28,2022Q4,0.0,0.0,19.85,39.7,-12.75,0.0,4.54429146072748,0.0,2.5889636613742186,100.0,48.0,70.0,36.925
6504,南六,其他業,80.8,2023-04-28,2022Q4,101.0,0.0,-50.62,0.0,13.386666666666668,66.93333333333335,0.982652857018288,0.0,6.872070667705898,100.0,33.6076731853693,34.01918296342325,36.788584963008994
5245,智晶,光電業,45.9,2023-04-28,2022Q4,0.0,0.0,-8.5,0.0,-26.223333333333333,0.0,14.033361209428316,45.16680604714158,1.2219082192634207,100.0,63.0,100.0,36.77502090707124
3081,聯亞,通信網路業,101.0,2023-04-28,2022Q4,0.0,0.0,-2.7,0.0,-27.233333333333334,0.0,14.02768298342843,45.13841491714216,1.9400369003690037,100.0,85.0,100.0,36.77076223757132
3045,台灣大,通信網路業,103.5,2023-04-28,2022Q4,26.47,14.151911726969457,0.26,0.52,8.270000000000001,41.35000000000001,9.809604783365646,24.04802391682823,2.682546296325689,100.0,33.3921374045635,33.48034351140875,36.770429111362056
6506,雙邦,紡織纖維,19.6,2023-04-28,2022Q4,0.0,0.0,285.54,100.0,-18.98,0.0,3.704403237659954,0.0,0.6105847068503331,15.797815264333295,54.0,85.0,36.65956305286666
3050,鈺德,光電業,15.25,2023-04-28,2022Q4,21.48,38.41558441558441,-21.11,0.0,1.8699999999999994,9.349999999999998,10.539889649718733,27.69944824859366,3.527394667624307,100.0,46.9636936786832,67.409234196708,36.60739909851829
2301,光寶科,電腦及週邊設備業,73.5,2023-04-28,2022Q4,11.74,70.88948787061994,3.0,6.0,-16.426666666666666,0.0,8.689720292295549,18.448601461477747,1.7691989748297932,100.0,40.7224435134429,51.80610878360724,36.53684988464438
4555,氣立,電機機械,48.65,2023-04-28,2022Q4,19.31,21.566345194546077,-27.14,0.0,-26.099999999999998,0.0,10.836094490597658,29.180472452988287,1.6897405571059854,100.0,62.9881207386714,100.0,36.53370538740285
3019,亞光,光電業,64.1,2023-04-28,2022Q4,19.25,50.0,-38.39,0.0,-12.166666666666666,0.0,7.001062218850632,10.005311094253159,2.486926467804311,100.0,60.7307438524458,100.0,36.50079666413797
9931,欣高,油電燃氣業,40.05,2023-04-28,2022Q4,25.51,49.70513072537841,-26.98,0.0,-0.5233333333333334,0.0,12.672988745310546,38.36494372655273,1.957197433115579,100.0,42.8474646942619,57.118661735654754,36.437120805086224
1541,錩泰,電機機械,34.0,2023-04-28,2022Q4,9.86,84.41968739607583,-9.21,0.0,-62.54333333333333,0.0,4.2085084537148605,0.0,4.208421702645382,100.0,51.9486496695204,79.87162417380101,36.42913115698769
6609,瀧澤科,電機機械,37.8,2023-04-28,2022Q4,0.0,0.0,103.19,100.0,-1.0133333333333336,0.0,9.887472101180458,24.43736050590229,0.31032281622330715,0.0,51.0,77.5,36.41560407588534
6719,力智,半導體業,315.5,2023-04-28,2022Q4,21.42,18.910648714810275,-5.71,0.0,-58.21666666666667,0.0,21.560833235414233,82.80416617707115,0.9228672740449322,60.40961057784746,87.6558838181626,100.0,36.39361191361119
2332,友訊,通信網路業,17.65,2023-04-28,2022Q4,98.06,0.0,-52.63,0.0,6.9433333333333325,34.71666666666666,3.2352244024553856,0.0,1.7685131782519934,100.0,57.7742003863297,94.43550096582426,36.386883429915756
2547,日勝生,建材營造業,9.2,2023-04-28,2022Q4,115.0,0.0,14.29,28.58,-3.22,0.0,17.303987132877534,61.519935664387674,5.9309774051595365,100.0,18.9807807006923,0.0,36.37299034965815
2616,山隆,油電燃氣業,32.4,2023-04-28,2022Q4,15.21,90.20051110674268,-30.39,0.0,-12.840000000000002,0.0,0.5938679597551952,0.0,2.13599842212349,100.0,49.2568153315266,73.14203832881651,36.33425494355592
2377,微星,電腦及週邊設備業,145.5,2023-04-28,2022Q4,12.34,66.84636118598382,-41.14,0.0,-16.233333333333334,0.0,5.928613916421018,4.643069582105088,1.5698132600988506,100.0,55.724779861417,89.3119496535425,36.3122915212684
8440,綠電,綠能環保,44.95,2023-04-28,2022Q4,0.0,0.0,-34.31,0.0,3.546666666666667,17.733333333333334,8.657104178807955,18.285520894039777,2.5352899865394742,100.0,85.0,100.0,36.28949480077263
2020,美亞,鋼鐵工業,23.3,2023-04-28,2022Q4,19.42,39.59636156907334,-65.91,0.0,6.4866666666666655,32.43333333333332,3.48037428606149,0.0,4.258378589216598,100.0,43.364433773906,58.411084434765,36.2874112670505
3715,定穎投控,電子零組件業,24.4,2023-04-28,2022Q4,12.39,54.87523992322456,15.88,31.759999999999998,0.0,0.0,5.44866539949109,2.2433269974554504,2.722996210058512,100.0,30.0917396354148,25.229349088537,36.28695795079447
2610,華航,航運業,19.0,2023-04-28,2022Q4,39.58,0.0,-71.26,0.0,15.32,76.6,1.7148962479523042,0.0,16.38352573856366,100.0,23.7762574595543,9.440643648885754,36.264064364888576
1303,南亞,塑膠工業,78.0,2023-04-28,2022Q4,19.26,40.87818696883851,-60.49,0.0,-35.10333333333333,0.0,9.01783389027581,20.08916945137905,2.3450244148233064,100.0,56.3799009865018,90.94975246625451,36.19616936121616
8110,華東,半導體業,13.5,2023-04-28,2022Q4,27.0,0.0,16.28,32.56,-20.290000000000003,0.0,3.723038542245666,0.0,8.363490876400315,100.0,51.9631466802558,79.9078667006395,36.130786670063955
8048,德勝,通信網路業,39.95,2023-04-28,2022Q4,0.0,0.0,-17.35,0.0,44.03,100.0,13.145543802954721,40.727719014773605,0.34112290891490454,0.0,76.0,100.0,36.10915785221604
3171,新洲,居家生活,17.5,2023-04-28,2022Q4,0.0,0.0,11.59,23.18,-18.153333333333332,0.0,7.696386428601813,13.481932143009065,1.2315836959983018,100.0,53.0,82.5,36.06728982145136
3029,零壹,資訊服務業,58.3,2023-04-28,2022Q4,14.54,83.05709023941068,-4.95,0.0,22.146666666666665,100.0,5.574781283082188,2.8739064154109384,-0.19104436259330487,0.0,49.2612426205672,73.153106551418,36.05210564139451
6792,詠業,通信網路業,84.0,2023-04-28,2022Q4,14.61,75.01924557351809,-13.94,0.0,-29.61,0.0,17.06333847607557,60.31669238037786,0.8322330255436978,47.46186079195683,75.1681255337319,100.0,36.04180057279986
2483,百容,電子零組件業,27.0,2023-04-28,2022Q4,17.53,15.412667946257198,10.0,20.0,-22.53333333333333,0.0,5.112430608444034,0.5621530422201682,1.9648913730023476,100.0,57.571448390677,93.9286209766925,36.018451848628
6640,均華,半導體業,88.0,2023-04-28,2022Q4,0.0,0.0,42.64,85.28,-32.56666666666667,0.0,16.595207407212563,57.97603703606281,-0.4363268326658541,0.0,44.0,60.0,36.01640555540942
4807,日成-KY,貿易百貨業,21.2,2023-04-28,2022Q4,24.94,60.09372746935831,-74.4,0.0,0.0,0.0,3.2052097454367483,0.0,7.478803529158597,100.0,61.8275436235956,100.0,36.00937274693583
5450,南良,其他業,22.0,2023-04-28,2022Q4,0.0,0.0,17.89,35.78,-26.98,0.0,4.539380130016381,0.0,2.3527494243296045,100.0,48.0,70.0,35.945
6292,迅德,電子零組件業,44.05,2023-04-28,2022Q4,0.0,0.0,-21.36,0.0,-4.593333333333334,0.0,15.925524290067214,54.62762145033607,2.1882210045861066,100.0,51.0,77.5,35.94414321755041
4960,誠美材,光電業,11.95,2023-04-28,2022Q4,17.57,58.72727272727273,-40.0,0.0,-33.09,0.0,0.168763543874416,0.0,4.3407939097806185,100.0,72.8220102274357,100.0,35.872727272727275
8390,金益鼎,綠能環保,41.7,2023-04-28,2022Q4,0.0,0.0,-18.73,0.0,7.496666666666667,37.483333333333334,8.505165018549933,17.525825092749663,1.0510443769304454,78.72062527577792,82.0,100.0,35.8696654857347
1452,宏益,紡織纖維,17.65,2023-04-28,2022Q4,18.2,53.95778364116095,-63.4,0.0,-49.36666666666667,0.0,5.627675393637568,3.1383769681878393,5.282032687689092,100.0,92.9345249742995,100.0,35.866534909344274
8033,雷虎,其他業,75.2,2023-04-28,2022Q4,1074.29,0.0,-61.11,0.0,8.17,40.849999999999994,1.1821478960833434,0.0,2.4753142857142856,100.0,50.6848014431864,76.71200360796601,35.841200360796606
2497,怡利電,汽車工業,72.7,2023-04-28,2022Q4,25.78,0.0,255.56,100.0,-10.903333333333334,0.0,8.652980547732682,18.26490273866341,-0.7600722507076472,0.0,51.8849802231417,79.71245055785425,35.710980466584935
2029,盛餘,鋼鐵工業,25.75,2023-04-28,2022Q4,16.4,56.76520750426379,-60.15,0.0,-31.23,0.0,4.138811841618999,0.0,2.818456787679639,100.0,91.4518512329258,100.0,35.67652075042638
6213,聯茂,電子零組件業,69.9,2023-04-28,2022Q4,13.68,44.97120921305182,-45.11,0.0,-23.403333333333336,0.0,6.510257053709083,7.551285268545413,3.4641486265701364,100.0,60.2420966528814,100.0,35.62981371158699
1516,川飛,其他業,20.85,2023-04-28,2022Q4,15.33,55.719557195571944,-20.93,0.0,-21.433333333333334,0.0,3.9011098380878644,0.0,4.80863955812947,100.0,66.7717915413768,100.0,35.571955719557195
5310,天剛,資訊服務業,24.85,2023-04-28,2022Q4,0.0,0.0,12.3,24.6,19.41333333333333,97.06666666666666,-221.33355783801986,0.0,0.0,0.0,72.0,100.0,35.56333333333333
8085,福華,其他電子業,28.35,2023-04-28,2022Q4,0.0,0.0,412.5,100.0,0.053333333333333975,0.2666666666666699,-3.258980965689461,0.0,0.5440013021060403,6.285900300862894,57.0,92.5,35.560513393505914
1590,亞德客-KY,電機機械,1110.0,2023-04-28,2022Q4,36.91,0.0,-10.69,0.0,0.0,0.0,28.929695284071865,100.0,0.8691671610014816,52.738165857354524,71.2933186057386,100.0,35.547633171470906
5410,國眾,資訊服務業,35.45,2023-04-28,2022Q4,0.0,0.0,51.4,100.0,8.043333333333335,40.216666666666676,4.53554159174949,0.0,-0.7888635806146407,0.0,30.0,25.0,35.54333333333334
3694,海華,通信網路業,23.3,2023-04-28,2022Q4,12.07,88.05491403643828,-5.85,0.0,-8.966666666666667,0.0,2.8514560608734327,0.0,3.6113505601073452,100.0,46.4341298535179,66.08532463379476,35.4140238670233
3499,環天科,通信網路業,22.8,2023-04-28,2022Q4,0.0,0.0,61.11,100.0,2.3800000000000012,11.900000000000006,-18.028732385765103,0.0,0.0,0.0,52.0,80.0,35.38
6133,金橋,電子零組件業,20.65,2023-04-28,2022Q4,26.47,0.0,262.5,100.0,-2.98,0.0,5.88543234908236,4.427161745411801,0.04219153968865174,0.0,58.7612721678942,96.90318041973549,35.35439230378532
2466,冠西電,光電業,34.8,2023-04-28,2022Q4,52.73,0.0,100.0,100.0,-19.613333333333333,0.0,2.8113041765112765,0.0,0.6556829728552765,22.240424693610937,43.4797983716748,58.69949592918701,35.31803453164089
5609,中菲行,航運業,86.5,2023-04-28,2022Q4,0.0,0.0,10.19,20.38,-53.096666666666664,0.0,6.253233469686928,6.266167348434641,1.4912785464572358,100.0,57.0,92.5,35.28492510226519
1725,元禎,化學工業,25.2,2023-04-28,2022Q4,18.0,54.40785979819436,-20.45,0.0,-25.26,0.0,2.019714669921395,0.0,1.8022172844175492,100.0,59.1882679960649,97.97066999016225,35.23785297883566
3305,昇貿,其他電子業,47.9,2023-04-28,2022Q4,11.86,53.498779495524815,-17.89,0.0,-44.72333333333333,0.0,4.783185976308687,0.0,2.7792266508927463,100.0,59.4869038957184,98.717259739296,35.22160392348208
4162,智擎,生技醫療業,97.9,2023-04-28,2022Q4,0.0,0.0,-24.75,0.0,6.2366666666666655,31.18333333333333,43.20695983850436,100.0,0.6337006678524263,19.10009540748947,98.0,100.0,35.05668574816456
1414,東和,紡織纖維,17.5,2023-04-28,2022Q4,37.23,0.0,-27.69,0.0,-25.133333333333336,0.0,11.736674877312057,33.68337438656028,1.3284624671815413,100.0,69.5481582510613,100.0,35.05250615798404
3354,律勝,電子零組件業,14.5,2023-04-28,2022Q4,0.0,0.0,59.46,100.0,-52.32333333333333,0.0,-63.74444322926384,0.0,0.0,0.0,75.0,100.0,35.0
2363,矽統,半導體業,17.5,2023-04-28,2022Q4,26.92,0.0,150.0,100.0,-14.36,0.0,-254.57459303410502,0.0,-0.8941150443392735,0.0,99.0715986706736,100.0,35.0
6854,錼創科技-KY創,,98.6,2023-04-28,2022Q4,0.0,0.0,61.32,100.0,0.0,0.0,-190.86877061602925,0.0,0.0,0.0,83.328141538208,100.0,35.0
6596,寬宏藝術,文化創意業,47.65,2023-04-28,2022Q4,0.0,0.0,101.75,100.0,-46.21666666666667,0.0,-2.306006465671772,0.0,-13.688524590163935,0.0,66.0,100.0,35.0
5205,中茂,綠能環保,36.7,2023-04-28,2022Q4,0.0,0.0,160.36,100.0,-3.03,0.0,-137.84002352595206,0.0,-1.074904866813539,0.0,70.0,100.0,35.0
6512,啟發電,其他電子業,20.75,2023-04-28,2022Q4,0.0,0.0,159.6,100.0,-35.3,0.0,0.1416286395266669,0.0,0.409191928171393,0.0,89.0,100.0,35.0
6222,上揚,光電業,15.5,2023-04-28,2022Q4,0.0,0.0,197.37,100.0,-78.20333333333333,0.0,-209.13585554600172,0.0,-0.33024877623549925,0.0,97.0,100.0,35.0
5328,華容,電子零組件業,13.35,2023-04-28,2022Q4,0.0,0.0,115.0,100.0,-1.1866666666666668,0.0,0.6227233124311506,0.0,-5.04223995223751,0.0,71.0,100.0,35.0
3002,歐格,電腦及週邊設備業,12.2,2023-04-28,2022Q4,203.33,0.0,400.0,100.0,-17.406666666666666,0.0,1.9606113932727498,0.0,-4.681087959281056,0.0,66.3886435761668,100.0,35.0
6144,得利影,文化創意業,14.25,2023-04-28,2022Q4,0.0,0.0,75.64,100.0,-22.19666666666667,0.0,-5.547212398030817,0.0,0.0,0.0,86.0,100.0,35.0
5438,東友,電腦及週邊設備業,19.25,2023-04-28,2022Q4,0.0,0.0,58.82,100.0,-27.27333333333333,0.0,-2.7452348460354767,0.0,-0.5936878727634195,0.0,69.0,100.0,35.0
8059,凱碩,通信網路業,13.65,2023-04-28,2022Q4,0.0,0.0,111.25,100.0,-1.9766666666666672,0.0,-2.0548835999479773,0.0,-2.8277321231448544,0.0,68.0,100.0,35.0
8404,百和興業-KY,其他業,25.65,2023-04-28,2022Q4,14.57,60.393603936039355,-55.56,0.0,0.0,0.0,13.152342958860025,40.761714794300126,1.2453571666345777,100.0,31.3290652951347,28.322663237836753,34.98588393653263
1410,南染,紡織纖維,38.8,2023-04-28,2022Q4,43.11,0.0,-30.23,0.0,-33.663333333333334,0.0,11.59100035103581,32.95500175517905,1.9888480435474178,100.0,80.3889765747854,100.0,34.94325026327686
8923,時報,文化創意業,20.5,2023-04-28,2022Q4,0.0,0.0,13.0,26.0,-11.253333333333332,0.0,5.678870667736045,3.394353338680225,2.6071075724995643,100.0,51.0,77.5,34.75915300080203
4707,磐亞,化學工業,12.9,2023-04-28,2022Q4,0.0,0.0,17.53,35.06,-29.006666666666664,0.0,6.838829485316071,9.194147426580358,1.010149292334934,72.878470333562,67.0,100.0,34.71981618069945
4760,勤凱,其他電子業,74.2,2023-04-28,2022Q4,0.0,0.0,-54.03,0.0,-27.02,0.0,11.282095486429117,31.41047743214559,4.692836570735616,100.0,74.0,100.0,34.711571614821835
3167,大量,電機機械,42.3,2023-04-28,2022Q4,10.82,78.03458596607915,-29.04,0.0,-65.85000000000001,0.0,4.497454279123064,0.0,2.064919222208384,100.0,47.4933665828613,68.73341645715325,34.67680024232324
6531,愛普*,半導體業,279.5,2023-04-28,2022Q4,23.25,7.711138310893517,-11.56,0.0,-52.75333333333333,0.0,29.45213478514753,100.0,0.8109580490457826,44.4225784351118,93.6641493841024,100.0,34.65562951811171
8066,來思達,居家生活,27.65,2023-04-28,2022Q4,0.0,0.0,20.72,41.44,-23.616666666666664,0.0,2.5403475751954634,0.0,4.396085811065111,100.0,37.0,42.5,34.61
1612,宏泰,電器電纜,20.75,2023-04-28,2022Q4,18.53,22.118702553485136,-86.89,0.0,-17.433333333333334,0.0,8.188091190888741,15.940455954443705,1.3884165060125169,100.0,86.5408683521365,100.0,34.60293864851507
1528,恩德,電機機械,12.2,2023-04-28,2022Q4,15.06,49.83372131692716,-28.95,0.0,15.403333333333334,77.01666666666667,3.1073986083304876,0.0,0.7961610360577386,42.3087194368198,42.9439387000087,57.359846750021745,34.584434027392184
1503,士電,電機機械,100.5,2023-04-28,2022Q4,26.04,0.0,11.56,23.12,17.51,87.55000000000001,7.3301038628376824,11.650519314188411,0.509177571023434,1.3110815747762818,56.7872009525777,91.96800238144425,34.496594450227946
8358,金居,電子零組件業,54.8,2023-04-28,2022Q4,0.0,0.0,-36.48,0.0,-16.54,0.0,15.564052102112278,52.82026051056139,1.0786363279198357,82.66233255997652,80.0,100.0,34.45550558857951
5225,東科-KY,其他電子業,39.2,2023-04-28,2022Q4,6.64,95.97233523189584,0.0,0.0,0.0,0.0,2.595059226180765,0.0,2.3655755215727634,100.0,39.1537691437055,47.88442285926376,34.38567580911596
2365,昆盈,電腦及週邊設備業,10.55,2023-04-28,2022Q4,42.2,0.0,8.7,17.4,-26.73,0.0,1.0890832047419599,0.0,4.874301573298045,100.0,84.2930373191301,100.0,34.35
6667,信紘科,其他電子業,69.8,2023-04-28,2022Q4,0.0,0.0,56.27,100.0,-0.18666666666666684,0.0,9.41843097756368,22.092154887818403,0.49169567379413226,0.0,44.0,60.0,34.31382323317276
1323,永裕,塑膠工業,33.0,2023-04-28,2022Q4,15.94,59.68838526912181,-32.57,0.0,-17.633333333333333,0.0,8.341477051504098,16.707385257520492,3.775355948194528,100.0,43.3427393893475,58.35684847336875,34.31063116287713
8016,矽創,半導體業,227.5,2023-04-28,2022Q4,7.53,100.0,-39.84,0.0,-35.656666666666666,0.0,26.30668687912304,100.0,0.4219325155498433,0.0,57.2397221754952,93.09930543873801,34.309930543873804
8438,昶昕,綠能環保,24.75,2023-04-28,2022Q4,17.31,47.45260663507109,-58.99,0.0,-28.5,0.0,2.588262736938964,0.0,1.5797558922558923,100.0,58.016897553089,95.04224388272252,34.24948505177936
6456,GIS-KY,光電業,79.5,2023-04-28,2022Q4,7.8,100.0,-21.43,0.0,0.0,0.0,2.3820529095009575,0.0,2.2544736395861498,100.0,36.8502420192704,42.12560504817599,34.2125605048176
8080,永利聯合,建材營造業,10.85,2023-04-28,2022Q4,0.0,0.0,697.52,100.0,-21.093333333333334,0.0,5.580123643579648,2.9006182178982387,-0.7265861209149933,0.0,55.0,87.5,34.18509273268474
5371,中光電,光電業,74.8,2023-04-28,2022Q4,0.0,0.0,17.77,35.54,-27.05,0.0,4.319979144753717,0.0,2.0795625992238023,100.0,41.0,52.5,34.135
6671,三能-KY,居家生活,41.5,2023-04-28,2022Q4,17.08,0.0,-30.57,0.0,0.0,0.0,10.48018165784264,27.400908289213206,1.858883413656793,100.0,75.5183128656156,100.0,34.11013624338198
1717,長興,化學工業,32.35,2023-04-28,2022Q4,14.57,72.62347318109398,-24.83,0.0,-20.94,0.0,6.685514984463654,8.427574922318271,2.514279154276144,100.0,41.64542773294,54.113569332349996,33.93784048969214
5871,中租-KY,其他業,223.0,2023-04-28,2022Q4,14.19,62.73062730627306,21.86,43.72,0.0,0.0,42.687509890089466,100.0,0.5605336501978732,8.64766431398188,16.1104242744969,0.0,33.932595593423684
5285,界霖,半導體業,78.3,2023-04-28,2022Q4,19.19,32.558139534883715,-15.35,0.0,-19.786666666666665,0.0,7.051734030345531,10.258670151727657,1.3708575898792013,100.0,56.3269572360274,90.81739309006849,33.87635378525437
3083,網龍,文化創意業,44.9,2023-04-28,2022Q4,0.0,0.0,43.48,86.96,2.133333333333334,10.666666666666671,-14.97539312317632,0.0,0.0,0.0,87.0,100.0,33.873333333333335
2430,燦坤,電子通路業,41.65,2023-04-28,2022Q4,8.2,63.365029054410996,9.16,18.32,-11.94,0.0,3.290316268311965,0.0,3.3551777507274916,100.0,31.5884855843966,28.971213960991506,33.81362430154025
2105,正新,橡膠工業,37.8,2023-04-28,2022Q4,24.71,25.704225352112676,-6.13,0.0,-4.036666666666667,0.0,7.477147518217301,12.385737591086503,2.9275494324248004,100.0,57.4507265274246,93.6268163185615,33.7909648057304
2013,中鋼構,鋼鐵工業,57.7,2023-04-28,2022Q4,24.04,13.331438317225697,-4.02,0.0,7.62,38.1,3.2451050269519546,0.0,2.263883523931422,100.0,39.3151039758618,48.28775993965451,33.78191982568802
5220,萬達光電,光電業,30.6,2023-04-28,2022Q4,0.0,0.0,-16.03,0.0,-17.283333333333335,0.0,10.371046883376332,26.855234416881657,1.6960822868328833,100.0,59.0,97.5,33.77828516253225
2010,春源,鋼鐵工業,16.25,2023-04-28,2022Q4,17.11,52.72882319499716,-49.47,0.0,-22.453333333333333,0.0,2.8443881164425413,0.0,4.2290686183380135,100.0,53.9172403472014,84.7931008680035,33.75219240630007
3268,海德威,半導體業,22.15,2023-04-28,2022Q4,0.0,0.0,61.05,100.0,-48.31333333333333,0.0,1.1579298234203765,0.0,-0.4975134080936129,0.0,55.0,87.5,33.75
8450,霹靂,文化創意業,25.4,2023-04-28,2022Q4,0.0,0.0,48.48,96.96,-10.049999999999999,0.0,-48.74383540756923,0.0,0.0,0.0,58.0,95.0,33.739999999999995
1217,愛之味,食品工業,11.0,2023-04-28,2022Q4,19.64,57.532956685499045,36.59,73.18,2.4166666666666665,12.083333333333332,3.5676187996354645,0.0,0.46267587894490625,0.0,49.094141854394,72.735354635985,33.738497798815075
4735,豪展,生技醫療業,37.75,2023-04-28,2022Q4,0.0,0.0,-68.21,0.0,-11.4,0.0,9.703001956005286,23.515009780026432,4.850278854521003,100.0,68.0,100.0,33.527251467003964
2542,興富發,建材營造業,42.05,2023-04-28,2022Q4,18.69,13.825136612021849,-60.31,0.0,77.31,100.0,21.169972861994335,80.84986430997168,-2.458959881828325,0.0,19.8005012795928,0.0,33.50999330769793
1309,台達化,塑膠工業,21.1,2023-04-28,2022Q4,20.29,35.04249291784702,-77.63,0.0,-21.333333333333332,0.0,1.2467347154212451,0.0,2.6764107766005467,100.0,77.9819359117036,100.0,33.5042492917847
8183,精星,其他電子業,54.4,2023-04-28,2022Q4,0.0,0.0,35.34,70.68,-5.743333333333333,0.0,13.721449987802222,43.60724993901111,0.5967921025437555,13.827443220536498,46.0,65.0,33.47657613495897
6214,精誠,資訊服務業,81.6,2023-04-28,2022Q4,18.76,63.62799263351748,-10.2,0.0,7.1433333333333335,35.71666666666667,3.795163200946414,0.0,0.9617009811872669,65.9572830267524,47.0511101048594,67.62777526214849,33.46036672825041
1722,台肥,化學工業,59.1,2023-04-28,2022Q4,21.73,34.59904407859797,-12.26,0.0,-14.793333333333335,0.0,-3.2455145745310783,0.0,2.0897488770995736,100.0,65.7081986119707,100.0,33.459904407859796
6023,元大期,金融保險業,51.4,2023-04-28,2022Q4,0.0,0.0,33.0,66.0,-13.453333333333333,0.0,6.1910866280933385,5.955433140466693,1.0602175059457912,80.03107227797018,11.0,0.0,33.39952942666404
6284,佳邦,電子零組件業,56.6,2023-04-28,2022Q4,0.0,0.0,4.46,8.92,-4.8100000000000005,0.0,8.170768232138622,15.853841160693111,1.6974120410404634,100.0,55.0,87.5,33.35807617410397
4972,湯石照明,光電業,29.2,2023-04-28,2022Q4,0.0,0.0,-46.22,0.0,-32.78333333333333,0.0,9.459280521689077,22.296402608445387,3.6356834752070846,100.0,86.0,100.0,33.34446039126681
1444,力麗,紡織纖維,10.75,2023-04-28,2022Q4,20.67,40.92348284960421,-25.0,0.0,-21.666666666666668,0.0,0.3369472787378447,0.0,2.91870458206825,100.0,56.8135648999828,92.03391224995701,33.29573950995612
4933,友輝,光電業,34.9,2023-04-28,2022Q4,0.0,0.0,-1.91,0.0,-36.03666666666667,0.0,9.265913724107874,21.32956862053937,1.4519432809651698,100.0,79.0,100.0,33.19943529308091
1449,佳和,紡織纖維,15.1,2023-04-28,2022Q4,14.25,74.80211081794195,-9.17,0.0,4.3500000000000005,21.750000000000004,-2.350064628790023,0.0,1.262126265285823,100.0,25.2014523729986,13.003630932496495,33.13057417504385
2481,強茂,半導體業,65.4,2023-04-28,2022Q4,14.22,62.97429620563035,-18.73,0.0,-22.573333333333334,0.0,12.33060073948542,36.653003697427096,1.0129708681742642,73.28155259632346,46.6816912600012,66.704228150003,33.122113509442094
1525,江申,汽車工業,71.2,2023-04-28,2022Q4,19.35,30.92307692307692,-11.96,0.0,50.29666666666666,100.0,2.982873025765448,0.0,-0.24708136595779379,0.0,82.3587769970013,100.0,33.09230769230769
3086,華義,文化創意業,72.5,2023-04-28,2022Q4,0.0,0.0,-60.43,0.0,-34.54,0.0,13.84501514266701,44.22507571333505,1.0750777795971835,82.15396851388337,90.0,100.0,33.064555059776936
4712,南璋,,4.5,2023-04-28,2022Q4,0.0,0.0,75.78,100.0,0.0,0.0,-192.320819112628,0.0,0.0,0.0,52.0,80.0,33.0
1904,正隆,造紙工業,31.3,2023-04-28,2022Q4,13.79,78.56772856772857,-36.59,0.0,-8.82,0.0,3.773970368378949,0.0,1.9455541014674826,100.0,40.4850416680474,51.2126041701185,32.9780332737847
3026,禾伸堂,電子零組件業,102.0,2023-04-28,2022Q4,13.09,49.50095969289827,-36.97,0.0,-16.54,0.0,9.367802608272392,21.83901304136196,1.0109975782913554,72.99965404162221,60.1909783087615,100.0,32.82587873381856
6120,達運,光電業,10.25,2023-04-28,2022Q4,53.95,0.0,119.39,100.0,-35.01,0.0,-7.945434648707726,0.0,-1.2933377896613192,0.0,51.2998428742626,78.2496071856565,32.82496071856565
6728,上洋,居家生活,158.0,2023-04-28,2022Q4,0.0,0.0,15.84,31.679999999999996,6.523333333333333,32.61666666666667,16.171140905331306,55.85570452665654,0.13203769855864095,0.0,60.0,100.0,32.82168901233181
9940,信義,其他業,29.05,2023-04-28,2022Q4,17.5,42.373923739237384,-47.96,0.0,20.563333333333333,100.0,11.493248990835287,32.46624495417644,-0.3741809282159603,0.0,34.6896042012902,36.7240105032255,32.779730167372755
4402,福大,紡織纖維,10.2,2023-04-28,2022Q4,0.0,0.0,80.23,100.0,-52.623333333333335,0.0,-6.8158389777697534,0.0,0.0,0.0,51.0,77.5,32.75
6241,易通展,通信網路業,13.95,2023-04-28,2022Q4,0.0,0.0,54.6,100.0,-22.05,0.0,-4.6802797074394835,0.0,0.0,0.0,51.0,77.5,32.75
4174,浩鼎,生技醫療業,84.9,2023-04-28,2022Q4,0.0,0.0,5.46,10.92,54.464999999999996,100.0,-45059.69008703036,0.0,0.0,0.0,70.0,100.0,32.730000000000004
2468,華經,資訊服務業,24.2,2023-04-28,2022Q4,26.59,27.57826887661141,42.19,84.38,-6.8133333333333335,0.0,2.8088137925748216,0.0,-1.420494254682827,0.0,55.5084785025945,88.77119625648625,32.72994651330976
5210,寶碩,資訊服務業,17.4,2023-04-28,2022Q4,0.0,0.0,45.95,91.9,-16.293333333333333,0.0,-4.673805947246854,0.0,0.0,0.0,59.0,97.5,32.725
8043,蜜望實,電子零組件業,27.2,2023-04-28,2022Q4,0.0,0.0,8.52,17.04,-28.99,0.0,0.7122468629909032,0.0,1.1546313173156586,93.51875961652266,59.0,97.5,32.713751923304535
1521,大億,汽車工業,37.85,2023-04-28,2022Q4,32.35,0.0,8.33,16.66,-1.8,0.0,1.170359461529305,0.0,4.989687471854454,100.0,54.1678231578718,85.4195578946795,32.70695578946795
8215,明基材,光電業,38.0,2023-04-28,2022Q4,9.41,100.0,33.33,66.66,-1.8600000000000003,0.0,4.4838233604979,0.0,0.3004345242229889,0.0,44.1349191014266,60.33729775356649,32.69872977535665
2467,志聖,電子零組件業,47.7,2023-04-28,2022Q4,10.39,70.23032629558541,8.77,17.54,-21.53333333333333,0.0,13.598588851524582,42.99294425762291,0.851183298213404,50.16904260191486,38.9691503092029,47.422875773007256,32.63307036588567
3071,協禧,電腦及週邊設備業,33.35,2023-04-28,2022Q4,0.0,0.0,11.83,23.66,-3.7366666666666664,0.0,7.271364774766538,11.356823873832692,2.013937175165051,100.0,40.0,50.0,32.6185235810749
8182,加高,電子零組件業,30.9,2023-04-28,2022Q4,0.0,0.0,-47.48,0.0,-28.72666666666667,0.0,9.140045405424914,20.70022702712457,1.5573800537873717,100.0,58.0,95.0,32.60503405406868
2340,台亞,半導體業,35.1,2023-04-28,2022Q4,42.8,0.0,-61.14,0.0,-32.33,0.0,8.456707692232973,17.283538461164866,4.1898242547820175,100.0,80.6210288828588,100.0,32.59253076917473
2012,春雨,鋼鐵工業,27.4,2023-04-28,2022Q4,14.2,69.27231381466743,-27.99,0.0,-30.463333333333335,0.0,7.816896494646297,14.084482473231485,3.0020316165677214,100.0,34.0240248175666,35.060062043916496,32.54590995684312
1474,弘裕,紡織纖維,12.6,2023-04-28,2022Q4,21.0,39.1820580474934,-45.95,0.0,-27.623333333333335,0.0,1.8466174561464024,0.0,4.780986452104509,100.0,54.4800902905235,86.20022572630874,32.538228377380214
2354,鴻準,其他電子業,53.9,2023-04-28,2022Q4,17.85,4.759967453213965,-4.73,0.0,2.053333333333333,10.266666666666664,3.152492067327084,0.0,2.125838695720044,100.0,68.4077321769224,100.0,32.52933007865473
1316,上曜,建材營造業,13.45,2023-04-28,2022Q4,19.21,10.036429872495445,227.27,100.0,4.293333333333332,21.46666666666666,7.289742473532181,11.448712367660905,-4.123117120461457,0.0,21.8417516782156,4.604379195539003,32.474721095285915
3296,勝德,電子零組件業,18.1,2023-04-28,2022Q4,0.0,0.0,57.93,100.0,-22.426666666666666,0.0,-3.779470501259902,0.0,0.0,0.0,49.5950951985523,73.98773799638076,32.39877379963808
3512,皇龍,建材營造業,32.8,2023-04-28,2022Q4,0.0,0.0,2.37,4.74,46.94,100.0,16.9366160583121,59.68308029156051,-1.1957792526437176,0.0,29.0,22.5,32.387462043734075
5299,杰力,半導體業,127.5,2023-04-28,2022Q4,0.0,0.0,-10.12,0.0,-48.93333333333334,0.0,27.06266456661074,100.0,0.7566710370889126,36.6672910127018,66.0,100.0,32.333458202540356
6274,台燿,電子零組件業,66.4,2023-04-28,2022Q4,0.0,0.0,-33.1,0.0,-26.393333333333334,0.0,8.107349624255528,15.536748121277641,1.8437115513895408,100.0,60.0,100.0,32.33051221819164
1470,大統新創,紡織纖維,19.05,2023-04-28,2022Q4,50.13,0.0,-50.0,0.0,-19.346666666666668,0.0,8.090497330657682,15.452486653288409,5.760101086989617,100.0,84.9891643584698,100.0,32.31787299799326
2375,凱美,電子零組件業,69.0,2023-04-28,2022Q4,12.26,55.87332053742803,-42.34,0.0,-23.873333333333335,0.0,5.0893340367724145,0.4466701838620723,2.1621667540674014,100.0,46.6464899508376,66.616224877094,32.31595506903152
6192,巨路,其他電子業,71.7,2023-04-28,2022Q4,7.74,87.02196908055329,9.05,18.1,-4.23,0.0,17.052294101035777,60.261470505178885,0.46839716190993846,0.0,61.446604623588,100.0,32.266417483832164
8932,宏大,其他業,49.15,2023-04-28,2022Q4,0.0,0.0,60.33,100.0,-16.143333333333334,0.0,-3.755256833884049,0.0,0.0,0.0,49.0,72.5,32.25
5269,祥碩,半導體業,1135.0,2023-04-28,2022Q4,30.08,0.0,-18.11,0.0,-2.0633333333333326,0.0,24.78184961346745,98.90924806733724,0.7572505282993061,36.75007547132944,86.0449016601324,100.0,32.186402304366474
1215,卜蜂,食品工業,90.0,2023-04-28,2022Q4,17.05,69.72693032015064,14.78,29.56,1.336666666666667,6.6833333333333345,6.918967430752623,9.594837153763116,0.9017204798827296,57.38863998324709,34.0875006559319,35.21875163982974,32.1381884323786
4927,泰鼎-KY,電子零組件業,55.1,2023-04-28,2022Q4,11.98,58.023032629558536,-36.55,0.0,0.0,0.0,6.78457490075455,8.922874503772752,1.8894499829613416,100.0,39.9451070664913,49.86276766622826,32.12701120514459
4568,科際精密,電機機械,61.0,2023-04-28,2022Q4,0.0,0.0,-0.63,0.0,-36.23,0.0,7.782737866169974,13.913689330849872,1.8042480370444938,100.0,69.0,100.0,32.08705339962748
4739,康普,化學工業,93.3,2023-04-28,2022Q4,19.98,43.89272437599574,1.07,2.14,-35.78333333333333,0.0,6.417741942765503,7.088709713827517,3.175379187282018,100.0,44.2146787903342,60.53669697583549,32.04124859225725
9944,新麗,其他業,20.4,2023-04-28,2022Q4,9.62,90.83640836408364,-54.99,0.0,-16.080000000000002,0.0,3.771348231519934,0.0,0.9948618538324421,70.69455054749173,55.2206722799517,88.05168069987926,32.02771901589464
1110,東泥,水泥工業,18.35,2023-04-28,2022Q4,70.58,0.0,4.0,8.0,27.389999999999997,100.0,-1.7557824209942503,0.0,-1.8560952208423072,0.0,71.9927430978401,100.0,32.0
6151,晉倫,其他電子業,28.65,2023-04-28,2022Q4,0.0,0.0,-53.71,0.0,-15.916666666666666,0.0,7.543957493798437,12.719787468992184,2.423446527246862,100.0,63.0,100.0,31.907968120348826
2069,運錩,鋼鐵工業,19.7,2023-04-28,2022Q4,16.98,53.467879476975554,-75.48,0.0,-21.623333333333335,0.0,2.658163532349451,0.0,11.16175043056208,100.0,46.1382420038582,65.3456050096455,31.881348448662106
8039,台虹,電子零組件業,42.0,2023-04-28,2022Q4,19.72,0.0,-4.56,0.0,-34.663333333333334,0.0,7.430512361160874,12.15256180580437,1.6298839515020351,100.0,61.5529510076141,100.0,31.822884270870656
6651,全宇昕,半導體業,82.5,2023-04-28,2022Q4,0.0,0.0,20.41,40.82,-20.62,0.0,20.473912305356183,77.36956152678091,0.27224933792936384,0.0,64.0,100.0,31.810434229017137
5364,力麗店,觀光餐旅,24.45,2023-04-28,2022Q4,0.0,0.0,53.01,100.0,4.010000000000001,20.050000000000004,-5.006941230911615,0.0,0.0,0.0,31.0,27.500000000000004,31.76
3234,光環,通信網路業,23.25,2023-04-28,2022Q4,0.0,0.0,80.46,100.0,-53.82,0.0,-5.893890171628934,0.0,0.0,0.0,47.0,67.5,31.75
1781,合世,生技醫療業,14.75,2023-04-28,2022Q4,0.0,0.0,71.76,100.0,-10.036666666666667,0.0,-5.565474921696914,0.0,0.0,0.0,47.0,67.5,31.75
6199,天品,其他業,18.15,2023-04-28,2022Q4,0.0,0.0,-104.41,0.0,72.51666666666667,100.0,7.325718485400621,11.628592427003106,0.0,0.0,82.0,100.0,31.744288864050468
1788,杏昌,生技醫療業,144.5,2023-04-28,2022Q4,0.0,0.0,0.78,1.56,2.1266666666666665,10.633333333333333,9.73966919327452,23.698345966372596,1.1002543473752007,85.7506210536001,54.0,85.0,31.721542772342573
1216,統一,食品工業,73.6,2023-04-28,2022Q4,24.37,35.26365348399245,-13.71,0.0,7.063333333333333,35.31666666666666,5.52874473671238,2.6437236835618982,3.6562565818290262,100.0,22.79707990669,6.9926997667250035,31.685527210939362
4561,健椿,電機機械,24.6,2023-04-28,2022Q4,0.0,0.0,-22.49,0.0,-27.563333333333333,0.0,11.208472732718137,31.042363663590688,1.802110981349754,100.0,48.0,70.0,31.656354549538605
8928,鉅明,運動休閒,37.6,2023-04-28,2022Q4,0.0,0.0,19.79,39.58,1.9766666666666668,9.883333333333335,7.642601589806762,13.213007949033809,1.0257590693317113,75.10843847595878,31.0,27.500000000000004,31.625305554213494
8068,全達,電子通路業,29.85,2023-04-28,2022Q4,0.0,0.0,44.23,88.46,-58.62,0.0,-3.098429310109283,0.0,0.0,0.0,58.0,95.0,31.615
3228,金麗科,半導體業,165.0,2023-04-28,2022Q4,0.0,0.0,-81.85,0.0,-44.92333333333334,0.0,7.043512958698505,10.217564793492526,3.219662529633245,100.0,86.0,100.0,31.53263471902388
6287,元隆,,23.0,2023-04-28,2022Q4,0.0,0.0,134.74,100.0,0.0,0.0,12.965614763635061,39.828073818175305,0.0,0.0,22.0,5.0,31.474211072726295
4952,凌通,半導體業,55.7,2023-04-28,2022Q4,10.45,86.04651162790698,-12.07,0.0,-53.79333333333333,0.0,19.89579014657153,74.47895073285767,0.558493764002085,8.35625200029785,75.600176351697,100.0,31.44774417277892
2528,皇普,建材營造業,24.55,2023-04-28,2022Q4,38.97,0.0,-57.05,0.0,378.74,100.0,17.936844954519508,64.68422477259755,-4.934347353717213,0.0,26.8834385248558,17.208596312139505,31.423493347103584
4989,榮科,電子零組件業,26.05,2023-04-28,2022Q4,17.72,13.953934740882934,-61.01,0.0,-13.679999999999998,0.0,3.3001832776385713,0.0,1.6226440190350453,100.0,76.8997314486535,100.0,31.395393474088294
4584,君帆,電機機械,50.8,2023-04-28,2022Q4,0.0,0.0,-28.8,0.0,-20.096666666666668,0.0,10.460881120741037,27.304405603705185,2.143415354223877,100.0,49.0,72.5,31.345660840555777
1201,味全,食品工業,20.05,2023-04-28,2022Q4,42.66,0.0,-53.0,0.0,6.04,30.2,1.6731578175793997,0.0,3.532001847821111,100.0,41.0286987456885,52.57174686422126,31.297174686422125
2636,台驊控股,航運業,76.9,2023-04-28,2022Q4,4.13,100.0,-39.96,0.0,-66.52333333333333,0.0,8.992665965176588,19.96332982588294,0.8839877475390305,54.85539250557579,49.2795044235069,73.19876105876725,31.285454080874324
2915,潤泰全,貿易百貨業,57.8,2023-04-28,2022Q4,5.07,100.0,-37.92,0.0,11.283333333333333,56.41666666666667,1.9545298770612292,0.0,-0.06531200386312373,0.0,77.9492722981968,100.0,31.283333333333335
4530,宏易,觀光餐旅,6.87,2023-04-28,2022Q4,0.0,0.0,42.55,85.1,-2.566666666666667,0.0,-6.1457030415815,0.0,0.0,0.0,68.0,100.0,31.275
8111,立,光電業,22.6,2023-04-28,2022Q4,0.0,0.0,-70.91,0.0,-9.156666666666666,0.0,6.630736082339602,8.153680411698012,2.012672036864107,100.0,66.0,100.0,31.2230520617547
1558,伸興,電機機械,111.5,2023-04-28,2022Q4,15.01,50.16627868307283,-6.91,0.0,-12.159999999999998,0.0,5.25904578129808,1.2952289064904,2.4168446342765617,100.0,43.955844391073,59.88961097768251,31.19987330204909
5443,均豪,半導體業,28.4,2023-04-28,2022Q4,0.0,0.0,56.49,100.0,-31.336666666666662,0.0,8.931899950485596,19.659499752427976,0.27102255253716045,0.0,33.0,32.5,31.198924962864197
2204,中華,汽車工業,79.0,2023-04-28,2022Q4,0.0,0.0,-285.4,0.0,28.143333333333334,100.0,6.565725571642564,7.828627858212819,0.0,0.0,66.6716945448903,100.0,31.174294178731923
3645,達邁,電子零組件業,33.5,2023-04-28,2022Q4,29.65,0.0,-51.29,0.0,-56.31666666666666,0.0,7.279607909556675,11.398039547783375,2.380335847483833,100.0,57.7827127072173,94.45678176804326,31.15538410897183
5603,陸海,航運業,21.25,2023-04-28,2022Q4,0.0,0.0,-73.31,0.0,-3.193333333333334,0.0,6.529156073994752,7.64578036997376,1.894934107121267,100.0,66.0,100.0,31.146867055496063
2947,振宇五金,居家生活,92.0,2023-04-28,2022Q4,0.0,0.0,-44.57,0.0,9.18,45.9,5.155004044055781,0.7750202202789058,2.6915489800493164,100.0,27.0,17.5,31.046253033041836
1440,南紡,紡織纖維,16.9,2023-04-28,2022Q4,24.14,22.612137203166217,-60.45,0.0,-6.386666666666667,0.0,1.6556316411807743,0.0,2.3366643521397283,100.0,55.0449765892901,87.61244147322526,31.02245786763915
8421,旭源,其他業,15.65,2023-04-28,2022Q4,0.0,0.0,518.84,100.0,-11.230000000000002,0.0,-6.23224710067149,0.0,0.23786804167105124,0.0,44.0,60.0,31.0
4526,東台,電機機械,17.25,2023-04-28,2022Q4,47.92,0.0,-47.06,0.0,7.493333333333332,37.46666666666666,1.9726706560205958,0.0,8.450288604254851,100.0,34.0242156601724,35.060539150431005,30.999387248376433
9937,全國,油電燃氣業,59.6,2023-04-28,2022Q4,25.36,50.294869274621604,-10.31,0.0,-1.45,0.0,3.0467852249029903,0.0,2.1475518397417326,100.0,43.5584068845287,58.89601721132175,30.919088648594332
6207,雷科,電子零組件業,27.5,2023-04-28,2022Q4,0.0,0.0,-40.72,0.0,-29.44333333333333,0.0,11.86916359598203,34.34581797991015,3.8847472036982915,100.0,43.0,57.49999999999999,30.901872696986523
3231,緯創,電腦及週邊設備業,46.5,2023-04-28,2022Q4,11.86,70.08086253369272,6.65,13.3,-7.25,0.0,2.7901289379342527,0.0,4.787480455681283,100.0,22.2638988691388,5.659747172846998,30.89906097065397
1227,佳格,食品工業,40.4,2023-04-28,2022Q4,30.15,8.05084745762712,-50.37,0.0,-8.57,0.0,4.988642178488943,0.0,1.5409349162917656,100.0,62.6985608326247,100.0,30.805084745762713
3363,上詮,通信網路業,38.8,2023-04-28,2022Q4,0.0,0.0,-77.06,0.0,-26.283333333333335,0.0,5.993981460628054,4.9699073031402685,4.5950320069756065,100.0,76.0,100.0,30.74548609547104
2457,飛宏,電子零組件業,73.5,2023-04-28,2022Q4,386.84,0.0,120.65,100.0,-4.47,0.0,0.09742769344911656,0.0,-4.187390469247269,0.0,42.6682190184062,56.67054754601549,30.66705475460155
1304,台聚,塑膠工業,25.5,2023-04-28,2022Q4,17.59,50.339943342776195,-70.04,0.0,-22.47,0.0,8.63371384449796,18.1685692224898,6.26956839348285,100.0,31.5096444734734,28.774111183683505,30.63669083601944
8431,匯鑽科,其他電子業,61.1,2023-04-28,2022Q4,0.0,0.0,-86.08,0.0,-29.709999999999997,0.0,7.789878758538318,13.949393792691591,9.60355552142528,100.0,54.0,85.0,30.592409068903738
4503,金雨,電機機械,52.7,2023-04-28,2022Q4,0.0,0.0,1.18,2.36,57.620000000000005,100.0,-34.90529989791437,0.0,0.0,0.0,78.0,100.0,30.59
1456,怡華,建材營造業,15.65,2023-04-28,2022Q4,0.0,0.0,-116.7,0.0,20.383333333333333,100.0,19.09031996759822,70.4515998379911,0.0,0.0,14.1111316837296,0.0,30.567739975698665
6288,聯嘉,,33.55,2023-04-28,2022Q4,372.78,0.0,50.0,100.0,0.0,0.0,-3.352332375539021,0.0,0.0,0.0,42.26908117152,55.6727029288,30.56727029288
1611,中電,電器電纜,17.7,2023-04-28,2022Q4,73.75,0.0,-72.09,0.0,-14.613333333333335,0.0,5.6810417779656905,3.4052088898284523,2.530279121504514,100.0,78.2314575924506,100.0,30.510781333474267
9904,寶成,運動休閒,31.75,2023-04-28,2022Q4,7.4,72.18717139852787,-12.45,0.0,-3.766666666666667,0.0,3.9611950498099415,0.0,1.9016611894719235,100.0,32.9745224965024,32.436306241256005,30.462347763978386
2338,光罩,半導體業,80.0,2023-04-28,2022Q4,23.32,7.28274173806609,-38.39,0.0,-8.34,0.0,16.125267693891242,55.626338469456215,2.0081461907922886,100.0,25.4118587556432,13.529646889107996,30.425189633135837
2107,厚生,橡膠工業,21.9,2023-04-28,2022Q4,10.38,97.78672032193158,-7.93,0.0,-37.21666666666667,0.0,19.14421680708099,70.72108403540496,-0.030084981536749458,0.0,86.2156280104846,100.0,30.386834637503902
5522,遠雄,建材營造業,61.4,2023-04-28,2022Q4,8.72,86.46630236794171,-9.51,0.0,-14.096666666666666,0.0,26.0893298231807,100.0,0.1270300182996774,0.0,46.8779882320831,67.19497058020775,30.366127294814945
1531,高林股,電機機械,14.4,2023-04-28,2022Q4,14.12,56.08579980046559,8.51,17.02,-51.98,0.0,3.8942055542245906,0.0,0.8665350931293944,52.36215616134206,81.1738564393869,100.0,30.336011212314972
8933,愛地雅,運動休閒,12.05,2023-04-28,2022Q4,0.0,0.0,282.76,100.0,-6.823333333333333,0.0,6.395981484926097,6.979907424630487,-2.577318323473642,0.0,37.0,42.5,30.296986113694572
6661,威健生技,生技醫療業,22.45,2023-04-28,2022Q4,0.0,0.0,-30.51,0.0,-22.936666666666667,0.0,5.3706286754541015,1.8531433772705073,5.3838986599664995,100.0,70.0,100.0,30.277971506590575
6165,浪凡,數位雲端,31.25,2023-04-28,2022Q4,50.4,52.268760907504365,-76.15,0.0,-6.203333333333333,0.0,3.0974061100018164,0.0,6.43702008491674,100.0,40.1413067848545,50.353266962136246,30.26220278696406
6195,詩肯,居家生活,46.15,2023-04-28,2022Q4,0.0,0.0,-22.38,0.0,-5.196666666666667,0.0,10.341855252787031,26.709276263935156,1.827438753196694,100.0,45.0,62.5,30.256391439590274
4994,傳奇,資訊服務業,45.0,2023-04-28,2022Q4,93.75,0.0,-60.98,0.0,-28.99,0.0,5.290154412440742,1.4507720622037112,4.83126029420117,100.0,68.3685930318219,100.0,30.217615809330557
8927,北基,油電燃氣業,44.35,2023-04-28,2022Q4,0.0,0.0,-30.43,0.0,8.703333333333333,43.516666666666666,-0.1655208517780019,0.0,3.103880792284054,100.0,26.0,15.0,30.203333333333333
4737,華廣,生技醫療業,74.7,2023-04-28,2022Q4,49.8,0.0,3.45,6.9,2.323333333333333,11.616666666666664,5.944886181918032,4.72443090959016,1.5632188959077176,100.0,41.589396557658,53.973491394145,30.154347109186357
8234,新漢,電腦及週邊設備業,39.1,2023-04-28,2022Q4,0.0,0.0,539.0,100.0,0.20333333333333314,1.0166666666666657,5.178232790771202,0.891163953856009,0.4744953380005054,0.0,39.0,47.5,30.087007926411733
6834,天二科技,電子零組件業,27.7,2023-04-28,2022Q4,23.47,0.0,-44.0,0.0,-34.99666666666667,0.0,5.102484915060044,0.512424575300221,2.7323732862584067,100.0,74.7686038425364,100.0,30.076863686295034
6666,羅麗芬-KY,生技醫療業,87.8,2023-04-28,2022Q4,75.69,0.0,-21.62,0.0,0.0,0.0,5.098751481792154,0.49375740896076875,3.7492246506366986,100.0,74.932379086668,100.0,30.074063611344116
1726,永記,化學工業,74.3,2023-04-28,2022Q4,14.77,71.56133828996282,-7.71,0.0,3.8833333333333333,19.416666666666664,8.9309285823385,19.654642911692505,0.7128981403949052,30.414020056415026,83.8467838511981,100.0,30.070467610366496
1423,利華,紡織纖維,21.4,2023-04-28,2022Q4,40.38,0.0,-52.25,0.0,-39.81666666666666,0.0,-20.687499289538597,0.0,4.297232447171098,100.0,91.6642977082134,100.0,30.0
1732,毛寶,化學工業,28.0,2023-04-28,2022Q4,233.33,0.0,-73.91,0.0,-6.246666666666667,0.0,-0.6123307573994935,0.0,5.329398103348171,100.0,73.7312104793239,100.0,30.0
1711,永光,化學工業,21.9,2023-04-28,2022Q4,32.21,0.0,-20.93,0.0,-17.650000000000002,0.0,4.282149806639944,0.0,2.2785819588069396,100.0,64.3827913079479,100.0,30.0
1617,榮星,電器電纜,15.3,2023-04-28,2022Q4,47.81,0.0,-77.24,0.0,-25.30666666666667,0.0,-1.1888999150606274,0.0,6.691961987725203,100.0,63.8068901108731,100.0,30.0
9902,台火,其他業,13.25,2023-04-28,2022Q4,0.0,0.0,-143.48,0.0,2957.4533333333334,100.0,-12.30243834211385,0.0,0.0,0.0,92.1333298989223,100.0,30.0
2374,佳能,光電業,20.3,2023-04-28,2022Q4,43.19,0.0,-80.17,0.0,-9.93,0.0,-0.4422850961519361,0.0,2.262568057741037,100.0,70.9307486135134,100.0,30.0
2305,全友,電腦及週邊設備業,22.55,2023-04-28,2022Q4,375.83,0.0,0.0,0.0,-0.09666666666666712,0.0,-19.343712212272642,0.0,4.729124728238989,100.0,74.1396937495202,100.0,30.0
2369,菱生,半導體業,14.25,2023-04-28,2022Q4,25.91,0.0,-76.17,0.0,-28.236666666666668,0.0,0.6356123370723143,0.0,5.3924097042322146,100.0,65.2353661013147,100.0,30.0
2431,聯昌,電子零組件業,11.5,2023-04-28,2022Q4,127.78,0.0,-91.26,0.0,-35.486666666666665,0.0,-9.96788036384932,0.0,2.509935682058174,100.0,76.8670940727299,100.0,30.0
4905,台聯電,通信網路業,51.0,2023-04-28,2022Q4,0.0,0.0,-200.0,0.0,118.42999999999999,100.0,-19.287307808260476,0.0,0.0,0.0,99.0,100.0,30.0
5484,慧友,光電業,17.0,2023-04-28,2022Q4,0.0,0.0,-100.0,0.0,57.63666666666666,100.0,-15.262301051130123,0.0,0.0,0.0,72.0358113885282,100.0,30.0
2032,新鋼,鋼鐵工業,18.55,2023-04-28,2022Q4,63.97,0.0,-77.34,0.0,-27.679999999999996,0.0,0.5071306225076738,0.0,6.713470797571698,100.0,88.5771148312626,100.0,30.0
8410,森田,電腦及週邊設備業,29.7,2023-04-28,2022Q4,0.0,0.0,-46.49,0.0,-11.47,0.0,-6.772801637948354,0.0,12.00196656833825,100.0,74.0,100.0,30.0
8176,智捷,通信網路業,11.0,2023-04-28,2022Q4,0.0,0.0,-6.82,0.0,94.53333333333335,100.0,-23.06842928564856,0.0,0.0,0.0,65.0,100.0,30.0
6020,大展證,金融保險業,18.55,2023-04-28,2022Q4,0.0,0.0,-131.47,0.0,399.74666666666667,100.0,0.0,0.0,0.0,0.0,67.0,100.0,30.0
5864,致和證,金融保險業,15.6,2023-04-28,2022Q4,0.0,0.0,-131.94,0.0,95.99333333333334,100.0,-515.4242453560371,0.0,0.0,0.0,78.0,100.0,30.0
8086,宏捷科,半導體業,82.8,2023-04-28,2022Q4,0.0,0.0,-98.37,0.0,-43.15,0.0,-1.704586156170465,0.0,37.02581680280046,100.0,94.0,100.0,30.0
3372,典範,半導體業,12.25,2023-04-28,2022Q4,0.0,0.0,-79.5,0.0,-56.77333333333333,0.0,1.2354358851940628,0.0,4.325456447318372,100.0,90.0,100.0,30.0
6233,旺玖,半導體業,26.05,2023-04-28,2022Q4,0.0,0.0,-33.33,0.0,-17.123333333333335,0.0,-0.21970099675353563,0.0,1.3271396818261283,100.0,89.0,100.0,30.0
6276,安鈦克,電腦及週邊設備業,22.2,2023-04-28,2022Q4,0.0,0.0,-31.19,0.0,-23.36,0.0,0.7777050629076613,0.0,5.1375770887893895,100.0,63.0,100.0,30.0
3432,台端,電子零組件業,13.4,2023-04-28,2022Q4,0.0,0.0,-2143.02,0.0,84.26,100.0,-130.3031903655187,0.0,0.0,0.0,90.6894249398888,100.0,30.0
6210,慶生,電子零組件業,35.5,2023-04-28,2022Q4,0.0,0.0,-72.88,0.0,-42.49333333333333,0.0,2.3669532154916126,0.0,5.688342557116504,100.0,86.0,100.0,30.0
1463,強盛新,紡織纖維,14.25,2023-04-28,2022Q4,33.93,0.0,-14.29,0.0,-29.463333333333335,0.0,0.9206907398594968,0.0,2.058878341389552,100.0,78.6156774307961,100.0,30.0
1325,恆大,塑膠工業,23.95,2023-04-28,2022Q4,126.05,0.0,-94.17,0.0,-22.27,0.0,-0.9065505588770472,0.0,4.7,100.0,92.5080223654632,100.0,30.0
4130,健亞,生技醫療業,29.3,2023-04-28,2022Q4,0.0,0.0,0.0,0.0,32.68666666666667,100.0,-3.165747027411404,0.0,0.0,0.0,90.0,100.0,30.0
3049,精金,光電業,10.05,2023-04-28,2022Q4,335.0,0.0,-97.58,0.0,-41.300000000000004,0.0,-4.021009466895376,0.0,31.386081059260455,100.0,64.9522354190958,100.0,30.0
3054,立萬利,食品工業,19.1,2023-04-28,2022Q4,0.0,0.0,-372.73,0.0,37.36666666666667,100.0,-118.11521713545959,0.0,0.0,0.0,94.9664237996446,100.0,30.0
6535,順藥,生技醫療業,42.45,2023-04-28,2022Q4,0.0,0.0,-576.56,0.0,1035.4933333333333,100.0,-1148.2583890098342,0.0,0.0,0.0,86.0,100.0,30.0
6560,欣普羅,光電業,35.75,2023-04-28,2022Q4,0.0,0.0,-82.89,0.0,-75.33,0.0,4.398987086171751,0.0,3.1822902596428033,100.0,85.0,100.0,30.0
6103,合邦,半導體業,35.2,2023-04-28,2022Q4,0.0,0.0,-172.41,0.0,77.10333333333334,100.0,-13.995295698924732,0.0,0.0,0.0,65.0,100.0,30.0
6154,順發,電子通路業,16.4,2023-04-28,2022Q4,0.0,0.0,-36.93,0.0,-21.606666666666666,0.0,2.1397246083973065,0.0,3.0243738368051662,100.0,64.0,100.0,30.0
6697,東捷資訊,資訊服務業,42.5,2023-04-28,2022Q4,0.0,0.0,-23.02,0.0,-12.186666666666667,0.0,3.871307715553337,0.0,1.298035621214572,100.0,63.0,100.0,30.0
6733,博晟生醫,生技醫療業,38.15,2023-04-28,2022Q4,0.0,0.0,-30.66,0.0,121.12,100.0,-697.1093302804809,0.0,0.0,0.0,86.0,100.0,30.0
6124,業強,電子零組件業,27.1,2023-04-28,2022Q4,0.0,0.0,-64.34,0.0,-15.32,0.0,0.10881788035003324,0.0,6.300379734893156,100.0,69.0,100.0,30.0
4706,大恭,化學工業,17.45,2023-04-28,2022Q4,0.0,0.0,-43.36,0.0,-28.076666666666668,0.0,2.8580563183998033,0.0,2.2812328013208587,100.0,90.0,100.0,30.0
6130,星寶國際,生技醫療業,33.3,2023-04-28,2022Q4,0.0,0.0,-97.17,0.0,226.21,100.0,-27.957027122226137,0.0,-13.547021943573668,0.0,82.0,100.0,30.0
4968,立積,半導體業,170.5,2023-04-28,2022Q4,0.0,0.0,-88.21,0.0,-26.013333333333332,0.0,-0.5016955004285042,0.0,6.7597304709493455,100.0,68.8124747316846,100.0,30.0
3067,全域,其他電子業,33.7,2023-04-28,2022Q4,0.0,0.0,-107.43,0.0,711.7233333333334,100.0,-6.752589465919452,0.0,0.0,0.0,73.0,100.0,30.0
3591,艾笛森,光電業,23.05,2023-04-28,2022Q4,115.25,0.0,-78.95,0.0,-4.443333333333333,0.0,2.3648969615897646,0.0,6.348526200873362,100.0,68.7949096016546,100.0,30.0
3714,富采,光電業,49.9,2023-04-28,2022Q4,998.0,0.0,-98.44,0.0,-44.416666666666664,0.0,-1.612279137413105,0.0,209.31627393225332,100.0,74.4820433640406,100.0,30.0
3615,安可,光電業,17.75,2023-04-28,2022Q4,0.0,0.0,-93.71,0.0,-8.573333333333334,0.0,2.5690705203314006,0.0,33.93025623621246,100.0,66.0,100.0,30.0
3287,廣寰科,電腦及週邊設備業,13.95,2023-04-28,2022Q4,0.0,0.0,-98.25,0.0,-6.93,0.0,3.4033647052550196,0.0,142.96229971724787,100.0,72.0,100.0,30.0
6432,今展科,電子零組件業,34.3,2023-04-28,2022Q4,0.0,0.0,-48.45,0.0,-29.113333333333333,0.0,0.23675853592184543,0.0,6.510515418982238,100.0,64.0,100.0,30.0
6405,悅城,光電業,22.3,2023-04-28,2022Q4,318.57,0.0,-95.36,0.0,-53.086666666666666,0.0,-17.4955595026643,0.0,11.021104625056129,100.0,92.4554634444299,100.0,30.0
6499,益安,生技醫療業,57.6,2023-04-28,2022Q4,0.0,0.0,-120.82,0.0,205.2733333333333,100.0,-163.52973514751088,0.0,0.0,0.0,89.0,100.0,30.0
3306,鼎天,通信網路業,25.6,2023-04-28,2022Q4,0.0,0.0,-76.19,0.0,-12.969999999999999,0.0,-4.750246746352953,0.0,2.059738838063961,100.0,83.0,100.0,30.0
6217,中探針,電子零組件業,43.4,2023-04-28,2022Q4,0.0,0.0,-23.7,0.0,-12.776666666666666,0.0,4.65713821983523,0.0,3.1945931509288386,100.0,61.0,100.0,30.0
3518,柏騰,其他電子業,32.15,2023-04-28,2022Q4,103.71,0.0,-40.38,0.0,-43.080000000000005,0.0,-11.216044792441275,0.0,5.7933099153760175,100.0,79.3260721847125,100.0,30.0
6265,方土昶,電子通路業,10.25,2023-04-28,2022Q4,0.0,0.0,-89.06,0.0,-42.653333333333336,0.0,-2.589013582706755,0.0,14.786718041704443,100.0,88.0,100.0,30.0
3713,新晶投控,綠能環保,28.25,2023-04-28,2022Q4,0.0,0.0,104.65,100.0,-3.926666666666667,0.0,8.956947024383362,19.784735121916814,-6.574435564871829,0.0,28.0,20.0,29.967710268287522
2380,虹光,電腦及週邊設備業,10.15,2023-04-28,2022Q4,0.0,0.0,75.36,100.0,-44.163333333333334,0.0,-2.083009701882476,0.0,0.0,0.0,39.6833477229164,49.20836930729101,29.920836930729102
4939,亞電,電子零組件業,16.3,2023-04-28,2022Q4,0.0,0.0,-80.11,0.0,-25.100000000000005,0.0,6.870246147460303,9.351230737301517,8.198663373528985,100.0,54.0,85.0,29.902684610595227
6806,森崴能源,綠能環保,112.0,2023-04-28,2022Q4,107.69,0.0,-64.92,0.0,112.77,100.0,5.867838496863195,4.339192484315975,-12.494018968793847,0.0,56.8343485028916,92.085871257229,29.859465998370297
6485,點序,半導體業,98.5,2023-04-28,2022Q4,0.0,0.0,-20.41,0.0,-29.53333333333333,0.0,27.197820926949117,100.0,0.6684417776111007,24.063111087300097,82.0,100.0,29.81262221746002
3010,華立,電子通路業,87.2,2023-04-28,2022Q4,8.28,62.51980982567355,-12.61,0.0,-24.72,0.0,3.5930737590073036,0.0,1.5207127334191888,100.0,34.0782504558757,35.19562613968924,29.771543596536276
5013,強新,鋼鐵工業,35.35,2023-04-28,2022Q4,0.0,0.0,-7.94,0.0,-28.143333333333334,0.0,10.313803555106766,26.569017775533833,2.855416034017149,100.0,43.0,57.49999999999999,29.735352666330076
1326,台化,塑膠工業,68.9,2023-04-28,2022Q4,54.68,0.0,-80.79,0.0,-12.373333333333333,0.0,-1.391450861849466,0.0,4.447600669118725,100.0,58.7046020857437,96.76150521435926,29.67615052143593
2458,義隆,半導體業,94.3,2023-04-28,2022Q4,12.47,73.68421052631578,-57.14,0.0,-39.88666666666666,0.0,21.368822524167175,81.84411262083587,0.35603362216244455,0.0,66.7152751667376,100.0,29.645037945756957
9911,櫻花,居家生活,64.4,2023-04-28,2022Q4,13.82,13.640848544647287,0.87,1.7399999999999998,-5.216666666666667,0.0,13.535013738207216,42.675068691036074,0.9004416354250495,57.20594791786422,65.2090411901165,100.0,29.641534741692986
1103,嘉泥,水泥工業,20.05,2023-04-28,2022Q4,0.0,0.0,-127.45,0.0,30.46666666666667,100.0,-17.543470418550456,0.0,0.0,0.0,58.4582320145871,96.14558003646773,29.614558003646774
2104,國際中橡,橡膠工業,20.0,2023-04-28,2022Q4,28.57,6.287726358148893,-80.0,0.0,-10.22,0.0,7.443794013980915,12.218970069904573,1.1208053790062145,88.6864827151735,57.5719137285917,93.92978432147926,29.591893121483203
1338,廣華-KY,汽車工業,44.25,2023-04-28,2022Q4,27.15,0.0,-59.65,0.0,0.0,0.0,2.85894587220416,0.0,7.394200793668259,100.0,58.1882017987766,95.47050449694152,29.547050449694154
3092,鴻碩,電子零組件業,37.75,2023-04-28,2022Q4,53.17,0.0,184.0,100.0,-47.93333333333334,0.0,2.446501371576672,0.0,-0.37276792504486966,0.0,38.0397995656506,45.09949891412649,29.50994989141265
3213,茂訊,電腦及週邊設備業,51.7,2023-04-28,2022Q4,0.0,0.0,-64.21,0.0,15.893333333333333,79.46666666666667,9.814847771682262,24.074238858411306,0.4942436588250756,0.0,73.0,100.0,29.50446916209503
3224,三顧,電子通路業,53.6,2023-04-28,2022Q4,0.0,0.0,57.5,100.0,-32.98666666666667,0.0,-4.940292940040303,0.0,0.0,0.0,38.0,45.0,29.5
6142,友勁,通信網路業,13.65,2023-04-28,2022Q4,47.07,0.0,-76.42,0.0,75.42333333333333,100.0,-2.6598960616042593,0.0,-3.3095406062775736,0.0,57.7120360424733,94.28009010618325,29.428009010618325
2034,允強,鋼鐵工業,29.2,2023-04-28,2022Q4,25.17,6.907333712336539,-59.44,0.0,-4.726666666666667,0.0,5.628796135939263,3.1439806796963143,3.0071505473854003,100.0,52.9718189512068,82.42954737801699,29.405285210989803
2491,吉祥全,光電業,12.05,2023-04-28,2022Q4,0.0,0.0,-846.03,0.0,45.69,100.0,0.0,0.0,0.0,0.0,57.5390626134275,93.84765653356875,29.384765653356876
2613,中櫃,航運業,22.35,2023-04-28,2022Q4,21.29,22.819593787335712,-35.58,0.0,-8.076666666666666,0.0,10.941478329025287,29.707391645126435,6.387278162168942,100.0,30.5622451575476,26.405612893869,29.378629414889435
6224,聚鼎,電子零組件業,62.7,2023-04-28,2022Q4,59.71,0.0,-82.56,0.0,-15.57,0.0,-6.30895006237149,0.0,1.8836754208454713,100.0,57.3818624366551,93.45465609163774,29.345465609163774
3105,穩懋,半導體業,163.5,2023-04-28,2022Q4,0.0,0.0,-67.05,0.0,-48.74666666666667,0.0,8.092439235323276,15.46219617661638,3.311769317971844,100.0,48.0,70.0,29.31932942649246
6578,達邦蛋白,農業科技業,18.4,2023-04-28,2022Q4,0.0,0.0,40.1,80.2,-7.576666666666667,0.0,-14.406982911698915,0.0,0.0,0.0,57.0,92.5,29.3
2362,藍天,電腦及週邊設備業,30.5,2023-04-28,2022Q4,21.63,4.245283018867929,-53.47,0.0,-14.163333333333332,0.0,8.644497464956755,18.222487324783778,3.8728311781556917,100.0,44.3789499680562,60.9473749201405,29.25263889261841
5228,鈺鎧,電子零組件業,22.3,2023-04-28,2022Q4,0.0,0.0,-19.3,0.0,-27.94333333333333,0.0,7.154965913861503,10.774829569307514,1.3428582847094557,100.0,50.0,75.0,29.116224435396127
3661,世芯-KY,半導體業,1185.0,2023-04-28,2022Q4,46.47,0.0,20.38,40.76,0.0,0.0,16.83803752570818,59.190187628540905,-0.13401500424658774,0.0,65.829424020772,100.0,29.068528144281135
3324,雙鴻,其他電子業,248.0,2023-04-28,2022Q4,0.0,0.0,11.89,23.78,-10.99,0.0,8.467198975592897,17.335994877964485,0.98193034731373,68.84719247339,47.0,67.5,29.064837726372673
1776,展宇,化學工業,21.15,2023-04-28,2022Q4,81.35,0.0,-86.83,0.0,-20.580000000000002,0.0,1.014965860490363,0.0,4.979042398839272,100.0,56.1581069886353,90.39526747158826,29.039526747158824
6593,台灣銘板,資訊服務業,56.6,2023-04-28,2022Q4,0.0,0.0,-85.71,0.0,-8.183333333333334,0.0,0.7386698170931159,0.0,13.123194221508829,100.0,56.0,90.0,29.0
5386,青雲,電腦及週邊設備業,38.3,2023-04-28,2022Q4,0.0,0.0,-13.24,0.0,-64.31666666666666,0.0,2.863776221804481,0.0,15.698755137760822,100.0,56.0,90.0,29.0
2027,大成鋼,鋼鐵工業,44.45,2023-04-28,2022Q4,6.6,100.0,9.49,18.98,-2.4033333333333338,0.0,16.22990283627732,56.14951418138659,0.3404242527305256,0.0,43.198136411785,57.9953410294625,28.96696123015424
3209,全科,電子通路業,41.6,2023-04-28,2022Q4,8.35,61.780243000528266,33.6,67.2,5.543333333333332,27.71666666666666,2.0333486925583797,0.0,-0.39331517729764875,0.0,21.7305781448575,4.326445362143749,28.954002169600535
3484,崧騰,電子零組件業,46.8,2023-04-28,2022Q4,0.0,0.0,-37.87,0.0,-50.669999999999995,0.0,6.846471571083752,9.23235785541876,2.219058915448462,100.0,50.0,75.0,28.884853678312815
6761,穩得,電子零組件業,93.0,2023-04-28,2022Q4,0.0,0.0,-5.27,0.0,-9.036666666666667,0.0,12.070280791397321,35.3514039569866,1.0364034997000848,76.6290713857264,53.0,82.5,28.878524870693273
4938,和碩,電腦及週邊設備業,70.0,2023-04-28,2022Q4,12.37,66.64420485175204,-26.59,0.0,-0.9333333333333336,0.0,1.9265929188658235,0.0,1.2646877554454172,100.0,28.6831230708497,21.70780767712425,28.83520125288763
2524,京城,建材營造業,32.0,2023-04-28,2022Q4,11.68,64.89981785063752,-39.87,0.0,-56.583333333333336,0.0,40.79101571157137,100.0,-0.6050398445438825,0.0,49.2674223389023,73.16855584725575,28.806837369789324
1232,大統益,食品工業,150.0,2023-04-28,2022Q4,19.56,57.90960451977401,-1.29,0.0,12.243333333333334,61.216666666666676,5.973397857758816,4.866989288794081,0.2649157359495354,0.0,69.6662604936483,100.0,28.76434217862985
5523,豐謙,建材營造業,24.7,2023-04-28,2022Q4,0.0,0.0,-48.73,0.0,10268.6,100.0,8.002060300583139,15.010301502915697,-3.2937402584128983,0.0,46.0,65.0,28.751545225437354
3322,建舜電,電子零組件業,21.4,2023-04-28,2022Q4,0.0,0.0,-21.62,0.0,-24.34,0.0,4.836034219825719,0.0,2.2976206513859756,100.0,55.0,87.5,28.75
1535,中宇,電機機械,53.3,2023-04-28,2022Q4,12.66,65.79647489191885,29.14,58.28,-3.3033333333333332,0.0,3.7610923408079984,0.0,-0.033407041817877924,0.0,50.3991840906285,75.99796022657127,28.749443511849012
1727,中華化,化學工業,40.8,2023-04-28,2022Q4,36.76,0.0,-40.32,0.0,-26.02,0.0,2.8703294664297307,0.0,2.8248955722639932,100.0,54.8963650801935,87.24091270048375,28.724091270048376
5016,松和,鋼鐵工業,30.95,2023-04-28,2022Q4,0.0,0.0,-57.47,0.0,-19.976666666666667,0.0,5.957270939361598,4.786354696807988,1.5835019889734105,100.0,52.0,80.0,28.717953204521198
6727,亞泰金屬,電子零組件業,67.2,2023-04-28,2022Q4,0.0,0.0,53.57,100.0,0.19666666666666663,0.9833333333333331,7.686875085016605,13.434375425083026,-2.9517180035579362,0.0,26.0,15.0,28.71182298042912
3537,堡達,電子零組件業,37.7,2023-04-28,2022Q4,0.0,0.0,11.34,22.68,-22.403333333333336,0.0,7.5659767322703475,12.829883661351737,0.9218570365861906,60.26529094088436,56.0,90.0,28.647540737379632
2514,龍邦,其他業,17.25,2023-04-28,2022Q4,18.96,33.39483394833947,-62.86,0.0,-9.67,0.0,2.78813113262224,0.0,4.459995175174747,100.0,40.9600435897115,52.40010897427876,28.579494292261824
4564,元翎,電機機械,24.05,2023-04-28,2022Q4,77.58,0.0,-82.29,0.0,-43.39333333333334,0.0,3.1144742428063363,0.0,3.4152360130461275,100.0,54.2598916277603,85.64972906940073,28.564972906940074
3147,大綜,資訊服務業,67.4,2023-04-28,2022Q4,0.0,0.0,39.27,78.54,-0.9666666666666662,0.0,7.57297200914736,12.864860045736801,0.1494806153570816,0.0,48.0,70.0,28.56472900686052
6186,新潤,建材營造業,43.85,2023-04-28,2022Q4,0.0,0.0,-27.27,0.0,550.0,100.0,16.366351118933466,56.831755594667335,-1.5180413631252139,0.0,17.0,0.0,28.5247633392001
6706,惠特,光電業,86.7,2023-04-28,2022Q4,6.85,100.0,-9.44,0.0,-78.27333333333333,0.0,16.226492036884633,56.13246018442316,0.02215853961233838,0.0,61.6609920401228,100.0,28.419869027663474
2453,凌群,資訊服務業,73.2,2023-04-28,2022Q4,29.16,15.745856353591158,16.2,32.4,2.2933333333333334,11.466666666666667,4.443390195552526,0.0,0.8456267698320903,49.375252833155756,46.2203547285871,65.55088682146774,28.398058217470375
2723,美食-KY,觀光餐旅,155.5,2023-04-28,2022Q4,58.02,0.0,-55.85,0.0,0.0,0.0,3.747612719508353,0.0,5.2881539779995945,100.0,53.180157011634,82.95039252908501,28.295039252908502
3252,海灣,觀光餐旅,18.05,2023-04-28,2022Q4,0.0,0.0,-87.32,0.0,-9.03,0.0,6.052115292300629,5.260576461503144,23.929317094388864,100.0,50.0,75.0,28.28908646922547
4137,麗豐-KY,生技醫療業,219.0,2023-04-28,2022Q4,25.09,47.46628524724152,-49.09,0.0,0.0,0.0,28.997741576374775,100.0,0.40238520511720155,0.0,54.1101295931052,85.275323982763,28.27416092300045
2540,愛山林,建材營造業,77.1,2023-04-28,2022Q4,46.17,0.0,-60.71,0.0,28.863333333333333,100.0,15.13632206100114,50.6816103050057,-9.365014675618232,0.0,22.6334818305985,6.583704576496255,28.260612003400478
3317,尼克森,半導體業,54.8,2023-04-28,2022Q4,0.0,0.0,22.49,44.98,-21.703333333333333,0.0,14.352723932009507,46.76361966004753,0.3945678351618946,0.0,78.0,100.0,28.259542949007127
2250,IKKA-KY,汽車工業,72.8,2023-04-28,2022Q4,21.8,15.846153846153843,-41.58,0.0,0.0,0.0,3.3247361641813358,0.0,2.060460073439913,100.0,46.6904135539431,66.72603388485776,28.257218773101158
4528,江興鍛,電機機械,34.7,2023-04-28,2022Q4,0.0,0.0,-0.47,0.0,-23.343333333333334,0.0,4.810534725084681,0.0,1.2154197277891616,100.0,53.0,82.5,28.25
4430,耀億,其他業,22.85,2023-04-28,2022Q4,0.0,0.0,-77.33,0.0,-13.816666666666665,0.0,-2.9036373545055785,0.0,35.583474576271186,100.0,53.0,82.5,28.25
1815,富喬,電子零組件業,11.75,2023-04-28,2022Q4,0.0,0.0,-94.96,0.0,-14.303333333333333,0.0,4.798486777472044,0.0,49.146718269200264,100.0,53.0,82.5,28.25
4127,天良,生技醫療業,15.7,2023-04-28,2022Q4,0.0,0.0,27.45,54.89999999999999,-19.55666666666667,0.0,11.02846990575623,30.142349528781153,0.36784855668196564,0.0,70.0,100.0,28.24635242931717
4541,晟田,其他業,47.2,2023-04-28,2022Q4,0.0,0.0,0.0,0.0,2.896666666666665,14.483333333333325,5.129226104586385,0.6461305229319247,3.189263406397036,100.0,41.0,52.5,28.243586245106453
9935,慶豐富,居家生活,19.6,2023-04-28,2022Q4,14.96,2.3926985693142777,184.78,100.0,-22.73,0.0,4.9541372206489935,0.0,-1.8965959626639346,0.0,31.898521540655,29.7463038516375,28.21390024209518
8112,至上,電子通路業,43.4,2023-04-28,2022Q4,8.95,55.441098784997365,-26.5,0.0,-53.73333333333333,0.0,2.1740292480827796,0.0,4.961675039386598,100.0,30.4551268602646,26.137817150661498,28.157891593565886
1413,宏洲,紡織纖維,9.36,2023-04-28,2022Q4,12.48,84.14248021108179,-6.25,0.0,-47.19333333333333,0.0,2.686261913397393,0.0,0.9622580547450046,66.03686496357209,46.0737512302065,65.18437807551625,28.14005882137422
4183,福永生技,生技醫療業,19.6,2023-04-28,2022Q4,0.0,0.0,37.18,74.36,-3.5,0.0,3.4553740193159164,0.0,0.19708201892744479,0.0,58.0,95.0,28.09
6225,天瀚,光電業,11.95,2023-04-28,2022Q4,0.0,0.0,-5.26,0.0,18.02,90.10000000000001,-9.1441111923921,0.0,0.0,0.0,88.8732625700618,100.0,28.020000000000003
6123,上奇,資訊服務業,70.2,2023-04-28,2022Q4,0.0,0.0,12.73,25.46,7.496666666666667,37.483333333333334,8.087301645847909,15.436508229239543,0.6956880209618334,27.9554315659762,45.0,62.5,28.01822921424784
6138,茂達,半導體業,169.5,2023-04-28,2022Q4,0.0,0.0,3.1,6.2,-42.903333333333336,0.0,21.624055135964205,83.12027567982103,0.6834768224291307,26.210974632732952,55.0,87.5,28.010236278519745
9927,泰銘,其他業,44.85,2023-04-28,2022Q4,11.02,82.22632226322263,1.75,3.5000000000000004,-14.796666666666667,0.0,8.306819983465864,16.53409991732932,0.7247825997513746,32.11179996448209,84.3981702564412,100.0,28.00010720681808
6158,禾昌,電子零組件業,26.25,2023-04-28,2022Q4,0.0,0.0,-61.17,0.0,-29.42,0.0,1.4311118248542523,0.0,6.665799699172725,100.0,52.0,80.0,28.0
5452,佶優,其他電子業,21.75,2023-04-28,2022Q4,0.0,0.0,-60.63,0.0,-28.906666666666666,0.0,2.56739689003576,0.0,5.996990386251489,100.0,52.0,80.0,28.0
2486,一詮,光電業,29.45,2023-04-28,2022Q4,62.66,0.0,-73.74,0.0,-16.233333333333334,0.0,-0.028676307423102752,0.0,9.959211137789481,100.0,51.8780633988103,79.69515849702574,27.969515849702574
3188,鑫龍騰,建材營造業,14.15,2023-04-28,2022Q4,0.0,0.0,-64.12,0.0,208.62,100.0,10.5864299871135,27.932149935567494,-19.53108250492464,0.0,35.0,37.5,27.939822490335125
2017,官田鋼,鋼鐵工業,17.7,2023-04-28,2022Q4,25.65,4.1785105173393955,-63.1,0.0,-31.703333333333333,0.0,7.6406169777062605,13.203084888531302,4.429295307466965,100.0,42.1562574616854,55.3906436542135,27.937378150434984
2461,光群雷,其他電子業,23.9,2023-04-28,2022Q4,13.58,39.50366151342555,-24.79,0.0,-14.643333333333333,0.0,-0.25472585126364766,0.0,1.6898539016658312,100.0,35.7446863584846,39.3617158962115,27.886537740963703
6552,易華電,半導體業,35.05,2023-04-28,2022Q4,39.83,0.0,-77.49,0.0,-43.879999999999995,0.0,0.2438427573920752,0.0,8.430723302162,100.0,51.5100737294484,78.775184323621,27.877518432362102
3040,遠見,其他業,31.6,2023-04-28,2022Q4,19.75,28.53628536285362,-18.78,0.0,-0.6600000000000001,0.0,46.772082039171394,100.0,0.46615393763999285,0.0,92.936252117652,100.0,27.853628536285363
3058,立德,電子零組件業,23.85,2023-04-28,2022Q4,0.0,0.0,50.97,100.0,-6.963333333333334,0.0,-2.304256885296587,0.0,0.0,0.0,31.3655697967747,28.413924491936747,27.841392449193677
4580,捷流閥業,電機機械,96.4,2023-04-28,2022Q4,0.0,0.0,-1.62,0.0,8.226666666666667,41.13333333333333,15.877944791494706,54.38972395747352,0.5502899408106331,7.184277258661871,61.0,100.0,27.821980712020068
6721,信實,其他業,51.7,2023-04-28,2022Q4,0.0,0.0,-43.38,0.0,19.026666666666667,95.13333333333334,2.7569962145007803,0.0,0.25428044999026317,0.0,55.0,87.5,27.776666666666667
5212,凌網,資訊服務業,47.0,2023-04-28,2022Q4,0.0,0.0,4.48,8.96,-7.493333333333333,0.0,12.066727255774493,35.33363627887247,0.8755812155265735,53.65445936093908,58.0,95.0,27.77093731401869
5498,凱崴,電子零組件業,11.2,2023-04-28,2022Q4,0.0,0.0,-94.44,0.0,-33.266666666666666,0.0,-6.73146294376933,0.0,18.960347432024168,100.0,51.0,77.5,27.75
3272,東碩,電腦及週邊設備業,43.5,2023-04-28,2022Q4,0.0,0.0,620.69,100.0,-10.829999999999998,0.0,4.512738160363763,0.0,-0.015501638528965108,0.0,31.0,27.500000000000004,27.75
4903,聯光通,通信網路業,20.25,2023-04-28,2022Q4,0.0,0.0,-56.86,0.0,20.63,100.0,-7.637696836214201,0.0,0.0,0.0,51.0,77.5,27.75
6747,亨泰光,,241.0,2023-04-28,2022Q4,0.0,0.0,5.49,10.98,0.0,0.0,33.345649685328404,100.0,0.0,0.0,86.0,100.0,27.745
3450,聯鈞,半導體業,36.9,2023-04-28,2022Q4,27.95,0.0,-48.24,0.0,-23.59,0.0,8.980381744923575,19.901908724617872,8.42585390774877,100.0,39.0348427505729,47.58710687643225,27.743996996335905
9933,中鼎,其他業,42.5,2023-04-28,2022Q4,14.12,63.161131611316115,42.79,85.58,-1.5100000000000005,0.0,3.7276675361181857,0.0,0.03459381716792096,0.0,18.6261491435036,0.0,27.71111316113161
2492,華新科,電子零組件業,95.4,2023-04-28,2022Q4,28.06,0.0,-79.2,0.0,-19.123333333333335,0.0,5.8388063652594395,4.194031826297198,5.411733522680113,100.0,48.2723234806105,70.68080870152626,27.697185644097207
1907,永豐餘,造紙工業,30.8,2023-04-28,2022Q4,23.51,28.2180782180782,-58.15,0.0,-9.876666666666665,0.0,1.44018001534434,0.0,3.7564205742310475,100.0,39.1736528316543,47.93413207913576,27.615221029721397
8163,達方,電腦及週邊設備業,43.9,2023-04-28,2022Q4,10.58,78.70619946091644,1.47,2.94,-18.663333333333334,0.0,5.4506931090111195,2.2534655450555974,1.054780938163231,79.25441973760442,31.2587107833958,28.146776958489493,27.609201421219815
2477,美隆電,其他電子業,20.6,2023-04-28,2022Q4,34.92,0.0,-93.95,0.0,-59.75666666666666,0.0,-0.8946851428468301,0.0,3.6569587960382455,100.0,50.3526704337693,75.88167608442325,27.588167608442326
2002,中鋼,鋼鐵工業,29.1,2023-04-28,2022Q4,24.87,8.612848209209778,-71.39,0.0,-19.98,0.0,4.06287231340003,0.0,1.3688423858264063,100.0,46.7851045108999,66.96276127724975,27.557560948645953
5516,雙喜,建材營造業,25.85,2023-04-28,2022Q4,0.0,0.0,6.79,13.58,68.57666666666667,100.0,8.195855809362316,15.979279046811579,-2.722575436471894,0.0,27.0,17.5,27.541891857021735
4744,皇將,生技醫療業,34.9,2023-04-28,2022Q4,0.0,0.0,-27.49,0.0,-38.25,0.0,-1.1222464423059881,0.0,2.725411074571149,100.0,50.0,75.0,27.5
9946,三發地產,建材營造業,14.45,2023-04-28,2022Q4,33.6,0.0,-36.76,0.0,-22.313333333333333,0.0,7.703201472135335,13.516007360676676,2.715944643713711,100.0,41.7036311388494,54.25907784712351,27.45330888881385
6756,威鋒電子,半導體業,203.5,2023-04-28,2022Q4,19.34,31.64014687882497,-19.02,0.0,-61.98333333333333,0.0,24.01212729941868,95.0606364970934,0.29069360846399966,0.0,83.0882723626027,100.0,27.423110162446505
1256,鮮活果汁-KY,食品工業,308.5,2023-04-28,2022Q4,25.88,28.154425612052727,-43.08,0.0,0.0,0.0,13.495219794835558,42.47609897417779,0.78509970393807,40.72852913401001,78.1995219000056,100.0,27.332563234133943
6874,倍力,資訊服務業,164.0,2023-04-28,2022Q4,0.0,0.0,-0.41,0.0,51.73999999999999,100.0,8.059232132917469,15.296160664587344,-1.5997684502550324,0.0,40.0,50.0,27.2944240996881
3325,旭品,電腦及週邊設備業,18.3,2023-04-28,2022Q4,0.0,0.0,-28.57,0.0,28.636666666666667,100.0,-15.054479617634229,0.0,0.0,0.0,49.0,72.5,27.25
3211,順達,電腦及週邊設備業,76.2,2023-04-28,2022Q4,0.0,0.0,-76.23,0.0,-11.236666666666666,0.0,4.564963126363024,0.0,1.2168943186492371,100.0,49.0,72.5,27.25
8042,金山電,電子零組件業,37.65,2023-04-28,2022Q4,0.0,0.0,-34.68,0.0,-34.88,0.0,4.9566413540124845,0.0,6.570678876632191,100.0,49.0,72.5,27.25
8935,邦泰,其他業,12.3,2023-04-28,2022Q4,0.0,0.0,-38.46,0.0,-31.096666666666668,0.0,1.717087610461277,0.0,5.373080859774821,100.0,49.0,72.5,27.25
3310,佳穎,電子零組件業,67.0,2023-04-28,2022Q4,0.0,0.0,89.47,100.0,-12.726666666666667,0.0,6.9496733294521,9.7483666472605,0.05234813871620103,0.0,23.0,7.5,27.212254997089076
4764,雙鍵,化學工業,51.2,2023-04-28,2022Q4,72.11,0.0,-43.2,0.0,-32.919999999999995,0.0,1.079980185811473,0.0,2.5145053597759994,100.0,48.8356542891631,72.08913572290776,27.208913572290776
1402,遠東新,紡織纖維,31.9,2023-04-28,2022Q4,20.99,39.234828496042226,-15.98,0.0,-2.8766666666666665,0.0,5.436672346206082,2.183361731030411,4.719298280012529,100.0,31.7758973054387,29.439743263596753,27.19496143561846
3605,宏致,電子零組件業,30.15,2023-04-28,2022Q4,17.95,12.188099808061438,-59.62,0.0,-26.136666666666667,0.0,0.5460377980128754,0.0,5.045757348470391,100.0,43.9015181486897,59.75379537172426,27.194189517978568
3356,奇偶,光電業,37.25,2023-04-28,2022Q4,31.3,0.0,-39.59,0.0,5.453333333333333,27.266666666666666,11.955483932126269,34.777419660631345,0.7269496914157472,32.421384487963884,83.166589080031,100.0,27.154223180020814
2642,宅配通,航運業,46.15,2023-04-28,2022Q4,24.95,0.9557945041815952,-26.59,0.0,-7.21,0.0,4.527678744468043,0.0,2.913807370127294,100.0,48.0926855542201,70.23171388555023,27.118750838973185
2376,技嘉,電腦及週邊設備業,131.0,2023-04-28,2022Q4,12.73,64.21832884097036,-51.02,0.0,-8.790000000000001,0.0,5.449389729851058,2.2469486492552893,0.88936458260209,55.623511800298566,56.5241920209054,91.31048005226351,27.0146255467714
1532,勤美,電機機械,34.4,2023-04-28,2022Q4,16.07,43.11606252078484,-33.54,0.0,-36.14333333333334,0.0,7.179974160259704,10.899870801298519,1.5180698649278062,100.0,24.2449324568006,10.612331142001503,27.00781998647341
3276,宇環,電子零組件業,14.2,2023-04-28,2022Q4,0.0,0.0,-26.27,0.0,-45.44,0.0,1.6104643392891735,0.0,1.8080406669647144,100.0,48.0,70.0,27.0
6218,豪勉,通信網路業,24.2,2023-04-28,2022Q4,0.0,0.0,-48.57,0.0,55.10333333333333,100.0,4.703053788407685,0.0,-20.045708634330925,0.0,48.0,70.0,27.0
8240,華宏,光電業,30.55,2023-04-28,2022Q4,0.0,0.0,-39.41,0.0,-39.663333333333334,0.0,3.7810249532510403,0.0,4.680226156595155,100.0,48.0,70.0,27.0
2417,圓剛,電腦及週邊設備業,23.15,2023-04-28,2022Q4,105.23,0.0,-14.81,0.0,-25.25,0.0,1.8506509601779009,0.0,19.49935637510459,100.0,47.8107741812026,69.52693545300652,26.95269354530065
1447,力鵬,紡織纖維,8.08,2023-04-28,2022Q4,0.0,0.0,-112.9,0.0,42.946666666666665,100.0,-1.1761740908593485,0.0,0.0,0.0,47.5111830836387,68.77795770909675,26.877795770909675
6126,信音,電子零組件業,22.95,2023-04-28,2022Q4,0.0,0.0,-6.09,0.0,-16.563333333333333,0.0,8.72766882292796,18.6383441146398,3.5491892426339726,100.0,36.0,40.0,26.795751617195968
1460,宏遠,紡織纖維,7.82,2023-04-28,2022Q4,260.67,0.0,-92.31,0.0,-26.526666666666667,0.0,0.9936188446218998,0.0,15.442272477568212,100.0,47.101970152602,67.754925381505,26.775492538150502
2324,仁寶,電腦及週邊設備業,23.95,2023-04-28,2022Q4,14.34,53.36927223719676,-42.41,0.0,-21.75,0.0,0.8589827243833488,0.0,8.045590105336066,100.0,25.6447069705698,14.111767426424498,26.748103966362127
4721,美琪瑪,化學工業,101.0,2023-04-28,2022Q4,0.0,0.0,5.82,11.64,-49.27,0.0,6.866435309280209,9.332176546401042,0.9318743853668131,61.696340766687584,60.0,100.0,26.649094635297672
3673,TPK-KY,光電業,37.35,2023-04-28,2022Q4,27.87,5.220779220779215,-49.05,0.0,0.0,0.0,0.5657897895626046,0.0,8.390303786014588,100.0,44.3203799949177,60.80094998729425,26.602172920807348
3515,華擎,電腦及週邊設備業,135.5,2023-04-28,2022Q4,28.65,0.0,-55.82,0.0,-8.253333333333332,0.0,6.921649474540473,9.608247372702365,1.0699511556454244,81.42159366363207,55.4742563794479,88.68564094861975,26.594119933493744
3066,李洲,光電業,23.0,2023-04-28,2022Q4,0.0,0.0,33.17,66.34,-24.99,0.0,-48.75965114092976,0.0,-0.4804391096122589,0.0,63.0,100.0,26.585
2450,神腦,通信網路業,34.9,2023-04-28,2022Q4,13.37,81.38311521683347,10.39,20.78,3.233333333333334,16.166666666666668,1.1240109229575634,0.0,-0.5002051553253763,0.0,60.3091325366005,100.0,26.566644855016683
5236,凌陽創新,半導體業,87.8,2023-04-28,2022Q4,0.0,0.0,-44.89,0.0,-38.34,0.0,28.352878603118597,100.0,0.5534786789779196,7.63981128255994,85.0,100.0,26.527962256511987
6226,光鼎,光電業,12.1,2023-04-28,2022Q4,1210.0,0.0,0.0,0.0,-25.886666666666667,0.0,-2.53416832214994,0.0,112.89347408829174,100.0,46.0736801126449,65.18420028161225,26.518420028161223
4401,東隆興,紡織纖維,28.1,2023-04-28,2022Q4,0.0,0.0,-47.1,0.0,-48.94,0.0,3.9165507893761844,0.0,3.232756459986871,100.0,46.0,65.0,26.5
6465,威潤,通信網路業,24.8,2023-04-28,2022Q4,0.0,0.0,-66.67,0.0,57.086666666666666,100.0,-41.073291430548494,0.0,0.0,0.0,46.0,65.0,26.5
3024,憶聲,光電業,14.95,2023-04-28,2022Q4,45.3,0.0,-56.0,0.0,16.48,82.4,3.6861519872497395,0.0,-1.284492339878397,0.0,61.208679819573,100.0,26.48
6015,宏遠證,金融保險業,9.65,2023-04-28,2022Q4,0.0,0.0,-117.85,0.0,40.36333333333334,100.0,-53.89212951965347,0.0,0.0,0.0,45.0,62.5,26.25
8354,冠好,其他業,14.3,2023-04-28,2022Q4,0.0,0.0,-66.67,0.0,-10.44,0.0,-1.1337242353858399,0.0,2.0508179035576295,100.0,45.0,62.5,26.25
4502,健信,電機機械,37.0,2023-04-28,2022Q4,0.0,0.0,86.41,100.0,-9.253333333333334,0.0,0.047521994977405085,0.0,0.0,0.0,25.0,12.5,26.25
5512,力麒,建材營造業,9.58,2023-04-28,2022Q4,0.0,0.0,-85.71,0.0,2.9933333333333323,14.966666666666661,3.0592753330353775,0.0,13.34185911570152,100.0,33.0,32.5,26.243333333333332
4540,全球傳動,電機機械,41.35,2023-04-28,2022Q4,13.69,58.94579314931826,19.84,39.68,-0.4333333333333324,0.0,11.196585426716451,30.982927133582255,0.1302555182721796,0.0,43.1086707699489,57.77167692487225,26.239186077456388
3465,進泰電子,其他電子業,95.4,2023-04-28,2022Q4,0.0,0.0,-76.13,0.0,-50.75,0.0,5.952376814958827,4.761884074794134,3.403921851214657,100.0,42.0,55.00000000000001,26.21428261121912
6641,基士德-KY,綠能環保,55.9,2023-04-28,2022Q4,11.18,83.76777251184834,-20.63,0.0,0.0,0.0,6.283386142659069,6.4169307132953435,0.7379790558692911,33.99700798132731,60.733584365668,100.0,26.138718454444597
2353,宏,電腦及週邊設備業,30.25,2023-04-28,2022Q4,18.11,27.96495956873315,-53.99,0.0,-34.016666666666666,0.0,2.515286772080188,0.0,1.1860123972557841,98.0017710365406,34.8855030830849,37.21375770771225,26.11822593495266
1615,大山,電器電纜,36.2,2023-04-28,2022Q4,12.48,63.871635610766035,-4.29,0.0,5.426666666666666,27.133333333333333,10.727929935077196,28.639649675385982,0.2985934748354806,0.0,68.4041429517088,100.0,26.10977767905117
4198,欣大健康,生技醫療業,25.2,2023-04-28,2022Q4,0.0,0.0,42.18,84.36,3.766666666666667,18.833333333333336,-43.43629267755869,0.0,0.0,0.0,25.0,12.5,26.10666666666667
2102,泰豐,橡膠工業,20.5,2023-04-28,2022Q4,0.0,0.0,42.27,84.54,-20.846666666666668,0.0,-45.110829693890686,0.0,0.0,0.0,39.730852271196,49.32713067799,26.067713067799
2064,晉椿,鋼鐵工業,17.25,2023-04-28,2022Q4,0.0,0.0,-37.02,0.0,-41.0,0.0,2.454916954787758,0.0,5.625531914893617,100.0,44.0,60.0,26.0
4558,寶緯,電機機械,27.65,2023-04-28,2022Q4,0.0,0.0,-72.53,0.0,-44.9,0.0,4.262781868220423,0.0,1.811815400809184,100.0,44.0,60.0,26.0
5706,鳳凰,觀光餐旅,62.8,2023-04-28,2022Q4,0.0,0.0,-140.57,0.0,1653.17,100.0,-29.304407033886598,0.0,0.0,0.0,43.7414370921546,59.353592730386495,25.93535927303865
6163,華電網,通信網路業,24.5,2023-04-28,2022Q4,0.0,0.0,-25.87,0.0,37.13666666666666,100.0,1.9286403085824495,0.0,0.02247695460437229,0.0,43.0,57.49999999999999,25.75
6654,天正國際,其他電子業,47.95,2023-04-28,2022Q4,0.0,0.0,-88.82,0.0,-33.92,0.0,3.7190053095446665,0.0,3.048800921562467,100.0,43.0,57.49999999999999,25.75
6275,元山,電子零組件業,34.7,2023-04-28,2022Q4,0.0,0.0,-2.1,0.0,-6.5133333333333345,0.0,4.7558517241919045,0.0,2.3098585029394973,100.0,43.0,57.49999999999999,25.75
2601,益航,貿易百貨業,9.19,2023-04-28,2022Q4,919.0,0.0,-95.0,0.0,-13.863333333333335,0.0,9.510400103192469,22.55200051596234,87.56056338028169,100.0,29.4274110313752,23.568527578438,25.73965283523815
4923,力士,半導體業,59.9,2023-04-28,2022Q4,0.0,0.0,12.91,25.82,-42.10333333333333,0.0,16.112683340799908,55.563416703999536,0.5318572766754662,4.551039525066605,82.0,100.0,25.699720410613253
2397,友通,電腦及週邊設備業,68.4,2023-04-28,2022Q4,14.84,50.0,-14.31,0.0,-1.2933333333333332,0.0,4.516456284799885,0.0,1.1775571247373304,96.79387496247578,24.7059642491966,11.764910622991502,25.535266054794306
6026,福邦證,金融保險業,11.7,2023-04-28,2022Q4,0.0,0.0,-117.55,0.0,80.38000000000001,100.0,-90.04038443206143,0.0,0.0,0.0,42.0,55.00000000000001,25.5
3162,精確,電機機械,52.3,2023-04-28,2022Q4,0.0,0.0,-326.83,0.0,185.28333333333333,100.0,-8.45219359050894,0.0,0.0,0.0,42.0,55.00000000000001,25.5
2743,山富,觀光餐旅,59.9,2023-04-28,2022Q4,0.0,0.0,-21.34,0.0,1138.92,100.0,-11.175424327198948,0.0,0.0,0.0,42.0,55.00000000000001,25.5
4916,事欣科,電腦及週邊設備業,35.3,2023-04-28,2022Q4,29.17,0.0,-6.2,0.0,56.796666666666674,100.0,3.2023135543166656,0.0,-1.5649915086471113,0.0,41.7528103253435,54.38202581335876,25.438202581335876
1439,雋揚,建材營造業,22.15,2023-04-28,2022Q4,22.15,0.0,-25.49,0.0,16.99666666666667,84.98333333333335,7.164918890192633,10.824594450963163,-6.714982918496828,0.0,47.1252999317404,67.813249829351,25.401680817246245
2106,建大,橡膠工業,31.2,2023-04-28,2022Q4,84.32,0.0,-63.37,0.0,-12.663333333333332,0.0,0.5970110063781076,0.0,4.3239736094230095,100.0,41.5929571383988,53.982392845997005,25.3982392845997
8104,錸寶,光電業,41.0,2023-04-28,2022Q4,100.0,0.0,-85.66,0.0,82.20333333333333,100.0,3.369755486355512,0.0,0.4678298071459608,0.0,41.5641873184523,53.910468296130745,25.391046829613074
6108,競國,電子零組件業,17.35,2023-04-28,2022Q4,78.86,0.0,-85.33,0.0,-19.433333333333334,0.0,-2.0518068947509707,0.0,47.81676893961117,100.0,41.2962921306875,53.24073032671875,25.324073032671876
3285,微端,其他電子業,19.7,2023-04-28,2022Q4,0.0,0.0,-2200.0,0.0,15.303333333333333,76.51666666666667,-4.965962518964219,0.0,0.0,0.0,62.0,100.0,25.303333333333335
3712,永崴投控,電腦及週邊設備業,38.25,2023-04-28,2022Q4,17.79,30.121293800539096,22.16,44.32,10.12,50.6,4.589954188533189,0.0,-4.439316148938139,0.0,24.3190142135284,10.797535533821003,25.291882933436014
3062,建漢,通信網路業,22.8,2023-04-28,2022Q4,0.0,0.0,-1700.0,0.0,15.223333333333334,76.11666666666667,-3.700822930394195,0.0,0.0,0.0,67.4307375611985,100.0,25.223333333333336
1538,正峰,電機機械,9.65,2023-04-28,2022Q4,0.0,0.0,82.85,100.0,-5.409999999999999,0.0,-13.358493477887249,0.0,0.0,0.0,20.8689851402588,2.172462850647001,25.2172462850647
2545,皇翔,建材營造業,46.45,2023-04-28,2022Q4,8.04,91.4207650273224,-22.52,0.0,-70.79333333333334,0.0,28.459824680771607,100.0,-0.6925201020345727,0.0,24.0690067294367,10.172516823591753,25.159328185091415
6282,康舒,電子零組件業,42.3,2023-04-28,2022Q4,34.96,0.0,5.13,10.26,-15.483333333333334,0.0,2.6161077015131253,0.0,2.760951348293419,100.0,29.9280899176346,24.820224794086503,25.047022479408653
6735,美達科技,其他電子業,55.1,2023-04-28,2022Q4,0.0,0.0,-37.05,0.0,-67.02333333333333,0.0,26.286205894428015,100.0,-0.35610843272378007,0.0,87.0,100.0,25.0
3556,禾瑞亞,半導體業,65.3,2023-04-28,2022Q4,0.0,0.0,-12.48,0.0,-26.89,0.0,25.992783599602536,100.0,0.4443875485999534,0.0,75.0,100.0,25.0
8096,擎亞,電子通路業,11.5,2023-04-28,2022Q4,0.0,0.0,-99.09,0.0,-55.42666666666667,0.0,0.1548184868005657,0.0,1370.3396226415093,100.0,40.0,50.0,25.0
4944,兆遠,,12.25,2023-04-28,2022Q4,0.0,0.0,53.43,100.0,0.0,0.0,-50.68577289586986,0.0,0.0,0.0,3.0,0.0,25.0
4943,康控-KY,電子零組件業,15.2,2023-04-28,2022Q4,0.0,0.0,65.86,100.0,0.0,0.0,-77.94193054512635,0.0,0.0,0.0,3.14900528987514,0.0,25.0
2243,宏旭-KY,汽車工業,21.0,2023-04-28,2022Q4,0.0,0.0,64.29,100.0,0.0,0.0,0.8713364063983191,0.0,0.0,0.0,14.5729453127203,0.0,25.0
2312,金寶,其他電子業,13.15,2023-04-28,2022Q4,19.06,0.0,6800.0,100.0,-1.9333333333333336,0.0,1.558655341725289,0.0,-3.681049085250523,0.0,14.1536030596826,0.0,25.0
1417,嘉裕,紡織纖維,14.4,2023-04-28,2022Q4,25.71,14.327176781002638,9.8,19.6,8.56,42.800000000000004,-10.888674524063775,0.0,-1.28033586896221,0.0,60.1265057375085,100.0,24.892717678100265
4720,德淵,化學工業,15.25,2023-04-28,2022Q4,76.25,0.0,-33.33,0.0,-8.883333333333333,0.0,1.263773760891477,0.0,4.1792173139638304,100.0,39.5226053021908,48.80651325547699,24.8806513255477
5521,工信,建材營造業,7.94,2023-04-28,2022Q4,397.0,0.0,-71.43,0.0,14.876666666666667,74.38333333333334,0.6505006794920521,0.0,-20.738524437836833,0.0,72.140696767218,100.0,24.87666666666667
5546,永固-KY,建材營造業,40.5,2023-04-28,2022Q4,61.36,0.0,-79.25,0.0,0.0,0.0,2.6348327745106563,0.0,6.156654606894272,100.0,39.3878130607439,48.46953265185975,24.846953265185974
2630,亞航,航運業,29.6,2023-04-28,2022Q4,370.0,0.0,-83.67,0.0,30.53,100.0,0.9470835875788755,0.0,0.4801690266142783,0.0,39.1872817134517,47.968204283629255,24.796820428362928
3323,加百裕,電腦及週邊設備業,33.75,2023-04-28,2022Q4,0.0,0.0,-12.97,0.0,-42.80666666666667,0.0,1.6859181285074492,0.0,4.917635966383507,100.0,39.0,47.5,24.75
6111,大宇資,文化創意業,73.0,2023-04-28,2022Q4,0.0,0.0,-14.02,0.0,76.29,100.0,-4.925373001784085,0.0,-1.6357532434674276,0.0,39.0,47.5,24.75
2945,三商家購,貿易百貨業,42.95,2023-04-28,2022Q4,52.38,0.0,-74.45,0.0,1.9333333333333333,9.666666666666666,0.21775297682102931,0.0,12.35083372517814,100.0,31.2572947437796,28.143236859449,24.747657019278233
5493,三聯,其他電子業,51.6,2023-04-28,2022Q4,0.0,0.0,-9.25,0.0,-6.843333333333334,0.0,8.454281529528691,17.271407647643457,1.6082483638500733,100.0,28.0,20.0,24.590711147146518
6451,訊芯-KY,半導體業,81.3,2023-04-28,2022Q4,41.69,0.0,-49.07,0.0,0.0,0.0,-1.524029694951486,0.0,3.0202261831830954,100.0,38.311014422017,45.7775360550425,24.57775360550425
2031,新光鋼,鋼鐵工業,48.85,2023-04-28,2022Q4,39.72,0.0,-85.73,0.0,-21.386666666666667,0.0,4.4579147997275745,0.0,3.3991457530306457,100.0,38.3101838922969,45.77545973074225,24.577545973074226
1799,易威,生技醫療業,19.65,2023-04-28,2022Q4,0.0,0.0,3.42,6.84,12.863333333333335,64.31666666666668,-90.1401365031275,0.0,0.0,0.0,63.0,100.0,24.573333333333338
6021,美好證,金融保險業,17.1,2023-04-28,2022Q4,0.0,0.0,-83.81,0.0,-22.75333333333333,0.0,-1.2619787910263887,0.0,12.582547574147094,100.0,38.0,45.0,24.5
4304,勝昱,塑膠工業,10.05,2023-04-28,2022Q4,0.0,0.0,-136.97,0.0,95.48666666666668,100.0,-10.793818409947278,0.0,0.0,0.0,38.0,45.0,24.5
3031,佰鴻,光電業,18.55,2023-04-28,2022Q4,15.99,66.93506493506493,-20.0,0.0,3.9233333333333342,19.61666666666667,7.793500534155465,13.967502670777323,0.5581245633296736,8.303509047096234,80.2616583304075,100.0,24.372667036875672
1409,新纖,紡織纖維,17.6,2023-04-28,2022Q4,10.06,96.91292875989446,-27.39,0.0,-25.706666666666667,0.0,10.211621980516613,26.058109902583066,0.8763341569318083,53.76202241882976,19.5245338174802,0.0,24.35241384514286
6546,正基,通信網路業,81.6,2023-04-28,2022Q4,0.0,0.0,14.6,29.2,-55.843333333333334,0.0,14.368519485646141,46.842597428230704,0.0015024328940160473,0.0,60.0,100.0,24.326389614234607
2718,晶悅,建材營造業,49.35,2023-04-28,2022Q4,0.0,0.0,-3.64,0.0,5557.926666666667,100.0,-55.4932892790429,0.0,0.0,0.0,37.0,42.5,24.25
2317,鴻海,其他電子業,104.5,2023-04-28,2022Q4,10.24,66.68022782750202,1.59,3.18,5.133333333333333,25.666666666666664,2.622422321242273,0.0,0.7754188684845273,39.345552640646765,35.0883875358799,37.72096883969976,24.237563528182864
2926,誠品生活,文化創意業,65.2,2023-04-28,2022Q4,0.0,0.0,17.63,35.26,15.366666666666667,76.83333333333333,-8.874596424090484,0.0,0.0,0.0,5.0,0.0,24.181666666666665
6679,鈺太,半導體業,292.0,2023-04-28,2022Q4,0.0,0.0,-30.94,0.0,-47.98666666666667,0.0,23.88586342293218,94.42931711466089,-0.06110868785561274,0.0,95.0,100.0,24.16439756719913
5014,建錩,鋼鐵工業,16.1,2023-04-28,2022Q4,0.0,0.0,-35.03,0.0,-13.216666666666669,0.0,3.215770137298715,0.0,4.774896474835422,100.0,36.0,40.0,24.0
2348,海悅,其他業,67.7,2023-04-28,2022Q4,10.58,84.93234932349323,-44.35,0.0,-42.160000000000004,0.0,31.394207345751223,100.0,-1.3526820591741813,0.0,21.7073625696689,4.268406424172246,23.92007557476655
3597,映興,電子零組件業,25.5,2023-04-28,2022Q4,0.0,0.0,-1.9,0.0,-26.603333333333335,0.0,8.615083779661212,18.07541889830606,0.9429129693469901,63.2732813352843,54.0,85.0,23.86596910180277
5213,亞昕,建材營造業,27.5,2023-04-28,2022Q4,0.0,0.0,1.52,3.04,55.153333333333336,100.0,9.014646469982935,20.073232349914676,-18.21294347704628,0.0,17.0,0.0,23.770984852487203
6486,互動,通信網路業,69.9,2023-04-28,2022Q4,0.0,0.0,-19.32,0.0,-2.53,0.0,13.654066515867813,43.27033257933907,0.84137725748464,48.76817964066286,50.0,75.0,23.744185815033433
6188,廣明,電腦及週邊設備業,53.8,2023-04-28,2022Q4,0.0,0.0,9.52,19.04,-12.576666666666666,0.0,9.015757238481942,20.078786192409712,0.704675986502307,29.239426643186718,64.0,100.0,23.619703257498802
8473,山林水,綠能環保,29.85,2023-04-28,2022Q4,0.0,0.0,-238.97,0.0,22.426666666666666,100.0,0.9992110418453718,0.0,0.0,0.0,34.4649957465865,36.162489366466254,23.616248936646627
5278,尚凡,數位雲端,174.5,2023-04-28,2022Q4,0.0,0.0,-1.95,0.0,4.22,21.099999999999998,16.153052148777267,55.76526074388634,0.7098384155874745,29.97691651249636,40.0,50.0,23.580172414082224
8472,夠麻吉,數位雲端,43.85,2023-04-28,2022Q4,0.0,0.0,-863.93,0.0,20.786666666666665,100.0,-19.847804842737705,0.0,0.0,0.0,34.0,35.0,23.5
2023,燁輝,鋼鐵工業,15.2,2023-04-28,2022Q4,37.07,0.0,-84.35,0.0,-24.516666666666666,0.0,2.7541203847518134,0.0,2.339573345258287,100.0,33.9048814398248,34.762203599562,23.4762203599562
2851,中再保,金融保險業,18.2,2023-04-28,2022Q4,56.88,0.0,-88.29,0.0,-0.653333333333333,0.0,0.07279017019646504,0.0,8.389867850106407,100.0,33.8117036935309,34.529259233827254,23.452925923382725
3710,連展投控,電子零組件業,11.6,2023-04-28,2022Q4,0.0,0.0,44.4,88.8,-24.78,0.0,-2.4345649162369374,0.0,0.0,0.0,25.0,12.5,23.45
4533,協易機,電機機械,11.6,2023-04-28,2022Q4,0.0,0.0,-50.0,0.0,18.603333333333335,93.01666666666668,-0.8433519003950315,0.0,-2.0174993042026164,0.0,39.0,47.5,23.353333333333335
2356,英業達,電腦及週邊設備業,33.1,2023-04-28,2022Q4,19.36,19.541778975741252,-6.04,0.0,-5.803333333333334,0.0,1.2310227109011458,0.0,3.608982920924307,100.0,25.4270239593984,13.567559898496,23.310933887423726
2390,云辰,其他電子業,12.4,2023-04-28,2022Q4,0.0,0.0,-161.62,0.0,13.31,66.55,-7.051807993233242,0.0,0.0,0.0,82.9307987801676,100.0,23.310000000000002
3260,威剛,半導體業,75.0,2023-04-28,2022Q4,0.0,0.0,-65.1,0.0,-26.05333333333333,0.0,2.0248609805250335,0.0,6.117921753553588,100.0,33.0,32.5,23.25
1533,車王電,汽車工業,57.0,2023-04-28,2022Q4,142.5,0.0,-54.55,0.0,26.44666666666667,100.0,-2.729439688882444,0.0,-9.962343630329334,0.0,32.3748482139524,30.93712053488099,23.093712053488098
2597,潤弘,建材營造業,120.0,2023-04-28,2022Q4,10.77,71.53005464480874,11.85,23.7,-4.659999999999999,0.0,9.923660054296723,24.61830027148362,0.6396182727833484,19.94546754047834,29.243398448674,23.108496121685,23.070693625467584
6246,臺龍,光電業,13.95,2023-04-28,2022Q4,0.0,0.0,-36.26,0.0,-20.206666666666667,0.0,1.0506321477866192,0.0,5.584195804195804,100.0,32.0,30.0,23.0
6179,亞通,其他業,32.5,2023-04-28,2022Q4,0.0,0.0,-148.91,0.0,77.07666666666667,100.0,-5.386973438785617,0.0,0.0,0.0,32.0,30.0,23.0
2314,台揚,通信網路業,47.45,2023-04-28,2022Q4,0.0,0.0,-4.57,0.0,35.58,100.0,-9.342054449266126,0.0,0.0,0.0,31.7625457686457,29.40636442161425,22.940636442161427
1808,潤隆,建材營造業,75.0,2023-04-28,2022Q4,214.29,0.0,-90.57,0.0,428.3433333333333,100.0,8.832678125165948,19.16339062582974,-49.5968615133175,0.0,12.3391483286893,0.0,22.87450859387446
6281,全國電,電子通路業,83.5,2023-04-28,2022Q4,14.2,0.0,-2.81,0.0,-4.9366666666666665,0.0,3.4404647320904767,0.0,1.885430539629323,100.0,31.4882578417522,28.720644604380503,22.87206446043805
3388,崇越電,電子零組件業,74.3,2023-04-28,2022Q4,0.0,0.0,-21.64,0.0,-25.959999999999997,0.0,6.732293307217789,8.661466536088946,0.9047461820645474,57.820883152078196,68.0,100.0,22.863396610828982
6732,昇佳電子,半導體業,334.0,2023-04-28,2022Q4,0.0,0.0,-49.28,0.0,-35.586666666666666,0.0,22.145620024448778,85.72810012224389,0.3175730594122023,0.0,79.0,100.0,22.859215018336585
2705,六福,觀光餐旅,18.3,2023-04-28,2022Q4,0.0,0.0,-13.7,0.0,51.02,100.0,-11.789696499020724,0.0,0.0,0.0,31.1586460108905,27.89661502722625,22.789661502722623
1905,華紙,造紙工業,24.5,2023-04-28,2022Q4,59.76,0.0,-8.89,0.0,0.030000000000000398,0.150000000000002,1.017169201520993,0.0,1.080996290930945,82.99947013299214,44.5395350811112,61.34883770277799,22.76477779687623
8071,能率網通,電子零組件業,14.8,2023-04-28,2022Q4,0.0,0.0,-39.64,0.0,-21.036666666666665,0.0,2.94181010845484,0.0,8.798327083934238,100.0,31.0,27.500000000000004,22.75
2852,第一保,金融保險業,15.7,2023-04-28,2022Q4,9.13,95.52505966587111,1.09,2.18,3.26,16.299999999999997,9.73869304838782,23.693465241939098,0.11415288978915517,0.0,42.838286408273,57.095716020682495,22.621097354946222
2108,南帝,橡膠工業,39.45,2023-04-28,2022Q4,16.3,68.00804828973843,-83.78,0.0,-34.78,0.0,12.706325031325678,38.531625156628394,0.26307192830646836,0.0,82.9135659850082,100.0,22.580548602468102
2239,英利-KY,汽車工業,71.5,2023-04-28,2022Q4,61.11,0.0,-79.26,0.0,0.0,0.0,0.0693402096439519,0.0,7.216902101902066,100.0,30.1652791611383,25.413197902845752,22.541319790284575
1446,宏和,紡織纖維,31.0,2023-04-28,2022Q4,0.0,0.0,-125.0,0.0,19.599999999999998,97.99999999999999,-26.428181497061754,0.0,0.0,0.0,30.7970016107845,26.992504026961246,22.299250402696124
8383,千附,半導體業,45.3,2023-04-28,2022Q4,0.0,0.0,-1.87,0.0,-11.546666666666667,0.0,9.019218826508068,20.096094132540337,0.8235840080126867,46.22628685895525,62.0,100.0,22.2596714916721
2885,元大金,金融保險業,22.6,2023-04-28,2022Q4,13.14,71.59904534606204,-38.35,0.0,-8.393333333333333,0.0,31.052708839365728,100.0,0.36946435426715857,0.0,8.49993605539781,0.0,22.159904534606206
3623,富晶通,光電業,16.2,2023-04-28,2022Q4,0.0,0.0,24.19,48.38,-0.39333333333333326,0.0,-10.4766755852094,0.0,0.0,0.0,72.0,100.0,22.095
4190,佐登-KY,生技醫療業,93.3,2023-04-28,2022Q4,405.65,0.0,-95.18,0.0,0.0,0.0,0.7245852584403277,0.0,53.434344156772994,100.0,26.7921543371129,16.980385842782255,21.698038584278226
1718,中纖,化學工業,8.37,2023-04-28,2022Q4,0.0,0.0,0.0,0.0,16.393333333333334,81.96666666666668,12.036013795356066,35.18006897678033,0.0,0.0,2.62722525788114,0.0,21.670343679850387
3219,倚強科,其他電子業,51.7,2023-04-28,2022Q4,0.0,0.0,-65.72,0.0,-45.053333333333335,0.0,5.803185536872983,4.015927684364917,0.8852169244970507,55.03098921386439,64.0,100.0,21.608586995427615
6202,盛群,半導體業,68.7,2023-04-28,2022Q4,24.62,0.0,-45.91,0.0,-60.06,0.0,20.477120224043745,77.38560112021872,0.47941473678882546,0.0,68.6070343736272,100.0,21.60784016803281
5531,鄉林,建材營造業,9.66,2023-04-28,2022Q4,0.0,0.0,-110.45,0.0,645.86,100.0,-70.76970030459661,0.0,0.0,0.0,26.0222277610229,15.05556940255725,21.505556940255726
5209,新鼎,其他業,158.5,2023-04-28,2022Q4,0.0,0.0,-12.38,0.0,71.88666666666667,100.0,6.941169639077821,9.705848195389107,-1.2502407546113767,0.0,20.0,0.0,21.455877229308367
2809,京城銀,,35.25,2023-04-28,2022Q4,13.01,63.26666666666667,-60.56,0.0,0.0,0.0,55.007987115987866,100.0,0.0,0.0,11.16268682136,0.0,21.326666666666668
6435,大中,半導體業,105.0,2023-04-28,2022Q4,0.0,0.0,4.2,8.4,-36.43666666666667,0.0,16.913876075800236,59.56938037900118,-0.560832571487452,0.0,61.0,100.0,21.035407056850175
3494,誠研,電腦及週邊設備業,7.27,2023-04-28,2022Q4,0.0,0.0,-23.57,0.0,33.903333333333336,100.0,-61.98077745265157,0.0,0.0,0.0,23.9981970111993,9.995492527998247,20.999549252799824
1733,五鼎,生技醫療業,27.6,2023-04-28,2022Q4,15.16,88.04658765835717,-10.34,0.0,-16.04,0.0,7.867475634709577,14.337378173547885,0.14641472068652528,0.0,72.2679952805522,100.0,20.955265491867898
6189,豐藝,電子通路業,41.55,2023-04-28,2022Q4,10.57,38.32540940306393,-5.34,0.0,-16.41,0.0,3.33542251410197,0.0,0.9610544126467103,65.86491609238719,35.6790302937531,39.19757573438275,20.92528173222211
8277,商丞,半導體業,9.97,2023-04-28,2022Q4,0.0,0.0,21.79,43.58,-30.206666666666667,0.0,-20.18847705674952,0.0,0.0,0.0,79.0,100.0,20.895
2415,錩新,電子零組件業,23.85,2023-04-28,2022Q4,2385.0,0.0,-99.59,0.0,-34.25,0.0,6.134284620506843,5.6714231025342166,1517.2924217462933,100.0,20.0725803514934,0.18145087873350008,20.86885855325348
3630,新鉅科,光電業,28.8,2023-04-28,2022Q4,0.0,0.0,27.7,55.39999999999999,-39.913333333333334,0.0,-45.0205077104863,0.0,0.0,0.0,48.0,70.0,20.849999999999998
6716,應廣,半導體業,100.5,2023-04-28,2022Q4,0.0,0.0,-28.65,0.0,-36.663333333333334,0.0,19.42213583961234,72.11067919806172,-0.5481659800466571,0.0,68.0,100.0,20.816601879709257
8067,志旭,電子通路業,15.15,2023-04-28,2022Q4,0.0,0.0,30.62,61.24000000000001,-46.373333333333335,0.0,-15.889840630652152,0.0,0.0,0.0,42.0,55.00000000000001,20.810000000000002
4113,聯上,建材營造業,16.2,2023-04-28,2022Q4,0.0,0.0,-207.94,0.0,123.35666666666668,100.0,-76.64964060369334,0.0,0.0,0.0,23.0,7.5,20.75
2485,兆赫,通信網路業,19.3,2023-04-28,2022Q4,0.0,0.0,0.0,0.0,10.666666666666666,53.333333333333336,-3.8645646825032074,0.0,-1931.603133159269,0.0,67.1471427050056,100.0,20.666666666666668
6776,展眥篕,電子通路業,53.7,2023-04-28,2022Q4,10.55,38.53671421024827,18.93,37.86,-9.159999999999998,0.0,2.245855745860943,0.0,0.6736529903698117,24.80757005283025,29.4615799646027,23.653949911506746,20.645580422741553
6016,康和證,金融保險業,11.0,2023-04-28,2022Q4,0.0,0.0,-110.73,0.0,313.58666666666664,100.0,-4.961643891562434,0.0,0.0,0.0,22.0,5.0,20.5
2516,新建,建材營造業,4.96,2023-04-28,2022Q4,0.0,0.0,-757.69,0.0,34.68333333333333,100.0,-11.14785022228718,0.0,0.0,0.0,21.6770265200153,4.19256630003825,20.419256630003826
6264,富裔,建材營造業,7.52,2023-04-28,2022Q4,0.0,0.0,-878.95,0.0,38.96333333333333,100.0,-25.773108520684453,0.0,0.0,0.0,21.0,2.5,20.25
8064,東捷,光電業,19.4,2023-04-28,2022Q4,0.0,0.0,-3.77,0.0,14.24,71.2,4.552831759021505,0.0,-0.2728071612624555,0.0,44.0,60.0,20.240000000000002
4419,元勝,觀光餐旅,22.8,2023-04-28,2022Q4,0.0,0.0,-5.0,0.0,24.936666666666667,100.0,-10.706694788960643,0.0,0.0,0.0,16.0,0.0,20.0
6219,富旺,建材營造業,11.05,2023-04-28,2022Q4,0.0,0.0,-1543.18,0.0,31.46666666666667,100.0,-18.120071554369904,0.0,0.0,0.0,9.0,0.0,20.0
5324,士開,建材營造業,9.15,2023-04-28,2022Q4,0.0,0.0,-43.75,0.0,37.56333333333333,100.0,-40.61739124665795,0.0,0.0,0.0,17.0,0.0,20.0
3706,神達,電腦及週邊設備業,28.4,2023-04-28,2022Q4,3.66,100.0,-22.48,0.0,-23.169999999999998,0.0,-2.485085753740878,0.0,0.18849727368016272,0.0,70.8592927171052,100.0,20.0
1512,瑞利,汽車工業,13.6,2023-04-28,2022Q4,0.0,0.0,-10.0,0.0,119.23333333333333,100.0,-19.29104006065967,0.0,0.0,0.0,16.0068628100972,0.0,20.0
2731,雄獅,觀光餐旅,176.5,2023-04-28,2022Q4,0.0,0.0,-38.57,0.0,500.4866666666667,100.0,-23.94331244814812,0.0,0.0,0.0,19.7077382201248,0.0,20.0
2850,新產,金融保險業,51.4,2023-04-28,2022Q4,8.11,100.0,-11.08,0.0,0.42666666666666675,2.1333333333333337,12.998231541029378,39.99115770514689,0.08884840559601112,0.0,34.1553510914724,35.38837772868099,19.9641780953068
6227,茂綸,電子通路業,48.4,2023-04-28,2022Q4,0.0,0.0,36.69,73.38,-5.496666666666666,0.0,4.904386092326177,0.0,-2.815472856639077,0.0,25.0,12.5,19.595
8908,欣雄,油電燃氣業,70.5,2023-04-28,2022Q4,0.0,0.0,9.57,19.14,-0.15000000000000036,0.0,9.192200055566682,20.961000277833406,0.6860622564864651,26.580322355209308,45.0,62.5,19.495214512716874
5538,東明-KY,鋼鐵工業,42.6,2023-04-28,2022Q4,9.4,96.56054576463899,-43.38,0.0,0.0,0.0,7.623909892458776,13.119549462293879,0.4056328692317907,0.0,51.0773304734863,77.69332618371575,19.393319614179557
2515,中工,建材營造業,10.45,2023-04-28,2022Q4,19.35,9.016393442622928,-69.14,0.0,10.85666666666667,54.28333333333335,5.141428966303884,0.7071448315194218,-0.932408393856194,0.0,50.0772376613362,75.1930941533405,19.383687150990927
8299,群聯,半導體業,389.0,2023-04-28,2022Q4,0.0,0.0,-32.97,0.0,-41.21333333333333,0.0,11.358048777832474,31.790243889162372,0.6612885487635402,23.04122125193431,63.0,100.0,19.376780833761217
3687,歐買尬,數位雲端,82.6,2023-04-28,2022Q4,0.0,0.0,11.98,23.96,-0.6233333333333334,0.0,22.823374556177228,89.11687278088614,-2.1268140811923906,0.0,17.0,0.0,19.35753091713292
1714,和桐,化學工業,9.31,2023-04-28,2022Q4,25.16,16.383430695698344,-48.61,0.0,3.5399999999999996,17.7,3.519349202434264,0.0,0.7090444999662368,29.863499995176678,52.7298975396124,81.824743849031,19.33351745350827
6603,富強鑫,電機機械,17.1,2023-04-28,2022Q4,0.0,0.0,31.25,62.5,-22.546666666666667,0.0,5.601597670808936,3.0079883540446817,-0.3197704681571603,0.0,33.0,32.5,19.326198253106703
1604,聲寶,電器電纜,26.3,2023-04-28,2022Q4,14.45,50.27605244996549,-59.73,0.0,-1.74,0.0,6.315108465334313,6.575542326671564,0.6372109412453251,19.60156303504644,57.512029951377,93.7800748784425,19.312256688850823
3141,晶宏,半導體業,104.0,2023-04-28,2022Q4,0.0,0.0,-28.47,0.0,-20.173333333333332,0.0,17.724832292118336,63.62416146059168,-0.15001179231604952,0.0,59.0,97.5,19.293624219088752
6807,峰源-KY,居家生活,29.55,2023-04-28,2022Q4,9.5,56.26541687222498,-30.36,0.0,0.0,0.0,1.8733940545949554,0.0,0.6250513200406991,17.86447429152844,65.3157366936364,100.0,19.199436545528187
1785,光洋科,其他電子業,36.35,2023-04-28,2022Q4,0.0,0.0,9.3,18.6,-34.526666666666664,0.0,6.3219133301078685,6.609566650539342,0.7268396891181268,32.405669874018116,48.0,70.0,19.122568972384528
8032,光菱,電子通路業,31.35,2023-04-28,2022Q4,0.0,0.0,21.65,43.3,-16.99,0.0,4.877630738626417,0.0,-2.710295817971596,0.0,53.0,82.5,19.075
6494,九齊,半導體業,69.6,2023-04-28,2022Q4,0.0,0.0,-44.57,0.0,-48.94,0.0,17.008821915495336,60.044109577476675,-0.058187722898527625,0.0,75.0,100.0,19.0066164366215
6419,京晨科,光電業,34.85,2023-04-28,2022Q4,0.0,0.0,11.91,23.82,2.996666666666666,14.983333333333333,-16.18148102637429,0.0,-0.48521848212418983,0.0,67.0,100.0,18.951666666666668
2816,旺旺保,金融保險業,15.85,2023-04-28,2022Q4,0.0,0.0,-289.42,0.0,17.16333333333333,85.81666666666665,-15.662044002555033,0.0,0.0,0.0,26.2537161346069,15.634290336517251,18.726762366985056
5508,永信建,建材營造業,64.2,2023-04-28,2022Q4,0.0,0.0,-20.79,0.0,-41.74333333333333,0.0,45.653015537181126,100.0,-1.7241086853271677,0.0,33.0,32.5,18.25
9929,秋雨,其他業,9.11,2023-04-28,2022Q4,0.0,0.0,-1740.0,0.0,8.11,40.55,2.7094721437723694,0.0,0.0,0.0,61.2072111627749,100.0,18.11
2535,達欣工,建材營造業,30.85,2023-04-28,2022Q4,8.43,88.5792349726776,-3.17,0.0,-19.713333333333335,0.0,10.437631940316862,27.188159701584315,-0.7012763959318246,0.0,40.5967565623319,51.49189140582975,18.085336593088385
1340,勝悅-KY,塑膠工業,11.3,2023-04-28,2022Q4,0.0,0.0,16.12,32.24,0.0,0.0,-85.95637281413376,0.0,0.0,0.0,97.0602980083431,100.0,18.060000000000002
5211,蒙恬,資訊服務業,33.1,2023-04-28,2022Q4,0.0,0.0,-36.49,0.0,8.023333333333333,40.11666666666667,-7.998509131569138,0.0,-0.4034508076358297,0.0,86.0,100.0,18.023333333333333
6204,艾華,電子零組件業,57.5,2023-04-28,2022Q4,0.0,0.0,-92.59,0.0,-22.186666666666667,0.0,1.796239124333427,0.0,0.7717037246848888,38.814817812126975,73.0,100.0,17.762963562425394
2509,全坤建,建材營造業,15.15,2023-04-28,2022Q4,0.0,0.0,-435.0,0.0,9.786666666666667,48.93333333333334,-38.990037618111984,0.0,0.0,0.0,50.4064106854628,76.016026713657,17.38826933803237
2536,宏普,建材營造業,24.5,2023-04-28,2022Q4,0.0,0.0,-60.0,0.0,-29.723333333333333,0.0,43.57383124037419,100.0,0.0,0.0,29.4980146985935,23.745036746483752,17.374503674648373
4912,聯德控股-KY,電子零組件業,69.4,2023-04-28,2022Q4,11.05,65.16314779270633,-16.51,0.0,0.0,0.0,7.728798074095461,13.643990370477304,0.6157005653042893,16.528652186327044,41.978897162466,54.947242906164995,17.36336806272414
8054,安國,半導體業,31.8,2023-04-28,2022Q4,0.0,0.0,-82.46,0.0,7.9799999999999995,39.9,-1.6302276514708045,0.0,-0.10553495505639791,0.0,57.0,92.5,17.23
1810,和成,玻璃陶瓷,27.85,2023-04-28,2022Q4,53.56,23.589804106679235,-86.19,0.0,-12.993333333333334,0.0,2.0488389919039958,0.0,0.6684086718799669,24.058381697138127,65.3680667886703,100.0,17.17065675009555
3205,佰研,生技醫療業,44.0,2023-04-28,2022Q4,0.0,0.0,14.29,28.58,-13.660000000000002,0.0,-15.542324667101395,0.0,0.0,0.0,76.0,100.0,17.145
6496,科懋,生技醫療業,32.35,2023-04-28,2022Q4,0.0,0.0,-117.65,0.0,7.1433333333333335,35.71666666666667,-4.360466414494398,0.0,0.0,0.0,70.0,100.0,17.143333333333334
2236,百達-KY,汽車工業,40.25,2023-04-28,2022Q4,24.54,0.0,11.56,23.12,0.0,0.0,7.9630399109802745,14.815199554901373,-0.20613929630520156,0.0,55.9010680710735,89.75267017768375,16.977546951003582
4945,陞達科技,,51.2,2023-04-28,2022Q4,0.0,0.0,-14.53,0.0,0.0,0.0,14.266318841704084,46.33159420852042,0.0,0.0,88.0,100.0,16.949739131278065
2373,震旦行,其他電子業,80.2,2023-04-28,2022Q4,13.71,38.44589096826687,-5.98,0.0,1.1133333333333335,5.566666666666667,9.720502611056887,23.602513055284433,0.6107251742825547,15.817882040364955,41.1381826346946,52.8454565867365,16.946421455199328
3257,虹冠電,半導體業,58.7,2023-04-28,2022Q4,61.79,0.0,-71.97,0.0,-8.350000000000001,0.0,14.25755027368359,46.28775136841795,0.48446181792278104,0.0,93.9618640007666,100.0,16.943162705262694
6708,天擎,半導體業,48.5,2023-04-28,2022Q4,0.0,0.0,1.55,3.1,-50.376666666666665,0.0,5.239301765956634,1.1965088297831716,0.6960793096240556,28.01132994629366,84.0,100.0,16.55674231372621
4976,佳凌,光電業,46.5,2023-04-28,2022Q4,0.0,0.0,-1960.0,0.0,6.483333333333333,32.416666666666664,-18.61210386801535,0.0,0.0,0.0,82.1207570649524,100.0,16.483333333333334
6243,迅杰,半導體業,35.9,2023-04-28,2022Q4,21.12,20.74663402692778,8.75,17.5,-4.2299999999999995,0.0,0.5874895816553086,0.0,-0.9018802174082646,0.0,68.1051291609904,100.0,16.449663402692778
5906,台南-KY,貿易百貨業,37.0,2023-04-28,2022Q4,12.29,100.0,-6.81,0.0,0.0,0.0,8.268184776744777,16.340923883723885,0.0868874633656467,0.0,35.4366095181887,38.59152379547176,16.31029096210576
8443,阿瘦,貿易百貨業,11.7,2023-04-28,2022Q4,0.0,0.0,19.23,38.46,-15.36,0.0,-10.50091332258457,0.0,0.0,0.0,46.6136691306039,66.53417282650975,16.268417282650976
4207,環泰,食品工業,15.15,2023-04-28,2022Q4,0.0,0.0,-61.84,0.0,10.236666666666666,51.18333333333334,6.312026088076996,6.560130440384978,0.046451845184518455,0.0,40.0,50.0,16.220686232724415
6411,晶焱,半導體業,106.0,2023-04-28,2022Q4,0.0,0.0,-51.84,0.0,-31.8,0.0,12.625157402730448,38.12578701365224,0.5133470225872689,1.906717512466992,71.0,100.0,16.100211554541232
6104,創惟,半導體業,108.0,2023-04-28,2022Q4,0.0,0.0,-28.24,0.0,-56.61333333333334,0.0,13.547908760485486,42.73954380242743,-0.21829917391199635,0.0,57.0,92.5,15.660931570364113
1225,福懋油,食品工業,60.2,2023-04-28,2022Q4,35.62,0.0,-18.36,0.0,11.393333333333336,56.966666666666676,2.3621544626318576,0.0,-0.0014553082163937625,0.0,36.7843982780511,41.96099569512775,15.589432902846111
3379,彬台,電機機械,12.45,2023-04-28,2022Q4,0.0,0.0,-303.7,0.0,8.163333333333332,40.81666666666666,-6.57524033340892,0.0,0.0,0.0,49.0,72.5,15.413333333333332
2505,國揚,建材營造業,18.25,2023-04-28,2022Q4,14.26,46.10200364298724,-50.39,0.0,-79.07000000000001,0.0,7.060712360248385,10.303561801241923,-1.522888164501737,0.0,56.685141519767,91.7128537994175,15.327020014426761
3588,通嘉,半導體業,57.8,2023-04-28,2022Q4,21.57,17.992656058751532,-54.1,0.0,-60.373333333333335,0.0,9.500961163126878,22.504805815634388,-1.304207714471361,0.0,87.3467159726105,100.0,15.174986478220312
6508,惠光,農業科技業,38.8,2023-04-28,2022Q4,0.0,0.0,-4.94,0.0,-21.13,0.0,11.891492434624348,34.45746217312175,0.4328567521671935,0.0,78.0,100.0,15.168619325968262
3527,聚積,半導體業,113.0,2023-04-28,2022Q4,0.0,0.0,-49.25,0.0,-34.693333333333335,0.0,10.796236498046124,28.981182490230616,0.5237458310778955,3.392261582556503,84.0,100.0,15.025629690045893
6582,申豐,橡膠工業,60.3,2023-04-28,2022Q4,36.55,0.0,-94.96,0.0,-70.46666666666667,0.0,11.670816292847901,33.354081464239506,-1.66894104335602,0.0,91.9151074789472,100.0,15.003112219635927
2067,嘉鋼,電機機械,13.05,2023-04-28,2022Q4,0.0,0.0,-158.33,0.0,14.986666666666666,74.93333333333332,-5.889978040189925,0.0,0.0,0.0,20.0,0.0,14.986666666666665
6689,伊雲谷,數位雲端,135.0,2023-04-28,2022Q4,91.22,0.0,-52.65,0.0,7.5566666666666675,37.78333333333334,1.3565398978432148,0.0,-0.2813099247866305,0.0,48.9267574544755,72.31689363618875,14.788356030285545
6861,睿生光電,生技醫療業,117.5,2023-04-28,2022Q4,21.17,63.485901103391896,-7.11,0.0,2.2399999999999998,11.2,4.573313424703133,0.0,-1.2744254391924195,0.0,40.8323045529843,52.080761382460736,13.796666248585264
2527,宏璟,建材營造業,22.25,2023-04-28,2022Q4,19.02,11.42076502732241,-81.1,0.0,-49.620000000000005,0.0,12.888513318810011,39.44256659405006,-9.230291748326922,0.0,46.8934507162673,67.23362679066825,13.781824170906575
9914,美利達,運動休閒,171.5,2023-04-28,2022Q4,15.12,0.0,-27.07,0.0,3.0466666666666664,15.233333333333333,9.289672141363791,21.448360706818956,0.5105712109807342,1.510172997247745,48.3713840814821,70.92846020370524,13.658801392509584
1213,大飲,食品工業,7.07,2023-04-28,2022Q4,0.0,0.0,19.76,39.52,-6.786666666666666,0.0,-17.113215737142305,0.0,0.0,0.0,34.5710063644197,36.427515911049255,13.522751591104926
1616,億泰,電器電纜,9.0,2023-04-28,2022Q4,90.0,0.0,-80.0,0.0,5.423333333333333,27.116666666666667,3.060816597946131,0.0,-0.8186301072938117,0.0,51.201450780472,78.00362695118001,13.223696028451336
2399,映泰,電腦及週邊設備業,15.4,2023-04-28,2022Q4,220.0,0.0,-96.55,0.0,3.22,16.1,0.06850341063815041,0.0,-6.284180219438176,0.0,79.9868386679792,100.0,13.22
1701,中化,,27.35,2023-04-28,2022Q4,16.99,36.73333333333335,-7.47,0.0,0.0,0.0,4.4840946243557624,0.0,0.0,0.0,57.6545032377692,94.136258094423,13.086959142775635
3682,亞太電,,6.71,2023-04-28,2022Q4,0.0,0.0,6.67,13.34,0.0,0.0,-32.55899880948744,0.0,0.0,0.0,58.6689423739561,96.67235593489025,13.002235593489026
4930,燦星網,電器電纜,25.65,2023-04-28,2022Q4,7.75,96.51483781918564,0.31,0.62,-23.19333333333333,0.0,6.391692784482848,6.958463922414242,0.45721803829053626,0.0,27.0350920695231,17.58773017380775,12.609026387661476
1219,福壽,食品工業,21.25,2023-04-28,2022Q4,21.25,49.95291902071561,0.0,0.0,1.9133333333333333,9.566666666666666,1.8232752575854407,0.0,-0.764222035846302,0.0,42.6762117056161,56.690529264040244,12.577678161808919
2849,安泰銀,金融保險業,15.05,2023-04-28,2022Q4,27.87,0.0,-54.62,0.0,-7.173333333333333,0.0,21.561070809844537,82.80535404922269,-1.1586544146213746,0.0,9.38429916457958,0.0,12.420803107383403
1806,冠軍,玻璃陶瓷,9.3,2023-04-28,2022Q4,0.0,0.0,-119.65,0.0,-9.246666666666664,0.0,8.21149358303996,16.0574679151998,0.0,0.0,65.3650569647747,100.0,12.40862018727997
1599,宏佳騰,電機機械,37.95,2023-04-28,2022Q4,0.0,0.0,-20.34,0.0,-55.19,0.0,8.106587151278164,15.532935756390822,0.382616066913335,0.0,65.0,100.0,12.329940363458624
4109,加捷生醫,生技醫療業,16.0,2023-04-28,2022Q4,0.0,0.0,-200.0,0.0,2.233333333333333,11.166666666666664,-4.306361656321998,0.0,0.0,0.0,89.0,100.0,12.233333333333333
2207,和泰車,汽車工業,661.0,2023-04-28,2022Q4,0.0,0.0,-219.24,0.0,12.053333333333333,60.266666666666666,-5.937509659687342,0.0,0.0,0.0,10.2727445392795,0.0,12.053333333333335
5515,建國,建材營造業,13.0,2023-04-28,2022Q4,17.81,20.236794171220396,-54.14,0.0,-3.936666666666666,0.0,5.033518559425438,0.16759279712719177,-2.128452325991907,0.0,60.8832841195868,100.0,12.048818336691118
5490,同亨,電腦及週邊設備業,26.0,2023-04-28,2022Q4,0.0,0.0,-226.95,0.0,-55.47666666666667,0.0,7.727569839920366,13.637849199601831,0.0,0.0,66.0,100.0,12.045677379940274
8929,富堡,其他業,21.55,2023-04-28,2022Q4,0.0,0.0,3.79,7.580000000000001,-18.11,0.0,-13.895096810100727,0.0,0.0,0.0,66.0,100.0,11.895
6558,興能高,其他電子業,28.75,2023-04-28,2022Q4,0.0,0.0,-1725.0,0.0,1.89,9.45,-10.631696729840694,0.0,0.0,0.0,69.6494111139808,100.0,11.89
3438,類比科,半導體業,57.8,2023-04-28,2022Q4,0.0,0.0,-55.45,0.0,-44.60666666666666,0.0,4.1229759405391055,0.0,0.5600303529455313,8.575764706504469,91.0,100.0,11.715152941300893
2405,輔信,電腦及週邊設備業,12.65,2023-04-28,2022Q4,79.06,0.0,-72.41,0.0,1.6866666666666668,8.433333333333334,0.41294636423898323,0.0,-5.138225255972697,0.0,82.1968112876549,100.0,11.686666666666667
2357,華碩,電腦及週邊設備業,282.5,2023-04-28,2022Q4,14.28,53.77358490566038,-67.02,0.0,-20.206666666666667,0.0,2.416684098673321,0.0,-1.0701514588907264,0.0,45.0756335713205,62.68908392830126,11.646266883396166
2913,農林,貿易百貨業,22.9,2023-04-28,2022Q4,0.0,0.0,-45.77,0.0,1.7633333333333334,8.816666666666666,-41.02722575305839,0.0,0.0,0.0,59.4320796127971,98.58019903199275,11.62135323653261
6684,安格,半導體業,45.6,2023-04-28,2022Q4,0.0,0.0,-76.63,0.0,-65.24,0.0,7.035160662916507,10.175803314582534,-0.9282904529024028,0.0,87.0,100.0,11.52637049718738
3530,晶相光,半導體業,79.6,2023-04-28,2022Q4,50.38,0.0,-83.45,0.0,-36.626666666666665,0.0,6.825227072234351,9.126135361171754,-8.760676577620393,0.0,71.0112427575608,100.0,11.368920304175763
3629,地心引力,文化創意業,88.0,2023-04-28,2022Q4,0.0,0.0,2.73,5.46,-59.16,0.0,-148.76064980355804,0.0,0.0,0.0,69.0,100.0,11.365
6693,廣閎科,半導體業,66.0,2023-04-28,2022Q4,0.0,0.0,-14.78,0.0,-33.12,0.0,6.7435829441825135,8.717914720912567,-0.04548913578699518,0.0,64.0,100.0,11.307687208136885
2347,聯強,電子通路業,61.9,2023-04-28,2022Q4,6.56,80.6920232435288,-8.79,0.0,-10.653333333333334,0.0,2.152285233871633,0.0,-0.9580632814234257,0.0,32.7605614318183,31.901403579545757,11.259342682307455
2882,國泰金,金融保險業,42.45,2023-04-28,2022Q4,18.38,40.334128878281604,-75.05,0.0,-49.50666666666667,0.0,14.628842479261372,48.14421239630686,-0.7027664553140096,0.0,4.96103070385635,0.0,11.25504474727419
6505,台塑化,油電燃氣業,86.8,2023-04-28,2022Q4,57.48,0.0,-70.91,0.0,1.093333333333333,5.466666666666666,0.6391305480246969,0.0,-0.6367639839240692,0.0,74.0877581657997,100.0,11.093333333333334
6457,紘康,,54.4,2023-04-28,2022Q4,0.0,0.0,-84.42,0.0,0.0,0.0,6.281672022682075,6.408360113410376,0.0,0.0,68.0,100.0,10.961254017011557
2436,偉詮電,半導體業,47.8,2023-04-28,2022Q4,57.59,0.0,-80.47,0.0,-40.45666666666667,0.0,8.42905483192892,17.145274159644597,-1.944280545884405,0.0,52.6295998658125,81.57399966453124,10.729191090399816
1614,三洋電,電器電纜,37.0,2023-04-28,2022Q4,32.74,0.0,-20.42,0.0,-6.873333333333334,0.0,5.7135922796306176,3.5679613981530878,-0.13809019240726833,0.0,80.6930272090175,100.0,10.535194209722963
5230,雷笛克光學,光電業,22.15,2023-04-28,2022Q4,0.0,0.0,-125.0,0.0,2.44,12.2,2.5733318023806317,0.0,0.0,0.0,52.0,80.0,10.44
4767,誠泰科技,化學工業,32.7,2023-04-28,2022Q4,0.0,0.0,-23.94,0.0,-22.236666666666668,0.0,5.576642335766423,2.883211678832116,0.06491440021215782,0.0,62.0,100.0,10.432481751824817
3232,昱捷,電子通路業,30.35,2023-04-28,2022Q4,0.0,0.0,-53.57,0.0,3.096666666666667,15.483333333333334,2.020006799659735,0.0,-13.79664654594232,0.0,49.0,72.5,10.346666666666668
5481,新華,其他業,12.65,2023-04-28,2022Q4,0.0,0.0,-107.73,0.0,0.29666666666666625,1.4833333333333314,-21.785664444516012,0.0,0.0,0.0,77.0,100.0,10.296666666666667
3521,鴻翊,建材營造業,23.15,2023-04-28,2022Q4,0.0,0.0,-1.19,0.0,5.006666666666667,25.033333333333335,-23.726328649969457,0.0,0.0,0.0,41.0,52.5,10.256666666666668
2227,裕日車,汽車工業,193.0,2023-04-28,2022Q4,24.0,2.3076923076922995,-20.32,0.0,-2.6033333333333326,0.0,0.48273426516522017,0.0,-0.8457927777577273,0.0,78.4202810296462,100.0,10.23076923076923
5468,凱鈺,半導體業,16.25,2023-04-28,2022Q4,0.0,0.0,-157.89,0.0,-52.10333333333333,0.0,5.000782154365986,0.0039107718299291605,0.0,0.0,61.0,100.0,10.00058661577449
5344,立衛,半導體業,16.2,2023-04-28,2022Q4,0.0,0.0,-130.26,0.0,-32.13666666666666,0.0,-12.451523390314776,0.0,0.0,0.0,81.0,100.0,10.0
5356,協益,電腦及週邊設備業,21.6,2023-04-28,2022Q4,0.0,0.0,-114.29,0.0,-12.563333333333334,0.0,0.42884349193812515,0.0,0.0,0.0,71.0,100.0,10.0
5345,天揚,其他業,5.29,2023-04-28,2022Q4,0.0,0.0,-248.57,0.0,-23.97,0.0,-758.5250647569709,0.0,0.0,0.0,63.0,100.0,10.0
5460,同協,電子零組件業,11.15,2023-04-28,2022Q4,0.0,0.0,-3500.0,0.0,-20.433333333333334,0.0,-7.850001683104992,0.0,0.0,0.0,86.0,100.0,10.0
8429,金麗-KY,貿易百貨業,10.4,2023-04-28,2022Q4,0.0,0.0,-1000.0,0.0,0.0,0.0,-113.21553175282358,0.0,0.0,0.0,90.174173553243,100.0,10.0
5398,慕康生醫,其他業,16.3,2023-04-28,2022Q4,0.0,0.0,-142.42,0.0,-6.306666666666666,0.0,-4.8639665769743,0.0,0.0,0.0,89.0,100.0,10.0
1453,大將,建材營造業,15.25,2023-04-28,2022Q4,0.0,0.0,-111.76,0.0,-49.93666666666667,0.0,-14.268471766812175,0.0,0.0,0.0,74.4888597783017,100.0,10.0
3691,碩禾,光電業,105.0,2023-04-28,2022Q4,0.0,0.0,-14.98,0.0,-50.23,0.0,-7.765005053188903,0.0,0.0,0.0,62.0,100.0,10.0
3227,原相,半導體業,103.5,2023-04-28,2022Q4,0.0,0.0,-34.54,0.0,-21.586666666666662,0.0,0.2754545765931158,0.0,0.2811305635497084,0.0,81.0,100.0,10.0
8201,無敵,其他電子業,13.1,2023-04-28,2022Q4,0.0,0.0,-179.43,0.0,-13.823333333333332,0.0,-17.746295103630313,0.0,0.0,0.0,74.443838014442,100.0,10.0
2009,第一銅,鋼鐵工業,32.15,2023-04-28,2022Q4,58.45,0.0,-53.39,0.0,-18.616666666666667,0.0,-3.836379762189284,0.0,-0.03527470295521479,0.0,69.0063519617762,100.0,10.0
3089,億杰,,63.0,2023-04-28,2022Q4,0.0,0.0,-623.19,0.0,0.0,0.0,-120.03633198349924,0.0,0.0,0.0,72.0,100.0,10.0
3115,富榮綱,電子零組件業,10.45,2023-04-28,2022Q4,0.0,0.0,-3.03,0.0,-98.24000000000001,0.0,-42.605198558470725,0.0,0.0,0.0,92.0,100.0,10.0
2033,佳大,鋼鐵工業,15.4,2023-04-28,2022Q4,0.0,0.0,-188.89,0.0,-31.386666666666667,0.0,-1.8595145799904538,0.0,0.0,0.0,78.4052112095925,100.0,10.0
3085,新零售,數位雲端,21.0,2023-04-28,2022Q4,0.0,0.0,-184.95,0.0,-45.45333333333334,0.0,-14.12937633044975,0.0,0.0,0.0,66.0,100.0,10.0
4950,牧東,鋼鐵工業,19.2,2023-04-28,2022Q4,0.0,0.0,-381.63,0.0,-75.14,0.0,-94.08879397968984,0.0,0.0,0.0,85.0,100.0,10.0
5202,力新,資訊服務業,15.65,2023-04-28,2022Q4,0.0,0.0,-203.12,0.0,-41.550000000000004,0.0,-49.04010340084428,0.0,0.0,0.0,93.0,100.0,10.0
5272,笙科,半導體業,29.2,2023-04-28,2022Q4,0.0,0.0,-8.33,0.0,-58.406666666666666,0.0,3.679153036901485,0.0,-0.5687339358262168,0.0,85.0,100.0,10.0
5487,通泰,半導體業,25.0,2023-04-28,2022Q4,0.0,0.0,-103.96,0.0,-43.580000000000005,0.0,-1.4498040346799235,0.0,0.0,0.0,89.0,100.0,10.0
4956,光鋐,光電業,16.15,2023-04-28,2022Q4,0.0,0.0,-150.0,0.0,-8.713333333333333,0.0,-8.667102475657334,0.0,0.0,0.0,61.919167988756,100.0,10.0
9949,琉園,文化創意業,18.4,2023-04-28,2022Q4,0.0,0.0,-5.26,0.0,-14.13,0.0,-16.336171096345513,0.0,0.0,0.0,86.0,100.0,10.0
1220,台榮,食品工業,16.1,2023-04-28,2022Q4,61.92,0.0,-74.0,0.0,-18.293333333333333,0.0,1.7614703484552612,0.0,-2.254348489472078,0.0,69.2935051554439,100.0,10.0
1455,集盛,紡織纖維,10.35,2023-04-28,2022Q4,0.0,0.0,-130.64,0.0,-35.88,0.0,-2.6362570546834387,0.0,0.0,0.0,71.7574285000843,100.0,10.0
5302,太欣,半導體業,9.53,2023-04-28,2022Q4,0.0,0.0,-18.52,0.0,-3.8633333333333333,0.0,-693.5202492211838,0.0,0.0,0.0,76.0,100.0,10.0
1310,台苯,塑膠工業,16.8,2023-04-28,2022Q4,0.0,0.0,-455.0,0.0,-35.67666666666667,0.0,-4.179155684318295,0.0,0.0,0.0,72.6144912264009,100.0,10.0
1337,再生-KY,塑膠工業,7.15,2023-04-28,2022Q4,0.0,0.0,-3.51,0.0,0.0,0.0,-72.64820083187928,0.0,0.0,0.0,96.568451198079,100.0,10.0
4726,永昕,生技醫療業,38.65,2023-04-28,2022Q4,0.0,0.0,-349.18,0.0,-10.489999999999997,0.0,-60.76875385783502,0.0,0.0,0.0,70.0,100.0,10.0
3543,州巧,光電業,21.5,2023-04-28,2022Q4,0.0,0.0,-127.64,0.0,-15.423333333333334,0.0,-1.659345894266356,0.0,0.0,0.0,61.033917298504,100.0,10.0
3122,笙泉,半導體業,25.2,2023-04-28,2022Q4,0.0,0.0,-86.69,0.0,-54.52,0.0,4.333351600175361,0.0,-4.987137525122021,0.0,65.0,100.0,10.0
6550,北極星藥業-KY,生技醫療業,95.0,2023-04-28,2022Q4,0.0,0.0,-44.04,0.0,0.0,0.0,-17977.123776984005,0.0,0.0,0.0,94.0864444170139,100.0,10.0
6547,高端疫苗,生技醫療業,65.9,2023-04-28,2022Q4,0.0,0.0,-203.17,0.0,-100.0,0.0,-420.8460944220117,0.0,0.0,0.0,68.0,100.0,10.0
3060,銘異,電腦及週邊設備業,17.35,2023-04-28,2022Q4,59.83,0.0,-78.68,0.0,-43.876666666666665,0.0,-2.983512664904377,0.0,-1.1578047185472107,0.0,64.2324195963107,100.0,10.0
6492,生華科,生技醫療業,52.3,2023-04-28,2022Q4,0.0,0.0,-6.81,0.0,0.0,0.0,-35611.5,0.0,0.0,0.0,98.0,100.0,10.0
2438,翔耀,光電業,26.65,2023-04-28,2022Q4,0.0,0.0,-428.57,0.0,-58.98666666666667,0.0,-15.098560976422482,0.0,0.0,0.0,67.2456274992931,100.0,10.0
3686,達能,半導體業,15.45,2023-04-28,2022Q4,0.0,0.0,-48.15,0.0,-37.62333333333333,0.0,-67.27657848483483,0.0,0.0,0.0,98.7663223490729,100.0,10.0
2434,統懋,半導體業,29.95,2023-04-28,2022Q4,0.0,0.0,-74.07,0.0,-49.81,0.0,-79.09872646130401,0.0,0.0,0.0,73.7401085336177,100.0,10.0
2426,鼎元,光電業,18.15,2023-04-28,2022Q4,0.0,0.0,-124.9,0.0,-23.346666666666664,0.0,1.5472974062092764,0.0,0.0,0.0,72.9295004178623,100.0,10.0
8374,羅昇,電機機械,32.0,2023-04-28,2022Q4,45.71,0.0,-46.97,0.0,-14.086666666666666,0.0,2.5442660457189668,0.0,-0.01685813078667055,0.0,61.7241354370023,100.0,10.0
2440,太空梭,電子零組件業,11.35,2023-04-28,2022Q4,0.0,0.0,-122.67,0.0,-23.39333333333333,0.0,1.0569912296898962,0.0,0.0,0.0,65.7652991005021,100.0,10.0
6431,光麗-KY,生技醫療業,21.45,2023-04-28,2022Q4,0.0,0.0,-339.22,0.0,0.0,0.0,-26.01882160392799,0.0,0.0,0.0,60.3052846625294,100.0,10.0
3259,鑫創,半導體業,19.25,2023-04-28,2022Q4,0.0,0.0,-10600.0,0.0,-23.823333333333334,0.0,-30.088051564188223,0.0,0.0,0.0,79.0,100.0,10.0
4168,醣聯,生技醫療業,31.6,2023-04-28,2022Q4,0.0,0.0,-24.16,0.0,-99.98,0.0,-793.2225361475819,0.0,0.0,0.0,84.0,100.0,10.0
6695,芯鼎,半導體業,42.6,2023-04-28,2022Q4,58.36,0.0,-57.89,0.0,-7.933333333333334,0.0,1.2684061131576323,0.0,-0.005054566341183228,0.0,90.2939950228271,100.0,10.0
2489,瑞軒,光電業,11.45,2023-04-28,2022Q4,0.0,0.0,-154.85,0.0,-22.05333333333333,0.0,-1.238324048333359,0.0,0.0,0.0,68.0388959979333,100.0,10.0
2611,志信,航運業,13.1,2023-04-28,2022Q4,0.0,0.0,-188.96,0.0,-35.65,0.0,-2.17859163496432,0.0,0.0,0.0,68.8247440695166,100.0,10.0
6270,倍微,電子通路業,22.6,2023-04-28,2022Q4,0.0,0.0,-2.12,0.0,-7.4433333333333325,0.0,3.716292048242569,0.0,-0.5010586040820733,0.0,60.0,100.0,10.0
3437,榮創,光電業,18.95,2023-04-28,2022Q4,0.0,0.0,-260.66,0.0,-52.46333333333333,0.0,-7.168623520744423,0.0,0.0,0.0,78.0644514133063,100.0,10.0
2401,凌陽,半導體業,23.7,2023-04-28,2022Q4,64.05,0.0,-81.59,0.0,-43.78333333333333,0.0,4.293208114639051,0.0,-1.462396768859513,0.0,61.6619666119135,100.0,10.0
6198,瑞築,建材營造業,22.0,2023-04-28,2022Q4,0.0,0.0,-507.14,0.0,-94.21333333333332,0.0,-600.0813008130082,0.0,0.0,0.0,88.0,100.0,10.0
4711,永純,化學工業,16.7,2023-04-28,2022Q4,0.0,0.0,-124.41,0.0,-33.949999999999996,0.0,-2.3922753153229404,0.0,0.0,0.0,84.0,100.0,10.0
6615,慧智,生技醫療業,38.15,2023-04-28,2022Q4,0.0,0.0,-25.37,0.0,-8.796666666666667,0.0,0.7638545711260148,0.0,0.40057508883486065,0.0,78.0,100.0,10.0
3666,光耀,光電業,22.85,2023-04-28,2022Q4,0.0,0.0,-920.0,0.0,-54.67666666666667,0.0,-29.011946046052874,0.0,0.0,0.0,84.0,100.0,10.0
3373,熱映,其他電子業,22.85,2023-04-28,2022Q4,0.0,0.0,-74.62,0.0,-14.093333333333334,0.0,-2.6883120333714166,0.0,-1.1778886408037956,0.0,91.0,100.0,10.0
8047,星雲,其他電子業,11.65,2023-04-28,2022Q4,0.0,0.0,-295.35,0.0,-7.8233333333333315,0.0,-4.383362510941604,0.0,0.0,0.0,80.0,100.0,10.0
4554,橙的,其他電子業,30.4,2023-04-28,2022Q4,0.0,0.0,-38.04,0.0,-38.199999999999996,0.0,0.03427149201783242,0.0,0.12290775350896944,0.0,72.0,100.0,10.0
6598,ABC-KY,生技醫療業,27.55,2023-04-28,2022Q4,0.0,0.0,-11.88,0.0,0.0,0.0,-49.34742840159671,0.0,0.0,0.0,67.3072434386931,100.0,10.0
4108,懷特,生技醫療業,21.3,2023-04-28,2022Q4,0.0,0.0,0.0,0.0,-7.263333333333333,0.0,-115.64906064297051,0.0,0.0,0.0,80.6863489732846,100.0,10.0
4523,永彰,電機機械,36.65,2023-04-28,2022Q4,0.0,0.0,-554.55,0.0,-13.666666666666666,0.0,-14.893208448565792,0.0,0.0,0.0,60.0,100.0,10.0
1471,首利,電子零組件業,9.77,2023-04-28,2022Q4,0.0,0.0,-775.0,0.0,-0.7100000000000012,0.0,-64.16725142758699,0.0,0.0,0.0,87.0009144431341,100.0,10.0
3481,群創,光電業,13.4,2023-04-28,2022Q4,0.0,0.0,-149.91,0.0,-34.589999999999996,0.0,-14.1541205157305,0.0,0.0,0.0,65.793047307034,100.0,10.0
4188,安克,生技醫療業,16.7,2023-04-28,2022Q4,0.0,0.0,-110.42,0.0,-38.800000000000004,0.0,-104.32743793607008,0.0,0.0,0.0,77.0,100.0,10.0
2323,中環,光電業,8.05,2023-04-28,2022Q4,0.0,0.0,-778.57,0.0,-15.003333333333332,0.0,-6.887923835236343,0.0,0.0,0.0,70.7841055790822,100.0,10.0
6116,彩晶,光電業,12.2,2023-04-28,2022Q4,0.0,0.0,-131.27,0.0,-46.120000000000005,0.0,-10.611603236453975,0.0,0.0,0.0,83.1721090450149,100.0,10.0
6588,東典光電,通信網路業,30.15,2023-04-28,2022Q4,0.0,0.0,-237.5,0.0,-46.57666666666666,0.0,-22.267403938252524,0.0,0.0,0.0,80.0,100.0,10.0
3011,今皓,電子零組件業,30.55,2023-04-28,2022Q4,0.0,0.0,-120.34,0.0,-39.04333333333333,0.0,-1.87288227272788,0.0,0.0,0.0,60.7939542984251,100.0,10.0
6589,台康生技,生技醫療業,107.0,2023-04-28,2022Q4,0.0,0.0,-111.11,0.0,-18.71666666666667,0.0,-22.33728579752967,0.0,0.0,0.0,90.0,100.0,10.0
4716,大立,化學工業,12.75,2023-04-28,2022Q4,0.0,0.0,-105.48,0.0,-24.916666666666668,0.0,-5.981955407734041,0.0,0.0,0.0,62.0,100.0,10.0
6237,驊訊,半導體業,44.1,2023-04-28,2022Q4,0.0,0.0,-128.35,0.0,-48.57,0.0,-22.70489453430805,0.0,0.0,0.0,92.0,100.0,10.0
3555,重鵬,半導體業,27.35,2023-04-28,2022Q4,0.0,0.0,-559.14,0.0,-34.11666666666667,0.0,-139.6711290947441,0.0,0.0,0.0,74.0,100.0,10.0
3312,弘憶股,電子通路業,21.25,2023-04-28,2022Q4,7.62,69.49286846275753,-4.94,0.0,-34.830000000000005,0.0,2.933062373081068,0.0,-1.413591043868654,0.0,32.0873131192906,30.218282798226497,9.971115126098404
5464,霖宏,電子零組件業,29.7,2023-04-28,2022Q4,0.0,0.0,-15.8,0.0,8.466666666666667,42.333333333333336,-4.9577474996376285,0.0,0.2918532684283727,0.0,26.0,15.0,9.966666666666667
6698,旭暉應材,其他電子業,36.15,2023-04-28,2022Q4,0.0,0.0,-241.03,0.0,4.656666666666667,23.283333333333335,1.7376869860582043,0.0,0.0,0.0,41.2351555687406,53.0878889218515,9.965455558851819
3607,谷崧,電子零組件業,14.05,2023-04-28,2022Q4,0.0,0.0,-0.45,0.0,-18.203333333333333,0.0,-15.353488556005049,0.0,0.0,0.0,59.3238863102461,98.30971577561526,9.830971577561527
3339,泰谷,光電業,13.4,2023-04-28,2022Q4,0.0,0.0,-126.55,0.0,-36.67333333333333,0.0,-12.126391365819297,0.0,0.0,0.0,59.0,97.5,9.75
4303,信立,塑膠工業,17.15,2023-04-28,2022Q4,0.0,0.0,-131.12,0.0,-35.309999999999995,0.0,5.301770637718486,1.5088531885924317,0.0,0.0,58.0,95.0,9.726327978288865
2038,海光,鋼鐵工業,20.4,2023-04-28,2022Q4,17.59,50.0,-54.33,0.0,-11.593333333333334,0.0,0.9167333787355665,0.0,0.21662002561305316,0.0,38.871011515577,47.17752878894251,9.717752878894252
2352,佳世達,電腦及週邊設備業,34.6,2023-04-28,2022Q4,8.24,94.4743935309973,-0.47,0.0,-16.933333333333334,0.0,2.440136333091414,0.0,-0.14432502457000967,0.0,21.0596489765307,2.649122441326748,9.712351597232406
6283,淳安,其他電子業,32.2,2023-04-28,2022Q4,0.0,0.0,-51.22,0.0,-50.53333333333333,0.0,-10.6596330460758,0.0,0.0,0.0,58.3786424055109,95.94660601377726,9.594660601377726
3006,晶豪科,半導體業,81.0,2023-04-28,2022Q4,0.0,0.0,-79.11,0.0,-46.51666666666667,0.0,4.890887146501045,0.0,-3.385688639244363,0.0,58.3721392502148,95.930348125537,9.5930348125537
6462,神盾,半導體業,85.1,2023-04-28,2022Q4,0.0,0.0,-295.82,0.0,6.296666666666667,31.483333333333334,-29.236038062809715,0.0,0.0,0.0,33.0,32.5,9.546666666666667
2007,燁興,鋼鐵工業,10.75,2023-04-28,2022Q4,0.0,0.0,-6650.0,0.0,-25.416666666666668,0.0,-4.066706147117985,0.0,0.0,0.0,57.7609161940614,94.4022904851535,9.44022904851535
6674,鋐寶科技,通信網路業,28.35,2023-04-28,2022Q4,0.0,0.0,-291.84,0.0,-61.25666666666667,0.0,-3.9757903045896223,0.0,0.0,0.0,57.2699110773848,93.17477769346199,9.3174777693462
1305,華夏,塑膠工業,25.05,2023-04-28,2022Q4,0.0,0.0,-115.06,0.0,-28.05666666666667,0.0,-5.581693392802905,0.0,0.0,0.0,56.6224954190534,91.55623854763351,9.155623854763352
2537,聯上發,建材營造業,6.94,2023-04-28,2022Q4,26.69,0.0,-81.16,0.0,-94.23666666666668,0.0,14.653113105805051,48.26556552902525,-22.051243870503967,0.0,27.4662438666647,18.66560966666175,9.106395796019964
1314,中石化,塑膠工業,10.1,2023-04-28,2022Q4,168.33,0.0,-94.34,0.0,-30.26,0.0,-15.366275774593808,0.0,-39.52216083118131,0.0,56.2555444126305,90.63886103157624,9.063886103157625
3033,威健,電子通路業,29.9,2023-04-28,2022Q4,7.46,71.18330692023244,-11.23,0.0,-1.4600000000000002,0.0,3.8818116582819417,0.0,-2.467967800067564,0.0,27.6154706378925,19.03867659473125,9.02219835149637
3313,斐成,其他業,10.25,2023-04-28,2022Q4,0.0,0.0,-447.62,0.0,-45.85666666666666,0.0,-451.2889486662183,0.0,0.0,0.0,56.0,90.0,9.0
1240,茂生農經,農業科技業,45.0,2023-04-28,2022Q4,0.0,0.0,-95.88,0.0,-0.18000000000000016,0.0,0.7947974306365618,0.0,-16.626006081201933,0.0,56.0,90.0,9.0
3349,寶德,電腦及週邊設備業,13.95,2023-04-28,2022Q4,0.0,0.0,-176.47,0.0,-51.78,0.0,-11.747336079680293,0.0,0.0,0.0,56.0,90.0,9.0
2498,宏達電,通信網路業,56.7,2023-04-28,2022Q4,0.0,0.0,-10.13,0.0,-13.953333333333333,0.0,-99.88677250141365,0.0,0.0,0.0,55.0366712176054,87.5916780440135,8.75916780440135
2414,精技,電子通路業,34.35,2023-04-28,2022Q4,11.15,32.19756999471737,-10.47,0.0,2.8633333333333337,14.31666666666667,2.7627267011767347,0.0,-1.0354303126900741,0.0,30.6060321736043,26.515080434010752,8.734598376206147
2024,志聯,鋼鐵工業,18.95,2023-04-28,2022Q4,39.48,0.0,-67.35,0.0,-32.1,0.0,5.370623601957217,1.853118009786083,-5.35019801351151,0.0,53.7293545722224,84.32338643055598,8.710306344523511
3593,力銘,電子零組件業,12.45,2023-04-28,2022Q4,0.0,0.0,-5100.0,0.0,4.256666666666665,21.283333333333328,-7.533864779006272,0.0,0.0,0.0,37.6865650606451,44.21641265161275,8.678307931827941
9921,巨大,運動休閒,183.5,2023-04-28,2022Q4,12.31,20.557308096740257,-1.9,0.0,-10.39,0.0,8.598569103200193,17.992845516000962,0.08754003122927852,0.0,35.6613789615091,39.15344740377275,8.670002377451445
9912,偉聯,電腦及週邊設備業,10.2,2023-04-28,2022Q4,0.0,0.0,-172.97,0.0,-12.793333333333335,0.0,-6.118548775112631,0.0,0.0,0.0,54.4052620587766,86.0131551469415,8.60131551469415
1312,國喬,塑膠工業,20.25,2023-04-28,2022Q4,0.0,0.0,-108.66,0.0,-5.39,0.0,-4.330209577949175,0.0,0.0,0.0,53.3671264101303,83.41781602532575,8.341781602532576
2388,威盛,半導體業,74.0,2023-04-28,2022Q4,0.0,0.0,-102.12,0.0,-1.6133333333333333,0.0,0.03584093680378012,0.0,0.0,0.0,53.3169222798773,83.29230569969326,8.329230569969326
4534,慶騰,電機機械,9.65,2023-04-28,2022Q4,0.0,0.0,-389.83,0.0,-24.416666666666668,0.0,-18.268073704453304,0.0,0.0,0.0,53.0,82.5,8.25
1802,台玻,玻璃陶瓷,20.3,2023-04-28,2022Q4,0.0,0.0,-106.33,0.0,-9.213333333333333,0.0,-1.7299137195488843,0.0,0.0,0.0,52.0672520992095,80.16813024802374,8.016813024802374
6228,全譜,電腦及週邊設備業,12.8,2023-04-28,2022Q4,0.0,0.0,-392.31,0.0,-6.1499999999999995,0.0,-61.90983856229059,0.0,0.0,0.0,52.0,80.0,8.0
1459,聯發,紡織纖維,9.02,2023-04-28,2022Q4,0.0,0.0,-169.65,0.0,-54.443333333333335,0.0,-6.014903135748927,0.0,0.0,0.0,51.7523697738004,79.38092443450101,7.938092443450102
1313,聯成,塑膠工業,14.95,2023-04-28,2022Q4,0.0,0.0,-156.63,0.0,-13.613333333333335,0.0,-3.25822251009937,0.0,0.0,0.0,51.6316287222159,79.07907180553974,7.907907180553974
1608,華榮,電器電纜,16.4,2023-04-28,2022Q4,0.0,0.0,-102.75,0.0,-9.856666666666667,0.0,3.1684582652280295,0.0,0.0,0.0,51.505377783593,78.76344445898249,7.8763444458982494
5475,德宏,電子零組件業,14.65,2023-04-28,2022Q4,0.0,0.0,-172.65,0.0,-18.53,0.0,-41.17735797202756,0.0,0.0,0.0,51.0,77.5,7.75
5351,鈺創,半導體業,43.05,2023-04-28,2022Q4,0.0,0.0,-86.6,0.0,-65.52666666666667,0.0,1.7757374232830243,0.0,-9.205454737658128,0.0,51.0,77.5,7.75
2201,裕隆,汽車工業,80.6,2023-04-28,2022Q4,0.0,0.0,-199.59,0.0,1.5600000000000003,7.800000000000002,13.111403257708886,40.55701628854443,0.0,0.0,13.3536934970416,0.0,7.643552443281665
1321,大洋,塑膠工業,34.3,2023-04-28,2022Q4,0.0,0.0,-113.1,0.0,-24.093333333333334,0.0,-2.9395327733696313,0.0,0.0,0.0,50.245361879673,75.6134046991825,7.56134046991825
6461,益得,生技醫療業,36.75,2023-04-28,2022Q4,0.0,0.0,5.05,10.1,-67.42666666666666,0.0,-1345.1177739248108,0.0,0.0,0.0,40.0,50.0,7.525
6229,研通,半導體業,27.8,2023-04-28,2022Q4,0.0,0.0,-50.56,0.0,-44.96666666666667,0.0,1.9469995906366069,0.0,0.06533660163752147,0.0,50.0,75.0,7.5
2382,廣達,電腦及週邊設備業,85.9,2023-04-28,2022Q4,11.44,72.911051212938,-13.97,0.0,-11.540000000000001,0.0,2.4358089671724104,0.0,0.3942013089128724,0.0,20.7267683214717,1.816920803679247,7.4727972016617255
3036,文曄,電子通路業,66.4,2023-04-28,2022Q4,8.87,56.286318013734814,-13.55,0.0,-5.669999999999999,0.0,2.0627934960974366,0.0,-0.791352596465815,0.0,27.025353920989,17.563384802472505,7.384970281620732
3672,康聯訊,通信網路業,28.5,2023-04-28,2022Q4,0.0,0.0,-245.83,0.0,-35.556666666666665,0.0,-3.861151208029936,0.0,0.0,0.0,49.0,72.5,7.25
2358,廷鑫,,10.5,2023-04-28,2022Q4,1050.0,0.0,-99.22,0.0,0.0,0.0,1.786351541564159,0.0,0.0,0.0,48.7679940072067,71.91998501801675,7.191998501801675
9955,佳龍,綠能環保,26.7,2023-04-28,2022Q4,0.0,0.0,-1.05,0.0,-27.626666666666665,0.0,-8.56814825270159,0.0,0.0,0.0,48.6703641367936,71.67591034198401,7.167591034198401
2460,建通,電子零組件業,23.5,2023-04-28,2022Q4,0.0,0.0,-142.18,0.0,-31.833333333333332,0.0,-8.305846348157683,0.0,0.0,0.0,48.0057332368388,70.014333092097,7.001433309209701
1742,台蠟,化學工業,14.8,2023-04-28,2022Q4,0.0,0.0,-129.84,0.0,-18.49,0.0,-28.04266283826959,0.0,0.0,0.0,48.0,70.0,7.0
6150,撼訊,電腦及週邊設備業,73.8,2023-04-28,2022Q4,0.0,0.0,-107.42,0.0,-39.44,0.0,-1.9973747165887228,0.0,0.0,0.0,48.0,70.0,7.0
3702,大聯大,電子通路業,50.0,2023-04-28,2022Q4,8.94,55.546751188589546,-8.93,0.0,-30.846666666666664,0.0,1.8962226788806829,0.0,-0.5791556424534453,0.0,25.6328955405806,14.082238851451494,6.962899004004105
2409,友達,光電業,17.0,2023-04-28,2022Q4,0.0,0.0,-137.11,0.0,-37.23,0.0,-9.7127664332532,0.0,0.0,0.0,47.8489216467449,69.62230411686224,6.962230411686225
2241,艾姆勒,汽車工業,34.15,2023-04-28,2022Q4,0.0,0.0,-100.0,0.0,-30.69333333333333,0.0,-37.87313534891608,0.0,0.0,0.0,47.2614007507803,68.15350187695074,6.815350187695074
8477,創業家,數位雲端,17.35,2023-04-28,2022Q4,0.0,0.0,-254.72,0.0,-45.973333333333336,0.0,-5.479860148716295,0.0,0.0,0.0,47.0,67.5,6.75
3631,晟楠,電子零組件業,35.3,2023-04-28,2022Q4,0.0,0.0,-262.5,0.0,-47.70666666666667,0.0,-58.393148055551066,0.0,0.0,0.0,47.0,67.5,6.75
2014,中鴻,鋼鐵工業,24.5,2023-04-28,2022Q4,0.0,0.0,-115.61,0.0,-22.97666666666667,0.0,-3.9563118347516713,0.0,0.0,0.0,46.409612631099,66.0240315777475,6.6024031577747495
2464,盟立,其他電子業,37.75,2023-04-28,2022Q4,14.35,33.238405207485755,-2.59,0.0,-8.413333333333332,0.0,3.3145275297204497,0.0,-2.8448547182567747,0.0,32.9732816949605,32.43320423740125,6.5671609444887
3230,錦明,光電業,13.7,2023-04-28,2022Q4,0.0,0.0,-262.75,0.0,-46.47666666666667,0.0,-15.318242157479215,0.0,0.0,0.0,46.0,65.0,6.5
1466,聚隆,紡織纖維,11.7,2023-04-28,2022Q4,0.0,0.0,-137.5,0.0,-35.87,0.0,-4.277191352417907,0.0,0.0,0.0,45.7631152662626,64.40778816565651,6.440778816565651
2908,特力,貿易百貨業,20.7,2023-04-28,2022Q4,24.07,63.22999279019466,-45.57,0.0,-11.299999999999999,0.0,0.5266824451133876,0.0,-0.13281160114489926,0.0,17.7791546710781,0.0,6.3229992790194665
8411,福貞-KY,其他業,14.9,2023-04-28,2022Q4,0.0,0.0,-176.13,0.0,0.0,0.0,0.7725348687334723,0.0,0.0,0.0,45.0596109017488,62.649027254371994,6.264902725437199
3609,三一東林,電子零組件業,42.45,2023-04-28,2022Q4,0.0,0.0,-27700.0,0.0,-32.623333333333335,0.0,-10.875496881906331,0.0,0.0,0.0,45.0,62.5,6.25
1515,力山,電機機械,29.65,2023-04-28,2022Q4,0.0,0.0,-128.45,0.0,-59.52333333333333,0.0,-9.442688866086886,0.0,0.0,0.0,44.9274738046652,62.318684511662994,6.231868451166299
6541,泰福-KY,生技醫療業,76.0,2023-04-28,2022Q4,0.0,0.0,1.9,3.8,0.0,0.0,-7166.206927334404,0.0,0.0,0.0,40.6887388093394,51.7218470233485,6.122184702334851
3028,增你強,電子通路業,32.25,2023-04-28,2022Q4,9.86,45.82673005810882,-19.51,0.0,-38.57333333333333,0.0,3.035230661069674,0.0,-2.385695213358486,0.0,25.4066875675681,13.516718918920247,5.934344897702907
3550,聯穎,電子零組件業,16.0,2023-04-28,2022Q4,0.0,0.0,-127.96,0.0,-14.933333333333335,0.0,-1.3037095277283977,0.0,0.0,0.0,43.3788903413269,58.44722585331725,5.844722585331725
5905,南仁湖,觀光餐旅,11.65,2023-04-28,2022Q4,0.0,0.0,-3.9,0.0,3.3000000000000007,16.500000000000004,-20.9512157505711,0.0,0.0,0.0,30.0,25.0,5.800000000000001
8488,吉源-KY,其他業,15.6,2023-04-28,2022Q4,0.0,0.0,-234.67,0.0,0.0,0.0,-1.666741769207093,0.0,0.0,0.0,43.1109042027944,57.777260506986,5.7777260506986
8099,大世科,資訊服務業,44.05,2023-04-28,2022Q4,0.0,0.0,0.5,1.0,-0.010000000000000378,0.0,4.482795906723354,0.0,0.08729540577038378,0.0,42.0,55.00000000000001,5.750000000000001
6134,萬旭,電子零組件業,25.05,2023-04-28,2022Q4,0.0,0.0,-68.52,0.0,-8.43,0.0,-8.047634659838396,0.0,0.0,0.0,43.0,57.49999999999999,5.75
2061,風青,電器電纜,21.4,2023-04-28,2022Q4,0.0,0.0,-166.24,0.0,-0.20333333333333256,0.0,-0.07085169779863666,0.0,0.0,0.0,43.0,57.49999999999999,5.75
4420,光明,紡織纖維,29.5,2023-04-28,2022Q4,0.0,0.0,-105.39,0.0,-30.763333333333335,0.0,2.4929324911555173,0.0,0.0,0.0,43.0,57.49999999999999,5.75
3294,英濟,電子零組件業,19.05,2023-04-28,2022Q4,0.0,0.0,-766.67,0.0,-30.14,0.0,-1.7555968154290325,0.0,0.0,0.0,43.0,57.49999999999999,5.75
3545,敦泰,半導體業,79.1,2023-04-28,2022Q4,0.0,0.0,-131.06,0.0,-16.290000000000003,0.0,-17.708566443205516,0.0,0.0,0.0,42.4645498898048,56.161374724512,5.6161374724512
1710,東聯,化學工業,20.9,2023-04-28,2022Q4,24.59,19.41051513542218,-96.12,0.0,-20.04,0.0,-5.243076895765016,0.0,-26.897846834563836,0.0,34.3501613564692,35.875403391173,5.528591852659519
6668,中揚光,光電業,40.2,2023-04-28,2022Q4,0.0,0.0,-12.69,0.0,-9.463333333333333,0.0,-20.725323665892308,0.0,0.0,0.0,41.7447785366152,54.361946341538,5.4361946341538
3048,益登,電子通路業,27.65,2023-04-28,2022Q4,9.07,54.17326994189118,-32.83,0.0,-14.533333333333333,0.0,1.4890894800111976,0.0,-3.9921030045002555,0.0,17.3687536423632,0.0,5.417326994189118
6573,虹揚-KY,半導體業,15.65,2023-04-28,2022Q4,0.0,0.0,-34.2,0.0,0.0,0.0,-17.558165067857882,0.0,0.0,0.0,41.0823698850888,52.70592471272201,5.270592471272201
2208,台船,航運業,25.95,2023-04-28,2022Q4,0.0,0.0,-19000.0,0.0,5.01,25.05,-17.087980612938498,0.0,0.0,0.0,21.0341822496977,2.5854556242442506,5.268545562424426
8011,台通,通信網路業,15.5,2023-04-28,2022Q4,0.0,0.0,-19.12,0.0,-11.276666666666666,0.0,-11.663425584056816,0.0,0.0,0.0,40.9211181356828,52.30279533920701,5.230279533920701
2022,聚亨,鋼鐵工業,9.74,2023-04-28,2022Q4,0.0,0.0,-128.09,0.0,-13.906666666666666,0.0,1.189950163875918,0.0,0.0,0.0,40.728385228376,51.820963070939996,5.182096307094
4120,友華,生技醫療業,36.75,2023-04-28,2022Q4,0.0,0.0,-357.55,0.0,3.0466666666666664,15.233333333333333,-3.161133548464154,0.0,0.0,0.0,28.0,20.0,5.046666666666667
3709,鑫聯大投控,電腦及週邊設備業,21.45,2023-04-28,2022Q4,0.0,0.0,-59.34,0.0,3.27,16.35,1.2853310764815191,0.0,-11.066220621032768,0.0,26.0,15.0,4.7700000000000005
4416,三圓,建材營造業,86.7,2023-04-28,2022Q4,0.0,0.0,-127.16,0.0,4.683333333333334,23.416666666666668,0.35521380736964175,0.0,0.0,0.0,12.0,0.0,4.683333333333334
8101,華冠,通信網路業,5.12,2023-04-28,2022Q4,0.0,0.0,-2875.0,0.0,-58.276666666666664,0.0,-78.32882800709797,0.0,0.0,0.0,38.2734210859871,45.68355271496776,4.568355271496777
1589,永冠-KY,電機機械,78.9,2023-04-28,2022Q4,0.0,0.0,-303.08,0.0,0.0,0.0,1.0393199007877834,0.0,0.0,0.0,38.207400063926,45.518500159815005,4.5518500159815005
1805,寶徠,建材營造業,10.25,2023-04-28,2022Q4,0.0,0.0,-176.47,0.0,-93.66666666666667,0.0,-20.904246322844376,0.0,0.0,0.0,37.4077567388003,43.519391847000755,4.3519391847000755
1586,和勤,電機機械,33.8,2023-04-28,2022Q4,0.0,0.0,-58.91,0.0,-31.706666666666667,0.0,-0.8186854963280822,0.0,0.49065702230259195,0.0,36.0,40.0,4.0
1467,南緯,紡織纖維,11.5,2023-04-28,2022Q4,0.0,0.0,-23.08,0.0,-37.40333333333333,0.0,0.4996231168076851,0.0,0.0,0.0,35.345646485544,38.36411621386001,3.836411621386001
5383,金利,,30.65,2023-04-28,2022Q4,0.0,0.0,-39.39,0.0,0.0,0.0,5.700228194350461,3.5011409717523057,0.0,0.0,33.0,32.5,3.7751711457628456
5392,能率,光電業,20.8,2023-04-28,2022Q4,0.0,0.0,-265.71,0.0,-25.63,0.0,0.15472145242315338,0.0,0.0,0.0,35.0,37.5,3.75
9919,康那香,其他業,18.15,2023-04-28,2022Q4,0.0,0.0,-368.0,0.0,-13.996666666666664,0.0,-8.822540509077978,0.0,0.0,0.0,34.6890293852312,36.722573463078,3.6722573463078003
6141,柏承,電子零組件業,18.4,2023-04-28,2022Q4,0.0,0.0,-144.79,0.0,-43.14000000000001,0.0,-3.690827932263495,0.0,0.0,0.0,34.0890538124842,35.2226345312105,3.5222634531210506
3685,元創精密,電機機械,21.0,2023-04-28,2022Q4,0.0,0.0,-1600.0,0.0,-6.580000000000001,0.0,-2.946460399182889,0.0,0.0,0.0,34.0,35.0,3.5
3149,正達,光電業,18.35,2023-04-28,2022Q4,0.0,0.0,-145.76,0.0,-15.863333333333332,0.0,-16.340246613244496,0.0,0.0,0.0,33.8859365681682,34.7148414204205,3.47148414204205
3321,同泰,電子零組件業,6.33,2023-04-28,2022Q4,0.0,0.0,-216.67,0.0,-36.723333333333336,0.0,-16.428782354572512,0.0,0.0,0.0,33.7133659676202,34.2834149190505,3.42834149190505
1909,榮成,造紙工業,17.2,2023-04-28,2022Q4,0.0,0.0,-138.59,0.0,-17.58666666666667,0.0,-0.7791229654569165,0.0,0.0,0.0,33.1277764699427,32.819441174856756,3.2819441174856756
2035,唐榮,鋼鐵工業,31.15,2023-04-28,2022Q4,0.0,0.0,-114.13,0.0,-20.886666666666667,0.0,-2.0414529655766778,0.0,0.0,0.0,33.0,32.5,3.25
4513,福裕,電機機械,21.2,2023-04-28,2022Q4,0.0,0.0,-168.18,0.0,-32.31,0.0,0.9522201083851995,0.0,0.0,0.0,33.0,32.5,3.25
6127,九豪,電子零組件業,22.85,2023-04-28,2022Q4,0.0,0.0,-165.96,0.0,-23.689999999999998,0.0,-16.691894955023024,0.0,0.0,0.0,33.0,32.5,3.25
3489,森寶,建材營造業,11.0,2023-04-28,2022Q4,0.0,0.0,-49.12,0.0,-33.080000000000005,0.0,1.619237200758987,0.0,-8.864853745834534,0.0,33.0,32.5,3.25
2429,銘旺科,光電業,23.15,2023-04-28,2022Q4,0.0,0.0,-2580.0,0.0,-10.713333333333333,0.0,-7.8649765045445035,0.0,0.0,0.0,32.6828422379814,31.707105594953493,3.1707105594953493
3346,麗清,汽車工業,38.3,2023-04-28,2022Q4,132.07,0.0,-70.87,0.0,-2.246666666666667,0.0,1.0418722396510307,0.0,-6.321336346029697,0.0,32.2510785777858,30.62769644446449,3.0627696444464494
5907,大洋-KY,貿易百貨業,15.3,2023-04-28,2022Q4,0.0,0.0,-257.98,0.0,0.0,0.0,0.6732058806662519,0.0,0.0,0.0,31.0781435564308,27.695358891077,2.7695358891077
3508,位速,其他電子業,33.0,2023-04-28,2022Q4,0.0,0.0,-121.74,0.0,-36.92333333333333,0.0,-17.077688820550886,0.0,0.0,0.0,31.0,27.500000000000004,2.7500000000000004
6118,建達,電子通路業,33.3,2023-04-28,2022Q4,0.0,0.0,-38.33,0.0,-12.556666666666667,0.0,0.47549919581966404,0.0,-5.977451274362819,0.0,31.0,27.500000000000004,2.7500000000000004
5457,宣德,電子零組件業,53.1,2023-04-28,2022Q4,0.0,0.0,-9.98,0.0,-13.553333333333333,0.0,8.655858370614062,18.279291853070312,-1.4924838693158542,0.0,19.0,0.0,2.741893777960547
1598,岱宇,運動休閒,42.5,2023-04-28,2022Q4,0.0,0.0,-117.58,0.0,-0.5133333333333331,0.0,-5.394662004200544,0.0,0.0,0.0,30.66636834214,26.665920855350002,2.6665920855350005
2911,麗嬰房,貿易百貨業,7.09,2023-04-28,2022Q4,0.0,0.0,-159.09,0.0,-4.13,0.0,-19.133100323159354,0.0,0.0,0.0,30.2464814289087,25.616203572271758,2.561620357227176
3064,泰偉,文化創意業,13.05,2023-04-28,2022Q4,0.0,0.0,-362.67,0.0,-13.646666666666667,0.0,-142.76390734763623,0.0,0.0,0.0,29.0,22.5,2.25
8906,花王,其他業,18.35,2023-04-28,2022Q4,0.0,0.0,-260.0,0.0,-18.16,0.0,-5.621606972698424,0.0,0.0,0.0,29.0,22.5,2.25
8121,越峰,電子零組件業,31.9,2023-04-28,2022Q4,0.0,0.0,-71.88,0.0,-11.65,0.0,1.5511820063803126,0.0,-4.923599217029606,0.0,29.0,22.5,2.25
2406,國碩,光電業,19.05,2023-04-28,2022Q4,0.0,0.0,-600.0,0.0,-37.656666666666666,0.0,-6.701672279657846,0.0,0.0,0.0,28.2082186562048,20.520546640512,2.0520546640512
9934,成霖,居家生活,14.5,2023-04-28,2022Q4,0.0,0.0,-6300.0,0.0,-12.973333333333334,0.0,-3.448016529207767,0.0,0.0,0.0,28.152350720478,20.380876801195,2.0380876801195003
4131,晶宇,生技醫療業,28.0,2023-04-28,2022Q4,0.0,0.0,-63.74,0.0,-28.813333333333333,0.0,-45.3286574948296,0.0,0.0,0.0,28.0,20.0,2.0
4946,辣椒,文化創意業,27.75,2023-04-28,2022Q4,0.0,0.0,-552.51,0.0,-51.589999999999996,0.0,-73.84821710318712,0.0,0.0,0.0,28.0,20.0,2.0
2101,南港,橡膠工業,38.5,2023-04-28,2022Q4,0.0,0.0,-324.14,0.0,-3.6366666666666667,0.0,-5.52211384583919,0.0,0.0,0.0,27.6318829635255,19.079707408813746,1.9079707408813746
8489,三貝德,其他業,23.45,2023-04-28,2022Q4,0.0,0.0,-36.71,0.0,-0.9966666666666661,0.0,0.04926092565611702,0.0,0.0,0.0,27.0,17.5,1.75
1609,大亞,電器電纜,27.4,2023-04-28,2022Q4,22.1,0.0,-42.86,0.0,-4.673333333333333,0.0,3.1634769980519284,0.0,-0.35065331709201103,0.0,26.7536951965801,16.884237991450252,1.6884237991450253
2442,新美齊,建材營造業,16.35,2023-04-28,2022Q4,29.2,0.0,-70.37,0.0,-9.129999999999999,0.0,-1.7086914035744618,0.0,-5.8620851229988284,0.0,25.9045519578974,14.7613798947435,1.47613798947435
2465,麗臺,電腦及週邊設備業,37.25,2023-04-28,2022Q4,0.0,0.0,-144.99,0.0,-42.96333333333333,0.0,-2.866692096159632,0.0,0.0,0.0,25.1515348729888,12.878837182472003,1.2878837182472003
4714,永捷,化學工業,12.45,2023-04-28,2022Q4,0.0,0.0,-235.71,0.0,-32.656666666666666,0.0,-4.699103266647392,0.0,0.0,0.0,25.0,12.5,1.25
1441,大東,紡織纖維,8.28,2023-04-28,2022Q4,0.0,0.0,-236.0,0.0,-20.833333333333332,0.0,-19.859888989065123,0.0,0.0,0.0,24.7162321953591,11.790580488397753,1.1790580488397753
3202,樺晟,,17.85,2023-04-28,2022Q4,0.0,0.0,-267.74,0.0,0.0,0.0,-2.40642027226921,0.0,0.0,0.0,24.0,10.0,1.0
8044,網家,數位雲端,57.2,2023-04-28,2022Q4,0.0,0.0,-150.0,0.0,-13.086666666666668,0.0,-0.13103127881005397,0.0,0.0,0.0,24.0,10.0,1.0
5206,坤悅,建材營造業,20.4,2023-04-28,2022Q4,0.0,0.0,-224.07,0.0,0.0,0.0,-28.476417447209446,0.0,0.0,0.0,24.0,10.0,1.0
3523,迎輝,光電業,18.45,2023-04-28,2022Q4,0.0,0.0,-3.08,0.0,-25.62,0.0,-91.82071644709893,0.0,0.0,0.0,23.0,7.5,0.75
3625,西勝,電腦及週邊設備業,13.7,2023-04-28,2022Q4,0.0,0.0,-143.75,0.0,-55.593333333333334,0.0,-9.288379866875708,0.0,0.0,0.0,23.0,7.5,0.75
2614,東森,其他業,19.05,2023-04-28,2022Q4,0.0,0.0,-340.15,0.0,-1.916666666666667,0.0,3.543902032319706,0.0,0.0,0.0,22.804940838748,7.012352096869997,0.7012352096869998
3176,基亞,生技醫療業,34.35,2023-04-28,2022Q4,0.0,0.0,-1178.95,0.0,-45.10666666666666,0.0,-157.86549893129106,0.0,0.0,0.0,22.0,5.0,0.5
2867,三商壽,金融保險業,5.26,2023-04-28,2022Q4,0.0,0.0,-1133.33,0.0,0.29333333333333184,1.4666666666666592,-13.993653639143547,0.0,0.0,0.0,1.97830169677121,0.0,0.29333333333333184
4907,富宇,建材營造業,35.85,2023-04-28,2022Q4,0.0,0.0,-94.29,0.0,-89.71666666666665,0.0,5.375900006984449,1.8795000349222455,-191.68893214190922,0.0,18.0,0.0,0.2819250052383368
3360,尚立,電子通路業,13.85,2023-04-28,2022Q4,0.0,0.0,-75.57,0.0,-29.736666666666668,0.0,1.1583200470281834,0.0,-18.58533344406611,0.0,21.0,2.5,0.25
8444,綠河-KY,其他業,56.9,2023-04-28,2022Q4,0.0,0.0,0.0,0.0,0.0,0.0,0.0,0.0,0.0,0.0,0.0,0.0,0.0
4154,樂威科-KY,其他業,30.9,2023-04-28,2022Q4,0.0,0.0,0.0,0.0,0.0,0.0,0.0,0.0,0.0,0.0,0.0,0.0,0.0
4139,馬光-KY,生技醫療業,37.6,2023-04-28,2022Q4,0.0,0.0,0.0,0.0,0.0,0.0,0.0,0.0,0.0,0.0,0.0,0.0,0.0
5543,桓鼎-KY,建材營造業,50.5,2023-04-28,2022Q4,0.0,0.0,0.0,0.0,0.0,0.0,0.0,0.0,0.0,0.0,0.0,0.0,0.0
4924,欣厚-KY,電腦及週邊設備業,13.1,2023-04-28,2022Q4,0.0,0.0,0.0,0.0,0.0,0.0,0.0,0.0,0.0,0.0,0.0,0.0,0.0
4804,大略-KY,觀光餐旅,6.58,2023-04-28,2022Q4,0.0,0.0,0.0,0.0,0.0,0.0,0.0,0.0,0.0,0.0,0.0,0.0,0.0
4745,合富-KY,生技醫療業,28.2,2023-04-28,2022Q4,0.0,0.0,0.0,0.0,0.0,0.0,0.0,0.0,0.0,0.0,0.0,0.0,0.0
5281,大峽谷-KY,,16.65,2023-04-28,2022Q4,0.0,0.0,0.0,0.0,0.0,0.0,0.0,0.0,0.0,0.0,0.0,0.0,0.0
6741,91APP*-KY,數位雲端,145.5,2023-04-28,2022Q4,0.0,0.0,0.0,0.0,0.0,0.0,0.0,0.0,0.0,0.0,0.0,0.0,0.0
8455,大拓-KY,其他電子業,22.25,2023-04-28,2022Q4,0.0,0.0,0.0,0.0,0.0,0.0,0.0,0.0,0.0,0.0,0.0,0.0,0.0
4991,環宇-KY,半導體業,33.25,2023-04-28,2022Q4,0.0,0.0,0.0,0.0,0.0,0.0,0.0,0.0,0.0,0.0,0.0,0.0,0.0
8437,大地-KY,其他業,110.0,2023-04-28,2022Q4,0.0,0.0,0.0,0.0,0.0,0.0,0.0,0.0,0.0,0.0,0.0,0.0,0.0
8418,捷必勝-KY,,9.9,2023-04-28,2022Q4,0.0,0.0,0.0,0.0,0.0,0.0,0.0,0.0,0.0,0.0,0.0,0.0,0.0
8423,保綠-KY,綠能環保,21.7,2023-04-28,2022Q4,0.0,0.0,0.0,0.0,0.0,0.0,0.0,0.0,0.0,0.0,0.0,0.0,0.0
1591,駿吉-KY,電機機械,26.7,2023-04-28,2022Q4,0.0,0.0,0.0,0.0,0.0,0.0,0.0,0.0,0.0,0.0,0.0,0.0,0.0
8426,紅木-KY,其他業,47.3,2023-04-28,2022Q4,0.0,0.0,0.0,0.0,0.0,0.0,0.0,0.0,0.0,0.0,0.0,0.0,0.0
1258,其祥-KY,,26.8,2023-04-28,2022Q4,0.0,0.0,0.0,0.0,0.0,0.0,0.0,0.0,0.0,0.0,0.0,0.0,0.0
3095,及成,通信網路業,22.0,2023-04-28,2022Q4,0.0,0.0,-3.9,0.0,-21.303333333333335,0.0,-7.652953402770521,0.0,0.0,0.0,5.0,0.0,0.0
6514,芮特-KY,,57.2,2023-04-28,2022Q4,0.0,0.0,0.0,0.0,0.0,0.0,0.0,0.0,0.0,0.0,0.0,0.0,0.0
6629,泰金-KY,居家生活,44.6,2023-04-28,2022Q4,0.0,0.0,0.0,0.0,0.0,0.0,0.0,0.0,0.0,0.0,0.0,0.0,0.0
6616,特昇-KY,居家生活,14.5,2023-04-28,2022Q4,0.0,0.0,0.0,0.0,0.0,0.0,0.0,0.0,0.0,0.0,0.0,0.0,0.0
4157,太景*-KY,生技醫療業,15.4,2023-04-28,2022Q4,0.0,0.0,0.0,0.0,0.0,0.0,0.0,0.0,0.0,0.0,0.0,0.0,0.0
2888,新光金,,8.38,2023-04-28,2022Q4,64.46,0.0,-94.01,0.0,0.0,0.0,4.662913983703684,0.0,0.0,0.0,4.36475341338252,0.0,0.0
2726,雅茗-KY,觀光餐旅,26.55,2023-04-28,2022Q4,0.0,0.0,0.0,0.0,0.0,0.0,0.0,0.0,0.0,0.0,0.0,0.0,0.0
2724,富驛-KY,其他業,13.0,2023-04-28,2022Q4,0.0,0.0,0.0,0.0,0.0,0.0,0.0,0.0,0.0,0.0,0.0,0.0,0.0
2905,三商,貿易百貨業,15.15,2023-04-28,2022Q4,0.0,0.0,-368.2,0.0,-23.656666666666666,0.0,-6.570924143140449,0.0,0.0,0.0,0.684874605000629,0.0,0.0
6404,通訊-KY,,22.2,2023-04-28,2022Q4,0.0,0.0,0.0,0.0,0.0,0.0,0.0,0.0,0.0,0.0,0.0,0.0,0.0
2924,宏太-KY,居家生活,32.45,2023-04-28,2022Q4,0.0,0.0,0.0,0.0,0.0,0.0,0.0,0.0,0.0,0.0,0.0,0.0,0.0
3664,安瑞-KY,通信網路業,33.65,2023-04-28,2022Q4,0.0,0.0,0.0,0.0,0.0,0.0,0.0,0.0,0.0,0.0,0.0,0.0,0.0
5223,安力-KY,電腦及週邊設備業,40.2,2023-04-28,2022Q4,0.0,0.0,0.0,0.0,0.0,0.0,0.0,0.0,0.0,0.0,0.0,0.0,0.0
4971,IET-KY,半導體業,66.6,2023-04-28,2022Q4,0.0,0.0,0.0,0.0,0.0,0.0,0.0,0.0,0.0,0.0,0.0,0.0,0.0
5227,立凱-KY,電子零組件業,70.7,2023-04-28,2022Q4,0.0,0.0,0.0,0.0,0.0,0.0,0.0,0.0,0.0,0.0,0.0,0.0,0.0
4966,譜瑞-KY,半導體業,938.0,2023-04-28,2022Q4,0.0,0.0,0.0,0.0,0.0,0.0,0.0,0.0,0.0,0.0,0.0,0.0,0.0
