symbol,name,industry,price_date,market_price,report_quarter,pe_ratio,value_score,eps_yoy,growth_score,avg_revenue_yoy_3m,momentum_score,op_margin,profit_score,cash_quality,quality_score,equity_to_assets_ratio,safety_score,total_score
2330,台積電,半導體業,2025-09-26,1300.0,2025Q2,23.09,84.44065871663827,60.6,100.0,28.820000000000004,100.0,49.096564628382836,100.0,1.4774713750206738,100.0,65.3846049638481,100.0,98.44406587166382
2534,宏盛,建材營造業,2025-09-26,21.4,2025Q2,8.63,75.53925798101811,9200.0,100.0,109.86333333333334,100.0,23.774775783711668,93.87387891855835,1.903660955565165,100.0,47.2464654391386,68.11616359784651,93.44662399567022
3056,富華新,建材營造業,2025-09-26,19.9,2025Q2,2.54,100.0,894.74,100.0,89.24666666666667,100.0,18.307860335233002,66.53930167616501,1.5594114396396297,100.0,52.3786782072922,80.9466955182305,93.0755648032478
6739,竹陞科技,其他電子業,2025-09-26,894.0,2025Q2,0.0,0.0,131.05,100.0,99.79,100.0,49.55131552029996,100.0,1.300226549152134,100.0,69.0,100.0,90.0
2718,全心投控,建材營造業,2025-09-26,58.2,2025Q2,0.0,0.0,641.94,100.0,598.6733333333333,100.0,59.907011262215505,100.0,1.941208050355108,100.0,74.0,100.0,90.0
6498,久禾光,光電業,2025-09-26,95.6,2025Q2,0.0,0.0,50.0,100.0,23.88,100.0,31.28245740426574,100.0,1.9000820798656182,100.0,63.0,100.0,90.0
6649,台生材,生技醫療業,2025-09-26,65.0,2025Q2,0.0,0.0,1360.0,100.0,89.37666666666667,100.0,34.97500517644275,100.0,1.2394902537420351,100.0,90.0,100.0,90.0
5274,信驊,半導體業,2025-09-26,4905.0,2025Q2,0.0,0.0,68.6,100.0,31.066666666666666,100.0,51.28290347232449,100.0,1.380217393742327,100.0,57.0,92.5,89.25
6510,精測,半導體業,2025-09-26,1750.0,2025Q2,0.0,0.0,439.27,100.0,41.07333333333333,100.0,23.81410652972477,94.07053264862387,1.9052236106468614,100.0,86.0,100.0,89.11057989729358
2528,皇普,建材營造業,2025-09-26,28.6,2025Q2,5.27,100.0,446.15,100.0,412921.35000000003,100.0,18.23637418370817,66.18187091854084,1.8328481586615082,100.0,27.2093674101452,18.023418525363006,86.72962249031742
3563,牧德,光電業,2025-09-26,514.0,2025Q2,39.78,0.0,368.66,100.0,162.46333333333334,100.0,42.62482691720083,100.0,1.0624236258126032,80.34623225894332,76.4945637913401,100.0,86.06924645178867
8034,榮群,通信網路業,2025-09-26,24.1,2025Q2,0.0,0.0,150.0,100.0,344.69,100.0,19.359916606999956,71.79958303499978,7.788727903928584,100.0,76.0,100.0,85.76993745524997
3081,聯亞,通信網路業,2025-09-26,444.0,2025Q2,0.0,0.0,296.1,100.0,75.45666666666666,100.0,19.23370080865744,71.1685040432872,2.546833986552084,100.0,86.0,100.0,85.67527560649307
5607,遠雄港,航運業,2025-09-26,49.5,2025Q2,20.29,7.413914265636001,52.94,100.0,21.62,100.0,36.19602946882729,100.0,1.576144405347764,100.0,38.6532059914054,46.6330149785135,85.40469292441495
2539,櫻花建,建材營造業,2025-09-26,48.0,2025Q2,11.14,53.88265746333045,310.64,100.0,3467.81,100.0,34.11407047337434,100.0,0.9519041527130424,64.5577361018632,48.2197700606612,70.54942515165298,85.35475548187098
8028,昇陽半導體,半導體業,2025-09-26,175.0,2025Q2,46.05,19.250425894378196,98.96,100.0,24.093333333333334,100.0,21.865196280141554,84.32598140070778,2.2099539321149457,100.0,41.8221790470242,54.5554476175605,85.02948456130004
1616,億泰,電器電纜,2025-09-26,34.0,2025Q2,9.42,83.94109396914446,1962.5,100.0,31.546666666666667,100.0,9.974792474051133,24.87396237025567,1.7146128286391358,100.0,51.1451323148567,77.86283078714176,84.91148683116697
6895,宏碩系統,半導體業,2025-09-26,262.0,2025Q2,0.0,0.0,53.73,100.0,176.71333333333334,100.0,17.96482844571751,64.82414222858756,1.2624739976633517,100.0,81.0,100.0,84.72362133428814
6596,寬宏藝術,文化創意業,2025-09-26,147.0,2025Q2,0.0,0.0,110.51,100.0,374.71999999999997,100.0,32.13323605672589,100.0,4.7913369817522575,100.0,38.0,45.0,84.5
8114,振樺電,電腦及週邊設備業,2025-09-26,222.5,2025Q2,8.8,100.0,172.06,100.0,12.076666666666668,60.38333333333335,27.747121890986243,100.0,3.4816327648438112,100.0,24.3051471634188,10.762867908546996,83.15295345752136
6223,旺矽,半導體業,2025-09-26,1660.0,2025Q2,0.0,0.0,44.37,88.74,31.876666666666665,100.0,31.355245126058506,100.0,1.1672287078820365,95.31838684029094,47.0,67.5,82.9986773680582
3653,健策,電子零組件業,2025-09-26,2195.0,2025Q2,71.99,0.0,57.26,100.0,42.77333333333333,100.0,33.878715556912994,100.0,0.9549510436871194,64.99300624101706,57.8147455898294,94.5368639745735,82.45228764566076
6691,洋基工程,其他電子業,2025-09-26,435.0,2025Q2,18.35,62.2848948374761,55.92,100.0,62.55666666666667,100.0,16.770673287273986,58.85336643636994,1.1660134349862024,95.14477642660034,31.3406932014732,28.351733003682998,81.92062303489146
6951,青新-創,,2025-09-26,74.6,2025Q2,13.66,58.93333333333334,38.73,77.46,11.64,58.20000000000001,37.52055071764631,100.0,2.2624294398610507,100.0,61.2250019046744,100.0,81.89833333333333
1815,富喬,電子零組件業,2025-09-26,63.2,2025Q2,0.0,0.0,292.86,100.0,35.973333333333336,100.0,16.906054066888245,59.53027033444123,1.6321402642660083,100.0,50.0,75.0,81.42954055016618
3332,幸康,電子零組件業,2025-09-26,53.2,2025Q2,0.0,0.0,56.3,100.0,49.06333333333333,100.0,13.54696094977311,42.73480474886555,1.410977755497233,100.0,74.0,100.0,81.41022071232983
8162,微矽電子-創,,2025-09-26,40.75,2025Q2,20.38,14.133333333333331,486.67,100.0,31.373333333333335,100.0,12.311272891518083,36.55636445759042,2.8318356444459103,100.0,57.4074430202855,93.51860755071375,81.24864875704326
5314,世紀*,其他業,2025-09-26,144.0,2025Q2,0.0,0.0,267.44,100.0,723.39,100.0,45.84088981698898,100.0,0.8746699285492389,53.524275507034126,58.0,95.0,80.20485510140682
6136,富爾特,通信網路業,2025-09-26,23.25,2025Q2,23.48,50.0,450.0,100.0,26.046666666666667,100.0,1.2102294507420186,0.0,4.2746554364471665,100.0,85.8186974551596,100.0,80.0
6104,創惟,半導體業,2025-09-26,113.0,2025Q2,0.0,0.0,319.1,100.0,19.776666666666667,98.88333333333334,21.676170053924622,83.38085026962311,0.9509565412981971,64.42236304259959,58.0,95.0,79.66826681563005
3093,港建*,其他電子業,2025-09-26,25.4,2025Q2,0.0,0.0,209.52,100.0,85.44666666666666,100.0,12.114633276193626,35.57316638096813,1.2111400466013684,100.0,57.0,92.5,79.58597495714523
8210,勤誠,電腦及週邊設備業,2025-09-26,577.0,2025Q2,26.74,21.689059500959694,82.35,100.0,24.403333333333336,100.0,22.185729509632488,85.92864754816244,1.0206967511776763,74.38525016823948,38.385190266091,45.9629756652275,79.53155068249099
1529,樂事綠能,電機機械,2025-09-26,22.55,2025Q2,37.58,45.11582472788167,486.67,100.0,67.97,100.0,6.3069106631393455,6.534553315696727,2.12837892005743,100.0,51.6506316314705,79.12657907867626,78.40442337801029
8272,全景軟體,資訊服務業,2025-09-26,91.5,2025Q2,0.0,0.0,42.06,84.12,27.973333333333333,100.0,16.69679373895481,58.48396869477405,1.1402030526970095,91.45757895671565,69.0,100.0,78.09411109555924
2501,國建,建材營造業,2025-09-26,22.95,2025Q2,11.59,50.0,79.22,100.0,66.35000000000001,100.0,18.039637004725382,65.1981850236269,1.0374964528612547,76.78520755160781,31.6632775355048,29.158193838762003,78.0525886477418
1108,幸福,水泥工業,2025-09-26,15.05,2025Q2,6.52,100.0,173.02,100.0,-1.5,0.0,37.4156026049848,100.0,1.1739351949132295,96.27645641617565,53.6294994734259,84.07374868356476,77.66266615159161
6186,新潤,建材營造業,2025-09-26,62.4,2025Q2,0.0,0.0,186.29,100.0,195.74666666666667,100.0,19.813181985041457,74.06590992520728,2.6072391125718983,100.0,25.0,12.5,77.35988648878109
2536,宏普,建材營造業,2025-09-26,27.55,2025Q2,15.56,15.746333045729077,1450.0,100.0,513.4133333333333,100.0,16.766233141322957,58.83116570661478,4.282954818626178,100.0,27.6156459231301,19.039114807825246,77.30321964134765
2449,京元電子,半導體業,2025-09-26,155.5,2025Q2,17.34,100.0,97.39,100.0,27.213333333333335,100.0,23.5936156103794,92.968078051897,0.4093803205705631,0.0,53.0288519986516,82.572129996629,77.20242470744745
6712,長聖,生技醫療業,2025-09-26,178.5,2025Q2,0.0,0.0,30.32,60.64000000000001,16.796666666666667,83.98333333333333,42.76446242664441,100.0,1.6121937545551381,100.0,74.0,100.0,76.95666666666668
6188,廣明,電腦及週邊設備業,2025-09-26,118.0,2025Q2,0.0,0.0,42.06,84.12,24.313333333333333,100.0,12.570964675100548,37.85482337550274,7.7161261697159755,100.0,63.0,100.0,76.70822350632541
6708,天擎,半導體業,2025-09-26,40.5,2025Q2,0.0,0.0,233.33,100.0,27.05333333333333,100.0,7.105420332454216,10.527101662271079,10.488349514563106,100.0,90.0,100.0,76.57906524934066
6442,光聖,通信網路業,2025-09-26,765.0,2025Q2,47.96,0.0,35.11,70.22,50.29333333333333,100.0,23.46158778991989,92.30793894959945,1.8724434980212714,100.0,40.680449727124,51.70112431781,76.57130327422092
3017,奇鋐,電腦及週邊設備業,2025-09-26,941.0,2025Q2,30.76,2.399232245681371,102.84,100.0,86.93333333333334,100.0,17.86492682626372,64.32463413131859,1.3233726488323432,100.0,25.8612499276664,14.653124819165999,76.35393082618252
2308,台達電,電子零組件業,2025-09-26,848.0,2025Q2,50.42,0.0,53.88,100.0,23.156666666666666,100.0,13.46127570261183,42.30637851305915,1.8029529443459704,100.0,38.8342633804427,47.08565845110675,76.05452262206954
1796,金穎生技,食品工業,2025-09-26,58.0,2025Q2,0.0,0.0,151.43,100.0,47.11333333333332,100.0,6.204548785923473,6.022743929617365,4.073822771067988,100.0,64.0,100.0,75.9034115894426
4576,大銀微系統,電機機械,2025-09-26,118.0,2025Q2,103.51,0.0,2100.0,100.0,15.316666666666668,76.58333333333334,12.022922554871043,35.114612774355216,1.3279783096200382,100.0,60.1432214225494,100.0,75.58385858281996
4946,辣椒,文化創意業,2025-09-26,133.0,2025Q2,0.0,0.0,159.11,100.0,1354.68,100.0,12.431022569123416,37.155112845617076,1.230631637786473,100.0,39.0,47.5,75.32326692684256
8341,日友,綠能環保,2025-09-26,77.5,2025Q2,17.46,51.10450297366186,51.02,100.0,4.156666666666666,20.78333333333333,23.43821317351508,92.1910658675754,2.6024660099889014,100.0,47.7665971628552,69.416492907138,75.03742613488296
6209,今國光,光電業,2025-09-26,35.75,2025Q2,0.0,0.0,158.82,100.0,52.553333333333335,100.0,1.62668671089813,0.0,9.042876825571783,100.0,71.6433163346234,100.0,75.0
6928,攸泰科技,電腦及週邊設備業,2025-09-26,58.8,2025Q2,0.0,0.0,181.25,100.0,24.383333333333336,100.0,0.21644927302508563,0.0,9.00192290883664,100.0,75.9688935978667,100.0,75.0
7714,創泓科技,數位雲端,2025-09-26,139.0,2025Q2,0.0,0.0,48.55,97.1,56.446666666666665,100.0,7.255719520531137,11.278597602655687,1.529809969602596,100.0,56.0,90.0,74.96678964039836
1472,三洋實業,建材營造業,2025-09-26,90.6,2025Q2,17.09,2.545297670405522,150.36,100.0,89.52999999999999,100.0,11.877958030128607,34.38979015064304,2.948423017754395,100.0,37.8964638351344,44.741159587835995,74.8871142484206
2397,友通,電腦及週邊設備業,2025-09-26,68.9,2025Q2,16.44,71.11324376199616,66.97,100.0,18.326666666666668,91.63333333333334,7.669463909817094,13.347319549085471,2.1891980187079323,100.0,27.7784998529157,19.446249632289252,74.38471393845803
1783,和康生,生技醫療業,2025-09-26,44.7,2025Q2,19.27,41.61979752530935,19.19,38.38,27.78333333333333,100.0,31.452945839658863,100.0,1.046050397978045,78.00719971114931,83.5081787957148,100.0,74.3584196947608
4749,新應材,半導體業,2025-09-26,902.0,2025Q2,0.0,0.0,19.11,38.22,19.706666666666667,98.53333333333335,25.988653484304553,100.0,1.5092107401088635,100.0,85.0,100.0,74.26166666666667
3515,華擎,電腦及週邊設備業,2025-09-26,264.5,2025Q2,20.84,50.0,46.6,93.2,51.699999999999996,100.0,6.003690802641702,5.018454013208511,2.7048708852676087,100.0,40.8056778149437,52.014194537359245,74.2541875557172
2033,佳大,鋼鐵工業,2025-09-26,20.35,2025Q2,75.37,0.0,77.78,100.0,18.926666666666666,94.63333333333333,4.51290071231605,0.0,1.5102914663461537,100.0,86.4306537212528,100.0,73.92666666666666
4560,強信-KY,電機機械,2025-09-26,33.1,2025Q2,12.12,100.0,88.46,100.0,0.0,0.0,16.901111563918437,59.50555781959219,1.352995171010097,100.0,78.1522148293419,100.0,73.92583367293884
4772,台特化,化學工業,2025-09-26,313.5,2025Q2,0.0,0.0,31.86,63.72,111.86999999999999,100.0,49.61616521791409,100.0,0.9525511017934052,64.65015739905789,88.0,100.0,73.86003147981158
4911,德英,生技醫療業,2025-09-26,51.4,2025Q2,0.0,0.0,75.0,100.0,36.626666666666665,100.0,51.577580502178776,100.0,0.6260598536675559,18.00855052393656,85.0,100.0,73.60171010478732
6955,邦睿生技-創,,2025-09-26,170.0,2025Q2,43.37,0.0,39.1,78.2,38.693333333333335,100.0,33.5541321875663,100.0,0.8155379166133231,45.07684523047473,92.2819564401644,100.0,73.56536904609494
8021,尖點,其他電子業,2025-09-26,92.2,2025Q2,52.69,0.0,46.03,92.06,15.65,78.25,11.218318965176978,31.091594825884894,2.31333302622689,100.0,59.7902774813158,99.4756937032895,73.27630859421168
2612,中航,航運業,2025-09-26,54.6,2025Q2,8.27,91.88334504567814,93.04,100.0,-1.8566666666666667,0.0,21.38061767054983,81.90308835274915,1.6687520448276034,100.0,44.6441767414204,61.610441853551,72.6348419428353
8046,南電,電子零組件業,2025-09-26,219.0,2025Q2,547.5,0.0,160.0,100.0,17.493333333333332,87.46666666666665,2.212577374662788,0.0,7.729046098583117,100.0,73.2336815779454,100.0,72.49333333333334
8374,羅昇,電機機械,2025-09-26,95.6,2025Q2,92.82,0.0,860.0,100.0,38.580000000000005,100.0,7.577129302420679,12.885646512103394,3.2471045356048718,100.0,41.0321833433481,52.58045835837025,72.19089281265254
2404,漢唐,其他電子業,2025-09-26,901.0,2025Q2,23.89,35.803059273422576,36.58,73.16,57.38666666666666,100.0,18.756871678645094,68.78435839322547,3.2782372220086873,100.0,18.3894839135642,0.0,72.18795968632607
3257,虹冠電,半導體業,2025-09-26,67.1,2025Q2,27.84,70.95400340715501,-2.53,0.0,37.98666666666667,100.0,31.35573874445149,100.0,2.1100431189363995,100.0,68.1513658349074,100.0,72.0954003407155
8069,元太,光電業,2025-09-26,229.5,2025Q2,0.0,0.0,54.11,100.0,28.099999999999998,100.0,33.98067397418426,100.0,0.5819630835476384,11.70901193537691,59.0,97.5,72.09180238707538
4164,承業醫,生技醫療業,2025-09-26,47.65,2025Q2,47.18,0.0,55.56,100.0,28.743333333333336,100.0,5.23599571782639,1.1799785891319514,5.137052425760723,100.0,46.2244101638814,65.5610254097035,71.73309932934015
2360,致茂,其他電子業,2025-09-26,564.0,2025Q2,34.24,0.0,72.37,100.0,17.0,85.0,32.74267993729339,100.0,0.6726582352397074,24.665462177101052,58.7671707167364,96.917926791841,71.62488511460431
3030,德律,其他電子業,2025-09-26,175.5,2025Q2,20.57,51.67304015296368,19.23,38.46,42.93333333333334,100.0,37.37656182121159,100.0,0.9135244298488997,59.07491854984281,67.8662282904458,100.0,71.59728772526493
6515,穎崴,半導體業,2025-09-26,2105.0,2025Q2,47.76,14.395229982964231,86.29,100.0,-8.38,0.0,31.091612830257443,100.0,1.7620040451669547,100.0,66.529117604025,100.0,71.43952299829643
4111,濟生,生技醫療業,2025-09-26,30.3,2025Q2,0.0,0.0,67.53,100.0,26.623333333333335,100.0,15.264692360961588,51.323461804807934,0.8013415331029415,43.04879044327736,70.0,100.0,71.30827735937666
2506,太設,建材營造業,2025-09-26,9.67,2025Q2,4.3,100.0,91.3,100.0,18.94,94.7,16.794141456820913,58.97070728410456,0.0,0.0,53.5049029390787,83.76225734769675,71.16183182738536
6446,藥華藥,生技醫療業,2025-09-26,512.0,2025Q2,42.11,0.0,106.56,100.0,43.47666666666667,100.0,32.08374278601591,100.0,0.5400747587565273,5.724965536646762,87.0180382690771,100.0,71.14499310732936
5521,工信,建材營造業,2025-09-26,12.0,2025Q2,35.29,0.0,173.68,100.0,29.896666666666665,100.0,1.3651118194897591,0.0,5.584808215934651,100.0,43.9736825492258,59.934206373064505,70.99342063730646
3189,景碩,半導體業,2025-09-26,105.0,2025Q2,87.5,0.0,440.0,100.0,25.69333333333334,100.0,6.165429370741668,5.82714685370834,5.434773973405571,100.0,39.8320095271621,49.58002381790525,70.83207440984677
5455,昇益,建材營造業,2025-09-26,30.1,2025Q2,0.0,0.0,35.07,70.14,798.3833333333333,100.0,15.608401094713232,53.04200547356616,1.7368177262735918,100.0,41.0,52.5,70.74130082103493
8908,欣雄,油電燃氣業,2025-09-26,41.0,2025Q2,0.0,0.0,46.67,93.34,34.303333333333335,100.0,7.926665034507534,14.633325172537667,1.5348394782227333,100.0,40.0,50.0,70.52999877588066
1587,吉茂,汽車工業,2025-09-26,42.6,2025Q2,0.0,0.0,120.59,100.0,23.599999999999998,100.0,2.061625191968721,0.0,27.73776758409786,100.0,40.3898449279439,50.974612319859745,70.09746123198597
5306,桂盟,運動休閒,2025-09-26,86.4,2025Q2,10.13,77.22701149425288,38.41,76.82,-19.30333333333333,0.0,22.49356416794408,87.4678208397204,1.2943986446361826,100.0,61.6239736613759,100.0,70.04787427538335
6781,AES-KY,電子零組件業,2025-09-26,1085.0,2025Q2,31.8,0.0,82.13,100.0,0.0,0.0,26.172285942068648,100.0,1.3681969102467122,100.0,64.4166615897521,100.0,70.0
7749,意騰-KY,半導體業,2025-09-26,510.0,2025Q2,89.32,0.0,57.1,100.0,0.0,0.0,40.688333512319005,100.0,1.2342689079891485,100.0,93.5884361195662,100.0,70.0
8932,智通*,其他業,2025-09-26,210.0,2025Q2,0.0,0.0,106.67,100.0,86.79666666666667,100.0,45.86236941357387,100.0,0.4860147005504466,0.0,69.0,100.0,70.0
2059,川湖,電子零組件業,2025-09-26,3100.0,2025Q2,45.89,0.0,9.92,19.84,62.870000000000005,100.0,69.52782089258216,100.0,1.3839289142225304,100.0,72.2523847019329,100.0,69.96000000000001
4771,望隼,生技醫療業,2025-09-26,174.5,2025Q2,15.52,62.710911136107995,-7.96,0.0,20.293333333333333,100.0,29.389338378604503,100.0,1.669589951609559,100.0,54.5752844892257,86.43821122306426,69.91491223591723
3052,夆典,建材營造業,2025-09-26,11.2,2025Q2,9.66,66.65228645383951,36.73,73.46,34.35,100.0,8.929909207300847,19.649546036504233,2.671812031181056,100.0,26.3034093135855,15.758523283963752,69.55351287925595
3558,神準,通信網路業,2025-09-26,159.5,2025Q2,0.0,0.0,148.08,100.0,35.660000000000004,100.0,4.15475951691752,0.0,1.120277034003605,88.61100485765786,47.0,67.5,69.47220097153158
3447,展達,通信網路業,2025-09-26,65.6,2025Q2,36.44,0.0,107.14,100.0,39.23,100.0,1.7471433286384275,0.0,20.547729918509894,100.0,37.1551071337384,42.88776783434599,69.2887767834346
8462,柏文,運動休閒,2025-09-26,163.0,2025Q2,25.39,0.0,97.77,100.0,17.55666666666667,87.78333333333335,13.638982417024659,43.19491208512329,3.2934451878983646,100.0,17.4241161737068,0.0,69.03590347943516
3131,弘塑,其他電子業,2025-09-26,1485.0,2025Q2,0.0,0.0,21.09,42.18,60.846666666666664,100.0,23.809722839006294,94.04861419503148,1.540106499689954,100.0,37.0,42.5,68.90229212925472
2421,建準,電子零組件業,2025-09-26,121.0,2025Q2,20.2,54.71698113207547,20.16,40.32,20.7,100.0,13.942380144650176,44.71190072325088,1.418964093147247,100.0,46.4879689527298,66.2199223818245,68.88047545987763
6202,盛群,半導體業,2025-09-26,40.7,2025Q2,214.21,0.0,242.86,100.0,13.58,67.9,5.376263821139967,1.8813191056998368,1.9152794898855081,100.0,61.905953657093,100.0,68.86219786585497
6187,萬潤,半導體業,2025-09-26,376.0,2025Q2,0.0,0.0,47.71,95.42,-4.616666666666666,0.0,31.92545893372824,100.0,1.8660759998490997,100.0,63.0,100.0,68.855
6581,鋼聯,綠能環保,2025-09-26,109.0,2025Q2,15.77,60.67686207873124,-14.78,0.0,17.703333333333333,88.51666666666667,40.26618738092966,100.0,1.426105591825149,100.0,82.7543829988133,100.0,68.77101954120646
3689,湧德,電子零組件業,2025-09-26,95.6,2025Q2,0.0,0.0,91.58,100.0,7.213333333333334,36.06666666666667,13.682148031543845,43.410740157719225,2.0913892280311726,100.0,67.0,100.0,68.72494435699122
8147,正淩,電子零組件業,2025-09-26,116.0,2025Q2,0.0,0.0,55.83,100.0,11.72,58.60000000000001,11.621124225319692,33.105621126598464,1.080087320165172,82.86961716645314,62.0,100.0,68.2597666022804
6270,倍微,電子通路業,2025-09-26,22.25,2025Q2,0.0,0.0,312.5,100.0,13.200000000000001,66.0,0.7666619211811024,0.0,2.0191461626201725,100.0,67.0,100.0,68.2
5315,光聯,光電業,2025-09-26,22.1,2025Q2,0.0,0.0,75.47,100.0,22.25333333333333,100.0,6.1468088830891885,5.7340444154459425,0.9278506102162167,61.121515745173824,73.0,100.0,68.08440981135166
3162,精確,電機機械,2025-09-26,52.0,2025Q2,0.0,0.0,213.33,100.0,54.223333333333336,100.0,4.444789195808969,0.0,4.443132586403056,100.0,32.0,30.0,68.0
6171,大城地產,建材營造業,2025-09-26,29.95,2025Q2,0.0,0.0,3612.5,100.0,1065330.4466666668,100.0,42.26297192087456,100.0,-0.3324362187153556,0.0,52.0,80.0,68.0
6805,富世達,電子零組件業,2025-09-26,967.0,2025Q2,46.22,0.0,42.94,85.88,78.0,100.0,17.702672718476514,63.51336359238257,0.8200272842556451,45.71818346509216,50.0650569809095,75.16264245227376,67.6569054771032
8416,實威,資訊服務業,2025-09-26,172.5,2025Q2,0.0,0.0,9.86,19.72,21.063333333333336,100.0,21.959318840447338,84.79659420223669,1.2076609562941119,100.0,73.0,100.0,67.6494891303355
6666,羅麗芬-KY,生技醫療業,2025-09-26,50.7,2025Q2,21.21,30.708661417322848,54.33,100.0,0.0,0.0,17.673623804748473,63.368119023742366,4.101960615424369,100.0,70.1988292335181,100.0,67.57608399529364
3481,群創,光電業,2025-09-26,14.4,2025Q2,11.9,92.27504244482174,109.09,100.0,3.013333333333333,15.066666666666666,-1.798466360905768,0.0,34.99977657847309,100.0,67.130034202645,100.0,67.24083757781551
1457,宜進,紡織纖維,2025-09-26,16.5,2025Q2,15.87,71.08403779214322,50.0,100.0,-15.813333333333333,0.0,21.7655649611071,83.8278248055355,8.277333014697096,100.0,30.135597745253,25.338994363132507,67.21647693635789
4420,光明,紡織纖維,2025-09-26,50.2,2025Q2,0.0,0.0,1084.62,100.0,17.096666666666668,85.48333333333333,49.80108124291118,100.0,0.12286751973915853,0.0,84.0,100.0,67.09666666666666
3628,盈正,其他電子業,2025-09-26,67.5,2025Q2,0.0,0.0,258.33,100.0,14.616666666666665,73.08333333333333,5.952864257872099,4.764321289360494,7.613780270333135,100.0,47.0,67.5,67.08131486007073
3293,鈊象,文化創意業,2025-09-26,796.0,2025Q2,0.0,0.0,17.65,35.3,16.44333333333333,82.21666666666665,60.157168405634465,100.0,1.2321533883171187,100.0,47.0,67.5,67.01833333333333
2546,根基,建材營造業,2025-09-26,86.1,2025Q2,9.91,64.49525452976704,76.44,100.0,84.83333333333333,100.0,5.9774578791133,4.887289395566499,0.8337916196747754,47.6845170963965,40.2468389928835,50.61709748220874,66.78123202981185
3078,僑威,電子零組件業,2025-09-26,78.7,2025Q2,0.0,0.0,14.85,29.7,21.03,100.0,18.752229806893904,68.76114903446953,1.3696575452254107,100.0,56.0,90.0,66.73917235517042
3028,增你強,電子通路業,2025-09-26,31.4,2025Q2,12.46,73.97803538743136,57.14,100.0,12.666666666666666,63.33333333333333,3.297251876905322,0.0,1.9710071475434876,100.0,26.6041706145598,16.510426536399496,66.71551285904975
6574,霈方,生技醫療業,2025-09-26,70.0,2025Q2,0.0,0.0,126.5,100.0,9.636666666666667,48.18333333333334,26.61858125992589,100.0,0.7442350883810243,34.8907269115749,69.0,100.0,66.61481204898165
2530,華建,建材營造業,2025-09-26,29.9,2025Q2,12.72,40.2502157031924,47.06,94.12,-5.889999999999998,0.0,37.34615292652635,100.0,1.76753622251708,100.0,34.9979539144361,37.49488478609025,66.30451004892826
3310,佳穎,電子零組件業,2025-09-26,64.0,2025Q2,0.0,0.0,115.04,100.0,11.590000000000002,57.95000000000001,14.493568828307374,47.46784414153687,4.346689201424518,100.0,29.0,22.5,65.96017662123053
5426,振發,電腦及週邊設備業,2025-09-26,21.9,2025Q2,0.0,0.0,180.0,100.0,7.983333333333333,39.916666666666664,8.849288270664491,19.246441353322457,1.9389993315673508,100.0,75.0,100.0,65.8702995363317
5381,合正,電子零組件業,2025-09-26,23.2,2025Q2,0.0,0.0,17.95,35.9,42.88666666666666,100.0,15.077304298446851,50.38652149223426,2.8776415128418162,100.0,57.0,92.5,65.78297822383513
3379,彬台,電機機械,2025-09-26,56.5,2025Q2,0.0,0.0,466.67,100.0,17.53,87.65,0.3172441515148365,0.0,2.578779114020399,100.0,33.0,32.5,65.78
6530,創威,通信網路業,2025-09-26,59.2,2025Q2,0.0,0.0,10.81,21.62,15.836666666666668,79.18333333333334,24.3669935948759,96.83496797437951,1.2818106640779492,100.0,79.0,100.0,65.76691186282359
3450,聯鈞,半導體業,2025-09-26,270.5,2025Q2,45.77,20.04542873367403,267.95,100.0,-0.7633333333333333,0.0,23.357014462861493,91.78507231430746,2.4408788231295446,100.0,39.1385029855339,47.84625746383474,65.556929466897
8473,山林水,綠能環保,2025-09-26,35.65,2025Q2,23.15,18.87567261399039,54.08,100.0,31.673333333333336,100.0,22.47388450293637,87.36942251468186,0.21529116993922393,0.0,41.4665389767862,53.66634744196549,65.35961538279787
6491,晶碩,生技醫療業,2025-09-26,315.0,2025Q2,14.9,66.19797525309336,-18.46,0.0,13.666666666666666,68.33333333333333,25.15221346496443,100.0,1.616719616271102,100.0,68.4491311601521,100.0,65.286464191976
7736,虎山,汽車工業,2025-09-26,92.2,2025Q2,19.58,45.182012847965744,-52.85,0.0,18.14,90.7,21.62268164359941,83.11340821799705,1.5694766395507882,100.0,77.2697410951947,100.0,65.12521251749612
6918,愛派司,生技醫療業,2025-09-26,89.3,2025Q2,18.64,45.16310461192352,16.67,33.34,11.58,57.9,26.720093203959216,100.0,1.0481204736176573,78.30292480252247,82.3471429482752,100.0,65.09189542169685
4541,晟田,其他業,2025-09-26,48.2,2025Q2,0.0,0.0,66.67,100.0,9.653333333333334,48.266666666666666,11.804207690965306,34.02103845482653,19.90594951923077,100.0,41.0,52.5,65.00648910155732
4908,前鼎,通信網路業,2025-09-26,85.2,2025Q2,0.0,0.0,-37.32,0.0,29.19,100.0,25.089391420815343,100.0,2.1572959651535992,100.0,83.0,100.0,65.0
1806,冠軍,玻璃陶瓷,2025-09-26,9.4,2025Q2,27.65,95.72045543776993,75.0,100.0,-2.983333333333334,0.0,4.758289809304021,0.0,2.225259454705365,100.0,61.7367604367944,100.0,64.572045543777
3073,天方能源,綠能環保,2025-09-26,39.2,2025Q2,0.0,0.0,201.64,100.0,202.23666666666668,100.0,74.88449393385407,100.0,-1.7014938411810956,0.0,38.0,45.0,64.5
2114,鑫永銓,橡膠工業,2025-09-26,90.6,2025Q2,17.29,68.55864342910975,5.71,11.42,9.67,48.35,31.519957170424682,100.0,1.347339420499174,100.0,74.8333247077066,100.0,64.38086434291098
6925,意藍,數位雲端,2025-09-26,133.5,2025Q2,0.0,0.0,8.62,17.24,14.896666666666668,74.48333333333335,27.00475367793027,100.0,1.3572526459092706,100.0,86.0,100.0,64.20666666666668
4129,聯合,生技醫療業,2025-09-26,120.0,2025Q2,0.0,0.0,20.59,41.18,29.936666666666667,100.0,13.193071503698206,40.96535751849103,1.995556341795238,100.0,51.0,77.5,64.18980362777366
2641,正德,航運業,2025-09-26,21.2,2025Q2,0.0,0.0,3.33,6.660000000000001,63.48333333333333,100.0,32.40812576078359,100.0,2.2809170043523936,100.0,50.0,75.0,64.16499999999999
2423,固緯,其他電子業,2025-09-26,54.9,2025Q2,21.03,49.474187380497135,18.81,37.62,9.533333333333333,47.66666666666667,18.688488301308656,68.44244150654329,1.4159881654090503,100.0,70.7999189330298,100.0,64.15211829736454
2402,毅嘉,電子零組件業,2025-09-26,49.95,2025Q2,18.64,62.075471698113205,40.0,80.0,8.223333333333334,41.116666666666674,8.393618826443248,16.96809413221624,1.9320437677105757,100.0,47.9086373342418,69.7715933356045,63.953253956537544
4417,金洲,紡織纖維,2025-09-26,48.8,2025Q2,0.0,0.0,89.53,100.0,-13.186666666666667,0.0,18.547825403576805,67.73912701788403,1.7418645510298754,100.0,55.0,87.5,63.91086905268261
2363,矽統,半導體業,2025-09-26,55.2,2025Q2,21.73,88.30210107893242,561.54,100.0,1389.89,100.0,-9.111670858746498,0.0,0.38688728212628853,0.0,91.9463167989157,100.0,63.830210107893244
3029,零壹,資訊服務業,2025-09-26,120.5,2025Q2,20.63,58.10690423162583,25.88,51.76,40.68666666666667,100.0,5.793707128222454,3.968535641112272,1.5995240717065295,100.0,37.2406527052769,43.10163176319225,63.65613394564865
7703,銳澤,其他電子業,2025-09-26,226.0,2025Q2,0.0,0.0,46.79,93.58,50.68,100.0,16.96740230162364,59.837011508118195,0.5449818585264925,6.42597978949893,69.0,100.0,63.655747684117514
1439,雋揚,建材營造業,2025-09-26,29.25,2025Q2,12.77,39.818809318377916,82.09,100.0,2125.9533333333334,100.0,15.298379490697075,51.49189745348537,0.49140482898819504,0.0,47.5809298091252,68.952324522813,63.600898002141896
2414,精技,電子通路業,2025-09-26,42.7,2025Q2,13.77,65.98535692495425,35.9,71.8,25.423333333333332,100.0,2.627014765817941,0.0,1.0948029830550652,84.97185472215217,27.7646505533053,19.411626383263254,63.48406927525219
3605,宏致,電子零組件業,2025-09-26,69.3,2025Q2,17.91,65.51886792452831,292.31,100.0,4.693333333333333,23.466666666666665,5.8289278166365515,4.144639083182757,2.052975960793238,100.0,46.4451436953553,66.11285923838824,63.478201912102406
1603,華電,電器電纜,2025-09-26,39.2,2025Q2,11.23,71.24824684431978,55.08,100.0,16.37,81.85,11.837781332435314,34.18890666217657,-2.1744209667367898,0.0,59.2034080422719,98.00852010567975,63.42401269432644
6625,必應,其他業,2025-09-26,82.7,2025Q2,13.47,57.103448275862064,49.78,99.56,93.92666666666666,100.0,10.533845691823513,27.66922845911757,-0.2776593855443083,0.0,54.6584571572664,86.64614289316599,63.415343385770434
3213,茂訊,電腦及週邊設備業,2025-09-26,112.5,2025Q2,0.0,0.0,-38.6,0.0,20.05666666666667,100.0,22.835641734110613,89.17820867055306,1.2579215709705045,100.0,73.0,100.0,63.37673130058296
3044,健鼎,電子零組件業,2025-09-26,290.0,2025Q2,16.29,73.16037735849056,25.41,50.82,6.033333333333334,30.166666666666668,17.34200506902375,61.710025345118744,1.3171508684006417,100.0,52.2590733219124,80.647683304781,63.3756432014283
1215,卜蜂,食品工業,2025-09-26,137.5,2025Q2,15.33,74.29629629629629,95.65,100.0,0.8833333333333333,4.416666666666667,13.321327219940759,41.6066360997038,1.3847044635721588,100.0,35.2273814983931,38.06845374598275,63.36080375251681
3296,勝德,電子零組件業,2025-09-26,21.4,2025Q2,19.11,59.85849056603774,1260.0,100.0,3.206666666666667,16.033333333333335,4.636069746225255,0.0,4.610126234067915,100.0,56.6199734722267,91.54993368056674,63.34750909132711
2505,國揚,建材營造業,2025-09-26,18.9,2025Q2,20.11,0.0,150.0,100.0,86042.62000000001,100.0,18.00947073686845,65.04735368434226,0.578409856939555,11.20140813422215,45.3409343076797,63.35233576919925,63.33261825641569
5269,祥碩,半導體業,2025-09-26,1440.0,2025Q2,25.27,78.25099375354911,20.95,41.9,70.69666666666667,100.0,33.71474453954733,100.0,0.2574426967078423,0.0,84.7896223201057,100.0,63.30009937535491
3167,大量,電機機械,2025-09-26,174.0,2025Q2,40.47,37.049958135640516,2408.33,100.0,123.53666666666668,100.0,16.23160191894841,56.158009594742055,-0.13564693764360986,0.0,43.3903372498297,58.47584312457425,62.97628156523278
2755,揚秦,觀光餐旅,2025-09-26,126.0,2025Q2,0.0,0.0,31.18,62.36000000000001,18.076666666666664,90.38333333333333,9.303628946422526,21.518144732112628,1.2661354658259725,100.0,44.0,60.0,62.89438837648356
2382,廣達,電腦及週邊設備業,2025-09-26,285.0,2025Q2,15.95,73.46449136276392,33.57,67.14,34.410000000000004,100.0,4.546732580446299,0.0,1.1561842496246058,93.7406070892294,19.2164699719489,0.0,62.87957055412227
5243,乙盛-KY,光電業,2025-09-26,75.0,2025Q2,18.25,61.47222895949551,53.19,100.0,0.0,0.0,7.474451207430175,12.372256037150878,2.678486211294863,100.0,59.3525260208584,98.38131505214601,62.841192806736785
4506,崇友,電機機械,2025-09-26,129.5,2025Q2,0.0,0.0,14.49,28.98,29.256666666666664,100.0,22.065386016836438,85.3269300841822,1.0405960864807124,77.2280123543875,49.0,72.5,62.73964198350483
6763,綠界科技*,數位雲端,2025-09-26,56.9,2025Q2,0.0,0.0,28.89,57.78,8.383333333333333,41.916666666666664,24.540841642430543,97.70420821215271,1.7764103665855562,100.0,40.0,50.0,62.48396456515624
6415,矽力*-KY,半導體業,2025-09-26,256.0,2025Q2,37.65,43.100511073253834,54.22,100.0,0.0,0.0,9.108683242896602,20.543416214483006,1.9880602540900938,100.0,87.1472543121489,100.0,62.39156353949784
4979,華星光,通信網路業,2025-09-26,209.5,2025Q2,0.0,0.0,26.59,53.18000000000001,28.72666666666667,100.0,16.128216220632087,55.64108110316044,0.8745248505977712,53.50355008539589,69.0,100.0,62.341872182553246
7734,印能科技,半導體業,2025-09-26,1045.0,2025Q2,0.0,0.0,-29.45,0.0,58.39333333333334,100.0,54.89950034947287,100.0,1.1037954652993787,86.25649504276839,77.0,100.0,62.25129900855368
2383,台光電,電子零組件業,2025-09-26,1225.0,2025Q2,35.65,0.0,56.12,100.0,50.203333333333326,100.0,20.782498175173313,78.91249087586655,0.47897853091339165,0.0,41.5568132057732,53.892033014433004,62.22607693282328
1560,中砂,電機機械,2025-09-26,328.0,2025Q2,44.63,25.43957577449063,7.39,14.78,17.49,87.44999999999999,16.302378299655977,56.51189149827989,1.4272258552902037,100.0,59.6514266410022,99.12856660250551,62.118597962441605
6903,巨漢,其他電子業,2025-09-26,131.5,2025Q2,0.0,0.0,-54.41,0.0,28.663333333333338,100.0,21.14458113101642,80.7229056550821,3.257451933416491,100.0,65.0,100.0,62.10843584826232
6203,海韻電,電子零組件業,2025-09-26,62.6,2025Q2,0.0,0.0,-70.88,0.0,129.27666666666667,100.0,21.046308516832465,80.23154258416231,3.228881478881479,100.0,71.0,100.0,62.03473138762435
2820,華票,金融保險業,2025-09-26,16.2,2025Q2,13.06,50.076511094108646,44.0,88.0,47.26,100.0,84.49218665117058,100.0,-1.8040749159371572,0.0,9.91460002082591,0.0,62.007651109410865
5278,尚凡*,數位雲端,2025-09-26,33.15,2025Q2,0.0,0.0,112.0,100.0,31.77,100.0,11.687713565359541,33.43856782679771,0.8638301330133014,51.97573328761448,26.0,15.0,61.910931831542555
6477,安集,光電業,2025-09-26,41.05,2025Q2,0.0,0.0,193.33,100.0,-10.266666666666667,0.0,20.823537480282557,79.11768740141278,13.315215479331574,100.0,39.5724699169334,48.9311747923335,61.76077058944527
5234,達興材料,光電業,2025-09-26,388.5,2025Q2,60.05,0.0,36.65,73.3,11.39,56.95,18.924709554883417,69.62354777441708,0.9058926076932686,57.984658241895524,66.4012754767356,100.0,61.75546381454166
2008,高興昌,鋼鐵工業,2025-09-26,26.75,2025Q2,58.15,0.0,111.11,100.0,22.816666666666666,100.0,7.486902944614002,12.43451472307001,0.8290176792999712,47.002525614281595,41.9264629578735,54.81615739468374,61.74729807078519
8940,新天地,觀光餐旅,2025-09-26,20.05,2025Q2,14.22,76.90824980724749,412.9,100.0,-9.913333333333332,0.0,10.655830154254437,28.27915077127218,1.3890873015873015,100.0,39.229190231656,48.07297557914,61.73999515432957
6526,達發,半導體業,2025-09-26,515.0,2025Q2,28.85,68.08631459398069,24.14,48.28,5.739999999999999,28.7,14.45753148869668,47.287657443483404,1.2997913405326484,100.0,61.8205423698023,100.0,61.711780075920586
9907,統一實,其他業,2025-09-26,17.65,2025Q2,13.58,56.34482758620689,76.74,100.0,-5.906666666666666,0.0,8.063464813978474,15.317324069892368,1.611068885627398,100.0,54.9138448224017,87.28461205600425,61.66054257470497
3512,皇龍,建材營造業,2025-09-26,22.5,2025Q2,0.0,0.0,41.43,82.86,713.3533333333334,100.0,16.895939853577108,59.47969926788554,0.6568402270268218,22.4057467181174,50.0,75.0,61.618104233806314
6534,正瀚-創,,2025-09-26,112.0,2025Q2,31.64,0.0,-20.41,0.0,31.08666666666667,100.0,49.4606524284768,100.0,1.078733834937353,82.67626213390757,69.9744427428338,100.0,61.53525242678151
1593,祺驊,運動休閒,2025-09-26,27.95,2025Q2,0.0,0.0,102.33,100.0,2.75,13.750000000000002,9.938958682754757,24.694793413773787,1.4160846254166062,100.0,62.0,100.0,61.45421901206607
2357,華碩,電腦及週邊設備業,2025-09-26,678.0,2025Q2,13.71,84.2130518234165,30.95,61.9,14.383333333333333,71.91666666666666,6.0812052570603825,5.4060262853019125,1.081783480622281,83.11192580318301,42.9448628677583,57.36215716939576,61.44914333604645
6435,大中,半導體業,2025-09-26,100.0,2025Q2,0.0,0.0,15.89,31.78,21.8,100.0,9.435103882893522,22.175519414467608,2.6674120350092596,100.0,71.0,100.0,61.27132791217014
2451,創見,半導體業,2025-09-26,105.5,2025Q2,28.67,68.59738784781374,-47.89,0.0,52.38666666666666,100.0,20.274527930801167,76.37263965400584,0.9415550401301491,63.07929144716417,79.990480098511,100.0,60.93149302231508
2477,美隆電,其他電子業,2025-09-26,24.0,2025Q2,13.11,87.33269598470365,51.56,100.0,-1.7833333333333339,0.0,4.005634957835645,0.0,1.4013558706867497,100.0,48.7130357410767,71.78258935269174,60.91152853373954
2069,運錩,鋼鐵工業,2025-09-26,14.85,2025Q2,8.25,100.0,166.67,100.0,-15.12,0.0,3.752023901039335,0.0,8.204749759585232,100.0,43.3824349495176,58.456087373794006,60.8456087373794
8261,富鼎,半導體業,2025-09-26,92.4,2025Q2,18.48,97.52981260647358,12.17,24.34,-0.8033333333333333,0.0,25.434916380285877,100.0,1.9475798417113663,100.0,82.88690001989,100.0,60.83798126064736
6138,茂達,半導體業,2025-09-26,224.5,2025Q2,0.0,0.0,10.19,20.38,23.86,100.0,15.972186104232854,54.86093052116428,2.1395029410699595,100.0,50.0,75.0,60.82413957817464
6165,浪凡,數位雲端,2025-09-26,51.1,2025Q2,17.99,90.63685860419073,488.89,100.0,15.593333333333334,77.96666666666667,11.409007887326439,32.045039436632194,0.0982546663001924,0.0,45.3091262310142,63.27281557753549,60.79105666700079
2891,中信金,金融保險業,2025-09-26,42.6,2025Q2,12.14,57.115531752104054,-3.78,0.0,41.29,100.0,37.84063137496679,100.0,2.698649567314956,100.0,5.01256589463627,0.0,60.711553175210405
1538,正峰,電機機械,2025-09-26,26.2,2025Q2,0.0,0.0,145.1,100.0,13.07,65.35,-39.55600072248403,0.0,0.9356455493183641,62.23507847405202,60.8807104275382,100.0,60.517015694810404
6782,視陽,生技醫療業,2025-09-26,197.5,2025Q2,17.7,50.44994375703038,21.04,42.08,-4.786666666666667,0.0,24.922262044749186,99.61131022374593,1.636571494649202,100.0,64.8360667071288,100.0,60.50669090926493
3252,海灣,觀光餐旅,2025-09-26,19.9,2025Q2,0.0,0.0,150.0,100.0,-9.270000000000001,0.0,15.224768611750255,51.12384305875127,15.762455161418892,100.0,51.0,77.5,60.41857645881269
2221,大甲,其他業,2025-09-26,28.35,2025Q2,0.0,0.0,115.09,100.0,-15.32,0.0,11.89747468182409,34.48737340912045,2.326212949163769,100.0,60.0,100.0,60.17310601136807
1519,華城,電機機械,2025-09-26,567.0,2025Q2,36.63,47.76723416131732,10.81,21.62,13.286666666666667,66.43333333333334,23.522844832638043,92.61422416319022,1.4408536367452434,100.0,31.1290872756579,27.822718189144744,60.14279552619141
2345,智邦,通信網路業,2025-09-26,984.0,2025Q2,31.73,14.863713798977862,110.42,100.0,173.46333333333334,100.0,13.566499246546085,42.83249623273043,0.6209640443195955,17.28057775994222,34.6474042507218,36.61851062680449,60.029212429476246
3219,倚強科,其他電子業,2025-09-26,80.4,2025Q2,0.0,0.0,174.19,100.0,49.116666666666674,100.0,13.915966756240536,44.57983378120268,-5.281928109988405,0.0,53.0,82.5,59.9369750671804
6788,華景電,半導體業,2025-09-26,250.5,2025Q2,0.0,0.0,29.54,59.08,-2.060000000000001,0.0,35.36804097134018,100.0,1.5824322946306097,100.0,65.0,100.0,59.769999999999996
6290,良維,電子零組件業,2025-09-26,120.0,2025Q2,0.0,0.0,1.69,3.38,22.516666666666666,100.0,19.693777717761108,73.46888858880554,1.1519219247900947,93.1317035414421,57.0,92.5,59.74167399660925
3265,台星科,半導體業,2025-09-26,94.6,2025Q2,0.0,0.0,-35.29,0.0,17.176666666666666,85.88333333333334,21.591078957348707,82.95539478674353,1.5317513112019603,100.0,67.0,100.0,59.6199758846782
3357,臺慶科,電子零組件業,2025-09-26,128.0,2025Q2,0.0,0.0,57.57,100.0,9.47,47.35,10.636711161641239,28.183555808206194,0.914683465403319,59.240495057617004,56.0,90.0,59.54563238275433
4951,精拓科,半導體業,2025-09-26,73.3,2025Q2,0.0,0.0,14.04,28.08,7.503333333333334,37.51666666666667,35.98448071702438,100.0,1.280042290907455,100.0,85.0,100.0,59.52333333333333
2211,長榮鋼,鋼鐵工業,2025-09-26,96.8,2025Q2,12.84,87.2434017595308,46.25,92.5,3.01,15.049999999999999,24.43028736643647,97.15143683218234,0.0657156325760977,0.0,65.9227238954747,100.0,59.43205570078043
1773,勝一,化學工業,2025-09-26,133.0,2025Q2,21.08,50.0,10.8,21.6,8.25,41.25,20.173175285363893,75.86587642681947,1.1757240693310222,96.53200990443176,62.6734547827118,100.0,59.33628344490928
5206,坤悅,建材營造業,2025-09-26,35.85,2025Q2,0.0,0.0,900.0,100.0,-92.31666666666666,0.0,22.64880494012864,88.24402470064321,1.9410298569982605,100.0,24.0,10.0,59.236603705096485
8080,泰霖,建材營造業,2025-09-26,29.0,2025Q2,0.0,0.0,133.33,100.0,23.236666666666668,100.0,10.642974903828541,28.214874519142707,-3.494327990135635,0.0,81.0,100.0,59.232231177871405
2753,八方雲集,觀光餐旅,2025-09-26,201.5,2025Q2,19.38,50.385505011565144,30.27,60.53999999999999,7.213333333333334,36.06666666666667,11.251784082391234,31.25892041195617,1.7361316825704833,100.0,48.2553237416811,70.63830935420276,59.13955283170355
3577,泓格,電腦及週邊設備業,2025-09-26,70.1,2025Q2,0.0,0.0,129.82,100.0,-7.476666666666667,0.0,18.101094915688535,65.50547457844267,0.9987819441127299,71.25456344467571,78.0,100.0,59.07673387570155
1612,宏泰,電器電纜,2025-09-26,37.0,2025Q2,15.48,41.44460028050489,0.68,1.36,19.293333333333333,96.46666666666667,12.052464774566664,35.26232387283332,1.6095065905078056,100.0,76.9530612485518,100.0,59.06714194230883
6914,阜爾運通,其他業,2025-09-26,142.5,2025Q2,18.65,21.37931034482761,12.89,25.78,20.330000000000002,100.0,14.938489423115763,49.69244711557882,4.800566378663586,100.0,32.0496659197045,30.124164799261255,59.04921458174571
2441,超豐,半導體業,2025-09-26,62.5,2025Q2,15.36,100.0,-14.16,0.0,9.64,48.2,17.540249467599637,62.701247337998176,2.221404700453401,100.0,79.8537861392914,100.0,59.04518710069973
5536,聖暉*,其他電子業,2025-09-26,757.0,2025Q2,0.0,0.0,20.94,41.88,49.93666666666667,100.0,13.318524725639588,41.59262362819794,1.6630597533200904,100.0,29.0,22.5,58.95889354422969
8926,台汽電,油電燃氣業,2025-09-26,46.9,2025Q2,18.39,56.4360213686085,71.43,100.0,-38.73,0.0,10.820705717150037,29.103528585750187,1.0464969333216865,78.07099047452665,53.1878076817807,82.96951920445174,58.920281440073886
8404,百和興業-KY,其他業,2025-09-26,25.5,2025Q2,21.61,0.9655172413793212,52.17,100.0,0.0,0.0,17.754544433367123,63.772722166835614,1.9710677711202884,100.0,36.7236694168668,41.809173542166995,58.84337740337997
2910,統領,貿易百貨業,2025-09-26,21.0,2025Q2,22.58,69.50089126559715,-32.79,0.0,10.786666666666667,53.93333333333333,54.91941219679981,100.0,1.3039765292489085,100.0,44.1329654545558,60.332413636389504,58.76999715686534
7751,竑騰,半導體業,2025-09-26,538.0,2025Q2,0.0,0.0,28.41,56.82000000000001,73.47666666666667,100.0,32.800000994172905,100.0,0.6236664809280178,17.66664013257397,44.0,60.0,58.73832802651479
8467,波力-KY,運動休閒,2025-09-26,169.0,2025Q2,13.21,55.10057471264367,20.0,40.0,0.0,0.0,26.38828055001007,100.0,1.1352036683986892,90.74338119981276,61.7573406933007,100.0,58.65873371122692
6449,鈺邦,電子零組件業,2025-09-26,186.5,2025Q2,33.19,0.0,-9.64,0.0,29.876666666666665,100.0,19.040063447458795,70.20031723729397,2.0389131088731944,100.0,51.9584971532049,79.89624288301226,58.51967187389533
6859,伯特光,光電業,2025-09-26,108.0,2025Q2,0.0,0.0,-39.18,0.0,15.546666666666667,77.73333333333333,25.2986597112827,100.0,1.126660165319959,89.52288075999417,88.0,100.0,58.451242818665506
1456,怡華,建材營造業,2025-09-26,12.2,2025Q2,8.41,77.4374460742019,37.78,75.56,44.650000000000006,100.0,20.600269886764902,78.0013494338245,0.0,0.0,12.3271784403797,0.0,58.33394702249387
3164,景岳,生技醫療業,2025-09-26,19.15,2025Q2,106.39,0.0,-84.21,0.0,18.786666666666665,93.93333333333332,17.608199486823267,63.04099743411633,3.7426499158140136,100.0,80.9342061234733,100.0,58.24281628178411
3706,神達,電腦及週邊設備業,2025-09-26,86.2,2025Q2,20.87,49.85604606525911,57.05,100.0,65.22,100.0,4.955959547127022,0.0,-3.4165491406996136,0.0,52.9120619161036,82.280154790259,58.21362008555181
1752,南光,生技醫療業,2025-09-26,37.5,2025Q2,14.1,70.69741282339709,25.51,51.019999999999996,-3.43,0.0,16.167240611958576,55.83620305979288,1.8851267405650483,100.0,62.5586536655196,100.0,58.20017174130864
2706,第一店,觀光餐旅,2025-09-26,13.2,2025Q2,21.29,40.56797738370599,23.08,46.16,14.763333333333335,73.81666666666668,67.86074355921873,100.0,0.5987468749035464,14.106696414792342,85.0406350238146,100.0,58.1814703546624
3217,優群,電子零組件業,2025-09-26,169.0,2025Q2,0.0,0.0,12.15,24.3,10.763333333333334,53.81666666666667,31.74005323014325,100.0,1.0684344728533557,81.20492469333654,68.0,100.0,58.07931827200064
1618,合機,電器電纜,2025-09-26,45.6,2025Q2,10.29,77.84011220196354,47.06,94.12,8.566666666666665,42.83333333333332,15.882342074079492,54.41171037039746,0.33262609746479005,0.0,75.0983047653301,100.0,58.04243444242264
5443,均豪,半導體業,2025-09-26,105.5,2025Q2,0.0,0.0,61.05,100.0,40.916666666666664,100.0,10.962989636575825,29.814948182879125,0.5943124155806228,13.473202225803252,43.0,57.49999999999999,57.91688267259252
6183,關貿,資訊服務業,2025-09-26,99.0,2025Q2,27.27,28.53006681514476,13.84,27.68,18.086666666666666,90.43333333333334,26.020588169259835,100.0,0.6866490625436732,26.664151791953316,58.4298940404811,96.07473510120276,57.799977216692085
4503,金雨,電機機械,2025-09-26,53.0,2025Q2,0.0,0.0,80.56,100.0,234.14000000000001,100.0,8.72962284170927,18.648114208546353,0.0,0.0,90.0,100.0,57.797217131281954
3130,一零四,數位雲端,2025-09-26,227.5,2025Q2,15.55,98.68833525820821,6.8,13.600000000000001,8.246666666666668,41.23333333333334,21.2734361483523,81.3671807417615,1.4036534900382496,100.0,36.2920168585993,40.73004214649824,57.79358151840154
5210,寶碩,資訊服務業,2025-09-26,25.0,2025Q2,0.0,0.0,111.76,100.0,31.956666666666667,100.0,8.711294047413318,18.55647023706659,-2.083002907745176,0.0,90.0,100.0,57.783470535559985
6869,雲豹能源,綠能環保,2025-09-26,116.0,2025Q2,12.33,80.16142735768904,85.59,100.0,102.30333333333334,100.0,1.0300812969580093,0.0,-0.93715743783098,0.0,38.81195555293,47.029888882325004,57.7191316240014
6606,建德工業,電機機械,2025-09-26,25.3,2025Q2,31.62,61.74993022606753,-20.69,0.0,8.993333333333332,44.96666666666666,21.699713882329423,83.49856941164711,3.3693435309114084,100.0,77.3204936957823,100.0,57.69311176768716
3533,嘉澤,電子零組件業,2025-09-26,1520.0,2025Q2,21.28,49.62264150943396,-30.17,0.0,7.57,37.85,31.357866332926154,100.0,1.8940590498129486,100.0,65.1659651191243,100.0,57.5322641509434
2596,綠意,建材營造業,2025-09-26,31.05,2025Q2,0.0,0.0,522.22,100.0,-18.956666666666667,0.0,16.210399428322575,56.05199714161287,5.570500109194147,100.0,36.0,40.0,57.40779957124193
4530,宏易,觀光餐旅,2025-09-26,11.5,2025Q2,0.0,0.0,55.0,100.0,88.47666666666667,100.0,10.805615911749959,29.02807955874979,0.0,0.0,52.0,80.0,57.354211933812465
4760,勤凱,其他電子業,2025-09-26,180.0,2025Q2,0.0,0.0,-19.03,0.0,20.736666666666668,100.0,14.80165120095409,49.00825600477045,1.859923825645366,100.0,63.0,100.0,57.351238400715566
3062,建漢,通信網路業,2025-09-26,23.35,2025Q2,13.27,93.48381601362861,3520.0,100.0,12.919999999999996,64.59999999999998,-13.55802745173548,0.0,-0.36262541791662445,0.0,71.4833204823887,100.0,57.268381601362854
1730,花仙子,化學工業,2025-09-26,52.3,2025Q2,12.11,92.55218216318785,19.89,39.78,-8.1,0.0,15.722025912838633,53.610129564193166,1.6026423703156205,100.0,68.5624263356144,100.0,57.24173765094776
4916,事欣科,電腦及週邊設備業,2025-09-26,56.1,2025Q2,39.51,0.0,167.39,100.0,-8.263333333333334,0.0,7.976944963426995,14.884724817134973,1.5783799227102537,100.0,61.8250134107434,100.0,57.232708722570244
4744,皇將,生技醫療業,2025-09-26,30.25,2025Q2,0.0,0.0,6200.0,100.0,28.53333333333333,100.0,9.847924018955245,24.239620094776228,-1.4941270451788515,0.0,54.0,85.0,57.13594301421644
6662,樂斯科,生技醫療業,2025-09-26,33.1,2025Q2,0.0,0.0,38.78,77.56,-24.319999999999997,0.0,15.151631566411321,50.758157832056604,1.2274462179042331,100.0,70.0,100.0,57.00372367480849
8931,大汽電,油電燃氣業,2025-09-26,53.0,2025Q2,0.0,0.0,45.45,90.9,1.26,6.3,15.862986365147988,54.31493182573994,2.2887197775009813,100.0,39.0,47.5,56.88223977386099
2254,巨鎧精密-創,,2025-09-26,60.7,2025Q2,0.0,0.0,127.69,100.0,-54.47666666666667,0.0,10.571509185528875,27.857545927644374,13.794179894179894,100.0,50.781741255489,76.95435313872251,56.87406720301891
4949,有成精密,光電業,2025-09-26,39.35,2025Q2,37.12,0.0,143.18,100.0,-0.5733333333333336,0.0,7.453920604623364,12.269603023116819,3.492821840433043,100.0,72.8858523769749,100.0,56.84044045346752
2883,凱基金,金融保險業,2025-09-26,14.8,2025Q2,12.33,55.66182096403979,-70.41,0.0,178.02666666666667,100.0,19.9946861519709,74.9734307598545,11.114405936714432,100.0,6.96399988564786,0.0,56.81219671038215
6669,緯穎,電腦及週邊設備業,2025-09-26,3050.0,2025Q2,16.06,72.93666026871402,119.32,100.0,182.90333333333334,100.0,7.123150132219112,10.61575066109556,-0.7681141009860308,0.0,31.5343723781983,28.835930945495747,56.769621720585306
2887,台新新光金,金融保險業,2025-09-26,17.8,2025Q2,12.71,52.75439938791124,-4.05,0.0,28.593333333333334,100.0,28.122433191593892,100.0,1.0630946516613369,80.44209309447669,6.25931680453121,0.0,56.36385855768646
3171,炎洲流通,居家生活,2025-09-26,52.6,2025Q2,0.0,0.0,131.25,100.0,45.90333333333333,100.0,10.0522236045224,25.261118022612,0.3717187856653732,0.0,50.0,75.0,56.2891677033918
6212,理銘,建材營造業,2025-09-26,41.8,2025Q2,0.0,0.0,35.98,71.96,31820.22,100.0,32.56069934259911,100.0,-0.9616348836191957,0.0,33.0,32.5,56.239999999999995
9942,茂順,其他業,2025-09-26,110.5,2025Q2,13.49,56.9655172413793,-11.24,0.0,5.52,27.599999999999998,25.064783698305604,100.0,1.3446093492115887,100.0,68.1053234406368,100.0,56.21655172413793
6257,矽格,半導體業,2025-09-26,89.3,2025Q2,18.11,98.58035207268597,-30.46,0.0,7.196666666666666,35.983333333333334,21.535685540050082,82.67842770025041,2.7228260571227816,100.0,46.9542846123919,67.38571153097975,56.195037182070806
2427,三商電,資訊服務業,2025-09-26,26.6,2025Q2,18.34,68.30734966592428,2.41,4.82,32.31666666666667,100.0,7.532265702218,12.66132851109,2.9221362451264143,100.0,44.5863656425918,61.4659141064795,56.08152565390388
6213,聯茂,電子零組件業,2025-09-26,102.5,2025Q2,30.33,6.93396226415095,115.46,100.0,-0.5033333333333333,0.0,7.957156772016642,14.78578386008321,1.5447193444657938,100.0,52.6261780385826,81.5654450964565,56.06780831507323
3014,聯陽,半導體業,2025-09-26,131.5,2025Q2,13.14,100.0,4.64,9.28,2.9,14.499999999999998,27.295968119542934,100.0,1.051026781761312,78.71811168018742,62.874250028108,100.0,55.96362233603749
5515,建國,建材營造業,2025-09-26,24.1,2025Q2,9.84,65.09922346850733,-46.15,0.0,29.843333333333334,100.0,7.756994423760551,13.784972118802754,4.213940379249878,100.0,49.4966828181529,73.74170704538224,55.951838869209375
7556,意德士,半導體業,2025-09-26,164.0,2025Q2,0.0,0.0,59.26,100.0,7.783333333333334,38.91666666666667,22.50407200133645,87.52036000668225,0.4904819488599793,0.0,73.0,100.0,55.91138733433567
4105,東洋,生技醫療業,2025-09-26,77.7,2025Q2,0.0,0.0,24.77,49.54,5.346666666666667,26.73333333333333,27.55259349018816,100.0,0.97778770910038,68.25538701434,58.0,95.0,55.88274406953467
3498,陽程,其他電子業,2025-09-26,47.0,2025Q2,0.0,0.0,70.59,100.0,98.0,100.0,6.033735746499399,5.168678732496996,0.0,0.0,68.0,100.0,55.77530180987455
1463,強盛新,紡織纖維,2025-09-26,20.25,2025Q2,6.12,100.0,425.0,100.0,-15.74,0.0,19.36666306439977,71.83331532199885,-9.774067890929327,0.0,74.4973217305262,100.0,55.77499729829983
1513,中興電,電機機械,2025-09-26,153.5,2025Q2,21.11,91.0828914317611,-1.87,0.0,12.299999999999999,61.5,17.9215984441648,64.607992220824,2.4336348731203215,100.0,38.631706741017,46.579266852542496,55.75741466155395
8432,東生華,生技醫療業,2025-09-26,52.6,2025Q2,0.0,0.0,2.8,5.6,15.713333333333333,78.56666666666666,16.46148371536302,57.307418576815095,1.2264850829314822,100.0,72.0,100.0,55.70944611985559
2454,聯發科,半導體業,2025-09-26,1310.0,2025Q2,19.64,94.23622941510506,-0.33,0.0,10.996666666666668,54.98333333333334,19.570635494357617,72.85317747178809,1.033555682938522,76.22224041978886,56.2437536367362,90.60938409184051,55.653652722087216
3694,海華,通信網路業,2025-09-26,77.7,2025Q2,23.33,50.63884156729132,53.33,100.0,30.613333333333333,100.0,4.738839431903457,0.0,0.0373903973285962,0.0,42.0649998080573,55.16249952014325,55.58013410874346
3169,亞信,半導體業,2025-09-26,95.1,2025Q2,0.0,0.0,0.56,1.12,10.203333333333333,51.016666666666666,28.79754267561588,100.0,1.663199803563912,100.0,82.0,100.0,55.483333333333334
3551,世禾,綠能環保,2025-09-26,151.5,2025Q2,0.0,0.0,25.0,50.0,10.17,50.849999999999994,18.529556490172595,67.64778245086298,0.9419456894278935,63.13509848969907,74.0,100.0,55.44418706556927
5213,亞昕,建材營造業,2025-09-26,25.4,2025Q2,0.0,0.0,952.38,100.0,520.9033333333333,100.0,18.591132564373517,67.95566282186758,0.2641255778378632,0.0,21.0,2.5,55.44334942328014
5469,瀚宇博,電子零組件業,2025-09-26,88.5,2025Q2,14.95,79.48113207547169,-2.91,0.0,36.04333333333333,100.0,12.319029777853988,36.59514888926994,3.1905594216052373,100.0,27.2588534799523,18.14713369988075,55.25209891092574
6191,精成科,電子零組件業,2025-09-26,115.5,2025Q2,19.25,59.198113207547166,-0.33,0.0,61.45666666666667,100.0,12.630462188658106,38.15231094329053,1.9171814414434434,100.0,34.398082843673,35.9952071091825,55.24217867316655
6206,飛捷,電腦及週邊設備業,2025-09-26,102.5,2025Q2,14.1,82.34165067178503,9.91,19.82,14.51,72.55,26.995416846533242,100.0,0.5884102390940142,12.630034156287751,70.9609583300612,100.0,55.22517189843605
8481,政伸,其他業,2025-09-26,43.5,2025Q2,14.03,53.241379310344826,6.67,13.34,2.98,14.899999999999999,23.093086638409094,90.46543319204548,1.2651772502761394,100.0,81.8211748453089,100.0,55.2089529098413
6922,宸曜,電腦及週邊設備業,2025-09-26,194.5,2025Q2,0.0,0.0,-26.78,0.0,36.48666666666667,100.0,16.57291934068427,57.86459670342134,2.3654071046840617,100.0,46.0,65.0,55.1796895055132
5439,高技,電子零組件業,2025-09-26,309.0,2025Q2,0.0,0.0,85.85,100.0,185.65333333333334,100.0,14.469502573305398,47.34751286652699,-0.9251285210819794,0.0,32.0,30.0,55.10212692997905
8048,德勝,通信網路業,2025-09-26,44.6,2025Q2,0.0,0.0,-47.18,0.0,18.82,94.10000000000001,13.341269739677339,41.70634869838669,3.603326519234343,100.0,74.0,100.0,55.07595230475801
5520,力泰,建材營造業,2025-09-26,91.2,2025Q2,0.0,0.0,18.43,36.86,5.579999999999999,27.9,18.654062917308163,68.27031458654082,1.204792263565009,100.0,66.0,100.0,55.03554718798112
8088,品安,半導體業,2025-09-26,35.55,2025Q2,0.0,0.0,55.88,100.0,79.0,100.0,0.5684583422999884,0.0,0.0,0.0,89.0,100.0,55.0
8176,智捷,通信網路業,2025-09-26,10.1,2025Q2,0.0,0.0,144.44,100.0,-38.00666666666667,0.0,2.380886528745805,0.0,20.00404288978731,100.0,76.0,100.0,55.0
4402,郡都開發,紡織纖維,2025-09-26,19.55,2025Q2,0.0,0.0,72.0,100.0,52.1,100.0,-67.003367003367,0.0,0.0,0.0,98.0,100.0,55.0
3085,新零售,數位雲端,2025-09-26,14.95,2025Q2,0.0,0.0,58.9,100.0,74.57333333333334,100.0,-86.10251117991055,0.0,0.0,0.0,81.0,100.0,55.0
6485,點序,半導體業,2025-09-26,62.6,2025Q2,0.0,0.0,126.05,100.0,-4.873333333333333,0.0,0.07589051491851359,0.0,22.354988399071924,100.0,82.0,100.0,55.0
3002,歐格,電腦及週邊設備業,2025-09-26,16.45,2025Q2,60.93,0.0,314.29,100.0,29.819999999999997,100.0,-8.168297922402544,0.0,-1.5495039481676454,0.0,62.8685876785185,100.0,55.0
3363,上詮,通信網路業,2025-09-26,349.0,2025Q2,0.0,0.0,666.67,100.0,35.73,100.0,2.548317578932217,0.0,-3.4100667408231367,0.0,78.0,100.0,55.0
3297,杭特,光電業,2025-09-26,54.5,2025Q2,0.0,0.0,2800.0,100.0,33.443333333333335,100.0,-15.570526762505969,0.0,-2.6118112696594107,0.0,80.0,100.0,55.0
1446,宏和,紡織纖維,2025-09-26,19.5,2025Q2,2.75,100.0,-65.07,0.0,-87.43666666666667,0.0,37.10319789050335,100.0,2.5638942398866145,100.0,77.8849668506002,100.0,55.0
5345,馥鴻,其他業,2025-09-26,23.95,2025Q2,0.0,0.0,84.02,100.0,86.46666666666665,100.0,-333.10060298317995,0.0,0.0,0.0,97.0,100.0,55.0
6236,中湛,其他業,2025-09-26,30.2,2025Q2,0.0,0.0,120.0,100.0,-30.61,0.0,0.5596740144336982,0.0,1.3936017253774262,100.0,91.0,100.0,55.0
3504,揚明光,光電業,2025-09-26,58.4,2025Q2,139.05,0.0,102.78,100.0,-1.4933333333333334,0.0,-3.737155167131403,0.0,23.544303797468356,100.0,62.8573756969405,100.0,55.0
5488,松普,電子零組件業,2025-09-26,10.15,2025Q2,0.0,0.0,200.0,100.0,-21.290000000000003,0.0,-0.7362401507912767,0.0,6.304099951479865,100.0,66.0,100.0,55.0
6246,臺龍,光電業,2025-09-26,15.0,2025Q2,0.0,0.0,104.69,100.0,7.696666666666666,38.48333333333333,1.4764464889507847,0.0,67.38837405223252,100.0,29.0,22.5,54.946666666666665
2615,萬海,航運業,2025-09-26,74.2,2025Q2,5.08,100.0,-39.34,0.0,-34.99,0.0,24.893727874554294,99.46863937277148,1.4331416725533737,100.0,61.4650050406845,100.0,54.92029590591572
6668,中揚光,光電業,2025-09-26,42.2,2025Q2,0.0,0.0,50.88,100.0,21.95,100.0,-12.785535036355448,0.0,0.0,0.0,59.5453801439574,98.8634503598935,54.88634503598935
2712,遠雄來,觀光餐旅,2025-09-26,19.95,2025Q2,0.0,0.0,59.26,100.0,131.42666666666665,100.0,-13.089283454936526,0.0,0.0,0.0,59.3389967842402,98.34749196060051,54.83474919606005
3059,華晶科,光電業,2025-09-26,51.1,2025Q2,44.43,0.0,8.93,17.86,22.98,100.0,5.933728103911271,4.668640519556355,3.1118920303544555,100.0,58.6430913672801,96.60772841820024,54.82606891975348
4303,信立,塑膠工業,2025-09-26,72.4,2025Q2,0.0,0.0,112.75,100.0,542.7266666666667,100.0,-6.679336579004391,0.0,-0.035456605348677735,0.0,59.0,97.5,54.75
2723,美食-KY,觀光餐旅,2025-09-26,74.0,2025Q2,19.53,49.61449498843484,38.64,77.28,0.0,0.0,6.279647110332657,6.398235551663286,2.52322188449848,100.0,57.9074702403708,94.768675600927,54.71805239168568
2424,隴華,通信網路業,2025-09-26,57.6,2025Q2,0.0,0.0,69.43,100.0,99.88,100.0,-47.389676044080694,0.0,0.0,0.0,58.7925157215193,96.98128930379826,54.69812893037982
2707,晶華,觀光餐旅,2025-09-26,198.0,2025Q2,18.82,53.2639424312516,-0.88,0.0,10.24,51.2,25.5095401307341,100.0,2.957770613446991,100.0,36.1452575488415,40.36314387210375,54.602708630335535
2597,潤弘,建材營造業,2025-09-26,154.5,2025Q2,13.15,36.54012079378774,26.36,52.72,13.006666666666666,65.03333333333333,12.34539543405344,36.7269771702672,1.1041918072415664,86.31311532022377,27.6686924364699,19.171731091174752,54.52952149474776
6667,信紘科,其他電子業,2025-09-26,272.5,2025Q2,0.0,0.0,68.16,100.0,71.58999999999999,100.0,13.312174235789204,41.560871178946016,-0.26171638613084697,0.0,33.0,32.5,54.4841306768419
6590,普鴻,資訊服務業,2025-09-26,83.5,2025Q2,0.0,0.0,10.16,20.32,23.073333333333334,100.0,24.039913504632818,95.19956752316409,0.6859461146364298,26.563730662347123,59.0,97.5,54.42268126094404
6263,普萊德,通信網路業,2025-09-26,141.0,2025Q2,0.0,0.0,-4.05,0.0,9.986666666666666,49.93333333333333,31.685379854093593,100.0,1.1763130391934797,96.61614845621139,61.0,100.0,54.30989635790895
3005,神基,電腦及週邊設備業,2025-09-26,153.0,2025Q2,19.69,55.51823416506717,14.59,29.18,10.533333333333333,52.666666666666664,16.46890293190229,57.34451465951145,1.0580575072874656,79.72250104106652,45.1719694557144,62.92992363928599,54.219326520908666
1419,新紡,紡織纖維,2025-09-26,56.3,2025Q2,17.01,65.41521631029337,40.59,81.18,14.486666666666666,72.43333333333332,8.775480620232537,18.877403101162688,0.34816990670668213,0.0,66.5673221947339,100.0,54.154798762870406
6894,衛司特,綠能環保,2025-09-26,201.5,2025Q2,0.0,0.0,8.37,16.74,72.69333333333334,100.0,25.58981732171908,100.0,0.6736613047745018,24.808757824928833,70.0,100.0,54.14675156498576
6719,力智,半導體業,2025-09-26,201.5,2025Q2,98.29,0.0,-23.48,0.0,17.16,85.8,14.217789721737862,46.088948608689314,1.6496333108658692,100.0,82.9050911974448,100.0,54.07334229130339
4131,浩泰,生技醫療業,2025-09-26,32.5,2025Q2,0.0,0.0,98.73,100.0,225.64000000000001,100.0,-21.675332365370732,0.0,0.0,0.0,56.0,90.0,54.0
8109,博大,電子零組件業,2025-09-26,98.8,2025Q2,0.0,0.0,-29.89,0.0,8.896666666666667,44.48333333333333,33.75734504919236,100.0,1.4171539500656534,100.0,81.0,100.0,53.89666666666667
2458,義隆,半導體業,2025-09-26,126.5,2025Q2,16.34,100.0,-36.75,0.0,-4.47,0.0,24.865192057622977,99.32596028811489,1.1592113255565457,94.17304650807796,66.7422153512506,100.0,53.733503344832826
6184,大豐電,其他業,2025-09-26,49.95,2025Q2,13.65,55.86206896551724,4.73,9.46,0.8500000000000001,4.25,29.32550123018055,100.0,1.3909938231804326,100.0,59.7021142623181,99.25528565579525,53.72673546213125
9926,新海,油電燃氣業,2025-09-26,49.95,2025Q2,19.67,49.9236835410837,-6.45,0.0,10.729999999999999,53.65,20.65950424745501,78.29752123727506,1.6194476125890078,100.0,45.0094701584497,62.523675396124254,53.71936407931205
2645,長榮航太,航運業,2025-09-26,160.0,2025Q2,36.28,0.0,-18.15,0.0,14.993333333333332,74.96666666666665,19.25009083825508,71.25045419127541,2.004503856041131,100.0,52.0638662925181,80.15966573129525,53.69686803515417
8011,台通,通信網路業,2025-09-26,22.0,2025Q2,8.63,100.0,17.19,34.38,-2.6366666666666663,0.0,16.761594871829864,58.80797435914932,1.9355381570195613,100.0,44.8423723787839,62.10593094695975,53.62678924856837
2420,新巨,電子零組件業,2025-09-26,50.4,2025Q2,13.33,87.12264150943396,-25.32,0.0,-9.463333333333333,0.0,28.062842958395123,100.0,1.1931506231150488,99.02151758786412,61.7420105261992,100.0,53.516567668516224
6861,睿生光電,生技醫療業,2025-09-26,62.6,2025Q2,17.78,50.0,-10.89,0.0,17.886666666666667,89.43333333333334,6.816301085709242,9.081505428546208,1.6131766904746012,100.0,56.7049348340392,91.762337085098,53.425126189458396
3008,大立光,光電業,2025-09-26,2320.0,2025Q2,13.59,84.07712830463254,-29.54,0.0,-4.113333333333333,0.0,41.76910005905869,100.0,1.7412824206625401,100.0,84.0203253447757,100.0,53.407712830463254
1614,三洋電,電器電纜,2025-09-26,37.2,2025Q2,34.77,0.0,171.43,100.0,-14.573333333333332,0.0,2.867139505459403,0.0,1.1426910399773522,91.81300571105032,76.2451952758668,100.0,53.36260114221007
6291,沛亨,半導體業,2025-09-26,164.0,2025Q2,0.0,0.0,-65.93,0.0,18.22,91.1,12.836912880526874,39.18456440263437,1.9086411210102932,100.0,57.0,92.5,53.34768466039515
5386,青雲,電腦及週邊設備業,2025-09-26,62.4,2025Q2,0.0,0.0,146.39,100.0,-7.356666666666669,0.0,6.123213007358405,5.616065036792026,9.800858208518948,100.0,50.0,75.0,53.3424097555188
5410,國眾,資訊服務業,2025-09-26,33.35,2025Q2,0.0,0.0,75.32,100.0,25.5,100.0,6.722972410463044,8.614862052315223,-7.609455575794374,0.0,48.0,70.0,53.292229307847286
2429,銘旺科,光電業,2025-09-26,117.0,2025Q2,0.0,0.0,46.51,93.02,66.60333333333334,100.0,-32.26245129910415,0.0,0.0,0.0,61.5849577899436,100.0,53.254999999999995
2115,六暉-KY,汽車工業,2025-09-26,26.55,2025Q2,11.75,87.09850107066381,20.39,40.78,0.0,0.0,10.598565389869659,27.99282694934829,1.7663633424176637,100.0,65.2603707447634,100.0,53.10377414946863
6274,台燿,電子零組件業,2025-09-26,298.0,2025Q2,0.0,0.0,13.78,27.560000000000002,20.316666666666666,100.0,13.594216008890728,42.971080044453636,0.9092513436047135,58.46447765781622,52.0,80.0,53.02855753823129
2412,中華電,通信網路業,2025-09-26,134.5,2025Q2,27.45,33.09199318568996,3.63,7.26,4.9366666666666665,24.683333333333334,22.27476735691302,86.3738367845651,1.4666125389517708,100.0,67.3545235289635,100.0,53.016941502920425
8234,新漢,電腦及週邊設備業,2025-09-26,86.2,2025Q2,0.0,0.0,685.71,100.0,-4.25,0.0,4.197190299285049,0.0,4.668912933984056,100.0,52.0,80.0,53.0
6823,濾能,半導體業,2025-09-26,65.0,2025Q2,0.0,0.0,70.57,100.0,91.33,100.0,-4.713335541519613,0.0,0.0,0.0,52.0,80.0,53.0
2614,東森,其他業,2025-09-26,21.15,2025Q2,12.9,61.03448275862069,93.18,100.0,-3.606666666666667,0.0,6.665838441244726,8.329192206223631,2.8871211076753394,100.0,22.5543589703903,6.385897425975751,52.99141684939319
2617,台航,航運業,2025-09-26,26.9,2025Q2,10.0,79.72593113141251,-27.34,0.0,-12.026666666666666,0.0,34.407536211187626,100.0,2.537346144155023,100.0,65.0531319155191,100.0,52.97259311314125
6944,兆聯實業,綠能環保,2025-09-26,514.0,2025Q2,22.47,22.72727272727275,28.18,56.36,65.82666666666667,100.0,17.64310542969065,63.21552714845324,0.3874331642814434,0.0,48.1789011096779,70.44725277419475,52.88978162241474
8081,致新,半導體業,2025-09-26,229.5,2025Q2,12.94,100.0,-2.07,0.0,-0.7599999999999998,0.0,22.559807863140165,87.79903931570082,1.2041193879202288,100.0,58.8364901105302,97.0912252763255,52.87897842498767
2428,興勤,電子零組件業,2025-09-26,171.0,2025Q2,15.11,78.72641509433961,-12.98,0.0,-0.8033333333333332,0.0,25.693682685001875,100.0,1.497332101498053,100.0,64.3392921820168,100.0,52.87264150943396
6561,是方,通信網路業,2025-09-26,404.5,2025Q2,0.0,0.0,28.55,57.10000000000001,-6.493333333333333,0.0,41.01546111077203,100.0,1.104978046504963,86.42543521499472,45.0,62.5,52.810087042998944
8917,欣泰,油電燃氣業,2025-09-26,61.3,2025Q2,0.0,0.0,-16.43,0.0,19.606666666666666,98.03333333333333,15.264780921502355,51.32390460751177,1.480249589078384,100.0,42.0,55.00000000000001,52.805252357793435
2368,金像電,電子零組件業,2025-09-26,412.5,2025Q2,31.73,0.33018867924528017,25.75,51.5,56.84666666666667,100.0,20.878956864215027,79.39478432107514,0.6063019287112845,15.185989815897791,39.680930656161,49.202326640402504,52.7746671433056
6846,綠茵,食品工業,2025-09-26,76.9,2025Q2,0.0,0.0,-4.42,0.0,13.44,67.19999999999999,20.848167776418897,79.2408388820945,1.1990361445783133,99.86230636833048,49.0,72.5,52.54858710598027
3019,亞光,光電業,2025-09-26,155.5,2025Q2,20.9,48.617511520737324,83.42,100.0,6.89,34.449999999999996,7.963551480858097,14.817757404290486,0.7018917341468559,28.841676306693703,51.140255998727,77.85063999681749,52.527814023737804
2836,高雄銀,金融保險業,2025-09-26,11.85,2025Q2,19.75,0.0,19.23,38.46,7.906666666666666,39.53333333333333,30.67745578802427,100.0,9.986885575979262,100.0,7.1037916838186,0.0,52.52166666666667
4540,全球傳動,電機機械,2025-09-26,40.55,2025Q2,0.0,0.0,89.77,100.0,32.196666666666665,100.0,-14.490322974321423,0.0,0.0,0.0,49.9096482049015,74.77412051225375,52.47741205122537
3227,原相,半導體業,2025-09-26,237.5,2025Q2,0.0,0.0,16.17,32.34,-4.54,0.0,24.122957109673138,95.61478554836569,1.3125412081432228,100.0,72.0,100.0,52.427217832254854
6525,捷敏-KY,半導體業,2025-09-26,79.4,2025Q2,15.24,100.0,2.43,4.86,0.0,0.0,19.85569502985852,74.2784751492926,1.7860438893757316,100.0,66.0944511575502,100.0,52.35677127239389
2603,長榮,航運業,2025-09-26,178.0,2025Q2,2.94,100.0,-19.03,0.0,-35.27333333333333,0.0,22.27685244136713,86.38426220683564,1.4691415538485268,100.0,57.3790067985822,93.4475169964555,52.3023910306709
9951,皇田,電機機械,2025-09-26,58.0,2025Q2,0.0,0.0,-4.52,0.0,20.273333333333333,100.0,7.945001655817027,14.725008279085133,2.660143418629232,100.0,61.0,100.0,52.20875124186277
2480,敦陽科,資訊服務業,2025-09-26,176.0,2025Q2,22.45,50.0,8.9,17.8,21.216666666666665,100.0,12.370472862780165,36.85236431390083,0.9061724428919511,58.024634698850164,42.3393147128822,55.848286782205506,52.16761026507571
6173,信昌電,電子零組件業,2025-09-26,54.7,2025Q2,0.0,0.0,-47.19,0.0,13.996666666666668,69.98333333333335,15.752413810559435,53.76206905279718,2.493790021594498,100.0,82.0,100.0,52.06097702458625
4764,雙鍵,化學工業,2025-09-26,41.0,2025Q2,105.13,0.0,184.44,100.0,-6.516666666666667,0.0,5.810476112351175,4.052380561755875,2.87769604787433,100.0,45.7343822246993,64.33595556174826,52.04145264043821
5608,四維航,航運業,2025-09-26,17.1,2025Q2,0.0,0.0,118.37,100.0,-18.026666666666667,0.0,-10.936389905009717,0.0,12.084718336898689,100.0,48.0310276407231,70.07756910180775,52.007756910180774
6591,動力-KY,電腦及週邊設備業,2025-09-26,78.3,2025Q2,16.59,70.39347408829175,133.61,100.0,0.0,0.0,18.280824161390164,66.40412080695081,-0.06595042392078182,0.0,61.4126148505784,100.0,51.9999655298718
6799,來頡,半導體業,2025-09-26,83.5,2025Q2,39.39,38.16013628620101,-46.71,0.0,5.286666666666666,26.43333333333333,22.165421657872393,85.82710828936196,4.907241379310345,100.0,84.2722847636895,100.0,51.97674653869106
2937,集雅社,居家生活,2025-09-26,42.8,2025Q2,0.0,0.0,32.73,65.46,16.723333333333333,83.61666666666666,3.376222818283726,0.0,1.0168179391350773,73.83113416215392,36.0,40.0,51.85456016576411
1413,宏洲,紡織纖維,2025-09-26,10.7,2025Q2,29.72,2.2128294380905134,245.45,100.0,-11.513333333333334,0.0,4.2701977026098135,0.0,4.784148557136453,100.0,46.1560692444963,65.39017311124076,51.76030025493313
5347,世界,半導體業,2025-09-26,101.0,2025Q2,0.0,0.0,29.41,58.82000000000001,3.44,17.2,17.48425660794535,62.42128303972676,2.217322743482723,100.0,37.0,42.5,51.75819245595902
8424,惠普,建材營造業,2025-09-26,73.7,2025Q2,0.0,0.0,18.33,36.66,0.05666666666666664,0.2833333333333332,21.687107604317298,83.43553802158648,1.317377670538357,100.0,79.0,100.0,51.736997369904635
2890,永豐金,金融保險業,2025-09-26,24.45,2025Q2,13.66,45.48584544758991,3.13,6.260000000000001,10.593333333333334,52.966666666666676,44.67440913047662,100.0,6.176796597140628,100.0,6.70680456470496,0.0,51.70691787809232
4538,大詠城,電機機械,2025-09-26,18.45,2025Q2,0.0,0.0,-14.29,0.0,26.436666666666667,100.0,7.26196024051194,11.309801202559703,12.057214296220032,100.0,88.0,100.0,51.696470180383955
6409,旭隼,其他電子業,2025-09-26,933.0,2025Q2,17.97,64.10133843212238,17.31,34.62,-24.12,0.0,20.72950928683788,78.64754643418941,1.4331195751710997,100.0,39.3234940828689,48.30873520717224,51.69313932905788
6829,千附精密,半導體業,2025-09-26,122.0,2025Q2,0.0,0.0,-43.51,0.0,34.29666666666667,100.0,19.280784687358764,71.40392343679383,0.8805173518812318,54.359621697318836,66.0,100.0,51.58251285498284
1736,喬山,運動休閒,2025-09-26,170.0,2025Q2,19.36,10.919540229885062,150.98,100.0,4.383333333333334,21.916666666666668,4.022932226224228,0.0,2.5695407569216187,100.0,24.2673280115662,10.668320028915499,51.54211935921339
6117,迎廣,電腦及週邊設備業,2025-09-26,82.0,2025Q2,29.93,6.38195777351247,-61.47,0.0,31.310000000000002,100.0,12.71738341777555,38.58691708887775,1.8257493117240662,100.0,40.3136903695479,50.784225923869755,51.50465593306989
6697,東捷資訊,資訊服務業,2025-09-26,49.1,2025Q2,0.0,0.0,36.3,72.6,21.919999999999998,100.0,9.395349107087164,21.976745535435818,0.4733823265818247,0.0,62.0,100.0,51.44651183031537
7722,LINEPAY,數位雲端,2025-09-26,597.0,2025Q2,79.39,0.0,-44.44,0.0,23.223333333333333,100.0,8.828193066178079,19.140965330890396,4.602611335944958,100.0,54.1701806949371,85.42545173734275,51.41368997336784
2535,達欣工,建材營造業,2025-09-26,59.9,2025Q2,11.43,51.38050043140638,1.16,2.32,53.35666666666666,100.0,8.424489148536837,17.122445742684185,3.6056983087151036,100.0,32.2097379057627,30.524344764406752,51.33885138098394
6752,叡揚,資訊服務業,2025-09-26,132.5,2025Q2,0.0,0.0,51.67,100.0,12.176666666666668,60.88333333333333,13.396655594788287,41.98327797394143,0.21298245614035088,0.0,51.0,77.5,51.22415836275788
4770,上品,化學工業,2025-09-26,295.0,2025Q2,18.57,61.90702087286527,-52.02,0.0,-5.396666666666666,0.0,25.61653462395591,100.0,2.0280102620179163,100.0,78.2505066624514,100.0,51.190702087286525
7547,碩網,數位雲端,2025-09-26,89.8,2025Q2,0.0,0.0,51.52,100.0,1.1633333333333333,5.816666666666666,27.807160010549843,100.0,0.1392144059933331,0.0,83.0,100.0,51.163333333333334
2483,百容,電子零組件業,2025-09-26,21.6,2025Q2,28.05,17.688679245283012,127.27,100.0,-0.3299999999999996,0.0,-7.626268920829221,0.0,1.0035983150552028,71.94261643645756,61.1563360273044,100.0,51.157391211819814
9958,世紀鋼,鋼鐵工業,2025-09-26,172.0,2025Q2,29.15,7.526881720430123,-25.62,0.0,13.986666666666666,69.93333333333334,25.17850726817653,100.0,5.711519986406325,100.0,25.3792441676041,13.448110419010249,51.084165880610705
2904,匯僑,其他業,2025-09-26,17.5,2025Q2,13.26,58.55172413793104,-8.96,0.0,2.2133333333333334,11.066666666666666,22.24022573773796,86.20112868868979,2.8803301817262943,100.0,63.9849638488232,100.0,50.99867505042991
6762,達亞,生技醫療業,2025-09-26,220.5,2025Q2,0.0,0.0,-18.75,0.0,19.35333333333333,96.76666666666665,12.47484348606566,37.37421743032831,8.772024112135957,100.0,44.0,60.0,50.95946594788258
1732,毛寶,化學工業,2025-09-26,29.25,2025Q2,208.93,0.0,-69.57,0.0,23.429999999999996,100.0,6.237653468317129,6.188267341585645,1.738397965670693,100.0,72.647777596297,100.0,50.92824010123785
1541,錩泰,電機機械,2025-09-26,25.65,2025Q2,197.31,0.0,-81.58,0.0,41.35666666666666,100.0,7.3972449063083925,11.986224531541962,1.8561651987621994,100.0,56.1968189017643,90.49204725441075,50.84713840517237
2889,國票金,金融保險業,2025-09-26,14.85,2025Q2,32.28,0.0,-45.45,0.0,15.806666666666667,79.03333333333333,34.708129470673505,100.0,20.05059241129052,100.0,10.4914188184285,0.0,50.806666666666665
2926,誠品生活,文化創意業,2025-09-26,43.8,2025Q2,0.0,0.0,148.94,100.0,5.79,28.95,0.11554656291842762,0.0,59.05672461116194,100.0,4.0,0.0,50.79
3596,智易,通信網路業,2025-09-26,217.5,2025Q2,18.28,72.1465076660988,11.31,22.62,12.71,63.550000000000004,6.814849930707616,9.074249653538077,2.0218918275667153,100.0,35.3222266905696,38.305566726424004,50.77134488728299
4950,金耘國際,鋼鐵工業,2025-09-26,10.15,2025Q2,0.0,0.0,63.64,100.0,33071.763333333336,100.0,2.6135845903430646,0.0,0.0,0.0,43.0,57.49999999999999,50.75
7740,熙特爾-創,,2025-09-26,211.5,2025Q2,69.57,0.0,272.0,100.0,105.22000000000001,100.0,12.644674518267577,38.223372591337885,-0.7179901912645643,0.0,16.9392535514815,0.0,50.733505888700684
3611,鼎翰,電腦及週邊設備業,2025-09-26,187.5,2025Q2,0.0,0.0,4.85,9.7,27.066666666666666,100.0,10.020272388003772,25.101361940018858,1.9994976638932511,100.0,38.0,45.0,50.69020429100283
1795,美時,生技醫療業,2025-09-26,255.0,2025Q2,13.79,72.44094488188976,-8.4,0.0,-10.216666666666667,0.0,33.9611360743896,100.0,1.6916902297644676,100.0,53.3594908790141,83.39872719753527,50.58396720794251
4167,松瑞藥,生技醫療業,2025-09-26,17.75,2025Q2,0.0,0.0,303.45,100.0,5.57,27.85,18.143670412984864,65.71835206492432,-0.06672716683146189,0.0,88.0,100.0,50.42775280973865
8422,可寧衛*,綠能環保,2025-09-26,202.0,2025Q2,14.6,67.30387992070236,67.71,100.0,-8.979999999999999,0.0,44.93604506975386,100.0,0.507376819973953,1.05383142485043,33.8151723017702,34.537930754425496,50.394947352482866
6605,帝寶,汽車工業,2025-09-26,131.0,2025Q2,9.21,100.0,-46.48,0.0,-15.876666666666665,0.0,19.08861017393042,70.4430508696521,2.5968359323025427,100.0,58.4528480063223,96.13212001580574,50.17966963202839
6792,詠業,通信網路業,2025-09-26,57.1,2025Q2,25.95,39.48040885860307,10.0,20.0,6.05,30.25,11.839935277094938,34.19967638547469,1.4269043319547192,100.0,73.1854018494921,100.0,50.12799234368151
1319,東陽,汽車工業,2025-09-26,92.2,2025Q2,13.34,78.58672376873662,-13.1,0.0,-13.946666666666667,0.0,21.29615738696428,81.4807869348214,1.579013978786036,100.0,66.8292843274878,100.0,50.08079041709687
8429,金麗-KY,貿易百貨業,2025-09-26,7.85,2025Q2,98.12,0.0,250.0,100.0,0.0,0.0,-8.578076237182346,0.0,1.0277127244340358,75.38753206200512,90.0853907786041,100.0,50.07750641240102
6166,凌華,電腦及週邊設備業,2025-09-26,60.7,2025Q2,48.95,0.0,129.87,100.0,34.029999999999994,100.0,3.364010835754419,0.0,-4.213196774383425,0.0,40.1679916478436,50.419979119609,50.0419979119609
3679,新至陞,電子零組件業,2025-09-26,113.5,2025Q2,12.94,88.9622641509434,-70.43,0.0,-1.3933333333333333,0.0,23.196848453313034,90.98424226656518,1.7524305347176379,100.0,49.8841212070965,74.71030301774124,50.014893056853246
4903,聯光通,通信網路業,2025-09-26,30.0,2025Q2,0.0,0.0,-100.0,0.0,137.75,100.0,0.13767549376211033,0.0,31.566820276497698,100.0,69.0,100.0,50.0
6218,豪勉,通信網路業,2025-09-26,19.4,2025Q2,0.0,0.0,44.0,88.0,46.169999999999995,100.0,-7.7967340362804896,0.0,0.0,0.0,52.0,80.0,50.0
5222,全訊,半導體業,2025-09-26,136.5,2025Q2,35.27,49.85803520726859,-42.61,0.0,-43.73333333333333,0.0,31.366661934072177,100.0,1.2335145180023228,100.0,81.8834044211509,100.0,49.98580352072686
2409,友達,光電業,2025-09-26,13.65,2025Q2,17.28,66.17754062575794,240.82,100.0,-12.693333333333333,0.0,1.8707045533626974,0.0,0.9764358750704936,68.06226786721336,38.8367932655232,47.091983163807996,49.93940595239927
2302,麗正,半導體業,2025-09-26,17.0,2025Q2,35.42,49.43214082907439,-93.33,0.0,7.023333333333333,35.11666666666667,15.551669386172229,52.758346930861144,7.529289247591773,100.0,66.6440372433276,100.0,49.880299455869945
2524,京城,建材營造業,2025-09-26,45.8,2025Q2,5.9,99.09404659188955,2.01,4.02,-53.596666666666664,0.0,33.150211585955894,100.0,1.0526184779805736,78.94549685436768,52.7049842950383,81.76246073759576,49.87975010382207
8033,雷虎,其他業,2025-09-26,140.0,2025Q2,202.9,0.0,40.0,80.0,44.48333333333334,100.0,4.064923206189625,0.0,-0.6381764481707317,0.0,59.063593318846,97.65898329711501,49.765898329711504
3630,新鉅科,光電業,2025-09-26,32.45,2025Q2,0.0,0.0,364.29,100.0,14.546666666666667,72.73333333333333,-20.28020719859496,0.0,0.2797930788857555,0.0,74.0,100.0,49.54666666666667
2756,聯發國際,觀光餐旅,2025-09-26,93.5,2025Q2,0.0,0.0,-20.92,0.0,91.56666666666668,100.0,10.03122009069546,25.156100453477297,2.797944159853445,100.0,43.0,57.49999999999999,49.52341506802159
2303,聯電,半導體業,2025-09-26,44.85,2025Q2,14.19,100.0,-31.28,0.0,-1.3433333333333335,0.0,17.669534634233163,63.34767317116581,2.7533419176413645,100.0,61.4568007170589,100.0,49.50215097567487
5475,德宏,電子零組件業,2025-09-26,53.9,2025Q2,0.0,0.0,60.0,100.0,42.089999999999996,100.0,-9.423086961419164,0.0,0.0,0.0,38.0,45.0,49.5
6125,廣運,光電業,2025-09-26,72.4,2025Q2,0.0,0.0,84.62,100.0,62.85666666666666,100.0,-19.44787008566523,0.0,0.0,0.0,38.0,45.0,49.5
5292,華懋,綠能環保,2025-09-26,153.0,2025Q2,14.59,67.36052109883886,14.25,28.499999999999996,62.22333333333333,100.0,17.8429336610543,64.21466830527149,-0.25642964817701014,0.0,43.9132670336974,59.7831675842435,49.471569114098955
4536,拓凱,運動休閒,2025-09-26,189.5,2025Q2,10.27,76.2212643678161,-4.75,0.0,0.5233333333333334,2.616666666666667,21.240064776649323,81.20032388324661,1.7004758031774703,100.0,56.1471311759258,90.3678279398145,49.36229114658339
8277,商丞,半導體業,2025-09-26,11.25,2025Q2,0.0,0.0,38.71,77.42,87.88,100.0,-15.743234494367474,0.0,0.0,0.0,75.0,100.0,49.355000000000004
8367,建新國際,航運業,2025-09-26,45.1,2025Q2,13.5,55.13000702740689,-10.38,0.0,11.976666666666667,59.88333333333333,20.783614353653267,78.91807176826633,2.2909049890849253,100.0,18.9757633488346,0.0,49.327378134647304
6150,撼訊,電腦及週邊設備業,2025-09-26,81.3,2025Q2,0.0,0.0,159.76,100.0,147.95333333333335,100.0,2.6619395432687587,0.0,-1.2765826926222803,0.0,37.0,42.5,49.25
6994,富威電力,綠能環保,2025-09-26,93.4,2025Q2,69.19,0.0,11.11,22.22,21.683333333333334,100.0,9.908581332441406,24.542906662207027,1.0282865324790376,75.46950463986252,39.526829693884,48.81707423470999,49.21204435077456
3264,欣銓,半導體業,2025-09-26,84.9,2025Q2,0.0,0.0,6.03,12.06,3.8166666666666664,19.083333333333332,25.329815104635205,100.0,1.883823235181224,100.0,49.0,72.5,49.08166666666666
2327,國巨*,電子零組件業,2025-09-26,166.0,2025Q2,17.22,68.77358490566039,2.81,5.62,3.8466666666666662,19.23333333333333,21.145332993148518,80.72666496574259,1.1785788615918404,96.93983737026292,41.5149391362412,53.787347840603005,49.004727160206976
8038,長園科,電子零組件業,2025-09-26,48.4,2025Q2,0.0,0.0,112.24,100.0,607.6,100.0,1.614035437088961,0.0,-8.750864131879819,0.0,36.0,40.0,49.0
1524,耿鼎,汽車工業,2025-09-26,28.0,2025Q2,10.07,96.09207708779442,-50.3,0.0,-14.146666666666667,0.0,19.06696706028589,70.33483530142945,2.81070826306914,100.0,55.039089120056,87.59772280014,48.919205284007866
3406,玉晶光,光電業,2025-09-26,420.5,2025Q2,14.16,81.3121513461072,-46.68,0.0,4.64,23.2,14.784073753194434,48.92036876597217,1.9073775893395764,100.0,55.156973770419,87.8924344260475,48.898513892111296
3231,緯創,電腦及週邊設備業,2025-09-26,128.0,2025Q2,18.85,59.548944337811896,45.52,91.04,116.74333333333334,100.0,2.889058292591568,0.0,-11.668297375361682,0.0,16.811659089911,0.0,48.7148944337812
8463,潤泰材,其他業,2025-09-26,25.15,2025Q2,15.43,43.58620689655173,73.58,100.0,11.873333333333335,59.36666666666668,6.058988812583797,5.294944062918985,0.7017459554701265,28.82085078144665,23.607263582624,9.01815895656,48.69218168437169
6899,創為精密,光電業,2025-09-26,50.8,2025Q2,0.0,0.0,-21.91,0.0,16.756666666666664,83.78333333333332,21.18352790286027,80.91763951430136,0.8411293074036165,48.73275820051664,77.0,100.0,48.640864233915195
3058,立德,電子零組件業,2025-09-26,11.35,2025Q2,0.0,0.0,111.32,100.0,-8.896666666666667,0.0,-7.828738959215871,0.0,18.957578724098546,100.0,34.3467078044905,35.86676951122625,48.58667695112263
4572,駐龍,電機機械,2025-09-26,164.5,2025Q2,36.56,47.962601172202056,-69.83,0.0,-25.606666666666666,0.0,23.31910844554655,91.59554222773275,2.126896260300021,100.0,63.7886175035073,100.0,48.53559145138012
2801,彰銀,金融保險業,2025-09-26,19.55,2025Q2,13.21,48.92884468247895,23.81,47.62,10.646666666666667,53.233333333333334,48.73159101675566,100.0,0.7131842384583281,30.45489120833259,6.10200448036051,0.0,48.53552937658108
1714,和桐,化學工業,2025-09-26,7.91,2025Q2,22.6,42.78937381404173,-25.93,0.0,16.816666666666666,84.08333333333333,3.0849596395222445,0.0,3.367395664215452,100.0,49.5712122125991,73.92803053149774,48.488407101220616
3036,文曄,電子通路業,2025-09-26,137.5,2025Q2,15.84,53.35570469798658,43.29,86.58,1.4966666666666661,7.483333333333331,1.8209433123482215,0.0,2.352366826022074,100.0,19.9864857454725,0.0,48.47723713646533
6464,台數科,其他業,2025-09-26,77.5,2025Q2,12.87,61.24137931034483,-25.53,0.0,1.3933333333333333,6.966666666666667,27.979876143197185,100.0,1.9213305565857417,100.0,43.6943206421158,59.235801605289495,48.44105142489676
8099,大世科,資訊服務業,2025-09-26,79.0,2025Q2,0.0,0.0,-13.21,0.0,79.71666666666667,100.0,5.581613951307227,2.9080697565361335,1.5362375511700372,100.0,52.0,80.0,48.43621046348042
2027,大成鋼,鋼鐵工業,2025-09-26,38.3,2025Q2,20.16,51.46627565982405,25.29,50.580000000000005,13.15333333333333,65.76666666666665,12.798915240619968,38.99457620309984,0.7069838456026355,29.569120800376503,42.232296792679,55.5807419816975,48.26604568802576
1733,五鼎,生技醫療業,2025-09-26,35.65,2025Q2,22.01,26.209223847019114,62.5,100.0,-15.636666666666665,0.0,9.306812663223859,21.534063316119294,0.7573391561348949,36.76273659069928,74.5533175049571,100.0,48.20357920025966
3152,璟德,通信網路業,2025-09-26,125.5,2025Q2,0.0,0.0,121.87,100.0,-18.516666666666666,0.0,19.14292983752741,70.71464918763706,0.5879384057527165,12.562629393245214,80.0,100.0,48.1197232567946
4207,環泰,食品工業,2025-09-26,18.7,2025Q2,0.0,0.0,34.43,68.86,-12.853333333333333,0.0,11.761656517319313,33.80828258659657,2.778785725661223,100.0,43.0,57.49999999999999,48.03624238798949
3015,全漢,電子零組件業,2025-09-26,53.3,2025Q2,35.3,0.0,-61.9,0.0,18.026666666666667,90.13333333333333,2.3948879298094727,0.0,2.519296609605009,100.0,64.925372461216,100.0,48.02666666666667
6771,平和環保-創,,2025-09-26,51.5,2025Q2,12.35,67.66666666666666,14.95,29.9,2.1200000000000006,10.600000000000003,28.087838420682942,100.0,0.7560617827249978,36.58025467499969,57.1514590088004,92.878647522001,47.96558235386671
2395,研華,電腦及週邊設備業,2025-09-26,316.5,2025Q2,28.44,13.531669865642982,14.44,28.88,16.56,82.8,17.186238615908664,60.93119307954332,0.6255439646679426,17.93485209542037,64.3090573019312,100.0,47.85981636757987
8936,國統,其他業,2025-09-26,50.5,2025Q2,0.0,0.0,2.55,5.1,16.796666666666667,83.98333333333333,20.934615150804607,79.67307575402303,0.8967037150198599,56.67195928855142,46.0,65.0,47.857019887480405
7713,威力德生醫,生技醫療業,2025-09-26,73.9,2025Q2,0.0,0.0,-0.97,0.0,7.586666666666667,37.93333333333334,21.680023310608064,83.40011655304032,1.4583521084966315,100.0,51.0,77.5,47.84668414962272
2881,富邦金,金融保險業,2025-09-26,86.5,2025Q2,10.92,66.44988523335884,-38.56,0.0,469.96999999999997,100.0,53.1033647242096,100.0,0.7159474227524198,30.849631821774263,6.85756752780805,0.0,47.81491488769073
6201,亞弘電,其他電子業,2025-09-26,57.5,2025Q2,12.23,91.53919694072657,1.01,2.02,2.043333333333333,10.216666666666665,13.129429755507152,40.647148777535755,1.4304867515533142,100.0,67.3087464938127,100.0,47.79932534403635
3413,京鼎,半導體業,2025-09-26,295.0,2025Q2,12.94,100.0,-17.74,0.0,22.576666666666668,100.0,17.41361069621759,62.06805348108795,0.3785033042268475,0.0,53.7983947883514,84.4959869708785,47.759806719251046
1626,艾美特-KY,電器電纜,2025-09-26,11.95,2025Q2,0.0,0.0,950.0,100.0,0.0,0.0,0.6104796242668608,0.0,2.2105311693102174,100.0,30.9397021193749,27.349255298437246,47.73492552984372
9930,中聯資源,綠能環保,2025-09-26,71.1,2025Q2,14.19,69.62616822429908,14.89,29.78,-3.0433333333333334,0.0,12.03804215835763,35.190210791788154,1.6082280178837556,100.0,52.0798706987036,80.19967674675901,47.70611611587403
8499,鼎炫-KY,其他電子業,2025-09-26,242.5,2025Q2,23.73,36.567877629063105,-22.45,0.0,0.0,0.0,23.70669096690385,93.53345483451925,1.391986025756172,100.0,64.1653854357688,100.0,47.686805988084195
5340,建榮,電子零組件業,2025-09-26,43.9,2025Q2,0.0,0.0,2.78,5.56,11.473333333333334,57.366666666666674,11.426417200886652,32.132086004433255,1.6815423601123212,100.0,79.0,100.0,47.68314623399832
2496,卓越,其他業,2025-09-26,67.0,2025Q2,10.36,78.55172413793103,-17.99,0.0,3.6966666666666668,18.483333333333334,13.90318800160216,44.5159400080108,3.3514996426677732,100.0,57.5112615312942,93.77815382823552,47.60704546448495
2379,瑞昱,半導體業,2025-09-26,539.0,2025Q2,16.81,100.0,15.35,30.7,-4.683333333333334,0.0,13.313653264867515,41.56826632433758,1.6252879123023538,100.0,34.6637567506991,36.65939187674775,47.57617913632541
3026,禾伸堂,電子零組件業,2025-09-26,94.0,2025Q2,15.06,78.9622641509434,14.13,28.26,-4.010000000000001,0.0,9.246406061654893,21.232030308274467,1.983898565090154,100.0,57.7100997324329,94.27524933108225,47.573555894443736
6005,群益證,金融保險業,2025-09-26,24.35,2025Q2,12.3,55.89135424636572,-22.5,0.0,12.003333333333336,60.01666666666667,18.197694609969872,65.98847304984936,10.577598630631382,100.0,13.3751437296888,0.0,47.49073971544731
2892,第一金,金融保險業,2025-09-26,29.35,2025Q2,16.13,26.587605202754403,2.11,4.22,8.713333333333333,43.56666666666666,47.71439885827514,100.0,5.561159467012072,100.0,5.46381967924583,0.0,47.427093853608774
6776,展眥篕,電子通路業,2025-09-26,53.0,2025Q2,13.15,69.76815131177547,-3.37,0.0,27.826666666666664,100.0,1.5492976511118264,0.0,2.0793229157125324,100.0,21.7875826659026,4.468956664756503,47.42371079765319
8249,菱光,電子零組件業,2025-09-26,56.9,2025Q2,15.42,77.26415094339623,192.96,100.0,-33.07,0.0,11.230515622004985,31.152578110024926,-0.40809531265830945,0.0,67.5618623240116,100.0,47.39930181084336
6139,亞翔,其他電子業,2025-09-26,349.0,2025Q2,20.92,50.0,-23.51,0.0,28.636666666666667,100.0,8.123715270555735,15.618576352778673,2.286878808134303,100.0,18.2570675559185,0.0,47.3427864529168
1708,東鹼,化學工業,2025-09-26,30.45,2025Q2,9.92,100.0,-41.45,0.0,-4.316666666666666,0.0,17.24646824538238,61.2323412269119,2.334223727468541,100.0,52.5602016214082,81.40050405352049,47.32490158938883
1339,昭輝,汽車工業,2025-09-26,41.1,2025Q2,18.68,50.0,-93.05,0.0,-12.066666666666665,0.0,21.336956162299796,81.68478081149898,17.762824951217976,100.0,77.3795038363686,100.0,47.25271712172485
4163,鐿鈦,生技醫療業,2025-09-26,106.0,2025Q2,0.0,0.0,-34.55,0.0,12.843333333333334,64.21666666666667,13.136267753262407,40.68133876631204,2.151531620036997,100.0,53.0,82.5,47.19553414828014
3031,佰鴻,光電業,2025-09-26,20.15,2025Q2,15.27,75.92772253213678,45.1,90.2,-11.186666666666667,0.0,6.169494952520744,5.847474762603722,0.7160605235520635,30.865789078866218,78.5008895047559,100.0,47.193051283377486
2371,大同,電機機械,2025-09-26,39.3,2025Q2,5.2,100.0,500.0,100.0,6.8933333333333335,34.46666666666667,5.068301571246518,0.34150785623258795,0.038226204872200346,0.0,40.7733262041817,51.93331551045425,47.13789106281365
2610,華航,航運業,2025-09-26,20.65,2025Q2,7.91,94.4132115249473,22.22,44.44,-3.296666666666667,0.0,11.015963312125365,30.079816560626828,2.2269574096774583,100.0,28.2039990782113,20.509997695528252,47.11429340614158
2010,春源,鋼鐵工業,2025-09-26,20.35,2025Q2,9.6,100.0,65.71,100.0,3.296666666666667,16.483333333333334,7.17171669877544,10.858583493877202,-0.1683724909107574,0.0,48.7162581993836,71.790645498459,47.104518740594145
4175,杏一,生技醫療業,2025-09-26,60.1,2025Q2,0.0,0.0,812.5,100.0,2.0533333333333332,10.266666666666666,2.7520576065927274,0.0,5.439655887803934,100.0,20.0,0.0,47.053333333333335
7708,全家餐飲,觀光餐旅,2025-09-26,98.5,2025Q2,0.0,0.0,10.75,21.5,11.963333333333333,59.81666666666666,8.249619155756287,16.248095778781433,2.420369312773653,100.0,49.0,72.5,47.02554770015055
4904,遠傳,通信網路業,2025-09-26,87.1,2025Q2,23.41,50.298126064735946,8.93,17.86,2.0866666666666664,10.433333333333332,16.62270396884932,58.113519844246596,2.466133793016089,100.0,46.8065998542026,67.0164996355065,47.000157213327896
6969,成信實業*-創,,2025-09-26,38.65,2025Q2,0.0,0.0,83.33,100.0,155.61666666666667,100.0,0.7200952192025392,0.0,0.0,0.0,27.9025240100505,19.756310025126247,46.97563100251263
3570,大塚,資訊服務業,2025-09-26,190.0,2025Q2,0.0,0.0,24.19,48.38,19.126666666666665,95.63333333333333,12.575064161502508,37.875320807512544,0.08936557955882911,0.0,65.0,100.0,46.90296478779354
1443,立益物流,其他業,2025-09-26,28.2,2025Q2,37.6,0.0,-93.86,0.0,9.516666666666667,47.583333333333336,37.290985742030216,100.0,2.663315484646487,100.0,29.3947208178326,23.4868020445815,46.865346871124814
8016,矽創,半導體業,2025-09-26,213.5,2025Q2,14.75,100.0,-12.8,0.0,4.283333333333334,21.41666666666667,11.300164531557188,31.500822657785942,1.2968146994765197,100.0,51.3698481863554,78.4246204658885,46.85091877859008
6767,台微醫,生技醫療業,2025-09-26,31.2,2025Q2,0.0,0.0,91.36,100.0,11.799999999999999,59.0,-1.8119714322245968,0.0,0.0,0.0,82.0,100.0,46.8
2838,聯邦銀,金融保險業,2025-09-26,17.9,2025Q2,14.92,35.84544758990054,-5.77,0.0,8.18,40.9,33.49471243993808,100.0,4.180583531686718,100.0,7.78307688944317,0.0,46.764544758990056
3317,尼克森,半導體業,2025-09-26,49.85,2025Q2,0.0,0.0,18.58,37.16,3.276666666666667,16.383333333333333,10.589666065491677,27.948330327458386,2.426670840507122,100.0,82.0,100.0,46.75891621578542
6271,同欣電,半導體業,2025-09-26,116.5,2025Q2,15.6,100.0,-18.96,0.0,-9.206666666666667,0.0,13.974604192558266,44.87302096279133,1.4655613867075272,100.0,73.643461842322,100.0,46.7309531444187
5288,豐祥-KY,電機機械,2025-09-26,109.5,2025Q2,8.08,100.0,-37.63,0.0,0.0,0.0,13.962378108718024,44.811890543590124,1.8522253593143847,100.0,75.0697844949487,100.0,46.72178358153852
6482,弘煜科,文化創意業,2025-09-26,45.7,2025Q2,0.0,0.0,11.65,23.3,-10.886666666666665,0.0,19.455396157513245,72.27698078756623,1.4210143080787854,100.0,72.0,100.0,46.666547118134936
6585,鼎基,其他業,2025-09-26,100.5,2025Q2,14.02,53.310344827586206,-54.56,0.0,-27.386666666666667,0.0,20.05017901945553,75.25089509727765,2.21978664404114,100.0,67.4113744049632,100.0,46.61866874735027
6753,龍德造船,航運業,2025-09-26,141.5,2025Q2,34.94,0.0,-52.76,0.0,14.520000000000001,72.60000000000001,16.261444089792594,56.307220448962966,2.594930571455508,100.0,34.4371872784458,36.0929681961145,46.5753798869559
1537,廣隆,電機機械,2025-09-26,128.0,2025Q2,13.32,100.0,-36.54,0.0,-27.083333333333332,0.0,13.721963243015251,43.60981621507626,2.018440333409138,100.0,63.6013789905108,100.0,46.54147243226144
6690,安硌穈T,數位雲端,2025-09-26,171.5,2025Q2,0.0,0.0,-4.38,0.0,9.709999999999999,48.54999999999999,14.09351874791301,45.46759373956505,3.7689675147487005,100.0,64.0,100.0,46.53013906093476
1707,葡萄王,生技醫療業,2025-09-26,129.0,2025Q2,14.25,69.85376827896513,-18.48,0.0,-1.126666666666667,0.0,17.716870314933537,63.584351574667686,1.7736832403264458,100.0,65.8243756881954,100.0,46.52302956409667
6179,亞通,其他業,2025-09-26,31.55,2025Q2,0.0,0.0,300.0,100.0,39.580000000000005,100.0,2.3540475616940433,0.0,-5.78607414091285,0.0,26.0,15.0,46.5
5878,台名,金融保險業,2025-09-26,41.4,2025Q2,0.0,0.0,42.24,84.48,-0.21333333333333412,0.0,6.032067901024549,5.160339505122744,1.0094449007198416,72.77784295997738,68.0,100.0,46.44961951776389
4173,久裕,生技醫療業,2025-09-26,25.2,2025Q2,0.0,0.0,39.29,78.58,23.5,100.0,9.402159701960095,22.010798509800473,-24.43693956780156,0.0,34.0,35.0,46.446619776470065
1533,車王電,汽車工業,2025-09-26,31.05,2025Q2,0.0,0.0,50.81,100.0,94.3,100.0,0.9897245599152011,0.0,0.0,0.0,25.7087078345671,14.27176958641775,46.42717695864177
5490,同亨,電腦及週邊設備業,2025-09-26,31.45,2025Q2,0.0,0.0,561.54,100.0,3.72,18.6,15.271345336258216,51.35672668129108,-1.7980719938983982,0.0,75.0,100.0,46.42350900219366
1342,八貫,其他業,2025-09-26,85.2,2025Q2,15.32,44.344827586206904,-20.54,0.0,1.2733333333333328,6.366666666666664,19.269795588283817,71.34897794141908,1.2870175905423513,100.0,67.5000916719807,100.0,46.41016278316688
4933,友輝,光電業,2025-09-26,59.1,2025Q2,0.0,0.0,-63.8,0.0,4.966666666666666,24.83333333333333,20.228645596048523,76.14322798024261,1.8990458129383323,100.0,69.0,100.0,46.38815086370306
2941,米斯特,居家生活,2025-09-26,63.2,2025Q2,0.0,0.0,-24.18,0.0,17.976666666666663,89.88333333333331,5.52249728504953,2.612486425247651,3.869189342403628,100.0,52.0,80.0,46.36853963045381
6221,晉泰,資訊服務業,2025-09-26,46.8,2025Q2,0.0,0.0,12.24,24.48,8.786666666666667,43.93333333333334,9.90876262951142,24.5438131475571,3.2663862362415848,100.0,51.0,77.5,46.338238638800235
5601,台聯櫃,航運業,2025-09-26,37.6,2025Q2,0.0,0.0,0.0,0.0,1.32,6.6000000000000005,35.69818843720204,100.0,1.426783114992722,100.0,73.0,100.0,46.32
2731,雄獅,觀光餐旅,2025-09-26,156.5,2025Q2,13.4,81.1231046003598,28.16,56.32,-4.576666666666667,0.0,6.114499926034329,5.572499630171643,2.1418703379766235,100.0,33.0690631299393,32.67265782484826,46.29545118704655
4735,豪展,生技醫療業,2025-09-26,34.1,2025Q2,0.0,0.0,70.21,100.0,1.7533333333333332,8.766666666666666,6.696175762723862,8.480878813619311,0.7891899088064968,41.31284411521383,71.0,100.0,46.288033978418994
2472,立隆電,電子零組件業,2025-09-26,85.7,2025Q2,13.04,88.49056603773585,-13.43,0.0,-0.47333333333333333,0.0,19.912568274819872,74.56284137409936,1.9579581215455724,100.0,44.9564203729612,62.39105093240299,46.27258790312879
4557,永新-KY,汽車工業,2025-09-26,78.1,2025Q2,8.34,100.0,2.97,5.94,0.0,0.0,14.28636762035788,46.4318381017894,2.160437299160803,100.0,51.2222158430971,78.05553960774276,46.255329676042685
5284,jpp-KY,其他業,2025-09-26,270.5,2025Q2,41.74,0.0,547.57,100.0,0.0,0.0,23.379752511847194,91.89876255923596,0.26580570465370684,0.0,49.5855207914074,73.96380197851849,46.18119458173724
2609,陽明,航運業,2025-09-26,53.3,2025Q2,3.75,100.0,-62.31,0.0,-39.60333333333333,0.0,13.21028459991975,41.05142299959875,1.4598528140445297,100.0,66.9308188004391,100.0,46.15771344993981
2511,太子,建材營造業,2025-09-26,9.14,2025Q2,30.47,0.0,366.67,100.0,5.080000000000001,25.400000000000006,6.567712238471218,7.8385611923560905,0.7204445718570137,31.492081693859102,54.1524128665301,85.38103216632524,46.092303734257754
6791,虎門科技,資訊服務業,2025-09-26,120.0,2025Q2,0.0,0.0,-8.37,0.0,12.156666666666666,60.78333333333333,12.698973209275334,38.49486604637667,1.1332118051549485,90.45882930784978,60.0,100.0,46.022662435193126
3042,晶技,電子零組件業,2025-09-26,89.3,2025Q2,15.92,74.90566037735849,-27.65,0.0,-1.5833333333333333,0.0,16.304111899758,56.52055949878999,1.899865456527496,100.0,62.8790477452797,100.0,45.96864996255435
2640,大車隊,數位雲端,2025-09-26,128.5,2025Q2,0.0,0.0,10.15,20.3,3.776666666666667,18.883333333333336,20.385991737092617,76.92995868546308,1.1499129339697445,92.84470485282064,48.0,70.0,45.96010144005025
8163,達方,電腦及週邊設備業,2025-09-26,36.5,2025Q2,23.86,35.50863723608446,-62.28,0.0,23.576666666666668,100.0,1.2847052060735775,0.0,1.983104400172947,100.0,29.6356982723082,24.089245680770503,45.95978829168549
9917,中保科,其他業,2025-09-26,111.5,2025Q2,17.18,31.517241379310356,2.52,5.04,7.84,39.2,16.785944133664046,58.92972066832023,1.2634424228332268,100.0,39.4430115930702,48.607528982675504,45.951935136446615
3024,憶聲,光電業,2025-09-26,13.25,2025Q2,16.99,67.58428328886733,61.11,100.0,-4.143333333333333,0.0,10.544420124261954,27.72210062130977,0.373163890460842,0.0,67.6784896412941,100.0,45.9167434220832
2465,麗臺,電腦及週邊設備業,2025-09-26,54.0,2025Q2,0.0,0.0,120.08,100.0,-21.22,0.0,2.332190121778373,0.0,3.5432129972194772,100.0,23.5683471035637,8.920867758909248,45.892086775890924
8032,光菱,電子通路業,2025-09-26,43.5,2025Q2,0.0,0.0,-50.54,0.0,15.57,77.85,5.356653360023404,1.7832668001170182,7.362926136363637,100.0,62.0,100.0,45.837490020017555
3430,奇鈦科,化學工業,2025-09-26,70.0,2025Q2,0.0,0.0,-56.63,0.0,10.906666666666666,54.53333333333333,11.561602141086023,32.80801070543012,1.5943970169757629,100.0,69.0,100.0,45.82786827248118
3234,光環,通信網路業,2025-09-26,33.9,2025Q2,0.0,0.0,63.28,100.0,10.826666666666666,54.13333333333333,-12.24511945677432,0.0,0.0,0.0,70.0,100.0,45.82666666666667
2380,虹光,電腦及週邊設備業,2025-09-26,5.14,2025Q2,0.0,0.0,404.17,100.0,45.42666666666667,100.0,5.403320365843347,2.016601829216733,0.5005484159338605,0.07834513340863683,22.022016587475,5.055041468687502,45.82366344793299
6231,系微,資訊服務業,2025-09-26,250.5,2025Q2,0.0,0.0,-19.88,0.0,5.88,29.4,20.250281329229768,76.25140664614885,1.833120398613795,100.0,54.0,85.0,45.81771099692233
2393,億光,光電業,2025-09-26,62.7,2025Q2,12.13,91.1593499878729,-41.76,0.0,-9.729999999999999,0.0,13.932899158760764,44.664495793803816,1.6169874443790622,100.0,61.2032798730651,100.0,45.81560936785786
2476,鉅祥,電子零組件業,2025-09-26,102.0,2025Q2,27.49,20.330188679245275,-56.86,0.0,5.666666666666667,28.333333333333332,15.815627017996517,54.07813508998258,1.6402936483702688,100.0,63.3132810421616,100.0,45.81140579808858
6768,志強-KY,運動休閒,2025-09-26,104.0,2025Q2,12.26,61.925287356321846,10.95,21.9,0.0,0.0,10.51911461464505,27.59557307322525,1.5860364242700782,100.0,64.5519734266686,100.0,45.806864696615975
1726,永記,化學工業,2025-09-26,75.3,2025Q2,14.0,83.58633776091081,3.76,7.519999999999999,0.6066666666666669,3.0333333333333345,11.590495576734883,32.95247788367441,1.8177642614161873,100.0,81.8009000320839,100.0,45.788172125308904
2834,臺企銀,金融保險業,2025-09-26,15.55,2025Q2,12.44,54.82019892884469,3.13,6.260000000000001,3.7266666666666666,18.633333333333333,44.61397217042031,100.0,7.219603631699874,100.0,5.66135840115792,0.0,45.77368655955114
6026,福邦證,金融保險業,2025-09-26,11.25,2025Q2,0.0,0.0,-96.0,0.0,144.85666666666668,100.0,5.027430996205898,0.1371549810294903,13.659155844155844,100.0,43.0,57.49999999999999,45.770573247154424
1720,生達,生技醫療業,2025-09-26,56.3,2025Q2,12.54,79.47131608548932,-16.41,0.0,-1.4066666666666665,0.0,19.089150388313094,70.44575194156548,1.870745810413202,100.0,49.0203068474033,72.55076711850825,45.769071111634574
2488,漢平,其他電子業,2025-09-26,43.85,2025Q2,8.75,100.0,-10.38,0.0,-17.366666666666667,0.0,12.689911474154474,38.44955737077237,1.8494532999604796,100.0,66.4622505308081,100.0,45.76743360561586
2516,新建,建材營造業,2025-09-26,14.65,2025Q2,13.2,36.108714408973256,58.33,100.0,8.246666666666666,41.233333333333334,1.2113646987298194,0.0,0.7623722166138708,37.481745230552974,25.6314819210369,14.07870480259225,45.76175763393382
4439,冠星-KY,紡織纖維,2025-09-26,95.0,2025Q2,33.1,0.0,40.28,80.56,0.0,0.0,6.121836661424567,5.609183307122834,1.1025265640319033,86.07522343312904,50.1732729532217,75.43318238305424,45.73974042099966
1535,中宇,電機機械,2025-09-26,54.9,2025Q2,13.79,100.0,-3.61,0.0,26.310000000000002,100.0,3.900060168395688,0.0,0.8084988771808602,44.071268168694324,47.6280975871246,69.07024396781149,45.72127803052001
3705,永信,生技醫療業,2025-09-26,57.4,2025Q2,15.51,62.767154105736786,-30.53,0.0,-2.193333333333334,0.0,17.535116625644516,62.67558312822258,1.5973297411994707,100.0,60.4473040810832,100.0,45.67805287980706
3051,力特,光電業,2025-09-26,22.25,2025Q2,15.89,72.92020373514431,-68.82,0.0,-7.603333333333333,0.0,16.684533533297127,58.42266766648564,5.223330522592189,100.0,58.1920888361186,95.4802220902965,45.603442732516925
1503,士電,電機機械,2025-09-26,179.5,2025Q2,28.77,69.70415852637456,11.57,23.14,12.463333333333333,62.31666666666666,14.778842767932588,48.89421383966294,0.6047953431761255,14.970763310875071,61.1298963197653,100.0,45.547033924095246
3665,貿聯-KY,其他電子業,2025-09-26,984.0,2025Q2,29.3,9.94263862332696,97.6,100.0,0.0,0.0,15.813901888699903,54.069509443499506,0.5643230157034431,9.189002243349018,58.3226000999203,95.80650024980075,45.523140752507494
6863,永道-KY,通信網路業,2025-09-26,137.0,2025Q2,17.43,75.76660988074958,-62.54,0.0,0.0,0.0,15.517471486916332,52.58735743458166,2.5640629093999836,100.0,66.0212738006179,100.0,45.46476460326221
4205,中華食,食品工業,2025-09-26,88.5,2025Q2,0.0,0.0,14.77,29.54,2.066666666666667,10.333333333333334,24.048960239864954,95.24480119932477,0.9054827797810134,57.92611139728764,80.0,100.0,45.32360912602291
9945,潤泰新,其他業,2025-09-26,29.5,2025Q2,8.1,94.13793103448276,-57.11,0.0,21.64,100.0,17.372162360659694,61.86081180329847,0.10301231551937125,0.0,46.4005843662034,66.00146091550849,45.29306096549389
5228,鈺鎧,電子零組件業,2025-09-26,19.35,2025Q2,0.0,0.0,69.23,100.0,14.25,71.25,-5.914219459438392,0.0,0.0,0.0,44.0,60.0,45.25
2736,富野,觀光餐旅,2025-09-26,15.5,2025Q2,0.0,0.0,31.36,62.72,34.38333333333333,100.0,-18.84880177570445,0.0,0.0,0.0,58.0,95.0,45.18
8478,東哥遊艇,運動休閒,2025-09-26,222.0,2025Q2,56.06,0.0,-56.5,0.0,344.07,100.0,18.690929781867517,68.45464890933759,0.7231401672488361,31.877166749833734,53.9970749476426,84.9926873691065,45.14289942327804
2317,鴻海,其他電子業,2025-09-26,219.5,2025Q2,16.74,69.980879541109,51.21,100.0,9.313333333333333,46.56666666666666,2.998914147187674,0.0,0.2529887376936269,0.0,35.2840813502972,38.210203375743,45.13244162501853
4126,太醫,生技醫療業,2025-09-26,88.7,2025Q2,0.0,0.0,-20.98,0.0,2.606666666666666,13.03333333333333,21.656277370703467,83.28138685351733,1.440805478518951,100.0,68.0,100.0,45.09887469469427
2321,東訊,通信網路業,2025-09-26,17.1,2025Q2,0.0,0.0,62.14,100.0,49.78666666666667,100.0,-0.22619243631927144,0.0,0.0,0.0,15.6415007020819,0.0,45.0
3709,鑫聯大投控,電腦及週邊設備業,2025-09-26,42.25,2025Q2,0.0,0.0,241.54,100.0,48.46,100.0,2.0904942901811308,0.0,-17.665171839034844,0.0,20.0,0.0,45.0
4162,智擎,生技醫療業,2025-09-26,66.2,2025Q2,0.0,0.0,-50.0,0.0,-8.933333333333334,0.0,48.60569176586346,100.0,12.870370061954567,100.0,81.0,100.0,45.0
4107,邦特,生技醫療業,2025-09-26,116.5,2025Q2,0.0,0.0,-1.39,0.0,-6.366666666666667,0.0,30.650225925149186,100.0,1.3782413836381229,100.0,69.0,100.0,45.0
3710,連展投控,電子零組件業,2025-09-26,9.03,2025Q2,0.0,0.0,120.93,100.0,-9.676666666666668,0.0,-0.6970374618229986,0.0,12.871116268623194,100.0,20.0,0.0,45.0
4583,台灣精銳,電機機械,2025-09-26,671.0,2025Q2,59.49,0.0,-35.0,0.0,-11.62,0.0,32.85343569997901,100.0,1.3786450442362008,100.0,88.8878393437286,100.0,45.0
8101,華冠,通信網路業,2025-09-26,17.6,2025Q2,0.0,0.0,72.8,100.0,637.98,100.0,-31.06917486941728,0.0,0.0,0.0,19.9359984627806,0.0,45.0
5321,美而快,數位雲端,2025-09-26,42.05,2025Q2,0.0,0.0,111.11,100.0,-19.993333333333336,0.0,4.917675807575296,0.0,22.591655266757865,100.0,16.0,0.0,45.0
6720,久昌,半導體業,2025-09-26,133.5,2025Q2,0.0,0.0,-35.15,0.0,-26.95,0.0,36.52041721541149,100.0,1.7948694788185349,100.0,76.0,100.0,45.0
6642,富致,電子零組件業,2025-09-26,56.8,2025Q2,0.0,0.0,-43.23,0.0,-5.420000000000001,0.0,25.157286662091057,100.0,1.2795983345579232,100.0,72.0,100.0,45.0
1817,凱撒衛,玻璃陶瓷,2025-09-26,39.4,2025Q2,10.23,100.0,-24.88,0.0,-8.02,0.0,11.637209634498884,33.186048172494424,2.7433400402414487,100.0,70.7947530056544,100.0,44.97790722587416
6683,雍智科技,半導體業,2025-09-26,378.0,2025Q2,0.0,0.0,-40.41,0.0,31.47666666666667,100.0,24.920600487243593,99.60300243621796,0.3852233753342667,0.0,75.0,100.0,44.940450365432696
1568,倉佑,汽車工業,2025-09-26,23.1,2025Q2,21.19,36.563169164882225,-48.08,0.0,2.12,10.600000000000001,17.13735877854153,60.68679389270765,2.9564391223289834,100.0,80.2076401617954,100.0,44.879336000394375
6279,胡連,電子零組件業,2025-09-26,126.5,2025Q2,0.0,0.0,-36.08,0.0,6.326666666666667,31.633333333333336,17.372662183564543,61.86331091782271,1.4870376763399724,100.0,57.0,92.5,44.85616330434007
5287,數字,數位雲端,2025-09-26,179.0,2025Q2,0.0,0.0,3.64,7.28,2.07,10.35,38.69209762123287,100.0,1.0927004984986426,84.67149978552038,56.0,90.0,44.824299957104074
3711,日月光投控,半導體業,2025-09-26,165.5,2025Q2,21.11,90.06246450880182,11.9,23.8,4.03,20.150000000000002,6.645749330841917,8.228746654209584,3.7690538018183584,100.0,38.3925586116058,45.9813965290145,44.81869810191307
6116,彩晶,光電業,2025-09-26,8.21,2025Q2,0.0,0.0,29.63,59.260000000000005,36.983333333333334,100.0,-24.296708736006657,0.0,0.0,0.0,75.9641762627394,100.0,44.815
2547,日勝生,建材營造業,2025-09-26,11.05,2025Q2,3.95,100.0,1490.0,100.0,-15.413333333333334,0.0,17.18966162660113,60.948308133005646,-0.4643475712831851,0.0,22.5172383005059,6.2930957512647465,44.771555795077326
3218,大學光,生技醫療業,2025-09-26,159.5,2025Q2,0.0,0.0,-30.42,0.0,-6.419999999999999,0.0,33.863208962595586,100.0,2.0374744542842755,100.0,59.0,97.5,44.75
6532,瑞耘,半導體業,2025-09-26,59.0,2025Q2,0.0,0.0,-23.35,0.0,-13.116666666666665,0.0,24.63147068906411,98.15735344532055,1.9203852794940606,100.0,79.0,100.0,44.72360301679808
3617,碩天,其他電子業,2025-09-26,207.0,2025Q2,12.19,91.73040152963672,-62.56,0.0,-8.24,0.0,15.657532879859584,53.28766439929792,1.1466683949457097,92.38119927795853,56.2835902410719,90.70897560267974,44.71332722871804
2884,玉山金,金融保險業,2025-09-26,32.9,2025Q2,17.41,16.79418515684774,31.65,63.3,12.14,60.699999999999996,47.36866919588807,100.0,0.17705405561407125,0.0,5.95823461447888,0.0,44.64441851568478
1451,年興,紡織纖維,2025-09-26,17.8,2025Q2,10.79,96.34510193933366,91.49,100.0,-1.959999999999999,0.0,1.1661801987244724,0.0,-1.8468978982685682,0.0,86.3376524272141,100.0,44.634510193933366
2493,揚博,電子零組件業,2025-09-26,107.0,2025Q2,21.44,48.867924528301884,-34.97,0.0,-2.1866666666666665,0.0,19.329255486430693,71.64627743215345,1.1634258324481392,94.77511892116276,59.4203938497624,98.55098462440598,44.443856314326354
1476,儒鴻,紡織纖維,2025-09-26,442.0,2025Q2,21.05,45.32570860268523,-27.8,0.0,-5.266666666666667,0.0,18.208033553390052,66.04016776695026,1.6406970350446861,100.0,71.145315933667,100.0,44.43859602531106
3416,融程電,電腦及週邊設備業,2025-09-26,176.5,2025Q2,26.42,23.224568138195778,-10.85,0.0,36.67666666666667,100.0,20.634334638457634,78.17167319228817,0.5124041869282123,1.7720267040303321,64.1658777796716,100.0,44.40261313346887
6161,捷波,電腦及週邊設備業,2025-09-26,55.2,2025Q2,0.0,0.0,-22.3,0.0,16.263333333333332,81.31666666666666,12.230809806664679,36.154049033323396,0.9433482741093295,63.335467729904224,70.0,100.0,44.35353423431268
2316,楠梓電,電子零組件業,2025-09-26,96.0,2025Q2,12.09,92.97169811320755,186.22,100.0,-1.58,0.0,-16.766679226477702,0.0,0.3091195190808822,0.0,64.5566589323175,100.0,44.29716981132076
4305,世坤,塑膠工業,2025-09-26,40.8,2025Q2,0.0,0.0,-45.16,0.0,-6.419999999999999,0.0,24.05488577003875,95.27442885019376,1.3228703647323876,100.0,75.0,100.0,44.29116432752906
5533,皇鼎,建材營造業,2025-09-26,14.85,2025Q2,9.4,68.89559965487489,38.46,76.92,-27.36,0.0,15.875212225283278,54.37606112641639,-1.297138873615584,0.0,79.8747555149827,100.0,44.27596913444995
2376,技嘉,電腦及週邊設備業,2025-09-26,293.0,2025Q2,17.9,64.10748560460652,17.35,34.7,17.76,88.80000000000001,5.67406387881981,3.3703193940990506,0.7634218859375679,37.631697991081126,33.5699202302454,33.9248005756135,44.27011612535309
6923,中台,綠能環保,2025-09-26,112.5,2025Q2,32.05,0.0,-47.27,0.0,-32.43,0.0,31.05980544060593,100.0,1.6373251642549076,100.0,57.0798314298736,92.69957857468401,44.2699578574684
3580,友威科,其他電子業,2025-09-26,62.8,2025Q2,0.0,0.0,-39.62,0.0,-28.246666666666666,0.0,28.007394367923744,100.0,1.8091454430646179,100.0,57.0,92.5,44.25
1294,漢田生技,食品工業,2025-09-26,81.8,2025Q2,0.0,0.0,-20.34,0.0,-8.483333333333333,0.0,23.975055669633907,94.87527834816953,1.2488515089405612,100.0,66.0,100.0,44.23129175222543
1789,神隆,生技醫療業,2025-09-26,18.9,2025Q2,72.69,0.0,-62.96,0.0,11.64,58.20000000000001,8.403108754810354,17.01554377405177,2.8265481651376145,100.0,85.83868031687,100.0,44.19233156610777
2478,大毅,電子零組件業,2025-09-26,53.3,2025Q2,18.7,61.79245283018868,-17.68,0.0,3.3533333333333335,16.76666666666667,11.094406168764442,30.472030843822207,2.571059311179936,100.0,68.1288634499154,100.0,44.10338324292553
5007,三星,鋼鐵工業,2025-09-26,51.7,2025Q2,18.14,61.339198435972634,-36.27,0.0,-19.183333333333334,0.0,15.625013884401802,53.125069422009005,1.2487614957430895,100.0,82.37146326644,100.0,44.102680256898616
2751,王座,觀光餐旅,2025-09-26,74.7,2025Q2,0.0,0.0,-2.54,0.0,40.02,100.0,5.079554156385604,0.3977707819280196,3.1725093233883856,100.0,36.0,40.0,44.059665617289205
5493,三聯,其他電子業,2025-09-26,78.6,2025Q2,0.0,0.0,-55.67,0.0,20.53,100.0,6.734209937836025,8.671049689180125,1.986063138988671,100.0,31.0,27.500000000000004,44.05065745337702
9943,好樂迪,觀光餐旅,2025-09-26,66.0,2025Q2,18.8,53.366743767668964,-57.14,0.0,-12.99,0.0,16.616367066426633,58.08183533213317,1.5434476395509764,100.0,63.1112499982649,100.0,44.04894967658687
2481,強茂,半導體業,2025-09-26,69.7,2025Q2,27.02,73.28222600795003,14.05,28.1,-1.5933333333333335,0.0,8.855659047925139,19.27829523962569,1.5530561653167814,100.0,47.1600307891621,67.90007697290525,44.03497458402938
1203,味王,食品工業,2025-09-26,39.25,2025Q2,21.1,45.80246913580246,-43.86,0.0,-9.680000000000001,0.0,17.874221698663924,64.37110849331961,4.25532248783805,100.0,58.7516494211756,96.87912355293899,43.92382554287209
4166,友霖,生技醫療業,2025-09-26,25.5,2025Q2,0.0,0.0,-27.91,0.0,5.306666666666667,26.53333333333333,16.486159191094067,57.43079595547034,2.815617564352152,100.0,73.0,100.0,43.92128605998722
4961,天鈺,半導體業,2025-09-26,170.5,2025Q2,12.31,100.0,-27.23,0.0,-16.326666666666664,0.0,10.09520061674037,25.476003083701848,2.3569808257121707,100.0,63.1911975146225,100.0,43.821400462555275
2006,東和鋼鐵,鋼鐵工業,2025-09-26,60.0,2025Q2,9.92,100.0,-2.59,0.0,-8.456666666666667,0.0,10.366956968009365,26.834784840046826,1.3473853416017907,100.0,58.9139590368751,97.28489759218775,43.7537074852258
3022,威強電,電腦及週邊設備業,2025-09-26,65.6,2025Q2,13.07,87.28406909788868,-90.49,0.0,-16.046666666666667,0.0,11.629155655200773,33.14577827600386,3.4113910375523964,100.0,67.2181138703539,100.0,43.70027365118944
8472,夠麻吉,數位雲端,2025-09-26,73.2,2025Q2,0.0,0.0,44.31,88.62,54.50333333333333,100.0,-10.856343257734244,0.0,0.0,0.0,26.0,15.0,43.655
6146,耕興,其他電子業,2025-09-26,177.5,2025Q2,0.0,0.0,-19.07,0.0,-2.0566666666666666,0.0,31.997106221668265,100.0,1.1528806501981823,93.26866431402605,70.0,100.0,43.653732862805214
2618,長榮航,航運業,2025-09-26,38.05,2025Q2,7.06,100.0,1.3,2.6,-6.493333333333333,0.0,17.022688475443466,60.11344237721733,1.8455797871556585,100.0,35.8056442207098,39.51411055177451,43.61842741176005
2459,敦吉,其他電子業,2025-09-26,63.4,2025Q2,12.29,91.25239005736138,-5.48,0.0,-12.733333333333334,0.0,11.267318620066478,31.336593100332387,1.2427320790991485,100.0,59.0338557023402,97.58463925585049,43.584191896371046
3501,維熹,電子零組件業,2025-09-26,51.2,2025Q2,10.32,100.0,-36.83,0.0,-15.256666666666666,0.0,9.714121815490005,23.570609077450026,2.9746739537576192,100.0,69.7393581229596,100.0,43.535591361617506
3491,昇達科,通信網路業,2025-09-26,448.0,2025Q2,0.0,0.0,-18.86,0.0,-32.55,0.0,22.96036987644913,89.80184938224565,2.0140901677267395,100.0,61.0,100.0,43.470277407336845
6235,華孚,電腦及週邊設備業,2025-09-26,63.2,2025Q2,23.94,35.12476007677543,-19.14,0.0,9.583333333333334,47.91666666666667,10.980359727103577,29.901798635517885,1.168892373232353,95.55605331890759,47.0941452281668,67.73536307041701,43.465826107161774
2248,華勝-KY,汽車工業,2025-09-26,43.15,2025Q2,8.66,100.0,-31.17,0.0,0.0,0.0,11.862847096655743,34.314235483278715,1.2056906180580065,100.0,53.0763414719259,82.69085367981475,43.41622069047328
2885,元大金,金融保險業,2025-09-26,34.45,2025Q2,12.95,50.918133129303754,-7.58,0.0,3.31,16.55,38.202114701467856,100.0,5.858884061438753,100.0,7.95682939572953,0.0,43.40181331293038
6417,韋僑,通信網路業,2025-09-26,109.0,2025Q2,0.0,0.0,-0.52,0.0,5.07,25.35,17.08659088571135,60.43295442855674,1.3401888356783112,100.0,57.0,92.5,43.38494316428351
1307,三芳,塑膠工業,2025-09-26,29.95,2025Q2,10.36,76.47267565649398,-46.37,0.0,-7.29,0.0,14.920017751839424,49.60008875919712,1.4117868969275265,100.0,53.1803539259,82.95088481475,43.38236936100397
1256,鮮活果汁-KY,食品工業,2025-09-26,168.0,2025Q2,19.0,56.17283950617284,6.65,13.3,0.0,0.0,10.832552914093787,29.162764570468937,2.1240149428735036,100.0,71.4674533579633,100.0,43.316698636187624
4763,材料*-KY,化學工業,2025-09-26,61.9,2025Q2,7.45,100.0,-3.08,0.0,0.0,0.0,53.240674072785545,100.0,0.7896408945940163,41.37727065628805,77.9896337977548,100.0,43.27545413125761
1786,科妍,生技醫療業,2025-09-26,98.2,2025Q2,43.26,0.0,-67.61,0.0,-1.1766666666666667,0.0,22.607062940104683,88.03531470052341,2.978129362494183,100.0,78.3742693363254,100.0,43.20529720507851
1777,生泰,生技醫療業,2025-09-26,74.4,2025Q2,0.0,0.0,-50.36,0.0,-6.38,0.0,22.571535615604365,87.85767807802183,2.4962105627855613,100.0,82.0,100.0,43.178651711703274
1477,聚陽,紡織纖維,2025-09-26,289.0,2025Q2,17.72,61.88463451019393,-4.61,0.0,-4.95,0.0,14.31787972911079,46.589398645553956,1.2189722913743857,100.0,61.1686400440314,100.0,43.17687324785249
8446,華研,文化創意業,2025-09-26,98.1,2025Q2,0.0,0.0,5.52,11.04,-36.653333333333336,0.0,42.730309913659624,100.0,1.0360416254548288,76.57737506497556,70.0,100.0,43.07547501299511
3090,日電貿,電子零組件業,2025-09-26,74.2,2025Q2,16.86,70.47169811320755,-3.04,0.0,26.396666666666665,100.0,10.137904542887524,25.68952271443762,0.6273370464509306,18.191006635847227,54.1095984368228,85.273996092057,43.06619915486155
9931,欣高,油電燃氣業,2025-09-26,34.0,2025Q2,13.82,79.68710251844314,-27.4,0.0,1.1566666666666674,5.783333333333337,14.992633351374105,49.96316675687053,3.103986285103137,100.0,45.6635061717299,64.15876542932475,43.035728474974036
6670,復盛應用,運動休閒,2025-09-26,260.5,2025Q2,9.93,78.66379310344827,-11.93,0.0,-10.913333333333334,0.0,15.507624393141597,52.53812196570799,2.228340827030705,100.0,49.0110143949119,72.52753598727976,42.999851203929
2832,台產,金融保險業,2025-09-26,36.45,2025Q2,12.79,52.14231063504209,-18.75,0.0,-0.009999999999999787,0.0,20.087088330998863,75.43544165499432,1.399210180370534,100.0,45.8045639185812,64.511409796453,42.98068829139866
9918,欣天然,油電燃氣業,2025-09-26,39.45,2025Q2,27.4,10.595268379547207,-49.07,0.0,2.0866666666666664,10.433333333333332,20.645018908187023,78.22509454093512,3.2881070420992082,100.0,52.3977745788429,80.99443644710725,42.97940133047238
2752,豆府,觀光餐旅,2025-09-26,204.0,2025Q2,0.0,0.0,-10.69,0.0,8.686666666666667,43.43333333333334,12.363214832978917,36.81607416489459,1.7675010258514567,100.0,55.0,87.5,42.95907779140086
8091,翔名,半導體業,2025-09-26,110.0,2025Q2,0.0,0.0,-52.68,0.0,4.1466666666666665,20.73333333333333,16.70011427253168,58.50057136265839,2.1122998859300632,100.0,72.0,100.0,42.92175237106542
2816,旺旺保,金融保險業,2025-09-26,26.65,2025Q2,7.98,88.9441469013007,-67.73,0.0,9.966666666666667,49.833333333333336,7.0702822250137025,10.351411125068513,8.951255302686695,100.0,29.9194905085343,24.798726271335745,42.89366565269059
3540,曜越,電腦及週邊設備業,2025-09-26,34.25,2025Q2,0.0,0.0,-81.82,0.0,48.593333333333334,100.0,5.1913791861970875,0.9568959309854375,172.9283950617284,100.0,31.0,27.500000000000004,42.89353438964782
2504,國產,建材營造業,2025-09-26,36.1,2025Q2,11.57,50.17256255392579,-33.05,0.0,2.4033333333333333,12.016666666666667,21.61225454416724,83.0612727208362,0.9983979340651081,71.19970486644402,54.7863807088124,86.965951772031,42.81631664734325
2812,台中銀,金融保險業,2025-09-26,22.65,2025Q2,15.2,33.70313695485847,-2.56,0.0,4.42,22.1,52.712044382226374,100.0,2.102363742224158,100.0,8.41601281852818,0.0,42.79031369548585
3529,力旺,半導體業,2025-09-26,2035.0,2025Q2,0.0,0.0,-4.86,0.0,-2.1133333333333333,0.0,57.79667353615735,100.0,1.361515189143334,100.0,51.0,77.5,42.75
6811,宏硌穈T,數位雲端,2025-09-26,238.0,2025Q2,0.0,0.0,7.98,15.960000000000003,13.163333333333332,65.81666666666666,8.090085048230314,15.450425241151573,1.4666259685372154,100.0,33.0,32.5,42.72089711950607
9908,大台北,油電燃氣業,2025-09-26,30.05,2025Q2,19.64,50.07631645891632,-20.0,0.0,2.813333333333334,14.066666666666668,17.49789924417487,62.48949622087435,1.0430342373506885,77.57631962152692,63.6375596674451,100.0,42.7096533366615
3071,協禧,電腦及週邊設備業,2025-09-26,22.8,2025Q2,0.0,0.0,37.14,74.28,-13.813333333333333,0.0,4.510962719611484,0.0,3.595986546663911,100.0,36.0,40.0,42.57
6112,邁達特,資訊服務業,2025-09-26,50.3,2025Q2,5030.0,0.0,-57.84,0.0,32.47,100.0,1.5009403009246252,0.0,2.1180891499654457,100.0,30.2563890849705,25.64097271242625,42.56409727124262
1522,堤維西,汽車工業,2025-09-26,41.9,2025Q2,32.99,0.0,-97.27,0.0,18.24,91.19999999999999,6.767080752066276,8.83540376033138,9.356467048897997,100.0,31.9065871520672,29.766467880168,42.541957352066504
3526,凡甲,電子零組件業,2025-09-26,247.5,2025Q2,0.0,0.0,11.5,23.0,11.086666666666666,55.43333333333334,34.09665770896687,100.0,0.5850970347380623,12.156719248294614,53.0,82.5,42.51801051632559
6167,久正,光電業,2025-09-26,12.4,2025Q2,0.0,0.0,25.0,50.0,56.14666666666667,100.0,-10.457319500552135,0.0,0.0,0.0,83.0,100.0,42.5
4119,旭富,生技醫療業,2025-09-26,60.2,2025Q2,14.9,66.19797525309336,-48.31,0.0,-42.35666666666666,0.0,12.805323822603015,39.02661911301507,3.486353631694791,100.0,76.7368627549379,100.0,42.4737903922616
6205,詮欣,電子零組件業,2025-09-26,41.55,2025Q2,21.2,50.0,-45.0,0.0,-11.72,0.0,14.932663701513954,49.66331850756977,1.8992422038430101,100.0,64.1756434966966,100.0,42.449497776135466
5398,慕康生醫,其他業,2025-09-26,20.1,2025Q2,0.0,0.0,0.0,0.0,12.413333333333334,62.06666666666667,2.494402018206886,0.0,1.5801606706252183,100.0,86.0,100.0,42.413333333333334
6239,力成,半導體業,2025-09-26,140.0,2025Q2,19.31,95.17319704713232,-39.62,0.0,2.183333333333333,10.916666666666666,10.082794395487484,25.41397197743742,4.632077221639822,100.0,47.5966970219379,68.99174255484475,42.41192309014665
3094,聯傑,半導體業,2025-09-26,26.4,2025Q2,220.0,0.0,-83.33,0.0,11.47,57.35,6.206581816337914,6.032909081689568,4.883597883597884,100.0,89.7438785394094,100.0,42.374936362253436
2471,資通,資訊服務業,2025-09-26,49.2,2025Q2,18.85,66.03563474387528,-64.86,0.0,4.396666666666667,21.983333333333338,9.745953057980895,23.729765289904474,1.8916934619506967,100.0,51.0913813875736,77.728453468934,42.33254028143327
2608,嘉里大榮,航運業,2025-09-26,34.25,2025Q2,16.08,36.99929725931133,-10.62,0.0,6.453333333333333,32.266666666666666,11.59968059116587,32.99840295582935,2.0176134141055324,100.0,48.7696312271429,71.92407806785725,42.29543130942459
8103,瀚荃,電子零組件業,2025-09-26,50.7,2025Q2,18.5,62.73584905660377,-52.85,0.0,-5.09,0.0,13.008885756359106,40.04442878179553,2.954245602165088,100.0,62.0790114742266,100.0,42.280249222929704
1590,亞德客-KY,電機機械,2025-09-26,750.0,2025Q2,19.98,94.23667317890036,-2.89,0.0,0.0,0.0,29.351772537476332,100.0,0.7740276791211469,39.14681130302099,80.2853003670326,100.0,42.253029578494235
5425,台半,半導體業,2025-09-26,53.5,2025Q2,0.0,0.0,-30.43,0.0,16.669999999999998,83.35,8.092504113914917,15.462520569574584,9.123002759189369,100.0,33.0,32.5,42.239378085436186
3622,洋華,光電業,2025-09-26,53.2,2025Q2,10.99,96.68930390492359,3.98,7.960000000000001,5.536666666666666,27.683333333333334,30.943270465093313,100.0,-0.02734268699410808,0.0,84.2944336047888,100.0,42.195597057159034
4728,雙美,生技醫療業,2025-09-26,404.0,2025Q2,0.0,0.0,5.31,10.62,-4.003333333333334,0.0,51.902892443838,100.0,1.0722576210242445,81.75108871774923,52.0,80.0,42.00521774354985
6569,醫揚,生技醫療業,2025-09-26,124.5,2025Q2,0.0,0.0,-65.09,0.0,11.953333333333333,59.766666666666666,3.8943078467508725,0.0,2.132215424604558,100.0,68.0,100.0,41.95333333333333
4551,智伸科,汽車工業,2025-09-26,132.5,2025Q2,20.05,42.66595289079229,-56.57,0.0,-11.31,0.0,15.235797158128014,51.17898579064006,3.5636235008758925,100.0,61.3896100635941,100.0,41.94344315767524
1527,鑽全,電機機械,2025-09-26,32.7,2025Q2,22.87,86.17080658665922,-87.68,0.0,-7.723333333333333,0.0,9.408594727780963,22.04297363890482,4.288399051550013,100.0,83.3600537074114,100.0,41.923526704501654
8070,長華*,電子通路業,2025-09-26,39.6,2025Q2,22.89,10.341671751067727,-48.36,0.0,11.393333333333333,56.96666666666667,11.053824403027846,30.26912201513923,2.837144324462513,100.0,39.6843965087211,49.210991271802754,41.88896793789127
4581,光隆精密-KY,汽車工業,2025-09-26,53.6,2025Q2,10.35,94.593147751606,6.3,12.6,0.0,0.0,18.88877434216607,69.44387171083035,0.8490124711720278,49.858924453146834,55.4814387164411,88.70359679110274,41.86804010152479
6230,尼得科超眾,電腦及週邊設備業,2025-09-26,149.5,2025Q2,101.7,0.0,-1.23,0.0,12.653333333333334,63.26666666666667,1.851900614604876,0.0,5.78824978267169,100.0,56.7695023353394,91.92375583834851,41.84570891716819
6472,保瑞,生技醫療業,2025-09-26,680.0,2025Q2,17.3,52.699662542182224,9.37,18.74,-8.293333333333333,0.0,17.909037515365284,64.54518757682642,1.3417900911831788,100.0,28.587484184644,21.46871046161,41.78361543690319
9938,百和,其他業,2025-09-26,53.6,2025Q2,11.48,70.82758620689656,-3.49,0.0,-6.383333333333333,0.0,18.249629226836387,66.24814613418192,1.9923976323881523,100.0,39.0227756394354,47.5569390985885,41.775674450675794
4754,國碳科,化學工業,2025-09-26,38.8,2025Q2,0.0,0.0,8.19,16.38,-7.723333333333334,0.0,22.31763819783631,86.58819098918154,1.0292982706874374,75.61403866963391,58.0,95.0,41.70603638230401
2301,光寶科,電腦及週邊設備業,2025-09-26,163.5,2025Q2,28.43,13.579654510556626,20.42,40.84,17.74,88.69999999999999,9.633159589294538,23.165797946472686,0.6257816806428795,17.96881152041136,41.3041059474052,53.260264868513,41.70262393396013
3564,其陽,通信網路業,2025-09-26,51.9,2025Q2,0.0,0.0,26.92,53.839999999999996,-2.83,0.0,3.856454294936875,0.0,1.7349005424954793,100.0,52.0,80.0,41.46
1442,名軒,建材營造業,2025-09-26,43.2,2025Q2,8.0,80.97497842968076,-46.46,0.0,-72.69,0.0,41.30184711751896,100.0,0.8552191849740064,50.745597853429494,52.6132664058427,81.53316601460675,41.399934015114646
2228,劍麟,汽車工業,2025-09-26,106.0,2025Q2,14.34,73.23340471092077,-41.05,0.0,-0.02666666666666669,0.0,10.427369858592668,27.13684929296334,1.3235223563479348,100.0,65.1967175115424,100.0,41.39386786503658
6548,長科*,半導體業,2025-09-26,34.5,2025Q2,0.0,0.0,-44.55,0.0,9.836666666666666,49.18333333333333,12.0143298863399,35.0716494316995,1.840924555542919,100.0,45.0,62.5,41.34741408142159
4977,眾達-KY,通信網路業,2025-09-26,116.5,2025Q2,20.33,63.41567291311756,1830.77,100.0,0.0,0.0,4.334716733997071,0.0,-1.5945974554912596,0.0,73.2924162669533,100.0,41.341567291311755
6216,居易,通信網路業,2025-09-26,27.25,2025Q2,23.9,48.21124361158433,-95.58,0.0,-46.1,0.0,13.677055463157133,43.385277315785665,12.625928772738918,100.0,78.3916451584308,100.0,41.32891595852628
3673,TPK-KY,光電業,2025-09-26,38.35,2025Q2,26.09,23.441668687848647,26.72,53.44,0.0,0.0,1.4106640349239152,0.0,1.4252980669640911,100.0,42.4751496449537,56.187874112384264,41.322954280023296
2455,全新,通信網路業,2025-09-26,154.0,2025Q2,60.16,0.0,-50.7,0.0,0.033333333333333236,0.16666666666666619,19.96710329961864,74.83551649809318,1.2295501973181264,100.0,62.7507430572664,100.0,41.25866080804731
6278,台表科,光電業,2025-09-26,103.5,2025Q2,11.26,95.37957797720107,-14.23,0.0,11.253333333333332,56.266666666666666,7.11574918029161,10.578745901458051,0.9770090768376473,68.14415383394962,40.9286003386209,52.32150084655226,41.2390838677173
6176,瑞儀,光電業,2025-09-26,141.0,2025Q2,11.95,92.03250060635459,-48.82,0.0,-3.8466666666666662,0.0,11.88521064110425,34.42605320552124,2.093296919912277,100.0,47.4817834619105,68.70445865477626,41.237603906941274
6613,朋億*,其他電子業,2025-09-26,175.5,2025Q2,0.0,0.0,-6.4,0.0,5.4700000000000015,27.35000000000001,19.264505185389417,71.3225259269471,2.2043709574847608,100.0,40.0,50.0,41.16837888904207
7753,星亞,光電業,2025-09-26,51.5,2025Q2,0.0,0.0,10.5,21.0,50.86666666666667,100.0,17.52549913953521,62.62749569767605,0.15795904514085304,0.0,46.0,65.0,41.14412435465141
4168,醣聯,生技醫療業,2025-09-26,25.25,2025Q2,0.0,0.0,22.12,44.24,8571.050000000001,100.0,-300.44250776922036,0.0,0.0,0.0,78.0,100.0,41.06
2855,統一證,金融保險業,2025-09-26,22.8,2025Q2,18.24,10.443764345830164,-82.81,0.0,31.913333333333338,100.0,0.039185922970822705,0.0,52.2900111228722,100.0,17.2413102435406,0.0,41.044376434583015
3546,宇峻,文化創意業,2025-09-26,82.5,2025Q2,0.0,0.0,-83.46,0.0,6.6933333333333325,33.46666666666666,10.792279741220021,28.961398706100105,2.914233353695785,100.0,60.0,100.0,41.03754313924835
2433,互盛電,其他電子業,2025-09-26,48.95,2025Q2,15.2,77.34225621414915,-5.17,0.0,-1.5133333333333334,0.0,14.884380615745624,49.42190307872812,3.7004779874213836,100.0,43.2764629543183,58.19115738579575,40.96662682180371
6913,鴻呈,電子零組件業,2025-09-26,135.0,2025Q2,0.0,0.0,15.62,31.240000000000002,20.16,100.0,10.594077811278542,27.97038905639271,0.17482075857201235,0.0,55.0,87.5,40.755558358458906
2377,微星,電腦及週邊設備業,2025-09-26,114.0,2025Q2,20.88,49.80806142034548,-47.43,0.0,23.23,100.0,2.6775908379482827,0.0,0.8654201930868733,52.2028847266962,41.1965618523842,52.9914046309605,40.720523550469835
8401,白紗科,其他業,2025-09-26,28.7,2025Q2,0.0,0.0,6.42,12.839999999999998,2.5433333333333334,12.716666666666669,11.622786662371485,33.11393331185742,1.5439182550599333,100.0,75.0,100.0,40.72042333011195
6949,沛爾生醫-創,,2025-09-26,402.0,2025Q2,0.0,0.0,21.26,42.52,69.67,100.0,-942.2476703716178,0.0,0.0,0.0,62.8774106134738,100.0,40.63
2916,滿心,居家生活,2025-09-26,47.45,2025Q2,0.0,0.0,2.39,4.78,2.23,11.15,14.559302950095995,47.79651475047998,2.2503270761201906,100.0,75.0,100.0,40.594477212572
6277,宏正,電腦及週邊設備業,2025-09-26,63.0,2025Q2,16.71,69.81765834932821,-20.44,0.0,-6.223333333333333,0.0,10.27789096312935,26.38945481564675,1.1850524922190737,97.86464174558198,67.3696322595544,100.0,40.51311240639623
2331,精英,電腦及週邊設備業,2025-09-26,21.0,2025Q2,32.81,0.0,615.38,100.0,8.26,41.3,0.597904863591929,0.0,0.49499467312348666,0.0,49.0062282421293,72.51557060532325,40.511557060532326
2364,倫飛,電腦及週邊設備業,2025-09-26,75.1,2025Q2,18.87,59.45297504798464,-5.43,0.0,6.733333333333333,33.666666666666664,14.033980671496609,45.169903357483044,1.0280590355242836,75.43700507489766,43.7256926924826,59.31423173120651,40.47294052985444
3702,大聯大,電子通路業,2025-09-26,65.9,2025Q2,14.26,62.99572910311165,15.34,30.680000000000003,6.503333333333333,32.516666666666666,1.8406475354518392,0.0,4.504918233495801,100.0,18.1643945388634,0.0,40.472906243644495
2882,國泰金,金融保險業,2025-09-26,65.1,2025Q2,12.47,54.590665646518744,-37.98,0.0,-7.463333333333338,0.0,40.60682489386224,100.0,4.409272102529916,100.0,5.54805987394456,0.0,40.45906656465188
1580,新麥,電機機械,2025-09-26,138.0,2025Q2,0.0,0.0,-14.05,0.0,0.0866666666666666,0.43333333333333296,19.980895197673558,74.90447598836779,1.1689337860542282,95.56196943631832,62.0,100.0,40.4347319521855
2646,星宇航空,航運業,2025-09-26,24.8,2025Q2,55.11,0.0,-20.51,0.0,17.263333333333332,86.31666666666666,6.937691659615481,9.688458298077407,4.308968494751652,100.0,26.838857117115,17.097142792787505,40.42631635732369
1760,寶齡富錦,生技醫療業,2025-09-26,69.4,2025Q2,46.89,0.0,2.67,5.34,3.2233333333333327,16.116666666666664,13.799976859980553,43.99988429990277,1.652818901444196,100.0,56.8964369755146,92.24109243878648,40.3824252221974
1264,德麥,食品工業,2025-09-26,299.0,2025Q2,0.0,0.0,2.59,5.18,-6.19,0.0,17.031159138926412,60.15579569463206,1.219427500551187,100.0,60.0,100.0,40.318369354194814
8415,大國鋼,鋼鐵工業,2025-09-26,33.6,2025Q2,0.0,0.0,11.93,23.86,-1.1766666666666667,0.0,16.3043858293451,56.521929146725505,1.1224605577689244,88.92293682413207,52.0,80.0,40.22787673683524
2109,華豐,橡膠工業,2025-09-26,15.75,2025Q2,13.02,88.67169100329723,-43.96,0.0,-11.12,0.0,12.368614921354293,36.84307460677147,1.4535168666769356,100.0,43.3240492968449,58.31012324211224,40.22464261555667
5519,隆大,建材營造業,2025-09-26,29.15,2025Q2,9.72,66.13459879206212,-53.25,0.0,454.1266666666667,100.0,18.491299742643317,67.45649871321659,-2.877014663636259,0.0,33.8520574858605,34.63014371465125,40.19494905765382
1102,亞泥,水泥工業,2025-09-26,37.15,2025Q2,13.17,69.20245398773007,-40.74,0.0,-13.676666666666668,0.0,11.890610339450065,34.453051697250324,1.2515049379010073,100.0,52.3872570559673,80.96814263991824,40.18501741735238
8271,宇瞻,半導體業,2025-09-26,67.0,2025Q2,29.0,67.66042021578649,6.75,13.5,60.42666666666667,100.0,4.714520390980614,0.0,-3.2917451553292496,0.0,60.4433509419398,100.0,40.14104202157865
3479,安勤,電腦及週邊設備業,2025-09-26,109.5,2025Q2,0.0,0.0,10.75,21.5,5.0,25.0,10.018552599300602,25.09276299650301,2.7297182979443364,100.0,44.0,60.0,40.13891444947545
8438,昶昕,綠能環保,2025-09-26,30.7,2025Q2,17.85,48.895497026338155,-43.36,0.0,4.6033333333333335,23.01666666666667,5.791277929165923,3.9563896458296144,1.9628549638867705,100.0,59.9136094576651,99.78402364416276,40.06474384725787
6143,振曜,通信網路業,2025-09-26,143.0,2025Q2,0.0,0.0,-55.98,0.0,11.31,56.55,10.294290133287546,26.471450666437736,5.726981297528859,100.0,39.0,47.5,40.03071759996566
6577,勁豐,電腦及週邊設備業,2025-09-26,71.5,2025Q2,0.0,0.0,-40.92,0.0,-17.376666666666665,0.0,20.364910489761417,76.82455244880708,1.35505540166205,100.0,54.0,85.0,40.023682867321064
1423,利華,紡織纖維,2025-09-26,38.0,2025Q2,20.11,50.0,385.71,100.0,-51.669999999999995,0.0,-95.2273309873925,0.0,0.04421079020520118,0.0,91.5840573086235,100.0,40.0
6664,群翊,電子零組件業,2025-09-26,248.5,2025Q2,0.0,0.0,-34.44,0.0,-0.8266666666666667,0.0,46.49379571810513,100.0,1.3698008686955443,100.0,40.0,50.0,40.0
1213,大飲,食品工業,2025-09-26,12.25,2025Q2,1.41,100.0,-4.65,0.0,48.54666666666666,100.0,-17.45221610746198,0.0,0.0,0.0,89.6762139650833,100.0,40.0
6261,久元,半導體業,2025-09-26,59.7,2025Q2,0.0,0.0,-44.26,0.0,5.156666666666667,25.783333333333335,11.419001186792041,32.09500593396021,1.3317280352573215,100.0,76.0,100.0,39.970917556760696
6438,迅得,其他電子業,2025-09-26,165.5,2025Q2,22.61,41.92160611854685,5.47,10.94,38.92333333333333,100.0,10.275766382994881,26.378831914974405,0.023785297335342855,0.0,56.2351666933509,90.58791673337726,39.94277707243857
8155,博智,電子零組件業,2025-09-26,157.5,2025Q2,0.0,0.0,-59.22,0.0,24.60666666666667,100.0,2.644887905268512,0.0,0.9514566590126292,64.49380843037561,48.0,70.0,39.89876168607512
6821,聯寶,電子零組件業,2025-09-26,38.2,2025Q2,0.0,0.0,-13.64,0.0,6.866666666666666,34.333333333333336,9.041298511741862,20.206492558709314,3.926923399614062,100.0,63.0,100.0,39.897640550473064
6936,永鴻生技,生技醫療業,2025-09-26,35.0,2025Q2,19.89,38.13273340832397,-17.05,0.0,2.5266666666666673,12.633333333333335,10.024421339941462,25.12210669970731,1.1919342348245667,98.84774783208097,77.0273222853083,100.0,39.87780557887135
6679,鈺太,半導體業,2025-09-26,213.0,2025Q2,0.0,0.0,-91.48,0.0,-9.153333333333334,0.0,18.072779421699504,65.36389710849753,13.908624229979466,100.0,87.0,100.0,39.80458456627463
2630,亞航,航運業,2025-09-26,52.9,2025Q2,63.73,0.0,44.74,89.48,7.663333333333333,38.31666666666666,6.130038619152512,5.650193095762561,-4.1887736360615015,0.0,55.6040736896059,89.01018422401475,39.781880720099196
4571,鈞興-KY,電機機械,2025-09-26,172.0,2025Q2,19.05,96.83226346636896,-3.05,0.0,0.0,0.0,15.541810906919867,52.70905453459933,0.9244306082957517,60.632944042250244,71.5776842618934,100.0,39.71617333527685
6757,台灣虎航,航運業,2025-09-26,77.6,2025Q2,13.02,58.50316233309909,-4.68,0.0,-9.773333333333333,0.0,21.212056691531934,81.06028345765968,1.7778328994449477,100.0,26.6787580042456,16.696895010614003,39.67904825302026
3587,閎康,其他電子業,2025-09-26,203.5,2025Q2,0.0,0.0,-60.44,0.0,9.97,49.85000000000001,7.234818405904861,11.174092029524303,6.416606345971397,100.0,52.0,80.0,39.64611380442865
7642,昶瑞機電,電機機械,2025-09-26,106.0,2025Q2,0.0,0.0,-28.76,0.0,-10.323333333333332,0.0,17.838903285345946,64.19451642672973,1.3301085985291086,100.0,62.0,100.0,39.62917746400946
8464,億豐,居家生活,2025-09-26,432.5,2025Q2,19.09,17.980636237897652,-8.34,0.0,-3.9899999999999998,0.0,29.87783735849173,100.0,0.9490766567820509,64.15380811172156,73.187782944887,100.0,39.62882524613408
3661,世芯-KY,半導體業,2025-09-26,3275.0,2025Q2,41.32,32.68029528676888,-3.98,0.0,0.0,0.0,13.472800141342958,42.36400070671479,4.223357397095126,100.0,72.7974376894933,100.0,39.62262963468411
3023,信邦,電子零組件業,2025-09-26,229.0,2025Q2,16.33,72.97169811320755,-8.84,0.0,-9.42,0.0,12.168279850197182,35.84139925098591,1.3190434411218384,100.0,47.7165493118065,69.29137327951625,39.60251702692027
6461,益得,生技醫療業,2025-09-26,18.0,2025Q2,0.0,0.0,28.69,57.379999999999995,2753.7900000000004,100.0,-109.09633945694435,0.0,0.0,0.0,41.0,52.5,39.595
6416,瑞祺電通,通信網路業,2025-09-26,81.3,2025Q2,19.59,66.56729131175469,-15.91,0.0,-20.74,0.0,8.911390142214945,19.556950711074723,1.5827136656078886,100.0,62.2387313504837,100.0,39.59027173783667
6715,嘉基,電子零組件業,2025-09-26,93.0,2025Q2,28.44,15.849056603773581,-63.81,0.0,-41.38666666666666,0.0,15.577123259862041,52.885616299310215,3.714198554280788,100.0,72.1519232274391,100.0,39.517748105273895
8923,時報,文化創意業,2025-09-26,20.6,2025Q2,0.0,0.0,14.89,29.78,2.9533333333333345,14.766666666666673,6.611232910145977,8.056164550729882,3.7802015484822418,100.0,51.0,77.5,39.356758015942816
2415,錩新,電子零組件業,2025-09-26,25.3,2025Q2,17.33,68.25471698113208,82.05,100.0,2.3266666666666667,11.633333333333333,11.897291721229548,34.48645860614774,-8.950819156630295,0.0,16.6915967196938,0.0,39.32510715570204
3045,台灣大,通信網路業,2025-09-26,107.0,2025Q2,22.25,55.238500851788764,12.2,24.4,-2.3766666666666665,0.0,10.788601076923438,28.943005384617194,2.5686490200937766,100.0,33.4036019528898,33.5090048822245,39.316201381093904
6195,詩肯,居家生活,2025-09-26,28.25,2025Q2,0.0,0.0,25.37,50.74000000000001,2.1933333333333334,10.966666666666667,5.507959489518584,2.539797447592922,2.97258880847642,100.0,36.0,40.0,39.259302950472275
2015,豐興,鋼鐵工業,2025-09-26,65.1,2025Q2,16.91,67.35092864125123,-17.3,0.0,-13.57,0.0,8.31036562965279,16.551828148263947,2.2893895463424463,100.0,87.0901918217104,100.0,39.21786708636471
1341,富林-KY,塑膠工業,2025-09-26,59.9,2025Q2,14.09,50.0,-42.48,0.0,0.0,0.0,11.284087642606156,31.42043821303078,3.0211271083891043,100.0,58.0164931639081,95.04123290977026,39.21718902293164
3716,中化控股,生技醫療業,2025-09-26,33.5,2025Q2,15.44,63.160854893138364,4.8,9.6,0.0,0.0,5.818852884384404,4.094264421922018,2.086936272137811,100.0,59.4636407222356,98.65910180558902,39.19613533316104
5299,杰力,半導體業,2025-09-26,74.6,2025Q2,0.0,0.0,-69.31,0.0,-12.64,0.0,17.180018659885434,60.90009329942717,3.8763902531765897,100.0,80.0,100.0,39.135013994914075
6790,永豐實,造紙工業,2025-09-26,38.35,2025Q2,14.64,100.0,-10.37,0.0,-0.9833333333333333,0.0,8.612658521903379,18.063292609516896,1.1637376451786932,94.81966359695618,49.7904794446041,74.47619861151026,39.12104647196979
2013,中鋼構,鋼鐵工業,2025-09-26,42.0,2025Q2,15.05,76.44183773216031,7.03,14.06,4.306666666666667,21.53333333333333,2.929451687801393,0.0,2.539578927340451,100.0,34.571678226956,36.42919556739,39.1087699966217
1709,和益,化學工業,2025-09-26,16.25,2025Q2,14.77,79.93358633776091,-44.79,0.0,-24.983333333333334,0.0,7.300428641820266,11.502143209101332,1.176614423053985,96.65920329342643,69.8312887404288,100.0,39.05052077382658
6890,來億-KY,運動休閒,2025-09-26,211.0,2025Q2,13.92,50.0,-12.1,0.0,0.0,0.0,10.219796805916225,26.098984029581125,1.4180748277474493,100.0,69.3794150300343,100.0,38.91484760443717
2367,燿華,電子零組件業,2025-09-26,26.1,2025Q2,14.83,80.04716981132076,-44.8,0.0,-19.833333333333332,0.0,8.275068911580465,16.375344557902327,2.8523665950348365,100.0,53.8101558599051,84.52538964976274,38.9135576297937
5285,界霖,半導體業,2025-09-26,48.25,2025Q2,35.22,50.0,-71.43,0.0,5.713333333333334,28.566666666666666,4.133018643791349,0.0,5.440550580858511,100.0,52.7975224694249,81.99380617356225,38.91271395068956
4721,美琪瑪,化學工業,2025-09-26,72.0,2025Q2,0.0,0.0,-30.8,0.0,25.62,100.0,9.833763991849356,24.16881995924678,0.7370743034055728,33.867757629367546,54.0,85.0,38.898874519760525
2313,華通,電子零組件業,2025-09-26,71.7,2025Q2,15.26,78.01886792452831,0.0,0.0,-3.253333333333334,0.0,9.539403130318796,22.69701565159398,2.4505014617224545,100.0,50.7432678847708,76.858169711927,38.89225611138463
6870,騰雲,數位雲端,2025-09-26,204.0,2025Q2,0.0,0.0,9.49,18.98,27.12,100.0,14.526481219550528,47.632406097752636,0.40427698574338083,0.0,48.0,70.0,38.8898609146629
4114,健喬,生技醫療業,2025-09-26,34.1,2025Q2,0.0,0.0,4.82,9.64,18.253333333333334,91.26666666666668,15.385366995022379,51.92683497511189,0.5148118174589358,2.115973922705112,60.0,100.0,38.87555336414114
3492,長盛,電子零組件業,2025-09-26,23.0,2025Q2,0.0,0.0,15.12,30.240000000000002,-10.003333333333332,0.0,10.962835609771629,29.814178048858142,1.0876084122215295,83.94405888878993,63.0,100.0,38.82093848508671
3034,聯詠,半導體業,2025-09-26,434.5,2025Q2,13.87,100.0,-12.43,0.0,-9.453333333333333,0.0,19.745319633021047,73.72659816510524,0.8126035828488961,44.65765469269945,55.1676374247491,87.91909356187276,38.78243001949295
5489,彩富,其他電子業,2025-09-26,41.1,2025Q2,0.0,0.0,-39.58,0.0,-11.543333333333335,0.0,16.63674171876666,58.1837085938333,2.198748232697679,100.0,79.0,100.0,38.727556289075
6224,聚鼎,電子零組件業,2025-09-26,48.3,2025Q2,20.73,52.21698113207547,10.53,21.06,-13.493333333333334,0.0,4.1362596316688665,0.0,3.5916937108325873,100.0,52.7689166724025,81.92229168100624,38.67892728130817
4931,新盛力,電腦及週邊設備業,2025-09-26,150.5,2025Q2,0.0,0.0,-2.33,0.0,6.076666666666667,30.383333333333333,8.444953096488755,17.224765482443775,2.1335813510244472,100.0,64.0,100.0,38.660381489033234
2233,宇隆,汽車工業,2025-09-26,202.5,2025Q2,23.06,26.552462526766597,-39.89,0.0,-18.41,0.0,13.467226943664878,42.336134718324395,1.3510698664738345,100.0,58.3765539151725,95.94138478793126,38.599804939218444
6996,力領科技,半導體業,2025-09-26,148.5,2025Q2,0.0,0.0,-40.66,0.0,-20.783333333333335,0.0,16.43525756115486,57.176287805774294,1.3901051027876385,100.0,81.0,100.0,38.57644317086614
2637,慧洋-KY,航運業,2025-09-26,59.0,2025Q2,14.15,50.5621925509487,-91.14,0.0,0.0,0.0,11.509258351776497,32.54629175888248,8.717275871018426,100.0,54.5309856646922,86.3274641617305,38.57090943510029
3374,精材,半導體業,2025-09-26,142.0,2025Q2,0.0,0.0,-37.5,0.0,-15.646666666666667,0.0,16.404283607298794,57.02141803649396,2.2066482048913056,100.0,61.0,100.0,38.553212705474095
2387,精元,電腦及週邊設備業,2025-09-26,40.8,2025Q2,6.9,100.0,-61.89,0.0,-20.893333333333334,0.0,5.950626906491414,4.753134532457071,2.580616161571648,100.0,51.1931076948767,77.98276923719175,38.511247103587735
4549,桓達,電機機械,2025-09-26,118.5,2025Q2,0.0,0.0,-36.99,0.0,0.33000000000000007,1.6500000000000004,15.895453340760596,54.47726670380298,1.4828915718116635,100.0,63.0,100.0,38.50159000557045
1615,大山,電器電纜,2025-09-26,48.35,2025Q2,11.01,72.79102384291724,23.91,47.82,-11.63,0.0,17.267710113840756,61.33855056920379,0.3216403637430332,0.0,65.5572310845013,100.0,38.43488496967229
1109,信大,水泥工業,2025-09-26,15.65,2025Q2,16.3,50.0,-45.56,0.0,-2.7733333333333334,0.0,9.551333750204291,22.756668751021454,1.9302720783145146,100.0,71.2439915758568,100.0,38.41350031265322
8436,大江,生技醫療業,2025-09-26,114.0,2025Q2,0.0,0.0,-3.69,0.0,3.9800000000000004,19.900000000000002,14.228996893464451,46.14498446732226,1.7789996850326446,100.0,50.0,75.0,38.40174767009834
1437,勤益控,其他業,2025-09-26,30.8,2025Q2,20.13,11.172413793103452,-91.44,0.0,12.57,62.85000000000001,41.85280145366072,100.0,-0.5821531085386241,0.0,58.8075584193429,97.01889604835723,38.389130984146064
6175,立敦,電子零組件業,2025-09-26,40.3,2025Q2,0.0,0.0,-15.75,0.0,-17.256666666666664,0.0,16.1146888651814,55.573444325907,1.8380892023356843,100.0,61.0,100.0,38.33601664888605
1473,台南,紡織纖維,2025-09-26,25.3,2025Q2,13.46,83.06812531079063,-55.61,0.0,-13.376666666666665,0.0,4.892754104402323,0.0,2.8151502861520434,100.0,71.6550557122454,100.0,38.30681253107906
4588,玖鼎電力,其他電子業,2025-09-26,62.2,2025Q2,19.2,58.221797323135775,-50.52,0.0,-16.356666666666666,0.0,14.888434289663937,49.44217144831969,4.340882908056965,100.0,40.1641550832788,50.410387708197,38.27954422038123
9925,新保,其他業,2025-09-26,40.85,2025Q2,18.74,20.758620689655196,-8.57,0.0,2.3766666666666665,11.883333333333331,10.076559519774408,25.382797598872042,1.2458881078603559,100.0,60.043447078371,100.0,38.25994837546299
3303,岱稜,其他電子業,2025-09-26,48.25,2025Q2,0.0,0.0,19.14,38.28,-3.2266666666666666,0.0,19.388249900754797,71.94124950377399,0.8199827165794239,45.71181665420342,55.0,87.5,38.25355075640678
6509,聚和,化學工業,2025-09-26,33.55,2025Q2,0.0,0.0,-24.47,0.0,-2.44,0.0,15.999873442532877,54.99936721266438,2.2623657290366626,100.0,67.0,100.0,38.249905081899655
5244,弘凱,光電業,2025-09-26,42.1,2025Q2,26.48,21.549842347804994,-79.44,0.0,-3.58,0.0,13.112694929605398,40.56347464802699,2.022508038585209,100.0,66.765846247638,100.0,38.23950543198455
1563,巧新,汽車工業,2025-09-26,48.25,2025Q2,16.99,59.04710920770878,-31.91,0.0,0.5100000000000001,2.5500000000000007,12.170802009979434,35.85401004989717,1.180431624818427,97.20451783120386,47.9890615155493,69.97265378887325,38.23098137338356
2606,裕民,航運業,2025-09-26,56.8,2025Q2,14.31,49.437807449051306,-60.15,0.0,-7.340000000000001,0.0,15.926616996568328,54.63308498284164,3.2603113257940657,100.0,40.3255771970113,50.81394299252825,38.2201377915842
4942,嘉彰,光電業,2025-09-26,36.05,2025Q2,14.03,81.94276012612175,-63.24,0.0,1.0799999999999998,5.3999999999999995,7.466534699228417,12.332673496142084,1.0958901000809422,85.12715715442032,74.4270689776923,100.0,38.14960846791755
3004,豐達科,鋼鐵工業,2025-09-26,131.0,2025Q2,20.76,48.53372434017595,-13.7,0.0,14.75,73.75,14.53229517359712,47.6614758679856,0.728034141220503,32.57630588864329,39.2654121079504,48.16353026987599,38.08420801893169
1809,中釉,玻璃陶瓷,2025-09-26,19.3,2025Q2,74.23,4.279544562230053,-40.0,0.0,7.6433333333333335,38.21666666666667,1.1919063336737907,0.0,1.2492718282191966,100.0,64.0830804974223,100.0,38.07128778955634
3266,昇陽,建材營造業,2025-09-26,13.9,2025Q2,7.81,82.61432269197584,-46.88,0.0,136.23999999999998,100.0,8.1519966592801,15.759983296400499,-15.805795840513996,0.0,49.6382926482354,74.0957316205885,38.03500292571651
3037,欣興,電子零組件業,2025-09-26,149.0,2025Q2,113.74,0.0,-76.6,0.0,13.543333333333331,67.71666666666665,4.437928851651388,0.0,9.243620988591868,100.0,37.9568234240797,44.89205856019925,38.03253918935326
2375,凱美,電子零組件業,2025-09-26,78.3,2025Q2,22.7,42.9245283018868,-43.65,0.0,0.39333333333333326,1.9666666666666661,9.439975919772998,22.19987959886499,3.5695906053331603,100.0,66.7034175186423,100.0,38.01576810335176
6761,穩得,電子零組件業,2025-09-26,145.5,2025Q2,0.0,0.0,-2.23,0.0,-2.36,0.0,15.683887790588338,53.41943895294169,2.5264324619208023,100.0,64.0,100.0,38.012915842941254
7747,昕奇雲端,數位雲端,2025-09-26,140.0,2025Q2,0.0,0.0,14.74,29.48,-3.1466666666666665,0.0,8.172380981613923,15.861904908069615,2.4775661560564584,100.0,53.0,82.5,37.99928573621044
8442,威宏-KY,其他業,2025-09-26,71.3,2025Q2,10.07,80.55172413793103,-61.44,0.0,0.0,0.0,8.263618689339411,16.318093446697056,1.317134039013334,100.0,49.8681074292511,74.67026857312774,37.96991328811043
8049,晶采,光電業,2025-09-26,26.2,2025Q2,0.0,0.0,-53.61,0.0,-0.5666666666666664,0.0,15.61608067905699,53.08040339528495,1.8375574394349823,100.0,80.0,100.0,37.96206050929274
5474,聰泰,電腦及週邊設備業,2025-09-26,170.0,2025Q2,0.0,0.0,-29.87,0.0,70.95,100.0,15.602233347296638,53.01116673648318,0.21402875603935037,0.0,74.0,100.0,37.95167501047248
2450,神腦,通信網路業,2025-09-26,28.55,2025Q2,16.41,80.1107325383305,-13.48,0.0,-0.8233333333333336,0.0,0.7243273517117879,0.0,2.55531602352316,100.0,59.5304798964886,98.8261997412215,37.8936932279552
6651,全宇昕,半導體業,2025-09-26,70.1,2025Q2,0.0,0.0,-38.96,0.0,-7.853333333333333,0.0,20.334037843448684,76.67018921724342,1.070762144250429,81.5374491786327,73.0,100.0,37.80801821831305
5434,崇越,電子通路業,2025-09-26,315.0,2025Q2,16.23,50.976205003050644,1.79,3.58,17.720000000000002,88.60000000000001,6.577718021428429,7.888590107142143,0.7323414960951871,33.19164229931244,44.4284194865559,61.071048716389754,37.64134234787785
9955,佳龍,綠能環保,2025-09-26,29.7,2025Q2,0.0,0.0,24.07,48.14,46.34666666666667,100.0,-2.288215588990319,0.0,0.0,0.0,42.3378548639782,55.8446371599455,37.61946371599455
3038,全台,光電業,2025-09-26,21.8,2025Q2,19.29,56.42735871937909,-79.41,0.0,-11.67,0.0,7.612995071627385,13.064975358136923,2.0537395335635553,100.0,66.1427475425296,100.0,37.60248217565845
3025,星通,通信網路業,2025-09-26,42.5,2025Q2,17.42,75.80919931856899,0.0,0.0,-51.98333333333333,0.0,-3.4701690652508033,0.0,4108.9,100.0,66.6831185856909,100.0,37.5809199318569
1558,伸興,電機機械,2025-09-26,90.3,2025Q2,16.88,100.0,-41.95,0.0,-9.103333333333333,0.0,8.923065050438863,19.615325252194317,2.8703495681542592,100.0,38.3409942018728,45.85248550468201,37.52754733829735
6661,威健生技,生技醫療業,2025-09-26,22.35,2025Q2,0.0,0.0,18.52,37.04,38.343333333333334,100.0,-2.8053404444021166,0.0,0.0,0.0,53.0,82.5,37.51
8996,高力,電機機械,2025-09-26,311.0,2025Q2,51.07,7.465810773095161,-14.94,0.0,42.190000000000005,100.0,17.212490632025983,61.06245316012991,-0.12259905608604983,0.0,50.3397632007849,75.84940800196225,37.490889851525225
5609,中菲行,航運業,2025-09-26,79.2,2025Q2,0.0,0.0,15.45,30.9,-0.8033333333333333,0.0,4.765444366501537,0.0,2.4599683934679835,100.0,59.0,97.5,37.475
6284,佳邦,電子零組件業,2025-09-26,73.4,2025Q2,0.0,0.0,-60.56,0.0,5.48,27.400000000000002,10.269330886404207,26.346654432021033,3.4229677593157395,100.0,52.0,80.0,37.431998164803154
5438,東友,電腦及週邊設備業,2025-09-26,29.0,2025Q2,0.0,0.0,147.06,100.0,2.413333333333334,12.06666666666667,-0.32940543359463853,0.0,-11.433856676511736,0.0,77.0,100.0,37.413333333333334
5538,東明-KY,鋼鐵工業,2025-09-26,28.7,2025Q2,10.83,97.0674486803519,-13.5,0.0,0.0,0.0,5.103979035964082,0.519895179820411,3.9051441516230248,100.0,50.5021006521539,76.25525163038475,37.41025430804673
8083,瑞穎,電機機械,2025-09-26,150.0,2025Q2,0.0,0.0,-27.61,0.0,13.646666666666668,68.23333333333335,30.730737237868695,100.0,0.4332149768210124,0.0,55.0,87.5,37.39666666666667
6924,榮惠-KY創,,2025-09-26,58.0,2025Q2,8.48,93.46666666666667,-29.92,0.0,0.0,0.0,7.567369394338365,12.836846971691823,4.712052135485134,100.0,44.3282011586701,60.820502896675244,37.35424400208797
4552,力達-KY,電機機械,2025-09-26,22.95,2025Q2,16.51,100.0,30.3,60.6,0.0,0.0,7.8737909527446055,14.368954763723027,-0.2603965256419247,0.0,75.5315988006369,100.0,37.305343214558455
8390,金益鼎,綠能環保,2025-09-26,66.7,2025Q2,0.0,0.0,2.62,5.24,-29.33,0.0,12.95995659756119,39.79978298780595,1.92673205690773,100.0,73.0,100.0,37.27996744817089
1540,喬福,電機機械,2025-09-26,24.65,2025Q2,32.43,59.489254814401335,-91.22,0.0,6.313333333333333,31.566666666666666,26.319142854190847,100.0,-4.451977401129944,0.0,81.1512392360842,100.0,37.26225881477347
6531,愛普*,半導體業,2025-09-26,320.0,2025Q2,83.33,0.0,-128.95,0.0,16.486666666666665,82.43333333333332,19.353221369618733,71.76610684809367,0.0,0.0,80.489112486014,100.0,37.251582693880714
4766,南寶,化學工業,2025-09-26,398.5,2025Q2,18.57,61.90702087286527,-6.91,0.0,-4.076666666666667,0.0,16.678921768202965,58.39460884101483,1.0675771037091966,81.08244338702808,44.2946971715693,60.736742928923235,37.24005638373669
6968,萬達寵物,居家生活,2025-09-26,61.2,2025Q2,0.0,0.0,1.43,2.86,12.833333333333334,64.16666666666667,5.218164483739188,1.0908224186959403,4.301419563357521,100.0,34.0,35.0,37.211956696137726
9939,宏全,其他業,2025-09-26,127.0,2025Q2,14.5,50.0,-17.26,0.0,1.3233333333333335,6.616666666666668,13.298542222718593,41.49271111359297,1.3535120026976273,100.0,38.4517692186654,46.12942304666349,37.16018230503863
5876,上海商銀,金融保險業,2025-09-26,41.7,2025Q2,13.07,50.0,34.17,68.34,-6.383333333333333,0.0,36.24563662507192,100.0,-3.2830970999125455,0.0,7.92650443302409,0.0,37.085
3624,光頡,電子零組件業,2025-09-26,39.1,2025Q2,0.0,0.0,-58.06,0.0,1.2,6.0,12.82225493526592,39.11127467632961,2.2062919449454816,100.0,81.0,100.0,37.066691201449444
8279,生展,生技醫療業,2025-09-26,123.5,2025Q2,0.0,0.0,35.89,71.78,-1.7699999999999998,0.0,17.146630135182345,60.73315067591173,0.4286386839468144,0.0,72.0,100.0,37.05497260138676
3465,進泰電子,其他電子業,2025-09-26,46.85,2025Q2,0.0,0.0,53.57,100.0,6.413333333333334,32.06666666666667,6.135030350968655,5.675151754843273,0.0,0.0,39.0,47.5,37.014606096559824
2029,盛餘,鋼鐵工業,2025-09-26,22.25,2025Q2,16.36,70.03910068426198,-45.36,0.0,-11.700000000000001,0.0,3.2430165254592733,0.0,3.050894662771858,100.0,85.3034358517051,100.0,37.0039100684262
4440,宜新實業,紡織纖維,2025-09-26,17.1,2025Q2,15.55,72.6752859273993,-65.0,0.0,-14.823333333333332,0.0,5.0949647452409845,0.4748237262049227,3.437084398976982,100.0,58.3894829606549,95.97370740163726,36.936122891834394
1229,聯華,食品工業,2025-09-26,48.2,2025Q2,20.25,50.0,-5.84,0.0,12.316666666666668,61.58333333333334,19.858142346965177,74.29071173482589,0.4169998130109735,0.0,53.9024154074274,84.7560385185685,36.935877278747405
6499,益安,生技醫療業,2025-09-26,91.2,2025Q2,0.0,0.0,13.84,27.68,22.189999999999998,100.0,-176.48826910392913,0.0,0.0,0.0,78.0,100.0,36.92
8383,千附,半導體業,2025-09-26,41.5,2025Q2,0.0,0.0,-37.36,0.0,13.136666666666665,65.68333333333332,15.255633905858131,51.27816952929065,0.7188798539931885,31.26855057045551,59.0,97.5,36.83210221015136
2633,台灣高鐵,航運業,2025-09-26,27.9,2025Q2,25.14,0.0,-6.06,0.0,1.7866666666666664,8.933333333333332,40.48337496177695,100.0,3.5831156231145913,100.0,17.8516911555115,0.0,36.78666666666666
3035,智原,半導體業,2025-09-26,158.0,2025Q2,47.16,16.098807495741063,-32.55,0.0,5.170000000000001,25.850000000000005,3.6192927631551424,0.0,2.4345026111871158,100.0,64.6664028479772,100.0,36.779880749574104
6672,騰輝電子-KY,電子零組件業,2025-09-26,93.7,2025Q2,22.58,43.490566037735846,-27.3,0.0,0.0,0.0,8.153059414525956,15.765297072629778,1.3258897418004187,100.0,64.7098737598174,100.0,36.71385116466805
2247,汎德永業,汽車工業,2025-09-26,294.5,2025Q2,12.84,81.26338329764454,-8.41,0.0,-17.903333333333332,0.0,3.898769893882084,0.0,1.6376377232901822,100.0,54.3001741746934,85.75043543673351,36.70138187343781
2355,敬鵬,電子零組件業,2025-09-26,34.4,2025Q2,17.64,66.79245283018868,-53.89,0.0,-1.9266666666666667,0.0,3.553572011707095,0.0,3.4584616793214176,100.0,69.3978215258636,100.0,36.67924528301887
6931,青松健康,生技醫療業,2025-09-26,51.4,2025Q2,81.59,0.0,-3.13,0.0,10.693333333333333,53.46666666666666,3.7945358831311817,0.0,2.0833540681761633,100.0,43.9343166244895,59.835791561223736,36.67691248945571
6568,宏觀,半導體業,2025-09-26,116.0,2025Q2,0.0,0.0,-30.92,0.0,-1.0266666666666664,0.0,13.85522366728598,44.276118336429896,2.472877277414919,100.0,89.0,100.0,36.641417750464484
1240,茂生農經,農業科技業,2025-09-26,57.9,2025Q2,0.0,0.0,30.21,60.42000000000001,-2.08,0.0,5.783247903853791,3.9162395192689563,0.882756950498886,54.679564356983725,67.0,100.0,36.628348799287096
5511,德昌,建材營造業,2025-09-26,60.3,2025Q2,0.0,0.0,8.27,16.54,34.36,100.0,10.68172668905844,28.408633445292196,0.5773758759242814,11.05369656061163,44.0,60.0,36.60703432891615
3557,嘉威,居家生活,2025-09-26,38.45,2025Q2,11.11,73.1673582295989,-73.18,0.0,-46.92666666666667,0.0,8.395614282443214,16.97807141221607,8.656558356169883,100.0,46.7934435505849,66.98360887646224,36.56180742243853
2020,美亞,鋼鐵工業,2025-09-26,24.3,2025Q2,11.91,91.78885630498533,-49.77,0.0,23.183333333333337,100.0,7.132393728526114,10.661968642630567,-4.034978110337851,0.0,43.1223148615088,57.805787153771995,36.55875964227032
6199,天品,其他業,2025-09-26,102.5,2025Q2,0.0,0.0,-600.0,0.0,167.29666666666665,100.0,13.703007518796992,43.515037593984964,0.0,0.0,84.0,100.0,36.527255639097746
1470,大統新創,紡織纖維,2025-09-26,21.4,2025Q2,37.54,0.0,-89.06,0.0,3.073333333333333,15.366666666666665,9.582896098451158,22.91448049225579,4.070286475682878,100.0,79.5866928755457,100.0,36.510505407171706
3441,聯一光,光電業,2025-09-26,31.95,2025Q2,0.0,0.0,-126.25,0.0,21.166666666666668,100.0,13.648445186083045,43.24222593041522,0.0,0.0,75.0,100.0,36.48633388956228
8086,宏捷科,半導體業,2025-09-26,110.5,2025Q2,0.0,0.0,-57.21,0.0,-10.393333333333333,0.0,13.596994582459999,42.984972912299995,3.103931671029067,100.0,78.0,100.0,36.447745936844996
2498,宏達電,通信網路業,2025-09-26,59.4,2025Q2,30.31,20.9114139693356,293.24,100.0,-8.743333333333334,0.0,-141.09179348461225,0.0,-0.9747267929358652,0.0,57.4196627436621,93.54915685915526,36.44605708284909
6523,達爾膚,生技醫療業,2025-09-26,124.5,2025Q2,0.0,0.0,-36.42,0.0,0.35000000000000026,1.750000000000001,41.44959828452387,100.0,0.8878823242412854,55.41176060589792,78.0,100.0,36.43235212117958
2105,正新,橡膠工業,2025-09-26,38.0,2025Q2,21.23,50.0,-48.23,0.0,-7.989999999999999,0.0,7.973408969357049,14.867044846785243,2.9374168527820554,100.0,56.7107887096165,91.77697177404124,36.40775390442191
3284,太普高,其他業,2025-09-26,22.55,2025Q2,0.0,0.0,-51.88,0.0,-48.49,0.0,19.15863096944333,70.79315484721664,1.2624155707164366,100.0,43.0,57.49999999999999,36.36897322708249
6154,順發,電子通路業,2025-09-26,14.0,2025Q2,0.0,0.0,-33.33,0.0,6.32,31.6,0.4185001930389485,0.0,3.9062334076669853,100.0,61.0,100.0,36.32
1323,永裕,塑膠工業,2025-09-26,19.8,2025Q2,9.8,80.4471256210078,0.0,0.0,-26.37,0.0,0.18087555282189852,0.0,310.46838407494147,100.0,53.0288137312495,82.57203432812375,36.30191599491316
2356,英業達,電腦及週邊設備業,2025-09-26,44.9,2025Q2,19.52,56.33397312859885,34.57,69.14,13.35,66.75,2.068618874981638,0.0,-1.672929003050638,0.0,19.3760330453247,0.0,36.26839731285989
6841,長佳智能,生技醫療業,2025-09-26,74.7,2025Q2,0.0,0.0,571.43,100.0,-13.37,0.0,6.688672370185741,8.443361850928707,-0.1091122533155657,0.0,84.0,100.0,36.26650427763931
3288,點晶,電子零組件業,2025-09-26,17.1,2025Q2,0.0,0.0,48.0,96.0,5.506666666666668,27.53333333333334,-18.315884273331083,0.0,0.0,0.0,47.0,67.5,36.25666666666667
5203,訊連,資訊服務業,2025-09-26,97.5,2025Q2,38.09,0.0,-61.11,0.0,19.82,99.1,13.567402147149634,42.83701073574817,-6.584056180866862,0.0,72.0461931887874,100.0,36.24555161036223
3556,禾瑞亞,半導體業,2025-09-26,38.15,2025Q2,0.0,0.0,-42.86,0.0,-10.226666666666667,0.0,13.31682405772717,41.584120288635845,2.462926747499581,100.0,70.0,100.0,36.23761804329538
6906,現觀科,數位雲端,2025-09-26,109.0,2025Q2,35.62,32.46163999340044,-67.11,0.0,-5.576666666666667,0.0,8.986635018678607,19.933175093393036,2.2247616719628454,100.0,69.5681272023209,100.0,36.236140263349
6856,鑫傳,文化創意業,2025-09-26,52.0,2025Q2,0.0,0.0,-63.71,0.0,-3.783333333333333,0.0,13.271587133099501,41.35793566549751,1.9961658970976253,100.0,67.0,100.0,36.203690349824626
6597,立誠,電子零組件業,2025-09-26,53.8,2025Q2,0.0,0.0,-83.25,0.0,-21.439999999999998,0.0,13.223098242875977,41.11549121437989,4.535560123329907,100.0,69.0,100.0,36.16732368215698
4123,晟德,生技醫療業,2025-09-26,38.85,2025Q2,0.0,0.0,71.59,100.0,-15.396666666666667,0.0,6.540121704924958,7.700608524624789,0.0,0.0,71.0,100.0,36.15509127869372
2901,欣欣,貿易百貨業,2025-09-26,25.7,2025Q2,73.43,0.0,-23.81,0.0,-2.0866666666666664,0.0,16.483020512341646,57.41510256170823,1.1137951859201105,87.68502656001579,85.5555205184096,100.0,36.14927069625939
6612,奈米醫材,生技醫療業,2025-09-26,91.6,2025Q2,0.0,0.0,-21.98,0.0,11.793333333333335,58.966666666666676,14.777029387170412,48.885146935852056,0.8037087141584452,43.38695916549218,53.0,82.5,36.05349720680958
3426,台興,電機機械,2025-09-26,41.5,2025Q2,0.0,0.0,-1.3,0.0,-35.693333333333335,0.0,13.060227124962074,40.30113562481037,1.7819764541554426,100.0,65.0,100.0,36.04517034372155
4148,全宇生技-KY,生技醫療業,2025-09-26,39.1,2025Q2,17.69,50.506186726659166,35.09,70.18,0.0,0.0,9.594084476410918,22.970422382054593,-4.3534847744667,0.0,64.1197469815053,100.0,36.04118202997411
6584,南俊國際,電子零組件業,2025-09-26,237.5,2025Q2,0.0,0.0,-24.83,0.0,22.006666666666664,100.0,15.372972835472961,51.8648641773648,0.30832609403844063,0.0,53.0,82.5,36.02972962660472
3188,鑫龍騰,建材營造業,2025-09-26,28.3,2025Q2,0.0,0.0,-72.44,0.0,145.74,100.0,32.08986610068368,100.0,-17.988456986520344,0.0,24.0,10.0,36.0
5258,虹堡,電腦及週邊設備業,2025-09-26,74.0,2025Q2,20.73,50.5278310940499,-90.2,0.0,2.473333333333333,12.366666666666665,5.742581179990756,3.71290589995378,8.778529599174682,100.0,51.3270459894367,78.31761497359174,35.91481382509056
1232,大統益,食品工業,2025-09-26,146.5,2025Q2,18.9,56.66666666666668,-11.09,0.0,-4.16,0.0,7.766780702494473,13.833903512472364,1.6513577741157608,100.0,52.6283747971888,81.570936992972,35.89884589283472
1734,杏輝,生技醫療業,2025-09-26,30.6,2025Q2,17.89,49.381327334083245,3.09,6.18,0.89,4.45,13.094446682367828,40.472233411839134,1.0019229916651888,71.70328452359841,52.355418658617,80.8885466465425,35.873479314558125
6789,采鈺,半導體業,2025-09-26,281.0,2025Q2,53.22,0.0,-10.47,0.0,-17.863333333333333,0.0,12.823828919411357,39.11914459705678,2.880614511238699,100.0,74.4735950356672,100.0,35.86787168955851
5289,宜鼎,電腦及週邊設備業,2025-09-26,310.0,2025Q2,0.0,0.0,-20.39,0.0,46.96333333333333,100.0,12.763895408869324,38.81947704434662,-1.321133421091458,0.0,66.0,100.0,35.82292155665199
6170,統振,通信網路業,2025-09-26,51.0,2025Q2,0.0,0.0,25.17,50.34,14.64333333333333,73.21666666666665,10.76777706398558,28.838885319927897,-0.5613910860879877,0.0,37.0,42.5,35.80416613132252
5388,中磊,通信網路業,2025-09-26,99.6,2025Q2,17.41,75.85178875638842,-48.69,0.0,5.266666666666667,26.333333333333332,3.129840111205589,0.0,5.151249890442862,100.0,31.7807836715923,29.451959178980747,35.79704146020359
2701,萬企,觀光餐旅,2025-09-26,11.1,2025Q2,20.94,42.36700077101001,8.33,16.66,-23.883333333333336,0.0,64.10897374853188,100.0,0.5837516603701979,11.964522910028268,85.1454052148964,100.0,35.79460465910665
3567,逸昌,半導體業,2025-09-26,26.45,2025Q2,0.0,0.0,-62.0,0.0,-15.043333333333331,0.0,12.664336573539423,38.32168286769711,2.8421585422831335,100.0,85.0,100.0,35.748252430154565
4554,橙的,其他電子業,2025-09-26,30.4,2025Q2,0.0,0.0,-78.51,0.0,42.589999999999996,100.0,12.923317296404285,39.616586482021425,-5.328383113632571,0.0,59.0,97.5,35.69248797230321
6865,偉康科技,數位雲端,2025-09-26,51.4,2025Q2,0.0,0.0,39.68,79.36,5.093333333333334,25.466666666666672,5.992829093392522,4.964145466962608,-2.559748881512484,0.0,62.0,100.0,35.677955153377724
5478,智冠,文化創意業,2025-09-26,107.0,2025Q2,0.0,0.0,-7.78,0.0,-12.713333333333333,0.0,17.222413341455024,61.11206670727511,1.6956948232388205,100.0,46.0,65.0,35.66681000609127
2945,三商家購,貿易百貨業,2025-09-26,37.3,2025Q2,18.2,85.11586452762924,3.61,7.22,2.936666666666667,14.683333333333334,1.1030693032699712,0.0,6.474577436937944,100.0,29.4521340421643,23.63033510541075,35.616286629970666
6965,中傑-KY,運動休閒,2025-09-26,98.0,2025Q2,13.1,55.89080459770115,-61.14,0.0,0.0,0.0,2.938404627782989,0.0,3.053488972967718,100.0,60.7236107485318,100.0,35.589080459770116
5236,凌陽創新,半導體業,2025-09-26,122.5,2025Q2,0.0,0.0,11.8,23.6,4.6866666666666665,23.433333333333334,29.003717584629275,100.0,0.48713911809953847,0.0,75.0,100.0,35.586666666666666
3583,辛耘,半導體業,2025-09-26,378.0,2025Q2,31.09,61.726291879613846,11.42,22.84,16.25,81.25,14.310265661101546,46.55132830550773,-0.5587528101674067,0.0,21.8259690607877,4.564922651969248,35.571820698984475
2947,振宇五金,居家生活,2025-09-26,89.9,2025Q2,0.0,0.0,13.21,26.419999999999998,7.19,35.95,4.626411854983129,0.0,2.7542281773605684,100.0,27.0,17.5,35.545
4584,君帆,電機機械,2025-09-26,53.0,2025Q2,0.0,0.0,16.37,32.74,-3.22,0.0,13.98401901101471,44.920095055073546,0.9752997279779696,67.89996113970996,48.0,70.0,35.50300648620303
5904,寶雅,居家生活,2025-09-26,461.0,2025Q2,0.0,0.0,6.4,12.8,5.510000000000001,27.55,13.723914458247533,43.61957229123766,2.1009847428686657,100.0,21.0,2.5,35.50293584368565
2497,怡利電,汽車工業,2025-09-26,48.15,2025Q2,19.98,43.04068522483939,-53.54,0.0,-7.59,0.0,9.970532643022342,24.852663215111708,2.006621971784642,100.0,49.5545194474452,73.886298618613,35.420597866612
6862,三集瑞-KY,電子零組件業,2025-09-26,149.0,2025Q2,18.28,63.77358490566037,-47.45,0.0,0.0,0.0,28.111677779021747,100.0,0.6411750713606089,20.167867337229847,66.8632450454852,100.0,35.41093195801201
4729,熒茂,光電業,2025-09-26,23.55,2025Q2,0.0,0.0,20.0,40.0,2.41,12.05,0.6771767107885076,0.0,15.482625482625483,100.0,32.0,30.0,35.41
2484,希華,電子零組件業,2025-09-26,22.2,2025Q2,36.39,0.0,-74.51,0.0,5.350000000000001,26.750000000000007,4.0044959385832986,0.0,3.472829818538499,100.0,80.8076909621462,100.0,35.35
6588,東典光電,通信網路業,2025-09-26,29.1,2025Q2,0.0,0.0,10.64,21.28,61.623333333333335,100.0,-62.78019531447655,0.0,0.0,0.0,70.0,100.0,35.32
2329,華泰,半導體業,2025-09-26,43.8,2025Q2,34.22,52.839295854628055,-32.5,0.0,32.31,100.0,6.601230826675847,8.006154133379235,0.4090921750755476,0.0,54.8962862934972,87.24071573374299,35.20892427884399
4935,茂林-KY,光電業,2025-09-26,45.75,2025Q2,20.33,51.382488479262676,-81.94,0.0,0.0,0.0,2.723932759598682,0.0,8.826107287146492,100.0,74.3872172134907,100.0,35.13824884792627
3645,達邁,電子零組件業,2025-09-26,67.8,2025Q2,61.08,0.0,-58.41,0.0,-1.93,0.0,11.831321436804844,34.15660718402422,3.7161300430865647,100.0,59.9518688483325,99.87967212083126,35.11145828968676
4535,至興,電機機械,2025-09-26,29.4,2025Q2,0.0,0.0,-63.49,0.0,-12.530000000000001,0.0,11.792880558091518,33.96440279045759,5.71787540074517,100.0,76.0,100.0,35.09466041856864
3259,鑫創,半導體業,2025-09-26,22.5,2025Q2,0.0,0.0,37.1,74.2,6.473333333333335,32.366666666666674,-82.50665699533295,0.0,0.0,0.0,77.0,100.0,35.02333333333334
2636,台驊控股,航運業,2025-09-26,69.6,2025Q2,7.56,96.87280393534786,-3.81,0.0,-32.919999999999995,0.0,4.052237251491854,0.0,1.6939575445447732,100.0,41.3424815599589,53.356203899897245,35.02290078352451
8047,星雲,其他電子業,2025-09-26,17.45,2025Q2,0.0,0.0,55.56,100.0,-21.146666666666665,0.0,-5.653124163132024,0.0,0.0,0.0,82.0,100.0,35.0
6838,台新藥,生技醫療業,2025-09-26,30.05,2025Q2,0.0,0.0,118.39,100.0,-100.0,0.0,-1616.6480029861887,0.0,0.30972363513055273,0.0,72.9807220225007,100.0,35.0
6198,瑞築,建材營造業,2025-09-26,30.0,2025Q2,0.0,0.0,61.9,100.0,-61.973333333333336,0.0,-19650.0,0.0,0.0,0.0,77.0,100.0,35.0
6684,安格,半導體業,2025-09-26,55.0,2025Q2,0.0,0.0,292.06,100.0,-19.896666666666665,0.0,-37.12656756135017,0.0,0.05670574849114475,0.0,91.0,100.0,35.0
8093,保銳,電子零組件業,2025-09-26,15.2,2025Q2,0.0,0.0,99.41,100.0,-45.656666666666666,0.0,-41.20622526127331,0.0,0.0,0.0,68.0,100.0,35.0
1340,勝悅-KY,塑膠工業,2025-09-26,8.51,2025Q2,0.0,0.0,51.75,100.0,0.0,0.0,-72.9272126905806,0.0,0.0,0.0,91.0691017910148,100.0,35.0
8477,創業家,數位雲端,2025-09-26,12.45,2025Q2,0.0,0.0,81.53,100.0,-49.656666666666666,0.0,-18.63286974960242,0.0,0.0,0.0,76.0,100.0,35.0
1417,嘉裕,紡織纖維,2025-09-26,8.13,2025Q2,0.0,0.0,105.56,100.0,-5.8,0.0,-25.09957880133582,0.0,-14.848958333333334,0.0,83.2209620235302,100.0,35.0
4416,三圓,建材營造業,2025-09-26,57.8,2025Q2,0.0,0.0,-90.0,0.0,1508.2466666666667,100.0,30.483474094254316,100.0,-214.12752721617417,0.0,12.0,0.0,35.0
8040,九暘,半導體業,2025-09-26,54.1,2025Q2,0.0,0.0,70.75,100.0,-0.9466666666666669,0.0,-13.262314985253049,0.0,0.0,0.0,95.0,100.0,35.0
2390,云辰,其他電子業,2025-09-26,10.2,2025Q2,0.0,0.0,141.67,100.0,-8.979999999999999,0.0,-3.781043663471779,0.0,-0.17674113009198422,0.0,88.2373932865907,100.0,35.0
6835,圓裕,電子零組件業,2025-09-26,38.95,2025Q2,15.21,78.25471698113206,-77.84,0.0,-3.213333333333333,0.0,9.697348938870478,23.48674469435239,1.1033414549251652,86.19163641788074,45.2414648887748,63.10366222193699,34.89717690803592
1440,南紡,紡織纖維,2025-09-26,13.35,2025Q2,0.0,0.0,60.0,100.0,-25.663333333333338,0.0,-3.081790330714009,0.0,0.0,0.0,59.3705517737207,98.42637943430175,34.84263794343018
8930,青鋼,鋼鐵工業,2025-09-26,30.4,2025Q2,0.0,0.0,-41.46,0.0,-8.483333333333333,0.0,16.71695182636602,58.5847591318301,1.0616114345140713,80.23020493058162,67.0,100.0,34.83375485589084
5432,新門,綠能環保,2025-09-26,123.5,2025Q2,0.0,0.0,-34.72,0.0,-4.363333333333333,0.0,11.3612780492023,31.806390246011496,1.5746937094615463,100.0,89.0,100.0,34.77095853690172
4912,聯德控股-KY,電子零組件業,2025-09-26,76.2,2025Q2,14.16,83.2075471698113,-37.45,0.0,0.0,0.0,3.8772289306360284,0.0,3.581801830679916,100.0,45.7132256477481,64.28306411937024,34.74906112891816
7732,金興精密,汽車工業,2025-09-26,36.7,2025Q2,26.79,6.584582441113485,-62.27,0.0,4.51,22.549999999999997,15.520970630977729,52.604853154888644,0.9085363619710569,58.3623374244367,82.3938105280226,100.0,34.73165370223199
3168,眾福科,光電業,2025-09-26,48.95,2025Q2,19.27,56.52437545476594,-26.58,0.0,-1.3233333333333333,0.0,9.067851874808868,20.339259374044342,2.3268749030127025,100.0,44.0488745298198,60.122186324549496,34.7155450840382
1723,中碳,化學工業,2025-09-26,82.0,2025Q2,19.85,55.83491461100568,-39.93,0.0,-30.24666666666667,0.0,11.330830036108573,31.65415018054286,1.0025050876246535,71.78644108923622,68.1020186764177,100.0,34.68890220602924
4755,三福化,化學工業,2025-09-26,124.5,2025Q2,37.28,0.0,-34.55,0.0,-9.513333333333334,0.0,11.843865167606175,34.219325838030876,1.9610954185325524,100.0,58.2133156388592,95.533289097148,34.68622778541943
2108,南帝,橡膠工業,2025-09-26,23.3,2025Q2,24.79,33.231276495525194,-38.89,0.0,-28.459999999999997,0.0,6.817377633264764,9.086888166323819,1.7595123617992336,100.0,81.0695610181797,100.0,34.68616087450109
1434,福懋,紡織纖維,2025-09-26,15.15,2025Q2,20.75,46.81750372948781,-64.0,0.0,-8.03,0.0,3.6958021737657223,0.0,7.151843093068503,100.0,68.2788683763288,100.0,34.681750372948784
6118,建達,電子通路業,2025-09-26,20.15,2025Q2,0.0,0.0,168.75,100.0,7.18,35.9,0.15796404511469933,0.0,-37.124518993586584,0.0,30.0,25.0,34.68
6933,AMAX-KY,電腦及週邊設備業,2025-09-26,177.0,2025Q2,32.66,0.0,79.47,100.0,0.0,0.0,3.8560295941185316,0.0,-6.79105319215588,0.0,58.6629621170883,96.65740529272074,34.66574052927207
2250,IKKA-KY,汽車工業,2025-09-26,89.8,2025Q2,18.79,49.41113490364026,-33.33,0.0,0.0,0.0,5.947208219554612,4.736041097773058,2.27509303597391,100.0,56.0539773882197,90.13494347054925,34.66501400208491
2241,艾姆勒,汽車工業,2025-09-26,29.0,2025Q2,0.0,0.0,49.3,98.6,-7.503333333333334,0.0,-30.06365506909435,0.0,0.0,0.0,64.5142651016112,100.0,34.65
1737,臺鹽,食品工業,2025-09-26,32.25,2025Q2,18.32,59.53086419753086,-9.8,0.0,0.9199999999999999,4.6,14.703654170340243,48.51827085170122,0.8667823446480859,52.39747780686942,78.511884702906,100.0,34.63032260888215
8482,商億-KY,居家生活,2025-09-26,52.5,2025Q2,16.01,39.28077455048409,-54.55,0.0,0.0,0.0,5.9291357787989805,4.645678893994902,1.6541470582395108,100.0,60.9146903874764,100.0,34.624929289147644
3040,遠見,其他業,2025-09-26,65.0,2025Q2,86.67,0.0,5.41,10.82,-5.046666666666667,0.0,7.44902270699989,12.245113534999449,1.253810416496862,100.0,67.359604857868,100.0,34.541767030249915
8299,群聯,半導體業,2025-09-26,642.0,2025Q2,0.0,0.0,-61.9,0.0,19.973333333333333,99.86666666666666,11.055363363240701,30.276816816203507,-1.9745648077812623,0.0,69.0,100.0,34.514855855763855
8213,志超,電子零組件業,2025-09-26,34.85,2025Q2,12.49,91.08490566037736,2.5,5.0,-1.7366666666666666,0.0,5.399569729775692,1.9978486488784597,1.072751730013302,81.82167571618602,49.6859203621262,74.21480090531549,34.44398309713826
6423,億而得-創,半導體業,2025-09-26,79.0,2025Q2,86.81,0.0,-15.38,0.0,-25.776666666666667,0.0,10.825376062786136,29.12688031393068,3.9834271099744245,100.0,84.6855955338901,100.0,34.369032047089604
2474,可成,其他電子業,2025-09-26,184.0,2025Q2,16.23,72.4187380497132,-75.28,0.0,-1.2633333333333336,0.0,18.74198232234236,68.70991161171179,0.736317321418443,33.759617345491854,63.6111651469244,100.0,34.30028401582646
3680,家登,半導體業,2025-09-26,338.0,2025Q2,0.0,0.0,-49.62,0.0,-17.37,0.0,16.01904759119049,55.09523795595245,1.866244351035068,100.0,44.0,60.0,34.264285693392864
9904,寶成,運動休閒,2025-09-26,28.5,2025Q2,6.4,100.0,-36.13,0.0,-11.023333333333333,0.0,4.488632948573901,0.0,1.567681729109136,100.0,36.8276179168227,42.06904479205676,34.206904479205676
2745,五福,觀光餐旅,2025-09-26,110.5,2025Q2,0.0,0.0,-9.73,0.0,10.923333333333332,54.61666666666666,6.0307519064014325,5.153759532007163,1.300529266300395,100.0,30.0,25.0,34.19639726313441
1514,亞力,電機機械,2025-09-26,100.5,2025Q2,36.68,47.62768629639966,-18.52,0.0,33.31,100.0,9.263415842683468,21.31707921341734,-0.7594538476058642,0.0,44.5718307086462,61.429576771615515,34.10328818881412
4569,六方科-KY,汽車工業,2025-09-26,151.5,2025Q2,41.39,0.0,-85.54,0.0,0.0,0.0,10.466569727564542,27.33284863782271,4.5955334987593055,100.0,70.2861928006438,100.0,34.09992729567341
2432,倚天酷-創,,2025-09-26,27.4,2025Q2,16.41,40.599999999999994,-32.43,0.0,24.060000000000002,100.0,2.230127342656392,0.0,-0.8936899650986811,0.0,64.1016428304356,100.0,34.06
1416,廣豐,其他業,2025-09-26,11.5,2025Q2,18.55,22.06896551724138,-41.86,0.0,8.58,42.9,-5.371542982784776,0.0,0.9628647781934794,66.12353974192563,70.6181314533949,100.0,34.011604500109264
6276,安鈦克,電腦及週邊設備業,2025-09-26,42.65,2025Q2,0.0,0.0,142.71,100.0,5.213333333333333,26.066666666666666,2.5351536795568816,0.0,-1.6477525589675122,0.0,35.0,37.5,33.96333333333334
4720,德淵,化學工業,2025-09-26,15.75,2025Q2,16.24,72.96015180265655,-62.65,0.0,-9.94,0.0,4.437542261839629,0.0,2.8158464184652945,100.0,46.4315899889445,66.07897497236127,33.90391267750178
2049,上銀,電機機械,2025-09-26,216.0,2025Q2,47.37,17.792352777002506,-36.59,0.0,-6.69,0.0,7.797508234891904,13.987541174459519,2.6735098716251855,100.0,67.7639172701706,100.0,33.87736645386918
6470,宇智,通信網路業,2025-09-26,40.25,2025Q2,0.0,0.0,-92.35,0.0,-7.476666666666667,0.0,10.146582237855366,25.73291118927683,29.612114989733058,100.0,60.0,100.0,33.85993667839152
6411,晶焱,半導體業,2025-09-26,72.3,2025Q2,0.0,0.0,-45.7,0.0,-15.213333333333333,0.0,9.930753257192618,24.65376628596309,1.3469834749482261,100.0,75.0,100.0,33.69806494289446
3484,崧騰,電子零組件業,2025-09-26,49.0,2025Q2,0.0,0.0,6.57,13.140000000000002,1.24,6.2,9.508122100579193,22.540610502895966,1.0789131517869077,82.7018788267011,57.0,92.5,33.69646734077462
6538,倉和,電子零組件業,2025-09-26,77.6,2025Q2,0.0,0.0,-78.23,0.0,-47.22,0.0,11.907572905135574,34.53786452567787,8.18690243272177,100.0,54.0,85.0,33.68067967885168
2104,國際中橡,橡膠工業,2025-09-26,10.9,2025Q2,0.0,0.0,69.01,100.0,-22.723333333333333,0.0,-10.539798852141422,0.0,0.0,0.0,54.6639039687885,86.65975992197126,33.665975992197126
2236,百達-KY,汽車工業,2025-09-26,110.5,2025Q2,14.15,74.25053533190578,928.57,100.0,0.0,0.0,1.5003682990042286,0.0,0.34534892767303754,0.0,24.9181336174033,12.295334043508248,33.6545869375414
6508,惠光,農業科技業,2025-09-26,24.8,2025Q2,0.0,0.0,-86.32,0.0,-22.0,0.0,9.814785418905277,24.073927094526386,8.909928819127577,100.0,82.0,100.0,33.611089064178955
3537,堡達,電子零組件業,2025-09-26,38.45,2025Q2,0.0,0.0,-97.91,0.0,1.7966666666666669,8.983333333333334,7.981022358739312,14.905111793696562,87.93015396169733,100.0,58.0,95.0,33.53243343572115
8435,鉅邁,其他業,2025-09-26,58.7,2025Q2,0.0,0.0,-47.84,0.0,-13.866666666666667,0.0,23.388887590285407,91.94443795142703,0.8397031364485098,48.52901949264426,78.0,100.0,33.497469591242904
7715,裕山,綠能環保,2025-09-26,36.0,2025Q2,0.0,0.0,-4.96,0.0,-30.44333333333333,0.0,10.635953378470253,28.179766892351267,4.04241316754724,100.0,57.0,92.5,33.47696503385269
2949,欣新網,數位雲端,2025-09-26,70.4,2025Q2,0.0,0.0,16.38,32.76,21.743333333333336,100.0,3.108665942351575,0.0,-0.016362430766830485,0.0,41.0,52.5,33.44
6214,精誠,資訊服務業,2025-09-26,119.0,2025Q2,18.59,67.19376391982182,-25.78,0.0,24.093333333333334,100.0,4.823740018799156,0.0,-2.9522542529120925,0.0,46.8487369611062,67.1218424027655,33.43156063225873
6488,環球晶,半導體業,2025-09-26,458.0,2025Q2,0.0,0.0,-53.28,0.0,-10.88,0.0,15.908124283223653,54.54062141611826,2.01884115008644,100.0,41.0,52.5,33.431093212417736
3289,宜特,其他電子業,2025-09-26,115.5,2025Q2,0.0,0.0,-22.52,0.0,17.61,88.05,9.006711553076931,20.033557765384653,0.7728644567931333,38.980636684733334,40.0,50.0,33.411161001754365
3010,華立,電子通路業,2025-09-26,94.4,2025Q2,11.29,81.11653447223918,-12.44,0.0,-10.023333333333333,0.0,3.212086871666351,0.0,3.0814431150338994,100.0,41.0440358661825,52.610089665456236,33.37266241376955
2107,厚生,橡膠工業,2025-09-26,23.9,2025Q2,14.23,82.97220913801225,-18.42,0.0,-21.823333333333334,0.0,25.076061997703793,100.0,0.3461908942592389,0.0,84.1115713187397,100.0,33.297220913801226
6692,進能服,綠能環保,2025-09-26,33.4,2025Q2,0.0,0.0,208.33,100.0,-43.48666666666666,0.0,4.907277139145568,0.0,-6.430217557669181,0.0,53.0,82.5,33.25
3276,宇環,電子零組件業,2025-09-26,14.25,2025Q2,0.0,0.0,120.83,100.0,-28.02333333333333,0.0,-21.150683013893588,0.0,-22.139244272537937,0.0,53.0,82.5,33.25
2439,美律,通信網路業,2025-09-26,100.5,2025Q2,15.51,83.94378194207836,-63.71,0.0,-0.04666666666666656,0.0,1.815869754022284,0.0,2.938857516728959,100.0,39.3737624562947,48.43440614073675,33.23781880828151
1597,直得,電機機械,2025-09-26,77.8,2025Q2,127.54,0.0,-73.02,0.0,-2.77,0.0,10.275722163490384,26.37861081745192,3.634095070183766,100.0,57.0914864952358,92.72871623808949,33.22966324642674
3088,艾訊,電腦及週邊設備業,2025-09-26,78.6,2025Q2,0.0,0.0,-69.48,0.0,-3.9633333333333334,0.0,9.259606349971087,21.298031749855433,2.879571801983359,100.0,65.0,100.0,33.19470476247832
4736,泰博,生技醫療業,2025-09-26,119.5,2025Q2,12.14,81.72103487064118,-32.77,0.0,-10.85,0.0,29.501812336856315,100.0,0.23792334948201035,0.0,68.5233558819487,100.0,33.17210348706412
6967,汎瑋材料,電子零組件業,2025-09-26,56.3,2025Q2,0.0,0.0,-22.28,0.0,-1.0366666666666664,0.0,9.19347693020591,20.967384651029548,2.8255859926574414,100.0,64.0,100.0,33.14510769765443
4153,鈺緯,生技醫療業,2025-09-26,38.8,2025Q2,0.0,0.0,-8.51,0.0,-0.08333333333333363,0.0,13.856752862839294,44.28376431419647,1.0754099007556774,82.20141439366822,70.0,100.0,33.082847525863116
6266,泰詠,電子零組件業,2025-09-26,29.9,2025Q2,0.0,0.0,-24.6,0.0,-2.0,0.0,11.908387684278967,34.54193842139483,1.126277441977869,89.46820599683842,64.0,100.0,33.07493196257691
2374,佳能,光電業,2025-09-26,86.6,2025Q2,55.51,0.0,-31.73,0.0,52.696666666666665,100.0,9.086983975645657,20.434919878228282,0.011889862327909888,0.0,65.2412724216738,100.0,33.06523798173424
2070,精湛,電機機械,2025-09-26,37.8,2025Q2,0.0,0.0,-69.28,0.0,-13.946666666666667,0.0,9.0475998087658,20.237999043828996,2.761127350945894,100.0,61.0,100.0,33.035699856574354
9935,慶豐富,居家生活,2025-09-26,20.25,2025Q2,12.66,62.448132780082986,-71.7,0.0,-13.99,0.0,10.631793435244624,28.158967176223122,6.43543469146625,100.0,30.2238351161139,25.55958779028475,33.024617133470244
7704,明遠精密,半導體業,2025-09-26,47.9,2025Q2,0.0,0.0,-58.06,0.0,-14.4,0.0,8.94001768047358,19.700088402367903,1.878270114287884,100.0,85.0,100.0,32.95501326035519
3588,通嘉,半導體業,2025-09-26,52.3,2025Q2,42.52,29.273140261215215,-68.13,0.0,-24.356666666666666,0.0,4.672811609202586,0.0,8.693100894434,100.0,84.805641295892,100.0,32.92731402612152
3687,歐買尬,數位雲端,2025-09-26,77.4,2025Q2,0.0,0.0,-25.2,0.0,4.133333333333334,20.666666666666668,16.720753795695757,58.60376897847879,10.97261468056514,100.0,16.0,0.0,32.923898680105154
5225,東科-KY,其他電子業,2025-09-26,111.5,2025Q2,9.35,100.0,-9.21,0.0,0.0,0.0,7.743388561772163,13.716942808860816,0.9831332549809716,69.01903642585309,48.1229856183026,70.30746404575649,32.89209511107539
5871,中租-KY,其他業,2025-09-26,115.0,2025Q2,10.08,80.48275862068965,-16.43,0.0,0.0,0.0,27.77132226063336,100.0,0.844479518286217,49.211359755173866,17.3742533592235,0.0,32.89054781310374
4577,達航科技,其他電子業,2025-09-26,37.15,2025Q2,0.0,0.0,20.41,40.82,15.159999999999998,75.79999999999998,-11.629086075654492,0.0,0.0,0.0,50.0,75.0,32.864999999999995
6887,寶綠特-KY,綠能環保,2025-09-26,71.5,2025Q2,10.83,88.65760407816484,15.74,31.480000000000004,0.0,0.0,6.8925299027351725,9.462649513675862,0.6822466856938112,26.0352408134016,57.9167305879908,94.791826469977,32.84138864454589
2062,橋椿,居家生活,2025-09-26,21.9,2025Q2,17.66,27.869986168741367,-82.12,0.0,-20.183333333333334,0.0,0.9980055014753239,0.0,12.052413793103447,100.0,69.1565496664418,100.0,32.786998616874136
6855,數泓科,其他電子業,2025-09-26,119.0,2025Q2,0.0,0.0,-57.4,0.0,-1.0,0.0,38.2355873447216,100.0,0.7712716916962036,38.75309881374337,62.0,100.0,32.75061976274867
6754,匯僑設計,居家生活,2025-09-26,48.3,2025Q2,12.48,63.692946058091295,-75.98,0.0,-27.39,0.0,4.642637968290394,0.0,3.2873926538073386,100.0,45.2295096609397,63.07377415234925,32.676672021044055
2727,王品,觀光餐旅,2025-09-26,227.5,2025Q2,14.68,74.5438190696479,-1.62,0.0,1.9300000000000004,9.650000000000002,8.071271446425946,15.35635723212973,2.1130101888405313,100.0,23.8706676184867,9.676669046216748,32.65550239640592
1722,台肥,化學工業,2025-09-26,49.35,2025Q2,28.04,16.982922201138507,-31.65,0.0,0.9533333333333333,4.766666666666667,2.5808223393595506,0.0,1.5716028801074193,100.0,65.852034208797,100.0,32.65162555344718
6285,啟,通信網路業,2025-09-26,115.0,2025Q2,18.88,69.59114139693357,-26.8,0.0,-5.740000000000001,0.0,3.443901185312074,0.0,5.661757075538569,100.0,42.7680930754048,56.920232688511994,32.65113740854456
4192,杏國,生技醫療業,2025-09-26,28.15,2025Q2,0.0,0.0,5.26,10.52,50.76666666666667,100.0,-193.53128313891835,0.0,0.0,0.0,93.0,100.0,32.629999999999995
4137,麗豐-KY,生技醫療業,2025-09-26,103.0,2025Q2,18.63,45.21934758155233,-8.08,0.0,0.0,0.0,13.885390050503233,44.426950252516164,0.9566845234158565,65.24064620226522,53.5285075257537,83.82126881438425,32.61623341792413
4747,強生,生技醫療業,2025-09-26,71.7,2025Q2,0.0,0.0,-5.21,0.0,-12.836666666666666,0.0,15.834684295850266,54.173421479251324,1.0056266360055777,72.23237657222539,83.0,100.0,32.57248853633278
7709,榮田,電機機械,2025-09-26,37.3,2025Q2,0.0,0.0,-80.79,0.0,-14.469999999999999,0.0,8.391449868654407,16.957249343272036,10.464607311109786,100.0,70.0,100.0,32.543587401490804
1313,聯成,塑膠工業,2025-09-26,10.6,2025Q2,0.0,0.0,69.61,100.0,-14.063333333333333,0.0,-1.4940216818430403,0.0,0.0,0.0,49.7851713673507,74.46292841837675,32.446292841837675
6023,元大期,金融保險業,2025-09-26,85.8,2025Q2,0.0,0.0,24.85,49.7,-30.756666666666664,0.0,-30.31215446589804,0.0,1.620380893871909,100.0,9.0,0.0,32.425
6204,艾華,電子零組件業,2025-09-26,68.0,2025Q2,0.0,0.0,-32.86,0.0,0.8200000000000008,4.100000000000004,8.103933277402161,15.519666387010805,1.1741869730380803,96.31242471972577,68.0,100.0,32.41043490199677
3013,晟銘電,電腦及週邊設備業,2025-09-26,113.0,2025Q2,31.13,0.6238003838771711,1.47,2.94,-20.700000000000003,0.0,8.523873718032839,17.619368590164193,1.4824960286290934,100.0,55.8662466007177,89.66561650179426,32.406846977091774
1210,大成,食品工業,2025-09-26,51.7,2025Q2,12.89,86.34567901234568,-10.31,0.0,-4.8966666666666665,0.0,4.653013435100413,0.0,2.0133278530891325,100.0,35.0772860226809,37.69321505670226,32.403889406904796
9941,裕融,其他業,2025-09-26,100.5,2025Q2,13.82,54.68965517241379,-15.37,0.0,-5.669999999999999,0.0,14.210810461490336,46.054052307451684,4.054013996217622,100.0,13.1617059061997,0.0,32.37707336335913
4580,捷流閥業,電機機械,2025-09-26,88.5,2025Q2,0.0,0.0,-57.81,0.0,3.016666666666667,15.083333333333334,13.034617843946606,40.17308921973303,0.9666130083951422,66.65900119930603,67.0,100.0,32.37443028948783
2351,順德,半導體業,2025-09-26,77.8,2025Q2,39.1,38.98353208404315,-81.43,0.0,-15.216666666666667,0.0,4.258156108696692,0.0,2.1254275940706955,100.0,53.857668566706,84.64417141676502,32.362770350080815
2467,志聖,電子零組件業,2025-09-26,187.0,2025Q2,39.29,0.0,-0.83,0.0,24.683333333333334,100.0,16.070748909335535,55.353744546677675,0.17044857094915822,0.0,36.2290770002268,40.572692500567,32.36033093205835
8476,台境*,綠能環保,2025-09-26,19.0,2025Q2,27.94,0.0,-72.31,0.0,-47.24,0.0,12.336237198148494,36.68118599074247,1.7778820689886359,100.0,47.4244113381565,68.56102834539126,32.3582807331505
3483,力致,電腦及週邊設備業,2025-09-26,105.5,2025Q2,0.0,0.0,-60.21,0.0,5.266666666666667,26.333333333333332,2.4280305166737444,0.0,4.490354811164079,100.0,48.0,70.0,32.266666666666666
6556,勝品,光電業,2025-09-26,72.5,2025Q2,0.0,0.0,-49.51,0.0,-9.56,0.0,18.11596975521028,65.57984877605139,0.9335560546720691,61.936579238867026,68.0,100.0,32.22429316418111
2492,華新科,電子零組件業,2025-09-26,105.5,2025Q2,29.47,10.99056603773585,-77.25,0.0,4.153333333333333,20.766666666666666,5.680925650828082,3.404628254140411,6.750278044724709,100.0,45.7486902715539,64.37172567888474,32.200256743116455
6727,亞泰金屬,電子零組件業,2025-09-26,160.0,2025Q2,0.0,0.0,-46.55,0.0,23.296666666666667,100.0,15.899360042595188,54.49680021297594,-2.604335950249953,0.0,36.0,40.0,32.17452003194639
7721,微程式,數位雲端,2025-09-26,60.7,2025Q2,48.95,0.0,-86.7,0.0,-22.05,0.0,7.807869558380608,14.03934779190304,4.341116357286075,100.0,77.0625754408813,100.0,32.105902168785455
5906,台南-KY,貿易百貨業,2025-09-26,48.8,2025Q2,28.05,50.0,6.67,13.34,0.0,0.0,3.1303402113367205,0.0,1.3248755039127342,100.0,34.5955398904973,36.48884972624325,31.983884972624328
6469,大樹,生技醫療業,2025-09-26,128.0,2025Q2,0.0,0.0,-5.84,0.0,10.48,52.400000000000006,4.13161792712345,0.0,1.2526958113041387,100.0,26.0,15.0,31.980000000000004
6579,研揚,電腦及週邊設備業,2025-09-26,119.5,2025Q2,37.46,0.0,-64.29,0.0,23.836666666666662,100.0,7.629263040090162,13.146315200450811,0.1566209567675076,0.0,63.8049868330913,100.0,31.97194728006762
8074,鉅橡,電子零組件業,2025-09-26,27.2,2025Q2,0.0,0.0,-43.33,0.0,3.0499999999999994,15.249999999999996,8.51813796400345,17.590689820017253,3.1125674354610955,100.0,45.0,62.5,31.938603473002587
6840,東研信超,其他電子業,2025-09-26,61.7,2025Q2,0.0,0.0,-46.59,0.0,-0.6299999999999999,0.0,7.493751388898434,12.468756944492169,2.6758674519264884,100.0,61.0,100.0,31.870313541673823
7718,友鋮,鋼鐵工業,2025-09-26,48.6,2025Q2,0.0,0.0,-80.06,0.0,-13.953333333333333,0.0,7.469984348274017,12.349921741370085,1.4822035352668612,100.0,70.0,100.0,31.85248826120551
6151,晉倫,其他電子業,2025-09-26,29.15,2025Q2,0.0,0.0,-7.59,0.0,-2.25,0.0,8.467951790140473,17.339758950702368,3.365596466851925,100.0,57.0,92.5,31.850963842605356
8255,朋程,電機機械,2025-09-26,136.0,2025Q2,0.0,0.0,-37.93,0.0,0.8000000000000007,4.0000000000000036,11.044482898975232,30.22241449487616,3.075768939504267,100.0,46.0,65.0,31.833362174231425
6844,諾貝兒,生技醫療業,2025-09-26,91.0,2025Q2,0.0,0.0,-25.85,0.0,1.8266666666666669,9.133333333333335,2.0771042424473265,0.0,3.3523524505715545,100.0,63.0,100.0,31.826666666666668
8227,巨有科技,半導體業,2025-09-26,153.5,2025Q2,0.0,0.0,-84.71,0.0,118.24333333333334,100.0,7.4099618965812715,12.049809482906356,-10.640297369424323,0.0,62.0,100.0,31.807471422435952
2897,王道銀行,金融保險業,2025-09-26,9.01,2025Q2,12.18,56.80948737566948,-41.82,0.0,11.096666666666666,55.48333333333333,45.54690086112269,100.0,-4.690877858154766,0.0,6.14814176819219,0.0,31.77761540423361
3388,崇越電,電子零組件業,2025-09-26,62.6,2025Q2,0.0,0.0,2.16,4.32,-5.550000000000001,0.0,5.919408213436331,4.597041067181653,1.7894928701618955,100.0,65.0,100.0,31.769556160077247
6174,安,電子零組件業,2025-09-26,21.35,2025Q2,0.0,0.0,-11.11,0.0,48.26,100.0,7.314827571143915,11.574137855719572,-1.8690213392200148,0.0,70.0,100.0,31.736120678357935
1225,福懋油,食品工業,2025-09-26,28.95,2025Q2,20.68,47.87654320987655,-11.11,0.0,-4.8133333333333335,0.0,3.7713922558099555,0.0,4.437917736396824,100.0,47.7437825683009,69.35945642075225,31.72359996306288
4116,明基醫,生技醫療業,2025-09-26,48.5,2025Q2,0.0,0.0,-37.93,0.0,10.76,53.800000000000004,6.28038983263791,6.401949163189551,4.155054005119561,100.0,20.0,0.0,31.720292374478433
1402,遠東新,紡織纖維,2025-09-26,27.5,2025Q2,17.74,61.78518150174044,-34.65,0.0,-11.453333333333333,0.0,7.994717704345482,14.973588521727411,5.408839223919965,100.0,33.0718938006677,32.67973450166926,31.692529878600084
3033,威健,電子通路業,2025-09-26,27.8,2025Q2,17.27,44.63087248322148,-72.58,0.0,6.13,30.65,0.9318187710473214,0.0,24.717268426294822,100.0,24.3121255363758,10.780313840939497,31.671118632416096
6121,新普,電腦及週邊設備業,2025-09-26,365.0,2025Q2,0.0,0.0,4.28,8.56,-4.473333333333334,0.0,8.688806673814037,18.444033369070183,1.9023597756685198,100.0,47.0,67.5,31.65660500536053
4958,臻鼎-KY,電子零組件業,2025-09-26,165.0,2025Q2,17.59,67.02830188679245,-16.13,0.0,0.0,0.0,4.446193430729847,0.0,14.750828293537532,100.0,39.5006695874341,48.75167396858526,31.577997585537773
6245,立端,通信網路業,2025-09-26,78.7,2025Q2,0.0,0.0,-32.96,0.0,-12.123333333333335,0.0,6.9890832087196655,9.945416043598328,2.5473245450540514,100.0,64.0,100.0,31.49181240653975
6570,維田,電腦及週邊設備業,2025-09-26,43.6,2025Q2,0.0,0.0,-38.75,0.0,-0.046666666666666856,0.0,7.310296093381956,11.551480466909778,1.992047386606702,100.0,59.0,97.5,31.482722070036466
6292,迅德,電子零組件業,2025-09-26,40.8,2025Q2,0.0,0.0,-100.0,0.0,-6.983333333333333,0.0,6.940444483737995,9.702222418689974,1221.8,100.0,65.0,100.0,31.455333362803497
9960,邁達康,運動休閒,2025-09-26,21.7,2025Q2,0.0,0.0,-53.61,0.0,-16.666666666666668,0.0,7.923106487811332,14.615532439056661,4.191688829787234,100.0,57.0,92.5,31.4423298658585
5706,鳳凰,觀光餐旅,2025-09-26,52.7,2025Q2,15.45,70.58596761757903,-19.02,0.0,-2.176666666666667,0.0,6.7395249460278475,8.697624730139237,1.033890125211143,76.27001788730614,51.2562157765239,78.14053944130976,31.431297992870995
2468,華經,資訊服務業,2025-09-26,53.0,2025Q2,53.0,0.0,8.7,17.4,25.273333333333337,100.0,2.4016176634658497,0.0,-11.37818202457644,0.0,48.2920354297224,70.730088574306,31.423008857430602
6133,金橋,電子零組件業,2025-09-26,16.5,2025Q2,42.31,0.0,-68.42,0.0,0.20333333333333284,1.0166666666666642,6.535885034252455,7.679425171262273,5.049551220235887,100.0,62.5828322094834,100.0,31.355247109022674
6592,和潤企業,其他業,2025-09-26,69.3,2025Q2,17.77,27.44827586206897,-24.11,0.0,-22.78333333333333,0.0,16.463984769519307,57.319923847596534,6.394004701833666,100.0,11.408503482257,0.0,31.342816163346377
6645,金萬林-創,,2025-09-26,23.6,2025Q2,0.0,0.0,6.54,13.08,19.183333333333334,95.91666666666667,-37.391834728731155,0.0,0.0,0.0,55.4437823642513,88.60945591062824,31.314278924396156
9944,新麗,其他業,2025-09-26,16.95,2025Q2,0.0,0.0,-77.12,0.0,-3.9266666666666663,0.0,8.04922989700463,15.246149485023148,3.538867528836071,100.0,55.9480512528579,89.87012813214476,31.273935235967947
1512,瑞利,汽車工業,2025-09-26,8.3,2025Q2,0.0,0.0,111.11,100.0,5.483333333333333,27.416666666666668,-3.5500076895473422,0.0,-76.7078947368421,0.0,23.1136276167797,7.7840690419492455,31.261740237528258
6624,萬年清,綠能環保,2025-09-26,33.05,2025Q2,0.0,0.0,67.69,100.0,-18.00333333333333,0.0,4.427632611083027,0.0,0.0,0.0,45.0,62.5,31.25
2605,新興,航運業,2025-09-26,23.15,2025Q2,23.62,0.0,-87.78,0.0,-10.723333333333334,0.0,6.630835064350449,8.154175321752245,8.368022749516419,100.0,76.918881535272,100.0,31.223126298262837
6215,和椿,其他電子業,2025-09-26,122.5,2025Q2,70.0,0.0,-35.64,0.0,62.43666666666667,100.0,6.567036799119023,7.8351839955951155,-1.672912735628748,0.0,60.7113769417804,100.0,31.175277599339267
1459,聯發,紡織纖維,2025-09-26,11.7,2025Q2,27.86,11.461959224266538,-67.57,0.0,0.013333333333333322,0.06666666666666661,0.07594153613057499,0.0,1.9936054314360148,100.0,66.0882754774147,100.0,31.159529255759985
4915,致伸,電子零組件業,2025-09-26,77.3,2025Q2,13.28,87.35849056603774,11.46,22.92,-2.8033333333333332,0.0,4.921298086341995,0.0,0.9384016383149575,62.628805473565365,36.5243213351499,41.310803337874745,31.12269048510432
3324,雙鴻,其他電子業,2025-09-26,815.0,2025Q2,0.0,0.0,-36.34,0.0,19.313333333333333,96.56666666666666,12.314908118058861,36.574540590294305,-0.4826308884485845,0.0,45.0,62.5,31.04951442187748
6640,均華,半導體業,2025-09-26,708.0,2025Q2,0.0,0.0,-28.75,0.0,107.56666666666666,100.0,15.723567277259315,53.61783638629658,-0.2608468810651752,0.0,32.0,30.0,31.042675457944487
6196,帆宣,其他電子業,2025-09-26,241.5,2025Q2,22.18,43.97705544933079,49.3,98.6,-28.036666666666665,0.0,5.2627929968794955,1.3139649843974777,-0.48068948397644656,0.0,26.6835149533264,16.708787383316004,30.9156790309243
1336,台翰,電子零組件業,2025-09-26,17.55,2025Q2,0.0,0.0,-60.82,0.0,-9.893333333333333,0.0,6.878876735291173,9.394383676455863,2.5198590537443124,100.0,58.0,95.0,30.90915755146838
6655,科定,其他業,2025-09-26,115.0,2025Q2,27.58,0.0,-30.45,0.0,-1.5233333333333334,0.0,16.987690091808112,59.93845045904056,1.369646469584051,100.0,27.554749923278,18.886874808194996,30.879455049675585
6803,崑鼎,綠能環保,2025-09-26,284.5,2025Q2,0.0,0.0,1.37,2.74,15.246666666666668,76.23333333333335,18.46452061015681,67.32260305078405,-1.2559440450627082,0.0,39.0,47.5,30.780057124284276
6937,天虹,半導體業,2025-09-26,240.0,2025Q2,54.55,0.0,-61.74,0.0,-17.203333333333333,0.0,5.934257832562918,4.671289162814589,1.4848627220672441,100.0,76.3511575630369,100.0,30.700693374422187
5364,力麗店,觀光餐旅,2025-09-26,16.9,2025Q2,0.0,0.0,41.35,82.7,-1.3733333333333333,0.0,-25.304001046025103,0.0,0.0,0.0,62.0,100.0,30.675
3176,基亞,生技醫療業,2025-09-26,28.95,2025Q2,0.0,0.0,200.0,100.0,4.146666666666666,20.733333333333327,4.595699364763437,0.0,-1.1910009467786244,0.0,26.0,15.0,30.646666666666665
2354,鴻準,其他電子業,2025-09-26,70.1,2025Q2,29.45,9.225621414913965,-12.4,0.0,110.05,100.0,1.303452812202124,0.0,-1.3043923724114654,0.0,58.8582035531802,97.14550888295051,30.63711302978645
6637,醫影,生技醫療業,2025-09-26,80.1,2025Q2,0.0,0.0,18.03,36.06,1.8666666666666665,9.333333333333332,17.922389114776426,64.61194557388212,-3.2327341972040315,0.0,62.0,100.0,30.573458502748984
9914,美利達,運動休閒,2025-09-26,103.0,2025Q2,0.0,0.0,-24.02,0.0,-20.013333333333332,0.0,8.982374774072955,19.911873870364776,1.6185135501021488,100.0,50.2836149819771,75.70903745494275,30.55768482604899
4542,科嶠,電子零組件業,2025-09-26,58.8,2025Q2,0.0,0.0,-36.0,0.0,90.81666666666666,100.0,12.031167364247032,35.15583682123516,0.043365021487172806,0.0,41.0,52.5,30.523375523185273
5353,台林,通信網路業,2025-09-26,26.4,2025Q2,0.0,0.0,-54.13,0.0,-0.5000000000000003,0.0,5.686185473619281,3.4309273680964036,1.758039653431138,100.0,63.0,100.0,30.51463910521446
2347,聯強,電子通路業,2025-09-26,62.6,2025Q2,12.52,73.61195851128738,-21.99,0.0,-8.93,0.0,1.7598521008546757,0.0,5.56656422140273,100.0,32.5823347182586,31.4558367956465,30.50677953069339
2066,世德,電機機械,2025-09-26,61.8,2025Q2,0.0,0.0,-87.45,0.0,-10.486666666666666,0.0,7.2977414673220675,11.488707336610338,2.9699353647276086,100.0,55.0,87.5,30.473306100491552
6716,應廣,半導體業,2025-09-26,50.2,2025Q2,0.0,0.0,-85.8,0.0,-14.11,0.0,5.607892507050192,3.0394625352509586,3.294562041194498,100.0,63.0,100.0,30.455919380287643
4529,淳紳,其他業,2025-09-26,3.81,2025Q2,0.0,0.0,40.91,81.82,-20.070000000000004,0.0,-1274.9537550869404,0.0,0.0,0.0,92.0,100.0,30.455
6843,進典,電機機械,2025-09-26,58.1,2025Q2,0.0,0.0,-1.06,0.0,14.646666666666667,73.23333333333333,13.602428976076867,43.012144880384334,-0.010886369492398866,0.0,57.0,92.5,30.348488398724317
6197,佳必琪,電子零組件業,2025-09-26,154.0,2025Q2,19.69,57.12264150943396,-18.95,0.0,6.13,30.65,19.94006517759691,74.70032588798455,0.35743068277903045,0.0,48.9511968595594,72.3779921488985,30.28511224903093
6689,伊雲谷,數位雲端,2025-09-26,74.0,2025Q2,33.18,40.513116647417924,-4.6,0.0,-12.15,0.0,0.14468471934055016,0.0,3.3330394300627777,100.0,44.8883139261555,62.22078481538874,30.273390146280665
8072,陞泰,電子通路業,2025-09-26,34.45,2025Q2,50.66,0.0,-79.17,0.0,29.59,100.0,5.344353276489667,1.721766382448333,-2.85830549130472,0.0,83.7794460734718,100.0,30.25826495736725
3163,波若威,通信網路業,2025-09-26,211.5,2025Q2,0.0,0.0,-85.25,0.0,19.88,99.4,5.386132276601453,1.9306613830072639,-0.9513888888888888,0.0,72.0,100.0,30.169599207451093
3715,定穎投控,電子零組件業,2025-09-26,86.9,2025Q2,25.34,30.471698113207534,-15.63,0.0,4.76,23.799999999999997,7.01226685340931,10.061334267046549,2.253256564639088,100.0,23.3497296263673,8.374324065918248,30.153802357969557
6208,日揚,半導體業,2025-09-26,48.1,2025Q2,0.0,0.0,-1.42,0.0,4.57,22.85,10.292131012575016,26.460655062875084,1.1027710294564228,86.11014706520325,37.0,42.5,30.011127672471915
3438,類比科,半導體業,2025-09-26,46.05,2025Q2,0.0,0.0,-85.26,0.0,-1.306666666666666,0.0,5.00185178702054,0.009258935102698373,5.502159344750559,100.0,83.0,100.0,30.001388840265406
3623,富晶通,光電業,2025-09-26,22.3,2025Q2,0.0,0.0,-84.0,0.0,23.796666666666667,100.0,-6.821000677688698,0.0,0.0,0.0,76.0,100.0,30.0
3555,博士旺,半導體業,2025-09-26,55.0,2025Q2,0.0,0.0,-7.79,0.0,759.0633333333334,100.0,-68.03799171285584,0.0,0.0,0.0,64.0,100.0,30.0
1233,天仁,食品工業,2025-09-26,30.5,2025Q2,38.61,0.0,-31.67,0.0,-5.636666666666667,0.0,4.037390038204243,0.0,2.5877669589542203,100.0,60.1193766440589,100.0,30.0
1521,大億,汽車工業,2025-09-26,25.55,2025Q2,51.1,0.0,-73.86,0.0,-0.20666666666666686,0.0,3.625413361204873,0.0,2.2430555555555554,100.0,62.408727016803,100.0,30.0
6872,浩宇生醫,生技醫療業,2025-09-26,20.0,2025Q2,0.0,0.0,-30.0,0.0,802.9033333333333,100.0,-1535.9375,0.0,0.0,0.0,91.0,100.0,30.0
6283,淳安,其他電子業,2025-09-26,24.55,2025Q2,52.23,0.0,-157.89,0.0,40.833333333333336,100.0,-13.631642773458044,0.0,0.0,0.0,66.791407398965,100.0,30.0
6426,統新,通信網路業,2025-09-26,70.0,2025Q2,0.0,0.0,-5.95,0.0,73.81666666666666,100.0,-22.972909460069182,0.0,0.0,0.0,86.4379721632338,100.0,30.0
3115,富榮綱,電子零組件業,2025-09-26,12.45,2025Q2,0.0,0.0,-10.81,0.0,59.355000000000004,100.0,-1152.7689873417721,0.0,0.0,0.0,93.0,100.0,30.0
6695,芯鼎,半導體業,2025-09-26,50.0,2025Q2,0.0,0.0,-136.51,0.0,22.876666666666665,100.0,-24.381929824561404,0.0,0.0,0.0,86.358421581401,100.0,30.0
6693,廣閎科,半導體業,2025-09-26,60.3,2025Q2,0.0,0.0,-188.32,0.0,23.19333333333333,100.0,-0.05109918272753287,0.0,0.0,0.0,63.0,100.0,30.0
3150,鈺寶-創,,2025-09-26,21.75,2025Q2,51.79,0.0,-72.5,0.0,-28.14,0.0,3.2151188542743245,0.0,8.875213675213676,100.0,88.8728062239913,100.0,30.0
3067,全域,其他電子業,2025-09-26,17.95,2025Q2,0.0,0.0,-105.41,0.0,548.9266666666667,100.0,-25.619367246125417,0.0,0.0,0.0,79.0,100.0,30.0
3467,台灣精材,半導體業,2025-09-26,44.6,2025Q2,0.0,0.0,-48.89,0.0,-3.6366666666666667,0.0,4.125389531848383,0.0,3.2032148650641497,100.0,68.0,100.0,30.0
3066,李洲,光電業,2025-09-26,15.1,2025Q2,0.0,0.0,-287.74,0.0,38.00333333333334,100.0,-40.73686936008209,0.0,0.0,0.0,63.0,100.0,30.0
3054,立萬利,食品工業,2025-09-26,24.55,2025Q2,0.0,0.0,0.0,0.0,230.95666666666668,100.0,-32.63931780598115,0.0,-117.76574307304786,0.0,95.7668031091888,100.0,30.0
3086,華義,文化創意業,2025-09-26,141.5,2025Q2,0.0,0.0,-156.98,0.0,20.386666666666667,100.0,-4.130012855090364,0.0,0.0,0.0,89.0,100.0,30.0
9902,台火,其他業,2025-09-26,15.75,2025Q2,0.0,0.0,-106.56,0.0,95.74333333333334,100.0,1.981634494594738,0.0,0.0,0.0,91.7732256816578,100.0,30.0
1414,東和,紡織纖維,2025-09-26,18.7,2025Q2,155.83,0.0,-87.5,0.0,-15.01,0.0,-1.6090538147663407,0.0,41.41869918699187,100.0,73.5277752348694,100.0,30.0
6265,方土昶,電子通路業,2025-09-26,12.8,2025Q2,0.0,0.0,-353.49,0.0,122.00666666666666,100.0,-10.582496035675458,0.0,0.0,0.0,90.0,100.0,30.0
2365,昆盈,電腦及週邊設備業,2025-09-26,41.25,2025Q2,121.32,0.0,-90.91,0.0,-2.7166666666666663,0.0,4.511947862316436,0.0,4.394386527666399,100.0,82.6882020074994,100.0,30.0
2408,南亞科,半導體業,2025-09-26,71.0,2025Q2,0.0,0.0,-200.0,0.0,85.8,100.0,-43.22291579659382,0.0,0.0,0.0,75.9114360360208,100.0,30.0
6101,寬魚國際,文化創意業,2025-09-26,36.85,2025Q2,0.0,0.0,-157.69,0.0,852.39,100.0,1.6828932710457347,0.0,0.0,0.0,85.0,100.0,30.0
6103,合邦,半導體業,2025-09-26,39.8,2025Q2,0.0,0.0,-261.45,0.0,41.31,100.0,-11.63653534808419,0.0,0.0,0.0,91.0,100.0,30.0
6142,友勁,通信網路業,2025-09-26,9.94,2025Q2,0.0,0.0,-50.0,0.0,88.55333333333334,100.0,-7.459903667078965,0.0,0.0,0.0,69.1443818843578,100.0,30.0
4743,合一,生技醫療業,2025-09-26,67.2,2025Q2,0.0,0.0,-275.0,0.0,29.02,100.0,-795.9551168350428,0.0,0.0,0.0,89.0,100.0,30.0
6535,順藥,生技醫療業,2025-09-26,286.0,2025Q2,0.0,0.0,-406.67,0.0,217.31333333333336,100.0,-1964.6352473817262,0.0,0.0,0.0,92.0,100.0,30.0
6533,晶心科,半導體業,2025-09-26,299.5,2025Q2,0.0,0.0,-209.06,0.0,67.52333333333333,100.0,-61.20864176684514,0.0,0.0,0.0,84.4609299165397,100.0,30.0
6576,逸達,生技醫療業,2025-09-26,82.5,2025Q2,0.0,0.0,-93.3,0.0,195.99333333333334,100.0,-275.40396832186,0.0,0.0,0.0,62.0,100.0,30.0
4711,永純,化學工業,2025-09-26,15.1,2025Q2,0.0,0.0,-83.33,0.0,-8.996666666666668,0.0,-0.7828478936783326,0.0,96.27478753541077,100.0,81.0,100.0,30.0
3339,泰谷,光電業,2025-09-26,33.0,2025Q2,0.0,0.0,-520.69,0.0,65.75666666666667,100.0,-14.895065287348148,0.0,0.0,0.0,71.0,100.0,30.0
6185,幃翔,電子零組件業,2025-09-26,16.95,2025Q2,0.0,0.0,-113.64,0.0,52.699999999999996,100.0,-11.924419798726637,0.0,0.0,0.0,85.0,100.0,30.0
1584,精剛,其他業,2025-09-26,25.25,2025Q2,0.0,0.0,-96.92,0.0,-32.193333333333335,0.0,2.460579311909455,0.0,45.41490533907643,100.0,62.0,100.0,30.0
3306,鼎天,通信網路業,2025-09-26,54.4,2025Q2,0.0,0.0,-6.59,0.0,25.48,100.0,-4.2260222703192,0.0,-4.022704585026117,0.0,88.0,100.0,30.0
6657,華安,生技醫療業,2025-09-26,52.9,2025Q2,0.0,0.0,-36.67,0.0,28.5,100.0,-4675.587427525175,0.0,0.0,0.0,97.2551317225048,100.0,30.0
3432,台端,電子零組件業,2025-09-26,14.75,2025Q2,0.0,0.0,-45.16,0.0,215.67666666666665,100.0,-31.50536803892794,0.0,0.0,0.0,96.2351465119873,100.0,30.0
3376,新日興,電子零組件業,2025-09-26,236.5,2025Q2,60.95,0.0,-83.42,0.0,-22.116666666666664,0.0,4.37567326384737,0.0,7.060795309711955,100.0,74.0164111019491,100.0,30.0
6020,大展證,金融保險業,2025-09-26,18.8,2025Q2,0.0,0.0,-108.86,0.0,55.913333333333334,100.0,-161.816556309893,0.0,0.0,0.0,66.0,100.0,30.0
5523,豐謙,建材營造業,2025-09-26,30.0,2025Q2,0.0,0.0,-109.62,0.0,88.23,100.0,-491.35857461024494,0.0,0.0,0.0,61.0,100.0,30.0
8092,建暐,其他電子業,2025-09-26,15.3,2025Q2,0.0,0.0,-168.75,0.0,32.64666666666667,100.0,-15.579537017297529,0.0,0.0,0.0,60.0,100.0,30.0
4767,誠泰科技,化學工業,2025-09-26,29.15,2025Q2,0.0,0.0,-78.06,0.0,-19.26,0.0,3.4373494745027946,0.0,7.746028797027404,100.0,63.0,100.0,30.0
5864,致和證,金融保險業,2025-09-26,14.15,2025Q2,0.0,0.0,-118.86,0.0,492.34,100.0,0.0,0.0,0.0,0.0,80.0,100.0,30.0
5603,陸海,航運業,2025-09-26,19.6,2025Q2,0.0,0.0,-95.16,0.0,-36.626666666666665,0.0,0.4033384849642712,0.0,16.305954198473284,100.0,69.0,100.0,30.0
2230,泰茂,電機機械,2025-09-26,99.6,2025Q2,0.0,0.0,-105.84,0.0,37.68333333333333,100.0,1.5853769952622716,0.0,0.0,0.0,67.0,100.0,30.0
1727,中華化,化學工業,2025-09-26,34.3,2025Q2,114.33,0.0,-95.45,0.0,-5.536666666666666,0.0,-0.030709650559214496,0.0,14.530376670716889,100.0,64.6170317502548,100.0,30.0
3521,鴻翊,建材營造業,2025-09-26,11.95,2025Q2,0.0,0.0,-137.5,0.0,612.76,100.0,2.107977939882661,0.0,0.0,0.0,78.0,100.0,30.0
3686,達能,半導體業,2025-09-26,18.8,2025Q2,0.0,0.0,-466.67,0.0,20.286666666666665,100.0,-29.333366925325006,0.0,0.0,0.0,98.4976533780901,100.0,30.0
1810,和成,玻璃陶瓷,2025-09-26,19.0,2025Q2,111.76,0.0,0.0,0.0,-3.473333333333333,0.0,-0.6579733461682803,0.0,318.9872773536896,100.0,64.7587128192995,100.0,30.0
3372,典範,半導體業,2025-09-26,15.0,2025Q2,0.0,0.0,-139.39,0.0,20.36,100.0,-24.883590182592496,0.0,0.0,0.0,84.0,100.0,30.0
6885,全福生技,生技醫療業,2025-09-26,31.75,2025Q2,0.0,0.0,-27.19,0.0,1200.0,100.0,-9689.140811455847,0.0,0.0,0.0,85.0239676860956,100.0,30.0
2643,捷迅,航運業,2025-09-26,70.1,2025Q2,0.0,0.0,-32.98,0.0,61.19,100.0,4.326851641642223,0.0,-0.7237101987072061,0.0,62.0,100.0,30.0
5202,力新,資訊服務業,2025-09-26,19.6,2025Q2,0.0,0.0,-130.0,0.0,28.573333333333334,100.0,-20.574581009026318,0.0,0.0,0.0,90.0,100.0,30.0
8045,達運光電,通信網路業,2025-09-26,88.5,2025Q2,192.39,0.0,-98.48,0.0,-25.703333333333333,0.0,3.21844027408373,0.0,29.685857321652065,100.0,68.1299561232511,100.0,30.0
6733,博晟生醫,生技醫療業,2025-09-26,40.2,2025Q2,0.0,0.0,-24.32,0.0,41.623333333333335,100.0,-70.15540628212678,0.0,0.0,0.0,90.0,100.0,30.0
2485,兆赫,通信網路業,2025-09-26,13.2,2025Q2,0.0,0.0,-101.56,0.0,31.673333333333336,100.0,-35.33297452524662,0.0,0.0,0.0,84.5725287744847,100.0,30.0
5310,天剛,資訊服務業,2025-09-26,42.9,2025Q2,0.0,0.0,-47.5,0.0,74.65333333333332,100.0,-3305.7644110275687,0.0,-1.0913846656857937,0.0,80.0,100.0,30.0
5211,蒙恬,資訊服務業,2025-09-26,29.75,2025Q2,0.0,0.0,-13.46,0.0,42.68333333333334,100.0,-13.759401646728541,0.0,0.0,0.0,88.0,100.0,30.0
5201,凱衛,資訊服務業,2025-09-26,43.5,2025Q2,0.0,0.0,-163.46,0.0,53.29,100.0,4.976595716144262,0.0,0.0,0.0,68.0,100.0,30.0
6756,威鋒電子,半導體業,2025-09-26,87.0,2025Q2,64.93,0.0,-61.74,0.0,-33.25666666666667,0.0,-2.961072942516378,0.0,2.7060698865347925,100.0,73.1352782362261,100.0,30.0
5302,太欣,半導體業,2025-09-26,9.0,2025Q2,0.0,0.0,-38.46,0.0,45.51666666666667,100.0,-434.98833290121854,0.0,0.0,0.0,69.0,100.0,30.0
6560,欣普羅,光電業,2025-09-26,41.4,2025Q2,0.0,0.0,-261.76,0.0,585.8933333333333,100.0,-18.41700544832437,0.0,0.0,0.0,90.0,100.0,30.0
5251,天鉞電,光電業,2025-09-26,44.65,2025Q2,0.0,0.0,-231.82,0.0,49.89333333333334,100.0,-2.8905974879680714,0.0,0.0,0.0,82.0,100.0,30.0
2754,亞洲藏壽司,觀光餐旅,2025-09-26,96.5,2025Q2,0.0,0.0,-68.0,0.0,6.713333333333334,33.56666666666667,4.450609747510256,0.0,16.653054181525366,100.0,33.0,32.5,29.963333333333335
1805,寶徠,建材營造業,2025-09-26,11.25,2025Q2,5.92,98.92148403796376,-77.42,0.0,-81.39,0.0,18.4179602943905,67.0898014719525,-15.878115876936896,0.0,78.2232366276165,100.0,29.95561862458925
3675,德微,半導體業,2025-09-26,148.0,2025Q2,0.0,0.0,-89.09,0.0,-9.18,0.0,7.926956176228512,14.63478088114256,9.396639297307619,100.0,51.0,77.5,29.945217132171383
2613,中櫃,航運業,2025-09-26,25.25,2025Q2,30.06,0.0,0.0,0.0,2.866666666666667,14.333333333333337,10.0372204732709,25.186102366354497,6.303741365509472,100.0,32.9323895373904,32.330973843475995,29.87767940596744
6192,巨路,其他電子業,2025-09-26,102.0,2025Q2,9.74,100.0,-0.4,0.0,-13.64,0.0,18.155771420252677,65.77885710126338,0.05466010292759876,0.0,62.6775975456059,100.0,29.866828565189508
9911,櫻花,居家生活,2025-09-26,85.6,2025Q2,14.36,50.691562932226844,0.33,0.66,3.9433333333333334,19.716666666666665,15.346154635657584,51.73077317828791,0.6016872443427027,14.526749191814673,60.7890448622256,100.0,29.84245544166214
6527,明達醫,生技醫療業,2025-09-26,86.1,2025Q2,0.0,0.0,16.67,33.34,-8.446666666666667,0.0,20.28860748965546,76.4430374482773,0.2584030234802187,0.0,78.0,100.0,29.801455617241594
8454,富邦媒,數位雲端,2025-09-26,246.5,2025Q2,18.92,87.56805807622504,-9.92,0.0,-3.8233333333333337,0.0,2.9732401917719695,0.0,1.1619811954864934,94.5687422123562,28.5013632379281,21.25340809482025,29.79589505957577
2385,群光,電子零組件業,2025-09-26,137.0,2025Q2,11.65,95.04716981132076,-11.51,0.0,-5.55,0.0,8.502504387232811,17.512521936164056,0.943151404013175,63.30734343045358,39.7549700629699,49.38742515742476,29.731806473389874
4561,健椿,電機機械,2025-09-26,39.55,2025Q2,0.0,0.0,-98.25,0.0,-18.083333333333332,0.0,5.583354618808544,2.9167730940427194,28.45678478824546,100.0,57.0,92.5,29.687515964106407
8289,泰藝,電子零組件業,2025-09-26,21.9,2025Q2,0.0,0.0,-176.47,0.0,19.656666666666666,98.28333333333333,1.2424840080636013,0.0,0.0,0.0,62.0,100.0,29.656666666666666
2201,裕隆,汽車工業,2025-09-26,34.5,2025Q2,15.13,69.00428265524626,-73.37,0.0,-15.066666666666668,0.0,8.55664649688084,17.783232484404195,16.626347094665313,100.0,16.593488782233,0.0,29.567913138185254
6721,信實,其他業,2025-09-26,61.4,2025Q2,0.0,0.0,20.39,40.78,10.613333333333333,53.06666666666666,3.6731532369108826,0.0,-1.9062242743118938,0.0,55.0,87.5,29.558333333333334
4526,東台,電機機械,2025-09-26,34.6,2025Q2,0.0,0.0,363.92,100.0,-9.466666666666667,0.0,-10.78717138917308,0.0,-0.29364343702521445,0.0,38.225995614706,45.564989036765,29.5564989036765
1785,光洋科,其他電子業,2025-09-26,61.1,2025Q2,0.0,0.0,-92.54,0.0,32.77,100.0,10.393175725946156,26.965878629730778,-10.895707927629896,0.0,42.0,55.00000000000001,29.544881794459616
6148,驊宏資,資訊服務業,2025-09-26,47.3,2025Q2,0.0,0.0,-23.73,0.0,168.77999999999997,100.0,8.362951071403643,16.814755357018214,-0.6441173695631663,0.0,48.0,70.0,29.522213303552732
5903,全家,居家生活,2025-09-26,191.5,2025Q2,0.0,0.0,9.18,18.36,4.93,24.65,1.6534896700709987,0.0,8.364779285481193,100.0,10.0,0.0,29.52
2103,台橡,橡膠工業,2025-09-26,16.2,2025Q2,24.92,32.618935468676405,-54.93,0.0,-13.166666666666666,0.0,2.756302941494032,0.0,4.931233535677471,100.0,44.9647082192644,62.411770548161,29.50307060168374
1315,達新,塑膠工業,2025-09-26,64.7,2025Q2,96.57,0.0,-142.31,0.0,19.486666666666668,97.43333333333334,-1.7711943769632421,0.0,0.0,0.0,92.2646764915172,100.0,29.486666666666668
1201,味全,食品工業,2025-09-26,15.4,2025Q2,22.65,38.14814814814815,-41.3,0.0,-11.983333333333334,0.0,2.455250797639466,0.0,3.99169438875548,100.0,42.6755845364092,56.68896134102299,29.483710948917114
1526,日馳,電機機械,2025-09-26,17.15,2025Q2,0.0,0.0,-500.0,0.0,27.02333333333333,100.0,-0.5014755753765957,0.0,0.0,0.0,57.5840273292033,93.96006832300824,29.396006832300827
8938,明安,運動休閒,2025-09-26,59.6,2025Q2,0.0,0.0,-59.18,0.0,-6.093333333333334,0.0,5.501162774915115,2.5058138745755754,4.874059574774688,100.0,56.0,90.0,29.375872081186337
1784,訊聯,生技醫療業,2025-09-26,79.6,2025Q2,0.0,0.0,-32.47,0.0,4.083333333333333,20.416666666666668,0.49764784946236557,0.0,1.2844599197638331,100.0,41.0,52.5,29.333333333333336
3135,凌航,半導體業,2025-09-26,34.8,2025Q2,46.4,18.256672345258384,-80.83,0.0,58.41,100.0,2.5183549024449703,0.0,-4.28147996729354,0.0,49.8291659684266,74.5729149210665,29.282958726632486
3114,好德,電子零組件業,2025-09-26,24.2,2025Q2,0.0,0.0,-96.88,0.0,19.513333333333332,97.56666666666666,3.9823058232827586,0.0,-33.735322425409045,0.0,59.0,97.5,29.263333333333335
4413,飛寶企業,紡織纖維,2025-09-26,17.3,2025Q2,0.0,0.0,-409.52,0.0,153.64666666666668,100.0,-7.098675558143926,0.0,0.0,0.0,57.0,92.5,29.25
6957,裕慶-KY,其他業,2025-09-26,172.0,2025Q2,18.38,23.241379310344847,-72.98,0.0,0.0,0.0,6.268938428112827,6.344692140564137,4.394283912790755,100.0,43.6823104693141,59.205776173285265,29.196419369447632
1702,南僑,食品工業,2025-09-26,39.6,2025Q2,17.76,62.29629629629629,-72.44,0.0,-5.739999999999999,0.0,3.160980958322199,0.0,2.5628402969443433,100.0,31.7101002623512,29.275250655878004,29.15715469521743
2324,仁寶,電腦及週邊設備業,2025-09-26,33.4,2025Q2,18.35,61.94817658349328,-44.55,0.0,-26.736666666666668,0.0,1.4042664930001159,0.0,10.565217570181124,100.0,31.8138100599156,29.534525149788998,29.14827017332823
6728,上洋,居家生活,2025-09-26,139.0,2025Q2,0.0,0.0,13.09,26.179999999999996,13.18,65.9,9.87868664204493,24.393433210224647,-3.7801653935264836,0.0,43.0,57.49999999999999,29.1340149815337
2850,新產,金融保險業,2025-09-26,119.0,2025Q2,11.29,63.61897475133895,1.31,2.62,8.033333333333333,40.166666666666664,20.25435482553632,76.2717741276816,-1.2100544648037583,0.0,30.2023438534476,25.505859633619004,29.041582890981367
3349,寶德,電腦及週邊設備業,2025-09-26,19.05,2025Q2,0.0,0.0,-24.0,0.0,42.71,100.0,-2.5766172647399284,0.0,0.0,0.0,56.0,90.0,29.0
1475,業旺,紡織纖維,2025-09-26,32.45,2025Q2,10.43,98.13525609149677,-102.74,0.0,-37.193333333333335,0.0,17.199670781893005,60.99835390946502,0.0,0.0,64.8925543301956,100.0,28.96327869556943
6962,奕力-KY,半導體業,2025-09-26,42.25,2025Q2,9.25,100.0,-48.84,0.0,0.0,0.0,16.945674947215892,59.72837473607946,-0.22996387700936133,0.0,69.0668835103074,100.0,28.95925621041192
4974,亞泰,電子零組件業,2025-09-26,79.0,2025Q2,0.0,0.0,-20.4,0.0,-23.95,0.0,12.630214728774531,38.15107364387266,0.9624866982924088,66.06952832748698,66.0,100.0,28.936566712078296
5009,榮剛,鋼鐵工業,2025-09-26,35.6,2025Q2,0.0,0.0,-54.55,0.0,-15.68,0.0,11.055350081328422,30.276750406642112,1.0912515414111725,84.46450591588179,50.0,75.0,28.934413744172677
2028,威致,鋼鐵工業,2025-09-26,17.0,2025Q2,38.64,0.0,-71.05,0.0,-21.12666666666667,0.0,2.3627316928265323,0.0,15.357305050562035,100.0,55.517136428349,88.7928410708725,28.87928410708725
6294,智基,文化創意業,2025-09-26,50.3,2025Q2,0.0,0.0,16.06,32.12,-7.016666666666667,0.0,15.410274132087537,52.05137066043768,0.7896124800931554,41.37321144187935,39.0,47.5,28.862347887441523
6902,GOGOLOOK,數位雲端,2025-09-26,75.1,2025Q2,0.0,0.0,-50.0,0.0,24.540000000000003,100.0,4.66784151601339,0.0,-184.09132420091325,0.0,55.3732654747923,88.43316368698075,28.843316368698076
6506,雙邦,紡織纖維,2025-09-26,15.9,2025Q2,0.0,0.0,-30.0,0.0,-2.5333333333333328,0.0,7.449736292961338,12.248681464806692,2.5543494277715015,100.0,48.0,70.0,28.837302219721003
1436,華友聯,建材營造業,2025-09-26,72.6,2025Q2,4.43,100.0,-34.24,0.0,2.5933333333333337,12.966666666666669,40.79056867142273,100.0,-2.4279643649205833,0.0,24.8845729745136,12.211432436283998,28.814476576961734
2359,所羅門,其他電子業,2025-09-26,140.5,2025Q2,0.0,0.0,-365.71,0.0,33.309999999999995,100.0,1.8252651132137396,0.0,0.0,0.0,55.1677192264979,87.91929806624475,28.791929806624474
7705,三商餐飲,觀光餐旅,2025-09-26,42.1,2025Q2,30.96,0.0,-87.34,0.0,4.140000000000001,20.700000000000003,1.815433858299258,0.0,11.268905935223927,100.0,38.5714000210511,46.42850005262774,28.782850005262773
2540,愛山林,建材營造業,2025-09-26,79.5,2025Q2,37.86,0.0,-45.74,0.0,69.41000000000001,100.0,13.382686159944097,41.91343079972049,-5.371043872012475,0.0,29.8967952444724,24.741988111181,28.761213431076172
3625,西勝,電腦及週邊設備業,2025-09-26,24.25,2025Q2,0.0,0.0,93.55,100.0,-16.996666666666666,0.0,-35.33930978130709,0.0,0.0,0.0,35.0,37.5,28.75
3516,亞帝歐,光電業,2025-09-26,20.8,2025Q2,0.0,0.0,-84.62,0.0,-2.9133333333333327,0.0,-6.949285651599604,0.0,68.06925207756233,100.0,55.0,87.5,28.75
6180,橘子,文化創意業,2025-09-26,60.6,2025Q2,0.0,0.0,-96.13,0.0,-32.873333333333335,0.0,0.4241376775531276,0.0,9.527581997873765,100.0,55.0,87.5,28.75
3290,東浦,電子零組件業,2025-09-26,38.65,2025Q2,0.0,0.0,-63.11,0.0,11.38,56.900000000000006,12.836509920247533,39.18254960123767,0.6995111703631883,28.501595766169764,43.0,57.49999999999999,28.707701593419603
1474,弘裕,紡織纖維,2025-09-26,11.75,2025Q2,69.12,0.0,-82.28,0.0,-10.389999999999999,0.0,0.9317270191119932,0.0,5.205321120924654,100.0,54.6602681843331,86.65067046083274,28.665067046083273
9910,豐泰,運動休閒,2025-09-26,118.0,2025Q2,23.89,0.0,-34.6,0.0,-5.166666666666667,0.0,9.057976256866034,20.28988128433017,1.3064540990818854,100.0,42.4413916061412,56.10347901535301,28.65383009418483
2851,中再保,金融保險業,2025-09-26,24.0,2025Q2,13.19,49.08186687069627,-56.84,0.0,17.093333333333334,85.46666666666667,9.521582624672778,22.60791312336389,-2.4634956911269636,0.0,32.8602862268606,32.15071556715151,28.607778545622697
1776,展宇,化學工業,2025-09-26,15.15,2025Q2,38.85,0.0,-92.68,0.0,-27.123333333333335,0.0,-0.6767957545136252,0.0,62.49813432835821,100.0,54.2866617350713,85.71665433767825,28.571665433767826
1731,美吾華,生技醫療業,2025-09-26,21.75,2025Q2,16.6,56.63667041619797,0.0,0.0,4.696666666666666,23.48333333333333,15.931963929238671,54.659819646193355,0.46920037522385516,0.0,63.1181341062269,100.0,28.559306655215465
2912,統一超,貿易百貨業,2025-09-26,250.5,2025Q2,23.3,66.93404634581105,-5.78,0.0,1.84,9.2,4.356972845940098,0.0,3.3380147064395613,100.0,12.4141638889241,0.0,28.533404634581107
3708,上緯投控,綠能環保,2025-09-26,133.5,2025Q2,98.89,0.0,-91.5,0.0,-90.16666666666667,0.0,2.2783928370754807,0.0,43.450208461485886,100.0,54.0882376105772,85.22059402644301,28.522059402644302
4556,旭然,其他業,2025-09-26,23.0,2025Q2,0.0,0.0,0.0,0.0,-4.640000000000001,0.0,6.320257048171307,6.601285240856533,4.376357964934925,100.0,50.0,75.0,28.49019278612848
3576,聯合再生,光電業,2025-09-26,6.84,2025Q2,0.0,0.0,46.38,92.76,-49.73,0.0,-39.483223011156944,0.0,0.0,0.0,41.150365682583,52.875914206457495,28.47759142064575
6189,豐藝,電子通路業,2025-09-26,49.2,2025Q2,18.16,39.200732153752284,-79.4,0.0,-18.026666666666667,0.0,5.612493749970673,3.0624687498533643,1.3505961456196733,100.0,36.120103963154,40.30025990788501,28.409469518641735
5212,凌網,資訊服務業,2025-09-26,48.9,2025Q2,0.0,0.0,-97.5,0.0,22.099999999999998,100.0,9.17233146461561,20.86165732307805,-109.15660809778457,0.0,41.0,52.5,28.379248598461707
3419,譁裕,通信網路業,2025-09-26,14.2,2025Q2,0.0,0.0,-147.73,0.0,33.28333333333333,100.0,-14.458929175056214,0.0,0.0,0.0,53.4143214745456,83.535803686364,28.3535803686364
6156,松上,電子零組件業,2025-09-26,22.1,2025Q2,0.0,0.0,-88.29,0.0,5.0,25.0,5.126417153068032,0.6320857653401601,20.463833119749395,100.0,33.0,32.5,28.344812864801025
3311,閎暉,通信網路業,2025-09-26,34.75,2025Q2,55.16,0.0,-24.66,0.0,-2.0199999999999996,0.0,2.475775743066161,0.0,3.03766968626305,100.0,53.368636016835,83.42159004208749,28.34215900420875
2030,彰源,鋼鐵工業,2025-09-26,14.2,2025Q2,23.67,34.31085043988269,-83.33,0.0,-30.49333333333333,0.0,2.552140863791464,0.0,55.2392779587405,100.0,39.563783654282,48.909459135705,28.32203095755877
3646,艾恩特,電子零組件業,2025-09-26,29.1,2025Q2,0.0,0.0,-41.86,0.0,-22.703333333333333,0.0,4.046061695987005,0.0,1.4722902633190447,100.0,53.0,82.5,28.25
4527,方土霖,電機機械,2025-09-26,38.5,2025Q2,0.0,0.0,-58.76,0.0,-21.929999999999996,0.0,3.3146467791478837,0.0,2.124445160366552,100.0,53.0,82.5,28.25
6796,晉弘,生技醫療業,2025-09-26,72.1,2025Q2,0.0,0.0,-252.17,0.0,27.426666666666666,100.0,-1.2873303245904026,0.0,0.0,0.0,52.9276118516985,82.31902962924626,28.23190296292463
4739,康普,化學工業,2025-09-26,73.1,2025Q2,221.52,0.0,-119.35,0.0,54.28,100.0,6.0437030733827175,5.2185153669135875,0.0,0.0,49.3804483273813,73.45112081845325,28.127889386882362
3652,精聯,電腦及週邊設備業,2025-09-26,30.25,2025Q2,28.27,14.347408829174668,-32.2,0.0,16.69,83.45,4.543949976964406,0.0,-1.0134115398556693,0.0,73.2424426784439,100.0,28.124740882917468
2929,淘帝-KY,貿易百貨業,2025-09-26,9.13,2025Q2,39.7,8.467023172905531,34.48,68.96,0.0,0.0,-3.466043487297236,0.0,0.0,0.0,81.2919391084061,100.0,28.086702317290552
3511,矽瑪,電子零組件業,2025-09-26,20.85,2025Q2,0.0,0.0,39.05,78.1,-15.046666666666667,0.0,-8.190834648428655,0.0,0.0,0.0,54.0,85.0,28.025
5291,邑昇,電子零組件業,2025-09-26,24.7,2025Q2,0.0,0.0,-95.35,0.0,-2.796666666666667,0.0,2.3680912021009908,0.0,29.650618982118296,100.0,52.0,80.0,28.0
5452,佶優,其他電子業,2025-09-26,24.1,2025Q2,0.0,0.0,-34.62,0.0,-19.643333333333334,0.0,2.8332268181133617,0.0,7.530410470440455,100.0,52.0,80.0,28.0
8403,盛弘,生技醫療業,2025-09-26,25.0,2025Q2,0.0,0.0,-38.36,0.0,-2.5233333333333334,0.0,2.473660079215117,0.0,2.3740711837953383,100.0,52.0,80.0,28.0
6134,萬旭,電子零組件業,2025-09-26,23.3,2025Q2,0.0,0.0,-620.0,0.0,24.820000000000004,100.0,-1.5904724089055637,0.0,0.0,0.0,52.0,80.0,28.0
5312,寶島科,生技醫療業,2025-09-26,97.4,2025Q2,0.0,0.0,-33.65,0.0,2.17,10.85,7.077985993482519,10.389929967412597,2.2271784357474522,100.0,37.0,42.5,27.97848949511189
6275,元山,電子零組件業,2025-09-26,43.7,2025Q2,0.0,0.0,-3.17,0.0,8.403333333333334,42.016666666666666,3.618244662700301,0.0,0.9825850624575341,68.94072320821915,43.0,57.49999999999999,27.94147797497717
1904,正隆,造紙工業,2025-09-26,17.5,2025Q2,97.22,0.0,-92.31,0.0,2.543333333333333,12.716666666666665,3.5154694278669734,0.0,78.17228911666169,100.0,41.5372741834393,53.843185458598256,27.92765187919316
8201,無敵,其他電子業,2025-09-26,16.0,2025Q2,0.0,0.0,35.85,71.7,-18.776666666666667,0.0,-6.954271743168408,0.0,0.0,0.0,69.0846384687738,100.0,27.925
2353,宏,電腦及週邊設備業,2025-09-26,30.75,2025Q2,20.36,52.30326295585412,-39.08,0.0,-2.8766666666666665,0.0,1.3863073857081347,0.0,1.4185769609632433,100.0,30.7286639113289,26.821659778322253,27.91249227341764
3701,大眾控,電腦及週邊設備業,2025-09-26,40.4,2025Q2,53.16,0.0,216.67,100.0,-36.43333333333333,0.0,2.8425334384540273,0.0,-0.08745540492329647,0.0,31.4652739294368,28.663184823592005,27.8663184823592
1104,環泥,水泥工業,2025-09-26,30.15,2025Q2,13.58,66.68711656441718,6.52,13.04,-6.760000000000001,0.0,14.541945981977571,47.709729909887855,0.5262309137838355,3.7472733976907806,76.521191480286,100.0,27.834625822463053
2425,承啟,電腦及週邊設備業,2025-09-26,30.5,2025Q2,0.0,0.0,-422.73,0.0,50.14666666666667,100.0,-1.341034347956063,0.0,0.0,0.0,51.2291332158341,78.07283303958525,27.807283303958524
4550,長佳,電機機械,2025-09-26,24.9,2025Q2,0.0,0.0,-47.37,0.0,-21.596666666666664,0.0,2.9329292363330746,0.0,21.180972818311876,100.0,51.0,77.5,27.75
3287,廣寰科,電腦及週邊設備業,2025-09-26,32.85,2025Q2,0.0,0.0,-129.95,0.0,34.913333333333334,100.0,3.2208035426888153,0.0,0.0,0.0,51.0,77.5,27.75
6127,九豪,電子零組件業,2025-09-26,26.5,2025Q2,0.0,0.0,136.36,100.0,-10.74,0.0,-21.19764977329434,0.0,-5.844739947354089,0.0,31.0,27.500000000000004,27.75
3609,三一東林,電子零組件業,2025-09-26,51.5,2025Q2,0.0,0.0,15.28,30.56,71.61,100.0,-25.398447078054758,0.0,0.0,0.0,18.0,0.0,27.64
3666,光耀,光電業,2025-09-26,26.0,2025Q2,0.0,0.0,35.27,70.54,-46.35333333333333,0.0,-28.452262418409113,0.0,0.0,0.0,61.0,100.0,27.635
1589,永冠-KY,電機機械,2025-09-26,23.45,2025Q2,0.0,0.0,65.91,100.0,0.0,0.0,-7.784285361935299,0.0,0.0,0.0,30.4593342252027,26.148335563006746,27.614833556300674
4722,國精化,化學工業,2025-09-26,175.0,2025Q2,118.24,0.0,-59.06,0.0,-10.963333333333333,0.0,5.417636362770653,2.088181813853267,1.5248570339306138,100.0,49.1253246026548,72.813311506637,27.59455842274169
2207,和泰車,汽車工業,2025-09-26,588.0,2025Q2,19.3,46.680942184154176,-29.72,0.0,-1.0833333333333333,0.0,8.892947121001997,19.464735605009984,3.374710305413388,100.0,14.1736548362214,0.0,27.587804559166916
6207,雷科,電子零組件業,2025-09-26,60.0,2025Q2,0.0,0.0,-81.51,0.0,-0.8966666666666665,0.0,6.994842782482709,9.974213912413546,3.776457533866568,100.0,44.0,60.0,27.496132086862033
6953,家碩,半導體業,2025-09-26,224.5,2025Q2,0.0,0.0,-14.97,0.0,8.14,40.7,17.46463694379411,62.32318471897054,0.44634125868255936,0.0,62.0,100.0,27.488477707845583
2438,翔耀,光電業,2025-09-26,23.5,2025Q2,0.0,0.0,12.5,25.0,25.653333333333332,100.0,-14.935869023847491,0.0,0.0,0.0,24.8917258913712,12.229314728427996,27.4729314728428
3147,大綜,資訊服務業,2025-09-26,182.0,2025Q2,0.0,0.0,4.4,8.8,26.983333333333334,100.0,6.023110967620431,5.115554838102154,-1.0431500969700824,0.0,38.0,45.0,27.467333225715322
5324,士開,建材營造業,2025-09-26,10.6,2025Q2,0.0,0.0,71.79,100.0,2.4433333333333334,12.216666666666667,2.0538948634113083,0.0,0.0,0.0,15.0,0.0,27.443333333333335
6541,泰福-KY,生技醫療業,2025-09-26,51.8,2025Q2,0.0,0.0,34.82,69.64,0.0,0.0,-753.3289891498847,0.0,0.0,0.0,70.6973143020671,100.0,27.41
3209,全科,電子通路業,2025-09-26,30.95,2025Q2,15.71,54.14887126296522,-77.44,0.0,-22.45,0.0,2.537794751294752,0.0,62.171987934665076,100.0,27.9076341024621,19.769085256155254,27.391795651912048
4907,富宇,建材營造業,2025-09-26,42.1,2025Q2,0.0,0.0,-77.59,0.0,454.5800000000001,100.0,12.509133281438784,37.54566640719392,-17.966256363378463,0.0,27.0,17.5,27.381849961079087
5348,正能量智能,運動休閒,2025-09-26,19.0,2025Q2,0.0,0.0,-95.24,0.0,18.38,91.89999999999999,-4.866233915746407,0.0,0.0,0.0,56.0,90.0,27.38
1605,華新,電器電纜,2025-09-26,25.05,2025Q2,131.84,0.0,-61.33,0.0,-14.133333333333335,0.0,1.5861491364503295,0.0,1.8988740274289864,100.0,49.4733075891863,73.68326897296575,27.368326897296576
2025,千興,鋼鐵工業,2025-09-26,11.1,2025Q2,0.0,0.0,-125.0,0.0,17.356666666666666,86.78333333333332,-50.470760900088486,0.0,0.0,0.0,71.8931990151382,100.0,27.356666666666666
1235,興泰,食品工業,2025-09-26,62.2,2025Q2,0.0,0.0,-29.7,0.0,57.626666666666665,100.0,5.27358075399736,1.367903769986798,-1.2901525658807211,0.0,48.5088861298171,71.27221532454276,27.332407097952295
5604,中連,其他業,2025-09-26,37.5,2025Q2,0.0,0.0,2.38,4.76,1.0766666666666667,5.383333333333333,68.82079710420068,100.0,-0.023946832457926896,0.0,79.0,100.0,27.266666666666666
8487,愛爾達-創,,2025-09-26,80.3,2025Q2,11.47,73.53333333333333,10.44,20.88,-35.53666666666667,0.0,11.21421075742578,31.0710537871289,-5.207117863892371,0.0,62.524178537974,100.0,27.23399140140267
6024,群益期,金融保險業,2025-09-26,48.2,2025Q2,10.15,72.34123947972456,-11.38,0.0,2.1300000000000003,10.65,1.580631481552874,0.0,1.1252571613348137,89.3224516192591,13.4602692377745,0.0,27.228614271824277
5483,中美晶,半導體業,2025-09-26,113.5,2025Q2,0.0,0.0,-62.68,0.0,-9.136666666666668,0.0,14.535866859847218,47.67933429923609,5.2718413529891865,100.0,18.0,0.0,27.151900144885413
8358,金居,電子零組件業,2025-09-26,221.0,2025Q2,0.0,0.0,-14.5,0.0,6.23,31.15,16.704459358959443,58.522296794797214,0.5744306041996051,10.632943457086446,77.0,100.0,27.134933210636873
6115,鎰勝,電子零組件業,2025-09-26,47.6,2025Q2,17.44,67.73584905660377,-50.0,0.0,-4.416666666666667,0.0,9.084000563860686,20.420002819303427,0.7879879915303721,41.14114164719602,56.2661076951882,90.66526923797049,27.131340581792145
1717,長興,化學工業,2025-09-26,39.9,2025Q2,28.5,14.800759013282727,-21.05,0.0,-12.786666666666667,0.0,4.779978485623407,0.0,2.7173998812119797,100.0,42.5084640209506,56.27116005237649,27.107191906565923
5465,富驊,電腦及週邊設備業,2025-09-26,33.25,2025Q2,0.0,0.0,-30.21,0.0,79.14,100.0,7.122516343021279,10.612581715106394,-4.786146072762989,0.0,42.0,55.00000000000001,27.09188725726596
2063,世鎧,鋼鐵工業,2025-09-26,26.65,2025Q2,0.0,0.0,-45.52,0.0,-13.850000000000001,0.0,3.6593666338034563,0.0,1.882102876576449,100.0,48.0,70.0,27.0
3048,益登,電子通路業,2025-09-26,40.4,2025Q2,0.0,0.0,91.3,100.0,-4.566666666666667,0.0,1.634487467990497,0.0,0.569588144983646,9.94116356909228,18.4360300915066,0.0,26.988232713818455
3021,鴻名,電子零組件業,2025-09-26,17.85,2025Q2,105.0,0.0,-93.33,0.0,-6.126666666666668,0.0,2.626521922298508,0.0,18.756060606060608,100.0,47.3963052819269,68.49076320481726,26.849076320481725
5013,強新,鋼鐵工業,2025-09-26,28.2,2025Q2,0.0,0.0,-25.88,0.0,-5.716666666666666,0.0,6.4277153441459385,7.1385767207296915,8.655482883550752,100.0,43.0,57.49999999999999,26.820786508109453
5403,中菲,資訊服務業,2025-09-26,123.0,2025Q2,0.0,0.0,9.5,19.0,0.8000000000000003,4.000000000000002,21.024537741120668,80.12268870560334,0.34498397848042317,0.0,57.0,92.5,26.8184033058405
3548,兆利,電子零組件業,2025-09-26,100.0,2025Q2,0.0,0.0,-98.8,0.0,-5.323333333333334,0.0,3.647042858690514,0.0,106.44794125360609,100.0,47.0,67.5,26.75
3018,隆銘綠能,其他電子業,2025-09-26,13.9,2025Q2,0.0,0.0,43.28,86.56,-62.64000000000001,0.0,-14.962666954943133,0.0,0.0,0.0,40.2212374137541,50.55309353438526,26.695309353438528
1219,福壽,食品工業,2025-09-26,13.45,2025Q2,49.81,0.0,-81.25,0.0,-1.0666666666666669,0.0,-0.9231071834372141,0.0,25.100663078992888,100.0,46.6859448425611,66.71486210640275,26.671486210640275
3141,晶宏,半導體業,2025-09-26,46.9,2025Q2,0.0,0.0,-134.78,0.0,16.603333333333335,83.01666666666667,4.886890586215404,0.0,0.0,0.0,62.0,100.0,26.603333333333335
2729,瓦城,觀光餐旅,2025-09-26,188.5,2025Q2,0.0,0.0,-4.28,0.0,-4.3933333333333335,0.0,7.130780285738439,10.653901428692194,2.371599013949977,100.0,40.0,50.0,26.59808521430383
3594,磐儀,電腦及週邊設備業,2025-09-26,41.8,2025Q2,0.0,0.0,-168.33,0.0,40.833333333333336,100.0,1.3340786711691155,0.0,0.0,0.0,46.0,65.0,26.5
3206,志豐,電子零組件業,2025-09-26,34.2,2025Q2,0.0,0.0,-61.32,0.0,-20.756666666666668,0.0,5.2698622652902785,1.3493113264513923,3.647991221118088,100.0,45.0,62.5,26.45239669896771
6997,博弘,數位雲端,2025-09-26,103.0,2025Q2,0.0,0.0,-41.16,0.0,3.19,15.950000000000001,2.7423338258715315,0.0,1.3948998030576818,100.0,33.0,32.5,26.44
2413,環科,電子零組件業,2025-09-26,21.95,2025Q2,0.0,0.0,-280.0,0.0,21.63,100.0,-2.122838699442247,0.0,0.0,0.0,45.4374145821803,63.59353645545076,26.359353645545077
2243,宏旭-KY,汽車工業,2025-09-26,11.85,2025Q2,26.93,5.8351177730192605,111.11,100.0,0.0,0.0,4.373197988250341,0.0,-2.6075742611866595,0.0,22.9574149455838,7.393537363959498,26.322865513697874
3693,營邦,電腦及週邊設備業,2025-09-26,238.0,2025Q2,0.0,0.0,-30.38,0.0,-37.85666666666666,0.0,17.146139882243354,60.73069941121677,0.7518927339786693,35.984676282667046,63.0,100.0,26.306540168215925
2913,農林,貿易百貨業,2025-09-26,14.0,2025Q2,0.0,0.0,33.33,66.66,-5.826666666666667,0.0,-1.5125298447479183,0.0,0.0,0.0,58.5257313801618,96.3143284504045,26.29643284504045
2312,金寶,其他電子業,2025-09-26,19.15,2025Q2,18.24,62.81070745697899,-8.33,0.0,-19.296666666666667,0.0,2.6622040273769536,0.0,8.856354401061326,100.0,19.383897889196,0.0,26.2810707456979
9921,巨大,運動休閒,2025-09-26,95.5,2025Q2,251.32,0.0,-66.74,0.0,-29.753333333333334,0.0,2.647873929418388,0.0,11.154807669884278,100.0,45.06684219416,62.66710548540001,26.26671054854
6732,昇佳電子,半導體業,2025-09-26,224.0,2025Q2,0.0,0.0,-50.29,0.0,-9.273333333333333,0.0,5.022598872436538,0.11299436218268788,1.068433099981178,81.20472856873971,77.0,100.0,26.257894868075347
4401,東隆興,紡織纖維,2025-09-26,17.35,2025Q2,0.0,0.0,-58.33,0.0,-5.266666666666667,0.0,2.8309877883680095,0.0,8.028560966678873,100.0,45.0,62.5,26.25
6163,華電網,通信網路業,2025-09-26,21.6,2025Q2,0.0,0.0,-4000.0,0.0,46.129999999999995,100.0,-2.795470900594828,0.0,0.0,0.0,45.0,62.5,26.25
2545,皇翔,建材營造業,2025-09-26,42.25,2025Q2,6.04,97.88610871440898,-22.2,0.0,-52.949999999999996,0.0,32.50358640174277,100.0,-2.3866134898519284,0.0,25.8385351665494,14.596337916373498,26.24824466307825
1735,日勝化,化學工業,2025-09-26,14.85,2025Q2,33.0,0.0,0.0,0.0,-24.133333333333336,0.0,2.5003505322177118,0.0,135.87084870848707,100.0,44.8918500555827,62.229625138956756,26.222962513895677
1504,東元,電機機械,2025-09-26,94.6,2025Q2,35.83,50.0,-7.52,0.0,5.46,27.3,9.109649262095765,20.548246310478824,0.625963378519548,17.994768359935424,56.1005307882685,90.25132697067126,26.166323315626038
6217,中探針,電子零組件業,2025-09-26,42.6,2025Q2,0.0,0.0,-25.21,0.0,18.66,93.30000000000001,-9.557529631335289,0.0,0.0,0.0,50.0,75.0,26.160000000000004
6126,信音,電子零組件業,2025-09-26,25.95,2025Q2,0.0,0.0,-20.69,0.0,1.3133333333333335,6.566666666666668,6.436853038646475,7.184265193232372,2.4102767206791453,100.0,35.0,37.5,26.14097311231819
6658,聯策,其他電子業,2025-09-26,57.3,2025Q2,68.21,0.0,-38.78,0.0,-14.843333333333334,0.0,6.008298865335066,5.041494326675329,3.067659253675085,100.0,41.3272920365913,53.318230091478256,26.088047158149124
3520,華盈,電子零組件業,2025-09-26,15.7,2025Q2,0.0,0.0,-162.5,0.0,17.826666666666664,89.13333333333333,1.6921210452499977,0.0,0.0,0.0,53.0,82.5,26.076666666666664
1295,生合,食品工業,2025-09-26,122.0,2025Q2,0.0,0.0,8.9,17.8,-14.856666666666667,0.0,26.616277077649457,100.0,0.5201396927544194,2.877098964917058,44.0,60.0,26.025419792983413
2880,華南金,金融保險業,2025-09-26,29.25,2025Q2,17.11,19.089517980107118,3.7,7.400000000000001,7.260000000000001,36.300000000000004,45.74230570550316,100.0,-3.1861330260453764,0.0,5.13834406013088,0.0,26.01895179801071
6751,智聯服務,資訊服務業,2025-09-26,43.8,2025Q2,0.0,0.0,-6.02,0.0,21.866666666666664,100.0,4.462729763252563,0.0,-5.41894944113048,0.0,44.0,60.0,26.0
7765,中華資安,數位雲端,2025-09-26,301.5,2025Q2,27.43,59.48688335258209,0.0,0.0,22.126666666666665,100.0,0.0,0.0,0.0,0.0,0.0,0.0,25.94868833525821
8466,美吉吉-KY,其他業,2025-09-26,24.8,2025Q2,22.55,0.0,-77.0,0.0,0.0,0.0,4.62553887458094,0.0,32.22523241886728,100.0,43.7585396348787,59.396349087196754,25.939634908719675
5534,長虹,建材營造業,2025-09-26,76.0,2025Q2,10.51,59.3183779119931,-39.24,0.0,-47.663333333333334,0.0,37.6201886953848,100.0,-7.647755626595261,0.0,39.6192914296885,49.048228574221255,25.836660648621436
1268,漢來美食,觀光餐旅,2025-09-26,161.0,2025Q2,0.0,0.0,-1.91,0.0,1.78,8.9,11.105739885917716,30.528699429588578,1.0827599484049824,83.25142120071177,31.0,27.500000000000004,25.75958915458064
6229,研通,半導體業,2025-09-26,24.8,2025Q2,0.0,0.0,-165.91,0.0,23.876666666666665,100.0,-0.5254323568046497,0.0,0.0,0.0,43.0,57.49999999999999,25.75
8941,關中,居家生活,2025-09-26,45.35,2025Q2,0.0,0.0,-85.12,0.0,-22.47,0.0,2.783811078065832,0.0,3.45554894573336,100.0,43.0,57.49999999999999,25.75
4127,天良,生技醫療業,2025-09-26,34.7,2025Q2,0.0,0.0,-855.56,0.0,37.276666666666664,100.0,2.334734037101568,0.0,0.0,0.0,43.0,57.49999999999999,25.75
4190,佐登-KY,生技醫療業,2025-09-26,33.55,2025Q2,0.0,0.0,53.76,100.0,0.0,0.0,-7.2807510215997935,0.0,0.0,0.0,22.882543809235,7.206359523087498,25.72063595230875
8240,華宏,光電業,2025-09-26,36.4,2025Q2,0.0,0.0,-12.93,0.0,-4.45,0.0,4.83542742151035,0.0,1.0487255037671301,78.3893576810186,61.0,100.0,25.677871536203718
1101,台泥,水泥工業,2025-09-26,23.8,2025Q2,23.11,8.22085889570554,-86.27,0.0,-12.753333333333332,0.0,4.858291936823593,0.0,12.113073292794377,100.0,38.8749171266231,47.18729281655776,25.54081517122633
1409,新纖,紡織纖維,2025-09-26,14.15,2025Q2,19.12,54.92292391844853,-63.27,0.0,-15.06,0.0,2.8794999617229324,0.0,23.01932357108462,100.0,17.8413040709026,0.0,25.492292391844853
2436,偉詮電,半導體業,2025-09-26,51.6,2025Q2,60.0,0.0,-71.0,0.0,13.606666666666667,68.03333333333333,9.63786235950657,23.189311797532852,0.4926484665160623,0.0,53.3796676829744,83.449169207436,25.429980357040193
2548,華固,建材營造業,2025-09-26,95.7,2025Q2,20.58,0.0,12.31,24.62,7.890000000000001,39.45,15.248392015005887,51.24196007502944,-8.784786097640948,0.0,33.9815243668216,34.95381091705401,25.226675102959817
2906,高林,貿易百貨業,2025-09-26,14.5,2025Q2,31.52,37.62923351158645,-31.58,0.0,-15.69,0.0,3.7775332042084506,0.0,11.919377703464068,100.0,25.8233838877885,14.558459719471244,25.218769323105768
4441,振大環球,紡織纖維,2025-09-26,259.5,2025Q2,19.81,51.491795126802586,0.0,0.0,27.043333333333333,100.0,0.0,0.0,0.0,0.0,0.0,0.0,25.14917951268026
2038,海光,鋼鐵工業,2025-09-26,15.4,2025Q2,110.0,0.0,-20.69,0.0,-14.556666666666667,0.0,1.023377998223868,0.0,10.978794872380778,100.0,40.5207658777561,51.30191469439025,25.130191469439026
1712,興農,化學工業,2025-09-26,44.1,2025Q2,16.64,71.06261859582543,11.03,22.06,-6.186666666666667,0.0,7.910327970337816,14.55163985168908,0.5645499701277963,9.221424303970899,53.8387997907196,84.596999476799,25.107992645809983
9934,成霖,居家生活,2025-09-26,10.2,2025Q2,20.0,11.687413554633475,-76.19,0.0,-12.003333333333336,0.0,1.6801512368810008,0.0,1.3044826681298758,100.0,35.4639997434755,38.659999358688744,25.03474129133222
5516,雙喜,建材營造業,2025-09-26,13.6,2025Q2,0.0,0.0,80.98,100.0,-3.6700000000000017,0.0,0.494187723467526,0.0,0.0,0.0,12.0,0.0,25.0
6141,柏承,電子零組件業,2025-09-26,12.2,2025Q2,0.0,0.0,66.21,100.0,-9.76,0.0,-9.004281454297644,0.0,0.0,0.0,18.3380951137343,0.0,25.0
5457,宣德,電子零組件業,2025-09-26,45.45,2025Q2,0.0,0.0,92.0,100.0,-1.3399999999999999,0.0,4.379900457931608,0.0,-1.9678964557880732,0.0,16.0,0.0,25.0
2740,天蔥,觀光餐旅,2025-09-26,24.55,2025Q2,0.0,0.0,29.9,59.8,-61.046666666666674,0.0,-22.274159527095648,0.0,0.0,0.0,66.0,100.0,24.95
2430,燦坤,電子通路業,2025-09-26,24.45,2025Q2,21.45,19.12751677852349,-62.34,0.0,-8.243333333333334,0.0,0.8433091989662859,0.0,13.019516048804752,100.0,31.7321724112698,29.3304310281745,24.8457947806698
6698,旭暉應材,其他電子業,2025-09-26,34.5,2025Q2,0.0,0.0,-67.16,0.0,68.75666666666667,100.0,-1.0752067363633941,0.0,0.0,0.0,39.0822728729184,47.705682182296,24.7705682182296
3305,昇貿,其他電子業,2025-09-26,105.5,2025Q2,36.63,0.0,-16.36,0.0,18.476666666666663,92.38333333333331,6.712954605533721,8.564773027668604,-1.7992121851641096,0.0,39.9983826402904,49.995956600726004,24.760978280889553
5371,中光電,光電業,2025-09-26,109.0,2025Q2,0.0,0.0,-81.65,0.0,-1.37,0.0,-0.9094612599331687,0.0,23.750662126371548,100.0,39.0,47.5,24.75
3260,威剛,半導體業,2025-09-26,143.0,2025Q2,0.0,0.0,-27.58,0.0,54.36666666666667,100.0,7.253716360078691,11.268581800393456,0.2500884347301869,0.0,32.0,30.0,24.690287270059017
1216,統一,食品工業,2025-09-26,78.4,2025Q2,22.4,39.38271604938273,-6.47,0.0,-1.2966666666666666,0.0,5.993965727343604,4.969828636718021,2.6999256305586705,100.0,16.4935912185461,0.0,24.683745900445974
4161,聿新科,生技醫療業,2025-09-26,28.35,2025Q2,0.0,0.0,-59.78,0.0,12.163333333333334,60.81666666666668,8.301313254758995,16.506566273794974,-1.5457641549595573,0.0,64.0,100.0,24.639318274402584
1565,精華,生技醫療業,2025-09-26,138.0,2025Q2,0.0,0.0,-37.79,0.0,-6.340000000000001,0.0,16.137837214664515,55.689186073322574,0.7196366807726232,31.37666868180332,79.0,100.0,24.62871164735905
1799,易威,生技醫療業,2025-09-26,46.2,2025Q2,0.0,0.0,32.2,64.4,-17.666666666666664,0.0,-17.38440242794204,0.0,0.0,0.0,54.0,85.0,24.6
4106,雃博,生技醫療業,2025-09-26,22.1,2025Q2,22.32,24.465691788526446,-26.23,0.0,11.94,59.699999999999996,5.273178544075826,1.3658927203791293,-0.21396760249748942,0.0,73.8354486614184,100.0,24.591453086909514
6123,上奇,資訊服務業,2025-09-26,54.5,2025Q2,0.0,0.0,-25.86,0.0,-6.846666666666667,0.0,5.371187809186555,1.8559390459327751,3.9495451094599807,100.0,37.0,42.5,24.528390856889917
2453,凌群,資訊服務業,2025-09-26,62.0,2025Q2,19.87,61.49220489977728,3.5,7.000000000000001,9.623333333333333,48.11666666666666,5.685876581282866,3.4293829064143284,-0.6002061591737464,0.0,45.8941698774662,64.7354246936655,24.510503728639762
8054,安國,半導體業,2025-09-26,92.8,2025Q2,0.0,0.0,-183.33,0.0,61.29333333333333,100.0,-31.020435753323618,0.0,0.0,0.0,38.0,45.0,24.5
6015,宏遠證,金融保險業,2025-09-26,10.95,2025Q2,0.0,0.0,-127.0,0.0,60.42000000000001,100.0,-45.571671951161804,0.0,0.0,0.0,38.0,45.0,24.5
3597,映興,電子零組件業,2025-09-26,28.25,2025Q2,0.0,0.0,-131.43,0.0,16.496666666666666,82.48333333333333,3.7655813011731056,0.0,0.0,0.0,52.0,80.0,24.496666666666666
4104,佳醫,生技醫療業,2025-09-26,85.3,2025Q2,17.62,50.89988751406074,4.84,9.68,7.546666666666667,37.733333333333334,8.836351574042373,19.181757870211865,-3.177499911778199,0.0,46.0464631206759,65.11615780168975,24.445534878773497
3528,安馳,電子通路業,2025-09-26,70.1,2025Q2,163.02,0.0,-154.13,0.0,65.54,100.0,6.06461915553547,5.323095777677351,0.0,0.0,34.363765160973,35.90941290243251,24.389405656894855
3466,德晉,通信網路業,2025-09-26,47.0,2025Q2,0.0,0.0,28.69,57.379999999999995,-40.949999999999996,0.0,-94.80609788713559,0.0,0.0,0.0,80.0,100.0,24.345
1259,安心,觀光餐旅,2025-09-26,58.8,2025Q2,0.0,0.0,-55.29,0.0,-1.55,0.0,-0.3501958762267695,0.0,13.063386849643594,100.0,37.0,42.5,24.25
1449,佳和,紡織纖維,2025-09-26,11.55,2025Q2,64.17,0.0,-97.56,0.0,1.2866666666666677,6.433333333333338,1.1855506988353728,0.0,32.15381145692377,100.0,31.6642393201408,29.160598300352003,24.20272649670187
1788,杏昌,生技醫療業,2025-09-26,138.5,2025Q2,0.0,0.0,-11.06,0.0,5.91,29.549999999999997,9.753908764450816,23.769543822254082,0.6907208030695297,27.24582900993281,57.0,92.5,24.174597375324677
5011,久陽,鋼鐵工業,2025-09-26,10.7,2025Q2,0.0,0.0,-210.0,0.0,22.503333333333334,100.0,-5.802818882512863,0.0,0.0,0.0,36.0,40.0,24.0
8104,錸寶,光電業,2025-09-26,36.3,2025Q2,3630.0,0.0,-70.83,0.0,123.25333333333333,100.0,5.038723850329423,0.1936192516471147,-67.3458398744113,0.0,35.4806927471256,38.701731867814004,23.899216074528468
6177,達麗,建材營造業,2025-09-26,48.9,2025Q2,13.11,36.88524590163935,-129.41,0.0,201.85666666666665,100.0,0.6039485317962225,0.0,0.0,0.0,20.795622919275,1.989057298187502,23.887430319982688
6598,ABC-KY,生技醫療業,2025-09-26,23.6,2025Q2,0.0,0.0,27.54,55.08,0.0,0.0,-49.063530688552945,0.0,0.0,0.0,70.0570326251889,100.0,23.77
3032,偉訓,電子零組件業,2025-09-26,93.7,2025Q2,0.0,0.0,-188.55,0.0,99.09666666666668,100.0,8.652969325658388,18.264846628291938,0.0,0.0,24.0530540640003,10.13263516000075,23.752990510243862
6516,勤崴國際,資訊服務業,2025-09-26,65.9,2025Q2,0.0,0.0,3.08,6.16,5.566666666666666,27.833333333333332,13.84414007364827,44.220700368241346,-1.1235695510182406,0.0,75.0,100.0,23.73977172190287
8084,巨虹,電子通路業,2025-09-26,41.8,2025Q2,0.0,0.0,29.41,58.82000000000001,2.456666666666667,12.283333333333335,0.7587332004039672,0.0,0.0,0.0,46.0,65.0,23.66166666666667
1316,上曜,建材營造業,2025-09-26,15.05,2025Q2,0.0,0.0,-176.19,0.0,204.78666666666663,100.0,9.845956999886553,24.229784999432766,0.0,0.0,19.827647886378,0.0,23.634467749914915
8342,益張,其他業,2025-09-26,85.2,2025Q2,0.0,0.0,-41.4,0.0,7.296666666666667,36.483333333333334,15.01810752250727,50.090537612536345,0.058857853210543674,0.0,55.0,87.5,23.56024730854712
9919,康那香,其他業,2025-09-26,17.05,2025Q2,0.0,0.0,37.5,75.0,-9.27,0.0,-16.385876485770435,0.0,0.0,0.0,39.131843526789,47.829608816972495,23.53296088169725
6124,業強,電子零組件業,2025-09-26,26.15,2025Q2,0.0,0.0,-421.74,0.0,13.526666666666666,67.63333333333333,-9.428477859797363,0.0,0.0,0.0,66.0,100.0,23.526666666666664
4905,台聯電,通信網路業,2025-09-26,62.3,2025Q2,0.0,0.0,-145.83,0.0,13.51,67.55,2.827328955109769,0.0,0.0,0.0,64.0,100.0,23.509999999999998
6227,茂綸,電子通路業,2025-09-26,88.0,2025Q2,0.0,0.0,-45.91,0.0,33.916666666666664,100.0,2.9293740793586815,0.0,-7.1000164728934205,0.0,34.0,35.0,23.5
2032,新鋼,鋼鐵工業,2025-09-26,14.85,2025Q2,57.12,0.0,-62.5,0.0,13.473333333333334,67.36666666666667,-1.3157782270657659,0.0,-5.862088643713144,0.0,79.1462503114359,100.0,23.473333333333336
8489,三貝德,其他業,2025-09-26,39.35,2025Q2,0.0,0.0,43.18,86.36,0.03666666666666677,0.18333333333333385,3.447205374882359,0.0,0.0,0.0,27.0,17.5,23.376666666666665
8349,矬,鋼鐵工業,2025-09-26,47.0,2025Q2,0.0,0.0,-70.98,0.0,-18.253333333333334,0.0,6.155677699910357,5.778388499551785,3.887794494353646,100.0,30.0,25.0,23.366758274932767
8409,商之器,生技醫療業,2025-09-26,22.15,2025Q2,0.0,0.0,16.67,33.34,4.920000000000001,24.600000000000005,-82.67552750797653,0.0,0.0,0.0,60.0,100.0,23.255000000000003
3207,耀勝,電子零組件業,2025-09-26,70.7,2025Q2,0.0,0.0,-25.93,0.0,21.346666666666664,100.0,-2.176886877428368,0.0,-4.984243462713254,0.0,33.0,32.5,23.25
3443,創意,半導體業,2025-09-26,1255.0,2025Q2,46.41,18.2282793867121,11.01,22.02,3.2433333333333323,16.21666666666666,15.526086893266042,52.630434466330215,-0.14284468509775775,0.0,38.5404212012993,46.35105300324825,23.1008317422789
8096,擎亞,電子通路業,2025-09-26,41.15,2025Q2,0.0,0.0,-49.12,0.0,-15.543333333333335,0.0,1.6301645241000826,0.0,12.62363025599444,100.0,32.0,30.0,23.0
3308,聯德,電子零組件業,2025-09-26,16.05,2025Q2,38.21,0.0,-316.67,0.0,15.8,79.0,-344.63741620962827,0.0,0.0,0.0,48.6574031812684,71.64350795317101,22.964350795317102
2012,春雨,鋼鐵工業,2025-09-26,17.1,2025Q2,43.85,0.0,-83.33,0.0,-8.76,0.0,5.0934296796386915,0.46714839819345766,19.634622656798662,100.0,31.5694780561087,28.92369514027175,22.962441773756197
3545,敦泰,半導體業,2025-09-26,66.1,2025Q2,23.95,81.99886428165814,9.43,18.86,-12.263333333333334,0.0,0.9364830480221795,0.0,-3.0164369312890313,0.0,63.2449629453172,100.0,22.914886428165815
7584,樂意,文化創意業,2025-09-26,57.5,2025Q2,0.0,0.0,-67.58,0.0,-34.93333333333333,0.0,5.695298946789651,3.4764947339482566,0.9498618643200655,64.26598061715222,58.0,95.0,22.874670333522683
1441,大東,紡織纖維,2025-09-26,11.2,2025Q2,0.0,0.0,-96.33,0.0,-29.626666666666665,0.0,1.0086675938517593,0.0,18.256670144581904,100.0,31.4207895326906,28.551973831726496,22.85519738317265
4746,台耀,生技醫療業,2025-09-26,64.3,2025Q2,0.0,0.0,-116.03,0.0,6.483333333333334,32.41666666666667,15.497146716870258,52.485733584351294,0.0,0.0,53.6926477634877,84.23161940871925,22.779355311857955
5498,凱崴,電子零組件業,2025-09-26,18.05,2025Q2,0.0,0.0,-550.0,0.0,14.776666666666666,73.88333333333333,-1.5703523510498874,0.0,0.0,0.0,52.0,80.0,22.776666666666664
2734,易飛網,觀光餐旅,2025-09-26,19.9,2025Q2,0.0,0.0,-137.35,0.0,12.756666666666666,63.783333333333324,-0.4429928904069771,0.0,0.0,0.0,66.0,100.0,22.756666666666668
6462,神盾,半導體業,2025-09-26,116.0,2025Q2,0.0,0.0,-80.22,0.0,35.28666666666667,100.0,-32.70361758797878,0.0,0.0,0.0,31.0,27.500000000000004,22.75
6517,保勝光學,光電業,2025-09-26,66.5,2025Q2,0.0,0.0,-88.83,0.0,-19.783333333333335,0.0,21.95649374749104,84.7824687374552,-0.43653341114677563,0.0,80.0,100.0,22.71737031061828
2739,寒舍,觀光餐旅,2025-09-26,37.7,2025Q2,48.33,0.0,-81.31,0.0,0.6933333333333332,3.4666666666666663,7.554676788990049,12.773383944950245,6.837115700176476,100.0,12.5300647594587,0.0,22.609340925075873
8112,至上,電子通路業,2025-09-26,42.95,2025Q2,25.12,0.0,-74.79,0.0,-12.18,0.0,1.6552854947684146,0.0,15.123777516560558,100.0,30.2920070118151,25.73001752953775,22.573001752953775
6807,峰源-KY,居家生活,2025-09-26,49.65,2025Q2,6.54,100.0,-33.86,0.0,0.0,0.0,8.421065033308063,17.105325166540315,0.2081903740329584,0.0,63.9649929449323,100.0,22.565798774981047
9937,全國,油電燃氣業,2025-09-26,61.8,2025Q2,26.41,15.632154668023412,-3.54,0.0,-9.286666666666667,0.0,3.1742420657118866,0.0,1.0290237152619521,75.57481646599317,43.3718302807094,58.42957570177351,22.521136330178326
5880,合庫金,金融保險業,2025-09-26,24.2,2025Q2,19.21,3.0221882172914993,1.56,3.12,6.236666666666667,31.183333333333334,36.42204171538581,100.0,-3.0102895421734126,0.0,4.7921766801433,0.0,22.318885488395814
6140,訊達,資訊服務業,2025-09-26,33.65,2025Q2,0.0,0.0,-248.33,0.0,83.61999999999999,100.0,0.001855603670046677,0.0,0.0,0.0,29.0,22.5,22.25
4128,中天,生技醫療業,2025-09-26,22.8,2025Q2,0.0,0.0,-61.19,0.0,12.023333333333333,60.11666666666666,-22.825905323101956,0.0,0.0,0.0,74.0,100.0,22.023333333333333
2743,山富,觀光餐旅,2025-09-26,89.5,2025Q2,0.0,0.0,-43.15,0.0,0.6233333333333336,3.1166666666666685,6.812306326702899,9.061531633514495,1.0418459810181475,77.40656871687823,38.0,45.0,21.963876821736154
6512,啟發電,其他電子業,2025-09-26,20.75,2025Q2,0.0,0.0,-65.22,0.0,11.86,59.3,-9.17427506754653,0.0,0.0,0.0,92.0,100.0,21.86
4994,傳奇,資訊服務業,2025-09-26,97.9,2025Q2,28.05,25.05567928730512,-51.59,0.0,-19.423333333333332,0.0,17.46971269747695,62.34856348738476,-3.296970294345946,0.0,76.115636032592,100.0,21.857852451838227
4130,健亞,生技醫療業,2025-09-26,23.0,2025Q2,0.0,0.0,-31.82,0.0,-4.576666666666667,0.0,6.620371449211195,8.101857246055975,0.8719573586023097,53.13676551461568,91.0,100.0,21.842631689831535
2348,海悅,其他業,2025-09-26,86.3,2025Q2,11.97,67.44827586206897,-65.17,0.0,-55.14000000000001,0.0,27.73998492941284,100.0,-2.592287370444575,0.0,17.6334319713703,0.0,21.744827586206895
4923,力士,半導體業,2025-09-26,31.2,2025Q2,0.0,0.0,-882.5,0.0,12.193333333333333,60.96666666666667,-29.300848132174405,0.0,0.0,0.0,58.0,95.0,21.693333333333335
8443,阿瘦,貿易百貨業,2025-09-26,12.15,2025Q2,0.0,0.0,-113.04,0.0,16.116666666666667,80.58333333333334,-5.548965358743404,0.0,0.0,0.0,42.1965581435073,55.49139535876826,21.665806202543497
3402,漢科,其他電子業,2025-09-26,129.0,2025Q2,0.0,0.0,24.14,48.28,-7.153333333333333,0.0,14.793282754417797,48.966413772088984,-1.4109163531074325,0.0,29.0,22.5,21.66496206581335
8050,廣積,電腦及週邊設備業,2025-09-26,49.2,2025Q2,0.0,0.0,-81.5,0.0,-10.459999999999999,0.0,3.0000547790452767,0.0,0.9342881830030901,62.04116900044146,57.0,92.5,21.65823380008829
1532,勤美,電機機械,2025-09-26,27.1,2025Q2,0.0,0.0,-103.58,0.0,28.29666666666667,100.0,2.988939932534413,0.0,0.0,0.0,26.4078062353266,16.019515588316498,21.60195155883165
3523,迎輝,光電業,2025-09-26,18.5,2025Q2,0.0,0.0,-10.87,0.0,46.336666666666666,100.0,-139.5778915473827,0.0,0.0,0.0,26.0,15.0,21.5
3522,御嵿,觀光餐旅,2025-09-26,14.6,2025Q2,0.0,0.0,-48.08,0.0,30.383333333333336,100.0,-10.718924385213493,0.0,0.0,0.0,26.0,15.0,21.5
7750,新代,電機機械,2025-09-26,890.0,2025Q2,35.35,51.33965950320959,0.0,0.0,16.346666666666668,81.73333333333333,0.0,0.0,0.0,0.0,0.0,0.0,21.480632616987627
8131,福懋科,半導體業,2025-09-26,30.0,2025Q2,66.67,0.0,-111.19,0.0,11.469999999999999,57.34999999999999,0.2923463611834949,0.0,0.0,0.0,84.0674521404727,100.0,21.47
6160,欣技,電腦及週邊設備業,2025-09-26,21.9,2025Q2,0.0,0.0,17.07,34.14,2.716666666666667,13.583333333333334,-2.0313283906572273,0.0,0.0,0.0,62.0,100.0,21.251666666666665
5529,鉅陞,建材營造業,2025-09-26,27.25,2025Q2,0.0,0.0,-16.28,0.0,73.81666666666668,100.0,-186.84056271981243,0.0,0.0,0.0,25.0,12.5,21.25
8942,森鉅,其他業,2025-09-26,38.8,2025Q2,0.0,0.0,-81.5,0.0,-13.426666666666668,0.0,17.305370287478354,61.52685143739177,0.5702295876984025,10.032798242628926,64.0,100.0,21.235587364134553
4952,凌通,半導體業,2025-09-26,40.3,2025Q2,26.0,76.17830777967065,-43.37,0.0,-30.753333333333334,0.0,9.631699745299285,23.158498726496425,0.2076163942788754,0.0,66.8391508860395,100.0,21.091605586941526
6111,大宇資,文化創意業,2025-09-26,50.5,2025Q2,0.0,0.0,-88.24,0.0,46.923333333333325,100.0,-6.011887176523679,0.0,-38.739183178325916,0.0,24.0,10.0,21.0
4953,緯軟,資訊服務業,2025-09-26,108.5,2025Q2,0.0,0.0,-11.02,0.0,10.883333333333333,54.41666666666667,5.137115835277191,0.6855791763859553,-0.9861073839357596,0.0,65.0,100.0,20.986170209791226
8215,明基材,光電業,2025-09-26,24.25,2025Q2,55.11,0.0,-52.94,0.0,-2.696666666666667,0.0,-0.4015808565643448,0.0,17.609352475364837,100.0,23.8914488751273,9.728622187818248,20.972862218781824
8284,三竹,資訊服務業,2025-09-26,63.0,2025Q2,0.0,0.0,-54.37,0.0,9.1,45.49999999999999,7.804552960773145,14.022764803865723,-0.5220859669025625,0.0,59.0,97.5,20.953414720579858
1582,信錦,電子零組件業,2025-09-26,68.0,2025Q2,13.68,85.47169811320755,-53.33,0.0,-15.396666666666667,0.0,10.727662575192968,28.63831287596484,-0.6499987164394765,0.0,52.3991789137293,80.99794728432326,20.94271147114781
6703,軒郁,生技醫療業,2025-09-26,115.5,2025Q2,0.0,0.0,-31.4,0.0,-10.166666666666666,0.0,11.092300717743724,30.46150358871862,0.7724952733957569,38.92789619939384,54.0,85.0,20.854804778186562
2852,第一保,金融保險業,2025-09-26,26.5,2025Q2,9.4,78.079571537873,-10.23,0.0,-2.8000000000000003,0.0,15.332931985998622,51.66465992999311,0.38861164966703193,0.0,41.1438507046318,52.859626761579506,20.843618819444217
2520,冠德,建材營造業,2025-09-26,36.0,2025Q2,6.28,95.8153580672994,-78.07,0.0,-19.19333333333333,0.0,13.885754880269833,44.428774401349166,-7.347493483187278,0.0,38.2965678179599,45.74141954489974,20.819993921422288
8935,邦泰,其他業,2025-09-26,24.7,2025Q2,0.0,0.0,-27.59,0.0,10.596666666666666,52.98333333333333,-15.440270091335057,0.0,0.0,0.0,61.0,100.0,20.596666666666664
8111,立,光電業,2025-09-26,53.8,2025Q2,0.0,0.0,-173.33,0.0,10.176666666666666,50.883333333333326,5.5238238754022495,2.6191193770112475,0.0,0.0,60.0,100.0,20.569534573218355
6735,美達科技,其他電子業,2025-09-26,82.4,2025Q2,0.0,0.0,-140.29,0.0,10.51,52.55,-8.214564775746211,0.0,0.0,0.0,78.0,100.0,20.509999999999998
4609,唐鋒,居家生活,2025-09-26,7.47,2025Q2,0.0,0.0,-100.0,0.0,450.75333333333333,100.0,-49.746525913997736,0.0,0.0,0.0,22.0,5.0,20.5
5283,禾聯碩,電器電纜,2025-09-26,69.0,2025Q2,10.57,75.8765778401122,5.65,11.3,-4.006666666666666,0.0,7.5288576220731525,12.644288110365762,-1.613503674315856,0.0,52.6612094403831,81.65302360095774,20.47460336066186
2748,雲品,觀光餐旅,2025-09-26,45.55,2025Q2,20.52,44.52582883577485,-54.17,0.0,0.12666666666666662,0.6333333333333332,12.4774523905875,37.3872619529375,0.5281671970413693,4.0238852916241825,57.8569838477203,94.64245961930075,20.45636186343969
3592,瑞鼎,半導體業,2025-09-26,281.0,2025Q2,12.69,100.0,-36.6,0.0,-11.206666666666665,0.0,7.723741318719586,13.618706593597931,-0.1077404573624485,0.0,53.3199422772599,83.29985569314975,20.372791558354667
3508,位速,其他電子業,2025-09-26,24.65,2025Q2,0.0,0.0,-13.58,0.0,36.79333333333333,100.0,-19.58739368479047,0.0,0.0,0.0,21.0,2.5,20.25
6578,達邦蛋白,農業科技業,2025-09-26,22.25,2025Q2,0.0,0.0,-194.74,0.0,10.229999999999999,51.15,2.589266677536277,0.0,0.0,0.0,84.0,100.0,20.23
2022,聚亨,鋼鐵工業,2025-09-26,7.85,2025Q2,0.0,0.0,-142.86,0.0,15.986666666666666,79.93333333333334,1.592368621811392,0.0,0.0,0.0,36.9699133362002,42.4247833405005,20.22914500071672
5309,系統電,電子零組件業,2025-09-26,61.9,2025Q2,0.0,0.0,-78.12,0.0,10.303333333333333,51.516666666666666,2.0954956602473027,0.0,-1.516194556265465,0.0,59.0,97.5,20.053333333333335
6806,森崴能源,綠能環保,2025-09-26,55.2,2025Q2,0.0,0.0,-1686.24,0.0,84.72666666666666,100.0,-45.22491782646503,0.0,0.0,0.0,20.0730326463395,0.182581615848747,20.018258161584875
1713,國化,化學工業,2025-09-26,48.5,2025Q2,5.38,100.0,-48.12,0.0,-9.889999999999999,0.0,-13.327134371975635,0.0,-0.5292876548681092,0.0,72.7392140368513,100.0,20.0
2762,世界健身-KY,運動休閒,2025-09-26,73.6,2025Q2,31.86,0.0,-43.0,0.0,0.0,0.0,4.484923873870036,0.0,11.151936314027036,100.0,15.0046653108364,0.0,20.0
4714,永捷,化學工業,2025-09-26,21.2,2025Q2,0.0,0.0,-25.0,0.0,123.26666666666667,100.0,-15.005673208329428,0.0,-8.149562934264033,0.0,19.0,0.0,20.0
4585,達明,其他電子業,2025-09-26,493.0,2025Q2,518.95,0.0,0.0,0.0,34.276666666666664,100.0,0.0,0.0,0.0,0.0,0.0,0.0,20.0
8059,凱碩,通信網路業,2025-09-26,27.25,2025Q2,0.0,0.0,-614.81,0.0,8115.866666666666,100.0,-16.16244756992726,0.0,0.0,0.0,14.0,0.0,20.0
3593,力銘,電子零組件業,2025-09-26,7.2,2025Q2,0.0,0.0,-171.43,0.0,33.21666666666667,100.0,-8.484991358732053,0.0,0.0,0.0,14.4933339787397,0.0,20.0
6016,康和證,金融保險業,2025-09-26,12.9,2025Q2,0.0,0.0,-131.03,0.0,287.21,100.0,-49.590413510366425,0.0,0.0,0.0,20.0,0.0,20.0
7780,大研生醫*,食品工業,2025-09-26,192.0,2025Q2,46.6,0.0,0.0,0.0,69.90666666666667,100.0,0.0,0.0,0.0,0.0,0.0,0.0,20.0
2915,潤泰全,貿易百貨業,2025-09-26,51.9,2025Q2,5.84,100.0,-49.31,0.0,-19.900000000000002,0.0,1.660054723302082,0.0,-0.010542885592368004,0.0,82.9457127628507,100.0,20.0
3712,永崴投控,電腦及週邊設備業,2025-09-26,33.75,2025Q2,0.0,0.0,-516.38,0.0,53.276666666666664,100.0,-34.998262702057374,0.0,0.0,0.0,9.4778503091877,0.0,20.0
6237,驊訊,半導體業,2025-09-26,41.25,2025Q2,0.0,0.0,0.0,0.0,9.896666666666667,49.483333333333334,-63.95881514647942,0.0,0.0,0.0,93.0,100.0,19.89666666666667
3615,安可,光電業,2025-09-26,23.9,2025Q2,0.0,0.0,-156.52,0.0,8.326666666666666,41.63333333333333,6.9191322882448985,9.595661441224493,0.0,0.0,70.0,100.0,19.76601588285034
4987,科誠,電腦及週邊設備業,2025-09-26,70.4,2025Q2,0.0,0.0,-8.83,0.0,-6.219999999999999,0.0,17.962034942064488,64.81017471032244,0.2117495158166559,0.0,67.0,100.0,19.72152620654837
4737,華廣,生技醫療業,2025-09-26,63.7,2025Q2,0.0,0.0,32.84,65.68,-6.733333333333333,0.0,-3.2917998249969047,0.0,0.0,0.0,33.1995996984513,32.99899924612825,19.719899924612825
8410,森田,電腦及週邊設備業,2025-09-26,40.55,2025Q2,0.0,0.0,-102.14,0.0,-3.7566666666666673,0.0,17.717480161806368,63.587400809031834,0.0,0.0,77.0,100.0,19.538110121354777
6147,頎邦,半導體業,2025-09-26,55.2,2025Q2,0.0,0.0,-51.66,0.0,-1.9433333333333334,0.0,12.295747248235948,36.47873624117974,0.639628932992314,19.946990427473438,86.0,100.0,19.46120852167165
2031,新光鋼,鋼鐵工業,2025-09-26,42.25,2025Q2,0.0,0.0,-69.69,0.0,14.833333333333334,74.16666666666667,4.819136321917356,0.0,-0.03983432340949419,0.0,38.3707384113875,45.926846028468745,19.42601793618021
6414,樺漢,電腦及週邊設備業,2025-09-26,290.5,2025Q2,13.34,85.98848368522073,21.05,42.1,-11.933333333333332,0.0,1.812269601824381,0.0,0.51047955585242,1.4970794074885712,15.4203052973358,0.0,19.423264250019788
8043,蜜望實,電子零組件業,2025-09-26,38.9,2025Q2,0.0,0.0,-158.02,0.0,9.23,46.150000000000006,-0.6364145668125273,0.0,0.0,0.0,64.0,100.0,19.230000000000004
4198,欣大健康,生技醫療業,2025-09-26,38.1,2025Q2,0.0,0.0,18.46,36.92,-44.160000000000004,0.0,-20.027525303208417,0.0,0.0,0.0,65.0,100.0,19.23
2845,遠東銀,金融保險業,2025-09-26,12.4,2025Q2,14.09,42.19586840091814,-21.43,0.0,-1.95,0.0,33.982712967629816,100.0,-8.966876715559394,0.0,6.99087277700062,0.0,19.219586840091814
3118,進階,生技醫療業,2025-09-26,33.85,2025Q2,0.0,0.0,12.77,25.540000000000003,0.11666666666666654,0.5833333333333327,8.605884581386539,18.029422906932695,0.41640323656506484,0.0,63.0,100.0,19.206080102706572
5328,華容,電子零組件業,2025-09-26,17.2,2025Q2,0.0,0.0,0.0,0.0,-5.5,0.0,4.990142898804316,0.0,0.8182205193699447,45.46007419570638,71.0,100.0,19.092014839141278
3518,柏騰,其他電子業,2025-09-26,21.95,2025Q2,0.0,0.0,18.18,36.36,-16.919999999999998,0.0,-49.27787114138057,0.0,0.0,0.0,66.1699547169351,100.0,19.09
4108,懷特,生技醫療業,2025-09-26,15.2,2025Q2,0.0,0.0,18.18,36.36,-16.293333333333333,0.0,-133.61214877375346,0.0,0.0,0.0,78.9339591331185,100.0,19.09
2849,安泰銀,金融保險業,2025-09-26,13.1,2025Q2,18.71,6.847742922723787,6.06,12.12,0.18666666666666654,0.9333333333333327,29.906089147558575,100.0,-0.6801215233824008,0.0,9.27376878364029,0.0,18.901440958939045
1506,正道,電機機械,2025-09-26,13.25,2025Q2,265.0,0.0,-150.0,0.0,8.723333333333334,43.61666666666667,2.4155367086940296,0.0,0.0,0.0,85.5749397475512,100.0,18.723333333333336
5530,龍巖,其他業,2025-09-26,55.3,2025Q2,0.0,0.0,-40.98,0.0,0.1533333333333334,0.766666666666667,24.744805192577523,98.72402596288762,-1.1775382894982076,0.0,35.0,37.5,18.711937227766477
1467,南緯,紡織纖維,2025-09-26,7.51,2025Q2,0.0,0.0,-766.67,0.0,15.9,79.5,-1.1300806056826336,0.0,0.0,0.0,31.1083201465975,27.77080036649375,18.677080036649375
9927,泰銘,其他業,2025-09-26,55.8,2025Q2,14.84,47.65517241379311,-66.75,0.0,-17.273333333333333,0.0,10.185720163312874,25.928600816564373,-0.7213453437516288,0.0,77.3149275547261,100.0,18.654807363863966
2204,中華,汽車工業,2025-09-26,62.9,2025Q2,12.1,85.22483940042827,-45.78,0.0,-10.86,0.0,3.6600318118886412,0.0,0.08249948472142611,0.0,65.9421475194457,100.0,18.522483940042825
1218,泰山,食品工業,2025-09-26,19.1,2025Q2,13.17,84.96296296296296,-10.81,0.0,-3.4000000000000004,0.0,4.943971982542644,0.0,-0.21617453170476877,0.0,83.7291690146656,100.0,18.496296296296297
6674,鋐寶科技,通信網路業,2025-09-26,21.25,2025Q2,0.0,0.0,16.84,33.68,-34.806666666666665,0.0,-19.934404535057944,0.0,0.0,0.0,71.9847202647411,100.0,18.42
7712,博盛半導體,半導體業,2025-09-26,138.0,2025Q2,0.0,0.0,-61.75,0.0,-12.263333333333334,0.0,16.17234574552183,55.86172872760915,-1.0096015737213515,0.0,68.0,100.0,18.37925930914137
4109,加捷生醫,生技醫療業,2025-09-26,16.5,2025Q2,0.0,0.0,-95.32,0.0,-5.483333333333334,0.0,6.150677361555336,5.753386807776679,0.7628446115288221,37.54923021840316,89.0,100.0,18.372854064847132
1725,元禎,化學工業,2025-09-26,26.4,2025Q2,18.86,60.531309297912706,-86.44,0.0,2.2366666666666677,11.183333333333339,1.3614182775389572,0.0,-5.5400134048257375,0.0,67.3763852681091,100.0,18.289797596457937
1570,力肯,電機機械,2025-09-26,28.0,2025Q2,0.0,0.0,-58.25,0.0,-29.64,0.0,15.961155378486055,54.805776892430266,-1.4551474206970605,0.0,83.0,100.0,18.220866533864537
5512,力麒,建材營造業,2025-09-26,8.27,2025Q2,0.0,0.0,0.0,0.0,8.973333333333334,44.866666666666674,13.835196720591242,44.17598360295621,-54.62980562329651,0.0,30.0,25.0,18.099730873776764
5701,劍湖山,觀光餐旅,2025-09-26,4.6,2025Q2,0.0,0.0,35.29,70.58,-11.69,0.0,-3.5469295062393185,0.0,0.0,0.0,21.0,2.5,17.895
6168,宏齊,光電業,2025-09-26,20.55,2025Q2,0.0,0.0,-433.33,0.0,7.846666666666667,39.233333333333334,0.04395856805954604,0.0,0.0,0.0,77.1273530617497,100.0,17.846666666666668
2349,錸德,光電業,2025-09-26,10.35,2025Q2,0.0,0.0,-833.33,0.0,15.073333333333332,75.36666666666666,0.23453577048783442,0.0,0.0,0.0,31.0242606095525,27.560651523881248,17.829398485721455
2886,兆豐金,金融保險業,2025-09-26,42.0,2025Q2,19.09,3.9403213465952547,-10.87,0.0,2.3866666666666667,11.933333333333334,52.42374393045552,100.0,-0.2891490116711667,0.0,7.91659877235337,0.0,17.780698801326192
3236,千如,電子零組件業,2025-09-26,21.45,2025Q2,0.0,0.0,-850.0,0.0,11.003333333333332,55.01666666666666,1.6602400739066694,0.0,0.0,0.0,47.0,67.5,17.75333333333333
7743,金利食安,食品工業,2025-09-26,26.7,2025Q2,0.0,0.0,-95.24,0.0,6.8933333333333335,34.46666666666667,6.114222169268041,5.571110846340206,-1.0388994307400379,0.0,64.0,100.0,17.728999960284366
6431,光麗-KY,生技醫療業,2025-09-26,16.2,2025Q2,0.0,0.0,18.4,36.8,0.0,0.0,-39.553856219841336,0.0,0.0,0.0,54.0814140332084,85.20353508302098,17.720353508302097
6418,詠昇,電子零組件業,2025-09-26,75.0,2025Q2,0.0,0.0,-9.23,0.0,-13.496666666666664,0.0,4.697166189442868,0.0,0.8455766967438211,49.368099534831586,51.0,77.5,17.62361990696632
7728,光焱科技,其他電子業,2025-09-26,292.0,2025Q2,0.0,0.0,-72.91,0.0,-48.38666666666666,0.0,14.965092251824863,49.82546125912432,0.2493269050153403,0.0,75.0,100.0,17.473819188868646
3380,明泰,通信網路業,2025-09-26,29.5,2025Q2,0.0,0.0,-163.93,0.0,12.876666666666667,64.38333333333334,-2.3252509305485938,0.0,0.0,0.0,37.9204537552281,44.80113438807026,17.356780105473696
4543,萬在,電機機械,2025-09-26,23.95,2025Q2,0.0,0.0,-141.77,0.0,5.28,26.400000000000002,7.747016383924884,13.73508191962442,0.0,0.0,67.0,100.0,17.340262287943666
1718,中纖,化學工業,2025-09-26,6.46,2025Q2,0.0,0.0,-150.0,0.0,8.316666666666668,41.583333333333336,16.99433610743456,59.9716805371728,0.0,0.0,2.07340347946174,0.0,17.31241874724259
6834,天二科技,電子零組件業,2025-09-26,29.05,2025Q2,484.17,0.0,-152.63,0.0,6.69,33.45,5.813912347691663,4.069561738458316,0.0,0.0,61.4253982647349,100.0,17.30043426076875
3360,尚立,電子通路業,2025-09-26,12.8,2025Q2,0.0,0.0,-147.37,0.0,14.79,73.94999999999999,-0.5529264274832085,0.0,0.0,0.0,30.0,25.0,17.29
6671,三能-KY,居家生活,2025-09-26,36.55,2025Q2,14.56,49.30843706777317,-44.08,0.0,0.0,0.0,8.080182992990322,15.400914964951609,0.01771837115324837,0.0,72.5703805013795,100.0,17.240980951520058
6220,岳豐,電子零組件業,2025-09-26,19.0,2025Q2,0.0,0.0,28.3,56.60000000000001,-30.513333333333332,0.0,0.9691717046250369,0.0,0.0,0.0,32.0,30.0,17.150000000000002
4171,瑞基,農業科技業,2025-09-26,18.1,2025Q2,0.0,0.0,-35.71,0.0,7.033333333333334,35.16666666666667,-45.83274903005656,0.0,0.0,0.0,65.0,100.0,17.033333333333335
5508,永信建,建材營造業,2025-09-26,86.0,2025Q2,0.0,0.0,-81.82,0.0,-89.73666666666666,0.0,36.816500907274275,100.0,-0.9210527692750439,0.0,28.0,20.0,17.0
4938,和碩,電腦及週邊設備業,2025-09-26,70.4,2025Q2,14.85,78.74280230326296,-48.19,0.0,-11.540000000000001,0.0,0.7324976150087062,0.0,0.7123376951535525,30.3339564505075,32.0210839260743,30.05270981518574,16.946342501946372
9802,鈺齊-KY,運動休閒,2025-09-26,99.5,2025Q2,16.15,33.97988505747127,-23.76,0.0,0.0,0.0,9.714829087453305,23.574145437266523,-0.5206381449476872,0.0,61.3125050021678,100.0,16.93411032133711
4532,瑞智,電機機械,2025-09-26,24.45,2025Q2,11.87,100.0,2.61,5.22,-23.02333333333333,0.0,7.953607918189126,14.76803959094563,-1.6241632920083207,0.0,33.3588462798416,33.397115699604,16.859917508602244
4555,氣立,電機機械,2025-09-26,41.7,2025Q2,0.0,0.0,-316.67,0.0,6.776666666666666,33.88333333333333,2.8543924006063133,0.0,0.0,0.0,61.3073935315344,100.0,16.776666666666667
6259,百徽,電子零組件業,2025-09-26,16.3,2025Q2,0.0,0.0,-39.47,0.0,5.8500000000000005,29.250000000000004,6.210409350084758,6.05204675042379,-2.440593205725125,0.0,67.0,100.0,16.757807012563568
1234,黑松,食品工業,2025-09-26,38.1,2025Q2,16.86,66.74074074074075,-9.43,0.0,-13.173333333333332,0.0,2.208779718402942,0.0,0.24948168624740844,0.0,77.0021198610345,100.0,16.674074074074074
2486,一詮,光電業,2025-09-26,79.5,2025Q2,0.0,0.0,-160.0,0.0,11.053333333333333,55.266666666666666,2.3921835397751128,0.0,0.0,0.0,42.3703091327533,55.92577283188325,16.64591061652166
5531,鄉林,建材營造業,2025-09-26,9.2,2025Q2,76.67,0.0,32.0,64.0,-9.803333333333335,0.0,-160.75047406122164,0.0,0.0,0.0,22.3039800114396,5.759950028598997,16.575995002859898
4558,寶緯,電機機械,2025-09-26,25.75,2025Q2,0.0,0.0,-206.85,0.0,12.663333333333334,63.31666666666666,-5.69585753478195,0.0,0.0,0.0,35.0,37.5,16.413333333333334
2903,遠百,貿易百貨業,2025-09-26,22.3,2025Q2,15.07,96.27450980392157,-21.52,0.0,-2.1533333333333333,0.0,13.064718548027601,40.323592740138004,-1.854077356087272,0.0,22.4357711679326,6.0894279198315004,16.284932683396008
3211,順達,電腦及週邊設備業,2025-09-26,354.0,2025Q2,0.0,0.0,-51.89,0.0,-4.086666666666667,0.0,6.433638728948889,7.168193644744444,0.7417102805466684,34.53004007809549,53.0,82.5,16.231237062330763
1525,江申,汽車工業,2025-09-26,67.5,2025Q2,16.5,61.67023554603854,-1.83,0.0,-16.953333333333333,0.0,0.8319181786477255,0.0,-0.9747564777345037,0.0,84.8106472461984,100.0,16.167023554603855
8905,裕國,其他業,2025-09-26,31.2,2025Q2,0.0,0.0,-57.32,0.0,6.146666666666666,30.73333333333333,3.6185723801178953,0.0,-1.3439167686658506,0.0,77.0,100.0,16.14666666666667
2537,聯上發,建材營造業,2025-09-26,10.95,2025Q2,15.87,13.071613459879217,-70.59,0.0,-48.02333333333333,0.0,23.215428585951706,91.07714292975852,-17.719460165433173,0.0,24.568501003875,11.421252509687498,16.11085803642045
6128,上福,電腦及週邊設備業,2025-09-26,28.0,2025Q2,13.21,86.61228406909788,-46.91,0.0,-9.73,0.0,4.211567400089475,0.0,-1.199339710643279,0.0,48.9630611637406,72.4076529093515,15.90199369784494
4956,光鋐,光電業,2025-09-26,20.65,2025Q2,0.0,0.0,-800.0,0.0,6.510000000000001,32.550000000000004,-10.866147218671045,0.0,0.0,0.0,57.5571128756042,93.89278218901049,15.89927821890105
6830,汎銓,其他電子業,2025-09-26,165.0,2025Q2,0.0,0.0,-283.58,0.0,8.336666666666666,41.68333333333333,-0.4574410442889704,0.0,0.0,0.0,50.0270202949565,75.06755073739126,15.843421740405791
1227,佳格,食品工業,2025-09-26,30.1,2025Q2,18.93,56.518518518518526,-38.82,0.0,-5.859999999999999,0.0,5.225064672083506,1.1253233604175295,0.0665243730450414,0.0,64.0956421133822,100.0,15.82065035591448
6492,生華科,生技醫療業,2025-09-26,41.3,2025Q2,0.0,0.0,11.41,22.82,0.0,0.0,-25180.2,0.0,0.0,0.0,96.0,100.0,15.705
4968,立積,半導體業,2025-09-26,143.0,2025Q2,264.81,0.0,-103.51,0.0,5.703333333333333,28.51666666666667,4.167765544066309,0.0,0.0,0.0,72.400710085909,100.0,15.703333333333333
2527,宏璟,建材營造業,2025-09-26,25.2,2025Q2,6.28,95.8153580672994,-1200.0,0.0,-73.58999999999999,0.0,-38.90783852700599,0.0,0.0,0.0,44.4368148067876,61.092037016969,15.69073950842684
8107,大億金茂,電機機械,2025-09-26,15.5,2025Q2,0.0,0.0,-174.75,0.0,8.643333333333333,43.21666666666666,4.348970746914036,0.0,0.0,0.0,48.0,70.0,15.643333333333333
3049,精金,光電業,2025-09-26,6.66,2025Q2,0.0,0.0,11.32,22.64,-18.81,0.0,-52.049797412676746,0.0,0.0,0.0,59.6639243570725,99.15981089268125,15.575981089268126
3322,建舜電,電子零組件業,2025-09-26,13.9,2025Q2,0.0,0.0,-87.5,0.0,9.266666666666667,46.333333333333336,-3.5225185304014297,0.0,0.0,0.0,45.0,62.5,15.516666666666667
3373,熱映,其他電子業,2025-09-26,19.05,2025Q2,0.0,0.0,-174.29,0.0,5.416666666666667,27.083333333333336,-19.291334490536226,0.0,0.0,0.0,93.0,100.0,15.416666666666668
5215,科嘉-KY,電腦及週邊設備業,2025-09-26,34.3,2025Q2,20.18,53.16698656429942,-106.22,0.0,0.0,0.0,3.702609519165074,0.0,0.0,0.0,73.0322302389839,100.0,15.316698656429942
9905,大華,其他業,2025-09-26,20.85,2025Q2,14.28,51.51724137931035,-23.61,0.0,-10.266666666666667,0.0,4.230747170874326,0.0,0.437695498946332,0.0,67.3865363436148,100.0,15.151724137931035
4138,曜亞,生技醫療業,2025-09-26,69.8,2025Q2,0.0,0.0,-19.26,0.0,-11.11,0.0,14.49118142129017,47.45590710645085,0.38350674471232254,0.0,52.0,80.0,15.118386065967627
6873,泓德能源,綠能環保,2025-09-26,120.5,2025Q2,12.22,80.7844803171906,-3.68,0.0,-38.02333333333333,0.0,8.088155754229302,15.440778771146507,-9.2216434675359,0.0,38.5038338793355,46.259584698338756,15.020523317224912
4807,日成-KY,貿易百貨業,2025-09-26,17.85,2025Q2,0.0,0.0,18.12,36.24,0.0,0.0,-3.0807595026896086,0.0,0.0,0.0,43.7779098260474,59.44477456511849,15.00447745651185
3321,同泰,電子零組件業,2025-09-26,13.0,2025Q2,0.0,0.0,-44.79,0.0,14.996666666666668,74.98333333333333,-9.775909139680257,0.0,0.0,0.0,15.9894717055972,0.0,14.996666666666668
3046,建,電腦及週邊設備業,2025-09-26,44.4,2025Q2,11.84,93.18618042226487,-4.02,0.0,-15.813333333333333,0.0,4.5047310370269456,0.0,0.20187323633598175,0.0,42.6954037153995,56.73850928849875,14.992468971076363
6194,育富,電子零組件業,2025-09-26,35.65,2025Q2,0.0,0.0,-47.14,0.0,-4.723333333333334,0.0,10.914852055079269,29.574260275396348,0.5194613021652806,2.78018602361152,77.0,100.0,14.992176246031756
6573,虹揚-KY,半導體業,2025-09-26,10.3,2025Q2,0.0,0.0,26.32,52.64,0.0,0.0,-13.278013796027238,0.0,0.0,0.0,27.1991466347279,17.99786658681975,14.959786658681976
7610,聯友金屬-創,,2025-09-26,100.0,2025Q2,102.04,0.0,0.0,0.0,14.866666666666665,74.33333333333333,0.0,0.0,0.0,0.0,0.0,0.0,14.866666666666667
6486,互動,通信網路業,2025-09-26,73.3,2025Q2,0.0,0.0,-25.46,0.0,-11.170000000000002,0.0,12.742664947761037,38.71332473880519,0.26059138687125033,0.0,56.0,90.0,14.806998710820778
5902,德記,居家生活,2025-09-26,46.95,2025Q2,0.0,0.0,0.0,0.0,-4.883333333333334,0.0,11.140584645925273,30.702923229626368,0.32990182229128406,0.0,67.0,100.0,14.605438484443955
6909,創控,半導體業,2025-09-26,43.2,2025Q2,36.61,46.05337876206701,0.0,0.0,-16.84,0.0,-0.8926881730356476,0.0,0.0,0.0,84.6019114538567,100.0,14.6053378762067
2543,皇昌,建材營造業,2025-09-26,71.3,2025Q2,19.64,0.0,-50.35,0.0,-11.396666666666667,0.0,14.297813851000921,46.48906925500461,0.1920484457257458,0.0,50.0275135302523,75.06878382563075,14.480238770813767
6412,群電,電子零組件業,2025-09-26,98.4,2025Q2,15.07,78.91509433962264,-45.48,0.0,-9.293333333333335,0.0,6.454155973581764,7.27077986790882,0.1331860817361285,0.0,41.8904111917531,54.72602797938275,14.454729212086864
6122,擎邦,電機機械,2025-09-26,48.6,2025Q2,0.0,0.0,-1.77,0.0,3.646666666666667,18.233333333333334,11.408737140059628,32.04368570029814,-4.509066133194167,0.0,44.0,60.0,14.453219521711388
6129,普誠,半導體業,2025-09-26,15.0,2025Q2,0.0,0.0,-76.74,0.0,4.433333333333334,22.166666666666668,-27.608598915487576,0.0,0.0,0.0,79.0,100.0,14.433333333333334
2206,三陽工業,汽車工業,2025-09-26,62.3,2025Q2,10.83,92.02355460385438,-9.2,0.0,-1.86,0.0,10.264562492352217,26.322812461761085,-0.004841358179788406,0.0,24.7313377070167,11.828344267541748,14.333611756403776
2373,震旦行,其他電子業,2025-09-26,57.0,2025Q2,13.7,84.51242829827916,-6.81,0.0,-0.9899999999999999,0.0,7.145998667993342,10.729993339966711,0.4538844879878681,0.0,36.6984008604063,41.74600215101575,14.235342045924499
6155,鈞寶,電子零組件業,2025-09-26,24.55,2025Q2,245.5,0.0,-140.32,0.0,2.6366666666666667,13.183333333333334,7.087176988711032,10.435884943555159,0.0,0.0,66.3203375474806,100.0,14.20204940819994
6182,合晶,半導體業,2025-09-26,29.7,2025Q2,0.0,0.0,-1000.0,0.0,8.13,40.650000000000006,4.932693263527618,0.0,0.0,0.0,44.0,60.0,14.13
6546,正基,通信網路業,2025-09-26,71.5,2025Q2,0.0,0.0,-62.43,0.0,-11.796666666666667,0.0,10.829776996864702,29.14888498432351,0.10258406632717479,0.0,59.0,97.5,14.122332747648526
8039,台虹,電子零組件業,2025-09-26,59.9,2025Q2,52.09,0.0,-76.06,0.0,-9.206666666666667,0.0,5.04303512097997,0.2151756048998488,0.6389500893430252,19.850012763289318,65.4112745938574,100.0,14.002278893392841
3455,由田,光電業,2025-09-26,92.7,2025Q2,0.0,0.0,-203.91,0.0,4.703333333333333,23.516666666666666,2.657115826463036,0.0,0.0,0.0,57.0,92.5,13.953333333333333
1595,川寶,電子零組件業,2025-09-26,37.2,2025Q2,0.0,0.0,-923.53,0.0,3.810000000000001,19.050000000000004,-12.633657435959911,0.0,0.0,0.0,66.0,100.0,13.81
6419,京晨科,光電業,2025-09-26,51.0,2025Q2,0.0,0.0,-112.94,0.0,-50.22666666666667,0.0,10.075895436447889,25.37947718223944,0.0,0.0,61.0,100.0,13.806921577335917
6240,松崗,資訊服務業,2025-09-26,18.1,2025Q2,0.0,0.0,-164.56,0.0,8.229999999999999,41.14999999999999,-20.10898937128445,0.0,0.0,0.0,42.0,55.00000000000001,13.73
3356,奇偶,光電業,2025-09-26,52.7,2025Q2,23.53,35.859810817365975,-102.26,0.0,-13.82,0.0,3.4444784337717955,0.0,0.0,0.0,75.084860566226,100.0,13.585981081736598
2405,輔信,電腦及週邊設備業,2025-09-26,18.7,2025Q2,0.0,0.0,-314.29,0.0,3.5333333333333337,17.666666666666668,-3.7472663023722834,0.0,0.0,0.0,80.8519232029417,100.0,13.533333333333333
2495,普安,電腦及週邊設備業,2025-09-26,21.7,2025Q2,24.11,34.309021113243766,-129.41,0.0,-21.143333333333334,0.0,5.001509917580597,0.007549587902984101,0.0,0.0,61.1706946173311,100.0,13.432034549509824
2328,廣宇,電子零組件業,2025-09-26,54.0,2025Q2,26.6,24.52830188679245,2.33,4.66,-6.836666666666666,0.0,5.698357061273337,3.4917853063666864,0.3096804449776421,0.0,56.9980583599223,92.49514589980575,13.391112574614825
3003,健和興,電子零組件業,2025-09-26,51.0,2025Q2,29.65,10.14150943396226,-101.88,0.0,-5.366666666666667,0.0,8.145384431481522,15.726922157407614,0.0,0.0,79.2203091341511,100.0,13.373189267007367
1231,聯華食,食品工業,2025-09-26,128.5,2025Q2,35.11,0.0,-30.11,0.0,5.123333333333333,25.616666666666667,7.606845558262064,13.034227791310322,0.24976185293959685,0.0,44.7022845036356,61.75571125908901,13.254038627938783
4147,中裕,生技醫療業,2025-09-26,76.2,2025Q2,0.0,0.0,-82.35,0.0,3.2400000000000007,16.200000000000003,-25.34124118413798,0.0,0.0,0.0,82.0,100.0,13.24
2431,聯昌,電子零組件業,2025-09-26,13.45,2025Q2,0.0,0.0,6.06,12.12,-11.83,0.0,-22.935452876404597,0.0,0.0,0.0,89.1950334216679,100.0,13.03
6109,亞元,通信網路業,2025-09-26,10.25,2025Q2,0.0,0.0,-93.02,0.0,3.7766666666666673,18.883333333333336,-14.300724667895295,0.0,0.0,0.0,57.0,92.5,13.026666666666667
2514,龍邦,其他業,2025-09-26,14.75,2025Q2,7.56,97.86206896551725,-53.22,0.0,-10.273333333333333,0.0,5.638145945752396,3.1907297287619802,-1.974793180989843,0.0,31.007585375392,27.518963438480004,13.016712699714024
2369,菱生,半導體業,2025-09-26,18.3,2025Q2,0.0,0.0,-3400.0,0.0,2.9166666666666665,14.583333333333332,-9.957130852783584,0.0,0.0,0.0,67.213525636602,100.0,12.916666666666666
1110,東泥,水泥工業,2025-09-26,16.85,2025Q2,31.79,0.0,-53.33,0.0,-14.343333333333334,0.0,8.765764083745582,18.828820418727908,0.27389195044981396,0.0,72.1178464409293,100.0,12.824323062809185
5481,新華,其他業,2025-09-26,20.55,2025Q2,0.0,0.0,-116.67,0.0,2.796666666666667,13.983333333333334,-49.032230739909366,0.0,0.0,0.0,77.0,100.0,12.796666666666667
6747,亨泰光,,2025-09-26,195.0,2025Q2,0.0,0.0,-106.93,0.0,0.0,0.0,8.59016892323326,17.950844616166304,0.0,0.0,88.0,100.0,12.692626692424945
3454,晶睿,光電業,2025-09-26,90.4,2025Q2,30.96,0.0,-153.12,0.0,4.963333333333334,24.81666666666667,0.2619439210333701,0.0,0.0,0.0,50.8971466661227,77.24286666530675,12.68761999986401
4927,泰鼎-KY,電子零組件業,2025-09-26,25.1,2025Q2,0.0,0.0,19.76,39.52,0.0,0.0,-7.690480080332167,0.0,0.0,0.0,31.2003635191614,28.000908797903502,12.68009087979035
7402,邑錡,光電業,2025-09-26,134.5,2025Q2,0.0,0.0,-115.24,0.0,-1.683333333333333,0.0,8.51691954928972,17.584597746448598,0.0,0.0,73.0,100.0,12.63768966196729
4174,浩鼎,生技醫療業,2025-09-26,25.35,2025Q2,0.0,0.0,4.53,9.06,-66.89333333333333,0.0,-4390.839947089947,0.0,0.0,0.0,61.0,100.0,12.265
3444,利機,電子通路業,2025-09-26,57.2,2025Q2,0.0,0.0,-14.79,0.0,-2.7033333333333336,0.0,7.970038606076931,14.850193030384654,0.11215865358056973,0.0,68.0,100.0,12.227528954557698
5205,中茂,綠能環保,2025-09-26,31.0,2025Q2,0.0,0.0,4.41,8.82,-55.51666666666667,0.0,-108.04119627649041,0.0,0.0,0.0,62.0,100.0,12.205
2337,旺宏,半導體業,2025-09-26,24.3,2025Q2,0.0,0.0,-56.76,0.0,3.4666666666666672,17.333333333333336,-16.706292894380166,0.0,0.0,0.0,54.8666580269608,87.16664506740199,12.183331173406867
3338,泰碩,電子零組件業,2025-09-26,56.6,2025Q2,22.73,42.783018867924525,-32.72,0.0,-8.83,0.0,5.438957665885362,2.194788329426811,-1.0062528851399555,0.0,50.0680592976796,75.17014824419901,12.124534960626377
6542,隆中,文化創意業,2025-09-26,48.05,2025Q2,0.0,0.0,-107.69,0.0,2.0433333333333334,10.216666666666667,1.8630068491858338,0.0,0.0,0.0,69.0,100.0,12.043333333333333
6643,M31,半導體業,2025-09-26,447.0,2025Q2,0.0,0.0,-113.93,0.0,1.8000000000000007,9.000000000000004,5.302480506585361,1.5124025329268065,0.0,0.0,88.0,100.0,12.026860379939022
1813,寶利徠,生技醫療業,2025-09-26,13.8,2025Q2,0.0,0.0,-711.76,0.0,2.02,10.100000000000001,-36.52164919602606,0.0,0.0,0.0,71.0,100.0,12.02
2101,南港,橡膠工業,2025-09-26,38.25,2025Q2,15.74,75.85963259538389,-169.7,0.0,-7.13,0.0,8.28672319853627,16.433615992681354,0.0,0.0,27.6009782107244,19.002445526810998,11.95125021112169
5471,松翰,半導體業,2025-09-26,37.4,2025Q2,61.31,0.0,-63.89,0.0,-5.8066666666666675,0.0,6.239955537012575,6.199777685062875,0.5335775615340583,4.796794504865476,83.818782800796,100.0,11.889325553732526
8924,大田,運動休閒,2025-09-26,70.1,2025Q2,0.0,0.0,-28.48,0.0,-6.23,0.0,6.38865724089199,6.94328620445995,0.5284351618370469,4.062165976720981,71.0,100.0,11.853926126013189
4133,亞諾法,生技醫療業,2025-09-26,25.35,2025Q2,0.0,0.0,-151.35,0.0,0.18666666666666684,0.9333333333333342,6.902308824498584,9.511544122492918,0.0,0.0,89.3886285624243,100.0,11.613398285040605
2442,新美齊,建材營造業,2025-09-26,25.25,2025Q2,30.06,0.0,-40.0,0.0,-38.02666666666667,0.0,20.3562684297372,76.781342148686,-6.608873185799518,0.0,17.4268309293616,0.0,11.517201322302899
1608,華榮,電器電纜,2025-09-26,31.4,2025Q2,22.92,0.0,-15.13,0.0,-4.75,0.0,9.511224343256144,22.55612171628072,-0.4899406029830915,0.0,52.4992954723414,81.2482386808535,11.508242125527458
1604,聲寶,電器電纜,2025-09-26,24.8,2025Q2,14.17,50.63113604488079,-26.77,0.0,-8.74,0.0,5.430771441577956,2.153857207889782,-0.10431770557793534,0.0,43.856395288061,59.6409882201525,11.350291007686797
3434,哲固,光電業,2025-09-26,33.3,2025Q2,0.0,0.0,-72.22,0.0,-12.49,0.0,7.116666456661165,10.583332283305827,-4.92657060518732,0.0,59.0,97.5,11.337499842495873
4142,國光生,生技醫療業,2025-09-26,18.4,2025Q2,0.0,0.0,3.67,7.339999999999999,-18.28333333333333,0.0,-260.979874610579,0.0,0.0,0.0,57.4957399650496,93.73934991262401,11.2089349912624
1539,巨庭,電機機械,2025-09-26,17.75,2025Q2,0.0,0.0,-140.0,0.0,1.0966666666666665,5.4833333333333325,3.0855456574467675,0.0,0.0,0.0,67.3282989828752,100.0,11.096666666666666
4568,科際精密,電機機械,2025-09-26,43.7,2025Q2,0.0,0.0,-43.44,0.0,-17.46,0.0,6.435970683529746,7.179853417648729,-0.8820386354295109,0.0,70.0,100.0,11.07697801264731
6794,向榮生技,生技醫療業,2025-09-26,85.6,2025Q2,0.0,0.0,1.96,3.92,-15.113333333333335,0.0,-339.773156899811,0.0,0.0,0.0,90.183791058586,100.0,10.98
3006,晶豪科,半導體業,2025-09-26,70.1,2025Q2,0.0,0.0,-526.87,0.0,2.2899999999999996,11.449999999999998,-8.828345417907911,0.0,0.0,0.0,54.3557385578927,85.88934639473175,10.878934639473174
6114,久威,電子零組件業,2025-09-26,30.45,2025Q2,0.0,0.0,-98.21,0.0,-8.156666666666666,0.0,6.161649406267857,5.808247031339286,-108.13027061044683,0.0,69.0,100.0,10.871237054700893
6243,迅杰,半導體業,2025-09-26,34.05,2025Q2,0.0,0.0,-144.05,0.0,-5.45,0.0,6.106983105984991,5.534915529924955,0.0,0.0,65.0727841340177,100.0,10.830237329488742
6228,全譜,電腦及週邊設備業,2025-09-26,29.2,2025Q2,0.0,0.0,-70.0,0.0,0.8300000000000006,4.150000000000003,-32.51407899153396,0.0,0.0,0.0,62.0,100.0,10.83
1611,中電,電器電纜,2025-09-26,12.85,2025Q2,80.31,0.0,-106.25,0.0,-7.413333333333333,0.0,6.016033523024885,5.080167615124425,0.0,0.0,80.8932440610568,100.0,10.762025142268664
2340,台亞,半導體業,2025-09-26,27.25,2025Q2,0.0,0.0,-680.95,0.0,4.0200000000000005,20.1,-29.388911582133677,0.0,0.0,0.0,46.9399014042184,67.34975351054601,10.7549753510546
1453,大將,建材營造業,2025-09-26,13.4,2025Q2,0.0,0.0,-140.74,0.0,2.6333333333333333,13.166666666666666,-2213.691275167785,0.0,0.0,0.0,52.2392691484464,80.59817287111599,10.693150620444932
4533,協易機,電機機械,2025-09-26,22.3,2025Q2,0.0,0.0,-131.4,0.0,5.896666666666666,29.483333333333327,4.0486949560516,0.0,0.0,0.0,39.0,47.5,10.646666666666665
3205,佰研,生技醫療業,2025-09-26,54.0,2025Q2,0.0,0.0,1.27,2.54,-2.34,0.0,-14.278826574794856,0.0,0.0,0.0,92.0,100.0,10.635
2419,仲琦,通信網路業,2025-09-26,22.8,2025Q2,0.0,0.0,-285.71,0.0,4.623333333333334,23.116666666666667,-0.46461672559584616,0.0,0.0,0.0,43.8602480264551,59.65062006613776,10.58839533994711
4995,晶達,光電業,2025-09-26,45.9,2025Q2,0.0,0.0,-77.59,0.0,-28.486666666666668,0.0,8.632920769547079,18.164603847735393,0.18874900959591515,0.0,51.0,77.5,10.47469057716031
4414,如興,紡織纖維,2025-09-26,11.4,2025Q2,19.32,53.92839383391347,3.7,7.400000000000001,-19.303333333333335,0.0,3.9209664286351003,0.0,0.0,0.0,32.841042418677,32.10260604669249,10.453099988060597
6706,惠特,光電業,2025-09-26,81.1,2025Q2,0.0,0.0,-28.68,0.0,1.4800000000000015,7.400000000000008,-24.45260484590569,0.0,0.0,0.0,55.339977243584,88.34994310896,10.314994310896003
6241,易通展,通信網路業,2025-09-26,12.35,2025Q2,0.0,0.0,-164.62,0.0,0.8000000000000002,4.000000000000001,-3.9168552036199094,0.0,0.0,0.0,58.0,95.0,10.3
2732,六角,觀光餐旅,2025-09-26,72.5,2025Q2,0.0,0.0,-111.76,0.0,7.260000000000001,36.300000000000004,2.3041366789331423,0.0,0.0,0.0,32.0,30.0,10.260000000000002
8076,伍豐,電腦及週邊設備業,2025-09-26,24.8,2025Q2,0.0,0.0,-83.17,0.0,-31.243333333333336,0.0,5.248625475331218,1.243127376656088,0.28021642110411443,0.0,63.0,100.0,10.186469106498413
8431,匯鑽科,其他電子業,2025-09-26,44.55,2025Q2,0.0,0.0,-1300.0,0.0,0.43,2.15,-5.164796268920861,0.0,0.0,0.0,59.0,97.5,10.18
1324,地球,塑膠工業,2025-09-26,10.9,2025Q2,0.0,0.0,-2750.0,0.0,0.12000000000000055,0.6000000000000028,-9.82131955982822,0.0,0.0,0.0,79.3252018632578,100.0,10.120000000000001
4967,十銓,半導體業,2025-09-26,82.5,2025Q2,34.38,52.385008517887556,-81.11,0.0,-43.85999999999999,0.0,1.2040426401766664,0.0,-17.08904023470243,0.0,39.4151434720318,48.5378586800795,10.092286719796707
3232,昱捷,電子通路業,2025-09-26,25.85,2025Q2,0.0,0.0,-110.0,0.0,-43.67666666666667,0.0,5.0201606320807075,0.10080316040353755,0.0,0.0,61.0,100.0,10.01512047406053
8024,佑華,半導體業,2025-09-26,13.35,2025Q2,0.0,0.0,-176.47,0.0,-40.46,0.0,-60.25159305647111,0.0,0.0,0.0,93.0,100.0,10.0
2722,夏都,觀光餐旅,2025-09-26,27.75,2025Q2,0.0,0.0,-228.57,0.0,-11.226666666666667,0.0,-15.628524092611412,0.0,0.0,0.0,67.2887268931772,100.0,10.0
1220,台榮,食品工業,2025-09-26,12.9,2025Q2,37.94,0.0,-115.28,0.0,-2.04,0.0,-0.7881199824833729,0.0,0.0,0.0,70.0646185260474,100.0,10.0
8027,鈦昇,電機機械,2025-09-26,84.0,2025Q2,0.0,0.0,-5800.0,0.0,-14.553333333333333,0.0,-17.39274851290412,0.0,0.0,0.0,63.0,100.0,10.0
1454,台富,紡織纖維,2025-09-26,14.05,2025Q2,0.0,0.0,-341.67,0.0,-5.926666666666666,0.0,-4.960223984062672,0.0,0.0,0.0,70.7763685440312,100.0,10.0
1310,台苯,塑膠工業,2025-09-26,8.65,2025Q2,0.0,0.0,-1300.0,0.0,-30.99,0.0,-8.0792045202584,0.0,0.0,0.0,73.456214391828,100.0,10.0
1455,集盛,紡織纖維,2025-09-26,9.0,2025Q2,0.0,0.0,-334.62,0.0,-41.333333333333336,0.0,-7.461696627696687,0.0,0.0,0.0,60.3004202638787,100.0,10.0
1309,台達化,塑膠工業,2025-09-26,10.75,2025Q2,0.0,0.0,-114.29,0.0,-31.856666666666666,0.0,-2.0952646551109773,0.0,0.0,0.0,63.6623413923017,100.0,10.0
1308,亞聚,塑膠工業,2025-09-26,11.75,2025Q2,0.0,0.0,-104.55,0.0,-12.829999999999998,0.0,0.879633397963152,0.0,0.0,0.0,83.3691400686293,100.0,10.0
1236,宏亞,食品工業,2025-09-26,24.4,2025Q2,0.0,0.0,-147.62,0.0,-5.89,0.0,-5.000576482796106,0.0,0.0,0.0,65.0340557113146,100.0,10.0
1452,宏益,紡織纖維,2025-09-26,13.5,2025Q2,0.0,0.0,-241.18,0.0,-25.593333333333334,0.0,-3.0409885430062844,0.0,0.0,0.0,92.9858274536794,100.0,10.0
3122,笙泉,半導體業,2025-09-26,26.15,2025Q2,0.0,0.0,-40.0,0.0,-20.42,0.0,-21.76577830018951,0.0,0.0,0.0,61.0,100.0,10.0
3105,穩懋,半導體業,2025-09-26,91.7,2025Q2,0.0,0.0,-145.71,0.0,-9.896666666666667,0.0,-4.562137440235796,0.0,0.0,0.0,60.0,100.0,10.0
6988,威力暘-創,,2025-09-26,16.95,2025Q2,0.0,0.0,-161.11,0.0,-12.5,0.0,-1.7029896822281347,0.0,0.0,0.0,60.1845038552134,100.0,10.0
2399,映泰,電腦及週邊設備業,2025-09-26,18.8,2025Q2,0.0,0.0,-216.67,0.0,-1.5333333333333332,0.0,-8.218656564944823,0.0,0.0,0.0,81.7964997443095,100.0,10.0
3083,網龍,文化創意業,2025-09-26,33.2,2025Q2,0.0,0.0,-100.0,0.0,-0.5899999999999999,0.0,-16.12952560218817,0.0,-4.004255319148936,0.0,89.0,100.0,10.0
3228,金麗科,半導體業,2025-09-26,162.0,2025Q2,0.0,0.0,-255.71,0.0,-33.25666666666667,0.0,-44.64686332868356,0.0,0.0,0.0,74.0,100.0,10.0
3229,晟鈦,電子零組件業,2025-09-26,14.2,2025Q2,0.0,0.0,-260.0,0.0,-4.06,0.0,-1.5427605953840402,0.0,0.0,0.0,73.8728760538428,100.0,10.0
3230,錦明,光電業,2025-09-26,52.9,2025Q2,0.0,0.0,-115.37,0.0,-26.846666666666664,0.0,-26.803823317267504,0.0,0.0,0.0,76.0,100.0,10.0
6615,慧智,生技醫療業,2025-09-26,33.1,2025Q2,0.0,0.0,-116.5,0.0,-14.713333333333333,0.0,-9.858495844396293,0.0,0.0,0.0,84.0,100.0,10.0
8068,全達,電子通路業,2025-09-26,20.5,2025Q2,0.0,0.0,-10.56,0.0,-7.756666666666667,0.0,-13.088532721331802,0.0,-1.072778911000283,0.0,67.0,100.0,10.0
5301,寶得利,觀光餐旅,2025-09-26,5.15,2025Q2,0.0,0.0,-77.27,0.0,-54.163333333333334,0.0,-41.301958341729716,0.0,0.0,0.0,72.0,100.0,10.0
4989,榮科,電子零組件業,2025-09-26,24.25,2025Q2,0.0,0.0,-1145.0,0.0,-25.326666666666668,0.0,-25.47801036266112,0.0,0.0,0.0,75.8550143084322,100.0,10.0
4934,太極,光電業,2025-09-26,16.2,2025Q2,0.0,0.0,-21.95,0.0,-73.82333333333334,0.0,-633.6813666169476,0.0,0.0,0.0,62.106119072988,100.0,10.0
6589,台康生技,生技醫療業,2025-09-26,66.7,2025Q2,0.0,0.0,-64.15,0.0,-10.346666666666666,0.0,-86.82872199624758,0.0,0.0,0.0,81.3475707217991,100.0,10.0
6593,台灣銘板,資訊服務業,2025-09-26,48.4,2025Q2,0.0,0.0,-790.0,0.0,-45.77333333333333,0.0,-7.362252260211443,0.0,0.0,0.0,81.0,100.0,10.0
6609,瀧澤科,電機機械,2025-09-26,38.15,2025Q2,0.0,0.0,-177.08,0.0,-34.99666666666666,0.0,2.4303650414889355,0.0,0.0,0.0,68.0,100.0,10.0
1762,中化生,生技醫療業,2025-09-26,26.0,2025Q2,0.0,0.0,-236.71,0.0,-22.043333333333333,0.0,-12.690715486851733,0.0,0.0,0.0,70.9453689385372,100.0,10.0
5220,萬達光電,光電業,2025-09-26,20.2,2025Q2,0.0,0.0,-131.11,0.0,-1.9666666666666661,0.0,1.5396321557361405,0.0,0.0,0.0,63.0,100.0,10.0
4999,鑫禾,電子零組件業,2025-09-26,25.65,2025Q2,0.0,0.0,-265.71,0.0,-2.26,0.0,0.9106667796500236,0.0,0.0,0.0,80.5195076508859,100.0,10.0
1599,宏佳騰,電機機械,2025-09-26,29.25,2025Q2,0.0,0.0,-51.28,0.0,-47.39666666666667,0.0,-3.6061833380659882,0.0,0.0,0.0,68.0,100.0,10.0
5272,笙科,半導體業,2025-09-26,21.25,2025Q2,0.0,0.0,-390.48,0.0,-0.3099999999999999,0.0,-19.244846545085796,0.0,0.0,0.0,87.0,100.0,10.0
6582,申豐,橡膠工業,2025-09-26,29.1,2025Q2,582.0,0.0,-671.43,0.0,-67.82666666666667,0.0,-16.745105421686745,0.0,0.0,0.0,94.4058840710549,100.0,10.0
5344,立衛,半導體業,2025-09-26,14.15,2025Q2,0.0,0.0,-196.88,0.0,-3.366666666666667,0.0,-11.59720889340177,0.0,0.0,0.0,83.0,100.0,10.0
6558,興能高,其他電子業,2025-09-26,46.95,2025Q2,0.0,0.0,-1033.33,0.0,-13.493333333333334,0.0,-3.9586355595269533,0.0,0.0,0.0,76.4858028765885,100.0,10.0
5263,智崴,文化創意業,2025-09-26,88.5,2025Q2,0.0,0.0,-1554.17,0.0,-4.96,0.0,-19.389564916907908,0.0,0.0,0.0,61.0,100.0,10.0
5460,同協,電子零組件業,2025-09-26,14.75,2025Q2,0.0,0.0,-278.57,0.0,-29.419999999999998,0.0,-8.142680605190208,0.0,0.0,0.0,89.0,100.0,10.0
5487,通泰,半導體業,2025-09-26,30.8,2025Q2,0.0,0.0,-612.5,0.0,-28.599999999999998,0.0,-8.350214592274678,0.0,0.0,0.0,92.0,100.0,10.0
6547,高端疫苗,生技醫療業,2025-09-26,38.3,2025Q2,0.0,0.0,-105.56,0.0,-6.400000000000001,0.0,-36.534871034413875,0.0,0.0,0.0,89.0,100.0,10.0
6552,易華電,半導體業,2025-09-26,27.9,2025Q2,0.0,0.0,-301.87,0.0,-37.943333333333335,0.0,-27.771162813348433,0.0,0.0,0.0,63.1560593466076,100.0,10.0
6269,台郡,電子零組件業,2025-09-26,62.1,2025Q2,0.0,0.0,-1156.67,0.0,-12.263333333333334,0.0,-15.173822869566342,0.0,0.0,0.0,60.7591441492802,100.0,10.0
5356,協益,電腦及週邊設備業,2025-09-26,25.2,2025Q2,0.0,0.0,-144.12,0.0,-22.52333333333333,0.0,4.760523498321375,0.0,0.0,0.0,75.0,100.0,10.0
1742,台蠟,化學工業,2025-09-26,14.45,2025Q2,0.0,0.0,-147.06,0.0,-59.99333333333333,0.0,-53.893474870885136,0.0,0.0,0.0,90.0,100.0,10.0
2426,鼎元,光電業,2025-09-26,17.8,2025Q2,0.0,0.0,-117.95,0.0,-11.886666666666665,0.0,0.5497206176689172,0.0,0.0,0.0,78.2866474467244,100.0,10.0
2434,統懋,半導體業,2025-09-26,29.3,2025Q2,0.0,0.0,-120.9,0.0,-17.59,0.0,-121.17548055629375,0.0,0.0,0.0,69.5763145231483,100.0,10.0
5355,佳總,電子零組件業,2025-09-26,8.03,2025Q2,0.0,0.0,-27.78,0.0,-21.366666666666664,0.0,-35.010686642734115,0.0,0.0,0.0,81.0,100.0,10.0
2482,連宇,其他電子業,2025-09-26,18.95,2025Q2,0.0,0.0,-220.83,0.0,-14.546666666666667,0.0,-17.539299075943315,0.0,0.0,0.0,80.4090118779626,100.0,10.0
6144,得利影,文化創意業,2025-09-26,20.5,2025Q2,0.0,0.0,-18.18,0.0,-12.766666666666666,0.0,-13.45855489891872,0.0,0.0,0.0,88.0,100.0,10.0
6130,上亞科技,生技醫療業,2025-09-26,41.9,2025Q2,0.0,0.0,-1725.0,0.0,-34.82,0.0,-39.21661160924965,0.0,0.0,0.0,64.0,100.0,10.0
5704,老爺知,觀光餐旅,2025-09-26,27.4,2025Q2,0.0,0.0,-117.09,0.0,-12.023333333333333,0.0,-4.482975134088313,0.0,0.0,0.0,80.0,100.0,10.0
6641,基士德-KY,綠能環保,2025-09-26,19.85,2025Q2,198.5,0.0,-113.04,0.0,0.0,0.0,-1.4130560328454853,0.0,0.0,0.0,68.1630059782131,100.0,10.0
2719,燦星旅,觀光餐旅,2025-09-26,35.05,2025Q2,0.0,0.0,-115.14,0.0,-35.00333333333333,0.0,-1.278737060727582,0.0,0.0,0.0,62.0,100.0,10.0
2704,國賓,觀光餐旅,2025-09-26,42.9,2025Q2,0.0,0.0,-109.84,0.0,-1.0766666666666664,0.0,4.8862923508961185,0.0,0.0,0.0,76.6428530214912,100.0,10.0
8440,綠電,綠能環保,2025-09-26,25.65,2025Q2,0.0,0.0,-103.45,0.0,-1.0833333333333333,0.0,1.4331647910436571,0.0,0.0,0.0,85.0,100.0,10.0
8937,合騏,其他業,2025-09-26,180.0,2025Q2,0.0,0.0,-373.53,0.0,-36.99333333333333,0.0,-113.36802973977696,0.0,0.0,0.0,72.0,100.0,10.0
4702,中美實,居家生活,2025-09-26,10.05,2025Q2,0.0,0.0,-341.67,0.0,-45.06333333333333,0.0,-37.92769789006854,0.0,0.0,0.0,84.0,100.0,10.0
4707,磐亞,化學工業,2025-09-26,9.98,2025Q2,0.0,0.0,-38.3,0.0,-3.7433333333333327,0.0,-10.945546852032312,0.0,-0.5586778947368422,0.0,68.0,100.0,10.0
2009,第一銅,鋼鐵工業,2025-09-26,41.95,2025Q2,110.39,0.0,-240.0,0.0,-6.7,0.0,-4.6053523301055375,0.0,0.0,0.0,77.8258190865928,100.0,10.0
8171,天宇,綠能環保,2025-09-26,27.7,2025Q2,0.0,0.0,-8360.0,0.0,-83.11666666666666,0.0,-223.40772136205058,0.0,0.0,0.0,61.0,100.0,10.0
2258,鴻華先進-創,,2025-09-26,39.0,2025Q2,0.0,0.0,-61.9,0.0,-73.61333333333334,0.0,-44.09561412579116,0.0,0.0,0.0,87.3682186201819,100.0,10.0
4406,新昕纖,紡織纖維,2025-09-26,10.2,2025Q2,0.0,0.0,-140.0,0.0,-0.8300000000000001,0.0,-7.699753182016164,0.0,0.0,0.0,62.0,100.0,10.0
4188,安克,生技醫療業,2025-09-26,15.4,2025Q2,0.0,0.0,-4.17,0.0,-36.97,0.0,-281.6319700113796,0.0,0.0,0.0,83.0,100.0,10.0
8089,康全電訊,通信網路業,2025-09-26,34.1,2025Q2,0.0,0.0,-173.21,0.0,-91.09666666666668,0.0,-5.840965750180944,0.0,0.0,0.0,69.0,100.0,10.0
8182,加高,電子零組件業,2025-09-26,25.7,2025Q2,0.0,0.0,-121.48,0.0,-6.766666666666667,0.0,4.168403410965803,0.0,0.0,0.0,60.0,100.0,10.0
2227,裕日車,汽車工業,2025-09-26,55.3,2025Q2,44.96,0.0,-132.72,0.0,-32.12,0.0,-3.381946534599283,0.0,0.0,0.0,72.5618104877674,100.0,10.0
4906,正文,通信網路業,2025-09-26,24.35,2025Q2,0.0,0.0,-189.13,0.0,-51.30666666666667,0.0,0.8585352060499467,0.0,0.0,0.0,62.0592166250031,100.0,10.0
4909,新復興,通信網路業,2025-09-26,51.5,2025Q2,0.0,0.0,-163.61,0.0,-93.09333333333332,0.0,-47.227950204738654,0.0,0.0,0.0,76.0,100.0,10.0
4528,江興鍛,電機機械,2025-09-26,18.95,2025Q2,0.0,0.0,-400.0,0.0,-7.436666666666667,0.0,0.29641620061573376,0.0,0.0,0.0,60.0,100.0,10.0
4973,廣穎,半導體業,2025-09-26,28.9,2025Q2,0.0,0.0,-145.27,0.0,-8.12,0.0,-0.15751582541808495,0.0,0.0,0.0,67.0,100.0,10.0
4741,泓瀚,化學工業,2025-09-26,21.85,2025Q2,0.0,0.0,-108.85,0.0,-25.233333333333334,0.0,-0.024583845496781182,0.0,0.0,0.0,79.0,100.0,10.0
4972,湯石照明,光電業,2025-09-26,17.75,2025Q2,0.0,0.0,-585.71,0.0,-33.81666666666667,0.0,-13.163088470899147,0.0,0.0,0.0,80.0,100.0,10.0
3055,蔚華科,電子通路業,2025-09-26,54.1,2025Q2,0.0,0.0,-53.92,0.0,-36.01666666666666,0.0,-49.050810716758434,0.0,0.0,0.0,75.848935964399,100.0,10.0
4564,元翎,電機機械,2025-09-26,19.15,2025Q2,0.0,0.0,-8.0,0.0,-27.69666666666667,0.0,-27.100438198434563,0.0,0.0,0.0,62.4574771049569,100.0,10.0
3027,盛達,通信網路業,2025-09-26,25.25,2025Q2,0.0,0.0,-207.69,0.0,-23.613333333333333,0.0,0.13759305147825354,0.0,0.0,0.0,67.5949400896083,100.0,10.0
3016,嘉晶,半導體業,2025-09-26,58.0,2025Q2,483.33,0.0,-121.21,0.0,-9.603333333333333,0.0,-2.1216638043701326,0.0,0.0,0.0,71.652696517846,100.0,10.0
3313,斐成,其他業,2025-09-26,19.65,2025Q2,0.0,0.0,-118.52,0.0,-32.306666666666665,0.0,-3377.712952158693,0.0,0.0,0.0,61.0,100.0,10.0
3285,微端,其他電子業,2025-09-26,31.1,2025Q2,0.0,0.0,-138.33,0.0,-13.423333333333334,0.0,-1.972444557653183,0.0,0.0,0.0,67.0,100.0,10.0
6919,康霈*,生技醫療業,2025-09-26,184.5,2025Q2,0.0,0.0,0.0,0.0,-54.06,0.0,-3153.1526367507367,0.0,0.0,0.0,98.9095370377193,100.0,10.0
3221,台嘉碩,通信網路業,2025-09-26,21.6,2025Q2,0.0,0.0,-116.9,0.0,-5.1866666666666665,0.0,2.82608636754024,0.0,0.0,0.0,68.0,100.0,10.0
3530,晶相光,半導體業,2025-09-26,62.8,2025Q2,0.0,0.0,-3.7,0.0,-14.639999999999999,0.0,2.136738868279767,0.0,0.0,0.0,91.3696550625017,100.0,10.0
6901,鑽石投資,其他業,2025-09-26,19.25,2025Q2,0.0,0.0,-7.21,0.0,-50.823333333333345,0.0,0.0,0.0,0.0,0.0,98.4143986068792,100.0,10.0
6877,鏵友益,其他電子業,2025-09-26,92.7,2025Q2,0.0,0.0,-75.53,0.0,-12.909999999999998,0.0,-2.4768066754401334,0.0,-6.609451219512195,0.0,71.0,100.0,10.0
6875,國邑*,生技醫療業,2025-09-26,46.0,2025Q2,0.0,0.0,-95.56,0.0,0.0,0.0,-1283.403495343794,0.0,0.0,0.0,90.0,100.0,10.0
3437,榮創,光電業,2025-09-26,15.15,2025Q2,0.0,0.0,-200.0,0.0,-27.50333333333333,0.0,-22.670448942181075,0.0,0.0,0.0,77.5104574705366,100.0,10.0
2939,永邑-KY,貿易百貨業,2025-09-26,26.85,2025Q2,0.0,0.0,-76.62,0.0,0.0,0.0,-48.240066214704974,0.0,0.0,0.0,70.3205977711302,100.0,10.0
4160,訊聯基因,生技醫療業,2025-09-26,54.2,2025Q2,0.0,0.0,-69.42,0.0,-13.026666666666666,0.0,2.691299644996672,0.0,-0.9028938251477481,0.0,72.0,100.0,10.0
4155,訊映,生技醫療業,2025-09-26,15.1,2025Q2,0.0,0.0,-172.73,0.0,-12.9,0.0,-0.06673578587346418,0.0,0.0,0.0,64.8349348006159,100.0,10.0
6742,澤米,光電業,2025-09-26,52.0,2025Q2,0.0,0.0,-957.14,0.0,-31.346666666666664,0.0,-13.83901117301428,0.0,0.0,0.0,74.523173337664,100.0,10.0
3531,先益,光電業,2025-09-26,23.05,2025Q2,0.0,0.0,-165.15,0.0,-21.353333333333335,0.0,4.129478770623828,0.0,0.0,0.0,77.0,100.0,10.0
3354,律勝,電子零組件業,2025-09-26,16.9,2025Q2,0.0,0.0,-423.08,0.0,-30.80666666666667,0.0,-97.32752008396915,0.0,0.0,0.0,86.0,100.0,10.0
3390,旭軟,電子零組件業,2025-09-26,19.5,2025Q2,0.0,0.0,-169.83,0.0,-18.503333333333334,0.0,-6.663630080213549,0.0,0.0,0.0,75.0,100.0,10.0
4432,銘旺實,紡織纖維,2025-09-26,17.25,2025Q2,0.0,0.0,-180.0,0.0,-2.856666666666667,0.0,3.0780537887982704,0.0,0.0,0.0,84.0,100.0,10.0
2024,志聯,鋼鐵工業,2025-09-26,16.65,2025Q2,555.0,0.0,-233.33,0.0,-12.316666666666668,0.0,1.3072759526341857,0.0,0.0,0.0,64.3108589282795,100.0,10.0
2305,全友,電腦及週邊設備業,2025-09-26,11.3,2025Q2,0.0,0.0,-155.0,0.0,-7.133333333333334,0.0,-0.6444027275644758,0.0,0.0,0.0,76.1001858778958,100.0,10.0
4716,大立,化學工業,2025-09-26,16.95,2025Q2,0.0,0.0,-223.64,0.0,-17.966666666666665,0.0,-15.503683559239114,0.0,0.0,0.0,63.0,100.0,10.0
4976,佳凌,光電業,2025-09-26,37.65,2025Q2,0.0,0.0,-825.0,0.0,-18.136666666666667,0.0,-16.429758692351186,0.0,0.0,0.0,85.5649447821384,100.0,10.0
4706,大恭,化學工業,2025-09-26,27.45,2025Q2,0.0,0.0,-133.33,0.0,-11.700000000000001,0.0,0.8168736493747842,0.0,0.0,0.0,89.0,100.0,10.0
3591,艾笛森,光電業,2025-09-26,18.1,2025Q2,39.35,0.0,-105.88,0.0,-13.753333333333332,0.0,2.650489542773284,0.0,0.0,0.0,66.7633575318765,100.0,10.0
2342,茂矽,半導體業,2025-09-26,30.9,2025Q2,118.85,0.0,-266.67,0.0,-1.5899999999999999,0.0,1.5259006814161429,0.0,0.0,0.0,70.8274327210645,100.0,10.0
3499,環天科,通信網路業,2025-09-26,15.0,2025Q2,0.0,0.0,-1128.57,0.0,-30.44333333333334,0.0,-19.231929942002427,0.0,0.0,0.0,61.0,100.0,10.0
3490,單井,光電業,2025-09-26,23.9,2025Q2,0.0,0.0,-105.74,0.0,-0.9199999999999999,0.0,-28.36779420482512,0.0,0.0,0.0,67.0,100.0,10.0
3527,聚積,半導體業,2025-09-26,64.4,2025Q2,0.0,0.0,-245.16,0.0,-17.30333333333333,0.0,-4.844515976805588,0.0,0.0,0.0,84.0,100.0,10.0
6854,錼創科技-KY創,,2025-09-26,152.5,2025Q2,0.0,0.0,-242.2,0.0,0.0,0.0,-42.85683127286426,0.0,0.0,0.0,71.980245612776,100.0,10.0
3669,圓展,通信網路業,2025-09-26,31.9,2025Q2,61.35,0.0,-137.84,0.0,-6.71,0.0,2.3842478220774477,0.0,0.0,0.0,70.0707813968894,100.0,10.0
6785,昱展新藥,生技醫療業,2025-09-26,213.5,2025Q2,0.0,0.0,-415.38,0.0,0.0,0.0,-4425.538707102953,0.0,0.0,0.0,97.0,100.0,10.0
3714,富采,光電業,2025-09-26,39.7,2025Q2,0.0,0.0,-73.79,0.0,-17.773333333333333,0.0,-11.52608305910943,0.0,0.0,0.0,79.363222160739,100.0,10.0
4102,永日,生技醫療業,2025-09-26,21.0,2025Q2,0.0,0.0,-114.18,0.0,-26.24,0.0,0.6533651819586905,0.0,0.0,0.0,65.0,100.0,10.0
6222,立軒,光電業,2025-09-26,20.2,2025Q2,0.0,0.0,-137.5,0.0,-17.93,0.0,-702.2494887525562,0.0,0.0,0.0,99.0,100.0,10.0
6432,今展科,電子零組件業,2025-09-26,27.6,2025Q2,0.0,0.0,-133.33,0.0,-0.9566666666666667,0.0,3.5093415083728514,0.0,0.0,0.0,60.0,100.0,10.0
1325,恆大,塑膠工業,2025-09-26,29.9,2025Q2,0.0,0.0,-766.67,0.0,-10.38,0.0,-23.819871663676967,0.0,0.0,0.0,93.0414397560442,100.0,10.0
6234,高僑,光電業,2025-09-26,24.0,2025Q2,0.0,0.0,-184.62,0.0,-14.75,0.0,-1.857249228805446,0.0,0.0,0.0,64.0,100.0,10.0
6405,悅城,光電業,2025-09-26,25.75,2025Q2,0.0,0.0,-268.0,0.0,-99.05333333333333,0.0,-12905.369127516778,0.0,0.0,0.0,99.1748400011708,100.0,10.0
8110,華東,半導體業,2025-09-26,16.4,2025Q2,0.0,0.0,-204.76,0.0,-7.523333333333333,0.0,-6.064064346976989,0.0,0.0,0.0,62.2570894633045,100.0,10.0
8105,凌巨,光電業,2025-09-26,13.6,2025Q2,0.0,0.0,0.0,0.0,-4.853333333333333,0.0,-1.615472260364019,0.0,0.0,0.0,71.787850722865,100.0,10.0
6233,旺玖,半導體業,2025-09-26,20.55,2025Q2,0.0,0.0,-287.5,0.0,-20.256666666666668,0.0,-9.740302717122914,0.0,0.0,0.0,88.0,100.0,10.0
8097,常珵,通信網路業,2025-09-26,64.9,2025Q2,0.0,0.0,-1820.0,0.0,-79.83666666666666,0.0,-4.637826565942714,0.0,0.0,0.0,86.0,100.0,10.0
2323,中環,光電業,2025-09-26,8.91,2025Q2,0.0,0.0,-144.23,0.0,-7.633333333333333,0.0,-0.6963306149008591,0.0,0.0,0.0,62.0078822919434,100.0,10.0
3535,晶彩科,光電業,2025-09-26,79.1,2025Q2,0.0,0.0,-234.4,0.0,-77.62333333333333,0.0,-100.9581345236263,0.0,0.0,0.0,63.1715498480189,100.0,10.0
3543,州巧,光電業,2025-09-26,34.95,2025Q2,0.0,0.0,-35.48,0.0,-10.93,0.0,-1.997815382278895,0.0,0.0,0.0,61.59423806565,100.0,10.0
1465,偉全,紡織纖維,2025-09-26,13.25,2025Q2,0.0,0.0,-226.32,0.0,-22.37,0.0,-14.524592752440855,0.0,0.0,0.0,87.5240911876077,100.0,10.0
6225,天瀚,光電業,2025-09-26,16.2,2025Q2,0.0,0.0,-300.0,0.0,-68.28333333333335,0.0,-17.992003553976012,0.0,0.0,0.0,82.4849048722136,100.0,10.0
1435,中福,其他業,2025-09-26,25.25,2025Q2,0.0,0.0,-137.5,0.0,-49.973333333333336,0.0,-905.7171514543631,0.0,0.0,0.0,85.8405377697215,100.0,10.0
1410,南染,紡織纖維,2025-09-26,34.4,2025Q2,149.57,0.0,-106.06,0.0,-27.866666666666664,0.0,1.1883442986724801,0.0,0.0,0.0,77.880436487863,100.0,10.0
6494,九齊,半導體業,2025-09-26,36.0,2025Q2,0.0,0.0,-187.33,0.0,-21.38,0.0,-6.23469040795509,0.0,0.0,0.0,81.0,100.0,10.0
6210,慶生,電子零組件業,2025-09-26,18.5,2025Q2,0.0,0.0,-6.74,0.0,-10.253333333333332,0.0,-46.69470820145483,0.0,0.0,0.0,83.0,100.0,10.0
6441,廣錠,電腦及週邊設備業,2025-09-26,25.3,2025Q2,0.0,0.0,-213.68,0.0,-63.07,0.0,-80.60868300487238,0.0,0.0,0.0,66.0,100.0,10.0
6443,元晶,光電業,2025-09-26,14.95,2025Q2,0.0,0.0,-790.0,0.0,-81.48666666666666,0.0,-31.97216704453507,0.0,0.0,0.0,67.7601806168286,100.0,10.0
1337,再生-KY,塑膠工業,2025-09-26,5.07,2025Q2,0.0,0.0,-14.29,0.0,0.0,0.0,-53.69476027260086,0.0,0.0,0.0,61.3653591323702,100.0,10.0
1471,首利,電子零組件業,2025-09-26,9.6,2025Q2,0.0,0.0,-116.67,0.0,-34.02,0.0,-47.91126420134846,0.0,0.0,0.0,86.6902029795181,100.0,10.0
9962,有益,鋼鐵工業,2025-09-26,11.1,2025Q2,0.0,0.0,-139.47,0.0,-41.20333333333333,0.0,-0.32051894370294465,0.0,0.0,0.0,69.0,100.0,10.0
8929,富堡,其他業,2025-09-26,17.7,2025Q2,0.0,0.0,-230.61,0.0,-18.580000000000002,0.0,-7.324020925774073,0.0,0.0,0.0,64.0,100.0,10.0
1516,川飛,其他業,2025-09-26,15.2,2025Q2,0.0,0.0,-112.68,0.0,-7.103333333333334,0.0,-11.364197226198115,0.0,0.0,0.0,95.608951349501,100.0,10.0
6169,昱泉,文化創意業,2025-09-26,19.85,2025Q2,0.0,0.0,-83.56,0.0,-2.973333333333334,0.0,-180.24704391891893,0.0,0.0,0.0,61.0,100.0,10.0
6496,科懋,生技醫療業,2025-09-26,29.2,2025Q2,0.0,0.0,-61.34,0.0,-5.993333333333333,0.0,-21.160298523406507,0.0,0.0,0.0,63.0,100.0,10.0
6505,台塑化,油電燃氣業,2025-09-26,40.15,2025Q2,0.0,0.0,-149.38,0.0,-6.47,0.0,-1.1492071085665196,0.0,0.0,0.0,78.4168356418862,100.0,10.0
1531,高林股,電機機械,2025-09-26,11.25,2025Q2,0.0,0.0,-315.79,0.0,-17.983333333333334,0.0,0.7851170422172365,0.0,0.0,0.0,82.2899908264098,100.0,10.0
1517,利奇,電機機械,2025-09-26,10.9,2025Q2,0.0,0.0,-358.33,0.0,-22.159999999999997,0.0,-10.71577220702172,0.0,0.0,0.0,79.3558291651353,100.0,10.0
6113,亞矽,電子通路業,2025-09-26,21.25,2025Q2,0.0,0.0,0.0,0.0,-31.793333333333333,0.0,1.9726530997312783,0.0,0.0,0.0,67.0,100.0,10.0
1711,永光,化學工業,2025-09-26,19.15,2025Q2,191.5,0.0,-121.43,0.0,-13.910000000000002,0.0,0.007128358570692823,0.0,0.0,0.0,62.1946580686902,100.0,10.0
3312,弘憶股,電子通路業,2025-09-26,42.1,2025Q2,71.36,0.0,-135.61,0.0,8.806666666666667,44.03333333333334,2.475185201519921,0.0,0.0,0.0,24.7475545877468,11.868886469367004,9.99355531360337
6164,華興,光電業,2025-09-26,10.15,2025Q2,84.58,0.0,-109.38,0.0,-16.57,0.0,6.3083653329737075,6.5418266648685375,0.0,0.0,55.9038964236509,89.75974105912725,9.957248105643005
2388,威盛,半導體業,2025-09-26,55.1,2025Q2,103.96,0.0,-507.14,0.0,-27.243333333333336,0.0,-15.473558104369427,0.0,0.0,0.0,59.7688938240648,99.422234560162,9.942223456016201
6425,易發,電機機械,2025-09-26,58.8,2025Q2,0.0,0.0,-375.34,0.0,4.663333333333334,23.31666666666667,-11.749136633174235,0.0,0.0,0.0,41.0,52.5,9.913333333333334
3149,正達,光電業,2025-09-26,41.0,2025Q2,0.0,0.0,-364.71,0.0,-19.126666666666665,0.0,-28.046515890356776,0.0,0.0,0.0,59.5340601775808,98.83515044395199,9.8835150443952
1907,永豐餘,造紙工業,2025-09-26,25.35,2025Q2,33.36,50.0,-122.22,0.0,-9.76,0.0,-1.2313134237905934,0.0,0.0,0.0,39.5276147329052,48.819036832262995,9.8819036832263
2611,志信,航運業,2025-09-26,15.25,2025Q2,0.0,0.0,-123.18,0.0,-6.1933333333333325,0.0,3.989144382660511,0.0,0.0,0.0,59.3213917894636,98.303479473659,9.830347947365901
6153,嘉聯益,電子零組件業,2025-09-26,14.75,2025Q2,0.0,0.0,-36.13,0.0,-33.343333333333334,0.0,-44.01125562080054,0.0,0.0,0.0,59.0774928602883,97.69373215072076,9.769373215072077
8433,弘帆,居家生活,2025-09-26,53.6,2025Q2,0.0,0.0,-124.62,0.0,-7.226666666666667,0.0,10.216951091275156,26.08475545637578,0.0,0.0,43.0,57.49999999999999,9.662713318456367
3041,揚智,半導體業,2025-09-26,28.2,2025Q2,0.0,0.0,-17.71,0.0,-57.4,0.0,-25.07084907757279,0.0,0.0,0.0,58.4760455631516,96.19011390787901,9.619011390787902
3060,銘異,電腦及週邊設備業,2025-09-26,24.5,2025Q2,0.0,0.0,-208.57,0.0,-6.033333333333334,0.0,0.9888156878757659,0.0,0.0,0.0,58.2786957469733,95.69673936743325,9.569673936743326
2401,凌陽,半導體業,2025-09-26,22.85,2025Q2,0.0,0.0,-130.0,0.0,-14.066666666666668,0.0,2.2560453869333985,0.0,0.0,0.0,58.1234233803409,95.30855845085226,9.530855845085226
1617,榮星,電器電纜,2025-09-26,15.8,2025Q2,0.0,0.0,-209.3,0.0,-12.0,0.0,-0.21354438792878777,0.0,0.0,0.0,58.0440334487926,95.11008362198149,9.51100836219815
6804,明係,運動休閒,2025-09-26,20.15,2025Q2,0.0,0.0,-600.0,0.0,-30.52333333333333,0.0,1.4404520636777285,0.0,0.0,0.0,58.0,95.0,9.5
4545,銘鈺,電子零組件業,2025-09-26,32.4,2025Q2,63.53,0.0,-112.73,0.0,-5.633333333333333,0.0,3.5478943959757125,0.0,0.0,0.0,57.7985133618849,94.49628340471226,9.449628340471227
1721,三晃,化學工業,2025-09-26,13.0,2025Q2,0.0,0.0,-34.85,0.0,-30.323333333333334,0.0,-15.925221422383911,0.0,0.0,0.0,57.5558333038986,93.8895832597465,9.38895832597465
5484,慧友,光電業,2025-09-26,40.45,2025Q2,0.0,0.0,-319.23,0.0,-11.933333333333335,0.0,-21.518370674527624,0.0,0.0,0.0,57.4237113860725,93.55927846518124,9.355927846518124
2457,飛宏,電子零組件業,2025-09-26,23.5,2025Q2,0.0,0.0,-523.08,0.0,-4.84,0.0,-10.390652828037238,0.0,0.0,0.0,57.4108166050319,93.52704151257974,9.352704151257974
6550,北極星藥業-KY,生技醫療業,2025-09-26,37.1,2025Q2,0.0,0.0,-51.88,0.0,0.0,0.0,-8425.862785862786,0.0,0.0,0.0,57.3845894214694,93.4614735536735,9.34614735536735
2362,藍天,電腦及週邊設備業,2025-09-26,41.2,2025Q2,42.47,0.0,-98.57,0.0,-18.983333333333334,0.0,10.401084885768249,27.005424428841245,-149.1179348657051,0.0,41.1487451948458,52.871862987114504,9.337999963037637
2702,華園,觀光餐旅,2025-09-26,12.05,2025Q2,0.0,0.0,-263.46,0.0,-7.313333333333333,0.0,8.267474185861795,16.337370929308975,0.0,0.0,47.4452821316614,68.6132053291535,9.311926172311697
5351,鈺創,半導體業,2025-09-26,33.2,2025Q2,0.0,0.0,-25.96,0.0,-13.020000000000001,0.0,-33.79008814361899,0.0,0.0,0.0,57.0,92.5,9.25
1301,台塑,塑膠工業,2025-09-26,38.4,2025Q2,0.0,0.0,-512.0,0.0,-17.383333333333333,0.0,-2.6507985706254242,0.0,0.0,0.0,56.7172442750103,91.79311068752575,9.179311068752575
1314,中石化,塑膠工業,2025-09-26,7.27,2025Q2,0.0,0.0,-525.0,0.0,-43.836666666666666,0.0,-13.13236981321002,0.0,0.0,0.0,56.6238757049752,91.559689262438,9.1559689262438
3581,博磊,半導體業,2025-09-26,42.4,2025Q2,0.0,0.0,-433.33,0.0,3.2433333333333336,16.21666666666667,5.3716720629435155,1.8583603147175776,0.0,0.0,42.0,55.00000000000001,9.022087380540972
3532,台勝科,半導體業,2025-09-26,99.0,2025Q2,58.24,0.0,-87.3,0.0,-4.1499999999999995,0.0,7.645233026673207,13.226165133366036,-1.9000566868704487,0.0,47.8868925615279,69.71723140381975,8.955647910386881
3704,合勤控,通信網路業,2025-09-26,33.25,2025Q2,45.55,0.0,-155.81,0.0,1.8533333333333333,9.266666666666666,2.241622598832796,0.0,0.0,0.0,47.8640411703549,69.66010292588726,8.819343625922059
1326,台化,塑膠工業,2025-09-26,29.3,2025Q2,0.0,0.0,-313.79,0.0,-21.373333333333335,0.0,-1.9459177710461437,0.0,0.0,0.0,55.1925763310288,87.98144082757202,8.798144082757203
6770,力積電,半導體業,2025-09-26,23.1,2025Q2,0.0,0.0,-82.76,0.0,2.24,11.200000000000001,-11.407141878583813,0.0,0.0,0.0,46.1879390459257,65.46984761481426,8.786984761481426
1906,寶隆,造紙工業,2025-09-26,13.3,2025Q2,0.0,0.0,-323.53,0.0,1.8833333333333317,9.416666666666659,1.3878537163666196,0.0,0.0,0.0,47.5392024311839,68.84800607795975,8.768133941129307
4726,永昕,生技醫療業,2025-09-26,37.45,2025Q2,0.0,0.0,-12.17,0.0,-12.020000000000001,0.0,-69.81759309228278,0.0,0.0,0.0,55.0,87.5,8.75
2061,風青,電器電纜,2025-09-26,18.75,2025Q2,0.0,0.0,-268.75,0.0,-15.796666666666667,0.0,-0.6184484626281143,0.0,0.0,0.0,55.0,87.5,8.75
4960,誠美材,光電業,2025-09-26,14.3,2025Q2,0.0,0.0,-1005.26,0.0,-15.089999999999998,0.0,-14.502386916859669,0.0,0.0,0.0,54.965957465722,87.414893664305,8.7414893664305
1103,嘉泥,水泥工業,2025-09-26,13.55,2025Q2,112.92,0.0,-740.0,0.0,-5.75,0.0,0.02629810745669688,0.0,0.0,0.0,54.5241444562366,86.3103611405915,8.63103611405915
1303,南亞,塑膠工業,2025-09-26,39.6,2025Q2,0.0,0.0,-221.05,0.0,-6.293333333333333,0.0,1.019300261303625,0.0,0.0,0.0,54.3202255388779,85.80056384719474,8.580056384719475
6226,光鼎,光電業,2025-09-26,7.1,2025Q2,0.0,0.0,-29.41,0.0,-5.246666666666667,0.0,-8.985823825965523,0.0,0.0,0.0,54.2337082878872,85.58427071971799,8.5584270719718
6654,天正國際,其他電子業,2025-09-26,72.1,2025Q2,0.0,0.0,-77.78,0.0,4.546666666666667,22.733333333333334,-40.655870395692936,0.0,0.0,0.0,36.0,40.0,8.546666666666667
1338,廣華-KY,汽車工業,2025-09-26,22.1,2025Q2,0.0,0.0,-965.0,0.0,0.0,0.0,-2.426833484029025,0.0,0.0,0.0,54.001368751127,85.00342187781752,8.500342187781753
3191,雲嘉南,電子零組件業,2025-09-26,14.0,2025Q2,0.0,0.0,-68.75,0.0,-7.653333333333332,0.0,-20.925094348636126,0.0,0.0,0.0,54.0,85.0,8.5
8916,光隆,其他業,2025-09-26,49.95,2025Q2,0.0,0.0,-61.83,0.0,-11.856666666666667,0.0,6.643527854041034,8.21763927020517,-1.083679731448578,0.0,49.0,72.5,8.482645890530776
3607,谷崧,電子零組件業,2025-09-26,13.35,2025Q2,0.0,0.0,-280.0,0.0,-19.146666666666665,0.0,-3.0234450579578036,0.0,0.0,0.0,53.5413989539418,83.8534973848545,8.38534973848545
8150,南茂,半導體業,2025-09-26,29.05,2025Q2,116.2,0.0,-140.98,0.0,-3.153333333333333,0.0,1.2176600104542263,0.0,0.0,0.0,53.4362391316506,83.5905978291265,8.35905978291265
3713,新晶投控,綠能環保,2025-09-26,22.85,2025Q2,0.0,0.0,-29.17,0.0,8.333333333333336,41.66666666666668,-1.8844413644208409,0.0,0.0,0.0,20.0,0.0,8.333333333333336
5230,雷笛克光學,光電業,2025-09-26,17.75,2025Q2,0.0,0.0,-432.35,0.0,-20.333333333333332,0.0,-8.50111110581635,0.0,0.0,0.0,53.0,82.5,8.25
3707,漢磊,半導體業,2025-09-26,58.3,2025Q2,0.0,0.0,-59.38,0.0,-0.5266666666666667,0.0,-17.414274580504614,0.0,0.0,0.0,53.0,82.5,8.25
2332,友訊,通信網路業,2025-09-26,17.3,2025Q2,0.0,0.0,-920.0,0.0,-11.99,0.0,-1.8968055877550818,0.0,0.0,0.0,52.7270007811178,81.8175019527945,8.18175019527945
3011,今皓,電子零組件業,2025-09-26,14.45,2025Q2,0.0,0.0,-4.48,0.0,-46.25333333333333,0.0,-38.79552249707257,0.0,0.0,0.0,52.2695966892747,80.67399172318675,8.067399172318675
1903,士紙,造紙工業,2025-09-26,52.7,2025Q2,0.0,0.0,-83.33,0.0,-2.4499999999999997,0.0,-30.103095447263705,0.0,0.0,0.0,52.0524623801654,80.1311559504135,8.01311559504135
4120,友華,生技醫療業,2025-09-26,49.75,2025Q2,0.0,0.0,-24.32,0.0,0.10333333333333335,0.5166666666666667,-2.8751863149122907,0.0,0.0,0.0,51.0,77.5,7.8533333333333335
4562,穎漢,電機機械,2025-09-26,43.25,2025Q2,0.0,0.0,-165.22,0.0,1.8899999999999995,9.449999999999998,-7.6635923888783015,0.0,0.0,0.0,43.7908360644132,59.477090161033,7.837709016103299
3138,耀登,通信網路業,2025-09-26,95.1,2025Q2,90.57,0.0,-169.75,0.0,-2.4,0.0,0.000808585016650113,0.0,0.0,0.0,51.2942250799166,78.2355626997915,7.82355626997915
1802,台玻,玻璃陶瓷,2025-09-26,26.15,2025Q2,0.0,0.0,-186.67,0.0,-0.7300000000000001,0.0,-1.4713405453187716,0.0,0.0,0.0,51.2103700680002,78.0259251700005,7.8025925170000505
1781,合世,生技醫療業,2025-09-26,13.0,2025Q2,0.0,0.0,-1157.14,0.0,-45.78666666666667,0.0,-12.097381410524555,0.0,0.0,0.0,51.0,77.5,7.75
3691,碩禾,光電業,2025-09-26,76.7,2025Q2,0.0,0.0,-2224.24,0.0,-21.39,0.0,-17.107930924058348,0.0,0.0,0.0,51.0,77.5,7.75
2542,興富發,建材營造業,2025-09-26,41.3,2025Q2,15.07,19.974115616911135,-61.9,0.0,5.713333333333331,28.566666666666656,4.830518074768662,0.0,-22.052363232117642,0.0,18.8110395363404,0.0,7.710744895024445
4438,廣越,紡織纖維,2025-09-26,70.1,2025Q2,51.93,0.0,-268.42,0.0,4.073333333333333,20.366666666666667,3.3600661320988676,0.0,0.0,0.0,34.4979949807438,36.244987451859494,7.697832078519283
5514,三豐,建材營造業,2025-09-26,17.25,2025Q2,0.0,0.0,-37.5,0.0,0.4400000000000001,2.2000000000000006,-962.0415224913495,0.0,0.0,0.0,49.0,72.5,7.69
3323,加百裕,電腦及週邊設備業,2025-09-26,51.2,2025Q2,0.0,0.0,-141.82,0.0,0.16666666666666727,0.8333333333333363,-4.43849777661798,0.0,0.0,0.0,50.0,75.0,7.666666666666667
1530,亞崴,電機機械,2025-09-26,27.45,2025Q2,0.0,0.0,-707.46,0.0,-4.703333333333334,0.0,-5.967559680904137,0.0,0.0,0.0,50.6028358929574,76.50708973239351,7.650708973239351
1444,力麗,紡織纖維,2025-09-26,6.49,2025Q2,0.0,0.0,-200.0,0.0,-15.936666666666667,0.0,-4.522775311525297,0.0,0.0,0.0,50.4938873069502,76.2347182673755,7.62347182673755
2065,世豐,鋼鐵工業,2025-09-26,30.5,2025Q2,0.0,0.0,-118.49,0.0,-17.28,0.0,5.418461043402825,2.0923052170141254,0.0,0.0,49.0,72.5,7.563845782552119
6244,茂迪,光電業,2025-09-26,17.2,2025Q2,0.0,0.0,-60.87,0.0,-1.63,0.0,5.78488813706853,3.924440685342652,0.5249950852360491,3.570726462292728,45.0,62.5,7.552811395259943
1321,大洋,塑膠工業,2025-09-26,36.25,2025Q2,0.0,0.0,-170.59,0.0,-22.136666666666667,0.0,-0.9673529313452485,0.0,0.0,0.0,50.1707542778833,75.42688569470825,7.542688569470825
2462,良得電,電子零組件業,2025-09-26,25.7,2025Q2,0.0,0.0,-151.49,0.0,-4.336666666666667,0.0,3.7588465437687666,0.0,0.0,0.0,50.0661132767186,75.1652831917965,7.516528319179651
8064,東捷,光電業,2025-09-26,41.25,2025Q2,0.0,0.0,-400.0,0.0,-13.053333333333333,0.0,-10.844770119625487,0.0,0.0,0.0,50.0,75.0,7.5
1460,宏遠,紡織纖維,2025-09-26,5.9,2025Q2,0.0,0.0,0.0,0.0,-21.313333333333333,0.0,-0.7823508982857416,0.0,0.0,0.0,49.6381747727605,74.09543693190125,7.409543693190125
1515,力山,電機機械,2025-09-26,28.6,2025Q2,0.0,0.0,-121.39,0.0,-15.163333333333332,0.0,-1.1198528429002814,0.0,0.0,0.0,49.5805988119613,73.95149702990325,7.3951497029903255
6152,百一,通信網路業,2025-09-26,9.42,2025Q2,0.0,0.0,-3533.33,0.0,-50.096666666666664,0.0,-19.448838441774505,0.0,0.0,0.0,49.3477276282533,73.36931907063325,7.336931907063326
2440,太空梭,電子零組件業,2025-09-26,12.4,2025Q2,0.0,0.0,-233.33,0.0,-22.113333333333333,0.0,0.7067310146143944,0.0,0.0,0.0,49.2837975438871,73.20949385971774,7.320949385971774
3552,同致,其他電子業,2025-09-26,65.8,2025Q2,0.0,0.0,-83.78,0.0,1.5133333333333334,7.566666666666667,0.36353007437130375,0.0,-19.099912306343175,0.0,43.0,57.49999999999999,7.263333333333334
6248,沛波,鋼鐵工業,2025-09-26,20.6,2025Q2,0.0,0.0,-68.9,0.0,-26.00666666666667,0.0,2.123280101332749,0.0,-3.1261961950512793,0.0,49.0,72.5,7.25
4768,晶呈科技,化學工業,2025-09-26,193.5,2025Q2,0.0,0.0,-99.42,0.0,-36.06333333333333,0.0,3.9422808743008972,0.0,-82.55675675675676,0.0,49.0,72.5,7.25
1586,和勤,電機機械,2025-09-26,26.9,2025Q2,0.0,0.0,-204.88,0.0,-14.040000000000001,0.0,-5.217306782144535,0.0,0.0,0.0,49.0,72.5,7.25
5450,南良,其他業,2025-09-26,14.05,2025Q2,0.0,0.0,-111.32,0.0,-12.943333333333333,0.0,2.6628120527197074,0.0,0.0,0.0,49.0,72.5,7.25
4534,慶騰,電機機械,2025-09-26,17.1,2025Q2,0.0,0.0,-400.0,0.0,-3.1633333333333336,0.0,-9.097867074868391,0.0,0.0,0.0,49.0,72.5,7.25
6190,萬泰科,通信網路業,2025-09-26,39.85,2025Q2,0.0,0.0,-5.17,0.0,-7.303333333333334,0.0,7.305109976438853,11.525549882194266,-0.0568253302579157,0.0,42.0,55.00000000000001,7.228832482329141
2344,華邦電,半導體業,2025-09-26,31.4,2025Q2,0.0,0.0,-276.67,0.0,-2.31,0.0,-5.511722415784768,0.0,0.0,0.0,48.8174438927003,72.04360973175075,7.204360973175075
8488,吉源-KY,其他業,2025-09-26,10.5,2025Q2,0.0,0.0,-176.67,0.0,0.0,0.0,-5.600904134969316,0.0,0.0,0.0,48.3993229098849,70.99830727471226,7.099830727471226
4563,百德,電機機械,2025-09-26,54.6,2025Q2,0.0,0.0,-88.21,0.0,-36.306666666666665,0.0,9.412080211552619,22.060401057763094,-8.642632489385123,0.0,35.0,37.5,7.0590601586644635
4426,利勤,紡織纖維,2025-09-26,10.15,2025Q2,0.0,0.0,-478.79,0.0,-12.146666666666667,0.0,-40.041745713159756,0.0,0.0,0.0,48.1625361840615,70.40634046015374,7.0406340460153745
4930,燦星網,電器電纜,2025-09-26,23.1,2025Q2,14.26,50.0,-84.68,0.0,-38.38333333333333,0.0,0.6458717391821595,0.0,-1.8278720373008677,0.0,28.0682723986091,20.170680996522748,7.017068099652275
1217,愛之味,食品工業,2025-09-26,10.5,2025Q2,75.0,0.0,-112.5,0.0,-5.26,0.0,2.6763173471283364,0.0,0.0,0.0,48.0198876601137,70.04971915028426,7.004971915028427
8085,福華,其他電子業,2025-09-26,20.15,2025Q2,0.0,0.0,-208.7,0.0,-9.926666666666668,0.0,-9.778232685090412,0.0,0.0,0.0,48.0,70.0,7.0
8933,愛地雅,運動休閒,2025-09-26,6.11,2025Q2,0.0,0.0,-380.0,0.0,-21.856666666666666,0.0,-10.944682156612446,0.0,0.0,0.0,48.0,70.0,7.0
8354,冠好,其他業,2025-09-26,14.15,2025Q2,0.0,0.0,-194.4,0.0,-9.196666666666667,0.0,1.7591182033024462,0.0,0.0,0.0,48.0,70.0,7.0
2444,兆勁,通信網路業,2025-09-26,11.45,2025Q2,0.0,0.0,-980.0,0.0,-20.953333333333333,0.0,-9.647774378413128,0.0,0.0,0.0,47.8745585246557,69.68639631163924,6.968639631163924
6281,全國電,電子通路業,2025-09-26,68.7,2025Q2,16.55,49.023794996949356,-13.9,0.0,-8.283333333333333,0.0,2.7458822244110768,0.0,-0.28476677177340437,0.0,28.0498173098022,20.124543274505502,6.914833827145486
2491,吉祥全,光電業,2025-09-26,12.9,2025Q2,0.0,0.0,-395.0,0.0,-14.343333333333334,0.0,-80.5794198973612,0.0,0.0,0.0,47.5518104356645,68.87952608916125,6.887952608916125
2417,圓剛,電腦及週邊設備業,2025-09-26,40.8,2025Q2,0.0,0.0,-638.46,0.0,-0.5133333333333329,0.0,-3.7808642443152434,0.0,0.0,0.0,47.4512447172019,68.62811179300475,6.862811179300476
6282,康舒,電子零組件業,2025-09-26,29.6,2025Q2,0.0,0.0,-1233.33,0.0,-9.049999999999999,0.0,0.508178271433069,0.0,0.0,0.0,47.1678849909952,67.91971247748799,6.7919712477487995
3268,海德威,半導體業,2025-09-26,17.8,2025Q2,0.0,0.0,-358.49,0.0,-5.826666666666667,0.0,-2.0483218405150447,0.0,0.0,0.0,47.0,67.5,6.75
4430,耀億,其他業,2025-09-26,19.2,2025Q2,0.0,0.0,-80.0,0.0,-11.163333333333334,0.0,3.060841787468909,0.0,0.0,0.0,47.0,67.5,6.75
1312,國喬,塑膠工業,2025-09-26,9.55,2025Q2,0.0,0.0,-128.36,0.0,-14.846666666666666,0.0,-16.00027738611512,0.0,0.0,0.0,46.7792658336845,66.94816458421124,6.6948164584211245
2642,宅配通,航運業,2025-09-26,29.5,2025Q2,0.0,0.0,-234.48,0.0,-6.099999999999999,0.0,-3.9648143537601057,0.0,0.0,0.0,46.7295977417922,66.8239943544805,6.682399435448051
1447,力鵬,紡織纖維,2025-09-26,5.72,2025Q2,0.0,0.0,-304.17,0.0,-23.516666666666666,0.0,-1.806631063978172,0.0,0.0,0.0,46.4157456206582,66.03936405164549,6.60393640516455
1464,得力,紡織纖維,2025-09-26,11.1,2025Q2,20.56,47.762307309796114,-131.58,0.0,-3.44,0.0,4.693108856041589,0.0,0.0,0.0,27.1038670733016,17.759667683254,6.552197499305012
4566,時碩工業,電機機械,2025-09-26,54.0,2025Q2,0.0,0.0,-107.25,0.0,-9.19,0.0,4.246592667987641,0.0,0.0,0.0,46.0424322628714,65.1060806571785,6.51060806571785
3631,晟楠,電子零組件業,2025-09-26,19.95,2025Q2,0.0,0.0,-93.33,0.0,-39.080000000000005,0.0,-298.3316977428852,0.0,0.0,0.0,46.0,65.0,6.5
8183,精星,其他電子業,2025-09-26,29.95,2025Q2,0.0,0.0,-102.68,0.0,-6.916666666666667,0.0,2.2284330052065764,0.0,0.0,0.0,46.0,65.0,6.5
1445,大宇,紡織纖維,2025-09-26,14.65,2025Q2,0.0,0.0,-1433.33,0.0,-25.126666666666665,0.0,-5.503106792742294,0.0,0.0,0.0,45.9892190179186,64.9730475447965,6.49730475447965
4513,福裕,電機機械,2025-09-26,20.1,2025Q2,0.0,0.0,-395.24,0.0,3.1399999999999983,15.699999999999992,-14.404680313452186,0.0,0.0,0.0,33.0,32.5,6.389999999999999
1305,華夏,塑膠工業,2025-09-26,11.45,2025Q2,0.0,0.0,-1154.55,0.0,-5.3933333333333335,0.0,-15.134915130833331,0.0,0.0,0.0,45.5597345207853,63.89933630196325,6.389933630196325
8222,寶一,電機機械,2025-09-26,48.0,2025Q2,68.57,0.0,-98.75,0.0,-2.49,0.0,6.690640244443699,8.453201222218496,-63.227432590855805,0.0,40.4859791208277,51.214947802069254,6.3894749635397
5015,華祺,鋼鐵工業,2025-09-26,29.5,2025Q2,0.0,0.0,-164.71,0.0,0.06666666666666643,0.33333333333333215,5.400186221800743,2.000931109003714,0.0,0.0,44.0,60.0,6.366806333017223
2515,中工,建材營造業,2025-09-26,10.65,2025Q2,22.19,0.0,5.88,11.76,-10.753333333333336,0.0,4.29375978647306,0.0,-15.038031545741324,0.0,33.5720772077183,33.93019301929575,6.333019301929575
6456,GIS-KY,光電業,2025-09-26,61.2,2025Q2,139.09,0.0,-80.0,0.0,0.0,0.0,-0.059949684105661045,0.0,0.0,0.0,45.1308171036587,62.82704275914674,6.282704275914675
3294,英濟,電子零組件業,2025-09-26,45.8,2025Q2,0.0,0.0,-705.88,0.0,-6.623333333333334,0.0,-8.348097935044105,0.0,0.0,0.0,45.0,62.5,6.25
3325,旭品,電腦及週邊設備業,2025-09-26,18.05,2025Q2,0.0,0.0,-711.11,0.0,-16.356666666666666,0.0,-9.890428060628043,0.0,0.0,0.0,45.0,62.5,6.25
2102,泰豐,橡膠工業,2025-09-26,18.7,2025Q2,0.0,0.0,-597.06,0.0,-0.9433333333333339,0.0,-62.51850561699904,0.0,0.0,0.0,44.6571499075587,61.64287476889674,6.164287476889674
3128,昇銳,光電業,2025-09-26,32.2,2025Q2,0.0,0.0,-9.43,0.0,-9.066666666666666,0.0,8.453064153402646,17.265320767013232,0.0724580061624093,0.0,34.0,35.0,6.089798115051985
2314,台揚,通信網路業,2025-09-26,10.2,2025Q2,0.0,0.0,12.16,24.32,-10.24,0.0,-68.91414931501552,0.0,0.0,0.0,10.7989439013198,0.0,6.08
9912,偉聯,電腦及週邊設備業,2025-09-26,11.8,2025Q2,0.0,0.0,-91.3,0.0,-17.32,0.0,-18.06311791781048,0.0,0.0,0.0,44.1216632182152,60.30415804553799,6.030415804553799
3043,科風,其他電子業,2025-09-26,22.7,2025Q2,90.8,0.0,-259.26,0.0,-14.396666666666667,0.0,3.3552734814010594,0.0,0.0,0.0,44.1076183926375,60.26904598159375,6.026904598159375
1468,昶和,紡織纖維,2025-09-26,12.65,2025Q2,0.0,0.0,-153.52,0.0,-32.75,0.0,-4.5161021264640295,0.0,0.0,0.0,44.0720970091785,60.180242522946244,6.018024252294625
1598,岱宇,運動休閒,2025-09-26,22.55,2025Q2,0.0,0.0,-228.57,0.0,-17.52,0.0,-6.106536809921547,0.0,0.0,0.0,44.0594906170472,60.148726542618,6.014872654261801
2014,中鴻,鋼鐵工業,2025-09-26,15.95,2025Q2,0.0,0.0,-421.43,0.0,-49.02,0.0,-11.029114759523129,0.0,0.0,0.0,44.0048040464717,60.01201011617925,6.001201011617925
8450,霹靂,文化創意業,2025-09-26,17.25,2025Q2,0.0,0.0,-6000.0,0.0,-9.486666666666666,0.0,-77.44246277512626,0.0,0.0,0.0,44.0,60.0,6.0
5245,智晶,光電業,2025-09-26,25.8,2025Q2,0.0,0.0,-63.91,0.0,-21.650000000000002,0.0,-17.460529503531006,0.0,0.0,0.0,44.0,60.0,6.0
6108,競國,電子零組件業,2025-09-26,14.4,2025Q2,62.61,0.0,-1420.0,0.0,-17.169999999999998,0.0,-7.079035157325388,0.0,0.0,0.0,43.540049528287,58.850123820717506,5.885012382071751
9929,秋雨,其他業,2025-09-26,12.5,2025Q2,0.0,0.0,0.0,0.0,-6.236666666666667,0.0,-2.4706876953230132,0.0,0.0,0.0,43.3410472671567,58.352618167891755,5.835261816789176
3663,鑫科,其他電子業,2025-09-26,49.8,2025Q2,0.0,0.0,-104.76,0.0,0.07666666666666666,0.3833333333333333,1.0034832068748842,0.0,0.0,0.0,43.0,57.49999999999999,5.826666666666666
6916,華凌,光電業,2025-09-26,18.1,2025Q2,0.0,0.0,-1633.33,0.0,-4.1866666666666665,0.0,-4.950732807659149,0.0,0.0,0.0,43.2751071903968,58.18776797599201,5.8187767975992015
2002,中鋼,鋼鐵工業,2025-09-26,19.55,2025Q2,0.0,0.0,-184.62,0.0,-15.936666666666667,0.0,-0.7389913245459618,0.0,0.0,0.0,42.4462584875952,56.115646218988005,5.6115646218988005
3050,鈺德,光電業,2025-09-26,12.5,2025Q2,0.0,0.0,-135.42,0.0,-3.6266666666666665,0.0,2.8416675516923053,0.0,0.0,0.0,42.064522369295,55.16130592323749,5.51613059232375
6743,安普新,其他電子業,2025-09-26,31.4,2025Q2,25.32,28.967495219885286,-186.96,0.0,-34.086666666666666,0.0,4.823925191345871,0.0,0.0,0.0,30.46814505314,26.170362632849997,5.513785785273528
6158,禾昌,電子零組件業,2025-09-26,23.95,2025Q2,0.0,0.0,-9.23,0.0,-12.74,0.0,0.7435544780900386,0.0,-0.21297471292828624,0.0,42.0,55.00000000000001,5.500000000000001
3672,康聯訊,通信網路業,2025-09-26,14.5,2025Q2,0.0,0.0,-10.08,0.0,-44.41,0.0,-37.53281890368852,0.0,0.0,0.0,42.0,55.00000000000001,5.500000000000001
8087,麗升能源,綠能環保,2025-09-26,32.9,2025Q2,0.0,0.0,-258.33,0.0,-14.030000000000001,0.0,-22.595583273218068,0.0,0.0,0.0,42.0,55.00000000000001,5.500000000000001
3178,公準,半導體業,2025-09-26,56.8,2025Q2,0.0,0.0,-141.18,0.0,-7.946666666666668,0.0,1.5244436385165347,0.0,0.0,0.0,42.0,55.00000000000001,5.500000000000001
8042,金山電,電子零組件業,2025-09-26,39.1,2025Q2,0.0,0.0,-124.0,0.0,-0.7333333333333331,0.0,2.8083429416146144,0.0,0.0,0.0,42.0,55.00000000000001,5.500000000000001
5468,凱鈺,半導體業,2025-09-26,15.2,2025Q2,0.0,0.0,-87.5,0.0,-25.343333333333334,0.0,-9.274987145162148,0.0,0.0,0.0,42.0,55.00000000000001,5.500000000000001
4919,新唐,半導體業,2025-09-26,61.8,2025Q2,0.0,0.0,-218.48,0.0,-9.896666666666667,0.0,-0.17496810277716593,0.0,0.0,0.0,41.9033500721086,54.7583751802715,5.47583751802715
8411,福貞-KY,其他業,2025-09-26,12.8,2025Q2,0.0,0.0,-1271.43,0.0,0.0,0.0,-2.3046938858565382,0.0,0.0,0.0,41.7146858164331,54.28671454108274,5.428671454108274
1466,聚隆,紡織纖維,2025-09-26,17.55,2025Q2,0.0,0.0,-218.18,0.0,-14.93,0.0,-0.2162235336295653,0.0,0.0,0.0,41.5707126604294,53.9267816510735,5.39267816510735
2106,建大,橡膠工業,2025-09-26,20.35,2025Q2,53.55,0.0,-102.22,0.0,-9.38,0.0,1.6727968227900167,0.0,0.0,0.0,41.4915935076001,53.72898376900025,5.372898376900025
9928,中視,其他業,2025-09-26,17.55,2025Q2,0.0,0.0,-977.78,0.0,-7.93,0.0,-18.872692664112005,0.0,0.0,0.0,41.0807111991562,52.701777997890495,5.2701777997890495
2464,盟立,其他電子業,2025-09-26,66.6,2025Q2,0.0,0.0,-553.85,0.0,-19.82,0.0,0.6312012348827022,0.0,0.0,0.0,41.019430179306,52.548575448265,5.2548575448265
2466,冠西電,光電業,2025-09-26,66.8,2025Q2,0.0,0.0,-130.36,0.0,-19.80666666666667,0.0,-33.4165307353697,0.0,0.0,0.0,40.5004480968395,51.25112024209875,5.1251120242098755
3272,東碩,電腦及週邊設備業,2025-09-26,23.8,2025Q2,0.0,0.0,-4.71,0.0,4.109999999999999,20.549999999999997,-7.929295399050012,0.0,0.0,0.0,24.0,10.0,5.109999999999999
3047,訊舟,通信網路業,2025-09-26,18.7,2025Q2,124.67,0.0,-300.0,0.0,-66.87666666666667,0.0,0.2714216953781748,0.0,0.0,0.0,40.4029363501804,51.00734087545099,5.100734087545099
2007,燁興,鋼鐵工業,2025-09-26,8.12,2025Q2,0.0,0.0,1.02,2.04,-30.566666666666663,0.0,-10.574595242161244,0.0,0.0,0.0,38.2896944109095,45.72423602727375,5.082423602727375
2034,允強,鋼鐵工業,2025-09-26,19.8,2025Q2,0.0,0.0,-147.06,0.0,-22.683333333333334,0.0,1.1224110212894294,0.0,0.0,0.0,40.1056903718709,50.26422592967725,5.026422592967726
3632,研勤,通信網路業,2025-09-26,10.0,2025Q2,0.0,0.0,-200.0,0.0,-37.193333333333335,0.0,-6.273403725310576,0.0,0.0,0.0,40.0,50.0,5.0
5522,遠雄,建材營造業,2025-09-26,62.2,2025Q2,33.8,0.0,-131.22,0.0,-15.616666666666665,0.0,-30.41665620212472,0.0,0.0,0.0,39.9636020940777,49.90900523519425,4.990900523519425
1609,大亞,電器電纜,2025-09-26,39.65,2025Q2,22.28,0.0,-20.27,0.0,-0.5199999999999999,0.0,9.365576712844039,21.827883564220194,0.2762778152393796,0.0,26.5408747213045,16.352186803261255,4.909401214959154
9906,欣巴巴,建材營造業,2025-09-26,58.1,2025Q2,11.78,48.36065573770492,-3500.0,0.0,-87.09333333333332,0.0,-52.48814125087843,0.0,0.0,0.0,13.6476626215902,0.0,4.836065573770492
1528,恩德,電機機械,2025-09-26,15.3,2025Q2,0.0,0.0,-177.27,0.0,-22.87,0.0,1.6271046882371858,0.0,0.0,0.0,39.2009627934111,48.00240698352775,4.800240698352775
1905,華紙,造紙工業,2025-09-26,12.0,2025Q2,0.0,0.0,-338.46,0.0,-12.803333333333333,0.0,-7.4022552799260275,0.0,0.0,0.0,38.9092795611447,47.27319890286175,4.727319890286175
2923,鼎固-KY,建材營造業,2025-09-26,20.55,2025Q2,0.0,0.0,-591.67,0.0,0.0,0.0,-44.63846379702236,0.0,0.0,0.0,38.6239050393462,46.559762598365495,4.6559762598365495
2017,官田鋼,鋼鐵工業,2025-09-26,9.5,2025Q2,0.0,0.0,-111.67,0.0,-20.23,0.0,-10.588919042717194,0.0,0.0,0.0,38.5678002060524,46.41950051513099,4.641950051513099
2461,光群雷,其他電子業,2025-09-26,16.2,2025Q2,0.0,0.0,-126.75,0.0,0.4266666666666667,2.1333333333333337,-0.08035031808885568,0.0,0.0,0.0,36.8138984853093,42.03474621327325,4.630141287993992
2616,山隆,油電燃氣業,2025-09-26,14.5,2025Q2,0.0,0.0,-29500.0,0.0,-12.183333333333335,0.0,-9.572213681245415,0.0,0.0,0.0,38.169298385874,45.423245964685,4.5423245964685
8421,旭源,其他業,2025-09-26,12.75,2025Q2,0.0,0.0,-443.75,0.0,-7.373333333333334,0.0,-0.3427061540504694,0.0,0.0,0.0,38.0,45.0,4.5
2064,晉椿,鋼鐵工業,2025-09-26,13.2,2025Q2,0.0,0.0,-2042.86,0.0,-10.479999999999999,0.0,-4.891086049745095,0.0,0.0,0.0,38.0,45.0,4.5
8066,來思達,居家生活,2025-09-26,21.9,2025Q2,0.0,0.0,-1771.43,0.0,-5.400000000000001,0.0,-1.4579114321045181,0.0,0.0,0.0,38.0,45.0,4.5
5546,永固-KY,建材營造業,2025-09-26,24.8,2025Q2,0.0,0.0,-636.84,0.0,0.0,0.0,-8.464441757611864,0.0,0.0,0.0,37.4444734610571,43.61118365264275,4.361118365264275
6952,大武山,其他業,2025-09-26,46.3,2025Q2,0.0,0.0,-247.15,0.0,-0.11333333333333329,0.0,-1.3310911325270034,0.0,0.0,0.0,37.4149283251294,43.5373208128235,4.353732081282351
3541,西柏,其他電子業,2025-09-26,26.2,2025Q2,0.0,0.0,-168.42,0.0,1.2866666666666664,6.433333333333333,-2.9799636747381495,0.0,0.0,0.0,32.0,30.0,4.286666666666667
8044,網家,數位雲端,2025-09-26,31.25,2025Q2,0.0,0.0,-47.66,0.0,1.7633333333333336,8.816666666666668,-1.1179484265083826,0.0,0.0,0.0,30.0,25.0,4.263333333333334
9949,琉園,文化創意業,2025-09-26,21.35,2025Q2,0.0,0.0,-337.5,0.0,-13.81,0.0,-44.37037264600166,0.0,0.0,0.0,37.0,42.5,4.25
1569,濱川,電腦及週邊設備業,2025-09-26,57.4,2025Q2,0.0,0.0,-482.26,0.0,-3.4966666666666666,0.0,-15.52849716390162,0.0,0.0,0.0,37.0,42.5,4.25
4419,皇家美食,觀光餐旅,2025-09-26,50.3,2025Q2,0.0,0.0,-233.33,0.0,-0.816666666666667,0.0,-5.074289993756648,0.0,0.0,0.0,37.0,42.5,4.25
5392,能率,光電業,2025-09-26,56.0,2025Q2,0.0,0.0,-296.55,0.0,-11.046666666666667,0.0,-0.14451049348020795,0.0,0.0,0.0,37.0,42.5,4.25
1583,程泰,電機機械,2025-09-26,50.7,2025Q2,56.97,0.0,-559.04,0.0,-5.446666666666666,0.0,-5.220002223722437,0.0,0.0,0.0,36.9014767304452,42.25369182611299,4.225369182611299
1536,和大,汽車工業,2025-09-26,62.0,2025Q2,0.0,0.0,-506.38,0.0,-30.99,0.0,-8.448918417865077,0.0,0.0,0.0,36.7602776414152,41.900694103538,4.1900694103538
6982,大井泵浦,電機機械,2025-09-26,68.9,2025Q2,0.0,0.0,-54.14,0.0,-14.793333333333335,0.0,6.487055090186917,7.435275450934586,-0.5054096748234032,0.0,32.0,30.0,4.115291317640188
3494,誠研,電腦及週邊設備業,2025-09-26,9.85,2025Q2,0.0,0.0,-41.46,0.0,-2.48,0.0,-10.849791566267664,0.0,0.0,0.0,36.2326262154921,40.58156553873024,4.058156553873024
3685,元創精密,電機機械,2025-09-26,28.8,2025Q2,0.0,0.0,-139.29,0.0,-8.586666666666666,0.0,1.9579512572045825,0.0,0.0,0.0,36.0,40.0,4.0
6929,佑全,生技醫療業,2025-09-26,31.0,2025Q2,0.0,0.0,-333.33,0.0,-0.49666666666666676,0.0,-0.9988778184592672,0.0,0.0,0.0,36.0,40.0,4.0
2023,燁輝,鋼鐵工業,2025-09-26,15.9,2025Q2,0.0,0.0,-2766.67,0.0,-5.236666666666667,0.0,0.7086582327009951,0.0,0.0,0.0,35.9810439954909,39.95260998872725,3.995260998872725
6874,倍力,資訊服務業,2025-09-26,72.2,2025Q2,0.0,0.0,-21.01,0.0,-16.066666666666666,0.0,6.987773864756094,9.938869323780471,-2.118248992386923,0.0,30.0,25.0,3.990830398567071
9940,信義,其他業,2025-09-26,24.0,2025Q2,28.57,0.0,-102.6,0.0,-32.84666666666667,0.0,0.5637670943433748,0.0,0.0,0.0,35.862642140809,39.6566053520225,3.9656605352022503
3550,聯穎,電子零組件業,2025-09-26,14.65,2025Q2,0.0,0.0,-112.5,0.0,1.4033333333333333,7.016666666666667,-3.772152698229507,0.0,0.0,0.0,29.9068338082672,24.767084520668003,3.8800417854001337
5209,新鼎,其他業,2025-09-26,158.5,2025Q2,0.0,0.0,-10.8,0.0,-16.62,0.0,10.03498769166006,25.1749384583003,-5.300162871650752,0.0,17.0,0.0,3.776240768745045
3362,先進光,光電業,2025-09-26,107.0,2025Q2,0.0,0.0,-178.48,0.0,-1.4133333333333333,0.0,3.8259233022936088,0.0,0.0,0.0,35.0,37.5,3.75
8067,志旭,電子通路業,2025-09-26,12.3,2025Q2,0.0,0.0,-2766.67,0.0,-14.866666666666665,0.0,-27.823439342473467,0.0,0.0,0.0,35.0,37.5,3.75
8121,越峰,電子零組件業,2025-09-26,27.75,2025Q2,0.0,0.0,-160.0,0.0,-15.423333333333332,0.0,-5.01606419876916,0.0,0.0,0.0,35.0,37.5,3.75
6680,鑫創電子,電腦及週邊設備業,2025-09-26,72.1,2025Q2,0.0,0.0,-195.04,0.0,-30.37,0.0,-4.085782419480825,0.0,0.0,0.0,35.0,37.5,3.75
1710,東聯,化學工業,2025-09-26,12.2,2025Q2,0.0,0.0,-850.0,0.0,-17.023333333333333,0.0,-2.1522874550236444,0.0,0.0,0.0,34.5401838574738,36.350459643684495,3.63504596436845
9946,三發地產,建材營造業,2025-09-26,18.45,2025Q2,57.66,0.0,-147.37,0.0,-89.61333333333334,0.0,-72.28034811544123,0.0,0.0,0.0,34.5023063944529,36.25576598613225,3.6255765986132253
2460,建通,電子零組件業,2025-09-26,18.5,2025Q2,0.0,0.0,-166.67,0.0,-9.383333333333333,0.0,-10.553737705763481,0.0,0.0,0.0,34.4072988677721,36.018247169430246,3.6018247169430246
9950,萬國通,塑膠工業,2025-09-26,10.0,2025Q2,0.0,0.0,-141.03,0.0,-16.766666666666666,0.0,-0.4019081784013567,0.0,0.0,0.0,34.0,35.0,3.5
4121,優盛,生技醫療業,2025-09-26,14.5,2025Q2,0.0,0.0,-350.0,0.0,-1.0933333333333335,0.0,-1.0595155092604729,0.0,0.0,0.0,34.0,35.0,3.5
3224,三顧,電子通路業,2025-09-26,47.15,2025Q2,0.0,0.0,-57.69,0.0,-8.299999999999999,0.0,-16.09865133976406,0.0,0.0,0.0,34.0,35.0,3.5
8928,鉅明,運動休閒,2025-09-26,24.85,2025Q2,0.0,0.0,-106.47,0.0,-7.390000000000001,0.0,3.4736479621603005,0.0,0.0,0.0,34.0,35.0,3.5
3346,麗清,汽車工業,2025-09-26,22.4,2025Q2,33.43,0.0,-163.64,0.0,-14.263333333333334,0.0,0.969225319011487,0.0,0.0,0.0,33.6723581436625,34.18089535915625,3.4180895359156254
4306,炎洲,塑膠工業,2025-09-26,14.0,2025Q2,37.84,0.0,-88.24,0.0,-32.593333333333334,0.0,3.2836168149479734,0.0,-9.954613593168617,0.0,33.3106420556242,33.2766051390605,3.32766051390605
2634,漢翔,航運業,2025-09-26,56.6,2025Q2,65.81,0.0,-99.32,0.0,-12.729999999999999,0.0,3.2439485706478774,0.0,-203.61259638250343,0.0,33.0943484630889,32.735871157722244,3.2735871157722247
5905,南仁湖,觀光餐旅,2025-09-26,10.85,2025Q2,0.0,0.0,-94.12,0.0,-3.106666666666667,0.0,-25.410088280034497,0.0,0.0,0.0,33.0,32.5,3.25
6504,南六,其他業,2025-09-26,43.65,2025Q2,0.0,0.0,-396.63,0.0,-0.33999999999999986,0.0,2.415514665212764,0.0,0.0,0.0,32.8284406663568,32.071101665891995,3.2071101665891995
2509,全坤建,建材營造業,2025-09-26,15.1,2025Q2,0.0,0.0,-2033.33,0.0,-80.69,0.0,-37.76991444221454,0.0,0.0,0.0,31.8950514385248,29.737628596312,2.9737628596312002
2239,英利-KY,汽車工業,2025-09-26,34.35,2025Q2,0.0,0.0,-1245.45,0.0,0.0,0.0,-2.909739324361046,0.0,0.0,0.0,31.5871587368154,28.9678968420385,2.89678968420385
2705,六福,觀光餐旅,2025-09-26,16.9,2025Q2,42.25,0.0,-23.08,0.0,-15.923333333333332,0.0,1.8598385049238269,0.0,0.0,0.0,31.0461901097709,27.615475274427254,2.7615475274427257
3489,森寶,建材營造業,2025-09-26,20.35,2025Q2,0.0,0.0,-250.0,0.0,-36.70333333333333,0.0,-1.2306113647517214,0.0,0.0,0.0,31.0,27.500000000000004,2.7500000000000004
3092,鴻碩,電子零組件業,2025-09-26,15.65,2025Q2,0.0,0.0,-600.0,0.0,-30.403333333333332,0.0,-43.12674605670326,0.0,0.0,0.0,30.5113834990875,26.27845874771875,2.627845874771875
2231,為升,汽車工業,2025-09-26,116.0,2025Q2,56.31,0.0,-131.43,0.0,-16.8,0.0,4.797476886444024,0.0,0.0,0.0,30.3760698050072,25.940174512518006,2.594017451251801
2538,基泰,建材營造業,2025-09-26,10.6,2025Q2,0.0,0.0,-175.0,0.0,-80.46666666666665,0.0,4.503086118735458,0.0,0.0,0.0,30.3608586848236,25.902146712059004,2.5902146712059007
1909,榮成,造紙工業,2025-09-26,10.0,2025Q2,0.0,0.0,-530.0,0.0,-9.799999999999999,0.0,-0.563755196230219,0.0,0.0,0.0,30.1361243923711,25.340310980927754,2.5340310980927754
4113,聯上,建材營造業,2025-09-26,23.95,2025Q2,0.0,0.0,-99.63,0.0,-93.49333333333334,0.0,4.3721077491155285,0.0,-1046.4755512943432,0.0,29.0,22.5,2.25
1432,大魯閣,運動休閒,2025-09-26,17.25,2025Q2,0.0,0.0,-50.0,0.0,2.1933333333333334,10.966666666666667,-0.16352963308038576,0.0,0.0,0.0,16.6893725883926,0.0,2.1933333333333334
6451,訊芯-KY,半導體業,2025-09-26,152.0,2025Q2,0.0,0.0,-5566.67,0.0,0.0,0.0,-4.030743462817562,0.0,0.0,0.0,28.5984067528778,21.4960168821945,2.14960168821945
6603,富強鑫,電機機械,2025-09-26,16.55,2025Q2,0.0,0.0,-110.34,0.0,-6.96,0.0,2.3341763843362324,0.0,0.0,0.0,28.0,20.0,2.0
1304,台聚,塑膠工業,2025-09-26,10.15,2025Q2,0.0,0.0,-133.33,0.0,-18.843333333333334,0.0,-5.807757019652227,0.0,0.0,0.0,27.7804162052582,19.451040513145497,1.9451040513145497
3703,欣陸,建材營造業,2025-09-26,22.75,2025Q2,24.73,0.0,-56.04,0.0,-13.9,0.0,3.184727821714118,0.0,-7.75605075490659,0.0,27.3960809925902,18.4902024814755,1.84902024814755
4433,興采,紡織纖維,2025-09-26,22.05,2025Q2,0.0,0.0,-1142.86,0.0,-10.296666666666667,0.0,-0.36243309321287726,0.0,0.0,0.0,27.0,17.5,1.75
4510,高鋒,電機機械,2025-09-26,45.2,2025Q2,0.0,0.0,-197.26,0.0,-18.043333333333333,0.0,-6.816500608578951,0.0,0.0,0.0,27.0,17.5,1.75
5464,霖宏,電子零組件業,2025-09-26,22.85,2025Q2,0.0,0.0,-268.56,0.0,-27.62,0.0,-12.503905755183043,0.0,0.0,0.0,27.0,17.5,1.75
5525,順天,建材營造業,2025-09-26,28.55,2025Q2,25.49,0.0,-120.51,0.0,-90.13333333333333,0.0,-21.256774274157024,0.0,0.0,0.0,26.3064707097502,15.7661767743755,1.5766176774375502
8071,能率網通,電子零組件業,2025-09-26,19.7,2025Q2,0.0,0.0,-104.76,0.0,-1.7733333333333334,0.0,-4.336157058585104,0.0,0.0,0.0,26.0,15.0,1.5
4502,健信,電機機械,2025-09-26,17.05,2025Q2,0.0,0.0,-542.86,0.0,-34.96,0.0,-2.593531897296929,0.0,0.0,0.0,26.0,15.0,1.5
2067,嘉鋼,電機機械,2025-09-26,8.5,2025Q2,0.0,0.0,1.35,2.7,0.7200000000000001,3.6000000000000005,-10.568344005922715,0.0,0.0,0.0,16.0,0.0,1.3950000000000002
7723,築間,觀光餐旅,2025-09-26,37.45,2025Q2,0.0,0.0,-138.08,0.0,-17.87666666666667,0.0,-0.514374530872105,0.0,0.0,0.0,25.0,12.5,1.25
2601,益航,貿易百貨業,2025-09-26,5.79,2025Q2,0.0,0.0,-212.5,0.0,-15.646666666666667,0.0,-4.349981467540038,0.0,0.0,0.0,24.3741253434326,10.935313358581498,1.0935313358581498
1808,潤隆,建材營造業,2025-09-26,28.85,2025Q2,0.0,0.0,-111.06,0.0,-98.73,0.0,-337.35987686588834,0.0,0.0,0.0,23.6924044333127,9.231011083281748,0.9231011083281748
2406,國碩,光電業,2025-09-26,20.25,2025Q2,0.0,0.0,-985.71,0.0,-20.543333333333333,0.0,-16.165587883699047,0.0,0.0,0.0,23.5290486769718,8.822621692429502,0.8822621692429502
1418,東華,紡織纖維,2025-09-26,21.6,2025Q2,432.0,0.0,-38.18,0.0,-91.20333333333333,0.0,-1069.287123133277,0.0,0.0,0.0,23.4276721995877,8.569180498969251,0.8569180498969251
1438,三地開發,建材營造業,2025-09-26,37.5,2025Q2,0.0,0.0,-26.0,0.0,0.0,0.0,-7470.124481327801,0.0,0.0,0.0,22.7413876732072,6.853469183017999,0.6853469183018
5014,建錩,鋼鐵工業,2025-09-26,10.3,2025Q2,0.0,0.0,-244.72,0.0,-3.366666666666667,0.0,-0.27617154483299355,0.0,0.0,0.0,21.0,2.5,0.25
9933,中鼎,其他業,2025-09-26,32.2,2025Q2,0.0,0.0,-189.55,0.0,-24.323333333333334,0.0,0.6293214854716965,0.0,0.0,0.0,14.1943363475442,0.0,0.0
2724,藝舍-KY,其他業,2025-09-26,19.1,2025Q2,0.0,0.0,0.0,0.0,0.0,0.0,0.0,0.0,0.0,0.0,0.0,0.0,0.0
2905,三商,貿易百貨業,2025-09-26,12.0,2025Q2,0.0,0.0,-102.39,0.0,-6.826666666666672,0.0,-0.33532448695275113,0.0,0.0,0.0,0.792649830308725,0.0,0.0
8927,北基,油電燃氣業,2025-09-26,38.3,2025Q2,0.0,0.0,-92.71,0.0,-41.82666666666666,0.0,4.910871881247991,0.0,-19.791808518029598,0.0,17.0,0.0,0.0
2338,光罩,半導體業,2025-09-26,39.7,2025Q2,0.0,0.0,-251.74,0.0,-14.616666666666667,0.0,-7.760737626208478,0.0,0.0,0.0,17.1819217043001,0.0,0.0
3664,安瑞-KY,通信網路業,2025-09-26,19.8,2025Q2,0.0,0.0,0.0,0.0,0.0,0.0,0.0,0.0,0.0,0.0,0.0,0.0,0.0
3095,及成,通信網路業,2025-09-26,26.55,2025Q2,0.0,0.0,-253.71,0.0,-0.2233333333333333,0.0,-1.8606837069373519,0.0,0.0,0.0,14.0,0.0,0.0
2867,三商壽,金融保險業,2025-09-26,5.78,2025Q2,0.0,0.0,-109.68,0.0,-24.73,0.0,-3.5999736588158116,0.0,0.0,0.0,2.00065772225865,0.0,0.0
3717,聯嘉投控,汽車工業,2025-09-26,19.25,2025Q2,0.0,0.0,0.0,0.0,0.0,0.0,0.0,0.0,0.0,0.0,0.0,0.0,0.0
6958,日盛台駿,其他業,2025-09-26,18.15,2025Q2,0.0,0.0,-210.81,0.0,-4.720000000000001,0.0,-10.971165907038142,0.0,0.0,0.0,11.1832193744514,0.0,0.0
2726,雅茗-KY,觀光餐旅,2025-09-26,16.1,2025Q2,0.0,0.0,0.0,0.0,0.0,0.0,0.0,0.0,0.0,0.0,0.0,0.0,0.0
2911,麗嬰房,貿易百貨業,2025-09-26,5.11,2025Q2,0.0,0.0,-22.84,0.0,-16.103333333333335,0.0,-16.829010816283034,0.0,0.0,0.0,9.99259488006857,0.0,0.0
2924,宏太-KY,居家生活,2025-09-26,24.15,2025Q2,0.0,0.0,0.0,0.0,0.0,0.0,0.0,0.0,0.0,0.0,0.0,0.0,0.0
2908,特力,貿易百貨業,2025-09-26,19.9,2025Q2,94.76,0.0,-97.83,0.0,-7.053333333333334,0.0,0.5709712138461476,0.0,-43.55257670539172,0.0,18.1797107698113,0.0,0.0
8906,花王,其他業,2025-09-26,33.3,2025Q2,0.0,0.0,-111.11,0.0,-14.040000000000001,0.0,-7.964198728738045,0.0,0.0,0.0,19.0,0.0,0.0
7799,禾榮科,生技醫療業,2025-09-26,660.0,2025Q2,0.0,0.0,0.0,0.0,0.0,0.0,0.0,0.0,0.0,0.0,0.0,0.0,0.0
2392,正崴,電子零組件業,2025-09-26,46.7,2025Q2,113.9,0.0,-230.71,0.0,-3.293333333333333,0.0,-11.767764724137441,0.0,0.0,0.0,15.6339433254121,0.0,0.0
4304,勝昱,塑膠工業,2025-09-26,8.3,2025Q2,0.0,0.0,-60.0,0.0,-19.496666666666666,0.0,-16.621012163310418,0.0,0.0,0.0,2.0,0.0,0.0
2035,唐榮,鋼鐵工業,2025-09-26,29.0,2025Q2,0.0,0.0,-353.57,0.0,-27.94666666666667,0.0,-16.153744757316392,0.0,0.0,0.0,17.0,0.0,0.0
2208,台船,航運業,2025-09-26,23.5,2025Q2,0.0,0.0,-340.0,0.0,-1.5433333333333337,0.0,-21.36653700997086,0.0,0.0,0.0,16.3009067809431,0.0,0.0
5276,達輝-KY,其他業,2025-09-26,15.95,2025Q2,0.0,0.0,0.0,0.0,0.0,0.0,0.0,0.0,0.0,0.0,0.0,0.0,0.0
4966,譜瑞-KY,半導體業,2025-09-26,749.0,2025Q2,0.0,0.0,0.0,0.0,0.0,0.0,0.0,0.0,0.0,0.0,0.0,0.0,0.0
4991,環宇-KY,半導體業,2025-09-26,132.0,2025Q2,0.0,0.0,0.0,0.0,0.0,0.0,0.0,0.0,0.0,0.0,0.0,0.0,0.0
1591,駿吉-KY,電機機械,2025-09-26,54.1,2025Q2,0.0,0.0,0.0,0.0,0.0,0.0,0.0,0.0,0.0,0.0,0.0,0.0,0.0
4523,永彰,電機機械,2025-09-26,33.55,2025Q2,0.0,0.0,-1657.58,0.0,-4.256666666666666,0.0,-88.14836650349567,0.0,0.0,0.0,16.0,0.0,0.0
4139,馬光-KY,生技醫療業,2025-09-26,24.85,2025Q2,0.0,0.0,0.0,0.0,0.0,0.0,0.0,0.0,0.0,0.0,0.0,0.0,0.0
6741,91APP*-KY,數位雲端,2025-09-26,78.7,2025Q2,0.0,0.0,0.0,0.0,0.0,0.0,0.0,0.0,0.0,0.0,0.0,0.0,0.0
4157,太景*-KY,生技醫療業,2025-09-26,8.69,2025Q2,0.0,0.0,0.0,0.0,0.0,0.0,0.0,0.0,0.0,0.0,0.0,0.0,0.0
4154,樂威科-KY,其他業,2025-09-26,17.65,2025Q2,0.0,0.0,0.0,0.0,0.0,0.0,0.0,0.0,0.0,0.0,0.0,0.0,0.0
4804,大略-KY,觀光餐旅,2025-09-26,9.0,2025Q2,0.0,0.0,0.0,0.0,0.0,0.0,0.0,0.0,0.0,0.0,0.0,0.0,0.0
4971,IET-KY,半導體業,2025-09-26,147.0,2025Q2,0.0,0.0,0.0,0.0,0.0,0.0,0.0,0.0,0.0,0.0,0.0,0.0,0.0
4745,合富-KY,生技醫療業,2025-09-26,16.65,2025Q2,0.0,0.0,0.0,0.0,0.0,0.0,0.0,0.0,0.0,0.0,0.0,0.0,0.0
4442,竣邦-KY,紡織纖維,2025-09-26,58.5,2025Q2,0.0,0.0,0.0,0.0,0.0,0.0,0.0,0.0,0.0,0.0,0.0,0.0,0.0
5907,大洋-KY,貿易百貨業,2025-09-26,5.94,2025Q2,0.0,0.0,-129.89,0.0,0.0,0.0,-8.862707471464885,0.0,0.0,0.0,19.2565322124817,0.0,0.0
4943,康控-KY,電子零組件業,2025-09-26,9.08,2025Q2,0.0,0.0,-278.43,0.0,0.0,0.0,-30.509849709208968,0.0,0.0,0.0,5.16053488397028,0.0,0.0
5543,桓鼎-KY,建材營造業,2025-09-26,19.55,2025Q2,0.0,0.0,0.0,0.0,0.0,0.0,0.0,0.0,0.0,0.0,0.0,0.0,0.0
5223,安力-KY,電腦及週邊設備業,2025-09-26,27.3,2025Q2,0.0,0.0,0.0,0.0,0.0,0.0,0.0,0.0,0.0,0.0,0.0,0.0,0.0
6616,特昇-KY,居家生活,2025-09-26,10.15,2025Q2,0.0,0.0,0.0,0.0,0.0,0.0,0.0,0.0,0.0,0.0,0.0,0.0,0.0
6617,共信-KY,生技醫療業,2025-09-26,99.4,2025Q2,0.0,0.0,0.0,0.0,0.0,0.0,0.0,0.0,0.0,0.0,0.0,0.0,0.0
6629,泰金-KY,居家生活,2025-09-26,119.5,2025Q2,0.0,0.0,0.0,0.0,0.0,0.0,0.0,0.0,0.0,0.0,0.0,0.0,0.0
4924,欣厚-KY,電腦及週邊設備業,2025-09-26,13.2,2025Q2,0.0,0.0,0.0,0.0,0.0,0.0,0.0,0.0,0.0,0.0,0.0,0.0,0.0
5227,立凱-KY,電子零組件業,2025-09-26,29.3,2025Q2,0.0,0.0,0.0,0.0,0.0,0.0,0.0,0.0,0.0,0.0,0.0,0.0,0.0
6219,富旺,建材營造業,2025-09-26,20.8,2025Q2,0.0,0.0,-205.36,0.0,-57.72,0.0,-2780.237676056338,0.0,0.0,0.0,14.0,0.0,0.0
6264,富裔,建材營造業,2025-09-26,7.38,2025Q2,0.0,0.0,-366.67,0.0,-76.46,0.0,-166.64031370564797,0.0,0.0,0.0,18.0,0.0,0.0
8423,保綠-KY,綠能環保,2025-09-26,18.7,2025Q2,0.0,0.0,0.0,0.0,0.0,0.0,0.0,0.0,0.0,0.0,0.0,0.0,0.0
8426,紅木-KY,其他業,2025-09-26,28.4,2025Q2,0.0,0.0,0.0,0.0,0.0,0.0,0.0,0.0,0.0,0.0,0.0,0.0,0.0
8437,大地-KY,其他業,2025-09-26,17.85,2025Q2,0.0,0.0,0.0,0.0,0.0,0.0,0.0,0.0,0.0,0.0,0.0,0.0,0.0
8444,綠河-KY,其他業,2025-09-26,14.25,2025Q2,0.0,0.0,0.0,0.0,0.0,0.0,0.0,0.0,0.0,0.0,0.0,0.0,0.0
8455,大拓-KY,其他電子業,2025-09-26,24.65,2025Q2,0.0,0.0,0.0,0.0,0.0,0.0,0.0,0.0,0.0,0.0,0.0,0.0,0.0
