year,symbol,name,q2_rev,q2_margin,q2_eps,capital,ly_q2_eps,ly_q3_eps,ly_q2_margin,ly_q3_margin,rev_m7,rev_m8,rev_m9,q3_rev_total,target_eps,margin_seasonality_ratio,eps_seasonality_ratio,rev_trend_m8_m7,rev_trend_m9_m8,pred_eps_seasonal
2021,5880,合庫金,13450757.0,0.3877312630062382,0.39,133342237.0,0.28,0.32,0.29671918501817385,0.30154018436455593,5378780.0,5433338.0,4258318.0,15070436.0,0.44,1.0162476832972118,1.1428571428571428,0.010143192322422667,-0.21626116394746653,0.4453366815751667
2021,3545,敦泰,5772267.0,0.3649087957989469,10.46,2163561.0,0.38,1.02,0.03853091274882606,0.0721493135531679,2019215.0,2135950.0,2117257.0,6272422.0,9.03,1.8725046568061408,2.6842105263157894,0.05781207053236037,-0.008751609354151535,19.809493129936296
2021,1460,宏遠,2205415.0,0.01799343887658332,0.12,3946434.0,-0.46,0.02,-0.18917420579547464,0.005194073843315101,692595.0,920232.0,950028.0,2562855.0,0.11,-0.027456564817989325,-0.043478260869565216,0.32867260087063865,0.03237879143520339,-0.0032083339334493524
2021,3607,谷崧,954016.0,-0.11539743568242042,-0.91,1216622.0,-0.97,-0.67,-0.1664359988386744,-0.0911472217452988,270560.0,284646.0,360255.0,915461.0,0.12,0.547641269805142,0.6907216494845362,0.052062389118864516,0.2656246706435361,-0.47552845420480094
2021,9939,宏全,5929020.0,0.12252581370951691,2.52,2877859.0,1.84,2.31,0.10093124008685828,0.1191509620993135,2081826.0,1864782.0,1554507.0,5501115.0,1.79,1.1805161810830413,1.2554347826086956,-0.10425655170028614,-0.1663867411847605,2.7649084232282366
2021,3443,創意,3300837.0,0.06655948173145175,1.64,1340119.0,0.27,0.8,0.012560142517522563,0.03016928901109303,1224453.0,1046434.0,1313965.0,3584852.0,3.11,2.4019862011122943,2.962962962962963,-0.14538655219922691,0.2556596976015688,4.2766952649429575
2021,2524,京城,2074655.0,0.21215913007222886,1.19,3731455.0,0.76,1.44,0.1293936960358619,0.21948531958678866,467893.0,359430.0,197891.0,1025214.0,0.75,1.6962597584812598,1.894736842105263,-0.23181154665703485,-0.4494310435968061,0.9887588977521755
2021,4426,利勤,167442.0,-0.6924487285149484,-0.68,1726773.0,-0.42,-0.21,-0.32073298478952283,-0.11825591340008039,43511.0,39970.0,24897.0,108378.0,-0.57,0.3687051815942299,0.5,-0.08138171956516738,-0.3771078308731549,-0.1602406677591012
2021,6116,彩晶,8066588.0,0.34006608494198537,0.91,30271869.0,-0.12,0.52,-0.10553584866860928,0.3021725249957335,2334991.0,2119586.0,1659038.0,6113615.0,0.45,-2.8632216332914378,-4.333333333333334,-0.09225089090279148,-0.2172820541369871,-1.9664238767284004
2021,4722,國精化,1163705.0,0.09799304806630546,1.16,1000092.0,0.62,0.72,0.07281551682917378,0.07635239996750734,399863.0,404410.0,383266.0,1187539.0,0.83,1.048573206541006,1.161290322580645,0.011371394702685667,-0.052283573601048405,1.2201183277155083
2021,6416,瑞祺電通,1118301.0,0.03811049082492102,0.58,731889.0,1.48,1.44,0.06941599348014031,0.07579591121758553,338551.0,300152.0,418720.0,1057423.0,0.62,1.0919084697573405,0.9729729729729729,-0.11342161151495633,0.39502651989658566,0.6012212322938445
2021,1612,宏泰,1616074.0,0.11177334701257492,0.58,3160801.0,0.49,0.81,0.13002216930369262,0.23674909702783398,520618.0,631737.0,575841.0,1728196.0,0.36,1.820836387330682,1.653061224489796,0.2134367232788723,-0.08847985791555668,1.1127690070151348
2021,1474,弘裕,809333.0,0.05812193497608525,0.36,1298970.0,0.16,0.21,0.033949778892827555,0.03671396548435405,319317.0,318031.0,325217.0,962565.0,0.26,1.0814198702222027,1.3125,-0.004027345866333465,0.022595281592046046,0.46576339581508613
2021,1718,中纖,7779877.0,-0.01608187378797891,-0.09,16213672.0,-0.18,1.94,-0.036407482360353384,0.2478186839741918,2880141.0,2735907.0,2660048.0,8276096.0,0.06,-6.806806400984723,-10.777777777777779,-0.05007879822550354,-0.027727185171133373,0.5587585538127829
2021,4906,正文,6524004.0,0.027769449558890522,0.51,3629215.0,0.43,3.46,0.026781551332265174,0.18237763613157162,1752854.0,2004380.0,1779943.0,5537177.0,0.27,6.8098234440904655,8.046511627906977,0.14349512281114118,-0.11197327852004113,2.8852193267388073
2021,2395,研華,14209687.0,0.1259720217623372,2.31,7727295.0,3.29,2.05,0.16461493651560344,0.14876759895572755,4864453.0,5151975.0,5490436.0,15506864.0,2.95,0.9037308649183621,0.6231003039513677,0.05910674848744546,0.06569538866162983,2.2845975151319866
2021,4739,康普,1824815.0,0.06223315788175788,1.14,1030293.0,0.05,0.77,0.003275217225517001,0.048592046791978316,607178.0,616595.0,660216.0,1883989.0,1.42,14.836282129136624,15.4,0.015509455217415757,0.07074497847047079,16.883579836261486
2021,2457,飛宏,2823470.0,-0.039471643049155826,-0.33,3376884.0,-0.1,0.06,-0.013869049217848949,0.007875784725645174,1112896.0,956218.0,1075036.0,3144150.0,-0.04,-0.5678676744119802,-0.6,-0.14078404451089765,0.12425827583249838,0.2086985668794771
2021,2901,欣欣,17767.0,-0.1960938819159115,-0.05,730433.0,0.01,0.06,0.04245187024298913,0.17227575982209042,4808.0,6422.0,7680.0,18910.0,-0.02,4.058142994313461,6.0,0.3356905158069883,0.19588913111180317,-0.20601675058752453
2021,2615,萬海,48016871.0,0.3955876258575866,8.57,24401273.0,0.75,0.81,0.1029971190876904,0.09135600336791638,20300252.0,24663059.0,25764019.0,70727330.0,13.18,0.8869762977558341,1.08,0.21491393308812134,0.044640042421339565,10.170199974898251
2021,2472,立隆電,2448567.0,0.10057637793860653,1.54,1603780.0,1.62,1.66,0.10229469367380996,0.10542500099194156,883567.0,917062.0,893537.0,2694166.0,1.69,1.0306008767973176,1.0246913580246912,0.03790883996346617,-0.025652573108470356,1.7412697554571395
2021,3032,偉訓,2143368.0,0.044897563087626574,0.85,1132856.0,1.19,1.51,0.06461661072059552,0.06013603760657074,616461.0,622145.0,629607.0,1868213.0,0.68,0.9306591128185455,1.2689075630252102,0.009220372416097744,0.01199398853964917,0.6890727635348716
2021,2330,台積電,372145122.0,0.36103910559923985,5.18,259303805.0,4.66,5.3,0.38887295793221854,0.3852411479824867,124557799.0,137427162.0,152685418.0,414670379.0,6.02,0.9906606775409544,1.1373390557939913,0.10332041111291623,0.11102794948206829,5.719700566226179
2021,3686,達能,61278.0,-0.19786872939717354,-0.11,1135136.0,-0.16,-0.14,-0.9886068570822956,-0.5231633293797531,26146.0,24209.0,26124.0,76479.0,-0.53,0.5291924951074893,0.8750000000000001,-0.07408398990285325,0.07910281300342858,-0.07054807126502192
2021,2025,千興,232841.0,0.034817751169252835,0.03,2811673.0,-0.22,-0.11,-0.44164647896173526,-0.1345579560536794,223154.0,287355.0,354535.0,865044.0,0.46,0.30467344915782213,0.5,0.28769818152486626,0.23378747542238698,0.03263688597008831
2021,8105,凌巨,2686477.0,-0.003346017851632454,-0.02,4415449.0,-0.34,-0.69,-0.08547209676133051,-0.17060457892604838,891996.0,924132.0,879901.0,2696029.0,0.27,1.9960266027220444,2.0294117647058822,0.036027067385952405,-0.04786221016045322,-0.0407797224302894
2021,8464,億豐,7424593.0,0.16493173430516664,4.18,2930202.0,4.12,5.04,0.20094328874889072,0.211654991109368,2396907.0,2479778.0,2632539.0,7509224.0,4.7,1.053307091902249,1.2233009708737863,0.034574140757234195,0.061602691853867464,4.452016170514988
2021,6271,同欣電,3434584.0,0.18294384414531717,3.53,1787083.0,1.7,1.82,0.1443786230645678,0.13561874985440014,1243909.0,1219107.0,1313566.0,3776582.0,5.18,0.9393270760987231,1.0705882352941176,-0.019938757577925736,0.07748212421059031,3.6315233166205108
2021,2885,元大金,33324402.0,0.3076506219076339,0.84,121374360.0,0.56,0.7,0.26122298439073766,0.26737024876288984,10264017.0,10141234.0,7945761.0,28351012.0,0.71,1.023532632040361,1.2499999999999998,-0.011962470444076612,-0.21648972896197838,0.735531206840718
2021,6128,上福,1216350.0,0.08812348419451638,0.84,1275887.0,-0.18,0.39,-0.0316572383700176,0.04785479988707175,360322.0,320197.0,448819.0,1129338.0,0.48,-1.5116542803807795,-2.166666666666667,-0.11135872913671663,0.4016964556195093,-1.1791141931178915
2021,6120,達運,4790925.0,-0.049865527012007076,-0.36,6655551.0,-0.63,-0.3,-0.12730317601601376,-0.05267898228226291,1765429.0,1800670.0,1881514.0,5447613.0,-0.24,0.4138072900524987,0.47619047619047616,0.0199617203523903,0.04489662181299181,-0.16889655160938433
2021,6278,台表科,15754972.0,0.05567582094084331,3.0,2923984.0,1.77,2.65,0.05397221091476924,0.06755928572007266,5925520.0,6342367.0,6478770.0,18746657.0,3.83,1.2517420460458732,1.4971751412429377,0.07034775007087979,0.021506639398193084,4.468176410325689
2021,1536,和大,1676251.0,0.052958059383708046,0.32,2795175.0,-0.09,0.17,-0.029834528377585975,0.03276109310379067,526374.0,625075.0,606815.0,1758264.0,0.66,-1.098093212306428,-1.888888888888889,0.187511161265564,-0.02921249450065988,-0.3658022311731895
2021,2611,志信,171474.0,2.0557927149305435,2.05,1718202.0,,-1.34,0.31758276607199487,-1.5389557008180963,64574.0,76054.0,74110.0,214738.0,-0.95,-4.845841352956856,1.0,0.17778053086381518,-0.025560785757488103,-12.450396953375387
2021,5283,禾聯碩,1829641.0,0.15093015515065525,3.78,730004.0,3.74,4.88,0.16412551112417104,0.18457395074346378,677277.0,611845.0,420727.0,1709849.0,3.18,1.1245902570492057,1.3048128342245988,-0.09661039722299736,-0.3123634253773423,3.975601575599492
2021,1321,大洋,1651080.0,-0.03490503185793541,-0.26,2272283.0,0.57,0.68,0.11585963554622003,0.10458877412978393,497611.0,545282.0,597581.0,1640474.0,0.65,0.902719688670695,1.192982456140351,0.09579973111526874,0.09591184011208886,-0.22748244408997653
2021,1446,宏和,29883.0,-0.41170565204296755,-0.09,1377095.0,-0.29,0.15,-0.3599206845424177,0.1382489079273731,13694.0,15769.0,10204.0,39667.0,-0.17,-0.3841093714942634,-0.5172413793103449,0.15152621586096093,-0.3529076035259052,0.045551972450159225
2021,3051,力特,915633.0,0.11353020260300797,0.32,3253324.0,-0.15,0.04,-0.09267066660018577,0.019675045874248388,317833.0,262526.0,207168.0,787527.0,0.27,-0.21231147455897276,-0.26666666666666666,-0.17401276771134522,-0.21086673319975924,-0.05834760239043522
2021,2352,佳世達,55983875.0,0.06797139354858876,1.94,19667820.0,0.48,1.04,0.0217217491942119,0.03958108974398035,18697083.0,17790818.0,20714966.0,57202867.0,0.71,1.8221870342986628,2.166666666666667,-0.04847092993062074,0.16436276285890838,3.6023067939504707
2021,3015,全漢,4201121.0,0.035681428837684034,0.8,1872620.0,1.41,1.55,0.07408394528983113,0.06519780478831888,1411090.0,1478312.0,1485066.0,4374468.0,1.5,0.8800530875245925,1.0992907801418441,0.04763835049500731,0.0045687243288290436,0.7335448873453859
2021,1201,味全,4941992.0,0.020062760117782467,0.19,5060629.0,0.16,0.43,0.017926147469000713,0.04016420360634124,1802387.0,1917771.0,1821712.0,5541870.0,0.4,2.240537386842114,2.6875,0.06401732813208261,-0.0500888792248918,0.4922601840902663
2021,3419,譁裕,460859.0,-0.0022631650895393166,-0.01,1204804.0,0.11,0.95,0.02796711587491545,0.4032830865356327,145357.0,128079.0,141440.0,414876.0,-0.05,14.419902586285255,8.636363636363637,-0.11886596448743436,0.10431842846992878,-0.11237778642963604
2021,2401,凌陽,2101911.0,0.1357792979816938,0.48,5919949.0,0.08,0.36,0.029884810989733737,0.10497726143122645,720288.0,721015.0,690950.0,2132253.0,0.52,3.5127296427368755,4.5,0.0010093184948243294,-0.04169816161938378,1.717904642430593
2021,6282,康舒,4922636.0,0.03572801239010969,0.34,5166213.0,2.06,0.67,0.2102555242823591,0.06166940511607132,1847607.0,1990302.0,1985382.0,5823291.0,0.48,0.29330694319000833,0.32524271844660196,0.07723233349949421,-0.0024719866633304832,0.11812107351241558
2021,3257,虹冠電,335327.0,0.29779290066114567,1.38,727390.0,0.59,1.02,0.1777507085173838,0.23522507020450462,127619.0,130984.0,120418.0,379021.0,1.49,1.3233425181059117,1.728813559322034,0.026367547152069903,-0.0806663409271361,2.053442532732189
2021,2834,臺企銀,5954871.0,0.23462405818698676,0.18,74885834.0,0.12,0.16,0.19237795176222547,0.2107682319889619,2130234.0,2416180.0,2030436.0,6576850.0,0.17,1.0955945317967954,1.3333333333333335,0.13423220172056216,-0.159650357175376,0.22575670841003576
2021,1527,鑽全,1197599.0,0.08901393538237758,0.77,1385706.0,0.43,0.83,0.07582454860894942,0.12189342088808154,433095.0,383380.0,364062.0,1180537.0,0.81,1.6075719951426746,1.9302325581395348,-0.11479005760860783,-0.05038864833846313,1.2190932864700355
2021,1440,南紡,5310445.0,0.19076894685850243,0.61,16568159.0,-0.1,0.19,-0.04886055199863025,0.08252680734781236,1721379.0,1414727.0,1233678.0,4369784.0,0.27,-1.689027323107727,-1.9,-0.17814322121973136,-0.12797451381079172,-0.8498261170177708
2021,6605,帝寶,3958586.0,0.05784666545074428,1.38,1658164.0,-0.49,1.42,-0.030342195412570747,0.06182416973017358,1242984.0,1382546.0,1345578.0,3971108.0,1.8,-2.03756415412709,-2.8979591836734695,0.11227980408436466,-0.02673907414292187,-2.8227592380827065
2021,1227,佳格,7407505.0,0.11010319939034803,0.9,9150897.0,1.08,1.04,0.12274986557916143,0.09907492983930667,2558217.0,2813843.0,3294742.0,8666802.0,0.65,0.8071286218673145,0.9629629629629629,0.09992350140742556,0.1709047022168615,0.8416623395670225
2021,2511,太子,2678022.0,0.28557233659768294,0.47,16233261.0,0.08,0.14,0.05749852161470412,0.0788971787550913,810251.0,839679.0,788779.0,2438709.0,-0.26,1.3721601275903916,1.7500000000000002,0.036319609602456504,-0.06061840298495025,0.588674386815362
2021,1708,東碱,1147618.0,0.11363275933280935,0.57,2284419.0,0.07,0.24,0.018013667039009036,0.05464576196591608,390366.0,403997.0,426915.0,1221278.0,0.52,3.0335723341382597,3.428571428571428,0.03491851237044208,0.05672814402087134,1.8428783919193532
2021,1721,三晃,686474.0,0.02170948936157815,0.08,1889952.0,2.81,-0.09,0.9113365747468767,-0.03315381321967661,180460.0,194246.0,225462.0,600168.0,-0.45,-0.036379329150577615,-0.03202846975088968,0.07639366064501818,0.1607034379086314,-0.0025079932082096813
2021,2450,神腦,6615724.0,0.016382031656701518,0.42,2582527.0,0.24,0.51,0.010469896749447191,0.01959536107401318,2367247.0,2384301.0,2616877.0,7368425.0,0.61,1.8715906701799911,2.125,0.007204148954460532,0.09754473113923123,0.8747993044986223
2021,1417,嘉裕,296530.0,0.12768353960813408,0.18,1899419.0,-0.14,-1.23,-0.11285482873915378,-0.9647465891740137,99009.0,74018.0,78757.0,251784.0,0.13,8.548562785947546,8.785714285714285,-0.2524113969437122,0.0640249668999433,1.4468895170317204
2021,1339,昭輝,464729.0,-0.008032638376344063,-0.05,741389.0,-0.27,0.52,-0.048047172984984815,0.06357358063980018,159753.0,168902.0,132849.0,461504.0,0.32,-1.3231492445906756,-1.9259259259259258,0.05726966003768319,-0.21345513966678897,0.06616013464581838
2021,4968,立積,1734916.0,0.14505659063608844,3.98,631921.0,2.96,4.93,0.1540067018672114,0.18369944591842005,403351.0,340232.0,282391.0,1025974.0,-1.97,1.19280163584576,1.6655405405405406,-0.15648653406090474,-0.17000458510663308,2.8091780014804977
2021,5515,建國,1435637.0,0.07024129358605274,0.39,2574401.0,0.25,0.37,0.030558755283493267,0.06822250612067013,390107.0,377283.0,528469.0,1295859.0,0.51,2.232502779899594,1.48,-0.03287303227063343,0.40072306464908314,0.7893435477327707
2021,9904,寶成,64897672.0,0.0569262022218609,1.25,29467872.0,-0.18,1.14,-0.008294766340917414,0.05654417870164656,17125661.0,13434610.0,15073332.0,45633603.0,0.87,-6.8168500928975755,-6.333333333333333,-0.21552750577043422,0.12197763835347653,-6.00941144824191
2021,3454,晶睿,1525000.0,0.0566544262295082,1.0,869574.0,0.54,0.76,0.032754148471304284,0.049683139780278086,409710.0,416567.0,407234.0,1233511.0,-0.25,1.5168502952780223,1.4074074074074074,0.016736228063752412,-0.022404559170553617,1.219026219399984
2021,2495,普安,311235.0,0.010387649203977702,0.02,2735515.0,0.61,0.03,0.556112221128772,0.03401376635049791,78501.0,100707.0,98023.0,277231.0,0.09,0.06116349373056084,0.04918032786885246,0.2828753773837276,-0.02665157337623003,0.0006438908456890262
2021,5471,松翰,1574640.0,0.2526641010008637,2.37,1678770.0,1.98,1.72,0.22268950118082959,0.18950758909929968,537682.0,601480.0,557554.0,1696716.0,3.06,0.8509947172831227,0.8686868686868687,0.11865377676768052,-0.0730298596794573,2.1731432769282777
2021,6115,鎰勝,1850794.0,0.049822940856735,0.49,1876622.0,0.76,0.7,0.09121144549982885,0.07369038593250649,664488.0,688365.0,728268.0,2081121.0,0.73,0.807907226211482,0.9210526315789473,0.03593292881135546,0.05796779324922108,0.44638683687181113
2021,2368,金像電,6377010.0,0.1137733828236117,1.34,5464879.0,1.36,1.06,0.11643894667910025,0.08981507042658768,2318359.0,2444041.0,2305843.0,7068243.0,1.46,0.7713490459005388,0.7794117647058824,0.054211621237262975,-0.05654487792962559,1.1350697221355477
2021,2891,中信金,37980281.0,0.36178068298125543,0.71,199969796.0,0.31,0.87,0.14698067807905335,0.3408784664561878,15537158.0,18591277.0,16677331.0,50805766.0,0.61,2.31920597258945,2.806451612903226,0.1965687032338861,-0.10294860326162636,2.131735389714453
2021,2617,台航,809615.0,0.3235463769816518,0.63,4172945.0,0.27,0.17,0.1896708787378969,0.11082400141419886,293374.0,288747.0,277292.0,859413.0,1.16,0.5842963461320003,0.6296296296296297,-0.015771677108400883,-0.03967140784146672,0.3893399507618956
2021,6142,友勁,624547.0,-0.2698275710234778,-0.51,3307792.0,-0.32,-0.31,-0.123452410310102,-0.0729588785997226,211041.0,171532.0,152567.0,535140.0,-0.65,0.5909878828323892,0.96875,-0.18721006818580277,-0.11056246064874198,-0.25798480198419277
2021,8271,宇瞻,2286531.0,0.07392858439268919,1.68,1018243.0,0.57,0.24,0.03367599303846279,0.014184997976261072,715132.0,689968.0,722795.0,2127895.0,1.11,0.4212198868214452,0.4210526315789474,-0.03518790936498439,0.0475775688147857,0.6507587530213182
2021,2505,國揚,2275521.0,0.2337688819395646,1.4,3800000.0,6.57,0.31,0.4565641955580518,0.3877108121531452,134158.0,298808.0,50369.0,483335.0,-0.07,0.8491923281002179,0.0471841704718417,1.227284246932721,-0.8314335626890846,0.252497690488236
2021,2014,中鴻,13397363.0,0.17024439809535652,1.59,14355444.0,-0.25,0.17,-0.046317059537766936,0.027038342453215975,5201624.0,5341704.0,5091940.0,15635268.0,1.02,-0.5837663859289018,-0.68,0.026930051076356154,-0.046757364316704964,-1.0824319800484583
2021,3305,昇貿,1823254.0,0.07930217073430251,1.2,1280122.0,0.31,0.59,0.029723064049303593,0.04605765794015766,641614.0,710965.0,806854.0,2159433.0,1.45,1.5495595563014233,1.9032258064516128,0.10808835218682877,0.13487161815279225,2.072916080846693
2021,8028,昇陽半導體,708152.0,0.057837865317050575,0.31,1324080.0,0.31,0.1,0.07003414540308064,0.023931372499294147,225562.0,241587.0,241827.0,708976.0,0.37,0.3417100667332689,0.32258064516129037,0.07104476817903715,0.0009934309379229234,0.1058247709251299
2021,2426,鼎元,831182.0,0.023952636125421388,0.07,3006223.0,1.78,-0.13,0.8274735456945083,-0.05562293962712549,277533.0,287718.0,266958.0,832209.0,0.36,-0.06722020288931473,-0.07303370786516854,0.03669833857595317,-0.07215398410944052,-0.004457222877717568
2021,2417,圓剛,1282959.0,0.028112355889782916,0.22,1928923.0,0.81,4.0,0.13952968534525495,0.24919188855603905,405952.0,386044.0,345670.0,1137666.0,-0.29,1.785941736623528,4.938271604938271,-0.04904028062431032,-0.10458393343763928,0.29611773330938773
2021,6670,復盛應用,6002504.0,0.09501401415142748,4.35,1310300.0,0.61,1.01,0.0310571594818665,0.043032488168009406,2143308.0,1615623.0,1330639.0,5089570.0,3.34,1.3855899536831435,1.6557377049180328,-0.24620119926767403,-0.17639263615335998,5.11367052850033
2021,2838,聯邦銀,4239310.0,0.3079788927915156,0.42,32933688.0,0.16,0.35,0.26920734140178215,0.28828421385183617,1450805.0,1518081.0,1253448.0,4222334.0,0.21,1.0708631211567983,2.1875,0.04637149720327671,-0.17432073782624247,0.4228313047550795
2021,2634,漢翔,5965772.0,0.06791945786731374,0.43,9418671.0,0.25,-0.01,0.05382271956691505,-0.002322619669743193,2020957.0,1792343.0,1880995.0,5694295.0,0.24,-0.043153145891403684,-0.04,-0.1131216547407985,0.0494615148997708,-0.01771972623330941
2021,1203,味王,1471991.0,0.08510242250122453,0.53,2400000.0,0.43,0.56,0.07251211204714314,0.08640830500477698,494155.0,540451.0,504898.0,1539504.0,0.44,1.1916396111672949,1.302325581395349,0.09368720340783754,-0.0657839471108389,0.6505136797138437
2021,2347,聯強,96566850.0,0.03453973076682112,2.0,16679470.0,1.07,1.26,0.02349428396381227,0.023396877834450405,31859885.0,33366645.0,36665574.0,101892104.0,5.01,0.9958540498824353,1.1775700934579438,0.04729332827158661,0.09886906519969263,2.1012267716223745
2021,9946,三發地產,304690.0,0.13341428993403132,0.13,3110040.0,0.07,0.13,0.05498581329129115,0.14078623715642752,330979.0,198644.0,186010.0,715633.0,0.3,2.5604101990926766,1.857142857142857,-0.39982899217170875,-0.0636012162461489,0.786024859861656
2021,2429,銘旺科,301065.0,0.033809974590204774,0.25,397482.0,-0.73,-0.55,-0.14554526872670434,-0.08606391415121399,68892.0,63744.0,75103.0,207739.0,-0.23,0.5913205898353133,0.7534246575342467,-0.07472565755094929,0.17819716365461846,0.1044884811118694
2021,6477,安集,306969.0,0.13344344217168508,0.37,1142177.0,0.82,1.34,0.1264804008117125,0.13971887411065514,77849.0,110114.0,138740.0,326703.0,0.4,1.1046681795280706,1.6341463414634148,0.41445619083096763,0.25996694334961945,0.42164678392237515
2021,9958,世紀鋼,2434865.0,0.17354966291765664,1.83,2309419.0,1.03,1.36,0.16641874573746057,0.14017940388446704,1086294.0,1073536.0,1086731.0,3246561.0,1.78,0.8423294098467231,1.3203883495145632,-0.01174451851892766,0.012291157446047363,2.055069773465976
2021,1442,名軒,999731.0,0.16485334554995293,0.45,3662113.0,0.06,0.14,0.04391604400166044,0.033705456191647255,1380621.0,243501.0,220093.0,1844215.0,0.85,0.7674975503342896,2.3333333333333335,-0.8236293667849468,-0.09613102204919077,0.6371689034705259
2021,6206,飛捷,1173873.0,0.12840912091853207,1.06,1430623.0,0.77,1.17,0.11628173829924088,0.13924184350441512,396388.0,495119.0,542066.0,1433573.0,1.4,1.1974523733562394,1.5194805194805194,0.24907666226020964,0.09481962922044995,1.540808735253178
2021,5469,瀚宇博,13375043.0,0.05488244037794869,1.39,5284413.0,1.7,2.4,0.07278492422622956,0.09829415967945865,4821050.0,6278364.0,6265446.0,17364860.0,2.67,1.3504741637697042,1.411764705882353,0.3022814532104001,-0.002057542378874455,2.435534177096435
2021,4994,傳奇,705301.0,0.052635683204759386,0.33,1106390.0,0.41,1.26,0.05492816897973121,0.1563454614576112,270558.0,255402.0,234330.0,760290.0,0.84,2.8463621555508887,3.073170731707317,-0.056017563701683204,-0.08250522705382102,1.0295358106914834
2021,4755,三福化,990197.0,0.11608094146922279,1.14,1007060.0,1.03,1.33,0.0992711798082567,0.11341750501599951,401711.0,386062.0,391210.0,1178983.0,1.55,1.1425018342188193,1.2912621359223302,-0.03895586628197889,0.0133346457304786,1.552637332537693
2021,1906,寶隆,79781.0,2.2042340908236295,1.17,1510000.0,0.59,0.07,0.28882578520326624,0.03182440613248834,44075.0,238127.0,352175.0,634377.0,-0.13,0.11018547429929551,0.11864406779661019,4.40276800907544,0.47893770970952465,1.020357924851785
2021,1776,展宇,376681.0,0.32804149930577864,1.78,703353.0,-0.03,0.23,-0.008658821408992257,0.04974100106240584,119189.0,129490.0,109335.0,358014.0,0.11,-5.744546366408412,-7.666666666666667,0.08642576076651376,-0.1556490848714186,-9.59204467914757
2021,2357,華碩,128079748.0,0.0887693345555302,15.31,7427603.0,7.15,14.15,0.05760415082911902,0.08246474352678579,37573755.0,45468278.0,56051076.0,139093109.0,15.25,1.4315764114189438,1.979020979020979,0.21010737414985536,0.2327512381269421,23.79766954595259
2021,4746,台耀,827344.0,0.9000234485292695,6.86,1182628.0,5.23,0.89,0.678136667568017,0.12383840888252817,191628.0,212957.0,279555.0,684140.0,-4.01,0.18261570978995498,0.1701720841300191,0.11130419354165366,0.31272979991265837,0.9507991529151499
2021,2431,聯昌,385331.0,-0.06493118902969136,-0.22,1109270.0,-0.08,0.33,-0.021261219526318837,0.05436557742568994,103085.0,113768.0,104581.0,321434.0,-0.19,-2.5570300592772623,-4.125,0.10363292428578363,-0.08075205681738273,0.4811092803356319
2021,1525,江申,372689.0,0.18473848168311918,0.94,734001.0,1.25,1.28,0.3666170251738116,0.3489101213127695,120926.0,91644.0,93896.0,306466.0,0.69,0.9517019051348001,1.024,-0.2421480905677853,0.02457334904630959,0.7340809552078742
2021,1101,台泥,27985712.0,0.2691763568495238,1.25,63235800.0,1.39,1.21,0.2604680329101981,0.2506860002869636,8319971.0,8964476.0,9597804.0,26882251.0,0.59,0.9624444024322667,0.8705035971223022,0.07746481327879629,0.07064863579310154,1.1013241851688111
2021,2101,南港,1927349.0,0.12398844215552035,0.28,8339349.0,0.72,0.28,0.29201539976903396,0.07632321940486965,740111.0,734327.0,675371.0,2149809.0,-0.19,0.2613671041501119,0.38888888888888895,-0.007815043959622292,-0.08028575825211381,0.08354103601872356
2021,1451,年興,1854676.0,0.005471575628303812,0.06,1980000.0,-0.78,-0.2,-0.14076928951080092,-0.01983581254806686,757841.0,815573.0,753483.0,2326897.0,0.45,0.14091008498373433,0.25641025641025644,0.07617956800964842,-0.07613052418361077,0.00906079808896973
2021,1519,華城,2379236.0,0.02705406273274278,0.24,2610585.0,0.48,0.66,0.06969122913757105,0.07309854949396703,641898.0,705918.0,634517.0,1982333.0,0.18,1.048891666836151,1.3750000000000002,0.09973547199087696,-0.1011463087780734,0.2154774861563623
2021,3591,艾笛森,579183.0,0.06325979871646785,0.31,1225616.0,0.11,0.22,0.026233089413435967,0.05388644572269413,161022.0,146792.0,177618.0,485432.0,0.2,2.054140283419869,2.0,-0.08837301735166625,0.20999782004468903,0.5146735922480622
2021,2546,根基,2531513.0,0.11158425810967591,2.67,1060357.0,2.09,1.19,0.0551058825978176,0.03682623554069125,620795.0,746489.0,990261.0,2357545.0,1.45,0.6682813849378343,0.569377990430622,0.20247263589429676,0.3265580604670666,1.6579452225975193
2021,3321,同泰,585309.0,-0.032616959588866734,-0.12,1561448.0,-0.63,-0.09,-0.16454840002672189,-0.022188739377468895,198685.0,169711.0,197797.0,566193.0,-0.1,0.13484627850447375,0.14285714285714285,-0.14582882452122703,0.16549310298094988,-0.015948484139339077
2021,3432,台端,12802.0,0.26730198406498984,0.05,665860.0,0.08,0.04,0.7475469582282029,0.23348355547032315,2268.0,4331.0,2015.0,8614.0,0.26,0.31233296169609703,0.5,0.9096119929453264,-0.5347494804894943,0.01080045228872661
2021,1464,得力,2650789.0,0.0016357393968361872,0.01,3845657.0,-0.6,0.1,-0.1533104551812976,0.01976265336372961,809029.0,802061.0,829100.0,2440190.0,0.12,-0.12890610324233429,-0.16666666666666669,-0.008612793855350076,0.033711899718350535,-0.00133795248565259
2021,2228,劍麟,882888.0,0.11748035990975073,1.37,757803.0,-1.01,-0.12,-0.1496056037824354,-0.011066704773863461,307318.0,318942.0,275645.0,901905.0,0.49,0.07397252839510789,0.1188118811881188,0.03782401291170712,-0.1357519549008911,0.1034284951570702
2021,1437,勤益控,140441.0,0.7101772274478251,0.49,2033713.0,0.5,0.49,0.8302338561594526,0.7876502325286601,78640.0,48060.0,52406.0,179106.0,0.5,0.9487088808594503,0.98,-0.3888606307222787,0.09042863087806907,0.5933626125700101
2021,2365,昆盈,236360.0,-0.1626586562870198,-0.17,2245285.0,0.09,0.33,0.06435356595235424,0.1415340719958153,100339.0,116718.0,119985.0,337042.0,0.12,2.199319803048732,3.666666666666667,0.1632366278316506,0.027990541304683036,-0.5370047327195064
2021,2367,燿華,2859600.0,-0.1726489718841796,-0.8,6194072.0,-1.11,-0.67,-0.30586901729633137,-0.10898837758274123,1131471.0,1027403.0,1090477.0,3249351.0,-0.99,0.3563236922331082,0.6036036036036035,-0.09197584383514912,0.06139168369179382,-0.32272237288823563
2021,1512,瑞利,285413.0,-0.06054033978830677,-0.07,2367025.0,-0.2,-0.11,-0.2040047266086583,-0.07547123950269193,68620.0,62092.0,70408.0,201120.0,-0.18,0.369948484808728,0.5499999999999999,-0.0951326143981347,0.13393029697867687,-0.019029988355464586
2021,1720,生達,1149060.0,0.14461907994360607,0.93,1786961.0,0.73,0.64,0.11711560485497613,0.10923986297425459,358516.0,379426.0,382901.0,1120843.0,0.89,0.9327524125373895,0.8767123287671234,0.058323756819779415,0.009158571104774138,0.8460999802015007
2021,9931,欣高,287181.0,0.11539760638760921,0.3,1104306.0,0.41,0.38,0.14082698910285119,0.19328368314150304,80917.0,89293.0,93721.0,263931.0,0.51,1.3724903470054364,0.926829268292683,0.10351347677249523,0.0495895534924351,0.3785358972545419
2021,2022,聚亨,3292853.0,0.04540561027170056,0.31,4797520.0,-0.14,0.07,-0.031837355991129246,0.017090549029671852,747735.0,979911.0,766008.0,2493654.0,0.23,-0.5368080513480373,-0.5,0.31050572729643533,-0.2182881914786139,-0.12669163422957652
2021,3494,誠研,106025.0,-0.2532421598679557,-0.15,1794506.0,-0.66,-0.44,-1.451200215879402,-0.7180446731376448,41032.0,48556.0,45671.0,135259.0,-0.67,0.4947936647752786,0.6666666666666666,0.1833690777929422,-0.05941593211961449,-0.0944455275479001
2021,2466,冠西電,290983.0,0.002196004577587007,0.0,1563342.0,0.01,0.35,0.0032266986263482992,0.08772473850800945,205450.0,185588.0,247457.0,638495.0,0.27,27.18714967418224,35.0,-0.09667559016792404,0.3333674591029592,0.24383745919856642
2021,1730,花仙子,578204.0,0.080066896804588,0.73,632339.0,1.14,2.55,0.09553128287477576,0.19792301644636381,208792.0,241463.0,327257.0,777512.0,1.2,2.0718136561172855,2.236842105263158,0.15647630177401428,0.35530909497521357,2.0396742844718614
2021,2618,長榮航,24162958.0,0.005960859593432228,0.04,50786969.0,-0.13,-0.37,-0.03181814317143116,-0.09824254054437365,8318797.0,8977385.0,8517886.0,25814068.0,0.3,3.087626453091818,2.846153846153846,0.07916865864138778,-0.05118405860949482,0.09354870942380653
2021,3437,榮創,992209.0,0.03256874307731537,0.22,1445480.0,-0.3,0.39,-0.029943496630765624,0.03876359987679578,301957.0,300291.0,315526.0,917774.0,-0.1,-1.2945582259410509,-1.3,-0.005517341873180648,0.05073412123573462,-0.26769869252908457
2021,6668,中揚光,317543.0,-0.1082247128735321,-0.5,683309.0,0.47,0.32,0.06994346496016604,0.047883412728873635,135486.0,118453.0,74078.0,328017.0,-1.24,0.6846016673057881,0.6808510638297873,-0.125717786339548,-0.37462115775877347,-0.3556670281753566
2021,1447,力鵬,6128858.0,0.018129478607597043,0.12,9144872.0,-0.25,-0.11,-0.1040973620189804,-0.02767939570552061,2046479.0,1980684.0,1561857.0,5589020.0,0.01,0.2658991079953951,0.44,-0.032150342124204534,-0.21145573953240393,0.02946186446695925
2021,9929,秋雨,136881.0,0.024590702873298703,0.04,1012800.0,5.26,0.11,6.436542154269773,0.10600015692996699,43866.0,42896.0,46343.0,133105.0,0.02,0.01646849416804491,0.020912547528517112,-0.022112798066839967,0.0803571428571428,0.0005322252930085601
2021,1535,中宇,1924086.0,0.06141409479617855,0.95,1237426.0,0.35,0.46,0.021814170152146574,0.025080020834353536,635419.0,690125.0,679673.0,2005217.0,0.8,1.149712350248886,1.3142857142857145,0.0860943723747638,-0.01514508241260637,1.1441932794629017
2021,8261,富鼎,1030723.0,0.1352691266227687,1.72,813405.0,0.57,0.68,0.06025977245699189,0.06474656298388526,342722.0,341482.0,349951.0,1034155.0,2.38,1.074457475426009,1.192982456140351,-0.0036180927982446542,0.024800721560726435,1.8478500078490905
2021,1530,亞崴,962731.0,0.07265477064725245,0.72,965942.0,0.14,0.22,0.015348581673076367,0.026885673865695035,291536.0,337700.0,290088.0,919324.0,0.03,1.7516715510499838,1.5714285714285714,0.1583475111135504,-0.14098904352976016,1.2112515918792914
2021,9937,全國,4738969.0,0.0314403829187319,0.48,3090430.0,0.62,0.8,0.05046818566964646,0.05116929751293914,1628658.0,1797458.0,1900490.0,5326606.0,0.73,1.013892154710732,1.2903225806451615,0.10364361333072991,0.05732094991927483,0.5494285870942762
2021,1707,葡萄王,2503867.0,0.13012831751846243,2.2,1481374.0,2.09,2.23,0.12667874715223457,0.14003803486236924,861043.0,749006.0,793518.0,2403567.0,2.04,1.1054580031019752,1.0669856459330145,-0.13011777576729622,0.05942809536906246,2.3340253979251067
2021,1219,福壽,3442221.0,0.0136990042184973,0.15,3220139.0,0.23,0.42,0.025645926524220125,0.043676646942025284,1263633.0,1167521.0,1192316.0,3623470.0,-0.09,1.7030637166014209,1.826086956521739,-0.07606005857713438,0.02123730536752655,0.2625245647446189
2021,3308,聯德,95117.0,-0.3126149899597338,-0.31,985696.0,-0.01,-0.25,-0.0031405029062959097,-0.23875139787037486,31756.0,34012.0,45729.0,111497.0,-0.04,76.02330104256201,25.0,0.07104169290842677,0.3444960602140421,-26.882936740147176
2021,2425,承啟,1553955.0,-0.019432351644674394,-0.31,1014988.0,0.46,0.48,0.04372837844183899,0.02929383163496449,538355.0,572013.0,655699.0,1766067.0,0.39,0.6699043659697285,1.0434782608695652,0.06252008433097123,0.14630087078440535,-0.22650846495499813
2021,8454,富邦媒,22258273.0,0.039758340640354266,3.58,1820761.0,3.35,3.0,0.0296900917159569,0.02692589286281525,7173226.0,7224373.0,6509787.0,20907386.0,3.83,0.9068982716663002,0.8955223880597015,0.007130264681469711,-0.09891322056599239,4.140317245906266
2021,2013,中鋼構,3500605.0,0.02510137533369232,0.44,2000000.0,1.43,0.55,0.08478288836987435,0.03552916538869923,1492706.0,1404325.0,1308938.0,4205969.0,0.63,0.41906056837435723,0.38461538461538464,-0.05920857824648662,-0.06792373560251364,0.2212128683545729
2021,3702,大聯大,200226016.0,0.015920713320291005,1.66,18790568.0,1.19,1.35,0.0141538909529533,0.013277853627385846,59168492.0,68844648.0,73876307.0,201889447.0,1.9,0.9381062544229463,1.1344537815126052,0.16353561959970175,0.07308714832850915,1.6046793503503354
2021,3416,融程電,611139.0,0.1573406377272601,1.33,724760.0,0.8,1.05,0.15513815902825637,0.13685602482795844,189294.0,240233.0,253482.0,683009.0,1.54,0.8821557873651957,1.3125,0.26909991864507066,0.05515062460194886,1.3080321055393573
2021,3311,閎暉,406684.0,0.03356906099084302,0.2,680000.0,-0.14,0.22,-0.027210625584454695,0.029303697284295604,142058.0,152255.0,158786.0,453099.0,0.2,-1.0769211164713783,-1.5714285714285714,0.071780540342677,0.04289514301664976,-0.24088362429818297
2021,2374,佳能,700088.0,1.1294437270743107,2.8,2823628.0,-0.41,-0.33,-0.15564425224390038,-0.09251570864798438,297492.0,414252.0,343103.0,1054847.0,0.09,0.5944049157884018,0.8048780487804879,0.3924811423500465,-0.17175294265326424,2.508008374667187
2021,1234,黑松,2166950.0,0.0732725720482706,0.4,4018711.0,0.43,1.09,0.08072524026350114,0.15679189536882818,766210.0,853329.0,790834.0,2410373.0,0.61,1.9422908480300873,2.5348837209302326,0.11370120463058431,-0.07323670003011729,0.853597586918692
2021,6715,嘉基,490337.0,0.02772582937857025,0.24,570000.0,1.98,0.52,0.15027879033526836,0.05733549364971515,211115.0,272452.0,261705.0,745272.0,1.06,0.3815275164366245,0.26262626262626265,0.2905383321886177,-0.03944548030478767,0.13830897447754364
2021,3583,辛耘,1002016.0,0.14698068693513877,1.83,811390.0,1.29,1.18,0.1222023748222908,0.0982521816688085,457502.0,408817.0,423375.0,1289694.0,1.62,0.8040120481429992,0.9147286821705426,-0.10641483534498208,0.035610065139169755,1.878364440434796
2021,2527,宏璟,1140456.0,0.17125430529542568,0.74,2703060.0,0.1,0.56,0.056303836958363704,0.19960237537729308,2708515.0,176978.0,307616.0,3193109.0,3.93,3.5450936589791855,5.6000000000000005,-0.934658659819126,0.7381595452542125,7.171785136430382
2021,2542,興富發,15590624.0,0.15764673691059447,1.97,12909636.0,1.45,0.45,0.2069307408186704,0.09520514744521917,3393299.0,2595467.0,4450422.0,10439188.0,1.66,0.4600821853174811,0.3103448275862069,-0.23511986417937236,0.7146902657594953,0.5865068990556805
2021,2712,遠雄來,61601.0,-0.26631061184071686,-0.16,1050000.0,0.11,0.64,0.11300137084923617,0.3142736580480024,6188.0,32924.0,22359.0,61471.0,-0.14,2.7811490753266974,5.818181818181818,4.320620555914673,-0.32089053577937066,-0.43360443946848864
2021,6491,晶碩,1381345.0,0.21371706561358675,4.22,700000.0,2.0,2.9,0.1676181219003887,0.20122439224187946,432945.0,476039.0,604441.0,1513425.0,5.16,1.2004930610155753,1.45,0.09953689267689891,0.2697300011133541,5.54704540040602
2021,2851,中再保,5278827.0,0.08610719767857518,0.77,5903888.0,0.79,0.88,0.10466197904481558,0.11625022789628385,1586643.0,1574655.0,1744415.0,4905713.0,0.71,1.1107207121174945,1.1139240506329113,-0.007555574883574945,0.10780774201332988,0.7947094052840015
2021,2201,裕隆,17911454.0,0.052666243622656206,0.96,10000000.0,0.37,1.04,0.028649400276890453,0.03513631529926416,6404891.0,6219970.0,6762173.0,19387034.0,1.14,1.2264241121866089,2.810810810810811,-0.028871841847113444,0.0871713207619973,1.252230842031258
2021,9921,巨大,21372326.0,0.0865268478498784,4.93,3750646.0,4.06,3.95,0.07723437844501317,0.0761916346322418,6936813.0,6457931.0,6518236.0,19912980.0,3.41,0.9864989680273824,0.9729064039408868,-0.06903487235420647,0.009338130122480415,4.531872676938335
2021,6155,鈞寶,207675.0,0.030812567713976165,0.07,869204.0,0.11,0.1,0.06350826907467533,0.05453239068102788,71328.0,64930.0,67613.0,203871.0,0.32,0.8586659890998873,0.9090909090909092,-0.08969829519964112,0.04132142307099951,0.062056301610320476
2021,3588,通嘉,515937.0,0.14535495612836452,1.6,477742.0,0.23,0.41,0.03089284963049179,0.0489322905280809,185632.0,195607.0,207209.0,588448.0,1.84,1.5839358011112015,1.7826086956521738,0.053735347353904395,0.059312805778934274,2.8358423720227512
2021,2528,皇普,464108.0,0.12393451524214191,0.18,3299974.0,-0.36,-0.31,-1606.5079365079366,-1366.2698412698412,136494.0,24601.0,14997.0,176092.0,0.05,0.8504594407667225,0.8611111111111112,-0.8197649713540522,-0.3903906345270517,0.05624384294525043
2021,2107,厚生,578177.0,0.26278630938276687,0.44,3423260.0,0.5,1.09,0.2967243700011953,0.4273553181226622,177282.0,179715.0,213984.0,570981.0,0.6,1.4402434087936244,2.18,0.013723897519206663,0.1906852516484434,0.6312776350812
2021,1734,杏輝,608390.0,0.008721379378359276,0.03,1677221.0,0.05,-0.06,0.014648603314587375,-0.015269479336555586,163286.0,192807.0,211669.0,567762.0,-0.2,-1.042384656655282,-1.2,0.18079320946070077,0.09782839834653312,-0.030774373431595326
2021,2433,互盛電,973898.0,0.09827312511166467,0.67,1444960.0,0.69,1.86,0.0975817940049672,0.2654670754162779,324156.0,310923.0,320498.0,955577.0,1.82,2.720457008637952,2.695652173913044,-0.04082293710435714,0.030795405936518083,1.7680172469798776
2021,2892,第一金,15393283.0,0.3822280796110875,0.46,128358011.0,0.44,0.36,0.4035643559144811,0.3004771042022594,5315527.0,5587879.0,5146169.0,16049575.0,0.42,0.7445580854666294,0.8181818181818181,0.05123706454693955,-0.0790478820318049,0.3558457067279875
2021,3596,智易,9548362.0,0.0399435002569027,1.85,2084245.0,1.72,2.8,0.044110834803845464,0.060091367186960176,3020532.0,3101338.0,3359418.0,9481288.0,2.35,1.3622813409489491,1.627906976744186,0.026752240995957077,0.08321569593510936,2.4753208393108888
2021,2379,瑞昱,25839083.0,0.16659546315943177,8.43,5106849.0,3.97,4.92,0.11695113064156443,0.11197978863281065,9563140.0,9626664.0,9765046.0,28954850.0,9.57,0.9574921423890282,1.2392947103274559,0.0066425881039073875,0.014374865477801979,9.044127819057639
2021,2706,第一店,58273.0,0.3463696737768778,0.04,4999984.0,0.03,0.03,0.35265558622579823,0.22000397146654038,12720.0,14662.0,23017.0,50399.0,0.11,0.6238493875031836,1.0,0.15267295597484276,0.5698404037648344,0.021780754424003065
2021,1215,卜蜂,6109230.0,0.06399267992856711,1.46,2679910.0,1.74,2.02,0.08568820354096428,0.09480545807324643,2147399.0,2037783.0,2048288.0,6233470.0,1.07,1.1064003463198238,1.160919540229885,-0.0510459397624754,0.005155112197913203,1.6468432560759647
2021,3231,緯創,200878566.0,0.02066833750694935,1.49,29036121.0,1.01,0.99,0.012866942267792983,0.012794819008025435,67521122.0,70278501.0,82592571.0,220392194.0,0.3,0.9943946853676279,0.9801980198019802,0.040837280517939334,0.17521816522523714,1.5599904874332522
2021,9955,佳龍,336183.0,-0.014158955092910706,-0.04,1032082.0,-0.55,0.2,-0.16378514574999856,0.017564667440370697,89353.0,109319.0,92684.0,291356.0,-0.37,-0.10724212723894622,-0.36363636363636365,0.22345080747148938,-0.15216933927313647,0.004286535123193641
2021,4555,氣立,573462.0,0.14323180960551876,1.23,669926.0,0.71,0.69,0.10301910069990126,0.1091813965442714,193638.0,188963.0,172512.0,555113.0,1.07,1.059817022304642,0.9718309859154929,-0.02414298846300833,-0.08705937141133446,1.257838647401154
2021,1903,士紙,99594.0,0.10129124244432396,0.04,2600391.0,-0.17,-0.03,-1.0722383078961575,-0.2336929733282217,15714.0,14799.0,18869.0,49382.0,0.01,0.21794872614349275,0.1764705882352941,-0.05822833142420769,0.27501858233664445,0.004192337657316847
2021,6505,台塑化,144972645.0,0.09383999305524156,1.43,95259597.0,-0.91,1.67,-0.1083096197362852,0.1687155596053463,53822091.0,53503614.0,56679642.0,164005347.0,1.08,-1.5577153720614927,-1.835164835164835,-0.005917217151596765,0.05936099942706674,-2.516664599500931
2021,2882,國泰金,156168588.0,0.21569285111292674,2.3,147025102.0,0.41,2.37,0.0555270772801368,0.20406241460803065,48488824.0,46850550.0,35945071.0,131284445.0,2.32,3.67500730460791,5.7804878048780495,-0.03378663091519807,-0.23277163235010045,7.078084466139329
2021,2353,宏碁,79778071.0,0.03630700722257373,0.97,30478538.0,0.4,0.76,0.0182168999415286,0.02853620343553899,26101937.0,27103972.0,27928061.0,81133970.0,1.0,1.5664686926498257,1.9,0.03838929654914125,0.03040473182307002,1.513982193909887
2021,1617,榮星,1295739.0,0.05025780654900408,0.46,1442332.0,0.23,0.42,0.05137320273787248,0.07579341550154935,437288.0,393843.0,370723.0,1201854.0,0.32,1.4753492377782826,1.826086956521739,-0.09935099979875961,-0.05870359508738254,0.617852546801468
2021,4564,元翎,595811.0,0.12968038522283074,0.42,1827883.0,0.22,0.51,0.08478996500663741,0.1732549025518894,220875.0,228775.0,217003.0,666653.0,0.49,2.0433420692923616,2.3181818181818183,0.035766836445953576,-0.05145667140203258,0.9664220104876241
2021,4532,瑞智,6281919.0,0.03281974823298422,0.41,5049151.0,0.43,0.43,0.040706438281112395,0.04666294774470725,1996792.0,1540420.0,1633481.0,5170693.0,0.37,1.1463284363633124,1.0,-0.22855259836778197,0.06041274457615464,0.3852784386430651
2021,3563,牧德,715360.0,0.26412016327443527,4.22,447282.0,4.7,1.94,0.30418774866419146,0.18787384448069602,232713.0,235639.0,243760.0,712112.0,5.71,0.61762462592831,0.4127659574468085,0.012573427354724442,0.03446373478074505,2.5971261434926243
2021,2727,王品,3673251.0,-0.05710554492464577,-2.78,769879.0,0.86,3.64,0.01855161099222058,0.061356560925449985,1038113.0,1412361.0,1296139.0,3746613.0,-1.45,3.307344087323694,4.232558139534884,0.3605079601160952,-0.08228915978280338,-9.191238220499805
2021,2911,麗嬰房,741473.0,-0.22561172153267886,-0.9,1846778.0,-0.77,-0.2,-0.1576262945223471,-0.03757790453069423,218928.0,307827.0,302338.0,829093.0,-0.64,0.23839870527037418,0.25974025974025977,0.40606500767375575,-0.017831444285264175,-0.24146495479214264
2021,2477,美隆電,914415.0,0.11064013604326263,0.51,1982165.0,0.43,0.26,0.12206198561577816,0.06246793242928682,321142.0,313267.0,368848.0,1003257.0,0.32,0.5117722124062514,0.6046511627906977,-0.024521862602836175,0.1774237311941571,0.2865905050287534
2021,3576,聯合再生,3669683.0,-0.061255154736798795,-0.3,15079003.0,-0.24,0.05,-0.1945306291267549,0.040473554730298164,1213797.0,1054925.0,1235101.0,3503823.0,-0.06,-0.2080574915733494,-0.20833333333333334,-0.13088844345471273,0.17079508021897283,0.029613894913289154
2021,1808,潤隆,2139083.0,0.14017268147145295,0.81,3699966.0,0.07,0.37,0.014241069109248801,0.03753533252142564,1129769.0,374877.0,395448.0,1900094.0,0.68,2.6357102990988563,5.285714285714286,-0.6681826107814961,0.054873998671564284,1.8973104918345256
2021,2607,榮運,1729027.0,0.12987824944318394,0.21,10671411.0,0.19,0.17,0.12045151787233793,0.10410331966300486,596925.0,571705.0,532300.0,1700930.0,0.3,0.8642756978234187,0.8947368421052632,-0.04224986388574781,-0.06892540733420205,0.17891770639323032
2021,1733,五鼎,484485.0,0.046381208912556635,0.23,999502.0,0.27,0.23,0.050577980056096955,0.045349916501992764,172367.0,169558.0,167544.0,509469.0,0.64,0.8966336032339439,0.8518518518518519,-0.016296622903456015,-0.011877941471354903,0.21197818582456807
2021,3058,立德,1188126.0,-0.11445250756232925,-0.87,1619374.0,0.01,-0.14,0.0007709120024236391,-0.018282509324820916,418502.0,431714.0,454928.0,1305144.0,-0.34,-23.715429604602438,-14.000000000000002,0.031569741602190726,0.05377170997465908,21.87598301418
2021,1786,科妍,126802.0,0.24943612876768506,0.52,610050.0,0.38,0.51,0.2148588980610482,0.28111772486772485,31034.0,55141.0,41094.0,127269.0,0.23,1.3083829778734621,1.3421052631578947,0.7767931945608042,-0.25474692152844525,0.6808500022314509
2021,1436,華友聯,1421457.0,0.2425933390879921,3.61,956340.0,0.24,1.8,0.0816718120229826,0.20307292435833063,374053.0,119757.0,88834.0,582644.0,0.91,2.4864505798057417,7.500000000000001,-0.6798394879869964,-0.2582145511327104,3.6749349954257506
2021,8443,阿瘦,208437.0,-0.42883461189711997,-1.34,668000.0,-0.44,-0.71,-0.09322635524060477,-0.13880202068799616,59301.0,89158.0,80826.0,229285.0,-1.2,1.4888710422043925,1.6136363636363635,0.5034822347009325,-0.09345207384642995,-2.19152331406821
2021,2534,宏盛,815646.0,0.17859831348403596,0.31,4742280.0,-0.05,0.24,-0.08089025230853303,0.18900110380338234,327765.0,335209.0,375740.0,1038714.0,0.51,-2.336512724456477,-4.8,0.022711393833996896,0.12091262466103236,-0.9140170488929656
2021,2444,兆勁,384898.0,0.015824971810713486,0.06,1055576.0,-1.08,0.12,-0.31474191795317114,0.02446519418908958,141617.0,154346.0,144586.0,440549.0,0.12,-0.0777309687511329,-0.1111111111111111,0.08988327672525198,-0.063234550943983,-0.005133833006040549
2021,2355,敬鵬,4381593.0,0.02028052354474731,0.23,3974954.0,-0.26,0.06,-0.03473432236776264,0.00707306172666207,1600679.0,1572073.0,1684864.0,4857616.0,0.8,-0.20363321477164234,-0.23076923076923075,-0.017871165923960985,0.07174666825268283,-0.050468320562517335
2021,2103,台橡,8520715.0,0.11758719778797906,1.21,8257099.0,-0.14,-0.28,-0.021237001021978962,-0.04124365120127832,2643167.0,2695151.0,2334544.0,7672862.0,1.75,1.942065697439753,2.0,0.01966731576173575,-0.1337984402358161,2.122041406550658
2021,3023,信邦,6390201.0,0.09970218464176635,2.73,2333129.0,2.52,2.66,0.11102672943100421,0.10522153065682775,2200901.0,2217964.0,2238321.0,6657186.0,2.84,0.947713502830109,1.0555555555555556,0.007752733993941607,0.00917823733838774,2.6960856340162493
2021,2349,錸德,1918460.0,-0.04052990419398893,-0.11,6936797.0,-0.38,-0.28,-0.10273166783690928,-0.10833132743441544,659640.0,641364.0,673906.0,1974910.0,-0.13,1.0545076286155097,0.736842105263158,-0.027706021466254338,0.05073873806450013,-0.12167843814927748
2021,9907,統一實,10559475.0,0.04417691220444198,0.29,15791453.0,0.22,0.38,0.044436030033353516,0.06638181565802896,3905986.0,3802884.0,3977562.0,11686432.0,0.45,1.4938736788188103,1.7272727272727273,-0.026395895940231173,0.04593303398157822,0.48839260192914835
2021,3380,明泰,7555030.0,0.01537664311061637,0.21,5417185.0,0.39,0.45,0.02736518345871572,0.024826559942064813,2063004.0,1958472.0,2684480.0,6705956.0,0.21,0.9072316280838832,1.1538461538461537,-0.05066979996160936,0.37070124055896647,0.17268982490139856
2021,2382,廣達,260277568.0,0.03035490557526648,2.05,38626274.0,1.62,2.04,0.023140265799688687,0.024045218840610904,94756709.0,84717518.0,82114318.0,261588545.0,2.43,1.0391072880819887,1.2592592592592593,-0.10594702059566041,-0.030728001261793314,2.13611771907544
2021,1539,巨庭,739407.0,0.013030712449300588,0.14,653700.0,-0.16,-0.18,-0.0214000510594843,-0.01838433756619197,315567.0,241574.0,290452.0,847593.0,0.82,0.8590791449557876,1.125,-0.2344763552589466,0.20233137672100465,0.14514771852391578
2021,9919,康那香,1030780.0,0.07455713149265605,0.39,1953628.0,0.97,2.16,0.1451085201325884,0.3017959148656281,285197.0,319018.0,366076.0,970291.0,-0.07,2.0797945881459716,2.2268041237113403,0.11858820394323932,0.14750891799208832,0.7701401521294678
2021,2497,怡利電,530331.0,-0.018267836502109062,,1187985.0,-0.52,-0.02,-0.23914264427760903,-0.005900205150811278,191381.0,180444.0,201207.0,573032.0,0.07,0.02467232545928537,0.038461538461538464,-0.05714778374028773,0.11506617011371945,-0.0021740279303594933
2021,1517,利奇,1219403.0,0.08988250807977347,0.49,2278250.0,0.12,0.32,0.03655377749699239,0.07041355685244173,426869.0,443970.0,369236.0,1240075.0,0.5,1.9263004174667118,2.666666666666667,0.04006147084937073,-0.16833119354911363,0.9424227783227082
2021,4108,懷特,55210.0,-0.48203224053613475,-0.13,1986189.0,0.02,-0.17,0.12797735684737643,-1.22153989496866,17208.0,19215.0,11506.0,47929.0,0.04,-9.54496893091367,-8.5,0.11663179916318,-0.4011969815248504,1.110269479317631
2021,2474,可成,10401910.0,0.06550998806949877,0.89,7616181.0,3.63,0.77,0.12272287974366498,0.024021499400402588,3471053.0,3246947.0,3151666.0,9869666.0,2.64,0.19573774222522342,0.21212121212121213,-0.06456426911372426,-0.029344796819904984,0.16616796231753045
2021,1608,華榮,2624729.0,0.03976067624505235,0.25,6327735.0,1.72,0.47,0.41177708577951083,0.10001680162298662,906578.0,812890.0,988471.0,2707939.0,0.24,0.24289064417863548,0.27325581395348836,-0.10334245922579188,0.21599601422086634,0.04132902338898831
2021,3036,文曄,102096389.0,0.01959440504795914,2.53,9266280.0,1.07,1.51,0.010560958134759742,0.01253567863870298,36346555.0,40457022.0,42301092.0,119104669.0,2.85,1.1869830822871794,1.4112149532710279,0.11309096556743814,0.045580962434654815,2.9895097752528446
2021,1529,樂士,128198.0,0.408953337805582,0.54,959680.0,0.09,0.41,0.06103354184559958,0.17121610631413195,14822.0,35320.0,56280.0,106422.0,0.39,2.8052788866041594,4.555555555555555,1.3829442720280665,0.5934314835787089,1.272198187785677
2021,3017,奇鋐,12748781.0,0.062356706888289946,2.25,3533101.0,1.61,1.81,0.04888716968047081,0.06368439217721954,3840049.0,3912085.0,4020486.0,11772620.0,2.42,1.3026811041314965,1.124223602484472,0.018759135625613155,0.027709265008301287,2.7066890033700584
2021,2102,泰豐,334159.0,-3.440131793547383,-2.5,4733292.0,0.0,0.22,0.000358770563930437,0.05579135738547149,119970.0,125632.0,98938.0,344540.0,-0.98,155.50706494496305,inf,0.04719513211636239,-0.2124777126846663,-389.40503054757687
2021,9945,潤泰新,6354708.0,0.5952657462781925,2.6,21068334.0,1.52,1.06,0.3909757121872031,0.7265464661241092,2925757.0,3573571.0,1976853.0,8476181.0,-0.03,1.8582905369227423,0.6973684210526316,0.22141756817124603,-0.44681300581407224,4.450353765438046
2021,6283,淳安,657509.0,-0.07566284263789545,-0.34,1479073.0,-0.01,-0.08,-0.0016800097864647756,-0.025277090666920368,242102.0,167656.0,183059.0,592817.0,-0.44,15.045799655792868,8.0,-0.30749849237098414,0.09187264398530326,-4.56277410627932
2021,3501,維熹,1351678.0,0.0724255333000907,0.83,1182579.0,0.87,1.61,0.0935528273368367,0.13460319298092033,481416.0,539389.0,519467.0,1540272.0,1.02,1.4387934262668716,1.8505747126436782,0.12042183890855318,-0.03693438316317166,1.3572423569249423
2021,2630,亞航,1017041.0,0.035449898283353376,0.27,1502372.0,0.23,0.22,0.024795020976245818,0.024225315185816023,300238.0,337009.0,318361.0,955608.0,-0.01,0.9770233793721899,0.9565217391304347,0.12247283821501598,-0.05533383381452717,0.22030393042485533
2021,1103,嘉泥,550388.0,-0.2952299105358402,-0.25,7747805.0,0.22,0.93,0.28144913830397295,1.2172905125007667,192983.0,166022.0,201306.0,560311.0,1.38,4.325081682026892,4.2272727272727275,-0.13970660628138232,0.2125260507643565,-0.9234324580663456
2021,2405,浩鑫,438640.0,0.005610523436075141,0.0,3434273.0,0.05,0.02,0.0407751856653602,0.014160469849032367,153578.0,141691.0,192446.0,487715.0,0.05,0.3472815541600864,0.39999999999999997,-0.07740040891273492,0.35820906056136237,0.002767046099024215
2021,1717,長興,13211055.0,0.08130296936921388,0.87,12402795.0,0.52,0.73,0.07259182870462383,0.09063348328432723,4240587.0,4368209.0,4401398.0,13010194.0,0.79,1.2485356120881719,1.4038461538461537,0.030095361797788822,0.00759785074386321,1.0648085963982916
2021,3056,總太,25183.0,-1.6150974863995553,-0.19,2107907.0,-0.04,-0.13,-0.1496131769403544,-0.8184284293335745,8208.0,6641.0,7820.0,22669.0,-0.19,5.470296440933499,3.25,-0.19091130604288498,0.17753350399036294,-0.950146383092875
2021,2301,光寶科,40677351.0,0.0991803276471961,1.74,23508670.0,1.48,1.29,0.08241999101164543,0.07237838486603787,13707748.0,13542561.0,14612619.0,41862928.0,1.33,0.8781654059609307,0.8716216216216216,-0.012050630052434563,0.07901444933495227,1.5509700249760159
2021,2491,吉祥全,501981.0,0.4495727925957357,2.75,820080.0,-0.08,-0.31,-0.1109968301072368,-0.5776087741469579,-398742.0,121694.0,-113347.0,-390395.0,-3.66,5.203831258864922,3.875,-1.3051948377647702,-1.9314099298239849,-11.137077771208263
2021,3062,建漢,949420.0,0.011869351814792189,0.03,3286054.0,,-0.02,0.01198424721721378,-0.00522698582649455,258336.0,300929.0,353157.0,912422.0,0.17,-0.4361547064038097,1.0,0.16487442710268807,0.17355588859830728,-0.01437436333955689
2021,1737,臺鹽,986096.0,0.10836774512826337,0.54,2000000.0,0.41,0.48,0.10341784156287538,0.12706158763886521,315171.0,364313.0,444550.0,1124034.0,0.5,1.2286234726878829,1.170731707317073,0.1559217059945237,0.22024193481978416,0.7482871673856629
2021,4915,致伸,16448009.0,0.037151730644116254,1.37,4515183.0,1.13,1.73,0.030956989048156348,0.04089712560629085,5418310.0,5936946.0,6313656.0,17668912.0,1.5,1.3210950697650774,1.5309734513274338,0.09571914489942435,0.06345181512515019,1.9206470873364834
2021,2428,興勤,1960452.0,0.22176926545510933,3.39,1281127.0,2.64,3.27,0.22561618102893138,0.2587789893257418,648222.0,620597.0,646093.0,1914912.0,2.94,1.1469877211180959,1.2386363636363635,-0.042616572717371515,0.041083021671068254,3.8020407146205617
2021,1905,華紙,5741225.0,0.07107838483947242,0.37,11028353.0,0.04,-0.13,0.008064494625892241,-0.029746297680177784,1778229.0,1697469.0,1700864.0,5176562.0,0.14,-3.68855074745452,-3.25,-0.04541597285838883,0.0020000365249674967,-1.2306202994003852
2021,3346,麗清,1215744.0,0.002692178616550853,0.01,965043.0,0.3,0.75,0.021605959872342644,0.04525887162245144,370180.0,391088.0,546514.0,1307782.0,0.09,2.0947401499336493,2.5,0.056480631044356855,0.3974195066072086,0.07642275997304003
2021,1452,宏益,490889.0,0.22108867788848396,0.82,1326414.0,-0.15,0.37,-0.1340762812048476,0.15824356570925327,167154.0,171621.0,162067.0,500842.0,0.37,-1.1802502596822613,-2.466666666666667,0.0267238594350121,-0.055669178014345566,-0.9852858624807691
2021,4536,拓凱,1822619.0,0.09934824557408871,1.99,908200.0,2.35,2.39,0.11765639448187389,0.10649457166907686,659131.0,809690.0,880195.0,2349016.0,1.81,0.9051320341580192,1.0170212765957447,0.22842045056293814,0.08707653546419003,2.3258227545491605
2021,9938,百和,6008922.0,0.11423962567661887,2.31,2979639.0,0.82,1.23,0.08159255791597615,0.10716551102129565,1312886.0,1065271.0,1120644.0,3498801.0,1.17,1.3134226179261896,1.5,-0.18860358020422185,0.051980200343386906,1.7618821439438137
2021,1305,華夏,4575908.0,0.11946481441497513,0.87,5810505.0,-0.13,0.65,-0.02414720059325176,0.10962116391217507,1830303.0,1751859.0,1963157.0,5545319.0,0.86,-4.539704860977139,-5.0,-0.042858477530769545,0.12061358819402712,-5.175833378925674
2021,5525,順天,137399.0,-0.1458161995356589,-0.08,2645913.0,-0.09,0.0,-0.09730720574187385,-0.00907204501345146,40220.0,67454.0,31000.0,138674.0,-0.19,0.0932309682955732,-0.0,0.6771258080556937,-0.540427550627094,-0.007125009576216485
2021,2008,高興昌,388756.0,0.038281081192316005,0.07,2008523.0,-0.12,0.36,-0.1123605220525329,0.31470789151934697,174694.0,158453.0,152471.0,485618.0,0.26,-2.8008760173987874,-3.0,-0.0929682759568159,-0.0377525196746038,-0.2592364388648335
2021,8033,雷虎,308031.0,0.029945037999422136,0.09,1273614.0,-0.04,,-0.023382941921878037,-0.0705301999077522,80039.0,94973.0,137697.0,312709.0,0.17,3.0163099298365554,1.0,0.18658404028036335,0.44985416907963316,0.22177030244773507
2021,9930,中聯資源,2695550.0,0.06366233236259762,0.69,2485404.0,0.82,0.84,0.08201349609621056,0.08745268699524807,897124.0,848078.0,974316.0,2719518.0,0.65,1.0663206808383923,1.024390243902439,-0.05467025740031484,0.1488518744738101,0.7427887587314939
2021,8046,南電,12484947.0,0.1865282247493722,3.61,6461655.0,1.29,1.62,0.09149021916225006,0.09927006743440388,4881258.0,4724583.0,4507848.0,14113689.0,4.82,1.0850347539156828,1.255813953488372,-0.03209725853458267,-0.04587388982265739,4.420638307238893
2021,2515,中工,3884412.0,0.017983159355907663,0.04,15308998.0,0.18,0.08,0.08019353313946746,0.0374437693141135,1232352.0,1411598.0,2039610.0,4683560.0,0.09,0.4669175661458099,0.4444444444444445,0.14545032588091722,0.4448943679432813,0.02568830965661709
2021,8367,建新國際,563004.0,0.6376206918600934,4.43,811319.0,0.72,0.64,0.12071449682281661,0.1121877700904279,237935.0,296567.0,223351.0,757853.0,0.87,0.9293645174621888,0.888888888888889,0.24642024082207326,-0.24687844568006556,5.535308328449234
2021,2460,建通,1267006.0,0.07098545705387346,0.55,1692000.0,0.13,0.07,0.025001307964632638,0.011269086064502925,387464.0,350556.0,310820.0,1048840.0,0.39,0.4507398605082744,0.5384615384615385,-0.09525530113765412,-0.1133513618366252,0.198337224764159
2021,2351,順德,2764685.0,0.0810992934095566,1.23,1821403.0,0.38,0.51,0.033914271796418705,0.043575742420738,948072.0,972145.0,988659.0,2908876.0,1.3,1.2848792001879141,1.3421052631578947,0.025391531444869164,0.016987177838696965,1.6641732238340239
2021,2393,億光,6757793.0,0.09002081004848772,1.37,4433931.0,0.88,1.04,0.06942833101329468,0.07898210644009601,2147672.0,2242825.0,2230341.0,6620838.0,1.38,1.1376062954037005,1.1818181818181819,0.04430518254184057,-0.005566194419983739,1.5291811451688888
2021,3711,日月光投控,126926347.0,0.08075521152436539,2.38,43834978.0,1.62,1.58,0.06450650999058817,0.054488398548065906,46479676.0,50449730.0,53735410.0,150664816.0,3.29,0.8446961175859001,0.9753086419753086,0.0854148380896631,0.06512780147683639,2.3445640942698587
2021,2227,裕日車,6151868.0,0.11273551383092095,2.31,3000000.0,4.93,7.21,0.20570901435374817,0.3056963097617689,1605381.0,1504688.0,2183934.0,5294003.0,2.41,1.4860618078509544,1.462474645030426,-0.06272218246011385,0.4514198292270557,2.956382002858559
2021,2845,遠東銀,2755356.0,0.23589256705848535,0.19,35139632.0,0.37,0.2,0.36974789413067566,0.247483871056947,964022.0,961934.0,892677.0,2818633.0,0.21,0.6693313876440408,0.5405405405405406,-0.002165925673895397,-0.07199766304133137,0.12664754367077471
2021,3054,立萬利,15993.0,6.887325704995936,1.32,834110.0,0.21,-0.25,0.173187297194586,-0.4370655107548867,2694.0,3153.0,2032.0,7879.0,-1.04,-2.5236580155403554,-1.1904761904761905,0.17037861915367492,-0.3555344116714241,-1.6418326833050068
2021,4526,東台,2897312.0,0.03652626986669023,0.42,2548265.0,0.06,0.09,0.007554597006324757,0.011857897683532787,986628.0,885974.0,627477.0,2500079.0,0.46,1.5696267681261196,1.5,-0.10201818719922806,-0.29176589832207267,0.5624848929866066
2021,1714,和桐,4999883.0,0.041660574857451664,0.2,10168248.0,1.94,-0.14,0.21027768726114726,-0.024566064076565156,1642419.0,1673015.0,1842123.0,5157557.0,0.24,-0.11682677509219588,-0.07216494845360825,0.018628620345965352,0.10107978709097054,-0.024686842895030474
2021,1582,信錦,2525003.0,0.009784542830246143,0.2,1237242.0,2.95,2.11,0.13604896434353697,0.10100794441036198,834805.0,932727.0,858041.0,2625573.0,0.6,0.7424381721518072,0.7152542372881355,0.11729924952533821,-0.08007273296473671,0.15415949352607786
2021,6213,聯茂,8167579.0,0.10528872754092737,2.58,3329572.0,2.67,1.93,0.11584641195890572,0.10367765971522973,2951956.0,3166757.0,2820591.0,8939304.0,2.4,0.8949578839956422,0.7228464419475655,0.07276565097853771,-0.10931246066559575,2.5298791235066322
2021,2399,映泰,636806.0,0.23193248807329075,0.83,1781000.0,0.26,0.49,0.1175999168905181,0.12581685312293012,182185.0,277621.0,220126.0,679932.0,0.32,1.0698719561176369,1.8846153846153846,0.5238411504789089,-0.20709888661160358,0.9473161741105989
2021,1810,和成,1352322.0,0.05104997182623665,0.18,3698536.0,0.11,0.01,0.03301070705073951,0.003763608386370483,406366.0,431913.0,378269.0,1216548.0,2.88,0.11401174717601724,0.09090909090909091,0.06286697213841719,-0.12420093861495252,0.019144521085114927
2021,1736,喬山,6551785.0,0.0005219951509397821,0.01,3036166.0,-0.03,1.49,-0.0015686085021423143,0.060354350091342025,2043439.0,2275977.0,2889358.0,7208774.0,-1.67,-38.476362973242566,-49.66666666666667,0.11379737785174893,0.2695022840740482,-0.47686602263229705
2021,3002,歐格,136097.0,-0.012498438613635863,,1020000.0,0.23,0.29,0.11273818947043265,0.12625755376253334,39849.0,45942.0,48454.0,134245.0,-0.05,1.1199182313961706,1.2608695652173911,0.15290220582699687,0.05467763702059125,-0.018422137676486938
2021,9943,好樂迪,329774.0,-0.2712008830289835,-0.61,1473176.0,0.52,1.15,0.1265804869619597,0.24264998627374607,4359.0,5090.0,4451.0,13900.0,-1.67,1.9169620223270896,2.2115384615384612,0.16769901353521455,-0.1255402750491159,-0.04905290966805761
2021,3533,嘉澤,4859019.0,0.1459350128081409,6.85,1034779.0,8.69,7.46,0.18995588599584687,0.16663520167690396,1751493.0,1934779.0,2070444.0,5756716.0,8.91,0.877231051848255,0.8584579976985041,0.10464557951416298,0.07011911954802064,7.121979101643164
2021,3530,晶相光,1086136.0,0.22891240139356397,3.23,781109.0,0.17,1.2,0.023584144420886268,0.09982326732513319,400815.0,385797.0,327238.0,1113850.0,3.18,4.23264314972262,7.058823529411764,-0.037468657610119416,-0.15178707973364225,13.81643644920759
2021,4976,佳凌,437187.0,0.03144421037222058,0.12,1188070.0,-0.32,0.09,-0.15876299480863681,0.024413570803932576,118158.0,111096.0,140574.0,369828.0,-0.15,-0.15377368531854163,-0.28125,-0.05976743005128726,0.2653380859796932,-0.015051523990825816
2021,6257,矽格,4205367.0,0.16279791989617076,1.55,4439274.0,1.09,1.19,0.1588227522672481,0.15207816262383161,1563909.0,1589943.0,1526649.0,4680501.0,1.92,0.9575338574156712,1.091743119266055,0.016646748627957342,-0.03980897428398378,1.6435517446370536
2021,2489,瑞軒,4867342.0,0.16575905288759243,1.0,8093620.0,0.23,0.3,0.04614672255566851,0.05264924047787305,1928229.0,2193464.0,2463533.0,6585226.0,-0.12,1.1409096369598146,1.3043478260869563,0.13755368267980628,0.12312442784563604,1.5387085931318585
2021,3557,嘉威,1016906.0,0.14358062593789397,2.02,723004.0,1.32,1.83,0.11626844004782863,0.13068495294545318,364614.0,327030.0,442510.0,1134154.0,0.46,1.123993345844273,1.3863636363636362,-0.10307887245141434,0.35311745099837943,2.531575658818675
2021,1310,台苯,3430211.0,0.07277278278216705,0.48,5278698.0,0.27,0.03,0.07732330352401204,0.00542510517315329,1127532.0,1130863.0,1029947.0,3288342.0,-0.28,0.07016132169609869,0.1111111111111111,0.002954239879666476,-0.08923804209705333,0.03180657510149097
2021,2910,統領,90459.0,0.21995600216672748,0.12,2087250.0,0.2,0.21,0.33824544349939245,0.27629685981787094,27704.0,39030.0,53833.0,120567.0,0.16,0.8168531613002119,1.0499999999999998,0.4088218307825584,0.3792723545990264,0.10378481049952408
2021,2493,揚博,651864.0,0.13373341678632353,0.77,1144373.0,0.68,0.38,0.11629390363532757,0.06851624963686198,239327.0,238658.0,229939.0,707924.0,0.48,0.5891645864061289,0.5588235294117647,-0.0027953385953110033,-0.03653344953867044,0.4874113166139822
2021,6243,迅杰,214311.0,0.03070304370750918,0.08,749767.0,-0.22,-0.07,-0.10670779019242706,-0.028012510835458183,79497.0,82111.0,72470.0,234078.0,0.99,0.2625160804561971,0.31818181818181823,0.032881743965181176,-0.11741423195430578,0.025163533114926553
2021,1108,幸福,1028262.0,0.07736938640152023,0.2,4047380.0,0.33,0.25,0.12015497657703908,0.08710732116820571,310860.0,249977.0,269964.0,830801.0,0.09,0.7249580803867546,0.7575757575757576,-0.1958534388470694,0.07995535589274216,0.11513439329024477
2021,6625,必應,84822.0,-0.8299144089976657,-1.6,448734.0,-1.89,0.56,-1.5108390995883332,0.05375479575716543,5772.0,43987.0,38474.0,88233.0,-0.92,-0.035579431172923906,-0.29629629629629634,6.62075537075537,-0.12533248459772206,0.058059644799531726
2021,2059,川湖,1490057.0,0.25824850995633053,4.03,952971.0,1.75,3.11,0.14159941617236493,0.24742138091771793,554402.0,656393.0,547398.0,1758193.0,6.62,1.7473333408136298,1.7771428571428571,0.18396578655921147,-0.16605143564907,8.325310694499072
2021,4414,如興,3249578.0,-0.12594035287043426,-0.5,8189149.0,-0.14,0.04,-0.025919477506441784,0.0073744624722090184,1936302.0,1493036.0,1841650.0,5270988.0,0.17,-0.28451431825260515,-0.2857142857142857,-0.22892400049165884,0.2334933651968205,0.23063344569851998
2021,1455,集盛,2743880.0,0.19768320772045425,1.02,5316884.0,-0.28,0.05,-0.12919761408001196,0.02060541057708861,1007763.0,987059.0,995373.0,2990195.0,-0.16,-0.15948754722612524,-0.17857142857142858,-0.020544512946000237,0.00842300206978508,-0.17731230857029817
2021,2906,高林,1978892.0,0.003783935656923167,0.04,2091111.0,-0.04,0.07,-0.005408864266603877,0.007954937882881446,598991.0,752564.0,774517.0,2126072.0,0.16,-1.470722408768486,-1.7500000000000002,0.2563861560524281,0.029170940943228807,-0.05658161429965346
2021,2329,華泰,4148371.0,0.10220831261234832,0.76,7370410.0,-0.5,0.02,-0.07841473355602356,0.003509166448888381,1337611.0,1304574.0,1307591.0,3949776.0,0.65,-0.0447513660985821,-0.04,-0.02469851100207754,0.002312632322888586,-0.02451169448637245
2021,1476,儒鴻,9786767.0,0.15580272831671582,5.56,2743671.0,2.59,4.56,0.1299995223539277,0.16988392590784585,3464533.0,2544549.0,2049715.0,8058797.0,3.51,1.306804231521187,1.7606177606177607,-0.26554343687879434,-0.1944682535097575,5.980311057137976
2021,2540,愛山林,1064152.0,0.045526390966704,0.33,1612600.0,0.99,1.83,0.18158699513090676,0.1648948912148552,360344.0,356137.0,398046.0,1114527.0,0.61,0.9080765453273889,1.8484848484848486,-0.011674955042958901,0.11767662444508709,0.28572590739132947
2021,2105,正新,25528918.0,0.062176665693391316,0.49,32414155.0,0.69,0.79,0.10277151198183103,0.09107980188477444,8708488.0,7675711.0,7851718.0,24235917.0,0.29,0.8862358851047791,1.1449275362318843,-0.11859429558839607,0.02293038390840918,0.4120040754781403
2021,6005,群益證,3460917.0,0.3643011375308914,0.58,21709081.0,0.69,0.71,0.517404922191293,0.47194972703710053,1464586.0,1054617.0,820492.0,3339695.0,0.59,0.9121477334199249,1.028985507246377,-0.27992142489413385,-0.22200002465349977,0.5112002740067786
2021,1806,冠軍,824089.0,-0.01951852287799012,-0.04,4337821.0,-0.62,0.05,-0.23314267732371352,0.019531228682910858,304242.0,304326.0,291124.0,899692.0,2.62,-0.08377371705220736,-0.08064516129032259,0.00027609600252431754,-0.04338111104539211,0.0033913839890913947
2021,2344,華邦電,25234159.0,0.1322163738446762,0.84,39800002.0,0.18,0.08,0.05562295360277653,0.020651725198411523,9089871.0,8816083.0,9108776.0,27014730.0,1.12,0.37128062896287206,0.4444444444444445,-0.03012011941643611,0.03319989160719117,0.3332000597464664
2021,2406,國碩,2015464.0,-0.030200985976430242,-0.21,2859057.0,-0.17,0.69,-0.017674648309796426,0.0283028365189845,692289.0,613390.0,516702.0,1822381.0,-0.25,-1.6013238862182761,-4.0588235294117645,-0.11396829936630515,-0.15762891471983564,0.3082596411895973
2021,2423,固緯,616280.0,0.06721782306743689,0.28,1450472.0,0.14,0.43,0.04107460489460449,0.1069230246620015,214893.0,258115.0,248633.0,721641.0,0.63,2.6031418911115756,3.071428571428571,0.2011326567175291,-0.03673556360536967,0.8705508309633433
2021,1109,信大,1885382.0,0.08561448024856501,0.47,3419579.0,0.66,0.79,0.10789105076235381,0.13885192244522424,492134.0,591358.0,376885.0,1460377.0,0.31,1.2869642242252917,1.196969696969697,0.20161988401532915,-0.3626787834103876,0.4705502861977361
2021,3027,盛達,249628.0,0.0409048664412646,0.1,988563.0,0.08,0.29,0.03814126605835604,0.11776015775851444,97762.0,113125.0,103749.0,314636.0,0.15,3.087473750303456,3.6249999999999996,0.1571469487121786,-0.08288176795580116,0.4019595149400647
2021,6669,緯穎,51192867.0,0.04509522781757857,13.2,1748408.0,12.41,12.84,0.04166036516612311,0.04756907572629543,14165345.0,14352012.0,16746468.0,45263825.0,11.59,1.1418305033239866,1.0346494762288476,0.01317772352173563,0.16683765314577492,13.330323595290213
2021,3406,玉晶光,2538597.0,0.04659502867134878,1.06,1119471.0,4.44,9.44,0.15995232249823377,0.20268258861744487,1648049.0,2040679.0,2223208.0,5911936.0,8.71,1.267143767916736,2.1261261261261257,0.23823927565260505,0.08944522876944383,3.1180448054221714
2021,1410,南染,130968.0,0.1815939771547248,0.38,630000.0,0.19,0.22,0.11871918777761507,0.13690568375406537,40335.0,43566.0,37833.0,121734.0,0.33,1.1531891880065526,1.1578947368421053,0.08010412792859789,-0.131593444429142,0.40464422383196674
2021,1475,業旺,38439.0,-0.01584328416452041,-0.1,660168.0,-0.42,0.02,-0.41553049082796234,0.007409855934771231,34187.0,37495.0,63250.0,134932.0,1.21,-0.017832279696266752,-0.04761904761904762,0.09676192704829312,0.6868915855447393,0.000577447582645158
2021,2506,太設,218473.0,-0.23582776819103504,-0.14,3870000.0,-0.03,-0.18,-0.05035380158617087,-0.2456411437401104,35529.0,52085.0,94959.0,182573.0,-0.01,4.878303842059327,6.0,0.4659855329449183,0.8231544590573101,-0.5427369308181964
2021,2536,宏普,53262.0,-0.8722916901355563,-0.14,3328087.0,0.6,0.4,0.19539208579824008,0.09554702862825037,14679.0,14277.0,22220.0,51176.0,-0.08,0.4890015285824385,0.6666666666666667,-0.027386061720825694,0.5563493731176017,-0.06559090435088157
2021,3356,奇偶,320762.0,0.1403002849464712,0.5,898257.0,-0.12,0.48,-0.043483393340472354,0.14550298625846558,114664.0,107272.0,107776.0,329712.0,0.26,-3.3461736787464114,-4.0,-0.06446661550268606,0.0046983369378774675,-1.7232217805602499
2021,3040,遠見,43096.0,0.9696259513643958,0.66,630000.0,2.44,2.5,4.585511820401358,3.8308234151080884,13595.0,13708.0,15778.0,43081.0,0.48,0.8354189379829766,1.0245901639344261,0.008311879367414399,0.15100671140939603,0.553928579416773
2021,6533,晶心科,207370.0,0.2898731735545161,1.41,426509.0,-0.41,-0.69,-0.1738361641305736,-0.280686850946854,56370.0,89247.0,46610.0,192227.0,0.99,1.6146631648868048,1.6829268292682926,0.5832357637040979,-0.47774154873553176,2.1094835904864295
2021,1454,台富,419004.0,0.02127425991159989,0.07,1298338.0,-0.2,-0.14,-0.1042255989185671,-0.07416653770027123,150961.0,128509.0,114653.0,394123.0,0.04,0.711596176657316,0.7000000000000001,-0.14872715469558362,-0.10782124209199351,0.04595492677196004
2021,3049,和鑫,875950.0,0.3943181688452537,0.43,8069485.0,-0.11,0.09,-0.15314951430988172,0.10497747760606078,288888.0,301363.0,350762.0,941013.0,0.24,-0.6854574634409225,-0.8181818181818181,0.0431828251779236,0.16391859650985685,-0.31519339087579396
2021,1213,大飲,102751.0,-0.22640168952126988,-0.41,566226.0,0.15,-0.11,0.10307177509928561,-0.03901311680199875,52085.0,42312.0,34387.0,128784.0,-0.72,-0.37850436518065894,-0.7333333333333334,-0.1876355956609389,-0.18729911136320665,0.1949048555185388
2021,3518,柏騰,216778.0,0.05570675991106108,0.15,807522.0,-0.07,-0.05,-0.027410475541341163,-0.025056052894293242,61397.0,56438.0,51307.0,169142.0,0.02,0.9141050054568765,0.7142857142857143,-0.08076941870123944,-0.09091392324320491,0.10665987853998188
2021,1506,正道,243396.0,-0.045230817268977305,-0.07,1631618.0,-0.91,-0.39,-0.693654176834605,-0.35155855644238315,91323.0,82072.0,102895.0,276290.0,0.02,0.5068210762410054,0.42857142857142855,-0.10129978209213453,0.25371624914709034,-0.038818234603245495
2021,1533,車王電,704717.0,0.03952650496582316,0.29,985475.0,-0.1,0.24,-0.018265152017732475,0.033436179779829565,270505.0,238329.0,222603.0,731437.0,0.46,-1.8305995891722393,-2.4,-0.11894789375427439,-0.0659844164998804,-0.5370479823500562
2021,1432,大魯閣,135918.0,-0.5761562118336055,-1.07,750000.0,-0.52,0.65,-0.10862334118336307,0.15544972392677334,27002.0,59027.0,64585.0,150614.0,-0.64,-1.4310895083255115,-1.25,1.1860232575364789,0.09416029952394678,1.655812381176431
2021,4562,穎漢,207874.0,-0.22739736571192165,-0.7,675460.0,-0.33,-0.42,-0.12859229547535966,-0.18337942354241044,78704.0,79112.0,79711.0,237527.0,-0.36,1.4260529595845721,1.2727272727272727,0.00518398048383828,0.007571544139953534,-1.1403401917603877
2021,6189,豐藝,7997991.0,0.02287837033074931,1.01,1829444.0,0.9,0.74,0.02439497627575215,0.017880410390383798,2828268.0,2878559.0,2711829.0,8418656.0,1.29,0.7329546127969131,0.8222222222222222,0.017781553940432904,-0.05792134189363496,0.7716596858341392
2021,2908,特力,10215034.0,0.01903018629208674,0.39,5098875.0,0.51,0.52,0.023957447546173377,0.023444843935160005,3616618.0,3670740.0,3445020.0,10732378.0,0.36,0.9786035799504339,1.0196078431372548,0.014964809664719914,-0.06149168832442509,0.39198679315617435
2021,1805,寶徠,56647.0,-0.09176125831906368,-0.06,1002654.0,-0.15,-0.15,-0.25009693679720824,-2.836858006042296,7754.0,3595.0,6059.0,17408.0,-0.06,11.34303379470245,1.0,-0.5363683260252773,0.6853963838664812,-0.18071174254303893
2021,9942,茂順,977531.0,0.16234676956536417,1.91,831613.0,1.39,1.29,0.1614145340283706,0.14740829843761358,326411.0,336002.0,308967.0,971380.0,1.77,0.9132281632811624,0.9280575539568346,0.029383200933791986,-0.08046083059029407,1.7317724858254793
2021,3167,大量,1311148.0,0.09274696678025669,1.52,801341.0,0.82,0.54,0.1150936649934098,0.06245636863233925,401675.0,384221.0,428459.0,1214355.0,1.99,0.5426568754754266,0.6585365853658537,-0.04345304039335285,0.11513686133761558,0.7626992631577929
2021,2434,統懋,40624.0,-0.10400256006301693,-0.14,370000.0,-0.19,-2.26,-0.4061931335678758,-0.37472728859411814,13151.0,14297.0,10851.0,38299.0,-0.33,0.922534768873685,11.894736842105262,0.08714166223100905,-0.24102958662656504,-0.09931445946798793
2021,2880,華南金,12895342.0,0.40707264685186323,0.41,128547788.0,0.23,0.27,0.2630217907550492,0.2965045941340652,4698231.0,5084774.0,4211812.0,13994817.0,0.36,1.1273004920348912,1.173913043478261,0.08227415808205252,-0.1716815732616631,0.49959057154920167
2021,1907,永豐餘,22550442.0,0.07521129741048978,1.02,16603715.0,0.77,1.33,0.07301832586781982,0.11791200776124093,6959305.0,5862959.0,6964142.0,19786406.0,0.78,1.6148275978648035,1.7272727272727273,-0.15753670804771458,0.18782034805292014,1.4473410817859402
2021,2483,百容,521035.0,0.21204909459057453,1.01,1090938.0,0.23,0.05,0.05297761101964938,0.010349894490294212,196504.0,204464.0,192062.0,593030.0,0.2,0.19536355624747667,0.21739130434782608,0.04050808126043237,-0.060656154628687675,0.22519387237764169
2021,6184,大豐電,490997.0,0.18511111065851726,0.62,1582306.0,0.68,1.28,0.2022395951050983,0.3851165522409219,163633.0,165448.0,170624.0,499705.0,1.08,1.9042589164638482,1.8823529411764706,0.011091894666723778,0.031284754122141045,1.1132218051155491
2021,2323,中環,1955248.0,-0.14724986293298856,-0.24,11588812.0,0.97,-0.3,0.5832831583708996,-0.14598782176271421,724642.0,728228.0,810988.0,2263858.0,,-0.25028636549434385,-0.30927835051546393,0.004948650506042984,0.11364572633845449,0.07199500327007652
2021,5434,崇越,10381154.0,0.0590814855458266,3.38,1816996.0,2.99,2.87,0.05791059905621371,0.057530039265680497,3614942.0,3651032.0,3722789.0,10988763.0,3.26,0.9934284950123932,0.9598662207357859,0.009983562668502088,0.01965389511787352,3.5496281121036497
2021,2884,玉山金,14342992.0,0.3515829193797222,0.4,125866000.0,0.38,0.34,0.3437700564353962,0.31213441747835524,5588087.0,5084919.0,4548690.0,15221696.0,0.38,0.9079744196307389,0.8947368421052632,-0.0900429789299988,-0.10545477715574225,0.3860610565370288
2021,2543,皇昌,1987579.0,0.006997457711114879,0.06,2419837.0,0.01,0.05,0.0014396116253445998,0.007649077990610514,742951.0,754119.0,682361.0,2179431.0,0.11,5.313292735309465,5.0,0.015031946925167405,-0.09515474348212949,0.3348582764261673
2021,3605,宏致,2774620.0,0.06473354909861531,1.47,1223959.0,1.08,0.96,0.06416780000542453,0.0511409927753723,930648.0,967608.0,906925.0,2805181.0,1.06,0.7969884080652446,0.8888888888888888,0.039714263609871736,-0.06271444634604095,1.1824300050708187
2021,1515,力山,4985046.0,0.04700718910116376,1.29,1814735.0,0.72,1.39,0.06889325634887904,0.07137123001272193,1249931.0,1641095.0,1365823.0,4256849.0,1.37,1.035968305102234,1.9305555555555556,0.31294847475580645,-0.16773678549992532,1.1423147396324183
2021,2359,所羅門,948300.0,0.07775809343034905,0.43,1714711.0,0.21,-0.02,0.0371939799991889,-0.0038084835545571204,277879.0,323378.0,313120.0,914377.0,-0.09,-0.10239516057814123,-0.09523809523809525,0.1637367343340086,-0.03172139106556415,-0.04245798647706179
2021,2375,凱美,2123688.0,0.16983850735136236,2.65,1358442.0,0.93,0.89,0.15664824265025445,0.10480273420441068,740111.0,732197.0,666965.0,2139273.0,2.85,0.6690323008500118,0.9569892473118279,-0.010692990645997713,-0.08909077748201644,1.7894038182467589
2021,9912,偉聯,173568.0,0.0583056784660767,0.21,546246.0,-0.29,0.02,-0.13726877884205219,0.005182102989087019,43891.0,53328.0,43070.0,140289.0,0.0,-0.037751504987523686,-0.06896551724137932,0.21500991091567756,-0.19235673567356737,-0.005653019360014077
2021,3038,全台,1041617.0,0.05741457752705649,0.41,1624076.0,0.67,0.42,0.09507833676447386,0.06414458591567884,376495.0,378090.0,339649.0,1094234.0,0.48,0.6746498529373365,0.626865671641791,0.004236444043081544,-0.10167155968155728,0.2609783373695378
2021,6192,巨路,1513694.0,0.16508026060749398,2.34,1068398.0,1.7,1.86,0.1200926251068369,0.1289209539818039,461461.0,542079.0,593713.0,1597253.0,1.89,1.0735126646379254,1.0941176470588236,0.17470165409427874,0.09525179909201431,2.6493721351381136
2021,2314,台揚,1001669.0,-0.07926370886989614,-0.35,2280283.0,0.08,-0.25,0.016885358209779173,-0.05888450353358209,316031.0,319118.0,367905.0,1003054.0,-0.51,-3.4873114802787586,-3.125,0.009768029085754248,0.1528807525742828,1.215907938480705
2021,2468,華經,533955.0,0.025989081476903483,0.2,699612.0,0.1,0.28,0.014042176224017976,0.02937840878935813,184115.0,166050.0,161825.0,511990.0,0.15,2.0921549709017895,2.8000000000000003,-0.09811802406104875,-0.02544414333032219,0.39791380794912773
2021,2371,大同,7408737.0,0.1116695058820417,0.36,23395367.0,-0.08,,-0.021976652484711694,-0.0238062569070558,2350992.0,2793519.0,2918163.0,8062674.0,0.31,1.0832521888225193,1.0,0.18822990465301448,0.04461899131525504,0.41688225334902995
2021,1795,美時,3464117.0,0.10235739728190474,1.36,2628713.0,1.23,1.15,0.10863557883509033,0.09656587900283373,1107853.0,936958.0,1012862.0,3057673.0,1.33,0.888897357921952,0.9349593495934959,-0.1542578302355998,0.08101110188503657,1.0583241708640674
2021,1466,聚隆,910132.0,0.061628423129831716,0.5,1111573.0,-0.35,0.48,-0.11812367800480357,0.07388313014267116,342004.0,333540.0,308329.0,983873.0,0.41,-0.6254726519747096,-1.3714285714285714,-0.024748248558496444,-0.07558613659531088,-0.34118539677160026
2021,2387,精元,6133203.0,0.05924506330542133,1.88,1962980.0,2.11,2.58,0.0776451933429244,0.07536965093576613,2087462.0,2002626.0,1945232.0,6035320.0,1.39,0.9706930679261985,1.222748815165877,-0.040640739807479176,-0.028659370246865823,1.768147629587313
2021,1218,泰山,2417864.0,0.05624799409726933,0.28,4999990.0,0.47,0.7,0.11578570966494786,0.1360397844176108,895483.0,960802.0,888282.0,2744567.0,0.29,1.1749272411187244,1.4893617021276595,0.072942758265651,-0.07547861057741345,0.36276277379548105
2021,1528,恩德,876206.0,0.012115872294871297,0.06,1993310.0,-0.28,0.01,-0.07337299830470041,0.0028512891377519317,310150.0,369008.0,317563.0,996721.0,1.08,-0.038860196579553884,-0.03571428571428571,0.1897726906335644,-0.1394143216407232,-0.0023542817893311262
2021,1477,聚陽,6120983.0,0.09009680307885187,2.25,2418566.0,1.61,3.63,0.07482983408227852,0.09931456887183122,3049327.0,2754378.0,2492715.0,8296420.0,3.26,1.327205520229147,2.2546583850931676,-0.09672593329610102,-0.0949989435001296,4.1018554050707055
2021,1618,合機,753052.0,0.07221148074767746,0.23,2408647.0,0.23,0.63,0.10246165602314285,0.12319094809087809,153537.0,143424.0,170373.0,467334.0,0.2,1.2023126784428817,2.7391304347826084,-0.065866859454073,0.1878974230254351,0.16845267012852047
2021,2414,精技,5677100.0,0.02847668704091878,1.0,1617358.0,0.54,0.59,0.015861720380262734,0.016469436600668966,2161759.0,2332739.0,2227904.0,6722402.0,0.91,1.0383133863059668,1.0925925925925926,0.07909299787811674,-0.04494073276093036,1.228955716936464
2021,2408,南亞科,22637468.0,0.2722639740451538,2.0,30971242.0,1.05,0.53,0.1952921511736328,0.10528517377500078,7950469.0,8209899.0,7676760.0,23837128.0,2.43,0.5391162580896173,0.5047619047619047,0.032630779391756626,-0.06493855770941881,1.1297124507615686
2021,1471,首利,93321.0,-1.0000750099120241,-0.62,1504145.0,-0.23,2.75,-0.12152440410973063,0.9593103176498132,17251.0,22488.0,15098.0,54837.0,0.22,-7.8939726113250686,-11.956521739130434,0.3035766042548258,-0.3286197082888652,2.878141711810856
2021,2465,麗臺,2857154.0,0.07011312655880642,3.74,535873.0,0.25,-0.11,0.012552795193997743,-0.005147769824186609,733430.0,734338.0,758118.0,2225886.0,1.64,-0.41008952545071964,-0.44,0.0012380186248175384,0.03238290814311662,-1.1943154568724736
2021,8481,政伸,387470.0,0.42977778924819987,2.5,666019.0,0.52,9.19,0.13429373655168644,1.4740955590323745,136814.0,130385.0,137424.0,404623.0,1.12,10.976651606272274,17.67307692307692,-0.046990805034572536,0.05398627142692791,28.660106155231855
2021,1725,元禎,2878608.0,0.018068802699082336,0.28,1818300.0,0.16,0.59,0.01641663285162949,0.06647590667020319,936501.0,846697.0,929067.0,2712265.0,0.77,4.0493021480714235,3.6874999999999996,-0.09589311703884995,0.09728391620615162,1.0913803760253296
2021,3701,大眾控,2257839.0,0.03593037413207939,0.43,1903446.0,0.2,0.0,0.023087093992526588,0.00010001537182069363,797197.0,911941.0,997403.0,2706541.0,0.58,0.00433209012156615,0.0,0.1439343098380952,0.0937143959971094,0.002213264264883731
2021,5388,中磊,10004162.0,0.016501931895944906,0.66,2517748.0,0.97,1.12,0.02605453600178178,0.02939804116630429,3648827.0,3878588.0,3579223.0,11106638.0,0.73,1.1283271812744569,1.154639175257732,0.06296845534194961,-0.07718401645134776,0.8213725754524307
2021,3035,智原,1687852.0,0.10699990283508269,0.73,2485503.0,0.58,0.25,0.10979634425575664,0.041642673680207194,646536.0,731378.0,839908.0,2217822.0,1.31,0.3792719508329519,0.4310344827586207,0.13122548473712214,0.14839111922972803,0.3621149910452311
2021,6698,旭暉應材,194397.0,-0.0656697377017135,-0.19,663898.0,-0.22,0.11,-0.14590393655399966,0.04202501393173736,75220.0,60603.0,56757.0,192580.0,0.06,-0.2880320772989132,-0.5,-0.19432331826641847,-0.06346220484134446,0.05486759954409995
2021,8940,新天地,105399.0,-0.6427575214186093,-1.0,674910.0,-1.42,-0.74,-1.3312541583499666,-0.2588589624935293,10134.0,12608.0,16498.0,39240.0,-1.38,0.1944474395590802,0.5211267605633803,0.24412867574501673,0.3085342639593909,-0.07266621372659622
2021,1789,神隆,747638.0,0.1213140584079461,0.12,7907392.0,0.21,0.1,0.1785074002290547,0.10080875400717633,207723.0,232901.0,213606.0,654230.0,0.01,0.5647315118466905,0.4761904761904762,0.12120949533754088,-0.08284635961202402,0.05668267528074746
2021,2030,彰源,3754865.0,0.07403222219706967,0.99,2805260.0,-0.04,0.22,-0.004045440387227678,0.023458588163248466,1279723.0,1339911.0,1337532.0,3957166.0,1.29,-5.79877242470616,-5.5,0.04703205303022617,-0.0017754910587345352,-6.05575087240144
2021,3189,景碩,8725355.0,0.09775052132549335,1.9,4508441.0,0.52,0.13,0.034472682368665165,0.008608057062247687,3117895.0,3297724.0,3352064.0,9767683.0,3.07,0.2497066219039631,0.25,0.0576764130928078,0.016478031515069214,0.5288278366835372
2021,5608,四維航,1217494.0,0.40737449219462274,1.78,2792671.0,-1.03,-0.33,-0.47916101274201556,-0.12801156669977962,489399.0,540308.0,625229.0,1654936.0,3.01,0.26715772630838425,0.32038834951456313,0.10402350638231783,0.15717146516431368,0.6449454733036228
2021,2362,藍天,6371272.0,0.06097165526758236,0.65,6497630.0,0.5,0.35,0.05374188590747968,0.036614316814260695,2380819.0,2525268.0,2456251.0,7362338.0,0.84,0.6812994407619922,0.7,0.060671978844254904,-0.027330564518300626,0.4706811353307382
2021,2233,宇隆,878665.0,0.1595625181383121,2.33,602881.0,1.06,2.01,0.11957194377088073,0.1742458637632656,299542.0,297732.0,270825.0,868099.0,2.67,1.4572470620461684,1.8962264150943393,-0.0060425583056800125,-0.09037322155495542,3.348125501171936
2021,6201,亞弘電,903803.0,0.05838661743764958,0.59,892000.0,0.77,1.42,0.0896974082220121,0.11319573896709591,372846.0,328339.0,364624.0,1065809.0,1.26,1.2619733525290113,1.844155844155844,-0.11937100035939774,0.1105107830626273,0.8803959358059236
2021,2478,大毅,1632851.0,0.17192995564200286,1.97,1447376.0,1.73,0.93,0.1734993745609075,0.08754270896075306,519866.0,560785.0,490322.0,1570973.0,1.6,0.5045707466226106,0.5375722543352601,0.07871066774899682,-0.12565065042752566,0.9415881257347971
2021,2608,嘉里大榮,3216043.0,0.0994859210526725,0.69,4670005.0,0.72,0.96,0.11521469652937066,0.13839883852679014,1119155.0,1115942.0,1096040.0,3331137.0,0.74,1.201225561458727,1.3333333333333333,-0.0028709160035920167,-0.01783426020348733,0.852435129502452
2021,8021,尖點,933688.0,0.1273059094686876,0.84,1421805.0,0.44,0.66,0.08488196475950745,0.11763382056735194,338209.0,356367.0,357888.0,1052464.0,0.93,1.3858517636890118,1.5,0.05368869545162913,0.004268071959524944,1.3059680585248905
2021,3003,健和興,1193030.0,0.13951618986949196,1.07,1556549.0,0.46,0.48,0.08403916401967873,0.08840808035858476,399745.0,383418.0,426952.0,1210115.0,1.27,1.0519866706180347,1.0434782608695652,-0.040843537755319015,0.11354187857638398,1.1410342794818198
2021,8926,台汽電,1277142.0,0.19225426773217075,0.41,5890486.0,0.44,0.4,0.11230614261490282,0.11536602846121718,250799.0,424823.0,753043.0,1428665.0,0.25,1.0272459348622336,0.9090909090909092,0.693878364746271,0.7726041198334366,0.47899358568805356
2021,2327,國巨,27711544.0,0.22778947286372783,12.78,4988839.0,7.09,7.43,0.24460838429335152,0.16522800942011093,9771285.0,9804555.0,9810200.0,29386040.0,13.88,0.67547974652397,1.0479548660084625,0.0034048745891661625,0.0005757528006116175,9.063325095721952
2021,3092,鴻碩,670370.0,0.003430941122066918,0.02,907565.0,0.82,0.23,0.0781635024194681,0.041748846894555734,215181.0,260588.0,301459.0,777228.0,-0.27,0.5341220083832553,0.2804878048780488,0.21101770137698028,0.1568414508726419,0.015693667151686373
2021,2442,新美齊,921851.0,0.35564315708286914,1.38,2399694.0,0.15,0.26,0.04108697209678541,0.045863004690398425,9108.0,100321.0,8408.0,117837.0,0.16,1.116242019060506,1.7333333333333334,10.014602547211243,-0.916189033203417,0.1949389557609851
2021,2889,國票金,2384432.0,0.38622321794037323,0.32,28964817.0,0.36,0.33,0.46067420783952145,0.38739999373504885,1033671.0,710055.0,701125.0,2444851.0,0.24,0.8409413575634821,0.9166666666666667,-0.31307446953624507,-0.012576490553548703,0.27414838834501437
2021,2424,隴華,3436.0,-16.688882421420256,-2.18,270250.0,-1.4,-4.22,-10.052619047619048,-16.439786585365855,1701.0,2412.0,1848.0,5961.0,-1.55,1.6353734790397334,3.0142857142857142,0.4179894179894179,-0.23383084577114432,-6.020015710203635
2021,2033,佳大,215193.0,0.014122206577351493,0.03,806945.0,0.04,0.05,0.01560064109226368,0.021677058149891845,71323.0,68986.0,68862.0,209171.0,0.06,1.3894979072777622,1.25,-0.03276642878173941,-0.001797466152552718,0.050864876543286044
2021,4930,燦星網,2835300.0,0.02882693189433217,0.61,1343000.0,0.64,0.99,0.041441867463405196,0.043871962337963734,837397.0,868663.0,1020120.0,2726180.0,1.59,1.0586386430752526,1.546875,0.03733712922305665,0.17435645353836882,0.6194762769541048
2021,2467,志聖,1531029.0,0.12181284613158863,1.25,1492055.0,0.57,0.88,0.09370469597557053,0.12230106749975199,427063.0,444021.0,457603.0,1328687.0,0.98,1.3051754367960036,1.5438596491228072,0.03970842709389477,0.030588643329932497,1.4157932447947208
2021,1712,興農,4728375.0,0.045677637666217255,0.51,4204926.0,0.85,0.51,0.08107146233114032,0.048949543516761285,1595355.0,1518611.0,1495643.0,4609609.0,0.62,0.6037826641984636,0.6,-0.04810465382313023,-0.01512434718305078,0.30233609971227454
2021,2537,聯上發,199517.0,0.04236230496649408,0.03,3005579.0,0.67,-0.06,0.18460839772415347,-0.3076185367598056,947250.0,592855.0,179680.0,1719785.0,1.3,-1.6663301374808366,-0.08955223880597014,-0.37413037740828714,-0.6969242057501412,-0.4039118926113813
2021,2636,台驊投控,7874725.0,0.21400988605951318,13.46,1346687.0,1.46,1.42,0.04354238919356033,0.041887706925020474,3366984.0,3693850.0,4099402.0,11160236.0,5.78,0.9619983584000353,0.9726027397260274,0.09707976040278177,0.10979113932617723,17.06140834683764
2021,2903,遠百,7083303.0,-0.017817111593277882,-0.09,14169406.0,0.22,0.58,0.03999282928670273,0.09564412954304237,1967397.0,2590250.0,2467434.0,7025081.0,0.23,2.391531963327316,2.6363636363636362,0.3165873486642503,-0.04741472830807836,-0.21125800849290008
2021,2106,建大,9161257.0,0.04608810777822301,0.47,9094100.0,0.53,0.74,0.06319831749408021,0.08058928719829105,3148766.0,2846822.0,2928806.0,8924394.0,0.24,1.2751808971154943,1.3962264150943395,-0.09589280372056863,0.0287984285634999,0.5767394860199078
2021,6117,迎廣,579592.0,-0.035751011056053224,-0.23,886500.0,-0.06,-0.15,-0.008849617077405548,-0.022517873284575562,200415.0,184004.0,245178.0,629597.0,0.13,2.5445025572990274,2.5,-0.0818850884414839,0.3324601639094802,-0.6460633873141128
2021,1319,東陽,4458341.0,0.03165616986228734,0.24,5914771.0,-0.01,0.45,-0.002891467553661729,0.058639015759444,1477738.0,1488482.0,1501236.0,4467456.0,0.19,-20.28001859650269,-45.0,0.007270571643958501,0.008568461022706364,-4.848965179898553
2021,2373,震旦行,3395111.0,0.09867306253020888,1.49,2362025.0,1.61,2.21,0.10713355028580628,0.1380687056336951,1167614.0,1078680.0,1129244.0,3375538.0,1.78,1.2887531988379117,1.372670807453416,-0.07616729501359187,0.046875811176623206,1.81730104118906
2021,1597,直得,489769.0,0.1699903423859003,1.03,811876.0,0.67,0.58,0.13860229755804593,0.1350667591518609,166052.0,151508.0,174286.0,491846.0,1.21,0.9744914877424425,0.8656716417910446,-0.0875870209332017,0.1503418961374976,1.0035562937652927
2021,1456,怡華,845201.0,0.2518880124372782,2.27,937200.0,-0.16,-0.13,-0.11124708972598651,-0.07844248627487165,429328.0,226029.0,68833.0,724190.0,0.01,0.7051194459835658,0.8125,-0.4735283978682965,-0.6954682806188586,1.3724307343179996
2021,2704,國賓,277042.0,-0.4132658586062763,-0.31,3669234.0,-0.06,0.26,-0.06641013614242224,0.17279205598968764,42207.0,71571.0,148632.0,262410.0,0.19,-2.6018928137584334,-4.333333333333334,0.6957139810931836,1.076707046149977,0.7689956831691461
2021,1611,中電,421349.0,-0.0533453265582688,-0.07,3227358.0,0.07,0.07,0.05077302271880966,0.04523119786900439,140077.0,145213.0,139051.0,424341.0,0.09,0.8908509961973918,1.0,0.03666554823418555,-0.04243421732214059,-0.06248406861448606
2021,5269,祥碩,1471684.0,0.5181642254723161,11.03,692207.0,12.5,12.85,0.6284397781917032,0.420017057548921,660599.0,567416.0,558058.0,1786073.0,14.56,0.6683489367230926,1.028,-0.14105834250430294,-0.01649230899375409,8.935809581345397
2021,2462,良得電,1277277.0,0.12653950552620927,1.14,1419346.0,0.69,0.38,0.07503309309059417,0.04302938410335774,393545.0,416644.0,385886.0,1196075.0,-0.01,0.5734720818639919,0.5507246376811594,0.05869468548704715,-0.0738232159829495,0.6115170185946428
2021,4999,鑫禾,793867.0,0.026814315244241164,0.29,744172.0,1.91,1.16,0.1804792614076874,0.11494343002879999,226884.0,245281.0,227592.0,699757.0,0.4,0.6368788808878849,0.6073298429319371,0.08108548861973519,-0.07211728588843003,0.160582230098627
2021,8473,山林水,867754.0,-0.032120854527896155,-0.21,1348123.0,0.56,0.19,0.0639283481820867,0.026342619545077085,268317.0,239911.0,305603.0,813831.0,0.35,0.41206476147397975,0.33928571428571425,-0.10586731366257074,0.27381820758531283,-0.07990193147599887
2021,3164,景岳,99476.0,0.14828702400579033,0.18,863714.0,0.17,0.33,0.1930558034007189,0.3671433070866142,38624.0,29139.0,37603.0,105366.0,0.27,1.9017470628663165,1.9411764705882353,-0.24557270091135042,0.2904698170836335,0.34402217531690077
2021,1603,華電,463147.0,0.10785344609810708,0.31,1916880.0,0.34,1.55,0.10461922596754057,0.4843184857565587,143362.0,174638.0,359057.0,677057.0,0.64,4.6293449533532645,4.5588235294117645,0.21816101895899886,1.0560072836381544,1.763534157099438
2021,8072,陞泰,360802.0,0.010285419703881908,0.04,800000.0,-0.14,0.13,-0.049404733001673015,0.026398855731732663,127034.0,112540.0,114882.0,354456.0,0.2,-0.5343385972926664,-0.9285714285714285,-0.11409543901632635,0.020810378532077456,-0.024350669673240045
2021,4956,光鋐,459252.0,0.08455923980733888,0.39,1004082.0,0.05,0.04,0.017698655395622733,0.010951397401666918,161533.0,160185.0,155871.0,477589.0,0.37,0.618770022742826,0.7999999999999999,-0.008345044046727312,-0.02693136061428969,0.2488716741267596
2021,1316,上曜,242504.0,-0.049289908620064,-0.07,1798456.0,-0.26,0.63,-0.0635338861998557,0.7392399415671798,81525.0,119723.0,129731.0,330979.0,-0.08,-11.635364775921085,-2.423076923076923,0.46854339159766933,0.08359296041696251,1.0554523680647996
2021,5607,遠雄港,573668.0,0.2204410913629486,0.55,2299791.0,0.35,0.5,0.1767062411502015,0.23696278526377934,206991.0,197236.0,204985.0,609212.0,0.63,1.3409983921414488,1.4285714285714286,-0.04712765289312093,0.03928795960169551,0.7830705457717403
2021,2392,正崴,17433433.0,0.017133458453076914,0.62,5123269.0,0.86,2.16,0.020333227075425474,0.04055478564580932,6155907.0,6711913.0,8309497.0,21177317.0,0.82,1.994508077609747,2.511627906976744,0.0903207277172966,0.2380221555315154,1.4125525500893685
2021,2409,友達,95655500.0,0.2041800837379973,2.05,96242451.0,-0.31,0.31,-0.04663024503819918,0.03951566459848414,33345632.0,32710136.0,32999218.0,99054986.0,2.03,-0.8474256261384253,-1.0,-0.019057848416248357,0.008837688721318626,-1.7808389129572304
2021,4545,銘鈺,643265.0,0.02471143307967945,0.21,770000.0,-0.02,0.36,-0.003822060627299807,0.05674959216965742,159191.0,159348.0,182044.0,500583.0,0.5,-14.847904757007905,-18.0,0.0009862366591075755,0.1424304038958757,-2.3853300346741824
2021,2231,為升,985685.0,0.10686882726225924,0.87,1219166.0,0.0,0.52,0.0008450628584606587,0.07904578752261542,288342.0,302158.0,306384.0,896884.0,1.03,93.5383524801964,inf,0.047915322776425295,0.013986060273102119,73.53840291964735
2021,6581,鋼聯,474705.0,0.32648276297911333,1.39,1112709.0,0.58,1.0,0.1598325757368877,0.30546225624222634,136828.0,129173.0,98830.0,364831.0,0.79,1.9111389204230214,1.7241379310344829,-0.05594615137252612,-0.23490203061011206,2.0457975160424184
2021,2109,華豐,1386662.0,0.07105769105953721,0.35,2793492.0,0.09,0.41,0.03143199554714273,0.10228230849672423,456512.0,420985.0,420005.0,1297502.0,0.24,3.25408255875189,4.555555555555555,-0.07782270783681478,-0.002327873914747536,1.073990061746937
2021,6166,凌華,2259353.0,0.02956908460076845,0.31,2174973.0,0.13,0.26,0.012937065535906407,0.024537795700643007,788487.0,681167.0,822202.0,2291856.0,-0.24,1.8967049082760807,2.0,-0.13610877541417932,0.20704907900705694,0.5909777154258368
2021,8114,振樺電,2123016.0,0.04114806482852696,1.17,749218.0,0.35,0.51,0.013716498350853921,0.0184716441493916,722947.0,786965.0,820082.0,2329994.0,2.12,1.3466734495135666,1.4571428571428573,0.08855144291351924,0.04208192232183139,1.7232897827064673
2021,1472,三洋紡,178069.0,-0.008053058084225777,-0.02,860528.0,-2.57,-1.53,-2.1519241291263906,-0.682572594099891,38944.0,37903.0,123398.0,200245.0,0.1,0.31719175637339625,0.5953307392996109,-0.026730690221857034,2.2556262037305754,-0.0059440081749088805
2021,8341,日友,828031.0,0.2814121693511475,2.09,1115000.0,2.06,2.22,0.3344721612802393,0.32927650759756216,247931.0,289485.0,282980.0,820396.0,1.97,0.984466110235333,1.0776699029126213,0.16760308311586702,-0.02247093977235437,2.0384136143175575
2021,3535,晶彩科,233821.0,-0.062479418016345836,-0.19,790523.0,-0.11,-0.55,-0.03828342626069989,-0.20651224923069583,164339.0,83880.0,38855.0,287074.0,0.11,5.394299032286261,5.0,-0.48959163679954243,-0.5367787315212208,-1.2239152437854126
2021,2024,志聯,416497.0,0.10269221627046533,0.44,975000.0,,0.06,0.009373432717084898,0.017796788176211116,141690.0,147238.0,115391.0,404319.0,0.46,1.8986414810203973,1.0,0.03915590373350275,-0.21629606487455688,0.8085372378540747
2021,6226,光鼎,238000.0,0.07005882352941177,0.15,1149518.0,-0.06,-0.06,-0.03467843023816411,-0.032129990086321544,79770.0,71152.0,116441.0,267363.0,0.08,0.9265122401925227,1.0,-0.10803560235677578,0.6365105689228694,0.15097308542559518
2021,4155,訊映,300510.0,-0.000552394263086087,-0.01,949337.0,0.27,0.29,0.06577867697260865,0.07717323912356842,125842.0,74287.0,108962.0,309091.0,0.17,1.1732257727789912,1.074074074074074,-0.40968039287360336,0.46677076742902535,-0.002110069238868711
2021,1313,聯成,20705972.0,0.05523773527753249,0.89,13323476.0,0.47,0.81,0.052129543177450395,0.07676578871988125,7362982.0,7666218.0,7428330.0,22457530.0,0.46,1.4725966129909944,1.723404255319149,0.04118385730129459,-0.031030685534901292,1.371084136928245
2021,1102,亞泥,22084285.0,0.20444651026736885,1.44,33673795.0,1.49,1.57,0.22559613317298566,0.23772959980864272,6477630.0,7193266.0,7831470.0,21502366.0,1.04,1.0537840186575946,1.0536912751677854,0.11047806064872501,0.0887224245565228,1.3757055711894446
2021,2702,華園,165900.0,-0.3213381555153707,-0.49,1104856.0,-0.73,-0.4,-0.8127865333105946,-0.22697410530951248,93109.0,83711.0,75870.0,252690.0,-0.33,0.27925426419777755,0.5479452054794521,-0.10093546273722198,-0.0936674988950078,-0.20523172095961287
2021,3532,台勝科,2857443.0,0.09636587676464588,0.71,3878483.0,0.88,0.7,0.11033458378656202,0.0917096840312282,1071181.0,1066663.0,1038129.0,3175973.0,1.1,0.8311961751597036,0.7954545454545454,-0.004217774587114587,-0.026750716955589504,0.6559061797012045
2021,9935,慶豐富,1281655.0,0.02558098708310739,0.19,1696233.0,0.45,1.05,0.053659866706405324,0.08586486478696513,499187.0,428425.0,280686.0,1208298.0,-0.26,1.600169177772399,2.3333333333333335,-0.1417544928053014,-0.34484215440275423,0.29158941042712827
2021,2816,旺旺保,2185124.0,0.04310602052789682,0.42,2236080.0,1.68,1.4,0.16666448905235515,0.15274497580780075,693174.0,747999.0,611091.0,2052264.0,0.37,0.916481829310491,0.8333333333333333,0.07909269534056373,-0.18303233025712606,0.36258320205630407
2021,3130,一零四,456934.0,0.19348746208423973,2.67,331907.0,1.42,2.45,0.12017814425377095,0.18774357851553947,136842.0,160998.0,161588.0,459428.0,2.57,1.56221066385495,1.7253521126760565,0.17652475117288557,0.0036646417967924894,4.18401732516928
2021,1568,倉佑,430615.0,-0.01529208225445003,-0.06,1030865.0,0.03,0.21,0.007775646521878766,0.04432051173517952,149174.0,161997.0,143121.0,454292.0,0.1,5.699913391185215,7.0,0.08596001984259982,-0.11652067630882057,-0.384121111127223
2021,2104,國際中橡,5882664.0,0.05009499097687714,0.31,9847336.0,-0.23,0.51,-0.08068919148223169,0.10253618445600672,1867376.0,2190096.0,1610438.0,5667910.0,0.66,-1.270754887642986,-2.217391304347826,0.1728200426694999,-0.2646724161863224,-0.3664040625643441
2021,2363,矽統,59907.0,-2.506518436910545,-0.24,6309675.0,-0.15,0.15,-1.786146211268193,1.5336215932914046,17010.0,19331.0,36489.0,72830.0,0.64,-0.8586204105891803,-1.0,0.13644914756025872,0.887589881537427,0.24841363586651577
2021,4306,炎洲,4620613.0,0.09367804661416136,0.79,5951028.0,0.64,1.97,0.10501934299894101,0.2957209842652732,1465457.0,1464255.0,1414033.0,4343745.0,-1.35,2.8158715891819583,3.078125,-0.0008202219512410958,-0.034298670655042995,1.9254090135286464
2021,2459,敦吉,1797452.0,0.07727716790211922,1.31,1055956.0,0.96,1.52,0.0737201799874663,0.08637511882429373,626641.0,612134.0,603691.0,1842466.0,1.68,1.1716618005948845,1.5833333333333335,-0.02315041626704928,-0.013792731656794066,1.579818257390634
2021,3450,聯鈞,1841755.0,0.05899861816582553,0.75,1456814.0,0.58,0.32,0.05062147613522011,0.02788562714449104,620384.0,598424.0,610651.0,1829459.0,0.73,0.5508655470654973,0.5517241379310346,-0.03539743126837569,0.020432001390318533,0.40813705418963825
2021,1605,華新,39143003.0,0.09167876056929,1.05,34313329.0,0.87,0.56,0.09908109815233451,0.06478661207598592,14448725.0,13419588.0,14394712.0,42263025.0,1.32,0.6538745864158495,0.6436781609195403,-0.07122683835424926,0.07266422784365667,0.7383476823946602
2021,6464,台數科,1044156.0,0.2600032945268715,2.18,1246986.0,2.22,2.27,0.23971227008699672,0.27687119254590586,356049.0,354683.0,347431.0,1058163.0,1.69,1.155014686755181,1.0225225225225225,-0.0038365505871382766,-0.02044642680929165,2.5483398859760724
2021,2597,潤弘,5524219.0,0.07879901213185067,3.22,1849500.0,0.77,2.36,0.035295175897136495,0.08579181830350062,1644890.0,1839467.0,1609977.0,5094334.0,0.93,2.4306953039001833,3.0649350649350646,0.11829180066752176,-0.12475896550468157,5.275752027033228
2021,2369,菱生,1994342.0,0.09490097485787292,0.51,3801023.0,-0.14,-0.01,-0.041828832291047995,-0.0017205009887936717,699171.0,713962.0,647968.0,2061101.0,0.79,0.04113193925238705,0.07142857142857142,0.02115505362779624,-0.09243349085805685,0.02116647977234214
2021,2492,華新科,11656782.0,0.20060862423265702,4.82,4858043.0,3.98,4.9,0.2201493068627959,0.23026965998113627,3862886.0,3697119.0,3437001.0,10997006.0,5.52,1.0459704064598654,1.2311557788944725,-0.04291273415782915,-0.07035694550270088,4.749874164224719
2021,1537,廣隆,1944881.0,0.10348859390368871,2.46,820664.0,2.39,2.95,0.11602613765865147,0.13131882480957563,402326.0,193093.0,190622.0,786041.0,0.66,1.1318038112749664,1.2343096234309623,-0.5200583606329195,-0.012796942405990941,1.1218723776488224
2021,6582,申豐,2771534.0,0.450638527256025,11.76,1061741.0,3.25,4.54,0.31542474160954226,0.3607490986278067,702684.0,727746.0,724410.0,2154840.0,8.67,1.1436930939119878,1.396923076923077,0.03566610311320595,-0.004584016950969105,10.46006198100769
2021,1762,中化生,499832.0,0.2527429216216649,1.63,775600.0,4.78,0.45,0.9470163020874531,0.12091081887268422,196314.0,175815.0,133463.0,505592.0,1.09,0.12767554117724003,0.09414225941422594,-0.10441945047220269,-0.24088957142450873,0.21035318973348258
2021,2471,資通,139047.0,-0.12074334577516954,-0.36,472539.0,0.05,1.2,0.017300391164289,0.2793965910669286,78730.0,69869.0,70087.0,218686.0,1.28,16.14972681332498,23.999999999999996,-0.11254921884923152,0.0031201248049921304,-9.024262282329367
2021,1445,大宇,291422.0,0.002254462600627269,0.01,1306660.0,-0.24,-0.1,-0.19061914378763894,-0.06291222481703325,107528.0,102038.0,114512.0,324078.0,-0.08,0.3300414825444878,0.4166666666666667,-0.051056469012722316,0.12224857406064404,0.0018454340010014437
2021,6579,研揚,1404716.0,0.014374435829021667,0.19,1484985.0,2.17,0.67,0.14447755605136287,0.04775925670608886,451574.0,549791.0,558384.0,1559749.0,0.87,0.3305652311083535,0.30875576036866365,0.21749923600561583,0.01562957560236522,0.04990920245697641
2021,1531,高林股,759662.0,0.09716558153494581,0.41,1836081.0,-0.18,0.01,-0.09741633808947035,0.005076997806399812,227863.0,273558.0,238904.0,740325.0,0.29,-0.05211649201735474,-0.05555555555555556,0.20053716487538575,-0.12667880303262924,-0.020418235498783216
2021,8462,柏文,479179.0,-0.18760004090329502,-1.27,737185.0,0.65,1.67,0.06233712319365722,0.11827321111768184,54302.0,114861.0,169910.0,339073.0,-3.44,1.897315837791438,2.569230769230769,1.1152259585282311,0.47926624354654757,-1.6371530432891772
2021,1233,天仁,376516.0,-0.040497614975193615,-0.17,905919.0,0.06,0.27,0.012765006835361279,0.04800740950371762,128786.0,137571.0,163902.0,430259.0,0.22,3.7608604619567285,4.500000000000001,0.06821393629742367,0.19139935015373877,-0.7233646184379083
2021,1583,程泰,1757370.0,0.11160996261458885,1.78,1104004.0,0.85,0.09,0.0684818326781927,0.007037446557570396,569259.0,561792.0,581312.0,1712363.0,-0.31,0.10276370071228241,0.10588235294117647,-0.01311705216781811,0.03474595579858741,0.17789669779981734
2021,1615,大山,1468092.0,0.13876242088370483,1.66,1230480.0,0.62,0.94,0.09574741333647949,0.12472629688235043,384511.0,372934.0,353278.0,1110723.0,0.25,1.3026597015632386,1.5161290322580645,-0.030108371412001178,-0.05270637699968361,1.6316764752498327
2021,3669,圓展,1021561.0,0.19157739968538345,2.11,929200.0,0.75,5.04,0.10926250090352832,0.2780887573753797,333617.0,312103.0,275604.0,921324.0,1.9,2.5451436227046824,6.72,-0.06448712145963786,-0.11694536739473826,4.834591144023073
2021,6285,啟碁,15502536.0,0.01882362988868402,0.75,3974143.0,1.03,1.22,0.02658318086475711,0.027677461963428757,5742880.0,5813002.0,5774368.0,17330250.0,0.85,1.0411644153586752,1.1844660194174756,0.012210249909453186,-0.006646135679980847,0.8546416015973548
2021,3653,健策,2169327.0,0.11921439229770339,2.13,1222194.0,2.11,1.58,0.1426846048688448,0.11483758196873314,783509.0,765410.0,773555.0,2322474.0,3.21,0.8048351262162547,0.7488151658767773,-0.023099926101678436,0.01064135561333135,1.8232504322093601
2021,5521,工信,870638.0,0.03818119585866916,0.08,4475274.0,4.27,-1.16,0.3917971074038403,-0.918190923827254,258517.0,524692.0,363738.0,1146947.0,0.03,-2.3435367604203354,-0.2716627634660422,1.0296228101053315,-0.30675901290661955,-0.2293216280439461
2021,2701,萬企,58783.0,0.48041100318119184,0.06,4499678.0,0.06,0.1,0.5891379770483053,0.6937646615888095,13649.0,17031.0,17284.0,47964.0,0.09,1.1775928366809827,1.6666666666666667,0.24778372041907826,0.014855263930479756,0.06030343606900472
2021,2852,第一保,1573001.0,0.07273294804008389,0.38,3011638.0,0.72,0.47,0.1359355697403215,0.09151361983395467,602407.0,586417.0,564015.0,1752839.0,0.94,0.673213199523669,0.6527777777777778,-0.026543516260601252,-0.03820148460907513,0.2849857026933185
2021,1326,台化,95875657.0,0.12937971314240904,2.12,58611863.0,0.2,2.26,0.020408375774985162,0.22022066909593632,30240623.0,30621450.0,30263865.0,91125938.0,1.63,10.790700422414995,11.299999999999999,0.012593226005958913,-0.011677598546117163,21.70562548980509
2021,2480,敦陽科,1518616.0,0.08858263050040299,1.27,1063603.0,1.07,1.1,0.08570536739542328,0.08717668256174169,526448.0,542860.0,558759.0,1628067.0,1.29,1.0171671297963185,1.0280373831775702,0.031174968847825335,0.029287477434329245,1.3792202021776048
2021,2017,官田鋼,1184645.0,0.20154054590193687,0.73,3418675.0,-0.05,0.03,-0.02485178829403167,0.011597977320862173,308831.0,272160.0,286845.0,867836.0,0.43,-0.4666858249250219,-0.6,-0.11874131806716293,0.05395723104056427,-0.23876292252297335
2021,2316,楠梓電,1253570.0,0.08742870362245427,0.6,1827405.0,0.57,0.6,0.08752449977713599,0.09908015320838641,455620.0,459693.0,549586.0,1464899.0,0.96,1.1320276432390317,1.0526315789473684,0.008939467099776222,0.19555007363610066,0.7933849256248858
2021,3046,建碁,574743.0,0.01945391244434469,0.16,714480.0,0.01,-0.38,0.0024004381585809114,-0.05248404297833956,237574.0,186365.0,315880.0,739819.0,1.08,-21.86435955066096,-38.0,-0.21554968136243868,0.6949534515601106,-4.404322598691227
2021,6655,科定,556711.0,0.19376840048068028,1.54,739685.0,1.07,1.54,0.15340779706877977,0.18609819828538438,196217.0,197376.0,198687.0,592280.0,2.31,1.2130947829330212,1.439252336448598,0.005906725716935846,0.006642144941634287,1.8821660921672378
2021,8081,致新,2380188.0,0.22008345559258344,6.11,861721.0,2.73,3.55,0.1363516838963774,0.14728238528991813,859360.0,841672.0,815633.0,2516665.0,7.89,1.0801655035067093,1.3003663003663004,-0.02058275926270714,-0.030937229704683045,6.9428284169154715
2021,4164,承業醫,442987.0,0.16615611744814182,0.47,1572934.0,0.64,1.09,0.14323485022085608,0.1879340282993361,131802.0,145042.0,202122.0,478966.0,0.43,1.3120691508355518,1.703125,0.10045371086933441,0.39354118117510795,0.6638458514213801
2021,2496,卓越,152502.0,0.057258265465370946,0.47,191854.0,0.37,1.65,0.04036950449788265,0.1636695856392866,54171.0,62106.0,58082.0,174359.0,1.23,4.054287702438135,4.45945945945946,0.14648058924516816,-0.06479245161498082,2.1097270101062215
2021,6281,全國電,5956643.0,0.030476562050134614,1.83,991729.0,1.74,2.02,0.03199757929141084,0.034851853156738576,2144064.0,1720535.0,1452498.0,5317097.0,1.5,1.0892028062289674,1.160919540229885,-0.1975356146085191,-0.15578700811084922,1.77973891271236
2021,1904,正隆,11545004.0,0.10008389776218354,1.04,11082745.0,0.73,0.82,0.0837739200175563,0.08928194346659911,3741899.0,3260318.0,4146589.0,11148806.0,0.7,1.0657486655499528,1.1232876712328768,-0.1286996255110039,0.2718357534449094,1.0730007504778836
2021,2034,允強,4430592.0,0.06931963042410585,0.71,4371500.0,0.34,0.46,0.04745993662993365,0.06091761178181945,1868463.0,1627102.0,1809602.0,5305167.0,0.73,1.2835586414036184,1.352941176470588,-0.12917622666330564,0.11216260566332048,1.0797930560617373
2021,8016,矽創,5534516.0,0.2818893287145615,13.0,1201369.0,2.43,2.62,0.11036475696039522,0.08117432851990296,2226396.0,2206743.0,2152675.0,6585814.0,15.69,0.7355095118728223,1.0781893004115226,-0.00882727062032096,-0.02450126725223556,11.365798927461618
2021,1324,地球,266793.0,-0.00020240411105238893,0.0,751219.0,-0.01,0.06,-0.0024265440735558664,0.015300257494942064,87410.0,92497.0,96914.0,276821.0,-0.05,-6.305369707347212,-6.0,0.058197002631277917,0.04775290009405708,0.004702863295769748
2021,9926,新海,511226.0,0.21075219178993243,0.6,1795041.0,0.63,0.86,0.2016834294511818,0.32835262242298185,154786.0,156727.0,164290.0,475803.0,0.78,1.6280594955990708,1.3650793650793651,0.012539893788843903,0.04825588443599371,0.909484234016832
2021,2028,威致,3225944.0,0.1304362381988032,1.29,3257148.0,0.24,0.61,0.0397212722280321,0.09130395563628604,1377514.0,1089613.0,1060973.0,3528100.0,1.51,2.2986160944726994,2.5416666666666665,-0.20900041669267966,-0.026284561582873955,3.24764164599039
2021,1526,日馳,484406.0,0.15504968972308353,1.25,600000.0,1.32,0.83,0.28594164456233423,0.13418446967658612,159132.0,173495.0,148024.0,480651.0,1.07,0.4692722177001203,0.6287878787878787,0.09025840182992728,-0.14681114729531108,0.5828735455530238
2021,4938,和碩,272276880.0,0.01962621651900815,2.01,26703617.0,2.71,2.61,0.02157674348549776,0.020312127521615396,88532771.0,85313027.0,149038905.0,322884703.0,1.0,0.9413898596545701,0.9630996309963099,-0.036367821357359276,0.7469653843134647,2.2340016088293413
2021,3515,華擎,5378140.0,0.1479325566087904,6.6,1206424.0,2.75,4.04,0.07027680149911181,0.09377068715691293,1284226.0,1439479.0,1351697.0,4075402.0,3.35,1.3343049933497337,1.469090909090909,0.12089227285540094,-0.060981785771101915,6.667904332593227
2021,8039,台虹,2372276.0,0.08267672058394554,0.94,2091197.0,0.8,1.5,0.08131908118287076,0.11708711081973887,946424.0,875847.0,863577.0,2685848.0,1.18,1.439847931341388,1.875,-0.07457228472650734,-0.014009296144189554,1.5289255997248017
2021,2801,彰銀,6990407.0,0.31779909238474957,0.21,103847236.0,0.16,0.13,0.24927492459158873,0.21714227580243145,2689202.0,2786574.0,2281120.0,7756896.0,0.25,0.8710955430362548,0.8125,0.03620851092628974,-0.18138904619077045,0.2067813998784871
2021,4438,廣越,3398952.0,0.09416108259251675,3.09,1033753.0,2.35,2.71,0.07637345258976995,0.05169729263150905,1724604.0,1441478.0,1209790.0,4375872.0,2.77,0.6769013430516796,1.1531914893617021,-0.1641687019164979,-0.16072947349872835,2.6980167761172
2021,8249,菱光,1174668.0,-0.010696639390874698,-0.09,1270550.0,0.54,0.72,0.07059639689527364,0.09658585901135239,423434.0,384333.0,298759.0,1106526.0,1.23,1.36814148113866,1.3333333333333333,-0.092342608293146,-0.22265587394264874,-0.12745246166766422
2021,2305,全友,159529.0,-0.02272314124704599,-0.02,2056608.0,0.09,0.08,0.11731435753551614,0.09715416752630493,46270.0,43359.0,62642.0,152271.0,0.0,0.8281524066386516,0.888888888888889,-0.06291333477415173,0.4447288913489702,-0.013932989677535925
2021,4967,十銓,1955111.0,0.0741804429518324,1.7,913697.0,0.55,-1.09,0.01663410322083456,-0.03369322798998971,518791.0,538421.0,721279.0,1778491.0,-2.6,-2.025551215035641,-1.9818181818181817,0.0378379732878944,0.33961899703020504,-2.9247053779554184
2021,9905,大華,2424711.0,0.07269154963210049,0.58,3050000.0,0.61,0.79,0.08641041870708108,0.10735433425387889,914833.0,802320.0,835101.0,2552254.0,0.74,1.2423772024273447,1.2950819672131149,-0.12298747421660561,0.04085776248878248,0.7557209372267343
2021,2012,春雨,2956933.0,0.079156342061183,0.88,2877740.0,0.33,0.1,0.0473437051283167,0.013716278001252257,996244.0,1104777.0,1176775.0,3277796.0,0.91,0.2897170376521382,0.30303030303030304,0.10894218685382295,0.06516971298280105,0.26121019292762876
2021,5706,鳳凰,22661.0,0.004280481885177176,0.0,671174.0,-0.13,0.2,-0.2262160748532574,0.2735445985623165,23783.0,28937.0,20015.0,72735.0,0.17,-1.2092182164320564,-1.5384615384615385,0.21670941428751633,-0.30832498185713797,-0.00560926119368036
2021,6209,今國光,848572.0,-0.07915415545174717,-0.41,1631469.0,-0.32,-0.3,-0.08617747998038895,-0.05597103796503596,284126.0,293193.0,323778.0,901097.0,-0.37,0.6494856658348916,0.9375,0.031911898242329206,0.1043169516325424,-0.2839461652736503
2021,1441,大東,378010.0,-0.008801354461522182,-0.04,1008000.0,-0.92,-0.26,-0.30011434660013775,-0.07555256912475337,136255.0,113796.0,109629.0,359680.0,-0.26,0.25174594277366247,0.2826086956521739,-0.1648306484165719,-0.03661815881050301,-0.007906199145713068
2021,3052,夆典,1272486.0,0.024559798693266566,0.16,2287135.0,0.84,0.69,0.09003003151534962,0.0832653419256849,251955.0,339680.0,172691.0,764326.0,0.01,0.9248618546966588,0.8214285714285714,0.3481772538746999,-0.49160680640602916,0.07590816686660698
2021,1538,正峰,71605.0,-0.18585294323022136,-0.5,264105.0,-0.13,0.54,-0.10124021930058019,-0.49819601787649775,20779.0,16692.0,23229.0,60700.0,-0.67,4.920929856911547,-4.153846153846154,-0.19668896482025122,0.3916247304097771,-2.101980513368718
2021,6426,統新,135499.0,0.10533657074959962,0.37,385090.0,1.12,1.2,0.22639844162083966,0.2311963451980521,36153.0,35355.0,37921.0,109429.0,-0.27,1.0211922994825544,1.0714285714285714,-0.022072857024313386,0.07257813604864949,0.305672871286793
2021,4916,事欣科,685818.0,0.06263906750770612,0.52,834516.0,-1.34,0.03,-0.13312797217344188,0.0037088302463898198,161578.0,179681.0,183010.0,524269.0,0.25,-0.027859135731128533,-0.022388059701492536,0.11203876765401222,0.01852727889982808,-0.010963076233421909
2021,1459,聯發,598869.0,0.2495520723229955,0.47,3586289.0,0.31,-0.15,0.39185884563062773,-0.12425296535903221,213216.0,200609.0,199489.0,613314.0,0.89,-0.3170860291773406,-0.48387096774193544,-0.059127832808044456,-0.0055829997657134145,-0.13532432899525618
2021,1467,南緯,1500819.0,-0.02329061665663881,-0.15,2336247.0,-0.84,1.92,-0.1515308155375354,0.11961625704995268,558338.0,522945.0,553732.0,1635015.0,-0.05,-0.7893856878261358,-2.2857142857142856,-0.06338991793501425,0.058872347952461546,0.1286687909238778
2021,6112,聚碩,2748667.0,0.03261690121065957,0.48,1883573.0,0.85,0.73,0.04177356380120553,0.0402602362017225,1076531.0,1013534.0,1074780.0,3164845.0,0.71,0.9637730789097921,0.8588235294117647,-0.05851851920659967,0.060428165212020435,0.5281867201745727
2021,2038,海光,2412981.0,0.07023635909275705,0.93,1812645.0,0.27,0.13,0.024259890017381436,0.014996825498482951,776281.0,749054.0,956401.0,2481736.0,0.42,0.6181736804139757,0.48148148148148145,-0.03507363957123777,0.2768118186405786,0.5944499901548369
2021,3037,欣興,24030673.0,0.07605446589032276,1.24,15047323.0,0.99,1.09,0.06612700130727793,0.0692394198665736,9118304.0,9571010.0,9455287.0,28144601.0,2.87,1.0470672871560125,1.101010101010101,0.04964804858447369,-0.01209099144186454,1.4894816762267071
2021,9925,新保,1779415.0,0.11912735365274542,0.55,3874896.0,0.81,0.73,0.1750607205317324,0.152597383164959,613750.0,617484.0,670397.0,1901631.0,1.0,0.8716825950530599,0.9012345679012345,0.00608391038696543,0.08569128916700675,0.5096077998841175
2021,2204,中華,7550661.0,0.1660436086324098,2.3,5536203.0,1.67,1.73,0.12833450021459186,0.11660702773102335,2553427.0,3564477.0,2396089.0,8513993.0,1.25,0.9086179284295443,1.035928143712575,0.3959580595019947,-0.32778665706076937,2.3201963948813082
2021,2206,三陽工業,10164154.0,0.04204806420681938,0.54,8030776.0,0.51,0.92,0.04405267087386565,0.06450433535596857,3757907.0,3215574.0,3385131.0,10358612.0,0.54,1.4642548130773139,1.803921568627451,-0.14431783436897183,0.052729932509716804,0.7941576443085376
2021,8996,高力,587912.0,0.09115309774251928,0.6,893841.0,0.25,0.22,0.0469099896369995,0.045536205649727796,189959.0,179731.0,188724.0,558414.0,0.53,0.9707144683274849,0.88,-0.05384319774267077,0.05003588696440797,0.5527884513687704
2021,3008,大立光,10113080.0,0.2926852155821965,22.07,1341402.0,37.19,43.74,0.39434816513779597,0.3968271916434867,3803311.0,4011935.0,4172183.0,11987429.0,39.22,1.0062863903647794,1.176122613605808,0.05485325812167341,0.03994282060900778,26.320218052208034
2021,1423,利華,54665.0,2.810390560687826,1.11,1384000.0,-0.25,-0.25,-0.5385204355083227,-0.8154430624788269,8375.0,12666.0,7790.0,28831.0,-0.26,1.5142286322135763,1.0,0.5123582089552239,-0.38496762987525657,0.8865061402077183
2021,2642,宅配通,1133057.0,0.07000089139381338,0.83,954670.0,0.58,0.48,0.055866240061854304,0.045449001792033615,382238.0,382353.0,384300.0,1148891.0,0.6,0.8135324972955604,0.8275862068965517,0.00030085967381587864,0.005092153062745686,0.6853367619681741
2021,3149,正達,646284.0,0.005089093958693083,0.02,2063936.0,-0.9,0.06,-0.2711736598912511,0.016585947477377204,240766.0,208617.0,225271.0,674654.0,-0.09,-0.061163563909668345,-0.06666666666666667,-0.1335279898324514,0.07983050278740467,-0.001017461830187568
2021,3312,弘憶股,4746302.0,0.024704496258350184,0.94,1251140.0,0.23,0.45,0.008583174210088192,0.016216017117059667,1688172.0,1575695.0,1704776.0,4968643.0,1.05,1.8892797373261105,1.9565217391304348,-0.0666265048822039,0.08192004163242261,1.8535493523194393
2021,2208,台船,4902729.0,0.004126477314981105,0.01,9316418.0,-0.86,-0.69,-0.058823913200442265,-0.04520975901672287,1689752.0,1593466.0,1641751.0,4924969.0,-0.06,0.768560888879847,0.8023255813953488,-0.05698232640056056,0.03030187026268516,0.01676533660288205
2021,9940,信義房屋,4100429.0,0.11965138281872457,0.67,7368465.0,0.47,0.75,0.11035128657738424,0.15268378016611467,1431355.0,2104935.0,1833300.0,5369590.0,0.98,1.3836157683494212,1.595744680851064,0.47058905722200284,-0.12904674016062256,1.2064166600812367
2021,5876,上海商銀,9232305.0,0.3880165354155869,0.8,44816031.0,0.71,0.79,0.35165768253072777,0.3521461962270008,3781937.0,3106458.0,3048535.0,9936930.0,0.81,1.0013891739624665,1.1126760563380282,-0.17860662406592176,-0.018645994891931528,0.8615330928792443
2021,3376,新日興,2888461.0,0.11752798462572284,1.76,1924853.0,1.99,2.91,0.09594025689534999,0.11843088173258928,855567.0,954311.0,938803.0,2748681.0,1.19,1.2344232292578878,1.4623115577889447,0.11541352109186076,-0.016250467614855157,2.0717251903874727
2021,8150,南茂,6982242.0,0.18383608015877995,1.76,7272401.0,0.75,0.58,0.10038976568923422,0.07446808697730459,2417897.0,2399295.0,2343847.0,7161039.0,1.93,0.7417896283155737,0.7733333333333333,-0.007693462542035512,-0.02311012193165074,1.3427950420405954
2021,6152,百一,875650.0,-0.01989150916462057,-0.1,1677385.0,-0.04,0.26,-0.009377863057269788,0.0458945007372419,329175.0,289351.0,394330.0,1012856.0,0.04,-4.893918844513745,-6.5,-0.12098124098124097,0.3628084921082009,0.5878133530854096
2021,1587,吉茂,626868.0,0.056772717701334255,0.54,653566.0,1.46,0.57,0.25747853519799035,0.07250432769903024,216327.0,196793.0,201499.0,614619.0,0.35,0.281593677870186,0.39041095890410954,-0.09029848331461166,0.023913452206125285,0.1503415816979911
2021,1304,台聚,17746758.0,0.07358014348310829,1.22,11887635.0,0.28,0.56,0.027158557436290538,0.04839532732992917,5995006.0,6074485.0,6396966.0,18466457.0,0.98,1.7819550041807841,2.0,0.013257534688038586,0.05308779262768781,2.036786374670606
2021,1909,榮成,14017272.0,0.06500501666800787,0.71,12776857.0,-0.03,0.27,-0.003946747880156314,0.02693737380791071,5037131.0,5428788.0,5159719.0,15625638.0,0.38,-6.825207645856476,-9.000000000000002,0.07775398336870731,-0.049563364787867936,-5.425958493092033
2021,1616,億泰,795366.0,0.04847202420017954,0.2,1941485.0,0.09,0.04,0.022199149181628092,0.012647819360143682,258305.0,248488.0,257191.0,763984.0,0.12,0.5697434283026916,0.4444444444444445,-0.03800545866320826,0.03502382408808469,0.10867276187549335
2021,1439,中和,19088.0,-0.2037929589270746,-0.04,920000.0,-0.25,0.28,-1.1237810945273632,1.3141015882681282,5312.0,8056.0,5322.0,18690.0,0.5,-1.1693572659903213,-1.12,0.516566265060241,-0.3393743793445879,0.04841253986244882
2021,8215,明基材,4283121.0,0.06418450471046697,0.86,3206745.0,0.24,0.36,0.020669425456894954,0.03038951513895311,1354490.0,1381183.0,1311182.0,4046855.0,0.83,1.4702641446095785,1.5,0.019707048409364436,-0.05068191543046796,1.1909095501632005
2021,3550,聯穎,1283208.0,0.02886593599790525,0.43,850000.0,0.45,0.18,0.04440248796286774,0.01659034479837792,408994.0,419491.0,395002.0,1223487.0,0.07,0.37363547763926763,0.39999999999999997,0.025665413184545516,-0.058377891301601204,0.15524377140509363
2021,4566,時碩工業,1035124.0,0.0199608935741032,0.28,718238.0,-0.13,0.37,-0.012413519051756606,0.026772739210365052,370411.0,394438.0,365227.0,1130076.0,1.08,-2.156740493871197,-2.846153846153846,0.06486578422347078,-0.0740572662877309,-0.6773562533744373
2021,3209,全科,11731081.0,0.018064064172773165,1.12,1891813.0,0.63,0.87,0.011725058089193215,0.01401445599419597,4352677.0,4538119.0,4811027.0,13701823.0,1.01,1.1952568496963656,1.380952380952381,0.04260412615041265,0.060136809986692796,1.5637843271106064
2021,2612,中航,807407.0,0.9978263750500057,4.08,1974846.0,0.67,1.03,0.17887585980471235,0.25878026278115357,300398.0,311717.0,330167.0,942282.0,-1.24,1.4467031105464807,1.537313432835821,0.037680011185160955,0.059188302210017474,6.8878242145458115
2021,6412,群電,9626646.0,0.0685292676182338,1.68,3921472.0,1.78,1.89,0.07451096315171765,0.0758948954823466,3141718.0,3315577.0,3674115.0,10131410.0,2.09,1.0185735396791344,1.0617977528089888,0.05533883053794142,0.10813743731483227,1.8033883212324888
2021,6177,達麗,2641863.0,0.14545720198208612,0.99,3803045.0,-0.35,0.0,-0.3402774766962931,0.023033320613975703,526688.0,377233.0,2149093.0,3053014.0,0.93,-0.06768981843171938,-0.0,-0.2837638222249226,4.696990984351846,-0.0790416340412097
2021,2441,超豐,4813598.0,0.23629393231424808,1.99,5688459.0,1.15,1.27,0.18351657200782534,0.18977035115046645,1755752.0,1811532.0,1759760.0,5327044.0,2.4,1.034077462728404,1.1043478260869566,0.03176986271409632,-0.028579125292846008,2.288217456375437
2021,6674,鋐寶科技,733785.0,0.023809426466880626,0.26,669704.0,0.06,0.39,0.006114141187121527,0.03387306474076303,202281.0,255336.0,270204.0,727821.0,0.23,5.5401181791665675,6.500000000000001,0.2622836549156866,0.058229156875646115,1.433539461360564
2021,3229,晟鈦,114083.0,-0.23773918988806395,-0.29,935159.0,-0.28,-0.39,-0.21685398846230355,-0.40812385662985295,40785.0,41130.0,37379.0,119294.0,0.08,1.8820214445850438,1.3928571428571428,0.008458992276572319,-0.0911986384634087,-0.570766518543698
2021,2705,六福,194837.0,-1.0186360906809282,-1.05,1913128.0,-0.8,0.08,-0.8997310239183663,0.024847643757919508,30118.0,108929.0,87573.0,226620.0,-0.98,-0.027616746669140046,-0.09999999999999999,2.616740819443522,-0.1960543106059911,0.033323129641955086
2021,2836,高雄銀,956187.0,0.24181462412687058,0.21,12034444.0,0.16,0.17,0.198626035112436,0.19787817007000852,331499.0,353014.0,298937.0,983450.0,0.19,0.9962348085838588,1.0625,0.06490215656759135,-0.1531865591732906,0.19686591434315936
2021,2049,上銀,7048502.0,0.1491838975146776,3.18,3407923.0,1.83,2.86,0.10073613645796024,0.15774227640186156,2500543.0,2529149.0,2500398.0,7530090.0,3.84,1.5658956353531728,1.5628415300546448,0.011439915250407662,-0.01136785535371776,5.161728483509808
2021,2397,友通,3271167.0,0.019113973698071666,0.54,1146889.0,0.67,0.92,0.03761378010428097,0.05157081227006855,1220285.0,1202274.0,1317012.0,3739571.0,0.63,1.3710616727989824,1.373134328358209,-0.014759666799149418,0.0954341522814266,0.8544927267790275
2021,2913,農林,77883.0,-0.4384910699382407,-0.04,7900000.0,-0.03,-0.05,-0.3359324585932459,-0.4229294117647059,37123.0,32359.0,31139.0,100621.0,-0.04,1.2589715609374852,1.6666666666666667,-0.1283301457317566,-0.03770203034704411,-0.0703134181687572
2021,1470,大統新創,234504.0,0.12556715450482722,0.34,857670.0,-0.11,0.11,-0.10543732526958408,0.05985662177682977,65108.0,87710.0,90731.0,243549.0,0.15,-0.5676985984212637,-1.0,0.34714628002703196,0.034443050963402166,-0.2024230694916071
2021,2360,致茂,4445386.0,0.10821984862506878,1.14,4216315.0,1.4,1.39,0.1524771141586097,0.14029993566927895,1410514.0,1418059.0,1447171.0,4275744.0,1.89,0.9201376642224235,0.9928571428571429,0.005349113869128619,0.020529470212452328,1.0098069973521977
2021,3481,群創,93235532.0,0.22972894067896776,2.07,105014079.0,-0.49,0.16,-0.07147540573790112,0.020681342880056044,32248243.0,31383671.0,29453973.0,93085887.0,1.77,-0.2893490798204646,-0.326530612244898,-0.026809894728218264,-0.06148732568602311,-0.5892154541142008
2021,2547,日勝生,1132091.0,-0.08097405597253224,-0.11,9000946.0,0.08,0.24,0.05654927588849893,0.10039315297479526,280984.0,633699.0,256871.0,1171554.0,-0.08,1.775321635819803,3.0,1.2552849984340746,-0.5946482478274386,-0.18711004117168603
2021,1414,東和,197354.0,0.15980927673115317,0.14,2200000.0,0.09,0.22,0.15962139312626356,0.30593161462342977,66836.0,66782.0,64505.0,198123.0,0.28,1.9166078470536343,2.4444444444444446,-0.000807947812556109,-0.03409601389595995,0.27583378734612835
2021,2303,聯電,50907741.0,0.23460233680374856,0.98,124232695.0,0.55,0.76,0.1505146863015717,0.20294581819920965,18366122.0,18789991.0,18750564.0,55906677.0,1.43,1.348345621188,1.3818181818181816,0.023078851376463705,-0.00209829797151051,1.4235126652998402
2021,2324,仁寶,260994034.0,0.009452285028093784,0.57,44071466.0,0.45,0.51,0.007535314228177298,0.008128353170713132,107988216.0,102386413.0,126488573.0,336863202.0,1.0,1.0787012889679166,1.1333333333333333,-0.05187420634858897,0.23540389094400638,0.7793527676114269
2021,6215,和椿,557781.0,0.09720660976261293,0.65,827897.0,0.55,0.14,0.09597309193307654,0.03325466518781672,188470.0,173261.0,170067.0,531798.0,0.83,0.34649988364452916,0.2545454545454546,-0.08069719318724466,-0.018434615983977887,0.21635616789614
2021,1614,三洋電,1597213.0,0.06880985817170283,0.42,2691134.0,0.48,0.55,0.0774499186688055,0.08747832963289638,565435.0,482311.0,455565.0,1503311.0,0.43,1.1294825241453743,1.1458333333333335,-0.14700894001963094,-0.055453846169794985,0.43415388387280285
2021,2451,創見,3794184.0,0.21621618772310464,1.92,4290617.0,0.62,0.47,0.10645093288941063,0.07388028176145758,1320580.0,1141520.0,1061642.0,3523742.0,1.55,0.6940313227523339,0.7580645161290323,-0.13559193687622106,-0.06997512089144298,1.2323998328329078
2021,1413,宏洲,763212.0,0.03317426874839494,0.19,1321124.0,-0.48,-0.28,-0.20491267916279648,-0.12382748442112168,247247.0,260225.0,244586.0,752058.0,0.22,0.6042939115677891,0.5833333333333334,0.05249002010135606,-0.060097992122201904,0.11411883527040227
2021,3694,海華,2877513.0,0.019382014955275615,0.37,1504418.0,1.21,0.95,0.06842890353159124,0.05056513347899377,944044.0,1110886.0,977465.0,3032395.0,0.81,0.7389440845804232,0.7851239669421487,0.17673116930990496,-0.12010323291498859,0.2886873487547605
2021,3266,昇陽,198943.0,-0.10388402708313436,-0.06,3523143.0,0.17,0.38,0.09911605502309181,0.1029913435630888,393782.0,36834.0,47150.0,477766.0,0.5,1.0390984945788462,2.235294117647059,-0.9064609352382791,0.28006732909811594,-0.1463829386965375
2021,1225,福懋油,3169164.0,0.03212456029413435,0.47,2187030.0,0.29,0.39,0.026092993913993827,0.0341578055231694,1084754.0,1052440.0,1045897.0,3183091.0,0.13,1.309079580356257,1.3448275862068968,-0.029789242537939464,-0.006216981490631324,0.6120650127634468
2021,1516,川飛,424825.0,0.04516212558112164,0.56,356842.0,0.26,0.18,0.04993476180811273,0.03473163319781528,134181.0,628.0,72982.0,207791.0,0.2,0.6955401796303863,0.6923076923076923,-0.9953197546597506,115.21337579617834,0.1829141762490363
2021,3014,聯陽,1830625.0,0.2539935814271082,2.88,1610801.0,1.47,2.06,0.20341728439500117,0.22706466025272046,705951.0,704560.0,710051.0,2120562.0,3.46,1.1162505729444316,1.401360544217687,-0.0019703917127392723,0.007793516520949284,3.732445893625014
2021,1457,宜進,1103089.0,0.10009165171622599,0.5,3016476.0,2.45,0.8,1.220655751568387,0.31352605124085964,350585.0,356213.0,325191.0,1031989.0,0.14,0.25685050911202334,0.32653061224489793,0.01605316827588177,-0.0870883432103825,0.08795357178742641
2021,3034,聯詠,34111302.0,0.28688638152832746,16.08,6085115.0,4.21,5.59,0.13738325812045465,0.15477112285873393,12499127.0,12914781.0,12931679.0,38345587.0,20.16,1.1265646555203543,1.327790973871734,0.0332546425042326,0.001308423270979242,20.366324291305332
2021,4952,凌通,947846.0,0.18501739734091824,1.61,1088158.0,0.73,0.91,0.10753507703640376,0.1157953840934879,330585.0,335059.0,345026.0,1010670.0,2.03,1.0768150010650737,1.2465753424657535,0.01353358440340613,0.029746999782128025,1.8504232636697802
2021,4142,國光生,88016.0,-1.8516746955099073,-0.38,4295078.0,-0.36,,-2.262361875168445,0.2595621647960811,52811.0,235780.0,464745.0,753336.0,0.37,-0.11473061301333823,1.0,3.464600177993221,0.9710959368903216,0.37261614833142753
2021,2380,虹光,901825.0,0.03913176059656807,0.2,1794441.0,-0.71,-0.46,-0.44425610967411683,-0.16581999219055057,260198.0,205634.0,180988.0,646820.0,-0.29,0.3732531496577222,0.647887323943662,-0.20970184244306256,-0.11985372068821298,0.052648636166386605
2021,6176,瑞儀,14031751.0,0.07416515586686223,2.24,4650273.0,3.74,3.26,0.11429552826476143,0.09599488074609325,4519213.0,4580571.0,4644208.0,13743992.0,3.27,0.8398830838221825,0.8716577540106951,0.013577142745871962,0.01389280943358373,1.8409974723371543
2021,2890,永豐金,11154145.0,0.3744801596177923,0.37,112710541.0,0.29,0.32,0.33646888382473816,0.33204624880356565,4649607.0,4008782.0,3604781.0,12263170.0,0.38,0.9868557384240136,1.1034482758620692,-0.13782347626369285,-0.1007789897280521,0.4020876170240487
2021,9933,中鼎,16013693.0,0.01996054251820614,0.42,7633819.0,0.2,0.28,0.011564001055687516,0.014966311363504809,5280140.0,5615517.0,5876875.0,16772532.0,0.64,1.294215669077956,1.4000000000000001,0.0635166870575401,0.046542108233311286,0.5675913459992296
2021,2504,國產,5484857.0,0.14033328489694444,0.65,11800000.0,0.56,0.56,0.16749487934592427,0.15309856859701004,1710816.0,1710963.0,1854854.0,5276633.0,0.65,0.9140492485195217,1.0,8.592390999373478e-05,0.08409942237207946,0.5735947518361465
2021,1524,耿鼎,457877.0,-0.010727771868864346,-0.03,1653104.0,-0.06,0.06,-0.03675252947325897,0.02132209430599949,161428.0,166369.0,161959.0,489756.0,0.17,-0.5801531108631143,-1.0,0.030608072948930864,-0.026507342113013865,0.01843876134773105
2021,1710,東聯,7275444.0,0.006455963374881313,0.06,8857031.0,-0.17,-0.2,-0.029764957317387368,-0.04009303653210001,2439130.0,2370831.0,2173419.0,6983380.0,0.26,1.346987872503329,1.1764705882352942,-0.02800137754035248,-0.08326700637877604,0.0685649642011919
2021,1532,勤美,3308803.0,0.017470366171694115,0.16,3761221.0,0.18,0.33,0.03002120032707856,0.03748370661086812,1794654.0,1665213.0,2187890.0,5647757.0,0.79,1.2485745474027072,1.8333333333333335,-0.07212588053184621,0.313879966106438,0.3275394650988273
2021,2006,東和鋼鐵,14935680.0,0.10050409489223122,1.37,10898714.0,0.7,0.79,0.06987843427812367,0.07637761647715557,4932499.0,4606354.0,4669117.0,14207970.0,1.31,1.0930069808542713,1.1285714285714288,-0.06612165557458805,0.013625309735204816,1.432067430924114
2021,2404,漢唐,5990549.0,0.09290333824162025,2.92,1905867.0,5.85,6.76,0.11144455176711208,0.10767027839198835,2113393.0,2140297.0,2019948.0,6273638.0,3.5,0.966133172817538,1.1555555555555557,0.0127302399506386,-0.05623004657764785,2.954576089376483
2021,3013,晟銘電,1089515.0,-0.03911006273433592,-0.27,1559350.0,0.27,0.17,0.02594608052354531,0.016845916919143625,405731.0,469170.0,527308.0,1402209.0,-0.33,0.6492663469481044,0.6296296296296297,0.15635729091442352,0.12391670396657939,-0.2283392399709357
2021,1783,和康生,121074.0,0.17666881411368254,0.31,694650.0,0.29,0.18,0.17645441264930825,0.10601096695141345,35208.0,47965.0,55392.0,138565.0,0.42,0.6007838815689093,0.6206896551724138,0.36233242444898894,0.1548420723444177,0.21172184620953446
2021,2613,中櫃,772802.0,0.06535826770634652,0.37,1484235.0,-0.09,0.25,-0.017248481103902792,0.04529527619674993,247604.0,275229.0,273886.0,796719.0,0.45,-2.6260443411739613,-2.7777777777777777,0.11156927997932176,-0.004879573010111549,-0.9213085330013383
2021,1503,士電,7019940.0,0.06663148118075084,0.9,5209722.0,0.77,0.79,0.06682986294225904,0.06873347372948171,2189672.0,2339338.0,2156922.0,6685932.0,0.7,1.028484433506431,1.025974025974026,0.06835087629562775,-0.07797761588962349,0.8794772229687622
2021,6164,華興,238934.0,0.03257384884528782,0.08,1000002.0,-0.06,-0.11,-0.031465159784767896,-0.06158141157995754,85627.0,80146.0,87176.0,252949.0,0.12,1.9571301083863795,1.8333333333333335,-0.06401018370373834,0.08771492027050631,0.16125785295401376
2021,2354,鴻準,22532634.0,0.06745341001855354,1.07,14144852.0,1.04,1.18,0.06428357106988197,0.04592861296925781,9482670.0,11340589.0,12500636.0,33323895.0,0.81,0.7144689102497014,1.1346153846153846,0.1959278346710367,0.10229160055090603,1.1353887712991961
2021,9924,福興,2604092.0,0.05196052981231078,0.71,1884521.0,1.3,1.45,0.10906689158734197,0.10461533072869275,941940.0,815764.0,627651.0,2385355.0,1.18,0.9591850396223647,1.1153846153846154,-0.13395333036074486,-0.23059732961984103,0.6308527604918024
2021,2023,燁輝,23129569.0,0.0505493638900059,0.62,18905695.0,-0.28,0.6,-0.04150715805193613,0.0833014824027088,8464226.0,7965598.0,7971658.0,24401482.0,0.96,-2.006918476530656,-2.142857142857143,-0.05891005273252392,0.0007607715076758392,-1.3093898872159337
2021,1809,中釉,534453.0,0.014940509268354748,0.05,1670419.0,-0.14,0.06,-0.06545541701010739,0.017976214363992778,212538.0,185060.0,153950.0,551548.0,0.04,-0.27463295148233424,-0.4285714285714285,-0.12928511607336102,-0.16810764076515727,-0.01354802341263271
2021,1419,新紡,634279.0,0.04755320608123555,0.1,3000413.0,0.04,0.84,0.026334329260495018,0.535895713684497,166922.0,223987.0,257212.0,648121.0,1.02,20.349700513861634,21.0,0.3418662608883192,0.1483345015558939,2.090320500400851
2021,3048,益登,23395117.0,0.010124121200163264,1.07,2225726.0,0.56,1.03,0.005466728834088604,0.007554001136238732,8417689.0,9956545.0,10982199.0,29356433.0,1.01,1.3818137620316249,1.8392857142857142,0.18281217089393542,0.10301304317913496,1.8451787102386374
2021,6216,居易,214328.0,0.16281587100145573,0.4,870856.0,0.27,0.35,0.12115491219445867,0.13577763179504024,79014.0,66900.0,91085.0,236999.0,0.4,1.1206944013719518,1.296296296296296,-0.15331460247551065,0.3615097159940208,0.4965741459955086
2021,3704,合勤控,6084387.0,0.06035283422964384,0.83,4485238.0,0.38,0.88,0.03345550751574154,0.0625005501531211,1881295.0,2175800.0,2267408.0,6324503.0,0.98,1.8681692430973655,2.3157894736842106,0.1565437637372129,0.04210313447927194,1.5898450444582068
2021,1609,大亞,7171922.0,0.050283313176021714,0.61,5950680.0,0.54,0.29,0.0754369888476718,0.03555819532830117,2347019.0,2238712.0,2373865.0,6959596.0,-0.03,0.4713628668305283,0.537037037037037,-0.04614662258805746,0.06037087396681673,0.27720220818327496
2021,8103,瀚荃,1001504.0,0.08961921270409304,1.13,789534.0,1.16,0.77,0.10836152663863491,0.07402569575002027,403536.0,389104.0,370179.0,1162819.0,1.32,0.6831363311895918,0.6637931034482759,-0.03576384758732798,-0.048637382293679865,0.9016745043435622
2021,2420,新巨,730140.0,0.20852165338154327,1.0,1526487.0,0.66,0.86,0.1794393288170329,0.19470668437309352,236843.0,237241.0,238487.0,712571.0,1.14,1.0850836639699435,1.303030303030303,0.0016804380961228382,0.005252043280883134,1.0562079170532814
2021,1309,台達化,5567940.0,0.0973667101297787,1.57,3442310.0,0.94,1.91,0.09141747736129412,0.15887810762069665,1696625.0,1846662.0,1813435.0,5356722.0,0.71,1.7379401861286228,2.0319148936170213,0.08843262359095272,-0.01799300575849827,2.6332642998468154
2021,2538,基泰,54454.0,-2.276949351746428,-0.28,4384488.0,-0.18,-0.13,-2.2259812823019973,-1.1455425744658456,18122.0,19391.0,19118.0,56631.0,-0.06,0.514623632989934,0.7222222222222223,0.07002538351175369,-0.014078696302408322,-0.15134861165217314
2021,8131,福懋科,2466909.0,0.1453296412636218,0.81,4422222.0,0.77,0.81,0.14413008132805386,0.1490702587818227,808584.0,819169.0,820879.0,2448632.0,0.93,1.0342758250619766,1.051948051948052,0.01309078586764012,0.0020874813377946833,0.8322878509264654
2021,1325,恆大,402108.0,0.3462751300645598,1.63,852812.0,7.21,8.04,0.495482465581362,0.5178490531847423,74714.0,44447.0,49959.0,169120.0,-0.29,1.0451410274975865,1.115117891816921,-0.40510479963594503,0.12401286926001753,0.7176916026712362
2021,2476,鉅祥,1611618.0,0.12200223626194297,1.06,1849683.0,0.57,0.52,0.08992866905569798,0.07805026181581386,596262.0,582832.0,604849.0,1783943.0,1.13,0.8679130096707298,0.912280701754386,-0.02252365570839665,0.037775894254261866,1.0212396269118666
2021,6504,南六,1750329.0,0.01513372628802928,0.37,726000.0,5.63,6.57,0.1591481427908063,0.17258331902123314,445059.0,454434.0,538726.0,1438219.0,0.26,1.0844193089207885,1.16696269982238,0.021064622892695173,0.18548788162857544,0.32511089076614624
2021,6277,宏正,1220718.0,0.10750722116000583,1.09,1194711.0,7.62,1.37,0.8408003170377295,0.13464208609211814,393092.0,449460.0,427943.0,1270495.0,1.21,0.1601356271682713,0.17979002624671916,0.14339645680909308,-0.04787300315934673,0.18307780603126902
2021,8011,台通,373494.0,-0.07034651159054764,-0.18,1476424.0,0.02,-0.12,0.004323392650952659,-0.04786287786037514,163768.0,140215.0,101450.0,405433.0,-0.49,-11.070675676387747,-6.0,-0.14381930535880028,-0.2764682808544021,2.1385760202096713
2021,3022,威強電,1619782.0,0.1382414423669358,1.27,1765978.0,1.53,1.46,0.16633131098745296,0.16710146971009304,544766.0,516569.0,505231.0,1566566.0,1.19,1.0046302690579898,0.9542483660130718,-0.05175983816904872,-0.021948665134764234,1.2319921005885917
2021,4919,新唐,10614689.0,0.08848050093601423,2.37,4100428.0,1.16,0.41,0.10867708848527771,0.02129280592316733,3491742.0,3252233.0,3636179.0,10380154.0,1.56,0.19592727611627014,0.35344827586206895,-0.06859298310127149,0.11805611713551878,0.43885098732822775
2021,9934,成霖,4866317.0,0.01619068383748942,0.22,3581640.0,0.06,0.48,0.007125118250546455,0.03545882897870742,1659018.0,1554146.0,1672492.0,4885656.0,0.01,4.976595156997981,8.0,-0.06321329846933543,0.07614857291399901,1.0991031641084166
2021,2516,新建,2070043.0,0.0018192858795686854,0.02,2262785.0,-0.89,-1.94,-0.1297956554110617,-0.22769533196166844,766920.0,898222.0,617189.0,2282331.0,0.06,1.7542600423762977,2.1797752808988764,0.17120690554425488,-0.31287699477412045,0.03219068794811569
2021,5534,長虹,258666.0,0.06714450294974987,0.06,2903260.0,0.81,1.03,0.24049995978709846,0.3065652828455513,95221.0,163096.0,127056.0,385373.0,-0.03,1.2746999339082505,1.2716049382716048,0.7128154503733419,-0.22097415019375088,0.11360927274415437
2021,2413,環科,967479.0,-0.037967749170783036,-0.29,1273592.0,-0.29,0.3,-0.04248287147805182,0.03462453250565822,383351.0,329603.0,308767.0,1021721.0,0.11,-0.8150233564966649,-1.0344827586206897,-0.14020571225847855,-0.06321544403418655,0.24824865479545988
2021,1802,台玻,15113944.0,0.19964557232711727,1.04,29080608.0,-0.11,0.48,-0.033262578908527164,0.11519743539370993,5311638.0,5287484.0,4842494.0,15441616.0,1.22,-3.4632743212877584,-4.363636363636363,-0.004547373145534439,-0.08415911991412173,-3.6714349836158116
2021,5522,遠雄,5049891.0,0.1830386041995758,1.19,7815962.0,0.86,1.57,0.14673628433557248,0.1810694754141811,2334201.0,2901807.0,3905562.0,9141570.0,1.82,1.2339788773722236,1.8255813953488373,0.24316929004828625,0.34590687802462394,2.6417320851615704
2021,1504,東元,13486642.0,0.10652065947920913,0.68,21387966.0,0.76,0.42,0.1316071717977474,0.07005505244627117,4251967.0,4386806.0,4413724.0,13052497.0,0.75,0.5323042163228846,0.5526315789473684,0.0317121464018888,0.006136127287142301,0.3460332802830085
2021,8222,寶一,83980.0,-0.43691355084543937,-0.53,685735.0,-0.06,-0.34,-0.05326712854041828,-0.3187434440857139,33540.0,25340.0,33160.0,92040.0,-0.22,5.983867590006401,5.666666666666667,-0.24448419797257004,0.308602999210734,-3.509116470283948
2021,6706,惠特,1380644.0,0.13437859433713542,2.57,721779.0,0.65,1.17,0.05810056611835078,0.12337284098705809,502284.0,503188.0,506957.0,1512429.0,4.49,2.1234361251445946,1.7999999999999998,0.0017997786113035374,0.007490242215633103,5.979158268161427
2021,2364,倫飛,235862.0,0.041753228582815376,0.05,1959324.0,-0.04,0.14,-0.042568813327024425,0.10771852934015096,74986.0,77875.0,90343.0,243204.0,0.8,-2.5304564755571146,-3.5000000000000004,0.038527191742458555,0.1601027287319423,-0.13114549906824965
2021,8210,勤誠,2338238.0,0.0759982516749792,1.48,1208610.0,2.17,1.96,0.11854726773620225,0.11063934882294942,788938.0,921640.0,935660.0,2646238.0,1.8,0.9332931153601114,0.9032258064516129,0.1682033315672462,0.015212013367475352,1.5529747053769436
2021,2855,統一證,4362357.0,0.478575228941602,1.49,14558313.0,1.12,0.91,0.5489099760624419,0.4218479930466825,800347.0,904970.0,369292.0,2074609.0,0.15,0.7685194502617215,0.8125,0.1307220493111112,-0.5919290142214659,0.524119459445535
2021,1418,東華,14648.0,-3.439377389404697,-0.92,568343.0,-1.22,-1.12,-3.163299422075751,-3.671344608372316,2766.0,4421.0,747.0,7934.0,-0.6,1.160606100943548,0.918032786885246,0.5983369486623282,-0.8310337027821759,-0.5572452328178249
2021,2886,兆豐金,14655147.0,0.4289541415040054,0.46,135998240.0,0.69,0.56,0.4808186811119038,0.491642932598666,5356742.0,5948412.0,4615217.0,15920371.0,0.53,1.0225121275690263,0.8115942028985509,0.11045333152128656,-0.22412620376665238,0.5134512659431024
2021,3010,華立,16865834.0,0.037978969791828854,2.77,2313901.0,1.9,2.75,0.029712496607173778,0.039350967779941355,6134070.0,6058979.0,6563249.0,18756298.0,3.46,1.3243911577070393,1.4473684210526316,-0.012241627500175212,0.08322689350796564,4.077198004083368
2021,4119,旭富,176572.0,0.02124345875903314,0.05,794853.0,3.04,2.38,0.33199985712754937,0.2782944308999978,92919.0,65351.0,69984.0,228254.0,0.22,0.8382365983762494,0.7828947368421052,-0.29668851365167515,0.0708940949641168,0.051135608218572916
2021,1217,愛之味,1178395.0,0.09661531150420699,0.23,4945134.0,0.1,0.36,0.05067975755147022,0.10772730442271533,441314.0,605106.0,463500.0,1509920.0,0.18,2.1256475884539854,3.5999999999999996,0.37114616803455136,-0.234018502543356,0.6270657727186487
2021,3031,佰鴻,445182.0,0.2648197815724805,0.68,1816742.0,0.27,0.22,0.13083139636811952,0.10104870856912954,128650.0,123386.0,124038.0,376074.0,0.28,0.7723582517212412,0.8148148148148148,-0.0409172172561213,0.005284229977469135,0.42339845287461003
2021,5007,三星,1867520.0,0.13616293265935572,0.86,2949401.0,0.28,0.43,0.10245681630415332,0.09562385318345762,679852.0,547791.0,745429.0,1973072.0,0.96,0.933308847891473,1.5357142857142856,-0.19424963080199809,0.36079088557497285,0.8501457537850016
2021,2338,光罩,1492111.0,-0.01383409143153559,-0.1,2527136.0,0.69,1.32,0.12285434728195326,0.2330741526546117,514829.0,538507.0,557073.0,1610409.0,2.87,1.897158365260789,1.9130434782608698,0.04599197014931167,0.03447680345845083,-0.1672483343718675
2021,1709,和益,2464805.0,0.1132552068013494,0.59,4770163.0,0.27,0.38,0.0638290970961486,0.08582487225226186,619917.0,785104.0,813711.0,2218732.0,0.59,1.3446042033616745,1.4074074074074074,0.2664663172650532,0.036437210866331116,0.7083114619263258
2021,2449,京元電子,7597326.0,0.11385492737839603,0.7,12227451.0,0.89,0.79,0.14188218531509164,0.13069259594789334,2957152.0,3044565.0,2995305.0,8997022.0,1.25,0.9211346417991203,0.8876404494382023,0.029559860298016494,-0.016179651280232132,0.7716809822770259
2021,5533,皇鼎,922412.0,0.21291895595460597,0.69,2852450.0,0.35,0.14,0.0694751270081689,0.06708816756455932,42785.0,738145.0,229305.0,1010235.0,0.38,0.9656429639440758,0.4000000000000001,16.252424915274045,-0.6893496535233592,0.7281741853231924
2021,2388,威盛,1617772.0,-0.3004032706710216,-0.99,4943959.0,-0.22,-0.08,-0.07227253898029859,-0.02357470557741194,644246.0,581592.0,650115.0,1875953.0,-0.7,0.326191744610472,0.36363636363636365,-0.09725167094557052,0.1178197086617423,-0.37181312406956873
2021,9927,泰銘,2413898.0,0.07377776525768695,0.86,2091482.0,0.22,0.94,0.02564076456604639,0.08814062420035608,791022.0,661035.0,639194.0,2091251.0,1.08,3.437519344375256,4.2727272727272725,-0.1643279200831329,-0.033040610557686034,2.5358448426567652
2021,4904,遠傳,19497981.0,0.10116980829963881,0.6,32585008.0,0.68,0.64,0.11988371028907018,0.11047194725902518,6717302.0,6520494.0,7465866.0,20703662.0,1.03,0.9214925613550762,0.9411764705882353,-0.029298667828244085,0.1449847204828345,0.592341414120513
2021,6438,迅得,1219601.0,0.12940133699464004,2.57,625608.0,2.03,1.4,0.14050478017693685,0.0932143952276085,501989.0,420838.0,462699.0,1385526.0,2.87,0.6634250814116371,0.6896551724137931,-0.1616589208130058,0.0994705801282203,1.9012666757991525
2021,2062,橋椿,2387621.0,0.04254862894906687,0.63,1630142.0,-0.53,0.11,-0.057848701844543875,0.00814531669446875,1015858.0,900698.0,904141.0,2820697.0,0.86,-0.14080379394437514,-0.20754716981132074,-0.11336230063650632,0.003822590923927782,-0.10366470757366233
2021,1521,大億,1241248.0,0.02846248292041558,0.46,762300.0,0.23,0.22,0.019612731374643033,0.017075237734815972,391699.0,356022.0,363654.0,1111375.0,0.12,0.8706200787969929,0.9565217391304347,-0.09108269359891141,0.021436877496334494,0.3612735489832957
2021,6191,精成科,6795419.0,0.09430897491383533,1.25,5155469.0,0.85,1.2,0.07834040270969916,0.09923613808401391,2449778.0,2400987.0,2356787.0,7207552.0,1.82,1.266729996930788,1.411764705882353,-0.019916498556195705,-0.018409095925967067,1.6701546381276506
2021,2108,南帝,7205177.0,0.3518078736997023,5.15,4924167.0,0.86,1.65,0.15534369285131266,0.23633879068440436,1868777.0,1876130.0,1710059.0,5454966.0,3.0,1.521392895626707,1.9186046511627906,0.003934658870480501,-0.08851785324044714,5.9293380791516945
2021,3622,洋華,319515.0,0.046013489194560504,0.09,1513276.0,0.14,0.94,0.0834895785163574,0.52636723774245,172735.0,96236.0,153876.0,422847.0,0.99,6.304586118365939,6.7142857142857135,-0.4428691348018641,0.598944262022528,0.8106004821659442
2021,3679,新至陞,1174518.0,0.0637776517686404,1.19,625612.0,3.77,3.88,0.21225636554991936,0.16224665847649353,345003.0,367646.0,349341.0,1061990.0,2.26,0.7643900716764872,1.0291777188328912,0.06563131335089833,-0.04978974339446096,0.8275589108388576
2021,1312,國喬,5933076.0,0.2785855094389487,1.82,9266203.0,0.76,1.56,0.19133603690967835,0.3330410133052131,1903047.0,1877342.0,1871954.0,5652343.0,1.61,1.7406078786006614,2.0526315789473686,-0.013507285947220393,-0.0028700151597311763,2.9579182421402272
2021,2331,精英,7436937.0,0.013052013214580143,0.18,5574030.0,0.36,0.19,0.026188845735945456,0.01610607919043808,2229070.0,2969307.0,3194082.0,8392459.0,0.14,0.6149976731632624,0.5277777777777778,0.33208333520257316,0.0756994813941434,0.1208567479379958
2021,6235,華孚,662700.0,0.0465489663497812,0.18,1708997.0,3.49,0.06,1.5517947339714961,0.021310905428735854,224291.0,208783.0,225809.0,658883.0,0.1,0.013733069820513581,0.017191977077363894,-0.0691423195759081,0.0815487851022354,0.002464589941473815
2021,2007,燁興,1753638.0,0.0044849621187497074,0.02,5306516.0,-0.22,-0.18,-0.09181387807237283,-0.07099517469288058,650045.0,754049.0,555749.0,1959843.0,0.02,0.7732510180750476,0.8181818181818181,0.15999507726388162,-0.26298025725118657,0.012808287983093043
2021,2498,宏達電,1349180.0,-0.4111319468121377,-0.67,8189294.0,-2.23,-1.7,-1.357932222415762,-0.9101854992303477,373804.0,366303.0,600857.0,1340964.0,-0.94,0.670273143390859,0.7623318385650224,-0.020066665953280327,0.6403278160430026,-0.45123595671398353
2021,6024,群益期,652498.0,0.19412473294937302,0.6,2104376.0,0.67,0.82,0.2539753131558871,0.2756688187818633,238238.0,191696.0,177120.0,607054.0,0.51,1.0854158042229125,1.2238805970149251,-0.19535926258615333,-0.07603705867623733,0.6078284126937721
2021,3705,永信,1919083.0,0.0978290152119528,0.71,2664230.0,0.63,0.65,0.0873404181870455,0.08948127312598798,653249.0,666505.0,705029.0,2024783.0,0.65,1.0245116176837819,1.0317460317460319,0.020292415296464306,0.05780001650400224,0.7617129530007071
2021,2485,兆赫,1512150.0,-0.08950236418344741,-0.43,3176890.0,-0.01,-0.12,-0.00048483285450800633,-0.01598638516305722,584491.0,557053.0,592984.0,1734528.0,-0.1,32.97298236787133,12.0,-0.04694340888054738,0.06450194146696986,-16.112831849948357
2021,6405,悅城,138742.0,0.06153147568868836,0.13,658000.0,1.25,0.92,0.6290459933254057,0.5268104403212407,51767.0,54193.0,55464.0,161424.0,0.17,0.8374752337842513,0.736,0.04686383217107415,0.023453213514660565,0.126418756624104
2021,1732,毛寶,162565.0,0.0627625872727832,0.24,424439.0,0.26,0.02,0.0668328814872192,0.0036914409302698154,43092.0,48631.0,46904.0,138627.0,-0.01,0.05523390355353373,0.07692307692307693,0.1285389399424488,-0.03551232752770861,0.011322416270675812
2021,1540,喬福,114651.0,-0.12790991792483275,-0.17,854736.0,-0.45,-0.17,-1.293735421526158,-0.23207088478024437,21409.0,21460.0,10495.0,53364.0,-0.03,0.17938048299433698,0.37777777777777777,0.002382175720491375,-0.510950605778192,-0.01432503819925082
2021,1468,昶和,304042.0,-0.08216299063945112,-0.16,1604053.0,-0.05,0.13,-0.02701317771948207,0.09656294506841659,81802.0,88023.0,134801.0,304626.0,-0.02,-3.574660710826879,-2.6,0.07604948534265676,0.5314292855276461,0.5577753529892568
2021,9906,欣巴巴,37.0,-835.5945945945946,-0.37,833439.0,-0.2,-0.2,-0.5584628522630231,-0.2702283915745299,12.0,165255.0,799126.0,964393.0,3.17,0.4838789016664238,1.0,13770.25,3.8357145018305046,-4678.563609506979
2021,2312,金寶,31868708.0,0.0014490075970447248,0.03,14691292.0,0.19,0.11,0.00897609026615598,0.004438390143002401,12230873.0,12165517.0,11525834.0,35922224.0,0.04,0.4944680825834817,0.5789473684210527,-0.005343526991082315,-0.05258165353761779,0.017519114535619534
2021,2454,聯發科,125653403.0,0.21894092275399815,17.44,15904087.0,4.58,8.43,0.10656246545551723,0.13622394485293582,40359813.0,42808189.0,47906318.0,131074320.0,17.92,1.2783482839912361,1.8406113537117903,0.06066371021094663,0.11909237739536227,23.066675575804812
2021,6224,聚鼎,817377.0,0.18288500899829577,1.76,847216.0,1.19,1.3,0.2321675891804065,0.21801201894276184,336474.0,312974.0,302972.0,952420.0,1.59,0.939028654741963,1.092436974789916,-0.06984194915506103,-0.031957926217513255,1.9305955941855084
2021,3024,憶聲,347163.0,0.4883498529509193,0.62,2771575.0,0.09,0.16,0.06514074378467229,0.12123241091566955,148827.0,102619.0,160024.0,411470.0,0.08,1.861084228887723,1.777777777777778,-0.3104812970764713,0.5593993315078105,1.34930034513112
2021,3504,揚明光,1097900.0,0.011581200473631478,0.11,1140598.0,-0.31,-0.42,-0.03379847062932389,-0.04376085789909317,380802.0,315157.0,446465.0,1142424.0,0.3,1.2947585226275242,1.3548387096774193,-0.17238617444236115,0.41664313342238946,0.15018863502733432
2021,2548,華固,1705796.0,0.1924028430128808,1.19,2768127.0,5.92,1.54,0.2402700889789257,0.21159386409080508,508886.0,1388742.0,3749494.0,5647122.0,4.17,0.8806500425833869,0.26013513513513514,1.7289844876848646,1.699921223668615,3.4566547492383193
2021,3708,上緯投控,2796540.0,0.013449119268810745,0.41,935046.0,2.73,2.41,0.10612761250934061,0.07356278259192188,708797.0,754049.0,907198.0,2370044.0,-0.1,0.6931540327023507,0.8827838827838829,0.06384338534164224,0.20310218566697924,0.23629091896978047
2021,3617,碩天,2113437.0,0.016259297059718365,0.42,809510.0,1.01,2.9,0.04095703219480959,0.08704518518160631,813590.0,822709.0,635588.0,2271887.0,0.62,2.1252805810631314,2.871287128712871,0.011208348185203887,-0.22744494104233692,0.9698008227772865
2021,6196,帆宣,8010358.0,0.050175410387400914,2.14,1873382.0,1.3,1.26,0.042180842424640354,0.03526844005839937,2739920.0,2816944.0,2813212.0,8370076.0,2.38,0.836124601385319,0.9692307692307692,0.028111769686706145,-0.0013248399684196999,1.874411730493955
2021,2461,光群雷,1528159.0,0.07883930926035838,0.8,1593246.0,0.29,0.39,0.03382324512456514,0.03917925561937647,472845.0,518321.0,466812.0,1457978.0,0.82,1.1583529455877482,1.3448275862068968,0.09617527942560455,-0.09937664111621947,0.8357027898123182
2021,3059,華晶科,2302341.0,0.026618993450579213,0.23,2793145.0,0.19,0.15,0.03304599492700598,0.02566056423033473,894091.0,868201.0,708070.0,2470362.0,0.36,0.7765105661674088,0.7894736842105263,-0.028956784040998107,-0.18444000870766097,0.18281259588055201
2021,1409,新纖,11008685.0,0.09849732279559276,0.67,16184093.0,0.88,0.44,0.20269131274295632,0.09117915042511093,3661437.0,4049279.0,3733900.0,11444616.0,0.75,0.44984241895329813,0.5,0.1059261705172041,-0.07788522351756944,0.3133269074416796
2021,6449,鈺邦,710165.0,0.10445037420881063,0.84,889535.0,0.97,1.06,0.13717151454363088,0.12024318240028038,238370.0,239362.0,244759.0,722491.0,0.97,0.8765900325612719,1.0927835051546393,0.0041615975164659424,0.022547438607631864,0.7436625803324332
2021,4766,南寶,4599253.0,0.06911187534149567,2.63,1205707.0,1.94,3.34,0.07009777929747395,0.10026739968023746,1531198.0,1306960.0,1369446.0,4207604.0,0.97,1.4303933831446027,1.7216494845360824,-0.14644611604769597,0.04781018546856819,3.4498582200508277
2021,3041,揚智,694085.0,-0.03134486410165902,-0.11,1938699.0,-0.37,-0.37,-0.142756582592813,-0.13629315620802188,229345.0,241321.0,239936.0,710602.0,0.0,0.9547241446425845,1.0,0.052218273779676805,-0.005739243580127673,-0.1096883077470935
2021,2419,仲琦,2335201.0,0.00836416222843344,0.06,3289862.0,0.35,0.29,0.04433816555809129,0.030606992380485882,734076.0,738459.0,695982.0,2168517.0,0.1,0.6903080448915957,0.8285714285714285,0.005970771418763121,-0.05752113522890234,0.03805840054569079
2021,9941,裕融,7873155.0,0.16287307947068233,3.71,4821465.0,2.57,1.83,0.11244208070450727,0.10781669781076496,2687872.0,2732555.0,2687663.0,8108090.0,2.62,0.9588643071636356,0.7120622568093385,0.01662393149673802,-0.01642858057751806,2.6263100931247623
2021,9902,台火,146416.0,0.628913506720577,0.94,980496.0,0.18,0.02,0.1558717096199416,0.029873564799951076,12894.0,31927.0,352.0,45173.0,0.08,0.19165482224318384,0.11111111111111112,1.476112920738328,-0.9889748488739938,0.05553205948984401
2021,2308,台達電,78769884.0,0.09635132889112799,2.93,25975433.0,2.92,3.23,0.10746888748029176,0.1080028894557381,26377260.0,25923957.0,27344955.0,79646172.0,2.45,1.0049688983292422,1.106164383561644,-0.017185371035505548,0.054814085673726476,2.969015342760609
2021,3044,健鼎,15043357.0,0.08841477337804321,2.53,5256059.0,2.5,3.81,0.1010572050152498,0.1273883493557501,5343537.0,5307814.0,5518383.0,16169734.0,3.04,1.2605568235983458,1.524,-0.006685272320562152,0.03967151071985575,3.428703334242546
2021,2606,裕民,3371534.0,0.3061813999206296,1.22,8450557.0,0.12,0.88,0.06398510901006342,0.28608059581162354,1384918.0,1264382.0,1459377.0,4108677.0,2.1,4.471049596346385,7.333333333333334,-0.08703475584836073,0.15422158809600273,6.65587193719916
2021,8101,華冠,172173.0,-0.9821226324685055,-0.81,2080888.0,-0.59,-0.86,-0.2037220094983922,-0.1596828484476337,70944.0,62731.0,70295.0,203970.0,-0.3,0.7838271811710846,1.457627118644068,-0.11576736580965263,0.12057834244631849,-0.7545771139065345
2021,2881,富邦金,121874173.0,0.3039516830198306,3.34,125236244.0,1.12,3.02,0.12845120145858138,0.24673390775375,43523445.0,38050360.0,28305915.0,109879720.0,3.04,1.9208376796172548,2.696428571428571,-0.12575027091720337,-0.25609337204693994,5.122508984767439
2021,1731,美吾華,310734.0,0.1732317673637259,0.4,1329152.0,0.51,0.37,0.2824324946334646,0.1654136885572003,118445.0,105984.0,115887.0,340316.0,0.34,0.5856751319350522,0.7254901960784313,-0.10520494744396136,0.09343863224637672,0.25977182122243764
2021,4942,嘉彰,2198308.0,0.1327675648726202,2.05,1423676.0,1.58,1.01,0.12178255337259193,0.0721557044413303,714728.0,730178.0,733239.0,2178145.0,1.42,0.5924962356518424,0.6392405063291139,0.021616614991996963,0.004192128494695746,1.203519715133104
2021,2530,華建,2090.0,-14.495693779904306,-0.06,5207525.0,-0.06,-0.09,-7.595098039215686,-0.6774916657087021,612.0,749.0,761.0,2122.0,-0.07,0.08920117452212162,1.5,0.2238562091503269,0.01602136181575431,-0.005268944146142307
2021,9918,欣天然,426371.0,0.19653541164854083,0.47,1805375.0,0.66,0.27,0.22538088299243955,0.14615045189877715,104273.0,122779.0,117913.0,344965.0,0.06,0.6484598425487569,0.4090909090909091,0.177476432058155,-0.03963218465698537,0.24351824709972264
2021,6239,力成,20620854.0,0.10780256724576004,2.88,7791466.0,2.26,2.1,0.08996774054611913,0.0856479514542398,7520591.0,7538243.0,7261646.0,22320480.0,3.2,0.9519851330526088,0.929203539823009,0.002347155961545999,-0.036692502483668954,2.9399748789486364
2021,6139,亞翔,5924276.0,0.012819456757247636,0.33,2255409.0,0.9,0.48,0.060511238746064025,0.034297935947487784,1793458.0,1671909.0,1714857.0,5180224.0,0.17,0.5668027404201621,0.5333333333333333,-0.06777354139321912,0.025688000961774815,0.16688787838647934
2021,5234,達興材料,1091047.0,0.147550930436544,1.56,1027159.0,1.51,1.53,0.14348814490029307,0.14498586506800384,392543.0,398002.0,389544.0,1180089.0,1.85,1.010437936658471,1.0132450331125828,0.013906756712003476,-0.02125114949171114,1.71288687723026
2021,2385,群光,25292775.0,0.05230343447881856,1.87,7452927.0,3.41,2.55,0.09518917665360223,0.06763057440121666,8895088.0,8599800.0,9854024.0,27348912.0,2.25,0.7104859688757201,0.7478005865102638,-0.033196748587535074,0.14584339170678384,1.363637386188604
2021,1434,福懋,8609111.0,0.06359077028975466,0.33,16846646.0,0.76,0.09,0.19909626988608234,0.023017840380427392,2620085.0,2453091.0,2510703.0,7583879.0,0.39,0.11561161037119176,0.11842105263157894,-0.06373610016468934,0.023485472002465535,0.03309584557486751
2021,2029,盛餘,3644801.0,0.09304568342688668,1.06,3211800.0,-0.07,0.21,-0.011641412755511872,0.029916107596145276,1290069.0,1023602.0,1283192.0,3596863.0,1.03,-2.5698004378361095,-2.9999999999999996,-0.20655251773354755,0.2536044282836494,-2.6777561878329585
2021,2438,翔耀,98254.0,-0.022289168888798422,-0.04,601956.0,0.0,0.01,-0.00023892132216982113,0.014446900081423752,28431.0,34062.0,42495.0,104988.0,0.01,-60.467186227753864,inf,0.19805845731771665,0.24757794609829142,2.3506531387090517
2021,3029,零壹,2672217.0,0.043709399348930124,0.93,1264182.0,1.14,0.93,0.05461015387053519,0.046670957950819936,925685.0,1740407.0,1606262.0,4272354.0,1.43,0.8546205173027569,0.8157894736842106,0.8801287695058255,-0.07707679870283213,1.2624255672180047
2021,2427,三商電,780995.0,0.03893238753129021,0.16,1843145.0,0.29,0.25,0.07660061085522615,0.06480616695181655,285759.0,219788.0,207254.0,712801.0,0.28,0.8460267643857189,0.8620689655172414,-0.23086237003908894,-0.057027681220084836,0.12738078995735516
2021,4720,德淵,861690.0,0.0028618180552170734,0.02,933857.0,0.2,0.41,0.022425454170296066,0.043659870827812274,320412.0,277210.0,281992.0,879614.0,0.07,1.9468890349450552,2.05,-0.1348326529593149,0.017250459940117535,0.05248013855246269
2021,1541,錩泰,1406599.0,0.007697289703746412,0.14,788000.0,1.15,1.46,0.07560649739809773,0.07897936896379343,585150.0,674920.0,517901.0,1777971.0,1.45,1.0446108691946965,1.2695652173913043,0.1534136546184739,-0.2326483138742369,0.18142236680123977
2021,3005,神基,7668662.0,0.31633927796009265,4.11,5932919.0,1.51,1.12,0.11915638849450151,0.09253145939801319,2402106.0,2710858.0,2351138.0,7464102.0,1.05,0.7765547493266218,0.7417218543046358,0.1285338781885561,-0.1326959951424973,3.0905398343576653
2021,2439,美律,8168668.0,0.013615071637138394,0.54,2096826.0,1.46,1.91,0.046975726590993826,0.038851816971210186,2478705.0,2542511.0,3443415.0,8464631.0,2.2,0.8270615441349841,1.3082191780821917,0.025741667523969225,0.35433632342200294,0.4545727483268012
2021,9911,櫻花,1694029.0,0.12182849290065283,0.94,2211212.0,0.7,1.05,0.10979755084569869,0.14609615440565385,562427.0,523253.0,579661.0,1665341.0,1.03,1.3305957489977762,1.5000000000000002,-0.06965170591027814,0.10780253529363426,1.220865426300071
2021,1216,統一,117335856.0,0.045858002689305816,0.95,56820154.0,1.12,1.26,0.05765158380852772,0.05868219470250697,41852623.0,41942340.0,41123727.0,124918690.0,1.0,1.0178765408666326,1.125,0.002143641032964716,-0.01951758056417452,1.0262076679420822
2021,6183,關貿,485014.0,0.1985509696627314,0.65,1500000.0,0.47,0.88,0.1591257220966734,0.24504991075194937,146138.0,171008.0,188934.0,506080.0,0.61,1.5399767399206183,1.872340425531915,0.17018160916394098,0.10482550523952106,1.0316065456297243
2021,2340,光磊,1383868.0,0.13223371015154625,0.5,3786228.0,0.12,0.48,0.03648762082062448,0.11968844054903258,584038.0,604884.0,620543.0,1809465.0,0.62,3.2802478719406984,4.0,0.035692882997339304,0.025887608202564527,2.0729664341268674
2021,6558,興能高,422196.0,-0.0018877488180844915,-0.01,866618.0,0.26,0.44,0.048759029140485965,0.0687578324862479,150643.0,140528.0,139706.0,430877.0,-0.04,1.4101558972419401,1.6923076923076923,-0.06714550294404653,-0.00584936809746095,-0.013235396066500902
2021,3025,星通,98654.0,-0.011393354552273603,-0.02,709206.0,-0.14,0.53,-0.10213099859585364,0.23517709666892586,36118.0,43310.0,41234.0,120662.0,0.1,-2.3027004523822767,-3.7857142857142856,0.19912508998283407,-0.04793350265527596,0.04463619613110885
2021,2031,新光鋼,3870316.0,0.2448645020199901,3.04,3193527.0,0.66,1.88,0.09385465933784994,0.2053661653978103,1311866.0,1210203.0,1274385.0,3796454.0,1.79,2.1881296767436003,2.848484848484848,-0.07749495756426339,0.05303407775389757,6.369516048550431
2021,2904,匯僑,122355.0,0.1870131992971272,0.33,690344.0,0.78,0.58,0.36774813087317376,0.297346302073775,35223.0,37116.0,37079.0,109418.0,0.02,0.8085596556745561,0.7435897435897435,0.05374329273486067,-0.0009968746632180725,0.23966661679419868
2021,3047,訊舟,1312432.0,-0.024725852463213332,-0.17,1893702.0,0.27,0.46,0.0314215021131221,0.04493861404363425,440840.0,412522.0,491541.0,1344903.0,0.06,1.430186688142678,1.7037037037037037,-0.0642364576717176,0.19155099606808856,-0.25114430209157723
2021,9944,新麗,768826.0,0.033852913403032675,0.24,1091071.0,0.07,0.4,0.012460720891228542,0.07431392773203023,206937.0,178668.0,168152.0,553757.0,-0.17,5.963854610076527,5.714285714285714,-0.13660679337189574,-0.05885776971813639,1.0246824883345946
2021,1314,中石化,9241857.0,0.1666213835596028,0.47,32848502.0,0.14,-0.12,0.11347256205878889,-0.11456326659581982,3161214.0,3348017.0,2884029.0,9393260.0,0.36,-1.0096120552602474,-0.857142857142857,0.05909217155181512,-0.1385859151850185,-0.48104536938154013
2021,1726,永記,2174720.0,0.09372976751030018,1.26,1620000.0,1.21,1.39,0.10532633327809617,0.11297769453242244,717208.0,727220.0,733270.0,2177698.0,1.36,1.072644333246883,1.1487603305785123,0.013959688123947211,0.008319353153103615,1.3514995961244047
2021,1416,廣豐,40374.0,2.9233169861792243,0.64,1853422.0,-0.85,-0.01,-2.5284994867847064,-0.008053855071284753,19722.0,19637.0,45603.0,84962.0,0.05,0.0031852310484453395,0.011764705882352941,-0.004309907717270023,1.3222997402861942,0.004268421156806657
2021,2415,錩新,743384.0,0.12032408553318338,1.11,800000.0,-0.61,0.13,-0.15022092660836403,0.021405425234882914,222864.0,80630.0,110357.0,413851.0,0.33,-0.14249296498275693,-0.21311475409836067,-0.6382098499533349,0.36868411261317124,-0.08869517909318834
2021,6136,富爾特,151899.0,-0.02322595935457113,-0.03,1155364.0,-0.07,0.65,-0.05074612939129971,0.44864050145340145,64090.0,40436.0,50813.0,155339.0,0.77,-8.840881202859181,-9.285714285714285,-0.36907473864877516,0.256627757443862,0.2760774216870642
2021,2887,台新金,16019166.0,0.5270147646887484,0.73,117136172.0,0.37,0.39,0.38926946897720055,0.38796033312714234,6315799.0,7024343.0,5935607.0,19275749.0,0.34,0.9966369418760276,1.0540540540540542,0.11218596411950421,-0.1549947091137207,0.8643308188896792
2021,3028,增你強,10371851.0,0.023721320331346836,1.15,2138249.0,0.65,0.69,0.019315142981677948,0.013722004522224322,3642469.0,3851581.0,3392770.0,10886820.0,1.2,0.71042728160184,1.0615384615384613,0.057409411034109015,-0.11912277062328436,0.858027591910241
2021,1210,大成,27116530.0,0.014728728196417462,0.51,8521593.0,0.94,1.28,0.03856074352927023,0.048055428820035925,9150386.0,7913624.0,9493296.0,26557306.0,0.32,1.2462267171679036,1.3617021276595747,-0.1351595440891783,0.1996142348941521,0.5720388633830873
2021,2535,達欣工,3948414.0,0.10523288591317932,1.29,3373609.0,1.73,0.36,0.10382191055077777,0.035823397203916044,1167274.0,997117.0,1266896.0,3431287.0,0.67,0.34504659964233025,0.20809248554913296,-0.1457729718986288,0.27055902165944423,0.36931039406560545
2021,2455,全新,896062.0,0.2530829339934067,1.22,1849059.0,0.72,0.61,0.22389072750086317,0.17512193683648591,290471.0,315199.0,341730.0,947400.0,1.15,0.7821759247971123,0.8472222222222222,0.08513070151581403,0.08417222135857028,1.014261443613563
2021,3011,今皓,414407.0,-0.044043657563699455,-0.16,1127192.0,-0.01,-0.23,-0.004262196050691993,-0.0798040945830861,121130.0,140653.0,133739.0,395522.0,-0.05,18.723703375899245,23.0,0.16117394534797325,-0.04915643462990482,-2.893662505980845
2021,2027,大成鋼,25460825.0,0.09183740118397578,1.44,16584659.0,-0.59,-0.07,-0.06039069019022659,-0.0065391775783456094,8440053.0,8865937.0,8717185.0,26023175.0,1.86,0.10828121946855786,0.11864406779661019,0.05045987270459085,-0.01677792206283446,0.15603659320241633
2021,2321,東訊,273164.0,-0.004630917690471658,,945997.0,0.01,-0.63,0.0033892520894253995,-0.032376849610617646,106362.0,94105.0,84006.0,284473.0,0.11,-9.552800664085948,-63.0,-0.11523852503713727,-0.10731629562722489,0.13302984072597693
2021,3019,亞光,5228091.0,0.07324413442688736,1.36,2810839.0,0.6,0.66,0.04308893109749122,0.0409380710535269,1707544.0,1815231.0,1850628.0,5373403.0,1.31,0.950083235086573,1.1,0.06306543198886816,0.019499997520976642,1.3302949686293575
2021,3021,鴻名,765034.0,0.03156591733177872,0.26,940000.0,0.59,0.35,0.08260877346306311,0.0419998067112972,323338.0,325737.0,296639.0,945714.0,0.68,0.5084182339310073,0.5932203389830508,0.007419480543579882,-0.08932973533863209,0.16146243477237165
2021,2032,新鋼,876012.0,0.07118738099478089,0.47,1305215.0,0.18,0.24,0.030238885228465028,0.0364055684762955,314654.0,260502.0,293255.0,868411.0,0.44,1.203932228362226,1.3333333333333333,-0.17210014809918195,0.12573032068851675,0.5702277068770197
2021,6552,易華電,819152.0,0.14428091489735725,1.42,830000.0,0.62,0.62,0.08289899394877437,0.08366404954201491,280091.0,275001.0,265458.0,820550.0,1.55,1.0092287681285166,1.0,-0.01817266531234496,-0.03470169199384732,1.4395457331648427
2021,2114,鑫永銓,501549.0,2.0589812760069304,14.56,709016.0,1.14,1.22,0.20996389516610822,0.21627586897224793,168991.0,169145.0,169230.0,507366.0,-6.13,1.0300621866495006,1.0701754385964912,0.0009112911338473584,0.0005025274173047212,15.176833394867902
2021,2481,強茂,3602998.0,0.1562337808680438,1.69,3328149.0,0.89,0.85,0.11500298507924979,0.10151912271763557,1218631.0,1232285.0,1250975.0,3701891.0,1.88,0.882752066371822,0.9550561797752809,0.011204376058052024,0.015166945958118516,1.5340324675943255
2021,2383,台光電,9557891.0,0.1307029971360837,3.76,3329183.0,2.69,3.42,0.13639576857833577,0.15013731974024452,3555634.0,3682303.0,3538580.0,10776517.0,5.38,1.1007476353932242,1.271375464684015,0.03562487027629957,-0.0390307370143087,4.657083853145043
2021,1104,環泥,1464513.0,0.20657037527150665,0.46,6536092.0,0.66,0.6,0.32404794774989854,0.30277314428690577,493738.0,431224.0,528251.0,1453213.0,0.3,0.9343467421697337,0.9090909090909091,-0.1266137101053595,0.2250037103686251,0.42912837478258997
2021,6592,和潤企業,4239579.0,0.16346764619788898,1.35,5150004.0,1.14,1.3,0.16927439571439698,0.17792095119268553,1427310.0,1513066.0,1566830.0,4507206.0,1.47,1.0510801142830672,1.1403508771929827,0.06008225262907141,0.035533149247950924,1.5037217110557757
2021,8110,華東,2176889.0,-0.009083145718500116,-0.04,5217219.0,0.18,0.42,0.057647613810148275,0.1445829680786593,685167.0,703288.0,769486.0,2157941.0,0.04,2.508047749466552,2.3333333333333335,0.026447566797583644,0.09412644606476994,-0.09422639620824329
2021,6409,旭隼,4059037.0,0.15188454798515016,7.09,874194.0,9.58,5.63,0.20510975590783925,0.15132491710314475,1420667.0,1605201.0,1495566.0,4521434.0,7.91,0.7377753263532656,0.5876826722338204,0.1298925082373279,-0.06829985777482073,5.795702630270552
2021,6225,天瀚,3408.0,-0.556631455399061,-0.07,437237.0,-0.02,-0.01,-0.38403508771929823,-0.08396088569180622,3249.0,2461.0,1969.0,7679.0,-0.03,0.218628162833849,0.5,-0.24253616497383812,-0.19991873222267376,-0.021372809356315678
2021,6202,盛群,1670080.0,0.3072367790764514,2.26,2261682.0,1.06,1.27,0.16769140841791175,0.19089169094845357,622585.0,715735.0,781287.0,2119607.0,3.17,1.1383510505960048,1.1981132075471699,0.1496181244328083,0.09158697003779337,3.2777303289989743
2021,2430,燦坤,6013160.0,0.028282467122112166,1.02,1664688.0,0.17,0.5,0.006334512762455234,0.015466537239576797,2164830.0,1708900.0,1716759.0,5590489.0,0.72,2.4416301331409778,2.941176470588235,-0.21060776134846615,0.004598864766809152,2.319071375641026
2021,2356,英業達,114803528.0,0.009865541762793213,0.31,35874751.0,0.46,0.54,0.011155354767723537,0.013285348865003271,45511321.0,48687856.0,50879960.0,145079137.0,0.79,1.190939162548427,1.173913043478261,0.06979658973203606,0.04502362971168816,0.4751454603063227
2021,1735,日勝化,870429.0,0.012740843882729091,0.11,993880.0,-0.44,0.34,-0.1026231346124123,0.05113590800771646,303074.0,244920.0,229668.0,777662.0,-0.03,-0.4982883070259633,-0.7727272727272728,-0.1918805308274547,-0.062273395394414455,-0.04967476449599734
2021,2820,華票,704399.0,0.6503671924576838,0.34,13429600.0,0.28,0.34,0.6334485592326554,0.6636191828533934,275963.0,218850.0,204315.0,699128.0,0.34,1.0476291613280895,1.2142857142857142,-0.20695890391103156,-0.06641535298149415,0.35469888442089964
2021,1235,興泰,3808.0,-5.524422268907563,-0.21,1043978.0,0.05,0.95,0.7163678764028567,1.8917196125403604,2096.0,2284.0,24875.0,29255.0,1.2,2.6407097175258216,18.999999999999996,0.08969465648854968,9.890980735551663,-4.088050824610657
2021,2609,陽明,73271250.0,0.471331661463398,10.39,33321043.0,-0.03,1.05,-0.002126973033470408,0.07043484292273722,29447429.0,32786329.0,33220266.0,95454024.0,14.85,-33.11506155196262,-35.0,0.11338511080203295,0.013235303043533708,-447.1238490693958
2021,1713,國化,155590.0,0.2714056173275918,0.28,1509517.0,0.05,0.12,0.06837192962467124,0.15808590577673065,62372.0,49951.0,45479.0,157802.0,0.27,2.312146324442584,2.4,-0.19914384659783235,-0.08952773718243878,0.6560072542657647
2021,2328,廣宇,5252609.0,0.04400555990365931,0.44,5183462.0,0.3,0.56,0.031500958531047875,0.05444662494443543,1968621.0,2132625.0,2813299.0,6914545.0,0.56,1.7284116891481864,1.866666666666667,0.0833090777757628,0.3191719125490886,1.0146083547055365
2021,4572,駐龍,104972.0,0.14481004458331745,0.42,358000.0,0.4,-0.27,0.15194876133965962,-0.12267510375570016,43018.0,39537.0,37344.0,119899.0,0.5,-0.8073452042262957,-0.675,-0.08091961504486489,-0.05546703088246452,-0.3915529419268061
2021,6168,宏齊,838829.0,0.12205467383697989,0.5,2060698.0,0.22,0.08,0.0846078953028948,0.02777113599918386,267423.0,273778.0,262718.0,803919.0,0.52,0.3282333864914577,0.36363636363636365,0.023763849781058388,-0.040397694482390833,0.15629141079521064
2021,1817,凱撒衛,615807.0,0.09101715310153993,0.78,726000.0,0.69,1.0,0.08601380432590243,0.1165383279953532,186122.0,166402.0,152891.0,505415.0,0.67,1.354879358129478,1.4492753623188408,-0.10595200997195386,-0.08119493756084661,0.8584902749321921
2021,1231,聯華食,2157207.0,0.07228467180015641,0.85,2017624.0,0.74,1.08,0.07018005701755697,0.08250094462403963,829241.0,887835.0,706336.0,2423412.0,0.83,1.1755610942778278,1.4594594594594597,0.07065979612681961,-0.20442875083771195,1.020653752806078
2021,8478,東哥遊艇,1689977.0,0.23831271076470273,4.48,908863.0,2.98,-3.26,0.17219328344181395,-0.34448174564980033,248745.0,506087.0,291729.0,1046561.0,2.02,-2.000552743778793,-1.093959731543624,1.0345614987235923,-0.42355958560484663,-5.489886120764865
2021,3016,嘉晶,1234882.0,0.07487112128932157,0.33,2805381.0,0.08,-0.1,0.020969058679181328,-0.02954759670590112,440109.0,450634.0,457383.0,1348126.0,0.46,-1.4091045839476242,-1.25,0.023914530264093736,0.014976677303532249,-0.506986270188787
2021,2616,山隆,4592114.0,0.01456888918698447,0.49,1372818.0,0.54,1.27,0.02115232234824565,0.0411757642925312,1649133.0,1587744.0,1536651.0,4773528.0,1.48,1.9466309001264948,2.3518518518518516,-0.037225014598579964,-0.032179620896063854,0.9861354298277275
2021,5531,鄉林,741070.0,-0.2632787725855857,-0.2,9775892.0,-0.14,-0.12,-0.19287474288071293,-0.11120697309044868,110151.0,82219.0,191092.0,383462.0,-0.2,0.5765761313767597,0.857142857142857,-0.2535791776742835,1.324182974738199,-0.05954405984829944
2021,2610,華航,29372982.0,-0.01166214584545757,-0.06,56713178.0,0.46,-0.13,0.09345997392717499,-0.026602473844397304,10388342.0,11170530.0,13046011.0,34604883.0,0.53,-0.2846402874574546,-0.2826086956521739,0.07529478717585536,0.16789543557915332,0.020254813032118853
2021,1435,中福,3618.0,-9.315644002211167,-0.25,1397801.0,0.03,-0.09,1.0882429955485728,-2.9310163243812535,1306.0,1146.0,1225.0,3677.0,-0.07,-2.693347291340714,-3.0,-0.12251148545176105,0.06893542757417093,0.6600145708526033
2021,2812,台中銀,3301294.0,0.34715902309821545,0.28,41516943.0,0.23,0.28,0.3588025232513777,0.35722302206099443,1088417.0,1162125.0,1117991.0,3368533.0,0.27,0.9955978537272531,1.2173913043478262,0.06772036820446581,-0.03797698182209319,0.2804321798246633
2021,2436,偉詮電,903621.0,0.22330158329653693,1.14,1780100.0,0.87,0.85,0.23158862001406083,0.20754641029840842,340110.0,318460.0,316247.0,974817.0,1.01,0.8961857032776797,0.9770114942528736,-0.0636558760401047,-0.006949067386799013,1.0958938958781064
2021,2514,龍邦,3070340.0,0.21749903919435631,1.83,3947293.0,0.48,-0.97,0.0610217242568687,-0.1253592771961407,707223.0,1025808.0,912364.0,2645395.0,-0.6,-2.054338495392976,-2.0208333333333335,0.4504731887961788,-0.11058989596493696,-2.994473754521793
2021,3090,日電貿,2812078.0,0.08086155504932652,1.28,1786572.0,0.87,1.0,0.06368290699769658,0.07334327662124812,959837.0,923971.0,886307.0,2770115.0,1.22,1.1516948594055383,1.1494252873563218,-0.03736676123133409,-0.040763184125908736,1.4439654206482777
2021,3043,科風,257096.0,0.025893051622740144,0.03,1948781.0,-0.08,0.03,-0.051823984153621834,0.019184853028957446,78115.0,97653.0,88679.0,264447.0,-0.11,-0.37019255354987346,-0.375,0.25011841515714006,-0.09189681832611385,-0.013007281033154315
2021,2345,智邦,14052983.0,0.0683119021776373,1.72,5598384.0,2.07,2.69,0.09148873079406927,0.10417244266551397,4527357.0,5522227.0,5154468.0,15204052.0,1.96,1.1386368764913166,1.2995169082125604,0.21974631114798315,-0.06659613956470822,2.1124103464795616
2021,4106,雃博,576441.0,0.06015706724539025,0.34,1009116.0,0.55,0.28,0.10873756610425586,0.05325948830501274,183773.0,179714.0,234938.0,598425.0,0.31,0.48979842213819996,0.5090909090909091,-0.022087031283159142,0.3072882468811555,0.17473209078718466
2021,3094,聯傑,73558.0,0.18800130509258,0.17,846321.0,0.22,0.07,0.2938522103101125,0.09854940593886158,25652.0,26815.0,24555.0,77022.0,0.25,0.3353706471523864,0.31818181818181823,0.0453375955091222,-0.08428118590341227,0.0573806663537117
2021,5258,虹堡,963723.0,0.05120454736475107,0.55,895426.0,0.56,0.54,0.05576056676138743,0.05702660005063959,326731.0,424736.0,439701.0,1191168.0,0.58,1.022704813863708,0.9642857142857143,0.29995623310919384,0.035233651020869505,0.6966299609712776
2021,1760,寶齡富錦,533209.0,0.1393956216042865,0.97,767391.0,-0.1,-0.04,-0.023062461212718578,-0.007456018812268375,170936.0,217592.0,140839.0,529367.0,0.77,0.3232967523933005,0.39999999999999997,0.2729442598399401,-0.35273815213794624,0.3108784643039243
2021,2464,盟立,2327938.0,0.05161391755278706,0.61,1955312.0,0.71,0.66,0.06720122570608027,0.05754270598204177,820165.0,840176.0,877079.0,2537420.0,0.82,0.8562746494196071,0.9295774647887325,0.024398749032206846,0.043922939955437945,0.5735300841118639
2021,1773,勝一,2721351.0,0.1592712590180392,2.41,2000000.0,1.28,1.62,0.15487699781697972,0.15677694581058157,982433.0,1008976.0,995468.0,2986877.0,1.5,1.0122674639900178,1.265625,0.027017618504264318,-0.013387830830465686,2.407797915971119
2021,2739,寒舍,414060.0,-0.627843790754963,-2.33,1115260.0,-0.7,-0.27,-0.1690426455132594,-0.040456093548648785,71974.0,103652.0,144543.0,320169.0,-2.18,0.23932477763710508,0.3857142857142858,0.4401311584738934,0.3945027592328174,-0.4313625333601546
2021,2402,毅嘉,1646829.0,0.02993814172570437,0.17,3075366.0,-0.05,0.24,-0.014862498984866484,0.04766181285826487,558712.0,545468.0,505797.0,1609977.0,0.27,-3.206850537503538,-4.8,-0.023704520396912954,-0.0727283727001401,-0.5026045573449971
2021,6205,詮欣,424839.0,0.07440701065580138,0.44,720290.0,0.82,0.57,0.13715092439476506,0.12119141959284055,162127.0,136709.0,125005.0,423841.0,0.69,0.8836354558137147,0.6951219512195121,-0.15677832810080983,-0.08561250539467047,0.3868856046633483
2021,1711,永光,2349495.0,0.07207846792608624,0.31,5477522.0,0.07,0.04,0.025179915147926585,0.014138121170243208,712261.0,757158.0,725758.0,2195177.0,0.19,0.5614840672490272,0.5714285714285714,0.06303447753000646,-0.04147086869583361,0.16219161461245274
2021,2377,微星,46322238.0,0.0950092696298482,5.2,8448562.0,2.49,3.09,0.05947782664911034,0.06415208586830513,14524825.0,18478966.0,19203131.0,52206922.0,5.29,1.0785882652836427,1.2409638554216866,0.27223329713094646,0.039188610444978345,6.332379933005805
2021,3413,京鼎,3006062.0,0.1334114199906722,4.58,876922.0,4.68,4.03,0.14578240667525172,0.12547118136837926,1005223.0,1079572.0,1096825.0,3181620.0,4.88,0.8606743723739023,0.8611111111111113,0.07396269285521728,0.01598133334321372,4.165999567512934
2021,2453,凌群,1275399.0,0.031007551362357975,0.39,1000000.0,0.38,0.34,0.02904436682929212,0.023394998619433893,414326.0,436411.0,611976.0,1462713.0,0.49,0.8054917759763085,0.8947368421052632,0.0533034373898813,0.4022927928031146,0.3653319909551277
2021,8070,長華*,4900716.0,0.06889299441142886,0.5,686533.0,3.5,-4.61,0.054330010772851246,0.10171590752368874,1835015.0,1821516.0,1815855.0,5472386.0,1.03,1.8721864044708834,-1.3171428571428572,-0.0073563431361596265,-0.003107850823160452,10.281096946040698
2021,1558,伸興,2256167.0,0.09354183444753868,3.49,605356.0,3.05,5.21,0.1144827688717457,0.1399013474580185,866648.0,382470.0,342870.0,1591988.0,0.16,1.2220297328303533,1.7081967213114755,-0.5586789561621327,-0.10353753235547891,3.006191163198454
2021,1232,大統益,4917741.0,0.054580344918530685,1.68,1599749.0,1.58,2.17,0.06392619415587324,0.07772612212788596,1556554.0,1634616.0,1650643.0,4841813.0,0.85,1.2158728226236013,1.3734177215189873,0.05015052481314486,0.009804749249976652,2.0085404933767674
2021,3030,德律,1552734.0,0.22371378484659962,1.47,2362160.0,1.58,1.32,0.2502360292218971,0.22898392202960913,477441.0,505310.0,402550.0,1385301.0,1.22,0.9150717534226751,0.8354430379746836,0.058371610314154054,-0.20336031347093864,1.2005568547154728
2021,3018,同開,534104.0,-0.002014588919012028,-0.01,731471.0,0.01,-0.42,0.001193981745996865,-0.08628461224432338,101433.0,85174.0,143760.0,330367.0,-0.74,-72.26627419859226,-42.0,-0.16029300129149293,0.6878390119050415,0.6575392051184392
2021,2915,潤泰全,700857.0,4.837692995860782,6.36,7343188.0,2.01,7.11,1.2661335814260226,6.5751874012133475,203983.0,326241.0,191430.0,721654.0,1.24,5.193122982969804,3.5373134328358216,0.5993538677242711,-0.41322519241910116,24.689442751213463
2021,3006,晶豪科,6175127.0,0.2096122071659417,4.62,2861503.0,1.0,0.85,0.08711099510749921,0.059465485023543596,2169559.0,2370034.0,2303662.0,6843255.0,6.8,0.682640405498299,0.85,0.09240357141704836,-0.028004661536501163,3.4219769468008425
2021,9917,中保科,3455009.0,0.17794251766059074,1.4,4511971.0,1.21,1.35,0.15499728420338332,0.17393969245513105,1121679.0,1127112.0,1167045.0,3415836.0,1.39,1.1222112267908644,1.115702479338843,0.00484363173421265,0.0354294870429912,1.5117676642625626
2021,3712,永崴投控,1710322.0,0.017624166677385894,0.12,2462421.0,-0.3,-0.04,-0.052205542886721974,-0.007334014327094678,680704.0,732745.0,939978.0,2353427.0,0.43,0.14048344144238412,0.13333333333333333,0.07645173232418201,0.28281735119311624,0.023663128083980724
2021,6443,元晶,1369157.0,-0.06870797140138056,-0.21,4457967.0,0.15,0.35,0.04681230494872938,0.09700241930288235,455886.0,473962.0,475932.0,1405780.0,-0.24,2.072156442822525,2.3333333333333335,0.03965026344305378,0.004156451361079672,-0.44896261377648633
2021,3004,豐達科,311106.0,-0.14263305754308822,-0.84,526472.0,0.28,-0.23,0.0365370251881913,-0.03736572588483097,107263.0,118411.0,132902.0,358576.0,-0.62,-1.0226811212016107,-0.8214285714285714,0.10393145819154781,0.12237883304760544,0.9934965667794593
2021,1444,力麗,2600205.0,0.017320942002649792,0.05,9573029.0,0.01,-0.16,0.005633635592823966,-0.07493871283368382,1083349.0,1017562.0,965384.0,3066295.0,0.07,-13.302016362069912,-16.0,-0.0607255833531023,-0.051277465156914226,-0.7379952142160434
2021,1308,亞聚,2335675.0,0.3951114774101705,1.59,5821018.0,0.37,0.33,0.16289912956012634,0.14621494223988912,821270.0,788485.0,853180.0,2462935.0,1.1,0.897579641061992,0.891891891891892,-0.03991988018556625,0.08204975364147704,1.5005367869560766
2021,2614,東森,1343299.0,0.18979542157032797,0.46,5567899.0,0.16,0.4,0.08487102004228106,0.17318793295809645,454699.0,482166.0,474936.0,1411801.0,0.62,2.0406015253712946,2.5,0.060406994517252066,-0.014994835803436968,0.9820329846563514
2021,2883,開發金,45504887.0,0.15589771709574843,0.48,149912200.0,0.24,0.39,0.0669974690442673,0.0851292030839673,11303772.0,19663864.0,18495805.0,49463441.0,0.91,1.2706331194051494,1.6250000000000002,0.7395842732850593,-0.05940129569651209,0.6535928229491184
2021,3045,台灣大,38421194.0,0.0739160526869623,1.01,35124215.0,1.08,1.01,0.09723783111661774,0.0902240205854903,12581487.0,12590601.0,12217554.0,37389642.0,1.0,0.9278695292708067,0.9351851851851851,0.0007243976804967023,-0.02962900658991574,0.7300798451701407
2021,5484,慧友,151961.0,-0.05492198656234165,-0.12,681151.0,0.47,0.01,0.4020125786163522,0.004767443346668542,34199.0,40023.0,36037.0,110259.0,-0.44,0.01185894074030504,0.021276595744680854,0.1702973771162899,-0.09959273417784775,-0.0010542965544107228
2021,2332,友訊,3368935.0,-0.06508436642440416,-0.33,6519961.0,-0.01,0.46,-0.0015434472892071173,0.07277180662301562,1233610.0,1236674.0,1487423.0,3957707.0,-0.05,-47.14887714785462,-46.0,0.00248376715493559,0.20276079225406218,18.627161373879527
2021,1110,東泥,547777.0,0.05027410789427084,0.05,5720008.0,0.02,0.04,0.029256535798215643,0.0680431722196152,159247.0,109276.0,140017.0,408540.0,0.13,2.325742620005105,2.0,-0.31379555030864004,0.2813152018741536,0.08351105549397582
2021,6133,金橋,249145.0,-0.06787212265949548,-0.14,1170064.0,0.16,0.15,0.06478417062683865,0.06364420554351545,97812.0,110027.0,83067.0,290906.0,-0.1,0.9824036478001782,0.9375,0.12488242751400636,-0.24503076517582045,-0.16577706999159042
2021,5285,界霖,1638952.0,0.08887081500861527,1.54,940893.0,0.31,0.21,0.02631224149460119,0.020165030416189847,570973.0,514158.0,530364.0,1615495.0,1.11,0.7663744808790751,0.6774193548387096,-0.09950558082431216,0.03151949400767862,1.169406702351305
2021,1463,強盛,114729.0,0.03382754142370281,0.03,1732684.0,-0.02,-0.04,-0.061785892704623466,-0.0727285661777783,41995.0,28601.0,31922.0,102518.0,-0.02,1.177106342469921,2.0,-0.31894273127753303,0.1161148211600993,0.02355954475798558
2021,6141,柏承,971652.0,0.08350005969215316,0.63,1289145.0,0.43,0.92,0.06981114859470323,0.1287746091760858,302738.0,312948.0,299654.0,915340.0,0.62,1.8446138155339888,2.1395348837209305,0.033725531647827545,-0.04247990081419273,1.0936362970395381
2021,9910,豐泰,19697860.0,0.08635491368097854,1.93,8816811.0,0.78,1.65,0.0592693179516994,0.0839746694952975,5871064.0,3447039.0,3272351.0,12590454.0,-0.47,1.4168320540440729,2.1153846153846154,-0.4128766097593213,-0.05067769758334617,1.7471704968545054
2021,2010,春源,6744871.0,0.05563798032608778,0.58,6476554.0,0.15,0.18,0.020702068400454673,0.023133046530864246,2271034.0,2392275.0,2300050.0,6963359.0,0.51,1.1174268234161655,1.2,0.053385814567285195,-0.03855116991148588,0.6684443302597006
2021,2605,新興,972415.0,0.2078083945640493,0.34,5853533.0,0.3,0.23,0.1644204620845299,0.13031927533800003,357929.0,355734.0,410192.0,1123855.0,0.29,0.7925976711524009,0.7666666666666667,-0.006132501138493951,0.1530862948157894,0.31623365683560967
2021,2850,新產,4565335.0,0.13510728128384883,1.96,3159633.0,1.53,1.71,0.11841488247486058,0.12241611023391079,1593899.0,1561163.0,1559901.0,4714963.0,2.05,1.0337899060947822,1.1176470588235294,-0.02053831516300597,-0.0008083717075026975,2.084263822212151
2021,2486,一詮,1521324.0,0.0876151299788868,0.66,2019586.0,0.04,-0.05,0.008686343299646845,-0.008107380892517654,537048.0,545313.0,550266.0,1632627.0,0.68,-0.9333479708138258,-1.25,0.015389685838137268,0.009082857001391886,-0.6610698041306043
2021,2390,云辰,163468.0,-0.5889960114517826,-0.45,2140216.0,0.89,-0.38,1.4319991586285645,-0.6320653308689903,41789.0,47080.0,51994.0,140863.0,0.52,-0.4413866635748052,-0.42696629213483145,0.12661226638589107,0.10437553101104502,0.17110822562300695
2021,3528,安馳,1695486.0,0.04101007026893764,1.06,656160.0,1.11,0.9,0.05292749833284314,0.04743776841595176,574780.0,541974.0,447517.0,1564271.0,1.14,0.8962783035319688,0.8108108108108107,-0.05707575072201543,-0.17428326820105766,0.8762653502819975
2021,3057,喬鼎,214636.0,-0.035902644477161336,-0.08,893288.0,0.31,-0.35,0.23998727931539587,-0.13180963773069035,70603.0,79310.0,113149.0,263062.0,0.11,-0.5492359349491337,-1.129032258064516,0.12332337152812212,0.42666750725003144,0.05807002331410141
2021,3055,蔚華科,110307.0,-0.7872211192399394,-0.92,1024419.0,0.13,0.32,0.016297373251677252,0.032018033854234705,330983.0,425250.0,440258.0,1196491.0,-1.31,1.9646131532846591,2.4615384615384617,0.28480918959584023,0.035292181069958906,-18.063653562059187
2021,9928,中視,178226.0,-0.1249144344820621,-0.15,1507246.0,-0.02,-0.04,-0.014560525492649358,-0.028938406832874432,62515.0,67645.0,71068.0,201228.0,-0.04,1.9874562114865642,2.0,0.08206030552667354,0.050602409638554224,-0.3314472849204711
2021,2302,麗正,196045.0,0.12952128337881608,0.15,1663029.0,0.01,0.21,0.01134785455749124,0.17613891423920283,75433.0,61814.0,69406.0,206653.0,0.2,15.521781086181216,21.0,-0.18054432410218335,0.12282007312259369,2.498184933746813
2021,2482,連宇,201220.0,0.009820097405824471,0.04,620725.0,-0.14,-0.38,-0.04276780898794513,-0.12621048809697993,67775.0,85143.0,78982.0,231900.0,0.31,2.9510627521871555,2.714285714285714,0.2562596827738841,-0.0723606168446026,0.1082669124127053
2021,2412,中華電,49601135.0,0.18038958181098075,1.15,77574465.0,1.1,1.08,0.17934371633921983,0.15979728021480613,16561392.0,17035427.0,17288683.0,50885502.0,1.21,0.8910113132291595,0.9818181818181818,0.028622895949809157,0.014866430997004132,1.054313929221652
2021,3593,力銘,151769.0,0.0022402466906944105,,930425.0,0.11,0.18,0.05574717674866497,0.07144321883151876,88096.0,82876.0,101747.0,272719.0,-0.01,1.281557614184106,1.6363636363636362,-0.05925354159099161,0.2277016265263767,0.00841526902501245
2021,2009,第一銅,802297.0,0.1003892573448486,0.22,3596222.0,0.14,0.43,0.09554528301886793,0.280906382038907,276739.0,275002.0,292401.0,844142.0,0.56,2.940034014901967,3.071428571428571,-0.006276672243521908,0.06326863077359435,0.6928011691992658
2021,9914,美利達,7293360.0,0.12187551416631018,2.97,2989838.0,3.67,4.51,0.14425627595024298,0.18542372205927113,3067038.0,2572336.0,1822662.0,7462036.0,4.07,1.2853771583790756,1.228882833787466,-0.16129633868246818,-0.29143704399425274,3.909819619324946
2021,1560,中砂,1487769.0,0.09294588071132011,0.98,1415430.0,0.96,0.9,0.10286653668234125,0.09870418455234482,517447.0,512863.0,508701.0,1539011.0,1.13,0.9595363831208779,0.9375000000000001,-0.008858878300579631,-0.008115227653388901,0.9697168037559504
2021,8213,志超,6735331.0,0.07327286513461626,1.89,2712425.0,1.31,1.49,0.05732939948687479,0.06302137560860635,2469934.0,2503717.0,2430696.0,7404347.0,1.64,1.099285465619341,1.1374045801526718,0.013677693412050607,-0.02916503742236043,2.1987845901798577
2021,1323,永裕,940270.0,0.0882980420517511,0.91,912745.0,1.01,0.65,0.10247113985014858,0.07035094281978713,313681.0,334429.0,344408.0,992518.0,0.73,0.6865439666492118,0.6435643564356436,0.06614362999352852,0.02983891947169659,0.6591865805462755
2021,1514,亞力,1369749.0,0.06254357550178902,0.4,2174540.0,0.44,0.37,0.07103404649054894,0.07238233843570767,525318.0,443719.0,482037.0,1451074.0,0.41,1.018980925510672,0.8409090909090909,-0.15533257950422408,0.08635645532420289,0.4252760442892943
2021,2897,王道銀行,2377209.0,0.2183379753315758,0.14,30330063.0,0.09,0.18,0.16997621141882002,0.20709275224158444,836558.0,786414.0,733766.0,2356738.0,0.18,1.2183631492486295,2.0,-0.05994085287571216,-0.06694692617374565,0.2067016891021599
2021,8112,至上,52409345.0,0.015479529461778238,2.01,4284965.0,0.88,1.2,0.011183585334531938,0.012882572928010793,15990838.0,18572742.0,19344822.0,53908402.0,1.8,1.1519179710850718,1.3636363636363635,0.1614614568667383,0.04157059846090583,2.2433058466565017
2021,8463,潤泰材,973381.0,-0.07896085910861214,-0.51,1500000.0,0.22,0.48,0.04370573708867431,0.08080867245791731,263738.0,268600.0,282762.0,815100.0,-0.21,1.8489259726695622,2.1818181818181817,0.01843496196983363,0.05272524199553241,-0.7933247840729881
2021,9908,大台北,754167.0,0.23335017310489586,0.35,5163580.0,0.54,0.7,0.3168470005265819,0.46195776119482146,204044.0,245630.0,224354.0,674028.0,0.54,1.457983696948602,1.296296296296296,0.20380898237635026,-0.08661808411024707,0.44410720929694636
2021,3296,勝德,879453.0,-0.01446922120909247,-0.13,967244.0,,0.07,0.07047671183415326,0.009564851656111466,307512.0,320675.0,328743.0,956930.0,-0.32,0.1357164857324729,1.0,0.04280483363250864,0.025159429328759586,-0.019427722314548604
2021,2912,統一超,63593394.0,0.027808045596685718,1.7,10396223.0,2.44,2.76,0.04126070339374072,0.04238208861239097,21957391.0,21578954.0,21907818.0,65444163.0,1.98,1.0271780441537592,1.1311475409836065,-0.017235062216635844,0.015240034340867403,1.798090414154317
2021,5203,訊連,421452.0,0.14011322760361797,0.74,788433.0,0.59,0.62,0.11898661563269035,0.1204193933559799,135647.0,110675.0,126452.0,372774.0,0.73,1.012041503287332,1.0508474576271187,-0.18409548312900392,0.1425525186356449,0.6704374736556633
2021,3060,銘異,970395.0,0.04265067317947846,0.3,1375632.0,-0.38,-0.48,-0.05708435068600471,-0.07526458971647551,319470.0,363008.0,378874.0,1061352.0,0.63,1.3184802631893302,1.263157894736842,0.13628196700785677,0.043707025740479466,0.43386707717277445
2021,6165,捷泰,664917.0,0.19262855363902562,2.41,532424.0,0.19,0.26,29.556270096463024,0.053293213490814055,245336.0,254747.0,237409.0,737492.0,0.8,0.001803110247567795,1.368421052631579,0.03835963739524573,-0.06805968274405583,0.004811080626499865
2021,1301,台塑,71652909.0,0.28234305183617875,3.18,63657408.0,-0.1,1.63,-0.014671680241220347,0.22416471975595725,22344061.0,23158607.0,21433730.0,66936398.0,3.03,-15.278735364349236,-16.299999999999997,0.03645469818579539,-0.07448103420037311,-45.36050705987177
2021,2440,太空梭,1226165.0,0.03060354846207484,0.27,1391173.0,0.96,0.48,0.2004170096681348,0.08093974304843476,351151.0,324698.0,282851.0,958700.0,0.16,0.4038566545946411,0.5,-0.0753322644674228,-0.12887975903762883,0.08517273949309666
2021,1453,大將,114.0,-21.026315789473685,-0.03,1006151.0,0.4,0.29,1.5466340364370896,0.1672816870452416,38.0,38.0,38.0,114.0,-0.02,0.1081585450108164,0.7249999999999999,0.0,0.0,-0.0025767109747038656
2021,4960,誠美材,2747626.0,0.08241478279794993,0.34,6707285.0,-0.01,0.0,-0.00285584334144278,0.0014062142953401573,900326.0,931284.0,989932.0,2821542.0,0.37,-0.4923989614324341,-0.0,0.03438532264979566,0.06297541888403546,-0.1707111962250748
2021,3543,州巧,815522.0,0.03674456360466057,0.33,892631.0,0.18,-4.98,0.02038730928691753,-0.47310786985814646,301059.0,339867.0,318762.0,959688.0,0.27,-23.20599855527469,-27.66666666666667,0.12890496547188435,-0.06209782061806535,-9.167511297597079
2021,2488,漢平,655182.0,0.06685165343370239,0.55,799994.0,1.04,0.9,0.20121294578041019,0.11260021614013924,160770.0,202777.0,241525.0,605072.0,0.34,0.5596072146521988,0.8653846153846154,0.2612863096348821,0.19108676033277927,0.28295396527582545
2021,2905,三商,49654629.0,0.013665634275507325,0.79,9093510.0,0.66,-0.43,0.011698071035672638,-0.005506508044422918,10997098.0,17187512.0,9270101.0,37454711.0,-0.25,-0.4707193201025296,-0.6515151515151515,0.5629134158848088,-0.460649045655939,-0.2649517053951531
2021,1438,三地開發,21.0,-176.04761904761904,-0.07,512058.0,0.05,-0.03,0.346795751752041,-443.6666666666667,14.0,39.0,16.0,69.0,0.31,-1279.3313194444445,-0.6,1.7857142857142856,-0.5897435897435898,303.4891176492857
2021,3706,神達,12042720.0,0.24484335764677748,2.46,12065568.0,0.56,0.65,0.056323476264376365,0.07672419539235828,3350315.0,2867231.0,3065870.0,9283416.0,6.53,1.3622063210769009,1.1607142857142856,-0.14419062088191703,0.06927903611533215,2.5662044765740877
2021,1449,佳和,834705.0,0.1728850312385813,1.64,881025.0,-0.26,-1.65,-0.10481181418944804,-0.1431456743367133,273727.0,191301.0,258758.0,723786.0,-0.18,1.3657398781207675,6.346153846153846,-0.30112484336583534,0.35262230725401333,1.939757007810954
2021,2849,安泰銀,1562287.0,0.4260792031169689,0.34,19579101.0,0.25,0.18,0.31527651682690444,0.25942238541884666,496366.0,479146.0,542461.0,1517973.0,0.32,0.822840812978395,0.72,-0.03469214249162911,0.13214135148785555,0.2718175299244916
2021,2601,益航,1656082.0,0.024958909039528236,0.06,7903720.0,-0.18,0.01,-0.07641635414023784,-0.011392363347982404,488347.0,492417.0,617893.0,1598657.0,0.1,0.14908279093079155,-0.05555555555555556,0.008334237744882289,0.2548165477633795,0.007526219149429847
2021,1604,聲寶,2310626.0,0.08973412399929716,0.56,3872000.0,0.47,3.78,0.08170012404363125,0.6738148048939824,772952.0,706217.0,680562.0,2159731.0,3.24,8.247414710584005,8.042553191489361,-0.0863378321034165,-0.0363273611368744,4.128000811122734
2021,2509,全坤建,184750.0,0.07356427604871447,0.06,2245505.0,-0.06,0.13,-0.10624257748151554,0.1493608816959113,56870.0,35115.0,34467.0,126452.0,-0.05,-1.405847685895023,-2.166666666666667,-0.38253912431862147,-0.01845365228534812,-0.05823940266798357
2021,3042,晶技,4341126.0,0.21199707172747348,2.97,3097570.0,1.19,1.35,0.14624581411086407,0.1333060493913664,1311899.0,1348669.0,1442569.0,4103137.0,2.84,0.9115204438624925,1.1344537815126052,0.028028072283003524,0.0696241998592686,2.5597123519242775
2021,6531,愛普,1633506.0,0.279310268832805,6.16,743406.0,1.02,1.7,0.06828682431510277,0.24930367939986023,755742.0,680570.0,584314.0,2020626.0,-0.88,3.650831355833347,1.6666666666666665,-0.09946780779684072,-0.14143438588242208,27.716510359960285
2021,6442,光聖,727566.0,0.04780184890442929,0.53,693000.0,0.1,0.13,0.01236156150379246,0.012814971491631414,252472.0,257665.0,258289.0,768426.0,0.34,1.0366790221202922,1.3,0.02056861751006056,0.002421749170434584,0.5494875053254541
2021,2722,夏都,100862.0,-0.2630425730205628,-0.24,1115229.0,0.02,0.75,0.015463648106804452,0.29854277300984067,9488.0,52068.0,54567.0,116123.0,0.04,19.306102347121648,37.5,4.487774030354132,0.0479949297073059,-5.287797817502586
2021,2317,鴻海,1351466640.0,0.022034988595796935,2.15,138629906.0,1.65,2.23,0.02027799663208216,0.023889748456320904,418015118.0,400048695.0,585731112.0,1403794925.0,2.67,1.1781118662641719,1.3515151515151516,-0.04298031871660679,0.464149538095606,2.628730715380069
2021,2748,雲品,222664.0,-0.24342057988718427,-0.72,754826.0,-0.04,0.4,-0.011746141612900567,0.06701746534197439,38326.0,79020.0,103841.0,221187.0,-0.99,-5.705487601849646,-10.0,1.0617857329228202,0.3141103518096684,4.069703839272812
2021,4961,天鈺,5869798.0,0.2981523384620731,10.57,1665579.0,0.25,0.72,0.017915029864422272,0.04042195360063145,2156566.0,2246633.0,2290904.0,6694103.0,11.03,2.256315167015491,2.88,0.04176408234201978,0.019705488168294538,27.03741309987095
2021,2342,茂矽,478293.0,0.049626484184380704,0.15,1561567.0,-0.91,2.01,-0.2728998457025555,0.6347424285136477,174014.0,181216.0,177235.0,532465.0,0.61,-2.3259171395995546,-2.2087912087912085,0.04138747457101144,-0.021968258873388713,-0.3935846848245094
2021,4551,智伸科,2244021.0,0.1297006578815439,2.52,1152225.0,1.29,2.45,0.028614680813323645,0.12527413121491887,695303.0,713676.0,706423.0,2115402.0,2.55,4.377967101299568,1.8992248062015504,0.026424450922835074,-0.010162875030125695,10.424861391663088
2021,8104,錸寶,455795.0,0.12701324060158625,0.86,680090.0,1.03,1.21,0.1598521329524775,0.17531175021249584,193175.0,207757.0,189407.0,590339.0,0.64,1.096711986099143,1.174757281553398,0.07548595832794103,-0.08832434045543591,1.2091402350692002
2021,1473,台南,918400.0,-0.13408645470383276,-0.85,1471535.0,-0.87,-0.32,-0.11933038451267354,-0.0274684369810758,598052.0,475063.0,580293.0,1653408.0,-0.21,0.23018812093208751,0.367816091954023,-0.2056493415288303,0.2215074632206675,-0.34679853503541586
2021,5519,隆大,1334184.0,0.13816684954998712,0.84,2191972.0,0.15,0.72,0.06144144080540514,0.1266884700158514,59764.0,136040.0,530935.0,726739.0,0.3,2.061938462951968,4.8,1.2762867277959975,2.9027859453102027,0.9445457966602332
2021,4540,全球傳動,889103.0,0.08049461086060895,0.76,941780.0,0.24,0.44,0.03348475201911452,0.05841907123786543,321500.0,292876.0,349208.0,963584.0,1.19,1.7446469725837401,1.8333333333333335,-0.08903265940902017,0.1923407858615933,1.4368600933491977
2021,2015,豐興,9814630.0,0.10408655242225127,1.76,5815994.0,1.1,1.31,0.09655784190563622,0.11660912376412239,3386863.0,3068031.0,3261658.0,9716552.0,1.93,1.2076608327481244,1.190909090909091,-0.09413784968568262,0.06311116152346563,2.100041294955208
2021,6414,樺漢,22805189.0,0.013218570563041595,3.14,968120.0,3.63,2.48,0.01618216791640114,0.01306019447761115,6952659.0,7406452.0,9132193.0,23491304.0,3.78,0.8070732268433717,0.6831955922865014,0.06526898557803573,0.23300508799624975,2.5886621116861903
2021,1229,聯華,3232951.0,0.4656436178587303,1.18,12814983.0,0.94,0.62,0.38159952626306787,0.42200587354526936,965934.0,793517.0,832723.0,2592174.0,0.43,1.1058867857565056,0.6595744680851064,-0.17849770274159515,0.049407889181958264,1.0416227085103382
2021,1723,中碳,1951885.0,0.14831406563398972,1.25,2369044.0,0.71,0.7,0.14235563248584376,0.13939912478524186,749190.0,751480.0,795130.0,2295800.0,1.42,0.9792315368982966,0.9859154929577465,0.003056634498591837,0.05808537818704429,1.4074360037015379
2021,8422,可寧衛,593990.0,0.4445428374215054,2.43,1088880.0,2.29,3.01,0.38524638299319097,0.46089073013339027,222122.0,263766.0,276644.0,762532.0,2.58,1.1963531663879017,1.3144104803493448,0.18748255463213903,0.048823578474860296,3.7243550236473277
2021,2313,華通,12356977.0,0.04980489969350918,0.52,11918206.0,0.84,1.21,0.07455108853709211,0.0852727490448556,5358180.0,5812051.0,6382692.0,17552923.0,1.31,1.1438162838149444,1.4404761904761905,0.08470618754875714,0.09818238002385038,0.8390095511662187
2021,2545,皇翔,2045239.0,0.4217663559124386,2.64,3277348.0,0.46,3.0,0.13608837264481616,0.3911651629398148,404020.0,471026.0,336927.0,1211973.0,-0.27,2.874346686184104,6.521739130434782,0.16584822533537946,-0.28469553697672745,4.483131402307368
2021,4576,大銀微系統,794298.0,0.08630639885785939,0.58,1198018.0,0.28,0.31,0.05161559477915552,0.06140412177788034,272404.0,275969.0,291758.0,840131.0,0.8,1.1896428209460028,1.107142857142857,0.013087179336573662,0.05721294783109698,0.7200178296209585
2021,4737,華廣,412588.0,0.0320877000785287,0.22,623897.0,-0.25,0.68,-0.041323164844704253,0.09016822813223752,162210.0,148344.0,185323.0,495877.0,0.51,-2.182026194535121,-2.72,-0.08548178287405217,0.2492787035539017,-0.5564928865764007
2021,3050,鈺德,240764.0,0.14283696898207374,0.24,1459845.0,0.41,0.35,0.2622137338007779,0.19773402603377874,80596.0,83319.0,96403.0,260318.0,0.42,0.7540948491432226,0.8536585365853658,0.0337857958211325,0.1570350100217237,0.19207199725928778
2021,6108,競國,2317142.0,0.0474196229665683,0.68,1598993.0,0.93,-0.39,0.0687034078194284,-0.028133847549909257,836791.0,716871.0,772507.0,2326169.0,0.32,-0.40949711874340805,-0.41935483870967744,-0.14330938071752686,0.07760950017506629,-0.28249037047348513
2021,6153,嘉聯益,3124820.0,-0.07512240705064611,-0.42,5561777.0,0.46,0.88,0.06027870066183583,0.1034111939549954,1283234.0,1305925.0,1314891.0,3904050.0,0.24,1.7155511452566528,1.9130434782608694,0.01768266738568336,0.006865631640408099,-0.9046382870043972
2021,1402,遠東新,58493983.0,0.06012449177892366,0.71,53528751.0,0.44,0.6,0.044656612044330544,0.05997697216964653,19058851.0,19327770.0,20059024.0,58445645.0,0.45,1.343070363468404,1.3636363636363635,0.014109927193407312,0.037834369924725,0.8816886094490398
2021,2539,櫻花建,980.0,-47.31938775510204,-0.08,5602713.0,0.29,0.05,0.18722359860149576,0.10004064429560094,190.0,190.0,1985169.0,1985549.0,0.68,0.5343377920458457,0.1724137931034483,0.0,10447.257894736842,-89.60603104485827
2021,6269,台郡,7051799.0,0.01667999896196701,0.34,3612026.0,1.58,1.68,0.07983531464900989,0.071636116400658,2785314.0,3065108.0,3248785.0,9099207.0,2.66,0.8972986042029263,1.0632911392405062,0.10045330616224968,0.0599251315124949,0.37703849107268445
2021,1722,台肥,2610836.0,0.2912178321426547,0.78,9800000.0,0.41,0.51,0.164315409564563,0.19709284942335065,901496.0,996228.0,1171517.0,3069241.0,0.8,1.1994787947499757,1.2439024390243902,0.1050831063033002,0.17595269356010879,1.0939952958457435
2021,6214,精誠,6819247.0,0.04934782388730017,1.36,2693933.0,3.07,2.04,0.12985759803081673,0.09059396695075655,2536565.0,2800511.0,2444685.0,7781761.0,0.93,0.6976408644895584,0.6644951140065147,0.10405647006877405,-0.12705752628716693,0.9944684641954145
2021,1727,中華化,460742.0,0.13417487444166148,0.57,1082500.0,-0.19,-0.13,-0.04776338921508922,-0.03078678852070045,169359.0,164839.0,175010.0,509208.0,0.35,0.6445687591820727,0.6842105263157895,-0.026688868025909418,0.061702631052117596,0.40682512169100815
2021,2501,國建,1207518.0,-0.25195566442901884,-0.26,11595611.0,0.21,0.27,0.1195973610998869,0.10702177331833224,438048.0,651147.0,1353469.0,2442664.0,0.08,0.894850624914277,1.2857142857142858,0.48647408503177725,1.0785920844294759,-0.4749465819232367
2021,2002,中鋼,115448026.0,0.13611162134552218,1.02,157731290.0,-0.09,-0.04,-0.01938918083222022,-0.009089350155495743,41883163.0,41713466.0,41981668.0,125578297.0,1.28,0.46878463995711456,0.4444444444444445,-0.004051675848836922,0.006429626346561523,0.5080018742074573
2021,2207,和泰車,66136534.0,0.06275975998379353,7.6,5461792.0,5.94,6.62,0.0570971127382868,0.0636203686099752,21546401.0,18667431.0,16010315.0,56224147.0,6.43,1.1142484367219885,1.1144781144781144,-0.13361721059586706,-0.1423396716987999,7.1986494560708065
2021,2731,雄獅,380628.0,-0.1724019252393413,-0.88,730152.0,-2.9,-2.43,-0.7188860278882627,-0.18644868054787198,60534.0,101612.0,83375.0,245521.0,-2.19,0.2593577748277671,0.8379310344827587,0.6785938480853735,-0.17947683344486876,-0.15035460982399612
2021,1307,三芳,1994103.0,0.027483033724937978,0.14,3978181.0,-0.2,0.25,-0.053538438951579684,0.048733496858173145,621285.0,513232.0,550855.0,1685372.0,-0.41,-0.9102524805074698,-1.25,-0.17391857199191996,0.07330602924213614,-0.10598338285148569
2021,2484,希華,824177.0,0.11146149431493478,0.58,1594210.0,0.31,0.37,0.07956365155418278,0.08020533404741069,298938.0,309109.0,282653.0,890700.0,0.78,1.0080650206557065,1.1935483870967742,0.03402377750570351,-0.08558793176517021,0.627768224887686
2021,2069,運錩,3432425.0,0.050047415457001976,1.11,1563868.0,-0.2,0.41,-0.018249893344391706,0.033412235883400344,1244033.0,1278281.0,1515752.0,4038066.0,1.49,-1.830818145228674,-2.05,0.027529816331238743,0.18577370703311713,-2.3659206915936997
2021,2707,晶華,1026330.0,0.10799645338244035,0.87,1274032.0,0.69,1.59,0.08675363262044197,0.135491605911528,268297.0,381534.0,356811.0,1006642.0,11.8,1.5617974927265672,2.304347826086957,0.42205839051498906,-0.06479894321344881,1.3326893429019664
2021,8201,無敵,244684.0,0.7446911118013437,2.92,623663.0,-0.41,-0.18,-0.10761846164219611,-0.05257217257723074,69585.0,36224.0,48733.0,154542.0,-0.42,0.48850514841979237,0.43902439024390244,-0.47942803765179276,0.3453235424028269,0.9014504595048736
2021,3033,威健,18680068.0,0.02437555366500807,1.23,3703940.0,0.55,0.64,0.01456061151296291,0.013585670188806666,6197040.0,6854390.0,6529996.0,19581426.0,1.43,0.9330425564003078,1.1636363636363636,0.10607483572802501,-0.04732645793425816,1.2023649683710997
2021,4764,雙鍵,793786.0,0.0492109964146508,0.51,754206.0,0.26,0.2,0.03165145475779425,0.024667746904957655,242114.0,261889.0,256970.0,760973.0,0.13,0.7793558651165364,0.7692307692307693,0.08167640037337787,-0.018782766744689594,0.38696994124668316
2021,3703,欣陸,5592014.0,0.057572817235436106,0.4,8232160.0,0.47,0.48,0.0843672402616677,0.06848930652707194,1599063.0,1607276.0,2145587.0,5351926.0,0.22,0.8117997734031618,1.0212765957446808,0.005136132847799013,0.33492132029595423,0.30385242335205376
2021,1465,偉全,90734.0,-0.18365772477792228,-0.16,1036073.0,-0.09,-0.16,-0.10298091026390374,-0.18070375320435572,40990.0,35555.0,38544.0,115089.0,-0.6,1.75473058784658,1.777777777777778,-0.13259331544279096,0.08406693854591474,-0.3579835799338469
2021,1598,岱宇,2774180.0,0.018351368692730824,0.39,1339822.0,1.77,3.84,0.07542388558597637,0.11873188353103195,751159.0,786966.0,895003.0,2433128.0,0.87,1.5741947343151448,2.169491525423729,0.04766900216864878,0.13728293217241916,0.5246199090606933
2021,2867,三商壽,32701697.0,0.034012730287360925,0.45,25395011.0,0.34,-0.46,0.019450666967692896,-0.03011523849483641,10412727.0,10964325.0,8635705.0,30012757.0,-0.34,-1.5482882178208655,-1.352941176470588,0.05297344297992246,-0.21238151915416592,-0.6223730675575014
2021,1303,南亞,103987982.0,0.22155810274306506,2.9,79308216.0,0.27,1.31,0.03570789273921568,0.15281698882604058,36795856.0,37422239.0,35710126.0,109928221.0,2.92,4.279641757134874,4.851851851851852,0.017023194133600317,-0.04575121761153844,13.142744733287111
2021,2520,冠德,9437595.0,0.14449168458701608,2.76,5037910.0,0.99,0.83,0.0937012636466625,0.08693659918353745,2311124.0,996142.0,1238066.0,4545332.0,0.68,0.9278060487142001,0.8383838383838383,-0.5689794229993717,0.2428609575743217,1.2095261426424542
2021,1236,宏亞,282125.0,-0.26111475409836066,-0.68,1083425.0,-0.49,0.22,-0.21224792229898867,0.05152297701757988,119197.0,107836.0,174351.0,401384.0,-0.13,-0.24274902886917626,-0.4489795918367347,-0.09531280149668198,0.616816276568122,0.2348281285815053
2021,1220,台榮,789944.0,0.07191142663277397,0.32,1770779.0,0.3,0.31,0.08218812936855822,0.06841949705672275,258235.0,265446.0,267658.0,791339.0,0.16,0.8324741977020493,1.0333333333333334,0.02792417759017951,0.008333144971105266,0.2675265525663851
2021,8374,羅昇,974073.0,0.04234487558940654,0.37,1122505.0,0.2,0.24,0.03097462101762287,0.0425368151637672,307558.0,302644.0,300561.0,910763.0,0.28,1.3732796000818241,1.2,-0.01597747416747408,-0.006882674032857139,0.4718206284564565
2021,2020,美亞,1669210.0,0.10403005014348105,0.78,2225261.0,0.59,0.75,0.11023056929655403,0.1266828924034599,617158.0,595807.0,656789.0,1869754.0,0.87,1.1492537252769155,1.2711864406779663,-0.03459567890232318,0.1023519361135401,1.0045654616984043
2021,2421,建準,3326557.0,0.02234262031283396,0.3,2509297.0,1.47,0.93,0.10291713186915073,0.06564679907578919,1101756.0,1265784.0,1113603.0,3481143.0,0.35,0.6378607514952205,0.6326530612244898,0.14887869909489937,-0.12022667374528351,0.19771052159848929
2021,4104,佳醫,1580433.0,0.08631621840343753,0.96,1411490.0,1.04,1.03,0.09202585894353618,0.08641786352014333,486139.0,539838.0,551463.0,1577440.0,1.19,0.9390606565613941,0.9903846153846154,0.11046017702755795,0.021534238049192522,0.9058600236991498
2021,2337,旺宏,11426446.0,0.16849736129676718,1.04,18560460.0,0.72,0.88,0.14345394691072622,0.1476724487417411,4283151.0,5011832.0,5679392.0,14974375.0,2.94,1.0294066627085563,1.2222222222222223,0.17012731981664908,0.13319680308517934,1.39939413148428
2021,6230,尼得科超眾,2330545.0,0.024129549096885063,0.65,863434.0,2.63,2.74,0.09591882600063402,0.09700087284755342,929254.0,914648.0,1003876.0,2847778.0,1.07,1.0112808599941814,1.0418250950570342,-0.01571798453383033,0.09755446904164233,0.8048185515109655
2021,4133,亞諾法,124254.0,0.05566822798461216,0.12,605536.0,0.07,0.24,0.0398958565220337,0.11176162703753552,51807.0,34436.0,29782.0,116025.0,0.21,2.801334193083729,3.428571428571428,-0.3353021792421873,-0.13514926239981417,0.29880229504566685
2021,4934,太極,514177.0,-0.3152785908354516,-0.81,2000000.0,0.3,-0.1,0.10532724021177485,-0.036302033814420716,93842.0,110528.0,69089.0,273459.0,-0.68,-0.3446594987339505,-0.33333333333333337,0.17780950960124464,-0.3749185726693689,0.14857541720436507
2021,1443,立益,162607.0,0.036166954682147756,0.05,1353430.0,-0.33,-0.02,-0.38150410785759425,-0.018898995136854793,64877.0,71794.0,86556.0,223227.0,0.05,0.04953811701526765,0.06060606060606061,0.1066171370439446,0.2056160681951138,0.0029550331728359558
2021,6197,佳必琪,943451.0,0.10879102359317018,0.84,1220859.0,1.1,0.47,0.1467684036169115,0.05623003131839181,335310.0,346846.0,361628.0,1043784.0,0.83,0.3831208211895592,0.4272727272727272,0.034403984372670005,0.042618337821396235,0.35634768692518054
2021,1522,堤維西,4177428.0,-0.002997777579888869,-0.04,3128979.0,-0.02,0.28,-0.002098380561760203,0.023068004303056958,1371797.0,1324818.0,1436901.0,4133516.0,0.02,-10.993241513687403,-14.000000000000002,-0.03424632070196976,0.08460256427675339,0.4353536110415713
2021,1315,達新,542169.0,-0.4945616588185603,-2.01,1386000.0,27.38,2.15,10.860436941121218,0.23955701546176614,287861.0,209850.0,185205.0,682916.0,1.75,0.022057769568618716,0.0785244704163623,-0.2710023240383379,-0.11744102930664757,-0.05375094418959382
2021,2832,台產,1886535.0,-0.12911448767184283,-0.67,3622004.0,0.56,0.61,0.15034140841705212,0.15592803203477645,737931.0,647465.0,614490.0,1999886.0,0.43,1.0371595801618863,1.0892857142857142,-0.12259411787822982,-0.050929393866849915,-0.7393956208985933
2021,2603,長榮,99966473.0,0.42071988475576205,7.99,52908474.0,0.66,1.7,0.0727673060312218,0.14870815835974915,45879182.0,50021681.0,49130735.0,145031598.0,15.24,2.04361225487644,2.5757575757575757,0.09029147468235155,-0.017811196708883092,23.568336687024896
2021,8163,達方,7537554.0,0.04117250768618042,1.11,2800000.0,0.88,1.01,0.04330506260678358,0.04610924600216133,2452843.0,2263981.0,2245651.0,6962475.0,1.08,1.064754170218853,1.1477272727272727,-0.07699718245317777,-0.008096357699114987,1.0900898262981114
2021,2348,海悅,1163543.0,0.2873035203683921,2.7,1064620.0,3.35,3.97,0.4212412447353964,0.33619427817052433,314953.0,378276.0,405801.0,1099030.0,3.3,0.7981038950298076,1.1850746268656718,0.20105539556695762,0.07276433080607814,2.3670929102502902
2021,3338,泰碩,1244152.0,0.03791096264765077,0.54,878771.0,0.99,0.41,0.052460077034242145,0.027857209461349577,429846.0,410585.0,436885.0,1277316.0,0.64,0.5310173190017697,0.41414141414141414,-0.044809071155716196,0.06405494599169481,0.29261469594379597
2021,3026,禾伸堂,4405780.0,0.13194757795441442,3.68,1579908.0,2.24,2.53,0.09742248332100499,0.09637094989483246,1496586.0,1441930.0,1340204.0,4278720.0,3.24,0.9892064604562814,1.1294642857142856,-0.0365204538863787,-0.07054850096745335,3.534845492926243
2021,2633,台灣高鐵,6101721.0,0.08084342106104163,0.09,56282930.0,0.08,0.3,0.057529369657835894,0.16393068623589022,840306.0,1621143.0,2146949.0,4608398.0,0.15,2.849512991553554,3.75,0.9292293521645687,0.3243427630998623,0.18862037594502884
2021,2458,義隆,5036112.0,0.26211887265414274,4.53,3038804.0,3.15,3.71,0.259398541914656,0.2293885048055444,1663825.0,1657778.0,1652898.0,4974501.0,4.7,0.8843091526744775,1.1777777777777778,-0.0036343966462819566,-0.0029436993373057607,3.79445358326658
2021,1513,中興電,4061427.0,0.07788272447098027,0.68,4761343.0,0.64,0.79,0.07860643424201784,0.0931382880720997,1246976.0,1466839.0,1405608.0,4119423.0,0.94,1.1848685030711403,1.234375,0.17631694595565595,-0.041743504229162176,0.7983957406156686
2021,4989,榮科,1158940.0,0.14111429409632942,1.07,1377765.0,-0.08,0.09,-0.02087828914209367,0.019622583637673077,380522.0,462000.0,379848.0,1222370.0,1.06,-0.9398559194254614,-1.125,0.2141216539385371,-0.17781818181818176,-1.1766839328678729
2021,1702,南僑,4926650.0,0.05265951508631626,1.04,2941330.0,0.93,1.35,0.054099142542746885,0.06957957892822492,1492597.0,1662626.0,1757618.0,4912841.0,1.03,1.286149385329833,1.4516129032258065,0.11391487454416693,0.05713371497859421,1.1312464422222943
2021,3645,達邁,586538.0,0.1295312494672127,0.59,1307599.0,0.8,0.93,0.22590060564036446,0.20612139414202088,215241.0,223336.0,210974.0,649551.0,0.63,0.912442857590952,1.1625,0.037609005719170696,-0.05535157789160727,0.5871092282007091
2021,2376,技嘉,31787258.0,0.10342049635108508,5.17,6356889.0,1.84,2.24,0.05579688265323667,0.06193029658441822,8217667.0,10340451.0,12747208.0,31305326.0,5.67,1.109923953445556,1.2173913043478262,0.25831954495113996,0.2327516469059232,5.65292787550201
2022,8033,雷虎,267242.0,0.03050044528928836,0.07,1326298.0,0.09,0.17,0.029945037999422136,0.06958099796039635,89114.0,105568.0,93248.0,287930.0,0.07,2.323623632126935,1.888888888888889,0.18463989945463122,-0.1167020309184601,0.15385717964528323
2022,2228,劍麟,961596.0,0.09709067009430156,1.23,757803.0,1.37,0.49,0.11748035990975073,0.04044760346467995,405907.0,413377.0,442582.0,1261866.0,2.51,0.34429247148844366,0.3576642335766423,0.018403230296595074,0.0706497942556068,0.5566240197135872
2022,1314,中石化,8139102.0,-0.05592988022511575,-0.12,37848502.0,0.47,0.36,0.1666213835596028,0.12611095615366763,2318156.0,1941044.0,1363265.0,5622465.0,0.43,0.7568713778478258,0.7659574468085106,-0.16267757648751857,-0.29766404058846685,-0.06288456147170651
2022,2049,上銀,8235458.0,0.14885243783648705,3.6,3407923.0,3.18,3.84,0.1491838975146776,0.18020368946453497,2781486.0,2627868.0,2511383.0,7920737.0,4.13,1.2079298936857812,1.2075471698113207,-0.05522875182546305,-0.04432680789141619,4.179010868413862
2022,2540,愛山林,1003741.0,0.04917105109784297,0.31,2660790.0,0.33,0.61,0.045526390966704,0.11737577193738331,388128.0,461649.0,318140.0,1167917.0,-0.11,2.57819188925445,1.8484848484848484,0.18942462280484795,-0.3108617152858557,0.5564499531275071
2022,2528,皇普,317479.0,0.15694581373886146,0.12,3799974.0,0.18,0.05,0.12393451524214191,0.09358176407786839,10.0,44.0,49.0,103.0,-0.03,0.7550904112145785,0.2777777777777778,3.4000000000000004,0.11363636363636354,3.2122200679667296e-05
2022,6152,百一,1015105.0,0.02035749996305801,0.12,1677385.0,-0.1,0.04,-0.01989150916462057,0.006738820089014469,341758.0,482327.0,412127.0,1236212.0,0.56,-0.3387787237883522,-0.39999999999999997,0.41131151282486433,-0.14554441281537212,-0.05082773656069043
2022,6442,光聖,770139.0,0.10748059765834479,1.25,693000.0,0.53,0.34,0.04780184890442929,0.029740662051414825,352830.0,290621.0,236142.0,879593.0,2.34,0.6221655172977854,0.6415094339622641,-0.17631437236062697,-0.1874572037120511,0.8487592880358096
2022,4562,穎漢,150165.0,-0.08372789931075816,-0.14,875460.0,-0.7,-0.36,-0.22739736571192165,-0.10292465099052614,66153.0,74722.0,74743.0,215618.0,0.07,0.4526202432833643,0.5142857142857143,0.12953305216694622,0.00028104172800524907,-0.09333679292845898
2022,1305,華夏,4839691.0,-0.018151365448744558,-0.16,5810505.0,0.87,0.86,0.11946481441497513,0.08922054763788871,1560080.0,1190704.0,1232717.0,3983501.0,-1.17,0.7468353596396226,0.9885057471264368,-0.2367673452643454,0.03528416802160739,-0.09293626695455513
2022,1217,愛之味,1100977.0,-0.017035778222433347,-0.03,4945134.0,0.23,0.18,0.09661531150420699,0.06026365847150652,512688.0,634623.0,465279.0,1612590.0,0.52,0.6237485294334782,0.7826086956521738,0.23783470648815652,-0.26684188880642523,-0.0346511306798087
2022,2527,宏璟,587091.0,0.11390738403416166,0.25,2703060.0,0.74,3.93,0.17125430529542568,0.3218134679641043,42295.0,108525.0,122362.0,273182.0,1.01,1.8791554898952965,5.310810810810811,1.5659061354770065,0.12750057590416963,0.21632713048841928
2022,1903,士紙,38625.0,-0.8783948220064725,-0.13,2600391.0,0.04,0.01,0.10129124244432396,0.08546852494268962,12111.0,14708.0,12980.0,39799.0,1.2,0.8437898764018864,0.25,0.2144331599372471,-0.11748708186021217,-0.11343774462916947
2022,1445,大宇,361245.0,-0.0629849548090631,-0.18,1306660.0,0.01,-0.08,0.002254462600627269,-0.028798622553829634,129689.0,124480.0,122975.0,377144.0,0.15,-12.77405202721787,-8.0,-0.040165318569809316,-0.012090295629820003,2.322256082897152
2022,1475,業旺,298220.0,0.3014519482261418,3.45,660168.0,-0.1,1.21,-0.01584328416452041,0.19749459851422144,104255.0,83865.0,105736.0,293856.0,4.3,-12.465508821491227,-12.1,-0.19557814972902976,0.2607881714660467,-16.7266203173273
2022,2329,華泰,4288219.0,0.09803230665224887,0.61,7355775.0,0.76,0.65,0.10220831261234832,0.09015294406566392,1313341.0,1327389.0,1168206.0,3808936.0,0.65,0.8820509972373036,0.8552631578947368,0.010696384259685887,-0.11992189177400148,0.4477526406184664
2022,1446,宏和,36035.0,-0.1282919383932288,-0.04,1377095.0,-0.09,-0.17,-0.41170565204296755,-0.5865076764060806,20368.0,10478.0,12108.0,42954.0,-0.04,1.424580093801748,1.888888888888889,-0.4855655930871956,0.15556403893872872,-0.057006706375268744
2022,3149,正達,657607.0,-0.14686583324082622,-0.46,2233936.0,0.02,-0.09,0.005089093958693083,-0.027522255852629643,224365.0,229172.0,213629.0,667166.0,-0.25,-5.408085619173273,-4.5,0.021424910302409117,-0.06782242158727947,2.3720700553794885
2022,1536,和大,1930317.0,0.09637588023107085,0.66,2795175.0,0.32,0.66,0.052958059383708046,0.10399177289457713,669456.0,701619.0,647576.0,2018651.0,1.17,1.9636628325276027,2.0625,0.048043486054348605,-0.07702613526714641,1.366745068598189
2022,2883,開發金,32577321.0,0.12106956247261708,0.23,190824559.0,0.48,0.91,0.15589771709574843,0.27734131603993273,7869616.0,9848079.0,7616477.0,25334172.0,0.4,1.7789953644388308,1.8958333333333335,0.25140527822450287,-0.226602771972077,0.2859448221059646
2022,2515,中工,2830689.0,0.018956162262968486,0.04,15308998.0,0.04,0.09,0.017983159355907663,0.029471378722301256,1219088.0,1397356.0,1457283.0,4073727.0,0.06,1.6388320950189206,2.25,0.14623062486055138,0.04288599326155973,0.08266659190708635
2022,2233,宇隆,851111.0,0.1993406265457737,2.81,602881.0,2.33,2.67,0.1595625181383121,0.1855652408308269,285558.0,298708.0,275527.0,859793.0,2.79,1.1629625992112702,1.1459227467811157,0.04605018945363115,-0.07760421548803509,3.306160058335526
2022,3046,建碁,877809.0,0.07662373021921626,0.94,714480.0,0.16,1.08,0.01945391244434469,0.1042444165397212,304239.0,295547.0,357195.0,956981.0,0.66,5.35853221494401,6.75,-0.028569644259940352,0.20858949676362815,5.499489479513203
2022,6277,宏正,1289622.0,0.12571203034687684,1.35,1194711.0,1.09,1.21,0.10750722116000583,0.11328419238170949,397421.0,460459.0,509989.0,1367869.0,1.71,1.0537356575620687,1.1100917431192658,0.15861768754041683,0.10756658030356658,1.5166667367176978
2022,4566,時碩工業,1118267.0,0.09263261814933285,1.44,717443.0,0.28,1.08,0.0199608935741032,0.06795118204439347,406815.0,477432.0,473620.0,1357867.0,2.31,3.4042154371561684,3.857142857142857,0.1735850447992331,-0.007984383116339089,5.968302226571509
2022,2905,三商,56340968.0,-0.024136823492276527,-1.57,9224957.0,0.79,-0.25,0.013665634275507325,-0.005702920601743926,13639081.0,21405659.0,36695770.0,71740510.0,0.81,-0.4173183978708672,-0.3164556962025316,0.5694355800071866,0.7143022786637869,0.7833354033502625
2022,1524,耿鼎,688070.0,0.16593224526574332,0.69,1653104.0,-0.03,0.17,-0.010727771868864346,0.058500440014129455,192039.0,180053.0,197003.0,569095.0,0.71,-5.453177111634681,-5.666666666666667,-0.062414405407234974,0.09413894797642919,-3.1150497433969337
2022,9906,欣巴巴,1257251.0,0.17665843972285566,2.67,833439.0,-0.37,3.17,-835.5945945945946,0.2741683110516149,361537.0,96909.0,13.0,458459.0,0.59,-0.0003281116378985591,-8.567567567567567,-0.7319527461919526,-0.9998658535326956,-0.000318847274443515
2022,4967,十銓,1568627.0,-0.016743942313883414,-0.26,1022124.0,1.7,-2.6,0.0741804429518324,-0.11400338826567016,485816.0,504585.0,695710.0,1686111.0,-0.95,-1.5368388719341566,-1.5294117647058825,0.03863396841602573,0.37877661840918764,0.42449114162305496
2022,1783,和康生,154226.0,0.21711643951084772,0.43,846991.0,0.31,0.42,0.17666881411368254,0.22284687441363682,46993.0,56342.0,59273.0,162608.0,0.55,1.2613820697875953,1.3548387096774193,0.19894452365245896,0.05202158247843536,0.5257780777967077
2022,2002,中鋼,133637840.0,0.0754593085311765,0.65,157731290.0,1.02,1.28,0.13611162134552218,0.15733042629173416,39157604.0,36270317.0,29912530.0,105340451.0,0.13,1.1558926764405193,1.2549019607843137,-0.0737350273014662,-0.1752889835509296,0.5825157222243269
2022,3583,辛耘,1382784.0,0.1099672833935018,1.89,811390.0,1.83,1.62,0.14698068693513877,0.10067349309215985,493879.0,470253.0,476658.0,1440790.0,1.89,0.6849436833601557,0.8852459016393442,-0.04783762824497495,0.013620327781002972,1.3374864656913623
2022,6582,申豐,380753.0,-0.023067447925558038,-0.08,1061741.0,11.76,8.67,0.450638527256025,0.42719320227951957,119802.0,109334.0,86421.0,315557.0,0.61,0.9479731013695923,0.7372448979591837,-0.08737750621859397,-0.20956884409241405,-0.06499123557238407
2022,6715,嘉基,910641.0,0.17864119889176963,2.71,605000.0,0.24,1.06,0.02772582937857025,0.08091184448099072,294131.0,345620.0,284717.0,924468.0,3.27,2.9182840078908088,4.416666666666667,0.17505465251877572,-0.17621376077773276,7.966098793958817
2022,8422,可寧衛,1267873.0,0.28290925037444603,3.29,1088880.0,2.43,2.58,0.4445428374215054,0.3693523681629099,398929.0,488257.0,519688.0,1406874.0,3.1,0.8308588893373584,1.0617283950617284,0.22391954458061458,0.06437388506462782,3.0370336323755973
2022,2471,資通,189324.0,0.18092793306712301,0.73,472539.0,-0.36,1.28,-0.12074334577516954,0.27552793554110533,74254.0,68149.0,54854.0,197257.0,1.02,-2.281930600582767,-3.555555555555556,-0.08221779298084952,-0.19508723532260197,-1.7234663960850605
2022,2015,豐興,10858158.0,0.08335962692751385,1.55,5815994.0,1.76,1.93,0.10408655242225127,0.11562374344559093,3274243.0,2855817.0,2708776.0,8838836.0,1.01,1.110842282262711,1.096590909090909,-0.12779320288689633,-0.05148824311921951,1.4072760298704892
2022,2433,互盛電,793135.0,0.11606977374595749,0.64,1444960.0,0.67,1.82,0.09827312511166467,0.27594008646085033,271760.0,258754.0,263469.0,793983.0,1.89,2.807889605090998,2.716417910447761,-0.047858404474536376,0.018221940530387837,1.7908307619404096
2022,6669,緯穎,75057225.0,0.04746533061940406,20.37,1748408.0,13.2,11.59,0.04509522781757857,0.04477261820509826,21822682.0,26368154.0,31483162.0,79673998.0,24.69,0.9928460365299551,0.878030303030303,0.2082911715434428,0.1939843039448268,21.474953995177106
2022,2031,新光鋼,4120146.0,0.033146398210160515,0.42,3211463.0,3.04,1.79,0.2448645020199901,0.1530533682598257,1106608.0,1832460.0,1325323.0,4264391.0,-0.48,0.6250533131475743,0.5888157894736842,0.6559251333805647,-0.2767520164150923,0.27511071169749524
2022,8011,台通,363898.0,-0.26544251411109704,-0.65,1509219.0,-0.18,-0.49,-0.07034651159054764,-0.17887049154854193,133888.0,156657.0,169209.0,459754.0,-0.18,2.542705921079056,2.7222222222222223,0.17006005019120463,0.08012409276317056,-2.056079338258185
2022,6285,啟碁,20175621.0,0.027703335624712618,1.43,3964331.0,0.75,0.85,0.01882362988868402,0.019281025951731798,8243938.0,8539157.0,9748056.0,26531151.0,3.13,1.024299036145135,1.1333333333333333,0.03581043428516817,0.1415712347249265,1.8990876538270454
2022,9924,福興,2478771.0,0.11351391475856382,1.49,1884521.0,0.71,1.18,0.05196052981231078,0.09279620594728666,992611.0,894986.0,828298.0,2715895.0,2.02,1.785897993774899,1.6619718309859155,-0.09835172086547495,-0.07451289740845113,2.921579745846319
2022,9902,台火,34697.0,-1.2952704844799263,-0.46,980496.0,0.94,0.08,0.628913506720577,0.18331746839926505,18647.0,2182.0,368.0,21197.0,-0.07,0.29148279761896106,0.08510638297872342,-0.8829838579932429,-0.8313473877176902,-0.08162101140630276
2022,2481,強茂,3485093.0,0.16363781396938332,1.49,3828149.0,1.69,1.88,0.1562337808680438,0.16850793283756868,1113783.0,1004167.0,1050617.0,3168567.0,1.12,1.078562727608133,1.1124260355029585,-0.09841773487295102,0.04625724605568604,1.4608416378608222
2022,2392,正崴,21883419.0,0.022884815211005192,1.03,5123269.0,0.62,0.82,0.017133458453076914,0.018766965675256896,7721549.0,8025226.0,10810229.0,26557004.0,1.51,1.0953401922124268,1.3225806451612903,0.03932850779034114,0.3470310991864902,1.2993565903012971
2022,1730,花仙子,615277.0,0.08973844301022141,0.87,632339.0,0.73,1.2,0.080066896804588,0.09780427826194323,204056.0,266545.0,240248.0,710849.0,1.06,1.2215320209130276,1.643835616438356,0.3062345630611205,-0.09865876306064647,1.232283901090385
2022,1710,東聯,5519393.0,-0.03400084030979494,-0.22,8857031.0,0.06,0.26,0.006455963374881313,0.032810759259842656,1121107.0,1852131.0,1942737.0,4915975.0,-0.29,5.082240612996949,4.333333333333334,0.6520555129885015,0.04891986581942631,-0.959105483039587
2022,2915,潤泰全,813279.0,7.301109459361425,8.57,7343188.0,6.36,1.24,4.837692995860782,5.425002840696511,228155.0,245519.0,203296.0,676970.0,10.55,1.1214028763996065,0.19496855345911948,0.07610615590278536,-0.1719744704075855,7.548059264004
2022,8021,尖點,892309.0,0.1384116937070006,0.87,1421805.0,0.84,0.93,0.1273059094686876,0.12528516441908172,284177.0,290389.0,298238.0,872804.0,0.3,0.9841268558699318,1.1071428571428572,0.021859615662069842,0.02702926075023493,0.8361815046461981
2022,3481,群創,57901588.0,-0.08187200323417727,-0.45,105596201.0,2.07,1.77,0.22972894067896776,0.19983834069109038,15760183.0,15281141.0,16973932.0,48015256.0,-1.23,0.8698875296271544,0.855072463768116,-0.030395713044702566,0.11077647932179935,-0.3238392436454306
2022,2201,裕隆,17725433.0,-0.21920891861992878,-3.97,10000000.0,0.96,1.14,0.052666243622656206,0.05741882765923923,6950053.0,6247768.0,6123519.0,19321340.0,-0.13,1.0902396622518666,1.1875,-0.10104743086131862,-0.019886942024735843,-4.6176120198895
2022,1537,廣隆,2025107.0,0.13080740918874903,3.23,820664.0,2.46,0.66,0.10348859390368871,0.06839572697328976,702257.0,707839.0,629208.0,2039304.0,3.09,0.6609011137685569,0.2682926829268293,0.007948656973159496,-0.11108599554418452,2.148252946519921
2022,2477,美隆電,1069838.0,-0.016089351845793475,-0.09,1982165.0,0.51,0.32,0.11064013604326263,0.06347027730681172,318855.0,201654.0,243205.0,763714.0,0.68,0.5736641292811996,0.6274509803921569,-0.36756833043232817,0.20605095857260447,-0.03556208308793896
2022,2748,雲品,336913.0,-0.0931219632368,-0.35,904826.0,-0.72,-0.99,-0.24342057988718427,-0.33886086389880016,166842.0,167123.0,175409.0,509374.0,0.49,1.392079766040524,1.375,0.0016842281919420277,0.04958024927747817,-0.7297732605188217
2022,4555,氣立,487276.0,0.11056157085512112,0.8,669926.0,1.23,1.07,0.14323180960551876,0.1280333030556523,184869.0,149859.0,135504.0,470232.0,0.68,0.8938887486534914,0.8699186991869919,-0.18937734287522512,-0.09579004264008173,0.6937021146284522
2022,5515,建國,1389010.0,0.013822074715084844,0.08,2574401.0,0.39,0.51,0.07024129358605274,0.10200801167410961,453909.0,387387.0,359043.0,1200339.0,0.21,1.4522513249152993,1.3076923076923077,-0.1465536043568204,-0.07316714293458482,0.09359286440416272
2022,2439,美律,8004468.0,0.04905347863218393,1.83,2163994.0,0.54,2.2,0.013615071637138394,0.054064863090713976,3290225.0,3716353.0,4074768.0,11081346.0,2.75,3.970956931525723,4.074074074074074,0.12951333115516417,0.0964426683902202,9.974736932265722
2022,2029,盛餘,3726425.0,0.09145950877852096,1.07,3211800.0,1.06,1.03,0.09304568342688668,0.09243807518887297,1035691.0,794833.0,683046.0,2513570.0,-0.49,0.9934697858553411,0.9716981132075472,-0.23255778026457696,-0.1406421223074532,0.7110923698573707
2022,2399,映泰,492599.0,-0.028000462851122312,-0.07,1781000.0,0.83,0.32,0.23193248807329075,0.0859909520363801,172893.0,173873.0,198809.0,545575.0,0.17,0.37075854594897,0.3855421686746988,0.005668245677962647,0.14341502130865624,-0.03180145001526937
2022,1535,中宇,2066309.0,0.0989764841560483,1.65,1237426.0,0.95,0.8,0.06141409479617855,0.04951982752988829,720211.0,685491.0,798394.0,2204096.0,1.04,0.8063267511185336,0.8421052631578948,-0.04820809457228503,0.16470384002124017,1.421524537640788
2022,8462,柏文,836106.0,0.005136908478111627,0.06,774504.0,-1.27,-3.44,-0.18760004090329502,-0.7559168674592197,293742.0,323006.0,302800.0,919548.0,0.03,4.029406730507502,2.7086614173228347,0.09962484084672951,-0.06255611350872736,0.2457500839058605
2022,8105,凌巨,2603960.0,0.053006958632237054,0.31,4415449.0,-0.02,0.27,-0.003346017851632454,0.04487746798069754,891233.0,846983.0,832845.0,2571061.0,0.61,-13.412202196949648,-13.5,-0.049650315910654164,-0.016692188627162485,-4.139715413389726
2022,6239,力成,23263343.0,0.11807924596219899,3.67,7591466.0,2.88,3.2,0.10780256724576004,0.11068991347856319,7683710.0,7084719.0,6661704.0,21430133.0,3.2,1.026783650024037,1.1111111111111112,-0.07795596137803218,-0.059708084399677674,3.422565204649683
2022,3346,麗清,1126373.0,-0.12984508684068244,-1.45,1066652.0,0.01,0.09,0.002692178616550853,0.007132575513009924,502409.0,602037.0,591359.0,1695805.0,0.6,2.6493693505923424,9.0,0.1983005877681332,-0.017736451414115728,-5.469167047236426
2022,1225,福懋油,3808434.0,0.03868834276765726,0.67,2187030.0,0.47,0.13,0.03212456029413435,0.00899408217102045,1301087.0,1333748.0,1295478.0,3930313.0,-0.05,0.27997526156529795,0.2765957446808511,0.02510285630399811,-0.02869357629777136,0.1946579670529854
2022,2890,永豐金,11597711.0,0.32927764797726033,0.33,113837646.0,0.37,0.38,0.3744801596177923,0.3435244912193584,4728509.0,4313423.0,3898356.0,12940288.0,0.42,0.9173369600407446,1.027027027027027,-0.08778369672131325,-0.09622682496013024,0.34335958733113264
2022,2460,建通,809716.0,-0.0037062377426159295,-0.01,1692000.0,0.55,0.39,0.07098545705387346,0.06227832653216887,203088.0,184507.0,191037.0,578632.0,-0.25,0.8773392342167152,0.7090909090909091,-0.09149235799259436,0.035391611158384295,-0.011119952052561244
2022,1808,潤隆,278651.0,0.0010012524627580736,0.0,4510261.0,0.81,0.68,0.14017268147145295,0.16386452459720413,19960.0,14021.0,18741.0,52722.0,-0.25,1.169018976287303,0.8395061728395061,-0.2975450901803607,0.33663790029241847,0.00013682181924309437
2022,3050,鈺德,256411.0,-0.0009944971159583638,0.0,1459845.0,0.24,0.42,0.14283696898207374,0.23815871357339868,101783.0,99648.0,100254.0,301685.0,0.32,1.6673464528870532,1.75,-0.020975997956436787,0.006081406551059709,-0.0034267020823928805
2022,2459,敦吉,1828643.0,0.07111065418455106,1.24,1055956.0,1.31,1.68,0.07727716790211922,0.09614885702097081,766310.0,814858.0,798310.0,2379478.0,2.18,1.2442078253017093,1.282442748091603,0.06335295115553752,-0.020307832775771972,1.9937168254292243
2022,3419,譁裕,484356.0,0.040431005293627004,0.16,1204804.0,-0.01,-0.05,-0.0022631650895393166,-0.016484443544577176,190773.0,181487.0,211254.0,583514.0,0.6,7.28380073586797,5.0,-0.04867565116656969,0.16401725743441675,1.4262888127393205
2022,2880,華南金,13340346.0,0.32155635243643604,0.31,136427459.0,0.41,0.36,0.40707264685186323,0.34990260066788115,6118042.0,5166107.0,4751869.0,16036018.0,0.43,0.8595581240200925,0.8780487804878049,-0.15559471477966313,-0.0801837824884386,0.3248830754598508
2022,9938,百和,5035531.0,0.11097677682850131,1.87,2979639.0,2.31,1.17,0.11423962567661887,0.10017846225977119,1340178.0,1476959.0,1254333.0,4071470.0,1.35,0.8769151830324533,0.5064935064935064,0.10206181566926187,-0.15073268790805971,1.3297723113888709
2022,9914,美利達,8808535.0,0.10818473219440009,3.18,2989838.0,2.97,4.07,0.12187551416631018,0.1621580117184628,3256264.0,3021291.0,3156527.0,9434082.0,3.1,1.3305216624332228,1.3703703703703705,-0.07216030395569895,0.04476099786482002,4.541924529421929
2022,2206,三陽工業,12438618.0,0.05383684907760653,0.84,7976396.0,0.54,0.54,0.04204806420681938,0.04186831328849949,4853029.0,4642552.0,5014964.0,14510545.0,1.17,0.9957251083561004,1.0,-0.04337023331202017,0.0802170874984276,0.9752054276219458
2022,2406,國碩,1896047.0,-0.006062613426776868,-0.04,3509057.0,-0.21,-0.25,-0.030200985976430242,-0.03896122452232012,597781.0,505943.0,536940.0,1640664.0,-0.02,1.2900646539396639,1.1904761904761905,-0.15363151388217422,0.06126579476344163,-0.03656794703516447
2022,1104,環泥,1748604.0,0.18935676688375414,0.5,6536092.0,0.46,0.3,0.20657037527150665,0.13352963399033727,580420.0,605512.0,597159.0,1783091.0,0.88,0.6464123125827314,0.6521739130434782,0.04323076392956815,-0.01379493717713276,0.33392259076041375
2022,6215,和椿,521763.0,0.13246243984337716,0.84,827897.0,0.65,0.83,0.09720660976261293,0.12909036889946934,175854.0,134379.0,153886.0,464119.0,0.71,1.327999908799611,1.2769230769230768,-0.23584905660377353,0.14516405093057694,0.9861519419615666
2022,2380,虹光,628087.0,0.0143881341279154,0.05,1932211.0,0.2,-0.29,0.03913176059656807,-0.08069681442451782,210220.0,259548.0,344485.0,814253.0,0.28,-2.0621820535106483,-1.4499999999999997,0.23464941489867752,0.3272496802132938,-0.12503635298771057
2022,4956,光鋐,300118.0,-0.024760260964020817,-0.08,1004082.0,0.39,0.37,0.08455923980733888,0.07726936759431226,84421.0,93380.0,96246.0,274047.0,-0.15,0.9137897617145567,0.9487179487179487,0.10612288411651138,0.03069179695866353,-0.061752902645365516
2022,6155,鈞寶,199219.0,0.19386705083350483,0.45,871477.0,0.07,0.32,0.030812567713976165,0.13398668766033422,69910.0,63458.0,61586.0,194954.0,0.92,4.348442781662746,4.571428571428571,-0.09229008725504217,-0.02949982665700146,1.885879693452208
2022,1213,大飲,92803.0,-0.1897352456278353,-0.31,566226.0,-0.41,-0.72,-0.22640168952126988,-0.31407056631603464,29503.0,38696.0,31847.0,100046.0,-0.3,1.3872271314765454,1.7560975609756098,0.3115954309731215,-0.17699503824684726,-0.4650562765350665
2022,1457,宜進,1176611.0,0.0039443792383379046,0.03,3016476.0,0.5,0.14,0.10009165171622599,0.030737542120489306,309944.0,365255.0,348821.0,1024020.0,0.15,0.30709396431617086,0.28,0.1784548176444778,-0.0449932239120614,0.004112051162808354
2022,5519,隆大,1412577.0,0.1258897745043279,0.81,2191972.0,0.84,0.3,0.13816684954998712,0.0895866185612972,273679.0,959016.0,656386.0,1889081.0,2.05,0.6483944510067577,0.35714285714285715,2.50416363696155,-0.31556303544466413,0.7034695813300439
2022,1760,寶齡富錦,814792.0,0.19781490245363234,1.88,857391.0,0.97,0.77,0.1393956216042865,0.11309356268902293,159290.0,345476.0,156797.0,661563.0,0.91,0.8113135935508122,0.7938144329896908,1.1688492686295437,-0.5461421343306048,1.2383404132602391
2022,1583,程泰,1522596.0,0.14586403747284243,2.02,1104004.0,1.78,-0.31,0.11160996261458885,-0.020281318691586604,596528.0,615406.0,742068.0,1954002.0,2.19,-0.18171602441640436,-0.17415730337078653,0.031646460853472114,0.20581859780372636,-0.46913281730575024
2022,1108,幸福,1001980.0,0.11663107048044871,0.28,4047380.0,0.2,0.09,0.07736938640152023,0.04215931372254005,326691.0,390053.0,346635.0,1063379.0,0.33,0.5449095008166133,0.44999999999999996,0.19395085876256157,-0.11131307796632761,0.16697549517099572
2022,2516,新建,1814515.0,-0.19428001421867552,-1.56,2262785.0,0.02,0.06,0.0018192858795686854,0.006588001477436884,465864.0,565296.0,482122.0,1513282.0,-0.03,3.621201896536877,3.0,0.21343568079954656,-0.1471335371203759,-4.704976308430179
2022,2705,六福,196806.0,-1.2722274727396523,-1.31,1913128.0,-1.05,-0.98,-1.0186360906809282,-0.8293323495568614,189565.0,265241.0,136498.0,591304.0,0.21,0.8141595974696687,0.9333333333333332,0.39920871468889296,-0.4853812193439174,-3.201408585522968
2022,6213,聯茂,7645655.0,0.056856083618735086,1.14,3829572.0,2.58,2.4,0.10528872754092737,0.09352833638025594,2203124.0,2055410.0,2092450.0,6350984.0,0.76,0.8883034163737995,0.9302325581395349,-0.06704751979461887,0.01802073552235317,0.8375853122726579
2022,2023,燁輝,22967005.0,0.018370701795902427,0.22,19850980.0,0.62,0.96,0.0505493638900059,0.07449691696847202,6658142.0,6939344.0,6781033.0,20378519.0,-0.23,1.4737458839358566,1.5483870967741935,0.042234305005810935,-0.02281353972363953,0.2779322987862474
2022,4438,廣越,4824049.0,0.06925593002890311,3.23,1033753.0,3.09,2.77,0.09416108259251675,0.06537603250542462,2473638.0,2558539.0,2751463.0,7783640.0,8.94,0.6942999241877901,0.8964401294498382,0.03432232202124963,0.07540397078176264,3.6205124220625957
2022,2489,瑞軒,4494084.0,-0.08391253924047704,-0.5,7980000.0,1.0,-0.12,0.16575905288759243,-0.01599605984362315,1025750.0,1318705.0,1535977.0,3880432.0,1.5,-0.09650187766499059,-0.12,0.28560077991713384,0.1647616411555275,0.039376744972197224
2022,8112,至上,44872486.0,0.01574806887231521,1.65,4584965.0,2.01,1.8,0.015479529461778238,0.014313779881659263,12283141.0,12938594.0,12558033.0,37779768.0,1.02,0.9246908904435744,0.8955223880597016,0.05336200243895273,-0.02941285583271258,1.1999057833314757
2022,9955,佳龍,277205.0,-0.09115275698490287,-0.25,1032082.0,-0.04,-0.37,-0.014158955092910706,-0.13087888189154925,85625.0,81881.0,79179.0,246685.0,-0.28,9.243540998098046,9.25,-0.043725547445255475,-0.0329991084622806,-2.01389451558585
2022,1442,名軒,198810.0,0.5538202303707057,0.3,3662113.0,0.45,0.85,0.16485334554995293,0.16809211507335098,69478.0,125929.0,5668.0,201075.0,0.14,1.0196463681861807,1.8888888888888888,0.81250179913066,-0.9549905105257724,0.31005927629928337
2022,6202,盛群,1665409.0,0.21326052639321633,1.57,2261682.0,2.26,3.17,0.3072367790764514,0.3378616885111249,495274.0,469580.0,382050.0,1346904.0,0.99,1.0996785265316589,1.4026548672566372,-0.051878354203935606,-0.18640061331402535,1.3966298583890953
2022,1709,和益,2645478.0,0.13513663693290967,0.75,4770163.0,0.59,0.59,0.1132552068013494,0.12610567511148596,868527.0,874460.0,775534.0,2518521.0,0.54,1.1134647021807693,1.0,0.006831105999007603,-0.11312810191432432,0.7944414908862477
2022,8463,潤泰材,957017.0,0.009378098821651026,0.06,1500000.0,-0.51,-0.21,-0.07896085910861214,-0.038755980861244016,373645.0,412864.0,391199.0,1177708.0,,0.49082521769341997,0.4117647058823529,0.10496326727241101,-0.052474906991164194,0.03613999089306709
2022,8046,南電,15185715.0,0.3203201166359305,7.53,6461655.0,3.61,4.82,0.1865282247493722,0.22059923525309363,5531701.0,5756589.0,5907151.0,17195441.0,8.54,1.1826587399815809,1.3351800554016622,0.04065440268734699,0.02615472461209234,10.081222764092924
2022,1725,元禎,2687597.0,0.0034395037648873696,0.05,1818300.0,0.28,0.77,0.018068802699082336,0.05154200533512277,632445.0,646962.0,623168.0,1902575.0,0.98,2.8525412664858223,2.75,0.02295377463652959,-0.036778048788027706,0.10266064111608393
2022,2012,春雨,2725987.0,0.057766599767350324,0.6,3021627.0,0.88,0.91,0.079156342061183,0.07347205359166205,983848.0,878532.0,834565.0,2696945.0,0.38,0.9281890961418184,1.0340909090909092,-0.1070449906896187,-0.05004598580359054,0.47856893546436796
2022,2812,台中銀,3606957.0,0.36880145784937274,0.27,47654465.0,0.28,0.27,0.34715902309821545,0.38090063106333333,1436922.0,1440249.0,1218436.0,4095607.0,0.28,1.0971935214703377,0.9642857142857143,0.002315365760980681,-0.15401017462952582,0.34776874017734705
2022,1315,達新,691024.0,0.1600479867558869,1.16,990990.0,-2.01,1.75,-0.4945616588185603,0.3427001712569793,212786.0,306497.0,233641.0,752924.0,5.29,-0.692937200339474,-0.8706467661691544,0.4404002142998129,-0.23770542615425272,-0.842608743428686
2022,2357,華碩,126922226.0,0.014935453464234074,2.55,7427603.0,15.31,15.25,0.0887693345555302,0.08145977313615511,36753188.0,48226687.0,59790709.0,144770584.0,8.34,0.917656683403405,0.9960809928151535,0.312176973600222,0.2397847067537524,2.6713468961575155
2022,6024,群益期,685188.0,0.23345417608014152,0.76,2104376.0,0.6,0.51,0.19412473294937302,0.17784486131280378,240420.0,216494.0,270609.0,727523.0,1.07,0.9161370558546243,0.8500000000000001,-0.09951751102237749,0.24996073794192908,0.7394102804197942
2022,2034,允強,4967150.0,0.07493472111774357,0.83,4453545.0,0.71,0.73,0.06931963042410585,0.06104821959421824,1667173.0,1301373.0,1385638.0,4354184.0,0.6,0.8806772226094957,1.028169014084507,-0.21941334222663156,0.06475084391638686,0.6452095577448487
2022,3406,玉晶光,2911466.0,0.12835870314130407,3.32,1127093.0,1.06,8.71,0.04659502867134878,0.16474618777774266,1946290.0,2535097.0,2732525.0,7213912.0,15.35,3.53570310986942,8.216981132075473,0.302527886388976,0.0778778879072477,29.047729976661774
2022,3416,融程電,606922.0,0.1535996388333262,1.28,726175.0,1.33,1.54,0.1573406377272601,0.16411936006699765,233540.0,259619.0,270798.0,763957.0,2.25,1.0430830994309814,1.1578947368421053,0.1116682367046331,0.043059252211895105,1.6855309228917752
2022,2342,茂矽,574967.0,0.2927507143888258,1.08,1561567.0,0.15,0.61,0.049626484184380704,0.17836289709182762,191600.0,190849.0,170468.0,552917.0,1.28,3.5941070584235555,4.066666666666666,-0.003919624217119,-0.10679123285948577,3.725531958736111
2022,3011,今皓,386729.0,-0.028785014829505934,-0.1,1127192.0,-0.16,-0.05,-0.044043657563699455,-0.01310929128921094,139198.0,125991.0,119232.0,384421.0,0.02,0.297643111729566,0.3125,-0.09487923677064325,-0.053646689049217766,-0.029219413882434098
2022,8271,宇瞻,2112860.0,0.06938983179197865,1.44,1018243.0,1.68,1.11,0.07392858439268919,0.052719236616468386,674479.0,698115.0,872632.0,2245226.0,1.15,0.7131103219349862,0.6607142857142858,0.03504334456669511,0.24998316896213368,1.0910915365073675
2022,8261,富鼎,1163163.0,0.24793773529591295,3.06,1163405.0,1.72,2.38,0.1352691266227687,0.1869730326148026,333983.0,287845.0,288271.0,910099.0,1.81,1.382229909240288,1.3837209302325582,-0.13814475587080777,0.0014799631746251762,2.680900078147476
2022,2524,京城,813637.0,0.14797016359875473,0.33,3737052.0,1.19,0.75,0.21215913007222886,0.27795539270860775,135598.0,223376.0,119882.0,478856.0,0.21,1.3101269439310896,0.6302521008403361,0.6473399312674228,-0.463317455769644,0.24840671110534188
2022,6136,富爾特,125399.0,-0.009258447037057712,-0.01,1155364.0,-0.03,0.77,-0.02322595935457113,0.575013357881794,36608.0,40997.0,39465.0,117070.0,0.93,-24.75735658982047,-25.666666666666668,0.11989182692307687,-0.037368587945459386,0.23225721049529713
2022,2207,和泰車,57359664.0,-0.014182806231221996,-1.49,5461792.0,7.6,6.43,0.06275975998379353,0.06157397507296204,23535769.0,17421757.0,20180474.0,61138000.0,-24.99,0.9811059680416608,0.8460526315789474,-0.259775323253725,0.15834895412672778,-1.5575936128735073
2022,1232,大統益,5934955.0,0.06350258763545806,2.36,1599749.0,1.68,0.85,0.054580344918530685,0.027939327685724335,1798053.0,2186695.0,2070078.0,6054826.0,0.78,0.5118935713474869,0.5059523809523809,0.21614602016736995,-0.05333025410493919,1.2303280280542628
2022,6189,豐藝,7723232.0,0.03242826319344026,1.26,2004067.0,1.01,1.29,0.02287837033074931,0.028784667689308513,1811874.0,1952572.0,2195935.0,5960381.0,0.96,1.2581607550351146,1.2772277227722773,0.07765330260271952,0.12463714526276104,1.2134492244386412
2022,6706,惠特,1472341.0,0.21221170910814818,4.25,735369.0,2.57,4.49,0.13437859433713542,0.21284456807126512,346597.0,214009.0,225705.0,786311.0,3.33,1.5839172088470468,1.747081712062257,-0.382542260896661,0.0546519071627829,3.5941057701030164
2022,1609,大亞,7028422.0,-0.010378005190923368,-0.11,6846491.0,0.61,-0.03,0.050283313176021714,0.0013699630837574197,2138751.0,2289497.0,2176392.0,6604640.0,0.41,0.027244884977283185,-0.04918032786885246,0.0704831932281973,-0.04940168080587137,-0.0027275955370746354
2022,6776,展碁國際,6066121.0,0.01698218680438455,1.26,815814.0,1.03,1.04,0.017934407495298697,0.013859667968479386,1756354.0,1992711.0,1861803.0,5610868.0,1.29,0.772797650109854,1.0097087378640777,0.13457252922816254,-0.06569341966797992,0.9026061836186926
2022,2402,毅嘉,1684674.0,0.04389395218303363,0.25,3075366.0,0.17,0.27,0.02993814172570437,0.050134100878146466,600851.0,701975.0,778752.0,2081578.0,0.3,1.674589603372149,1.588235294117647,0.1683012926665679,0.10937284091313804,0.49751818256788183
2022,2303,聯電,72055140.0,0.2959791071115815,1.74,124821235.0,0.98,1.43,0.23460233680374856,0.31231037036953563,24826685.0,25346076.0,25218828.0,75391589.0,2.19,1.33123299036357,1.4591836734693877,0.02092067466921188,-0.005020422096106758,2.3798498044720273
2022,3189,景碩,11453611.0,0.18297015674794612,4.65,4508441.0,1.9,3.07,0.09775052132549335,0.14177579268287063,3762744.0,3868932.0,3912745.0,11544421.0,4.79,1.4503840057361974,1.6157894736842104,0.028220894113444972,0.011324313789955465,6.795306145243652
2022,2548,華固,9880441.0,0.20851943754332422,7.44,2768127.0,1.19,4.17,0.1924028430128808,0.20412503926778985,1229035.0,238563.0,286458.0,1754056.0,0.98,1.0609252756942074,3.504201680672269,-0.8058940550920031,0.2007645779102376,1.4018088070781551
2022,2547,日勝生,1464758.0,0.050685505728591346,0.08,8800946.0,-0.11,-0.08,-0.08097405597253224,-0.06226004093708015,429425.0,612376.0,387083.0,1428884.0,-0.03,0.7688887531853388,0.7272727272727273,0.4260371426908074,-0.3678997870589311,0.06327248760981168
2022,5534,長虹,1480538.0,0.29171963164741466,1.48,2903260.0,0.06,-0.03,0.06714450294974987,-0.021488786549027514,375411.0,246587.0,347787.0,969785.0,1.0,-0.3200379123382514,-0.5,-0.3431545692587591,0.4104028192889324,-0.3118578045197399
2022,2438,翔耀,59250.0,-0.09024472573839662,-0.09,601956.0,-0.04,0.01,-0.022289168888798422,0.0003333714329256677,16004.0,11792.0,30761.0,58557.0,-0.08,-0.014956656059670573,-0.25,-0.26318420394901276,1.6086329715061058,0.0013130171763298163
2022,2369,菱生,1649308.0,0.05614960941194731,0.25,3801023.0,0.51,0.79,0.09490097485787292,0.14306625439510243,490820.0,453201.0,414198.0,1358219.0,-0.09,1.5075319785635874,1.5490196078431373,-0.07664520598182634,-0.08606115167442263,0.30247018845329426
2022,2913,農林,79755.0,-0.7382358472823021,-0.07,7900000.0,-0.04,-0.04,-0.4384910699382407,-0.2791898804449115,36201.0,43381.0,28483.0,108065.0,-0.05,0.636705966404821,1.0,0.19833706251208527,-0.343422235540905,-0.06429719335752163
2022,2897,王道銀行,2078636.0,0.20454807864387992,0.11,30330063.0,0.14,0.18,0.2183379753315758,0.20443551757392778,893584.0,1005423.0,705298.0,2604305.0,0.26,0.9363259747346504,1.2857142857142856,0.12515779154505902,-0.29850620087266755,0.16445269999638837
2022,2882,國泰金,105719383.0,0.13810994337717616,0.85,147025102.0,2.3,2.32,0.21569285111292674,0.2317351142029212,25761482.0,26891960.0,16126783.0,68780225.0,0.38,1.0743754974131965,1.008695652173913,0.04388249092191199,-0.40031210071709167,0.6941497077259023
2022,4942,嘉彰,2146955.0,0.11105915121649033,1.68,1423676.0,2.05,1.42,0.1327675648726202,0.09355918539436467,620510.0,626796.0,624162.0,1871468.0,1.53,0.7046840505369454,0.6926829268292684,0.010130376625678839,-0.0042023242011755,1.028774127507654
2022,2353,宏碁,72321799.0,0.023843599355154316,0.58,30478538.0,0.97,1.0,0.03630700722257373,0.03719113095852761,17458555.0,20241042.0,27161582.0,64861179.0,0.62,1.0243513250908816,1.0309278350515465,0.15937670672057336,0.34190631094980195,0.5197702966036204
2022,4968,立積,876461.0,0.04328772187239364,0.42,884689.0,3.98,-1.97,0.14505659063608844,0.028082582989432482,296677.0,302144.0,297229.0,896050.0,1.1,0.19359742888128967,-0.4949748743718593,0.018427448032708904,-0.016267077949586928,0.08488010977776071
2022,2009,第一銅,777672.0,-0.015816436749683672,-0.03,3596222.0,0.22,0.56,0.1003892573448486,0.23660829576066586,270550.0,262992.0,186982.0,720524.0,0.49,2.356908518088636,2.545454545454546,-0.027935686564405815,-0.28902019833302917,-0.07468843040707471
2022,2069,運錩,4050683.0,0.058435330535615844,1.43,1663868.0,1.11,1.49,0.050047415457001976,0.05707139434357793,1229673.0,1099130.0,1077967.0,3406770.0,-0.56,1.1403464858761903,1.3423423423423422,-0.10616074354726823,-0.01925431932528454,1.3643829334967774
2022,3596,智易,10888197.0,0.03925360645109562,1.96,2203543.0,1.85,2.35,0.0399435002569027,0.0513130705448458,4183524.0,4077872.0,4522308.0,12783704.0,2.6,1.2846413112225514,1.2702702702702702,-0.025254307134368048,0.10898723648020336,2.9254765706969548
2022,3617,碩天,3046369.0,0.11482981871204703,4.32,809510.0,0.42,0.62,0.016259297059718365,0.021814232025061404,1031406.0,979882.0,1069987.0,3081275.0,6.02,1.3416466865043708,1.4761904761904763,-0.04995510982096285,0.0919549496776142,5.864096167522057
2022,3669,圓展,908744.0,0.14876356817761657,1.45,929200.0,2.11,1.9,0.19157739968538345,0.19138739390813553,312966.0,216418.0,260900.0,790284.0,1.05,0.9990082035899852,0.9004739336492891,-0.30849357438188174,0.2055374321914074,1.2639783330268983
2022,2423,固緯,674059.0,0.12765203046024162,0.6,1450472.0,0.28,0.63,0.06721782306743689,0.12809325299269805,225319.0,237725.0,295207.0,758251.0,0.82,1.9056441751198538,2.25,0.05505971533692233,0.2418003996214113,1.2716663548094478
2022,3557,嘉威,1129648.0,0.07507913969661346,1.06,803004.0,2.02,0.46,0.14358062593789397,0.03565242430673395,359103.0,392978.0,333741.0,1085822.0,1.18,0.2483094364148786,0.22772277227722773,0.09433226678696638,-0.15073871819796525,0.2520887355238083
2022,2601,益航,1531363.0,0.0008737314405532849,0.0,8347761.0,0.06,0.1,0.024958909039528236,0.04865433970553148,465054.0,529814.0,534770.0,1529638.0,-0.03,1.9493776602365118,1.6666666666666667,0.13925264592929,0.00935422620013826,0.003120991644640435
2022,4999,鑫禾,602301.0,0.1457111975573675,1.18,744172.0,0.29,0.4,0.026814315244241164,0.04315926814594209,192571.0,163123.0,200044.0,555738.0,1.24,1.6095607049003904,1.3793103448275863,-0.1529202216325407,0.22633840721418808,1.751447229930858
2022,2816,旺旺保,1848537.0,-0.4076331715297016,-3.37,2236080.0,0.42,0.37,0.04310602052789682,0.03993055470960593,813502.0,758209.0,682127.0,2253838.0,0.04,0.926333589150596,0.8809523809523809,-0.06796910148960911,-0.10034436415289183,-3.806030722017249
2022,6579,研揚,2085452.0,0.14031778242798204,2.73,1487375.0,0.19,0.87,0.014374435829021667,0.06005517554427026,642046.0,652638.0,764707.0,2059391.0,3.33,4.17791531150184,4.578947368421052,0.016497260320911478,0.17171693955914313,8.116909013902323
2022,1319,東陽,5418894.0,0.14894533829227882,1.36,5914771.0,0.24,0.19,0.03165616986228734,0.02494881977712149,1859349.0,1767684.0,1899913.0,5526946.0,1.19,0.7881187106859553,0.7916666666666667,-0.04929951289402901,0.07480352823242153,1.0968969777787383
2022,9941,裕融,8928306.0,0.144794992465536,2.19,5471114.0,3.71,2.62,0.16287307947068233,0.17234462093167668,3093859.0,3201093.0,3116978.0,9411930.0,3.23,1.058152897285271,0.706199460916442,0.03466027378752545,-0.026276962275072924,2.6357541101260145
2022,1618,合機,529433.0,0.09923446403983129,0.27,1926917.0,0.23,0.2,0.07221148074767746,0.09458331728485408,103947.0,405947.0,304615.0,814509.0,0.21,1.3098099679654633,0.8695652173913043,2.9053267530568463,-0.2496187926010046,0.5494190312508023
2022,2539,櫻花建,3165826.0,0.26597766270161405,1.31,7346443.0,-0.08,0.68,-47.31938775510204,0.21260114960648163,732130.0,2364287.0,0.0,3096417.0,0.85,-0.004492897302619024,-8.5,2.229326758908937,-1.0,-0.005036791655865928
2022,3376,新日興,3016638.0,0.1401129336698669,2.19,1924853.0,1.76,1.19,0.11752798462572284,0.08311804825660017,1184575.0,1183511.0,987272.0,3355358.0,3.9,0.7072192084404082,0.6761363636363636,-0.0008982124390604085,-0.1658108796622929,1.7273230561065385
2022,2609,陽明,109447578.0,0.5073978978319648,15.9,34921043.0,10.39,14.85,0.471331661463398,0.5324730724536743,36749405.0,35089619.0,27973707.0,99812731.0,14.25,1.1297205683158298,1.4292589027911453,-0.045164976140430024,-0.20279251250918395,16.38394311937888
2022,6116,彩晶,4492769.0,0.004289336932301661,0.01,29403289.0,0.91,0.45,0.34006608494198537,0.22277310560118685,1355754.0,1437876.0,1031744.0,3825374.0,-0.13,0.6550876887331811,0.4945054945054945,0.06057293579808731,-0.2824527288862183,0.0036556750845970695
2022,3518,柏騰,119693.0,-0.048565914464505026,-0.08,807522.0,0.15,0.02,0.05570675991106108,0.008532958032984643,35045.0,22510.0,25168.0,82723.0,-0.31,0.15317634783656384,0.13333333333333333,-0.35768297902696533,0.11808085295424253,-0.007620705768964443
2022,1568,倉佑,465310.0,0.09703208613612431,0.44,1030865.0,-0.06,0.1,-0.01529208225445003,0.022891746806878985,153467.0,133799.0,149552.0,436818.0,0.47,-1.4969672818897788,-1.6666666666666667,-0.12815784500902472,0.11773630595146445,-0.6154976631117528
2022,1513,中興電,4374831.0,0.13113169400143684,1.23,4761343.0,0.68,0.94,0.07788272447098027,0.10601266245296975,1498362.0,1486349.0,1649006.0,4633717.0,1.17,1.3611832813125448,1.3823529411764703,-0.008017421691153381,0.10943392164289811,1.737097980759494
2022,6177,達麗,2507253.0,0.10697285036651666,0.69,3879106.0,0.99,0.93,0.14545720198208612,0.1185566520679735,61937.0,106544.0,1300482.0,1468963.0,1.05,0.8150620969773256,0.9393939393939394,0.720199557614996,11.206055714071182,0.33017445929309264
2022,5388,中磊,15215563.0,0.029728903228884794,1.8,2523898.0,0.66,0.73,0.016501931895944906,0.01649172373220803,6006754.0,5733889.0,6473690.0,18214333.0,2.09,0.9993813958389087,1.106060606060606,-0.045426365055069695,0.12902255345368552,2.144132503939307
2022,3051,力特,829317.0,0.21920086046710727,1.07,1700000.0,0.32,0.27,0.11353020260300797,0.11297136479130239,257108.0,217777.0,247428.0,722313.0,0.91,0.9950776286935757,0.84375,-0.15297462544922757,0.1361530372812556,0.9267780238154166
2022,2901,欣欣,28694.0,0.13048023977138076,0.05,730433.0,-0.05,-0.02,-0.1960938819159115,-0.08826484742715109,10378.0,8393.0,6429.0,25200.0,0.06,0.45011525379971107,0.39999999999999997,-0.19126999421853919,-0.23400452758250923,0.020262294902635335
2022,2425,承啟,1625793.0,0.062361567555033144,1.06,1014988.0,-0.31,0.39,-0.019432351644674394,0.021607900493016405,478478.0,537114.0,603446.0,1619038.0,1.49,-1.1119549958812236,-1.2580645161290323,0.12254690915778776,0.12349706021440521,-1.1061152197771646
2022,2352,佳世達,62794095.0,0.01563403374154847,0.5,19667820.0,1.94,0.71,0.06797139354858876,0.024393253393673386,20401065.0,19898793.0,19570411.0,59870269.0,3.24,0.35887528738448005,0.36597938144329895,-0.02461989116744645,-0.016502608977338462,0.17079280952471682
2022,2597,潤弘,6203701.0,0.07727161576613702,2.6,1849500.0,3.22,0.93,0.07879901213185067,0.09213508730776442,1894600.0,2146555.0,2240735.0,6281890.0,3.96,1.16924165436997,0.2888198757763975,0.13298585453393863,0.04387495312256151,3.068741199336164
2022,6754,匯僑設計,1122374.0,0.03381493156470125,0.58,660000.0,0.84,0.21,0.051856463451168365,0.012847036807757558,489318.0,528750.0,535406.0,1553474.0,1.7,0.24774224759571614,0.25,0.08058563142986763,0.012588179669030808,0.19718262306910547
2022,4976,佳凌,329367.0,-0.05882192205047865,-0.14,1387410.0,0.12,-0.15,0.03144421037222058,-0.044204332824988916,111434.0,113276.0,96633.0,321343.0,0.21,-1.4058019680481872,-1.25,0.016529963924834412,-0.1469243264239557,0.19152584262280994
2022,2014,中鴻,16030903.0,0.04240222774724543,0.47,14355444.0,1.59,1.02,0.17024439809535652,0.09360983811663234,2890631.0,2303077.0,2685243.0,7878951.0,-0.78,0.5498556144220382,0.6415094339622641,-0.2032615024193679,0.16593713540624133,0.1279643834246174
2022,3024,憶聲,404139.0,0.0777875928826468,0.11,2771575.0,0.62,0.08,0.4883498529509193,0.05012768771501134,165209.0,159908.0,103610.0,428727.0,0.1,0.10264708264394487,0.12903225806451613,-0.032086629663032884,-0.35206493733896993,0.012351256560390163
2022,4906,正文,6492947.0,0.00868881264547516,0.14,4051590.0,0.51,0.27,0.027769449558890522,0.018026262402648163,2300161.0,2654839.0,2750568.0,7705568.0,0.57,0.649140068996325,0.5294117647058824,0.15419703229469595,0.03605830711391533,0.10726993485827552
2022,1616,億泰,920220.0,-0.004315272434852535,-0.02,1941485.0,0.2,0.12,0.04847202420017954,0.028401559352461667,308203.0,366545.0,313106.0,987854.0,-0.28,0.5859371425292461,0.6,0.18929731378344794,-0.14579110341158652,-0.012865242332903969
2022,1307,三芳,2701662.0,0.05926611100870501,0.41,3978181.0,0.14,-0.41,0.027483033724937978,-0.09703851731249837,923832.0,1118509.0,1021629.0,3063970.0,0.46,-3.5308517350632243,-2.928571428571428,0.21072770806813357,-0.08661530662694716,-1.6117062177858548
2022,1528,恩德,1042829.0,0.06442571121439852,0.36,1993310.0,0.06,1.08,0.012115872294871297,0.20593427376468423,287238.0,286967.0,295730.0,869935.0,0.28,16.99706539923313,18.000000000000004,-0.0009434684825824213,0.030536612223705184,4.779089079390909
2022,9958,世紀鋼,1740857.0,0.007552601965583617,0.05,2323668.0,1.83,1.78,0.17354966291765664,0.12483480325139412,651699.0,757968.0,903198.0,2312865.0,0.68,0.7193030579991616,0.9726775956284153,0.16306454360064992,0.19160439490849224,0.054073528619217145
2022,2374,佳能,1468766.0,0.02139006485716581,0.11,2875823.0,2.8,0.09,1.1294437270743107,0.023007128047953875,461480.0,496358.0,526031.0,1483869.0,0.6,0.020370318145509644,0.03214285714285715,0.07557857328594952,0.05978144806772523,0.002248243375832894
2022,1527,鑽全,1126779.0,0.1850114352503907,1.51,1385706.0,0.77,0.81,0.08901393538237758,0.0952796018079923,304470.0,318364.0,287717.0,910551.0,1.82,1.0703897249200283,1.051948051948052,0.04563339573685421,-0.09626402482692764,1.3012887702733906
2022,4952,凌通,1019027.0,0.21360572389151614,2.0,1088158.0,1.61,2.03,0.18501739734091824,0.2184023146370714,245525.0,231324.0,213000.0,689849.0,1.07,1.1804420436994754,1.2608695652173911,-0.057839323897770134,-0.07921357057633449,1.5985257451689483
2022,2024,志聯,317895.0,0.048717343777033295,0.16,975000.0,0.44,0.46,0.10269221627046533,0.11098689645279211,86466.0,88881.0,68833.0,244180.0,0.11,1.0807722384769718,1.0454545454545454,0.027930053431406643,-0.22556001845163753,0.13186309209234207
2022,3052,夆典,661432.0,0.06581780137640755,0.22,2287135.0,0.16,0.01,0.024559798693266566,0.003926335097850917,167491.0,190421.0,290014.0,647926.0,0.27,0.15986837461039044,0.0625,0.13690287836361348,0.5230147935364271,0.02980845988833958
2022,3432,台端,6025.0,6.80746887966805,0.62,665860.0,0.05,0.26,0.26730198406498984,2.0174135128859993,3916.0,1001.0,1562.0,6479.0,1.11,7.547319635291223,5.2,-0.7443820224719101,0.5604395604395604,4.999233953227507
2022,3714,富采,7780726.0,0.049963075425095295,0.57,6847840.0,1.03,1.91,0.07476416461850478,0.12551136569373497,2316152.0,2282902.0,2085248.0,6684302.0,-0.56,1.678763700954532,1.8543689320388348,-0.014355707224741776,-0.08658015105335226,0.8187309196935734
2022,6743,安普新,1401960.0,0.007550144083996691,0.07,1500000.0,0.33,,0.02515417163868244,-0.043891743917601755,459295.0,372540.0,384886.0,1216721.0,0.26,-1.744909136666,1.0,-0.18888731643061651,0.033140065496322535,-0.10686310801398449
2022,4106,雃博,680136.0,0.07598480303939212,0.52,1009116.0,0.34,0.31,0.06015706724539025,0.051719960228269676,219580.0,260700.0,211284.0,691564.0,0.59,0.8597486978096144,0.9117647058823529,0.18726659987248384,-0.18955120828538552,0.4477025357492232
2022,3605,宏致,2721805.0,0.04370041204274369,0.88,1343959.0,1.47,1.06,0.06473354909861531,0.046224824708280855,905263.0,822601.0,891397.0,2619261.0,0.81,0.714078331127215,0.7210884353741497,-0.0913126903452367,0.08363228345212326,0.6081688091041183
2022,1473,台南,1682847.0,0.03527474571366262,0.41,1471535.0,-0.85,-0.21,-0.13408645470383276,-0.018736633538809912,787362.0,707355.0,391158.0,1885875.0,0.61,0.13973546828570402,0.24705882352941178,-0.10161399711949526,-0.44701316877663977,0.06317028752715699
2022,6414,樺漢,26839352.0,0.016443168970696462,4.17,1060370.0,3.14,3.78,0.013218570563041595,0.015524038095833595,8736338.0,9440493.0,10995437.0,29172268.0,6.15,1.1744112589025293,1.2038216560509554,0.08060070478042403,0.16471004215563734,5.312739091841239
2022,2820,華票,333880.0,0.5228375464238648,0.13,13429600.0,0.34,0.34,0.6503671924576838,0.650869368699294,73896.0,249065.0,145673.0,468634.0,0.24,1.0007721426410094,1.0,2.3704801342427193,-0.41512055086021726,0.18258819376346835
2022,2444,兆勁,395644.0,0.0019411390037508468,0.0,1055576.0,0.06,0.12,0.015824971810713486,0.026103852474645216,113399.0,150337.0,141019.0,404755.0,0.5,1.6495354801815787,2.0,0.32573479483946066,-0.061980749915190536,0.012277812940303919
2022,2461,光群雷,1669309.0,0.041823892400987474,0.46,1638061.0,0.8,0.82,0.07883930926035838,0.0847633398880778,511005.0,518532.0,541550.0,1571087.0,0.43,1.0751405698920564,1.025,0.014729797164411362,0.04439070298457959,0.4312805406328963
2022,1909,榮成,13238867.0,0.021854966894070314,0.23,12776857.0,0.71,0.38,0.06500501666800787,0.030771549246918318,3733965.0,4420610.0,4587310.0,12741885.0,-0.38,0.4733719153411508,0.5352112676056339,0.18389165404603425,0.03770972784299009,0.10317210418662501
2022,2845,遠東銀,2945612.0,0.33564807584977246,0.28,35694838.0,0.19,0.21,0.23589256705848535,0.2730114514195861,1028245.0,1128926.0,709086.0,2866257.0,0.23,1.1573550401522308,1.1052631578947367,0.0979153800893755,-0.37189328618527695,0.3119323968311421
2022,2313,華通,16332573.0,0.08818096205662145,1.21,11918206.0,0.52,1.31,0.04980489969350918,0.08921105519221757,6888468.0,7188397.0,7614847.0,21691712.0,2.11,1.7912104178746895,2.519230769230769,0.04354074084397275,0.05932477018172477,2.8747784534416425
2022,3321,同泰,551976.0,0.05146057074945287,,1561448.0,-0.12,-0.1,-0.032616959588866734,-0.02578979252657663,124415.0,104049.0,99633.0,328097.0,-0.42,0.7906865891749013,0.8333333333333334,-0.16369408833340027,-0.04244154196580452,0.08549755693555583
2022,8104,錸寶,783288.0,0.04268289569098467,0.46,746517.0,0.86,0.64,0.12701324060158625,0.05705277763640406,277014.0,266751.0,260373.0,804138.0,0.12,0.44918763875466017,0.7441860465116279,-0.03704866902033832,-0.023909938481955106,0.2065249638502338
2022,8201,無敵,175109.0,-0.11931996642091497,-0.34,623663.0,2.92,-0.42,0.7446911118013437,-0.17188854809695747,32269.0,36224.0,68587.0,137080.0,-0.25,-0.2308185842062407,-0.14383561643835616,0.12256345099011434,0.893413206713781,0.06053520418015111
2022,1459,聯發,599914.0,-0.5437729407881796,-1.03,3586289.0,0.47,0.89,0.2495520723229955,0.4625143382635688,162430.0,132777.0,108504.0,403711.0,-0.69,1.8533780703889968,1.893617021276596,-0.182558640645201,-0.182810275876093,-1.134506298288209
2022,4532,瑞智,5482227.0,0.04945271328604233,0.54,5049151.0,0.41,0.37,0.03281974823298422,0.03613279583818687,1519977.0,1250912.0,1033914.0,3804803.0,0.32,1.1009467708796439,0.9024390243902439,-0.17701912594730052,-0.17347183494922103,0.4102704740098909
2022,3622,洋華,513846.0,0.19878718526562433,0.67,1513276.0,0.09,0.99,0.046013489194560504,0.3534304370138608,112422.0,82007.0,146371.0,340800.0,1.54,7.681017962350954,11.0,-0.27054313212716374,0.7848598290389845,3.438655012001251
2022,1310,台苯,3822078.0,-0.038443747092550176,-0.28,5278698.0,0.48,-0.28,0.07277278278216705,-0.044969662393775804,1314555.0,851722.0,874662.0,3040939.0,-0.33,-0.6179461699078465,-0.5833333333333334,-0.3520834046502429,0.02693367084565157,0.1368539221400464
2022,1723,中碳,3242128.0,0.17222824021753613,2.4,2369044.0,1.25,1.42,0.14831406563398972,0.1437342102970642,964882.0,865016.0,778765.0,2608663.0,1.94,0.969120559689681,1.136,-0.1035007389504623,-0.09971029437605783,1.837921773303622
2022,6581,鋼聯,837113.0,0.45937406299985784,3.46,1112709.0,1.39,0.79,0.32648276297911333,0.23992204609805637,167760.0,218681.0,263296.0,649737.0,1.93,0.734868952678538,0.5683453237410072,0.30353481163567,0.20401863902213724,1.9712076139955483
2022,2476,鉅祥,1593713.0,0.12877161697244108,1.08,1897683.0,1.06,1.13,0.12200223626194297,0.11752337378492474,649311.0,632854.0,615122.0,1897287.0,1.65,0.9632886854024384,1.0660377358490565,-0.025345327585702404,-0.028019100772058048,1.2401835663304233
2022,5521,工信,1132963.0,-0.015535370528428554,-0.03,4922802.0,0.08,0.03,0.03818119585866916,0.021279241443205442,526120.0,691127.0,297083.0,1514330.0,-0.01,0.5573225501362583,0.375,0.3136299703489698,-0.5701470207356969,-0.026633999626375172
2022,9946,三發地產,784504.0,0.020819524183433098,0.05,3265542.0,0.13,0.3,0.13341428993403132,0.14066486871707445,363580.0,503063.0,158329.0,1024972.0,0.2,1.0543463431588047,2.3076923076923075,0.38363771384564616,-0.6852700357609285,0.06889866763661107
2022,3588,通嘉,481412.0,0.11665683447857553,0.89,565068.0,1.6,1.84,0.14535495612836452,0.17873997148426282,110149.0,102656.0,103735.0,316540.0,0.19,1.2296792365746072,1.15,-0.0680260374583519,0.010510832294264416,0.8035814664167966
2022,1423,利華,41635.0,0.355830431127657,0.1,1384000.0,1.11,-0.26,2.810390560687826,-1.2621830668377787,10059.0,14789.0,9251.0,34099.0,0.14,-0.4491130465969353,-0.23423423423423423,0.4702256685555224,-0.3744675096355399,-0.039373526204208316
2022,2466,冠西電,571159.0,0.06833123526023402,0.23,1680883.0,0.0,0.27,0.002196004577587007,0.06577587826413676,234568.0,104104.0,66799.0,405471.0,0.24,29.95252329410533,inf,-0.556188397394359,-0.3583435794974257,4.937134965856994
2022,2610,華航,36852234.0,0.011401913924675502,0.06,60135374.0,-0.06,0.53,-0.01166214584545757,0.08462330541142278,12936378.0,12756493.0,12004264.0,37697135.0,0.02,-7.256237962791705,-8.833333333333334,-0.01390536052672553,-0.058968323033611214,-0.5186419044194507
2022,2404,漢唐,10010575.0,0.08727360815937146,4.65,1905867.0,2.92,3.5,0.09290333824162025,0.10633860188640118,3598081.0,5266644.0,5147364.0,14012089.0,8.45,1.144615510045924,1.1986301369863015,0.4637369197636185,-0.022648198739083192,7.344341365757384
2022,2712,遠雄來,61253.0,-0.6530945423081318,-0.38,1050000.0,-0.16,-0.14,-0.26631061184071686,-0.23628643935450286,68203.0,90289.0,53019.0,211511.0,0.46,0.887258820522812,0.8750000000000001,0.32382739762180557,-0.4127856106502453,-1.167266547956146
2022,6405,悅城,99018.0,-0.19001595669474236,-0.29,658000.0,0.13,0.17,0.06153147568868836,0.06914709089106948,23673.0,18034.0,26895.0,68602.0,0.46,1.1237677971663067,1.3076923076923077,-0.23820386093862211,0.4913496728401907,-0.2226268487082564
2022,2376,技嘉,22661655.0,0.04332146085535236,1.55,6356889.0,5.17,5.67,0.10342049635108508,0.11474313170980827,7435303.0,7896900.0,8767701.0,24099904.0,1.84,1.1094815414565973,1.0967117988394584,0.062081800835823264,0.11027124567868407,1.8221908388975707
2022,1503,士電,7611358.0,0.06020620761761567,0.88,5209722.0,0.9,0.7,0.06663148118075084,0.05446139649917925,2353474.0,2575587.0,2493434.0,7422495.0,1.09,0.8173523315719506,0.7777777777777777,0.09437665340683599,-0.031896806436746306,0.701109645991709
2022,1541,錩泰,1018148.0,0.10319619544506299,1.33,788000.0,0.14,1.45,0.007697289703746412,0.06428792386823175,242720.0,291602.0,261060.0,795382.0,1.24,8.352020820645691,10.357142857142856,0.20139255108767307,-0.10473865062653887,8.699710394381999
2022,3450,聯鈞,1809808.0,0.04119221486478124,0.51,1456814.0,0.75,0.73,0.05899861816582553,0.05828171060406383,637850.0,602092.0,542341.0,1782283.0,0.6,0.9878487397832486,0.9733333333333333,-0.05606020224190644,-0.09923898673292453,0.49782666233622547
2022,2038,海光,2730141.0,0.018710022669158846,0.29,1812645.0,0.93,0.42,0.07023635909275705,0.0304839032032416,977276.0,1110642.0,940267.0,3028185.0,0.3,0.434018841480426,0.4516129032258064,0.13646707787769263,-0.1534022664368897,0.13566022827372143
2022,2910,統領,118252.0,0.14075026215201433,0.1,2087250.0,0.12,0.16,0.21995600216672748,0.2330554518684418,38141.0,118810.0,54270.0,211221.0,0.2,1.059554863575784,1.3333333333333335,2.1150205815264416,-0.5432202676542379,0.1509160002183273
2022,1323,永裕,896161.0,0.021301975872638955,0.21,912745.0,0.91,0.73,0.0882980420517511,0.06731412586961603,321947.0,327512.0,315654.0,965113.0,0.55,0.7623512855490444,0.8021978021978021,0.017285453816932694,-0.03620630694447835,0.17171321848456808
2022,3056,總太,2082480.0,0.16080730667281318,1.58,2117167.0,-0.19,-0.19,-1.6150974863995553,-1.709162292116988,111586.0,703890.0,3018979.0,3834455.0,5.1,1.0582409461407347,1.0,5.3080493968777445,3.288992598275299,3.08204424413447
2022,6756,威鋒電子,880765.0,0.289634579030729,3.72,685124.0,3.08,3.56,0.2586706858324406,0.2691709101983599,213250.0,206136.0,186841.0,606227.0,2.01,1.0405930201643376,1.155844155844156,-0.0333599062133646,-0.09360325222183408,2.666842776655569
2022,2338,光罩,1994321.0,-0.16702326255402214,-1.58,2556735.0,-0.1,2.87,-0.01383409143153559,0.3741183922106793,670978.0,697223.0,700130.0,2068331.0,2.82,-27.04322102121252,-28.7,0.0391145462295337,0.004169397739317349,36.540097751854994
2022,2368,金像電,8456949.0,0.17275402748674493,2.7,5464879.0,1.34,1.46,0.1137733828236117,0.11172904479700262,2667513.0,2960443.0,2977499.0,8605455.0,2.7,0.9820314912339513,1.08955223880597,0.10981389781418116,0.005761299913560336,2.671448972890337
2022,2538,基泰,134257.0,0.5163976552433021,0.15,4384488.0,-0.28,-0.06,-2.276949351746428,-0.4132158434724258,26987.0,23611.0,25908.0,76506.0,0.38,0.18147783706980034,0.21428571428571425,-0.12509726905547114,0.09728516369488793,0.016352511623477523
2022,4930,燦星網,2067363.0,0.04952686103021095,1.23,800000.0,0.61,1.59,0.02882693189433217,0.07843906125054105,681833.0,628347.0,582957.0,1893137.0,1.12,2.7210339809337603,2.6065573770491803,-0.07844442847442112,-0.07223715558441435,3.1890903660446615
2022,2434,統懋,26754.0,-0.6701427823876803,-0.49,370000.0,-0.14,-0.33,-0.10400256006301693,-0.30751347352847935,7060.0,7716.0,8377.0,23153.0,0.62,2.956787538135135,2.357142857142857,0.09291784702549566,0.08566614826334895,-1.239918133014885
2022,4306,炎洲,4120059.0,0.04966724991074157,0.33,6383290.0,0.79,-1.35,0.09367804661416136,-0.15742156652043043,1253875.0,1189836.0,1127995.0,3571706.0,0.42,-1.6804531286696678,-1.7088607594936709,-0.05107287409032002,-0.05197438974783075,-0.4670115754710344
2022,2495,普安,337311.0,0.034813569673091,0.04,2735515.0,0.02,0.09,0.010387649203977702,0.0902676829070342,129078.0,134145.0,137299.0,400522.0,0.3,8.689904822013855,4.5,0.039255333984102636,0.023511871482351232,0.44294606930806013
2022,2302,麗正,213632.0,0.26734290742959854,0.35,1663029.0,0.15,0.2,0.12952128337881608,0.16183107038570066,81749.0,81810.0,80543.0,244102.0,0.33,1.2494554266605502,1.3333333333333335,0.0007461864976940902,-0.015487104265982099,0.490298934707195
2022,1906,寶隆,1509958.0,0.23942520255530286,2.39,1510000.0,1.17,-0.13,2.2042340908236295,-0.03156325024394012,401520.0,345171.0,238963.0,985654.0,0.38,-0.014319373053588089,-0.11111111111111112,-0.1403392109982068,-0.30769676479194374,-0.022379037733802173
2022,9942,茂順,960920.0,0.12926674436997876,1.49,831613.0,1.91,1.77,0.16234676956536417,0.152361935908388,349111.0,352730.0,389221.0,1091062.0,2.5,0.9384968750304818,0.9267015706806283,0.010366330479417707,0.10345306608454052,1.5916508387739041
2022,2462,良得電,1292680.0,-0.014796391991830925,-0.13,1419346.0,1.14,-0.01,0.12653950552620927,-0.0006069158309731051,420166.0,386064.0,382097.0,1188327.0,0.53,-0.004796255749927826,-0.008771929824561405,-0.08116315932274387,-0.010275498362965707,0.000594163333967851
2022,3062,建漢,1176088.0,-0.08594339879328758,-0.31,3286054.0,0.03,0.17,0.011869351814792189,0.05965753454676139,606135.0,638623.0,658152.0,1902910.0,0.16,5.026183019734333,5.666666666666667,0.053598620769300664,0.030579856973519615,-2.501464683420349
2022,1612,宏泰,1414815.0,0.019295808992695156,0.09,3160801.0,0.58,0.36,0.11177334701257492,0.06681302352279486,503497.0,470080.0,532534.0,1506111.0,0.25,0.5977545211675387,0.6206896551724138,-0.06636980955199334,0.13285823689584753,0.054959868815775484
2022,4904,遠傳,20723555.0,0.11155528093514844,0.71,32585008.0,0.6,1.03,0.10116980829963881,0.16254225943217196,6797046.0,6918720.0,8439197.0,22154963.0,0.75,1.6066281251691592,1.7166666666666668,0.017901011704201997,0.219762759585588,1.2185930494668784
2022,3591,艾笛森,469034.0,0.033142586678151266,0.13,1353617.0,0.31,0.2,0.06325979871646785,0.050441668452017994,147124.0,154570.0,152776.0,454470.0,0.14,0.7973732050286618,0.6451612903225807,0.05061036948424458,-0.011606391925988224,0.0887273393459031
2022,2488,漢平,881809.0,0.08264261308287849,0.91,799994.0,0.55,0.34,0.06685165343370239,0.04464923182695613,339607.0,338510.0,341676.0,1019793.0,1.79,0.6678852284668669,0.6181818181818182,-0.003230204324410235,0.009352751765088207,0.7036086596123059
2022,2204,中華,7168769.0,-0.7548809286503722,-9.93,5536203.0,2.3,1.25,0.1660436086324098,0.0799852666075718,2664866.0,2204713.0,2576791.0,7446370.0,-0.99,0.48171240836282087,0.5434782608695653,-0.17267397310033605,0.16876482335796084,-4.891013848019531
2022,1532,勤美,3040393.0,0.030401332985571274,0.25,3761221.0,0.16,0.79,0.017470366171694115,0.05386499860532786,1127279.0,1202021.0,1158278.0,3487578.0,0.52,3.0832209282826115,4.9375,0.06630301815256034,-0.03639121113524635,0.8691452252034192
2022,6108,競國,1720886.0,-0.009624112230560304,-0.1,1598993.0,0.68,0.32,0.0474196229665683,0.021368373893711802,650004.0,633744.0,634372.0,1918120.0,0.39,0.4506230239067252,0.47058823529411764,-0.025015230675503486,0.0009909364033426904,-0.05202394329131227
2022,2317,鴻海,1509810592.0,0.022051758794390548,2.41,138629906.0,2.15,2.67,0.022034988595796935,0.02630847884305439,475099076.0,448906316.0,822323447.0,1746328839.0,2.79,1.1939411145451013,1.241860465116279,-0.05513115331758722,0.8318375520472738,3.3166163590524493
2022,1558,伸興,1925876.0,0.10595126581358301,3.37,605356.0,3.49,0.16,0.09354183444753868,0.006208589511981246,431679.0,406755.0,556400.0,1394834.0,2.06,0.06637233007722579,0.045845272206303724,-0.057737346500524644,0.3678995955796487,0.16203352785536188
2022,1236,宏亞,383860.0,-0.09542020528317616,-0.33,1083425.0,-0.68,-0.13,-0.26111475409836066,-0.03324744183741731,170333.0,221454.0,141089.0,532876.0,0.13,0.12732885183842643,0.19117647058823528,0.30012387499779836,-0.36289703505016846,-0.059757783076945334
2022,2605,新興,995348.0,0.056424486712185085,0.1,5853533.0,0.34,0.29,0.2078083945640493,0.15496411761433435,283538.0,313492.0,389479.0,986509.0,-0.17,0.7457067263304051,0.8529411764705881,0.10564368797127721,0.24238896048384007,0.07091182427079798
2022,1468,昶和,307755.0,0.10958067293788891,0.21,1604053.0,-0.16,-0.02,-0.08216299063945112,-0.013672727750220767,152071.0,132643.0,137893.0,422607.0,0.66,0.166409811081727,0.125,-0.12775611392047137,0.03957992506200858,0.04804308236113991
2022,8016,矽創,4537216.0,0.24109343703275313,9.12,1201369.0,13.0,15.69,0.2818893287145615,0.286024020720901,1341235.0,1358220.0,1366125.0,4065580.0,6.08,1.014667784783461,1.206923076923077,0.012663701737577693,0.005820117506736722,8.278570475099182
2022,2314,台揚,1026789.0,-0.12492926979155405,-0.54,2380283.0,-0.35,-0.51,-0.07926370886989614,-0.1162611004375868,421381.0,431594.0,448085.0,1301060.0,-0.4,1.466763315711335,1.4571428571428573,0.024236973190532973,0.038209520984999745,-1.0015968990061292
2022,1455,集盛,2553559.0,-0.013243085434877361,-0.06,5316884.0,1.02,-0.16,0.19768320772045425,-0.02766642309280833,742046.0,694537.0,713084.0,2149667.0,-0.42,-0.1399533294296382,-0.1568627450980392,-0.06402433272330821,0.02670412087476981,0.007493529471427425
2022,1737,臺鹽,873547.0,0.052530659483691206,0.23,2000000.0,0.54,0.5,0.10836774512826337,0.08941277577012795,305192.0,334505.0,332826.0,972523.0,0.81,0.8250866128505263,0.9259259259259258,0.0960477338855541,-0.005019356960284549,0.21075713160373682
2022,6243,迅杰,174174.0,0.12811900742935226,0.51,453228.0,0.08,0.99,0.03070304370750918,0.1086475448354822,51196.0,45079.0,62176.0,158451.0,0.63,3.5386571400056273,12.375,-0.11948199078052968,0.37926750815235466,1.5850037842378282
2022,2530,華建,205250.0,0.08555420219244823,0.02,8399880.0,-0.06,-0.07,-14.495693779904306,-19.26578699340245,1011.0,1017.0,209335.0,211363.0,0.05,1.329069673099126,1.1666666666666667,0.005934718100890191,204.83579154375616,0.028611786572972156
2022,8454,富邦媒,25138426.0,0.03309988461489196,3.06,2184913.0,3.58,3.83,0.039758340640354266,0.03340364979151387,7937347.0,8117202.0,7503195.0,23557744.0,3.46,0.8401671008776845,1.0698324022346368,0.022659334409847576,-0.07564269067099727,2.9984147159407604
2022,3040,遠見,36692.0,0.5473672735201134,0.32,630000.0,0.66,0.48,0.9696259513643958,0.6997818114293672,13205.0,14195.0,14357.0,41757.0,0.77,0.7217028488611293,0.7272727272727272,0.07497160166603556,0.011412469179288509,0.26183396815451954
2022,9912,偉聯,162955.0,-0.014807769015986008,-0.05,545326.0,0.21,0.0,0.0583056784660767,0.002409312205518608,38036.0,48639.0,59993.0,146668.0,0.02,0.04132208506793021,0.0,0.2787622252602797,0.2334340755360924,-0.0016457013454171828
2022,1512,瑞利,168643.0,-0.4598827108151539,-0.31,2533125.0,-0.07,-0.18,-0.06054033978830677,-0.21097354813046937,54530.0,44832.0,44702.0,144064.0,-0.03,3.4848424846670323,2.571428571428571,-0.17784705666605538,-0.002899714489650207,-0.9114420963985194
2022,2702,華園,362603.0,0.1514052558859138,0.5,1491555.0,-0.49,-0.33,-0.3213381555153707,-0.14729531871314616,150799.0,132331.0,134623.0,417753.0,0.35,0.45838104247816447,0.6734693877551021,-0.12246765562105855,0.01732020463836892,0.1943783559676773
2022,9911,櫻花,1995151.0,0.10267192808965336,0.93,2211212.0,0.94,1.03,0.12182849290065283,0.1352842725834378,667660.0,647591.0,647120.0,1962371.0,1.15,1.110448544198587,1.095744680851064,-0.030058712518347686,-0.0007273109107446274,1.0118144828710793
2022,6271,同欣電,3605570.0,0.2768338986623474,5.59,1786829.0,3.53,5.18,0.18294384414531717,0.2448682432951277,1188603.0,1263132.0,1259157.0,3710892.0,4.33,1.3384885642865487,1.4674220963172804,0.06270302195097943,-0.003146939512259972,7.695365582639092
2022,3015,全漢,3766192.0,0.04050483883986796,0.81,1872620.0,0.8,1.5,0.035681428837684034,0.06419090600066248,1316502.0,1453851.0,1277547.0,4047900.0,1.71,1.7990004350069322,1.875,0.10432874389860403,-0.1212668973643104,1.5751368597911912
2022,2455,全新,736276.0,0.25050524531561535,0.99,1849059.0,1.22,1.15,0.2530829339934067,0.22352884054131364,190831.0,173020.0,158239.0,522090.0,0.58,0.8832236809264152,0.9426229508196721,-0.09333389229213285,-0.08542943012368509,0.6247152889726734
2022,3257,虹冠電,160016.0,0.2850964903509649,0.57,799866.0,1.38,1.49,0.29779290066114567,0.3615366958559024,40597.0,35810.0,22603.0,99010.0,0.07,1.2140541129531155,1.0797101449275364,-0.11791511688055767,-0.36880759564367493,0.42844170559664513
2022,2412,中華電,52435710.0,0.18416535219986532,1.24,77574465.0,1.15,1.21,0.18038958181098075,0.1840756921293613,17184646.0,17337298.0,18986768.0,53508712.0,1.21,1.0204341641095604,1.0521739130434784,0.008883045946946,0.09513996933086122,1.2962794208015445
2022,9934,成霖,5207844.0,-0.1966931037104798,-2.86,3581640.0,0.22,0.01,0.01619068383748942,2.292393102844123e-05,1506098.0,1701395.0,1619395.0,4826888.0,0.26,0.0014158716987210276,0.045454545454545456,0.12967084479230429,-0.04819574525609871,-0.0037531707621489036
2022,3380,明泰,8287178.0,0.02932397494056481,0.45,5417185.0,0.21,0.21,0.01537664311061637,0.016677860695775516,2756213.0,3058273.0,3416384.0,9230870.0,0.58,1.0846229944857573,1.0,0.10959240087758104,0.11709582499665672,0.5419642186259843
2022,3036,文曄,130120724.0,0.016955953918608692,2.23,10186492.0,2.53,2.85,0.01959440504795914,0.019352112725722678,46816263.0,45134755.0,63717778.0,155668796.0,2.33,0.9876346170428023,1.1264822134387353,-0.03591717690068508,0.41172313885386114,2.5591482753064683
2022,2367,燿華,4326499.0,0.05789207393784212,0.41,6194072.0,-0.8,-0.99,-0.1726489718841796,-0.18941018973025375,1756020.0,1888943.0,1884532.0,5529495.0,0.98,1.097082639202267,1.2374999999999998,0.07569560711153622,-0.0023351683984111915,0.5669799105931822
2022,2429,銘旺科,134035.0,-0.11570112284104898,-0.39,397482.0,0.25,-0.23,0.033809974590204774,-0.044112908268044114,40687.0,39483.0,36651.0,116821.0,-0.23,-1.3047305951192358,-0.92,-0.02959176149630105,-0.07172707241091103,0.44367184864680104
2022,1234,黑松,2002947.0,0.08839375180671281,0.44,4018711.0,0.4,0.61,0.0732725720482706,0.10160792541237394,952900.0,1074526.0,890678.0,2918104.0,0.98,1.3867115971503845,1.525,0.12763773743309903,-0.17109683711701718,0.8900649627889882
2022,2889,國票金,1499836.0,0.25527791038486874,0.11,31473840.0,0.32,0.24,0.38622321794037323,0.32046367455493147,676630.0,579802.0,316239.0,1572671.0,0.13,0.8297369491763853,0.75,-0.14310332086960376,-0.4545741477262928,0.10583804573846473
2022,2421,建準,3483127.0,0.08621620744807755,1.2,2509297.0,0.3,0.35,0.02234262031283396,0.025480136840112574,1209716.0,1098401.0,1355987.0,3664104.0,1.42,1.140427420031677,1.1666666666666667,-0.09201746525630805,0.2345099831482309,1.435728396620021
2022,3653,健策,2850292.0,0.22919476320320864,5.38,1344798.0,2.13,3.21,0.11921439229770339,0.16694094314941738,919515.0,1122164.0,1204526.0,3246205.0,5.2,1.4003421896622243,1.5070422535211268,0.22038683436376783,0.07339568904366911,7.747431617377522
2022,2442,新美齊,454858.0,0.16001917081814546,0.31,2535794.0,1.38,0.16,0.35564315708286914,0.32199563804238057,9867.0,9811.0,10105.0,29783.0,-0.14,0.9053896627268768,0.11594202898550726,-0.005675483936353531,0.029966364284986335,0.017016177959779992
2022,1417,嘉裕,308900.0,0.007481385561670444,0.01,1899419.0,0.18,0.13,0.12768353960813408,0.09819169681829194,120361.0,117306.0,154084.0,391751.0,0.27,0.7690239252424096,0.7222222222222223,-0.025381975889199992,0.31352189998806534,0.011866187990484169
2022,2467,志聖,1320166.0,0.15087875312650076,1.24,1567554.0,1.25,0.98,0.12181284613158863,0.11755832419097725,447143.0,497632.0,589232.0,1534007.0,1.45,0.965073290086208,0.784,0.11291466041065168,0.18407176387370594,1.424928960332343
2022,4119,旭富,181361.0,0.7738267874570608,1.47,953824.0,0.05,0.22,0.02124345875903314,0.13108204018330458,49649.0,124845.0,130095.0,304589.0,0.51,6.170466008863358,4.3999999999999995,1.5145521561360753,0.042052144659377566,15.247817770605467
2022,2349,錸德,2042950.0,0.014839325485205218,0.04,6936797.0,-0.11,-0.13,-0.04052990419398893,-0.04572720019117129,699359.0,686466.0,692996.0,2078821.0,0.01,1.1282336117131306,1.1818181818181819,-0.018435453036280358,0.009512488601037816,0.05017314266789244
2022,3266,昇陽,435311.0,-0.09649652776980136,-0.12,3523143.0,-0.06,0.5,-0.10388402708313436,0.3728582611571355,133554.0,31351.0,51791.0,216696.0,-0.04,-3.5891779672610444,-8.333333333333334,-0.765256001317819,0.6519728238333706,0.21302339568690906
2022,2707,晶華,1041999.0,0.08460564741424896,0.7,1274032.0,0.87,11.8,0.10799645338244035,1.4937600534128697,468972.0,525276.0,479907.0,1474155.0,2.06,13.831565821176746,13.563218390804598,0.12005834037000085,-0.08637173600164483,13.540462986038486
2022,6438,迅得,1447091.0,0.11595124287277027,2.36,714317.0,2.57,2.87,0.12940133699464004,0.13440382930381675,480168.0,547588.0,575986.0,1603742.0,3.2,1.0386587374238947,1.1167315175097277,0.14040919011679254,0.05186015763676344,2.7039073354405274
2022,2231,為升,842341.0,0.14026148555038873,0.97,1341082.0,0.87,1.03,0.10686882726225924,0.14074194925387146,294771.0,309060.0,347472.0,951303.0,1.04,1.3169597988428055,1.1839080459770115,0.04847491781756008,0.1242865463016889,1.3103112965604586
2022,1713,國化,167993.0,0.27949378843166084,0.31,1509517.0,0.28,0.27,0.2714056173275918,0.265104371300744,44478.0,58815.0,37219.0,140512.0,0.77,0.9767829196429562,0.9642857142857143,0.3223391339538648,-0.36718524186006973,0.2541239658283821
2022,1409,新纖,12194305.0,0.0669611757291621,0.51,16184093.0,0.67,0.75,0.09849732279559276,0.10516721105530921,4072380.0,4216488.0,3883592.0,12172460.0,0.69,1.0677164421367897,1.1194029850746268,0.03538667806049545,-0.07895101326032472,0.5377358508701938
2022,1736,喬山,6567106.0,-0.06247500801723012,-1.35,3036166.0,0.01,-1.67,0.0005219951509397821,-0.07029283531571018,1996618.0,2745173.0,3277165.0,8018956.0,0.73,-134.66185497922228,-167.0,0.3749114753047402,0.1937917938140874,222.19957865424578
2022,2397,友通,3852164.0,0.029941092850667834,1.01,1144889.0,0.54,0.63,0.019113973698071666,0.019017154641535087,1454871.0,1294073.0,1344106.0,4093050.0,1.69,0.9949346452984632,1.1666666666666665,-0.1105238883722337,0.038663197516678016,1.0649908322797768
2022,1802,台玻,11958261.0,0.05120159193715541,0.21,29080608.0,1.04,1.22,0.19964557232711727,0.23003336372640126,3741733.0,3734242.0,3637433.0,11113408.0,-0.51,1.1522086918586598,1.173076923076923,-0.0020020135055066612,-0.025924672262804593,0.22545422975376891
2022,2417,圓剛,1151633.0,0.030867472536823797,0.26,1584289.0,0.22,-0.29,0.028112355889782916,-0.05028405349161889,374541.0,284791.0,328849.0,988181.0,0.07,-1.7886815921355774,-1.3181818181818181,-0.23962663633620884,0.1547029224940395,-0.3443786351465215
2022,8481,政伸,374229.0,0.25217981503304127,1.42,666019.0,2.5,1.12,0.42977778924819987,0.1842848634180941,120095.0,133388.0,143919.0,397402.0,1.21,0.4287910358058737,0.44800000000000006,0.1106873724967734,0.078950130446517,0.6452075623844912
2022,2545,皇翔,1890784.0,0.20402647790546144,1.18,3277348.0,2.64,-0.27,0.4217663559124386,-0.07114102376868131,904436.0,361731.0,535974.0,1802141.0,0.97,-0.16867401292541845,-0.10227272727272728,-0.600047985706009,0.4816921966875938,-0.18923476203018902
2022,5531,鄉林,408930.0,-0.9877362873841489,-0.41,9775892.0,-0.2,-0.2,-0.2632787725855857,-0.5191795023696683,111951.0,153713.0,81830.0,347494.0,-0.47,1.971976309639226,1.0,0.37303820421434386,-0.4676442460949952,-0.6923626278397977
2022,1215,卜蜂,6839204.0,0.07138696257634661,1.82,2947901.0,1.46,1.07,0.06399267992856711,0.04609936359684093,2400161.0,2393814.0,2418414.0,7212389.0,1.01,0.7203849510334637,0.7328767123287672,-0.0026444059377683793,0.010276487646909915,1.2582002969597315
2022,2033,佳大,202088.0,-0.005774712006650568,,806945.0,0.03,0.06,0.014122206577351493,0.0236934197693764,51499.0,72271.0,59036.0,182806.0,-0.06,1.6777420468678566,2.0,0.40334763781821015,-0.1831301628592381,-0.021948357725007497
2022,1538,正峰,55516.0,0.1562072195403127,0.39,338890.0,-0.5,-0.67,-0.18585294323022136,-0.292393327075408,28086.0,32519.0,24675.0,85280.0,-0.14,1.5732509907750667,1.34,0.1578366445916115,-0.24121282942279898,0.618425734981721
2022,1324,地球,260678.0,-0.005144277614528269,-0.02,751219.0,0.0,-0.05,-0.00020240411105238893,-0.012672448983278004,73983.0,75027.0,73352.0,222362.0,-0.01,62.60964225177201,-inf,0.01411134990470786,-0.02232529622669177,-0.9533659300657236
2022,2704,國賓,247360.0,0.050295116429495475,0.03,3669234.0,-0.31,0.19,-0.4132658586062763,0.26448306085896117,101444.0,112335.0,138333.0,352112.0,0.23,-0.6399828472425001,-0.6129032258064516,0.10735972556287221,0.23143276805982116,-0.030888695613805778
2022,2634,漢翔,7359445.0,0.08142597709474016,0.63,9418671.0,0.43,0.24,0.06791945786731374,0.04066473549403394,2740052.0,2555919.0,2860383.0,8156354.0,0.61,0.5987199658377111,0.5581395348837209,-0.06720054947862308,0.11912114585790867,0.42217562930008773
2022,6133,金橋,374263.0,0.03944552360238656,0.12,1170064.0,-0.14,-0.1,-0.06787212265949548,-0.0415377619149332,137516.0,142121.0,148707.0,428344.0,0.49,0.6120003366230651,0.7142857142857143,0.033487012420373,0.04634079411205949,0.08837561659171025
2022,8081,致新,2380007.0,0.26898744415457604,7.47,861721.0,6.11,7.89,0.22008345559258344,0.26885540983801975,624636.0,567196.0,595232.0,1787064.0,5.2,1.2216066360559266,1.2913256955810146,-0.09195755608066136,0.04942912150297252,6.814544329554182
2022,1714,和桐,5746607.0,0.01167158290100576,0.07,10168248.0,0.2,0.24,0.041660574857451664,0.045040006491359925,2338832.0,2042992.0,2081377.0,6463201.0,0.11,1.0811182189749309,1.2,-0.12649048755960235,0.01878861982817348,0.080205560394629
2022,2612,中航,1208633.0,0.15187240460917417,0.93,1974846.0,4.08,-1.24,0.9978263750500057,-0.2585076004866175,399538.0,390907.0,345944.0,1136389.0,0.97,-0.2590707230741044,-0.30392156862745096,-0.02160245083070944,-0.11502224314223075,-0.22640759579242084
2022,4564,元翎,423262.0,0.007265003709286446,0.02,1827883.0,0.42,0.49,0.12968038522283074,0.13498626721847798,152461.0,146576.0,170034.0,469071.0,-0.02,1.0409150696655483,1.1666666666666667,-0.03860003541889401,0.16003984281192007,0.019406236798852197
2022,6205,詮欣,465143.0,0.1704572572305721,1.0,794172.0,0.44,0.69,0.07440701065580138,0.11696839144868004,143506.0,135288.0,172975.0,451769.0,1.09,1.5720076699460876,1.5681818181818181,-0.05726589828996698,0.27856868310567084,1.524305484690746
2022,3164,景岳,95491.0,0.12272360746038893,0.14,863714.0,0.18,0.27,0.14828702400579033,0.22355408765635973,18103.0,32210.0,25771.0,76084.0,0.09,1.5075768709717337,1.5000000000000002,0.779263105562614,-0.19990686122322265,0.1629787402392529
2022,1817,凱撒衛,697906.0,0.10447252208750175,1.01,726000.0,0.78,0.67,0.09101715310153993,0.09549003391279229,220316.0,235523.0,228371.0,684210.0,1.14,1.0491432730955927,0.858974358974359,0.06902358430617839,-0.030366461025037927,1.03297467954342
2022,3031,佰鴻,457773.0,0.226673482271781,0.6,1816742.0,0.68,0.28,0.2648197815724805,0.12506150151459947,135903.0,113455.0,139148.0,388506.0,0.2,0.4722513581575871,0.411764705882353,-0.16517663333406918,0.2264598298885021,0.22891718987736934
2022,2020,美亞,1677615.0,0.03337952986829517,0.25,2225261.0,0.78,0.87,0.10403005014348105,0.10314789764853068,476393.0,540292.0,633794.0,1650479.0,-0.17,0.9915202146520772,1.1153846153846154,0.13413085414773107,0.17305827219355452,0.24547701566807115
2022,9935,慶豐富,1566296.0,0.0585419358792974,0.54,1696233.0,0.19,-0.26,0.02558098708310739,-0.038095483228875765,472316.0,415837.0,427281.0,1315434.0,0.62,-1.4892108387026404,-1.368421052631579,-0.11957884128422491,0.027520398617727704,-0.6760935969199868
2022,6552,易華電,698948.0,0.10408213486554078,0.88,830000.0,1.42,1.55,0.14428091489735725,0.15610870757418804,123586.0,120246.0,120706.0,364538.0,0.0,1.0819775275561927,1.091549295774648,-0.0270257148867995,0.0038254910766262196,0.4946057335117859
2022,1712,興農,6092325.0,0.06760407561973467,0.98,4204926.0,0.51,0.62,0.045677637666217255,0.056416932542434725,2021193.0,1910508.0,1915609.0,5847310.0,1.26,1.2351105579209967,1.2156862745098038,-0.05476221221822952,0.0026699704999926244,1.161118312711691
2022,4576,大銀微系統,861130.0,0.11066273384970911,0.79,1198018.0,0.58,0.8,0.08630639885785939,0.1148285207902101,286237.0,283578.0,226007.0,795822.0,0.56,1.3304751711321503,1.3793103448275863,-0.009289504850875319,-0.20301645402675805,0.9780493454252891
2022,2613,中櫃,834816.0,0.08213306884391292,0.5,1484235.0,0.37,0.45,0.06535826770634652,0.07649238979415357,273017.0,269207.0,249353.0,791577.0,0.15,1.1703552202122685,1.2162162162162162,-0.013955174952475446,-0.07374993963752796,0.5126562367385823
2022,4989,榮科,1063070.0,0.06452256201379025,0.5,1377765.0,1.07,1.06,0.14111429409632942,0.13293929006765545,297198.0,332823.0,259642.0,889663.0,0.03,0.942068207327789,0.9906542056074766,0.11986958189489827,-0.21987963572229086,0.39250422186570816
2022,1702,南僑,5149487.0,0.03142953851519579,0.65,2941330.0,1.04,1.03,0.05265951508631626,0.051697365357503626,1604189.0,1710172.0,1742187.0,5056548.0,0.4,0.9817288532331615,0.9903846153846154,0.06606640489368765,0.018720339240731354,0.5304444882619749
2022,3305,昇貿,2258709.0,0.05982134042056768,1.08,1342375.0,1.2,1.45,0.07930217073430251,0.08338705433792969,670145.0,642761.0,623183.0,1936089.0,0.42,1.0515103630304565,1.2083333333333333,-0.04086279834961093,-0.03045922201253659,0.907237847176072
2022,1720,生達,1481061.0,0.15430627097736016,1.28,1786961.0,0.93,0.89,0.14461907994360607,0.14209878305556548,462839.0,509036.0,577234.0,1549109.0,1.33,0.9825728604481277,0.9569892473118279,0.09981224572691594,0.13397480728278555,1.3143627527834219
2022,1504,東元,14543585.0,0.07018056414563534,0.48,21387966.0,0.68,0.75,0.10652065947920913,0.11922951441177049,5228346.0,4690410.0,4857361.0,14776117.0,0.51,1.1193088269890208,1.102941176470588,-0.10288837043302035,0.03559411650580646,0.5426972487100422
2022,2464,盟立,2674194.0,0.06840304031794253,0.94,1955312.0,0.61,0.82,0.05161391755278706,0.06326859566015874,951112.0,951871.0,909378.0,2812361.0,0.7,1.2258049506792834,1.3442622950819672,0.0007980132728848677,-0.04464155331972508,1.206012412004873
2022,1516,川飛,216285.0,0.02012159881637654,0.12,356842.0,0.56,0.2,0.04516212558112164,0.0393087284819843,217961.0,198568.0,579.0,417108.0,0.41,0.8703914613446774,0.35714285714285715,-0.08897463307655962,-0.997084122315781,0.20471499845997845
2022,3708,上緯投控,2622862.0,0.03902759657198892,1.1,980963.0,0.41,-0.1,0.013449119268810745,-0.003833262167284658,679366.0,814660.0,862250.0,2356276.0,6.62,-0.285019568245945,-0.24390243902439027,0.1991474404076743,0.058417008322490416,-0.2671898878626918
2022,9905,大華,2341494.0,0.05627048371680645,0.43,3050000.0,0.58,0.74,0.07269154963210049,0.08838814632085991,941787.0,977558.0,844894.0,2764239.0,0.53,1.215934269776907,1.2758620689655173,0.03798204901957658,-0.13570959472481425,0.6201068059179998
2022,8473,山林水,1099665.0,0.016865136200570174,0.13,1442492.0,-0.21,0.35,-0.032120854527896155,0.07200626173460861,328329.0,459949.0,131477.0,919755.0,-1.92,-2.2417293310821784,-1.6666666666666665,0.40087838722744573,-0.7141487425779816,-0.24106367398752973
2022,4142,國光生,526935.0,0.08596885763898773,0.11,4295078.0,-0.38,0.37,-1.8516746955099073,0.21368524312492285,277341.0,109142.0,700805.0,1087288.0,0.98,-0.11540107106452573,-0.9736842105263158,-0.6064700134491474,5.421038646900368,-0.02511449993726681
2022,2850,新產,4575341.0,0.08317237993845705,1.2,3159633.0,1.96,2.05,0.13510728128384883,0.13746852308278984,1579846.0,1696630.0,1596236.0,4872712.0,1.78,1.017476791602225,1.0459183673469388,0.07392112902143633,-0.05917259508555195,1.305081828970102
2022,2441,超豐,4689880.0,0.2331701450783389,1.92,5688459.0,1.99,2.4,0.23629393231424808,0.2561015077029587,1262225.0,1237752.0,1008816.0,3508793.0,1.07,1.0838260009248502,1.2060301507537687,-0.019388777753570063,-0.18496112306827217,1.5588187612361675
2022,6449,鈺邦,600644.0,0.18844440300743867,1.27,889535.0,0.84,0.97,0.10445037420881063,0.11821323725831878,152497.0,156244.0,210166.0,518907.0,1.16,1.1317646121783564,1.1547619047619049,0.024570975166724685,0.34511405237961146,1.244130227846875
2022,2836,高雄銀,1031529.0,0.2842954487949442,0.21,12383477.0,0.21,0.19,0.24181462412687058,0.24023233620175688,309915.0,303639.0,295929.0,909483.0,0.18,0.9934566078010091,0.9047619047619048,-0.020250713905425655,-0.025391995099443787,0.20742963053362082
2022,2208,台船,4221129.0,-0.20936081318528763,-0.95,9317873.0,0.01,-0.06,0.004126477314981105,-0.008474772435162042,1572886.0,1254506.0,1473856.0,4301248.0,-1.4,-2.0537547618145204,-6.0,-0.20241772130974522,0.1748497017949695,1.9848225103827977
2022,6166,凌華,2787997.0,0.1572505278879425,2.02,2174973.0,0.31,-0.24,0.02956908460076845,-0.02246694382195042,964990.0,1017140.0,1078992.0,3061122.0,1.06,-0.7598119497201663,-0.7741935483870968,0.054042010798039275,0.060809721375621795,-1.6816089113290364
2022,1707,葡萄王,2722473.0,0.14141113612513329,2.6,1481374.0,2.2,2.04,0.13012831751846243,0.1256594885850904,792012.0,838287.0,861571.0,2491870.0,2.46,0.9656582900740418,0.9272727272727272,0.05842714504325697,0.027775690187251012,2.297035717881691
2022,3528,安馳,1705497.0,0.06817308972106079,1.76,661095.0,1.06,1.14,0.04101007026893764,0.047788394721886424,580146.0,551377.0,583226.0,1714749.0,0.78,1.1652843901143692,1.0754716981132073,-0.04958924132890685,0.05776265604114794,2.060542573020549
2022,2114,鑫永銓,505200.0,0.09023950910530483,0.58,779918.0,14.56,-6.13,2.0589812760069304,-0.7149978596185979,161313.0,154244.0,149503.0,465060.0,1.42,-0.3472580678369371,-0.4210164835164835,-0.043821638677601915,-0.030737014081585023,-0.18685688823670213
2022,1414,東和,201054.0,0.22737175087289982,0.2,2200000.0,0.14,0.28,0.15980927673115317,0.30290626072560617,60543.0,55727.0,45145.0,161415.0,0.2,1.895423513086695,2.0,-0.07954676841253328,-0.1898899994616613,0.3162015391135201
2022,1773,勝一,3001136.0,0.16196566900000534,1.47,2500000.0,2.41,1.5,0.1592712590180392,0.1310231388838576,900338.0,973028.0,884802.0,2758168.0,1.9,0.8226414463705458,0.6224066390041494,0.08073634568350996,-0.09067159423983684,1.4699896008643096
2022,1434,福懋,9281671.0,0.2191975992253981,1.21,16846646.0,0.33,0.39,0.06359077028975466,0.08769881951838672,2957701.0,2965754.0,2814635.0,8738090.0,0.35,1.379112395065864,1.1818181818181819,0.0027227228174855345,-0.05095466447992647,1.5679727776955419
2022,3041,揚智,740606.0,0.043693947929128306,0.17,1938999.0,-0.11,0.0,-0.03134486410165902,0.0009949310584546624,213652.0,157781.0,177132.0,548565.0,0.01,-0.031741437934707864,-0.0,-0.2615046898695075,0.12264467838332882,-0.003923723482768785
2022,9904,寶成,68337874.0,0.07405424991711039,1.72,29467872.0,1.25,0.87,0.0569262022218609,0.05601369711531234,23003923.0,23094171.0,22878710.0,68976804.0,1.94,0.983970384973299,0.696,0.0039231569328415095,-0.009329670244495936,1.7056358191993337
2022,3092,鴻碩,1017074.0,0.061663163152337,0.68,928430.0,0.02,-0.27,0.003430941122066918,-0.029389097393682926,295429.0,247190.0,259980.0,802599.0,0.59,-8.56589966078401,-13.5,-0.16328457937440133,0.05174157530644452,-4.566129570142782
2022,1598,岱宇,1379277.0,-0.04476113210036853,-0.49,1341147.0,0.39,0.87,0.018351368692730824,0.04543150343908144,448166.0,449422.0,491059.0,1388647.0,0.6,2.4756465961624623,2.230769230769231,0.0028025329900080997,0.09264566487621884,-1.1473744859303274
2022,1203,味王,1582129.0,0.0256793219769058,0.17,2400000.0,0.53,0.44,0.08510242250122453,0.07048415191929555,514516.0,546197.0,523146.0,1583859.0,1.5,0.8282273271161155,0.830188679245283,0.061574372808620215,-0.04220272172860706,0.14035839180460363
2022,2431,聯昌,271343.0,0.024563006969039188,0.06,1109270.0,-0.22,-0.19,-0.06493118902969136,-0.06378701828078591,120867.0,91302.0,84390.0,296559.0,0.01,0.9823787186712036,0.8636363636363636,-0.2446077093003053,-0.07570480383781297,0.06451108080661233
2022,6216,居易,301768.0,0.26579690358155933,0.9,897736.0,0.4,0.4,0.16281587100145573,0.1489753121321187,56370.0,47227.0,37818.0,141415.0,0.45,0.9149925693103145,1.0,-0.1621962036544261,-0.19922925445190254,0.3831019135077812
2022,1444,力麗,3719100.0,0.08450028232636929,0.33,9573029.0,0.05,0.07,0.017320942002649792,0.023571451400289732,1124306.0,1110060.0,1056962.0,3291328.0,0.21,1.3608642876746382,1.4000000000000001,-0.012670927665599963,-0.04783345044412013,0.3953618563111269
2022,2501,國建,2353618.0,-0.04253154080228822,-0.09,11595611.0,-0.26,0.08,-0.25195566442901884,0.04001857561071412,2016943.0,995485.0,1526131.0,4538559.0,0.38,-0.15883181551565467,-0.3076923076923077,-0.5064387045147036,0.5330527330899009,0.026440700958019876
2022,5608,四維航,1903931.0,0.3670479654987497,2.12,3292671.0,1.78,3.01,0.40737449219462274,0.5077646507176108,680732.0,620091.0,607207.0,1908030.0,1.84,1.246432116999183,1.691011235955056,-0.0890820469729644,-0.02077759554646008,2.651113445827444
2022,2382,廣達,270467363.0,0.014652958331242354,1.03,38626274.0,2.05,2.43,0.03035490557526648,0.035826855491703585,129459679.0,131869030.0,120746508.0,382075217.0,2.4,1.1802657531867176,1.1853658536585368,0.018610821675218325,-0.08434521737211531,1.7106894296927997
2022,1472,三洋實業,253745.0,0.029360184437131766,0.3,249881.0,-0.02,0.1,-0.008053058084225777,0.07916218969342617,63099.0,40293.0,129228.0,232620.0,-0.43,-9.830078072886126,-5.0,-0.3614320353729853,2.2072072072072073,-2.6867642605707136
2022,2546,根基,2809119.0,0.052555979294575984,1.39,1166392.0,2.67,1.45,0.11158425810967591,0.06537563439934338,1261109.0,1339321.0,1205979.0,3806409.0,2.04,0.5858858185451734,0.5430711610486891,0.06201842981058725,-0.09955940360824622,1.0048611090370199
2022,8443,阿瘦,282101.0,-0.29063704134334867,-1.23,668000.0,-1.34,-1.2,-0.42883461189711997,-0.3506324437485706,100263.0,106806.0,86843.0,293912.0,-0.91,0.8176402604197663,0.8955223880597014,0.06525837048562289,-0.18690897515120874,-1.045572343688459
2022,3027,盛達,249212.0,0.022378537149093942,0.06,988563.0,0.1,0.15,0.0409048664412646,0.04531571302802913,69403.0,150433.0,108802.0,328638.0,0.17,1.107831829572114,1.4999999999999998,1.1675287811766064,-0.27674114057420907,0.08241740954662173
2022,6214,精誠,7696011.0,0.020301946034120794,0.63,2693933.0,1.36,0.93,0.04934782388730017,0.029618877991611153,2852649.0,2817723.0,2876182.0,8546554.0,1.26,0.600206364909916,0.6838235294117647,-0.012243356964000807,0.020746893857203075,0.38658279019276665
2022,1786,科妍,132210.0,0.29994705392935483,0.6,661904.0,0.52,0.23,0.24943612876768506,0.1578153360205549,58552.0,38740.0,67611.0,164903.0,0.68,0.6326883631502229,0.4423076923076923,-0.3383658969804618,0.745250387196696,0.47278969101338286
2022,3057,喬鼎,264715.0,0.04978184084770414,0.15,926787.0,-0.08,0.11,-0.035902644477161336,0.03783884468739428,72976.0,72271.0,61073.0,206320.0,0.0,-1.0539291809399893,-1.375,-0.009660710370532732,-0.15494458358124286,-0.11680025129488306
2022,3563,牧德,549539.0,0.3039256540482113,3.73,447282.0,4.22,5.71,0.26412016327443527,0.35869337859255607,163991.0,132720.0,151004.0,447715.0,3.09,1.3580688961631986,1.3530805687203793,-0.19068729381490446,0.13776371308016877,4.1315155005211865
2022,3311,閎暉,547263.0,0.05766697182159218,0.46,680000.0,0.2,0.2,0.03356906099084302,0.03025166685426364,171920.0,179512.0,179665.0,531097.0,0.49,0.9011770350834568,1.0,0.044160074453234,0.0008523107090334658,0.4058842489142611
2022,2851,中再保,6094906.0,-0.08105440838628192,-0.84,5903888.0,0.77,0.71,0.08610719767857518,0.08494463495928115,1417889.0,1791841.0,1729550.0,4939280.0,-0.1,0.986498658060692,0.922077922077922,0.2637385578137639,-0.03476368717983347,-0.6689577281306822
2022,2364,倫飛,238659.0,0.10013869160601528,0.96,248004.0,0.05,0.8,0.041753228582815376,0.04468940677269213,77669.0,84145.0,65283.0,227097.0,1.44,1.0703221832068148,16.0,0.08337946928633055,-0.22416067502525405,0.9814521955526988
2022,8072,陞泰,330984.0,0.08712807869866822,0.36,800000.0,0.04,0.2,0.010285419703881908,0.04399929210102729,95134.0,104016.0,121881.0,321031.0,0.54,4.27783147093367,5.0,0.09336304580906929,0.17175242270419933,1.4956803674041934
2022,4915,致伸,20283246.0,0.0350568148707559,1.58,4552353.0,1.37,1.5,0.037151730644116254,0.03802056402793788,7378112.0,7429895.0,7531361.0,22339368.0,1.96,1.0233860810454392,1.094890510948905,0.007018462175689466,0.013656451403418313,1.7605441176976058
2022,8150,南茂,6851737.0,0.19273185762967843,1.82,7272401.0,1.76,1.93,0.18383608015877995,0.19534651326434613,1947919.0,1715097.0,1590890.0,5253906.0,0.92,1.062612481160524,1.096590909090909,-0.11952345041041235,-0.07241981065793945,1.479561086509179
2022,2498,宏達電,1008462.0,-0.7416699885568321,-0.9,8262550.0,-0.67,-0.94,-0.4111319468121377,-0.5716096778138712,304518.0,312762.0,463438.0,1080718.0,-1.19,1.390331455013546,1.4029850746268655,0.027072291293125605,0.48175929300874154,-1.3487372075988615
2022,3003,健和興,1288670.0,0.21158869221755763,1.75,1556549.0,1.07,1.27,0.13951618986949196,0.16320519885230014,424833.0,369883.0,468763.0,1263479.0,1.72,1.169793978784596,1.1869158878504673,-0.12934494260097495,0.26732777662125584,2.0091255061989006
2022,2408,南亞科,18030672.0,0.36464104055578184,2.13,30985863.0,2.0,2.43,0.2722639740451538,0.3157760867836092,4396393.0,3419118.0,3206214.0,11021725.0,0.85,1.1598159025300905,1.215,-0.2222901819741775,-0.06226869034645777,1.5043212169187223
2022,2415,錩新,609022.0,0.012144060477289819,0.1,900000.0,1.11,0.33,0.12032408553318338,0.062145554801124075,179800.0,170344.0,146739.0,496883.0,-0.72,0.5164847463892452,0.29729729729729726,-0.05259176863181314,-0.13857253557507165,0.03462844979903995
2022,2395,研華,16824495.0,0.1460766578729406,3.17,7763662.0,2.31,2.95,0.1259720217623372,0.14667575597490246,5968194.0,6236122.0,6409596.0,18613912.0,4.1,1.1643518451392767,1.277056277056277,0.04489264256490322,0.02781760844319603,4.077895538554898
2022,2440,太空梭,914564.0,-0.030365288815216867,-0.2,1391173.0,0.27,0.16,0.03060354846207484,0.023270834639744154,207441.0,228254.0,249138.0,684833.0,0.03,0.7603966144181716,0.5925925925925926,0.10033214263332701,0.09149456307446968,-0.1136635274821419
2022,1218,泰山,2741171.0,0.04846359457326814,0.27,4999990.0,0.28,0.29,0.05624799409726933,0.05171726221367582,1023417.0,1054476.0,1063747.0,3141640.0,0.32,0.9194507829779932,1.0357142857142856,0.030348333084168067,0.00879204457948779,0.2799828254560591
2022,1805,寶徠,21831.0,-0.6661627960240025,-0.15,1002654.0,-0.06,-0.06,-0.09176125831906368,-0.3784762123649736,39558.0,747.0,86416.0,126721.0,-0.13,4.1245752215926625,1.0,-0.9811163355073563,114.68406961178046,-3.4726187320719344
2022,1732,毛寶,158283.0,0.03992848252812999,0.15,424439.0,0.24,-0.01,0.0627625872727832,-0.004483592650084835,49203.0,46050.0,45933.0,141186.0,0.06,-0.07143734579643646,-0.04166666666666667,-0.06408145844765567,-0.002540716612377869,-0.009488213907705396
2022,4720,德淵,946596.0,-0.002197347125912216,-0.02,1031351.0,0.02,0.07,0.0028618180552170734,0.007595385698028565,326494.0,322875.0,277971.0,927340.0,0.15,2.6540421338743854,3.5000000000000004,-0.011084430341752105,-0.13907549361207894,-0.05243713826951644
2022,2906,高林,2668527.0,0.010639952303274428,0.13,2091111.0,0.04,0.16,0.003783935656923167,0.015393969995104803,713089.0,754825.0,750408.0,2218322.0,0.24,4.068243065111236,4.0,0.05852845857950406,-0.005851687477229861,0.45919174667819435
2022,6141,柏承,922232.0,0.010710970775249611,0.09,1160230.0,0.63,0.62,0.08350005969215316,0.08629572083192479,282373.0,258525.0,213228.0,754126.0,-0.17,1.033480947799063,0.9841269841269841,-0.08445566679533811,-0.17521322889469104,0.07195005538571832
2022,2904,匯僑,129080.0,0.1691741555624419,0.31,690344.0,0.33,0.02,0.1870131992971272,0.011625250189641464,41951.0,43916.0,39685.0,125552.0,0.51,0.06216272559013991,0.06060606060606061,0.04684036137398384,-0.09634301848984428,0.019125911696700883
2022,3055,蔚華科,485359.0,-0.1554148578680935,-0.68,1187419.0,-0.92,-1.31,-0.7872211192399394,-0.2029773740366746,184243.0,178580.0,225108.0,587931.0,1.03,0.2578403565095521,1.423913043478261,-0.030736581579761557,0.260544293873894,-0.19841102226001486
2022,2884,玉山金,12132772.0,0.22743401095808938,0.18,142751000.0,0.4,0.38,0.3515829193797222,0.3711861183966745,6085993.0,4793454.0,3476930.0,14356377.0,0.32,1.0557569720722983,0.95,-0.21237931098507667,-0.2746503877996952,0.2414821666515272
2022,6197,佳必琪,1075314.0,0.12513554180453337,1.1,1220859.0,0.84,0.83,0.10879102359317018,0.09694570276854758,392114.0,404465.0,384167.0,1180746.0,1.8,0.8911185828261088,0.9880952380952381,0.03149849278526151,-0.05018481203565206,1.0784677246753136
2022,2484,希華,918302.0,0.26130074855548613,1.5,1594210.0,0.58,0.78,0.11146149431493478,0.1386345035247202,312326.0,266354.0,266983.0,845663.0,1.72,1.2437883089294317,1.3448275862068968,-0.14719235670421293,0.0023615188808878695,1.7240066021975116
2022,1529,樂事綠能,70882.0,0.2867018424988008,0.15,1454858.0,0.54,0.39,0.408953337805582,0.3967932990876332,25085.0,22909.0,39916.0,87910.0,0.11,0.9702654616216149,0.7222222222222222,-0.08674506677297189,0.7423719935396569,0.16808878178260606
2022,1539,巨庭,740122.0,0.27019059019999403,3.06,653700.0,0.14,0.82,0.013030712449300588,0.06328247122772716,232621.0,214396.0,201775.0,648792.0,1.72,4.856409154445258,5.857142857142856,-0.0783463229888961,-0.058867702755648454,13.023043470776587
2022,3006,晶豪科,4959233.0,0.18969808436102922,3.35,2861570.0,4.62,6.8,0.2096122071659417,0.2783390360289073,1254723.0,1185956.0,1059952.0,3500631.0,0.3,1.3278760802731173,1.4718614718614718,-0.05480651904842737,-0.10624677475386946,3.081501995511124
2022,2606,裕民,3791879.0,0.3219720355000779,1.44,8450557.0,1.22,2.1,0.3061813999206296,0.43345972438329905,1651326.0,1472657.0,1020883.0,4144866.0,2.18,1.41569580809175,1.7213114754098362,-0.10819729114663001,-0.306774761536461,2.23569861918602
2022,1443,立益物流,186358.0,0.17669753914508635,0.25,1353430.0,0.05,0.05,0.036166954682147756,0.0317170625393141,63796.0,103981.0,77399.0,245176.0,0.66,0.8769624873882413,1.0,0.6298984262336196,-0.2556428578297958,0.28070727888224656
2022,2911,麗嬰房,642286.0,-0.3041573380083016,-1.06,1846778.0,-0.9,-0.64,-0.22561172153267886,-0.14102720316173872,266685.0,274436.0,292403.0,833524.0,-0.91,0.6250881035953247,0.7111111111111111,0.02906425183268646,0.06546881604454224,-0.858109972434791
2022,1110,東泥,309290.0,-0.1915710174916745,-0.1,5720008.0,0.05,0.13,0.05027410789427084,0.19012826161452978,134470.0,176935.0,157462.0,468867.0,0.12,3.781832628723711,2.6,0.31579534468654713,-0.11005736569926805,-0.593861459568631
2022,3044,健鼎,16571090.0,0.08852676558995214,2.79,5256059.0,2.53,3.04,0.08841477337804321,0.09872574890383162,5758566.0,5569157.0,5862616.0,17190339.0,3.09,1.1166205050563307,1.2015810276679844,-0.03289169560616301,0.05269361233666059,3.2329903292837767
2022,1517,利奇,1350102.0,0.09929620132404811,0.6,2256850.0,0.49,0.5,0.08988250807977347,0.09071361931232871,582796.0,509527.0,468695.0,1561018.0,1.07,1.0092466404232692,1.0204081632653061,-0.12571980590120724,-0.08013706830060041,0.6931626650475097
2022,5434,崇越,13225334.0,0.06807139993591088,4.96,1816996.0,3.38,3.26,0.0590814855458266,0.05401099286607601,4621927.0,4632104.0,4538814.0,13792845.0,4.91,0.9141779758429117,0.9644970414201183,0.002201895443177726,-0.020139875961334153,4.723841540599496
2022,3645,達邁,613430.0,0.2040917464095333,0.95,1317990.0,0.59,0.63,0.1295312494672127,0.12758813395714885,86481.0,105511.0,110932.0,302924.0,-0.45,0.9849988669293606,1.0677966101694916,0.2200483343162083,0.05137852925287412,0.46204336766770077
2022,3043,科風,305772.0,0.17069581256622582,0.27,1948781.0,0.03,-0.11,0.025893051622740144,-0.08240236690873688,86016.0,148084.0,129340.0,363440.0,-0.14,-3.182412336302932,-3.666666666666667,0.7215866815476191,-0.12657680775775915,-1.0130922747143711
2022,2537,聯上發,360614.0,0.019494528775921068,0.02,3005579.0,0.03,1.3,0.04236230496649408,0.22568871031125254,49400.0,145148.0,65338.0,259886.0,0.07,5.327583343015875,43.333333333333336,1.9382186234817813,-0.5498525642792185,0.08980442393843889
2022,2454,聯發科,155729821.0,0.2275544771864857,22.38,15990852.0,17.44,17.92,0.21894092275399815,0.21581080870760955,40890418.0,44699654.0,56571204.0,142161276.0,19.55,0.9857033851551562,1.0275229357798166,0.09315717926874711,0.26558482980651266,19.940743261234683
2022,3004,豐達科,497171.0,0.09975843321513121,0.94,526472.0,-0.84,-0.62,-0.14263305754308822,-0.09139485074293874,181311.0,209199.0,197985.0,588495.0,1.04,0.6407690637587934,0.7380952380952381,0.15381306153515228,-0.0536044627364376,0.7145270165570057
2022,9928,中視,200366.0,-0.021296028268269068,-0.07,607246.0,-0.15,-0.04,-0.1249144344820621,-0.03316138907110343,72766.0,66149.0,69906.0,208821.0,-0.17,0.26547283513392084,0.26666666666666666,-0.09093532693840534,0.05679602110387161,-0.019441430223729184
2022,2102,泰豐,386067.0,-0.3829931074139981,-0.32,4733292.0,-2.5,-0.98,-3.440131793547383,-1.3080048760666396,184842.0,185894.0,154501.0,525237.0,-0.27,0.3802194086052313,0.392,0.005691347204639596,-0.168875810946023,-0.161591032193386
2022,3094,聯傑,81312.0,0.22227961432506887,0.22,831171.0,0.17,0.25,0.18800130509258,0.2712212095245514,27352.0,26385.0,26853.0,80590.0,0.23,1.4426559932176553,1.4705882352941175,-0.035353904650482604,0.01773735076748162,0.31092324566883955
2022,1439,中和,4273.0,4.865668148841563,0.23,920000.0,-0.04,0.5,-0.2037929589270746,2.505403959336544,79269.0,15828.0,60889.0,155986.0,0.75,-12.293869094040089,-12.5,-0.8003254740188472,2.846916856204195,-101.42122787798148
2022,2430,燦坤,5942050.0,0.02992906488501443,1.15,1168000.0,1.02,0.72,0.028282467122112166,0.021451075210057652,1991245.0,1758229.0,1729603.0,5479077.0,1.05,0.7584584158602802,0.7058823529411764,-0.11702025617139022,-0.01628115564013566,1.064852570180234
2022,8367,建新國際,576357.0,0.016059490905810114,0.09,877319.0,4.43,0.87,0.6376206918600934,0.09300088539598049,217977.0,221253.0,213349.0,652579.0,1.39,0.1458561282330322,0.19638826185101582,0.01502910857567552,-0.0357238093946749,0.017423364166797954
2022,3229,晟鈦,227157.0,-0.014126793363180531,0.01,642630.0,-0.29,0.08,-0.23773918988806395,0.0599275738930709,92877.0,82120.0,87576.0,262573.0,-0.09,-0.25207276057972156,-0.2758620689655173,-0.11581984775563381,0.06643935703848025,0.014549852159710738
2022,3308,聯德,58725.0,-0.14184759472115793,-0.12,706289.0,-0.31,-0.04,-0.3126149899597338,-0.0348141838884655,18857.0,23217.0,20607.0,62681.0,0.26,0.1113644099182503,0.12903225806451613,0.23121387283237005,-0.11241762501615193,-0.014019156058138934
2022,3679,新至陞,839692.0,0.22082382587901278,2.96,626762.0,1.19,2.26,0.0637776517686404,0.1330972984679705,402394.0,414153.0,317848.0,1134395.0,5.52,2.086895562583486,1.8991596638655461,0.029222602722704716,-0.23253483615958348,8.340811214093282
2022,5283,禾聯碩,1938120.0,0.14192258477287267,3.76,730004.0,3.78,3.18,0.15093015515065525,0.13562601141972186,751888.0,639286.0,377881.0,1769055.0,2.95,0.8986011528600291,0.8412698412698414,-0.14975900666056652,-0.4089014932283829,3.0905414960822197
2022,3042,晶技,3514013.0,0.23907282073230804,2.72,3097570.0,2.97,2.84,0.21199707172747348,0.21409794849597966,1179482.0,1105110.0,1147134.0,3431726.0,2.75,1.0099099329598613,0.9562289562289561,-0.06305479863194186,0.038026983739175346,2.674880131939455
2022,2618,長榮航,33331383.0,0.05408155431174278,0.34,53355698.0,0.04,0.3,0.005960859593432228,0.057471569378371515,11866739.0,12014621.0,11323698.0,35205058.0,0.23,9.641490204146836,7.5,0.012461890330612402,-0.05750684936295536,3.440468513056951
2022,2393,億光,5138033.0,0.07679183843311244,0.89,4433931.0,1.37,1.38,0.09002081004848772,0.0920854308544475,1638776.0,1562931.0,1558438.0,4760145.0,0.95,1.0229349280999327,1.0072992700729926,-0.04628149301673934,-0.0028747270352945664,0.8433237367240963
2022,3576,聯合再生,3902620.0,0.04459414444655129,0.11,16278140.0,-0.3,-0.06,-0.061255154736798795,-0.025899995519180048,1280849.0,1544244.0,1921308.0,4746401.0,0.11,0.4228214854809717,0.2,0.20564094596630822,0.24417384817425236,0.054978708221139226
2022,5203,訊連,441999.0,0.22833535822479237,1.28,788308.0,0.74,0.73,0.14011322760361797,0.15339109698790956,148930.0,139866.0,143305.0,432101.0,1.1,1.094765280990135,0.9864864864864865,-0.060860807090579505,0.024587819770351516,1.3701986064087235
2022,2449,京元電子,9928261.0,0.20287419921776834,1.65,12227451.0,0.7,1.25,0.11385492737839603,0.1691767564867575,3196133.0,2891833.0,2932369.0,9020335.0,1.22,1.485897539809584,1.7857142857142858,-0.09520880388894959,0.014017406952614442,2.223834266756406
2022,9927,泰銘,2592989.0,0.06124090769378505,0.95,1673185.0,0.86,1.08,0.07377776525768695,0.10469044605358228,781853.0,790747.0,644937.0,2217537.0,0.93,1.4189972505662811,1.255813953488372,0.011375539903281107,-0.18439526169558662,1.1517284246876613
2022,3712,永崴投控,3101680.0,0.03065983595986691,0.38,2462421.0,0.12,0.43,0.017624166677385894,0.04505089894633306,637229.0,815793.0,1062619.0,2515641.0,0.86,2.5562002318180093,3.5833333333333335,0.2802195129223559,0.3025595953875555,0.8006653880666658
2022,3593,力銘,181189.0,-0.22029483026011512,-0.43,930425.0,,-0.01,0.0022402466906944105,-0.0026969119537568038,67825.0,100023.0,95345.0,263193.0,-0.06,-1.2038459714991658,1.0,0.4747217102838186,-0.046769243074092914,0.7501846829193652
2022,6464,台數科,1109443.0,0.22284335472845382,1.85,1316131.0,2.18,1.69,0.2600032945268715,0.2311921698263878,345552.0,346762.0,360000.0,1052314.0,1.61,0.8891893860310064,0.775229357798165,0.0035016437468167183,0.03817604005052466,1.5843100879411274
2022,6505,台塑化,239285774.0,0.0707524551793873,1.78,95259597.0,1.43,1.08,0.09383999305524156,0.06274652130701568,76588503.0,82746460.0,69729663.0,229064626.0,-0.66,0.668654368613158,0.7552447552447553,0.08040315137116605,-0.1573094123905724,1.1376076098382177
2022,2891,中信金,43059232.0,0.18585603198868014,0.35,199969796.0,0.71,0.61,0.36178068298125543,0.2564572272871511,15576298.0,11158103.0,9171155.0,35905556.0,0.41,0.7088748497399422,0.8591549295774649,-0.28364859223931127,-0.17807220456738926,0.2365611820642196
2022,2485,兆赫,1363670.0,-0.006599837204015634,-0.03,3176890.0,-0.43,-0.1,-0.08950236418344741,-0.01983133163604162,589100.0,655975.0,620468.0,1865543.0,0.25,0.2215732714657076,0.23255813953488375,0.11352062468171797,-0.05412858721750069,-0.00858724154854137
2022,1441,大東,436369.0,-0.07556907113016736,-0.32,1008000.0,-0.04,-0.26,-0.008801354461522182,-0.07450390211109605,141393.0,108145.0,130954.0,380492.0,-0.93,8.465049605354798,6.5,-0.2351460114715721,0.21091127652688524,-2.4146744641311453
2022,1717,長興,13184770.0,0.06757880493933531,0.71,12402795.0,0.87,0.79,0.08130296936921388,0.07541655412671018,4010038.0,3878708.0,3805756.0,11694502.0,0.42,0.9275990128260598,0.9080459770114943,-0.03275031308930243,-0.01880832483393957,0.5910618819091519
2022,1460,宏遠,2307704.0,0.017789976530785578,0.06,6946434.0,0.12,0.11,0.01799343887658332,0.018055730490253462,835539.0,925749.0,904656.0,2665944.0,-0.05,1.0034619070927686,0.9166666666666667,0.10796623496928337,-0.02278479371838371,0.06851179949475927
2022,8215,明基材,4111680.0,0.06365500233481204,0.82,3206745.0,0.86,0.83,0.06418450471046697,0.06622154734973208,1271899.0,1264800.0,1110000.0,3646699.0,1.66,1.031737296228336,0.9651162790697674,-0.005581418021399442,-0.12239089184060725,0.7468564916572845
2022,6558,興能高,283098.0,-0.16019540936354196,-0.48,937495.0,-0.01,-0.04,-0.0018877488180844915,-0.008239010204768414,116104.0,100562.0,89939.0,306605.0,0.01,4.364463177430872,4.0,-0.13386274374698548,-0.10563632385990729,-2.286605127647616
2022,6698,旭暉應材,341573.0,0.004420724120466196,0.02,663898.0,-0.19,0.06,-0.0656697377017135,0.01942569321840274,91363.0,80114.0,104223.0,275700.0,-0.25,-0.29580890526224646,-0.3157894736842105,-0.12312424066635286,0.3009336695209326,-0.005430503065119868
2022,6670,復盛應用,8366782.0,0.1611301692813318,10.29,1310300.0,4.35,3.34,0.09501401415142748,0.08566223009183528,2597223.0,2645360.0,2673363.0,7915946.0,10.33,0.90157468723837,0.767816091954023,0.018534026535264703,0.01058570478120191,8.77628372954572
2022,1711,永光,2323801.0,0.05046172198049661,0.21,5477522.0,0.31,0.19,0.07207846792608624,0.04861885852484788,735513.0,772829.0,721723.0,2230065.0,0.16,0.6745268028546985,0.6129032258064516,0.050734657307212716,-0.0661284708518961,0.1385781212064224
2022,6184,大豐電,499399.0,0.2686829569142109,0.9,1582306.0,0.62,1.08,0.18511111065851726,0.3209293483155061,165923.0,166828.0,169774.0,502525.0,0.63,1.7337119699289085,1.741935483870968,0.005454337252822183,0.017658906178818823,1.4793954006164953
2022,2608,嘉里大榮,3218739.0,0.10199491167193116,0.7,4670005.0,0.69,0.74,0.0994859210526725,0.10435235776853369,1060943.0,1115735.0,1008503.0,3185181.0,0.65,1.0489158331587911,1.0724637681159421,0.051644621812859004,-0.09610884304964884,0.7296858392348312
2022,2323,中環,1873777.0,-0.2958206873069741,-0.48,11588812.0,-0.24,,-0.14724986293298856,0.21603558492132804,624190.0,703963.0,571810.0,1899963.0,-0.25,-1.4671360680290952,1.0,0.12780243195180963,-0.18772719588955666,0.7115495718562994
2022,1810,和成,1344325.0,0.0386416975061834,0.14,3698536.0,0.18,2.88,0.05104997182623665,0.8754900085852402,371422.0,395188.0,398827.0,1165437.0,0.03,17.149666831653185,16.0,0.06398651668452593,0.009208275554925649,2.088193960597617
2022,4739,康普,2807266.0,0.0668030745928601,1.8,1070293.0,1.14,1.42,0.06223315788175788,0.07455351384748,797698.0,680910.0,723925.0,2202533.0,1.03,1.1979709271563983,1.2456140350877194,-0.14640628408244727,0.06317281285338727,1.6468819466900344
2022,1109,信大,1765691.0,-0.012239400891775514,-0.06,3419579.0,0.47,0.31,0.08561448024856501,0.07202729158292688,557403.0,478276.0,634886.0,1670565.0,0.63,0.841298006760184,0.6595744680851064,-0.1419565377294345,0.32744691349764565,-0.050303795773152124
2022,1312,國喬,5500568.0,-0.031208231586265272,-0.2,9266203.0,1.82,1.61,0.2785855094389487,0.2576456591205072,1382426.0,1405126.0,1407268.0,4194820.0,-0.69,0.924835105886832,0.8846153846153847,0.01642040875967332,0.0015244184507297032,-0.1306607018021675
2022,1752,南光,472855.0,0.15777986909306235,0.73,1009885.0,0.54,0.45,0.12256524125655349,0.09771909899678213,180890.0,151201.0,158742.0,490833.0,0.74,0.7972823126275791,0.8333333333333333,-0.16412737022499857,0.04987400876978332,0.6114001672123885
2022,1313,聯成,20647166.0,-0.04545863582440322,-0.72,13505721.0,0.89,0.46,0.05523773527753249,0.026839611927998226,5993125.0,5052422.0,5098838.0,16144385.0,-0.65,0.4858926926157855,0.5168539325842697,-0.15696368755866097,0.009186881064170871,-0.2640343910789951
2022,4746,台耀,838218.0,-0.010179929326261187,-0.07,1202560.0,6.86,-4.01,0.9000234485292695,-0.5576027444930344,340174.0,279054.0,404808.0,1024036.0,4.09,-0.6195424634816064,-0.5845481049562682,-0.1796727557073733,0.45064396138381824,0.053706186011798995
2022,1722,台肥,3746325.0,0.2052945219648589,0.79,9800000.0,0.78,0.8,0.2912178321426547,0.2557701930695134,1191512.0,1318608.0,1201791.0,3711911.0,0.64,0.8782779240806343,1.0256410256410258,0.10666783045407846,-0.08859115066797718,0.6829372580501376
2022,6176,瑞儀,11022003.0,0.15091639877071344,3.57,4650273.0,2.24,3.27,0.07416515586686223,0.11067417676028915,5984875.0,6052612.0,5960827.0,17998314.0,3.96,1.4922664891174258,1.4598214285714284,0.011318030869483575,-0.015164527314818765,8.716380784461004
2022,2834,臺企銀,6713413.0,0.3033305116190528,0.25,80296934.0,0.18,0.17,0.23462405818698676,0.21324291792662287,2906096.0,2563993.0,2393021.0,7863110.0,0.36,0.9088706400120149,0.9444444444444445,-0.11771909806145431,-0.06668192931883976,0.26996879017336656
2022,6224,聚鼎,733951.0,-0.05006737506999786,-0.43,856453.0,1.76,1.59,0.18288500899829577,0.14261985258604398,254477.0,217547.0,262930.0,734954.0,0.5,0.779833477698399,0.9034090909090909,-0.14512117008609815,0.20861239180498936,-0.33505285348815156
2022,6592,和潤企業,5462843.0,0.16819776808522596,1.78,5150004.0,1.35,1.47,0.16346764619788898,0.16778487604072234,1967486.0,1976961.0,1969735.0,5914182.0,1.77,1.0264103016300061,1.0888888888888888,0.004815790302955092,-0.0036551049818382975,1.9825691755341033
2022,2542,興富發,1736723.0,0.0493481113568485,0.04,17146741.0,1.97,1.66,0.15764673691059447,0.19897859871859766,181592.0,343473.0,2915146.0,3440211.0,0.12,1.2621802557920596,0.8426395939086294,0.8914544693598836,7.4872639188524275,0.12496701911758377
2022,3413,京鼎,3196652.0,0.1849666463537476,6.27,966475.0,4.58,4.88,0.1334114199906722,0.13469898982279468,1273395.0,1379766.0,1401935.0,4055096.0,8.21,1.009651121562251,1.0655021834061136,0.08353338908979535,0.016067217194799754,7.835654351624112
2022,3437,榮創,685383.0,-0.03550277727927305,-0.17,1445480.0,0.22,-0.1,0.03256874307731537,-0.01676153129663302,139464.0,151805.0,142394.0,433663.0,-0.66,-0.5146508496457048,-0.4545454545454546,0.0884887856364367,-0.061994005467540636,0.05481700516239192
2022,1447,力鵬,7742554.0,0.024591885313295845,0.22,9144872.0,0.12,0.01,0.018129478607597043,0.0018455459631298741,3157856.0,2719435.0,1396651.0,7273942.0,-0.06,0.10179807169724725,0.08333333333333334,-0.13883501970957512,-0.48641868623445683,0.019912398680542207
2022,2838,聯邦銀,3525740.0,0.1597009422135495,0.0,37965302.0,0.42,0.21,0.3079788927915156,0.3054733743360841,1561893.0,1617823.0,1297400.0,4477116.0,0.34,0.9918646423047973,0.5,0.03580911112348928,-0.1980581312047115,0.18679763583778014
2022,1201,味全,4912482.0,0.018370143646327865,0.18,5060629.0,0.19,0.4,0.020062760117782467,0.036538034370715004,1907939.0,2008672.0,1834655.0,5751266.0,0.28,1.8211868235582307,2.1052631578947367,0.052796761322033925,-0.08663285991938952,0.38021216347089626
2022,6625,必應,118555.0,-0.40407405845388217,-1.09,443404.0,-1.6,-0.92,-0.8299144089976657,-0.45751589541328075,48517.0,109432.0,124257.0,282206.0,-0.04,0.5512808193869636,0.575,1.2555392955046685,0.13547225674391394,-1.4177527178790181
2022,2344,華邦電,26646696.0,0.19338423795580512,1.29,39800002.0,0.84,1.12,0.1322163738446762,0.1657626413441852,7390832.0,7402743.0,7351855.0,22145430.0,0.67,1.2537224893107275,1.3333333333333335,0.0016115912254532905,-0.006874208654818914,1.3490359192536832
2022,1325,恆大,150525.0,0.014402923102474673,0.03,852812.0,1.63,-0.29,0.3462751300645598,-0.14774716177861874,50686.0,44949.0,41385.0,137020.0,0.28,-0.4266756372341053,-0.17791411042944785,-0.1131870733535888,-0.07928986184342257,-0.009873682280960127
2022,5469,瀚宇博,11588724.0,0.061254888803978766,1.34,5284413.0,1.39,2.67,0.05488244037794869,0.08130707647513427,4179502.0,4139143.0,4443544.0,12762189.0,2.57,1.4814770610638295,1.920863309352518,-0.009656413610999559,0.07354203515075475,2.191614205860777
2022,9933,中鼎,22372131.0,0.019407762273517887,0.55,7857776.0,0.42,0.64,0.01996054251820614,0.029089121929828165,7859156.0,7757743.0,8785104.0,24402003.0,0.44,1.457331227510264,1.523809523809524,-0.012903802901991002,0.13243039889308017,0.8783337416956185
2022,2414,精技,5978625.0,0.025632649647703277,0.95,1617358.0,1.0,0.91,0.02847668704091878,0.021944685842947207,2375085.0,2361914.0,2596502.0,7333501.0,0.97,0.7706193424612352,0.91,-0.005545485740510392,0.09932114378423607,0.8956505596204968
2022,2387,精元,5004678.0,0.04685556193625244,1.21,1952510.0,1.88,1.39,0.05924506330542133,0.044846253001913014,2552948.0,2558851.0,2249988.0,7361787.0,3.2,0.7569618547071293,0.7393617021276596,0.002312228842890729,-0.12070378462833509,1.3372885509391639
2022,2109,華豐,1360959.0,0.02935650522903335,0.14,2793492.0,0.35,0.24,0.07105769105953721,0.0524082727478554,488521.0,476702.0,347983.0,1313206.0,0.5,0.7375453939805615,0.6857142857142857,-0.02419343283093256,-0.2700198446828417,0.10178377048841228
2022,2017,官田鋼,1014069.0,0.12999805733140446,0.38,3623795.0,0.73,0.43,0.20154054590193687,0.16192283583602962,341711.0,311272.0,249014.0,901997.0,0.26,0.8034256090326164,0.589041095890411,-0.08907819765825509,-0.2000115654475828,0.25997046121966194
2022,8213,志超,6121422.0,0.05512657026422946,1.25,2712425.0,1.89,1.64,0.07327286513461626,0.0584266321427983,1469415.0,1344154.0,1442537.0,4256106.0,1.12,0.797384298204491,0.8677248677248677,-0.08524548885100536,0.0731932501781789,0.6897367240519916
2022,3032,偉訓,1640841.0,0.06495937144427766,0.94,1132856.0,0.85,0.68,0.044897563087626574,0.04075936950632277,500405.0,517801.0,551036.0,1569242.0,0.89,0.9078303298282072,0.8,0.03476384128855625,0.06418488956182,0.8168864948006826
2022,9908,大台北,811483.0,0.15825223695382404,0.26,5163580.0,0.35,0.54,0.23335017310489586,0.4031458820457432,237531.0,238805.0,255479.0,731815.0,0.65,1.7276433811108447,1.5428571428571431,0.005363510447057518,0.06982265865455073,0.38748451833805153
2022,1708,東碱,1964022.0,0.181515787501362,1.43,2490017.0,0.57,0.52,0.11363275933280935,0.11994648229150119,681342.0,882160.0,691134.0,2254636.0,1.71,1.0555625243614837,0.912280701754386,0.29473891232303306,-0.2165434841752063,1.7348921911137527
2022,1229,聯華,4002005.0,0.333741212217376,0.95,14801305.0,1.18,0.43,0.4656436178587303,0.3377989041580304,906199.0,831107.0,908840.0,2646146.0,0.35,0.7254451499011284,0.364406779661017,-0.08286480121915829,0.09352947334097772,0.43284082403187585
2022,3048,益登,27448291.0,0.009939234468186016,1.0,2698298.0,1.07,1.01,0.010124121200163264,0.010145546317828586,9072811.0,10912095.0,11784120.0,31769026.0,0.64,1.0021162446835363,0.9439252336448598,0.20272482254948332,0.07991361878722647,1.1726948737100107
2022,1449,佳和,702467.0,0.11633713754525124,0.72,1134588.0,1.64,-0.18,0.1728850312385813,-0.022396481539547458,182939.0,232128.0,240703.0,655770.0,0.54,-0.12954552154743992,-0.10975609756097561,0.2688819770524602,0.036940825751309525,-0.08710721657886929
2022,1440,南紡,5599257.0,0.07472723613150817,0.25,16568159.0,0.61,0.27,0.19076894685850243,0.10200822237249658,1727479.0,1615212.0,1759926.0,5102617.0,0.18,0.5347213162955623,0.4426229508196722,-0.06498892316491256,0.08959443094776409,0.12306233038537473
2022,4755,三福化,1546966.0,0.17959282880166727,2.76,1007060.0,1.14,1.55,0.11608094146922279,0.13236798154821774,411234.0,419269.0,387177.0,1217680.0,1.62,1.1403076152971523,1.3596491228070178,0.019538754091344535,-0.07654274463411315,2.4762178075376524
2022,2301,光寶科,42957305.0,0.09218546182075435,1.74,23508670.0,1.74,1.33,0.0991803276471961,0.07356116580235568,14799908.0,15434850.0,15937899.0,46172657.0,1.85,0.7416910948714264,0.764367816091954,0.04290175317306022,0.032591764740182105,1.3428957748686325
2022,5706,鳳凰,23621.0,-1.8141484272469413,-0.65,737670.0,0.0,0.17,0.004280481885177176,0.1624399208368674,9933.0,9731.0,19806.0,39470.0,0.23,37.948979856538685,inf,-0.020336252894392448,1.035350940293906,-36.836463342277256
2022,1410,南染,114327.0,0.13125508410086856,0.24,630000.0,0.38,0.33,0.1815939771547248,0.1689505594715828,30028.0,29489.0,30640.0,90157.0,0.25,0.9303753467970507,0.868421052631579,-0.017949913414146756,0.039031503272406676,0.17475645689919134
2022,6515,穎崴,1057164.0,0.1971642999572441,6.12,342650.0,2.51,3.57,0.13171500964574107,0.15974549709834357,423518.0,507176.0,624335.0,1555029.0,10.79,1.2128116418014387,1.4223107569721116,0.1975311557005841,0.23100264996766406,10.85199024613233
2022,2390,云辰,142107.0,-1.7613488427734032,-1.17,2140216.0,-0.45,0.52,-0.5889960114517826,0.7952123694653671,43708.0,44727.0,50288.0,138723.0,-1.97,-1.350115033046308,-1.1555555555555557,0.02331380982886433,0.12433205893531873,1.5413704087563118
2022,2801,彰銀,8532191.0,0.34489558426434663,0.27,105934565.0,0.21,0.25,0.31779909238474957,0.3360913097315356,3549913.0,3265931.0,2360910.0,9176754.0,0.3,1.0575590610077648,1.1904761904761905,-0.07999689006462973,-0.2771096511224518,0.3159684115361894
2022,9930,中聯資源,3034894.0,0.07070625860408963,0.86,2485404.0,0.69,0.65,0.06366233236259762,0.05957896199950212,980550.0,953660.0,847619.0,2781829.0,0.86,0.9358589261254504,0.9420289855072465,-0.027423384835041587,-0.11119371683828616,0.7406306513528955
2022,1432,大魯閣,224684.0,-0.30322586387993805,-0.77,900000.0,-1.07,-0.64,-0.5761562118336055,-0.31274115889091814,111611.0,118928.0,94922.0,325461.0,0.45,0.5428061912161386,0.5981308411214953,0.06555805431364292,-0.20185322211758372,-0.5952062455276858
2022,1611,中電,393942.0,0.05383533616623767,0.07,3227358.0,-0.07,0.09,-0.0533453265582688,0.07019754720434801,126845.0,140844.0,124767.0,392456.0,0.05,-1.3159080979225355,-1.2857142857142856,0.11036304150735154,-0.11414756752151312,-0.08614633765911699
2022,2359,所羅門,1562825.0,0.11100986994705102,1.01,1714711.0,0.43,-0.09,0.07775809343034905,-0.021039631456856275,311140.0,339190.0,466872.0,1117202.0,1.11,-0.27057802639801465,-0.20930232558139533,0.0901523429967217,0.37643208821014773,-0.19570183108928832
2022,1301,台塑,73924373.0,0.28680294657352046,3.33,63657408.0,3.18,3.03,0.28234305183617875,0.2885592678590204,19936058.0,17450790.0,18266287.0,55653135.0,0.91,1.022016536204505,0.9528301886792452,-0.1246619567418995,0.04673123680933644,2.562608215950596
2022,2103,台橡,8974820.0,0.08341950033538277,0.91,8257099.0,1.21,1.75,0.11758719778797906,0.18787396410882928,3085654.0,2785418.0,2869467.0,8740539.0,0.47,1.5977416559206044,1.4462809917355373,-0.09730060466922086,0.030174645241755504,1.4108630695789515
2022,3535,晶彩科,456030.0,0.17824046663596693,1.03,790523.0,-0.19,0.11,-0.062479418016345836,0.03059838229864077,114053.0,155401.0,149502.0,418956.0,1.36,-0.48973539239170943,-0.5789473684210527,0.36253320824528945,-0.03795985868816798,-0.46261712550371525
2022,9919,康那香,686940.0,-0.11421667103386031,-0.4,1953628.0,0.39,-0.07,0.07455713149265605,-0.014826527362178956,309769.0,297823.0,321690.0,929282.0,-0.28,-0.19886129019917273,-0.1794871794871795,-0.03856422043522756,0.08013820289232187,0.10804020629018217
2022,1605,華新,50483370.0,0.10805877262155834,1.59,34313329.0,1.05,1.32,0.09167876056929,0.10707258468491705,15121399.0,14315935.0,14016727.0,43454061.0,2.66,1.1679104737022763,1.2571428571428571,-0.05326650001101085,-0.02090034636228788,1.5982219788643284
2022,1102,亞泥,24487758.0,0.18206583060809406,1.35,35459276.0,1.44,1.04,0.20444651026736885,0.1535509430499397,7864622.0,7069221.0,6994078.0,21927921.0,1.33,0.7510568062479056,0.7222222222222223,-0.10113658355099586,-0.010629601196510907,0.8456075011071396
2022,5525,順天,1668638.0,0.12253166954126658,0.8,2645913.0,-0.08,-0.19,-0.1458161995356589,-0.35707486623303575,136415.0,106626.0,69376.0,312417.0,0.05,2.4488010753957017,2.375,-0.21837041381079791,-0.3493519404272879,0.35429168182326864
2022,6282,康舒,6621986.0,0.038333515051224815,0.5,5166213.0,0.34,0.48,0.03572801239010969,0.04238033098466142,2062672.0,2152244.0,2532729.0,6747645.0,0.75,1.1861933578032804,1.4117647058823528,0.04342522708409291,0.17678525297317593,0.5939009913032021
2022,3014,聯陽,1372482.0,0.2150192133667327,1.83,1610801.0,2.88,3.46,0.2539935814271082,0.2625747325473153,361455.0,374733.0,347146.0,1083334.0,1.94,1.0337849132721872,1.2013888888888888,0.03673486326098674,-0.07361774917074293,1.4949543856427705
2022,2426,鼎元,666759.0,-0.13078038691641208,-0.29,3006223.0,0.07,0.36,0.023952636125421388,0.13286446073041747,193096.0,193195.0,190142.0,576433.0,-0.2,5.54696610572253,5.142857142857142,0.0005126983469363466,-0.015802686404927657,-1.3909956521204727
2022,1733,五鼎,608105.0,0.04778944425715954,0.29,999502.0,0.23,0.64,0.046381208912556635,0.12570342847160476,203389.0,198847.0,203242.0,605478.0,0.64,2.7102232007060403,2.782608695652174,-0.022331591187330635,0.02210242045391686,0.7846062062566034
2022,2354,鴻準,19100519.0,0.054530193655994375,0.73,14144852.0,1.07,0.81,0.06745341001855354,0.03419412796546347,5448347.0,5553869.0,6759588.0,17761804.0,1.1,0.5069295674756567,0.7570093457943925,0.01936770914187358,0.21709532579900603,0.3471149577501645
2022,6206,飛捷,1643478.0,0.21682432013084446,2.49,1430623.0,1.06,1.4,0.12840912091853207,0.13960766971322627,463663.0,472430.0,476967.0,1413060.0,2.23,1.0872099171350842,1.320754716981132,0.01890812939570341,0.009603539148656859,2.328395753101373
2022,1608,華榮,2759429.0,-0.04881408436310555,-0.31,6327735.0,0.25,0.24,0.03976067624505235,0.03812678202869415,976010.0,857290.0,953769.0,2787069.0,0.02,0.9589067799982021,0.96,-0.12163809797030767,0.112539514050088,-0.20616786544221458
2022,2468,華經,518579.0,0.04269937656557631,0.32,699612.0,0.2,0.15,0.025989081476903483,0.02083048497040958,155200.0,185864.0,236647.0,577711.0,0.19,0.8015090871496034,0.7499999999999999,0.19757731958762892,0.27322666035380716,0.2826072971626647
2022,3090,日電貿,2894535.0,0.08618759144387614,1.39,1786572.0,1.28,1.22,0.08086155504932652,0.07852092783151603,922482.0,764649.0,794554.0,2481685.0,4.58,0.9710538930845112,0.953125,-0.17109602138578317,0.03910944760275625,1.162556879629531
2022,1519,華城,2045089.0,0.11377499952324813,0.89,2610585.0,0.24,0.18,0.02705406273274278,0.023390116594941415,353640.0,509820.0,781296.0,1644756.0,0.52,0.8645694669227261,0.75,0.4416355615880556,0.5324938213487114,0.6197412123363228
2022,4934,太極,569212.0,-0.034842905630942424,-0.09,2250000.0,-0.81,-0.68,-0.3152785908354516,-0.49873838029971695,200716.0,193432.0,216278.0,610426.0,0.11,1.5818973910601357,0.8395061728395061,-0.03629008150820068,0.11810868935853436,-0.1495351117774045
2022,5876,上海商銀,10290306.0,0.35137662572910855,0.81,44816031.0,0.8,0.81,0.3880165354155869,0.3611811585386254,4730874.0,4582566.0,3765695.0,13079135.0,1.29,0.9308396049456519,1.0125,-0.03134896427171807,-0.17825624333615708,0.9545382846357745
2022,8341,日友,943254.0,0.20777966486227464,1.76,1115000.0,2.09,1.97,0.2814121693511475,0.2678816083939951,291676.0,312497.0,306184.0,910357.0,1.69,0.9519190623904082,0.9425837320574163,0.07138400142624013,-0.020201793937221768,1.6148788022010565
2022,1309,台達化,5015395.0,0.03180965806282456,0.43,3975868.0,1.57,0.71,0.0973667101297787,0.0688568494824224,1586565.0,1529912.0,1497170.0,4613647.0,0.03,0.707190880647442,0.4522292993630573,-0.0357079602789675,-0.021401230920471193,0.26104059929339246
2022,2493,揚博,920401.0,0.14893073779798152,1.2,1144373.0,0.77,0.48,0.13373341678632353,0.07837399755094529,264948.0,266951.0,273795.0,805694.0,1.36,0.5860464754009063,0.6233766233766234,0.007559974032640415,0.025637663840929692,0.6144958103161265
2022,2727,王品,3523380.0,-0.06365677275797671,-2.98,769879.0,-2.78,-1.45,-0.05710554492464577,-0.028853358619764586,1635548.0,1856194.0,1596733.0,5088475.0,3.77,0.505263694757459,0.5215827338129496,0.13490646560052033,-0.13978118666475592,-2.1258268219740266
2022,6416,瑞祺電通,1255429.0,0.10532893536791009,1.81,731889.0,0.58,0.62,0.03811049082492102,0.04241443585017538,371382.0,421679.0,550129.0,1343190.0,1.9,1.1129333401930355,1.0689655172413794,0.1354319810868594,0.30461559622366785,2.151340123942377
2022,3705,永信,1955411.0,0.1401889423757972,1.03,2664230.0,0.71,0.65,0.0978290152119528,0.08588278348840345,537095.0,556860.0,531024.0,1624979.0,0.96,0.8778866198574413,0.915492957746479,0.03679982126067083,-0.0463958625148152,0.7506339928273651
2022,4426,利勤,345212.0,-0.10198660533237547,-0.21,1726773.0,-0.68,-0.57,-0.6924487285149484,-0.91808300577608,140625.0,120036.0,119683.0,380344.0,0.13,1.3258497964824563,0.838235294117647,-0.1464106666666667,-0.0029407844313372733,-0.2978370919601078
2022,3028,增你強,10706168.0,0.01976682973777359,0.98,2176559.0,1.15,1.2,0.023721320331346836,0.023604373232550054,2988118.0,2676060.0,2917276.0,8581454.0,0.65,0.9950699582838043,1.0434782608695652,-0.10443295746687375,0.09013848717891237,0.7754986945610074
2022,2347,聯強,103353405.0,0.02300497017974396,1.42,16679470.0,2.0,5.01,0.03453973076682112,0.08218694642958252,32768594.0,35920894.0,40305498.0,108994986.0,5.01,2.3794900714319214,2.505,0.0961988176850066,0.12206277494095774,3.57708981760413
2022,2642,宅配通,1140680.0,0.061860469193814216,0.74,954670.0,0.83,0.6,0.07000089139381338,0.0493614717484324,379005.0,401898.0,366112.0,1147015.0,0.34,0.705154902538783,0.7228915662650602,0.06040289705940549,-0.0890424933689643,0.5240992780017529
2022,2007,燁興,2229822.0,-0.0594993681109972,-0.25,5306516.0,0.02,0.02,0.0044849621187497074,0.005356551519688057,481612.0,447886.0,503928.0,1433426.0,-0.51,1.1943359559927178,1.0,-0.07002732490054231,0.12512558999388235,-0.19195731215775091
2022,3023,信邦,7476617.0,0.10141003611660193,3.23,2355231.0,2.73,2.84,0.09970218464176635,0.09898680791719597,2655190.0,2737848.0,2787831.0,8180869.0,3.58,0.9928248640976047,1.0402930402930401,0.031130728874393165,0.018256309334922838,3.4971922863346467
2022,3045,台灣大,41348937.0,0.0724004343811789,1.06,35192336.0,1.01,1.0,0.0739160526869623,0.07588187124123842,13336886.0,13546599.0,13584708.0,40468193.0,1.0,1.0265952859063165,0.9900990099009901,0.01572428526419145,0.002813178422126361,0.8546851429036161
2022,4155,訊映,435893.0,0.12334678464669081,0.57,949337.0,-0.01,0.17,-0.000552394263086087,0.04947733838901812,84005.0,118701.0,105665.0,308371.0,0.48,-89.56888529689057,-17.0,0.41302303434319376,-0.10982215819580288,-35.88708008210075
2022,8028,昇陽半導體,730043.0,0.12698430092474006,0.6,1403525.0,0.31,0.37,0.057837865317050575,0.07797149978066989,266695.0,275108.0,282246.0,824049.0,0.81,1.3481047295444344,1.1935483870967742,0.03154539830143044,0.02594617386626341,1.005093694961141
2022,8940,新天地,111332.0,-0.46587683684834547,-0.76,674910.0,-1.0,-1.38,-0.6427575214186093,-2.3754587155963303,48444.0,33790.0,92919.0,175153.0,-0.38,3.695730717166144,1.38,-0.30249360085872345,1.749896419058893,-4.468308551197536
2022,3058,立德,1243170.0,-0.04238599708808932,-0.34,1585764.0,-0.87,-0.34,-0.11445250756232925,-0.041033566231033804,464460.0,351538.0,421467.0,1237465.0,-0.07,0.3585204649945087,0.39080459770114945,-0.24312534986866463,0.19892301827967396,-0.1185852640785302
2022,1470,大統新創,209306.0,-0.028948047356501964,-0.07,857670.0,0.34,0.15,0.12556715450482722,0.052342649733729145,70402.0,84491.0,71475.0,226368.0,0.15,0.41684985170000743,0.4411764705882352,0.200122155620579,-0.1540519108544105,-0.03184884888118109
2022,2413,環科,1228873.0,0.03533806992260388,0.35,1273592.0,-0.29,0.11,-0.037967749170783036,0.014131059261774985,411995.0,442168.0,460465.0,1314628.0,0.8,-0.37218585695485806,-0.37931034482758624,0.0732363256835642,0.04138019938123061,-0.13576106845298325
2022,6209,今國光,935511.0,0.01213240678089301,0.06,1742286.0,-0.41,-0.37,-0.07915415545174717,-0.06765293900201258,293524.0,300256.0,296108.0,889888.0,0.2,0.8546985135007119,0.9024390243902439,0.02293509219007639,-0.013814877970798278,0.05296339491174794
2022,2360,致茂,4935863.0,0.336469427939957,3.95,4224870.0,1.14,1.89,0.10821984862506878,0.18542620886563835,2056033.0,2311564.0,2292980.0,6660577.0,4.11,1.7134214399805117,1.6578947368421053,0.12428351101368507,-0.0080395783980024,9.088836896430912
2022,2535,達欣工,4414259.0,0.07184648657906118,0.98,3384925.0,1.29,0.67,0.10523288591317932,0.06383843729772531,1324551.0,1529560.0,1671111.0,4525222.0,0.59,0.6066396140688775,0.5193798449612403,0.15477622228211674,0.09254360731190658,0.5826760149278283
2022,8131,福懋科,2699094.0,0.2539026058373662,1.55,4422222.0,0.81,0.93,0.1453296412636218,0.16895188823800392,883997.0,906043.0,880736.0,2670776.0,1.42,1.1625425258673305,1.1481481481481481,0.02493899866176008,-0.02793134542179565,1.7826781055929855
2022,1438,三地開發,455699.0,0.8766422572794762,5.61,712058.0,-0.07,0.31,-176.04761904761904,232.13235294117646,0.0,0.0,1.0,1.0,-0.31,-1.3185770656653248,-4.428571428571428,,inf,-1.623351433790223e-05
2022,2543,皇昌,2087894.0,0.0890567241440418,0.78,2374837.0,0.06,0.11,0.006997457711114879,0.011624593758646178,633839.0,717050.0,727784.0,2078673.0,-0.01,1.661259594349742,1.8333333333333335,0.13128097198184396,0.014969667387211505,1.2949606943785341
2022,3704,合勤控,6228595.0,0.011860780802091,0.17,4425928.0,0.83,0.98,0.06035283422964384,0.06765116563309402,2668282.0,2991409.0,3001299.0,8660990.0,1.81,1.1209277326675309,1.180722891566265,0.12109926911773194,0.003306134333352695,0.2601681246324123
2022,2483,百容,630282.0,0.10732656176124337,0.62,1090938.0,1.01,0.2,0.21204909459057453,0.036208960760838405,190205.0,184960.0,161109.0,536274.0,0.42,0.17075744101030402,0.19801980198019803,-0.027575510633264133,-0.1289522058823529,0.09008936521108435
2022,2701,萬企,54637.0,1.6239178578618885,0.2,4499678.0,0.06,0.09,0.48041100318119184,0.7602109959760649,20132.0,19414.0,16392.0,55938.0,0.2,1.5824179524242572,1.5,-0.03566461355056627,-0.15566086329452977,0.3194557849841079
2022,8101,華冠,73835.0,0.9900995462856369,0.36,2080888.0,-0.81,-0.3,-0.9821226324685055,-0.3182413928511324,14743.0,17866.0,22742.0,55351.0,-1.36,0.3240342726358439,0.37037037037037035,0.21182934273892684,0.27292063136684197,0.08533880842637147
2022,2511,太子,3628428.0,0.12117589214943772,0.27,16233261.0,0.47,-0.26,0.28557233659768294,-0.17619921616987283,1006171.0,507511.0,544686.0,2058368.0,0.11,-0.6170037975985888,-0.5531914893617021,-0.4956016422655791,0.07324964385008403,-0.09480283247873743
2022,2025,千興,424960.0,-0.15735833960843373,-0.24,2811673.0,0.03,0.46,0.034817751169252835,0.15137362796155113,51322.0,6212.0,11013.0,68547.0,1.34,4.347599223904716,15.333333333333334,-0.8789602899341413,0.7728589826142949,-0.16678727336001306
2022,2227,裕日車,4087202.0,0.054665025119874186,0.74,3000000.0,2.31,2.41,0.11273551383092095,0.13661385092034345,2491666.0,833180.0,1856533.0,5181379.0,3.11,1.2118084734614762,1.0432900432900434,-0.665613288458405,1.2282495979260184,1.1441096345646342
2022,1463,強盛,117740.0,-0.3204773229148972,-0.23,1732684.0,0.03,-0.02,0.03382754142370281,-0.03243527845661719,43449.0,37194.0,44659.0,125302.0,0.28,-0.9588423246712791,-0.6666666666666667,-0.14396188634951324,0.20070441469054146,0.2222199974395423
2022,2482,連宇,366827.0,0.1035474487973895,0.54,751713.0,0.04,0.31,0.009820097405824471,0.0844453304787619,85375.0,114766.0,107942.0,308083.0,0.77,8.599235525777566,7.75,0.34425768667642753,-0.0594601188505306,3.649344987938027
2022,6412,群電,10270487.0,0.07516586117094545,1.95,3953884.0,1.68,2.09,0.0685292676182338,0.08094609049581866,3535141.0,3514327.0,3751354.0,10800822.0,2.44,1.181190071178888,1.244047619047619,-0.005887742525687134,0.06744591496465757,2.4253438027052416
2022,2324,仁寶,265649844.0,0.0075945574430678,0.46,44071466.0,0.57,1.0,0.009452285028093784,0.012918535166325785,97630554.0,88842373.0,104559420.0,291032347.0,0.47,1.3667102851775756,1.7543859649122808,-0.09001465873070846,0.17690935607944636,0.6854293524849684
2022,2385,群光,28651801.0,0.062267359737700256,2.5,7518464.0,1.87,2.25,0.05230343447881856,0.058362467947536634,10302508.0,10261684.0,10096600.0,30660792.0,2.97,1.1158438930271743,1.2032085561497325,-0.003962530288741384,-0.01608741801053315,2.833466852630087
2022,1477,聚陽,7341020.0,0.09998896611097641,3.04,2418566.0,2.25,3.26,0.09009680307885187,0.09440650304589208,3718403.0,3261778.0,2427157.0,9407338.0,4.59,1.0478341053152398,1.448888888888889,-0.12280137467617147,-0.25587915547900564,4.075242085524925
2022,6112,邁達特,3025117.0,0.03218619312905914,0.52,1883573.0,0.48,0.71,0.03261690121065957,0.04250919081345216,1099635.0,1030595.0,1078261.0,3208491.0,0.73,1.30328722949192,1.4791666666666667,-0.06278446939211646,0.04625095211989194,0.714542592932244
2022,2458,義隆,4148548.0,0.18898178350593992,2.75,3038804.0,4.53,4.7,0.26211887265414274,0.2738787267305806,1076225.0,843824.0,899145.0,2819194.0,1.83,1.0448645836042283,1.0375275938189845,-0.2159409045506283,0.06555987978535804,1.8319019505015297
2022,1731,美吾華,290459.0,0.15644548800347036,0.34,1329152.0,0.4,0.34,0.1732317673637259,0.1321066303083017,105362.0,103953.0,98291.0,307606.0,0.34,0.7626004878823649,0.85,-0.013372942806704535,-0.05446692255153773,0.27610881643033586
2022,1101,台泥,25177833.0,0.008104192286921596,-0.04,69368513.0,1.25,0.59,0.2691763568495238,0.1482243951884706,10102468.0,10689860.0,10404901.0,31197229.0,0.22,0.5506590434736127,0.472,0.05814341604447537,-0.026656944057265486,0.020069943450925307
2022,2107,厚生,524388.0,0.412017437469965,0.63,3423260.0,0.44,0.6,0.26278630938276687,0.36117839297629867,116397.0,162774.0,107742.0,386913.0,0.94,1.374418605842273,1.3636363636363635,0.39843810407484725,-0.3380883924951159,0.6400413887189832
2022,3494,誠研,156965.0,-0.34445895581817604,-0.45,1200000.0,-0.15,-0.67,-0.2532421598679557,-0.3757605778543387,55959.0,53909.0,47548.0,157416.0,-0.13,1.4837994512851493,4.466666666666667,-0.03663396415232578,-0.11799513995807753,-0.6704714870369171
2022,5285,界霖,1682483.0,0.10236240128429232,1.69,1020409.0,1.54,1.11,0.08887081500861527,0.06819457813239904,557922.0,547000.0,500398.0,1605320.0,1.02,0.7673450291390729,0.7207792207792209,-0.019576213162413425,-0.08519561243144425,1.2357154748978227
2022,8210,勤誠,2781851.0,0.099530492467066,2.31,1207697.0,1.48,1.8,0.0759982516749792,0.0813264269224563,1020710.0,1024998.0,983956.0,3029664.0,3.65,1.0701091818567623,1.2162162162162162,0.004200997344985247,-0.04004105373864142,2.67190321374626
2022,3711,日月光投控,160439020.0,0.09965250971989233,3.7,43599280.0,2.38,3.29,0.08075521152436539,0.09409150972580088,58167105.0,63806883.0,66651569.0,188625557.0,4.03,1.1651447374069681,1.3823529411764706,0.0969582034381804,0.04458274509350346,5.023302554081315
2022,2340,台亞,1328448.0,0.10628041142747024,0.33,4386228.0,0.5,0.62,0.13223371015154625,0.13643100940388977,363382.0,354487.0,340961.0,1058830.0,0.24,1.0317415222452218,1.24,-0.02447837262164887,-0.038156547348703884,0.26470318734121234
2022,2534,宏盛,987834.0,0.24419386253155895,0.51,4742280.0,0.31,0.51,0.17859831348403596,0.23536411370213553,465493.0,290440.0,237262.0,993195.0,0.51,1.3178406285632345,1.6451612903225807,-0.37605936072078416,-0.18309461506679525,0.6739768335326807
2022,1727,中華化,555350.0,0.06072926982983704,0.31,1082500.0,0.57,0.35,0.13417487444166148,0.07490930215783861,192762.0,192152.0,198647.0,583561.0,-0.09,0.5582960481204607,0.6140350877192983,-0.003164524128199564,0.033801365585578,0.18277675725672485
2022,3706,神達,11547189.0,0.04561672975128406,0.44,12065568.0,2.46,6.53,0.24484335764677748,0.8399207791614638,4046413.0,3822003.0,4476631.0,12345047.0,7.17,3.430441353337316,2.6544715447154474,-0.055458995411491574,0.17127877712288564,1.6011024525346342
2022,2457,飛宏,3391967.0,0.020633750269386464,0.18,3752084.0,-0.33,-0.04,-0.039471643049155826,-0.005047151058314648,1180373.0,1346161.0,1277196.0,3803730.0,0.07,0.1278677721124809,0.12121212121212122,0.14045390736656982,-0.051230870601659095,0.0267470812875961
2022,1597,直得,451641.0,0.20074351088585846,1.13,892619.0,1.03,1.21,0.1699903423859003,0.198554018940888,147964.0,138345.0,134996.0,421305.0,0.82,1.168031172560053,1.174757281553398,-0.06500905625692732,-0.024207596949654797,1.1066911457735724
2022,2496,卓越,155352.0,0.07184329780112261,0.59,191004.0,0.47,1.23,0.057258265465370946,0.13336850979874856,63384.0,71933.0,63407.0,198724.0,1.68,2.32924467262125,2.617021276595745,0.13487630947873286,-0.11852696259018813,1.7410419207944603
2022,2010,春源,6567063.0,0.0348326184780015,0.36,6476554.0,0.58,0.51,0.05563798032608778,0.047114678792499726,2053870.0,2040228.0,2053172.0,6147270.0,0.12,0.8468078552881688,0.8793103448275863,-0.006642095166685347,0.006344388960449532,0.2799685826540975
2022,1560,中砂,1858122.0,0.20937322737688913,2.72,1431260.0,0.98,1.13,0.09294588071132011,0.10438067044355108,618058.0,617552.0,579720.0,1815330.0,2.43,1.1230263207440703,1.1530612244897958,-0.0008186933912350813,-0.061261237920045564,2.982278059102126
2022,2706,第一店,70659.0,1.815564896191568,0.26,4999984.0,0.04,0.11,0.3463696737768778,1.105218253968254,24195.0,23681.0,23422.0,71298.0,0.23,3.1908632240136776,2.75,-0.02124405868981194,-0.010937038131835664,0.826092536819566
2022,1452,宏益,510259.0,0.08299902598484299,0.32,1326414.0,0.82,0.37,0.22108867788848396,0.0971104659752976,135987.0,134402.0,133017.0,403406.0,0.33,0.4392376258375367,0.45121951219512196,-0.011655525895857721,-0.010304906176991424,0.11087555008726008
2022,4722,國精化,1178135.0,0.09457999295496695,1.12,1000092.0,1.16,0.83,0.09799304806630546,0.06926855876816987,378792.0,285783.0,269990.0,934565.0,0.93,0.7068721724147246,0.7155172413793104,-0.24554108851295697,-0.05526220943863003,0.6247549726582746
2022,3005,神基,7486275.0,0.03496999509101656,0.44,6011339.0,4.11,1.05,0.31633927796009265,0.08390265835059596,2964559.0,2937045.0,3138858.0,9040462.0,1.21,0.2652299736271782,0.2554744525547445,-0.009280975686434267,0.06871294106831871,0.1394882348318898
2022,6533,晶心科,140138.0,0.5130086058028515,1.42,506509.0,1.41,0.99,0.2898731735545161,0.22830701042512017,68706.0,86077.0,116354.0,271137.0,5.77,0.7876100006963312,0.7021276595744681,0.2528309026868105,0.3517432066638011,2.162905237938415
2022,6655,科定,602445.0,0.20082165176904115,1.73,740282.0,1.54,2.31,0.19376840048068028,0.2720014182481259,208228.0,228988.0,210244.0,647460.0,1.57,1.4037449737592578,1.5,0.0996984075148395,-0.08185581777211037,2.465553906946697
2022,1533,車王電,782007.0,0.0378564386252297,0.3,985475.0,0.29,0.46,0.03952650496582316,0.06228079411157435,370906.0,245523.0,281736.0,898165.0,0.22,1.5756716705771436,1.5862068965517244,-0.338045219004276,0.14749331019904455,0.543645750560041
2022,3501,維熹,1553132.0,0.11754120061913605,1.54,1182579.0,0.83,1.02,0.0724255333000907,0.07849133140120707,515250.0,625417.0,556599.0,1697266.0,2.82,1.0837522048471926,1.2289156626506026,0.2138127122755944,-0.11003538439153393,1.8282680312244795
2022,8163,達方,7753690.0,0.036934930336394674,1.02,2800000.0,1.11,1.08,0.04117250768618042,0.04361925895604652,2446067.0,2612800.0,2513602.0,7572469.0,1.21,1.059426821618819,0.9729729729729729,0.06816370933420868,-0.03796616656460505,1.058248644361801
2022,6226,光鼎,295113.0,0.04428134307875289,0.11,1165398.0,0.15,0.08,0.07005882352941177,0.034325147875963434,69799.0,67205.0,71810.0,208814.0,0.07,0.48994753475346625,0.5333333333333333,-0.03716385621570506,0.06852168737445141,0.03887368452500718
2022,4133,亞諾法,102944.0,0.18323554553932234,0.31,605536.0,0.12,0.21,0.05566822798461216,0.11303695787078535,30430.0,42019.0,29153.0,101602.0,0.44,2.0305470815782223,1.75,0.380841275057509,-0.3061948166305719,0.6242881315728369
2022,3694,海華,2270922.0,0.005191283540341764,0.08,1528658.0,0.37,0.81,0.019382014955275615,0.040133093602245255,978354.0,1091212.0,1062725.0,3132291.0,1.28,2.070635777283898,2.1891891891891895,0.11535497376205339,-0.026105834613255774,0.2202572602927826
2022,2428,興勤,1899772.0,0.21447521070949566,3.18,1281127.0,3.39,2.94,0.22176926545510933,0.19675636462323726,598600.0,645334.0,643760.0,1887694.0,3.12,0.8872120499630947,0.8672566371681415,0.07807216839291686,-0.0024390470671001863,2.803780081756287
2022,3130,一零四,552231.0,0.24179917462076558,4.02,331907.0,2.67,2.57,0.19348746208423973,0.1859203183088536,194456.0,190253.0,196824.0,581533.0,3.64,0.960890779723538,0.9625468164794008,-0.02161414407372364,0.034538220159471944,4.07086586651768
2022,3443,創意,5380703.0,0.1413369219598257,5.67,1340119.0,1.64,3.11,0.06655948173145175,0.11648570150176353,1940034.0,2014285.0,2107524.0,6061843.0,7.9,1.7500992867064324,1.8963414634146343,0.038273040575577566,0.046288881662724046,11.188700178055953
2022,9931,欣高,316265.0,0.14889412359888068,0.43,1104306.0,0.3,0.51,0.11539760638760921,0.2107065861910878,86467.0,97643.0,93146.0,277256.0,0.5,1.8259181692499333,1.7000000000000002,0.1292516220060833,-0.04605552881414954,0.6825750184843083
2022,1326,台化,107791185.0,0.058529220176956026,1.07,58611863.0,2.12,1.63,0.12937971314240904,0.10444342422022586,31249506.0,28666166.0,30822873.0,90738545.0,0.43,0.8072627592338557,0.7688679245283018,-0.08266818681869725,0.07523527910917704,0.7314656579935266
2022,2616,山隆,4777718.0,0.03205840110278589,1.13,1372818.0,0.49,1.48,0.01456888918698447,0.041957183936336295,1576509.0,1519762.0,1450509.0,4546780.0,0.14,2.8799164711761236,3.020408163265306,-0.035995354292300275,-0.04556831924998783,3.057825697889325
2022,5880,合庫金,12231317.0,0.38649860844911466,0.32,140089354.0,0.39,0.44,0.3877312630062382,0.40652547301163944,6505321.0,4795374.0,3957459.0,15258154.0,0.42,1.0484722584907962,1.1282051282051282,-0.2628535932354452,-0.17473402491651324,0.44136891167567166
2022,2855,統一證,1676488.0,0.23739149937249773,0.28,14558313.0,1.49,0.15,0.478575228941602,0.1608718810177408,597285.0,485770.0,954956.0,2038011.0,0.46,0.33614752976981005,0.10067114093959731,-0.18670316515566265,0.9658603866027131,0.11170961601179476
2022,2520,冠德,4694939.0,0.09499803937814741,0.82,5541701.0,2.76,0.68,0.14449168458701608,0.12226015613380936,1525880.0,1546557.0,1266636.0,4339073.0,0.6,0.846139737959672,0.24637681159420294,0.013550869006737187,-0.18099623874192805,0.6293766125526123
2022,1437,勤益控,172103.0,0.5425471955747431,0.46,2033713.0,0.49,0.5,0.7101772274478251,0.561217287735589,123460.0,67184.0,61981.0,252625.0,0.57,0.790249625086465,1.0204081632653061,-0.4558237485825368,-0.07744403429387947,0.5325844513613125
2022,2006,東和鋼鐵,16226219.0,0.08225711732351203,1.83,7302138.0,1.37,1.31,0.10050409489223122,0.09665939056113482,4827238.0,5029584.0,4690839.0,14547661.0,0.74,0.9617457941866049,0.9562043795620437,0.04191755202457381,-0.06735050055829672,1.5760751352867388
2022,6674,鋐寶科技,674468.0,-0.013797541173191315,-0.14,684049.0,0.26,0.23,0.023809426466880626,0.021413232099650875,236304.0,255536.0,150528.0,642368.0,0.17,0.8993594251183284,0.8846153846153846,0.0813866883336718,-0.4109323148206123,-0.11652837087634423
2022,8110,華東,2428567.0,-0.005084068094477113,-0.02,5217219.0,-0.04,0.04,-0.009083145718500116,0.008275017713644627,892092.0,889037.0,833390.0,2614519.0,0.52,-0.9110299416192859,-1.0,-0.003424534689247305,-0.06259244553376297,0.023211154605483623
2022,6201,亞弘電,703135.0,0.09847184395599708,0.77,892000.0,0.59,1.26,0.05838661743764958,0.10536221780825646,227171.0,284184.0,242753.0,754108.0,1.1,1.804561086635505,2.135593220338983,0.25096953396340194,-0.1457893477465304,1.5022850735822981
2022,5258,虹堡,1598132.0,0.09188289828374627,1.65,895426.0,0.55,0.58,0.05120454736475107,0.04242892539505761,616095.0,634941.0,760606.0,2011642.0,2.53,0.8286163549658765,1.0545454545454545,0.03058943831714256,0.197916026843439,1.710445263099379
2022,3701,大眾控,3113404.0,0.04428721746358648,0.65,2136349.0,0.43,0.58,0.03593037413207939,0.04066334266045379,899239.0,1022756.0,1008516.0,2930511.0,0.65,1.1317261131480594,1.3488372093023255,0.13735725430058077,-0.013923164469335836,0.6875287850632769
2022,2607,榮運,4681133.0,0.29447806759602857,1.29,10671411.0,0.21,0.3,0.12987824944318394,0.18596297319701574,1686328.0,1793321.0,1481921.0,4961570.0,0.88,1.4318253748743852,1.4285714285714286,0.0634473246011451,-0.17364431688470716,1.960380101089613
2022,1514,亞力,1972675.0,0.07564804136515138,0.66,2397430.0,0.4,0.41,0.06254357550178902,0.07315736726599607,497977.0,581803.0,692853.0,1772633.0,0.47,1.1697023503861472,1.025,0.1683330756239747,0.19087216807063556,0.6542533349851053
2022,2852,第一保,1739695.0,0.0979453294974119,0.57,3011638.0,0.38,0.94,0.07273294804008389,0.16174985594723962,640231.0,631312.0,579184.0,1850727.0,0.82,2.2238869770285894,2.4736842105263155,-0.013930909312420026,-0.08257089996705269,1.338554430222993
2022,2424,隴華,22213.0,-1.846531310493855,-1.2,409570.0,-2.18,-1.55,-16.688882421420256,-7.8969971481295085,7629.0,2429.0,5576.0,15634.0,-1.26,0.47318909371628604,0.7110091743119266,-0.6816096473980863,1.2955948950185263,-0.33352882375657555
2022,6153,嘉聯益,2606412.0,-0.04937016864563239,-0.23,5561777.0,-0.42,0.24,-0.07512240705064611,0.03421754332039805,1547536.0,1824237.0,2051828.0,5423601.0,1.34,-0.45549050761018917,-0.5714285714285714,0.17880101012189709,0.12475955700931407,0.21928963355327571
2022,3026,禾伸堂,3835639.0,0.09455738665708634,2.29,1579908.0,3.68,3.24,0.13194757795441442,0.1197742987066647,1193913.0,1157585.0,1283024.0,3634522.0,1.17,0.9077415482991634,0.8804347826086957,-0.03042767772861177,0.10836266883209444,1.9745729292357035
2022,1233,天仁,406911.0,0.007377534645168108,0.03,905919.0,-0.17,0.22,-0.040497614975193615,0.046522236492129325,148964.0,158102.0,150985.0,458051.0,0.09,-1.1487648475256143,-1.2941176470588234,0.06134368035229998,-0.04501524332393014,-0.04285158226250788
2022,9943,好樂迪,394367.0,-0.04302084099328798,-0.11,1473176.0,-0.61,-1.67,-0.2712008830289835,-17.665779440328034,197756.0,212912.0,213401.0,624069.0,1.2,65.13909262765961,2.737704918032787,0.07663989967434626,0.002296723528969702,-11.871308073860959
2022,2355,敬鵬,4347230.0,0.027569969842865458,0.3,3974954.0,0.23,0.8,0.02028052354474731,0.06630658324673873,1355517.0,1474478.0,1397346.0,4227341.0,0.52,3.2694709828589334,3.4782608695652173,0.08776061089606402,-0.052311394269700884,0.9586254462156462
2022,3515,華擎,3617465.0,0.06876721682172461,2.02,1229254.0,6.6,3.35,0.1479325566087904,0.09950242035569613,989566.0,1192075.0,1380203.0,3561844.0,1.47,0.6726201631114346,0.5075757575757576,0.2046442581899539,0.1578155736845417,1.3402462294598185
2022,2886,兆豐金,13030348.0,0.14660774984674238,0.13,139398196.0,0.46,0.53,0.4289541415040054,0.4521014961208193,7120270.0,4861655.0,2807313.0,14789238.0,0.41,1.0539623059370735,1.1521739130434783,-0.3172091788654082,-0.42256021869096017,0.16393460996442055
2022,1456,怡華,230702.0,-0.1466480568005479,-0.36,937200.0,2.27,0.01,0.2518880124372782,0.0009003162153578481,47436.0,36321.0,50058.0,133815.0,-0.3,0.0035742717831085064,0.004405286343612335,-0.2343157095876549,0.3782109523416206,-0.000748404523419159
2022,1342,八貫,619266.0,0.20309366249721444,1.86,678453.0,0.84,1.12,0.12363282480389792,0.14533165875185144,214641.0,212537.0,232050.0,659228.0,1.91,1.1755102981944436,1.3333333333333335,-0.009802414263817227,0.09180989662976335,2.3197366699516406
2022,3550,聯穎,1082128.0,0.01762730471811098,0.22,875500.0,0.43,0.07,0.02886593599790525,0.004833725245956843,324052.0,304493.0,345344.0,973889.0,-0.25,0.1674543048355549,0.16279069767441862,-0.06035759692888798,0.13416071962245435,0.03283488797191636
2022,4545,銘鈺,532851.0,0.10908865705422341,0.76,770000.0,0.21,0.5,0.02471143307967945,0.07714420414637362,243684.0,192080.0,163060.0,598824.0,0.8,3.121802118785671,2.380952380952381,-0.21176605768125933,-0.1510828821324448,2.6484601282124607
2022,1726,永記,2287724.0,0.08970924814356977,1.26,1620000.0,1.26,1.36,0.09372976751030018,0.10087772265066271,791287.0,763776.0,790559.0,2345622.0,1.07,1.0762613130303242,1.0793650793650795,-0.034767410560264445,0.03506656401876995,1.3979703427048706
2022,9944,新麗,748326.0,0.029088926483912092,0.2,1091071.0,0.24,-0.17,0.033852913403032675,-0.03538712275903411,231139.0,179660.0,186979.0,597778.0,-0.25,-1.0453198617718968,-0.7083333333333334,-0.22271879691441077,0.040738060781476015,-0.16659570913250654
2022,2027,大成鋼,32271905.0,0.16946483326596307,2.8,20285505.0,1.44,1.86,0.09183740118397578,0.11669910919790917,8854430.0,9582826.0,9318136.0,27755392.0,0.87,1.2707144114861058,1.2916666666666667,0.08226345456455131,-0.027621288333942395,2.9463822240485755
2022,1905,華紙,6221758.0,0.025931416811775708,0.15,11028353.0,0.37,0.14,0.07107838483947242,0.029572710696267,2079953.0,2046809.0,2036637.0,6163399.0,0.26,0.4160577194185791,0.3783783783783784,-0.015934975453772315,-0.004969686961509345,0.06029613226771929
2022,9939,宏全,6576318.0,0.10560757554607304,2.41,2877859.0,2.52,1.79,0.12252581370951691,0.09347341402606563,2360564.0,2598183.0,2206489.0,7165236.0,2.58,0.7628875189327169,0.7103174603174603,0.1006619604467407,-0.15075689433731188,2.0059336766536
2022,1795,美時,2910432.0,0.11258534815450078,1.25,2627563.0,1.36,1.33,0.10235739728190474,0.11389864542249606,1043645.0,996806.0,3348921.0,5389372.0,7.99,1.1127544119630681,0.9779411764705882,-0.04488020351747957,2.359651727618012,2.569604144178385
2022,2912,統一超,71130619.0,0.03447002197464358,2.36,10396223.0,1.7,1.98,0.027808045596685718,0.031505467775552916,25537871.0,25652734.0,24656273.0,75846878.0,2.58,1.1329623171830483,1.1647058823529413,0.00449775159409338,-0.03884424170928524,2.8491751514971275
2022,3454,晶睿,2114773.0,0.06444237750340108,1.57,865679.0,1.0,-0.25,0.0566544262295082,-0.017805272916090735,850076.0,921507.0,795719.0,2567302.0,2.56,-0.31427858511815515,-0.25,0.0840289574108668,-0.1365024899431041,-0.6006291707434495
2022,6142,友勁,609548.0,0.05042260822773596,0.09,3307792.0,-0.51,-0.65,-0.2698275710234778,-0.39616661776989615,302819.0,360623.0,405765.0,1069207.0,0.25,1.4682214136502214,1.2745098039215685,0.19088630502049075,0.1251778172773228,0.23929876736405464
2022,8103,瀚荃,1060144.0,0.11708881057667637,1.57,789534.0,1.13,1.32,0.08961921270409304,0.08935784503005197,328303.0,294269.0,295300.0,917872.0,1.31,0.9970835754281389,1.1681415929203542,-0.1036664300965876,0.003503597048958529,1.357244972135663
2022,1303,南亞,94732119.0,0.1515045177021745,1.81,79308216.0,2.9,2.92,0.22155810274306506,0.21048582238040583,27970940.0,27507669.0,27109813.0,82588422.0,0.42,0.9500253873562934,1.006896551724138,-0.016562582451644436,-0.014463457445267336,1.4988624571416467
2022,1603,華電,785219.0,0.07272493406298115,0.36,1916880.0,0.31,0.64,0.10785344609810708,0.14935522415394864,214634.0,491483.0,258471.0,964588.0,1.07,1.3847978859951322,2.064516129032258,1.2898655385446856,-0.47409981627034914,0.5067767204014761
2022,6281,全國電,6010618.0,0.03028590404514145,1.83,991729.0,1.83,1.5,0.030476562050134614,0.02789641494356227,2337918.0,1961170.0,1574926.0,5874014.0,1.55,0.9153399552637222,0.819672131147541,-0.1611467981340663,-0.19694570078065643,1.641968897497207
2022,2327,國巨,31322107.0,0.1892375886462555,11.06,5440600.0,12.78,13.88,0.22778947286372783,0.23239127528464046,10410213.0,10175610.0,10181382.0,30767205.0,12.09,1.0202019977616157,1.0860719874804383,-0.02253585013102033,0.0005672387208235374,10.91779217583397
2022,1216,統一,130531027.0,0.03717926006971507,0.85,56820154.0,0.95,1.0,0.045858002689305816,0.045752374692860844,47295432.0,48654713.0,45815778.0,141765923.0,0.97,0.9976966289360525,1.0526315789473684,0.028740217448484318,-0.0583486125999757,0.9254835216253022
2022,6668,中揚光,372256.0,-0.10100844580073928,-0.48,782864.0,-0.5,-1.24,-0.1082247128735321,-0.2720297052340842,130284.0,75657.0,94816.0,300757.0,-0.25,2.51356365853305,2.48,-0.41929170120659487,0.25323499477906863,-0.9753870809991299
2022,6409,旭隼,6346985.0,0.20170805508442197,14.71,872262.0,7.09,7.91,0.15188454798515016,0.15216234495516245,1976858.0,2357898.0,2070496.0,6405252.0,17.29,1.0018290008674184,1.1156558533145275,0.19275031388192776,-0.12188907238565871,14.83905037437051
2022,9926,新海,563335.0,0.18876689713935757,0.59,1795041.0,0.6,0.78,0.21075219178993243,0.2942099986759226,165373.0,157646.0,164721.0,487740.0,0.84,1.395999710262453,1.3,-0.0467246769424271,0.04487903276962313,0.7160200220134968
2022,4164,承業醫,692195.0,0.1607755040125976,0.69,1615349.0,0.47,0.43,0.16615611744814182,0.13986378991410664,216226.0,233463.0,367725.0,817414.0,0.63,0.8417613029370336,0.9148936170212766,0.07971751778232039,0.5750889862633479,0.6848327814943491
2022,2885,元大金,24472936.0,0.21888293255864355,0.41,125015590.0,0.84,0.71,0.3076506219076339,0.30528130706586415,9043816.0,9033189.0,6860946.0,24937951.0,0.65,0.9922986833991153,0.8452380952380952,-0.0011750570776760672,-0.24047354704966317,0.4332623053658794
2022,1413,宏洲,888526.0,0.07497923527280012,0.51,1321124.0,0.19,0.22,0.03317426874839494,0.03966543944717826,219957.0,263208.0,241101.0,724266.0,-0.05,1.1956688404502473,1.1578947368421053,0.19663388753256328,-0.08399060818820092,0.4914806614960966
2022,6283,淳安,512818.0,0.03675378009352246,0.13,1479063.0,-0.34,-0.44,-0.07566284263789545,-0.10882621884352846,153021.0,110372.0,116677.0,380070.0,-0.23,1.4383046558843304,1.2941176470588234,-0.27871337920938954,0.0571249954698656,0.13584067055061022
2022,8070,長華*,5820157.0,0.09259097306137962,0.78,689419.0,0.5,1.03,0.06889299441142886,0.12853369627069436,1891503.0,1855940.0,1765668.0,5513111.0,1.17,1.8657005312193473,2.06,-0.01880145048672932,-0.04863950343222301,13.814146958906576
2022,6443,元晶,1891369.0,0.0076108892553489035,0.04,4496214.0,-0.21,-0.24,-0.06870797140138056,-0.07572068275020719,757068.0,745150.0,773291.0,2275509.0,0.04,1.1020654693450274,1.1428571428571428,-0.01574231112660951,0.03776555056028985,0.0424496761783971
2022,2108,南帝,3436622.0,0.10764814984016281,0.75,4924167.0,5.15,3.0,0.3518078736997023,0.27068525676138433,732110.0,832859.0,950143.0,2515112.0,0.33,0.7694121621406264,0.5825242718446602,0.13761456611711353,0.14082095528774974,0.42304851302220126
2022,1721,三晃,854979.0,0.06127752845391524,0.28,1848841.0,0.08,-0.45,0.02170948936157815,-0.13977776185628332,230167.0,225643.0,196164.0,651974.0,0.04,-6.4385559479655265,-5.625,-0.019655293764962,-0.13064442504309903,-1.3912988544134302
2022,2427,三商電,1067660.0,0.053102111158983195,0.31,1843145.0,0.16,0.28,0.03893238753129021,0.0709650085156888,254536.0,256713.0,232589.0,743838.0,0.33,1.8227756635437207,1.7500000000000002,0.008552817676085178,-0.09397264649628179,0.39062844761483406
2022,3504,揚明光,1258698.0,0.038754331857204824,0.43,1140598.0,0.11,0.3,0.011581200473631478,0.03030836186914841,493551.0,403435.0,441908.0,1338894.0,0.57,2.6170311046903687,2.727272727272727,-0.18258700721911214,0.09536356538227975,1.1905365362113094
2022,3703,欣陸,8241130.0,0.11417463381842054,1.15,8232160.0,0.4,0.22,0.057572817235436106,0.03510736134991403,2009945.0,2084366.0,2118905.0,6213216.0,0.56,0.6097905754090045,0.5499999999999999,0.037026386294152225,0.016570506331421653,0.5254761199230882
2022,3021,鴻名,890341.0,0.044863709522531256,0.43,957900.0,0.26,0.68,0.03156591733177872,0.06820734827880329,356402.0,393648.0,353579.0,1103629.0,0.56,2.1607909430256322,2.6153846153846154,0.10450558638840413,-0.10178890785676542,1.1168911803869268
2022,3545,敦泰,3327292.0,0.026932412304059877,0.45,2163617.0,10.46,9.03,0.3649087957989469,0.29227896337331893,636014.0,745879.0,988424.0,2370317.0,-13.55,0.8009644238182608,0.8632887189292542,0.17273990824101348,0.3251800895319481,0.2363276449486354
2022,2420,新巨,735747.0,0.25829123326360826,1.24,1526487.0,1.0,1.14,0.20852165338154327,0.24351882743133335,231808.0,223732.0,233690.0,689230.0,1.33,1.1678347235514859,1.14,-0.034839177250138076,0.0445086085137576,1.3619529747277082
2022,1418,東華,4446.0,-6.214349977507872,-0.51,568343.0,-0.92,-0.6,-3.439377389404697,-4.119233677842198,427.0,701.0,891.0,2019.0,-0.49,1.1976684182817092,0.6521739130434782,0.6416861826697893,0.2710413694721825,-0.2643979656629476
2022,2337,旺宏,11340048.0,0.25885340167872306,1.59,18558843.0,1.04,2.94,0.16849736129676718,0.36259913102210484,3604068.0,3727862.0,4139594.0,11471524.0,1.35,2.1519573258092426,2.8269230769230766,0.03434840852059384,0.11044722149049502,3.443164338744783
2022,3543,州巧,762035.0,-0.032367279718123185,-0.28,892631.0,0.33,0.27,0.03674456360466057,0.024107835046390077,281091.0,237089.0,230197.0,748377.0,0.36,0.6560925666656253,0.8181818181818182,-0.15654005286544215,-0.02906925247480907,-0.17804090158930574
2022,3338,泰碩,1206708.0,0.06504390457343451,0.89,879081.0,0.54,0.64,0.03791096264765077,0.044168396857159856,405149.0,413297.0,402394.0,1220840.0,0.91,1.165056062217846,1.1851851851851851,0.020111119612784334,-0.02638054474143292,1.0524059254502252
2022,2505,國揚,855202.0,0.24207731038982602,0.55,3800000.0,1.4,-0.07,0.2337688819395646,-0.05288151431453947,270910.0,75144.0,145833.0,491887.0,0.3,-0.22621280418413742,-0.05000000000000001,-0.722623749584733,0.9407138294474608,-0.07088478346595281
2022,1525,江申,361746.0,0.184646132921995,0.91,734001.0,0.94,0.69,0.18473848168311918,0.16540877424828285,152879.0,120687.0,144636.0,418202.0,1.29,0.8953671846887187,0.7340425531914894,-0.21057175936524963,0.19843893708518734,0.9419564923833986
2022,3025,星通,117404.0,0.2118752342339273,0.35,709206.0,-0.02,0.1,-0.011393354552273603,0.06121180477859824,41334.0,29805.0,31418.0,102557.0,0.24,-5.372588424046112,-5.0,-0.2789229205980549,0.05411843650394221,-1.6461017434461727
2022,2636,台驊投控,8006341.0,0.13559964533111943,7.66,1433912.0,13.46,5.78,0.21400988605951318,0.06992945352346744,2237452.0,1996021.0,1612852.0,5846325.0,3.04,0.32675805221456466,0.4294205052005943,-0.10790443772648528,-0.19196641718699348,1.8065305376036038
2022,3029,零壹,2967967.0,0.04724412367118637,0.92,1526477.0,0.93,1.43,0.043709399348930124,0.042031035429505544,952558.0,1623480.0,1179344.0,3755382.0,1.25,0.9616017619911388,1.5376344086021503,0.7043371637212643,-0.2735703550397911,1.1176527819125028
2022,2892,第一金,16897173.0,0.31315883432098374,0.39,132234423.0,0.46,0.42,0.3822280796110875,0.3493035228333545,7321542.0,7045774.0,5457385.0,19824701.0,0.47,0.913861491256128,0.9130434782608695,-0.037665289634342014,-0.22543853947061032,0.4290492690252743
2022,1402,遠東新,69296305.0,0.04444537122145257,0.62,53528751.0,0.71,0.45,0.06012449177892366,0.0386267198856809,22144589.0,21973635.0,23089717.0,67207941.0,0.46,0.6424456780060686,0.6338028169014085,-0.0077198994300594626,0.050791869438078896,0.3585060013839065
2022,1907,永豐餘,20066087.0,0.025868172504185792,0.31,16603715.0,1.02,0.78,0.07521129741048978,0.06574867613653536,6719538.0,6863866.0,6821113.0,20404517.0,0.88,0.8741861714961633,0.7647058823529412,0.021478857623842496,-0.006228705513773192,0.27790139664527175
2022,2032,新鋼,762988.0,-0.045287737159693205,-0.27,1305215.0,0.47,0.44,0.07118738099478089,0.06506941989449697,225368.0,283295.0,297163.0,805826.0,0.1,0.9140583483365898,0.9361702127659575,0.2570329416776118,0.048952505338957675,-0.255572287688124
2022,1219,福壽,4265712.0,0.0315867550364394,0.42,3220139.0,0.15,-0.09,0.0136990042184973,-0.007767192047117381,1321525.0,1352250.0,1486102.0,4159877.0,-0.1,-0.5669895361174943,-0.6,0.023249654754923244,0.09898465520428923,-0.23135874887615912
2022,2062,橋椿,2446566.0,0.1442544366266841,1.7,1999942.0,0.63,0.86,0.04254862894906687,0.05326094933273585,660951.0,503368.0,602798.0,1767117.0,1.16,1.251766523346551,1.3650793650793651,-0.23841858171029318,0.19752944168083797,1.5955132522262334
2022,6491,晶碩,1414719.0,0.24173493110646002,4.89,700000.0,4.22,5.16,0.21371706561358675,0.23883971785849975,457846.0,506432.0,677512.0,1641790.0,6.02,1.117550988138384,1.222748815165877,0.10611865124954689,0.33781435612283595,6.33616275335543
2022,1231,聯華食,2448862.0,0.06314974057337654,0.58,2242333.0,0.85,0.83,0.07228467180015641,0.08315259642190433,987622.0,976319.0,825821.0,2789762.0,1.04,1.1503489515978462,0.9764705882352941,-0.0114446620265648,-0.15414838797565145,0.903791427531474
2022,1304,台聚,17851602.0,0.019830825267110483,0.33,11887635.0,1.22,0.98,0.07358014348310829,0.05665232560148498,5657528.0,5215901.0,5389936.0,16263365.0,0.16,0.7699404067415361,0.8032786885245902,-0.07806006439561586,0.033366239121486396,0.20888768993390486
2022,1103,嘉泥,514786.0,-0.7774240169701585,-0.62,7747805.0,-0.25,1.38,-0.2952299105358402,1.5823568045288567,178825.0,182371.0,205264.0,566460.0,0.41,-5.359744213101208,-5.52,0.019829442192087265,0.12552982656233724,3.0464396807163334
2022,6005,群益證,1456460.0,-0.1806537769660684,-0.12,21709081.0,0.58,0.59,0.3643011375308914,0.3883946244525244,927194.0,959265.0,407609.0,2294068.0,0.11,1.066136183611532,1.0172413793103448,0.03458930924919712,-0.5750819637951974,-0.20352819305988068
2022,6164,華興,247517.0,0.12321173899166522,0.3,1000002.0,0.08,0.12,0.03257384884528782,0.0465469323855797,89999.0,59672.0,64651.0,214322.0,0.1,1.4289663038180778,1.5,-0.336970410782342,0.08343946909773425,0.3773461817338978
2022,3038,全台,1197256.0,0.09786879330736284,0.79,1574076.0,0.41,0.48,0.05741457752705649,0.06542659065611195,426868.0,428169.0,421087.0,1276124.0,1.02,1.1395466704475847,1.170731707317073,0.003047780578539605,-0.016540197912506494,0.9041563347017822
2022,6278,台表科,15380173.0,0.054602506746835686,2.87,2923984.0,3.0,3.83,0.05567582094084331,0.05967794684673646,6109530.0,5858946.0,5378603.0,17347079.0,3.63,1.0718826563894854,1.2766666666666666,-0.041015266313447984,-0.08198454124683863,3.472251622572288
2022,5007,三星,1892851.0,0.15680896171964936,1.01,2949401.0,0.86,0.96,0.13616293265935572,0.14425981413754796,532636.0,597907.0,601643.0,1732186.0,0.91,1.0594646525310125,1.1162790697674418,0.12254335043068809,0.006248463389791459,0.9757039247994472
2022,6426,統新,177320.0,0.16840175953079178,0.78,385090.0,0.37,-0.27,0.10533657074959962,-0.09480119529557979,51114.0,52664.0,43423.0,147201.0,0.91,-0.8999836867761344,-0.7297297297297298,0.03032437297022339,-0.17547090991948955,-0.5793350197934767
2022,2383,台光電,9983283.0,0.10845510439802217,3.25,3329183.0,3.76,5.38,0.1307029971360837,0.1661862053247972,3295478.0,3233476.0,3353900.0,9882854.0,3.93,1.2714796826867676,1.4308510638297873,-0.018814266094326793,0.037242892787823445,4.093588018622735
2022,1809,中釉,656212.0,0.05258971186141064,0.21,1670419.0,0.05,0.04,0.014940509268354748,0.013085470596657586,224533.0,236585.0,261115.0,722233.0,0.23,0.8758383239568487,0.7999999999999999,0.05367585165654942,0.10368366549020447,0.19914831810310193
2022,1904,正隆,11525272.0,0.10755702772134142,1.12,11082745.0,1.04,0.7,0.10008389776218354,0.06945253624616055,3659438.0,3510002.0,3415053.0,10584493.0,0.2,0.6939431596798084,0.673076923076923,-0.04083577860862786,-0.027050981737332336,0.712829083560775
2022,2509,全坤建,50045.0,-0.8624438005794784,-0.19,2245505.0,0.06,-0.05,0.07356427604871447,-0.09378262107360896,15901.0,18293.0,17527.0,51721.0,-0.13,-1.2748391761716766,-0.8333333333333334,0.1504307905163198,-0.04187394085169194,0.25324395793581855
2022,2474,可成,5278554.0,0.6654286382217555,4.86,7297531.0,0.89,2.64,0.06550998806949877,0.20368831671589321,2821398.0,2870083.0,2985095.0,8676576.0,7.03,3.1092711618234867,2.966292134831461,0.01725563001037078,0.0400727086986683,24.599853076659144
2022,2348,海悅,1240036.0,0.13540897199758717,1.05,1471081.0,2.7,3.3,0.2873035203683921,0.3136382728082605,341010.0,417930.0,357168.0,1116108.0,1.43,1.091661781262203,1.222222222222222,0.2255652326911235,-0.14538798363362282,1.121515246041629
2022,1617,榮星,1003584.0,0.030756767744404057,0.21,1577332.0,0.46,0.32,0.05025780654900408,0.039404940671465584,278889.0,248161.0,276154.0,803204.0,0.04,0.7840561173923027,0.6956521739130435,-0.11018003578484625,0.11280176981878709,0.12279780086362854
2022,2316,楠梓電,1403636.0,0.09168901339093612,0.71,1827405.0,0.6,0.96,0.08742870362245427,0.11722129450633112,384907.0,484579.0,337967.0,1207453.0,0.96,1.340764413167225,1.6,0.25895086345532814,-0.302555414081089,0.8122789521650141
2022,1453,大將,23658.0,-2.0148786879702425,-0.48,1036335.0,-0.03,-0.02,-21.026315789473685,-19.37719298245614,30291.0,39629.0,28514.0,98434.0,0.01,0.9215686274509803,0.6666666666666667,0.30827638572513294,-0.2804764187842237,-1.7636871588987009
2022,3356,奇偶,341640.0,-0.06257171291417866,-0.24,898221.0,0.5,0.26,0.1403002849464712,0.07228732954821178,99730.0,132303.0,113044.0,345077.0,0.48,0.515232948926594,0.52,0.3266118520004011,-0.14556737186609525,-0.1238552674705225
2022,6605,帝寶,4152997.0,0.10927578324761612,2.74,1658164.0,1.38,1.8,0.05784666545074428,0.0749853631191866,1599572.0,1533348.0,1378797.0,4511717.0,3.22,1.2962780574281454,1.3043478260869568,-0.041401074787505654,-0.10079316632623514,3.854219692899447
2022,1220,台榮,834118.0,0.02096226193416279,0.1,1770779.0,0.32,0.16,0.07191142663277397,0.036346890861187794,294528.0,314062.0,294321.0,902911.0,-0.09,0.5054397133128565,0.5,0.06632306605823546,-0.062857015493756,0.05402416792795853
2022,1530,亞崴,746070.0,0.15841543018751592,1.22,965942.0,0.72,0.03,0.07265477064725245,0.003055506002236426,327831.0,299268.0,434276.0,1061375.0,1.51,0.042055132443694174,0.041666666666666664,-0.08712720883626013,0.45112741756552666,0.07320391194947212
2022,3686,達能,7452.0,-1.1018518518518519,-0.07,1135136.0,-0.11,-0.53,-0.19786872939717354,-0.799029799029799,582.0,8132.0,5220.0,13934.0,-0.16,4.038181280408084,4.818181818181818,12.972508591065292,-0.3580914904082636,-0.5461814248740975
2022,2405,輔信,496451.0,0.07615454496012698,0.11,3434273.0,0.0,0.05,0.005610523436075141,0.033080253626905795,145978.0,118183.0,149320.0,413481.0,0.11,5.896108269364469,inf,-0.19040540355396018,0.2634642884340388,0.5406074417879314
2022,1321,大洋,1950190.0,0.0018300780949548506,0.02,2272283.0,-0.26,0.65,-0.03490503185793541,0.08685182916684188,474542.0,550848.0,436749.0,1462139.0,0.39,-2.4882323419824277,-2.5,0.16079925486047597,-0.2071333652840711,-0.029301293693792058
2022,6230,尼得科超眾,2843089.0,0.05547065181568357,1.83,863434.0,0.65,1.07,0.024129549096885063,0.03225146061244943,1044790.0,997458.0,1150464.0,3192712.0,2.7,1.336596074918484,1.6461538461538463,-0.04530288383311476,0.15339593246031402,2.7415366052903747
2022,4104,佳醫,1674292.0,0.08372195531006539,0.99,1482064.0,0.96,1.19,0.08631621840343753,0.10652298350914022,562980.0,634672.0,643396.0,1841048.0,1.26,1.2341016031455099,1.2395833333333333,0.12734377775409422,0.01374568280938826,1.2834780109160453
2022,9921,巨大,22744888.0,0.0792333644377585,4.8,3750646.0,4.93,3.41,0.0865268478498784,0.0642310109423518,9163350.0,8711576.0,8004884.0,25879810.0,5.35,0.742324637247745,0.6916835699797161,-0.04930227482307237,-0.08112102792881559,4.058419911503232
2022,6531,愛普*,1538648.0,0.40434069390789834,3.85,807804.0,6.16,-0.88,0.279310268832805,0.33477546354539167,405358.0,382285.0,399510.0,1187153.0,4.33,1.198579146210296,-0.14285714285714285,-0.056920055851864326,0.045058006461148103,7.122211467909339
2022,2008,高興昌,622747.0,0.04956908664353261,0.16,2008523.0,0.07,0.26,0.038281081192316005,0.1090775053642987,227765.0,223797.0,158637.0,610199.0,0.26,2.8493841335441004,3.714285714285714,-0.01742146510657916,-0.29115671791847075,0.42909810900948897
2022,3033,威健,17421017.0,0.031160809957306166,1.29,4223886.0,1.23,1.43,0.02437555366500807,0.027154048944137164,5167770.0,6175847.0,6860159.0,18203776.0,0.88,1.1139869607605146,1.1626016260162602,0.19507002053109956,0.11080455846785076,1.4960225491692982
2022,3296,勝德,745659.0,0.01911731770152308,0.14,967244.0,-0.13,-0.32,-0.01446922120909247,-0.03200987395243405,267669.0,265384.0,202725.0,735778.0,0.28,2.212273452030647,2.4615384615384617,-0.008536662818630525,-0.2361069243059114,0.32171885842499215
2022,8926,台汽電,971182.0,-0.17130877631587077,-0.28,5890486.0,0.41,0.25,0.19225426773217075,0.09719131880273535,201629.0,273218.0,269744.0,744591.0,0.32,0.5055352994198937,0.6097560975609756,0.35505309256108997,-0.012715121258482287,-0.10947066422247843
2022,2450,神腦,6971838.0,0.015792965929500944,0.43,2582527.0,0.42,0.61,0.016382031656701518,0.021417331383572474,2393763.0,2512334.0,2718019.0,7624116.0,0.78,1.307367232122954,1.4523809523809523,0.049533308017543964,0.08187008574496857,0.609545204352252
2022,6191,精成科,5775669.0,0.09691015880584569,1.19,4743030.0,1.25,1.82,0.09430897491383533,0.12684207802564892,2054916.0,2046695.0,2232456.0,6334067.0,1.54,1.3449629596921948,1.456,-0.004000650148229923,0.09076144711351719,1.7406297843549137
2022,2497,怡利電,716765.0,0.11285149246963788,0.68,1187985.0,,0.07,-0.018267836502109062,0.013992237780787111,238981.0,350939.0,331922.0,921842.0,0.99,-0.7659493656608803,1.0,0.46848075788451804,-0.05418890462445036,-0.6707379850408155
2022,2504,國產,5253177.0,0.133768003629042,0.6,11800000.0,0.65,0.65,0.14033328489694444,0.1444231303516598,1832273.0,1819642.0,1750617.0,5402532.0,0.57,1.0291438018978805,1.0,-0.0068936233847248785,-0.03793328577819155,0.6302946910798201
2022,1587,吉茂,702553.0,0.06642061168338902,0.68,686244.0,0.54,0.35,0.056772717701334255,0.04370349761396898,245881.0,230637.0,183167.0,659685.0,0.65,0.7697975257038272,0.648148148148148,-0.061997470321008996,-0.20582126892042474,0.49151574055939556
2022,2630,亞航,1017089.0,0.016237517070777484,0.11,1619285.0,0.27,-0.01,0.035449898283353376,-0.000334865342274238,384986.0,382673.0,366542.0,1134201.0,0.03,-0.009446158056579943,-0.037037037037037035,-0.006008010680907838,-0.04215348352248527,-0.0010743395447439233
2022,2105,正新,24058036.0,0.04771698737170399,0.36,32414155.0,0.49,0.29,0.062176665693391316,0.03918266071570824,8594207.0,9059420.0,8874713.0,26528340.0,0.46,0.6301827265702495,0.5918367346938775,0.0541309977755946,-0.020388391309818954,0.2461018520105984
2022,3037,欣興,35634988.0,0.2253462523966614,5.43,14752603.0,1.24,2.87,0.07605446589032276,0.14976318193318855,11779291.0,12131465.0,13542749.0,37453505.0,5.81,1.9691569742815662,2.314516129032258,0.02989772474421426,0.11633252867646249,11.265604198158174
2022,3312,弘憶股,4762187.0,0.018238469005942018,0.63,1376254.0,0.94,1.05,0.024704496258350184,0.03275280594721738,1589595.0,1580078.0,1697903.0,4867576.0,0.64,1.325783193662443,1.1170212765957448,-0.0059870595969413465,0.07456910355058421,0.8552144607904181
2022,2419,仲琦,3041623.0,0.05551871484401584,0.53,3213172.0,0.06,0.1,0.00836416222843344,0.013891053705802766,937781.0,1018128.0,1206809.0,3162718.0,0.33,1.6607824342025561,1.6666666666666667,0.08567778617822275,0.1853214919931483,0.9075668903403392
2022,2453,凌群,1277876.0,0.021134288459913168,0.27,1000000.0,0.39,0.49,0.031007551362357975,0.03295246572635917,421165.0,446950.0,624526.0,1492641.0,0.58,1.062723893972558,1.2564102564102564,0.061223036102240114,0.3973061863743148,0.33524587490503205
2022,2241,艾姆勒,179046.0,-0.21381097595031445,-0.43,896023.0,-0.32,-0.4,-0.10275544920925711,-0.11184681460272011,50028.0,50098.0,50137.0,150263.0,-0.68,1.08847574959211,1.25,0.0013992164387943706,0.00077847419058652,-0.3902848121998056
2022,1464,得力,3204632.0,0.029819960607021335,0.25,3845657.0,0.01,0.12,0.0016357393968361872,0.019834637412611624,981694.0,1055023.0,1073666.0,3110383.0,0.45,12.125793051738782,12.0,0.07469639215478541,0.017670704809279014,2.924560033426709
2022,8249,菱光,1083144.0,0.06095865369701536,0.59,1490550.0,-0.09,1.23,-0.010696639390874698,0.13364258950987143,389201.0,402047.0,376920.0,1168168.0,2.32,-12.493885661311712,-13.666666666666668,0.033006081690437616,-0.06249766818307312,-5.96886354302535
2022,6504,南六,1534812.0,0.024095459248429124,0.51,726000.0,0.37,0.26,0.01513372628802928,0.013388086237214221,450852.0,513953.0,554107.0,1518912.0,0.49,0.8846523309863313,0.7027027027027027,0.1399594545438414,0.07812776654674658,0.44596813289133047
2022,2312,金寶,41486120.0,0.0061201915242977654,0.17,14930462.0,0.03,0.04,0.0014490075970447248,0.0015853652498247545,15370766.0,16484774.0,18919213.0,50774753.0,0.3,1.0941041669195755,1.3333333333333335,0.07247576340697659,0.1476780330746421,0.22771847044897778
2022,1540,喬福,120819.0,0.23140400102632863,0.32,854736.0,-0.17,-0.03,-0.12790991792483275,-0.0557106717886255,48710.0,52791.0,26267.0,127768.0,0.59,0.4355461460100718,0.1764705882352941,0.08378156436050088,-0.5024341270292285,0.15065902047785687
2022,8374,羅昇,1039831.0,0.042013557972401284,0.39,1122505.0,0.37,0.28,0.04234487558940654,0.03508926032348701,331442.0,294942.0,271371.0,897755.0,0.03,0.8286542311217777,0.7567567567567568,-0.11012484838976355,-0.0799174074902862,0.27844047278846035
2022,1471,首利,74858.0,-1.5470891554676856,-0.77,1504145.0,-0.62,0.22,-1.0000750099120241,0.6129255794445356,14981.0,16873.0,12776.0,44630.0,-0.13,-0.6128796073991032,-0.3548387096774194,0.12629330485281365,-0.2428139631363717,0.28133754633888813
2022,2849,安泰銀,1573927.0,0.297504903340498,0.24,19576094.0,0.34,0.32,0.4260792031169689,0.4185800326603423,460264.0,517200.0,460476.0,1437940.0,0.23,0.9823995858005586,0.9411764705882353,0.12370291832513525,-0.10967517401392113,0.2146826867427336
2022,2363,矽統,60089.0,11.026194478190684,0.97,7495894.0,-0.24,0.64,-2.506518436910545,5.772854592887547,14579.0,11419.0,8902.0,34900.0,-0.22,-2.30313669665362,-2.666666666666667,-0.21675012003566774,-0.220422103511691,-1.182353533998614
2022,9940,信義房屋,3282937.0,0.09548096719492333,0.42,7368465.0,0.67,0.98,0.11965138281872457,0.13510710221505373,1062504.0,919977.0,992430.0,2974911.0,0.27,1.1291729274850508,1.4626865671641789,-0.13414255381626794,0.07875522975030891,0.43528551898672674
2022,2506,太設,228415.0,3.4703719107764375,2.19,3870000.0,-0.14,-0.01,-0.23582776819103504,-0.00937591561675945,64539.0,57775.0,103845.0,226159.0,0.02,0.03975747083848234,0.07142857142857142,-0.1048048466818513,0.7974037213327563,0.08063018917247808
2022,9918,欣天然,464914.0,-0.020993129912198816,-0.06,1805375.0,0.47,0.06,0.19653541164854083,0.029491051340778725,144160.0,115715.0,110479.0,370354.0,0.08,0.1500546445722301,0.1276595744680851,-0.19731548279689237,-0.04524910340059629,-0.006462138341583551
2022,9925,新保,1907058.0,0.20491406134475196,1.02,3874896.0,0.55,1.0,0.11912735365274542,0.20224807738527553,631362.0,639183.0,651019.0,1921564.0,0.54,1.6977467490365468,1.8181818181818181,0.012387505108004682,0.01851738860388963,1.7252000874689197
2022,4960,誠美材,2937525.0,0.07345469400260424,0.33,6752467.0,0.34,0.37,0.08241478279794993,0.08696769355196556,775995.0,605699.0,521815.0,1903509.0,0.36,1.0552438603785155,1.088235294117647,-0.2194550222617414,-0.13849123079285253,0.21850674724332583
2022,2332,友訊,4157001.0,0.0007988932405837766,0.01,5998365.0,-0.33,-0.05,-0.06508436642440416,-0.0068165733340037555,1404034.0,1447895.0,1633066.0,4484995.0,0.0,0.10473441946955483,0.15151515151515152,0.031239271983442007,0.12788979863871353,0.0006256151406482606
2022,2536,宏普,45055.0,-1.146443236044834,-0.16,3328087.0,-0.14,-0.08,-0.8722916901355563,-0.5077575425980928,13657.0,72044.0,11942.0,97643.0,-0.21,0.5820960446375295,0.5714285714285714,4.2752434648898,-0.8342401865526623,-0.1957914163842791
2022,2028,威致,3321663.0,0.09554220280624494,0.97,3257148.0,1.29,1.51,0.1304362381988032,0.1400694424761203,750409.0,847067.0,863779.0,2461255.0,0.19,1.0738537419534802,1.1705426356589148,0.12880709053329586,0.019729254002339935,0.775281647768999
2022,1308,亞聚,2348179.0,0.19684700357170387,0.78,5937438.0,1.59,1.1,0.3951114774101705,0.2764401107126283,969456.0,1082981.0,769148.0,2821585.0,0.76,0.6996509251632094,0.6918238993710693,0.11710175603637496,-0.2897862474041557,0.6544918927360028
2022,1227,佳格,5992214.0,0.026861523970939622,0.18,9150897.0,0.9,0.65,0.11010319939034803,0.06813325725787343,2146094.0,2686715.0,2844061.0,7676870.0,0.53,0.6188126924116085,0.7222222222222222,0.25190928263160894,0.05856445510595654,0.1394473869464217
2022,2345,智邦,18696180.0,0.11087077681109189,3.71,5600484.0,1.72,1.96,0.0683119021776373,0.07206190823341041,6840989.0,6391814.0,7348530.0,20581333.0,4.42,1.0548953540485764,1.1395348837209303,-0.06565936591916754,0.14967832292992256,4.298079148148354
2022,8478,東哥遊艇,1618799.0,0.3341106585808368,6.15,888863.0,4.48,2.02,0.23831271076470273,0.17145775544855962,296568.0,337509.0,592654.0,1226731.0,4.72,0.71946542380548,0.4508928571428571,0.1380492838067493,0.7559650261178221,3.317529317556605
2022,3209,全科,15314120.0,0.02290232804757962,1.52,2165748.0,1.12,1.01,0.018064064172773165,0.016549886382834385,6345141.0,5017486.0,4536401.0,15899028.0,1.4,0.9161773466116775,0.9017857142857142,-0.2092396370703189,-0.09588168257968233,1.5403585817652612
2022,6120,達運,3580899.0,-0.038355172821126764,-0.2,6655551.0,-0.36,-0.24,-0.049865527012007076,-0.028838502294491183,1378852.0,639192.0,927662.0,2945706.0,-0.24,0.5783254288588424,0.6666666666666666,-0.5364317562726093,0.4513041464849372,-0.0981751596459546
2022,6225,天瀚,4813.0,-0.44151257012258466,-0.05,437237.0,-0.07,-0.03,-0.556631455399061,-0.16510416666666666,2781.0,2770.0,3090.0,8641.0,-0.03,0.2966130732735899,0.4285714285714285,-0.003955411722401991,0.1155234657039712,-0.02588096471946497
2022,1419,新紡,713641.0,0.39522953417754864,0.94,3000413.0,0.1,1.02,0.04755320608123555,0.46951418022252017,270399.0,312131.0,349765.0,932295.0,0.88,9.873449529784493,10.2,0.15433489029175407,0.12057117043805321,12.125247651824901
2022,2908,特力,10193431.0,0.008605345933081805,0.18,5098875.0,0.39,0.36,0.01903018629208674,0.016421711611509734,2946815.0,2977229.0,3254232.0,9178276.0,0.29,0.8629296297713238,0.923076923076923,0.01032097366139384,0.09304054206109114,0.13366892729132268
2022,1522,堤維西,5005503.0,0.04470539723979788,0.64,3428979.0,-0.04,0.02,-0.002997777579888869,0.0014605338151655895,1508869.0,1526510.0,1633734.0,4669113.0,0.96,-0.4872055301780371,-0.5,0.011691538496715115,0.0702412693005614,-0.2965799084575204
2022,1604,聲寶,2414212.0,0.08036452473933524,0.53,3872000.0,0.56,3.24,0.08973412399929716,0.5574423654808703,845180.0,714628.0,597829.0,2157637.0,0.6,6.212155873781489,5.785714285714286,-0.1544665041766251,-0.1634402794181028,2.781952801104037
2022,4526,東台,2269277.0,0.0029590922571374055,0.03,2548265.0,0.42,0.46,0.03652626986669023,0.046939251916895616,715290.0,612167.0,876235.0,2203692.0,0.39,1.2850819995638647,1.0952380952380953,-0.1441694976862531,0.4313659507944727,0.032884833833381574
2022,2373,震旦行,2740100.0,0.0713882705010766,0.87,2362025.0,1.49,1.78,0.09867306253020888,0.1185736711709243,1253904.0,1173846.0,1198728.0,3626478.0,2.27,1.201682284206217,1.1946308724832215,-0.06384699307123987,0.02119698836133521,1.3170949253165756
2022,8222,寶一,116630.0,0.014010117465489153,0.03,685735.0,-0.53,-0.22,-0.43691355084543937,-0.16442850934376357,41131.0,47723.0,40439.0,129293.0,0.47,0.3763410611220229,0.4150943396226415,0.1602684106878023,-0.15263080694843156,0.009941274774280594
2022,1521,大億,1169762.0,0.019074820348070804,0.29,762300.0,0.46,0.12,0.02846248292041558,0.007880335512617714,398886.0,371194.0,407598.0,1177678.0,0.72,0.27686746566179943,0.2608695652173913,-0.06942334401307637,0.09807270591658268,0.08158926561841058
2022,6117,迎廣,611359.0,0.029033677430118802,0.2,886500.0,-0.23,0.13,-0.035751011056053224,0.018864510148166726,234013.0,205477.0,191991.0,631481.0,0.74,-0.5276636825344457,-0.5652173913043478,-0.12194194339630704,-0.06563264988295525,-0.10912915679734485
2022,4572,駐龍,173629.0,0.3225037292157416,1.56,358000.0,0.42,0.5,0.14481004458331745,0.14847496643007865,50043.0,59544.0,62586.0,172173.0,1.91,1.0253084781329003,1.1904761904761905,0.1898567232180326,0.05108827085852474,1.590271623614002
2022,2030,彰源,4468695.0,0.08109817295653429,1.29,2805260.0,0.99,1.29,0.07403222219706967,0.0920626023775601,1330411.0,1401283.0,1351359.0,4083053.0,0.02,1.2435477369907195,1.303030303030303,0.053270756179857104,-0.03562735007846385,1.4678626834669115
2022,1734,杏輝,716206.0,0.12175966132648987,0.52,1677221.0,0.03,-0.2,0.008721379378359276,-0.05898134200676612,193219.0,240083.0,276864.0,710166.0,0.4,-6.762845583018553,-6.666666666666667,0.24254343516941912,0.15320118459032916,-3.4866029024730265
2022,1454,台富,501333.0,0.030654275700981184,0.13,1298338.0,0.07,0.04,0.02127425991159989,0.01061597521585901,155473.0,157137.0,141617.0,454227.0,0.18,0.4990056180553947,0.5714285714285714,0.010702822998205574,-0.09876731769093217,0.053515756840880634
2022,4961,天鈺,5397191.0,0.13922853573275432,4.03,1865453.0,10.57,11.03,0.2981523384620731,0.28576390294562243,1459047.0,1434516.0,1298089.0,4191652.0,2.48,0.9584493095698909,1.0435193945127719,-0.016813029326676943,-0.09510315674415626,2.998460364767063
2022,3008,大立光,9675073.0,0.5111918018603063,37.06,1334682.0,22.07,39.22,0.2926852155821965,0.43919509885937275,3885328.0,4441781.0,5102922.0,13430031.0,61.01,1.5005715201081997,1.7770729497054825,0.14321905383535194,0.1488459246414895,77.1862232975474
2022,2615,萬海,75126060.0,0.40121891125396436,8.57,28061464.0,8.57,13.18,0.3955876258575866,0.5025966976585983,23902539.0,21314901.0,18617074.0,63834514.0,7.97,1.270506620547164,1.5379229871645272,-0.10825787168467749,-0.12656999908186295,11.595875900678637
2022,1789,神隆,805538.0,0.14131549349627207,0.14,7907392.0,0.12,0.01,0.1213140584079461,0.013499839505984134,290904.0,189826.0,223986.0,704716.0,0.08,0.11128009138551655,0.08333333333333334,-0.3474617055798477,0.17995427391400542,0.014014839097110387
2022,2492,華新科,9851179.0,0.07719055759721755,1.56,4858043.0,4.82,5.52,0.20060862423265702,0.24477085578323282,2840653.0,2639851.0,2754062.0,8234566.0,1.05,1.22014124128262,1.1452282157676348,-0.07068867616002372,0.04326418422857947,1.596443838510026
2022,2371,大同,6822835.0,0.06446499145882907,0.19,23395367.0,0.36,0.31,0.1116695058820417,0.09178687168826222,2301653.0,2406367.0,2511741.0,7219761.0,3.47,0.8219510864964171,0.8611111111111112,0.045495128935595375,0.043789663006515545,0.1635169817313903
2022,1466,聚隆,722433.0,0.0038854814218065897,0.03,1111573.0,0.5,0.41,0.061628423129831716,0.04620336268364269,228599.0,215180.0,212938.0,656717.0,-0.4,0.749708662613462,0.82,-0.05870104418654498,-0.010419183939027743,0.01720987180069659
2022,6139,亞翔,7609686.0,0.0229939842458677,0.78,2255409.0,0.33,0.17,0.012819456757247636,0.00722921874631885,3067204.0,3350685.0,3180060.0,9597949.0,1.17,0.5639255144124359,0.5151515151515151,0.09242326235881282,-0.05092242332537977,0.5518094105518083
2022,1474,弘裕,820805.0,0.029179890473376748,0.18,1298970.0,0.36,0.26,0.05812193497608525,0.03491088913475973,264396.0,286882.0,240259.0,791537.0,0.2,0.6006491206654443,0.7222222222222223,0.08504667241561892,-0.16251629589866212,0.1068013156219552
2022,6183,關貿,528829.0,0.21678274073471765,0.76,1500000.0,0.65,0.61,0.1985509696627314,0.18275371482769523,160456.0,194869.0,161879.0,517204.0,0.75,0.9204372818633414,0.9384615384615385,0.21447001047016,-0.16929321749482984,0.6880017134946207
2022,2867,三商壽,21548839.0,-0.15779629705340506,-1.09,30995011.0,0.45,-0.34,0.034012730287360925,-0.02627815717969344,9493797.0,11384601.0,9755084.0,30633482.0,0.41,-0.7725976996753583,-0.7555555555555555,0.19916204233142976,-0.14313343085102415,1.2049104968022089
2022,2472,立隆電,2859699.0,0.1298815015146699,2.27,1634951.0,1.54,1.69,0.10057637793860653,0.1011760612671457,880929.0,798569.0,842312.0,2521810.0,2.4,1.0059624669413452,1.0974025974025974,-0.09349221106354766,0.05477673187914878,2.01528605264135
2022,2362,藍天,4810613.0,0.006480255219033416,0.06,6422630.0,0.65,0.84,0.06097165526758236,0.0675854415851482,1714848.0,1925210.0,2119228.0,5759286.0,0.1,1.1084731304823585,1.2923076923076922,0.1226709306014293,0.10077757751102467,0.06441292527773258
2022,3607,谷崧,594690.0,-0.11226353226050548,-0.55,1216622.0,-0.91,0.12,-0.11539743568242042,0.01658553277281392,218180.0,255932.0,282791.0,756903.0,-0.35,-0.14372531481945705,-0.13186813186813187,0.1730314419286827,0.10494584499007553,0.10038215906390915
2022,2330,台積電,534140808.0,0.4437543686046171,9.14,259303805.0,5.18,6.02,0.36103910559923985,0.37682529284301736,186762689.0,218132391.0,208247663.0,613142743.0,10.83,1.0437243140672425,1.162162162162162,0.16796557260963407,-0.04531526911104189,10.951690074704528
2022,2722,夏都,156890.0,0.06577219708075722,0.1,1115229.0,-0.24,0.04,-0.2630425730205628,0.03975658880033051,118711.0,114328.0,78075.0,311114.0,1.02,-0.15114127095016908,-0.16666666666666669,-0.03692159951478802,-0.31709642432300045,-0.027731982650247695
2022,1582,信錦,2803440.0,0.053832791142310876,1.22,1237242.0,0.2,0.6,0.009784542830246143,0.028454656032952226,962758.0,753559.0,740987.0,2457304.0,1.3,2.9081232027512534,2.9999999999999996,-0.21729136501592305,-0.016683497907927558,3.1093093483266157
2022,3019,亞光,4874029.0,0.057678360141066046,1.0,2810839.0,1.36,1.31,0.07324413442688736,0.06847700415642698,1645534.0,1659751.0,1794750.0,5100035.0,1.62,0.9349145114791553,0.9632352941176471,0.008639748555787863,0.08133689933008026,0.9784124968103628
2022,8996,高力,648223.0,0.09519717751452818,0.69,893841.0,0.6,0.53,0.09115309774251928,0.08387072491405917,258753.0,235345.0,269690.0,763788.0,1.03,0.9201083341234252,0.8833333333333334,-0.09046465161756578,0.14593469162293649,0.7484720649204296
2022,6235,華孚,920863.0,0.016659372784008045,0.09,1732813.0,0.18,0.1,0.0465489663497812,0.026450334444351648,365363.0,355633.0,372446.0,1093442.0,0.5,0.5682260320368204,0.5555555555555556,-0.026631049121011108,0.047276265138499474,0.05973430657215565
2022,2022,聚亨,2840785.0,-0.013508590055213612,,4797520.0,0.31,0.23,0.04540561027170056,0.04652356305957202,683525.0,833061.0,764039.0,2280625.0,-0.17,1.0246214681661978,0.7419354838709677,0.21877180790753803,-0.08285347651612551,-0.06579767688332716
2022,3034,聯詠,31461142.0,0.26975292250993305,13.95,6085115.0,16.08,20.16,0.28688638152832746,0.3200117395516725,6865719.0,6527191.0,6170776.0,19563686.0,7.07,1.1154650766163128,1.2537313432835822,-0.049306999019330666,-0.054604653058260455,9.673954264535698
2022,3054,立萬利,7675.0,-10.224625407166124,-0.97,834110.0,1.32,-1.04,6.887325704995936,-10.964086294416244,3012.0,2518.0,2357.0,7887.0,-0.15,-1.5919221427938428,-0.7878787878787878,-0.16401062416998669,-0.06393963463065921,1.5390677661476466
2022,9910,豐泰,24763347.0,0.10429252556207366,2.93,8816811.0,1.93,-0.47,0.08635491368097854,-0.03271657687497265,8494558.0,8780643.0,8606816.0,25882017.0,3.09,-0.3788617865549341,-0.24352331606217617,0.033678621065392766,-0.019796613983736777,-1.1599000691268821
2022,6128,上福,1543615.0,0.08812819258688209,1.07,1275887.0,0.84,0.48,0.08812348419451638,0.05385685826578454,423073.0,436810.0,468330.0,1328213.0,2.24,0.6111521662818669,0.5714285714285714,0.03246957380877524,0.0721595201575056,0.5606860268924994
2022,2887,台新金,14365791.0,0.16239231101162477,0.17,127741476.0,0.73,0.34,0.5270147646887484,0.25224495349683457,4579492.0,6276645.0,5536071.0,16392208.0,0.26,0.4786297659911081,0.4657534246575343,0.37059852926918535,-0.11798883001985938,0.09974030511702053
2022,2617,台航,1003188.0,1.0565766336917906,2.54,4172945.0,0.63,1.16,0.3235463769816518,0.561386014191065,334578.0,329693.0,307881.0,972152.0,0.74,1.7351021495842651,1.8412698412698412,-0.01460048180095519,-0.06615851716596954,4.270881907720378
2022,2388,威盛,2289001.0,-0.07121272555145236,-0.33,4975488.0,-0.99,-0.7,-0.3004032706710216,-0.18358185324007018,585607.0,983557.0,1027509.0,2596673.0,0.41,0.6111180242145725,0.7070707070707071,0.6795513031777285,0.04468678480250765,-0.2271246546688894
2022,5234,達興材料,1048118.0,0.13354316975760364,1.36,1027159.0,1.56,1.85,0.147550930436544,0.16090043979696464,250165.0,252786.0,224624.0,727575.0,0.35,1.090473908371332,1.185897435897436,0.010477085123818286,-0.1114064861186933,1.031518571089581
2022,2514,龍邦,1966873.0,0.02820110907008231,0.15,3947293.0,1.83,-0.6,0.21749903919435631,-0.08013439899386143,678320.0,1072268.0,872736.0,2623324.0,0.45,-0.3684356459260201,-0.32786885245901637,0.5807701379879702,-0.18608407599592636,-0.06905265757369367
2022,2436,偉詮電,663669.0,0.04849103996118547,0.19,1780100.0,1.14,1.01,0.22330158329653693,0.18330088283146187,192134.0,194038.0,220211.0,606383.0,-0.15,0.8208669196404421,0.8859649122807018,0.009909750486639446,0.13488595017470795,0.13559287513049562
2022,1235,興泰,5894.0,3.7488971835765184,0.22,1336292.0,-0.21,1.2,-5.524422268907563,4.1325927191933,3274.0,6974.0,29265.0,39513.0,0.93,-0.7480588047101814,-5.714285714285714,1.1301160659743434,3.1963005448809865,-0.8292355354528835
2022,6196,帆宣,11823579.0,0.04147009970500472,2.52,1950181.0,2.14,2.38,0.050175410387400914,0.053279802955194196,4745747.0,4907330.0,4590512.0,14243589.0,4.23,1.0618707957508364,1.1121495327102802,0.034047959151636276,-0.0645601579677747,3.216260883977265
2022,9917,中保科,3791806.0,0.14856878226364956,1.27,4511971.0,1.4,1.39,0.17794251766059074,0.18043840512249418,1246390.0,1300543.0,1254190.0,3801123.0,1.44,1.014026369272037,0.9928571428571429,0.04344787747013368,-0.03564126676319046,1.2691777093228407
2022,3035,智原,3364742.0,0.19650273334478544,2.66,2485503.0,0.73,1.31,0.10699990283508269,0.14735402570630105,1090051.0,1086262.0,1067391.0,3243704.0,2.41,1.3771416777211054,1.7945205479452055,-0.0034759841512003176,-0.017372420281663192,3.5316214214525967
2022,1776,展宇,372998.0,-0.0017024219969007876,-0.01,703353.0,1.78,0.11,0.32804149930577864,0.02278588895882887,101105.0,126953.0,104345.0,332403.0,0.0,0.06946038536907603,0.06179775280898876,0.25565501211611696,-0.1780816522650115,-0.0005588509597940573
2022,2603,長榮,174999201.0,0.5845353202498336,19.33,52910502.0,7.99,15.24,0.42071988475576205,0.5585250077314766,62799441.0,57442123.0,50197469.0,170439033.0,30.39,1.3275460180726038,1.9073842302878599,-0.08530837081814147,-0.1261209304537717,24.996978820208742
2022,9929,秋雨,122162.0,0.06687840736071773,0.08,1012800.0,0.04,0.02,0.024590702873298703,0.02010823469364778,44423.0,51266.0,43944.0,139633.0,0.14,0.8177169557638746,0.5,0.15404182518064968,-0.14282370381929543,0.07539686732081181
2022,2356,英業達,135746794.0,0.011051001322359038,0.42,35874751.0,0.31,0.79,0.009865541762793213,0.019301093581773926,47109534.0,44375400.0,50967141.0,142452075.0,0.49,1.956414968974724,2.5483870967741935,-0.05803780610523557,0.14854493705972227,0.8585043345132685
2022,3532,台勝科,4050051.0,0.31598910729766116,3.3,3878483.0,0.71,1.1,0.09636587676464588,0.13459812158352732,1382833.0,1394766.0,1426670.0,4204269.0,3.99,1.396740486388724,1.5492957746478875,0.00862938619486231,0.02287408783982392,4.784278330262984
2022,1467,南緯,1574744.0,0.018175017653663073,0.13,2336247.0,-0.15,-0.05,-0.02329061665663881,-0.006827037192907015,522042.0,547415.0,506568.0,1576025.0,0.0,0.2931239345679163,0.33333333333333337,0.04860336907758378,-0.07461797722020769,0.03593937071139497
2022,6257,矽格,5154295.0,0.1914263735389612,2.18,4531775.0,1.55,1.92,0.16279791989617076,0.18315945237486328,1657522.0,1563234.0,1563149.0,4783905.0,2.16,1.1250724363780489,1.2387096774193547,-0.05688491615797553,-5.4374457055028635e-05,2.273507882529854
2022,1416,廣豐,76861.0,0.8561559178256853,0.36,1853422.0,0.64,0.05,2.9233169861792243,0.12459274767410404,22451.0,21003.0,21346.0,64800.0,0.38,0.04262033445676611,0.078125,-0.06449601354059953,0.016331000333285717,0.012757641926143065
2022,1339,昭輝,493640.0,0.2856332550036464,1.9,741239.0,-0.05,0.32,-0.008032638376344063,0.05134965609724445,179434.0,175239.0,151164.0,505837.0,2.27,-6.392626393896682,-6.3999999999999995,-0.023379069741520597,-0.1373838015510246,-12.460642157998851
2022,2409,友達,62884442.0,-0.0895684023084756,-0.59,96242451.0,2.05,2.03,0.2041800837379973,0.19494480570619635,17431035.0,16021445.0,16279861.0,49732341.0,-1.13,0.9547689575656576,0.9902439024390244,-0.08086668404945552,0.016129381588239955,-0.4419013679959196
2022,4536,拓凱,2675221.0,0.26742463519836307,7.88,908200.0,1.99,1.81,0.09934824557408871,0.06991991540287508,865598.0,1128785.0,1175840.0,3170223.0,9.37,0.7037861111571666,0.9095477386934674,0.3040522274774202,0.04168641503917936,6.569773831318198
2022,2739,寒舍,524933.0,-0.5717339165188701,-3.26,1015260.0,-2.33,-2.18,-0.627843790754963,-0.7600892028897238,279768.0,299674.0,316961.0,896403.0,-0.94,1.2106342597985078,0.9356223175965666,0.07115181150095795,0.05768601880710378,-6.111290686378825
2022,2614,東森,1451195.0,0.03314785400997109,0.09,5289504.0,0.46,0.62,0.18979542157032797,0.2397936275238844,538118.0,489893.0,492315.0,1520326.0,-0.04,1.2634320972544102,1.3478260869565217,-0.08961789049985314,0.004943936737205945,0.12037300325629978
2022,6168,宏齊,727950.0,0.15620166220207432,0.55,2060698.0,0.5,0.52,0.12205467383697989,0.1336248924042693,178300.0,184060.0,179955.0,542315.0,0.48,1.0947953749214305,1.04,0.032305103757711784,-0.022302510051070312,0.4500449287815005
2022,2351,順德,3086298.0,0.09077833702383892,1.54,1821403.0,1.23,1.3,0.0810992934095566,0.08168215109696512,985729.0,988150.0,1027409.0,3001288.0,1.4,1.007186963818107,1.056910569105691,0.0024560502937420736,0.03972979810757482,1.5065860534892141
2022,3060,銘異,957388.0,0.07751298324190402,0.54,1375632.0,0.3,0.63,0.04265067317947846,0.08068576683324666,227236.0,249108.0,209598.0,685942.0,0.09,1.8917817895561126,2.1,0.09625235438046786,-0.15860590587215184,0.7311906310700529
2022,1465,偉全,118352.0,0.279133432472624,0.32,1036073.0,-0.16,-0.6,-0.18365772477792228,-0.5369235982587389,40660.0,60397.0,62698.0,163755.0,0.6,2.9235013060734767,3.75,0.4854156419085096,0.03809791877079993,1.2897910573693123
2022,2633,台灣高鐵,6665611.0,0.04168425070109852,0.05,56282930.0,0.09,0.15,0.08084342106104163,0.18185451864183605,2991101.0,3366023.0,3423080.0,9780204.0,0.23,2.2494658966067873,1.6666666666666667,0.1253458174765747,0.016950864566284807,0.16293809263722828
2022,2375,凱美,1580792.0,0.10883342020961645,1.27,1358442.0,2.65,2.85,0.16983850735136236,0.18098336164511886,528019.0,497713.0,479349.0,1505081.0,1.59,1.0656203028839626,1.0754716981132075,-0.05739566189853018,-0.03689676580680035,1.2849420351094913
2022,2491,吉祥全,-216770.0,0.8666559025695437,-2.29,820080.0,2.75,-3.66,0.4495727925957357,0.7681086248388593,89876.0,-26372.0,-134644.0,-71140.0,-1.34,1.7085300478348944,-1.330909090909091,-1.2934264987315858,4.105566509934779,-1.2844788590005287
2022,1615,大山,1043839.0,0.08225023207601939,0.62,1488389.0,1.66,0.25,0.13876242088370483,0.05850963741634953,263424.0,415238.0,344482.0,1023144.0,0.37,0.42165333412124434,0.15060240963855423,0.5763104348882411,-0.17039866293547312,0.23840369425454994
2022,1210,大成,27083656.0,0.01911636301982273,0.64,8947673.0,0.51,0.32,0.014728728196417462,0.011365522628146035,9161168.0,10578033.0,9702507.0,29441708.0,0.55,0.7716567565494572,0.6274509803921569,0.15465986433170964,-0.0827683180795522,0.4853805052260387
2022,1614,三洋電,1704520.0,0.05170605214371201,0.34,2691134.0,0.42,0.43,0.06880985817170283,0.07426489126118138,692704.0,570465.0,455614.0,1718783.0,0.35,1.0792769122683914,1.0238095238095237,-0.1764664272185522,-0.2013287405888179,0.35641829881422366
2022,2731,雄獅,422990.0,-0.5069174212156315,-2.8,774729.0,-0.88,-2.19,-0.1724019252393413,-0.6347203314590115,197588.0,256632.0,327496.0,781716.0,-2.36,3.6816313424449585,2.4886363636363638,0.2988238152114502,0.2761308020823592,-18.83114396395019
2022,1531,高林股,694321.0,0.11455796382364929,0.43,1836081.0,0.41,0.29,0.09716558153494581,0.07280055759370221,212566.0,193348.0,167661.0,573575.0,0.36,0.7492422362286726,0.7073170731707317,-0.0904095669109829,-0.1328537145457931,0.2681303125972094
2022,2104,國際中橡,5845135.0,-0.0007755167331464543,-0.01,9847336.0,0.31,0.66,0.05009499097687714,0.11401713964809963,2350298.0,2215888.0,2127156.0,6693342.0,0.57,2.2760187680386585,2.1290322580645165,-0.05718849269326698,-0.04004354010672018,-0.011997514161836711
2022,2401,凌陽,1984509.0,-0.022238750239983795,-0.07,5919949.0,0.48,0.52,0.1357792979816938,0.14154746176931163,496831.0,483491.0,456940.0,1437262.0,0.03,1.0424819090491653,1.0833333333333335,-0.02685017641813814,-0.05491518973465892,-0.05628554588982078
2022,4919,新唐,11180422.0,0.1215778796184974,3.23,4197653.0,2.37,1.56,0.08848050093601423,0.06187413019113204,3320548.0,3485293.0,3594657.0,10400498.0,2.26,0.6992967889713586,0.6582278481012658,0.04961379868624105,0.03137871048431218,2.1065108432613484
2022,2331,精英,10782210.0,0.03189132840113483,0.61,5574030.0,0.18,0.14,0.013052013214580143,0.009832189158580465,2740290.0,2617625.0,2196647.0,7554562.0,0.74,0.7533082442482607,0.7777777777777779,-0.04476351043137772,-0.16082441144166948,0.32560069116153867
2022,3530,晶相光,572929.0,0.10686839032410647,0.79,781689.0,3.23,3.18,0.22891240139356397,0.22046325806886025,134294.0,125098.0,91145.0,350537.0,-0.04,0.9630900585845618,0.9845201238390093,-0.06847662591031622,-0.27141121360853093,0.4615471067163105
2022,4938,和碩,283657517.0,0.0109847432670011,1.17,26684533.0,2.01,1.0,0.01962621651900815,0.008266353781556452,107969645.0,116036992.0,128854850.0,352861487.0,1.98,0.42118937053152455,0.49751243781094534,0.07471865819323575,0.11046354941706871,0.6118035136228782
2022,2101,南港,2254260.0,-0.07376433951718081,-0.2,8339349.0,0.28,-0.19,0.12398844215552035,-0.06887279130896903,659958.0,552143.0,563199.0,1775300.0,-0.1,-0.5554775115456405,-0.6785714285714285,-0.16336645665330218,0.020023798182717156,0.08722732277554505
2022,3047,訊舟,1497096.0,0.05874105601778376,0.47,1907282.0,-0.17,0.06,-0.024725852463213332,0.00871786750179748,467344.0,516192.0,635049.0,1618585.0,0.64,-0.35258106933897476,-0.3529411764705882,0.10452257865726322,0.23025734610377535,-0.17576052516518456
2022,2328,廣宇,6211599.0,0.042889278589941175,0.51,5183462.0,0.44,0.56,0.04400555990365931,0.04210403858197983,1885425.0,2177265.0,2434925.0,6497615.0,0.95,0.9567890665215384,1.272727272727273,0.15478738215521703,0.118341129811943,0.5143976796302325
2022,2451,創見,3006488.0,0.38092651625418095,2.67,4290617.0,1.92,1.55,0.21621618772310464,0.1889074707817629,1024394.0,1003703.0,1038116.0,3066213.0,1.12,0.8736971675020262,0.8072916666666667,-0.020198283082485835,0.0342860387983297,2.3783989480079395
2022,3013,晟銘電,1327685.0,0.028405081024489996,0.21,1959350.0,-0.27,-0.33,-0.03911006273433592,-0.0360652041768572,569867.0,540034.0,576886.0,1686787.0,0.69,0.9221464159195647,1.222222222222222,-0.05235081168062017,0.06824014784254318,0.22549875014365517
2022,4540,全球傳動,991041.0,0.05451540349995611,0.57,941780.0,0.76,1.19,0.08049461086060895,0.11658938734168808,329530.0,283229.0,250471.0,863230.0,1.15,1.4484123358715753,1.5657894736842104,-0.1405061754620217,-0.11565906033633566,0.7237498847266786
2022,6269,台郡,7311166.0,0.03945061567470907,0.94,3203411.0,0.34,2.66,0.01667999896196701,0.1028528090414912,3122711.0,4142926.0,4877585.0,12143222.0,5.87,6.166235937784624,7.823529411764706,0.3267081071543283,0.1773285354360663,9.221364638524825
2022,4551,智伸科,2290323.0,0.15661022484601517,3.11,1152225.0,2.52,2.55,0.1297006578815439,0.13921845587741716,797410.0,849739.0,729902.0,2377051.0,3.68,1.073382804307484,1.0119047619047619,0.06562370675060514,-0.14102800977711982,3.4679749546620138
2022,4108,懷特,32892.0,-0.5570655478535814,-0.1,1986189.0,-0.13,0.04,-0.48203224053613475,0.1530774045482996,8752.0,14316.0,10730.0,33798.0,0.02,-0.3175667344948567,-0.3076923076923077,0.6357404021937842,-0.2504889633975971,0.03010313543831505
2022,4737,華廣,573329.0,0.06845807555522222,0.65,607258.0,0.22,0.51,0.0320877000785287,0.06167053523353574,164715.0,144384.0,255740.0,564839.0,0.17,1.9219369129793824,2.3181818181818183,-0.12343138147709676,0.7712488918439717,1.223813514982797
2022,8114,振樺電,2914176.0,0.08032219056089955,3.11,751318.0,1.17,2.12,0.04114806482852696,0.06792620770862076,1100923.0,1205735.0,1240977.0,3547635.0,4.28,1.6507752671160651,1.8119658119658122,0.09520375176102225,0.0292286447685437,6.260926921281538
2022,6165,捷泰,731443.0,0.027504535555060338,0.37,532424.0,2.41,0.8,0.19262855363902562,0.06088232791627669,242920.0,265625.0,287673.0,796218.0,0.49,0.31606076444080317,0.33195020746887965,0.0934669850156431,0.0830042352941176,0.13000177124158624
2022,2308,台達電,89996793.0,0.08475790909571633,2.94,25975433.0,2.93,2.45,0.09635132889112799,0.07996452108206782,34141054.0,35181808.0,36925291.0,106248153.0,4.26,0.8299264992226894,0.8361774744027304,0.030483944637444305,0.049556378682982904,2.8772557022884713
2022,3002,歐格,216209.0,-0.022233117030280886,-0.04,1020000.0,,-0.05,-0.012498438613635863,-0.03759544117099333,74758.0,61625.0,41880.0,178263.0,0.02,3.0080110270715337,1.0,-0.17567350651435298,-0.32040567951318455,-0.11688016534013272
2022,3016,嘉晶,1533692.0,0.13737177999233222,0.74,2880155.0,0.33,0.46,0.07487112128932157,0.0952566041626642,520561.0,521284.0,502194.0,1544039.0,0.7,1.272274309804548,1.393939393939394,0.0013888862208271124,-0.036621112483790075,0.9369592188017195
2022,3022,威強電,1649586.0,0.20051030985956475,1.87,1765978.0,1.27,1.19,0.1382414423669358,0.1346546321104074,859297.0,941034.0,743602.0,2543933.0,3.47,0.9740540159657196,0.9370078740157479,0.09512077896233784,-0.2098032589683263,2.813456012296488
2022,8039,台虹,2305050.0,0.09765081017765341,1.07,2091197.0,0.94,1.18,0.08267672058394554,0.09191994483678897,700704.0,801306.0,869994.0,2372004.0,1.23,1.1117995995433607,1.2553191489361701,0.1435727496917385,0.08572006199878701,1.231467157554976
2022,6477,安集,635215.0,0.04219988507828058,0.22,1175796.0,0.37,0.4,0.13344344217168508,0.14121737852844488,265651.0,360067.0,403208.0,1028926.0,0.83,1.0582564135805044,1.0810810810810811,0.35541368186078737,0.11981381242935352,0.3907998070615908
2022,4916,事欣科,619304.0,0.034667949827548346,0.26,833544.0,0.52,0.25,0.06263906750770612,0.039419383466292895,177944.0,246987.0,244238.0,669169.0,0.03,0.6293098705762719,0.4807692307692307,0.38800409117475154,-0.011130140452736415,0.17514590463156035
2022,2903,遠百,7144766.0,-0.003617193341251484,-0.02,14169406.0,-0.09,0.23,-0.017817111593277882,0.04539109589401297,2770769.0,2732497.0,2717034.0,8220300.0,0.57,-2.547612482325043,-2.555555555555556,-0.013812771833379145,-0.005658926615472959,0.05346149679025979
2022,9907,統一實,12120045.0,0.07212646487698685,0.56,15791453.0,0.29,0.45,0.04417691220444198,0.05997374219725424,4242111.0,4084329.0,3523156.0,11849596.0,0.48,1.3575811256275148,1.5517241379310347,-0.037194217690201925,-0.13739662010577502,0.7347538828222165
2022,5607,遠雄港,816182.0,0.3679375433420487,1.18,2549791.0,0.55,0.63,0.2204410913629486,0.236198564703256,265497.0,261523.0,263237.0,790257.0,0.92,1.0714815610958996,1.1454545454545453,-0.014968154065771011,0.006553916863908826,1.2218631682709222
2022,9945,潤泰新,7646569.0,0.7009218121225349,2.63,31602501.0,2.6,-0.03,0.5952657462781925,0.4848709182548608,2846856.0,2323847.0,2627721.0,7798424.0,-0.12,0.8145453039863987,-0.011538461538461537,-0.18371459603155205,0.1307633419928249,1.4088676906843614
2022,2106,建大,10451122.0,0.04386390284220201,0.5,9094100.0,0.47,0.24,0.04608810777822301,0.024506402485127216,3316596.0,3535890.0,3484075.0,10336561.0,0.25,0.531729412781548,0.5106382978723404,0.06612020276210906,-0.014654019214398684,0.26510279190895597
2022,1316,上曜,824119.0,0.08107688331418157,0.31,2398485.0,-0.07,-0.08,-0.049289908620064,-0.036982208379940484,356587.0,180206.0,209883.0,746676.0,0.52,0.7502997959482212,1.1428571428571428,-0.49463665248592914,0.16468375081850772,0.18937692455897243
2022,6192,巨路,1616358.0,0.1281015715577861,1.94,1068398.0,2.34,1.89,0.16508026060749398,0.1261246652847107,536883.0,507972.0,610122.0,1654977.0,2.53,0.7640202700224302,0.8076923076923077,-0.053849721447689736,0.2010937610734449,1.5160664420704584
2022,2059,川湖,1936635.0,0.5158927727733931,10.48,952971.0,4.03,6.62,0.25824850995633053,0.358752992418921,714280.0,723298.0,712808.0,2150386.0,15.56,1.3891773953684599,1.6426799007444168,0.012625301002407996,-0.014503012589555109,16.171633520814105
2022,2832,台產,1508022.0,0.1943552547641878,0.81,3622004.0,-0.67,0.43,-0.12911448767184283,0.07811073695279346,563873.0,521635.0,502544.0,1588052.0,0.71,-0.6049726747266315,-0.6417910447761194,-0.07490693826446737,-0.03659838776155744,-0.5155227549038512
2022,3167,大量,690817.0,0.3151601654273129,2.71,801341.0,1.52,1.99,0.09274696678025669,0.13139567918771694,225273.0,163116.0,132590.0,520979.0,0.22,1.4167113356820582,1.3092105263157894,-0.27591855215671657,-0.187142892174894,2.902789495418787
2022,3702,大聯大,199055930.0,0.014553161013590502,1.49,18790568.0,1.66,1.9,0.015920713320291005,0.015777407998170248,54266320.0,65325978.0,70229857.0,189822155.0,1.64,0.9909988127266814,1.144578313253012,0.20380335353493662,0.07506782370713228,1.4569258866115864
2022,1451,年興,2470173.0,0.0684069496347017,0.85,2069600.0,0.06,0.45,0.005471575628303812,0.03883584017685355,861416.0,825466.0,724042.0,2410924.0,0.57,7.097743468254437,7.500000000000001,-0.04173361070609327,-0.12286877957420417,5.656107151178971
2022,2211,長榮鋼,3325714.0,0.36403581306149596,2.91,4199820.0,0.61,1.17,0.0962404165313273,0.14123556982268687,982491.0,753827.0,674715.0,2411033.0,1.28,1.4675286632483886,1.9180327868852458,-0.23273902763485876,-0.10494715631040008,3.066925175031271
2022,2377,微星,48015860.0,0.06335514973594142,3.6,8448562.0,5.2,5.29,0.0950092696298482,0.08560854567070354,13011506.0,12564059.0,12990682.0,38566247.0,1.91,0.9010546655524303,1.0173076923076922,-0.03438856347604957,0.03395582589989421,2.605899390497546
2022,2305,全友,213853.0,0.15482130248348164,0.16,2056608.0,-0.02,0.0,-0.02272314124704599,0.004899160050173703,60111.0,65241.0,66777.0,192129.0,0.17,-0.21560223548804436,-0.0,0.08534211708339567,0.023543477261231516,-0.03118353730331322
2022,2465,麗臺,1100070.0,-0.060630687138091215,-1.25,589460.0,3.74,1.64,0.07011312655880642,0.03947686449350955,344049.0,291995.0,978975.0,1615019.0,-1.01,0.5630452731329686,0.4385026737967914,-0.15129821624245388,2.35271151903286,-0.935317592804645
2022,3017,奇鋐,13764052.0,0.07963105631975236,3.1,3533101.0,2.25,2.42,0.062356706888289946,0.07253865324796009,4852129.0,4978025.0,5052491.0,14882645.0,3.51,1.1632855047639186,1.0755555555555556,0.025946548412047576,0.014958944561347165,3.902050297388156
2022,3231,緯創,244215971.0,0.017402674291109324,1.53,29031021.0,1.49,0.3,0.02066833750694935,0.003753608067537195,79684558.0,76876839.0,93541711.0,250103108.0,1.33,0.18161151405018006,0.20134228187919462,-0.0352354216484454,0.21677363711585484,0.27228025571342135
2022,3010,華立,18336230.0,0.03581395957620514,2.78,2360179.0,2.77,3.46,0.037978969791828854,0.04489265419007525,6473883.0,6431519.0,6243745.0,19149147.0,3.12,1.1820398087715869,1.2490974729241877,-0.006543831576814152,-0.029195902243311367,3.434700974117263
2022,2486,一詮,1435072.0,0.030074449226240915,0.19,2219586.0,0.66,0.68,0.0876151299788868,0.08757427810111836,443616.0,413832.0,412258.0,1269706.0,0.17,0.9995337348951226,1.0303030303030303,-0.06713914737069904,-0.003803475806607559,0.17195956347631772
2022,2881,富邦金,92045129.0,0.24908247996480073,1.68,139952026.0,3.34,3.04,0.3039516830198306,0.3872719805832989,23387403.0,17931604.0,23259981.0,64578988.0,0.89,1.2741234946806737,0.9101796407185629,-0.2332793854879911,0.2971500485957643,1.4644237051958087
2022,3049,和鑫,618692.0,0.15726565075999044,0.12,8069485.0,0.43,0.24,0.3943181688452537,0.2075964944161239,143027.0,148036.0,212226.0,503289.0,-0.1,0.5264695132462768,0.5581395348837209,0.035021359603431446,0.4336107433327028,0.05163910699965189
2022,2321,東訊,262089.0,0.018024411554853504,0.11,945997.0,,0.11,-0.004630917690471658,0.01611752257683506,76205.0,90190.0,80035.0,246430.0,0.08,-3.480416551129306,1.0,0.18351814185420912,-0.11259563144472784,-0.1634165879141165
2022,2478,大毅,1305156.0,0.16054479311285394,1.44,1447313.0,1.97,1.6,0.17192995564200286,0.1461560785242152,348427.0,369938.0,393260.0,1111625.0,1.1,0.8500908290149581,0.8121827411167514,0.06173746581062889,0.06304299639399025,1.0482319626274992
2022,5484,慧友,63282.0,-0.6307322777409058,-0.59,668010.0,-0.12,-0.44,-0.05492198656234165,-0.18933601792143953,30025.0,32212.0,34578.0,96815.0,0.04,3.4473628827414178,3.666666666666667,0.0728393005828476,0.07345088786787524,-3.151314471795398
2022,1436,華友聯,778405.0,0.12410249163353267,1.01,962889.0,3.61,0.91,0.2425933390879921,0.14991658714412232,655976.0,864693.0,938714.0,2459383.0,5.06,0.6179748698283319,0.25207756232686984,0.3181777991877752,0.08560379232860682,1.9588503434620124
2022,2379,瑞昱,30499344.0,0.15335119994712018,9.12,5128636.0,8.43,9.57,0.16659546315943177,0.1688094395239485,9790003.0,10398019.0,9583996.0,29772018.0,8.2,1.0132895357564327,1.1352313167259787,0.062105803236219614,-0.07828635435268971,9.020427757349497
2022,3059,華晶科,3152366.0,0.029854401424200108,0.34,2789473.0,0.23,0.36,0.026618993450579213,0.0380851065552336,1250957.0,1380336.0,1382248.0,4013541.0,0.46,1.4307493116124905,1.5652173913043477,0.10342401857138173,0.0013851699875973011,0.6145786306005097
2022,3030,德律,1839898.0,0.2852755967993878,2.22,2362160.0,1.47,1.22,0.22371378484659962,0.20826448548005091,439496.0,593191.0,505278.0,1537965.0,2.06,0.9309416745278245,0.8299319727891157,0.3497073921036824,-0.14820352972314144,1.729116424562428
2022,5522,遠雄,4888987.0,0.20804330222191222,1.3,7815962.0,1.19,1.82,0.1830386041995758,0.15563431664364,1638958.0,1797686.0,3304198.0,6740842.0,1.84,0.8502813782055747,1.5294117647058825,0.09684689906635802,0.8380284432320215,1.5256261176379815
2022,8464,億豐,8278845.0,0.20049898264794183,5.66,2930202.0,4.18,4.7,0.16493173430516664,0.18342028417317155,2493171.0,2239644.0,2180968.0,6913783.0,5.24,1.1120981959347878,1.1244019138755983,-0.10168857250465368,-0.02619880659604834,5.26106289209894
2022,5471,松翰,1027183.0,0.24363136850979816,1.49,1678770.0,2.37,3.06,0.2526641010008637,0.3020505494142803,260396.0,254784.0,229282.0,744462.0,0.56,1.1954628624240045,1.2911392405063291,-0.021551790350082145,-0.10009262748053249,1.2915779701994163
2022,1762,中化生,579402.0,0.255252829641596,1.9,775600.0,1.63,1.09,0.2527429216216649,0.16797536353423315,130715.0,156945.0,178072.0,465732.0,1.56,0.664609566339026,0.6687116564417179,0.2006655701334965,0.1346140367644717,1.0186744932277083
2022,4994,傳奇,511502.0,0.003339185379529308,0.02,1106390.0,0.33,0.84,0.052635683204759386,0.12225072011995423,172737.0,137315.0,139194.0,449246.0,0.07,2.322582565222601,2.5454545454545454,-0.2050631885467502,0.013683865564577902,0.031491088247363574
2022,1506,正道,308828.0,0.05791573302938853,0.07,2631618.0,-0.07,0.02,-0.045230817268977305,0.008848552796838079,90144.0,91940.0,85167.0,267251.0,0.19,-0.19563106154411855,-0.2857142857142857,0.019923677671281448,-0.07366760931041982,-0.011506171944468086
2022,2247,汎德永業,12890476.0,0.031024067691526675,4.95,807087.0,4.19,3.57,0.028156562450173454,0.028997582232716954,3328431.0,3713052.0,3967457.0,11008940.0,4.38,1.0298694055437978,0.8520286396181384,0.11555624857477897,0.06851641183586987,4.3581888849693335
2022,4766,南寶,5611209.0,0.05539715237839118,2.58,1205707.0,2.63,0.97,0.06911187534149567,0.027624747956319085,1882912.0,1993074.0,1991366.0,5867352.0,3.08,0.3997105825854045,0.3688212927756654,0.05850618616270964,-0.0008569676790726177,1.07754011919281
2022,3138,耀登,393230.0,0.09563868473921115,0.81,467217.0,1.04,2.76,0.12743617517532554,0.36158118594601935,151516.0,165994.0,152580.0,470090.0,1.96,2.837351210898783,2.6538461538461537,0.09555426489611651,-0.08081014976444933,2.730291819145978
2022,1718,中纖,8312021.0,-0.020727329731241053,-0.13,16862097.0,-0.09,0.06,-0.01608187378797891,0.010914677141323357,2952896.0,2973454.0,2779499.0,8705849.0,-0.26,-0.6786943664165553,-0.6666666666666666,0.006961979019918019,-0.06522885506216003,0.0726301845108212
2022,6115,鎰勝,1788146.0,0.1179495410330029,1.12,1876622.0,0.49,0.73,0.049822940856735,0.06411790123573266,617115.0,637913.0,600056.0,1855084.0,1.67,1.2869152268651216,1.489795918367347,0.03370198423308457,-0.059345083106944085,1.5004895360468693
2022,5269,祥碩,1439749.0,0.49254835391446705,10.26,692155.0,11.03,14.56,0.5181642254723161,0.5628991648157718,449339.0,451057.0,437001.0,1337397.0,10.76,1.0863335157935285,1.3200362647325476,0.0038233939186227417,-0.031162358637600085,10.338773830312014
2022,5533,皇鼎,1866843.0,0.10606515920192539,0.69,2852450.0,0.69,0.38,0.21291895595460597,0.107881385714215,666090.0,37837.0,30834.0,734761.0,0.68,0.5066781641424879,0.5507246376811594,-0.9431953639898513,-0.18508338398921687,0.13843088408435245
2022,1806,冠軍,833565.0,-0.08268821267687583,-0.15,4337821.0,-0.04,2.62,-0.01951852287799012,1.2603402377551645,235289.0,244575.0,223344.0,703208.0,0.13,-64.5714968101595,-65.5,0.03946635839329504,-0.0868077276908924,8.655589159858584
2022,4764,雙鍵,720562.0,0.02903150596340079,0.22,855421.0,0.51,0.13,0.0492109964146508,0.019384393401605575,227727.0,226376.0,182679.0,636782.0,0.08,0.3939036966102676,0.2549019607843137,-0.005932542034980504,-0.19302841290596173,0.08512762012861087
2022,1515,力山,944246.0,-0.09334643726317082,-0.49,1814735.0,1.29,1.37,0.04700718910116376,0.05856564259560413,342805.0,419646.0,310793.0,1073244.0,-0.24,1.2458869316683778,1.062015503875969,0.22415367337115844,-0.25939244029491526,-0.6877991444817884
2022,1526,日馳,610485.0,0.19340524337207302,1.97,600000.0,1.25,1.07,0.15504968972308353,0.13282194357236332,188609.0,198988.0,207799.0,595396.0,1.8,0.8566411439428313,0.8560000000000001,0.05502918736645657,0.04427905200313598,1.6440757958576273
2022,2013,中鋼構,4368306.0,0.024124683572991454,0.52,2000000.0,0.44,0.63,0.02510137533369232,0.029688521242072875,1759432.0,1685690.0,1718050.0,5163172.0,0.72,1.1827448037169286,1.4318181818181819,-0.041912389907652,0.019196886734808905,0.7366128175796034
2022,9937,全國,5758975.0,0.02492144869529734,0.46,3090430.0,0.48,0.73,0.0314403829187319,0.04196668572821042,2133059.0,2173347.0,1999536.0,6305942.0,0.67,1.3348019913334783,1.5208333333333333,0.018887428805298034,-0.07997388359981172,0.6787677368214707
2022,2365,昆盈,262992.0,0.0659107501368863,0.07,2215285.0,-0.17,0.12,-0.1626586562870198,0.07524284807234706,130910.0,108515.0,67858.0,307283.0,0.18,-0.46258127166363083,-0.7058823529411764,-0.17107172866855092,-0.37466709671473986,-0.0422915134799257
2022,2611,志信,201735.0,-1.792970976776464,-2.11,1890022.0,2.05,-0.95,2.0557927149305435,-0.7426344654179724,66758.0,65992.0,60455.0,193205.0,0.43,-0.3612399538263092,-0.4634146341463415,-0.01147428023607655,-0.08390410958904104,0.6620953529473562
2022,1735,日勝化,817897.0,0.02099897664375832,0.17,993880.0,0.11,-0.03,0.012740843882729091,-0.0038911506541402306,229032.0,242407.0,237879.0,709318.0,0.04,-0.3054076080011386,-0.2727272727272727,0.05839795312445428,-0.018679328567244302,-0.045770432011237226
2022,5306,桂盟,1890990.0,0.275296008968847,4.13,1260000.0,3.79,4.03,0.23816059199659162,0.27092145982285776,640723.0,624412.0,639249.0,1904384.0,4.81,1.1375578871030645,1.0633245382585752,-0.025457178843275474,0.023761554870822543,4.733227729788115
2022,2480,敦陽科,1642324.0,0.10386135744225865,1.61,1063603.0,1.27,1.29,0.08858263050040299,0.08423793369683188,512430.0,576222.0,565423.0,1654075.0,1.71,0.9509531746909307,1.015748031496063,0.12448919852467655,-0.018741040779421847,1.5359913540688643
2022,1476,儒鴻,11215194.0,0.18169048168047738,7.42,2743671.0,5.56,3.51,0.15580272831671582,0.11949525468875813,3899629.0,3913925.0,2899990.0,10713544.0,7.91,0.7669650973367305,0.6312949640287769,0.0036659897646673656,-0.2590583621300868,5.441378066623926
2022,3533,嘉澤,6651612.0,0.22693025389935553,14.22,1064871.0,6.85,8.91,0.1459350128081409,0.16140844687199787,2236848.0,2372149.0,2663176.0,7272173.0,17.92,1.1060296207613982,1.3007299270072994,0.06048734648040455,0.12268495781673083,17.140613376121173
2023,3321,同泰,420381.0,-0.04539929254652327,-1.15,671598.0,,-0.42,0.05146057074945287,-0.1994775935165515,152270.0,136819.0,136725.0,425814.0,-0.58,-3.8763191043440255,1.0,-0.10147107112366194,-0.0006870390808294546,1.1157814808904898
2023,2430,燦坤,5100742.0,0.009653693521452369,0.42,1168000.0,1.15,1.05,0.02992906488501443,0.0221661422170194,1839652.0,1637033.0,1630497.0,5107182.0,0.43,0.7406226122393169,0.9130434782608696,-0.11013985253732772,-0.003992589031497795,0.3126287876608895
2023,2545,皇翔,605676.0,-0.23457756292142995,-0.44,3277348.0,1.18,0.97,0.20402647790546144,0.17741286614088464,419346.0,194167.0,234475.0,847988.0,0.48,0.8695580493385344,0.8220338983050848,-0.5369766255073376,0.20759449340001135,-0.5277791112384238
2023,2540,愛山林,1996113.0,0.15235760700922243,1.07,3916067.0,0.31,-0.11,0.04917105109784297,0.035522854774740216,603430.0,814321.0,506845.0,1924596.0,0.29,0.7224343181937497,-0.3548387096774194,0.3494870987521337,-0.3775857432142853,0.5409435869407878
2023,2613,中櫃,781175.0,0.050872083720037126,0.29,1484235.0,0.5,0.15,0.08213306884391292,0.02608091463222057,263710.0,282325.0,280727.0,826762.0,0.29,0.31754462604806827,0.3,0.07058890447840427,-0.005660143451695743,0.0899833448560703
2023,3015,全漢,3598621.0,0.039303110830509795,0.75,1872620.0,0.81,1.71,0.04050483883986796,0.07892983495882679,1153939.0,1134397.0,1167968.0,3456304.0,1.9,1.9486519936758273,2.1111111111111107,-0.016935037293999033,0.029593696034104555,1.4135900796589003
2023,1438,三地開發,0.0,,-0.39,912058.0,5.61,-0.31,0.8766422572794762,-22071.0,0.0,27510.0,0.0,27510.0,-0.25,-25176.746633791005,-0.0552584670231729,inf,-1.0,
2023,1707,葡萄王,2664651.0,0.12679821860348692,2.28,1481374.0,2.6,2.46,0.14141113612513329,0.1464153426944423,793835.0,991411.0,765446.0,2550692.0,2.48,1.0353876413586045,0.9461538461538461,0.2488879930968022,-0.22792262744714353,2.2605256071642503
2023,3094,聯傑,69478.0,0.29284089927746915,0.24,831171.0,0.22,0.23,0.22227961432506887,0.23673206020672796,16195.0,15810.0,14978.0,46983.0,0.13,1.0650192143150086,1.0454545454545454,-0.023772769373263336,-0.05262492093611637,0.1762948140617299
2023,3305,昇貿,1539795.0,0.05875782165807786,0.69,1342375.0,1.08,0.42,0.05982134042056768,0.028278130559815255,524971.0,541955.0,545200.0,1612126.0,0.58,0.47270974473338134,0.38888888888888884,0.03235226326787566,0.005987581994814972,0.3335687586673375
2023,3437,榮創,472403.0,-0.022669204048238474,-0.07,1445480.0,-0.17,-0.66,-0.03550277727927305,-0.2175250383634036,175006.0,206941.0,191538.0,573485.0,0.15,6.126986535512458,3.8823529411764706,0.18247945784715958,-0.07443184289241866,-0.5510527493612178
2023,6202,盛群,715722.0,0.07842989317081213,0.25,2261682.0,1.57,0.99,0.21326052639321633,0.16660652875037865,219789.0,213726.0,197769.0,631284.0,0.16,0.7812347252823731,0.6305732484076433,-0.027585547957359124,-0.07466101457005703,0.17102374143161594
2023,8222,寶一,165783.0,0.1670557294776907,0.4,685735.0,0.03,0.47,0.014010117465489153,0.2513283781797932,53040.0,68270.0,62914.0,184224.0,0.42,17.939062880727835,15.666666666666666,0.2871417797888387,-0.07845320052731797,8.051022097035235
2023,3617,碩天,3079154.0,0.15766863235810874,5.81,876758.0,4.32,6.02,0.11482981871204703,0.15835721721821155,1117240.0,1254321.0,888449.0,3260010.0,5.12,1.3790600646624376,1.3935185185185184,0.12269610826680033,-0.2916892884676251,8.084770154105021
2023,1315,達新,627079.0,0.3740645118079221,2.46,990990.0,1.16,5.29,0.1600479867558869,0.6743223695447946,229932.0,163404.0,134277.0,527613.0,1.37,4.213251183054894,4.560344827586207,-0.28933771723813995,-0.17825145039289125,8.390929551582905
2023,6216,居易,226895.0,0.2873752176116706,0.71,919479.0,0.9,0.45,0.26579690358155933,0.2926917229431107,67589.0,71846.0,97265.0,236700.0,0.62,1.1011856007317962,0.5,0.06298362159522997,0.35379840213790614,0.8146410304472141
2023,2362,藍天,5893205.0,0.041308761531289,0.41,6322630.0,0.06,0.1,0.006480255219033416,0.010027443877938217,1490865.0,2122965.0,2617168.0,6230998.0,0.43,1.5473840981580804,1.6666666666666667,0.4239820506886942,0.2327890473936216,0.6299413957344642
2023,2316,楠梓電,931204.0,0.003205527467665517,0.02,1827405.0,0.71,0.96,0.09168901339093612,0.1452143297522506,308874.0,293927.0,299557.0,902358.0,0.68,1.583770229188721,1.352112676056338,-0.04839190090457601,0.019154415892381538,0.025068926779001462
2023,1451,年興,1750256.0,-0.014400179173789435,-0.12,2064500.0,0.85,0.57,0.0684069496347017,0.04645191903681702,632126.0,537506.0,461901.0,1631533.0,-0.03,0.6790526296651699,0.6705882352941176,-0.14968534754147111,-0.1406588949704748,-0.0772773652321364
2023,6133,金橋,245214.0,0.07468986273214417,0.16,1170064.0,0.12,0.49,0.03944552360238656,0.13479018935789094,95492.0,76080.0,88529.0,260101.0,0.14,3.417122579397977,4.083333333333333,-0.2032840447367319,0.16363038906414307,0.5673546569122168
2023,1720,生達,1509004.0,0.15792801079387464,1.33,1786961.0,1.28,1.33,0.15430627097736016,0.15394755179782588,563910.0,585898.0,495586.0,1645394.0,1.26,0.997675278021676,1.0390625,0.03899203773651827,-0.1541428712847629,1.4507855154585305
2023,1457,宜進,725572.0,-0.05735888374964855,-0.19,3016476.0,0.03,0.15,0.0039443792383379046,0.03469182434340582,217794.0,315028.0,313769.0,846591.0,0.25,8.795255792397988,5.0,0.4464493971367438,-0.003996470155033793,-1.4158685612050286
2023,2527,宏璟,221729.0,0.13092558934555246,0.11,2703060.0,0.25,1.01,0.11390738403416166,0.96409709079706,97467.0,1700997.0,27223.0,1825687.0,2.59,8.463868246749659,4.04,16.45202991781834,-0.98399585654766,7.484521995676079
2023,2458,義隆,3041422.0,0.16269034681803446,1.74,3038804.0,2.75,1.83,0.18898178350593992,0.18507630195013183,1102522.0,1192180.0,1207207.0,3501909.0,2.69,0.9793340845696626,0.6654545454545455,0.08132082625108605,0.012604640238890186,1.8360936213067083
2023,2211,長榮鋼,3436966.0,0.54249300109457,4.47,4170915.0,2.91,1.28,0.36403581306149596,0.2222575222607988,1116549.0,1119603.0,854884.0,3091036.0,2.19,0.610537519349101,0.43986254295532645,0.0027352135911635767,-0.236440059556825,2.454591472701758
2023,3031,佰鴻,278476.0,0.08473620706990907,0.13,1732032.0,0.6,0.2,0.226673482271781,0.08702455898325501,79080.0,81575.0,93720.0,254375.0,0.26,0.3839203338258719,0.33333333333333337,0.031550328780981296,0.14888139748697515,0.04777807523368867
2023,1423,利華,25787.0,-0.04300616589754527,-0.01,1384000.0,0.1,0.14,0.355830431127657,0.5682864600134901,10996.0,11088.0,6637.0,28721.0,0.42,1.5970709930922486,1.4000000000000001,0.00836667879228803,-0.40142496392496396,-0.01425339807927263
2023,3443,創意,6587039.0,0.12729907929799716,6.26,1340119.0,5.67,7.9,0.1413369219598257,0.17456720670594736,2212814.0,2272257.0,2324969.0,6810040.0,7.63,1.2351139694096862,1.3932980599647267,0.026863080222738978,0.02319808014674396,7.989849420663607
2023,5434,崇越,12055351.0,0.0555453756593234,3.69,1907948.0,4.96,4.91,0.06807139993591088,0.0647584309110992,4128574.0,4153263.0,4210501.0,12492338.0,4.25,0.9513309697181073,0.9899193548387097,0.0059800308774893285,0.013781453281431988,3.459845737075864
2023,2359,所羅門,1198647.0,0.28204550630836267,1.97,1714711.0,1.01,1.11,0.11100986994705102,0.1697503505910729,334374.0,286861.0,382561.0,1003796.0,0.98,1.5291464684360017,1.099009900990099,-0.1420953782291685,0.333611052042627,2.524775676692888
2023,1727,中華化,421902.0,0.03658669548852577,0.15,1168246.0,0.31,-0.09,0.06072926982983704,-0.016039454315829878,144381.0,138477.0,151735.0,434593.0,0.06,-0.26411406494384515,-0.29032258064516125,-0.04089180709373119,0.09574153108458439,-0.03594704036609807
2023,2616,山隆,4068678.0,0.006083056953634571,0.19,1372818.0,1.13,0.14,0.03205840110278589,0.004334685918533617,1388211.0,1404058.0,1376592.0,4168861.0,0.1,0.1352121680877257,0.12389380530973454,0.011415411634110306,-0.019561869951241317,0.024977105561034663
2023,2102,泰豐,111527.0,-2.4942300967478728,-0.61,4733292.0,-0.32,-0.27,-0.3829931074139981,-0.2408322338296807,15377.0,15304.0,14898.0,45579.0,-0.5,0.6288161044354044,0.84375,-0.004747349938219458,-0.02652901202300051,-0.1510294589131681
2023,2305,全友,126368.0,0.12814953152696884,0.08,2056608.0,0.16,0.17,0.15482130248348164,0.17795735363119755,58261.0,52210.0,62270.0,172741.0,0.11,1.1494371302694883,1.0625,-0.10386021523832412,0.19268339398582657,0.12372177825437777
2023,2007,燁興,1333922.0,-0.22788963672538573,-0.58,5306516.0,-0.25,-0.51,-0.0594993681109972,-0.1915857532931592,310963.0,399105.0,380418.0,1090486.0,-0.45,3.2199628227269965,2.04,0.28344851316716135,-0.04682226481752927,-1.5079469035576398
2023,5876,上海商銀,13549886.0,0.4066139006630757,1.13,48616031.0,0.81,1.29,0.35137662572910855,0.4364519069243744,4711164.0,4527075.0,4172047.0,13410286.0,1.02,1.2421199219462427,1.5925925925925926,-0.03907505661021349,-0.07842326446988401,1.3931705605853104
2023,5608,四維航,901060.0,-0.2678889308148181,-0.66,3692671.0,2.12,1.84,0.3670479654987497,0.3161716534855322,306389.0,286570.0,275264.0,868223.0,-0.4,0.8613905625547167,0.8679245283018868,-0.06468574263436355,-0.039452838747949914,-0.5425572222579155
2023,4440,宜新實業,222753.0,0.034199314936274705,0.12,675980.0,0.74,0.69,0.13344682385634432,0.11666119956599631,94050.0,94803.0,76828.0,265681.0,0.08,0.8742148834623613,0.9324324324324323,0.008006379585326906,-0.18960370452411845,0.11750659803296491
2023,1453,大將,172.0,72.41279069767442,0.12,1067425.0,-0.48,0.01,-2.0148786879702425,0.004652482844603019,57.0,57.0,57.0,171.0,-0.08,-0.0023090635046072467,-0.020833333333333336,0.0,0.0,-0.0002678612569278075
2023,1522,堤維西,4801378.0,0.05678932173221937,0.68,3428979.0,0.64,0.96,0.04470539723979788,0.06380710234799462,1486892.0,1820442.0,1647751.0,4955085.0,1.18,1.4272796191863815,1.5,0.22432698541656015,-0.09486212689006301,1.1712835109876445
2023,3669,圓展,706064.0,0.23988618595481428,1.82,929200.0,1.45,1.05,0.14876356817761657,0.12228817440227867,221847.0,228729.0,213905.0,664481.0,0.67,0.8220303929270669,0.7241379310344828,0.031021379599453613,-0.06481032138469545,1.4101537956358505
2023,2630,亞航,1280393.0,-0.022835957397455312,-0.18,1729461.0,0.11,0.03,0.016237517070777484,0.005439076000705343,339222.0,374497.0,470699.0,1184418.0,0.31,0.3349696863748953,0.2727272727272727,0.1039879488948241,0.25688323270947433,-0.052386448488593425
2023,2904,匯僑,108053.0,0.20837922130806177,0.29,778344.0,0.31,0.51,0.1691741555624419,0.276902981211122,35684.0,33882.0,38395.0,107961.0,0.19,1.6367924538504204,1.6451612903225807,-0.05049882300190567,0.13319756803022265,0.47308953528895
2023,3051,力特,517417.0,0.06605117342491645,0.21,1700000.0,1.07,0.91,0.21920086046710727,0.2117143122164491,184992.0,175383.0,176645.0,537020.0,0.46,0.9658461730729311,0.8504672897196262,-0.05194278671510122,0.007195680311090635,0.20152551499480348
2023,6278,台表科,12185837.0,0.05185856334694121,2.16,2923984.0,2.87,3.63,0.054602506746835686,0.06107552747064794,4120933.0,4230654.0,4389445.0,12741032.0,3.13,1.118548050437032,1.2648083623693378,0.026625281216656527,0.037533440456251066,2.527579015161994
2023,1609,大亞,6261828.0,0.07615923018006883,0.65,7186828.0,-0.11,0.41,-0.010378005190923368,0.043617376438549516,2121639.0,2347203.0,2174547.0,6643389.0,0.23,-4.202867086316106,-3.727272727272727,0.10631591896642179,-0.07355818819249971,-2.9588342232391485
2023,4960,誠美材,2529209.0,-0.06933353471381765,-0.31,5728818.0,0.33,0.36,0.07345469400260424,0.12592165311537798,786661.0,958223.0,853289.0,2598173.0,0.05,1.7142764642231523,1.0909090909090908,0.21808885911466303,-0.10950895563976237,-0.5390477583131014
2023,1516,川飛,40136.0,-0.026933426350408612,-0.03,388202.0,0.12,0.41,0.02012159881637654,0.03448027848902443,53983.0,60030.0,95771.0,209784.0,0.2,1.7135953660382923,3.4166666666666665,0.11201674601263356,0.5953856405130769,-0.2494103537886002
2023,2357,華碩,115703513.0,0.022352709377112864,3.48,7427603.0,2.55,8.34,0.014935453464234074,0.04274736591683638,37564502.0,48615792.0,48871582.0,135051876.0,14.94,2.862140477970989,3.270588235294118,0.29419503551517856,0.005261459074861863,11.632499852753375
2023,2442,新美齊,1219160.0,0.1597682010564651,0.77,2562888.0,0.31,-0.14,0.16001917081814546,-0.9748514253097404,13353.0,12588.0,13344.0,39285.0,0.22,-6.092091468325473,-0.4516129032258065,-0.05729049651763651,0.06005719733079129,-0.1491948700021907
2023,2845,遠東銀,3358138.0,0.3546447465827789,0.29,40694838.0,0.28,0.23,0.33564807584977246,0.2969930456882433,1172180.0,1157078.0,1083254.0,3412512.0,0.34,0.8848346439535969,0.8214285714285714,-0.01288368680578067,-0.06380209458653607,0.2631422067698609
2023,6191,精成科,5909858.0,0.10955677784474686,1.39,4743030.0,1.19,1.54,0.09691015880584569,0.11466282248040635,2095855.0,2019734.0,1967758.0,6083347.0,2.57,1.1831868185267054,1.2941176470588236,-0.03631978357281396,-0.025734081814734022,1.6625675192152334
2023,8072,陞泰,276374.0,0.07534717448095696,0.26,800000.0,0.36,0.54,0.08712807869866822,0.13484434476331875,108444.0,112700.0,117427.0,338571.0,0.39,1.5476565853090467,1.5000000000000002,0.03924606248386264,0.041943212067435676,0.49351611694637487
2023,9942,茂順,1289616.0,0.21720419101499983,3.37,831613.0,1.49,2.5,0.12926674436997876,0.19166668200297032,412917.0,420039.0,404673.0,1237629.0,3.5,1.4827222804837923,1.6778523489932886,0.017248018366887274,-0.03658231735624551,4.79288735293033
2023,2440,太空梭,695956.0,-0.0662283247791527,-0.33,1391173.0,-0.2,0.03,-0.030365288815216867,0.006941964480136575,234373.0,281491.0,280659.0,796523.0,-0.12,-0.2286151309931809,-0.15,0.2010385155286658,-0.0029556895247094817,0.08668938488745336
2023,1533,車王電,1103558.0,-0.03870299522091272,-0.43,985475.0,0.3,0.22,0.0378564386252297,0.023727925729029094,320876.0,391517.0,332544.0,1044937.0,0.04,0.6267870563295789,0.7333333333333334,0.22015046310724395,-0.1506269204146946,-0.2572225809676753
2023,3702,大聯大,156689628.0,0.014787928400723498,1.14,18790568.0,1.49,1.64,0.014553161013590502,0.01454969993991502,53195403.0,63236032.0,70923189.0,187354624.0,0.95,0.9997621771880177,1.1006711409395973,0.18874993765908687,0.12156292475783426,1.4741054429653848
2023,2704,國賓,275157.0,1.8181111147453999,1.36,3669234.0,0.03,0.23,0.050295116429495475,0.2338829690553006,92276.0,95099.0,124400.0,311775.0,-0.15,4.650212300097994,7.666666666666667,0.030593003597901847,0.3081104953785003,7.1838801969144574
2023,6558,興能高,285156.0,-0.028850874608985957,-0.09,937495.0,-0.48,0.01,-0.16019540936354196,0.0029745111788783613,111501.0,117353.0,106736.0,335590.0,0.45,-0.01856801758986806,-0.020833333333333336,0.05248383422570191,-0.0904706313430419,0.0019176289304207025
2023,4968,立積,737954.0,-0.0737959276594476,-0.6,902832.0,0.42,1.1,0.04328772187239364,0.10859550248312036,266024.0,225794.0,246563.0,738381.0,-0.5,2.508690635262471,2.6190476190476195,-0.15122695696628874,0.09198207215426457,-1.5140948218195727
2023,2820,華票,454132.0,0.5927615759294654,0.2,13429600.0,0.13,0.24,0.5228375464238648,0.6916642482801004,216811.0,142362.0,124681.0,483854.0,0.23,1.3229047014909057,1.846153846153846,-0.34338202397479833,-0.124197468425563,0.2825269376798369
2023,6770,力積電,11008926.0,0.05604306905142246,0.15,40692767.0,1.95,1.6,0.3216644388238547,0.31644033855804865,3430420.0,3471465.0,3500564.0,10402449.0,-0.08,0.9837591613020462,0.8205128205128206,0.011965007200284594,0.008382340020711698,0.14093831455119096
2023,3346,麗清,2214188.0,0.028815078033120944,0.6,1081217.0,-1.45,0.6,-0.12984508684068244,0.03503581092394174,681354.0,767711.0,883125.0,2332190.0,0.88,-0.26982777536226726,-0.41379310344827586,0.12674322011758932,0.1503352172887975,-0.16770944283509331
2023,1810,和成,1302563.0,0.006463410982808509,0.03,3032800.0,0.14,0.03,0.0386416975061834,0.0048690627376883865,378666.0,425391.0,394617.0,1198674.0,-0.05,0.12600540483267444,0.21428571428571425,0.12339370315792819,-0.07234285633687598,0.0032189057432441917
2023,2379,瑞昱,26290803.0,0.09916060760867593,5.08,5128636.0,9.12,8.2,0.15335119994712018,0.14130792208979587,8964637.0,8855110.0,8858698.0,26678445.0,5.01,0.9214660344263548,0.8991228070175439,-0.012217672617418907,0.00040518977178138904,4.753102136560537
2023,2454,聯發科,98135284.0,0.16268146735072372,10.07,15996450.0,22.38,19.55,0.2275544771864857,0.2177430371404376,31763135.0,42256360.0,36078033.0,110097528.0,11.64,0.9568831157823917,0.8735478105451296,0.33035860597513445,-0.14621058226501293,10.71398237433303
2023,4566,時碩工業,1019424.0,0.08122724205041278,1.01,823959.0,1.44,2.31,0.09263261814933285,0.1237956294688655,313760.0,383717.0,356366.0,1053843.0,1.51,1.3364150980737135,1.6041666666666667,0.2229634115247323,-0.07127909370708096,1.3883961297119234
2023,6531,愛普*,1097224.0,0.440023185785218,2.98,809291.0,3.85,4.33,0.40434069390789834,0.5883719518774277,443446.0,388862.0,405231.0,1237539.0,3.27,1.4551390961688573,1.1246753246753247,-0.12309052285960409,0.04209462482834536,9.791162397864758
2023,2607,榮運,4060962.0,0.29797717880640107,1.14,10671411.0,1.29,0.88,0.29447806759602857,0.19050363295108536,1267700.0,1391659.0,1687371.0,4346730.0,0.68,0.6469195974636128,0.6821705426356589,0.097782598406563,0.2124888352678349,0.7851888602839113
2023,8163,達方,6888338.0,0.033130342907098924,0.82,2800000.0,1.02,1.21,0.036934930336394674,0.044724155940883345,2297895.0,2219562.0,2326050.0,6843507.0,3.84,1.210890491292287,1.1862745098039216,-0.03408902495544841,0.047977033306571215,0.9805087740179206
2023,1454,台富,395249.0,0.05262505407983322,0.18,1298338.0,0.13,0.18,0.030654275700981184,0.04939820838479439,126650.0,144631.0,138803.0,410084.0,0.03,1.6114622595115906,1.3846153846153846,0.14197394393999208,-0.04029564892727011,0.26785376214472445
2023,3712,永崴投控,3224512.0,0.004992383343588115,0.06,2462421.0,0.38,0.86,0.03065983595986691,0.08411796998804692,1237954.0,1270147.0,1714256.0,4222357.0,1.13,2.7435883903017486,2.263157894736842,0.02600500503249714,0.3496516544935351,0.23486566170669762
2023,2308,台達電,100551392.0,0.08104578005245318,3.14,25975433.0,2.94,4.26,0.08475790909571633,0.10417976865913142,35973872.0,36435815.0,35385748.0,107795435.0,3.6,1.2291451000930447,1.4489795918367347,0.012841069763076973,-0.028819638040208484,4.13400630301245
2023,5484,慧友,90408.0,-0.1629833643040439,-0.22,668010.0,-0.59,0.04,-0.6307322777409058,-0.004937251458968135,31300.0,25642.0,30646.0,87588.0,-0.23,0.00782780845884706,-0.06779661016949153,-0.18076677316293932,0.19514858435379456,-0.001672804215928727
2023,8374,羅昇,795431.0,0.0020416604331488213,0.02,1122505.0,0.39,0.03,0.042013557972401284,0.002880451007454776,247134.0,254479.0,278476.0,780089.0,-0.16,0.06856003505694387,0.07692307692307691,0.029720718314760308,0.09429854722786546,0.0009727705477578548
2023,1316,上曜,162686.0,-0.16459928942871543,-0.13,2190580.0,0.31,0.52,0.08107688331418157,0.1267086535924946,53619.0,49555.0,77620.0,180794.0,-0.16,1.5628209720579054,1.6774193548387097,-0.07579402823625958,0.5663404298254464,-0.2123059089956979
2023,2402,毅嘉,2073061.0,0.05746430037514574,0.4,3075366.0,0.25,0.3,0.04389395218303363,0.04262777692105553,776515.0,794886.0,799507.0,2370908.0,0.57,0.9711537649492515,1.2,0.02365826803088167,0.005813412237729576,0.43023329350352396
2023,6491,晶碩,1615297.0,0.22651685727144916,5.23,700000.0,4.89,6.02,0.24173493110646002,0.2566808178877932,496021.0,590954.0,590171.0,1677146.0,5.25,1.0618275840935498,1.231083844580777,0.19138907425290452,-0.0013249762248838115,5.7627179161945605
2023,2347,聯強,94949700.0,0.017886122862947433,1.02,16679470.0,1.42,5.01,0.02300497017974396,0.07686317511965358,31728433.0,34236328.0,33892154.0,99856915.0,1.01,3.3411551729518068,3.528169014084507,0.07904251054566735,-0.010052888849528485,3.577739813391361
2023,1460,宏遠,1606604.0,-0.07686461629623728,-0.18,6946434.0,0.06,-0.05,0.017789976530785578,-0.012836032695356858,637276.0,665369.0,720391.0,2023036.0,-0.67,-0.7215317385688557,-0.8333333333333334,0.04408294051556938,0.08269396380053773,0.16151899379736057
2023,8021,尖點,612583.0,-0.20132455520313167,-0.86,1421805.0,0.87,0.3,0.1384116937070006,0.049609076035398554,227029.0,239329.0,270458.0,736816.0,0.24,0.3584167977917708,0.3448275862068965,0.054178100595078105,0.1300678145983145,-0.3739418863530734
2023,5519,隆大,872896.0,0.20934567233668158,0.83,2191972.0,0.81,2.05,0.1258897745043279,0.23870707502748692,81182.0,169170.0,166834.0,417186.0,0.23,1.8961593661388323,2.530864197530864,1.0838363183957034,-0.0138085949045339,0.7554983961143314
2023,2913,農林,90324.0,-0.5950467206943891,-0.07,7900000.0,-0.07,-0.05,-0.7382358472823021,-0.3558160187977576,34285.0,34519.0,32912.0,101716.0,-0.05,0.4819814969804537,0.7142857142857143,0.006825142190462374,-0.04655407167067416,-0.0369269649508477
2023,2027,大成鋼,26368599.0,0.06189911720376194,0.52,24342606.0,2.8,0.87,0.16946483326596307,0.06040531015202781,7317811.0,8859977.0,8054404.0,24232192.0,0.55,0.3564474645735257,0.3107142857142857,0.21074143620271135,-0.09092269652618734,0.21963705745843193
2023,4526,東台,2008631.0,-0.007891942322905502,-0.07,2548265.0,0.03,0.39,0.0029590922571374055,0.04525450925083905,561966.0,652761.0,749164.0,1963891.0,0.04,15.293375575460354,13.000000000000002,0.16156671400049105,0.1476849873077588,-0.9301651141764505
2023,4930,燦星網,1433824.0,0.02736807306894012,0.49,800000.0,1.23,1.12,0.04952686103021095,0.047517427423371894,654230.0,775870.0,769465.0,2199565.0,2.24,0.9594273982836643,0.910569105691057,0.18592849609464568,-0.008255248946344107,0.7219434002353602
2023,6776,展碁國際,6069663.0,0.017299477746952344,1.28,815814.0,1.26,1.29,0.01698218680438455,0.018759839162168997,1797122.0,1906313.0,1843189.0,5546624.0,1.23,1.1046774704730893,1.0238095238095237,0.060758813258087185,-0.03311313514622205,1.2992898981374101
2023,1101,台泥,27668242.0,0.12801322902987475,0.44,73561817.0,-0.04,0.22,0.008104192286921596,0.04850558281010889,8953462.0,9379408.0,8735157.0,27068027.0,0.18,5.985245795362772,-5.5,0.047573329735469905,-0.06868781057397222,2.8192980812820734
2023,6214,精誠,8331419.0,0.05115623160952534,1.72,2723033.0,0.63,1.26,0.020301946034120794,0.03670824521789718,2937159.0,2523112.0,2839221.0,8299492.0,1.35,1.8081146091218483,2.0,-0.14096853456009706,0.12528536188643224,2.8191819509611977
2023,2748,雲品,482546.0,0.07547881445499496,0.34,1037826.0,-0.35,0.49,-0.0931219632368,0.08652974042648427,186048.0,170630.0,177470.0,534148.0,0.61,-0.9292087217539395,-1.4000000000000001,-0.08287108703130375,0.04008673738498514,-0.3609735725077959
2023,8131,福懋科,1880837.0,0.12276874604232052,0.53,4422222.0,1.55,1.42,0.2539026058373662,0.23469471045119472,538914.0,505467.0,596727.0,1641108.0,0.09,0.9243493570189082,0.9161290322580644,-0.062063705897415944,0.18054591100902728,0.4211342713842331
2023,1524,耿鼎,669592.0,0.1205734238162941,0.49,1653104.0,0.69,0.71,0.16593224526574332,0.20531897134924748,207747.0,240721.0,246511.0,694979.0,0.83,1.2373663179234733,1.028985507246377,0.15872190693487753,0.024052741555576684,0.6272221523642687
2023,6754,匯僑設計,994394.0,0.027308089147762355,0.41,660000.0,0.58,1.7,0.03381493156470125,0.07241830873292103,413704.0,475111.0,482184.0,1370999.0,2.02,2.1416074314495166,2.931034482758621,0.1484322124030708,0.014887047447859514,1.214854815822305
2023,3019,亞光,4451394.0,0.06664226981480408,1.07,2792439.0,1.0,1.62,0.057678360141066046,0.0891698150427504,1549057.0,1567186.0,1598569.0,4714812.0,0.65,1.5459838806905148,1.62,0.011703249138024008,0.020025064031965467,1.7395440363882382
2023,2504,國產,5187174.0,0.14557097949673561,0.64,11800000.0,0.6,0.57,0.133768003629042,0.12401722007384686,1687045.0,1757726.0,1690330.0,5135101.0,0.64,0.9271067572912617,0.95,0.04189633352992961,-0.038342722358319814,0.5873155957292853
2023,2493,揚博,810447.0,0.20130866052931284,1.43,1144373.0,1.2,1.36,0.14893073779798152,0.19350734625128313,251893.0,293340.0,296829.0,842062.0,1.8,1.2993110026337744,1.1333333333333335,0.16454208731485198,0.011894047862548662,1.924651231169222
2023,1536,和大,1781924.0,0.12092210442196188,0.77,2795175.0,0.66,1.17,0.09637588023107085,0.1615449085067747,526944.0,534523.0,503175.0,1564642.0,0.4,1.6761964520526769,1.7727272727272725,0.014382932531730175,-0.05864668124664418,1.134583841914143
2023,4942,嘉彰,1560012.0,0.1289034956141363,1.41,1423676.0,1.68,1.53,0.11105915121649033,0.11679265119611885,539303.0,560813.0,528625.0,1628741.0,1.39,1.051625641982911,0.9107142857142858,0.03988481428807189,-0.05739524583060662,1.550839046002815
2023,1313,聯成,17580390.0,-0.036601690861238004,-0.48,13568523.0,-0.72,-0.65,-0.04545863582440322,-0.051771823135116565,6142965.0,6494950.0,7063372.0,19701287.0,0.39,1.138877623497102,0.9027777777777778,0.05729887765924113,0.0875175328524469,-0.6052575718572671
2023,2483,百容,486979.0,0.07622710630232515,0.35,1090938.0,0.62,0.42,0.10732656176124337,0.08620033788697569,142418.0,150737.0,143413.0,436568.0,0.19,0.8031594087466933,0.6774193548387096,0.058412560210085784,-0.0485879379316293,0.2449982682419024
2023,6655,科定,592209.0,0.0794128424255626,0.67,740334.0,1.73,1.57,0.20082165176904115,0.16982233624059592,199587.0,210908.0,192879.0,603374.0,1.26,0.8456375831222791,0.9075144508670521,0.05672213120092984,-0.08548276973846414,0.5473106694013004
2023,1217,愛之味,1159575.0,0.017806523941961496,0.04,4945134.0,-0.03,0.52,-0.017035778222433347,0.1606328303861771,482203.0,657803.0,485332.0,1625338.0,0.19,-9.429145430799856,-17.333333333333336,0.36416198157207647,-0.26219248011942786,-0.5518449936535393
2023,2426,鼎元,591192.0,-0.08735740673080826,-0.17,3006223.0,-0.29,-0.2,-0.13078038691641208,-0.10805939285224822,194175.0,185907.0,184149.0,564231.0,-0.07,0.8262660434038483,0.6896551724137931,-0.042580146774816585,-0.009456341073762697,-0.1354738236694539
2023,3679,新至陞,885778.0,0.30821379623336775,4.35,630242.0,2.96,5.52,0.22082382587901278,0.3051441517284544,302218.0,316908.0,311739.0,930865.0,2.82,1.381844330039096,1.8648648648648647,0.048607296719586524,-0.016310727403536673,6.290578051088516
2023,1603,華電,973038.0,0.11492048614750915,0.71,1916880.0,0.36,1.07,0.07272493406298115,0.17539716438520903,296923.0,282068.0,621451.0,1200442.0,1.08,2.411788565298826,2.9722222222222223,-0.0500298057072035,1.2031956833104074,1.73573308574946
2023,6438,迅得,1621089.0,0.10469998871129223,2.38,714317.0,2.36,3.2,0.11595124287277027,0.14239322783839295,372246.0,420736.0,444987.0,1237969.0,2.55,1.2280439977227036,1.3559322033898307,0.13026332049236267,0.05763946988135071,2.2283291689658156
2023,4722,國精化,862435.0,0.04629450335387594,0.4,1000092.0,1.12,0.93,0.09457999295496695,0.10006212315782383,283147.0,322336.0,293932.0,899415.0,0.79,1.0579628950222815,0.8303571428571428,0.13840513937989818,-0.08811922962374663,0.4404737570205894
2023,3167,大量,256157.0,0.0228180373755158,0.08,825381.0,2.71,0.22,0.3151601654273129,0.03290343756658138,81689.0,105410.0,120769.0,307868.0,0.11,0.10440227279982843,0.08118081180811808,0.29038181395291907,0.14570723840242872,0.008885836612402907
2023,3023,信邦,8723328.0,0.10454759926486772,3.82,2395461.0,3.23,3.58,0.10141003611660193,0.10385875455331267,2707368.0,2754476.0,2802165.0,8264009.0,3.64,1.0241467070763606,1.108359133126935,0.01739992494555609,0.017313274829767966,3.693838592240836
2023,1449,佳和,622233.0,0.013911187609786045,0.1,832944.0,0.72,0.54,0.11633713754525124,0.02166305005863327,227642.0,333084.0,236451.0,797177.0,0.44,0.18620924079558923,0.7500000000000001,0.46319220530482075,-0.29011600677306626,0.024791590682980164
2023,2363,矽統,37584.0,22.96080779054917,1.15,7495894.0,0.97,-0.22,11.026194478190684,-2.66378223495702,8003.0,19470.0,53734.0,81207.0,-0.12,-0.24158672697328723,-0.2268041237113402,1.4328376858677996,1.7598356445814072,-0.6009388247628362
2023,3711,日月光投控,136275352.0,0.05679987529953326,1.8,43764308.0,3.7,4.03,0.09965250971989233,0.09258886376674821,48353336.0,52278801.0,53534708.0,154166845.0,2.04,0.9291172297316052,1.0891891891891892,0.08118291982997827,0.024023255621336892,1.8590403450170905
2023,3038,全台,1205163.0,0.10575913797552697,0.86,1574076.0,0.79,1.02,0.09786879330736284,0.11887167704705812,407756.0,378993.0,332760.0,1119509.0,0.91,1.2146024593736888,1.2911392405063291,-0.07053973454713114,-0.12198906048396674,0.9135954974214263
2023,2603,長榮,67384615.0,0.0755698463217457,2.41,21164201.0,19.33,30.39,0.5845353202498336,0.5908353177404041,23424088.0,24917874.0,24483411.0,72825373.0,10.35,1.0107777875387887,1.5721676151060529,0.06377136219775137,-0.01743579729153455,2.628361328679961
2023,6585,鼎基,654699.0,0.1405393929118572,1.33,692430.0,2.21,0.92,0.10544091381974971,0.09623820224719101,209469.0,270723.0,248913.0,729105.0,2.03,0.912721625418662,0.416289592760181,0.2924251321197886,-0.08056205050919207,1.3506742319890048
2023,6668,中揚光,224622.0,-0.383479801622281,-1.1,782451.0,-0.48,-0.25,-0.10100844580073928,-0.06519794787223078,64979.0,65416.0,81702.0,212097.0,-0.7,0.6454702609804298,0.5208333333333334,0.006725249696055702,0.248960498960499,-0.670959192648718
2023,4551,智伸科,1839572.0,0.07190368194340857,1.15,1152225.0,3.11,3.68,0.15661022484601517,0.1780639119648674,582609.0,676723.0,544137.0,1803469.0,1.52,1.13698778058678,1.1832797427652735,0.1615388708379033,-0.1959235905976301,1.279612030751092
2023,8454,富邦媒,26212415.0,0.03215571705239673,3.85,2403404.0,3.06,3.46,0.03309988461489196,0.0321091866861275,8458758.0,8619251.0,7996666.0,25074675.0,2.4,0.9700694446433588,1.130718954248366,0.018973589266887636,-0.07223191435079457,3.2543897016747163
2023,2367,燿華,4031496.0,0.06725270222269847,0.4,6694072.0,0.41,0.98,0.05789207393784212,0.11154942720809043,1255904.0,1330375.0,1250692.0,3836971.0,0.02,1.9268514603201023,2.3902439024390243,0.05929672968634536,-0.0598951423470826,0.7427730076095258
2023,2408,南亞科,7027071.0,-0.10970061352731458,-0.25,30980955.0,2.13,0.85,0.36464104055578184,0.23958055567526862,2437193.0,2574894.0,2724287.0,7736374.0,-0.81,0.6570312417661561,0.39906103286384975,0.05649983403037839,0.05801908738767492,-0.1799855887326072
2023,1103,嘉泥,725302.0,-0.0027560933238843957,0.0,7902474.0,-0.62,0.41,-0.7774240169701585,0.46862443950146526,266631.0,238917.0,232979.0,738527.0,0.18,-0.602791307281485,-0.6612903225806451,-0.10394140216253922,-0.024853819527283494,0.0015526165161349372
2023,6552,易華電,444456.0,0.080883147038177,0.43,830000.0,0.88,0.0,0.10408213486554078,0.0004636005025539176,156020.0,172753.0,174470.0,503243.0,0.27,0.004454179414678831,0.0,0.1072490706319702,0.009939045921054879,0.002184365946353415
2023,6192,巨路,1761486.0,0.13516996445046967,2.48,961558.0,1.94,2.53,0.1281015715577861,0.15537013505323638,555933.0,538772.0,590824.0,1685529.0,2.31,1.2128667366360104,1.3041237113402062,-0.030868827718448122,0.09661229611041411,2.8737833793634846
2023,3653,健策,2838504.0,0.20096536767254863,4.15,1406278.0,5.38,5.2,0.22919476320320864,0.24793689862470178,1078992.0,1168677.0,1028774.0,3276443.0,5.41,1.081773837933967,0.966542750929368,0.08311924462831977,-0.1197105787142213,5.065112903008975
2023,6505,台塑化,159397250.0,-0.007262252015012806,-0.13,95259597.0,1.78,-0.66,0.0707524551793873,-0.02741906120415118,53433838.0,68847975.0,70376594.0,192658407.0,1.81,-0.387535119942231,-0.3707865168539326,0.28847145511052386,0.02220281714894301,0.056919569528968206
2023,2838,聯邦銀,4633120.0,0.27533325275408366,0.19,39821791.0,0.0,0.34,0.1597009422135495,0.2689234790869306,1692317.0,1414330.0,1184019.0,4290666.0,0.31,1.683919176427466,inf,-0.16426414200176442,-0.1628410625525868,0.4995555961417899
2023,6715,嘉基,583214.0,0.15334679894515563,1.44,622755.0,2.71,3.27,0.17864119889176963,0.21540172293686746,201008.0,216598.0,204781.0,622387.0,2.26,1.2057785341407685,1.2066420664206643,0.0775591021252886,-0.05455729046436253,1.847930155132602
2023,3189,景碩,6462205.0,0.0029635395348801222,0.04,4544991.0,4.65,4.79,0.18297015674794612,0.18715836853143175,1935157.0,2132605.0,1978409.0,6046171.0,-0.76,1.02289013606331,1.0301075268817204,0.10203203150958817,-0.07230406005800416,0.040326182780190914
2023,2323,中環,1772843.0,0.7820026928498462,1.28,10893483.0,-0.48,-0.25,-0.2958206873069741,-0.1470901272936268,663359.0,651164.0,652777.0,1967300.0,-0.98,0.4972273191326572,0.5208333333333334,-0.018383710781040175,0.002477102542523868,0.7022100852299339
2023,1558,伸興,1906487.0,0.05046139837302851,1.45,665356.0,3.37,2.06,0.10595126581358301,0.0892493300278026,647790.0,734399.0,735363.0,2117552.0,1.6,0.8423620930101317,0.6112759643916914,0.13369919263959007,0.0013126379529384558,1.3528140428061495
2023,1618,合機,964403.0,0.0780959826960306,0.39,1926917.0,0.27,0.21,0.09923446403983129,0.04827448192714875,231100.0,699174.0,478542.0,1408816.0,0.47,0.48646891374121864,0.7777777777777777,2.025417568152315,-0.31556093332990076,0.27776342227042794
2023,1231,聯華食,2420438.0,0.04022164583434899,0.3,2466566.0,0.58,1.04,0.06314974057337654,0.08326373360881681,956916.0,1042128.0,796194.0,2795238.0,0.67,1.3185126787982433,1.7931034482758623,0.08904856852639109,-0.23599212380820778,0.6009940866360188
2023,2106,建大,8704003.0,0.04450837160786824,0.43,9548900.0,0.5,0.25,0.04386390284220201,0.022327530597406307,2866428.0,3192729.0,2891529.0,8950686.0,0.45,0.5090183305787535,0.5,0.11383540769208222,-0.09433935670706783,0.21236263442777994
2023,1597,直得,285978.0,0.15396638902293183,0.5,892619.0,1.13,0.82,0.20074351088585846,0.21276509891883552,80224.0,82382.0,82550.0,245156.0,0.29,1.0598853132533508,0.7256637168141593,0.026899680893498257,0.0020392804253355212,0.44818900527738964
2023,1441,大東,267372.0,-0.38872058405517407,-0.93,632952.0,-0.32,-0.93,-0.07556907113016736,-0.24732627350355446,119829.0,105790.0,74396.0,300015.0,-2.22,3.2728505168144273,2.90625,-0.11715861769688474,-0.2967577275734946,-6.030258103171821
2023,6230,尼得科超眾,2752614.0,0.09440517268312956,3.01,863434.0,1.83,2.7,0.05547065181568357,0.07299468289028262,1002265.0,951543.0,892860.0,2846668.0,2.16,1.3159153624663982,1.4754098360655739,-0.050607374297216845,-0.06167141159148881,4.095730962464097
2023,2015,豐興,8998152.0,0.06835014567435625,1.06,5815994.0,1.55,1.01,0.08335962692751385,0.06624175400471284,2813757.0,2656385.0,2593196.0,8063338.0,0.91,0.7946503175009886,0.6516129032258065,-0.05592949213453757,-0.023787591030667632,0.753019843680463
2023,2434,統懋,13589.0,-0.6253587460445948,-0.23,370000.0,-0.49,0.62,-0.6701427823876803,0.9883826387389333,6338.0,5833.0,8257.0,20428.0,-0.3,-1.4748836586993932,-1.2653061224489797,-0.07967813190280848,0.4155666038059318,0.5092266417441877
2023,2538,基泰,50398.0,0.340469859915076,0.04,4384488.0,0.15,0.38,0.5163976552433021,2.146536179998432,17006.0,108380.0,17038.0,142424.0,-0.17,4.156750438742961,2.5333333333333337,5.373044807714924,-0.842793873408378,0.45972372435287373
2023,8081,致新,2082823.0,0.20169404697374668,4.9,861721.0,7.47,5.2,0.26898744415457604,0.24927758602937555,712720.0,814304.0,715275.0,2242299.0,6.09,0.9267257318007972,0.6961178045515395,0.14253002581659002,-0.12161183047117541,4.863748933602526
2023,8028,昇陽半導體,934082.0,0.142071038731075,0.87,1526280.0,0.6,0.81,0.12698430092474006,0.14887585568333922,286932.0,247130.0,253599.0,787661.0,0.76,1.1723957575793063,1.35,-0.1387157932890023,0.02617650629223478,0.8595772705453425
2023,8150,南茂,5444124.0,0.11545071346648239,0.86,7272401.0,1.82,0.92,0.19273185762967843,0.12786905589860192,1836225.0,1832982.0,1912350.0,5581557.0,0.8,0.6634557331164933,0.5054945054945055,-0.0017661234325858644,0.04329993420557332,0.5878765255826818
2023,2515,中工,4846994.0,0.03468871634666765,0.11,15308998.0,0.04,0.06,0.018956162262968486,0.024738525679310373,1594613.0,1733638.0,1656859.0,4985110.0,0.1,1.3050387170212154,1.5,0.08718416317940458,-0.04428779249185821,0.14741429669379008
2023,3454,晶睿,2560978.0,0.04989695342951013,1.48,865679.0,1.57,2.56,0.06444237750340108,0.08632915021294729,1024364.0,721985.0,569328.0,2315677.0,1.68,1.339633228280429,1.6305732484076432,-0.29518706241140846,-0.21144068090057277,1.7880556884265881
2023,8011,台通,413442.0,0.0027549208837031555,0.0,1509219.0,-0.65,-0.18,-0.26544251411109704,-0.05991729440578012,174635.0,183419.0,174953.0,533007.0,0.01,0.2257260657978195,0.2769230769230769,0.05029919546482664,-0.04615661409123373,0.0021961980022204603
2023,1725,元禎,1825088.0,0.021756759126135287,0.22,1818300.0,0.05,0.98,0.0034395037648873696,0.09437998502030143,587885.0,726950.0,604467.0,1919302.0,0.68,27.440000497685748,19.599999999999998,0.2365513663386547,-0.16848889194580097,6.301676368984853
2023,1531,高林股,400401.0,-0.04290199075426884,-0.09,1836081.0,0.43,0.36,0.11455796382364929,0.11432157956675239,130119.0,112308.0,117776.0,360203.0,0.46,0.9979365532608384,0.8372093023255813,-0.13688239227168975,0.04868753784236213,-0.08399160197526274
2023,2850,新產,5059244.0,0.1419164602458391,2.28,3159633.0,1.2,1.78,0.08317237993845705,0.11565797445036768,1833973.0,1743570.0,1699357.0,5276900.0,3.15,1.3905815192008233,1.4833333333333334,-0.04929352831257605,-0.025357743021501844,3.2958804218992226
2023,1808,潤隆,4458545.0,0.30378924066034996,3.01,4510261.0,0.0,-0.25,0.0010012524627580736,-1.9828155229316036,3262113.0,5965649.0,7714736.0,16942498.0,9.2,-1980.335226811521,-inf,0.8287683473871077,0.29319307924418614,-22598.877598750536
2023,1733,五鼎,417281.0,0.06475013240478239,0.27,999502.0,0.29,0.64,0.04778944425715954,0.10570326254628575,149769.0,147378.0,115344.0,412491.0,0.38,2.211853772090055,2.2068965517241383,-0.015964585461610836,-0.21735944306477217,0.5910549822637029
2023,3149,正達,482635.0,-0.02958343261470884,-0.06,2243296.0,-0.46,-0.25,-0.14686583324082622,-0.08614634716645157,164089.0,162737.0,159050.0,485876.0,-0.27,0.5865649298104029,0.5434782608695652,-0.008239431040471978,-0.02265618759102106,-0.03758404534060886
2023,2491,吉祥全,46829.0,-0.2995152576394969,-0.18,820080.0,-2.29,-1.34,0.8666559025695437,1.552241112828439,17116.0,18033.0,17937.0,53086.0,-0.13,1.7910696831651491,0.5851528384279476,0.05357560177611598,-0.005323573448677399,-0.3472603636837807
2023,3432,台端,4920.0,-0.9317073170731708,-0.07,665860.0,0.62,1.11,6.80746887966805,11.37505787930236,1940.0,1057.0,1298.0,4295.0,-0.09,1.6709672978860595,1.7903225806451615,-0.4551546391752578,0.22800378429517498,-0.10042172990179138
2023,1726,永記,2173919.0,0.08725670091663949,1.17,1620000.0,1.26,1.07,0.08970924814356977,0.0737147576256278,706595.0,784327.0,708441.0,2199363.0,1.35,0.8217074510272949,0.8492063492063493,0.11000926980802306,-0.09675301245526424,0.973414730123415
2023,5258,虹堡,1968862.0,0.10077039426836416,2.0,1077812.0,1.65,2.53,0.09188289828374627,0.11848682151348798,657750.0,645268.0,784999.0,2088017.0,2.25,1.2895416201128675,1.5333333333333332,-0.018976814899277827,0.21654723308764723,2.5174412088248017
2023,2425,承啟,1478081.0,0.04128258194239693,0.63,964988.0,1.06,1.49,0.062361567555033144,0.08936108973353313,758649.0,695313.0,899451.0,2353413.0,0.86,1.4329513069836373,1.4056603773584906,-0.08348524811869518,0.2935915192150873,1.442694977562169
2023,2227,裕日車,6157736.0,0.020999276357414477,0.43,3000000.0,0.74,3.11,0.054665025119874186,0.18023738086663432,2084877.0,1510974.0,2840639.0,6436490.0,1.28,3.297124266775589,4.202702702702703,-0.2752694763288194,0.8800052151790831,1.485482325777021
2023,1722,台肥,6031135.0,0.43038167774390723,2.65,9800000.0,0.79,0.64,0.2052945219648589,0.16927590688715533,930082.0,1021253.0,966873.0,2918208.0,0.62,0.8245515041854403,0.810126582278481,0.09802469029612437,-0.053248313591245267,1.056724387877024
2023,2705,六福,460890.0,-0.20168586864544685,-0.49,1913128.0,-1.31,0.21,-1.2722274727396523,0.0672890246733714,207028.0,223672.0,180124.0,610824.0,-0.09,-0.05289071814214892,-0.16030534351145037,0.08039492242595214,-0.1946958045709789,0.034058616188681966
2023,1307,三芳,2291749.0,0.08246278279165825,0.47,3978181.0,0.41,0.46,0.05926611100870501,0.059736224571389406,893367.0,1038632.0,838162.0,2770161.0,0.79,1.007932249217691,1.1219512195121952,0.16260394664230948,-0.19301350237620252,0.578775047332362
2023,9925,新保,2016665.0,0.1844480863207325,0.97,3874896.0,1.02,0.54,0.20491406134475196,0.10987944357934532,635720.0,627665.0,641976.0,1905361.0,0.51,0.5362220769929581,0.5294117647058824,-0.012670672623167456,0.022800379183163022,0.4863356041760309
2023,2887,台新金,17514621.0,0.21801881981916707,0.25,135770618.0,0.17,0.26,0.16239231101162477,0.2310816066403202,6647316.0,6399281.0,3414502.0,16461099.0,0.22,1.4229836696133868,1.5294117647058822,-0.03731355632859934,-0.4664241185845722,0.3761377587871549
2023,1776,展宇,242907.0,-0.015405072723305628,-0.05,703033.0,-0.01,0.0,-0.0017024219969007876,-0.00018355912108281827,101861.0,101916.0,109181.0,312958.0,0.09,0.10782233865456543,-0.0,0.0005399515025377166,0.07128419482711257,-0.007394057897377411
2023,2417,圓剛,892354.0,0.046353801294105254,0.31,1582089.0,0.26,0.07,0.030867472536823797,0.010016176189854214,277340.0,295054.0,291023.0,863417.0,0.11,0.3244896768890058,0.2692307692307693,0.06387106079180782,-0.013661905956197873,0.08208729109738187
2023,2548,華固,1605573.0,0.1886989878379868,1.1,2768127.0,7.44,0.98,0.20851943754332422,0.15352759547015601,184513.0,1225117.0,1475229.0,2884859.0,2.24,0.7362747438749324,0.13172043010752688,5.639732701760852,0.20415356247607375,1.4479316256276618
2023,3034,聯詠,30299029.0,0.22680261469765253,11.29,6085115.0,13.95,7.07,0.26975292250993305,0.22005464614388107,9675040.0,9694234.0,9560688.0,28929962.0,10.46,0.8157637147963728,0.506810035842294,0.0019838677669550275,-0.0137758176664603,8.796127462741286
2023,4999,鑫禾,567123.0,0.140824829886991,1.08,744172.0,1.18,1.24,0.1457111975573675,0.16538908622408402,126200.0,153040.0,180549.0,459789.0,0.15,1.1350471960740642,1.0508474576271187,0.21267828843106185,0.17975039205436483,0.9875939189006465
2023,4540,全球傳動,743593.0,-0.0414823700599656,-0.33,951588.0,0.57,1.15,0.05451540349995611,0.12479381090764931,204164.0,249048.0,176788.0,630000.0,0.3,2.2891477068082193,2.017543859649123,0.21984287141709613,-0.2901448716713244,-0.6286790243920302
2023,4583,台灣精銳,702511.0,0.3625537536067051,3.17,801714.0,2.66,3.74,0.23890567676502653,0.36778293534723105,222732.0,221896.0,201638.0,646266.0,3.79,1.5394482890792107,1.406015037593985,-0.0037533897239732106,-0.09129502109096155,4.4991383896023285
2023,2033,佳大,155001.0,-0.005541899729679164,-0.01,806945.0,,-0.06,-0.005774712006650568,-0.02357690666608317,41668.0,46665.0,44607.0,132940.0,0.0,4.082784845188874,1.0,0.11992416242680237,-0.04410157505625201,-0.03727579351159782
2023,4438,廣越,4753159.0,0.05377833983672753,2.48,1034255.0,3.23,8.94,0.06925593002890311,0.11866962009788967,2091788.0,2189079.0,2232541.0,6513408.0,6.28,1.713493993198335,2.7678018575851393,0.04651092749360841,0.019854011664266036,5.803241335348141
2023,1723,中碳,2293761.0,0.2100519626935849,2.08,2369044.0,2.4,1.94,0.17222824021753613,0.17181023382476004,642568.0,666121.0,530119.0,1838808.0,1.45,0.9975729509153196,0.8083333333333333,0.03665448637342661,-0.20417011323768508,1.6264273406747516
2023,8422,可寧衛,1243455.0,0.24790040652858367,2.83,1090504.0,3.29,3.1,0.28290925037444603,0.23981230971319317,158104.0,211596.0,310817.0,680517.0,1.36,0.8476651413687899,0.9422492401215805,0.3383342609927642,0.4689171817992779,1.3113338706371567
2023,1805,寶徠,78972.0,-0.18006382008813251,-0.14,1002654.0,-0.15,-0.13,-0.6661627960240025,-0.1050023279488009,62095.0,621.0,631.0,63347.0,-0.21,0.15762262404251343,0.8666666666666667,-0.9899991947821886,0.016103059581320522,-0.017931638473865384
2023,2474,可成,6891756.0,0.6505076500096637,6.5,6803641.0,4.86,7.03,0.6654286382217555,0.5817025311166251,1736674.0,1405335.0,1185500.0,4327509.0,6.56,0.874177180998891,1.4465020576131686,-0.19078940549579249,-0.15642889417825645,3.616999628299151
2023,6477,安集,514079.0,0.18566407108635055,0.76,1237356.0,0.22,0.83,0.04219988507828058,0.09440726972325485,99553.0,79120.0,76698.0,255371.0,0.39,2.2371451853039366,3.7727272727272725,-0.20524745612889617,-0.030611729019211276,0.8572331303064777
2023,1537,廣隆,1609586.0,0.1049816536674648,2.07,820648.0,3.23,3.09,0.13080740918874903,0.12410582624792144,515802.0,574790.0,534044.0,1624636.0,2.21,0.9487675584862512,0.956656346749226,0.1143617124400449,-0.07088849840811429,1.9718432713932406
2023,3704,合勤控,7123776.0,0.04269308860918704,0.77,4030700.0,0.17,1.81,0.011860780802091,0.08803981992820682,1966629.0,2620970.0,2386258.0,6973857.0,0.73,7.422767640447905,10.647058823529411,0.33272213518665694,-0.0895515782324865,5.482971683768107
2023,2364,倫飛,273972.0,0.1613230549107208,1.78,310002.0,0.96,1.44,0.10013869160601528,0.15639699999120749,82344.0,84462.0,88310.0,255116.0,0.42,1.5618039089878901,1.5,0.025721364033809424,0.045558949586796516,2.0734623037472777
2023,2104,國際中橡,4074526.0,-0.08880444007474735,-0.37,9847336.0,-0.01,0.57,-0.0007755167331464543,0.08221856884049851,1562155.0,1563646.0,1586599.0,4712400.0,0.01,-106.01778830344303,-56.99999999999999,0.0009544507427239335,0.014679153721494531,45.05435854615602
2023,1213,大飲,27330.0,-1.483607757043542,-0.72,566226.0,-0.31,-0.3,-0.1897352456278353,-0.1611365789700351,-297.0,-998.0,-5934.0,-7229.0,-0.65,0.849270668909369,0.9677419354838709,2.3602693602693603,4.945891783567134,0.16086206440579667
2023,1472,三洋實業,536782.0,0.03963992831354256,0.85,249881.0,0.3,-0.43,0.029360184437131766,-0.04663194153475674,195647.0,175397.0,173810.0,544854.0,1.86,-1.5882714100317918,-1.4333333333333333,-0.10350273707238034,-0.009048045291538576,-1.3727912016845436
2023,6796,晉弘,142352.0,0.2004538046532539,0.86,332907.0,1.0,0.7,0.13377745139180305,0.18995368191613207,36845.0,42583.0,42974.0,122402.0,0.5,1.4199230134815612,0.7,0.15573347808386484,0.009182067961392981,1.0465131472415077
2023,6670,復盛應用,5057050.0,0.1033990172135929,3.93,1325736.0,10.29,10.33,0.1611301692813318,0.16837686207672445,1590795.0,1741805.0,1882730.0,5215330.0,3.55,1.044974152436593,1.0038872691933918,0.09492737907775672,0.08090744945616768,4.250565404632763
2023,1234,黑松,2300026.0,0.08863421543930373,0.51,4018711.0,0.44,0.98,0.08839375180671281,0.13417870501022897,983847.0,1121037.0,1017186.0,3122070.0,0.94,1.5179659451907,2.227272727272727,0.1394424133020684,-0.09263833397113563,1.045247876302172
2023,2461,光群雷,1379720.0,0.02550517496303598,0.23,1600309.0,0.46,0.43,0.041823892400987474,0.04243113207607217,514744.0,481665.0,440396.0,1436805.0,0.26,1.0145189660795504,0.9347826086956521,-0.06426301229348963,-0.08567988124526382,0.2323177861603466
2023,9910,豐泰,20656426.0,0.05795053800691368,1.12,9874828.0,2.93,3.09,0.10429252556207366,0.1051846248462057,7781588.0,8552577.0,6737066.0,23071231.0,1.71,1.0085538180164317,1.0546075085324231,0.09907861994235634,-0.2122764869582583,1.365519095837306
2023,2537,聯上發,133671.0,-0.139686244585587,-0.07,3005579.0,0.02,0.07,0.019494528775921068,0.08053146379566425,2128.0,86748.0,71684.0,160560.0,-0.01,4.130977707711191,3.5000000000000004,39.765037593984964,-0.17365241849956192,-0.30825895715963
2023,5222,全訊,345206.0,0.3934172638946021,2.02,745637.0,0.2,1.02,0.04895649576054174,0.2802923835239262,101392.0,100135.0,108076.0,309603.0,1.4,5.725335916502382,5.1,-0.012397427804955008,0.07930294102961,9.352594307918615
2023,1519,華城,3102719.0,0.1752488704262294,2.08,2610585.0,0.89,0.52,0.11377499952324813,0.08234473684850518,1241976.0,961051.0,1441440.0,3644467.0,2.73,0.7237507114353302,0.5842696629213483,-0.22619197150347514,0.4998579679954549,1.7706813574151556
2023,3002,歐格,176377.0,0.06498579746792382,0.12,1020000.0,-0.04,0.02,-0.022233117030280886,0.014355194291580418,48289.0,58469.0,39030.0,145788.0,0.06,-0.6456671942143355,-0.5,0.21081405703162215,-0.3324667772665857,-0.059972034189231145
2023,8464,億豐,6709707.0,0.20185873988238234,4.62,2930202.0,5.66,5.24,0.20049898264794183,0.22211081834648266,2216534.0,2382969.0,2304128.0,6903631.0,5.41,1.1077902511679536,0.9257950530035336,0.07508795263235313,-0.03308519749942196,5.268477219380123
2023,1612,宏泰,1452247.0,0.1183517679843718,0.55,3160801.0,0.09,0.25,0.019295808992695156,0.05369790141629668,499259.0,677991.0,459278.0,1636528.0,0.38,2.7828789887288568,2.7777777777777777,0.3579945479200175,-0.3225898278885708,1.705278662443616
2023,3055,蔚華科,357538.0,-0.13587087246670285,-0.43,1187419.0,-0.68,1.03,-0.1554148578680935,0.19478136039773375,100792.0,123529.0,87304.0,311625.0,-1.03,-1.253299479017972,-1.5147058823529411,0.22558337963330422,-0.29325097750325835,0.4468991421044891
2023,3338,泰碩,854569.0,0.0756182356252099,0.74,879081.0,0.89,0.91,0.06504390457343451,0.06549752629337177,306754.0,366277.0,369227.0,1042258.0,0.98,1.0069740850109195,1.0224719101123596,0.19404147949171002,0.008054013765538048,0.9027992249517757
2023,1304,台聚,12759120.0,0.002121071045652051,0.03,11887635.0,0.33,0.16,0.019830825267110483,0.010665099817762006,3963359.0,5032636.0,4506836.0,13502831.0,0.21,0.5378041344275332,0.48484848484848486,0.269790599337582,-0.10447805086638495,0.012957127200124846
2023,8215,明基材,4635046.0,0.0310223458407964,0.44,3206745.0,0.82,1.66,0.06365500233481204,0.14643873815744046,1531080.0,1487054.0,1584168.0,4602302.0,0.59,2.300506366918396,2.024390243902439,-0.02875486584633069,0.06530630360430756,1.0242565780621047
2023,3622,洋華,391142.0,0.1979204483282286,0.51,1513276.0,0.67,1.54,0.19878718526562433,0.684237089201878,172447.0,171940.0,178077.0,522464.0,1.85,3.4420583413743877,2.298507462686567,-0.002940033749499804,0.03569268349424215,2.3520530877464654
2023,1232,大統益,5661485.0,0.045635729848264195,1.61,1599749.0,2.36,0.78,0.06350258763545806,0.020527262055094565,1761631.0,2202657.0,1874068.0,5838356.0,1.69,0.32325079684835895,0.3305084745762712,0.25035095317918454,-0.14917846945756874,0.5383730730688813
2023,8367,建新國際,531520.0,0.10057194461167972,0.61,877339.0,0.09,1.39,0.016059490905810114,0.1853538039072664,181284.0,192013.0,194984.0,568281.0,0.64,11.541698612638326,15.444444444444445,0.05918338077271024,0.015472910688338892,7.518691708377478
2023,1432,大魯閣,324092.0,0.029846463349912988,0.11,900000.0,-0.77,0.45,-0.30322586387993805,0.12062561989776455,135685.0,134101.0,107050.0,376836.0,0.48,-0.39780782006618715,-0.5844155844155844,-0.011674098094852092,-0.2017210908196061,-0.04971369790102303
2023,2476,鉅祥,1441874.0,0.1666948707029879,1.26,1906543.0,1.08,1.65,0.12877161697244108,0.16465405602842376,490969.0,493219.0,486606.0,1470794.0,1.29,1.2786517704725415,1.5277777777777777,0.004582774065164941,-0.013407837086568009,1.6442951114561881
2023,6209,今國光,703751.0,0.07015123246716523,0.28,1743811.0,0.06,0.2,0.01213240678089301,0.03970258089752513,222627.0,240362.0,237100.0,700089.0,,3.272440630662963,3.3333333333333335,0.07966239494760297,-0.013571196778192851,0.9216391669900471
2023,4938,和碩,280708258.0,0.011141129307282439,1.17,26666484.0,1.17,1.98,0.0109847432670011,0.014921897680505725,93585467.0,89353095.0,132827701.0,315766263.0,1.72,1.3584202486854744,1.6923076923076923,-0.04522467147596754,0.4865484066332566,1.7921045044288495
2023,1410,南染,56981.0,0.1143012583141749,0.11,630000.0,0.24,0.25,0.13125508410086856,0.17711661341853036,17677.0,20769.0,16372.0,54818.0,0.12,1.349407641096916,1.0416666666666667,0.17491655823952024,-0.21170975973807116,0.1342075083835061
2023,8103,瀚荃,758308.0,0.08767018150936032,0.84,789534.0,1.57,1.31,0.11708881057667637,0.11325883484716262,263341.0,294409.0,263296.0,821046.0,1.4,0.9672899937180106,0.8343949044585988,0.11797631208205339,-0.1056795138735569,0.8818713905596965
2023,1225,福懋油,3482609.0,0.011487651929918059,0.18,2296382.0,0.67,-0.05,0.03868834276765726,-0.00278349332483189,1215578.0,1232824.0,1184327.0,3632729.0,0.54,-0.07194656389259554,-0.07462686567164178,0.014187489408330922,-0.03933813747947801,-0.013074653623978319
2023,3706,神達,10256447.0,0.06922124201490049,0.59,12065568.0,0.44,7.17,0.04561672975128406,0.6951585522517654,2823392.0,2988316.0,3966486.0,9778194.0,0.52,15.239114159256395,16.295454545454547,0.05841342612007128,0.3273315138024224,8.5488950931264
2023,6141,柏承,709464.0,-0.07276479144819187,-0.46,1133540.0,0.09,-0.17,0.010710970775249611,-0.02563555164238319,200405.0,253717.0,262450.0,716572.0,-0.64,-2.393391988485355,-1.888888888888889,0.26602130685362146,0.03442023987356002,1.1009259435051264
2023,2546,根基,3951296.0,0.09220696196893374,3.13,1207216.0,1.39,2.04,0.052555979294575984,0.07035160961420593,1013343.0,1038610.0,943861.0,2995814.0,1.06,1.3386033436820868,1.4676258992805757,0.02493430161357013,-0.09122673573333595,3.0629893151422904
2023,1532,勤美,4661540.0,0.06913831051540907,0.85,3761252.0,0.25,0.52,0.030401332985571274,0.05604658868197993,2487753.0,1732102.0,1201528.0,5421383.0,1.02,1.8435569489199737,2.08,-0.30374840267502445,-0.3063179882016186,1.837185370876198
2023,2332,友訊,4151226.0,0.09282318042910696,0.65,5998365.0,0.01,0.0,0.0007988932405837766,0.0004202903236235492,1313959.0,1198656.0,1311826.0,3824441.0,0.02,0.5260907243581505,0.0,-0.08775235756975674,0.09441407709968508,0.31135236276559497
2023,2890,永豐金,13750238.0,0.3891530459327322,0.43,123764399.0,0.33,0.42,0.32927764797726033,0.3641695909341276,5403903.0,4832651.0,4327746.0,14564300.0,0.45,1.1059651123336403,1.2727272727272727,-0.10571100184440763,-0.10447785283894906,0.5064723494132982
2023,3092,鴻碩,553046.0,-0.008116865504858546,-0.01,1063176.0,0.68,0.59,0.061663163152337,0.06857791287534264,207198.0,183520.0,186592.0,577310.0,0.15,1.1121374475377295,0.8676470588235293,-0.11427716483749839,0.016739319965126453,-0.049017451772134873
2023,3033,威健,17510754.0,0.007743926960540934,0.32,4265280.0,1.29,0.88,0.031160809957306166,0.02046218323055612,5912604.0,5919842.0,6832430.0,18664876.0,0.6,0.6566640359667039,0.6821705426356589,0.0012241645136390478,0.15415749271686652,0.22252665642059435
2023,3130,一零四,600362.0,0.2133079708575826,3.86,331907.0,4.02,3.64,0.24179917462076558,0.20765975447653012,225568.0,205445.0,197766.0,628779.0,4.54,0.8588108491363577,0.9054726368159205,-0.0892103489856717,-0.037377400277446515,3.4704534487238328
2023,6281,全國電,5858430.0,0.02984656298701188,1.77,991729.0,1.83,1.55,0.03028590404514145,0.026126593139445507,2155750.0,1820261.0,1504462.0,5480473.0,1.23,0.8626651230388749,0.8469945355191256,-0.15562518844949558,-0.17349105430484968,1.4228581190432545
2023,5306,桂盟,1234184.0,0.17801964698942782,1.75,1260000.0,4.13,4.81,0.275296008968847,0.31638756105652566,405342.0,400008.0,352499.0,1157849.0,1.26,1.1492631594682097,1.1646489104116222,-0.013159258107968141,-0.11877012459750802,1.8800474072167932
2023,2485,兆赫,1510052.0,0.031708179585868565,0.15,3176890.0,-0.03,0.25,-0.006599837204015634,0.04305017732093159,527764.0,512742.0,504499.0,1545005.0,0.23,-6.522915034137198,-8.333333333333334,-0.028463479888738097,-0.016076311283257483,-1.0058674219036332
2023,2025,千興,26918.0,13.655026376402407,1.3,2811673.0,-0.24,1.34,-0.15735833960843373,5.483500612709342,271.0,43613.0,231706.0,275590.0,-0.01,-34.847219577648936,-5.583333333333334,159.93357933579335,4.31277371425951,-466.4008353946536
2023,2520,冠德,4442079.0,0.043932582018464776,0.36,5541701.0,0.82,0.6,0.09499803937814741,0.07321443396432299,1229817.0,1888548.0,1850438.0,4968803.0,1.43,0.770694157938218,0.7317073170731707,0.5356333503277317,-0.0201795241635373,0.3035830249039168
2023,1463,強盛,65784.0,-0.041089018606348046,-0.02,1732684.0,-0.23,0.28,-0.3204773229148972,0.37453445626905413,25823.0,38818.0,38000.0,102641.0,0.27,-1.1686769374584167,-1.2173913043478262,0.5032335514851101,-0.021072698232778575,0.028446035769028422
2023,4766,南寶,5083350.0,0.08983406611781601,3.78,1205707.0,2.58,3.08,0.05539715237839118,0.06321250199408524,1756548.0,1866643.0,1828163.0,5451354.0,5.35,1.141078544296125,1.193798449612403,0.06267690948382842,-0.020614547077293266,4.634674086299937
2023,9934,成霖,4685791.0,0.03554703997681501,0.42,4084140.0,-2.86,0.26,-0.1966931037104798,0.019455303703611627,1547890.0,1703986.0,1546738.0,4798614.0,0.47,-0.098911976762788,-0.09090909090909091,0.10084437524630308,-0.09228244832997456,-0.04131117235851718
2023,2376,技嘉,26133800.0,0.03403737688357606,1.4,6356889.0,1.55,1.84,0.04332146085535236,0.048329484006063794,8691762.0,11937368.0,16271282.0,36900412.0,2.33,1.1156014375284553,1.1870967741935483,0.37341174321156045,0.36305440194186867,2.204203743944333
2023,1447,力鵬,7568125.0,-0.0159554711371707,-0.14,9144872.0,0.22,-0.06,0.024591885313295845,-0.007422520151318067,3222017.0,1938288.0,1328742.0,6489047.0,0.05,-0.3018280240313665,-0.2727272727272727,-0.398424030661539,-0.31447648646640747,0.034172163994475306
2023,6205,詮欣,282218.0,0.0644324600131813,0.23,800347.0,1.0,1.09,0.1704572572305721,0.19179892423135667,101991.0,78195.0,83877.0,264063.0,0.45,1.125202454547983,1.09,-0.23331470423860934,0.07266449261461738,0.23920189470937836
2023,2354,鴻準,16798647.0,0.08130613138069989,0.97,14144852.0,0.73,1.1,0.054530193655994375,0.08703244978417732,7560000.0,7893114.0,6879714.0,22332828.0,0.75,1.5960414579347464,1.5068493150684934,0.04406269841269839,-0.12839039192896495,2.048862336423734
2023,1709,和益,2406706.0,0.05195607606413081,0.26,4770163.0,0.75,0.54,0.13513663693290967,0.10166456071687537,631537.0,853507.0,845980.0,2331024.0,0.33,0.7523093886622919,0.7200000000000001,0.3514758438539627,-0.0088189083393575,0.19100571036258226
2023,3515,華擎,4086598.0,0.03865807206874765,1.29,1219894.0,2.02,1.47,0.06876721682172461,0.05034429936558498,1303108.0,1636486.0,1973763.0,4913357.0,2.53,0.7320973814615753,0.7277227722772277,0.2558329777731394,0.2060983106485481,1.139896106672772
2023,2405,輔信,397037.0,0.031233864853905304,0.04,3434273.0,0.11,0.11,0.07615454496012698,0.0927172020123839,146798.0,155915.0,152305.0,455018.0,0.03,1.217487440321898,1.0,0.06210575075954705,-0.023153641407177017,0.05038299474591093
2023,3040,遠見,36934.0,0.430930849623653,0.25,630000.0,0.32,0.77,0.5473672735201134,1.162942740139378,14308.0,13095.0,14717.0,42120.0,0.39,2.1246113832500524,2.40625,-0.08477774671512439,0.12386407025582291,0.612117650599837
2023,1102,亞泥,21136474.0,0.19699501440022588,1.26,35465629.0,1.35,1.33,0.18206583060809406,0.20139158493983508,6790125.0,6469836.0,6691905.0,19951866.0,0.81,1.106147069261671,0.9851851851851852,-0.04716982382504009,0.03432374483680878,1.2258687123388783
2023,2642,宅配通,1038136.0,0.041983901916511905,0.45,954670.0,0.74,0.34,0.061860469193814216,0.02875202155159261,367933.0,356472.0,365063.0,1089468.0,0.33,0.46478828767867947,0.4594594594594595,-0.031149693014760893,0.02410006957068167,0.22268921158350136
2023,1310,台苯,2316728.0,-0.12926593022573216,-0.57,5278698.0,-0.28,-0.33,-0.038443747092550176,-0.0578845059130218,689103.0,814218.0,806466.0,2309787.0,0.0,1.5056936508730427,1.1785714285714286,0.1815621177095441,-0.009520791728996447,-0.8516591394832258
2023,1731,美吾華,315303.0,0.15232014918982692,0.36,1329152.0,0.34,0.34,0.15644548800347036,0.14584518557770143,96834.0,101448.0,105364.0,303646.0,0.3,0.9322428370351353,1.0,0.047648553194125975,0.03860105669899849,0.3243988656022536
2023,8443,阿瘦,296157.0,0.014809712416049595,0.07,668000.0,-1.23,-0.91,-0.29063704134334867,-0.20596886580630192,86047.0,97336.0,108741.0,292124.0,0.11,0.7086807134228198,0.7398373983739838,0.13119574186200555,0.11717144735760665,0.04589739269506911
2023,2371,大同,13240088.0,0.0439350554165501,0.25,23395367.0,0.19,3.47,0.06446499145882907,1.1224015780084593,3877658.0,3817751.0,3752193.0,11447602.0,0.23,17.411025001458153,18.263157894736842,-0.015449273762668136,-0.01717188994253427,3.7430030174285864
2023,3024,憶聲,407194.0,0.05562704754981655,0.09,2771575.0,0.11,0.1,0.0777875928826468,0.06287166980331897,126073.0,100283.0,125238.0,351594.0,0.15,0.8082480441086468,0.9090909090909092,-0.20456402243144844,0.2488457664808592,0.05703553140248295
2023,2484,希華,581264.0,0.12068698560378761,0.44,1594210.0,1.5,1.72,0.26130074855548613,0.32344875134964457,197651.0,185135.0,205846.0,588632.0,0.59,1.2378408907656135,1.1466666666666667,-0.06332373729452423,0.11186971669322388,0.5515991702573991
2023,3708,上緯投控,1718356.0,0.4030590867084585,7.11,981322.0,1.1,6.62,0.03902759657198892,0.2669636324437375,607258.0,628832.0,686591.0,1922681.0,5.65,6.84038106090663,6.018181818181818,0.03552690948493065,0.09185124166709069,54.0187725565243
2023,9902,台火,26407.0,0.27382890900140117,0.07,980496.0,-0.46,-0.07,-1.2952704844799263,-0.298249752323442,1155.0,1091.0,36696.0,38942.0,0.01,0.23026059490824763,0.15217391304347827,-0.05541125541125547,32.63519706691109,0.02504213454889584
2023,3563,牧德,578553.0,0.28867882458478306,3.62,581462.0,3.73,3.09,0.3039256540482113,0.31147507767121435,166782.0,140806.0,107483.0,415071.0,1.89,1.0248397051135587,0.8284182305630027,-0.15574822223021667,-0.23665894919250596,2.1118930681957333
2023,1605,華新,49446960.0,0.020643877803610173,0.27,40313329.0,1.59,2.66,0.10805877262155834,0.2168248715508437,15187001.0,14410608.0,16771119.0,46368728.0,0.41,2.0065457555232853,1.6729559748427674,-0.05112220641850229,0.16380370626971463,0.47644949028230243
2023,6533,晶心科,179158.0,-0.2344857611717032,-0.83,506509.0,1.42,5.77,0.5130086058028515,1.0786502764285213,96536.0,112776.0,38265.0,247577.0,2.06,2.1025968457984217,4.063380281690141,0.16822739703323109,-0.6606990849116834,-2.4098810906851824
2023,3050,鈺德,275385.0,0.0732755959838045,0.14,1459845.0,0.0,0.32,-0.0009944971159583638,0.15480716641530073,103692.0,96017.0,128453.0,328162.0,0.25,-155.6637660694654,inf,-0.07401728195039159,0.3378151785621297,-25.64061489805902
2023,4737,華廣,425645.0,0.02473187750355343,0.17,610430.0,0.65,0.17,0.06845807555522222,0.0182352847448565,175574.0,121393.0,128176.0,425143.0,-0.17,0.2663715653260932,0.26153846153846155,-0.30859352751546354,0.05587636848912214,0.04588218727762229
2023,2030,彰源,3463111.0,-0.029370990418730442,-0.36,2805260.0,1.29,0.02,0.08109817295653429,0.0012772305429295187,988183.0,1131312.0,1045025.0,3164520.0,0.05,0.01574919010338332,0.015503875968992248,0.14484058114741916,-0.07627162091447803,-0.005218089724435344
2023,6168,宏齊,473272.0,0.10837531060362751,0.25,2060698.0,0.55,0.48,0.15620166220207432,0.18115537577067112,167045.0,165617.0,162878.0,495540.0,0.21,1.1597531883899852,0.8727272727272726,-0.008548594690053535,-0.016538157314768376,0.3022458157287856
2023,4746,台耀,1086934.0,0.07670750937959435,0.69,1202560.0,-0.07,4.09,-0.010179929326261187,0.4805319344241804,342605.0,401394.0,385228.0,1129227.0,-0.95,-47.20385761269983,-58.42857142857142,0.17159410983494117,-0.040274642869599475,-34.00085773610886
2023,2420,新巨,537739.0,0.2751855454039971,0.97,1526487.0,1.24,1.33,0.25829123326360826,0.2946814999854765,180881.0,168927.0,180732.0,530540.0,1.04,1.1408885089209702,1.0725806451612905,-0.06608764878566575,0.06988225683283322,1.0911735922927044
2023,2467,志聖,728682.0,0.1056839609047568,0.49,1567553.0,1.24,1.45,0.15087875312650076,0.1473224791799084,243647.0,363330.0,297884.0,904861.0,1.08,0.9764295908277378,1.1693548387096775,0.4912147492068444,-0.1801282580574134,0.5956753803340772
2023,8114,振樺電,2544439.0,0.053381118588419686,1.8,755858.0,3.11,4.28,0.08032219056089955,0.09061823261524654,822944.0,820965.0,900380.0,2544289.0,2.2,1.1281842786214928,1.3762057877813507,-0.00240478088424001,0.09673372190044649,2.027187594534281
2023,3652,精聯,676994.0,0.02566935600610936,0.23,750975.0,0.42,0.35,0.05216514134093277,0.042190410980716866,151465.0,160957.0,205684.0,518106.0,0.26,0.8087855202955433,0.8333333333333333,0.06266794308916257,0.27788167025975885,0.14323247052228524
2023,9911,櫻花,1891310.0,0.10323056505808144,0.89,2211212.0,0.93,1.15,0.10267192808965336,0.1280284929093919,677489.0,706227.0,750342.0,2134058.0,1.45,1.2469668709990243,1.236559139784946,0.04241840088916571,0.06246575109702679,1.2423359594169456
2023,6806,森崴能源,1899412.0,0.03983285353572579,0.35,2161500.0,0.21,0.11,0.030097884610001215,0.061149155279633376,848971.0,793668.0,1051286.0,2693925.0,0.56,2.0316761816315205,0.5238095238095238,-0.06514121212620927,0.324591642853183,1.0086167340931522
2023,6226,光鼎,151546.0,-0.09506024573396857,-0.13,1166198.0,0.11,0.07,0.04428134307875289,0.03721633014455373,57853.0,59225.0,118756.0,235834.0,-0.25,0.8404517017102605,0.6363636363636365,0.02371527837795795,1.0051667370198394,-0.1615644544101373
2023,1732,毛寶,153375.0,0.005561532192339038,0.02,424439.0,0.15,0.06,0.03992848252812999,0.016190489680864627,43021.0,41511.0,44484.0,129016.0,0.01,0.40548722755637595,0.4,-0.035099137630459576,0.07161957071619574,0.006854881075195701
2023,2617,台航,1030249.0,0.16189484289720252,0.4,4172945.0,2.54,0.74,1.0565766336917906,0.32132559653798637,314794.0,298979.0,335066.0,948839.0,2.65,0.3041195369002632,0.29133858267716534,-0.0502392040509031,0.12070078500496684,0.11195080005712837
2023,2301,光寶科,37293020.0,0.11262391729068871,1.83,23683522.0,1.74,1.85,0.09218546182075435,0.09182106183309384,12567821.0,13289503.0,14100034.0,39957358.0,2.0,0.9960470991795968,1.0632183908045978,0.057423001171006405,0.060990316944132594,1.892609350664276
2023,1535,中宇,2490475.0,0.05822262821349341,1.17,1237426.0,1.65,1.04,0.0989764841560483,0.05824519440169575,707519.0,746573.0,749850.0,2203942.0,0.96,0.5884750796953467,0.6303030303030304,0.05519851763698225,0.004389389919003284,0.610240190087445
2023,8438,昶昕,789466.0,0.024626773033924198,0.28,699430.0,0.61,0.14,0.04145636012404341,0.012569172255610718,252684.0,253266.0,251210.0,757160.0,0.38,0.303190444554272,0.2295081967213115,0.0023032720710451926,-0.008117947138581605,0.08082885449981242
2023,6197,佳必琪,1063732.0,0.18043830588907733,1.57,1220859.0,1.1,1.8,0.12513554180453337,0.18961433448575768,411712.0,432102.0,487253.0,1331067.0,1.47,1.5152716146939509,1.6363636363636362,0.04952491061713049,0.12763421599529745,2.980942754755952
2023,5244,弘凱,199600.0,0.17877755511022045,0.52,679441.0,0.59,0.4,0.17252083486028896,0.14143100844710382,69605.0,77845.0,77569.0,225019.0,0.65,0.8197908882230813,0.6779661016949153,0.11838230012211759,-0.0035455070974371727,0.4853818367023615
2023,3049,和鑫,461068.0,-0.22735908803039898,-0.13,8050475.0,0.12,-0.1,0.15726565075999044,-0.1574522789093344,111170.0,88824.0,82351.0,282345.0,-0.35,-1.0011867063687592,-0.8333333333333334,-0.20100746604299724,-0.07287444834729351,0.07983365054185798
2023,3607,谷崧,605054.0,-0.060968111937116355,-0.3,1216622.0,-0.55,-0.35,-0.11226353226050548,-0.05576727559803518,209045.0,259971.0,219560.0,688576.0,0.26,0.49675325971953416,0.6363636363636362,0.24361261929249678,-0.15544426109066012,-0.17141139432689098
2023,1752,南光,523777.0,0.17682143354901037,0.92,1009885.0,0.73,0.74,0.15777986909306235,0.15199059557935185,176193.0,193411.0,167453.0,537057.0,0.46,0.9633079077388773,1.0136986301369864,0.09772238397666189,-0.13421160120158626,0.90583373907556
2023,2901,欣欣,32782.0,0.22372033432981514,0.1,730433.0,0.05,0.06,0.13048023977138076,0.18896825396825398,12252.0,11449.0,10980.0,34681.0,0.13,1.4482518908560578,1.2,-0.06554031994776366,-0.04096427635601363,0.15383699557456618
2023,1236,宏亞,390695.0,-0.04319737902967788,-0.16,1083425.0,-0.33,0.13,-0.09542020528317616,0.02801874676100133,146859.0,172261.0,222123.0,541243.0,0.26,-0.29363536452107597,-0.3939393939393939,0.17296862977413707,0.289456116010008,0.06336642362971003
2023,1730,花仙子,623426.0,0.08705122981717156,0.86,632339.0,0.87,1.06,0.08973844301022141,0.09366124169830724,209982.0,207472.0,218065.0,635519.0,0.81,1.043713692331825,1.2183908045977012,-0.011953405529997796,0.051057492095318846,0.9131347341996652
2023,2429,銘旺科,166931.0,-0.07207768479192002,-0.28,437482.0,-0.39,-0.23,-0.11570112284104898,-0.07798377156943304,42503.0,39437.0,28921.0,110861.0,-0.12,0.6740104992461282,0.5897435897435898,-0.07213608451168152,-0.2666531429875497,-0.12310794810679393
2023,2349,錸德,1877251.0,-0.0035141811084399475,-0.01,6936797.0,0.04,0.01,0.014839325485205218,0.001791964429026949,632159.0,656589.0,705003.0,1993751.0,-0.17,0.12075780875711194,0.25,0.03864534080824611,0.07373562456879412,-0.0012196951485859556
2023,3701,大眾控,3331813.0,0.0455328675408854,0.7,2181027.0,0.65,0.65,0.04428721746358648,0.048627891703767946,1174523.0,1469166.0,1172977.0,3816666.0,0.88,1.0980118979872788,1.0,0.2508618392317563,-0.2016034947718638,0.8748934440075502
2023,1526,日馳,272590.0,0.08740599435048975,0.39,600000.0,1.97,1.8,0.19340524337207302,0.18170595704371545,90585.0,84974.0,55961.0,231520.0,0.09,0.9395089495797667,0.9137055837563453,-0.061941822597560314,-0.341433850354226,0.31686874418674044
2023,6443,元晶,2368830.0,0.0604125243263552,0.3,4762967.0,0.04,0.04,0.0076108892553489035,0.009915040341317112,615480.0,623260.0,618905.0,1857645.0,0.22,1.3027440038427651,1.0,0.01264054071618892,-0.0069874530693450065,0.30695252932538114
2023,6271,同欣電,2843763.0,0.004332991181051305,0.08,2090581.0,5.59,4.33,0.2768338986623474,0.20801036516287727,970096.0,896145.0,800581.0,2666822.0,0.79,0.7513905131126525,0.7745974955277282,-0.07623059985815839,-0.10663899257374643,0.041531779798450685
2023,1110,東泥,615383.0,0.1087842855587496,0.12,5720008.0,-0.1,0.12,-0.1915710174916745,0.14812686258364646,168514.0,160207.0,169364.0,498085.0,0.1,-0.7732216726890012,-1.2,-0.04929560748661832,0.05715730273958064,-0.07324483568508768
2023,2482,連宇,463937.0,0.20836665323093437,1.24,778827.0,0.54,0.77,0.1035474487973895,0.19102026736784558,73902.0,84327.0,86223.0,244452.0,0.07,1.8447607313011978,1.4259259259259258,0.14106519444669963,0.02248390195311112,1.2064820291639604
2023,6243,迅杰,249828.0,0.11694045503306275,0.66,453128.0,0.51,0.63,0.12811900742935226,0.17556736424911015,76707.0,81200.0,72281.0,230188.0,0.8,1.3703459601489811,1.2352941176470589,0.05857353305434976,-0.10983990147783251,0.8140606896936268
2023,1773,勝一,2331774.0,0.17625721875276076,1.64,2500000.0,1.47,1.9,0.16196566900000534,0.1721508624565291,772362.0,874848.0,875068.0,2522278.0,1.55,1.0628848910970352,1.292517006802721,0.13269166530720056,0.00025147225575183896,1.890105690791597
2023,2317,鴻海,1304548195.0,0.02529653341017424,2.38,138629906.0,2.41,2.79,0.022051758794390548,0.02219116327201501,469234396.0,412838898.0,660740414.0,1542813708.0,3.11,1.0063216942886173,1.1576763485477177,-0.12018619794444907,0.6004800351928079,2.8330510859542217
2023,2228,劍麟,1173319.0,0.09603185493459153,1.49,757803.0,1.23,2.51,0.09709067009430156,0.15002013010904924,433281.0,462232.0,445420.0,1340933.0,1.86,1.5451549563242146,2.040650406504065,0.06681806956686298,-0.036371345990757864,2.625657747847148
2023,6196,帆宣,13622365.0,0.060061964277128094,4.18,1961248.0,2.52,4.23,0.04147009970500472,0.05801213444167758,4121894.0,4511901.0,4915931.0,13549726.0,2.91,1.398890643001674,1.6785714285714288,0.09461839630034152,0.08954762083653867,5.804720270719525
2023,2466,冠西電,310194.0,-0.08986311791975345,-0.17,1714587.0,0.23,0.24,0.06833123526023402,0.09335593337428974,250112.0,145409.0,49760.0,445281.0,-0.11,1.36622633878564,1.0434782608695652,-0.4186244562436029,-0.6577928463850243,-0.3188443857625268
2023,2460,建通,562819.0,-0.053717091995828144,-0.18,1692000.0,-0.01,-0.25,-0.0037062377426159295,-0.07001156173256624,222210.0,254970.0,237142.0,714322.0,-0.31,18.890197174224127,25.0,0.1474281085459701,-0.06992195160214931,-4.283932824768952
2023,2014,中鴻,9734937.0,-0.02199428717412347,-0.15,14355444.0,0.47,-0.78,0.04240222774724543,-0.14290925276727828,3058037.0,3202950.0,3139403.0,9400390.0,-0.08,-3.3703241636062877,-1.6595744680851066,0.04738758883558303,-0.01984014736414863,0.48541233458200933
2023,1416,廣豐,63124.0,0.028705405234142323,,1853422.0,0.36,0.38,0.8561559178256853,1.1016745119222162,23230.0,21351.0,25319.0,69900.0,0.64,1.2867685534663544,1.0555555555555556,-0.08088678433060692,0.1858460962015831,0.013930508932176363
2023,9921,巨大,22464071.0,0.052613838337672636,3.02,3920646.0,4.8,5.35,0.0792333644377585,0.07755626266353267,6493721.0,6719251.0,6329718.0,19542690.0,2.81,0.9788333893666314,1.1145833333333333,0.03473047271356444,-0.05797268177658488,2.5670567708900935
2023,2889,國票金,1776040.0,0.2919742798585617,0.15,34473840.0,0.11,0.13,0.25527791038486874,0.2579574851326085,739937.0,632220.0,447698.0,1819855.0,0.13,1.0104966964971624,1.1818181818181819,-0.14557590713804014,-0.29186359178766885,0.15574948474269415
2023,1218,泰山,2623514.0,-0.14566341174470576,-0.79,4999990.0,0.27,0.32,0.04846359457326814,0.04999591768522547,1069944.0,1157243.0,1070356.0,3297543.0,0.36,1.0316180243221689,1.1851851851851851,0.08159212070912125,-0.07508103311059133,-0.9910389670714829
2023,9941,裕融,10336010.0,0.16850525492912644,2.77,6482250.0,2.19,3.23,0.144794992465536,0.16610524287164624,3584420.0,3577177.0,3549873.0,10711470.0,3.04,1.1471753272902894,1.4748858447488584,-0.002020689539730225,-0.007632834494910368,3.1942326639361736
2023,3010,華立,16167074.0,0.04264680176511841,2.93,2360179.0,2.78,3.12,0.03581395957620514,0.038500618330414405,5854910.0,6517958.0,6646333.0,19019201.0,3.01,1.075017082333289,1.1223021582733814,0.1132464888444058,0.01969558564200624,3.6944446057061597
2023,6165,浪凡,696588.0,0.012380345340430785,0.17,627526.0,0.37,0.49,0.027504535555060338,0.03266779682300496,214993.0,218421.0,226214.0,659628.0,0.27,1.187723994015768,1.3243243243243243,0.015944705176447638,0.0356788037780249,0.1545665976033573
2023,6691,洋基工程,4569269.0,0.10910476052077477,4.35,882792.0,6.23,8.17,0.11801117760042545,0.14622831776376044,1538797.0,1255015.0,1397970.0,4191782.0,5.76,1.2391056570833954,1.3113964686998394,-0.184418087635991,0.11390700509555662,6.419368985722772
2023,6743,安普新,1038801.0,0.004643815321702617,0.03,1500000.0,0.07,0.26,0.007550144083996691,0.03136542776773057,353439.0,308016.0,358395.0,1019850.0,0.02,4.15428201353307,3.714285714285714,-0.1285172264520893,0.16355968521115782,0.13116439384434048
2023,1909,榮成,11948639.0,-0.027308214768225904,-0.25,13276857.0,0.23,-0.38,0.021854966894070314,-0.03802145065502731,3561613.0,4020496.0,4047348.0,11629457.0,-0.08,-1.7397166895431575,-1.6521739130434783,0.1288413423917758,0.006678777941826031,0.416136681062953
2023,2453,凌群,1431653.0,0.026032844551018997,0.38,1000000.0,0.27,0.58,0.021134288459913168,0.03868110282378683,433346.0,479747.0,653001.0,1566094.0,0.68,1.8302533769781695,2.148148148148148,0.10707610085243657,0.3611361821960324,0.7461921357675279
2023,5283,禾聯碩,1976147.0,0.12503118442099703,3.38,730004.0,3.76,2.95,0.14192258477287267,0.12171639660722815,719476.0,517947.0,376204.0,1613627.0,2.29,0.8576252807262373,0.7845744680851064,-0.2801052432603728,-0.27366313541733034,2.370248236067974
2023,2355,敬鵬,4014165.0,0.04054566765441879,0.41,3974954.0,0.3,0.52,0.027569969842865458,0.04828330077344669,1409949.0,1485917.0,1525589.0,4421455.0,0.9,1.7513004565705543,1.7333333333333334,0.05387996303412401,0.026698664864861277,0.7898383545104072
2023,2009,第一銅,622570.0,-0.09635221742133415,-0.17,3596222.0,-0.03,0.49,-0.015816436749683672,0.2460070726304745,204158.0,235734.0,232627.0,672519.0,0.21,-15.553887169649297,-16.333333333333332,0.15466452453491897,-0.013180109784757366,2.8025845469133883
2023,2031,新光鋼,3868377.0,0.11331470536610057,1.36,3211463.0,0.42,-0.48,0.033146398210160515,-0.036464292322162764,1448602.0,1533901.0,1461510.0,4444013.0,1.33,-1.1000981793245095,-1.1428571428571428,0.05888366853007243,-0.047194049681172356,-1.7250040448015913
2023,2013,中鋼構,5164568.0,0.02346856503777276,0.61,2000000.0,0.52,0.72,0.024124683572991454,0.027906289407695618,1327377.0,1524729.0,1338894.0,4191000.0,0.67,1.156752556909713,1.3846153846153846,0.1486781826112702,-0.12188067518883683,0.5688721453857063
2023,2451,創見,2469577.0,0.1617734535104595,0.93,4290617.0,2.67,1.12,0.38092651625418095,0.15774964100667502,808006.0,877679.0,1041420.0,2727105.0,1.93,0.41412092431342684,0.41947565543071164,0.08622832008673198,0.1865613738052294,0.42581067211297263
2023,2514,龍邦,3616767.0,0.07541431339093727,0.75,3947293.0,0.15,0.45,0.02820110907008231,0.061269322372843084,2021412.0,2117014.0,2058366.0,6196792.0,0.5,2.1725855611062412,3.0,0.04729466333434251,-0.02770317059783256,2.572161448899139
2023,4904,遠傳,21698786.0,0.1274936302888097,0.84,32585008.0,0.71,0.75,0.11155528093514844,0.10937215286705737,7191825.0,7448869.0,8579190.0,23219884.0,0.87,0.9804300787036679,1.0563380281690142,0.03574113663777978,0.15174397616604618,0.8907325600346901
2023,3044,健鼎,13443221.0,0.07208108830465555,1.84,5256059.0,2.79,3.09,0.08852676558995214,0.09460796555553674,5170416.0,5509416.0,5558813.0,16238645.0,4.05,1.068693348560278,1.10752688172043,0.06556532395072279,0.008965923066982073,2.379928981040943
2023,6449,鈺邦,703138.0,0.15631782096828786,1.25,889535.0,1.27,1.16,0.18844440300743867,0.19983735043080939,266196.0,288197.0,267716.0,822109.0,1.45,1.060457871083181,0.9133858267716535,0.08264962659093289,-0.07106597223427036,1.5320335441736515
2023,3054,立萬利,10209.0,-0.8824566558918602,-0.12,834110.0,-0.97,-0.15,-10.224625407166124,-1.490807658171675,1799.0,2907.0,2400.0,7106.0,-0.18,0.14580560155551653,0.15463917525773196,0.6158977209560867,-0.17440660474716208,-0.010961486854373249
2023,4108,懷特,39408.0,-0.382206658546488,-0.07,1986189.0,-0.1,0.02,-0.5570655478535814,0.1189715367773241,11981.0,13798.0,16951.0,42730.0,0.03,-0.21356829054629395,-0.19999999999999998,0.15165678991736908,0.2285113784606465,0.017560923084467866
2023,2241,艾姆勒,213127.0,-0.24749093263640928,-0.59,896023.0,-0.43,-0.68,-0.21381097595031445,-0.4057309606454493,76511.0,80124.0,88751.0,245386.0,-0.36,1.8976152128866075,1.5813953488372094,0.047221968083020815,0.1076706105536418,-1.2861690931949281
2023,2535,達欣工,3586418.0,0.10317592650940298,1.14,3384925.0,0.98,0.59,0.07184648657906118,0.042623544215068344,1101869.0,1289082.0,1375187.0,3766138.0,0.7,0.5932585745604223,0.6020408163265306,0.16990495240359782,0.06679559562541404,0.6810352330319357
2023,1806,冠軍,816814.0,-0.03025046093725132,-0.07,3904039.0,-0.15,0.13,-0.08268821267687583,0.08328154398160328,295244.0,273910.0,236456.0,805610.0,,-1.007175524606464,-0.8666666666666667,-0.07225887740309711,-0.1367383447117666,0.06287063705082903
2023,1465,偉全,168872.0,0.21536429958785352,0.35,1036073.0,0.32,0.6,0.279133432472624,0.37658697444352845,51399.0,44614.0,40641.0,136654.0,0.42,1.3491288775681223,1.875,-0.1320064592696356,-0.08905276370645987,0.38322968621823306
2023,2444,兆勁,396399.0,-0.10660723160250152,-0.42,1015696.0,0.0,0.5,0.0019411390037508468,0.12574026262800952,151559.0,166393.0,185003.0,502955.0,0.45,64.77653706666172,inf,0.09787607466399217,0.11184364726881535,-34.19556474060358
2023,2406,國碩,792278.0,-0.10292977969854016,-0.23,3509057.0,-0.04,-0.02,-0.006062613426776868,-0.004450582430935452,266231.0,218292.0,326251.0,810774.0,-0.03,0.7341029548871572,0.5,-0.18006543189936564,0.49456232935700806,-0.1745851924012316
2023,6142,友勁,804525.0,-0.012381218731549673,,3307792.0,0.09,0.25,0.05042260822773596,0.07556254308099367,143480.0,142176.0,129374.0,415030.0,-0.03,1.4985845781660494,2.7777777777777777,-0.009088374686367473,-0.0900433265811389,-0.023280159577306843
2023,6206,飛捷,921162.0,0.16447378419865344,1.05,1430623.0,2.49,2.23,0.21682432013084446,0.22520613052090463,259168.0,284943.0,258439.0,802550.0,0.89,1.0386571505678057,0.895582329317269,0.09945286455117919,-0.09301509424691956,0.9583315723625386
2023,9908,大台北,810130.0,0.3909273820251071,0.63,5163580.0,0.26,0.65,0.15825223695382404,0.4423713090270032,255663.0,251177.0,231081.0,737921.0,0.75,2.7953558037608115,2.5,-0.017546535869484403,-0.08000732551149192,1.5616803485593196
2023,2528,皇普,30741.0,-0.7121108617156241,-0.06,3799974.0,0.12,-0.03,0.15694581373886146,-92.20192307692308,21.0,21.0,21.0,63.0,-0.09,-587.4761542243856,-0.25,0.0,0.0,0.06935819423131002
2023,2338,光罩,1799891.0,0.0557494870522715,0.49,2564465.0,-1.58,2.82,-0.16702326255402214,0.2898723656900177,619451.0,580365.0,755201.0,1955017.0,-0.43,-1.7355209164128327,-1.7848101265822782,-0.0630978075747719,0.3012517984371903,-0.7376060835425288
2023,2836,高雄銀,1047355.0,0.246916279580467,0.2,12742981.0,0.21,0.18,0.2842954487949442,0.23311943037348776,363164.0,308489.0,309717.0,981370.0,0.18,0.8199900186992843,0.8571428571428571,-0.15055181681003627,0.003980692990673829,0.155926536646481
2023,2601,益航,1330980.0,-0.17036694766262453,-0.28,8247761.0,0.0,-0.03,0.0008737314405532849,-0.016666010395337848,391449.0,444540.0,408509.0,1244498.0,-0.27,-19.074522927530456,-inf,0.13562686326954476,-0.08105232375039362,4.903398191215264
2023,6177,達麗,323080.0,-0.2508326111179894,-0.21,4077402.0,0.69,1.05,0.10697285036651666,0.277882424540305,2950414.0,246750.0,96142.0,3293306.0,1.04,2.5976911299288363,1.5217391304347827,-0.9163676690796614,-0.6103667679837892,-5.262838757030345
2023,2208,台船,5592723.0,-0.17170419489754812,-1.03,9335146.0,-0.95,-1.4,-0.20936081318528763,-0.3021883416162007,2250202.0,1702276.0,1600377.0,5552855.0,-1.0,1.443385402543117,1.4736842105263157,-0.2435008057054433,-0.05986044566216053,-1.4742068767583032
2023,3416,融程電,688477.0,0.21722875273974293,1.95,768330.0,1.28,2.25,0.1535996388333262,0.21307949772173637,247562.0,214085.0,217404.0,679051.0,2.05,1.3872395751721323,1.7578125,-0.13522673108150685,0.015503187986080302,2.6633201860472746
2023,6139,亞翔,10016108.0,0.04662359870720244,2.07,2255409.0,0.78,1.17,0.0229939842458677,0.02757212814817322,4000024.0,4139571.0,6468010.0,14607605.0,4.36,1.1991018108629117,1.4999999999999998,0.03488654068075592,0.5624831655260896,3.62089189328607
2023,3494,誠研,180716.0,-0.2052502268753182,-0.3,1240000.0,-0.45,-0.13,-0.34445895581817604,-0.10045992783452762,55616.0,59578.0,61969.0,177163.0,-0.12,0.2916455680355594,0.2888888888888889,0.07123849252013814,0.0401322635872301,-0.08552446529149152
2023,2399,映泰,540807.0,0.034361611443638855,0.1,1781000.0,-0.07,0.17,-0.028000462851122312,0.0582083123310269,159554.0,191271.0,198999.0,549824.0,-0.14,-2.078833933585987,-2.4285714285714284,0.1987853642027151,0.04040340668475628,-0.2205225945434586
2023,2059,川湖,1313864.0,0.5439307264678841,7.5,952971.0,10.48,15.56,0.5158927727733931,0.6893357750654999,455896.0,460282.0,506831.0,1423009.0,10.31,1.3361997132847838,1.484732824427481,0.00962061522803448,0.10113148026644536,10.852828219457768
2023,1467,南緯,1088752.0,-0.06310987258806414,-0.3,2336247.0,0.13,0.0,0.018175017653663073,0.0007045767209617567,417569.0,503680.0,489276.0,1410525.0,0.09,0.03876621934503338,0.0,0.20621981037864412,-0.02859752223634049,-0.014771098130964526
2023,1464,得力,2088265.0,-0.017127136642140724,-0.1,4076396.0,0.25,0.45,0.029819960607021335,0.055716087489054766,585168.0,975517.0,961770.0,2522455.0,0.08,1.8684158649068099,1.8,0.6670716785606869,-0.014092014798306907,-0.19801831897561653
2023,3006,晶豪科,2980731.0,-0.03382827903624983,-0.36,2861711.0,3.35,0.3,0.18969808436102922,0.023803137205835177,1032720.0,961951.0,1026869.0,3021540.0,-0.57,0.1254790594539351,0.08955223880597014,-0.06852680300565495,0.06748576590699518,-0.04481813021143663
2023,1604,聲寶,2444413.0,0.09489722072333931,0.64,3842000.0,0.53,0.6,0.08036452473933524,0.10044599717190612,827720.0,688324.0,601230.0,2117274.0,0.55,1.249879813234829,1.1320754716981132,-0.1684096071135166,-0.12653052922751495,0.6536442589837707
2023,3052,夆典,944002.0,0.06054542257325726,0.29,2331973.0,0.22,0.27,0.06581780137640755,0.0824570745070803,217728.0,296938.0,274834.0,789500.0,0.22,1.2528080972427789,1.2272727272727273,0.3638025426219871,-0.07443978204204249,0.25679968278482185
2023,3013,晟銘電,1350195.0,0.05659552879398902,0.39,1959350.0,0.21,0.69,0.028405081024489996,0.07652779620224379,548381.0,549998.0,673062.0,1771441.0,0.42,2.6941587012641808,3.2857142857142856,0.0029486798412052817,0.2237535409219671,1.3785418898432993
2023,8033,雷虎,251754.0,0.0023753346520809997,0.01,1426298.0,0.07,0.07,0.03050044528928836,0.03439477691040855,65193.0,74793.0,92952.0,232938.0,-0.07,1.1276811398713533,1.0,0.1472550733974507,0.242790100677871,0.00437462862646242
2023,9937,全國,6008066.0,0.029071751209124534,0.57,3090430.0,0.46,0.67,0.02492144869529734,0.03267299318642639,2092060.0,2212193.0,2163046.0,6467299.0,0.75,1.3110390806691652,1.4565217391304348,0.05742330525893147,-0.022216416017951435,0.7976104954402546
2023,2201,裕隆,19501335.0,0.056096723634561425,1.12,10700000.0,-3.97,-0.13,-0.21920891861992878,-0.006494852913840769,6845607.0,6423358.0,7204757.0,20473722.0,1.2,0.029628597936299055,0.0327455919395466,-0.06168174714090369,0.12164961068649771,0.03180252638651789
2023,6115,鎰勝,1551996.0,0.10623738720976085,0.88,1876622.0,1.12,1.67,0.1179495410330029,0.16723982266588874,574935.0,584631.0,603898.0,1763464.0,1.19,1.4178929498258426,1.4910714285714284,0.016864515119100476,0.03295583025874449,1.4155024296682188
2023,2501,國建,3934906.0,0.10640533725583279,0.36,11595611.0,-0.09,0.38,-0.04253154080228822,0.09547633363779763,971755.0,912891.0,752777.0,2637423.0,0.21,-2.2448359931662987,-4.222222222222222,-0.060574939156474605,-0.17539224288551425,-0.543293089886485
2023,3046,建碁,1549038.0,0.038902208983898394,0.84,714480.0,0.94,0.66,0.07662373021921626,0.04959241615037289,499860.0,626337.0,549330.0,1675527.0,0.94,0.6472200714907996,0.7021276595744682,0.2530248469571481,-0.12294818923359152,0.5904560731244396
2023,2017,官田鋼,791684.0,-0.11389897989601912,-0.26,3768747.0,0.38,0.26,0.12999805733140446,0.10310654446401825,281269.0,325181.0,284502.0,890952.0,-0.1,0.7931391174651818,0.6842105263157895,0.15612100871407808,-0.12509648472696744,-0.21356325302950982
2023,3058,立德,1013213.0,0.011346084189602779,0.08,1663628.0,-0.34,-0.07,-0.04238599708808932,-0.009179263413591597,291206.0,294704.0,320503.0,906413.0,-0.03,0.21656358335784004,0.2058823529411765,0.012012115134990342,0.08754207611705311,0.013387557065337286
2023,2852,第一保,1904331.0,0.11070134341141324,0.7,3011638.0,0.57,0.82,0.0979453294974119,0.13358379360315897,678127.0,617818.0,606367.0,1902312.0,0.73,1.3638607811992585,1.4385964912280702,-0.08893466857977927,-0.01853458461877122,0.9536783236284536
2023,3062,建漢,699993.0,-0.14184284699989858,-0.31,3302154.0,-0.31,0.16,-0.08594339879328758,0.02748828282020469,359270.0,411570.0,474023.0,1244863.0,-0.07,-0.31984170053967664,-0.5161290322580645,0.14557296740612902,0.15174332434336812,0.17102782045011763
2023,5471,松翰,662960.0,0.11232050199107035,0.45,1678770.0,1.49,0.56,0.24363136850979816,0.1264967184355951,221329.0,230340.0,246632.0,698301.0,0.36,0.5192135939198969,0.37583892617449666,0.040713146492325825,0.07073022488495262,0.24258087296970088
2023,3504,揚明光,817141.0,-0.08218410286596806,-0.59,1140598.0,0.43,0.57,0.038754331857204824,0.04865508397229355,225923.0,272500.0,248164.0,746587.0,-0.59,1.255474720905247,1.3255813953488371,0.20616316178521,-0.0893064220183486,-0.6753728671212706
2023,2207,和泰車,71561917.0,0.09847380136560624,12.47,5571028.0,-1.49,-24.99,-0.014182806231221996,-0.21950692311710862,26547327.0,22860207.0,19953086.0,69360620.0,11.39,15.476973987974722,16.77181208053691,-0.13888855928885047,-0.1271694958842674,189.7511345264307
2023,2701,萬企,72797.0,0.7602648460788219,0.13,4499678.0,0.2,0.2,1.6239178578618885,1.6348976490569411,29106.0,26960.0,23313.0,79379.0,0.25,1.0067612971566857,1.0,-0.0737305023019309,-0.1352744807121662,0.13502544219036966
2023,4306,炎洲,3102923.0,0.08226920229731773,0.41,6549896.0,0.33,0.42,0.04966724991074157,0.07267633880384292,970359.0,1117797.0,1076933.0,3165089.0,0.38,1.4632648059727815,1.2727272727272727,0.1519417040497384,-0.03655762182220923,0.5817169732953122
2023,2534,宏盛,382267.0,-0.14867357109036355,-0.12,4742280.0,0.51,0.51,0.24419386253155895,0.2459637835470376,153477.0,191874.0,164687.0,510038.0,0.19,1.0072480159703028,1.0,0.2501808088508375,-0.14169194367136762,-0.16105919914710942
2023,2385,群光,25362699.0,0.07111084668078899,2.5,7600532.0,2.5,2.97,0.062267359737700256,0.06932324777819662,8022391.0,8645868.0,9140680.0,25808939.0,2.93,1.1133159984656347,1.1880000000000002,0.07771710453903324,0.05723103799410301,2.6883168793491516
2023,4155,訊映,319389.0,0.04716192480016532,0.12,1289089.0,0.57,0.48,0.12334678464669081,0.1502800198462242,92213.0,96208.0,87279.0,275700.0,-0.03,1.2183537680100844,0.8421052631578948,0.04332360946938074,-0.09280932978546486,0.12289063712858833
2023,2832,台產,1718693.0,0.16836747458679358,0.8,3622004.0,0.81,0.71,0.1943552547641878,0.1623860533767476,589717.0,587636.0,547977.0,1725330.0,0.88,0.8355115151055289,0.8765432098765431,-0.003528811277273669,-0.06748905785213977,0.6700911556413747
2023,2069,運錩,3094154.0,-0.030047308569644562,-0.57,1663868.0,1.43,-0.56,0.058435330535615844,-0.02718792287122406,966430.0,1111157.0,970934.0,3048521.0,-0.29,-0.4652651507576097,-0.39160839160839167,0.14975425017849187,-0.1261954881263404,0.25613942069366924
2023,3543,州巧,849280.0,0.026942822155237377,0.25,892631.0,-0.28,0.36,-0.032367279718123185,0.0420991024577185,292008.0,291013.0,282870.0,865891.0,0.76,-1.3006685400919327,-1.2857142857142856,-0.003407440892030378,-0.027981567833739396,-0.33993899071519196
2023,2945,三商家購,3448955.0,0.0050963262785394415,0.26,675000.0,0.05,0.23,0.001966518327897559,0.004063728360626453,1258802.0,1293737.0,1209033.0,3761572.0,0.59,2.0664584219619555,4.6,0.02775257745062376,-0.0654723487076585,0.5868802605577396
2023,1904,正隆,10376087.0,-0.002055013609658439,-0.02,11082745.0,1.12,0.2,0.10755702772134142,0.021074978360849667,3256701.0,3549970.0,3520373.0,10327044.0,0.12,0.19594236478392363,0.17857142857142858,0.09005094419168347,-0.008337253554255408,-0.0037520769291680264
2023,8463,潤泰材,1315243.0,0.02882052974241262,0.25,1500000.0,0.06,,0.009378098821651026,0.05321263571901039,423134.0,489597.0,486018.0,1398749.0,0.26,5.674138941270213,1.0,0.15707317303738288,-0.0073100938118493275,1.5249319201526952
2023,3042,晶技,2426085.0,0.17338757710467687,1.35,3097570.0,2.72,2.75,0.23907282073230804,0.2484056128024207,941553.0,1037312.0,1111549.0,3090414.0,1.94,1.0390374449154247,1.0110294117647058,0.10170324984360946,0.07156670317127345,1.7973998863752265
2023,2392,正崴,17185153.0,0.04440059393128475,1.59,5123269.0,1.03,1.51,0.022884815211005192,0.027477685359387678,7898761.0,7642344.0,9434240.0,24975345.0,2.01,1.2006950943686798,1.4660194174757282,-0.03246293944075529,0.234469424563982,2.598877759725697
2023,1325,恆大,103188.0,0.18763809745319224,0.23,852812.0,0.03,0.28,0.014402923102474673,0.17461684425631294,32802.0,32476.0,31793.0,97071.0,0.34,12.123708709262687,9.333333333333334,-0.009938418389122572,-0.02103091513733213,2.5893616701406947
2023,3036,文曄,117459847.0,0.008216841964726891,0.79,10218127.0,2.23,2.33,0.016955953918608692,0.013220857698417608,53994572.0,50372285.0,62892944.0,167259801.0,1.45,0.7797177181466671,1.0448430493273544,-0.06708613228751958,0.24856245850272618,1.0487274048756228
2023,3090,日電貿,2557921.0,0.0727411049833048,0.89,2126572.0,1.39,4.58,0.08618759144387614,0.3902686991696909,923150.0,1002736.0,953517.0,2879403.0,1.28,4.5281309366189575,3.294964028776979,0.08621134160212307,-0.049084704249174216,4.459860061971285
2023,1235,興泰,9428.0,-2.6794654221467966,-0.77,1496648.0,0.22,0.93,3.7488971835765184,3.37941943157948,7603.0,9911.0,6548.0,24062.0,1.59,0.9014436155742875,4.2272727272727275,0.3035643824805998,-0.33931994753304406,-0.3883280634095907
2023,1598,岱宇,1499737.0,-0.02473633710443898,-0.28,1596097.0,-0.49,0.6,-0.04476113210036853,0.05531604583679855,514829.0,570892.0,585465.0,1671186.0,0.26,-1.235805334698921,-1.2244897959183674,0.10889635199260339,0.025526719589694657,0.3200744175874359
2023,2472,立隆電,2275971.0,0.09758999565460193,1.35,1647351.0,2.27,2.4,0.1298815015146699,0.15572830856039382,734098.0,762424.0,746990.0,2243512.0,1.7,1.1990029892194045,1.0572687224669604,0.038586128827486244,-0.020243329171169888,1.5935577891023494
2023,6669,緯穎,56308196.0,0.04645085770462261,14.96,1748408.0,20.37,24.69,0.04746533061940406,0.0541686002230163,17659345.0,19450877.0,15707027.0,52817249.0,14.96,1.1412245425479435,1.2120765832106037,0.10144951582292538,-0.19247718239131328,16.013926559405416
2023,2498,宏達電,1143924.0,-0.7872918130924782,-1.09,8314380.0,-0.9,-1.19,-0.7416699885568321,-0.9094055988703806,241703.0,256065.0,601466.0,1099234.0,-1.1,1.2261593604993166,1.3222222222222222,0.059420032022771796,1.3488801671450608,-1.2762711040768338
2023,1521,大億,1096336.0,0.01609725485617548,0.23,762300.0,0.29,0.72,0.019074820348070804,0.04674024076170162,360988.0,432228.0,494626.0,1287842.0,0.77,2.4503633538246588,2.4827586206896552,0.19734728024200243,0.1443636229027272,0.6663754265186316
2023,2812,台中銀,4359062.0,0.3677830230448661,0.3,52260953.0,0.27,0.28,0.36880145784937274,0.32605910791272974,1563728.0,1539817.0,1338337.0,4441882.0,0.35,0.8841047153503933,1.037037037037037,-0.015291022479612781,-0.13084671749954702,0.2763662955854789
2023,2910,統領,185916.0,0.2128541922158394,0.23,2087250.0,0.1,0.2,0.14075026215201433,0.1671566747624526,41859.0,41083.0,38830.0,121772.0,0.26,1.1876118183134792,2.0,-0.018538426622709547,-0.05484020154321734,0.1474788315712467
2023,9945,潤泰新,7034203.0,0.6540441042147916,1.52,31602501.0,2.63,-0.12,0.7009218121225349,0.5755880322463136,1665515.0,1870716.0,1802913.0,5339144.0,2.05,0.8211872170211326,-0.045627376425855515,0.1232057351629976,-0.03624441123078004,0.9074012974687747
2023,5607,遠雄港,694671.0,0.28708554121303465,0.58,3013770.0,1.18,0.92,0.3679375433420487,0.298466950541281,245038.0,249898.0,251538.0,746474.0,1.26,0.8111891703962778,0.7796610169491526,0.01983365845297458,0.00656267757244966,0.5768169907533122
2023,2388,威盛,3150779.0,0.030963136418009643,0.2,4984948.0,-0.33,0.41,-0.07121272555145236,0.07868861301831688,1178232.0,1079957.0,992850.0,3251039.0,0.18,-1.1049796565006218,-1.2424242424242422,-0.0834088702394774,-0.08065784100663265,-0.22313144381554706
2023,1109,信大,1696455.0,0.12074001373452287,0.6,3411589.0,-0.06,0.63,-0.012239400891775514,0.12890361709743883,562522.0,541722.0,490929.0,1595173.0,0.34,-10.53185676629466,-10.5,-0.03697633159236435,-0.09376211414710867,-5.9457582844435395
2023,5269,祥碩,1557585.0,0.31460305537097494,7.08,693648.0,10.26,10.76,0.49254835391446705,0.5565258483457044,557232.0,547261.0,629479.0,1733972.0,9.74,1.1298907892449221,1.0487329434697856,-0.017893803658081353,0.15023544524459087,8.885918921986331
2023,1473,台南,1494588.0,0.04065869657725072,0.41,1461535.0,0.41,0.61,0.03527474571366262,0.04765591238205327,621373.0,664222.0,404571.0,1690166.0,0.85,1.3509923719618815,1.4878048780487805,0.06895858043397451,-0.39090996684843315,0.635223402813397
2023,6136,富爾特,130435.0,-0.0022156629738950434,0.0,1155364.0,-0.01,0.93,-0.009258447037057712,0.9112753053728538,37849.0,42445.0,47480.0,127774.0,1.01,-98.4263669409565,-93.0,0.1214298924674364,0.11862410177877258,0.24117862490922823
2023,1617,榮星,674959.0,0.03419615117362684,0.15,1577390.0,0.21,0.04,0.030756767744404057,0.009975000249001505,245979.0,254781.0,256351.0,757111.0,0.12,0.3243188729029036,0.1904761904761905,0.03578354249753035,0.006162154948759824,0.05323164940743635
2023,6579,研揚,2056104.0,0.15576984432694066,2.77,1601788.0,2.73,3.33,0.14031778242798204,0.173220626874644,655946.0,649236.0,757821.0,2063003.0,2.33,1.234488059013827,1.2197802197802199,-0.010229500599134633,0.16725042973587412,2.4766526609328543
2023,2382,廣達,245029412.0,0.04132045992911251,2.63,38626274.0,1.03,2.4,0.014652958331242354,0.024220788505685226,86891131.0,101355120.0,98258338.0,286504589.0,3.32,1.6529623546422563,2.3300970873786406,0.16646105112845166,-0.030553779621591892,5.066136364036076
2023,6698,旭暉應材,274768.0,-0.08754658475513888,-0.36,663898.0,0.02,-0.25,0.004420724120466196,-0.05863257163583605,89328.0,80202.0,82222.0,251752.0,0.15,-13.26311482872015,-12.5,-0.10216281569048902,0.025186404329069045,4.403077274062535
2023,2314,台揚,1038360.0,-0.11280577063831426,-0.5,2380283.0,-0.54,-0.4,-0.12492926979155405,-0.07321602331648033,273437.0,228747.0,169187.0,671371.0,-0.86,0.5860598035883995,0.7407407407407407,-0.16343801314379547,-0.2603749994535447,-0.18646925469460504
2023,2739,寒舍,1107118.0,0.03527266289591534,0.42,1015260.0,-3.26,-0.94,-0.5717339165188701,-0.09609070920110709,371114.0,381370.0,394267.0,1146751.0,1.44,0.1680689328108727,0.2883435582822086,0.02763571301540768,0.033817552508063065,0.0669603233060159
2023,2611,志信,159427.0,0.4100936478764576,0.35,1890023.0,-2.11,0.43,-1.792970976776464,0.24076244242448946,53467.0,53170.0,53413.0,160050.0,0.97,-0.13428128259909147,-0.20379146919431282,-0.005554828211794205,0.0045702463795374015,-0.04663232965242051
2023,3545,敦泰,3112352.0,0.03375646456441945,0.51,2159300.0,0.45,-13.55,0.026932412304059877,-1.1645957059751924,1049191.0,1285262.0,1263954.0,3598407.0,0.61,-43.241418289131026,-30.11111111111111,0.2250028831737978,-0.01657872091449064,-24.325074741755977
2023,3530,晶相光,381716.0,-0.10309235138165547,-0.51,784559.0,0.79,-0.04,0.10686839032410647,-0.009556765762244785,111124.0,146729.0,166523.0,424376.0,0.1,-0.08942556104065366,-0.05063291139240506,0.3204078326914077,0.13490175766208456,0.04986700956263409
2023,3005,神基,8627589.0,0.11827626466675684,1.68,6083184.0,0.44,1.21,0.03496999509101656,0.08050440342540016,2924603.0,3066215.0,3045461.0,9036279.0,1.81,2.3020993630645643,2.75,0.04842093097764044,-0.006768605593541199,4.044644388266133
2023,6257,矽格,3715734.0,0.13877877156976254,1.13,4567410.0,2.18,2.16,0.1914263735389612,0.20557661575637476,1386095.0,1362237.0,1384822.0,4133154.0,1.61,1.073920024476322,0.9908256880733944,-0.017212384432524486,0.016579347059285654,1.3486727049304892
2023,1616,億泰,1026156.0,0.060263741575355016,0.33,1941485.0,-0.02,-0.28,-0.004315272434852535,-0.05081671783561128,348934.0,330385.0,307904.0,987223.0,0.18,11.77601613867696,14.000000000000002,-0.053159050135555774,-0.06804485675802474,3.6085747803849624
2023,3550,聯穎,922875.0,-0.022063659758905594,-0.23,875500.0,0.22,-0.25,0.01762730471811098,-0.0228619483329209,309689.0,330600.0,317121.0,957410.0,-0.98,-1.2969622241471574,-1.1363636363636365,0.0675225791035523,-0.040771324863883796,0.31292963055752715
2023,2471,資通,195038.0,0.42353285000871627,1.75,472539.0,0.73,1.02,0.18092793306712301,0.24537025302017165,63564.0,66816.0,52865.0,183245.0,0.87,1.3561767321419682,1.3972602739726028,0.051161034547857254,-0.20879729406130265,2.227398203701777
2023,6213,聯茂,5430318.0,0.007658483352172009,0.12,3629572.0,1.14,0.76,0.056856083618735086,0.043664932411923915,2062398.0,2278819.0,2311510.0,6652727.0,0.64,0.7679905057255042,0.6666666666666667,0.10493658353043389,0.014345588657984631,0.10780599443192132
2023,2029,盛餘,2938606.0,0.022714511574535683,0.21,3211800.0,1.07,-0.49,0.09145950877852096,-0.06177468699896959,928140.0,1221073.0,972959.0,3122172.0,0.68,-0.6754320881884861,-0.4579439252336448,0.31561294632275305,-0.20319342086836745,-0.14913975408180552
2023,9914,美利達,7459365.0,0.09005739764711876,2.25,2989838.0,3.18,3.1,0.10818473219440009,0.09806056691121057,2745883.0,2043386.0,1939296.0,6728565.0,2.53,0.9064177996485019,0.9748427672955975,-0.2558364649914071,-0.05093995945944618,1.8370569221021964
2023,2855,統一證,2863536.0,0.4087572148560381,0.81,14558313.0,0.28,0.46,0.23739149937249773,0.33268989110386327,1607856.0,665345.0,347601.0,2620802.0,0.56,1.401439781893075,1.6428571428571428,-0.586191176324248,-0.47756276818793253,1.0312477924652033
2023,3008,大立光,8194353.0,0.45103902651008565,27.69,1334682.0,37.06,61.01,0.5111918018603063,0.6041592189527717,3489070.0,4545358.0,5572471.0,13606899.0,44.6,1.1818640611100226,1.6462493254182404,0.3027419914189169,0.2259696595955698,54.34542700050741
2023,6592,和潤企業,6920367.0,0.12815057351727155,1.42,6165004.0,1.78,1.77,0.16819776808522596,0.15374129507681705,2403106.0,2545196.0,2554859.0,7503161.0,1.77,0.9140507441152025,0.9943820224719101,0.05912764563860273,0.0037965641938773054,1.425613382269658
2023,2231,為升,1028908.0,0.14942832595334082,1.15,1409176.0,0.97,1.04,0.14026148555038873,0.17675584987487486,373402.0,336271.0,355176.0,1064849.0,0.88,1.2601880636104883,1.0721649484536082,-0.09943974590387838,0.05621953721849349,1.4229547251908583
2023,3376,新日興,2343895.0,0.0842337220737277,1.05,1877483.0,2.19,3.9,0.1401129336698669,0.22275715437816174,911002.0,1000492.0,940171.0,2851665.0,1.6,1.589840056472021,1.7808219178082192,0.09823249564764946,-0.06029133666236208,2.03405137766381
2023,1466,聚隆,599716.0,-0.07453861494440701,-0.41,1111573.0,0.03,-0.4,0.0038854814218065897,-0.0672374864823694,208471.0,199625.0,242571.0,650667.0,-0.17,-17.304801949382817,-13.333333333333334,-0.04243276043190658,0.2151333750782718,7.550378852740466
2023,3528,安馳,1761023.0,0.011592125713292784,0.3,663660.0,1.76,0.78,0.06817308972106079,0.030377058319939722,523949.0,531717.0,491643.0,1547309.0,-0.15,0.4455872316222057,0.4431818181818182,0.014825870456857349,-0.07536715959805684,0.12042793203054293
2023,1817,凱撒衛,651780.0,0.07064040013501488,0.64,726000.0,1.01,1.14,0.10447252208750175,0.11993539995030765,205272.0,218924.0,206731.0,630927.0,0.82,1.148009041553097,1.1287128712871286,0.06650687867804672,-0.055695127076062945,0.7047595206240933
2023,3057,喬鼎,132550.0,-0.24564315352697094,-0.35,926787.0,0.15,0.0,0.04978184084770414,0.002811167119038387,38769.0,43213.0,66853.0,148835.0,-0.1,0.05646973014996559,0.0,0.11462766643452249,0.5470575984078865,-0.022276426027852323
2023,2353,宏碁,58260653.0,0.023894977627525047,0.47,30478538.0,0.58,0.62,0.023843599355154316,0.02891668237227373,17722949.0,21687117.0,28064739.0,67474805.0,0.66,1.2127649832374303,1.0689655172413794,0.22367428806571632,0.29407421927036226,0.6415504063454478
2023,2345,智邦,20119767.0,0.11157664002769019,4.02,5601589.0,3.71,4.42,0.11087077681109189,0.11958457695621562,7510271.0,7401293.0,7515166.0,22426730.0,4.28,1.0785942012471943,1.1913746630727762,-0.014510528315156646,0.015385554929388645,4.818213877451868
2023,8210,勤誠,2513805.0,0.09913139642891951,2.07,1206070.0,2.31,3.65,0.099530492467066,0.14492762233699844,711915.0,740092.0,905403.0,2357410.0,2.09,1.4561127825721756,1.58008658008658,0.03957916324280286,0.22336547348167524,2.8214271744474617
2023,2206,三陽工業,17387652.0,0.1306894685952997,2.86,7974896.0,0.84,1.17,0.05383684907760653,0.06360393228396662,5889647.0,5374895.0,5423486.0,16688028.0,1.6,1.1814200380167255,1.3928571428571428,-0.08739946553672906,0.00904036264894481,3.2309104149599004
2023,2480,敦陽科,1894368.0,0.1006652350546462,1.79,1063603.0,1.61,1.71,0.10386135744225865,0.11018666021794658,533226.0,586233.0,569408.0,1688867.0,1.73,1.060901406754716,1.062111801242236,0.09940813088634082,-0.028700192585541906,1.695783609859287
2023,2424,隴華,20850.0,-2.6089208633093524,-1.13,485250.0,-1.2,-1.26,-1.846531310493855,-2.9970279499177943,4244.0,4059.0,8267.0,16570.0,-1.21,1.623058289283077,1.05,-0.043590951932139466,1.036708548903671,-1.4459457103227873
2023,1324,地球,229852.0,0.03875102239702069,0.12,751219.0,-0.02,-0.01,-0.005144277614528269,-0.004371250483445913,83873.0,75561.0,77612.0,237046.0,0.24,0.8497306737686157,0.5,-0.09910221406173625,0.027143632297084386,0.10390358413101194
2023,3016,嘉晶,1078687.0,0.040394479584902755,0.16,2885394.0,0.74,0.7,0.13737177999233222,0.130761678145227,362032.0,351798.0,320557.0,1034387.0,0.14,0.9518816612300272,0.9459459459459459,-0.028268219383921878,-0.08880380218193396,0.13784242555740134
2023,1229,聯華,3639588.0,0.336002041989368,0.73,15837396.0,0.95,0.35,0.333741212217376,0.2459675194566572,1022672.0,891803.0,861221.0,2775696.0,0.67,0.7370007372552208,0.3684210526315789,-0.12796771594411505,-0.03429232689282269,0.4340082275763051
2023,6405,悅城,56120.0,-0.18843549536707058,-0.16,658000.0,-0.29,0.46,-0.19001595669474236,0.43750911052155916,17908.0,15741.0,12778.0,46427.0,-0.19,-2.3024861602776374,-1.5862068965517244,-0.12100737100737102,-0.18823454672511275,0.3061289980236511
2023,1456,怡華,923458.0,0.13305098878346389,1.31,937200.0,-0.36,-0.3,-0.1466480568005479,-0.20958786384187125,110748.0,73476.0,216090.0,400314.0,-0.12,1.4291895059129633,0.8333333333333334,-0.336547838335681,1.9409603135717783,0.8122251329750436
2023,1540,喬福,143395.0,0.3248300149935493,0.55,854736.0,0.32,0.59,0.23140400102632863,0.39172562770020664,56479.0,31860.0,26831.0,115170.0,0.39,1.6928213253133724,1.8437499999999998,-0.4358965279130296,-0.15784682988072818,0.7409256747760772
2023,6581,鋼聯,603248.0,0.2747924568336737,1.49,1112709.0,3.46,1.93,0.45937406299985784,0.3316541923886126,152413.0,152955.0,105723.0,411091.0,0.56,0.7219697825837312,0.5578034682080925,0.0035561271020188023,-0.30879670491320976,0.7329598676580839
2023,1735,日勝化,549221.0,0.002552706469708915,0.01,993880.0,0.17,0.04,0.02099897664375832,0.005055560411550249,191715.0,229340.0,208998.0,630053.0,0.3,0.24075270415870245,0.23529411764705882,0.1962548574707248,-0.08869800296503005,0.003895966244726814
2023,2906,高林,1950427.0,0.013008946246129693,0.12,2091111.0,0.13,0.24,0.010639952303274428,0.02306314877112258,661932.0,682271.0,658202.0,2002405.0,0.15,2.1675988870763017,1.846153846153846,0.03072672117377606,-0.035277770856448565,0.27001996272293377
2023,9946,三發地產,236845.0,0.1169372374337647,0.09,3265542.0,0.05,0.2,0.020819524183433098,0.06466140472404071,64230.0,85820.0,57454.0,207504.0,-0.06,3.105806076754352,4.0,0.33613576210493545,-0.3305290142158005,0.23078010367441593
2023,6176,瑞儀,11814238.0,0.18880481331085425,4.8,4650273.0,3.57,3.96,0.15091639877071344,0.10223613167322228,3864029.0,3674782.0,3849478.0,11388289.0,4.09,0.6774355371979763,1.1092436974789917,-0.04897659929570919,0.04753914653984914,3.1322835334670094
2023,3413,京鼎,3291721.0,0.18511167866292436,6.27,971595.0,6.27,8.21,0.1849666463537476,0.19413350510074237,895208.0,1037716.0,1043805.0,2976729.0,4.87,1.0495595229069743,1.309409888357257,0.159189819572658,0.005867694051166161,5.952438539886735
2023,3686,達能,5263.0,-1.9606688200646019,-0.14,764951.0,-0.07,-0.16,-1.1018518518518519,-0.46504951916176257,2413.0,4142.0,5192.0,11747.0,-0.04,0.4220617484829442,2.2857142857142856,0.7165354330708662,0.2535007242877836,-0.1270789413593837
2023,9917,中保科,4270176.0,0.1506071412513208,1.46,4511971.0,1.27,1.44,0.14856878226364956,0.16597359995311517,1431195.0,1444404.0,1411681.0,4287280.0,1.48,1.1171498980087156,1.1338582677165354,0.009229350298177508,-0.022655018955915374,1.5987205727342373
2023,4967,十銓,5655299.0,0.006110552244894567,0.49,715487.0,-0.26,-0.95,-0.016743942313883414,-0.05286547141052482,892105.0,1272862.0,1482536.0,3647503.0,0.54,3.157289389768792,3.6538461538461537,0.4268073825390508,0.16472641967471735,0.9835326061648424
2023,3048,益登,22780144.0,-0.0018772488883301176,-0.16,2698298.0,1.0,0.64,0.009939234468186016,0.005544165500120477,7654010.0,9468181.0,11029832.0,28152023.0,0.08,0.5578060883729538,0.64,0.23702229288960952,0.1649367497304921,-0.10925084462615625
2023,4545,銘鈺,515441.0,0.08479146982874859,0.57,770000.0,0.76,0.8,0.10908865705422341,0.10326222185112512,237264.0,126747.0,138988.0,502999.0,0.77,0.9465899080579733,1.0526315789473684,-0.4657975925551284,0.09657822275872396,0.5243127636465718
2023,8926,台汽電,1475943.0,0.19205009949571222,0.34,7302820.0,-0.28,0.32,-0.17130877631587077,0.25578521499454654,388434.0,325506.0,661153.0,1375093.0,0.09,-1.493123822931946,-1.1428571428571428,-0.1620043559523625,1.0311545716515211,-0.5399478748783133
2023,1104,環泥,1919189.0,0.21777688388168126,0.61,6732175.0,0.5,0.88,0.18935676688375414,0.319699331105367,637246.0,617197.0,618592.0,1873035.0,1.42,1.688343840923467,1.76,-0.03146194719150841,0.002260218374360301,1.0229706491253825
2023,1459,聯發,226074.0,0.1944230650141104,0.14,3586289.0,-1.03,-0.69,-0.5437729407881796,-0.5485920742110985,80422.0,95354.0,98023.0,273799.0,0.15,1.0088624002068467,0.6699029126213591,0.18567058765014544,0.027990435639826394,0.14974981524611822
2023,2849,安泰銀,1552034.0,0.4244443098540367,0.34,19576094.0,0.24,0.23,0.297504903340498,0.31216298677069426,476487.0,443476.0,571473.0,1491436.0,0.35,1.0492700566128819,0.9583333333333334,-0.06927995936930076,0.28862215768158817,0.3393021216195978
2023,6152,百一,660613.0,0.012859268588417122,0.05,1677385.0,0.12,0.56,0.02035749996305801,0.07567928716100351,156640.0,146800.0,127948.0,431388.0,0.13,3.7175138056409613,4.666666666666667,-0.06281920326864143,-0.1284196185286104,0.12294310081585232
2023,2702,華園,369177.0,0.0878467510164501,0.22,1566133.0,0.5,0.35,0.1514052558859138,0.17842212586201023,141127.0,121706.0,114101.0,376934.0,0.54,1.1784407669206283,0.7,-0.1376136387792556,-0.06248664815210425,0.2491553026486642
2023,2233,宇隆,794762.0,0.17021447930323794,2.24,602881.0,2.81,2.79,0.1993406265457737,0.19497948924915648,274313.0,310094.0,313110.0,897517.0,2.58,0.9781221852655521,0.9928825622775801,0.13043858657810614,0.009726083058685386,2.478567189167897
2023,2337,旺宏,7428887.0,0.009554594113492371,0.04,18558264.0,1.59,1.35,0.25885340167872306,0.21794643693841925,2181288.0,2600799.0,2501015.0,7283102.0,-0.22,0.8419686027882467,0.8490566037735849,0.19232260939408286,-0.03836667116528425,0.03157091604269487
2023,3045,台灣大,43546319.0,0.06970233236017033,1.08,35192336.0,1.06,1.0,0.0724004343811789,0.07015344124705543,14274764.0,14561723.0,14350565.0,43187052.0,1.04,0.9689643694360542,0.9433962264150942,0.02010253899819281,-0.014500893884604182,0.8288206869406068
2023,6426,統新,69244.0,-0.5939431575298942,-1.06,385090.0,0.78,0.91,0.16840175953079178,0.23870761747542477,36454.0,34126.0,30110.0,100690.0,-0.19,1.4174888560578118,1.1666666666666667,-0.06386130465792506,-0.1176815331418859,-2.2013476610616594
2023,6515,穎崴,1016608.0,0.1334772104882118,3.96,345340.0,6.12,10.79,0.1971642999572441,0.23719493334207914,264586.0,342597.0,377045.0,984228.0,3.7,1.2030318541110934,1.7630718954248363,0.29484175277603497,0.10054962536157652,4.5764959249313195
2023,3027,盛達,598044.0,0.052910822615058424,0.31,1149693.0,0.06,0.17,0.022378537149093942,0.05142513034821053,118263.0,200926.0,148924.0,468113.0,0.95,2.297966574204455,2.8333333333333335,0.6989760110939178,-0.2588117018205708,0.4950590862045441
2023,2412,中華電,53463651.0,0.18557045421383586,1.28,77574465.0,1.24,1.21,0.18416535219986532,0.174913696245208,17520419.0,17636472.0,18501054.0,53657945.0,1.17,0.9497644054967681,0.9758064516129032,0.006623871267005699,0.049022389511915954,1.21910178465388
2023,1210,大成,27597963.0,0.03894754841145341,1.27,8947673.0,0.64,0.55,0.01911636301982273,0.017267753323095596,8904562.0,10230624.0,9291296.0,28426482.0,1.51,0.9032969977181216,0.859375,0.14891939659693532,-0.09181531840091084,1.1176960193014531
2023,2618,長榮航,48609266.0,0.1222196813257785,1.11,53691254.0,0.34,0.23,0.05408155431174278,0.03512983844537339,18691487.0,18170876.0,16400974.0,53263337.0,1.1,0.6495715386224691,0.676470588235294,-0.027852840172641113,-0.09740322921140399,0.7875768814251611
2023,2851,中再保,5527477.0,0.09541496056880924,0.66,8003888.0,-0.84,-0.1,-0.08105440838628192,-0.012646377609692101,1989437.0,1951986.0,1751219.0,5692642.0,0.45,0.15602331645458586,0.11904761904761905,-0.01882492383523582,-0.10285268439425288,0.10588119887046223
2023,2880,華南金,14937855.0,0.3685683118493251,0.4,136427459.0,0.31,0.43,0.32155635243643604,0.36871418767157477,5715642.0,5198452.0,4859866.0,15773960.0,0.47,1.1466549638277188,1.3870967741935483,-0.09048677296443686,-0.06513208162737671,0.4886407632343881
2023,2101,南港,2053439.0,0.0504022763763618,0.13,8339349.0,-0.2,-0.1,-0.07376433951718081,-0.042915851634954524,708674.0,690615.0,719111.0,2118400.0,-0.01,0.5817967315352804,0.5,-0.025482803094229456,0.04126177392613828,0.07448987524911434
2023,3022,威強電,1913890.0,0.18013783446279566,1.96,1765978.0,1.87,3.47,0.20051030985956475,0.24047095579954347,636666.0,683857.0,538659.0,1859182.0,2.76,1.1992947193985524,1.8556149732620322,0.07412206714352587,-0.21232216676878357,2.274403296009646
2023,2404,漢唐,17620338.0,0.0702273702127621,6.6,1905867.0,4.65,8.45,0.08727360815937146,0.11343634153596523,4194839.0,3746251.0,9605328.0,17546418.0,6.96,1.2997782941300842,1.8172043010752685,-0.10693807318945969,1.563984100371278,8.403719861136867
2023,3591,艾笛森,477722.0,0.027384127170195217,0.1,1418884.0,0.13,0.14,0.033142586678151266,0.044108522014654435,173146.0,177729.0,181411.0,532286.0,0.11,1.3308714387019251,1.076923076923077,0.026468991486953142,0.02071693420882359,0.1367203495758874
2023,2481,強茂,3541090.0,0.08524098512040078,0.79,3821149.0,1.49,1.12,0.16363781396938332,0.134331071427557,1006033.0,1155907.0,1111484.0,3273424.0,0.64,0.8209048273688768,0.7516778523489933,0.1489752324227933,-0.0384312924828728,0.5994452998010918
2023,2915,潤泰全,680118.0,6.6423400057048925,4.32,11043188.0,8.57,10.55,7.301109459361425,10.881879551531087,214824.0,263622.0,232209.0,710655.0,6.29,1.4904419132599673,1.2310385064177363,0.22715339068260532,-0.11915925074538547,6.370895883036236
2023,3312,弘憶股,3740938.0,0.007848031696863194,0.18,1626254.0,0.63,0.64,0.018238469005942018,0.020234712308549473,1283610.0,1359163.0,1508579.0,4151352.0,0.91,1.1094523505211478,1.0158730158730158,0.05885977828156519,0.10993236278503749,0.22226474659817483
2023,6442,光聖,698592.0,0.10155999496129357,1.07,663000.0,1.25,2.34,0.10748059765834479,0.1765494423031006,218815.0,246300.0,201507.0,666622.0,1.02,1.6426168643414991,1.8719999999999999,0.12560839064963547,-0.18186358099878197,1.6773552865470818
2023,3209,全科,13369812.0,0.008068625048729182,0.47,2300292.0,1.52,1.4,0.02290232804757962,0.019110916717676073,6653841.0,4270136.0,3381340.0,14305317.0,1.0,0.8344530162162168,0.9210526315789473,-0.35824495956546,-0.20814231677866935,0.41871251320096015
2023,2547,日勝生,1873256.0,-0.033977737159256394,-0.07,8800946.0,0.08,-0.03,0.050685505728591346,-0.019769340203256613,685364.0,544921.0,481000.0,1711285.0,-0.02,-0.3900393202963518,-0.375,-0.2049173869651747,-0.11730324212133503,0.025768897066737906
2023,3003,健和興,1120718.0,0.14634368324591912,1.06,1556549.0,1.75,1.72,0.21158869221755763,0.21136243657393594,319989.0,323991.0,334845.0,978825.0,0.99,0.9989306817805318,0.9828571428571429,0.012506679917122066,0.03350093058140513,0.919287998123315
2023,2049,上銀,6583249.0,0.09506157218115249,1.77,3537923.0,3.6,4.13,0.14885243783648705,0.18014861746468575,2246022.0,2150644.0,2161208.0,6557874.0,1.78,1.2102496948190882,1.1472222222222221,-0.04246530087416778,0.004912017051636575,2.132527625547421
2023,8039,台虹,2079535.0,0.06669567956297923,0.67,2091197.0,1.07,1.23,0.09765081017765341,0.10834130127942448,800406.0,834482.0,852124.0,2487012.0,1.32,1.1094767271497508,1.1495327102803738,0.042573394002543674,0.02114125888874785,0.8800327453772303
2023,2834,臺企銀,7937203.0,0.34391371872434157,0.34,82224061.0,0.25,0.36,0.3033305116190528,0.37431135755763395,3176299.0,2441454.0,2635180.0,8252933.0,0.25,1.2340049656057177,1.44,-0.23135258991675534,0.07934861766799628,0.4259668519443048
2023,1906,寶隆,906991.0,0.0852191477092937,0.51,1510000.0,2.39,0.38,0.23942520255530286,0.05855300135747433,280435.0,285334.0,251120.0,816889.0,0.16,0.24455654932128396,0.1589958158995816,0.017469288783497072,-0.11990859834439638,0.11274637438297289
2023,3037,欣興,25234907.0,0.0946609789368354,1.57,15251402.0,5.43,5.81,0.2253462523966614,0.228590167996293,8568959.0,9217841.0,8758856.0,26545656.0,1.7,1.0143952498216902,1.0699815837937385,0.07572471755320564,-0.04979311315957824,1.6713287808786772
2023,3583,辛耘,1611286.0,0.09580173848714629,1.92,811390.0,1.89,1.89,0.1099672833935018,0.10557055504271962,559721.0,560117.0,622528.0,1742366.0,2.09,0.9600178506269984,1.0,0.0007074953414289986,0.11142493443334156,1.9749787877903233
2023,2409,友達,63320505.0,-0.07592066740465825,-0.63,76993961.0,-0.59,-1.13,-0.0895684023084756,-0.20963461181125578,21259538.0,24281667.0,24568621.0,70109826.0,-0.13,2.3404973897967887,1.9152542372881356,0.14215402987590786,0.011817722399372288,-1.6180442889092148
2023,2731,雄獅,5504312.0,0.040952438742571276,2.46,932202.0,-2.8,-2.36,-0.5069174212156315,-0.23496797396989758,2288122.0,2155197.0,2208064.0,6651383.0,2.86,0.46352317781153424,0.8428571428571429,-0.05809349326653035,0.02453000816166684,1.3544193521396282
2023,9918,欣天然,475138.0,0.18838737377351422,0.5,1805375.0,-0.06,0.08,-0.020993129912198816,0.03675932551200875,121254.0,127760.0,117250.0,366264.0,0.2,-1.7510169119969299,-1.3333333333333335,0.05365596186517552,-0.08226361928616155,-0.6692200473654514
2023,2509,全坤建,54802.0,-1.1614539615342505,-0.28,2245505.0,-0.19,-0.13,-0.8624438005794784,-0.562208773998956,18560.0,19584.0,19428.0,57572.0,-0.23,0.651878735311456,0.6842105263157895,0.05517241379310356,-0.007965686274509776,-0.19411813235408493
2023,2329,華泰,3998666.0,0.12863239890503483,0.73,7354883.0,0.61,0.65,0.09803230665224887,0.11363826705456141,1539838.0,1534989.0,1627249.0,4702076.0,0.82,1.1591920147066594,1.0655737704918034,-0.003149032560568088,0.06010466524515801,0.9532781214277183
2023,4755,三福化,1260361.0,0.08551835545530209,1.07,1007060.0,2.76,1.62,0.17959282880166727,0.13418448498564214,371504.0,426980.0,416795.0,1215279.0,1.09,0.7471594822632274,0.5869565217391305,0.14932813643998455,-0.023853576279919464,0.7710691013263865
2023,8213,志超,5058537.0,0.05510150464452469,1.02,2712425.0,1.25,1.12,0.05512657026422946,0.07181474154278068,1808095.0,1791136.0,1561433.0,5160664.0,1.1,1.302724642555531,0.8960000000000001,-0.00937948503812025,-0.1282443097564897,1.3657271153625083
2023,4770,上品,1464950.0,0.256418990409229,4.75,795360.0,5.65,5.92,0.2788376246511964,0.30520696300682065,375947.0,401089.0,457869.0,1234905.0,4.82,1.094568795687491,1.047787610619469,0.06687644800995884,0.1415645904026288,4.357757431103662
2023,2610,華航,47193097.0,0.06980739153440174,0.55,60236686.0,0.06,0.02,0.011401913924675502,0.003341206480172827,16491568.0,16281680.0,14905667.0,47678915.0,0.38,0.29303908994979694,0.33333333333333337,-0.012726988725389798,-0.0845129618073811,0.16191692983593586
2023,1736,喬山,8636292.0,0.03859688857208626,1.11,3036166.0,-1.35,0.73,-0.06247500801723012,0.027796848042319713,2764855.0,3276394.0,3587203.0,9628452.0,1.22,-0.4449274825967779,-0.5407407407407407,0.18501476569295683,0.09486313306641381,-0.5445935402453239
2023,3060,銘異,596291.0,-0.08905551148684115,-0.38,1375632.0,0.54,0.09,0.07751298324190402,0.018874801185524703,241114.0,249006.0,260113.0,750233.0,0.08,0.24350502839788604,0.16666666666666666,0.03273140506150618,0.04460535087507922,-0.1182667410579612
2023,2421,建準,3279820.0,0.13158953845028082,1.72,2509297.0,1.2,1.42,0.08621620744807755,0.09715444758118219,1137514.0,1097364.0,1058726.0,3293604.0,1.49,1.1268698827849977,1.1833333333333333,-0.03529626888108628,-0.03520983010195344,1.9463209151160177
2023,4916,事欣科,857892.0,0.04195050192798161,0.4,938743.0,0.26,0.03,0.034667949827548346,0.0032886240637182173,269708.0,300399.0,269465.0,839572.0,0.63,0.09486064448798075,0.11538461538461538,0.11379343586397139,-0.10297637475490928,0.03559053095745499
2023,4915,致伸,16065380.0,0.04352427393563053,1.55,4594343.0,1.58,1.96,0.0350568148707559,0.039285444422599604,5014100.0,5197689.0,5511431.0,15723220.0,1.63,1.1206221833738579,1.240506329113924,0.03661454697752342,0.06036182618852348,1.6692017304998916
2023,1303,南亞,63738195.0,0.01477285323188082,0.12,79308216.0,1.81,0.42,0.1515045177021745,0.040864178274286435,21514529.0,23595589.0,22141297.0,67251415.0,0.55,0.2697225065896495,0.23204419889502761,0.09672812265608965,-0.06163406219696399,0.033788181306724493
2023,3481,群創,55087258.0,-0.10417109524674471,-0.6,95564562.0,-0.45,-1.23,-0.08187200323417727,-0.2654633560633312,18515094.0,19225047.0,19913527.0,57653668.0,-0.22,3.242419210191185,2.7333333333333334,0.03834455282808724,0.03581161596119897,-2.037729174399539
2023,1702,南僑,5718733.0,0.04228139344851386,0.97,2941330.0,0.65,0.4,0.03142953851519579,0.01954287383029643,1774321.0,1998440.0,2046638.0,5819399.0,1.13,0.6217995794258225,0.6153846153846154,0.12631254434795047,0.024117811893276775,0.5201565818228578
2023,1436,華友聯,77205.0,-0.16974289229972153,-0.14,972854.0,1.01,5.06,0.12410249163353267,0.1983733318478659,37887.0,97600.0,61767.0,197254.0,0.27,1.5984637313620635,5.00990099009901,1.5760815055296011,-0.367141393442623,-0.5501391278054564
2023,6277,宏正,1234720.0,0.09135512504859401,0.95,1194711.0,1.35,1.71,0.12571203034687684,0.1490597045913787,392831.0,430743.0,393438.0,1217012.0,1.03,1.1857234679933075,1.2666666666666666,0.09650969500879514,-0.0866061665540705,1.1034390012282682
2023,5880,合庫金,15596269.0,0.29743639328098276,0.3,147093822.0,0.32,0.42,0.38649860844911466,0.37538289776274764,5961716.0,4994556.0,4738180.0,15694452.0,0.34,0.9712399722964837,1.3125,-0.16222845905440653,-0.05133108929001895,0.3082282053723114
2023,2105,正新,24623334.0,0.0843739925714365,0.64,32414155.0,0.36,0.46,0.04771698737170399,0.05629828286664337,8080314.0,8585085.0,8594397.0,25259796.0,0.61,1.1798373277024623,1.277777777777778,0.0624692307749426,0.001084671846580454,0.7757572926732923
2023,4106,雃博,703610.0,0.07228151959181933,0.51,1009116.0,0.52,0.59,0.07598480303939212,0.08631449873041395,173039.0,198250.0,193580.0,564869.0,0.23,1.13594423197579,1.1346153846153846,0.14569547905385494,-0.02355611601513241,0.4596115501354394
2023,2492,華新科,8223217.0,0.10236845263842606,1.74,4858043.0,1.56,1.05,0.07719055759721755,0.061869187187100556,2878994.0,2866961.0,2935063.0,8681018.0,2.18,0.8015123755153536,0.6730769230769231,-0.004179584952243687,0.023754072692303785,1.466174538212129
2023,3308,聯德,179722.0,0.338250186398994,0.86,706840.0,-0.12,0.26,-0.14184759472115793,0.28922178615870586,66654.0,56316.0,20892.0,143862.0,0.78,-2.0389615116650663,-2.166666666666667,-0.15509946889909088,-0.6290219475815044,-1.403692721429254
2023,6005,群益證,2759684.0,0.3947180184397924,0.5,21709081.0,-0.12,0.11,-0.1806537769660684,0.10583181094681192,1164164.0,1346859.0,1057053.0,3568076.0,0.5,-0.5858267273686171,-0.9166666666666667,0.15693235660954996,-0.21517174403556716,-0.38005704810725904
2023,2368,金像電,6928593.0,0.11797705537040493,1.68,4918391.0,2.7,2.7,0.17275402748674493,0.15691795968940733,2618597.0,2749636.0,2854546.0,8222779.0,2.4,0.9083317012765294,1.0,0.050041682626230655,0.0381541411299533,1.791585714171977
2023,6285,啟碁,26627137.0,0.03554415181774894,2.29,4180674.0,1.43,3.13,0.027703335624712618,0.04638208119956801,9416592.0,10515144.0,9277841.0,29209577.0,3.35,1.6742417529747975,2.1888111888111887,0.11666131441183825,-0.11766866911190188,4.157816207370663
2023,9944,新麗,586627.0,-0.10845733319468759,-0.6,1091071.0,0.2,-0.25,0.029088926483912092,-0.044096837368223674,154522.0,152052.0,138428.0,445002.0,-0.61,-1.5159320985121898,-1.25,-0.015984778866439675,-0.08960092599900038,0.6705754051143094
2023,2360,致茂,4416240.0,0.2306090701592305,2.42,4253644.0,3.95,4.11,0.336469427939957,0.2599036089515968,1314570.0,1875290.0,1657291.0,4847151.0,2.91,0.7724434595525174,1.040506329113924,0.42654251960717193,-0.11624815361890695,2.0298712590781363
2023,8201,無敵,154691.0,-0.10797008229308751,-0.27,623663.0,-0.34,-0.25,-0.11931996642091497,-0.11708491391887949,34317.0,28497.0,53667.0,116481.0,-0.13,0.9812684115737087,0.7352941176470588,-0.1695952443395402,0.8832508685124749,-0.1978774758786775
2023,3645,達邁,446703.0,-0.04438743415647533,-0.15,1318170.0,0.95,-0.45,0.2040917464095333,-0.19432862919864652,164260.0,177062.0,165101.0,506423.0,0.5,-0.9521630963395454,-0.4736842105263158,0.07793741629124562,-0.06755260869074109,0.16237283914390208
2023,1437,勤益控,169045.0,0.7645774793693987,0.63,2033713.0,0.46,0.57,0.5425471955747431,0.4578494470436428,154015.0,54326.0,126347.0,334688.0,1.0,0.8438886990441884,1.2391304347826084,-0.6472681232347499,1.3257188086735634,1.0618352762195735
2023,2707,晶華,1598677.0,0.2150340562852909,2.7,1274032.0,0.7,2.06,0.08460564741424896,0.17896025270343938,541909.0,553655.0,530563.0,1626127.0,2.3,2.115228216707666,2.942857142857143,0.021675225914314034,-0.04170828403969984,5.805486279749153
2023,1471,首利,66695.0,-0.5109978259239824,-0.23,1504145.0,-0.77,-0.13,-1.5470891554676856,-0.43383374411830605,20416.0,31576.0,17794.0,69786.0,0.06,0.2804193556557883,0.16883116883116883,0.5466300940438871,-0.4364707372688118,-0.066482239600206
2023,4952,凌通,625360.0,0.10641550466931048,0.61,1088158.0,2.0,1.07,0.21360572389151614,0.1688565083525162,203493.0,203693.0,180471.0,587657.0,0.5,0.790505541126198,0.535,0.0009828347903859669,-0.11400489953017534,0.4542990011253071
2023,5388,中磊,15666399.0,0.03361059551719575,2.05,2588769.0,1.8,2.09,0.029728903228884794,0.028871201656589476,4437995.0,5522105.0,5658434.0,15618534.0,2.53,0.9711492359576196,1.161111111111111,0.2442792296971943,0.02468786812275381,1.969287608746398
2023,1413,宏洲,448476.0,-0.07728172745029835,-0.27,1321124.0,0.51,-0.05,0.07497923527280012,-0.009172044525077803,132361.0,199408.0,202309.0,534078.0,-0.3,-0.122327795044945,-0.09803921568627451,0.5065464902803696,0.014548062264302386,0.0382175704910454
2023,2441,超豐,3515618.0,0.16929285263643548,1.04,5688459.0,1.92,1.07,0.2331701450783389,0.17379395136732204,1161213.0,1203031.0,1146695.0,3510939.0,1.05,0.7453525034645063,0.5572916666666667,0.03601234226623373,-0.04682838596844141,0.7788054630826243
2023,8101,華冠,40125.0,-1.3354267912772586,-0.74,728311.0,0.36,-1.36,0.9900995462856369,-1.5522935448320716,11188.0,5460.0,16013.0,32661.0,-0.8,-1.5678156309186366,-3.777777777777778,-0.5119771183410797,1.9327838827838826,0.9389180390685766
2023,1468,昶和,285937.0,0.08046178004245691,0.14,1604053.0,0.21,0.66,0.10958067293788891,0.24746100405103547,58616.0,91518.0,81874.0,232008.0,0.28,2.2582541009882107,3.1428571428571432,0.5613143169100587,-0.10537817697065055,0.26281290710477795
2023,3535,晶彩科,49341.0,-0.7146997426075677,-0.45,790523.0,1.03,1.36,0.17824046663596693,0.25694344990882095,102641.0,51245.0,36923.0,190809.0,0.67,1.4415550786993543,1.3203883495145632,-0.5007355735037655,-0.2794809249682896,-2.4867905683902385
2023,2449,京元電子,8167308.0,0.1889420602235155,1.27,12227451.0,1.65,1.22,0.20287419921776834,0.16596767193236173,2855724.0,2879079.0,2858905.0,8593708.0,1.25,0.8180817105984455,0.7393939393939394,0.008178311349416045,-0.00700710192391385,1.0863505584576743
2023,2606,裕民,3647999.0,0.1639452203797205,0.7,8450557.0,1.44,2.18,0.3219720355000779,0.4470725922439521,1839307.0,1112425.0,949077.0,3900809.0,0.91,1.3885447894553065,1.513888888888889,-0.3951934070821239,-0.14683956221767758,1.050819209832867
2023,3030,德律,936067.0,0.21998104836512772,0.87,2362160.0,2.22,2.06,0.2852755967993878,0.3162993412069463,252839.0,426203.0,348103.0,1027145.0,1.04,1.1087500815198543,0.9279279279279279,0.6856695367407717,-0.18324601187696943,1.060574980237303
2023,2524,京城,479633.0,-0.02643896479183042,-0.04,3702278.0,0.33,0.21,0.14797016359875473,0.16623579480197295,50137.0,401387.0,448000.0,899524.0,0.56,1.1234413124847822,0.6363636363636364,7.0058040967748365,0.11612981984967119,-0.07216698564013761
2023,2884,玉山金,15504087.0,0.2902926176820344,0.28,156640000.0,0.18,0.32,0.22743401095808938,0.31804754574738253,5597849.0,5823891.0,5455815.0,16877555.0,0.34,1.398416817289438,1.777777777777778,0.04038015316240218,-0.06320104548659988,0.4374007135574498
2023,2488,漢平,651121.0,0.13702368684161623,1.12,799994.0,0.91,1.79,0.08264261308287849,0.14015649716074477,243651.0,272959.0,349975.0,866585.0,1.92,1.6959349654177591,1.967032967032967,0.12028680366589928,0.282152264625823,2.5172669889786565
2023,3035,智原,2917006.0,0.14186635200613232,1.66,2485503.0,2.66,2.41,0.19650273334478544,0.18466753295999483,987476.0,989938.0,985066.0,2962480.0,1.43,0.9397708103936424,0.9060150375939849,0.0024932251518010595,-0.004921520337637264,1.589068022520317
2023,9930,中聯資源,3248269.0,0.06992431969150338,0.91,2485404.0,0.86,0.86,0.07070625860408963,0.07693823020753612,1036397.0,1017744.0,980388.0,3034529.0,0.86,1.088138896421342,1.0,-0.01799792936490552,-0.03670471159741551,0.9289811115468953
2023,9906,欣巴巴,2532875.0,0.15573764990376548,4.73,833439.0,2.67,0.59,0.17665843972285566,0.10810345090836912,455850.0,7284.0,14.0,463148.0,1.23,0.6119348222364207,0.22097378277153557,-0.9840210595590655,-0.9980779791323449,0.5295960757143175
2023,3017,奇鋐,14870889.0,0.08079100045733648,3.18,3833101.0,3.1,3.51,0.07963105631975236,0.0832513978530026,5153183.0,5251705.0,5363932.0,15768820.0,3.72,1.0454639395804703,1.1322580645161289,0.019118668985751208,0.021369631386378263,3.4747293026404016
2023,1903,士紙,43332.0,-0.5143542878242408,-0.09,2600391.0,-0.13,1.2,-0.8783948220064725,7.827181587477073,16673.0,14759.0,10464.0,41896.0,0.63,-8.910778378221586,-9.23076923076923,-0.11479637737659687,-0.2910088759401044,0.7384343889285732
2023,1470,大統新創,149462.0,0.05714495992292355,0.1,857670.0,-0.07,0.15,-0.028948047356501964,0.05568808312128923,51323.0,51791.0,42437.0,145551.0,0.06,-1.9237250248860476,-2.142857142857143,0.009118718703115647,-0.18061053078720246,-0.18655886944411504
2023,8112,至上,37598893.0,0.013131264263551589,1.16,4584965.0,1.65,1.02,0.01574806887231521,0.01149988510807437,11677661.0,14638828.0,14313764.0,40630253.0,1.56,0.7302409712146318,0.6181818181818183,0.2535753521188875,-0.022205602798256785,0.8497403463144377
2023,1512,瑞利,288505.0,0.004093516576835756,0.02,981835.0,-0.31,-0.03,-0.4598827108151539,-0.06265227501475029,76832.0,90778.0,89068.0,256678.0,0.02,0.13623533466543572,0.0967741935483871,0.18151291128696379,-0.01883716318931905,0.0014579292643987975
2023,2312,金寶,39402705.0,0.003259497031993108,0.09,14968542.0,0.17,0.3,0.0061201915242977654,0.008492877891305518,12637135.0,11766156.0,15232473.0,39635764.0,0.24,1.3876817183887062,1.764705882352941,-0.06892218845489895,0.29460063252603486,0.11977003883105457
2023,5521,工信,1356090.0,0.06662905854331203,0.19,4922802.0,-0.03,-0.01,-0.015535370528428554,-0.0005388514539744257,564183.0,436606.0,478943.0,1479732.0,0.06,0.03468545877218494,0.33333333333333337,-0.22612698362056283,0.09696843378240327,0.006946752360752125
2023,1474,弘裕,574815.0,-0.040106816975896596,-0.18,1298970.0,0.18,0.2,0.029179890473376748,0.03287022590226357,231620.0,257924.0,235637.0,725181.0,-0.28,1.1264684469002317,1.1111111111111112,0.11356532251100937,-0.08640917479567622,-0.2522229049673345
2023,2321,東訊,201268.0,-0.046107677325754715,-0.67,302719.0,0.11,0.08,0.018024411554853504,0.014811448235002902,65888.0,72298.0,59985.0,198171.0,-0.28,0.8217437884131404,0.7272727272727273,0.09728630403108296,-0.17030899886580542,-0.24803335966689954
2023,5534,長虹,514951.0,0.009437791168480108,0.01,2903260.0,1.48,1.0,0.29171963164741466,0.29701979960134756,194660.0,680416.0,925840.0,1800916.0,1.14,1.018168705081662,0.6756756756756757,2.4954073769649647,0.3606969853736537,0.05960705065542159
2023,2438,翔耀,33762.0,-0.1956045257982347,-0.11,601956.0,-0.09,-0.08,-0.09024472573839662,-0.08665061393172464,13822.0,13350.0,11838.0,39010.0,-0.21,0.9601737189928343,0.888888888888889,-0.03414845897844021,-0.11325842696629218,-0.12171382655481776
2023,2375,凱美,1260489.0,0.1433475421046911,1.66,1086753.0,1.27,1.59,0.10883342020961645,0.11842020462686062,412283.0,411700.0,430274.0,1254257.0,1.28,1.0880867696593541,1.2519685039370079,-0.0014140772236546084,0.04511537527325715,1.8001531972140057
2023,6706,惠特,406848.0,-0.1889329675947774,-1.05,735369.0,4.25,3.33,0.21221170910814818,0.3115773382575873,112309.0,80045.0,78846.0,271200.0,-0.11,1.468238202156885,0.7835294117647059,-0.2872788467531543,-0.014979074270722759,-1.023030621382926
2023,6464,台數科,1031524.0,0.22985892717959058,1.86,1276131.0,1.85,1.61,0.22284335472845382,0.1969677530916535,340985.0,344897.0,353042.0,1038924.0,1.91,0.8838843470637432,0.8702702702702703,0.0114726454242855,0.023615746150299932,1.6540374502933
2023,6184,大豐電,519821.0,0.3003668570527162,1.05,1582306.0,0.9,0.63,0.2686829569142109,0.18429331874036117,170802.0,172522.0,173975.0,517299.0,0.8,0.6859136912029932,0.7,0.010070139693914681,0.008422114281077198,0.6735543509788849
2023,2369,菱生,1440754.0,0.0009120224549090268,0.01,3801023.0,0.25,-0.09,0.05614960941194731,-0.023281223425677303,486123.0,521187.0,492585.0,1499895.0,-0.05,-0.41462841272629775,-0.36,0.07212989305175843,-0.0548785752522607,-0.0014921928346134914
2023,8341,日友,801238.0,0.05248877362281869,0.38,2820366.0,1.76,1.69,0.20777966486227464,0.20730219023965324,260653.0,287563.0,244272.0,792488.0,1.02,0.9977020146656898,0.9602272727272727,0.10324070699358923,-0.15054440244398615,0.1471480459304239
2023,3231,緯創,207476960.0,0.01570450521349455,1.17,28999661.0,1.53,1.33,0.017402674291109324,0.014779424551491078,67719669.0,72891238.0,77882364.0,218493271.0,1.67,0.8492616884200141,0.869281045751634,0.07636731065534308,0.06847360721188456,1.0048724420534059
2023,2439,美律,8356287.0,0.043386973185578714,1.7,2177422.0,1.83,2.75,0.04905347863218393,0.0530563138179003,2395737.0,2583492.0,4502585.0,9481814.0,1.96,1.081601454113595,1.5027322404371584,0.07837045552162025,0.7428290855942268,2.0435037594435106
2023,9904,寶成,63095229.0,0.05557787895499991,1.19,29467872.0,1.72,1.94,0.07405424991711039,0.0830505260475028,19087032.0,20122656.0,19084453.0,58294141.0,2.06,1.1214822395806052,1.127906976744186,0.05425799045131785,-0.05159373593625016,1.2330210791841683
2023,3011,今皓,312007.0,0.05380007499831735,0.15,1127192.0,-0.1,0.02,-0.028785014829505934,0.007468374516480629,87366.0,92667.0,115245.0,295278.0,-0.2,-0.2594535580654004,-0.19999999999999998,0.0606757777625162,0.24364660558774975,-0.03656585264038858
2023,5203,訊連,445663.0,0.13796972151603343,0.78,789418.0,1.28,1.1,0.22833535822479237,0.2026491518189303,158817.0,151857.0,169254.0,479928.0,1.2,0.8875066629821983,0.859375,-0.043824023876537166,0.1145617258341729,0.7444310402542089
2023,2801,彰銀,9935812.0,0.358130266554963,0.32,108582930.0,0.27,0.3,0.34489558426434663,0.34877920885751107,3480273.0,3090445.0,3083630.0,9654348.0,0.29,1.011260290854254,1.111111111111111,-0.11201075317942011,-0.0022051840430746816,0.3220070446095148
2023,6416,瑞祺電通,1012949.0,0.1015362076471767,1.4,733485.0,1.81,1.9,0.10532893536791009,0.10369121271004102,270204.0,280452.0,368381.0,919037.0,1.0,0.9844513508833203,1.0497237569060773,0.03792689967580043,0.31352602227832205,1.2524400800071565
2023,2612,中航,981008.0,0.05165401301518438,0.25,1974846.0,0.93,0.97,0.15187240460917417,0.16757893004288163,365136.0,341309.0,341986.0,1048431.0,0.33,1.1034192187456724,1.043010752688172,-0.0652551378116647,0.0019835398421956807,0.3025876723980575
2023,2465,麗臺,814620.0,-0.07015418231813607,-0.97,589460.0,-1.25,-1.01,-0.060630687138091215,-0.039637231149108394,226705.0,296759.0,442025.0,965489.0,-0.58,0.6537486711775417,0.808,0.3090095057453519,0.48950832156733237,-0.7512031088308505
2023,9926,新海,558052.0,0.2545354196383133,0.79,1795041.0,0.59,0.84,0.18876689713935757,0.306435805962193,172286.0,166126.0,166699.0,505111.0,0.67,1.623355633885141,1.423728813559322,-0.035754501236316405,0.003449189169666411,1.1627178802678313
2023,6674,鋐寶科技,220518.0,-0.36861843477629946,-1.21,676536.0,-0.14,0.17,-0.013797541173191315,0.01756622751097889,84642.0,86334.0,162920.0,333896.0,-0.91,-1.2731418801713852,-1.2142857142857142,0.01999007584886936,0.8870896749832047,2.316189882668103
2023,2002,中鋼,95356918.0,0.010409564621205564,0.07,157731290.0,0.65,0.13,0.0754593085311765,0.018403148853046017,28220608.0,30550154.0,29458618.0,88229380.0,-0.05,0.24388175841079485,0.2,0.08254768997181072,-0.035729312526542434,0.014200618342654065
2023,3138,耀登,381508.0,0.1117093219539302,0.91,467111.0,0.81,1.96,0.09563868473921115,0.19379055074560192,170452.0,156427.0,137267.0,464146.0,1.55,2.0262778735825635,2.4197530864197527,-0.0822812287330158,-0.12248524871026101,2.2491733826036833
2023,2247,汎德永業,15248470.0,0.035636362205519634,6.73,807087.0,4.95,4.38,0.031024067691526675,0.03208610456592551,4597886.0,4168701.0,4382452.0,13149039.0,5.52,1.0342326765451488,0.8848484848484848,-0.09334398460509896,0.05127520539371866,6.004616579190182
2023,1440,南紡,5029275.0,-0.014461328919178212,-0.04,16568159.0,0.25,0.18,0.07472723613150817,0.05801461487385228,1467285.0,1590203.0,1477426.0,4534914.0,-0.04,0.7763516741306435,0.72,0.08377240958641297,-0.07091987626736962,-0.03072992496509433
2023,6239,力成,17217598.0,0.07800408628427728,1.8,7591466.0,3.67,3.2,0.11807924596219899,0.11174373019523491,6185294.0,6269639.0,5994038.0,18448971.0,2.1,0.9463452216743298,0.8719346049046323,0.013636376864220257,-0.043958033309413835,1.793962846937588
2023,6224,聚鼎,716184.0,0.053556069389989164,0.45,856453.0,-0.43,0.5,-0.05006737506999786,0.05790974673244856,256452.0,249452.0,253966.0,759870.0,0.68,-1.1566363655271819,-1.1627906976744187,-0.02729555628343705,0.018095665699212615,-0.5495931385167885
2023,2633,台灣高鐵,12308801.0,0.1322218955363727,0.29,56282930.0,0.05,0.23,0.04168425070109852,0.13371991013684378,4069922.0,4202652.0,3916585.0,12189159.0,0.22,3.2079240453594102,4.6,0.03261241861637654,-0.06806821026342413,0.9185958941874766
2023,3703,欣陸,8100104.0,0.07112958055847184,0.7,8232160.0,1.15,0.56,0.11417463381842054,0.07490307756884679,2101212.0,2593735.0,3098964.0,7793911.0,0.58,0.6560395690689939,0.4869565217391305,0.23439947991920862,0.19478821082338782,0.441796144814225
2023,4426,利勤,263633.0,-0.04153880583993658,-0.07,1726773.0,-0.21,0.13,-0.10198660533237547,0.05738489367519929,97458.0,142235.0,114837.0,354530.0,0.12,-0.5626708869089356,-0.6190476190476191,0.4594491986291531,-0.19262488135831546,0.04798728656655472
2023,1319,東陽,5551192.0,0.1365377021727946,1.28,5914771.0,1.36,1.19,0.14894533829227882,0.12651978144892315,1920265.0,2077579.0,2156228.0,6154072.0,1.65,0.8494376722328194,0.8749999999999999,0.0819230679098979,0.037856081525660334,1.206726210145453
2023,1442,名軒,245787.0,0.29161428391249333,0.2,3662113.0,0.3,0.14,0.5538202303707057,0.24135770234986945,64711.0,97446.0,145188.0,307345.0,0.1,0.43580513876915256,0.46666666666666673,0.505864536168503,0.48993288590604034,0.10665851949607924
2023,6183,關貿,517479.0,0.2736613466440184,0.94,1500000.0,0.76,0.75,0.21678274073471765,0.21633436709692888,179537.0,168956.0,196505.0,544998.0,0.86,0.9979316912579427,0.9868421052631579,-0.05893492706238823,0.1630542863230664,0.9922427261700822
2023,5515,建國,978798.0,0.09841458605350645,0.39,2520001.0,0.08,0.21,0.013822074715084844,0.04618445289205799,371439.0,251500.0,272117.0,895056.0,0.31,3.3413545971976393,2.625,-0.3229036261674192,0.08197614314115298,1.167969581635151
2023,2497,怡利電,854803.0,0.052518533510060215,0.37,1227985.0,0.68,0.99,0.11285149246963788,0.1280512278676823,365714.0,370992.0,357825.0,1094531.0,0.79,1.1346879431136796,1.4558823529411764,0.014432042525033273,-0.03549133134946303,0.5311583772571582
2023,2816,旺旺保,2608053.0,0.21696031484022757,2.53,2236080.0,-3.37,0.04,-0.4076331715297016,0.0034314799910197626,988022.0,844191.0,797406.0,2629619.0,1.26,-0.008418058761367838,-0.011869436201780416,-0.14557469368090992,-0.0554199227426021,-0.021478193328321276
2023,4104,佳醫,2022413.0,0.08557895939157828,1.17,1556167.0,0.99,1.26,0.08372195531006539,0.1095145114290913,617997.0,695296.0,705001.0,2018294.0,1.06,1.3080739815918396,1.2727272727272727,0.1250798952098473,0.013958084039027874,1.451869347619978
2023,6756,威鋒電子,591791.0,0.13413012364162347,1.15,690142.0,3.72,2.01,0.289634579030729,0.22682097630095657,198753.0,172422.0,186446.0,557621.0,1.12,0.783128095616276,0.5403225806451613,-0.1324810191544279,0.08133532843836644,0.8487109253195326
2023,6719,力智,795666.0,0.03054296652112821,0.31,810297.0,5.74,3.75,0.24001998487775292,0.1944712975964318,221148.0,244331.0,256419.0,721898.0,0.49,0.8102296052367474,0.6533101045296167,0.10483024942572405,0.049473869463964926,0.2204707257385465
2023,2107,厚生,420961.0,0.6030938733041779,0.75,3373260.0,0.63,0.94,0.412017437469965,0.8258187241059359,89909.0,115631.0,91419.0,296959.0,0.65,2.0043295477418623,1.4920634920634919,0.28608926803768253,-0.20939021542665892,1.0641447849647965
2023,1326,台化,75168838.0,0.022579143766995574,0.29,58611863.0,1.07,0.43,0.058529220176956026,0.02749158034217983,26750801.0,29077841.0,30995485.0,86824127.0,1.28,0.46970693030015365,0.40186915887850466,0.086989544724287,0.06594863765848369,0.1571047573655657
2023,2374,佳能,1099486.0,0.0547337574102808,0.21,2875463.0,0.11,0.6,0.02139006485716581,0.11454313015502042,488264.0,582247.0,509842.0,1580353.0,0.84,5.354968810047704,5.454545454545454,0.19248398407418943,-0.12435444064117118,1.6108627175041925
2023,2108,南帝,2247278.0,0.10542754389977564,0.48,4924167.0,0.75,0.33,0.10764814984016281,0.06451752720389851,712984.0,796275.0,851398.0,2360657.0,0.4,0.5993370745311913,0.44,0.11682029330251442,0.06922608395340801,0.302918186886032
2023,4564,元翎,357924.0,-0.2987449849688761,-0.53,2027883.0,0.02,-0.02,0.007265003709286446,-0.008663933604934008,119194.0,113913.0,94473.0,327580.0,-0.29,-1.1925573546314074,-1.0,-0.044305921438998586,-0.17065655368570753,0.5755119988901737
2023,2477,美隆電,643353.0,0.019670383133365353,0.08,1585732.0,-0.09,0.68,-0.016089351845793475,0.17353223850813262,274226.0,226498.0,223724.0,724448.0,0.32,-10.785533200549793,-7.555555555555556,-0.17404622464682418,-0.012247348762461474,-0.9692411998413936
2023,1721,三晃,499699.0,-0.16036253824802532,-0.43,1848841.0,0.28,0.04,0.06127752845391524,0.010891555325143833,148976.0,167455.0,206090.0,522521.0,-0.42,0.17774142658731745,0.14285714285714285,0.12404011384384073,0.23071870054641552,-0.08055560600539532
2023,3605,宏致,2072908.0,-0.021760734195632417,-0.33,1344177.0,0.88,0.81,0.04370041204274369,0.04126392902425532,714331.0,766314.0,724331.0,2204976.0,0.24,0.9442457655523881,0.9204545454545455,0.07277158628142977,-0.05478563617524934,-0.33705905345078907
2023,2356,英業達,130651347.0,0.010640678660588168,0.38,35874751.0,0.42,0.49,0.011051001322359038,0.01227957542913994,41832938.0,46478885.0,47528852.0,135840675.0,0.53,1.111173102865817,1.1666666666666667,0.1110595435587145,0.02259019337490553,0.4477050404766933
2023,1530,亞崴,658636.0,0.03726489289987186,0.26,965942.0,1.22,1.51,0.15841543018751592,0.13768272288305264,211469.0,177761.0,271990.0,661220.0,1.63,0.8691244452644415,1.2377049180327868,-0.15939925000827548,0.5300881520693514,0.22170565660941433
2023,2753,八方雲集,1771774.0,0.08122311310584758,2.17,663448.0,2.52,2.69,0.09828147139237936,0.10006845867764408,639927.0,670145.0,615167.0,1925239.0,2.24,1.0181823415944837,1.0674603174603174,0.047221011146583836,-0.08203896171724034,2.399843677438504
2023,2395,研華,17028135.0,0.17643335573743102,3.17,8567316.0,3.17,4.1,0.1460766578729406,0.17107618215880682,4824713.0,5084168.0,5097469.0,15006350.0,3.01,1.171139760793344,1.2933753943217665,0.05377625570681621,0.0026161605989416525,3.619259356213833
2023,1445,大宇,353787.0,0.03950116878234644,0.11,1306660.0,-0.18,0.15,-0.0629849548090631,0.05276234011412086,104813.0,104160.0,86848.0,295821.0,0.08,-0.8376975148123584,-0.8333333333333334,-0.006230143207426542,-0.16620583717357906,-0.07491410188669609
2023,1734,杏輝,727589.0,0.14986620193543332,0.65,1677221.0,0.52,0.4,0.12175966132648987,0.09600282037722545,224786.0,227103.0,265696.0,717585.0,0.45,0.788461624575324,0.7692307692307693,0.010307581433007362,0.16993610828566763,0.5055537335858081
2023,2892,第一金,17416512.0,0.37481925198340516,0.47,136201455.0,0.39,0.47,0.31315883432098374,0.31227519535365866,6384754.0,5480993.0,4707518.0,16573265.0,0.43,0.9971783042006749,1.205128205128205,-0.14154985454412183,-0.14111950152098351,0.4548006095650653
2023,3406,玉晶光,2666070.0,0.04197414171420855,0.99,1127431.0,3.32,15.35,0.12835870314130407,0.24090840245518244,2148218.0,3235256.0,3462646.0,8846120.0,13.92,1.8768373048298697,4.623493975903615,0.5060184767095333,0.07028500990338937,6.181178792423078
2023,2415,錩新,525254.0,-0.04281357210035526,-0.25,900000.0,0.1,-0.72,0.012144060477289819,-0.11204046022906801,209693.0,199084.0,199702.0,608479.0,-0.22,-9.225947156520748,-7.199999999999999,-0.05059300978096548,0.003104217315304192,2.6705180140462206
2023,1527,鑽全,619844.0,0.14287627209426887,0.63,1385706.0,1.51,1.82,0.1850114352503907,0.2770937597125257,201096.0,266274.0,233099.0,700469.0,1.11,1.49771152976308,1.205298013245033,0.3241138560687433,-0.12458970834553884,1.0816981967386199
2023,4906,正文,7013592.0,0.04427859504801534,0.79,3944745.0,0.14,0.57,0.00868881264547516,0.0289841903590176,2122788.0,2015384.0,2019765.0,6157937.0,0.9,3.335805655115787,4.07142857142857,-0.05059572599807427,0.0021737792897036368,2.305742900073988
2023,2383,台光電,9180446.0,0.10895995684741243,3.01,3329183.0,3.25,3.93,0.10845510439802217,0.13226877360610703,3645947.0,3891346.0,4337243.0,11874536.0,6.05,1.2195716775181966,1.2092307692307693,0.06730734154939721,0.11458682933874287,4.739725963366021
2023,6117,迎廣,529658.0,-0.013580461354307875,-0.09,886500.0,0.2,0.74,0.029033677430118802,0.10401093792037912,202792.0,246764.0,201649.0,651205.0,0.71,3.5824238307642284,3.6999999999999997,0.21683301116414855,-0.18282650629751507,-0.35738019029213136
2023,3047,訊舟,1054049.0,0.018470678308124197,0.09,2117953.0,0.47,0.64,0.05874105601778376,0.07536889883827966,337567.0,351395.0,380162.0,1069124.0,0.02,1.2830702058788634,1.3617021276595747,0.04096371979488511,0.08186513752329994,0.11963135599243688
2023,2459,敦吉,1728408.0,0.07374416225798539,1.2,1055956.0,1.24,2.18,0.07111065418455106,0.09708179693193213,726815.0,813271.0,713875.0,2253961.0,1.66,1.3652215416269275,1.7580645161290325,0.11895186533024216,-0.12221756339522738,2.1489749530901223
2023,3596,智易,12138254.0,0.04740253417007092,2.61,2203543.0,1.96,2.6,0.03925360645109562,0.044640273635894075,4466513.0,4552420.0,4852577.0,13871510.0,3.12,1.1372273192657971,1.326530612244898,0.0192335721400565,0.06593350349923788,3.393525004580661
2023,1541,錩泰,951353.0,-0.029757618885944543,-0.36,788000.0,1.33,1.24,0.10319619544506299,0.12275359512787566,231712.0,272639.0,245401.0,749752.0,0.93,1.1895166735407814,0.9323308270676691,0.17662874602955392,-0.0999050025858369,-0.3367907280544105
2023,2020,美亞,2085945.0,0.07364719587525079,0.69,2225261.0,0.25,-0.17,0.03337952986829517,-0.022631894666044584,608936.0,610953.0,599194.0,1819083.0,1.45,-0.6780171786523873,-0.68,0.003312334958025076,-0.01924697971857081,-0.40819574367231964
2023,2543,皇昌,2695877.0,0.032883176791819506,0.38,2374837.0,0.78,-0.01,0.0890567241440418,-0.0018102886744145548,980518.0,972293.0,1106017.0,3058828.0,0.69,-0.020327366538730577,-0.01282051282051282,-0.008388423261990074,0.1375346731900775,-0.008609464430618267
2023,6412,群電,9270460.0,0.08522155319153527,1.98,3990401.0,1.95,2.44,0.07516586117094545,0.08946670910788086,3050159.0,3310122.0,3379829.0,9740110.0,2.36,1.1902572220174767,1.2512820512820513,0.08522932738916245,0.02105874043313216,2.475925606246843
2023,1417,嘉裕,327753.0,0.018642087181505586,0.03,1899419.0,0.01,0.27,0.007481385561670444,0.12767266535102387,108193.0,111755.0,94040.0,313988.0,-0.02,17.06537703458731,27.0,0.032922647491057555,-0.15851639747662294,0.5258994238698832
2023,3257,虹冠電,289295.0,0.2802710036467965,1.02,799866.0,0.57,0.07,0.2850964903509649,0.062236137763862234,120105.0,101836.0,102684.0,324625.0,1.12,0.21829850548930688,0.12280701754385967,-0.15210857166645853,0.008327114183589224,0.24830968401165557
2023,1305,華夏,3339951.0,0.00020688926274666904,0.0,5810505.0,-0.16,-1.17,-0.018151365448744558,-0.17091000003263168,1020444.0,1378646.0,966666.0,3365756.0,0.25,9.41582056265925,7.312499999999999,0.35102563197980485,-0.2988294311955353,0.011284046703439705
2023,3229,晟鈦,226304.0,-0.06656532805429864,-0.24,642630.0,0.01,-0.09,-0.014126793363180531,-0.023147848407871336,65180.0,83022.0,75885.0,224087.0,0.01,1.6385776879983887,-9.0,0.27373427431727526,-0.08596516585965164,-0.38033892979176087
2023,2012,春雨,2027093.0,0.016874410794176686,0.12,3021627.0,0.6,0.38,0.057766599767350324,0.04576881946102766,676967.0,820194.0,668908.0,2166069.0,0.11,0.7923059284319551,0.6333333333333334,0.21157161279648795,-0.1844514834295301,0.09584135771582164
2023,9931,欣高,300523.0,0.18310079428196843,0.5,1203693.0,0.43,0.5,0.14889412359888068,0.20190726260207173,90192.0,91879.0,90501.0,272572.0,0.26,1.3560458782510982,1.1627906976744187,0.018704541422742693,-0.01499798648222117,0.5622508454439897
2023,3041,揚智,328159.0,-0.854055503582105,-1.45,1939619.0,0.17,0.01,0.043693947929128306,0.0015877790234520978,82696.0,96605.0,103875.0,283176.0,-1.33,0.03633864868488147,0.058823529411764705,0.16819435039179642,0.07525490399047663,-0.045310085540065555
2023,1614,三洋電,1651077.0,0.06557840730626131,0.42,2691134.0,0.34,0.35,0.05170605214371201,0.05300549690944296,607875.0,488036.0,429345.0,1525256.0,0.39,1.025131386208316,1.0294117647058822,-0.19714414970183014,-0.12025957101525298,0.38102003635003007
2023,8110,華東,1742713.0,-0.023870826693781478,-0.08,5177399.0,-0.02,0.52,-0.005084068094477113,0.10229648447629736,574012.0,574311.0,572738.0,1721061.0,0.04,-20.12099023367199,-26.0,0.000520895033553348,-0.0027389341315071647,1.596619532296292
2023,2912,統一超,77586335.0,0.03291739453861302,2.46,10396223.0,2.36,2.58,0.03447002197464358,0.03548043156792252,27901261.0,27510169.0,27120033.0,82531463.0,2.92,1.0293127052260718,1.093220338983051,-0.014017000880354513,-0.014181519568273071,2.689779897317504
2023,2886,兆豐金,20483686.0,0.3901125022127365,0.57,140513382.0,0.13,0.41,0.14660774984674238,0.38504802242858066,7217266.0,6252739.0,5423621.0,18893626.0,0.58,2.6263824581653683,3.1538461538461537,-0.1336416033439809,-0.13260076903897633,1.3776708365206178
2023,2496,卓越,176258.0,0.1002791362661553,0.93,191004.0,0.59,1.68,0.07184329780112261,0.1603933093134196,66691.0,75856.0,70315.0,212862.0,1.79,2.2325438032845053,2.847457627118644,0.13742483993342436,-0.07304629824931452,2.4949752929563114
2023,3296,勝德,305415.0,-0.13482310953947907,-0.42,967244.0,0.14,0.28,0.01911731770152308,0.036164440904729415,136072.0,150492.0,143140.0,429704.0,0.03,1.8917110375713526,2.0,0.10597330824857432,-0.04885309518113923,-1.1330589074049822
2023,1615,大山,990803.0,0.08653082398821965,0.58,1637228.0,0.62,0.37,0.08225023207601939,0.06893272117148776,500804.0,472133.0,469649.0,1442586.0,0.94,0.8380854306620924,0.5967741935483871,-0.05724994209311429,-0.005261229356982033,0.6389864958007928
2023,1517,利奇,428522.0,-0.09261368144459328,-0.18,2256850.0,0.6,1.07,0.09929620132404811,0.15307536942355696,170702.0,146450.0,121960.0,439112.0,-0.15,1.5416034791099738,1.7833333333333334,-0.14207214912537636,-0.16722430863776028,-0.2777924515102946
2023,2380,虹光,500890.0,-0.08810517279242948,-0.2,2169341.0,0.05,0.28,0.0143881341279154,0.061844313409020045,139237.0,125584.0,119066.0,383887.0,-1.27,4.29828585549753,5.6000000000000005,-0.09805583286051844,-0.051901516116702795,-0.670150402717476
2023,8996,高力,1307720.0,0.15875034411036001,2.32,893841.0,0.69,1.03,0.09519717751452818,0.1212339366741723,417240.0,402582.0,327491.0,1147313.0,2.31,1.2735034781432528,1.492753623188406,-0.035130859936727044,-0.18652349086645703,2.5949945714629363
2023,4764,雙鍵,589611.0,-0.044919446889559386,-0.31,855421.0,0.22,0.08,0.02903150596340079,0.010769776783891504,185321.0,193602.0,198893.0,577816.0,-0.13,0.37096858831466273,0.36363636363636365,0.04468462829360953,0.0273292631274471,-0.11255925065186616
2023,1514,亞力,2273075.0,0.07067078736953246,0.68,2469353.0,0.66,0.47,0.07564804136515138,0.07063797221070722,575418.0,629670.0,777195.0,1982283.0,0.62,0.9337713301754811,0.712121212121212,0.09428276487701104,0.23428938968030866,0.5297402158841442
2023,4119,旭富,313115.0,0.6372035833479712,1.78,1073052.0,1.47,0.51,0.7738267874570608,0.15961180475985673,64934.0,98813.0,94102.0,257849.0,0.33,0.20626296135905414,0.3469387755102041,0.5217451566205686,-0.047675913088358834,0.31582328117366537
2023,4720,德淵,833283.0,0.01683701695582413,0.14,1037563.0,-0.02,0.15,-0.002197347125912216,0.01690963733944687,283580.0,289149.0,274951.0,847680.0,0.66,-7.695478397582236,-7.5,0.01963819733408556,-0.04910271175068914,-1.0585667123362057
2023,6215,和椿,250598.0,0.11917493355892704,0.36,827897.0,0.84,0.71,0.13246243984337716,0.1267412021485869,61369.0,84261.0,77697.0,223327.0,0.22,0.9568086039970649,0.8452380952380952,0.37302220991054114,-0.07790080820308332,0.3075919133589435
2023,1342,八貫,607421.0,0.2324516274544344,2.01,712876.0,1.86,1.91,0.20309366249721444,0.20155752376967245,188476.0,227391.0,240631.0,656498.0,2.18,0.9924363039759398,1.0268817204301075,0.20647191154311417,0.05822569934606037,2.1244897855560376
2023,4133,亞諾法,98755.0,0.12194825578451723,0.2,605536.0,0.31,0.44,0.18323554553932234,0.2644829826184524,29895.0,34452.0,29550.0,93897.0,0.16,1.4434043451558058,1.4193548387096775,0.15243351731058707,-0.14228491814698707,0.2729451304050942
2023,1203,味王,1536397.0,0.059437762505394114,0.38,2400000.0,0.17,1.5,0.0256793219769058,0.22427424537996074,498272.0,566658.0,544257.0,1609187.0,0.64,8.733651362822485,8.823529411764705,0.13724632329330166,-0.03953178107429878,3.4805956849958433
2023,2024,志聯,186263.0,-0.08360221836865078,-0.16,975000.0,0.16,0.11,0.048717343777033295,0.04323432208075157,78875.0,79188.0,78405.0,236468.0,-0.1,0.8874523676541952,0.6875,0.003968304278922252,-0.009887861797241992,-0.17994120167170133
2023,2891,中信金,38952247.0,0.40700211723344226,0.82,200836043.0,0.35,0.41,0.18585603198868014,0.21840493891317717,18037055.0,13503419.0,12852866.0,44393340.0,0.96,1.1751296773971773,1.1714285714285715,-0.25135123222721223,-0.04817690986260592,1.0572035865091982
2023,8046,南電,10133643.0,0.1551801262389054,2.43,6461655.0,7.53,8.54,0.3203201166359305,0.3208430071668415,3333511.0,3374154.0,3519719.0,10227384.0,1.67,1.0016323999141936,1.1341301460823372,0.012192250153066908,0.04314118442726689,2.4601708083645817
2023,6164,華興,202378.0,-0.03241459051873227,-0.06,1000002.0,0.3,0.1,0.12321173899166522,0.04717711832773423,48219.0,67295.0,43969.0,159483.0,0.06,0.38289467151279777,0.33333333333333337,0.3956116883386218,-0.3466230774946133,-0.0197939919907204
2023,1710,東聯,5237553.0,-0.014466870311383962,-0.09,8857031.0,-0.22,-0.29,-0.03400084030979494,-0.05246202431867534,1717466.0,1786506.0,1764907.0,5268879.0,-0.17,1.542962580944275,1.3181818181818181,0.04019875793756622,-0.012090079742245519,-0.13278837080573866
2023,1227,佳格,6323469.0,0.028374615262603486,0.2,9150897.0,0.18,0.53,0.026861523970939622,0.06357760389325337,2151320.0,2657640.0,3116707.0,7925667.0,0.55,2.3668651101864273,2.9444444444444446,0.23535317851365667,0.17273483240770005,0.5816686315032324
2023,1301,台塑,48446828.0,0.025286567781073303,0.19,63657408.0,3.33,0.91,0.28680294657352046,0.10350462550753654,16645025.0,17501985.0,16588777.0,50735787.0,1.05,0.36089108129509284,0.2732732732732733,0.05148445256165135,-0.052177395878239,0.0727329973128605
2023,1504,東元,15064064.0,0.14086039464516348,1.0,21387966.0,0.48,0.51,0.07018056414563534,0.07310223692329332,4887315.0,4999513.0,5300860.0,15187688.0,0.47,1.0416307964067526,1.0625,0.022956981491882633,0.06027527081137696,1.041897255917161
2023,3532,台勝科,3638953.0,0.27207661104718855,2.56,3878483.0,3.3,3.99,0.31598910729766116,0.3673646078867437,1179513.0,1200510.0,1247826.0,3627849.0,2.43,1.1625863025103802,1.2090909090909092,0.01780141465164009,0.039413249369018244,2.9587190053785655
2023,1513,中興電,4929885.0,-0.13908174328610098,-1.44,5031125.0,1.23,1.17,0.13113169400143684,0.11834473274910833,1967699.0,1849896.0,1709458.0,5527053.0,1.51,0.9024876377164135,0.9512195121951219,-0.059868404669616626,-0.07591670018206431,-1.3789226608474152
2023,1529,樂事綠能,121649.0,0.687888926337249,0.55,1505778.0,0.15,0.11,0.2867018424988008,0.18857519698916417,85566.0,37741.0,114243.0,237550.0,-0.3,0.6577397457428371,0.7333333333333334,-0.5589252740574527,2.027026310908561,0.7137834785580249
2023,2348,海悅,1393272.0,0.26343886907940445,2.75,1471081.0,1.05,1.43,0.13540897199758717,0.1448375119182043,515107.0,535423.0,542586.0,1593116.0,3.16,1.069630097485602,1.3619047619047617,0.039440349286653076,0.013378207510697182,3.051576635616589
2023,2028,威致,2725015.0,0.05589327031227351,0.47,3257148.0,0.97,0.19,0.09554220280624494,0.02473324584235229,559463.0,528424.0,719027.0,1806914.0,-0.09,0.25887246803917785,0.1958762886597938,-0.05547998705901913,0.360700876568816,0.0802685421315903
2023,2867,三商壽,31171164.0,-0.05528166994341308,-0.36,45995011.0,-1.09,0.41,-0.15779629705340506,0.03445008420688462,14587040.0,9991845.0,9704224.0,34283109.0,0.6,-0.2183199786698748,-0.37614678899082565,-0.31501901688073797,-0.02878557463611575,0.08995889379152594
2023,2450,神腦,7058745.0,0.02399675863060643,0.66,2582527.0,0.43,0.78,0.015792965929500944,0.02630036059262477,2364464.0,2467292.0,2809253.0,7641009.0,0.82,1.6653211758974433,1.8139534883720931,0.043488926031438835,0.138597701447579,1.1823782390910942
2023,4142,國光生,82549.0,-2.9159529491574703,-0.57,4295078.0,0.11,0.98,0.08596885763898773,0.38583761998879784,111119.0,624945.0,237281.0,973345.0,0.62,4.4881091895981715,8.909090909090908,4.624105688496117,-0.6203169878949348,-29.65785061682046
2023,1444,力麗,2215512.0,-0.018026984281737133,-0.04,9955950.0,0.33,0.21,0.08450028232636929,0.06275325660115287,654087.0,745675.0,683136.0,2082898.0,0.16,0.7426396086912244,0.6363636363636364,0.1400241863849916,-0.08386897777181745,-0.028008282923550468
2023,5531,鄉林,343328.0,-0.9780501444682635,-0.35,9775892.0,-0.41,-0.47,-0.9877362873841489,-1.3444887554989104,99742.0,116133.0,449419.0,665294.0,-0.15,1.3611818991277111,1.146341463414634,0.16433398167271562,2.8698647240663724,-0.9060131446066385
2023,3032,偉訓,2198470.0,0.08886816740733328,1.75,1132856.0,0.94,0.89,0.06495937144427766,0.06554033150330088,674433.0,692758.0,706374.0,2073565.0,1.61,1.008943437199382,0.946808510638298,0.027170971764430174,0.01965477121880954,1.641179141875518
2023,2302,麗正,214285.0,0.19306531021770074,0.25,1663029.0,0.35,0.33,0.26734290742959854,0.22710778732501657,70035.0,64704.0,56150.0,190889.0,0.17,0.8494999531073126,0.942857142857143,-0.07611908331548511,-0.13220202769535117,0.188255939322997
2023,9912,偉聯,124541.0,-0.06144161360515814,-0.15,552186.0,-0.05,0.02,-0.014807769015986008,0.0077453841328715195,36000.0,47344.0,51022.0,134366.0,-0.08,-0.5230621928603724,-0.39999999999999997,0.3151111111111111,0.07768671848597508,0.07820237454080867
2023,2903,遠百,8252635.0,0.08773634118072592,0.51,14169406.0,-0.02,0.57,-0.003617193341251484,0.09653847991279736,2758676.0,2804825.0,2667741.0,8231242.0,0.51,-26.688780721739572,-28.499999999999996,0.016728677090024346,-0.04887435044967159,-13.602601604830946
2023,2373,震旦行,2898858.0,0.10303367739985884,1.33,2362025.0,0.87,2.27,0.0713882705010766,0.1409855621082482,975320.0,900915.0,926600.0,2802835.0,1.41,1.9749121405892864,2.609195402298851,-0.076287782471394,0.028509903820005178,2.4145712338248377
2023,1583,程泰,1434088.0,0.07205345836517703,0.93,1104004.0,2.02,2.19,0.14586403747284243,0.12409870824016979,402999.0,410263.0,486883.0,1300145.0,2.44,0.8507834445709416,1.0841584158415842,0.018024858622478046,0.1867582501956062,0.721929858275008
2023,9929,秋雨,155565.0,0.11658149326648025,0.18,1012800.0,0.08,0.14,0.06687840736071773,0.09850036524055746,59298.0,59317.0,58000.0,176615.0,0.13,1.4728276154855544,1.7500000000000002,0.00032041552834827236,-0.02220274120403931,0.2994231847755589
2023,2377,微星,41291791.0,0.04793054387008788,2.34,8448562.0,3.6,1.91,0.06335514973594142,0.04171155155439418,13914288.0,16893813.0,18110067.0,48918168.0,2.78,0.658376654908783,0.5305555555555556,0.21413420507035652,0.07199404894561101,1.827149858863115
2023,4994,傳奇,432957.0,0.13430894984952316,0.52,1106390.0,0.02,0.07,0.003339185379529308,0.019087537785533983,142640.0,128689.0,125618.0,396947.0,0.56,5.716225850337356,3.5000000000000004,-0.09780566461020757,-0.023863733497035522,2.7544736061966604
2023,6799,來頡,257004.0,0.2312571010567929,1.48,418361.0,2.16,1.74,0.25892578505195574,0.2549946095576279,91029.0,96235.0,95447.0,282711.0,1.5,0.9848173657423149,0.8055555555555555,0.05719056564391578,-0.008188289084013145,1.5390130048150163
2023,3588,通嘉,264033.0,-0.049709695378986715,-0.22,585593.0,0.89,0.19,0.11665683447857553,0.03370506097175712,102418.0,112406.0,118396.0,333220.0,0.43,0.288924872018083,0.21348314606741572,0.09752191997500437,0.05328897033966151,-0.08172618280685265
2023,1402,遠東新,63316384.0,0.03589971278208181,0.46,53528751.0,0.62,0.46,0.04444537122145257,0.0341939620587793,20714646.0,21526874.0,23162130.0,65403650.0,0.39,0.769348103504529,0.7419354838709677,0.03921032490731435,0.07596346780308183,0.33746500035871885
2023,2468,華經,777837.0,0.03538273442893562,0.39,699612.0,0.32,0.19,0.04269937656557631,0.02343905516772227,129293.0,199391.0,155840.0,484524.0,0.21,0.548932023204726,0.59375,0.542163922254105,-0.21842008917152733,0.1345141599276789
2023,5522,遠雄,1013739.0,0.0077958922365618764,0.01,7815962.0,1.3,1.84,0.20804330222191222,0.21422512276792544,1446483.0,1523572.0,1996548.0,4966603.0,0.77,1.0297141050925027,1.4153846153846155,0.05329409332843871,0.3104388896619261,0.05101049010839564
2023,3419,譁裕,343918.0,0.0760471972970301,0.22,1204804.0,0.16,0.6,0.040431005293627004,0.12412212903203694,106974.0,93571.0,164964.0,365509.0,-0.27,3.0699738512710657,3.75,-0.12529212705891146,0.7629821205287963,0.7082711688766687
2023,3311,閎暉,506366.0,0.07429013796344937,0.55,680000.0,0.46,0.49,0.05766697182159218,0.06310523313067104,183861.0,184773.0,200073.0,568707.0,0.52,1.0943046103739162,1.0652173913043477,0.004960268898787756,0.08280430582390275,0.6799062837136717
2023,2008,高興昌,338126.0,0.9755830666674553,1.7,1908523.0,0.16,0.26,0.04956908664353261,0.08528379312944323,117369.0,129029.0,120726.0,367124.0,0.23,1.7205036224037507,1.625,0.09934480143819924,-0.06434987483433952,3.2287559790397142
2023,1446,宏和,36870.0,-0.16680227827502034,-0.05,1377095.0,-0.04,-0.04,-0.1282919383932288,-0.14689791642416483,9141.0,9536.0,7358.0,26035.0,-0.05,1.1450284270700366,1.0,0.043211902417678694,-0.2283976510067114,-0.03610870619463396
2023,1582,信錦,2162391.0,0.07888443856823303,1.38,1237258.0,1.22,1.3,0.053832791142310876,0.06569693803525997,745348.0,884051.0,886702.0,2516101.0,2.04,1.2203888492719124,1.0655737704918034,0.18609159748198167,0.002998695776601057,1.9577506170122403
2023,6504,南六,1636407.0,0.049975342320095185,1.13,726000.0,0.51,0.49,0.024095459248429124,0.02355896852483883,407446.0,520068.0,543474.0,1470988.0,0.43,0.9777347790694104,0.9607843137254901,0.2764096346509721,0.04500565310690141,0.9900322698847908
2023,2511,太子,2147245.0,0.06319772545750485,0.08,16233261.0,0.27,0.11,0.12117589214943772,0.08875262380471119,700156.0,647999.0,607397.0,1955552.0,0.06,0.7324280616416573,0.4074074074074074,-0.07449339861402315,-0.06265750410108661,0.05576093154214066
2023,2032,新鋼,679219.0,-0.01882897857686549,-0.1,1305215.0,-0.27,0.1,-0.045287737159693205,0.015627462538392332,241960.0,246647.0,236205.0,724812.0,0.07,-0.3450705095572984,-0.37037037037037035,0.019370970408332022,-0.04233580785495061,0.0360809467867681
2023,2436,偉詮電,708920.0,0.09966004626756192,0.4,1780100.0,0.19,-0.15,0.04849103996118547,-0.0434262777381989,243729.0,292917.0,285024.0,821670.0,0.46,-0.895552616998096,-0.7894736842105263,0.20181431015595197,-0.02694619977672852,-0.4119696498085148
2023,9940,信義房屋,3480514.0,0.1466398353806363,0.69,7368465.0,0.42,0.27,0.09548096719492333,0.06673848992989669,976427.0,1062569.0,961101.0,3000097.0,0.47,0.6989716578137589,0.6428571428571429,0.08822164893023232,-0.0954930926838633,0.41732057997186306
2023,1907,永豐餘,18124171.0,0.01050238380558206,0.12,16603715.0,0.31,0.88,0.025868172504185792,0.07165153676511922,5735573.0,6279524.0,6443074.0,18458171.0,0.68,2.769872388686333,2.838709677419355,0.09483812689682436,0.026044967739593083,0.32339331732931204
2023,1219,福壽,4065809.0,0.01873968993624639,0.23,3316634.0,0.42,-0.1,0.0315867550364394,-0.0076714156268029065,1403695.0,1366116.0,1310734.0,4080545.0,0.28,-0.24286811411786166,-0.2380952380952381,-0.026771485258549776,-0.04053974918674552,-0.05599555124884148
2023,5469,瀚宇博,10793800.0,0.07397663473475513,1.51,5284413.0,1.34,2.57,0.061254888803978766,0.10647162489130979,3968161.0,3960273.0,3839037.0,11767471.0,1.95,1.7381735069673983,1.917910447761194,-0.001987822570707176,-0.030613041070653435,2.863347656461541
2023,1538,正峰,55770.0,0.35203514434283667,0.48,758390.0,0.39,-0.14,0.1562072195403127,-0.06565454630979821,19155.0,16090.0,14900.0,50145.0,-0.75,-0.42030417353952465,-0.358974358974359,-0.16001044113808405,-0.07395898073337481,-0.09783286286544053
2023,3380,明泰,7745325.0,0.030846607469667185,0.44,5417185.0,0.45,0.58,0.02932397494056481,0.03415301049630208,1627411.0,1876962.0,2357028.0,5861401.0,0.16,1.1646787505965677,1.2888888888888888,0.15334233331346536,0.25576756482017227,0.3887239738032126
2023,6120,達運,4617087.0,0.022583936581658522,0.15,6655551.0,-0.2,-0.24,-0.038355172821126764,-0.052494716037513586,1662401.0,1919402.0,1578813.0,5160616.0,0.09,1.3686476210739036,1.2,0.15459627370291518,-0.17744537100617797,0.2396673209761791
2023,2455,全新,594323.0,0.17862172589652428,0.58,1849059.0,0.99,0.58,0.25050524531561535,0.2025957260160624,224340.0,257156.0,286930.0,768426.0,0.78,0.8087484386237461,0.5858585858585859,0.1462779709369706,0.11578186003826474,0.6003424021342451
2023,9928,中視,221649.0,-0.05465397994125848,-0.2,607246.0,-0.07,-0.17,-0.021296028268269068,-0.04785461162723877,71182.0,74222.0,85691.0,231095.0,-0.15,2.2471143926185433,2.4285714285714284,0.04270742603467159,0.15452291773328652,-0.46738294508128847
2023,2897,王道銀行,2502521.0,0.3034615893333163,0.23,30330063.0,0.11,0.26,0.20454807864387992,0.2677693280932917,848024.0,808827.0,761601.0,2418452.0,0.24,1.309077698840088,2.3636363636363638,-0.046221569200871726,-0.058388258552199646,0.316762171998798
2023,6625,必應,560501.0,0.13098995363076962,1.67,443404.0,-1.09,-0.04,-0.40407405845388217,-0.007774462626591922,296719.0,339341.0,319083.0,955143.0,2.55,0.01924019239527409,0.03669724770642201,0.14364432341710498,-0.05969806183160886,0.05428954345586521
2023,2885,元大金,26541737.0,0.3465198980760001,0.72,126890824.0,0.41,0.65,0.21888293255864355,0.3241075418098899,11633153.0,9008431.0,7048278.0,27689862.0,0.67,1.4807346466954627,1.5853658536585367,-0.22562429979215437,-0.21759094341733876,1.1196853346634523
2023,2204,中華,9405102.0,0.16430826587526642,2.84,5536203.0,-9.93,-0.99,-0.7548809286503722,-0.07251291568912101,3097848.0,2720370.0,3409468.0,9227686.0,2.46,0.09605874640224991,0.09969788519637462,-0.12185168542807778,0.25331039527711297,0.263073515458542
2023,2313,華通,13863529.0,0.043275200708275646,0.5,11918206.0,1.21,2.11,0.08818096205662145,0.1158394044693199,6030466.0,6460694.0,7101338.0,19592498.0,1.41,1.313655484898643,1.743801652892562,0.0713424136708507,0.09916024501392573,0.9345434493403824
2023,1321,大洋,1167502.0,0.01621067886821607,0.09,2272283.0,0.02,0.39,0.0018300780949548506,0.058379956713118276,361464.0,391590.0,357833.0,1110887.0,0.22,31.90025435201909,19.5,0.08334439944226801,-0.08620495926862282,2.5281498585199027
2023,2883,開發金,16888828.0,0.39318021357077,0.4,184199230.0,0.23,0.4,0.12106956247261708,0.2663530848677346,6350571.0,2124677.0,751090.0,9226338.0,0.44,2.2000003917415416,1.7391304347826086,-0.6654352813313953,-0.6464921491596134,0.43326734974855036
2023,2428,興勤,1816449.0,0.17150880646800434,2.43,1281127.0,3.18,3.12,0.21447521070949566,0.2120249059197362,591321.0,605630.0,566456.0,1763407.0,2.6,0.9885753473249719,0.9811320754716981,0.02419836264905184,-0.06468305731222035,2.333762069457336
2023,3021,鴻名,690594.0,0.07397979131008957,0.53,958900.0,0.43,0.56,0.044863709522531256,0.05157535602964887,227026.0,281277.0,262356.0,770659.0,0.1,1.1496007926795915,1.302325581395349,0.2389638191220389,-0.06726820891861052,0.6835166410087175
2023,2328,廣宇,6217119.0,0.05192662389122679,0.63,5183462.0,0.51,0.95,0.042889278589941175,0.07593193916080054,2072026.0,2445292.0,2387420.0,6904738.0,0.63,1.7704177280941458,1.8627450980392155,0.18014542288562008,-0.023666703199454298,1.2245968039735784
2023,2414,精技,5858931.0,0.016607807806577685,0.61,1617358.0,0.95,0.97,0.025632649647703277,0.021425919216483368,1886826.0,2094563.0,2090151.0,6071540.0,0.63,0.8358839024042589,1.0210526315789474,0.11009865244595951,-0.002106405966304181,0.5211358754784159
2023,1718,中纖,9737745.0,-0.02290242761542842,-0.17,16862097.0,-0.13,-0.26,-0.020727329731241053,-0.039607572045859143,3352660.0,3662804.0,3420387.0,10435851.0,0.0,1.9108863784880616,2.0,0.09250684531088749,-0.06618344852741231,-0.27085238884361845
2023,2365,昆盈,174667.0,0.15941190951925666,0.13,2215285.0,0.07,0.18,0.0659107501368863,0.1255324895942828,81514.0,64641.0,76467.0,222622.0,0.14,1.9045829296976817,2.571428571428571,-0.20699511740314547,0.18294890239940598,0.305111884837166
2023,6189,豐藝,6739413.0,0.035813059683387855,1.13,2124314.0,1.26,0.96,0.03242826319344026,0.03314167332591658,2371700.0,2964660.0,3027372.0,8363732.0,1.91,1.0219996405055893,0.7619047619047619,0.2500147573470506,0.021153184513569956,1.4410318057717524
2023,2062,橋椿,1912954.0,0.052421020055892616,0.5,1999942.0,1.7,1.16,0.1442544366266841,0.13213047013864956,690865.0,651233.0,682546.0,2024644.0,0.72,0.9159542904083419,0.6823529411764706,-0.05736576610481059,0.048082637089950975,0.4860831188070378
2023,6108,競國,1456326.0,0.05112797546703142,0.46,1598993.0,-0.1,0.39,-0.009624112230560304,0.03226268210838593,537331.0,590392.0,539934.0,1667657.0,0.62,-3.3522761721272696,-3.9,0.09874918811682187,-0.08546525020664242,-1.7875514657456792
2023,2324,仁寶,243870673.0,0.008577390525346194,0.48,44071466.0,0.46,0.47,0.0075945574430678,0.007008007944903801,84846601.0,81736993.0,85130577.0,251714171.0,0.55,0.9227671259897583,1.0217391304347825,-0.03664976514498208,0.041518336746251494,0.45206144293616163
2023,1711,永光,1906046.0,0.0054411068777983325,0.02,5477522.0,0.21,0.16,0.05046172198049661,0.03773791346888992,643477.0,692430.0,734490.0,2070397.0,0.08,0.7478522727281398,0.761904761904762,0.07607575717547022,0.06074260214028859,0.01538057506622907
2023,1560,中砂,1575063.0,0.14050485599623633,1.54,1441048.0,2.72,2.43,0.20937322737688913,0.19241294971162268,523288.0,556064.0,569539.0,1648891.0,2.02,0.9189950029535698,0.8933823529411765,0.06263472504624601,0.024232822121194708,1.4774676639058149
2023,3026,禾伸堂,3341769.0,0.06662399465672224,1.23,1658903.0,2.29,1.17,0.09455738665708634,0.05067744496699026,1132231.0,1117021.0,1204034.0,3453286.0,1.09,0.5359437983493845,0.5109170305676856,-0.013433654439774179,0.07789737166982547,0.7432954493707797
2023,1762,中化生,526441.0,0.05623422187861508,0.38,775600.0,1.9,1.56,0.255252829641596,0.25916510282693556,106273.0,158641.0,74242.0,339156.0,0.16,1.0153270511862016,0.8210526315789475,0.4927686242037017,-0.5320125314389093,0.2496711441315845
2023,2342,茂矽,371492.0,0.008535850031763806,0.02,1561567.0,1.08,1.28,0.2927507143888258,0.3595584870785308,136611.0,140174.0,130701.0,407486.0,-0.05,1.2282070355632753,1.1851851851851851,0.02608135508853615,-0.06758029306433433,0.02735712323141867
2023,1802,台玻,11405510.0,-0.0011443591737677666,-0.01,29080608.0,0.21,-0.51,0.05120159193715541,-0.16473584006778696,3924827.0,4373319.0,4106296.0,12404442.0,0.11,-3.217396839340131,-2.428571428571429,0.11427051434368951,-0.061057288526174314,0.015705101114774803
2023,2423,固緯,721347.0,0.1228257690126943,0.61,1450472.0,0.6,0.82,0.12765203046024162,0.15735039755874597,203639.0,274977.0,257794.0,736410.0,0.78,1.2326509573833546,1.3666666666666667,0.35031600037320954,-0.06248886270488074,0.7686700097116598
2023,9927,泰銘,2379646.0,0.12955498422874662,1.84,1673185.0,0.95,0.93,0.06124090769378505,0.07036770976087434,769553.0,796318.0,759032.0,2324903.0,2.04,1.1490311363888472,0.9789473684210527,0.03477993068703511,-0.046823002870712505,2.06845843596636
2023,1714,和桐,4714262.0,0.03619357600404899,0.17,10168248.0,0.07,0.11,0.01167158290100576,0.01788764937334358,1594036.0,1553868.0,1941684.0,5089588.0,0.19,1.5325812723998364,1.5714285714285714,-0.025198929007876902,0.24958104549421178,0.2776460547184819
2023,2530,華建,3296.0,-5.17627427184466,-0.02,8399880.0,0.02,0.05,0.08555420219244823,0.18865648197650486,718.0,729.0,730.0,2177.0,-0.03,2.2051106449702518,2.5,0.01532033426183843,0.00137174211248281,-0.029582373287987043
2023,1525,江申,425144.0,0.1382543326496434,0.8,734001.0,0.91,1.29,0.184646132921995,0.22697219757963277,130366.0,104547.0,124629.0,359542.0,1.11,1.2292280048752426,1.4175824175824177,-0.1980501050887501,0.1920858561221268,0.8324615332013294
2023,2516,新建,1867715.0,0.027316266132680844,0.22,2262785.0,-1.56,-0.03,-0.19428001421867552,-0.004990477650563477,770045.0,680512.0,862488.0,2313045.0,0.32,0.025687035646118243,0.01923076923076923,-0.11626982838665267,0.2674104203893539,0.007172591785559122
2023,3056,富華新,693413.0,0.27316620830587257,0.78,3422757.0,1.58,5.1,0.16080730667281318,0.2942616356170564,261906.0,388864.0,28919.0,679689.0,0.2,1.8299021462735912,3.2278481012658222,0.484746435744122,-0.9256320975971033,0.9926336991479904
2023,2495,普安,301403.0,0.06268019893630787,0.06,2735515.0,0.04,0.3,0.034813569673091,0.2054443950644409,92235.0,126479.0,152276.0,370990.0,0.56,5.90127346875429,7.5,0.37126904103648295,0.20396271317768178,0.5016481438219372
2023,2427,三商電,770298.0,0.05880451461642118,0.25,1843145.0,0.31,0.33,0.053102111158983195,0.0818982090186304,262646.0,320063.0,405826.0,988535.0,0.33,1.5422778347443502,1.0645161290322582,0.21860983986049654,0.26795662104023266,0.4864137405538709
2023,3356,奇偶,327396.0,0.28801817981893485,1.05,898221.0,-0.24,0.48,-0.06257171291417866,0.12480402924564662,92162.0,121996.0,103058.0,317216.0,0.34,-1.9945758783497551,-2.0,0.3237125930426856,-0.1552345978556674,-2.028814518302503
2023,4164,承業醫,886154.0,0.10783114447375965,0.58,1649671.0,0.69,0.63,0.1607755040125976,0.12404765050424979,226888.0,243833.0,266943.0,737664.0,0.26,0.7715581503916791,0.9130434782608696,0.07468442579598755,0.09477798329184317,0.37202671490569417
2023,1443,立益物流,180642.0,0.13941940412528647,0.19,1353430.0,0.25,0.66,0.17669753914508635,0.36780328992460587,56804.0,75942.0,91268.0,224014.0,0.82,2.0815416655157977,2.64,0.3369128934582071,0.20181190908851487,0.48033882656547566
2023,1809,中釉,591397.0,0.004776825043075971,0.02,1670419.0,0.21,0.23,0.05258971186141064,0.05229284546972924,207522.0,203578.0,211021.0,622121.0,0.01,0.9943550481420447,1.0952380952380953,-0.019005213905031737,0.03656092505084052,0.01769009878707535
2023,9955,佳龍,339911.0,-0.0067900126797897096,-0.02,1032082.0,-0.25,-0.28,-0.09115275698490287,-0.12036676719525245,90561.0,82315.0,89272.0,262148.0,-0.2,1.3204950807487714,1.12,-0.09105464824814213,0.08451679523780609,-0.022774021056158635
2023,1717,長興,10849709.0,0.03298254358711372,0.3,11782655.0,0.71,0.42,0.06757880493933531,0.04171071158053588,3387642.0,3963723.0,3916160.0,11267525.0,0.51,0.6172158803041736,0.5915492957746479,0.17005368335851312,-0.0119995771652055,0.19467339610168624
2023,1477,聚陽,7224107.0,0.11137044343335446,3.33,2418566.0,3.04,4.59,0.09998896611097641,0.11798842563114029,2966123.0,3505603.0,2800342.0,9272068.0,5.47,1.1800144577971385,1.5098684210526314,0.18188052214962092,-0.20118108068711715,5.038206246050593
2023,4961,天鈺,4340870.0,0.13415997254006684,3.13,1865453.0,4.03,2.48,0.13922853573275432,0.1100267865748397,1341829.0,1453243.0,1446466.0,4241538.0,3.82,0.7902603155005046,0.6153846153846153,0.08303144439418131,-0.0046633632503304545,2.4106390362315575
2023,4562,穎漢,154939.0,-0.23731274888827217,-0.42,875460.0,-0.14,0.07,-0.08372789931075816,0.02717154384825859,71442.0,64115.0,73298.0,208855.0,0.08,-0.3245219821819575,-0.5,-0.10255871896083535,0.14322701395929194,0.18372732793867308
2023,1439,雋揚,20510.0,2.520721599219893,0.56,920000.0,0.23,0.75,4.865668148841563,0.12854950639320972,24130.0,7761.0,4941.0,36832.0,0.27,0.026419702795353044,3.260869565217391,-0.6783671777869871,-0.363355237727097,0.02666185026743663
2023,1452,宏益,279273.0,0.017896466897981547,0.04,1326414.0,0.32,0.33,0.08299902598484299,0.1096587556952549,97837.0,104627.0,93126.0,295590.0,0.26,1.321205332159927,1.03125,0.06940114680540077,-0.1099238246341766,0.05269243392854273
2023,2038,海光,2265082.0,0.013104161350450005,0.16,1903277.0,0.29,0.3,0.018710022669158846,0.018026639719832177,683199.0,758000.0,704066.0,2145265.0,-0.01,0.963475033600406,1.0344827586206897,0.1094864014730701,-0.07115303430079156,0.14230778044418171
2023,5533,皇鼎,1063243.0,0.21859725387329143,0.81,2852450.0,0.69,0.68,0.10606515920192539,0.2632245548735362,207168.0,459194.0,213418.0,879780.0,0.69,2.481724977873393,0.9855072463768118,1.2165295798578932,-0.5352334743049778,1.6732252050333791
2023,8070,長華*,4179254.0,0.14172960054593475,0.88,689422.0,0.78,1.17,0.09259097306137962,0.14437238793124246,1350330.0,1374533.0,1249818.0,3974681.0,0.83,1.5592490623846922,1.4999999999999998,0.017923766782934614,-0.09073263428378953,12.740697236486799
2023,2457,飛宏,3194220.0,0.03686659027869089,0.31,3752084.0,0.18,0.07,0.020633750269386464,0.00636822277080655,1347931.0,1103805.0,989990.0,3441726.0,0.27,0.3086313776054006,0.38888888888888895,-0.18111164443877326,-0.10311150973224437,0.10437026587331065
2023,1409,新纖,9645308.0,0.022418050310057492,0.13,16184093.0,0.51,0.69,0.0669611757291621,0.09138942192312885,3338855.0,3764714.0,3829791.0,10933360.0,0.26,1.364812085928295,1.352941176470588,0.12754641935633626,0.017286040851974382,0.20669786081816127
2023,6116,彩晶,3415758.0,-0.2137502129834725,-0.26,29403289.0,0.01,-0.13,0.004289336932301661,-0.09705900651805549,1099426.0,1137458.0,1027036.0,3263920.0,-0.38,-22.627974451513552,-13.0,0.03459259650035573,-0.09707787012795199,5.36902997724321
2023,8016,矽創,4409563.0,0.13408902424117763,4.93,1201369.0,9.12,6.08,0.24109343703275313,0.17948410804854412,1378595.0,1390834.0,1432119.0,4201548.0,4.51,0.7444587055439454,0.6666666666666667,0.00887787929014694,0.02968362867171792,3.491135871589063
2023,2634,漢翔,9540461.0,0.079002681316972,0.8,9418671.0,0.63,0.61,0.08142597709474016,0.07007947423566951,3259283.0,3386134.0,3333466.0,9978883.0,0.7,0.860652542789031,0.9682539682539683,0.03891990968565784,-0.015554021193490919,0.7203805710113113
2023,6235,華孚,1434967.0,0.15632833368293486,1.17,1933986.0,0.09,0.5,0.016659372784008045,0.08035832341663361,449408.0,495612.0,504058.0,1449078.0,1.03,4.823610375882373,5.555555555555555,0.10281080888635707,0.017041556701613336,5.649998811923607
2023,2351,順德,2824088.0,0.07174245278475741,1.12,1821403.0,1.54,1.4,0.09077833702383892,0.08538836196702325,897054.0,925878.0,926186.0,2749118.0,1.14,0.9406248755647482,0.9090909090909091,0.03213184490565779,0.0003326572183375287,1.0185445146755863
2023,9939,宏全,7218847.0,0.10734415066561183,2.69,2877859.0,2.41,2.58,0.10560757554607304,0.10337035653815171,2480254.0,2696900.0,2193537.0,7370691.0,2.97,0.9788157336597003,1.070539419087137,0.0873483119067644,-0.18664503689421186,2.691026772720926
2023,2905,三商,40516866.0,-0.012314920902322505,-0.58,9224957.0,-1.57,0.81,-0.024136823492276527,0.00960220057443759,20627863.0,20009746.0,19245906.0,59883515.0,1.28,-0.3978237060692833,-0.5159235668789809,-0.029965149564935567,-0.03817339810310438,0.3180278985317682
2023,1309,台達化,3587679.0,-0.004586530734773094,-0.04,3975868.0,0.43,0.03,0.03180965806282456,0.007718271980778551,1094051.0,1396557.0,1491814.0,3982422.0,-0.18,0.2426392627526786,0.06976744186046512,0.27650082125970354,0.0682084583729845,-0.011147069451576369
2023,8104,錸寶,653648.0,-0.034771008249088194,-0.31,746517.0,0.46,0.12,0.04268289569098467,0.01149862987105108,199067.0,235915.0,234623.0,669605.0,-2.41,0.2693966677963646,0.2608695652173913,0.1851035078641865,-0.00547654875696757,-0.08402112445497906
2023,4532,瑞智,4510740.0,0.05821062619437165,0.52,5049151.0,0.54,0.32,0.04945271328604233,0.041875073219191074,1543904.0,1321686.0,1194250.0,4059840.0,0.43,0.84676998362009,0.5925925925925926,-0.14393252430202919,-0.09641927053778276,0.3963312209400793
2023,2413,環科,1170411.0,0.013237230340453054,0.12,1273592.0,0.35,0.8,0.03533806992260388,0.07798023471278567,377944.0,458485.0,343375.0,1179804.0,0.74,2.206691958094346,2.285714285714286,0.2131029993861524,-0.2510660108836712,0.2705941356170649
2023,2431,聯昌,135450.0,-0.12149870801033592,-0.15,1109270.0,0.06,0.01,0.024563006969039188,0.0045732217293268295,58044.0,59277.0,50269.0,167590.0,-0.15,0.18618330138045458,0.16666666666666669,0.02124250568534225,-0.15196450562612818,-0.03417615651161964
2023,3266,昇陽,307485.0,-0.01648210481812121,-0.01,3523143.0,-0.12,-0.04,-0.09649652776980136,-0.05661387381400672,1038536.0,438642.0,293449.0,1770627.0,1.07,0.5866933777043536,0.33333333333333337,-0.5776342851860696,-0.33100569484910247,-0.0485982543042117
2023,6201,亞弘電,802168.0,0.13944211187681382,1.25,892000.0,0.77,1.1,0.09847184395599708,0.12973473295602223,269427.0,357432.0,324788.0,951647.0,1.52,1.3174804872547652,1.4285714285714286,0.3266376421071384,-0.09132925983124063,1.959968862320881
2023,2478,大毅,1146995.0,0.11548524623036718,0.91,1447313.0,1.44,1.1,0.16054479311285394,0.14250837179021428,390974.0,404884.0,395595.0,1191453.0,0.85,0.8876548969734505,0.763888888888889,0.03557781335843302,-0.02294237361812268,0.8438885805452666
2023,2103,台橡,7742090.0,0.0053196229958577075,0.05,8257099.0,0.91,0.47,0.08341950033538277,0.045018161923423713,2457773.0,2639957.0,2591132.0,7688862.0,0.19,0.5396599325389276,0.5164835164835164,0.0741256413834801,-0.018494619419937575,0.026732255542262957
2023,1475,業旺,313567.0,0.27928959361157263,3.36,660168.0,3.45,4.3,0.3014519482261418,0.38001856618709684,82345.0,95610.0,112605.0,290560.0,2.22,1.2606273352130282,1.2463768115942029,0.16109053373003834,0.17775337307813,1.5496115039892198
2023,8478,東哥遊艇,1452152.0,0.34412237837361376,5.68,888863.0,6.15,4.72,0.3341106585808368,0.33863006641227783,398478.0,230754.0,1019826.0,1649058.0,4.84,1.0135266796056062,0.7674796747967478,-0.42091156851821176,3.4195376894875062,6.470669280787657
2023,2486,一詮,1208916.0,0.07099997022125606,0.4,2219586.0,0.19,0.17,0.030074449226240915,0.02927055554592953,424143.0,433500.0,452094.0,1309737.0,0.18,0.9732698785515925,0.8947368421052632,0.022060955856868958,0.04289273356401391,0.4077590126080066
2023,1737,臺鹽,858801.0,0.04326031292464727,0.19,2000000.0,0.23,0.81,0.052530659483691206,0.16655572237026173,269146.0,318789.0,332827.0,920762.0,0.76,3.17063832830751,3.5217391304347827,0.1844463599681958,0.044035396453453446,0.6314714990577572
2023,1587,吉茂,575657.0,0.03547251227727623,0.3,686244.0,0.68,0.65,0.06642061168338902,0.06707140529191963,159852.0,193155.0,145650.0,498657.0,0.22,1.0097980670764188,0.9558823529411764,0.20833646122663474,-0.2459423778830473,0.2602854204356066
2023,6792,詠業,361574.0,0.14368013186788872,1.11,478753.0,1.54,1.03,0.1894678326753517,0.14475078898357358,133907.0,138229.0,140673.0,412809.0,1.61,0.7639860916739379,0.6688311688311689,0.032276131942318154,0.017680805040910297,0.9464982580173948
2023,1414,東和,137432.0,0.1235883928051691,0.08,2200000.0,0.2,0.2,0.22737175087289982,0.265548623716801,44586.0,51833.0,48748.0,145167.0,0.06,1.1679050836233476,1.0,0.16253981070291124,-0.059518067640306316,0.09524242714760237
2023,6790,永豐實,2491704.0,0.09013550566198875,0.84,2671290.0,0.64,0.57,0.07098670149851567,0.06024412374887277,795959.0,873455.0,904860.0,2574274.0,1.11,0.8486677430720242,0.8906249999999999,0.09736179878611839,0.035954914677917005,0.7371694468750587
2023,1789,神隆,754901.0,0.07543770640123672,0.08,7907392.0,0.14,0.08,0.14131549349627207,0.08593958417291504,197135.0,183059.0,279394.0,659588.0,0.03,0.6081398581761465,0.5714285714285714,-0.07140284576559208,0.5262510993723335,0.03826761720800788
2023,4934,太極,711612.0,0.09199395176022888,0.29,2250000.0,-0.09,0.11,-0.034842905630942424,0.03947236934146098,280793.0,254671.0,113743.0,649207.0,0.44,-1.1328667522609634,-1.2222222222222223,-0.09302938463565691,-0.5533727829238508,-0.30070370706493044
2023,2109,華豐,1211970.0,0.09212439251796661,0.4,2793492.0,0.14,0.5,0.02935650522903335,0.10419237210327498,412868.0,407247.0,343215.0,1163330.0,0.44,3.5492089841889474,3.571428571428571,-0.013614520863811208,-0.1572313608203375,1.3616381320749724
2023,1905,華紙,5051855.0,-0.07436674251339359,-0.34,11028353.0,0.15,0.26,0.025931416811775708,0.04660885981907061,1603986.0,1613768.0,1734754.0,4952508.0,-0.17,1.7973896357990389,1.7333333333333334,0.006098556969948543,0.07497112348243373,-0.6002546300024707
2023,9935,慶豐富,1017492.0,0.020074850711356944,0.12,1738389.0,0.54,0.62,0.0585419358792974,0.07790817686068899,459792.0,482037.0,382249.0,1324078.0,0.49,1.3308097125677767,1.1481481481481481,0.04838057208476876,-0.20701315459186742,0.20348616667926953
2023,3694,海華,2541819.0,0.043829635391032955,0.73,1527184.0,0.08,1.28,0.005191283540341764,0.0626603820315951,840363.0,989596.0,827864.0,2657823.0,0.87,12.070306224781916,16.0,0.17758159271648077,-0.16343235017118096,9.207057091719388
2023,9933,中鼎,23846025.0,0.020272854700102007,0.61,8019386.0,0.55,0.44,0.019407762273517887,0.014212592739031877,8276730.0,9093422.0,10596263.0,27966415.0,0.56,0.7323148613802386,0.7999999999999999,0.098673268307653,0.16526682694369632,0.5177360849420825
2023,2303,聯電,56296408.0,0.2778315270132332,1.27,125031392.0,1.74,2.19,0.2959791071115815,0.35807951998464976,19063918.0,18952011.0,19052938.0,57068867.0,1.29,1.209813501632252,1.2586206896551724,-0.005870094489495825,0.00532539792215192,1.5341934952075207
2023,1611,中電,310177.0,0.12173049581368058,0.12,3227358.0,0.07,0.05,0.05383533616623767,0.0443056036855087,113985.0,119925.0,106450.0,340360.0,0.13,0.8229836913936566,0.7142857142857143,0.05211212001579146,-0.11236189284969778,0.10565303864207738
2023,2464,盟立,2000865.0,0.0070854355491250035,0.08,1955312.0,0.94,0.7,0.06840304031794253,0.0490993154861698,775165.0,757990.0,871034.0,2404189.0,0.01,0.7177943444904269,0.7446808510638298,-0.02215657311669128,0.1491365321442235,0.06253441973263375
2023,2397,友通,3761152.0,0.02594869869656956,0.85,1144889.0,1.01,1.69,0.029941092850667834,0.04713958443472549,1189723.0,1420393.0,1311308.0,3921424.0,0.47,1.5744109498552938,1.6732673267326732,0.19388546745755098,-0.0767991675543318,1.3993105374930292
2023,2114,鑫永銓,395808.0,0.3107592570135015,1.58,779918.0,0.58,1.42,0.09023950910530483,0.23739153605150398,132032.0,133795.0,134305.0,400132.0,1.58,2.630682928189252,2.4482758620689657,0.013352823557925442,0.003811801636832479,4.194178619783213
2023,8261,富鼎,718793.0,0.09618346311107649,0.59,1178905.0,3.06,1.81,0.24793773529591295,0.263754182209745,249174.0,282613.0,257955.0,789742.0,1.17,1.0637920117119533,0.5915032679738562,0.13419939480042054,-0.0872500557299204,0.6854307125883191
2023,2006,東和鋼鐵,15813857.0,0.06872630756683837,1.49,7302138.0,1.83,0.74,0.08225711732351203,0.037410168682724565,4771007.0,5359544.0,5370273.0,15500824.0,1.6,0.45479552286755615,0.40437158469945356,0.12335697683948066,0.0020018494110694007,0.6635046044722173
2023,2608,嘉里大榮,2918885.0,0.28851051000638944,1.8,4670005.0,0.7,0.65,0.10199491167193116,0.09572611415175464,1006987.0,1072316.0,1007775.0,3087078.0,0.61,0.9385381347224434,0.9285714285714287,0.06487571339054021,-0.060188414609126384,1.7899620332414967
2023,4555,氣立,388097.0,0.022989098086303165,0.13,693132.0,0.8,0.68,0.11056157085512112,0.0967919849473816,99769.0,106964.0,102528.0,309261.0,-0.28,0.8754577580506425,0.85,0.07211658932133225,-0.04147189708687038,0.08979793201582224
2023,2614,東森,1432931.0,0.03743236764366184,0.11,4760554.0,0.09,-0.04,0.03314785400997109,-0.019411638958775262,494653.0,520365.0,474269.0,1489287.0,0.05,-0.5856077124309801,-0.4444444444444445,0.051979872759287726,-0.0885839747100593,-0.06857644824749697
2023,9905,大華,2351779.0,0.051734027729646366,0.4,3050000.0,0.43,0.53,0.05627048371680645,0.05828439581382073,880811.0,901689.0,724932.0,2507432.0,0.59,1.0357898486735913,1.232558139534884,0.023703155387478025,-0.19602878597831408,0.44053180301499495
2023,3029,零壹,3171231.0,0.04751719442702219,0.98,1535797.0,0.92,1.25,0.04724412367118637,0.05070988783564495,1053873.0,1416733.0,1321491.0,3792097.0,1.26,1.0733586295002506,1.358695652173913,0.3443109368965711,-0.06722649927685742,1.2593349770741737
2023,6225,天瀚,12003.0,0.0459051903690744,0.02,278000.0,-0.05,-0.03,-0.44151257012258466,-0.16257810691969451,3019.0,2020.0,5361.0,10400.0,-0.02,0.368229848755054,0.6,-0.3309042729380589,1.6539603960396039,0.006323671855734991
2023,6414,樺漢,28961587.0,0.020019862861796904,5.15,1241354.0,4.17,6.15,0.016443168970696462,0.0202778903195776,9215653.0,9924202.0,10822809.0,29962664.0,6.12,1.2332106028780119,1.4748201438848922,0.07688538186062344,0.09054702836560558,5.959133630775935
2023,2023,燁輝,18406557.0,-0.008350285172832704,-0.08,19758650.0,0.22,-0.23,0.018370701795902427,-0.018696640964428683,5796473.0,6339079.0,6775027.0,18910579.0,-0.02,-1.0177423362562532,-1.0454545454545454,0.09360968299170902,0.06877150450404557,0.08133672957074577
2023,2605,新興,1023853.0,0.0996353968782628,0.18,5853533.0,0.1,-0.17,0.056424486712185085,-0.09570810701776547,325830.0,335661.0,379754.0,1041245.0,0.18,-1.696215820375322,-1.7,0.030172175674431534,0.1313617012402395,-0.3006281348671653
2023,6605,帝寶,4433501.0,0.1496900530754363,4.01,1658164.0,2.74,3.22,0.10927578324761612,0.11791463350450741,1444937.0,1597550.0,1550046.0,4592533.0,3.74,1.0790554869537368,1.1751824817518248,0.10561913772019116,-0.029735532534193032,4.473645052970103
2023,3059,華晶科,2208835.0,0.04163688098024524,0.33,2788000.0,0.34,0.46,0.029854401424200108,0.031183934585444623,772022.0,767292.0,755975.0,2295289.0,0.39,1.0445339078266291,1.352941176470588,-0.006126768408154182,-0.014749274070366969,0.3580513682487228
2023,1339,昭輝,485688.0,0.25123741990743026,1.64,741239.0,1.9,2.27,0.2856332550036464,0.32854686139745765,179866.0,203804.0,163839.0,547509.0,2.03,1.1502402316329148,1.1947368421052633,0.1330879654854169,-0.1960952680025907,2.1345477749871207
2023,1419,新紡,683000.0,0.24550219619326502,0.56,3000413.0,0.94,0.88,0.39522953417754864,0.283143211108072,216163.0,266298.0,334093.0,816554.0,0.97,0.7164019553783544,0.9361702127659575,0.2319314591303785,0.2545832112896078,0.47864774392343307
2023,8271,宇瞻,1646683.0,0.0717861300566047,0.96,1226882.0,1.44,1.15,0.06938983179197865,0.05580908113481672,525169.0,653448.0,746884.0,1925501.0,1.14,0.8042832745599501,0.798611111111111,0.2442623231759682,0.14298918965242824,0.9061300487482923
2023,3014,聯陽,1711064.0,0.2556473632780539,2.72,1610801.0,1.83,1.94,0.2150192133667327,0.2874589000252923,547254.0,596809.0,650290.0,1794353.0,2.93,1.3368986683762434,1.0601092896174862,0.09055210194900365,0.08961158427570637,3.8072009757632763
2023,8940,新天地,316561.0,0.015463054513979928,0.07,674910.0,-0.76,-0.38,-0.46587683684834547,-0.1449532694273007,119031.0,78652.0,90832.0,288515.0,-0.1,0.3111407521522402,0.5,-0.3392309566415471,0.15485938056247783,0.020567178552293473
2023,1323,永裕,846863.0,0.02381140751219501,0.22,912745.0,0.21,0.55,0.021301975872638955,0.05147680899771076,261881.0,316094.0,278061.0,856036.0,0.19,2.416527429449842,2.6190476190476195,0.20701387271317895,-0.12032180300796602,0.5396589241068783
2023,5007,三星,1608811.0,0.1517630100738993,0.82,2949401.0,1.01,0.91,0.15680896171964936,0.15556874377232005,556362.0,561835.0,572902.0,1691099.0,0.95,0.9920908987998618,0.900990099009901,0.009837120435975066,0.019697954025648112,0.8632818433801476
2023,2010,春源,5372598.0,0.036804168113825,0.31,6476554.0,0.36,0.12,0.0348326184780015,0.013100708828505699,2039040.0,1822688.0,1777136.0,5638864.0,0.32,0.376104622647862,0.3333333333333333,-0.10610483364720658,-0.02499166066819991,0.12051838587128484
2023,2489,瑞軒,3836232.0,-0.0672096995176517,-0.32,7980000.0,-0.5,1.5,-0.08391253924047704,0.26596647622440867,1373153.0,1764908.0,1820844.0,4958905.0,0.07,-3.169567726489606,-3.0,0.28529595755170756,0.031693436711715206,1.3237771698943113
2023,4989,榮科,927992.0,-0.041668462659160854,-0.29,1377765.0,0.5,0.03,0.06452256201379025,0.004995149848875361,260372.0,285105.0,349888.0,895365.0,-0.13,0.0774171033042327,0.06,0.0949910128585254,0.22722505743498012,-0.02096376876944196
2023,3018,隆銘綠能,334032.0,-0.16023913876514825,-0.68,781471.0,0.02,,0.00485203366421651,,42658.0,44546.0,21083.0,108287.0,-0.44,1.0,1.0,0.04425899010736556,-0.5267139586045886,-0.22204042913251557
2023,1712,興農,4576336.0,0.06112619353124421,0.67,4204926.0,0.98,1.26,0.06760407561973467,0.09054077858023604,1449359.0,1585242.0,1860207.0,4894808.0,0.59,1.3392798843891862,1.2857142857142858,0.09375385946477022,0.1734530122214779,0.95296291869382
2023,1786,科妍,183266.0,0.27933168181768575,0.76,672723.0,0.6,0.68,0.29994705392935483,0.27618054250074286,68910.0,80500.0,56688.0,206098.0,0.82,0.9207643111766999,1.1333333333333335,0.16819039326657959,-0.2958012422360249,0.7879636350831312
2023,3501,維熹,1371068.0,0.1048022417560617,1.22,1182579.0,1.54,2.82,0.11754120061913605,0.1967534847218998,410526.0,496818.0,449367.0,1356711.0,1.4,1.6739107962614068,1.831168831168831,0.21019862322971017,-0.09550982452326606,2.0126120403095125
2023,2327,國巨,26756512.0,0.13939585996859383,8.92,4221072.0,11.06,12.09,0.1892375886462555,0.2077380527534255,8888464.0,9009640.0,9460962.0,27359066.0,11.61,1.0977631570953548,1.093128390596745,0.013632951655089043,0.05009323346992778,9.918295276310975
2023,2022,聚亨,2222077.0,-0.012675528345777396,-0.06,3371682.0,,-0.17,-0.013508590055213612,-0.03521594978313232,729342.0,781693.0,898770.0,2409805.0,-0.06,2.606930082206529,1.0,0.0717783975144719,0.14977363235950691,-0.2361732728807157
2023,4576,大銀微系統,561765.0,-0.03253495678798074,-0.15,1198018.0,0.79,0.56,0.11066273384970911,0.08335364796296622,140243.0,182936.0,186295.0,509474.0,0.14,0.7532223817655607,0.7088607594936709,0.30442161106080157,0.018361612804478122,-0.10421545595597145
2023,3593,力銘,188666.0,-0.13836091293608813,-0.28,930425.0,-0.43,-0.06,-0.22029483026011512,-0.02090101180502521,72990.0,85703.0,96957.0,255650.0,-0.12,0.0948774502803636,0.13953488372093023,0.17417454445814484,0.13131395633758447,-0.03606956044349246
2023,1434,福懋,7228933.0,0.06448296034836676,0.28,16846646.0,1.21,0.35,0.2191975992253981,0.06698517948518092,2256531.0,2477621.0,2407270.0,7141422.0,0.03,0.30559266945392455,0.2892561983471074,0.09797782525478271,-0.028394576894529067,0.0835332053381221
2023,3518,柏騰,102242.0,0.0023082490561608733,0.01,807422.0,-0.08,-0.31,-0.048565914464505026,-0.30236719297821407,37611.0,32292.0,28228.0,98131.0,-0.18,6.225913715661685,3.875,-0.14142139267767406,-0.12585160411247365,0.017465917730315358
2023,9958,世紀鋼,3218818.0,0.07171700916299088,1.0,2350890.0,0.05,0.68,0.007552601965583617,0.06851582270134908,1193160.0,1206343.0,1245560.0,3645063.0,1.32,9.071816972954249,13.6,0.011048811559220884,0.03250899619759884,10.087630815040502
2023,1708,東碱,1408096.0,-0.06572066109128923,-0.37,2490017.0,1.43,1.71,0.181515787501362,0.18952948502552075,449136.0,494044.0,449308.0,1392488.0,0.42,1.044148763225891,1.1958041958041958,0.09998753161625884,-0.09055063921432094,-0.38375447327211104
2023,2609,陽明,35046373.0,-0.0037192151096491497,-0.03,34921043.0,15.9,14.25,0.5073978978319648,0.49841062860007307,11455953.0,12237199.0,12207961.0,35901113.0,0.8,0.9822875315993761,0.8962264150943396,0.06819563592832467,-0.002389272250945651,-0.037558707214597635
2023,2034,允強,3814535.0,0.05378322652695545,0.46,4474265.0,0.83,0.6,0.07493472111774357,0.06099374762297597,1404962.0,1490669.0,1171231.0,4066862.0,-0.42,0.8139584255893553,0.7228915662650602,0.061003073392732254,-0.21429170392622376,0.39791179126645504
2023,9919,康那香,730671.0,-0.3046870616187039,-1.14,1953628.0,-0.4,-0.28,-0.11421667103386031,-0.05911802162386943,236879.0,252766.0,265803.0,755448.0,5.56,0.5175953833074288,0.7000000000000001,0.06706799674095221,0.0515773482193016,-0.609827649306396
2023,6282,康舒,4933781.0,0.0031312699124667266,0.03,5336502.0,0.5,0.75,0.038333515051224815,0.05789012314666821,2678261.0,3386030.0,3719363.0,9783654.0,0.11,1.5101699666547674,1.5,0.26426438648063044,0.09844360504779925,0.08669433965023861
2023,4919,新唐,8953034.0,0.04945519027404565,1.05,4197653.0,3.23,2.26,0.1215778796184974,0.09088122511056682,2919366.0,2947390.0,3102813.0,8969569.0,1.43,0.7475144771050912,0.6996904024767802,0.00959934451521316,0.05273241749480051,0.7899444016661654
2023,4536,拓凱,2502470.0,0.18884382230356409,5.2,908200.0,7.88,9.37,0.26742463519836307,0.26862053552699605,595104.0,744020.0,648076.0,1987200.0,4.19,1.004471915340731,1.1890862944162435,0.25023525299779537,-0.12895352275476468,4.150502326972753
2023,2505,國揚,21683.0,2.4113821888115115,0.14,3800000.0,0.55,0.3,0.24207731038982602,0.23782901357425587,112705.0,21347.0,15683.0,149735.0,0.11,0.982450660870575,0.5454545454545454,-0.8105940286588882,-0.26533002295404506,0.9335047415389025
2023,6112,邁達特,3573174.0,0.04572377387723072,0.86,1883573.0,0.52,0.73,0.03218619312905914,0.04310250519636801,1190657.0,1119189.0,1305554.0,3615400.0,0.72,1.3391613299384926,1.4038461538461537,-0.06002400355434012,0.16651789822809193,1.1753003502297168
2023,1201,味全,5244647.0,0.00690933059937113,0.07,5060629.0,0.18,0.28,0.018370143646327865,0.024364718243823493,1987063.0,2024542.0,1944806.0,5956411.0,0.13,1.3263215962219177,1.5555555555555558,0.018861505649292454,-0.03938471022087964,0.1078611314618367
2023,1108,幸福,1322108.0,0.11469562244536755,0.38,4047380.0,0.28,0.33,0.11663107048044871,0.12505830969596196,441143.0,430420.0,404171.0,1275734.0,0.47,1.0722555248854202,1.1785714285714286,-0.02430731078131132,-0.06098461967380697,0.3876424093193628
2023,8105,凌巨,2349591.0,0.027725676511358786,0.15,4415449.0,0.31,0.61,0.053006958632237054,0.10374666334248779,722831.0,731544.0,706549.0,2160924.0,0.29,1.9572272399607653,1.967741935483871,0.012053993257068463,-0.03416745951029598,0.2655755095217033
2023,1713,國化,104844.0,0.8895788027927206,0.62,1509517.0,0.31,0.77,0.27949378843166084,0.8251181393759963,34057.0,43833.0,40844.0,118734.0,0.76,2.952187753459667,2.4838709677419355,0.2870481839269461,-0.06819063262838498,2.0656916342346783
2023,3043,科風,404937.0,0.14399523876553635,1.5,389756.0,0.27,-0.14,0.17069581256622582,-0.07583372030081799,161441.0,125037.0,108022.0,394500.0,0.0,-0.444262335207528,-0.5185185185185185,-0.2254941433712626,-0.13607972040276073,-0.6475030603099634
2023,3714,富采,5843987.0,-0.15607512473932608,-1.22,7547840.0,0.57,-0.56,0.049963075425095295,-0.05351673218834218,1985433.0,2047849.0,2126208.0,6159490.0,-0.88,-1.0711256609608537,-0.9824561403508774,0.03143697117958655,0.03826405169521774,1.364256977443638
2023,2330,台積電,480841254.0,0.37808532335289186,7.01,259320710.0,9.14,10.83,0.4437543686046171,0.458075681734033,177616220.0,188686256.0,180430282.0,546732758.0,8.14,1.032273063980078,1.184901531728665,0.06232559166049145,-0.04375503640286338,8.22853096877507
2023,2462,良得電,878990.0,0.04264667402359526,0.26,1461521.0,-0.13,0.53,-0.014796391991830925,0.06377032584465388,337401.0,363955.0,378619.0,1079975.0,1.17,-4.309856475812578,-4.076923076923077,0.0787016043224531,0.040290695278262456,-1.3581777663362453
2023,2401,凌陽,1418296.0,-0.05839965705325263,-0.14,5919949.0,-0.07,0.03,-0.022238750239983795,0.013860381753639907,537390.0,525680.0,482525.0,1545595.0,-0.09,-0.6232536272978084,-0.4285714285714285,-0.02179050596401122,-0.08209366915233607,0.09502827598862497
2023,1515,力山,1022151.0,0.009122918238107677,0.05,1814735.0,-0.49,-0.24,-0.09334643726317082,-0.04020241436243762,584033.0,955059.0,796888.0,2335980.0,1.16,0.4306796867789961,0.4897959183673469,0.6352825953327981,-0.1656138521285072,0.050575953121365695
2023,2340,台亞,1012372.0,0.11314220464414267,0.26,4386228.0,0.33,0.24,0.10628041142747024,0.10011512696549307,322338.0,395654.0,402990.0,1120982.0,0.31,0.9419903971092115,0.7272727272727272,0.22745068840782046,0.01854145288560205,0.2723820904136101
2023,9943,好樂迪,682654.0,0.2871088428398574,2.32,1252200.0,-0.11,1.2,-0.04302084099328798,0.2640360856955149,234444.0,227069.0,222907.0,684420.0,2.37,-6.137399446391791,-10.909090909090908,-0.03145740560645616,-0.018329230322060686,-9.631190012892343
2023,1528,恩德,952432.0,0.01972529272430998,0.1,1943310.0,0.36,0.28,0.06442571121439852,0.06443268526611703,310373.0,340123.0,290165.0,940661.0,0.08,1.0001082495107474,0.7777777777777779,0.095852409842351,-0.14688215733719856,0.09549079729345356
2023,1783,和康生,170919.0,0.3647868288487529,0.74,889341.0,0.43,0.55,0.21711643951084772,0.258852536630656,54086.0,60919.0,44422.0,159427.0,0.41,1.1922290970404525,1.2790697674418605,0.12633583552120697,-0.2708022127743397,0.7796369707916969
2023,5525,順天,505605.0,0.056819058355831134,0.12,2804668.0,0.8,0.05,0.12253166954126658,0.04303863106040964,1298489.0,2483147.0,178613.0,3960249.0,2.47,0.3512449574998647,0.0625,0.9123357995331496,-0.9280699048425244,0.2818027090355668
2023,9924,福興,2110133.0,0.10666294494233301,1.2,1884521.0,1.49,2.02,0.11351391475856382,0.13963241402501345,636773.0,914124.0,1117430.0,2668327.0,2.14,1.230090727837216,1.3557046979865772,0.4355570980553509,0.2224052754330923,1.8577564789142658
2023,2506,太設,196472.0,-0.44456716478683983,-0.24,3870000.0,2.19,0.02,3.4703719107764375,0.031698685987098144,106539.0,55878.0,100015.0,262432.0,0.2,0.009134089026212206,0.009132420091324202,-0.4755160082223411,0.7898815276137299,-0.0027536481586497175
2023,2352,佳世達,52111593.0,0.019649811895023052,0.53,19667820.0,0.5,3.24,0.01563403374154847,0.10596329211309685,15912605.0,16459381.0,17998260.0,50370246.0,0.61,6.7777320853218095,6.48,0.03436118724746828,0.09349555733596548,3.4108344593052617
2023,3705,永信,1691896.0,0.12045480336852857,0.76,2664230.0,1.03,0.96,0.1401889423757972,0.15689433524987093,569671.0,604962.0,543489.0,1718122.0,0.91,1.1191634132547519,0.9320388349514562,0.06194979207296836,-0.10161464687038191,0.8693605158247896
2023,1506,正道,287120.0,0.0804054054054054,0.06,3001115.0,0.07,0.19,0.05791573302938853,0.1658316746159913,93551.0,101233.0,93680.0,288464.0,0.12,2.863326870642254,2.714285714285714,0.08211563745978134,-0.07461005798504439,0.22129171713508802
2023,3028,增你強,7877363.0,0.014732087374924832,0.52,2266195.0,0.98,0.65,0.01976682973777359,0.01645540515345779,2620381.0,3198451.0,3286442.0,9105274.0,0.87,0.8324756863773758,0.663265306122449,0.2206053241875896,0.027510504303489336,0.4927556202587242
2023,1503,士電,7677019.0,0.07754129565134592,1.14,5209722.0,0.88,1.09,0.06020620761761567,0.07609885358958951,2470239.0,2843442.0,2388149.0,7701830.0,1.28,1.2639702216906257,1.2386363636363638,0.15107971333947856,-0.16012037523536615,1.4489362402384145
2023,2344,華邦電,18810867.0,0.01879998407303608,0.09,39800002.0,1.29,0.67,0.19338423795580512,0.12052310567010892,6314838.0,6424643.0,6766334.0,19505815.0,-0.03,0.6232312775028364,0.5193798449612403,0.01738841123081869,0.053184433749859705,0.057423244753602734
2023,2419,仲琦,2806236.0,0.012927636877297562,0.11,3213172.0,0.53,0.33,0.05551871484401584,0.034071643440863206,509027.0,471028.0,598519.0,1578574.0,-0.08,0.6136965442480098,0.6226415094339622,-0.07465026413137221,0.27066543814805066,0.03897658582292381
2023,2433,互盛電,722741.0,0.13049349628705165,0.65,1444960.0,0.64,1.89,0.11606977374595749,0.3439078670450123,242651.0,235670.0,244631.0,722952.0,1.54,2.962940789371445,2.953125,-0.02876971452827315,0.038023507446853566,1.9344854989626028
2023,2390,云辰,167604.0,0.08853607312474643,0.08,1926194.0,-1.17,-1.97,-1.7613488427734032,-3.0340678906886387,55058.0,46336.0,52667.0,154061.0,0.29,1.7225820445149436,1.6837606837606838,-0.1584147626139707,0.13663242403314912,0.12198118791539163
2023,3025,星通,129161.0,0.2481631452218549,0.45,709206.0,0.35,0.24,0.2118752342339273,0.16379042288557213,33751.0,22665.0,62254.0,118670.0,0.5,0.7730512887822195,0.6857142857142857,-0.3284643417972801,1.7467019633796603,0.3210067277046248
2023,5285,界霖,1257068.0,0.07538573887808774,0.93,1020409.0,1.69,1.02,0.10236240128429232,0.06470797099643685,458234.0,453706.0,413306.0,1325246.0,0.46,0.6321458874017877,0.6035502958579883,-0.009881414299244495,-0.08904444728524641,0.6189117592824135
2023,1216,統一,137398498.0,0.045152953564310434,1.09,56820154.0,0.85,0.97,0.03717926006971507,0.038983285425542025,54142903.0,57541764.0,53366181.0,165050848.0,0.98,1.0485223576920093,1.1411764705882352,0.06277574366487149,-0.07256612779545657,1.3752422706913436
2023,8473,山林水,1049365.0,-0.011267766697002473,-0.08,1470040.0,0.13,-1.92,0.016865136200570174,-0.3061039692792377,252943.0,254926.0,323820.0,831689.0,0.26,-18.15010360063911,-14.769230769230768,0.007839710923014387,0.2702509747926849,1.1570410302383545
2023,1418,東華,3158.0,-9.436035465484483,-0.55,568343.0,-0.51,-0.49,-6.214349977507872,-13.035165923724616,1580.0,1069.0,1137.0,3786.0,-0.4,2.097591215638628,0.9607843137254901,-0.3234177215189873,0.06361085126286259,-1.318501154398106
2023,1314,中石化,6963060.0,-0.11742222528600932,-0.21,37848502.0,-0.12,0.43,-0.05592988022511575,0.2898899326185223,2412106.0,2408787.0,2110222.0,6931115.0,-0.15,-5.1830958952839845,-3.5833333333333335,-0.0013759760143210453,-0.12394827770159833,1.1145356379947677
2023,8249,菱光,905563.0,0.059509940225031276,0.48,1490550.0,0.59,2.32,0.06095865369701536,0.2212763917518713,262532.0,218899.0,252163.0,733594.0,1.27,3.6299422367772105,3.932203389830508,-0.16620069172519925,0.15196049319549187,1.0631595629506938
2023,3450,聯鈞,1291364.0,-0.010248078775620197,-0.09,1456814.0,0.51,0.6,0.04119221486478124,0.04916390943525804,447756.0,469761.0,489071.0,1406588.0,-0.14,1.1935243005661365,1.1764705882352942,0.04914507008281288,0.041106009225968076,-0.11809636290509455
2023,1308,亞聚,1659326.0,0.0773344116828158,0.21,5937438.0,0.78,0.76,0.19684700357170387,0.16032804674960333,559778.0,679172.0,572692.0,1811642.0,0.28,0.8144805043537374,0.9743589743589743,0.2132881249352423,-0.1567791369491086,0.1921882234480001
2023,6409,旭隼,5198194.0,0.254324867444347,15.16,877466.0,14.71,17.29,0.20170805508442197,0.23507068886594937,1448556.0,1548928.0,1465979.0,4463463.0,7.21,1.1654006022097827,1.1753908905506456,0.06929107331715167,-0.053552521485827564,15.07667963422244
2023,4956,光鋐,293139.0,-0.07771057416447487,-0.23,1004082.0,-0.08,-0.15,-0.024760260964020817,-0.05829132598068569,95613.0,96519.0,88188.0,280320.0,-0.15,2.35422906347348,1.875,0.009475698911235897,-0.08631461163087062,-0.5107563061974716
2023,8481,政伸,235283.0,0.1314544612232928,0.46,666019.0,1.42,1.21,0.25217981503304127,0.20355458704284327,72166.0,85726.0,84784.0,242676.0,0.58,0.8071803328754643,0.852112676056338,0.18790011916969207,-0.010988498238574063,0.3866215969214003
2023,2706,第一店,104983.0,0.7396626120419496,0.16,4999984.0,0.26,0.23,1.815564896191568,1.6122245753797388,28926.0,28888.0,28071.0,85885.0,0.25,0.8880016234956033,0.8846153846153846,-0.0013136970199820741,-0.02828163943505957,0.11282260732141397
2023,2882,國泰金,94002234.0,0.2711280138299692,1.5,162025102.0,0.85,0.38,0.13810994337717616,0.07404129014548977,41694789.0,24536829.0,14132046.0,80363664.0,1.83,0.5361039787213882,0.4470588235294118,-0.4115132948628185,-0.4240475816985153,0.7209428659859853
2023,9907,統一實,9893828.0,0.03640138073958836,0.23,15791453.0,0.56,0.48,0.07212646487698685,0.06421965778411348,2890136.0,2921704.0,2671987.0,8483827.0,0.06,0.8903757849998807,0.857142857142857,0.010922669383032435,-0.08546964374214494,0.17412491172913375
2023,2615,萬海,24470250.0,-0.09563318723756398,-0.84,28061464.0,8.57,7.97,0.40121891125396436,0.35040255008096893,8235347.0,8569714.0,8242483.0,25047544.0,0.91,0.8733450499275455,0.9299883313885647,0.04060144642356911,-0.03818458819045767,-0.7455028642088505
2023,2727,王品,5381728.0,0.06714311834414523,4.84,844508.0,-2.98,3.77,-0.06365677275797671,0.055489777966851624,1950153.0,2100432.0,1754190.0,5804775.0,3.7,-0.8717026572777098,-1.2651006711409396,0.07706010759155824,-0.1648432322493658,-4.0230135927771915
2023,4739,康普,1464167.0,0.0037379615849831337,0.05,1070293.0,1.8,1.03,0.0668030745928601,0.0492528375284275,368234.0,399625.0,382854.0,1150713.0,-0.19,0.7372839922204962,0.5722222222222222,0.08524742419222564,-0.04196684391617145,0.029630158385067672
2023,3576,聯合再生,2961840.0,-0.13688619236690705,-0.25,16277954.0,0.11,0.11,0.04459414444655129,0.04064511194903254,896183.0,902479.0,831767.0,2630429.0,-0.84,0.9114450440404367,1.0,0.007025350849101164,-0.07835306971131739,-0.201612241530826
2023,6269,台郡,8123502.0,0.06895609799812938,1.76,3227191.0,0.94,5.87,0.03945061567470907,0.15696145907886233,2338303.0,2643320.0,3030223.0,8011846.0,2.42,3.978682116727697,6.24468085106383,0.13044374488678323,0.14637009518333,6.811140566847471
2023,6128,上福,1314442.0,0.06909015384474933,0.71,1275887.0,1.07,2.24,0.08812819258688209,0.21530432242418948,398734.0,414499.0,484721.0,1297954.0,0.73,2.4430811083743658,2.093457943925234,0.03953763661990206,0.1694141602271657,1.717121926567734
2023,6283,淳安,374744.0,-0.051832717802019514,-0.13,1479063.0,0.13,-0.23,0.03675378009352246,-0.08810219170152866,108084.0,119331.0,119298.0,346713.0,-0.26,-2.39709198556847,-1.7692307692307692,0.10405795492394798,-0.00027654172008950706,0.291254157922819
2023,6155,鈞寶,144880.0,0.21858779679734952,0.36,876390.0,0.45,0.92,0.19386705083350483,0.4113380592344861,44037.0,44124.0,34431.0,122592.0,0.42,2.1217533225269296,2.0444444444444443,0.001975611417671441,-0.2196763666032091,0.6487621741219044
2023,3533,嘉澤,5722130.0,0.22449594818712612,11.57,1113298.0,14.22,17.92,0.22693025389935553,0.262560970593661,2057238.0,2206795.0,2209208.0,6473241.0,16.83,1.1570117517698095,1.260196905766526,0.07269795716392569,0.0010934409403682288,15.102770552510693
2023,2331,精英,6523573.0,0.06685615382858442,0.78,5574030.0,0.61,0.74,0.03189132840113483,0.05429408084810211,1617835.0,1381629.0,1452628.0,4452092.0,0.5,1.7024715987111436,1.2131147540983607,-0.1460012918499105,0.051387890671084735,0.9091092829986289
2023,1539,巨庭,450920.0,0.05938303912002129,0.41,653700.0,3.06,1.72,0.27019059019999403,0.17458010360809567,91382.0,154729.0,150541.0,396652.0,0.58,0.6461368750069059,0.5620915032679739,0.6932109168107505,-0.027066677869048483,0.23281883440984916
2023,2597,潤弘,5600703.0,0.0649720222622053,1.96,1849500.0,2.6,3.96,0.07727161576613702,0.11682694221006736,1853016.0,2012734.0,1938714.0,5804464.0,3.28,1.5118998231335652,1.523076923076923,0.08619353529597151,-0.03677584817467183,3.082884022899843
2023,6153,嘉聯益,2789887.0,-0.2112383046338436,-1.07,5561777.0,-0.23,1.34,-0.04937016864563239,0.13777820307946695,1022099.0,970393.0,932986.0,2925478.0,-2.55,-2.7907176916572216,-5.826086956521739,-0.050588054581796826,-0.03854829950339711,3.1007863498379336
2023,1233,天仁,504356.0,0.05943420916971345,0.33,905919.0,0.03,0.09,0.007377534645168108,0.016449069499794248,169784.0,178560.0,189526.0,537870.0,0.21,2.229616029057554,3.0,0.05168920510766628,0.06141353046594977,0.7867821890892784
2023,3004,豐達科,713103.0,0.08080459625047152,1.09,533142.0,0.94,1.04,0.09975843321513121,0.09330596403701652,266336.0,280473.0,250459.0,797268.0,1.62,0.9353190605530081,1.1063829787234043,0.05307956866514485,-0.10701208315951982,1.130205159801913
2023,1312,國喬,3887038.0,-0.17651229548051756,-0.76,9266203.0,-0.2,-0.69,-0.031208231586265272,-0.14861775410648273,1226678.0,1284350.0,1366098.0,3877126.0,-0.22,4.762133147329288,3.4499999999999997,0.04701478301559181,0.06364931677502228,-3.517099068287832
2023,6789,采鈺,1936874.0,0.0926580665546649,0.57,3158321.0,3.91,1.17,0.23189034621541146,0.17238003816238973,689844.0,609446.0,529410.0,1828700.0,0.22,0.7433687558612706,0.29923273657289,-0.11654518992699803,-0.13132582706261098,0.3988170660422403
2023,2387,精元,5864121.0,0.087386498334533,2.63,1952510.0,1.21,3.2,0.04685556193625244,0.0837879389749715,1913778.0,2059706.0,1979193.0,5952677.0,2.45,1.7882175671901237,2.644628099173554,0.07625126843343377,-0.03908955938371783,4.764131550889331
2023,2881,富邦金,66121394.0,0.4374059324883562,2.05,146149632.0,1.68,0.89,0.24908247996480073,0.2220136352983562,24988120.0,12971124.0,17370014.0,55329258.0,1.76,0.8913257782310912,0.5297619047619048,-0.4809083676563103,0.33912943858990174,1.475972466412044
2023,1608,華榮,2260920.0,0.09930559241370769,0.53,6327735.0,-0.31,0.02,-0.04881408436310555,0.004433690016285926,806878.0,710289.0,905462.0,2422629.0,0.17,-0.09082808935441138,-0.06451612903225806,-0.1197070684787539,0.2747797023465097,-0.034532857277248946
2023,2712,遠雄來,145199.0,0.020055234540182782,0.03,1050000.0,-0.38,0.46,-0.6530945423081318,0.2271360490184954,84028.0,87266.0,43840.0,215134.0,0.31,-0.3477843318300645,-1.2105263157894737,0.0385347741229114,-0.4976279421538744,-0.014290831905947243
2023,2536,宏普,84808.0,-0.9987383265729648,-0.26,3328087.0,-0.16,-0.21,-1.146443236044834,-0.7348504245055969,14993.0,14993.0,15469.0,45455.0,-0.33,0.640982825317013,1.3125,0.0,0.03174814913626367,-0.08743495697791497
2023,4976,佳凌,240705.0,-0.18772356203651772,-0.33,1397040.0,-0.14,0.21,-0.05882192205047865,0.08891122569964181,72689.0,76757.0,67734.0,217180.0,-0.21,-1.5115321397240593,-1.4999999999999998,0.05596445129249261,-0.11755279648761674,0.4411102607777646
2023,6582,申豐,241708.0,-0.03271302563423635,-0.08,1061741.0,-0.08,0.61,-0.023067447925558038,0.20653004053150462,50526.0,73565.0,63207.0,187298.0,0.25,-8.953311228793348,-7.625,0.45598305822744734,-0.1408006524841976,0.516676783144667
2023,3164,景岳,87931.0,0.03283256189512231,0.03,863714.0,0.14,0.09,0.12272360746038893,0.1066715735239998,22104.0,32306.0,21954.0,76364.0,0.28,0.8692017430992631,0.6428571428571428,0.4615454216431416,-0.32043583235312323,0.02523155810771339
2023,6166,凌華,2939540.0,0.022549106322757983,0.3,2174973.0,2.02,1.06,0.1572505278879425,0.07562945874094532,869638.0,895256.0,906965.0,2671859.0,0.49,0.4809488384982672,0.5247524752475248,0.029458234345785206,0.013078940548848506,0.13322565997206912
2023,2542,興富發,7723944.0,0.06957184050013827,0.32,18841415.0,0.04,0.12,0.0493481113568485,0.09249984957318025,4368285.0,7385303.0,8419448.0,20173036.0,0.41,1.8744354551745814,3.0,0.6906641851435975,0.14002743015418595,1.3962453223022875
2023,1795,美時,4441843.0,0.2849808063905005,4.85,2625913.0,1.25,7.99,0.11258534815450078,0.3858287411170093,2287950.0,1184833.0,1100388.0,4573171.0,4.76,3.4269889238832114,6.392,-0.48214209226600235,-0.07127164756552185,17.008476699486494
2023,2636,台驊投控,3416024.0,0.15179284454675962,3.79,1433912.0,7.66,3.04,0.13559964533111943,0.07374903722106772,1196379.0,1366334.0,1265684.0,3828397.0,4.03,0.5438733784367996,0.3968668407310705,0.14205782615709572,-0.07366427242533669,2.2041622952824342
2023,2722,夏都,197193.0,0.12761609184910214,0.2,1182143.0,0.1,1.02,0.06577219708075722,0.367548125600666,96447.0,86356.0,53683.0,236486.0,0.41,5.588198994620456,10.2,-0.10462741194645764,-0.3783524016860438,1.4266345057766647
2023,3557,嘉威,983654.0,0.0522714287747521,0.64,803004.0,1.06,1.18,0.07507913969661346,0.08795003964741886,330540.0,329667.0,408338.0,1068545.0,1.14,1.171431105934555,1.1132075471698113,-0.0026411326919586475,0.23863777690821353,0.8148097760688555
2023,2393,億光,4403475.0,0.10544967326940655,1.05,4433931.0,0.89,0.95,0.07679183843311244,0.08879854937684366,1414247.0,1598014.0,1512452.0,4524713.0,0.91,1.1563539978820714,1.0674157303370786,0.12993981956475786,-0.05354270988864929,1.2443373915630696
2023,4572,駐龍,219091.0,0.29141315708997634,1.78,390000.0,1.56,1.91,0.3225037292157416,0.39597962514447677,55062.0,83100.0,78778.0,216940.0,1.64,1.2278296009395377,1.2243589743589742,0.5092078021139805,-0.052009626955475285,1.99031714461723
2023,2539,櫻花建,409718.0,-0.06531077472798363,-0.04,8556305.0,1.31,0.85,0.26597766270161405,0.23643746771787025,0.0,1614868.0,686431.0,2301299.0,0.61,0.8889373089315272,0.648854961832061,inf,-0.5749305825615468,-0.15615027777010976
2023,5234,達興材料,1130293.0,0.13302214558525974,1.46,1027159.0,1.36,0.35,0.13354316975760364,0.04862323282580191,392611.0,397069.0,384613.0,1174293.0,1.62,0.36410123343678846,0.25735294117647056,0.01135475063103164,-0.031369862668704895,0.5537132230994708
2023,1455,集盛,1735422.0,-0.08568636331681861,-0.28,5316884.0,-0.06,-0.42,-0.013243085434877361,-0.1044212894369221,578974.0,655615.0,690467.0,1925056.0,-0.16,7.8849668342329995,7.0,0.1323738198951938,0.053159247424174216,-2.446232683169905
2023,1760,寶齡富錦,470072.0,0.036683742065045356,0.21,857391.0,1.88,0.91,0.19781490245363234,0.11786045752325557,114909.0,244031.0,115669.0,474609.0,0.09,0.5958118223720883,0.4840425531914894,1.123689180133845,-0.5260069417410083,0.12098730324789408
2023,3592,瑞鼎,4747930.0,0.088627043785397,5.55,758552.0,17.84,7.21,0.19111199820164856,0.1410119818723363,1675954.0,1670527.0,1672486.0,5018967.0,5.82,0.7378499686008719,0.4041479820627803,-0.0032381557011708084,0.0011726838297136943,4.326765009584029
2023,2911,麗嬰房,695054.0,-0.22216547203526632,-0.8,1946778.0,-1.06,-0.91,-0.3041573380083016,-0.2046111840707623,210090.0,218354.0,233045.0,661489.0,-0.52,0.6727149356665454,0.8584905660377359,0.0393355228711505,0.0672806543502753,-0.5078247117168411
2023,1568,倉佑,264144.0,0.20134472106123932,0.52,1030865.0,0.44,0.47,0.09703208613612431,0.10960507783204375,91176.0,100640.0,114056.0,305872.0,2.21,1.1295756094358422,1.0681818181818181,0.10379924541546015,0.13330683624801276,0.674828602705693
2023,8462,柏文,1064040.0,0.027423781060862372,0.39,794054.0,0.06,0.03,0.005136908478111627,0.0023533301143605335,374990.0,387616.0,373765.0,1136371.0,0.69,0.4581218692892965,0.5,0.03367023120616541,-0.03573381903739781,0.1797953524461752
2023,1476,儒鴻,7820978.0,0.1779828558525545,5.08,2743671.0,7.42,7.91,0.18169048168047738,0.20255351721208756,2886521.0,2704236.0,2382299.0,7973056.0,5.68,1.1148273444962302,1.0660377358490567,-0.06315041532696275,-0.11904915103563452,5.7660521389164865
2023,9938,百和,2707641.0,0.026583657139184997,0.25,2979639.0,1.87,1.35,0.11097677682850131,0.09993660966527906,1035897.0,1272558.0,1175742.0,3484197.0,0.85,0.9005182212105219,0.7219251336898396,0.22845997237177063,-0.07607983290349041,0.2799279632698913
2023,1215,卜蜂,7412017.0,0.08109816801553477,2.04,2947901.0,1.82,1.01,0.07138696257634661,0.05245390951597314,2360314.0,2508812.0,2437231.0,7306357.0,2.2,0.7347827617665477,0.554945054945055,0.06291451052698926,-0.028531831002083896,1.4769234873245427
2023,2908,特力,9167237.0,0.007232604545949886,0.13,5098875.0,0.18,0.29,0.008605345933081805,0.0157749606329507,2980772.0,2948907.0,3245753.0,9175432.0,0.1,1.8331582199742276,1.6111111111111112,-0.010690183616861693,0.10066305922838525,0.23858702740487994
2023,5706,鳳凰,513096.0,0.12967164039477994,0.91,737670.0,-0.65,0.23,-1.8141484272469413,0.33161205766710355,303887.0,224976.0,230018.0,758881.0,0.79,-0.18279213138604156,-0.35384615384615387,-0.25967218077772325,0.02241127942536103,-0.24384511494448122
2023,1220,台榮,831902.0,0.042161216104781574,0.2,1770779.0,0.1,-0.09,0.02096226193416279,-0.016408762425463845,272888.0,296778.0,295646.0,865312.0,0.23,-0.7827763280985446,-0.8999999999999999,0.08754507343672135,-0.003814298903557556,-0.16127207598594767
2023,6024,群益期,399838.0,0.6235775489073074,1.18,2104376.0,0.76,1.07,0.23345417608014152,0.30896598965647154,181230.0,399468.0,170561.0,751259.0,1.32,1.3234545418900876,1.4078947368421053,1.2042046018871049,-0.5730296294071114,2.946224570393098
2024,1308,亞聚,1494815.0,-0.04812568779414175,-0.12,5937438.0,0.21,0.28,0.0773344116828158,0.09080982671372131,570164.0,469189.0,382991.0,1422344.0,-0.36,1.1742486266808938,1.3333333333333335,-0.17709816824632918,-0.18371700956331027,-0.1353762774212262
2024,3037,欣興,27877397.0,0.05722507018858324,1.05,15251062.0,1.57,1.7,0.0946609789368354,0.09753867073392347,10051113.0,10823395.0,10837646.0,31712154.0,0.65,1.0303999792671517,1.0828025477707006,0.07683547085780451,0.0013166848294827727,1.2260772398056354
2024,9942,茂順,987425.0,0.16834291211990784,2.0,831613.0,3.37,3.5,0.21720419101499983,0.23527169009340268,315224.0,335463.0,322594.0,973281.0,2.05,1.0831820923619062,1.0385756676557862,0.06420513666472094,-0.03836190578394638,2.1340927122107103
2024,2397,友通,2167776.0,0.03362155499461199,0.64,1144889.0,0.85,0.47,0.02594869869656956,0.013690944922048726,719128.0,924943.0,880733.0,2524804.0,0.8,0.5276158578178982,0.5529411764705883,0.2862007876205628,-0.047797539956516255,0.39120096963611617
2024,1529,樂事綠能,207366.0,0.19448221984317585,0.26,1550951.0,0.55,-0.3,0.687888926337249,-0.18565276509044373,28748.0,46388.0,77066.0,152202.0,-0.06,-0.26988770713169524,-0.5454545454545454,0.6136079031584807,0.6613348279727516,-0.05150925740584532
2024,5519,隆大,724455.0,0.1438874740322035,0.47,2191972.0,0.83,0.23,0.20934567233668158,0.11777240847008288,157416.0,216806.0,116115.0,490337.0,0.18,0.5625738863169554,0.27710843373493976,0.37728058138943954,-0.4644290287169174,0.18107655401974412
2024,3266,昇陽,259105.0,-0.1659404488527817,-0.12,3523143.0,-0.01,1.07,-0.01648210481812121,0.21169714709475765,32031.0,43901.0,432539.0,508471.0,0.13,-12.844060235681047,-107.0,0.37057850207611387,8.85260016856108,3.0760296096444306
2024,2633,台灣高鐵,13124573.0,0.12250333782287622,0.29,56282930.0,0.29,0.22,0.1322218955363727,0.10202574271120755,4241087.0,4549657.0,4456901.0,13247645.0,0.25,0.7716251706824265,0.7586206896551725,0.07275729076059978,-0.020387470967591637,0.22249296916400985
2024,1760,寶齡富錦,506416.0,0.0397301823007172,0.24,857391.0,0.21,0.09,0.036683742065045356,0.01614595624178269,152239.0,240350.0,130967.0,523556.0,0.32,0.440139291491955,0.42857142857142855,0.5787675956883584,-0.455098814229249,0.10678122982077227
2024,9939,宏全,7495233.0,0.11590780433376788,3.01,2877859.0,2.69,2.97,0.10734415066561183,0.11600486304472674,2774637.0,2775238.0,2344676.0,7894551.0,2.99,1.0806817355711718,1.1040892193308551,0.00021660491084052325,-0.15514417141881165,3.4361207195570524
2024,2486,一詮,1338299.0,0.02237242947951093,0.13,2339586.0,0.4,0.18,0.07099997022125606,0.031127189781579117,476177.0,487452.0,501805.0,1465434.0,-0.06,0.43841130756221386,0.44999999999999996,0.023678170092213513,0.029444950477175214,0.0614358886296269
2024,8150,南茂,5809559.0,0.07755769413822977,0.62,7272401.0,0.86,0.8,0.11545071346648239,0.10401488330227569,2063385.0,2115776.0,1888888.0,6068049.0,0.41,0.9009462148752615,0.930232558139535,0.025390802007380975,-0.10723630478840862,0.5830355213440919
2024,9944,新麗,630847.0,-0.06010807691880916,-0.35,1091071.0,-0.6,-0.61,-0.10845733319468759,-0.14525960229799353,171521.0,175237.0,144538.0,491296.0,-0.84,1.3393248572435725,1.0166666666666666,0.02166498562858199,-0.1751856057796013,-0.3625008074715947
2024,2014,中鴻,8160301.0,-0.03274278730649764,-0.18,14355444.0,-0.15,-0.08,-0.02199428717412347,-0.0116498358046847,2558318.0,2190260.0,1956661.0,6705239.0,-0.43,0.5296755340355319,0.5333333333333333,-0.1438671814840845,-0.106653547980605,-0.08100712016811579
2024,2241,艾姆勒,169493.0,-0.24454697244133977,-0.4,1046023.0,-0.59,-0.36,-0.24749093263640928,-0.13432483858901592,52475.0,62929.0,53707.0,169111.0,-0.43,0.5427465045208485,0.6101694915254238,0.19921867555979045,-0.14654610751799646,-0.2145803500147882
2024,2025,千興,225052.0,0.08815740362227396,0.07,2811673.0,1.3,-0.01,13.655026376402407,-0.01297216880148046,66426.0,49327.0,53793.0,169546.0,-0.38,-0.0009499922185355854,-0.007692307692307692,-0.25741426549844937,0.09053865023212437,-5.050118591076288e-05
2024,2477,美隆電,714471.0,0.1261254830496969,0.57,1585732.0,0.08,0.32,0.019670383133365353,0.07055440832192235,214627.0,337791.0,311785.0,864203.0,0.73,3.586834473104205,4.0,0.5738513793697904,-0.07698843367644492,2.46547246701202
2024,1727,中華化,535363.0,0.0512250566438099,0.23,1239394.0,0.15,0.06,0.03658669548852577,0.01695613356895663,170343.0,218497.0,202054.0,590894.0,0.23,0.46345080752850093,0.4,0.28268845799357756,-0.07525503782660636,0.11318432398740683
2024,3013,晟銘電,2604950.0,0.0741557419528206,0.97,2029165.0,0.39,0.42,0.05659552879398902,0.04629129875115738,1037453.0,800083.0,825693.0,2663229.0,0.81,0.8179320829329181,1.0769230769230769,-0.22880072639435234,0.03200917904767375,0.7960735169320943
2024,6226,光鼎,162193.0,-0.07230891592115567,-0.1,1166198.0,-0.13,-0.25,-0.09506024573396857,-0.11792833532739845,51110.0,50390.0,54061.0,155561.0,-0.14,1.2405641750330365,1.923076923076923,-0.014087262766581898,0.07285175630085328,-0.11965738843170244
2024,3705,永信,1975619.0,0.16911104823349035,1.26,2664230.0,0.76,0.91,0.12045480336852857,0.1406234651250249,740180.0,747723.0,612214.0,2100117.0,0.82,1.1674375881449144,1.1973684210526316,0.010190764408657405,-0.18122887753887473,1.55624306796371
2024,6706,惠特,169049.0,-0.7268898366745736,-1.67,735769.0,-1.05,-0.11,-0.1889329675947774,-0.028919616519174043,62425.0,65675.0,84880.0,212980.0,-1.36,0.15306813250930726,0.10476190476190476,0.05206247496996386,0.29242481918538266,-0.3220703291722635
2024,2514,龍邦,5547594.0,0.027776365754235078,0.43,3947293.0,0.75,0.5,0.07541431339093727,0.028839013179853382,2552946.0,2166331.0,2724461.0,7443738.0,0.91,0.3824076873889439,0.6666666666666666,-0.15143876917098908,0.25763837566835357,0.20030590417291283
2024,1519,華城,4645842.0,0.19249061849283725,2.91,2871644.0,2.08,2.73,0.1752488704262294,0.1956354660365974,2003638.0,1587327.0,1765912.0,5356877.0,4.28,1.1163293980770603,1.3125,-0.20777755263176279,0.11250674876695221,4.0085103133880375
2024,6120,達運,5253092.0,-0.00048771276040853655,0.0,6655551.0,0.15,0.09,0.022583936581658522,0.010554553952473891,2195173.0,2152199.0,1655913.0,6003285.0,0.02,0.4673478387751824,0.6,-0.01957658917998717,-0.2305948474095565,-0.0020559346357835674
2024,1718,中纖,10743719.0,0.008736081053497397,0.07,16859057.0,-0.17,0.0,-0.02290242761542842,-0.0004801356042905073,4136869.0,4416853.0,2747430.0,11301152.0,0.14,0.02096439785130288,-0.0,0.06768017067980647,-0.37796662012523397,0.0012276893400196191
2024,6830,汎銓,509291.0,0.07999552318811838,0.87,467812.0,1.73,1.55,0.16115677043102883,0.14440802171230396,181140.0,170870.0,166502.0,518512.0,0.27,0.8960717028894983,0.8959537572254336,-0.05669647786242682,-0.025563293732076997,0.7945036559719982
2024,1558,伸興,2062607.0,0.06640382777717714,2.06,665356.0,1.45,1.6,0.05046139837302851,0.05019812380226014,810073.0,900973.0,731918.0,2442964.0,2.04,0.9947826540829854,1.103448275862069,0.11221210927904024,-0.18763603348823998,2.4254052205729315
2024,3543,州巧,789765.0,-0.00936354485194963,-0.08,892631.0,0.25,0.76,0.026942822155237377,0.07797401751490661,314419.0,274945.0,262441.0,851805.0,-0.5,2.8940553096346426,3.04,-0.12554584805625613,-0.045478186546400234,-0.25859215279947484
2024,6902,走著瞧-創,196447.0,-0.05333754142338646,-0.32,319939.0,0.41,0.44,0.03410618460247986,0.074742613365347,61161.0,70463.0,84107.0,215731.0,-1.17,2.1914680353871203,1.0731707317073171,0.15209038439528455,0.193633538168968,-0.7881583975333208
2024,2317,鴻海,1550550895.0,0.022601897888685555,2.53,138629906.0,2.38,3.11,0.02529653341017424,0.02794768132087414,572351867.0,548311941.0,733023957.0,1853687765.0,3.55,1.1048028149830842,1.3067226890756303,-0.04200200503582874,0.33687396204271236,3.3389455385470526
2024,3033,威健,22536800.0,0.016018378829292534,0.85,4507764.0,0.32,0.6,0.007743926960540934,0.013602715603361093,7346037.0,7518217.0,9146303.0,24010557.0,0.76,1.7565655865136036,1.875,0.023438487990191215,0.2165521426157293,1.4987320496438488
2024,2530,華建,1797867.0,0.2868421301464458,0.62,8399880.0,-0.02,-0.03,-5.17627427184466,-9.415250344510795,1040211.0,558079.0,402117.0,2000407.0,0.63,1.8189241624469599,1.5,-0.4634944256501806,-0.27946222667400133,1.2425183603853307
2024,6112,邁達特,4421465.0,0.00019676736104435973,0.0,1883573.0,0.86,0.72,0.04572377387723072,0.03710626763290369,1456262.0,1449966.0,1388959.0,4295187.0,0.22,0.8115311682831515,0.8372093023255813,-0.004323397850112154,-0.04207477968448914,0.0036413119424100753
2024,2006,東和鋼鐵,15434701.0,0.07499458525306062,1.59,7302138.0,1.49,1.6,0.06872630756683837,0.07746414763019037,5060861.0,5290398.0,4541875.0,14893134.0,1.48,1.127139669985241,1.0738255033557047,0.04535532590205493,-0.14148708660482634,1.7240255733543899
2024,4770,上品,1588619.0,0.25202770456604134,5.01,799760.0,4.75,4.82,0.256418990409229,0.31051943266890975,614281.0,547198.0,610962.0,1772441.0,5.27,1.2109845381316717,1.0147368421052632,-0.10920572181135346,0.11652820368495509,6.7639282256201
2024,3702,大聯大,207973513.0,0.007843724792012337,0.73,18790568.0,1.14,0.95,0.014787928400723498,0.008497504916384699,68545930.0,84847757.0,105674770.0,259068457.0,1.22,0.5746244292046314,0.8333333333333334,0.2378234127102805,0.24546333027990364,0.6214140426215787
2024,8249,菱光,1025372.0,0.0554150103572167,0.5,1490550.0,0.48,1.27,0.059509940225031276,0.1966728190252374,444683.0,478850.0,376596.0,1300129.0,1.95,3.3048734090731315,2.6458333333333335,0.07683450907725287,-0.21354077477289335,1.5974311325259258
2024,4564,元翎,296939.0,-0.32211329599682087,-0.47,2027883.0,-0.53,-0.29,-0.2987449849688761,-0.1828866231149643,120014.0,98085.0,71381.0,289480.0,-0.37,0.6121830735803576,0.5471698113207547,-0.18272034929258252,-0.2722536575419279,-0.28149172905705977
2024,3321,同泰,552913.0,-0.07027687900266408,-0.4,971598.0,-1.15,-0.58,-0.04539929254652327,-0.09156814947371388,163087.0,175658.0,165969.0,504714.0,-0.94,2.016951021425691,0.5043478260869565,0.07708155769619895,-0.05515831900625079,-0.7363199335672366
2024,2801,彰銀,10466897.0,0.3451615125284982,0.31,112057583.0,0.32,0.29,0.358130266554963,0.33418869922650396,3988916.0,3845534.0,3482721.0,11317171.0,0.34,0.933148439089594,0.9062499999999999,-0.03594510388285943,-0.09434658489562175,0.32528926005479886
2024,2911,麗嬰房,664622.0,-0.15730294814195137,-1.15,1051260.0,-0.8,-0.52,-0.22216547203526632,-0.1547474735121964,189089.0,197267.0,208783.0,595139.0,-1.35,0.6965415106791749,0.65,0.04324947511489308,0.058377731703731506,-0.6202862248234472
2024,3645,達邁,589783.0,0.203039083866439,0.91,1322053.0,-0.15,0.5,-0.04438743415647533,0.1303653270092393,219221.0,207295.0,192529.0,619045.0,0.48,-2.936987223674008,-3.3333333333333335,-0.05440172246272024,-0.07123181938782897,-2.79225486713718
2024,3034,聯詠,25231019.0,0.21356905957702302,8.86,6085115.0,11.29,10.46,0.22680261469765253,0.22004249435239492,9267960.0,9680155.0,8918212.0,27866327.0,8.64,0.970193816529543,0.9264836138175377,0.04447526748065367,-0.07871185946919235,9.488723172123292
2024,8476,台境,594119.0,0.292660224635132,2.08,831132.0,3.28,0.97,0.39585015533776585,0.2180616979725944,133992.0,148139.0,102082.0,384213.0,-0.6,0.5508692999918859,0.29573170731707316,0.10558093020478831,-0.31090394831880863,0.7452711727782328
2024,1213,大飲,41904.0,-0.0014795723558610157,0.0,566226.0,-0.72,-0.65,-1.483607757043542,5.134735094757228,19561.0,25897.0,18428.0,63886.0,-0.32,-3.4609788674800854,0.9027777777777778,0.3239098205613209,-0.2884117851488589,0.005777647554013538
2024,1303,南亞,66406336.0,0.026117643352586116,0.22,79308216.0,0.12,0.55,0.01477285323188082,0.06484208547879625,22531108.0,22463979.0,21428221.0,66423308.0,0.0,4.389272976655763,4.583333333333334,-0.002979391870120196,-0.04610750392884533,0.9601274758858938
2024,3406,玉晶光,4987181.0,0.20044490063625123,8.86,1127431.0,0.99,13.92,0.04197414171420855,0.1772583266871791,2275598.0,2640943.0,2586457.0,7502998.0,12.22,4.223036361150319,14.06060606060606,0.1605490073378515,-0.020631266937605197,56.33323497220284
2024,3025,星通,119218.0,0.2931855927796138,0.61,567365.0,0.45,0.5,0.2481631452218549,0.2846549254234432,84517.0,77764.0,89129.0,251410.0,1.55,1.1470475407174787,1.1111111111111112,-0.07990108498881887,0.1461473175248187,1.4901982534961635
2024,2630,亞航,1264925.0,0.033128446350574145,0.2,2094382.0,-0.18,0.31,-0.022835957397455312,0.043971000078519645,411718.0,466353.0,524120.0,1402191.0,0.16,-1.9255159445786794,-1.7222222222222223,0.13270005197732426,0.12386968669655829,-0.42707039500679694
2024,6715,嘉基,558493.0,0.17528778337418732,1.49,663328.0,1.44,2.26,0.15334679894515563,0.2264459251237574,200650.0,190378.0,189538.0,580566.0,1.35,1.4766915689237545,1.5694444444444444,-0.051193620732619016,-0.004412274527518911,2.265503372402511
2024,5608,四維航,836468.0,0.02700521717507424,0.06,3892716.0,-0.66,-0.4,-0.2678889308148181,-0.17914752315937266,320276.0,310350.0,311927.0,942553.0,0.2,0.668738057277965,0.6060606060606061,-0.030992019383281888,0.005081359755115145,0.04372771394593118
2024,4915,致伸,15368051.0,0.047325519677153594,1.6,4629318.0,1.55,1.63,0.04352427393563053,0.046847655887280085,5019074.0,5622020.0,5367441.0,16008535.0,1.7,1.076356976260296,1.0516129032258064,0.1201309245490303,-0.04528247853974199,1.7615148015915998
2024,3024,憶聲,421754.0,0.06298695448057398,0.1,2771575.0,0.09,0.15,0.05562704754981655,0.12358572671888599,146021.0,133418.0,100591.0,380030.0,0.02,2.221684093663417,1.6666666666666667,-0.08630950342758914,-0.2460462606245034,0.19187754892798367
2024,8201,無敵,143080.0,-0.09207436399217221,-0.21,623663.0,-0.27,-0.13,-0.10797008229308751,-0.07072398073505551,35942.0,45719.0,37063.0,118724.0,-0.18,0.6550331280018244,0.48148148148148145,0.2720215903399923,-0.18933047529473523,-0.11481285942095813
2024,2227,裕日車,5917371.0,0.06467804705839807,1.27,3000000.0,0.43,1.28,0.020999276357414477,0.0596627883112087,1924508.0,1377419.0,1960731.0,5262658.0,0.34,2.8411830624888563,2.9767441860465116,-0.28427473411386184,0.42348188895317973,3.2235915453701507
2024,1522,堤維西,5187834.0,0.11061803442438597,1.65,3428979.0,0.68,1.18,0.05678932173221937,0.0743608799737456,1691833.0,1559908.0,1536105.0,4787846.0,1.3,1.309416589343715,1.7352941176470587,-0.07797755452222532,-0.01525923323683187,2.02245619378893
2024,2313,華通,16884077.0,0.06819508108142364,0.97,11918206.0,0.5,1.41,0.043275200708275646,0.0857360812286417,6722666.0,7004922.0,6463377.0,20190965.0,1.51,1.981182751909135,2.82,0.04198572411599799,-0.07730921200835639,2.2888839652076536
2024,1809,中釉,619132.0,0.01179231569358392,0.04,1670419.0,0.02,0.01,0.004776825043075971,0.0026427511618299284,187743.0,184735.0,189291.0,561769.0,0.12,0.5532442863195519,0.5,-0.016021902281310063,0.024662354183018875,0.02194059411505245
2024,2402,毅嘉,2383101.0,0.07577312082030933,0.6,3075366.0,0.4,0.57,0.05746430037514574,0.07280634491624721,867790.0,892629.0,870663.0,2631082.0,0.77,1.2669839263846179,1.4249999999999998,0.028623284435174368,-0.024608207889279865,0.8213416657538521
2024,1451,年興,1631959.0,0.03947157986199408,0.32,2055700.0,-0.12,-0.03,-0.014400179173789435,-0.0037051043405190087,660632.0,525555.0,446175.0,1632362.0,0.44,0.2572957111021837,0.25,-0.20446632921202723,-0.15104032879527352,0.08064432232935963
2024,2704,國賓,296608.0,-0.029402443629301975,-0.02,3669234.0,1.36,-0.15,1.8181111147453999,-0.1810504370138722,93377.0,104627.0,129632.0,327636.0,-0.91,-0.09958161277685477,-0.1102941176470588,0.12047934716257758,0.2389918472287269,0.0026144406512800863
2024,1418,東華,2448.0,-10.06781045751634,-0.45,568343.0,-0.55,-0.4,-9.436035465484483,-5.6914949815108296,87.0,711.0,89.0,887.0,-0.47,0.603165916695567,0.7272727272727273,7.172413793103448,-0.8748241912798875,-0.09477306538030952
2024,4104,佳醫,2159513.0,0.1020493972483611,1.42,1633975.0,1.17,1.06,0.08557895939157828,0.09075979730816931,648950.0,669182.0,741238.0,2059370.0,0.93,1.0605386879371295,0.9059829059829061,0.03117651591031656,0.10767773191747532,1.3640363196286558
2024,5706,鳳凰,848785.0,0.07222323674428742,0.67,810815.0,0.91,0.79,0.12967164039477994,0.07645375024094221,328424.0,251972.0,261443.0,841839.0,1.34,0.5895949955455329,0.8681318681318682,-0.23278444937032616,0.03758750972330249,0.4421178031621226
2024,1538,正峰,27678.0,-0.48543969940024567,-0.25,538390.0,0.48,-0.75,0.35203514434283667,-0.647983362994661,10507.0,10850.0,7790.0,29147.0,-0.39,-1.8406780499267683,-1.5625,0.03264490339773474,-0.2820276497695853,0.4837377717549167
2024,1533,車王電,657179.0,-0.07862545820849419,-0.52,985475.0,-0.43,0.04,-0.03870299522091272,0.004497556257681493,162482.0,189272.0,226177.0,577931.0,-0.6,-0.1162069300324149,-0.09302325581395349,0.16487980207038322,0.19498393845893736,0.053582823745175374
2024,9921,巨大,21166075.0,0.05445010470765128,2.94,3920646.0,3.02,2.81,0.052613838337672636,0.056496940669169056,7573296.0,6855587.0,6028419.0,20457302.0,1.27,1.073803821469456,0.9304635761589404,-0.09476838090046924,-0.12065604302009436,3.050804580907064
2024,6776,展碁國際,6027870.0,0.013746315033336818,1.01,815814.0,1.28,1.23,0.017299477746952344,0.018087295492023328,2151923.0,2059419.0,2368325.0,6579667.0,1.01,1.0455399727433838,0.9609375,-0.04298666820327679,0.14999667381916937,1.1591501464641183
2024,1472,三洋實業,537144.0,0.020869636447582027,0.26,424881.0,0.85,1.86,0.03963992831354256,0.11473272250103596,185298.0,158084.0,203874.0,547256.0,0.49,2.8943726031370938,2.1882352941176473,-0.14686612915411934,0.2896561321828901,0.7780231929722613
2024,2442,新美齊,119751.0,0.5407136474851985,0.25,2618192.0,0.77,0.22,0.1597682010564651,1.4652191599715245,25992.0,95068.0,15926.0,136986.0,0.02,9.170906039391959,0.2857142857142857,2.657586949830717,-0.8324778053603736,2.5945035425202856
2024,2305,全友,164127.0,0.07811024389649479,0.06,2056608.0,0.08,0.11,0.12814953152696884,0.13489559513954416,64093.0,66730.0,66227.0,197050.0,-0.01,1.0526421246507298,1.375,0.04114333858611707,-0.007537839052899731,0.07877957941336719
2024,6192,巨路,1827009.0,0.1269977323592823,2.42,961558.0,2.48,2.31,0.13516996445046967,0.13216266228584617,703212.0,693077.0,596573.0,1992862.0,2.12,0.9777516981908694,0.9314516129032259,-0.014412438923112836,-0.1392399401509501,2.5735125229232194
2024,1342,八貫,619922.0,0.2232248573207597,1.61,784902.0,2.01,2.18,0.2324516274544344,0.23201020043677403,167361.0,210514.0,212103.0,589978.0,1.46,0.9981009940756518,1.0845771144278609,0.2578438226349029,0.00754819156920683,1.674701555807746
2024,2881,富邦金,84808772.0,0.6002541694625646,3.63,152657119.0,2.05,1.76,0.4374059324883562,0.4492718497517897,43441514.0,3720176.0,22774883.0,69936573.0,2.64,1.027127929417714,0.8585365853658538,-0.9143635739767265,5.121990733771735,2.824535317600314
2024,2547,日勝生,1724811.0,-0.05121662605352122,-0.09,9550946.0,-0.07,-0.02,-0.033977737159256394,-0.00790809245683799,697829.0,568308.0,518704.0,1784841.0,-0.06,0.2327433525008485,0.2857142857142857,-0.18560564264311175,-0.08728365604566535,-0.02227621471374535
2024,5269,祥碩,2106353.0,0.44425269648534693,13.17,746624.0,7.08,9.74,0.31460305537097494,0.3886343032067415,795345.0,803864.0,527603.0,2126812.0,13.06,1.2353163663603652,1.3757062146892656,0.010711075068052134,-0.3436663415702158,15.632751480288055
2024,2485,兆赫,974843.0,-0.0956379642670666,-0.29,3176890.0,0.15,0.23,0.031708179585868565,0.04761214365002055,83273.0,100165.0,90854.0,274292.0,-0.87,1.5015729149976156,1.5333333333333334,0.2028508640255544,-0.09295662157440221,-0.1239903005586945
2024,2885,元大金,27983654.0,0.30110338699871003,0.63,129428640.0,0.72,0.67,0.3465198980760001,0.30922608753968917,13211020.0,8405532.0,9380551.0,30997103.0,0.73,0.8923761355599513,0.9305555555555557,-0.3637484463728009,0.11599729796995595,0.6435085284926891
2024,1702,南僑,5873022.0,0.04575991712614051,1.09,2941330.0,0.97,1.13,0.04228139344851386,0.04802508335530668,1868017.0,2010429.0,2098827.0,5977273.0,0.57,1.1358443853981994,1.1649484536082473,0.07623699356055114,0.04396971989560439,1.0562419307522075
2024,1541,錩泰,811565.0,0.03739934570860005,0.38,788000.0,-0.36,0.93,-0.029757618885944543,0.09840854042403355,234598.0,265602.0,216247.0,716447.0,-0.21,-3.307003184670632,-2.5833333333333335,0.13215798941167445,-0.1858231489220714,-1.124492254955724
2024,2324,仁寶,237209113.0,0.012147012244002615,0.67,44071466.0,0.48,0.55,0.008577390525346194,0.0095212835673046,76440030.0,84111446.0,83765925.0,244317401.0,0.76,1.110044312331262,1.1458333333333335,0.10035862100001802,-0.004107895137125617,0.7474922388555527
2024,6409,旭隼,6507110.0,0.19733030485115513,14.71,877262.0,15.16,7.21,0.254324867444347,0.141066060380933,2203550.0,2529635.0,1967547.0,6700732.0,14.08,0.5546687659703665,0.47559366754617416,0.14798166594812923,-0.22220122665918207,8.360272408044702
2024,4722,國精化,1106894.0,0.06145213543482935,0.68,1000092.0,0.4,0.79,0.04629450335387594,0.08831450608055612,343264.0,397247.0,318145.0,1058656.0,0.55,1.9076672106292747,1.975,0.15726379696093962,-0.19912548112383477,1.2409506305312616
2024,1467,南緯,1024242.0,0.0007957103887557824,0.0,2336247.0,-0.3,0.09,-0.06310987258806414,0.01546112284768831,471406.0,438840.0,537396.0,1447642.0,0.28,-0.2449873880843874,-0.3,-0.06908270153540685,0.22458299152310635,-0.0012079283485160344
2024,2617,台航,1126271.0,0.21543216508282642,0.58,4172945.0,0.4,2.65,0.16189484289720252,1.1641785381924648,398571.0,395027.0,359030.0,1152628.0,0.96,7.1909550505674655,6.624999999999999,-0.00889176583343998,-0.09112541674366559,4.279013186839208
2024,3501,維熹,1593609.0,0.11469187234760848,1.55,1182579.0,1.22,1.4,0.1048022417560617,0.12193016788394875,569254.0,550862.0,449321.0,1569437.0,0.98,1.1634309136989083,1.1475409836065573,-0.03230895171575432,-0.18433110288965293,1.7708711649729172
2024,2349,錸德,1917014.0,0.0029139067320322126,0.01,6936797.0,-0.01,-0.17,-0.0035141811084399475,-0.06016716592372363,634615.0,593814.0,585264.0,1813693.0,-0.01,17.12124790017828,17.0,-0.0642925238136508,-0.014398447998868358,0.13044152086354455
2024,5258,虹堡,1885389.0,0.08092653558496417,1.46,1103649.0,2.0,2.25,0.10077039426836416,0.12166574274081013,702173.0,593504.0,802323.0,2098000.0,1.38,1.2073560257866913,1.125,-0.15476100619078204,0.3518409311478945,1.8573802044561345
2024,4755,三福化,1202733.0,0.09195390830716377,1.1,1007060.0,1.07,1.09,0.08551835545530209,0.09064732321189863,429085.0,454210.0,351865.0,1235160.0,0.94,1.0599750513125488,1.0186915887850467,0.05855483179323451,-0.22532529006406732,1.1954563097629558
2024,1517,利奇,511360.0,-0.0451188986232791,-0.1,2256850.0,-0.18,-0.15,-0.09261368144459328,-0.07642226082047336,214602.0,194260.0,165385.0,574247.0,-0.16,0.8251724759067424,0.8333333333333334,-0.09478942414329783,-0.14864099660249153,-0.09473255773547101
2024,2314,台揚,501439.0,-0.38372962613598066,-0.76,2520283.0,-0.5,-0.86,-0.11280577063831426,-0.3053156200613381,126655.0,117133.0,108871.0,352659.0,-1.09,2.706560296815509,1.72,-0.07518060874027876,-0.07053520357200793,-1.4532779993477487
2024,6756,威鋒電子,495028.0,0.10559402700453308,0.76,695834.0,1.15,1.12,0.13413012364162347,0.1387393946784644,155634.0,149810.0,141317.0,446761.0,0.42,1.0343641749645758,0.973913043478261,-0.03742112905920303,-0.05669180962552567,0.7012654329138369
2024,6285,啟碁,30712634.0,0.037918206559554614,2.45,4852534.0,2.29,3.35,0.03554415181774894,0.04833914575346298,8707258.0,8887551.0,8372199.0,25967008.0,1.09,1.3599746591596784,1.462882096069869,0.020706059243909003,-0.05798582759187543,2.7595097246659424
2024,4720,德淵,901632.0,0.03724801249290176,0.32,1055045.0,0.14,0.66,0.01683701695582413,0.0805574266734774,326203.0,305858.0,304287.0,936348.0,0.4,4.784542706397382,4.714285714285714,-0.06236913823600643,-0.005136370472572205,1.581648024515811
2024,3346,麗清,2553897.0,0.032654801661930764,0.73,1151590.0,0.6,0.88,0.028815078033120944,0.03767783372468263,795201.0,796090.0,861323.0,2452614.0,0.65,1.307573544703733,1.4666666666666668,0.0011179563405980808,0.08194174025549872,0.909378104931707
2024,2421,建準,3676894.0,0.10311447651196907,1.39,2734437.0,1.72,1.49,0.13158953845028082,0.11718409377690821,1396377.0,1360405.0,1273787.0,4030569.0,1.28,0.8905274321726153,0.8662790697674418,-0.025760951376311736,-0.06367074510899329,1.3535221956087233
2024,2701,萬企,79504.0,1.0111063594284564,0.18,4499678.0,0.13,0.25,0.7602648460788219,1.4422761974350575,29363.0,27742.0,19523.0,76628.0,0.26,1.8970707443252304,1.923076923076923,-0.055205530770016664,-0.29626559008002307,0.3266528281332437
2024,2613,中櫃,834078.0,0.05577416021043596,0.34,1484235.0,0.29,0.29,0.050872083720037126,0.04684127343061298,272591.0,297474.0,279070.0,849135.0,0.36,0.9207657718208125,1.0,0.09128327787784629,-0.06186759178953449,0.2938030365923112
2024,6695,芯鼎,217460.0,-0.17374689598087004,-0.4,963183.0,0.04,0.29,0.015176865496994317,0.08986265189268386,90922.0,92410.0,93510.0,276842.0,-0.29,5.921028417263143,7.249999999999999,0.016365676073997415,0.011903473650037855,-2.9569049840957673
2024,2414,精技,5662382.0,0.017145081345624508,0.61,1617358.0,0.61,0.63,0.016607807806577685,0.016800847363411486,2120477.0,2188950.0,2170149.0,6479576.0,0.79,1.0116234218918012,1.0327868852459017,0.03229131935880458,-0.008589049544302063,0.6948624655658598
2024,1339,昭輝,441967.0,0.20564205019831797,1.22,741239.0,1.64,2.03,0.25123741990743026,0.2755650391564227,153125.0,163417.0,159246.0,475788.0,1.05,1.0968311936094397,1.2378048780487805,0.06721306122448989,-0.025523660329096698,1.4477945620803765
2024,6438,迅得,1249590.0,0.06961723445290055,1.16,752817.0,2.38,2.55,0.10469998871129223,0.15108375088552298,427192.0,413016.0,473940.0,1314148.0,0.6,1.4430159233553776,1.0714285714285714,-0.033184142025131536,0.14751002382474288,1.7536493198380183
2024,2351,順德,2784564.0,0.07856131157337379,1.2,1821403.0,1.12,1.14,0.07174245278475741,0.07568813598793385,1000912.0,989583.0,914431.0,2904926.0,0.86,1.0549978854920716,1.0178571428571426,-0.011318677366242036,-0.07594309926504395,1.3218718088950956
2024,4904,遠傳,24970030.0,0.12442972635595552,0.86,36057054.0,0.84,0.87,0.1274936302888097,0.12178859291458993,7894640.0,7723411.0,9121101.0,24739152.0,0.88,0.9552523733044842,1.0357142857142858,-0.021689272721745367,0.18096796868637455,0.81552417585553
2024,8105,凌巨,1905540.0,-0.033849722388404335,,4415449.0,0.15,0.29,0.027725676511358786,0.05892756987288771,875489.0,766422.0,819432.0,2461343.0,0.03,2.1253789731242803,1.9333333333333333,-0.12457837848333908,0.06916555109326183,-0.40104098383261166
2024,1603,華電,1141468.0,0.07140191402649922,0.51,1916880.0,0.71,1.08,0.11492048614750915,0.14279418980191447,546321.0,312239.0,312564.0,1171124.0,1.02,1.2425477352978416,1.5211267605633805,-0.4284697092002687,0.0010408693340677733,0.5420394437235861
2024,3563,牧德,311610.0,0.2828728217964764,1.51,581462.0,3.62,1.89,0.28867882458478306,0.30001300133384057,110981.0,106532.0,128915.0,346428.0,0.6,1.0392622381130998,0.5220994475138121,-0.04008794298123097,0.21010588367814376,1.7514914391817513
2024,8481,政伸,275671.0,0.1885472175165324,0.78,666019.0,0.46,0.58,0.1314544612232928,0.15911899426613063,91341.0,102214.0,101551.0,295106.0,0.82,1.2104495563360604,1.2608695652173911,0.11903745306050961,-0.006486391296691263,1.0112493233583886
2024,4961,天鈺,5022949.0,0.11825901477399034,4.91,1212545.0,3.13,3.82,0.13415997254006684,0.14410999029125757,1722901.0,1801573.0,1782935.0,5307409.0,4.2,1.074165323403142,1.220447284345048,0.045662519204527685,-0.010345403711090273,5.560195682600642
2024,2049,上銀,6182917.0,0.09414229561871848,1.64,3537923.0,1.77,1.78,0.09506157218115249,0.0962624325715266,2121103.0,2041260.0,2164124.0,6326487.0,1.88,1.0126324482419216,1.0056497175141244,-0.037642207851292464,0.060190274634294605,1.7047114065198787
2024,3003,健和興,1160217.0,0.1597787310477264,1.19,1556549.0,1.06,0.99,0.14634368324591912,0.15822746660536868,386628.0,402077.0,380260.0,1168965.0,0.8,1.081204621175755,0.9339622641509433,0.03995830617544516,-0.05426075105017203,1.2973751414384669
2024,2458,義隆,3151434.0,0.23431682211970806,2.58,3038804.0,1.74,2.69,0.16269034681803446,0.21864931384567673,1098933.0,1188899.0,1114868.0,3402700.0,2.49,1.3439599713327253,1.5459770114942528,0.08186668341018066,-0.062268535847031625,3.526231122479766
2024,2852,第一保,2029587.0,0.13551870405161248,0.91,3011638.0,0.7,0.73,0.11070134341141324,0.11646608459921533,700516.0,633606.0,595431.0,1929553.0,0.82,1.052074717525133,1.042857142857143,-0.09551530586025159,-0.06025037641689002,0.9134815240922396
2024,3051,力特,433883.0,0.131807422738388,0.34,1700000.0,0.21,0.46,0.06605117342491645,0.145242533318188,159101.0,162030.0,175256.0,496387.0,0.48,2.1989394856594364,2.1904761904761907,0.018409689442555388,0.08162685922360047,0.8463005514071523
2024,2337,旺宏,6455575.0,-0.044360417158812344,-0.16,18558264.0,0.04,-0.22,0.009554594113492371,-0.05600895662192337,2405726.0,2695847.0,2652966.0,7754539.0,-0.16,-5.861992247565095,-5.5,0.12059602797658586,-0.0159063181256206,1.0865744716056844
2024,2038,海光,2299034.0,0.003585418919424419,0.05,1903277.0,0.16,-0.01,0.013104161350450005,0.0003552010381939006,800905.0,942167.0,740124.0,2483196.0,-0.09,0.0271059725757805,-0.0625,0.17637797241870135,-0.21444499754289847,0.0012679843723613312
2024,1714,和桐,4866356.0,-0.0038480538620684554,-0.02,10168248.0,0.17,0.19,0.03619357600404899,0.03598513059927559,1550261.0,1768998.0,1725230.0,5044489.0,0.08,0.9942408176315577,1.1176470588235294,0.14109688626624806,-0.02474168992842274,-0.018980330937500452
2024,6215,和椿,346387.0,0.1565272368766726,0.65,827897.0,0.36,0.22,0.11917493355892704,0.07968065052008472,125615.0,185257.0,156770.0,467642.0,0.51,0.6686024329158611,0.6111111111111112,0.47479998407833457,-0.1537701679288772,0.5911464308261122
2024,1442,名軒,3066738.0,0.2845163166856771,2.38,3662113.0,0.2,0.1,0.29161428391249333,0.12463658449161655,923255.0,783468.0,744619.0,2451342.0,2.06,0.4274021931278822,0.5,-0.151406707789289,-0.04958594352290069,0.8139844142779424
2024,1434,福懋,7623397.0,0.03182478887036842,0.14,16846646.0,0.28,0.03,0.06448296034836676,0.007014767688840528,2284442.0,2440336.0,2366216.0,7090994.0,0.57,0.10878482704490473,0.10714285714285712,0.06824160998615847,-0.030372866687210287,0.01457228057538805
2024,1310,台苯,3432906.0,0.0015619419815165343,0.01,5278698.0,-0.57,0.0,-0.12926593022573216,0.0013099141802755323,1033684.0,1037809.0,961410.0,3032903.0,-0.34,-0.010133483571332981,-0.0,0.003990581260810755,-0.07361566531028352,-9.094008799540718e-05
2024,2380,虹光,610445.0,-0.0957055918223591,-0.27,2169341.0,-0.2,-1.27,-0.08810517279242948,-0.7017252254115312,143181.0,158700.0,182247.0,484128.0,-1.16,7.964631396441998,6.35,0.10838728602258674,0.14837429111531186,-1.7011216484088112
2024,8028,昇陽半導體,828058.0,0.12479077552538591,0.6,1726280.0,0.87,0.76,0.142071038731075,0.14719276439991316,314777.0,310641.0,312729.0,938147.0,0.73,1.0360504555649308,0.8735632183908046,-0.013139460634036149,0.006721585367031491,0.702624104583632
2024,2912,統一超,82841047.0,0.04051165601516359,3.23,10396223.0,2.46,2.92,0.03291739453861302,0.03679099888498282,29596830.0,29562929.0,28721242.0,87881001.0,2.87,1.1176765172536958,1.1869918699186992,-0.0011454267230646131,-0.028471028699490475,3.8275029249520998
2024,4938,和碩,253714792.0,0.022018235341989836,2.1,26637766.0,1.17,1.72,0.011141129307282439,0.014513069375278664,96528903.0,88437775.0,109264099.0,294230777.0,1.61,1.3026569367426823,1.4700854700854702,-0.08382078060081133,0.2354912705571799,3.1681290587918958
2024,3419,譁裕,400698.0,-0.04694807560806393,-0.16,1204804.0,0.22,-0.27,0.0760471972970301,-0.08822217783967015,133112.0,97021.0,123960.0,354093.0,-0.51,-1.1600976890060288,-1.2272727272727273,-0.2711325800829377,0.2776615371929789,0.1600712357085189
2024,1474,弘裕,798632.0,0.0277737431007022,0.17,1298970.0,-0.18,-0.28,-0.040106816975896596,-0.049048444457314794,226583.0,277986.0,255691.0,760260.0,-0.01,1.2229453283912293,1.5555555555555558,0.22686167982593575,-0.08020188067024958,0.1987945512714985
2024,3714,富采,6606270.0,-0.04576228340652138,-0.41,7529405.0,-1.22,-0.88,-0.15607512473932608,-0.10801137756535038,2292505.0,2360264.0,2038647.0,6691416.0,0.01,0.6920473569747202,0.7213114754098361,0.029556751239364853,-0.13626314683442187,-0.281449753806786
2024,6115,鎰勝,1954608.0,0.08990958800946276,0.93,1876622.0,0.88,1.19,0.10623738720976085,0.12809983491935742,708758.0,645089.0,601207.0,1955054.0,0.8,1.2057886426219253,1.3522727272727273,-0.08983179025845212,-0.06802472217011912,1.1294295612610832
2024,2883,開發金,11823440.0,0.739104186260513,0.49,183908413.0,0.4,0.44,0.39318021357077,0.8195620675309274,16803204.0,-2258624.0,10037434.0,24582014.0,0.73,2.084443823069981,1.0999999999999999,-1.1344162696590483,-5.444048234677396,2.0592625535314304
2024,3437,榮創,529814.0,-0.023881966123960485,-0.09,1445480.0,-0.07,0.15,-0.022669204048238474,0.039070479646280264,178137.0,196230.0,135096.0,509463.0,-0.19,-1.723504696642239,-2.142857142857143,0.10156789437343172,-0.3115425775875248,0.1450718371203105
2024,2030,彰源,3408461.0,0.03403735586236721,0.41,2805260.0,-0.36,0.05,-0.029370990418730442,0.004274897930807832,1052792.0,1137370.0,931929.0,3122091.0,0.36,-0.14554830701526658,-0.1388888888888889,0.08033685666304446,-0.18062811574070003,-0.05513601978403024
2024,4919,新唐,8227916.0,-0.002593487828509674,-0.05,4197653.0,1.05,1.43,0.04945519027404565,0.06679919626015475,2628884.0,2619553.0,2708378.0,7956815.0,-0.25,1.350701430729533,1.3619047619047617,-0.00354941488479521,0.03390845690085298,-0.0664012568744232
2024,1110,東泥,604620.0,0.09808805530746585,0.1,5720008.0,0.12,0.1,0.1087842855587496,0.11283794364828564,274186.0,327212.0,289245.0,890643.0,0.35,1.037263268942892,0.8333333333333334,0.19339426520683034,-0.1160318081243964,0.15842077960611772
2024,1410,南染,54429.0,0.1209649267853534,0.11,630000.0,0.11,0.12,0.1143012583141749,0.14285714285714285,22416.0,23137.0,20499.0,66052.0,0.09,1.2498300103090523,1.0909090909090908,0.03216452533904346,-0.11401651035138527,0.15850969788243321
2024,9917,中保科,4340014.0,0.18178697119410214,1.78,4511971.0,1.46,1.48,0.1506071412513208,0.15297531301897707,1486076.0,1473856.0,1507922.0,4467854.0,1.64,1.0157241665168086,1.0136986301369864,-0.008222998016252148,0.023113519909679026,1.8283999995433653
2024,3045,台灣大,47743896.0,0.06770712637276187,1.07,37232618.0,1.08,1.04,0.06970233236017033,0.06803446551526601,15470631.0,15817811.0,15913075.0,47201517.0,1.38,0.9760715776871567,0.9629629629629629,0.02244123074230142,0.0060225779660663115,0.8378155767348069
2024,1810,和成,1263375.0,0.020675571386168004,0.09,3023037.0,0.03,-0.05,0.006463410982808509,-0.010991466160467296,398877.0,386280.0,373897.0,1159054.0,0.16,-1.7005674232541588,-1.6666666666666667,-0.03158116411826206,-0.03205705705705708,-0.134806732796636
2024,2506,太設,339594.0,-0.06078729306171487,-0.06,3870000.0,-0.24,0.2,-0.44456716478683983,0.2652741693396622,114816.0,70032.0,157094.0,341942.0,2.56,-0.5967021191654028,-0.8333333333333334,-0.39005016722408026,1.2431745487777017,0.03204880693178457
2024,3591,艾笛森,668680.0,0.0670290722019501,0.32,1436094.0,0.1,0.11,0.027384127170195217,0.028721401652495086,217439.0,226249.0,231507.0,675195.0,0.22,1.0488339275518468,1.0999999999999999,0.04051711054594631,0.023239881723234213,0.3305341111038165
2024,1789,神隆,762359.0,0.09822406504022384,0.09,7907392.0,0.08,0.03,0.07543770640123672,0.04657301224400687,246387.0,211846.0,265990.0,724223.0,0.04,0.6173704698323563,0.375,-0.14019002625950228,0.2555818849541649,0.05553960671531908
2024,2451,創見,2331950.0,0.30688522481185276,1.67,4298677.0,0.93,1.93,0.1617734535104595,0.303093573588109,788630.0,908747.0,819543.0,2516920.0,0.81,1.873568048471639,2.075268817204301,0.15231096965623925,-0.09816153450850462,3.366511086412195
2024,1526,日馳,212106.0,0.023912572015878854,0.09,600000.0,0.39,0.09,0.08740599435048975,0.021786454733932273,57713.0,40900.0,61627.0,160240.0,-0.51,0.24925584218595645,0.23076923076923075,-0.29132084625647603,0.5067726161369193,0.015918103464173848
2024,5534,長虹,2159774.0,0.17212958392868882,1.28,2903260.0,0.01,1.14,0.009437791168480108,0.1837328156702652,359274.0,557431.0,1579669.0,2496374.0,1.14,19.46777719387217,113.99999999999999,0.5515484003852213,1.8338377305890772,28.813472841239694
2024,3041,揚智,410004.0,-0.12614511077940704,-0.26,1951227.0,-1.45,-1.33,-0.854055503582105,-0.9024069836426816,138946.0,149410.0,140122.0,428478.0,-0.93,1.0566139786674043,0.9172413793103449,0.07530983259683621,-0.06216451375409948,-0.29268974465565667
2024,2034,允強,3538894.0,0.00835176187814611,0.07,4702256.0,0.46,-0.42,0.05378322652695545,-0.04620663302565959,1280117.0,1357518.0,1158954.0,3796589.0,0.0,-0.8591272039527311,-0.9130434782608695,0.0604640044620921,-0.1462698837142491,-0.05793258270159028
2024,8072,陞泰,218639.0,0.13175142586638247,0.36,800000.0,0.26,0.39,0.07534717448095696,0.0951903106821506,82987.0,80646.0,96249.0,259882.0,0.12,1.2633560758964988,1.5,-0.028209237591430014,0.1934751878580463,0.5407136220005896
2024,3094,聯傑,41930.0,0.08080133555926544,0.04,831171.0,0.24,0.13,0.29284089927746915,0.21618457740033628,17598.0,11549.0,14524.0,43671.0,0.01,0.7382321866027998,0.5416666666666667,-0.34373224230026145,0.25759806043813316,0.031341102534781805
2024,2450,神腦,7417089.0,0.012661705960384188,0.37,2582527.0,0.66,0.82,0.02399675863060643,0.027839124387891705,2412011.0,2639948.0,2761710.0,7813669.0,0.43,1.1601201985831773,1.2424242424242422,0.09450081280723843,0.046122878177903504,0.4444320304026157
2024,4976,佳凌,309149.0,0.02961678672743564,0.07,1406900.0,-0.33,-0.21,-0.18772356203651772,-0.13509991711944008,113699.0,112816.0,93126.0,319641.0,-0.2,0.7196748008284608,0.6363636363636364,-0.0077661193150335706,-0.17453198127925118,0.048425429946561654
2024,1614,三洋電,1534283.0,0.01276752724236663,0.07,2691134.0,0.42,0.39,0.06557840730626131,0.06602305843940849,663720.0,493835.0,453701.0,1611256.0,0.32,1.0067804503252205,0.9285714285714286,-0.2559588380642439,-0.08127005983780011,0.07696101582624776
2024,1325,恆大,77015.0,-0.07260923196779848,-0.07,852812.0,0.23,0.34,0.18763809745319224,0.29479453183752097,24924.0,23387.0,23142.0,71453.0,-0.22,1.5710803714105006,1.4782608695652175,-0.06166746910608245,-0.010475905417539622,-0.09557788381845818
2024,1323,永裕,791755.0,0.033063258204873984,0.29,912745.0,0.22,0.19,0.02381140751219501,0.020228560094737516,184175.0,193855.0,189504.0,567534.0,1.98,0.8495323127949267,0.8636363636363636,0.05255870775078053,-0.02244461066260861,0.1746497518730496
2024,6136,富爾特,121601.0,-0.008346970830831984,-0.01,1155364.0,0.0,1.01,-0.0022156629738950434,0.914985365242843,41869.0,40889.0,33245.0,116003.0,0.8,-412.9623394998278,inf,-0.02340633881869636,-0.18694514417080388,3.460905435777132
2024,6806,森崴能源,4249451.0,0.03302708985231269,0.63,2208509.0,0.35,0.56,0.03983285353572579,0.04496190502705161,985667.0,1404437.0,951759.0,3341863.0,0.78,1.1287643499285234,1.6000000000000003,0.4248595113765603,-0.32231990470202654,0.5641090420657748
2024,1597,直得,249958.0,0.07644084206146633,0.22,892619.0,0.5,0.29,0.15396638902293183,0.10280800796227708,84938.0,110720.0,84718.0,280376.0,0.15,0.6677302014725097,0.58,0.30353905201441056,-0.2348446531791908,0.16032497877208554
2024,2114,鑫永銓,362551.0,0.2591552636732487,1.2,779918.0,1.58,1.58,0.3107592570135015,0.3095976007877113,120842.0,121154.0,121761.0,363757.0,1.33,0.9962618773228058,1.0,0.0025818837821287577,0.005010152368060572,1.204192622020291
2024,3138,耀登,419242.0,0.10317668554200199,0.86,502934.0,0.91,1.55,0.1117093219539302,0.15606727193598566,161672.0,151091.0,158081.0,470844.0,1.04,1.3970836919084428,1.7032967032967032,-0.0654473254490574,0.04626351007009011,1.3494911469800288
2024,1452,宏益,447849.0,0.10717674930612774,0.36,1326414.0,0.04,0.26,0.017896466897981547,0.11789302750431341,157403.0,151258.0,154158.0,462819.0,0.05,6.587502895200504,6.5,-0.039039916647077844,0.01917253963426724,2.4635051940617547
2024,1906,寶隆,785922.0,-0.023761900035881422,-0.13,1510000.0,0.51,0.16,0.0852191477092937,0.030454566042632476,293690.0,218130.0,243791.0,755611.0,-0.19,0.35736764402433946,0.3137254901960784,-0.25727808233171034,0.11764085637005461,-0.04249303176031138
2024,4119,旭富,392716.0,0.15836635125637866,0.52,1195087.0,1.78,0.33,0.6372035833479712,0.13719657629077484,136512.0,150442.0,132340.0,419294.0,3.19,0.2153104280580497,0.1853932584269663,0.10204231129864039,-0.12032544103375387,0.11963192765718654
2024,2836,高雄銀,1136506.0,0.2586172004371292,0.15,18263271.0,0.2,0.18,0.246916279580467,0.22505069443736817,422672.0,383798.0,366876.0,1173346.0,0.14,0.9114453482765477,0.8999999999999999,-0.0919720255895825,-0.04409090198489829,0.15143824659574512
2024,1722,台肥,2918506.0,0.15442798472917307,0.46,9800000.0,2.65,0.62,0.43038167774390723,0.20717415582292764,933103.0,995648.0,1025790.0,2954541.0,0.75,0.4813730847208691,0.2339622641509434,0.06702904180996105,0.030273751365944568,0.22411542738346557
2024,1470,大統新創,186656.0,0.12554645979770274,0.28,857670.0,0.1,0.06,0.05714495992292355,0.03770473782565681,57859.0,71268.0,67423.0,196550.0,0.13,0.6598086318813158,0.6,0.2317530548402149,-0.053951282483021834,0.18983456544659924
2024,9919,康那香,664997.0,-0.11559149890901764,-0.4,1953628.0,-1.14,5.56,-0.3046870616187039,1.4363800883427986,255548.0,282089.0,278317.0,815954.0,-0.6,-4.7142798933166885,-4.87719298245614,0.10385915757509356,-0.013371666388976577,2.2759622987138655
2024,6239,力成,19586480.0,0.09334413330011314,2.45,7591466.0,1.8,2.1,0.07800408628427728,0.08526578528417655,6269673.0,6326365.0,5706214.0,18302252.0,2.28,1.0930938281032458,1.1666666666666667,0.009042257865761183,-0.09802643382100151,2.4599334003917006
2024,8104,錸寶,598770.0,0.03164487198757453,0.23,916517.0,-0.31,-2.41,-0.034771008249088194,-0.26465932070241677,190817.0,193845.0,211224.0,595886.0,0.32,7.611494001165669,7.774193548387097,0.015868607094755793,0.08965410508395877,1.5660149717415695
2024,1568,倉佑,260460.0,0.10546341088842817,0.27,1030865.0,0.52,2.21,0.20134472106123932,0.7411139300099387,74263.0,77661.0,90435.0,242359.0,0.29,3.680821260690156,4.25,0.045756298560521325,0.1644841039904199,0.912649245546372
2024,8463,潤泰材,1551901.0,0.014783159492776924,0.15,1500000.0,0.25,0.26,0.02882052974241262,0.027944255902953283,535368.0,615168.0,592900.0,1743436.0,0.43,0.9695954985112644,1.04,0.149056350024656,-0.03619824178110698,0.16659908175852148
2024,2430,燦坤,4732159.0,0.008119127020034618,0.33,1168000.0,0.42,0.43,0.009653693521452369,0.009705352188349661,1748332.0,1602579.0,1617732.0,4968643.0,0.17,1.0053511815744405,1.0238095238095237,-0.08336688912632151,0.009455384102749376,0.347233868866395
2024,8114,振樺電,3187853.0,0.07554551605735899,3.05,756408.0,1.8,2.2,0.053381118588419686,0.06549594529431522,1170262.0,1222483.0,1204691.0,3597436.0,3.51,1.2269496598470249,1.2222222222222223,0.04462334075617247,-0.014553985617795862,4.408312765972753
2024,6442,光聖,1441848.0,0.17162904827693348,3.35,756000.0,1.07,1.02,0.10155999496129357,0.10152233239265884,546113.0,533264.0,561522.0,1640899.0,3.45,0.9996291594081992,0.9532710280373832,-0.023528097664769043,0.05299063878304189,3.7238293037123857
2024,2524,京城,1294875.0,0.27208572256009267,0.95,3694196.0,-0.04,0.56,-0.02643896479183042,0.22820625130624642,333325.0,383975.0,535652.0,1252952.0,1.06,-8.631436711045572,-14.000000000000002,0.15195379884497107,0.3950179048115112,-7.9653221224594635
2024,1324,地球,205605.0,0.005539748546971134,0.02,751219.0,0.12,0.24,0.03875102239702069,0.07601478194105786,61973.0,61453.0,59058.0,182484.0,-0.03,1.9616200357826465,2.0,-0.008390750810836956,-0.03897287357818169,0.026397522533082928
2024,2636,台驊投控,6835492.0,0.05694571802585681,2.84,1433912.0,3.79,4.03,0.15179284454675962,0.14419202053391525,2671203.0,2615636.0,2341102.0,7627941.0,2.3,0.94992633522654,1.0633245382585752,-0.02080223779323398,-0.10495879396062757,2.8776357966122443
2024,3706,神達,13107649.0,0.08449326038559622,0.92,12065568.0,0.59,0.52,0.06922124201490049,0.05508020455794417,4807680.0,5076771.0,5265408.0,15149859.0,0.95,0.7957124569664276,0.8813559322033899,0.055971071285942475,0.03715688574489562,0.8441877485508912
2024,1612,宏泰,1827522.0,0.1552501146361029,0.9,3160801.0,0.55,0.38,0.1183517679843718,0.07429998142408807,557638.0,504488.0,475857.0,1537983.0,0.44,0.6277893663058696,0.6909090909090908,-0.0953127297637536,-0.05675258876326095,0.47424227541196157
2024,2338,光罩,1997876.0,-0.1225546530415301,-1.15,2564465.0,0.49,-0.43,0.0557494870522715,-0.04374335363835711,599687.0,557735.0,638494.0,1795916.0,-0.96,-0.7846413653518054,-0.8775510204081632,-0.06995649397102155,0.14479815683075303,0.6734265710934089
2024,1515,力山,1464973.0,0.0659547991669471,0.53,1814735.0,0.05,1.16,0.009122918238107677,0.09030942045736692,458369.0,604625.0,388591.0,1451585.0,0.05,9.899181172109175,23.199999999999996,0.3190791698391471,-0.3573024602026049,5.222457703254464
2024,6196,帆宣,15399089.0,0.024073307193691783,1.84,2013154.0,4.18,2.91,0.060061964277128094,0.042563222311654124,4910253.0,5418506.0,5283017.0,15611776.0,2.68,0.7086551834246689,0.6961722488038279,0.10350851575265052,-0.025004862964071672,1.3229579453429388
2024,6202,盛群,682586.0,-0.05004644103453631,-0.15,2261682.0,0.25,0.16,0.07842989317081213,0.05784401315414298,228709.0,218622.0,235964.0,683295.0,-0.32,0.7375250789665715,0.64,-0.044104079856936096,0.07932413023391982,-0.11151330633965618
2024,2542,興富發,10029550.0,0.06679063367748304,0.37,20705557.0,0.32,0.41,0.06957184050013827,0.044271521648997204,2922687.0,3524758.0,3050875.0,9498320.0,0.83,0.6363425393196147,1.28125,0.20599913709541928,-0.13444412353982882,0.19496937501386472
2024,2233,宇隆,939751.0,0.1929745219744379,3.01,602881.0,2.24,2.58,0.17021447930323794,0.17311204133180763,351333.0,303064.0,309600.0,963997.0,3.11,1.0170230055658642,1.1517857142857142,-0.13738817589011,0.02156640181611813,3.138158219240528
2024,1220,台榮,812847.0,0.09254263102404266,0.43,1770779.0,0.2,0.23,0.042161216104781574,0.04648596048410211,267181.0,294205.0,273209.0,834595.0,0.34,1.1025763670709219,1.15,0.10114491674183412,-0.07136520453425332,0.48090792896325596
2024,2022,聚亨,1978688.0,-0.01979291328395381,-0.11,3371682.0,-0.06,-0.06,-0.012675528345777396,-0.016062719260717034,635381.0,593804.0,689236.0,1918421.0,-0.19,1.267222858293557,1.0,-0.0654363287539288,0.16071296252635547,-0.14271184883653637
2024,1464,得力,2775805.0,0.03701052487476606,0.25,4076396.0,-0.1,0.08,-0.017127136642140724,0.01307309336105064,924774.0,1123341.0,1166847.0,3214962.0,0.28,-0.7632970784436173,-0.7999999999999999,0.2147194882209058,0.03872911253127942,-0.22280160835477053
2024,8478,東哥遊艇,1709326.0,0.3050143740866283,5.92,888863.0,5.68,4.84,0.34412237837361376,0.25823470126581355,27170.0,277542.0,632859.0,937571.0,1.5,0.7504153100599812,0.852112676056338,9.215016562384983,1.2802278574053658,2.414300528944461
2024,1527,鑽全,754837.0,0.16958495675225246,0.93,1385706.0,0.63,1.11,0.14287627209426887,0.21789258339769496,309026.0,292562.0,234529.0,836117.0,0.85,1.525043873302705,1.761904761904762,-0.0532770705377541,-0.19836137297393375,1.5605066333021234
2024,1234,黑松,2279220.0,0.10955677819604953,0.62,4018711.0,0.51,0.94,0.08863421543930373,0.1214104744608545,993979.0,1119093.0,944042.0,3057114.0,0.91,1.369792397429137,1.8431372549019607,0.125871874556706,-0.15642220977166332,1.1416128852015388
2024,8103,瀚荃,802655.0,0.14204608455687687,1.41,868020.0,0.84,1.4,0.08767018150936032,0.13480125362535889,301710.0,299303.0,282174.0,883187.0,0.57,1.5375952382506075,1.6666666666666665,-0.00797785953398955,-0.05722963017410454,2.222256721549333
2024,2247,汎德永業,15749664.0,0.03475077309585779,6.79,807087.0,6.73,5.52,0.035636362205519634,0.033846202284912405,5285419.0,3567886.0,5481869.0,14335174.0,6.22,0.9497659185782449,0.8202080237741455,-0.324956829345034,0.5364473528582472,5.862241002442748
2024,2476,鉅祥,1648461.0,0.1768619336459886,1.41,2072921.0,1.26,1.29,0.1666948707029879,0.16709002076429466,648563.0,607658.0,605687.0,1861908.0,1.36,1.0023704992219635,1.0238095238095237,-0.06307020289470722,-0.0032436008412627393,1.592348459413261
2024,6515,穎崴,1255666.0,0.1784885471136433,6.52,347691.0,3.96,3.7,0.1334772104882118,0.12875776750915438,593965.0,625010.0,711340.0,1930315.0,11.75,0.9646423313628193,0.9343434343434344,0.052267389492646865,0.13812578998736025,9.558976786585553
2024,2393,億光,5555800.0,0.1475220490298427,1.85,4433931.0,1.05,0.91,0.10544967326940655,0.08963205001339328,1835008.0,1924804.0,1753651.0,5513463.0,1.25,0.8499983663713984,0.8666666666666667,0.0489349365234375,-0.0889197029931359,1.5592313602418375
2024,3229,晟鈦,247639.0,0.06727131025403915,0.26,642630.0,-0.24,0.01,-0.06656532805429864,0.0014116343688296835,84220.0,75927.0,65115.0,225262.0,-0.19,-0.021206751473953313,-0.04166666666666667,-0.09846829731655193,-0.14239993678138207,-0.005000701979132692
2024,2377,微星,46672024.0,0.04515210225294707,2.49,8448562.0,2.34,2.78,0.04793054387008788,0.04803319600944181,15853346.0,16422915.0,19810278.0,52086539.0,2.05,1.002141685260909,1.188034188034188,0.035927368266610804,0.20625832868281901,2.7896505774209563
2024,1108,幸福,1217113.0,0.10896605327525054,0.33,4047380.0,0.38,0.47,0.11469562244536755,0.1487630330861595,344972.0,382273.0,417664.0,1144909.0,0.27,1.2970245063800856,1.2368421052631577,0.10812761615435451,0.09258043335522004,0.39979410950803984
2024,9925,新保,1951402.0,0.17472104671410607,0.88,3874896.0,0.97,0.51,0.1844480863207325,0.10338361254566067,662620.0,669077.0,648220.0,1979917.0,0.46,0.5605024948097824,0.5257731958762887,0.009744650025655721,-0.031172794760543243,0.5003912496880724
2024,3617,碩天,3261764.0,0.18937237641963062,6.77,917336.0,5.81,5.12,0.15766863235810874,0.14873987736795163,1183043.0,1327602.0,931443.0,3442088.0,5.33,0.9433701246936839,0.8812392426850258,0.12219251540307496,-0.29840193069911014,6.703355926688699
2024,6281,全國電,5537831.0,0.025873848443551273,1.45,991729.0,1.77,1.23,0.02984656298701188,0.022375071937208352,2152981.0,1841988.0,1521664.0,5516633.0,1.24,0.749669968597227,0.6949152542372882,-0.1444476286599835,-0.17390124148474362,1.0789770903600122
2024,1305,華夏,3075862.0,0.030689283199311284,0.16,5810505.0,0.0,0.25,0.00020688926274666904,0.043796544339091185,997410.0,643628.0,921273.0,2562311.0,-0.71,211.69075551648618,inf,-0.35470067474759626,0.4313749557197637,28.648810815889153
2024,2910,統領,201722.0,0.2795976641119957,0.32,1754030.0,0.23,0.26,0.2128541922158394,0.3754721939362087,38648.0,39474.0,47654.0,125776.0,0.22,1.763987779744881,1.1304347826086956,0.021372386669426646,0.20722500886659567,0.3536632005600365
2024,2029,盛餘,3308011.0,0.04693847753226939,0.48,3211800.0,0.21,0.68,0.022714511574535683,0.0703885213205811,1097211.0,1192771.0,1066034.0,3356016.0,0.26,3.098834905148954,3.2380952380952386,0.08709354900743804,-0.10625426003817995,1.5198578365514372
2024,2427,三商電,823102.0,0.07207855162543646,0.3,1968181.0,0.25,0.33,0.05880451461642118,0.06164279630240336,272653.0,235686.0,527869.0,1036208.0,0.18,1.0482663908459435,1.32,-0.13558259032543196,1.2397130079852006,0.3977952737514049
2024,3021,鴻名,885979.0,0.04094115097536172,0.37,958900.0,0.53,0.1,0.07397979131008957,0.013008795624396366,311152.0,376542.0,311511.0,999205.0,0.48,0.17584255637961216,0.18867924528301888,0.21015452254846512,-0.17270583361218672,0.07501797150167477
2024,8454,富邦媒,26656946.0,0.028820068135337034,3.2,2523574.0,3.85,2.4,0.03215571705239673,0.029910018773922294,8545584.0,8762069.0,8245284.0,25552937.0,2.31,0.9301617726385903,0.6233766233766234,0.02533296729632517,-0.05897979118858798,2.714427648403054
2024,4426,利勤,236434.0,-0.2391957163521321,-0.33,1726773.0,-0.07,0.12,-0.04153880583993658,0.059374382985925026,75303.0,88843.0,67684.0,231830.0,-0.61,-1.4293714464184433,-1.714285714285714,0.17980691340318455,-0.23816170097812994,0.4590213499873314
2024,1616,億泰,1129217.0,-0.01040189795229792,-0.06,1941485.0,0.33,0.18,0.060263741575355016,0.03609921710709671,354641.0,355497.0,487542.0,1197680.0,0.42,0.5990205082430454,0.5454545454545454,0.002413708510860202,0.3714377336517607,-0.03843802261276194
2024,6606,建德工業,204697.0,0.19661743943487203,0.37,1103038.0,0.28,0.28,0.13974901264284545,0.13618797614884395,62933.0,51846.0,58037.0,172816.0,0.16,0.974518342372104,1.0,-0.17617148395913118,0.11941133356478795,0.30019643346089114
2024,2497,怡利電,1130802.0,0.07845847460474956,0.72,1227985.0,0.37,0.79,0.052518533510060215,0.08909021306842839,414211.0,489824.0,444427.0,1348462.0,0.84,1.6963575925318377,2.135135135135135,0.18254705934897908,-0.09268022800026132,1.4615137910940932
2024,1456,怡華,258169.0,-0.16149111628429438,-0.44,937200.0,1.31,-0.12,0.13305098878346389,-0.028018145846239934,44361.0,163433.0,97066.0,304860.0,-0.17,-0.21058201898701065,-0.09160305343511449,2.6841595094790467,-0.4060807792795824,0.11062112914764967
2024,3588,通嘉,378685.0,0.11804270039742794,0.75,600641.0,-0.22,0.43,-0.049709695378986715,0.07441307720701877,138588.0,149374.0,140750.0,428712.0,0.78,-1.4969529915581552,-1.9545454545454546,0.07782780615926344,-0.05773427771901407,-1.2612406640289626
2024,3004,豐達科,866323.0,0.10877467180254939,1.73,546222.0,1.09,1.62,0.08080459625047152,0.10857063299839828,305139.0,278993.0,284080.0,868212.0,1.3,1.3436195221105969,1.4862385321100917,-0.08568554003257534,0.01823343238002395,2.323061369642886
2024,2528,皇普,693.0,-234.6161616161616,-0.42,4085306.0,-0.06,-0.09,-0.7121108617156241,-572.2539682539683,381.0,381.0,22939.0,23701.0,-0.27,803.6023588732922,1.5,0.0,59.20734908136483,-10938.082800991217
2024,1437,勤益控,191646.0,1.13304217150371,1.06,2033713.0,0.63,1.0,0.7645774793693987,0.6041453161274131,135086.0,67733.0,66233.0,269052.0,0.88,0.7901688611410509,1.5873015873015872,-0.4985934885924522,-0.02214577827646791,1.184438581526605
2024,4960,誠美材,2512817.0,-0.0028223304761150533,-0.02,5721849.0,-0.31,0.05,-0.06933353471381765,0.014204987198692003,811658.0,803448.0,714922.0,2330028.0,-0.4,-0.20487902798154983,-0.16129032258064518,-0.010115097738209955,-0.11018261293823617,0.00235467036426481
2024,2342,茂矽,475641.0,0.06045105447175496,0.18,1574517.0,0.02,-0.05,0.008535850031763806,-0.01741409520817893,175512.0,174501.0,175364.0,525377.0,0.2,-2.040112600781081,-2.5,-0.005760289894708004,0.0049455303981065235,-0.4115112583177823
2024,6579,研揚,1919052.0,0.12268557600315155,1.97,1689872.0,2.77,2.33,0.15576984432694066,0.13520678350928234,592884.0,545879.0,595341.0,1734104.0,-0.21,0.8679907468193964,0.8411552346570398,-0.07928195060079202,0.09060982378878846,1.09277293861062
2024,2312,金寶,40074894.0,0.011279880116463938,0.3,15028592.0,0.09,0.24,0.003259497031993108,0.008982204899963434,13635218.0,13767941.0,18544764.0,45947923.0,0.35,2.755702739349028,2.6666666666666665,0.009733837772157417,0.34695260533147265,0.9503518888462157
2024,6205,詮欣,409119.0,0.1993869754276873,0.99,822359.0,0.23,0.45,0.0644324600131813,0.13859192692652889,130514.0,96364.0,116974.0,343852.0,0.61,2.150964388107739,1.9565217391304348,-0.2616577531912285,0.21387655140924,1.7932469902263688
2024,2373,震旦行,2921189.0,0.08293506513957159,1.08,2362025.0,1.33,1.41,0.10303367739985884,0.1127886529215188,968251.0,854905.0,989382.0,2812538.0,1.29,1.0946775439626628,1.0601503759398494,-0.11706262115918287,0.15730051877109164,1.0810313984507236
2024,1457,宜進,750205.0,0.07395711838764071,0.25,3167300.0,-0.19,0.25,-0.05735888374964855,0.06455404914400519,283771.0,338734.0,300639.0,923144.0,0.65,-1.1254411683770036,-1.3157894736842106,0.19368786803443627,-0.11246287647534647,-0.24259566122082815
2024,9938,百和,3721560.0,0.09378889497952471,1.17,2979639.0,0.25,0.85,0.026583657139184997,0.07126908611440094,1316174.0,1565866.0,1437236.0,4319276.0,1.53,2.680936100749978,3.4,0.18971047900961424,-0.08214623728978088,3.6448963937421177
2024,2612,中航,1127592.0,0.16261023490766163,0.93,1974846.0,0.25,0.33,0.05165401301518438,0.06192844521784409,428301.0,409008.0,381290.0,1218599.0,0.59,1.198908692721307,1.32,-0.045045423662330886,-0.06776884559715213,1.2029887584246124
2024,2439,美律,10294178.0,0.04775767428929245,2.24,2363498.0,1.7,1.96,0.043386973185578714,0.04460405433904983,3807765.0,4503841.0,4548840.0,12860446.0,2.63,1.0280517644838993,1.1529411764705881,0.18280434848264004,0.009991249691096993,2.671523157658908
2024,2106,建大,9121735.0,0.046639043997660536,0.44,9548900.0,0.43,0.45,0.04450837160786824,0.048021236868486444,2908217.0,3053842.0,2848764.0,8810823.0,0.19,1.0789259443496961,1.0465116279069768,0.050073636183269654,-0.06715409638088676,0.4643061196035268
2024,1615,大山,1418724.0,0.12892359613286306,1.12,1872988.0,0.58,0.94,0.08653082398821965,0.12025340586044377,538131.0,664055.0,481466.0,1683652.0,0.88,1.3897175632675718,1.620689655172414,0.2340025012496958,-0.2749606583792005,1.6105577160512776
2024,2316,楠梓電,743874.0,0.23664088273013978,0.97,1827405.0,0.02,0.68,0.003205527467665517,0.13910594781984326,282396.0,331646.0,242331.0,856373.0,1.04,43.39564992751401,34.0,0.17440048725902635,-0.2693082383022861,48.12426739049913
2024,2537,聯上發,904296.0,0.14399267496483453,0.44,3005579.0,-0.07,-0.01,-0.139686244585587,-0.029982561036372694,274720.0,619.0,501.0,275840.0,0.08,0.21464218703368543,0.14285714285714285,-0.9977467967384974,-0.19063004846526654,0.028365117113363567
2024,8422,可寧衛,1450021.0,0.1887607144999969,2.51,1091875.0,2.83,1.36,0.24790040652858367,0.21916002186046718,357500.0,447422.0,337460.0,1142382.0,2.6,0.8840647941220595,0.480565371024735,0.25153006993007,-0.2457679774351731,1.7459593892689895
2024,3686,達能,23351.0,-0.11267183418269025,-0.04,764951.0,-0.14,-0.04,-1.9606688200646019,-0.25314947225059586,6335.0,4192.0,5353.0,15880.0,0.06,0.12911383588088826,0.2857142857142857,-0.3382794001578532,0.2769561068702291,-0.0030199866944177196
2024,2327,國巨,31417937.0,0.1735540115189613,13.02,5075317.0,8.92,11.61,0.13939585996859383,0.17705666680476548,11005022.0,10317720.0,10415225.0,31737967.0,7.02,1.2701716309555873,1.3015695067264574,-0.06245348714432375,0.009450246759943104,13.785197612594526
2024,2608,嘉里大榮,3087132.0,0.08304601163798632,0.55,4670005.0,1.8,0.61,0.28851051000638944,0.09168540607007662,1078104.0,1106885.0,1053658.0,3238647.0,0.57,0.31778879066847904,0.33888888888888885,0.026695940280343944,-0.04808719966392172,0.18302213737216255
2024,2706,第一店,83094.0,1.2713794016415145,0.21,4999984.0,0.16,0.25,0.7396626120419496,1.2091977409724468,39216.0,29027.0,28903.0,97146.0,0.28,1.6347963534810486,1.5625,-0.25981742146062836,-0.004271884796913206,0.40382680207812377
2024,2383,台光電,15449067.0,0.1576707512498975,7.07,3445601.0,3.01,6.05,0.10895995684741243,0.17031713585269814,5781766.0,5741209.0,5940565.0,17463540.0,7.31,1.563116770422462,2.009966777408638,-0.007014638779916038,0.03472369669872677,12.491363828091426
2024,1605,華新,48313810.0,0.04650339105940931,0.55,40313329.0,0.27,0.41,0.020643877803610173,0.03526772934786636,15032496.0,14164800.0,14503449.0,43700745.0,0.07,1.708386848797312,1.5185185185185184,-0.057721352462026254,0.02390778549644179,0.8612138798685394
2024,1783,和康生,174017.0,0.3432595665940684,0.67,890701.0,0.74,0.41,0.3647868288487529,0.2594667151737159,55955.0,54937.0,63049.0,173941.0,0.56,0.7112831238797149,0.5540540540540541,-0.01819319095701899,0.14766004696288482,0.47679882562956627
2024,6201,亞弘電,841015.0,0.1393768244323823,1.31,892000.0,1.25,1.52,0.13944211187681382,0.142337442349947,328377.0,311406.0,285978.0,925761.0,1.23,1.0207636734280887,1.216,-0.05168145150238901,-0.08165545943238084,1.4765555765608842
2024,9940,信義房屋,4285552.0,0.1583175282904046,0.92,7368465.0,0.69,0.47,0.1466398353806363,0.11415592238181287,1259265.0,862597.0,836239.0,2958101.0,0.55,0.778478249689082,0.6811594202898551,-0.31499962279583726,-0.030556563493728817,0.49477922644736727
2024,3311,閎暉,593207.0,0.045680512873246606,0.39,680000.0,0.55,0.52,0.07429013796344937,0.0623308663336305,211114.0,214164.0,224747.0,650025.0,-0.55,0.8390193912992487,0.9454545454545454,0.014447170722927005,0.049415401281261095,0.36637355351837336
2024,2471,資通,204076.0,0.2103040043905212,0.9,472539.0,1.75,0.87,0.42353285000871627,0.22328454645667573,75780.0,75586.0,73724.0,225090.0,0.7,0.527195343766323,0.49714285714285716,-0.002560042227500614,-0.024634191516947568,0.528126124860414
2024,9935,慶豐富,1288214.0,0.07492621567534587,0.56,1738389.0,0.12,0.49,0.020074850711356944,0.06378805934531658,529483.0,516826.0,518156.0,1564465.0,0.65,3.1775110192590255,4.083333333333333,-0.02390445019009113,0.0025733999450492373,2.14259333582497
2024,4746,台耀,1214512.0,0.23378031670333435,2.36,1202560.0,0.69,-0.95,0.07670750937959435,-0.1014447063741005,327566.0,338086.0,365234.0,1030886.0,0.19,-1.3224872922426902,-1.3768115942028987,0.032115665239982105,0.08029909549641223,-2.6503506594629203
2024,2515,中工,5207155.0,0.028894281042142974,0.1,15308998.0,0.11,0.1,0.03468871634666765,0.030548373054957664,1807551.0,2364289.0,2186725.0,6358565.0,0.16,0.8806429373075454,0.9090909090909092,0.30800680036137296,-0.07510249381526535,0.10568761511619519
2024,1109,信大,1376035.0,0.13783443008353713,0.55,3411589.0,0.6,0.34,0.12074001373452287,0.07299391790488059,382035.0,359275.0,317761.0,1059071.0,0.18,0.6045544939673105,0.5666666666666668,-0.05957569332652768,-0.11554937025955048,0.25867921801903393
2024,6592,和潤企業,7684197.0,0.13328861818612928,1.55,7231505.0,1.42,1.77,0.12815057351727155,0.1339762001641708,2603202.0,2453253.0,2124058.0,7180513.0,1.17,1.0454592319566491,1.2464788732394367,-0.057601753532764643,-0.1341871384647242,1.3836522372084183
2024,3338,泰碩,1013314.0,0.07333659655348687,0.85,879081.0,0.74,0.98,0.0756182356252099,0.08223779524839339,322140.0,312635.0,294746.0,929521.0,0.47,1.087539196973496,1.3243243243243243,-0.029505804929533697,-0.057220080925040384,0.8433269558215628
2024,1101,台泥,38968848.0,0.05817649523537365,0.25,77511817.0,0.44,0.18,0.12801322902987475,0.04617548591151129,14429687.0,13004435.0,13325249.0,40759371.0,0.42,0.36070870379134967,0.40909090909090906,-0.09877220483022253,0.024669583876577583,0.11034781340531621
2024,3027,盛達,436616.0,-0.04689704454257288,-0.17,1155464.0,0.31,0.95,0.052910822615058424,0.2231533839051682,167260.0,209228.0,161301.0,537789.0,-0.48,4.217537601497406,3.064516129032258,0.2509147435130934,-0.2290658994016097,-0.9205766041278075
2024,6235,華孚,1662596.0,0.12133915876135874,1.04,1941702.0,1.17,1.03,0.15632833368293486,0.1378863499844484,480274.0,468074.0,419239.0,1367587.0,0.65,0.8820304466630439,0.8803418803418804,-0.02540216626342462,-0.10433179369074119,0.7538014044761645
2024,6405,悅城,43473.0,-0.24116118050284086,-0.16,658000.0,-0.16,-0.19,-0.18843549536707058,-0.2662028560966679,17211.0,6722.0,6959.0,30892.0,-0.51,1.4127001687134753,1.1875,-0.6094358259252803,0.03525736387979772,-0.15994752736059592
2024,3708,上緯投控,1927104.0,0.040593553850752216,0.76,1065164.0,7.11,5.65,0.4030590867084585,0.28731302140761855,639435.0,805757.0,661836.0,2107028.0,0.45,0.7128310237437677,0.7946554149085795,0.26010775137426,-0.1786158854344424,0.5723971912497142
2024,4737,華廣,474785.0,-0.07544046252514296,-0.59,610146.0,0.17,-0.17,0.02473187750355343,-0.023796754966575875,159235.0,166956.0,162080.0,488271.0,-0.88,-0.962189585613013,-1.0,0.048488083649951275,-0.029205299599894596,0.5808876681101438
2024,3607,谷崧,779844.0,0.045870712604059276,0.29,1216622.0,-0.3,0.26,-0.060968111937116355,0.046278560222570854,292860.0,288114.0,270302.0,851276.0,-0.17,-0.7590617250916909,-0.8666666666666667,-0.016205695554189714,-0.06182275071673016,-0.24362805841434582
2024,2707,晶華,1388047.0,0.21277305451472464,2.32,1274032.0,2.7,2.3,0.2150340562852909,0.180341947978414,446706.0,482387.0,521415.0,1450508.0,1.74,0.8386669120874042,0.8518518518518517,0.07987580198161659,0.08090599456453007,2.031636138681819
2024,1528,恩德,975740.0,0.00916842601512698,0.05,1913310.0,0.1,0.08,0.01972529272430998,0.01713059323049937,302645.0,308799.0,342583.0,954027.0,-0.34,0.8684582515415433,0.7999999999999999,0.02033405475061545,0.10940449936690211,0.03970260977435948
2024,2107,厚生,471299.0,0.5042552604609812,0.79,3035934.0,0.75,0.65,0.6030938733041779,0.6978178879310345,112650.0,106158.0,162631.0,381439.0,0.65,1.1570634669324213,0.8666666666666667,-0.05762982689747009,0.5319712127206617,0.7330614611236557
2024,2069,運錩,2836271.0,0.04560354070538394,0.78,1663868.0,-0.57,-0.29,-0.030047308569644562,-0.015890328457635685,905923.0,1020667.0,748591.0,2675181.0,0.59,0.5288436540266027,0.5087719298245614,0.12665977130506678,-0.26656686264962026,0.38775746035096925
2024,2492,華新科,8891190.0,0.11245929959881636,2.07,4858048.0,1.74,2.18,0.10236845263842606,0.12196969566205514,3128959.0,3076398.0,3182121.0,9387478.0,0.91,1.191477379196717,1.252873563218391,-0.01679823864742236,0.034365839530515974,2.5892161457802096
2024,2208,台船,3952065.0,-0.05667847062232023,-0.17,12745394.0,-1.03,-1.0,-0.17170419489754812,-0.16863073139853282,1391525.0,1221334.0,933903.0,3546762.0,-0.55,0.9821002422168593,0.970873786407767,-0.12230538438044591,-0.23534184752082554,-0.15490046537032487
2024,9902,台火,20894.0,1.0247439456303244,0.22,980496.0,0.07,0.01,0.27382890900140117,0.02261371916311023,3647.0,2390.0,2394.0,8431.0,0.07,0.08258338845806276,0.14285714285714285,-0.344666849465314,0.0016736401673640433,0.007276814808386818
2024,1516,川飛,252451.0,0.041726909380434225,0.27,400083.0,-0.03,0.2,-0.026933426350408612,0.040608435343019486,42735.0,3853.0,3929.0,50517.0,-0.38,-1.5077337288875394,-6.666666666666667,-0.9098397098397099,0.019724889696340453,-0.07943800387071585
2024,6796,晉弘,122532.0,0.019390853001664873,0.07,347102.0,0.86,0.5,0.2004538046532539,0.13619058512115814,37739.0,32335.0,34060.0,104134.0,-0.65,0.6794113255008623,0.5813953488372093,-0.14319404329738472,0.05334776557909393,0.03952438590201109
2024,2330,台積電,673510177.0,0.3679907690541104,9.55,259336292.0,7.01,8.14,0.37808532335289186,0.38592883984463944,256953058.0,250866368.0,251872717.0,759692143.0,12.55,1.0207453609206267,1.1611982881597718,-0.0236879453678267,0.004011494278898242,11.003445007157541
2024,2482,連宇,160677.0,0.0008153002607716102,0.01,778827.0,1.24,0.07,0.20836665323093437,0.02339248017344668,55615.0,53067.0,51935.0,160617.0,-0.06,0.1122659495208219,0.05645161290322581,-0.04581497797356826,-0.021331524299470495,0.00018876268490630738
2024,6278,台表科,11502393.0,0.07467793875587454,2.94,2923984.0,2.16,3.13,0.05185856334694121,0.07167559111381244,3741938.0,3702103.0,3564916.0,11008957.0,2.26,1.38213607334805,1.449074074074074,-0.010645553186610757,-0.03705650545109096,3.8861030047519955
2024,6189,豐藝,9570257.0,0.039896734225632606,1.76,2175276.0,1.13,1.91,0.035813059683387855,0.04831204538835056,3123143.0,2868868.0,2930003.0,8922014.0,1.31,1.3490063629151587,1.690265486725664,-0.08141638087016834,0.021309798847489736,2.2074957591255715
2024,4540,全球傳動,579193.0,-0.15279708145644025,-0.93,951588.0,-0.33,0.3,-0.0414823700599656,0.04455079365079365,151009.0,172148.0,172404.0,495561.0,-0.9,-1.073969341346515,-0.9090909090909091,0.13998503400459583,0.0014870925018006798,0.8545846870049516
2024,8374,羅昇,766564.0,0.00717748289770978,0.05,1122505.0,0.02,-0.16,0.0020416604331488213,-0.02252047840633773,248127.0,399895.0,347776.0,995798.0,0.15,-11.030472080807652,-8.0,0.6116545156311082,-0.13033171207441951,-0.7023429567602401
2024,6243,迅杰,187375.0,0.06915543695797198,0.29,452688.0,0.66,0.8,0.11694045503306275,0.1539133230229204,48695.0,62481.0,63616.0,174792.0,-0.16,1.3161683266873236,1.2121212121212122,0.28310914878324267,0.018165522318784877,0.35144739984689055
2024,2855,統一證,3600361.0,0.3732934003006921,0.92,14558313.0,0.81,0.56,0.4087572148560381,0.3138869058270983,1063233.0,906108.0,691391.0,2660732.0,0.37,0.7679054813445859,0.6913580246913581,-0.14778040184982977,-0.236966233605707,0.5238997122011789
2024,3164,景岳,94186.0,0.15578748433949843,0.17,865114.0,0.03,0.28,0.03283256189512231,0.3127070810251575,29317.0,29379.0,25123.0,83819.0,0.07,9.52429731265089,9.333333333333334,0.002114813930484072,-0.14486538003335714,1.437588676697707
2024,1762,中化生,461158.0,0.04570450908365463,0.27,775600.0,0.38,0.16,0.05623422187861508,0.03490196541065994,68710.0,155812.0,123658.0,348180.0,-0.1,0.6206534783391848,0.42105263157894735,1.267675738611556,-0.20636407978846305,0.12734276125160032
2024,6792,詠業,308250.0,0.07111111111111111,0.46,478753.0,1.11,1.61,0.14368013186788872,0.18286180776097422,110591.0,117609.0,98894.0,327094.0,0.34,1.2727007233617542,1.4504504504504505,0.06345905182157674,-0.1591289782244556,0.618336416715614
2024,2356,英業達,154158798.0,0.011746348722828003,0.51,35874751.0,0.38,0.53,0.010640678660588168,0.013789051033499354,55533420.0,52028078.0,56253892.0,163815390.0,0.56,1.2958807866806832,1.3947368421052633,-0.06312130605318378,0.08122179719958145,0.6950783243854454
2024,2495,普安,321281.0,0.482895035809774,0.57,2735515.0,0.06,0.56,0.06268019893630787,0.4065716057036578,110294.0,108277.0,82521.0,301092.0,0.67,6.4864440860628605,9.333333333333334,-0.018287486173318546,-0.23787138542811492,3.447621144121571
2024,1446,宏和,745226.0,0.3788931143035804,2.05,1377095.0,-0.05,-0.05,-0.16680227827502034,-0.2590074517938081,584157.0,623695.0,385413.0,1593265.0,4.87,1.5527812597784885,1.0,0.06768385896257345,-0.38204891814107855,6.806927237930813
2024,6670,復盛應用,6142405.0,0.12122808574165982,5.56,1348273.0,3.93,3.55,0.1033990172135929,0.09000227165859975,2114535.0,2581090.0,2333930.0,7029555.0,6.09,0.8704364324148334,0.9033078880407124,0.22064189053385252,-0.09575799371583327,5.501616367802348
2024,1598,岱宇,1499287.0,-0.07081232612568508,-0.71,1671420.0,-0.28,0.26,-0.02473633710443898,0.01497241307672401,458429.0,556399.0,571519.0,1586347.0,-0.81,-0.6052801194254902,-0.9285714285714285,0.21370812055956323,0.0271747433047147,0.40679711805763646
2024,2511,太子,2184480.0,-0.03449653922214898,-0.05,16233261.0,0.08,0.06,0.06319772545750485,0.044032759575457006,723352.0,613333.0,623480.0,1960165.0,0.07,0.6967459549642389,0.75,-0.15209607494000155,0.01654403073045141,-0.02902263518620816
2024,2501,國建,4341563.0,0.07867903794094432,0.3,11595611.0,0.36,0.21,0.10640533725583279,0.0905147922054113,1084232.0,923599.0,1081604.0,3089435.0,0.07,0.8506602632890915,0.5833333333333334,-0.14815371617882522,0.17107532598021447,0.1783202284322539
2024,3042,晶技,2922726.0,0.17697656229150457,1.67,3105907.0,1.35,1.94,0.17338757710467687,0.19386794516375208,1163477.0,1204936.0,1299860.0,3668273.0,1.53,1.1181190048391465,1.437037037037037,0.03563370827270318,0.07877928786259192,2.337098334082802
2024,2520,冠德,10344329.0,0.23031576045193458,4.4,5541701.0,0.36,1.43,0.043932582018464776,0.155628056823355,2665365.0,1996216.0,2342031.0,7003612.0,2.51,3.5424290964265395,3.9722222222222223,-0.25105342045085755,0.17323526111402776,10.31107182968743
2024,1477,聚陽,7694161.0,0.11164180214061026,3.55,2466937.0,3.33,5.47,0.11137044343335446,0.14266504516576023,3063423.0,4110109.0,3291362.0,10464894.0,4.58,1.280995574477827,1.6426426426426426,0.3416720446376489,-0.1992032328096408,6.066682163651326
2024,2905,三商,47169468.0,0.028103793750652434,1.24,11224957.0,-0.58,1.28,-0.012314920902322505,0.01858151304353114,21088997.0,-1899845.0,10777230.0,29966382.0,-0.94,-1.5088617451068487,-2.2068965517241383,-1.0900870250017105,-6.672689087794004,-1.1320458652596752
2024,1201,味全,5905868.0,0.01750428556818405,0.2,5060629.0,0.07,0.13,0.00690933059937113,0.01040038869037266,2154021.0,2217179.0,2134895.0,6506095.0,0.28,1.505267194960866,1.857142857142857,0.029320976907838858,-0.037112023882600376,0.33874577512235143
2024,4766,南寶,5783181.0,0.11626231307648853,5.57,1205707.0,3.78,5.35,0.08983406611781601,0.11823557963764598,2090507.0,2021020.0,1976467.0,6087994.0,5.48,1.316155271014693,1.4153439153439153,-0.033239305106368966,-0.022044809056812942,7.726423695672617
2024,3712,永崴投控,5913408.0,0.04237725521391387,1.02,2462421.0,0.06,1.13,0.004992383343588115,0.06584640885236688,1612409.0,1960636.0,1762220.0,5335265.0,1.57,13.189373555805892,18.833333333333332,0.21596691658257927,-0.10119981475398798,12.11018232968711
2024,9912,偉聯,128590.0,-0.061847733105218135,-0.12,546566.0,-0.15,-0.08,-0.06144161360515814,-0.02966524269532471,46579.0,47986.0,38313.0,132878.0,-0.2,0.48282004580742743,0.5333333333333333,0.030206745529101076,-0.2015796273913225,-0.07259714631582592
2024,6414,樺漢,36321094.0,0.013948561130895452,3.69,1370771.0,5.15,6.12,0.020019862861796904,0.025452576579972994,11759368.0,13068467.0,12884375.0,37712210.0,5.03,1.2713661804618612,1.1883495145631067,0.11132392489120169,-0.014086732590746887,4.878846341982041
2024,3576,聯合再生,1369596.0,-0.6146907555220663,-0.52,16277954.0,-0.25,-0.84,-0.13688619236690705,-0.519945225664711,444595.0,462520.0,427365.0,1334480.0,-0.49,3.798375984270642,3.36,0.0403175924155692,-0.07600752399896216,-1.9141099709928555
2024,2645,長榮航太,3983640.0,0.1262812402727154,1.34,3745709.0,1.71,1.68,0.16733028612089576,0.15907972300410733,1319036.0,1400953.0,1307973.0,4027962.0,1.08,0.9506929480128455,0.9824561403508771,0.06210368784475939,-0.06636910731480639,1.2910124824564613
2024,2534,宏盛,300015.0,-0.19529023548822558,-0.12,4742280.0,-0.12,0.19,-0.14867357109036355,0.1791353210244707,147178.0,96057.0,64530.0,307765.0,,-1.2048901476617693,-1.5833333333333335,-0.34734131459864925,-0.3282113744963928,0.15270737741493323
2024,3528,安馳,1337472.0,0.0776696633649153,1.56,666260.0,0.3,-0.15,0.011592125713292784,-0.006528754114401196,459222.0,464139.0,450025.0,1373386.0,0.91,-0.5632059447832438,-0.5,0.010707239635731725,-0.030408993857443556,-0.9017113340970797
2024,6177,達麗,4392132.0,0.07898624176140426,0.81,4288528.0,-0.21,1.04,-0.2508326111179894,0.1305888368709133,257235.0,148789.0,162846.0,568870.0,0.03,-0.5206214466646265,-4.9523809523809526,-0.4215833770676619,0.09447607013959369,-0.05454793147051988
2024,4414,如興,3315833.0,-0.024076906165057168,-0.09,8821149.0,-0.69,0.0,-0.08421228006497641,-0.0010956002710774335,1671464.0,1469693.0,1271156.0,4412313.0,-0.01,0.013009982276125187,-0.0,-0.1207151335595622,-0.13508739580306905,-0.0015668179559168661
2024,2913,農林,98946.0,-0.5280860267216462,-0.06,7900000.0,-0.07,-0.05,-0.5950467206943891,-0.38778499867270994,33683.0,43067.0,39871.0,116621.0,-0.05,0.6516883215828576,0.7142857142857143,0.278597512098091,-0.07420995193535651,-0.05080357617508389
2024,6128,上福,1390953.0,0.06759250672021269,0.74,1275887.0,0.71,0.73,0.06909015384474933,0.07097555075141337,469702.0,400024.0,486426.0,1356152.0,0.57,1.0272889377392425,1.028169014084507,-0.1483451209490273,0.21599204047757126,0.7380526105622859
2024,1707,葡萄王,2758268.0,0.11882782963801922,2.21,1481374.0,2.28,2.48,0.12679821860348692,0.14378215793988455,828098.0,838643.0,1232496.0,2899237.0,2.81,1.1339446210163917,1.087719298245614,0.012734000082115893,0.469631297226591,2.637114645611053
2024,2851,中再保,5881257.0,0.13630912575321907,1.0,8003888.0,0.66,0.45,0.09541496056880924,0.06315398017300228,1874211.0,1326956.0,1867888.0,5069055.0,0.29,0.6618876096213265,0.6818181818181818,-0.29199220365263034,0.40764878413451533,0.5713933533579233
2024,4967,十銓,7476878.0,0.017573110060107977,1.83,811350.0,0.49,0.54,0.006110552244894567,0.010380523229035528,2900354.0,2114283.0,1185953.0,6200590.0,1.58,1.6987864292803596,1.1020408163265307,-0.2710258816682377,-0.43907556367808853,2.2814564709085747
2024,2344,華邦電,21483983.0,0.0802003055020105,0.41,41800002.0,0.09,-0.03,0.01879998407303608,-0.005850204157068033,7083403.0,6997545.0,7231483.0,21312431.0,-0.01,-0.3111813358107416,-0.3333333333333333,-0.012121010198064441,0.033431439169022914,-0.1272466188122811
2024,2388,威盛,2959012.0,0.022643030849486247,0.13,5003312.0,0.2,0.18,0.030963136418009643,0.028402396097078984,802695.0,1835800.0,2649497.0,5287992.0,0.59,0.9172971275790649,0.8999999999999999,1.287045515419929,0.4432383701928315,0.21952187096861545
2024,2425,承啟,237209.0,0.04162995501857012,0.1,964988.0,0.63,0.86,0.04128258194239693,0.035143549857043405,454217.0,618388.0,506565.0,1579170.0,-0.16,0.8512924386871069,1.3650793650793651,0.36143737464691994,-0.18082983499032967,0.5799515183503118
2024,2409,友達,74327946.0,-0.0031121538055148192,-0.03,76993961.0,-0.63,-0.13,-0.07592066740465825,-0.013911716169428235,24863565.0,27012994.0,25871576.0,77748135.0,-0.12,0.18324017220868974,0.20634920634920637,0.0864489464805227,-0.04225440541688941,-0.005758575440237968
2024,2889,國票金,2121031.0,0.2755428845688724,0.16,35321896.0,0.15,0.13,0.2919742798585617,0.2588245264163486,875979.0,611686.0,566190.0,2053855.0,0.14,0.8864634465122355,0.8666666666666667,-0.30171157071117005,-0.07437803055816217,0.14202859955739894
2024,1805,寶徠,1796.0,23.222160356347437,0.42,1001858.0,-0.14,-0.21,-0.18006382008813251,-0.02407375250603817,657.0,617.0,43.0,1317.0,0.17,0.13369566687108622,1.4999999999999998,-0.060882800608828,-0.9303079416531604,0.04081309743689644
2024,1416,廣豐,76222.0,0.6763795229723701,0.28,1853422.0,,0.64,0.028705405234142323,1.6897711015736767,29409.0,25265.0,28518.0,83192.0,0.23,58.865955306698,1.0,-0.14090924546907413,0.1287551949337027,17.871536765082784
2024,3532,台勝科,3225016.0,0.10746551334939114,0.9,3878483.0,2.56,2.43,0.27207661104718855,0.2602817812979537,1021061.0,1007680.0,1021364.0,3050105.0,0.45,0.9566488655388714,0.94921875,-0.013104995685860099,0.013579707843759836,0.8084898582053989
2024,3038,全台,938903.0,0.09096573341442087,0.57,1574076.0,0.86,0.91,0.10575913797552697,0.12128620672098214,296956.0,298944.0,274727.0,870627.0,0.49,1.146815386761645,1.058139534883721,0.006694594485378236,-0.08100848319417686,0.5770026008689259
2024,6835,圓裕,594924.0,0.10950810523697145,0.98,661723.0,0.76,1.23,0.101040145765207,0.13618398796903836,238077.0,208184.0,194866.0,641127.0,0.44,1.34782058099458,1.618421052631579,-0.12556021791269212,-0.06397225531260808,1.4300334137964656
2024,2642,宅配通,1003409.0,0.012353885603976046,0.13,954670.0,0.45,0.33,0.041983901916511905,0.02901235191153105,332421.0,349999.0,335803.0,1018223.0,0.01,0.6910351488821658,0.7333333333333334,0.052878729081496045,-0.040560115886045356,0.09105280743021717
2024,6668,中揚光,196821.0,-0.3181520264605911,-0.68,927635.0,-1.1,-0.7,-0.383479801622281,-0.26500464730055534,73023.0,100814.0,91672.0,265509.0,-0.08,0.6910524261759657,0.6363636363636362,0.3805787217725922,-0.09068184974309124,-0.6292856241272802
2024,2375,凱美,1451088.0,0.13374171656026373,1.78,1086753.0,1.66,1.28,0.1433475421046911,0.11104024135404467,453342.0,453199.0,473833.0,1380374.0,0.96,0.774622569202816,0.7710843373493976,-0.00031543514609277956,0.04552966798249769,1.3159002279631242
2024,3376,新日興,3479892.0,0.11786917525026638,2.18,1877483.0,1.05,1.6,0.0842337220737277,0.10537107268911321,1201035.0,1252441.0,1214558.0,3668034.0,1.77,1.2509369180775902,1.5238095238095237,0.0428014171110751,-0.030247333008101784,2.880666577288947
2024,2028,威致,2630881.0,0.037617056795803384,0.31,3257148.0,0.47,-0.09,0.05589327031227351,-0.016995274816621046,752921.0,749916.0,828960.0,2331797.0,0.08,-0.30406656689918327,-0.19148936170212766,-0.00399112257461276,0.10540380522618542,-0.08188544811145597
2024,2546,根基,3508266.0,0.03841413393397194,1.11,1231360.0,3.13,1.06,0.09220696196893374,0.04886551701807923,962643.0,1157734.0,1276590.0,3396967.0,1.82,0.5299547450065966,0.33865814696485624,0.20266183829311601,0.10266261507392893,0.5616116620552707
2024,1417,嘉裕,141452.0,-0.22067556485592285,-0.16,1899419.0,0.03,-0.02,0.018642087181505586,-0.015009909454785683,24737.0,50209.0,32097.0,107043.0,-0.16,-0.8051624964868038,-0.6666666666666667,1.0297125763027046,-0.36073213965623696,0.10013255063210864
2024,5306,桂盟,1357940.0,0.1929245769327069,2.07,1260008.0,1.75,1.26,0.17801964698942782,0.137198942425536,471781.0,453772.0,442098.0,1367651.0,2.55,0.7706955088709054,0.72,-0.038172372350730566,-0.02572657634230402,1.6138841989859227
2024,1432,大魯閣,317571.0,-0.032562796980832635,-0.12,1080000.0,0.11,0.48,0.029846463349912988,0.11404658507698381,114228.0,117702.0,98050.0,329980.0,-0.07,3.821108844285107,4.363636363636363,0.030412858493539252,-0.16696402779901787,-0.38016748784952614
2024,2062,橋椿,2042617.0,0.10431177259368742,1.06,1999942.0,0.5,0.72,0.052421020055892616,0.07087073085441194,587856.0,651276.0,572307.0,1811439.0,0.38,1.3519525331412432,1.44,0.10788356332162974,-0.1212527407734969,1.2773240291535453
2024,2897,王道銀行,2551014.0,0.2670424388106063,0.2,30330063.0,0.23,0.24,0.3034615893333163,0.26645394201497746,1101345.0,786382.0,780879.0,2668606.0,0.24,0.8780483309283326,1.0434782608695652,-0.28598032405831053,-0.00699787126358431,0.20630504722009796
2024,1535,中宇,2619438.0,0.04616524613294913,0.97,1237426.0,1.17,0.96,0.05822262821349341,0.053889349175250525,859452.0,812401.0,919570.0,2591423.0,0.92,0.9255739706157988,0.8205128205128205,-0.054745349362151696,0.1319163811959858,0.8948399403253832
2024,2603,長榮,106328606.0,0.27705510406108397,13.72,21514344.0,2.41,10.35,0.0755698463217457,0.30089105409964845,54396728.0,53758648.0,44637217.0,152792593.0,28.82,3.9816285032336394,4.2946058091286305,-0.011730117296760989,-0.16967374253906087,78.34315998889696
2024,2838,聯邦銀,4995842.0,0.2885957962641733,0.21,42531719.0,0.19,0.31,0.27533325275408366,0.2588099594747096,1737574.0,1788622.0,1581608.0,5107804.0,0.38,0.9399880213737496,1.631578947368421,0.02937889263996807,-0.11573937925397315,0.32578689312006076
2024,4583,台灣精銳,748835.0,0.38661253814258145,3.61,801714.0,3.17,3.79,0.3625537536067051,0.4696100367341002,269326.0,265601.0,223820.0,758747.0,3.14,1.2952838911813576,1.1955835962145112,-0.01383082212634501,-0.1573073896559124,4.739346025596494
2024,6168,宏齊,491843.0,0.004109034793623168,0.01,2060698.0,0.25,0.21,0.10837531060362751,0.08687893151591987,184223.0,170074.0,169872.0,524169.0,0.04,0.8016487429841966,0.84,-0.07680365643812115,-0.0011877182873337722,0.008378782513891833
2024,9910,豐泰,22266696.0,0.07121379840098414,1.6,9874828.0,1.12,1.71,0.05795053800691368,0.07319770348724321,8026834.0,7869949.0,6822159.0,22718942.0,1.45,1.2631065388644105,1.5267857142857142,-0.01954506596249528,-0.1331380927627358,2.069486974172175
2024,1460,宏遠,1750376.0,-0.07054484293660333,-0.18,6946434.0,-0.18,-0.67,-0.07686461629623728,-0.22063213683735727,647279.0,731112.0,742908.0,2121299.0,-0.23,2.870399248297006,3.7222222222222228,0.12951602013969254,0.016134326888356476,-0.6183687758363516
2024,4916,事欣科,911349.0,-0.09968958104963083,-0.92,983789.0,0.4,0.63,0.04195050192798161,0.07017146831957236,287387.0,328655.0,264983.0,881025.0,0.26,1.672720589613898,1.575,0.1435973095512324,-0.1937350717317552,-1.4933425628042023
2024,9926,新海,564796.0,0.27476292325016466,0.87,1795041.0,0.79,0.67,0.2545354196383133,0.23668356730923423,161216.0,177234.0,173192.0,511642.0,0.75,0.9298649580697023,0.8481012658227848,0.09935738388249304,-0.022806007876592482,0.7282321113478563
2024,2023,燁輝,19876348.0,-0.004532925263735572,-0.05,19842172.0,-0.08,-0.02,-0.008350285172832704,-0.002215258063842349,5726665.0,5186500.0,5821470.0,16734635.0,-0.38,0.26529130658310884,0.25,-0.09432453269049268,0.12242745589511239,-0.010142116895770758
2024,3504,揚明光,637576.0,-0.09102444257625758,-0.51,1140598.0,-0.59,-0.59,-0.08218410286596806,-0.09036723114653751,244039.0,213455.0,236830.0,694324.0,-0.07,1.099570695489797,1.0,-0.12532423096308376,0.1095078587992786,-0.6092713500605992
2024,2348,海悅,1662403.0,0.3250294904424499,1.43,1818989.0,2.75,3.16,0.26343886907940445,0.23317924260243444,619662.0,646631.0,633961.0,1900254.0,3.89,0.8851360599037141,1.1490909090909092,0.04352211366841918,-0.019593864197664512,3.005483746219084
2024,6214,精誠,8907951.0,0.05232785856141328,1.87,2723033.0,1.72,1.35,0.05115623160952534,0.040610437361708406,3160505.0,2653204.0,3389132.0,9202841.0,1.79,0.7938512295371402,0.7848837209302326,-0.16051263959398898,0.27737331920199115,1.4039159178509693
2024,2392,正崴,21450241.0,0.012485873701838594,0.57,5123269.0,1.59,2.01,0.04440059393128475,0.03808652092693814,8580565.0,8333024.0,7917574.0,24831163.0,1.49,0.8577930508290408,1.2641509433962261,-0.02884903266859462,-0.04985585064917608,0.5191003989443154
2024,1521,大億,1001035.0,0.03490287552383283,0.46,762300.0,0.23,0.77,0.01609725485617548,0.045621279629022814,278492.0,272940.0,251199.0,802631.0,-0.02,2.834103083826176,3.3478260869565215,-0.019935940709248423,-0.07965486920202247,1.0415181935795013
2024,1103,嘉泥,738302.0,0.09751565077705329,0.11,7902474.0,0.0,0.18,-0.0027560933238843957,0.1590300693136473,258383.0,267388.0,249964.0,775735.0,0.74,-57.701264298812916,inf,0.03485136406032896,-0.06516373210465687,-5.523444105157504
2024,1102,亞泥,18984772.0,0.22352604497962894,1.27,35465629.0,1.26,0.81,0.19699501440022588,0.13600239269323763,6722518.0,6734055.0,6496635.0,19953208.0,0.56,0.6903849475953118,0.6428571428571429,0.0017161724222978236,-0.035256617298195514,0.8682094547237691
2024,4142,國光生,79800.0,-3.430864661654135,-0.65,4295078.0,-0.57,0.62,-2.9159529491574703,0.2709286018831966,361114.0,186131.0,340997.0,888242.0,0.63,-0.09291254235137031,-1.087719298245614,-0.4845644311768583,0.832026905781412,0.6592318474508019
2024,1604,聲寶,2430738.0,0.09859968454025074,0.66,3842000.0,0.64,0.55,0.09489722072333931,0.09554351912551788,831972.0,777934.0,654600.0,2264506.0,0.47,1.006810509277851,0.859375,-0.06495170510546033,-0.15854044173413173,0.5851125061734757
2024,4739,康普,1103843.0,0.050966487081949154,0.48,1190293.0,0.05,-0.19,0.0037379615849831337,-0.017546512466618522,370954.0,299970.0,326116.0,997040.0,0.34,-4.694139323718517,-3.8,-0.1913552623775454,0.08716204953828721,-2.004007665181665
2024,9929,秋雨,148539.0,0.06030739401773272,,1012800.0,0.18,0.13,0.11658149326648025,0.0729387251293782,53798.0,58510.0,51454.0,163762.0,-0.18,0.6256458301032046,0.7222222222222223,0.08758689914123208,-0.12059477012476505,0.06100824860246063
2024,1307,三芳,2497678.0,0.11981928815483821,0.75,3978181.0,0.47,0.79,0.08246278279165825,0.11359480059288951,1085215.0,1102715.0,923027.0,3110957.0,0.97,1.3775281011300107,1.6808510638297873,0.016125836815746197,-0.1629505357231923,1.2907337664670069
2024,1733,五鼎,437997.0,0.06230407970830851,0.27,999502.0,0.27,0.38,0.06475013240478239,0.09179109362386088,139800.0,183290.0,186470.0,509560.0,0.34,1.4176201687130645,1.4074074074074074,0.3110872675250358,0.017349555349446266,0.4502855706630279
2024,8110,華東,1904760.0,0.031224931224931224,0.12,5177399.0,-0.08,0.04,-0.023870826693781478,0.010187901532833525,668987.0,658850.0,640424.0,1968261.0,-0.08,-0.42679299144204114,-0.5,-0.015152760815979938,-0.02796691204371249,-0.05066287382952324
2024,1316,上曜,372961.0,0.03639790755601792,0.06,3002543.0,-0.13,-0.16,-0.16459928942871543,-0.1729638912300936,124744.0,84224.0,154633.0,363601.0,-0.11,1.0508179702987157,1.2307692307692308,-0.3248252420958122,0.8359731193009119,0.046316927489837914
2024,2415,錩新,555082.0,0.022738982708861034,0.14,900000.0,-0.25,-0.22,-0.04281357210035526,-0.03186305525745342,234640.0,206609.0,169890.0,611139.0,0.49,0.7442279093827124,0.88,-0.11946385952949201,-0.1777221708638056,0.11491440526587086
2024,2611,志信,165330.0,0.4214480130647795,0.37,1890023.0,0.35,0.97,0.4100936478764576,1.1412496094970321,57228.0,57277.0,55430.0,169935.0,0.33,2.7828999922496687,2.7714285714285714,0.0008562242259033681,-0.03224680063550811,1.0545261575699094
2024,1402,遠東新,67515955.0,0.050958651181043056,0.68,53528751.0,0.46,0.39,0.03589971278208181,0.030293981405295142,21849337.0,22820578.0,22602356.0,67272271.0,0.4,0.8438502444068414,0.8478260869565217,0.04445173782618661,-0.009562509766404714,0.5404210832996639
2024,1441,大東,436413.0,0.44469802686904375,2.94,717444.0,-0.93,-2.22,-0.38872058405517407,-0.2537412394990021,201063.0,196730.0,121556.0,519349.0,0.09,0.6527599769786997,2.3870967741935485,-0.02155045930877386,-0.38211762313831144,2.10130944557838
2024,3296,勝德,382694.0,0.003248025837875692,0.01,967244.0,-0.42,0.03,-0.13482310953947907,0.008712994789424323,136214.0,137318.0,127565.0,401097.0,-0.04,-0.06462538076139664,-0.07142857142857142,0.008104893770097155,-0.07102492025808704,-0.0008704342263240093
2024,3030,德律,1727000.0,0.26990445859872614,1.97,2362160.0,0.87,1.04,0.21998104836512772,0.2394639894698309,538186.0,529815.0,557973.0,1625974.0,1.64,1.0885664526535264,1.1954022988505748,-0.015554102113395696,0.05314685314685308,2.0224104034715635
2024,1414,東和,142777.0,0.11721775916289039,0.08,2200000.0,0.08,0.06,0.1235883928051691,0.10162089180047806,45179.0,39468.0,37721.0,122368.0,0.1,0.8222527172165618,0.75,-0.12640828703601226,-0.04426370730718554,0.05360976619910013
2024,8215,明基材,4588925.0,0.01605474048933029,0.23,3206745.0,0.44,0.59,0.0310223458407964,0.04059751850215794,1364720.0,1548109.0,1579238.0,4492067.0,0.14,1.3086540492617926,1.3409090909090908,0.1343784805674424,0.020107757270321436,0.29431333657029
2024,3535,晶彩科,414572.0,0.26240315313142226,1.38,790523.0,-0.45,0.67,-0.7146997426075677,0.27692614080048633,79145.0,39441.0,2078.0,120664.0,-0.31,-0.38747200298425577,-1.488888888888889,-0.5016615073599091,-0.9473137090844552,-0.15519316317434462
2024,2887,台新金,21364301.0,0.26045977352593935,0.38,140761443.0,0.25,0.22,0.21801881981916707,0.19536976538707235,7545087.0,8825025.0,7110453.0,23480565.0,0.43,0.8961142233001688,0.88,0.16963860058870095,-0.1942852286537432,0.3893398540738116
2024,2915,潤泰全,642456.0,5.920772784439713,3.65,11043188.0,4.32,6.29,6.6423400057048925,9.673347882093074,237290.0,242795.0,224828.0,704913.0,3.19,1.456316279170435,1.4560185185185184,0.023199460575666908,-0.07400070017916349,5.503958534240817
2024,4764,雙鍵,687563.0,-0.017954718331265645,-0.15,855421.0,-0.31,-0.13,-0.044919446889559386,-0.019559859886192143,239816.0,223704.0,270644.0,734164.0,-0.26,0.4354430261415003,0.41935483870967744,-0.06718484171197914,0.2098308479061617,-0.06710009161282464
2024,2722,夏都,167638.0,0.00012526992686622365,0.0,1211697.0,0.2,0.41,0.12761609184910214,0.20326870626043936,72435.0,70367.0,46968.0,189770.0,0.11,1.5928140669030328,2.05,-0.02854973424449503,-0.3325280316057243,0.000312496696999151
2024,6153,嘉聯益,1969092.0,-0.1885178549300896,-0.59,5961777.0,-1.07,-2.55,-0.2112383046338436,-0.48342014535744243,764193.0,646478.0,675817.0,2086488.0,-2.04,2.288506084137503,2.3831775700934577,-0.15403831231115694,0.04538282818595518,-1.5098879699390906
2024,3443,創意,6719781.0,0.13503297205667864,6.78,1340119.0,6.26,7.63,0.12729907929799716,0.15024698827025978,2903133.0,1944750.0,1763514.0,6611397.0,7.71,1.1802676743524858,1.2188498402555912,-0.33012025284408253,-0.09319244118781334,7.8626729412983405
2024,3605,宏致,2454508.0,0.027334194877344054,0.5,1344177.0,-0.33,0.24,-0.021760734195632417,0.014762518957122436,880884.0,882091.0,925757.0,2688732.0,0.96,-0.6784016947408609,-0.7272727272727272,0.0013702144663769733,0.049502829073190924,-0.3709234294898952
2024,1531,高林股,438892.0,0.04797535612405786,0.12,1836081.0,-0.09,0.46,-0.04290199075426884,0.23269933898385078,152511.0,130417.0,148094.0,431022.0,0.06,-5.423975318923789,-5.111111111111112,-0.14486823901226797,0.13554214557918054,-0.6108625674148956
2024,8473,山林水,669983.0,0.049856488895986914,0.2,1692354.0,-0.08,0.26,-0.011267766697002473,0.044497455776685485,248304.0,367986.0,181394.0,797684.0,-0.07,-3.949092750431458,-3.25,0.4819978735743282,-0.5070627686922873,-0.9280229001445583
2024,3008,大立光,10985235.0,0.4094748997176665,33.7,1334682.0,27.69,44.6,0.45103902651008565,0.436759780873163,5434779.0,7018386.0,6523997.0,18977162.0,49.67,0.9683414409892458,1.6106897797038642,0.2913838814788974,-0.07044197911029682,56.37794803872603
2024,8261,富鼎,733811.0,0.18483778520627245,1.15,1184432.0,0.59,1.17,0.09618346311107649,0.1717325843777937,265492.0,296181.0,245631.0,807304.0,1.31,1.7854689238988004,1.9830508474576272,0.11559293688698724,-0.17067266299998984,2.2494172627345552
2024,2467,志聖,1349332.0,0.13867676746716154,1.25,1567553.0,0.49,1.08,0.1056839609047568,0.1867612815670031,363067.0,357300.0,333203.0,1053570.0,1.1,1.767167694777392,2.2040816326530615,-0.015884120561769577,-0.06744192555275674,1.6471101205367145
2024,4572,駐龍,212886.0,0.34086788234078336,1.87,390000.0,1.78,1.64,0.29141315708997634,0.3455148889093759,73312.0,77558.0,72489.0,223359.0,1.54,1.185653017041695,0.9213483146067415,0.05791684853775636,-0.06535753887413287,2.314635143702777
2024,9905,大華,2199033.0,0.052546278295960085,0.38,3050000.0,0.4,0.59,0.051734027729646366,0.07193295770333952,851865.0,893027.0,723097.0,2467989.0,0.6,1.3904379933309945,1.4749999999999999,0.04831986288907286,-0.1902854001054839,0.5912034614928868
2024,3017,奇鋐,16483855.0,0.11813104398212676,5.08,3833101.0,3.18,3.72,0.08079100045733648,0.09042604329303017,6131081.0,6582321.0,6351281.0,19064683.0,6.02,1.1192588627588749,1.169811320754717,0.07359876667752396,-0.03510008095928474,6.576183295481626
2024,6257,矽格,4548589.0,0.16666223305732833,1.63,4704023.0,1.13,1.61,0.13877877156976254,0.17799481945265044,1494445.0,1510771.0,1583058.0,4588274.0,1.01,1.2825795864836174,1.4247787610619471,0.010924456905406332,0.04784775455711032,2.084977767420685
2024,2816,旺旺保,2708175.0,0.10917610568002437,1.32,2236080.0,2.53,1.26,0.21696031484022757,0.10740072991562656,913101.0,869629.0,854790.0,2637520.0,0.65,0.4950247698281498,0.49802371541501983,-0.04760919109715134,-0.017063598385058443,0.6374747007729468
2024,3312,弘憶股,4543950.0,0.026541885364055502,0.74,1626254.0,0.18,0.91,0.007848031696863194,0.03577894623245632,1571375.0,1634558.0,1544313.0,4750246.0,0.3,4.55897065843362,5.055555555555556,0.04020873438867234,-0.0552106441007294,3.534486191745396
2024,3056,富華新,75428.0,-0.2778543776846794,-0.06,3559667.0,0.78,0.2,0.27316620830587257,0.2233477369797069,22616.0,56841.0,46091.0,125548.0,-0.14,0.8176257904111536,0.25641025641025644,1.513309161655465,-0.18912404778241054,-0.0801257766042148
2024,2634,漢翔,8802426.0,0.06483860244891579,0.61,9418671.0,0.8,0.7,0.079002681316972,0.06610559518535292,2907189.0,3179044.0,2552613.0,8638846.0,0.26,0.8367512859484628,0.8749999999999999,0.09351129217949028,-0.19705011946987838,0.4976180659725865
2024,3669,圓展,732003.0,0.11515799798634704,0.91,929200.0,1.82,0.67,0.23988618595481428,0.0937965118641466,266084.0,243420.0,215314.0,724818.0,0.69,0.3910042234854424,0.36813186813186816,-0.08517610979991286,-0.11546298578588443,0.3512330083308316
2024,9918,欣天然,473131.0,0.2286745108648556,0.61,1805375.0,0.5,0.2,0.18838737377351422,0.09939278771596444,137382.0,124957.0,116040.0,378379.0,0.19,0.527597926151133,0.4,-0.09044125140120252,-0.07136054802852176,0.25286017805710986
2024,2401,凌陽,1787686.0,0.0015080948220213169,0.01,5919949.0,-0.14,-0.09,-0.05839965705325263,-0.034158366195542814,618743.0,619992.0,547813.0,1786548.0,0.01,0.5849069655391123,0.6428571428571428,0.0020186086953710713,-0.11641924411927895,0.002662025221491658
2024,1806,冠軍,830360.0,0.006250301074232863,0.01,3904039.0,-0.07,,-0.03025046093725132,0.07196515504713105,288435.0,321092.0,275590.0,885117.0,0.18,-2.378977140097426,1.0,0.11322134969750541,-0.1417101640651277,-0.03371147393023899
2024,1736,喬山,10307812.0,0.028336663493668684,0.97,3036166.0,1.11,1.22,0.03859688857208626,0.03819182124414502,3317482.0,4069705.0,4688781.0,12075968.0,1.57,0.9895051818183553,1.099099099099099,0.22674516395266053,0.15211815106991788,1.1152268750123386
2024,1438,三地開發,1660.0,-21.083132530120483,-0.39,912058.0,-0.39,-0.25,,-0.829443838604144,0.0,0.0,1164987.0,1164987.0,-0.51,1.0,0.641025641025641,,inf,-269.29839239245166
2024,2371,大同,12670336.0,-0.06752867485124309,-0.37,23395367.0,0.25,0.23,0.0439350554165501,0.048311404826763986,4173193.0,4032767.0,3925579.0,12131539.0,3.09,1.0996095115556708,0.92,-0.03364953406180826,-0.026579269270949668,-0.38504612013721595
2024,1447,力鵬,9000089.0,0.0024121983682605804,0.02,9100712.0,-0.14,0.05,-0.0159554711371707,0.006565524953047805,2380505.0,2981826.0,1892762.0,7255093.0,-0.16,-0.4114905098447651,-0.35714285714285715,0.25260228396915774,-0.3652339204232574,-0.007912987065292098
2024,2009,第一銅,889088.0,0.05947780197235819,0.15,3596222.0,-0.17,0.21,-0.09635221742133415,0.11055301039821923,260123.0,279409.0,257054.0,796586.0,0.6,-1.1473841843700088,-1.2352941176470587,0.07414184827946779,-0.08000816008074185,-0.15116454658598835
2024,1530,亞崴,458273.0,0.10443556569992123,0.49,965942.0,0.26,1.63,0.03726489289987186,0.23863615740600708,240467.0,177572.0,152402.0,570441.0,0.59,6.403779504940632,6.269230769230768,-0.26155356036379207,-0.1417453202081409,3.9495214421049196
2024,1463,強盛,66519.0,-0.12548294472256047,-0.05,1732684.0,-0.02,0.27,-0.041089018606348046,0.437820118828109,25160.0,27785.0,19206.0,72151.0,0.22,-10.655404623377109,-13.5,0.10433227344992058,-0.3087637214324276,0.55677232176945
2024,6269,台郡,7565466.0,0.010651425834178621,0.24,3225010.0,1.76,2.42,0.06895609799812938,0.0967856845975322,2331023.0,2109470.0,1975551.0,6416044.0,-1.03,1.4035841268187446,1.375,-0.09504539423248937,-0.0634846667646376,0.29742841984309165
2024,6165,浪凡,721309.0,0.021142118010450444,0.19,777526.0,0.17,0.27,0.012380345340430785,0.02062776090194599,248286.0,216757.0,232381.0,697424.0,0.24,1.6661700731870075,1.588235294117647,-0.12698662026856122,0.07208071711640218,0.31597286655996865
2024,6271,同欣電,3068911.0,0.1435877417103331,2.11,2090581.0,0.08,0.79,0.004332991181051305,0.10485851699138525,1044769.0,1044231.0,978551.0,3067551.0,2.53,24.200030096978793,9.875,-0.0005149463661344722,-0.06289796031720951,50.98683618019103
2024,2850,新產,5063366.0,0.15957270321758293,2.56,3159633.0,2.28,3.15,0.1419164602458391,0.1886793382478349,1849431.0,1714006.0,1759652.0,5323089.0,2.58,1.3295098956173892,1.3815789473684212,-0.07322522440685808,0.026631178653983678,3.5741869333394565
2024,9943,好樂迪,643157.0,0.22062575700800893,1.68,1252200.0,2.32,2.37,0.2871088428398574,0.2934367785862482,209005.0,213536.0,202691.0,625232.0,1.35,1.0220401980092282,1.021551724137931,0.02167890720317689,-0.05078768919526455,1.125878921446515
2024,8367,建新國際,764390.0,0.13570036238046024,1.18,877360.0,0.61,0.64,0.10057194461167972,0.09874516304433897,236525.0,248393.0,254853.0,739771.0,0.94,0.981836071934433,1.0491803278688525,0.050176514110559234,0.026007174115212583,1.1234130463005103
2024,6669,緯穎,77480880.0,0.0605786356582424,26.85,1748408.0,14.96,14.96,0.04645085770462261,0.04951140015809229,31121386.0,32192450.0,34504530.0,97818366.0,34.61,1.0658877490041505,1.0,0.034415690869294746,0.07182056662354053,36.125060035883514
2024,2832,台產,1814658.0,0.16216168556278923,0.81,3622004.0,0.8,0.88,0.16836747458679358,0.18042586842687305,740756.0,579793.0,615067.0,1935616.0,0.81,1.0716194969941382,1.0999999999999999,-0.21729557371118158,0.06083895459241484,0.928665120355812
2024,2387,精元,6033142.0,0.06067501809173396,1.89,1952510.0,2.63,2.45,0.087386498334533,0.07797710967853139,2256455.0,2245683.0,2135139.0,6637277.0,2.17,0.892324457034763,0.9315589353612168,-0.004773859881982978,-0.04922511325062351,1.8404727297930132
2024,2374,佳能,1534973.0,0.09412087378735652,0.51,2875343.0,0.21,0.84,0.0547337574102808,0.15124342472852584,562693.0,574025.0,574774.0,1711492.0,0.48,2.7632567520408773,4.0,0.02013886790843311,0.0013048212185879926,1.5480764519934511
2024,2892,第一金,17327864.0,0.38746027785074955,0.46,140287499.0,0.47,0.43,0.37481925198340516,0.3539472614391495,6828649.0,6912328.0,5578878.0,19319855.0,0.5,0.9443145184410652,0.9148936170212766,0.012254107657312607,-0.1929089591813351,0.5038818813049561
2024,3413,京鼎,3720950.0,0.1871242559023905,6.77,1038291.0,6.27,4.87,0.18511167866292436,0.15901855997591988,1382084.0,1613387.0,1616439.0,4611910.0,5.5,0.8590412075808666,0.7767145135566189,0.167358134527279,0.0018916726117168547,7.1401250437302
2024,2455,全新,875601.0,0.22935789246471852,1.09,1849059.0,0.58,0.78,0.17862172589652428,0.18732423509324894,262493.0,273961.0,269294.0,805748.0,0.78,1.0487203286892772,1.3448275862068968,0.043688784081861165,-0.017035271443745614,1.0481461493064312
2024,2207,和泰車,72199833.0,0.08132452328525469,10.54,5571028.0,12.47,11.39,0.09847380136560624,0.09001796316285525,25569350.0,20734032.0,20109797.0,66413179.0,7.69,0.9141310878072354,0.9133921411387329,-0.18910601951164185,-0.03010678289683355,8.862350717718627
2024,3622,洋華,472239.0,0.30198903521310183,0.94,1513276.0,0.51,1.85,0.1979204483282286,0.5341880014699577,143522.0,214586.0,127930.0,486038.0,2.02,2.6990035945354545,3.627450980392157,0.4951436016777915,-0.4038287679531749,2.6178618145943005
2024,1905,華紙,5406616.0,-0.0340752884983879,-0.17,11028353.0,-0.34,-0.17,-0.07436674251339359,-0.036607357091297525,1680809.0,1775946.0,1552185.0,5008940.0,0.07,0.49225441177155865,0.5,0.056601910151599544,-0.125995384994814,-0.07618409789367117
2024,5607,遠雄港,847740.0,0.18538702904192322,0.4,3632872.0,0.58,1.26,0.28708554121303465,0.5089956247638899,298586.0,308148.0,289341.0,896075.0,0.65,1.7729754783651217,2.1724137931034484,0.03202427441340183,-0.061032361073250496,0.8107301763500269
2024,3550,聯穎,869071.0,-0.004635984861996316,-0.05,875500.0,-0.23,-0.98,-0.022063659758905594,-0.08929089940568827,294364.0,278129.0,273887.0,846380.0,-0.85,4.0469668396535,4.260869565217391,-0.055152804011360135,-0.015251915478069478,-0.1813764498461347
2024,2382,廣達,309954132.0,0.048808005566449424,3.93,38626274.0,2.63,3.32,0.04132045992911251,0.044676523488424824,124262620.0,145176833.0,155109787.0,424549240.0,4.31,1.0812203824708104,1.2623574144486691,0.1683065510770656,0.06841969062653397,5.800301069176819
2024,2405,輔信,425932.0,0.003371430181343501,0.0,3434273.0,0.04,0.03,0.031233864853905304,0.022117903546248922,149790.0,123307.0,126171.0,399268.0,-0.02,0.7081385428829959,0.75,-0.17680085452967487,0.023226580810497444,0.0027756333191656843
2024,6282,康舒,7939041.0,0.01701477546217484,0.16,8612721.0,0.03,0.11,0.0031312699124667266,0.007513743546065181,2490574.0,2771464.0,3195689.0,8457727.0,-0.26,2.3995834776651574,3.666666666666667,0.11278123035091503,0.15306891953133794,0.40093629154139004
2024,8081,致新,2059054.0,0.17816045620950202,4.28,861721.0,4.9,6.09,0.20169404697374668,0.23270090206524643,746288.0,805873.0,725827.0,2277988.0,4.83,1.1537321282245665,1.2428571428571427,0.07984183049975346,-0.09932830607304133,5.4337675765639535
2024,6164,華興,236265.0,0.07529257401646457,0.18,1000002.0,-0.06,0.06,-0.03241459051873227,0.03897594100938658,67510.0,56179.0,57709.0,181398.0,0.05,-1.2024196630484203,-1.0,-0.16784180121463488,0.02723437583438648,-0.1642252153469107
2024,1423,利華,18129.0,1.4518175299244305,0.26,996480.0,-0.01,0.42,-0.04300616589754527,1.8468368093032972,14437.0,10436.0,5322.0,30195.0,0.32,-42.94353543868722,-42.0,-0.27713513887926855,-0.49003449597546955,-18.89192789645696
2024,3049,精金,314958.0,-0.6181617866509186,-0.24,8020105.0,-0.13,-0.35,-0.22735908803039898,-1.0057907878659087,126335.0,151652.0,146176.0,424163.0,-0.37,4.423798479220808,2.692307692307692,0.20039577314283452,-0.03610898636351645,-1.446272796150745
2024,2345,智邦,24412390.0,0.10573147487812541,4.62,5605784.0,4.02,4.28,0.11157664002769019,0.10638233928887537,8728653.0,9416897.0,10047189.0,28192739.0,4.75,0.953446342016342,1.0646766169154231,0.07884882123278358,0.06693202654759833,5.069924107298821
2024,2376,技嘉,73923373.0,0.04006458146870544,4.66,6356889.0,1.4,2.33,0.03403737688357606,0.039952898120504246,19035807.0,24662927.0,26735874.0,70434608.0,2.88,1.1737948625466077,1.6642857142857144,0.29560711557960206,0.08405113472541204,5.210678625975288
2024,4551,智伸科,1855388.0,0.0916762423816474,1.47,1152225.0,1.15,1.52,0.07190368194340857,0.09709842531255042,760275.0,726184.0,729219.0,2215678.0,1.76,1.3503957334058532,1.3217391304347827,-0.044840353819341705,0.004179381534156645,2.380604295234366
2024,5471,松翰,724398.0,0.10173136866750046,0.44,1678770.0,0.45,0.36,0.11232050199107035,0.08701405267928873,234465.0,235529.0,221416.0,691410.0,0.14,0.7746943001216864,0.7999999999999999,0.004537990744887255,-0.05992043442633388,0.3245859409201104
2024,9934,成霖,4878715.0,0.04549292180420459,0.54,4094640.0,0.42,0.47,0.03554703997681501,0.03893709264262249,1518715.0,1574734.0,1463163.0,4556612.0,0.01,1.0953680719412526,1.119047619047619,0.03688578831446332,-0.07085069605406369,0.5545366228464647
2024,1443,立益物流,216886.0,0.2567616167018618,0.42,1353430.0,0.19,0.82,0.13941940412528647,0.493986738611044,77769.0,78106.0,84757.0,240632.0,0.42,3.5431706347498992,4.315789473684211,0.0043333461919272676,0.08515350933346988,1.6174830988101205
2024,3596,智易,12166975.0,0.0481839569819121,2.66,2203543.0,2.61,3.12,0.04740253417007092,0.049578960731669494,4089745.0,4016365.0,4060581.0,12166691.0,2.99,1.045913717477424,1.1954022988505748,-0.017942438954017925,0.011008959594060785,2.782590319653424
2024,6873,泓德能源-創,1272111.0,0.09020675082598924,1.1,1048257.0,1.5,0.91,0.10133270295882037,0.0949167067303996,2466060.0,614868.0,764328.0,3845256.0,4.16,0.9366838538686953,0.6066666666666667,-0.7506678669618744,0.2430765627744491,3.099485161761807
2024,2908,特力,9856848.0,0.010119766481130683,0.2,5098875.0,0.13,0.1,0.007232604545949886,0.005362983454713736,3057871.0,2787527.0,3085499.0,8930897.0,0.14,0.7415009932648536,0.7692307692307693,-0.08840922327985712,0.10689474936027521,0.13143255290086975
2024,2424,隴華,23514.0,-2.5841200986646253,-1.08,562750.0,-1.13,-1.21,-2.6089208633093524,-3.4316022614676225,5301.0,10641.0,10379.0,26321.0,-0.83,1.3153339795499657,1.0707964601769913,1.0073571024335033,-0.024621746076496587,-1.5897748234675806
2024,2347,聯強,100209135.0,0.018218329097442063,1.09,16679470.0,1.02,1.01,0.017886122862947433,0.017298160858574104,35771997.0,34095145.0,38611214.0,108478356.0,1.35,0.9671274759276456,0.9901960784313726,-0.046876108146827855,0.1324548993705703,1.145916869458497
2024,2010,春源,6196153.0,0.04019138972197749,0.39,6476554.0,0.31,0.32,0.036804168113825,0.037353972400331836,2064809.0,2053349.0,2039061.0,6157219.0,0.46,1.0149386418626944,1.032258064516129,-0.005550150159167266,-0.00695838846684127,0.38780501503318976
2024,4934,太極,197618.0,-0.1312734669918732,-0.12,2250000.0,0.29,0.44,0.09199395176022888,0.1519189535557171,45724.0,16071.0,12139.0,73934.0,-0.39,1.6514015394368045,1.517241379310345,-0.6485215641676143,-0.24466430215916868,-0.07123465503013261
2024,1413,宏洲,486867.0,-0.028860037751583082,-0.11,1321124.0,-0.27,-0.3,-0.07728172745029835,-0.0743074981557001,207960.0,223484.0,205423.0,636867.0,0.03,0.9615144563569565,1.111111111111111,0.07464897095595302,-0.08081562885933669,-0.13376973813695606
2024,3653,健策,3401156.0,0.2503763426317405,6.03,1428927.0,4.15,5.41,0.20096536767254863,0.23025427269755647,1185729.0,1202840.0,1204437.0,3593006.0,5.38,1.1457410566020059,1.3036144578313251,0.014430784774598582,0.0013276911309900719,7.2131949028143305
2024,2597,潤弘,6780331.0,0.09302893914766108,3.41,2589300.0,1.96,3.28,0.0649720222622053,0.10445098806711524,2223360.0,2470626.0,2187245.0,6881231.0,1.19,1.607630244993546,1.673469387755102,0.1112127590673575,-0.114700080060681,3.9745503452276623
2024,2331,精英,4990691.0,0.005893773026620963,0.06,5574030.0,0.78,0.5,0.06685615382858442,0.0622266875377491,1719777.0,1558009.0,1459533.0,4737319.0,-0.05,0.9307548217220957,0.641025641025641,-0.09406335821446621,-0.06320631010475553,0.04662212128895871
2024,3715,定穎投控,4228126.0,0.08046638156005757,1.22,2776746.0,0.86,1.51,0.06472037736220838,0.09960841445630621,1540270.0,1620419.0,1589090.0,4749779.0,0.93,1.5390579986709054,1.755813953488372,0.05203568205574349,-0.019333888333819882,2.1183938487816536
2024,2509,全坤建,584759.0,0.10834035901969871,0.28,2245505.0,-0.28,-0.23,-1.1614539615342505,-0.9017230598207462,604811.0,40601.0,66352.0,711764.0,0.39,0.7763743460219409,0.8214285714285714,-0.9328699378814208,0.6342454619344351,0.2666142995913211
2024,3533,嘉澤,7374282.0,0.3033218691663812,20.01,1124182.0,11.57,16.83,0.22449594818712612,0.28891599470693924,2554915.0,2723904.0,2777008.0,8055827.0,18.32,1.286954161266717,1.4546240276577354,0.06614270924864418,0.019495547567021543,27.973081195389806
2024,9933,中鼎,30830077.0,0.019661773793169572,0.76,8104245.0,0.61,0.56,0.020272854700102007,0.015903228819378838,9325525.0,9920706.0,9078340.0,28324571.0,0.47,0.7844592710122278,0.918032786885246,0.06382278745700654,-0.08490988443766001,0.5390683999901997
2024,9927,泰銘,2205659.0,0.14188503299920793,1.87,1673185.0,1.84,2.04,0.12955498422874662,0.14657944869097764,780679.0,695414.0,713276.0,2189369.0,1.12,1.1314072520141105,1.108695652173913,-0.10921902600172417,0.025685419045345714,2.100538014649793
2024,1233,天仁,524403.0,0.039675593007667764,0.23,905919.0,0.33,0.21,0.05943420916971345,0.036566679265166144,171241.0,185428.0,183712.0,540381.0,0.12,0.6152463333153902,0.6363636363636364,0.08284814968377896,-0.009254265806674322,0.14560730479317321
2024,6133,金橋,349592.0,0.11211068903178563,0.34,1170064.0,0.16,0.14,0.07468986273214417,0.06447495396019239,114709.0,112878.0,95656.0,323243.0,0.07,0.8632356735132195,0.8750000000000001,-0.015962130260049334,-0.15257180318574037,0.2673596798874398
2024,2618,長榮航,55373891.0,0.14064606729550574,1.44,54004443.0,1.11,1.1,0.1222196813257785,0.11185639758169864,19875395.0,19926957.0,17357692.0,57160044.0,1.67,0.9152077338799767,0.990990990990991,0.0025942629064730216,-0.12893413680774235,1.3624178900972794
2024,2739,寒舍,1149459.0,0.306193609341438,3.85,1015260.0,0.42,1.44,0.03527266289591534,0.11509037271386727,351922.0,378524.0,396536.0,1126982.0,-0.98,3.2628773465015315,3.4285714285714284,0.07559061382920085,0.04758482949561982,11.090128406446249
2024,2408,南亞科,9921043.0,-0.082096711001051,-0.26,30986594.0,-0.25,-0.81,-0.10970061352731458,-0.3237396485743838,2745416.0,2802250.0,2584927.0,8132593.0,-0.48,2.951119762824072,3.24,0.020701416470217948,-0.0775530377375323,-0.6358692002906168
2024,2360,致茂,5514861.0,0.255150220467932,3.34,4253268.0,2.42,2.91,0.2306090701592305,0.2527457881959939,1789926.0,2072772.0,1769068.0,5631766.0,3.39,1.0959923996982361,1.2024793388429753,0.1580210578537884,-0.14652069788669475,3.702758122940555
2024,2461,光群雷,1356597.0,0.1811665513044773,1.47,1722334.0,0.23,0.26,0.02550517496303598,0.0291730610625659,493962.0,433359.0,444256.0,1371577.0,0.22,1.143809485912004,1.1304347826086956,-0.1226875751576032,0.02514543369354283,1.6501921999500408
2024,5533,皇鼎,204043.0,0.1506643207559191,0.11,2852450.0,0.81,0.69,0.21859725387329143,0.22455045579576713,309616.0,415248.0,469004.0,1193868.0,0.89,1.0272336537490376,0.8518518518518517,0.34117099891478486,0.12945516895927245,0.6477656708115936
2024,4545,銘鈺,640604.0,0.12592803042128992,1.05,770000.0,0.57,0.77,0.08479146982874859,0.1174477830925769,224237.0,221990.0,210677.0,656904.0,0.65,1.3851367753122281,1.3508771929824563,-0.010020647796750715,-0.05096175503401057,1.488079904725946
2024,3149,正達,564687.0,-0.07771561944935867,-0.29,1855456.0,-0.06,-0.27,-0.02958343261470884,-0.05158723624957808,203386.0,206819.0,229111.0,639316.0,-0.28,1.743788049258658,4.500000000000001,0.01687923455891749,0.10778506810302724,-0.4669462839030711
2024,2610,華航,50268867.0,0.06855720460140866,0.57,60517407.0,0.55,0.38,0.06980739153440174,0.04817981286924416,18345343.0,17745670.0,16009087.0,52100100.0,0.63,0.6901821112381873,0.6909090909090908,-0.0326880233310437,-0.09785953418495896,0.4073568701251637
2024,2545,皇翔,3288176.0,0.2441523811377493,2.45,3277348.0,-0.44,0.48,-0.23457756292142995,0.18549319094138125,1031980.0,2339735.0,1075407.0,4447122.0,3.3,-0.7907541907727588,-1.0909090909090908,1.267229016066203,-0.5403723071202509,-2.61974458604995
2024,2206,三陽工業,18078479.0,0.0709772099743568,1.62,7974896.0,2.86,1.6,0.1306894685952997,0.07602037715939196,5801493.0,5022347.0,5367010.0,16190850.0,1.32,0.5816870936617005,0.5594405594405595,-0.13430094632536826,0.06862588347639065,0.8382102606159556
2024,1710,東聯,6496668.0,0.002344124711313553,0.01,8857031.0,-0.09,-0.17,-0.014466870311383962,-0.028249272758019306,2350627.0,2111272.0,2072475.0,6534374.0,0.06,1.9526872191416542,1.888888888888889,-0.10182602343970348,-0.018376125861565895,0.03376985688712144
2024,6449,鈺邦,818100.0,0.1299804424886933,1.21,889535.0,1.25,1.45,0.15631782096828786,0.15523367339367408,289039.0,306453.0,326002.0,921494.0,1.33,0.9930644659201479,1.16,0.06024792502049903,0.0637911849451629,1.337164765505447
2024,6155,鈞寶,144149.0,0.18727150379121604,0.31,878113.0,0.36,0.42,0.21858779679734952,0.3003050770033934,46521.0,56544.0,55793.0,158858.0,0.25,1.3738419134248518,1.1666666666666667,0.21545108660604884,-0.013281692133559675,0.46544368629118715
2024,2493,揚博,903239.0,0.2055701757785038,1.63,1144373.0,1.43,1.8,0.20130866052931284,0.24521462767505192,318691.0,306902.0,343822.0,969415.0,1.59,1.2181027236001398,1.2587412587412588,-0.03699194517573445,0.12029898795055094,2.1212221540163334
2024,4989,榮科,918323.0,-0.007856712725261155,-0.05,1377765.0,-0.29,-0.13,-0.041668462659160854,-0.02097245257520676,232763.0,247450.0,231769.0,711982.0,-0.92,0.503317166912467,0.4482758620689656,0.06309851651680032,-0.06337037785411193,-0.020435086638410475
2024,8341,日友,948909.0,0.13856755494994777,1.01,1300000.0,0.38,1.02,0.05248877362281869,0.16099802142114455,332705.0,307233.0,348665.0,988603.0,1.22,3.0672848746298986,2.6842105263157894,-0.07656031619602954,0.13485530525692235,3.2321703246555136
2024,6491,晶碩,1638349.0,0.28972215321643924,6.08,780000.0,5.23,5.25,0.22651685727144916,0.22536857256315193,513014.0,568259.0,577757.0,1659030.0,5.61,0.9949306876224175,1.0038240917782026,0.10768711964975619,0.016714209541775826,6.1310402512870015
2024,9907,統一實,11620560.0,0.044921673310064233,0.33,15791453.0,0.23,0.06,0.03640138073958836,0.010946710723827819,4145828.0,4217191.0,4125541.0,12488560.0,0.29,0.3007224039697679,0.2608695652173913,0.017213208073272757,-0.021732475479531277,0.10683461327009619
2024,1713,國化,153024.0,2.2203249163529906,2.25,1509517.0,0.62,0.76,0.8895788027927206,0.961527123882998,37503.0,35819.0,32031.0,105353.0,0.31,1.080879086669337,1.2258064516129032,-0.04490307442071306,-0.10575392947876827,1.6749526920542142
2024,1215,卜蜂,6704985.0,0.05616567374871085,1.28,2947901.0,2.04,2.2,0.08109816801553477,0.08882771537169618,2322796.0,2417581.0,2273593.0,7013970.0,1.74,1.0953109983283564,1.0784313725490198,0.040806424670956964,-0.05955870765033311,1.4637247996272194
2024,4536,拓凱,2321432.0,0.16905125801660353,4.33,908200.0,5.2,4.19,0.18884382230356409,0.1912716384863124,866103.0,862435.0,871566.0,2600104.0,3.52,1.0128562118322602,0.8057692307692308,-0.004235062111550225,0.010587464562546778,4.902023904873403
2024,2601,益航,1196398.0,-0.005473930915966091,-0.01,8247761.0,-0.28,-0.27,-0.17036694766262453,-0.17662103555238948,365600.0,390952.0,354116.0,1110668.0,-0.07,1.036709514231304,0.9642857142857143,0.06934354485776795,-0.09422128547750108,-0.007641956970940499
2024,3044,健鼎,15799072.0,0.12589543233931713,3.78,5256059.0,1.84,4.05,0.07208108830465555,0.13110705973312428,5874641.0,5939823.0,5859996.0,17674460.0,4.43,1.818882911131856,2.201086956521739,0.011095486515686703,-0.013439289352561556,7.70017576476449
2024,5880,合庫金,16259818.0,0.2988235784680985,0.3,152242106.0,0.3,0.34,0.29743639328098276,0.3178405304333206,7245412.0,6075946.0,5456841.0,18778199.0,0.38,1.0686000019273447,1.1333333333333335,-0.16140779847992082,-0.10189442104982505,0.3938666298189164
2024,3035,智原,2649116.0,0.0985192796389437,0.99,2605503.0,1.66,1.43,0.14186635200613232,0.11947696506878193,961745.0,979666.0,942900.0,2884311.0,1.02,0.8421797232342834,0.8614457831325302,0.01863383745171543,-0.03752911706642881,0.9184944094880111
2024,3016,嘉晶,1047959.0,0.14306571154024156,0.52,2885418.0,0.16,0.14,0.040394479584902755,0.041550212831367755,351309.0,352334.0,350941.0,1054584.0,0.16,1.0286111681185504,0.8750000000000001,0.002917659382480897,-0.0039536349032451845,0.537847600945223
2024,1532,勤美,6731288.0,0.12984855201560236,2.29,3907833.0,0.85,1.02,0.06913831051540907,0.07013005888811588,1157729.0,1192589.0,1068464.0,3418782.0,0.03,1.014344411445891,1.2,0.03011067356868491,-0.1040802824778696,1.1522798423567113
2024,4438,廣越,4132785.0,0.05180332390869595,2.07,1034255.0,2.48,6.28,0.05377833983672753,0.0998134314036462,2222339.0,2346703.0,2017626.0,6586668.0,3.78,1.8560154833094964,2.532258064516129,0.05596085925684613,-0.1402295049693123,6.123184787494619
2024,2426,鼎元,649521.0,0.2053359321715541,0.44,3006223.0,-0.17,-0.07,-0.08735740673080826,-0.034198759018912464,214683.0,214301.0,204004.0,632988.0,0.03,0.39148093216979185,0.411764705882353,-0.0017793677189158474,-0.048049239154273615,0.16925825206545186
2024,2302,麗正,203421.0,0.15638994990684343,0.19,1663029.0,0.25,0.17,0.19306531021770074,0.14299327207518522,64986.0,68110.0,68296.0,201392.0,0.08,0.7406471515465196,0.68,0.04807189240759557,0.0027308765232711973,0.140269287107648
2024,2496,卓越,196835.0,0.12224451952142658,1.27,191004.0,0.93,1.79,0.1002791362661553,0.15920173633621784,71376.0,81743.0,74166.0,227285.0,2.09,1.5875858355388448,1.9247311827956988,0.14524490024658143,-0.09269295230172614,2.309377476655921
2024,6691,洋基工程,3431213.0,0.13230918628485028,3.64,1057571.0,4.35,5.76,0.10910476052077477,0.12003364677990248,1093670.0,1109980.0,1563772.0,3767422.0,5.24,1.1001687388062846,1.3241379310344827,0.014913090786068839,0.408828987909692,5.18542115322876
2024,9914,美利達,9322709.0,0.07031732943718398,2.19,2989838.0,2.25,2.53,0.09005739764711876,0.1133737776547118,3242964.0,2922801.0,2556013.0,8721778.0,2.31,1.2589057713943281,1.1244444444444444,-0.09872542525911476,-0.12549195104285238,2.5823372727859684
2024,1708,東碱,1619593.0,0.17849916614853237,1.16,2490017.0,-0.37,0.42,-0.06572066109128923,0.07591447825762233,508507.0,553054.0,559176.0,1620737.0,1.17,-1.1551082566283593,-1.135135135135135,0.08760351381593567,0.01106944349014749,-1.3420512919501384
2024,6213,聯茂,7595918.0,0.026361264036815563,0.55,3629572.0,0.12,0.64,0.007658483352172009,0.035309175759554966,2726264.0,2487284.0,2749315.0,7962863.0,0.69,4.610465824090483,5.333333333333334,-0.08765842192832385,0.10534824330474524,2.666397331560204
2024,6152,百一,861389.0,0.04792143851384218,0.25,1677385.0,0.05,0.13,0.012859268588417122,0.04956950539509941,194233.0,282430.0,136410.0,613073.0,-0.17,3.854768648331113,2.6,0.4540783491991578,-0.5170130651842935,0.675161391248286
2024,1225,福懋油,3040753.0,0.044564290489888525,0.59,2296382.0,0.18,0.54,0.011487651929918059,0.035663546606421785,1064684.0,1077680.0,1030261.0,3172625.0,0.3,3.104511420087584,3.0000000000000004,0.012206438717967005,-0.044001002152772584,1.911414456373245
2024,3652,精聯,701110.0,0.045927172626264064,0.43,750975.0,0.23,0.26,0.02566935600610936,0.03708121504093757,186464.0,194490.0,208713.0,589667.0,0.26,1.444571302533346,1.1304347826086956,0.04304316114638751,0.07312972389325934,0.5209427968100772
2024,2434,統懋,14779.0,-1.6680424927261654,-0.66,370000.0,-0.23,-0.3,-0.6253587460445948,-0.5354415508126101,5833.0,3670.0,3733.0,13236.0,0.11,0.856215019297783,1.3043478260869563,-0.3708211897822733,0.01716621253405992,-0.510910685745165
2024,2890,永豐金,16127720.0,0.32703047919978767,0.42,126858509.0,0.43,0.45,0.3891530459327322,0.3879733830718001,6330359.0,5499468.0,5314128.0,17143955.0,0.47,0.9969686402990766,1.0465116279069768,-0.1312549572622974,-0.03370144166672118,0.44061689314072133
2024,8046,南電,8120606.0,0.014604451933759623,0.19,6461655.0,2.43,1.67,0.1551801262389054,0.10517225128146161,3125412.0,3097645.0,2968814.0,9191871.0,0.09,0.6777430450052937,0.6872427983539094,-0.008884268698014841,-0.04158998206702191,0.14080253942147794
2024,8101,華冠,14832.0,-2.3290183387270766,-0.48,728311.0,-0.74,-0.8,-1.3354267912772586,-1.7863506934876459,3693.0,11407.0,18973.0,34073.0,-0.94,1.3376627645601633,1.0810810810810811,2.088816680205795,0.6632769352152188,-1.4575150578608438
2024,3005,神基,8653783.0,0.13346313398429335,1.89,6121179.0,1.68,1.81,0.11827626466675684,0.12184982336202767,3052995.0,2983796.0,3099271.0,9136062.0,1.85,1.030213658719603,1.0773809523809526,-0.02266593951185636,0.03870070205871978,2.052166438432837
2024,5283,禾聯碩,1910943.0,0.10536891995208648,2.76,730004.0,3.38,2.29,0.12503118442099703,0.10365442904852472,839579.0,594731.0,504099.0,1938409.0,3.13,0.8290286101706126,0.6775147928994083,-0.29163187740522334,-0.15239158543946763,2.31954191478612
2024,6108,競國,1327696.0,0.00048128487244067917,0.0,1598993.0,0.46,0.62,0.05112797546703142,0.05930066653249909,521927.0,437950.0,399813.0,1359690.0,2.27,1.1598477348421046,1.3478260869565217,-0.16089797998570676,-0.08708071697682385,0.00474675187866827
2024,2423,固緯,671255.0,0.08823025526811719,0.41,1450472.0,0.61,0.78,0.1228257690126943,0.1512856957914837,225758.0,231255.0,216200.0,673213.0,0.57,1.2317097381726794,1.278688524590164,0.024349081760114855,-0.0651012951071328,0.504393004910081
2024,2483,百容,504353.0,0.04440738926902388,0.21,1090938.0,0.35,0.19,0.07622710630232515,0.047843634897656265,134431.0,142647.0,142513.0,419591.0,0.14,0.6276459545493319,0.5428571428571429,0.06111685548720169,-0.0009393818306728807,0.10720031714819121
2024,1795,美時,4742928.0,0.28074851652818683,5.09,2655183.0,4.85,4.76,0.2849808063905005,0.27243793692340323,2722045.0,1325338.0,1186821.0,5234204.0,5.98,0.9559869675927923,0.9814432989690722,-0.5131094452883769,-0.10451447102550449,5.290852181516322
2024,5007,三星,1711475.0,0.1801691523393564,1.05,2949401.0,0.82,0.95,0.1517630100738993,0.1644628729601283,613777.0,614475.0,552692.0,1780944.0,0.86,1.0836822021390122,1.1585365853658536,0.001137220847311049,-0.10054599454819158,1.1789593107990417
2024,1319,東陽,6185861.0,0.16826162113891663,1.76,5914771.0,1.28,1.65,0.1365377021727946,0.15831956467197653,2017106.0,2127240.0,2171105.0,6315451.0,1.49,1.1595300210312314,1.2890625,0.054600006147421,0.020620616385551127,2.0832121565120514
2024,3515,華擎,5224422.0,0.05056387098898213,2.17,1216357.0,1.29,2.53,0.03865807206874765,0.06301020231233918,1992184.0,2230561.0,2042426.0,6265171.0,2.5,1.6299364903734692,1.961240310077519,0.11965611610172555,-0.08434425241004395,4.245050562595209
2024,6426,統新,77957.0,-0.4109958053798889,-0.84,385090.0,-1.06,-0.19,-0.5939431575298942,-0.07047373125434502,29022.0,20423.0,25731.0,75176.0,-1.02,0.118653999731949,0.1792452830188679,-0.2962924677830612,0.25990305048229945,-0.09519995538007309
2024,8039,台虹,2880719.0,0.09710179993258627,1.25,2339347.0,0.67,1.32,0.06669567956297923,0.11119206501617201,1016215.0,964565.0,872939.0,2853719.0,0.63,1.6671554401237618,1.9701492537313432,-0.05082585870116063,-0.09499204304531061,1.974785522368621
2024,8464,億豐,7413635.0,0.23856852947305876,6.03,2930202.0,4.62,5.41,0.20185873988238234,0.22973215109556117,2703110.0,2629809.0,2527173.0,7860092.0,6.05,1.1380837472255099,1.170995670995671,-0.027117283425387773,-0.039027929404759076,7.283119633773057
2024,1611,中電,302663.0,0.15657017871361878,0.14,3227358.0,0.12,0.13,0.12173049581368058,0.12208837701257493,86707.0,104273.0,86346.0,277326.0,0.11,1.0029399469418256,1.0833333333333335,0.20259033296042994,-0.1719237002867473,0.13493587251044947
2024,1721,三晃,607849.0,-0.0661200396809076,-0.22,1848841.0,-0.43,-0.42,-0.16036253824802532,-0.14826006993020377,230662.0,186050.0,231382.0,648094.0,-0.11,0.9245305764672842,0.9767441860465116,-0.19340853716693696,0.24365493147003492,-0.21428551824896966
2024,2462,良得電,1078417.0,0.07983831857250025,0.57,1501440.0,0.26,1.17,0.04264667402359526,0.15859796884375207,387851.0,372570.0,370385.0,1130806.0,0.12,3.718882479698278,4.5,-0.03939915070478095,-0.005864669726494354,2.2361655823897273
2024,6277,宏正,1211679.0,0.08699086144102522,0.88,1194711.0,0.95,1.03,0.09135512504859401,0.10167771558538453,408937.0,405402.0,445707.0,1260046.0,0.91,1.1129941043953437,1.0842105263157895,-0.008644363312686254,0.09941983512661512,1.0211511553329657
2024,1618,合機,983216.0,0.17822838521749035,0.91,1926917.0,0.39,0.47,0.0780959826960306,0.06481399984100124,580373.0,489016.0,276802.0,1346191.0,1.18,0.8299274508558755,1.205128205128205,-0.15741083751311657,-0.4339612609812358,1.0333814859024686
2024,6799,來頡,242500.0,0.11911340206185567,0.7,426808.0,1.48,1.5,0.2312571010567929,0.21528698918683745,74519.0,73209.0,73307.0,221035.0,0.55,0.9309421773559574,1.0135135135135136,-0.0175794092781707,0.001338633228155084,0.5742643186143606
2024,2303,聯電,56799290.0,0.24271717128858478,1.11,125285889.0,1.27,1.29,0.2778315270132332,0.2798534093904475,20896877.0,20645494.0,18942714.0,60485085.0,1.17,1.0072773684072145,1.015748031496063,-0.012029692283684335,-0.08247707708035468,1.1803089890630174
2024,2429,銘旺科,64813.0,-0.6540817428602287,-0.96,455000.0,-0.28,-0.12,-0.07207768479192002,-0.04945446669494355,20440.0,25658.0,31408.0,77506.0,-0.4,0.6861272922085789,0.4285714285714285,0.2552837573385518,0.2241016447112012,-0.7644703554103697
2024,1737,臺鹽,803729.0,0.12303400773146173,0.5,2000000.0,0.19,0.76,0.04326031292464727,0.16531806461135082,255573.0,298472.0,284881.0,838926.0,0.45,3.8214717701952168,4.0,0.16785419430064996,-0.045535259588839194,1.972193328541089
2024,5531,鄉林,196547.0,-2.1967519219321585,-0.44,9775892.0,-0.35,-0.15,-0.9780501444682635,-0.22903214175182612,60398.0,84268.0,917553.0,1062219.0,0.25,0.234172187435588,0.4285714285714286,0.39521176197887353,9.88851046660654,-0.558951335564015
2024,2031,新光鋼,3669992.0,0.3962180299030625,4.52,3211463.0,1.36,1.33,0.11331470536610057,0.09632407490954929,1071075.0,1223057.0,1068782.0,3362914.0,-2.08,0.8500580273173068,0.9779411764705882,0.14189669257521653,-0.12613884716738466,3.5269202982427337
2024,9911,櫻花,2297641.0,0.13391996399785694,1.4,2211212.0,0.89,1.45,0.10323056505808144,0.14894034757574168,803921.0,807192.0,852354.0,2463467.0,1.53,1.4427931058203758,1.6292134831460674,0.004068807755986059,0.05594951387030589,2.1526119590539974
2024,2614,東森,1426390.0,0.08876043718758544,0.42,3002431.0,0.11,0.05,0.03743236764366184,-0.01561386863911444,483144.0,449100.0,459592.0,1391836.0,0.21,-0.4171221224302713,0.4545454545454546,-0.07046346430877748,0.023362280115787115,-0.17163177193572343
2024,2702,華園,372813.0,0.09744027166434646,0.23,1566133.0,0.22,0.54,0.0878467510164501,0.22520381159698658,135068.0,119772.0,122970.0,377810.0,-0.19,2.5635986418531873,2.4545454545454546,-0.11324666094115554,0.026700731389640353,0.6026058272819681
2024,6184,大豐電,534412.0,0.2340927973174255,0.85,1582306.0,1.05,0.8,0.3003668570527162,0.2290933694181326,173931.0,177361.0,175511.0,526803.0,1.04,0.7627118772891954,0.7619047619047619,0.01972046386210624,-0.010430703480472037,0.5944376729404218
2024,5469,瀚宇博,10400730.0,0.08898750376175518,1.76,5284413.0,1.51,1.95,0.07397663473475513,0.08765732246121533,3967379.0,4006952.0,3833666.0,11807997.0,1.56,1.1849325503317718,1.2913907284768211,0.009974595318470891,-0.04324633786479104,2.3561456619506322
2024,2505,國揚,240084.0,0.19781409839889372,0.13,3800000.0,0.14,0.11,2.4113821888115115,0.27127258156075734,446.0,712.0,71832.0,72990.0,0.1,0.11249671778261679,0.7857142857142857,0.5964125560538116,99.88764044943821,0.0042744167160663656
2024,2433,互盛電,698968.0,0.13401758020395785,0.65,1444960.0,0.65,1.54,0.13049349628705165,0.30707709502152286,230960.0,223619.0,226267.0,680846.0,1.45,2.353198463975809,2.3692307692307693,-0.03178472462764115,0.011841569812940822,1.485981469583972
2024,6005,群益證,4349089.0,0.28717278492116394,0.58,21709081.0,0.5,0.5,0.3947180184397924,0.30072955065452195,1760473.0,1568931.0,1417117.0,4746521.0,0.57,0.7618845266887486,1.0,-0.10880144143079729,-0.09676270020797595,0.4783727151537564
2024,2357,華碩,144906624.0,0.0814589607718692,15.9,7427603.0,3.48,14.94,0.022352709377112864,0.08216881968012395,47328857.0,57139671.0,62060474.0,166529002.0,16.83,3.676011632140546,4.293103448275862,0.2072903218431834,0.08611885427201704,67.13622822792635
2024,2834,臺企銀,8377823.0,0.40578632420379374,0.41,91679828.0,0.34,0.25,0.34391371872434157,0.26255526424921455,3209856.0,3061150.0,3238422.0,9509428.0,0.21,0.7634335298489835,0.7352941176470588,-0.04632793496032217,0.057910262483053865,0.32132849595437674
2024,1444,力麗,2003295.0,0.047506732657946034,0.1,9955950.0,-0.04,0.16,-0.018026984281737133,0.07588558062584888,633467.0,693298.0,710908.0,2037673.0,-0.08,-4.209554933862533,-4.0,0.09445006606500428,0.025400332901580613,-0.4093013033980539
2024,3711,日月光投控,140238063.0,0.05550168644300228,1.8,43901781.0,1.8,2.04,0.05679987529953326,0.0569243146929549,51595954.0,52929761.0,55579391.0,160105106.0,2.23,1.002190839201062,1.1333333333333333,0.025850999867160107,0.05005936074413797,2.0285216708610596
2024,1235,興泰,23550.0,2.1944373673036095,0.6,1571480.0,-0.77,1.59,-2.6794654221467966,3.4186423975421714,6081.0,13339.0,13412.0,32832.0,0.65,-1.275867331328778,-2.064935064935065,1.193553691827002,0.00547267411350183,-0.5849479028130711
2024,5222,全訊,363251.0,0.32310716281579405,1.57,819975.0,2.02,1.4,0.3934172638946021,0.39637535811991487,109418.0,118471.0,102782.0,330671.0,1.25,1.0075189741193087,0.693069306930693,0.08273775795572935,-0.1324290332655249,1.3127901720940551
2024,2020,美亞,1419039.0,0.13044884601480297,0.41,2670313.0,0.69,1.45,0.07364719587525079,0.17675949806839444,358514.0,461820.0,413855.0,1234189.0,0.72,2.400084564900517,2.101449275362319,0.2881505324757192,-0.10386081157160798,1.4470591604008014
2024,2008,高興昌,391563.0,0.08683915487418371,0.18,1908523.0,1.7,0.23,0.9755830666674553,0.1162740654383805,123820.0,116389.0,105624.0,345833.0,0.16,0.119184177556061,0.13529411764705884,-0.06001453723146499,-0.09249155848061241,0.01875440222708014
2024,2474,可成,4672447.0,0.735229741503756,5.04,6803641.0,6.5,6.56,0.6505076500096637,1.0351638618655044,1991891.0,1665219.0,1463194.0,5120304.0,2.11,1.591316968909015,1.0092307692307692,-0.16400094181860347,-0.12132037888109615,8.805096449320482
2024,2884,玉山金,18646944.0,0.3460274241183971,0.39,159958000.0,0.28,0.34,0.2902926176820344,0.31633926909739163,7876160.0,7721624.0,6863663.0,22461447.0,0.52,1.0897255039530038,1.2142857142857142,-0.019620728883110505,-0.11111147085120954,0.529491997051126
2024,2727,王品,5359670.0,0.06529245270697637,4.24,844511.0,4.84,3.7,0.06714311834414523,0.0648453927534978,1826000.0,2119687.0,1783234.0,5728921.0,4.4,0.9657786881617513,0.7644628099173554,0.16083625410733848,-0.15872768007729443,4.27767832828982
2024,8271,宇瞻,1883778.0,0.04718178044334311,0.69,1287292.0,0.96,1.14,0.0717861300566047,0.07262213834217691,611872.0,668693.0,617432.0,1897997.0,0.27,1.011645819114542,1.1875,0.09286419381831501,-0.07665849649988854,0.7037546342227503
2024,3557,嘉威,1186844.0,0.0676761225569662,1.0,803004.0,0.64,1.14,0.0522714287747521,0.08587565334169361,452255.0,456024.0,343772.0,1252051.0,1.08,1.6428793961563353,1.7812499999999998,0.008333793987905125,-0.24615371120818208,1.7335862833128484
2024,2365,昆盈,263528.0,0.14936173765216598,0.17,2215285.0,0.13,0.14,0.15941190951925666,0.13866554069229456,89291.0,99872.0,75538.0,264701.0,0.22,0.8698568451408207,1.076923076923077,0.11850018478906055,-0.24365187439923097,0.15524339011711455
2024,1524,耿鼎,639873.0,0.16291514097328688,0.63,1653104.0,0.49,0.83,0.1205734238162941,0.19641456792219622,222814.0,258060.0,254120.0,734994.0,0.69,1.629003819460695,1.693877551020408,0.15818575134417046,-0.015267767185925707,1.1799596820912246
2024,2527,宏璟,458980.0,0.01802910802213604,0.03,2703060.0,0.11,2.59,0.13092558934555246,0.3719095878793059,176936.0,361450.0,151899.0,690285.0,1.27,2.8406180162208274,23.545454545454543,1.0428290455305875,-0.5797510029049662,0.13078556964992383
2024,2428,興勤,1949789.0,0.2244222323543727,3.41,1281127.0,2.43,2.6,0.17150880646800434,0.18886033913030165,660316.0,650842.0,665600.0,1976758.0,2.96,1.1011699225225167,1.0699588477366255,-0.014347675961206452,0.02267524222468742,3.813129365083337
2024,1471,首利,78458.0,0.03702617961202172,0.02,1504145.0,-0.23,0.06,-0.5109978259239824,0.12820623047602672,19763.0,24686.0,24269.0,68718.0,0.23,-0.2508938863765324,-0.2608695652173913,0.24910185700551546,-0.016892165599935227,-0.004244043133239212
2024,1419,新紡,888171.0,0.24032083911769242,0.71,3000413.0,0.56,0.97,0.24550219619326502,0.35518979125717187,263356.0,476876.0,395516.0,1135748.0,0.8,1.4467886510373953,1.732142857142857,0.8107656556144534,-0.1706103892835873,1.3161259960217428
2024,3356,奇偶,287818.0,0.7123355731747146,2.28,898221.0,1.05,0.34,0.28801817981893485,0.09556234375837361,96274.0,79456.0,89317.0,265047.0,0.19,0.33179274939675585,0.3238095238095238,-0.17468890873963894,0.12410642368103098,0.6974148856408423
2024,6558,興能高,282659.0,0.013882452000466994,0.04,937509.0,-0.09,0.45,-0.028850874608985957,0.12536130397210882,108076.0,113334.0,110384.0,331794.0,0.01,-4.345147440801101,-5.0,0.048650949331951576,-0.026029258651419696,-0.21348323772487376
2024,2849,安泰銀,1408773.0,0.2491394994083504,0.17,19576094.0,0.34,0.35,0.4244443098540367,0.4644347208718293,478886.0,479162.0,516176.0,1474224.0,0.24,1.0942182757298478,1.0294117647058822,0.0005763375834750839,0.07724736101777685,0.20529765420456694
2024,2538,基泰,580125.0,0.0506959706959707,0.07,4450255.0,0.04,-0.17,0.340469859915076,-0.5195295769703353,53765.0,143178.0,18799.0,215742.0,-0.12,-1.5259194370389275,-4.25,1.663033572026411,-0.8687018955426113,-0.03750203646855622
2024,4532,瑞智,6158617.0,0.05289077076882683,0.65,5049151.0,0.52,0.43,0.05821062619437165,0.05261196103240235,1834834.0,1574888.0,1565303.0,4975025.0,0.3,0.9038205645946026,0.8269230769230769,-0.1416727616776231,-0.0060861470783953875,0.47101964751564807
2024,1773,勝一,2636817.0,0.1750678943589942,1.85,2500000.0,1.64,1.55,0.17625721875276076,0.1536476153699156,862374.0,1053025.0,960837.0,2876236.0,1.91,0.8717238162338188,0.9451219512195123,0.22107693413762464,-0.08754587972745187,1.7557793172194633
2024,1312,國喬,5053146.0,-0.050663883450032914,-0.23,11266203.0,-0.76,-0.22,-0.17651229548051756,-0.05254146823196941,1605255.0,1506252.0,1200035.0,4311542.0,-0.29,0.2976646362732768,0.2894736842105263,-0.06167431342683871,-0.20329732342264106,-0.057713945700063794
2024,2390,云辰,175525.0,0.22148411907135734,0.2,1926194.0,0.08,0.29,0.08853607312474643,0.3634900234970337,56902.0,52023.0,57272.0,166197.0,-0.48,4.105558453952209,3.6249999999999996,-0.08574391058310782,0.1008976798723642,0.7845813600885994
2024,2481,強茂,3280543.0,0.08595894033396301,0.74,3821149.0,0.79,0.64,0.08524098512040078,0.07448836447707355,1098000.0,1127773.0,1109296.0,3335069.0,0.66,0.8738562133210988,0.810126582278481,0.027115664845173137,-0.0163836162064529,0.6556044344645353
2024,6416,瑞祺電通,1124518.0,0.08459891260077651,1.3,733485.0,1.4,1.0,0.1015362076471767,0.07937547672182949,332154.0,355111.0,432664.0,1119929.0,1.2,0.7817455325655605,0.7142857142857143,0.06911553074778576,0.2183908693338139,1.0097862267322129
2024,2201,裕隆,22898356.0,0.05302603383404468,1.16,10700013.0,1.12,1.2,0.056096723634561425,0.061262032644868104,7328257.0,6999969.0,7066281.0,21394507.0,1.21,1.0920786219879035,1.0714285714285714,-0.044797555544244694,0.009473184809818402,1.1578732702411811
2024,2355,敬鵬,4168378.0,0.08152475615215318,0.85,3974954.0,0.41,0.9,0.04054566765441879,0.08142206581317689,1308420.0,1383884.0,1372888.0,4065192.0,0.66,2.008156987502542,2.1951219512195124,0.057675669891930736,-0.007945752678692686,1.6743109760216437
2024,1731,美吾華,350274.0,0.13417210526616305,0.35,1329152.0,0.36,0.3,0.15232014918982692,0.13095469410203295,118477.0,117280.0,116047.0,351804.0,0.3,0.8597332316083307,0.8333333333333334,-0.010103226786633668,-0.010513301500682082,0.3053177633476422
2024,1786,科妍,210557.0,0.3220505611307152,1.0,702893.0,0.76,0.82,0.27933168181768575,0.2649286501016512,76012.0,85867.0,60324.0,222203.0,0.82,0.9484375290969137,1.0789473684210527,0.1296505814871336,-0.2974716713056238,0.9655916254190886
2024,3447,展達,488514.0,-0.03191310791502393,-0.21,770841.0,-0.05,-0.17,-0.004473999718979765,-0.02625159671131264,215676.0,259414.0,317504.0,792594.0,1.18,5.867590156509657,3.4,0.2027949331404515,0.22392777567903033,-1.9253728628112092
2024,2353,宏碁,67138026.0,0.020905961697473798,0.47,30478538.0,0.47,0.66,0.023894977627525047,0.029772278586075573,23451834.0,22822491.0,26310042.0,72584367.0,0.5,1.2459638611161685,1.4042553191489364,-0.026835555803439548,0.15281202214079093,0.6203325345302964
2024,1907,永豐餘,19728212.0,0.0006519597417140489,0.01,16603715.0,0.12,0.68,0.01050238380558206,0.06133394698601273,6576215.0,6865287.0,6621413.0,20062915.0,0.47,5.840002433867775,5.666666666666667,0.0439572003044304,-0.03552276838535662,0.04600685753945137
2024,2543,皇昌,3951949.0,0.23060115401286807,3.27,3307315.0,0.38,0.69,0.032883176791819506,0.05382290210498923,1015010.0,903191.0,1016528.0,2934729.0,0.85,1.6367914342868173,1.8157894736842104,-0.1101654170894868,0.1254850856574079,3.349247662907406
2024,1468,昶和,340210.0,0.2193645101554922,0.46,1604053.0,0.14,0.28,0.08046178004245691,0.19236836660804799,81353.0,88307.0,80796.0,250456.0,0.09,2.390804261433712,2.0,0.0854793308175481,-0.08505554486054334,0.8188853740491163
2024,4133,亞諾法,91778.0,0.19933971104186188,0.3,605536.0,0.2,0.16,0.12194825578451723,0.10811731879273254,29883.0,33086.0,27464.0,90433.0,0.05,0.8865835603567468,0.7999999999999999,0.10718468694575511,-0.16992081242821733,0.2639371172611833
2024,2882,國泰金,71515401.0,0.4705519724345809,2.06,162025102.0,1.5,1.83,0.2711280138299692,0.3343354945208998,53958453.0,21592841.0,19530721.0,95082015.0,2.12,1.2331278122022813,1.22,-0.599824683632053,-0.09550017063525829,3.405114848885995
2024,6869,雲豹能源,1013380.0,0.13221397698790188,1.13,1324215.0,2.83,4.11,0.16136542180847405,0.18333237075454625,213391.0,182335.0,222775.0,618501.0,0.01,1.1361316984759284,1.452296819787986,-0.1455356598919355,0.22178956316669862,0.7015973646605557
2024,8462,柏文,1276641.0,0.07088523711834416,1.17,793421.0,0.39,0.69,0.027423781060862372,0.04527922659061169,445994.0,453356.0,445693.0,1345043.0,1.23,1.6510934976516267,1.769230769230769,0.016506948523971277,-0.016902831329021817,1.9840834800912326
2024,6117,迎廣,757195.0,0.1204656660437536,1.03,886500.0,-0.09,0.71,-0.013580461354307875,0.09641707479180259,193638.0,227261.0,256852.0,677751.0,0.84,-7.099690671496813,-7.888888888888888,0.17363843873619844,0.13020711868732437,-6.538741078401833
2024,2363,矽統,50158.0,-2.4039236014195144,-0.16,4872331.0,1.15,-0.12,22.96080779054917,-1.1048554927530878,14147.0,21684.0,176923.0,212754.0,1.04,-0.04811919087654461,-0.10434782608695653,0.5327631299922244,7.159149603394209,0.05051029758205218
2024,2478,大毅,1265261.0,0.10177741983669772,0.89,1447313.0,0.91,0.85,0.11548524623036718,0.10212768454308387,441014.0,464905.0,421211.0,1327130.0,0.4,0.8843353404586594,0.934065934065934,0.05417288340052706,-0.09398479259203496,0.825314397479866
2024,1725,元禎,2031037.0,0.030241201908187788,0.34,1818300.0,0.22,0.68,0.021756759126135287,0.06489890820128023,788899.0,763853.0,606712.0,2159464.0,1.08,2.982930859556214,3.0909090909090913,-0.03174804379267815,-0.20572151971649,1.0713285152846523
2024,2228,劍麟,1204797.0,0.0932771246940356,1.48,757803.0,1.49,1.86,0.09603185493459153,0.1055844219091253,438113.0,443891.0,478609.0,1360613.0,1.79,1.0994728986651372,1.2483221476510067,0.013188378340747597,0.07821289460700931,1.8413569058523072
2024,2489,瑞軒,5902021.0,0.04144834455858425,0.33,7401000.0,-0.32,0.07,-0.0672096995176517,0.00938866197990604,2346202.0,2622042.0,2461537.0,7429781.0,0.22,-0.13969206896156763,-0.21875000000000003,0.117568734490892,-0.06121374104610067,-0.058125211710050556
2024,8210,勤誠,3607378.0,0.12566412502377072,3.77,1205877.0,2.07,2.09,0.09913139642891951,0.10621609893226086,1502967.0,1303517.0,1465146.0,4271630.0,5.34,1.071467796869192,1.0096618357487923,-0.1327041778029724,0.12399454705999235,4.769590026609025
2024,8213,志超,4748497.0,0.04523789316914384,0.79,2712425.0,1.02,1.1,0.05510150464452469,0.057760978044685725,1697338.0,1565697.0,1383790.0,4646825.0,0.73,1.0482649869058576,1.0784313725490198,-0.07755732800420423,-0.11618276077682976,0.8124039558897027
2024,2945,三商家購,3481351.0,0.007788355727417316,0.4,675000.0,0.26,0.59,0.0050963262785394415,0.01049295347796081,1250292.0,1262679.0,1238277.0,3751248.0,0.64,2.058924979381028,2.269230769230769,0.009907285658070197,-0.0193255768093078,0.8911653786960309
2024,6464,台數科,1052429.0,0.2355769367814836,1.96,1276131.0,1.86,1.91,0.22985892717959058,0.23391508907292544,356125.0,362157.0,365552.0,1083834.0,1.65,1.0176463100350492,1.0268817204301075,0.016937872937872855,0.009374387351342106,2.0360908138611635
2024,3014,聯陽,1616779.0,0.2503929108431022,2.51,1610801.0,2.72,2.93,0.2556473632780539,0.26333321072653443,566739.0,658227.0,638504.0,1863470.0,3.08,1.0300642547215364,1.0772058823529411,0.16142880585242936,-0.029963827068777205,2.983780424324362
2024,2015,豐興,9017004.0,0.08598853898700722,1.34,5815994.0,1.06,0.91,0.06835014567435625,0.06549558011830832,2784384.0,2749966.0,2645006.0,8179356.0,0.78,0.9582361452505446,0.8584905660377359,-0.01236108237944189,-0.03816774461938799,1.158799448388859
2024,4562,穎漢,157646.0,-0.032122603808533046,-0.05,875460.0,-0.42,0.08,-0.23731274888827217,0.03199984679905781,79105.0,69444.0,76153.0,224702.0,-0.18,-0.1348425103538094,-0.1904761904761905,-0.12212881613045956,0.09661021830539718,0.011117527196774873
2024,2438,翔耀,88507.0,-0.043002248409730305,-0.07,651956.0,-0.11,-0.21,-0.1956045257982347,-0.32771924427696175,31044.0,38307.0,33800.0,103151.0,-0.37,1.675417493228162,1.909090909090909,0.23395825280247395,-0.11765473673218996,-0.11399068550157107
2024,6141,柏承,579584.0,-0.3783265238515901,-1.93,1133540.0,-0.46,-0.64,-0.07276479144819187,-0.10021936309061277,193969.0,147488.0,180225.0,521682.0,-1.61,1.3773057147008854,1.391304347826087,-0.23963107506869652,0.22196382078541976,-2.3980936643337047
2024,2540,愛山林,2621710.0,0.20933055143398774,1.31,6249101.0,1.07,0.29,0.15235760700922243,0.1449010903309206,691205.0,868070.0,993268.0,2552543.0,-0.24,0.9510591113586441,0.27102803738317754,0.25587922541069585,0.14422569608441727,0.8131967814023021
2024,6552,易華電,574998.0,0.1166577970705985,0.8,830000.0,0.43,0.27,0.080883147038177,0.045284286120224226,186693.0,163860.0,142201.0,492754.0,-0.71,0.5598729497858183,0.627906976744186,-0.12230238948434058,-0.1321799096789943,0.3877531389629537
2024,2328,廣宇,5446118.0,0.05057510689265271,0.53,5183462.0,0.63,0.63,0.05192662389122679,0.04787626641631958,1930261.0,2109223.0,1975658.0,6015142.0,0.55,0.9219984437387708,1.0,0.09271388687851023,-0.0633242668034627,0.5411192232401997
2024,2024,志聯,298077.0,0.01592541524505413,0.05,975000.0,-0.16,-0.1,-0.08360221836865078,-0.04086388010217027,95736.0,88268.0,77005.0,261009.0,-0.01,0.488789423289914,0.625,-0.07800618367176404,-0.1276000362532288,0.020838354982128302
2024,1617,榮星,934319.0,0.047978260101742554,0.28,1679507.0,0.15,0.12,0.03419615117362684,0.025077570394802916,312481.0,291704.0,289270.0,893455.0,-0.13,0.7333448219793675,0.8,-0.06649044261891124,-0.008344074815566427,0.18717316741460213
2024,3701,大眾控,3544996.0,0.006015803684968897,0.09,2347142.0,0.7,0.88,0.0455328675408854,0.05131277008054352,1252642.0,1110730.0,1079979.0,3443351.0,-0.1,1.1269391288494661,1.2571428571428573,-0.1132901499390887,-0.027685396090859182,0.09945715776518418
2024,9924,福興,1971444.0,0.11851921738583496,1.24,1884521.0,1.2,2.14,0.10666294494233301,0.15109634182991694,716592.0,951737.0,554996.0,2223325.0,1.16,1.416577630700209,1.7833333333333334,0.3281434902985241,-0.41685990982803023,1.9807566591095083
2024,4108,懷特,44125.0,-0.3594334277620397,-0.08,1986189.0,-0.07,0.03,-0.382206658546488,0.16752843846949328,13658.0,10474.0,15687.0,39819.0,-0.06,-0.43831899503424454,-0.4285714285714285,-0.23312344413530528,0.4977086118006493,0.0315848292244348
2024,3518,柏騰,93607.0,-0.4873032999668828,-0.53,840422.0,0.01,-0.18,0.0023082490561608733,-0.1447686762454945,49639.0,29288.0,27063.0,105990.0,-0.71,-62.71796185038919,-18.0,-0.4099800560043514,-0.07596968041518715,38.54417625493804
2024,1717,長興,11569586.0,0.03850371136875598,0.38,11782655.0,0.3,0.51,0.03298254358711372,0.05326750994561805,3756430.0,3958986.0,3618106.0,11333522.0,0.38,1.6150212855757329,1.7000000000000002,0.05392247426412844,-0.08610285563020426,0.5981396250348167
2024,2420,新巨,563506.0,0.2964280770746008,1.1,1526487.0,0.97,1.04,0.2751855454039971,0.2985369166768859,205050.0,209957.0,167314.0,582321.0,1.08,1.0848568235610156,1.0721649484536082,0.023930748597903007,-0.20310349261991745,1.2267642285640021
2024,2712,遠雄來,30090.0,-2.4916583582585576,-0.72,1050000.0,0.03,0.31,0.020055234540182782,0.1533323417033105,22948.0,37558.0,34258.0,94764.0,-0.35,7.645502294979047,10.333333333333334,0.6366567892626809,-0.08786410351988927,-17.19287881854059
2024,6790,永豐實,2719536.0,0.06922614740161558,0.71,2671290.0,0.84,1.11,0.09013550566198875,0.1151260510730404,909582.0,937341.0,985886.0,2832809.0,0.54,1.2772552861107482,1.3214285714285716,0.030518413952782764,0.05179011693716595,0.9376572731831488
2024,4440,宜新實業,285569.0,0.11619608570958333,0.49,675980.0,0.12,0.08,0.034199314936274705,0.021363966561402586,115958.0,96189.0,104341.0,316488.0,0.38,0.6246898980640733,0.6666666666666667,-0.1704841408096035,0.08474981546746507,0.3398438243501943
2024,2468,華經,596188.0,0.022130603098351527,0.19,699612.0,0.39,0.21,0.03538273442893562,0.029790061998992826,188910.0,146640.0,205182.0,540732.0,0.12,0.8419378117546176,0.5384615384615384,-0.22375734476734954,0.3992225859247136,0.1440118021352796
2024,3059,華晶科,1704446.0,0.045398915542058826,0.28,2788000.0,0.33,0.39,0.04163688098024524,0.04655797156697915,617420.0,618817.0,644493.0,1880730.0,0.28,1.1181906634425556,1.1818181818181819,0.002262641313854452,0.04149207277757405,0.34244830685113453
2024,6116,彩晶,2176727.0,-0.46248656813647276,-0.35,29403289.0,-0.26,-0.38,-0.2137502129834725,-0.33077281305914363,778066.0,625022.0,983993.0,2387081.0,-0.51,1.5474736068904853,1.4615384615384615,-0.19669796649641547,0.574333383464902,-0.5810233930816285
2024,2535,達欣工,4336137.0,0.10128185525503461,1.69,2707940.0,1.14,0.7,0.10317592650940298,0.06033926531635325,1223826.0,1153251.0,1114789.0,3491866.0,0.92,0.584819224384229,0.6140350877192983,-0.05766751155801564,-0.03335093574599113,0.7637862230370451
2024,5521,工信,1643372.0,0.004122012544938091,0.01,4922802.0,0.19,0.06,0.06662905854331203,0.019731034492024953,527994.0,709330.0,755194.0,1992518.0,0.2,0.2961325722349634,0.3157894736842105,0.3434432967041292,0.06465819858176025,0.004940664607312926
2024,9955,佳龍,352221.0,-0.06969487906740371,-0.23,1032082.0,-0.02,-0.2,-0.0067900126797897096,-0.07676613595194966,103667.0,96834.0,88398.0,288899.0,-0.22,11.305742650590624,10.0,-0.06591297134092822,-0.08711816097651648,-2.2056256268027403
2024,2480,敦陽科,1786850.0,0.11223158071466548,1.88,1063603.0,1.79,1.73,0.1006652350546462,0.10907075571966295,543574.0,593636.0,625350.0,1762560.0,1.71,1.0834997371282529,0.9664804469273742,0.09209785604167964,0.05342330990708111,2.015154024847754
2024,1536,和大,1646061.0,0.026378730800377385,0.15,2795175.0,0.77,0.4,0.12092210442196188,0.07194170568401541,504566.0,505903.0,446389.0,1456858.0,-0.3,0.5949425543651831,0.5194805194805195,0.0026498020080623075,-0.11763915216948706,0.08179695737606434
2024,4968,立積,1012030.0,0.07502445579676492,0.83,906752.0,-0.6,-0.5,-0.0737959276594476,-0.060952272607231225,300052.0,300012.0,308708.0,908772.0,-0.19,0.8259571298908648,0.8333333333333334,-0.00013331022622742328,0.02898550724637672,0.6210502998461356
2024,1726,永記,2228662.0,0.08602829859350587,1.18,1620000.0,1.17,1.35,0.08725670091663949,0.10001656893429801,812915.0,766451.0,776108.0,2355474.0,1.16,1.1462336747048074,1.153846153846154,-0.057157267364976616,0.012599631287584012,1.4337644151139664
2024,3231,緯創,240206609.0,0.01836829560339033,1.55,28968371.0,1.17,1.67,0.01570450521349455,0.02166607166187244,86190479.0,89820629.0,96903570.0,272914678.0,1.47,1.3796086770855567,1.4273504273504274,0.04211776105803988,0.07885650633775909,2.3874132340591903
2024,2536,宏普,182182.0,0.24995334335993677,0.14,3328087.0,-0.26,-0.33,-0.9987383265729648,-2.452293477065229,43962.0,14924.0,14922.0,73808.0,0.02,2.4553913791212376,1.2692307692307692,-0.660524998862654,-0.00013401232913423655,0.13610950152460702
2024,2906,高林,2305633.0,0.011549106037257447,0.12,2091167.0,0.12,0.15,0.013008946246129693,0.01487708739467868,812073.0,860048.0,549761.0,2221882.0,0.04,1.1436043406747705,1.25,0.05907720118757798,-0.36077870072368057,0.1403319104740971
2024,5522,遠雄,5349743.0,0.1939696916281773,1.33,7815962.0,0.01,0.77,0.0077958922365618764,0.12170614838877768,3292760.0,2887200.0,2776267.0,8956227.0,1.53,15.61157397969013,77.0,-0.12316719104945395,-0.038422346910501504,34.69950024672139
2024,6176,瑞儀,11948057.0,0.1507286917027597,3.87,4650273.0,4.8,4.09,0.18880481331085425,0.16723003780462545,4729816.0,4755093.0,4677603.0,14162512.0,3.64,0.8857297378816958,0.8520833333333333,0.005344182522110774,-0.016296211241294323,4.065921570860266
2024,1455,集盛,2698461.0,0.02291120753644392,0.12,5316884.0,-0.28,-0.16,-0.08568636331681861,-0.04474984377085977,823986.0,836096.0,715945.0,2376027.0,-0.12,0.5222516400351912,0.5714285714285714,0.01469685164553769,-0.14370478988058788,0.05347145206813739
2024,2616,山隆,2971294.0,0.0002221254443350271,0.01,1372818.0,0.19,0.1,0.006083056953634571,0.003438533476423049,782087.0,711679.0,668022.0,2161788.0,-1.74,0.5652640609206456,0.5263157894736842,-0.09002578996965815,-0.061343667580468164,0.0019771964437376903
2024,1712,興農,4896500.0,0.04715123047074441,0.55,4204926.0,0.67,0.59,0.06112619353124421,0.050559490791058606,1477212.0,1632276.0,1553265.0,4662753.0,0.58,0.8271329829366111,0.880597014925373,0.10497071510385791,-0.04840541673099408,0.43246645145098545
2024,8131,福懋科,2337549.0,0.12126932954132726,0.64,4422222.0,0.53,0.09,0.12276874604232052,0.026667958476833942,706068.0,738107.0,636214.0,2080389.0,0.27,0.21722107080609127,0.16981132075471697,0.04537664927457419,-0.13804638080928644,0.1239244313469061
2024,2109,華豐,1214403.0,0.10032336876638151,0.43,2793492.0,0.4,0.44,0.09212439251796661,0.10163112610677599,481342.0,427438.0,329846.0,1238626.0,0.22,1.1031945321859824,1.0999999999999999,-0.11198690328290484,-0.22831849297441964,0.4907349254466016
2024,6698,旭暉應材,189458.0,-0.13268376104466426,-0.38,663898.0,-0.36,0.15,-0.08754658475513888,0.04038498204582287,72486.0,68839.0,64797.0,206122.0,-0.29,-0.4612970586891149,-0.4166666666666667,-0.05031316392130891,-0.05871671581516291,0.19002968410929047
2024,9908,大台北,814051.0,0.2587945964073504,0.42,5163580.0,0.63,0.75,0.3909273820251071,0.5015869497583857,247355.0,244698.0,234086.0,726139.0,0.64,1.283069369968491,1.1904761904761905,-0.010741646621252876,-0.0433677430955709,0.46695410140976185
2024,6412,群電,8897788.0,0.10249468744366577,2.28,4007691.0,1.98,2.36,0.08522155319153527,0.09667057148225225,3209782.0,3532378.0,3620401.0,10362561.0,2.21,1.1343441636763572,1.1919191919191918,0.10050402176845652,0.02491890731965829,3.006208283085052
2024,3060,銘異,876686.0,0.03758472246619656,0.24,1375632.0,-0.38,0.08,-0.08905551148684115,0.015633809763100262,287142.0,308271.0,325945.0,921358.0,-0.32,-0.17555128820309246,-0.21052631578947367,0.07358380174269175,0.05733267157792987,-0.04419178150198637
2024,9931,欣高,619407.0,0.18399533747600527,0.95,1203693.0,0.5,0.26,0.18310079428196843,0.14863228798262476,127563.0,93133.0,116226.0,336922.0,0.52,0.811751191825725,0.52,-0.26990585044252646,0.24795722246679475,0.41806459341433866
2024,5484,慧友,175358.0,-0.018379543562312528,-0.05,668010.0,-0.22,-0.23,-0.1629833643040439,-0.17085673836598622,35962.0,41877.0,22572.0,100411.0,-0.45,1.048307838628577,1.0454545454545454,0.1644791724598187,-0.46099290780141844,-0.02896155548762641
2024,1609,大亞,7617354.0,0.12011651289936112,1.24,7736571.0,0.65,0.23,0.07615923018006883,0.02966132605845027,2688399.0,2713947.0,2415984.0,7818330.0,0.26,0.3894646254737585,0.35384615384615387,0.009503053676184203,-0.1097895426845108,0.4727550917546831
2024,1537,廣隆,2113519.0,0.1276364205857624,3.29,820628.0,2.07,2.21,0.1049816536674648,0.11146961102929819,725054.0,772132.0,706926.0,2204112.0,3.4,1.0618008683915796,1.067632850241546,0.06493033622323297,-0.08444929105386123,3.6400304823210465
2024,2013,中鋼構,4723096.0,0.02907732555086748,0.69,2000000.0,0.61,0.67,0.02346856503777276,0.03182080649009783,1843793.0,1443190.0,1602897.0,4889880.0,0.72,1.3558905897689995,1.098360655737705,-0.21727113618502725,0.11066249073233592,0.9639340271989796
2024,3189,景碩,7300482.0,0.012130431935863962,0.2,4543741.0,0.04,-0.76,0.0029635395348801222,-0.056739293142731906,2692121.0,2858462.0,2646537.0,8197120.0,0.41,-19.145785799353966,-19.0,0.06178808456232088,-0.07413951978371591,-4.189837563199086
2024,1309,台達化,4943005.0,-0.007972680585999812,-0.09,3975868.0,-0.04,-0.18,-0.004586530734773094,-0.018092989873924596,1620940.0,1885923.0,1678546.0,5185409.0,-0.25,3.944809469334058,4.5,0.16347489728182407,-0.10996048088919852,-0.41018658889855497
2024,6216,居易,376530.0,0.2689427137279898,1.08,944979.0,0.71,0.62,0.2873752176116706,0.24316011829319814,103287.0,127345.0,106524.0,337156.0,0.72,0.8461415716847922,0.8732394366197184,0.23292379486285797,-0.1635007263732381,0.8119168432033553
2024,2101,南港,2395380.0,0.22728752849234776,0.65,8339349.0,0.13,-0.01,0.0504022763763618,-0.0029487826118166655,894303.0,866206.0,7027665.0,8788174.0,3.12,-0.058504949058205975,-0.07692307692307693,-0.03141776333077273,7.113156685592111,-0.14013115752927108
2024,1723,中碳,2029330.0,0.17015566714137179,1.48,2369044.0,2.08,1.45,0.2100519626935849,0.18348897764203767,711610.0,876636.0,512032.0,2100278.0,1.49,0.8735408862125407,0.6971153846153846,0.2319051165666588,-0.41591264789490734,1.317750869589449
2024,6191,精成科,5681273.0,0.15197931871958978,1.82,4743030.0,1.39,2.57,0.10955677784474686,0.1984764308200732,2060797.0,1946010.0,1888438.0,5895245.0,1.9,1.8116307792598152,1.8489208633093526,-0.05570029459476111,-0.029584637283467163,3.4221588991690313
2024,2488,漢平,700841.0,0.1584938666544908,1.38,799994.0,1.12,1.92,0.13702368684161623,0.17763289233023882,301622.0,359809.0,336832.0,998263.0,1.66,1.2963663175664089,1.714285714285714,0.19291364688252188,-0.06385888068391843,2.563884424610706
2024,3305,昇貿,2025743.0,0.05456072167101157,0.84,1342375.0,0.69,0.58,0.05875782165807786,0.046799143091111155,750663.0,775948.0,764281.0,2290892.0,0.95,0.7964751205966013,0.8405797101449275,0.033683557068884484,-0.015035801368132873,0.7416228130380034
2024,2103,台橡,8944708.0,0.03631733981701806,0.39,8257099.0,0.05,0.19,0.0053196229958577075,0.02058679164745056,3323815.0,3195688.0,3410390.0,9929893.0,0.43,3.869971925356574,3.8,-0.038548174311747174,0.06718490666172672,1.6902032062739114
2024,6206,飛捷,1206180.0,0.22079291648012733,1.87,1430623.0,1.05,0.89,0.16447378419865344,0.15784935518036258,376150.0,367482.0,353472.0,1097104.0,1.32,0.9597234960539985,0.8476190476190476,-0.023043998404891686,-0.038124316293042915,1.625001847765189
2024,8940,新天地,309150.0,-0.31981562348374576,-1.46,674910.0,0.07,-0.1,0.015463054513979928,-0.02441120912257595,111925.0,52898.0,133124.0,297947.0,-0.31,-1.5786796263639968,-1.4285714285714286,-0.5273799419253964,1.5166168853264774,2.2288807529649413
2024,2460,建通,877278.0,0.00045025636115347703,0.0,1692000.0,-0.18,-0.31,-0.053717091995828144,-0.07032972571154984,277246.0,272499.0,257959.0,807704.0,-0.33,1.3092615980964102,1.7222222222222223,-0.017121978315286834,-0.05335799397428986,0.0028140911600101673
2024,2504,國產,5503805.0,0.3553750541670717,1.66,11800000.0,0.64,0.64,0.14557097949673561,0.14537082223488454,1706050.0,1906931.0,1755131.0,5368112.0,0.73,0.9986250194747397,1.0,0.11774625597139599,-0.07960434855797094,1.614466145698448
2024,3015,全漢,2898071.0,0.02856244722782844,0.44,1872620.0,0.75,1.9,0.039303110830509795,0.11736262503073681,970900.0,1108854.0,1043734.0,3123488.0,0.96,2.9860899697443752,2.533333333333333,0.14208878360284283,-0.058727298634446035,1.4226186180121827
2024,2607,榮運,5220782.0,0.1411074049826252,0.69,10671411.0,1.14,0.68,0.29797717880640107,0.16838615702598292,2229330.0,2190085.0,2039698.0,6459113.0,0.71,0.5650974940446201,0.5964912280701755,-0.0176039437858011,-0.0686671978484853,0.4826410112330438
2024,3029,零壹,4328599.0,0.04515248467229235,1.27,1548492.0,0.98,1.26,0.04751719442702219,0.05113160343735933,1447364.0,1709911.0,1794847.0,4952122.0,1.33,1.076065286554075,1.2857142857142858,0.18139666317526215,0.04967276074602722,1.553826932131638
2024,3592,瑞鼎,6452106.0,0.09165766960431214,7.8,758552.0,5.55,5.82,0.088627043785397,0.08797228593055105,2067886.0,2034277.0,2097378.0,6199541.0,7.08,0.9926122115002347,1.0486486486486488,-0.016252830185029543,0.031018882875832654,7.435712741210719
2024,5388,中磊,13710678.0,0.039765064864042465,1.84,2993346.0,2.05,2.53,0.03361059551719575,0.04196907658943686,5112855.0,4131359.0,4217710.0,13461924.0,1.83,1.2486858963259002,1.2341463414634146,-0.19196632801047553,0.02090135473581456,2.23308429047287
2024,1229,聯華,3939143.0,0.3419533131952813,0.74,17104388.0,0.73,0.67,0.336002041989368,0.3858328962082522,949035.0,918462.0,916900.0,2784397.0,0.44,1.1483052124440987,0.9178082191780823,-0.03221482874709569,-0.0017006691621428427,0.6392161951835224
2024,6753,龍德造船,1273105.0,0.1701792075280515,2.01,1131375.0,0.74,0.9,0.08440978794023185,0.07867323478999438,251305.0,399582.0,345462.0,996349.0,0.83,0.9320392422464163,1.2162162162162162,0.5900280535604145,-0.1354415364055438,1.39683660159708
2024,2105,正新,24346068.0,0.09674901096965638,0.73,32414155.0,0.64,0.61,0.0843739925714365,0.07782923672148785,8180468.0,8745988.0,8461855.0,25388311.0,0.72,0.9224315971013528,0.953125,0.06913051918301005,-0.03248723872019943,0.699004240093663
2024,1730,花仙子,602161.0,0.10957700681379233,1.04,632339.0,0.86,0.81,0.08705122981717156,0.08058597683786506,211860.0,209393.0,207137.0,628390.0,1.08,0.9257304808572483,0.9418604651162792,-0.011644482205229845,-0.010773999130821,1.0080528316828627
2024,1539,巨庭,321024.0,0.08309347587719298,0.41,653700.0,0.41,0.58,0.05938303912002129,0.09573488413164966,113171.0,142762.0,84391.0,340324.0,0.03,1.6121587165344684,1.4146341463414633,0.26147157840789603,-0.40886930695843426,0.6974110338383419
2024,5876,上海商銀,12816117.0,0.11456917879260933,0.31,48616031.0,1.13,1.02,0.4066139006630757,0.37407547334477737,5242067.0,4122056.0,3517947.0,12882070.0,0.98,0.9199770906374891,0.9026548672566372,-0.21365827640127455,-0.14655526271355845,0.27928715836708906
2024,2211,長榮鋼,3343618.0,0.23812588639013188,1.91,4170915.0,4.47,2.19,0.54249300109457,0.29635047925679286,968420.0,1150102.0,1159962.0,3278484.0,1.95,0.5462752121388781,0.4899328859060403,0.18760661696371406,0.008573152642113557,1.0224917984173973
2024,2605,新興,1148365.0,0.6108475963652671,1.2,5853533.0,0.18,0.18,0.0996353968782628,0.09728792917701064,395484.0,348527.0,346996.0,1091007.0,0.42,0.9764394203786797,1.0,-0.11873299551941419,-0.004392773013281559,1.1117000867021185
2024,8443,阿瘦,243132.0,-0.10203922149285162,-0.37,668000.0,0.07,0.11,0.014809712416049595,0.025800687379332065,68133.0,87499.0,113462.0,269094.0,-0.39,1.7421464140904803,1.5714285714285714,0.284238181204409,0.29672339112447,-0.7161093426717785
2024,6782,視陽,905072.0,0.15891000936942035,2.29,630000.0,0.9,1.59,0.10620303383897316,0.15396565329314224,331866.0,391347.0,309984.0,1033197.0,3.15,1.4497293319001374,1.7666666666666666,0.17923197917231648,-0.20790500502111942,3.7781636578225335
2024,3062,建漢,765466.0,0.025722892982836598,0.05,3304954.0,-0.31,-0.07,-0.14184284699989858,-0.018514737515634597,413662.0,346262.0,281223.0,1041147.0,0.02,0.13052993441148172,0.22580645161290325,-0.16293495655873635,-0.1878317574553373,0.010577342411185037
2024,2845,遠東銀,3226274.0,0.3623780869200818,0.28,42753997.0,0.29,0.34,0.3546447465827789,0.4114420741133342,1314930.0,1097242.0,964237.0,3376409.0,0.24,1.1601527389812838,1.1724137931034484,-0.16555101792490856,-0.12121756185053068,0.3320132565082882
2024,6754,匯僑設計,1365372.0,0.11729843588414,2.43,660000.0,0.41,2.02,0.027308089147762355,0.09797017657120907,489674.0,469820.0,451836.0,1411330.0,1.67,3.5875881333585298,4.926829268292683,-0.04054534241148189,-0.038278489634328006,8.998693039932801
2024,3046,建碁,1933504.0,0.04110413011816888,1.01,784480.0,0.84,0.94,0.038902208983898394,0.04154095994872061,891853.0,802890.0,564454.0,2259197.0,1.25,1.0678303632041666,1.119047619047619,-0.09975074367636816,-0.2969721879709549,1.2640374878841225
2024,3432,台端,8526.0,-0.8499882711705372,-0.18,422300.0,-0.07,-0.09,-0.9317073170731708,-1.369732246798603,6817.0,6649.0,3987.0,17453.0,-0.23,1.4701314690770346,1.2857142857142856,-0.024644271673756823,-0.4003609565348173,-0.5164379092973245
2024,6770,力積電,11123224.0,-0.176018751397976,-0.47,41486416.0,0.15,-0.08,0.05604306905142246,-0.03205495167532184,3803408.0,3947164.0,3900201.0,11650773.0,-0.69,-0.5719699548557867,-0.5333333333333333,0.037796628707727375,-0.0118979094864059,0.28273591242436746
2024,8021,尖點,890069.0,0.07608174197730738,0.48,1421805.0,-0.86,0.24,-0.20132455520313167,0.04694652810670764,319609.0,320210.0,322013.0,961832.0,0.48,-0.23318828674097758,-0.27906976744186046,0.0018804226414150804,0.005630679866337696,-0.12001799412147444
2024,6605,帝寶,5097758.0,0.1594067431211917,4.9,1658164.0,4.01,3.74,0.1496900530754363,0.1361464933261931,1677738.0,1706796.0,1673742.0,5058276.0,3.86,0.909522647156669,0.9326683291770574,0.017319748375491217,-0.01936611053693582,4.422779079630514
2024,2498,宏達電,766559.0,-1.0687970528035025,-0.99,8323822.0,-1.09,-1.1,-0.7872918130924782,-0.8323951042271255,232519.0,203561.0,337794.0,773874.0,-1.05,1.0572891657001764,1.0091743119266054,-0.12454036014261205,0.659423956455313,-1.0505978332883188
2024,1904,正隆,10683651.0,0.014614011633289032,0.14,11082745.0,-0.02,0.12,-0.002055013609658439,0.012496897708279126,3710394.0,3650543.0,5159848.0,12520785.0,0.05,-6.081175155991409,-6.0,-0.016130631949059837,0.41344671190012017,-1.0040172596655161
2024,3022,威強電,1630926.0,0.15480837266681627,1.43,1765978.0,1.96,2.76,0.18013783446279566,0.26252889711711924,621193.0,667651.0,578569.0,1867413.0,1.67,1.4573778901030368,1.4081632653061225,0.07478835080240764,-0.13342599651614395,2.3857323020074586
2024,3092,鴻碩,536680.0,-0.07400126704926585,-0.37,1065520.0,-0.01,0.15,-0.008116865504858546,0.02155341151201261,195613.0,176132.0,157562.0,529307.0,-1.11,-2.6553860599404158,-15.0,-0.09958949558567176,-0.10543228941929916,0.9761416831121231
2024,2454,聯發科,127271121.0,0.20205306433970988,16.19,15993441.0,10.07,11.64,0.16268146735072372,0.16782973546872007,45609723.0,41527835.0,44675936.0,131813494.0,15.94,1.0316463098214945,1.1559086395233367,-0.08949600505137911,0.07580700992478895,17.17964676424036
2024,2466,冠西電,317599.0,-0.09380382180044647,-0.18,1714587.0,-0.17,-0.11,-0.08986311791975345,-0.04358032892846883,233011.0,157751.0,54195.0,444957.0,-0.19,0.484963463735873,0.6470588235294117,-0.32298904343571766,-0.6564522570379903,-0.11805600174509016
2024,6472,保瑞,5027311.0,0.2330898168026605,11.61,1015593.0,8.92,2.09,0.22049153036499164,0.238399079658748,1720805.0,1870103.0,2023925.0,5614833.0,14.19,1.0812164950921834,0.234304932735426,0.0867605568324128,0.08225322348555131,13.933271769036606
2024,2399,映泰,527498.0,0.016663570288418156,0.05,1781000.0,0.1,-0.14,0.034361611443638855,-0.04692410662321034,179501.0,131865.0,180024.0,491390.0,-0.15,-1.3655967997943559,-1.4000000000000001,-0.26538013715801023,0.3652144238425663,-0.06278457268554732
2024,8996,高力,1000082.0,0.1657064120742099,1.84,906273.0,2.32,2.31,0.15875034411036001,0.17958991649351158,368883.0,458849.0,381938.0,1209670.0,2.28,1.1312726123520358,0.9956896551724139,0.24388762832659672,-0.16761723355613722,2.502156420306515
2024,1776,展宇,294564.0,0.03606007522983121,0.17,601070.0,-0.05,0.09,-0.015405072723305628,0.01966398047022284,119443.0,101377.0,100174.0,320994.0,0.24,-1.276461385376916,-1.7999999999999998,-0.15125206165283855,-0.011866596959862696,-0.2458137498946267
2024,3052,夆典,746992.0,0.058200087818878914,0.22,2352457.0,0.29,0.22,0.06054542257325726,0.05398353388220393,191721.0,195513.0,190956.0,578190.0,0.23,0.8916203998227324,0.7586206896551725,0.019778740982990817,-0.023307913028801197,0.1275417931684758
2024,2484,希華,517813.0,0.0829932813583282,0.27,1594210.0,0.44,0.59,0.12068698560378761,0.16107517090474185,195648.0,220831.0,203592.0,620071.0,0.18,1.3346523661925542,1.3409090909090908,0.12871585704939492,-0.07806422105592059,0.43083104272573364
2024,1301,台塑,51108854.0,0.026699698647126777,0.22,63657408.0,0.19,1.05,0.025286567781073303,0.13149308199358373,17709919.0,16140806.0,16641520.0,50492245.0,-0.49,5.200115853287323,5.526315789473684,-0.08860080048926255,0.031021623083754335,1.1012732968512604
2024,2369,菱生,1370170.0,0.07321938153659766,0.27,3801023.0,0.01,-0.05,0.0009120224549090268,-0.010358058397421153,465921.0,465239.0,440155.0,1371315.0,-0.25,-11.357240539054883,-5.0,-0.0014637674627243635,-0.05391637416467665,-3.000099158559232
2024,2332,友訊,3720181.0,0.005846489727247142,0.04,6025165.0,0.65,0.02,0.09282318042910696,0.0038494514623182837,1189028.0,1233460.0,1257999.0,3680487.0,0.29,0.04147079904526946,0.030769230769230767,0.03736833783561022,0.019894443273393625,0.0014810643817097756
2024,8222,寶一,204689.0,0.12051453668736474,0.36,685735.0,0.4,0.42,0.1670557294776907,0.15489838457529964,63266.0,92164.0,74630.0,230060.0,0.23,0.9272258129643222,1.0499999999999998,0.4567698289760693,-0.1902478191050736,0.37489508599919985
2024,8926,台汽電,2382796.0,0.17130631409487007,0.56,7302820.0,0.34,0.09,0.19205009949571222,0.07294924779633087,684402.0,735136.0,701063.0,2120601.0,0.34,0.3798448841624243,0.2647058823529411,0.07412894760681588,-0.04634924694206244,0.18895048799970662
2024,2406,國碩,2466464.0,-0.016056994953098848,-0.12,3509057.0,-0.23,-0.03,-0.10292977969854016,-0.013424946102880598,662709.0,582179.0,588901.0,1833789.0,-0.22,0.13042820204414568,0.13043478260869565,-0.12151638200175341,0.011546277004151673,-0.010944469590525
2024,2102,泰豐,57655.0,-1.2225479143179256,-0.15,4733292.0,-0.61,-0.5,-2.4942300967478728,-5.123543737247417,18963.0,24115.0,32753.0,75831.0,-0.28,2.054158413022039,0.819672131147541,0.2716869693613879,0.35820029027576195,-0.4023308248261624
2024,9941,裕融,10490298.0,0.12798988169830827,2.35,6482250.0,2.77,3.04,0.16850525492912644,0.16079062479463374,3525809.0,3579840.0,3415574.0,10521223.0,2.78,0.9542172727032312,1.0974729241877257,0.015324426252244505,-0.04588640833109858,1.9822725206512104
2024,3011,今皓,282447.0,-0.14541135151019483,-0.36,1127192.0,0.15,-0.2,0.05380007499831735,-0.07372060810696397,98133.0,123070.0,111747.0,332950.0,-0.66,-1.3702696159674435,-1.3333333333333335,0.25411431424699127,-0.09200455025595189,0.5885528408081668
2024,3010,華立,21154439.0,0.027478960798724087,2.3,2593513.0,2.93,3.01,0.04264680176511841,0.037436693581397035,7288336.0,7307818.0,6816781.0,21412935.0,2.77,0.8778312096551443,1.0273037542662116,0.0026730381255748448,-0.06719338111595008,1.9915861218231128
2024,6743,安普新,1808832.0,0.05893084598237979,0.72,1500000.0,0.03,0.02,0.004643815321702617,0.0018947673837310744,847249.0,962529.0,654830.0,2464608.0,1.79,0.4080195383472686,0.6666666666666667,0.13606389620996895,-0.31967764088146955,0.3950756202346676
2024,6789,采鈺,2453281.0,0.17265857437448054,1.34,3170201.0,0.57,0.22,0.0926580665546649,0.03674632252419752,919510.0,928965.0,902408.0,2750883.0,1.82,0.3965798541945457,0.3859649122807018,0.010282650542136507,-0.028587729354711988,0.594160970460261
2024,3050,鈺德,298811.0,0.03193657529341289,0.06,1549845.0,0.14,0.25,0.0732755959838045,0.1113230660466477,114916.0,112198.0,112195.0,339309.0,0.18,1.519237947532389,1.7857142857142856,-0.023652058895193062,-2.6738444535601147e-05,0.10622365854221877
2024,3032,偉訓,1783707.0,0.12094755472731789,1.92,1132856.0,1.75,1.61,0.08886816740733328,0.08773426332658275,454874.0,560048.0,589212.0,1604134.0,0.62,0.9872406046638366,0.92,0.2312156773084415,0.052074107933605784,1.6907758517233287
2024,1587,吉茂,517246.0,-0.05322032456510055,-0.4,720556.0,0.3,0.22,0.03547251227727623,0.030951134747932946,193441.0,173296.0,182886.0,549623.0,-0.07,0.8725385590397079,0.7333333333333334,-0.10414028049896351,0.05533884221216878,-0.3542087672734823
2024,2404,漢唐,11371299.0,0.10488889615865346,6.36,1905867.0,6.6,6.96,0.0702273702127621,0.07448773875100889,3994292.0,3573106.0,3586435.0,11153833.0,9.31,1.0606653577563776,1.0545454545454547,-0.10544697283022875,0.0037303679207949525,6.5108763414717785
2024,1440,南紡,4333447.0,-0.01448015863583886,-0.04,16568159.0,-0.04,-0.04,-0.014461328919178212,-0.016280573347146166,1656569.0,1640302.0,1335209.0,4632080.0,-0.03,1.125800639632456,1.0,-0.009819693595618406,-0.1859980662097589,-0.04557604219662205
2024,1503,士電,8171357.0,0.0865179431029632,1.36,5209722.0,1.14,1.28,0.07754129565134592,0.08692788414775332,2597572.0,2536899.0,2922673.0,8057144.0,1.34,1.1210527683031368,1.1228070175438598,-0.023357581618526857,0.15206517878717274,1.500026106875117
2024,1504,東元,14525927.0,0.11338009615496485,0.78,21387966.0,1.0,0.47,0.14086039464516348,0.06512760418084126,4681158.0,4454245.0,4368723.0,13504126.0,0.84,0.46235568446973296,0.47,-0.04847368962978815,-0.019200111354449545,0.33098630061007833
2024,2903,遠百,7848419.0,0.06866312820454668,0.38,14169406.0,0.51,0.51,0.08773634118072592,0.08706292540613803,2511053.0,2604003.0,2575431.0,7690487.0,0.31,0.9923245514284584,1.0,0.037016343342812785,-0.010972337589472803,0.3698107401249065
2024,2891,中信金,42574436.0,0.38254752217974186,0.78,201210999.0,0.82,0.96,0.40700211723344226,0.4454164350046532,22388946.0,11506752.0,16301304.0,50197002.0,1.1,1.0943835821600354,1.170731707317073,-0.4860520901698544,0.4166729238624418,1.0444340572621442
2024,6582,申豐,468618.0,0.08346457028966023,0.37,1061741.0,-0.08,0.25,-0.03271302563423635,0.1389229997116894,160119.0,207846.0,197884.0,565849.0,0.94,-4.246718150286204,-3.125,0.2980720589061885,-0.04792971719446126,-1.8890243865288854
2024,6209,今國光,619120.0,-0.019075461945987852,-0.06,1743288.0,0.28,,0.07015123246716523,-0.0044693774132996454,163906.0,179574.0,182628.0,526108.0,-0.36,-0.06371060430608355,1.0,0.09559137554451946,0.01700691636873941,0.0036676894282566524
2024,3416,融程電,740249.0,0.18343962639598296,1.71,797465.0,1.95,2.05,0.21722875273974293,0.23341103981880595,284362.0,293002.0,206362.0,783726.0,2.01,1.0744942226798617,1.0512820512820513,0.03038380655643169,-0.2956976402891448,1.9370902948432394
2024,3494,誠研,236539.0,-0.03951568240332461,-0.06,1440000.0,-0.3,-0.12,-0.2052502268753182,-0.11242062484124968,92593.0,91272.0,93082.0,276947.0,-0.13,0.5477247287504388,0.4,-0.014266737226356185,0.019830835305460592,-0.04162612731223636
2024,1436,華友聯,2021757.0,0.31863621592505925,5.84,1144407.0,-0.14,0.27,-0.16974289229972153,0.1300658034818052,1220489.0,1338989.0,1524020.0,4083498.0,12.87,-0.7662518395889178,-1.9285714285714286,0.09709223106476172,0.13818709489024927,-8.712012855739795
2024,8070,長華*,4254691.0,0.11686254066394011,0.74,703286.0,0.88,0.83,0.14172960054593475,0.1395888122845582,1431113.0,1524668.0,1509848.0,4465629.0,0.62,0.9848952635643481,0.9431818181818181,0.06537219632551716,-0.009720148911107174,7.308294507350652
2024,8163,達方,5197954.0,0.03308724932925532,0.62,2800000.0,0.82,3.84,0.033130342907098924,0.156999912471778,1770401.0,1814220.0,1766134.0,5350755.0,0.68,4.738855643964289,4.682926829268292,0.024750889770170703,-0.026505054513785486,2.996340593813056
2024,4999,鑫禾,531440.0,0.062266671684479906,0.45,744172.0,1.08,0.15,0.140824829886991,0.02448079445136791,162507.0,161675.0,180477.0,504659.0,-0.15,0.1738386225711278,0.13888888888888887,-0.0051197794556542275,0.11629503633833305,0.07340516543039308
2024,6625,必應,706764.0,0.09000175447532699,1.21,489724.0,1.67,2.55,0.13098995363076962,0.11777006622072739,277220.0,269025.0,514199.0,1060444.0,1.46,0.8990770891689447,1.526946107784431,-0.02956135920929226,0.9113428120063192,1.7522023462328602
2024,2104,國際中橡,4636644.0,-0.30542500135874134,-1.46,9847336.0,-0.37,0.01,-0.08880444007474735,0.0018678800992808502,2133084.0,1634289.0,1312107.0,5079480.0,0.01,-0.021033634103302064,-0.02702702702702703,-0.23383748600617693,-0.19713893931856608,0.033137473787886534
2024,2440,太空梭,1108424.0,-0.002966373878587977,-0.02,1391173.0,-0.33,-0.12,-0.0662283247791527,-0.020592365696269155,367259.0,296227.0,307032.0,970518.0,-0.05,0.31092988936285465,0.3636363636363636,-0.1934111893786129,0.03647540568550478,-0.00643444087823907
2024,2354,鴻準,13497811.0,0.064042384354026,0.61,14144852.0,0.97,0.75,0.08130613138069989,0.04801590747735593,7825674.0,6783743.0,5605568.0,20214985.0,0.69,0.5905570301030673,0.7731958762886598,-0.1331426532717821,-0.17367624333645892,0.5405107703155814
2024,8033,雷虎,351073.0,0.13533652545197153,0.33,1426298.0,0.01,-0.07,0.0023753346520809997,-0.04403413964659461,96717.0,80220.0,104139.0,281076.0,-0.21,-18.53807824847622,-7.000000000000001,-0.1705698067557927,0.2981675392670158,-4.944168059884813
2024,4306,炎洲,5100720.0,0.09014217600652456,0.72,6792085.0,0.41,0.38,0.08226920229731773,0.07526497204391454,1583736.0,1445593.0,1291101.0,4320430.0,0.26,0.9148620618917616,0.926829268292683,-0.08722602757025166,-0.10687102109653268,0.5245749123472175
2024,8016,矽創,4377074.0,0.12135709837210885,4.43,1201369.0,4.93,4.51,0.13408902424117763,0.12851882211032695,1497331.0,1596603.0,1589405.0,4683339.0,3.87,0.9584589256102579,0.9148073022312373,0.06629930189116506,-0.0045083217305742496,4.534379486422804
2024,3454,晶睿,1679665.0,0.015507258887933011,0.3,865679.0,1.48,1.68,0.04989695342951013,0.06291507839823948,572165.0,665824.0,655568.0,1893557.0,1.11,1.2609001967849636,1.135135135135135,0.1636922915592529,-0.015403469986062346,0.4276980304232727
2024,4555,氣立,393614.0,0.021221298022936177,0.12,699627.0,0.13,-0.28,0.022989098086303165,-0.06107301331181928,130128.0,128041.0,132029.0,390198.0,-0.79,-2.656607626908443,-2.153846153846154,-0.016038054838313,0.03114627345928267,-0.3144255557540975
2024,3036,文曄,243647108.0,0.008824266446864619,1.71,12511182.0,0.79,1.45,0.008216841964726891,0.007653279463126947,95201243.0,81540021.0,84514548.0,261255812.0,2.57,0.9314137348607658,1.8354430379746833,-0.14349835747417705,0.03647935042842332,1.7162828777053767
2024,2204,中華,11629972.0,0.10364289785048493,2.21,5536203.0,2.84,2.46,0.16430826587526642,0.14565363407467485,3739519.0,1882462.0,2729237.0,8351218.0,1.49,0.8864656522225539,0.8661971830985916,-0.49660317276098875,0.4498231571208342,1.385923549593576
2024,8011,台通,780487.0,0.08437936826622353,0.39,1659219.0,0.0,0.01,0.0027549208837031555,0.0005223714532486979,153361.0,167249.0,160811.0,481421.0,0.14,0.18961395818617047,inf,0.09055757330742487,-0.03849350369807891,0.046422432367362425
2024,4164,承業醫,958455.0,0.029384791148254222,0.17,1668451.0,0.58,0.26,0.10783114447375965,0.0586546321664405,222614.0,256536.0,483895.0,963045.0,0.56,0.5439488976277527,0.4482758620689656,0.15238035343689083,0.8862654754108585,0.09226008140724679
2024,6861,睿生光電,509917.0,0.1195135678943828,1.51,402704.0,1.28,0.77,0.10954683973037219,0.07715258650661945,167065.0,149991.0,166690.0,483746.0,0.75,0.704288564567588,0.6015625,-0.10219974261514975,0.11133334666746664,1.0111120640602667
2024,2385,群光,24673860.0,0.10013342055114198,3.4,7600532.0,2.5,2.93,0.07111084668078899,0.08217695427154134,8380859.0,9687161.0,9653109.0,27721129.0,3.29,1.155617716667434,1.1720000000000002,0.15586731622617678,-0.0035151681694977066,4.220463660842495
2024,1315,達新,558998.0,0.10569984150211628,0.62,990990.0,2.46,1.37,0.3740645118079221,0.24895809523809523,157127.0,176634.0,175583.0,509344.0,0.46,0.6655485548063228,0.5569105691056911,0.12414798220547718,-0.005950156821450059,0.3615730089092127
2024,6024,群益期,644239.0,0.5310994832663033,1.63,2104376.0,1.18,1.32,0.6235775489073074,0.3675050079675234,274285.0,303047.0,230428.0,807760.0,1.65,0.5893493256957391,1.1186440677966103,0.10486173141075894,-0.2396294964147475,1.2014554533108253
2024,6230,尼得科超眾,2027502.0,0.011886054859625293,0.28,863434.0,3.01,2.16,0.09440517268312956,0.06547198338548788,672280.0,718586.0,752767.0,2143633.0,-0.37,0.6935211442835258,0.7176079734219271,0.06887903849586485,0.04756702746783259,0.20465328724453102
2024,2395,研華,14643762.0,0.14432732517777877,2.46,8631680.0,3.17,3.01,0.17643335573743102,0.17213860613264426,5031253.0,4967440.0,4950809.0,14949502.0,2.61,0.9756579497859904,0.9495268138801262,-0.012683321629820665,-0.0033480021902629886,2.4388076274650765
2024,2419,仲琦,2438863.0,0.0032576655597300872,0.02,3213172.0,0.11,-0.08,0.012927636877297562,-0.017314371904245163,624829.0,555635.0,779723.0,1960187.0,0.03,-1.3393300004157156,-0.7272727272727273,-0.11074069865515201,0.40330072799589667,-0.026616909272207372
2024,1445,大宇,266023.0,0.010243475188235604,0.03,1306660.0,0.11,0.08,0.03950116878234644,0.035548524276505046,98569.0,96901.0,76198.0,271668.0,-0.15,0.8999360113210655,0.7272727272727273,-0.016922156053120196,-0.2136510459128389,0.019166148090824335
2024,1909,榮成,12602917.0,0.010139874760739914,0.1,13276857.0,-0.25,-0.08,-0.027308214768225904,-0.00983625300172743,3818722.0,3893113.0,4000098.0,11711933.0,-0.2,0.3601939227888403,0.32,0.019480601101625084,0.02748057916633817,0.032218274226783535
2024,2413,環科,698264.0,-0.056769359439982583,-0.32,1273592.0,0.12,0.74,0.013237230340453054,0.0785647446525016,280394.0,215623.0,246861.0,742878.0,-0.41,5.935134664266382,6.166666666666667,-0.2309999500702583,0.14487322780964917,-1.965313085635039
2024,1314,中石化,8492666.0,0.025739856012234556,0.06,37848502.0,-0.21,-0.15,-0.11742222528600932,-0.08163607154115896,2430478.0,2826544.0,2068523.0,7325545.0,-0.15,0.6952352618281181,0.7142857142857143,0.1629580683305918,-0.26817944457967047,0.03463611312844852
2024,3058,立德,834537.0,-0.10532307135573378,-0.42,2023628.0,0.08,-0.03,0.011346084189602779,-0.0038205584215566433,265639.0,253446.0,261239.0,780324.0,-0.26,-0.3367292501722922,-0.375,-0.04590063958981927,0.03074816726245433,0.1367567096035603
2024,3167,大量,490178.0,0.052146363157873264,0.31,825001.0,0.08,0.11,0.0228180373755158,0.03010705886938558,218592.0,226345.0,276382.0,721319.0,0.52,1.3194412110872886,1.375,0.03546790367442543,0.2210651880978154,0.6015711030438609
2024,2412,中華電,54115733.0,0.18146048211155155,1.27,77574465.0,1.28,1.17,0.18557045421383586,0.16949221276565452,17771401.0,18355881.0,19486194.0,55613476.0,1.16,0.9133577512848348,0.9140624999999999,0.03288879700593106,0.06157770362533954,1.1881854520608353
2024,6446,藥華藥,2306483.0,0.29474312188730634,2.05,3409069.0,-0.54,0.67,-0.1603015413077595,0.15197683800844844,879603.0,901338.0,932418.0,2713359.0,2.18,-0.9480684762517121,-1.2407407407407407,0.024710011220971273,0.03448206998928249,-2.2241027770274426
2024,6834,天二科技,332836.0,0.08610246487759737,0.33,884711.0,-0.34,0.1,-0.1304660733909371,0.03475847534663862,117136.0,125258.0,105126.0,347520.0,0.2,-0.2664177317767972,-0.29411764705882354,0.06933820516322897,-0.16072426511679894,-0.09010670053343355
2024,3257,虹冠電,235945.0,0.27042319184555724,0.8,799866.0,1.02,1.12,0.2802710036467965,0.2763003465537158,76908.0,71027.0,70016.0,217951.0,0.52,0.9858327938266329,1.0980392156862746,-0.07646798772559427,-0.014234023681135355,0.7264217262544667
2024,6142,友勁,257221.0,0.059135918140431766,0.05,3307792.0,,-0.03,-0.012381218731549673,-0.029284700587187882,78306.0,103806.0,139121.0,321233.0,-0.23,2.36525185623003,1.0,0.32564554440272775,0.34020191511087994,0.135834690364129
2024,1711,永光,2201656.0,0.055931080968143976,0.22,5477522.0,0.02,0.08,0.0054411068777983325,0.021736410939544443,693877.0,666625.0,675314.0,2035816.0,0.08,3.9948509425971386,4.0,-0.039274972365419214,0.013034314644665201,0.8304398571143509
2024,2705,六福,496576.0,-0.09848240752674314,-0.26,1913128.0,-0.49,-0.09,-0.20168586864544685,-0.028541212371242037,204991.0,255898.0,168201.0,629090.0,0.15,0.14151319853457847,0.1836734693877551,0.24833773190042496,-0.3427029519574205,-0.04582730919053764
2024,6139,亞翔,18796216.0,0.05707563692607065,4.62,2329559.0,2.07,4.36,0.04662359870720244,0.067492638815565,6764790.0,3939944.0,5610726.0,16315460.0,4.33,1.4476068061459764,2.1062801932367154,-0.4175807379090851,0.42406237246011624,5.786647020473585
2024,4736,泰博,1163350.0,0.230724201659002,2.81,953744.0,1.83,3.43,0.14614703649910213,0.32748495345615763,414263.0,375978.0,441740.0,1231981.0,1.04,2.240790927417605,1.8743169398907105,-0.0924171359740068,0.17490917021740637,6.678311628870605
2024,6581,鋼聯,702774.0,0.4044927672338476,2.55,1112709.0,1.49,0.56,0.2747924568336737,0.1526061139747647,92730.0,175113.0,224052.0,491895.0,1.41,0.5553504478732256,0.37583892617449666,0.8884179877062439,0.27947097017354516,0.9930444627184534
2024,3704,合勤控,6508825.0,0.019953524637703425,0.32,4107940.0,0.77,0.73,0.04269308860918704,0.04158774692397622,2290437.0,1872510.0,2238479.0,6401426.0,-0.28,0.9741095872606189,0.948051948051948,-0.18246605342124667,0.19544301499057415,0.30288661178712006
2024,3380,明泰,5684460.0,0.0462573401871066,0.49,5417185.0,0.44,0.16,0.030846607469667185,0.01422765649372906,1535879.0,1505533.0,1909565.0,4950977.0,-0.05,0.46123893876238203,0.36363636363636365,-0.019758066878966418,0.26836475852737873,0.19499517393290522
2024,1236,宏亞,343063.0,-0.07581697822265882,-0.3,866740.0,-0.16,0.26,-0.04319737902967788,0.05007223911701998,162934.0,158879.0,182447.0,504260.0,0.0,-1.1591499355231454,-1.625,-0.024887377711220515,0.1483393022362931,0.5112952596471783
2024,1808,潤隆,5262652.0,0.32760877975591013,3.82,9922575.0,3.01,9.2,0.30378924066034996,0.2448376856824773,951822.0,458524.0,570068.0,1980414.0,-2.05,0.8059458759970266,3.0564784053156147,-0.518267070943937,0.2432675279810872,0.5269786336076246
2024,2108,南帝,3060766.0,0.05235454131416776,0.33,4924167.0,0.48,0.4,0.10542754389977564,0.08283075431966609,1006686.0,1014910.0,1123242.0,3144838.0,0.25,0.785665218554355,0.8333333333333334,0.008169379528472742,0.10674049915756068,0.2626983781694757
2024,1459,聯發,309710.0,0.3698556714345678,0.36,3586289.0,0.14,0.15,0.1944230650141104,0.1774653232663458,88152.0,90111.0,102407.0,280670.0,0.19,0.9127791666768863,1.0714285714285714,0.022222978491696077,0.13645392904306908,0.26420967224649566
2024,6197,佳必琪,1750961.0,0.184560935394906,2.65,1220859.0,1.57,1.47,0.18043830588907733,0.13367910447761194,645951.0,648523.0,591695.0,1886169.0,2.18,0.7408576788555633,0.9363057324840763,0.003981726168083899,-0.08762680737614548,2.11246568459721
2024,3130,一零四,651819.0,0.22863862513980107,4.49,331907.0,3.86,4.54,0.2133079708575826,0.2394163927230394,229752.0,220797.0,214498.0,665047.0,4.54,1.1223977789507378,1.1761658031088082,-0.03897680977749918,-0.0285284673251901,5.1420029964690945
2024,2731,雄獅,7421814.0,0.039650144829821925,3.15,932777.0,2.46,2.86,0.040952438742571276,0.039644253391665364,2820309.0,2562417.0,2632574.0,8015300.0,0.9,0.9680559841837694,1.1626016260162602,-0.09144104422600507,0.02737922828329653,3.2982775977295202
2024,6504,南六,1708010.0,-0.0038828812477678704,-0.09,726000.0,1.13,0.43,0.049975342320095185,0.021098064702091385,505006.0,559336.0,622976.0,1687318.0,-0.63,0.4221694884440604,0.38053097345132747,0.10758288020340356,0.1137777650642906,-0.03809792035315018
2024,2012,春雨,2202016.0,0.06944272884484036,0.55,3021627.0,0.12,0.11,0.016874410794176686,0.014338961543896071,728867.0,819512.0,831398.0,2379777.0,0.15,0.8497459092820242,0.9166666666666667,0.12436425301186627,0.014503753453274593,0.46474130330084773
2024,4106,雃博,584360.0,0.03635259086864262,0.21,1009116.0,0.51,0.23,0.07228151959181933,0.042415144042246965,193076.0,180647.0,168150.0,541873.0,0.07,0.5868048192922527,0.45098039215686275,-0.06437361453520896,-0.06917911728398474,0.11454745917416002
2024,2867,三商壽,35370456.0,0.09214175808194273,0.64,50995011.0,-0.36,0.6,-0.05528166994341308,0.075307578571489,12404425.0,7051492.0,8969138.0,28425055.0,-0.72,-1.3622522374699362,-1.6666666666666667,-0.43153415011175444,0.271948971933883,-0.6996609705776734
2024,6225,天瀚,9438.0,-0.02267429540156813,-0.01,278000.0,0.02,-0.02,0.0459051903690744,-0.05125,5083.0,5358.0,6138.0,16579.0,-0.08,-1.1164314882032667,-1.0,0.05410190832185724,0.1455767077267638,0.01509660920564997
2024,3040,遠見,32266.0,0.40677493336639187,0.21,630000.0,0.25,0.39,0.430930849623653,0.5901374676511788,8813.0,13219.0,13180.0,35212.0,0.12,1.3694481798334153,1.56,0.4999432656303189,-0.002950298812315566,0.31135075949589747
2024,1540,喬福,201770.0,0.34928383803340435,0.82,854736.0,0.55,0.39,0.3248300149935493,0.2858966232819026,27578.0,39399.0,29278.0,96255.0,0.14,0.8801422592908482,0.7090909090909091,0.42863877003408524,-0.2568846925048859,0.3461964949716023
2024,2329,華泰,4060360.0,0.08708291875597238,0.5,7404883.0,0.73,0.82,0.12863239890503483,0.12477486013095915,1245429.0,1339230.0,1329392.0,3914051.0,0.25,0.970011141773671,1.1232876712328768,0.0753162163399117,-0.007346012260776691,0.44649641773206467
2024,3023,信邦,8305344.0,0.11263181874224595,3.89,2400332.0,3.82,3.64,0.10454759926486772,0.1069827166605195,2800068.0,2811520.0,2858220.0,8469808.0,3.96,1.0232919494352282,0.9528795811518326,0.004089900673840852,0.016610232187571183,4.066894486396951
2024,3583,辛耘,2372649.0,0.09546334076384666,2.82,803280.0,1.92,2.09,0.09580173848714629,0.09638893735422138,754038.0,880282.0,866210.0,2500530.0,3.0,1.0061293132708011,1.0885416666666667,0.16742392293226604,-0.015985786373003186,2.989892309031359
2024,2340,台亞,1080913.0,-0.050724711424508725,-0.13,4386228.0,0.26,0.31,0.11314220464414267,0.12207689329534284,339774.0,402632.0,410513.0,1152919.0,-0.39,1.078968663190732,1.1923076923076923,0.18499944080477015,0.019573705020962118,-0.14385865976377113
2024,2007,燁興,1883052.0,-0.15554854565885595,-0.56,5306516.0,-0.58,-0.45,-0.22788963672538573,-0.2228575149061978,613331.0,694419.0,629225.0,1936975.0,-0.56,0.9779186017780536,0.7758620689655173,0.13220919862195135,-0.09388279986578707,-0.5552431374702955
2024,2032,新鋼,732348.0,0.03340078760370753,0.19,1305215.0,-0.1,0.07,-0.01882897857686549,0.011440223727288907,238679.0,261872.0,238649.0,739200.0,0.01,-0.6075859973278164,-0.7000000000000001,0.09717235282534276,-0.08868072951671047,-0.1149329003010568
2024,3530,晶相光,426937.0,-0.016185057748567117,-0.09,786551.0,-0.51,0.1,-0.10309235138165547,0.017892152242351123,176262.0,185148.0,208190.0,569600.0,1.22,-0.17355460422192776,-0.19607843137254902,0.05041358886203495,0.12445178991941575,0.02034199231638347
2024,2753,八方雲集,1914118.0,0.07281421521557187,2.1,664948.0,2.17,2.24,0.08122311310584758,0.07726157635493568,687904.0,690783.0,671862.0,2050549.0,2.18,0.9512264846860851,1.0322580645161292,0.004185177001442053,-0.027390656689582737,2.1359081571909275
2024,6533,晶心科,278432.0,-0.27959429950580394,-1.54,506509.0,-0.83,2.06,-0.2344857611717032,0.4203056018935523,116159.0,79221.0,233249.0,428629.0,-0.04,-1.7924568203771731,-2.4819277108433737,-0.31799516180407894,1.9442824503603844,4.241030535993949
2024,2444,兆勁,325064.0,-0.053589447001205916,-0.17,1015696.0,-0.42,0.45,-0.10660723160250152,0.09094849439810719,97477.0,150201.0,113839.0,361517.0,-0.3,-0.8531174952297804,-1.0714285714285714,0.5408865681135038,-0.24208893416155686,0.16272456007030245
2024,1512,瑞利,264924.0,-0.0018797843909951534,0.0,981835.0,0.02,0.02,0.004093516576835756,0.007437431591486597,86415.0,90865.0,76033.0,253313.0,-0.16,1.8168807801031674,1.0,0.051495689405774536,-0.16323116711605123,-0.00881157289961541
2024,2359,所羅門,760162.0,0.031069693039115345,0.14,1714711.0,1.97,0.98,0.28204550630836267,0.1665037510569525,333474.0,294461.0,334487.0,962422.0,-0.33,0.5903435698596544,0.49746192893401014,-0.11698963037598131,0.13592971564995016,0.10294764299577859
2024,1903,士紙,36531.0,-0.4548465686677069,-0.07,2600391.0,-0.09,0.63,-0.5143542878242408,3.9101887873218932,12781.0,14171.0,10993.0,37945.0,,-7.602131215552418,-7.0,0.10875518347547142,-0.22426081433914336,0.5045639141995504
2024,2880,華南金,16699753.0,0.33447003677240017,0.4,137791734.0,0.4,0.47,0.3685683118493251,0.40499553573665165,7091184.0,5563904.0,5428595.0,18083683.0,0.49,1.0988343889482783,1.1749999999999998,-0.21537729101374326,-0.02431907523925647,0.48233989053988924
2024,1203,味王,1523093.0,0.07860124102730431,0.5,2400000.0,0.38,0.64,0.059437762505394114,0.09428473669322812,475908.0,496672.0,467801.0,1440381.0,0.44,1.5862766820112308,1.6842105263157894,0.04363028148297565,-0.058128905998324876,0.7482978296764061
2024,1454,台富,426567.0,0.024692486760579228,0.08,1298338.0,0.18,0.03,0.05262505407983322,0.011702451930697294,128876.0,148457.0,138676.0,416009.0,0.0,0.22237415495943147,0.16666666666666666,0.15193674539867774,-0.06588439750230701,0.01759398017824241
2024,2441,超豐,3985796.0,0.18116055111701654,1.27,5688459.0,1.04,1.05,0.16929285263643548,0.16928491209901397,1291558.0,1316086.0,1252598.0,3860242.0,1.18,0.9999530958496011,1.0096153846153846,0.018991017050724812,-0.048240008631654785,1.229314946257388
2024,6166,凌華,2521618.0,-0.03569890443358193,-0.42,2174973.0,0.3,0.49,0.022549106322757983,0.04009792432909072,848415.0,761783.0,822542.0,2432740.0,0.18,1.778248936128407,1.6333333333333333,-0.10211040587448361,0.07975893397463585,-0.7100505559067322
2024,2352,佳世達,49857346.0,0.013299945809389854,0.34,19667820.0,0.53,0.61,0.019649811895023052,0.023863523359744836,16291409.0,16840284.0,17666058.0,50797751.0,0.53,1.2144402952676123,1.150943396226415,0.0336910699375359,0.04903563384085441,0.41717118219345173
2024,1232,大統益,5338089.0,0.07954213577180898,2.66,1599749.0,1.61,1.69,0.045635729848264195,0.04623253532329991,1859450.0,1810031.0,1742432.0,5411913.0,1.6,1.0130775924263742,1.0496894409937887,-0.02657721369222077,-0.0373468741695584,2.7260820090049886
2024,1227,佳格,6357516.0,0.04581003020676629,0.33,9150897.0,0.2,0.55,0.028374615262603486,0.06334293378715003,2139161.0,2599750.0,2895023.0,7633934.0,0.54,2.2323803583209556,2.75,0.215312919410928,0.11357745937109343,0.8531266421217288
2024,4930,燦星網,1935136.0,0.030735824252145584,0.74,800000.0,0.49,2.24,0.02736807306894012,0.08144428557464771,785484.0,886173.0,862377.0,2534034.0,0.73,2.9758867337678367,4.571428571428572,0.1281872068686314,-0.026852544593437222,2.8972349279950036
2024,2901,欣欣,32584.0,0.2084765529094034,0.09,730433.0,0.1,0.13,0.22372033432981514,0.261872495026095,11048.0,11834.0,10926.0,33808.0,0.11,1.17053506025981,1.3,0.07114409847936276,-0.07672807165793472,0.11294857023708005
2024,2449,京元電子,4305661.0,0.4419247126051029,1.56,12227451.0,1.27,1.25,0.1889420602235155,0.17908637342576686,2344622.0,2351067.0,2343053.0,7038742.0,2.02,0.9478375180936975,0.984251968503937,0.002748843950112212,-0.0034086650869583623,2.411244772405449
2024,2904,匯僑,127543.0,0.20498184925868138,0.34,778344.0,0.29,0.19,0.20837922130806177,0.13795722529431925,40017.0,41328.0,43468.0,124813.0,0.27,0.6620488570228761,0.6551724137931035,0.032761076542469514,0.05178087495160666,0.21761743497351962
2024,5244,弘凱,217220.0,0.15771107632814657,0.5,679441.0,0.52,0.65,0.17877755511022045,0.19565391174589639,68491.0,78320.0,84150.0,230961.0,0.64,1.0943986320054062,1.25,0.14350790614825315,0.074438202247191,0.586711550468957
2024,1475,業旺,523999.0,0.28555779686602456,2.27,660168.0,3.36,2.22,0.27928959361157263,0.2677484856828194,175414.0,173771.0,172791.0,521976.0,1.21,0.95867691388171,0.6607142857142858,-0.00936641317112663,-0.0056396061483215965,2.164523760871903
2024,1313,聯成,20381510.0,-0.028047970930514962,-0.43,13672334.0,-0.48,0.39,-0.036601690861238004,0.026171106200305796,6062896.0,5639666.0,5094421.0,16796983.0,-0.55,-0.7150245134719055,-0.8125000000000001,-0.06980657428397252,-0.09668037078791547,0.24638314995460306
2024,1216,統一,162120139.0,0.03644912986411886,1.04,56820154.0,1.09,0.98,0.045152953564310434,0.03374015736772427,59449406.0,61624958.0,57852278.0,178926642.0,1.08,0.7472414250746376,0.8990825688073394,0.03659501660958564,-0.061220001156025106,0.8576709688981395
2024,3694,海華,2389943.0,0.05277824617574561,0.83,1525548.0,0.73,0.87,0.043829635391032955,0.050341219238910655,868375.0,831656.0,837574.0,2537605.0,0.93,1.148565777236876,1.1917808219178083,-0.0422847272203829,0.007115922929672891,1.0083445860145566
2024,2033,佳大,149485.0,0.028551359668194134,0.05,806945.0,-0.01,0.0,-0.005541899729679164,-0.0031292312321347976,45110.0,48987.0,42216.0,136313.0,0.06,0.5646495578720905,-0.0,0.08594546663710934,-0.13822034417294382,0.027233228396678695
2024,5525,順天,1938969.0,0.1345833791050811,0.96,2972948.0,0.12,2.47,0.056819058355831134,0.16990396310939035,250841.0,197501.0,194254.0,642596.0,0.34,2.990263619741134,20.583333333333336,-0.21264466335248222,-0.016440423086465428,0.8698645061576856
2024,9906,欣巴巴,636252.0,0.06763515085217807,0.52,858162.0,4.73,1.23,0.15573764990376548,0.2214087073678392,1393004.0,677289.0,150251.0,2220544.0,3.81,1.4216774653056192,0.2600422832980972,-0.5137924944939138,-0.7781582160643389,2.488076022263416
2024,6674,鋐寶科技,203955.0,-0.11180897747052046,-0.34,673357.0,-1.21,-0.91,-0.36861843477629946,-0.18340086913030065,55173.0,105547.0,89046.0,249766.0,-0.5,0.4975358034971845,0.7520661157024794,0.9130190491726025,-0.15633793475892255,-0.20634262630593586
2024,3047,訊舟,2098891.0,0.04197025953229586,0.41,2229663.0,0.09,0.02,0.018470678308124197,0.0038995690588753706,805277.0,745373.0,613460.0,2164110.0,0.35,0.2111221360593007,0.22222222222222224,-0.07438930951709788,-0.1769758228430598,0.0860033822095849
2024,2472,立隆電,2737008.0,0.1127201674236977,1.88,1647351.0,1.35,1.7,0.09758999565460193,0.12434121711210976,933647.0,935935.0,921902.0,2791484.0,1.6,1.2741184819004177,1.259259259259259,0.0024506049931076745,-0.01499356258714546,2.4336630017414835
2024,1817,凱撒衛,722577.0,0.11191886816214743,1.12,726000.0,0.64,0.82,0.07064040013501488,0.09362429191379021,239905.0,242986.0,231799.0,714690.0,1.01,1.3253646884055903,1.28125,0.012842583522644446,-0.04603968952943793,1.460225034289549
2024,1449,佳和,698751.0,0.0397580826360177,0.32,879709.0,0.1,0.44,0.013911187609786045,0.04704304616237685,204837.0,221819.0,215637.0,642293.0,0.12,3.381670025734085,4.3999999999999995,0.0829049439310281,-0.027869569333555777,0.9816367612279722
2024,3026,禾伸堂,3239323.0,0.07070119281096698,1.38,1658903.0,1.23,1.09,0.06662399465672224,0.052638112111192806,1207011.0,1096143.0,1108042.0,3411196.0,1.8,0.7900773945244323,0.8861788617886179,-0.09185334682119717,0.01085533548086337,1.1486350335213515
2024,1506,正道,262371.0,0.021057967534521726,0.02,3003885.0,0.06,0.12,0.0804054054054054,0.11922416930996828,77806.0,85384.0,91268.0,254458.0,0.04,1.4827879880567483,2.0,0.09739608770531838,0.06891220837627654,0.026450160892055288
2024,2364,倫飛,304526.0,0.15054215403610857,1.48,403000.0,1.78,0.42,0.1613230549107208,0.11240452927246208,113491.0,132572.0,121690.0,367753.0,0.91,0.6967666793482733,0.23595505617977527,0.16812786917024258,-0.08208369791509518,0.9571867488912785
2024,3002,歐格,160384.0,0.049269253790901836,0.08,1020000.0,0.12,0.06,0.06498579746792382,0.04432493980944803,59856.0,46563.0,40163.0,146582.0,0.02,0.6820711838048347,0.5,-0.2220829991980754,-0.1374481884758284,0.048293219374354684
2024,2748,雲品,492759.0,0.07045837823357869,0.33,1057787.0,0.34,0.61,0.07547881445499496,0.11919901495531371,170272.0,162292.0,187066.0,519630.0,0.26,1.579238039389018,1.7941176470588234,-0.0468661905656832,0.15265077761072643,0.5466083102567797
2024,3057,喬鼎,138703.0,-0.22965617182036438,-0.35,926787.0,-0.35,-0.1,-0.24564315352697094,-0.05985111129027924,43824.0,40815.0,55605.0,140244.0,-0.4,0.24365063886752192,0.28571428571428575,-0.06866100766703176,0.3623667769202499,-0.08467399144306335
2024,2436,偉詮電,745942.0,0.12059784809006599,0.51,1780116.0,0.4,0.46,0.09966004626756192,0.09905181027442857,281563.0,275375.0,290543.0,847481.0,0.09,0.9938968923263352,1.15,-0.021977319463139633,0.05508125283704035,0.5706404556302443
2024,1321,大洋,1333269.0,0.053464079641842716,0.32,2272283.0,0.09,0.22,0.01621067886821607,0.04389433409782624,338679.0,339149.0,344278.0,1022106.0,-0.11,2.7077418814266263,2.4444444444444446,0.0013877447376424712,0.015123146463648762,0.6511827325189284
2024,6283,淳安,380818.0,-0.024751981261389954,-0.07,1479063.0,-0.13,-0.26,-0.051832717802019514,-0.10848711041377043,118747.0,109673.0,127701.0,356121.0,-0.17,2.0930237698155882,2.0,-0.07641456205209396,0.16437956470598958,-0.12473692662870466
2024,1326,台化,96475275.0,0.019003231657023004,0.32,58611863.0,0.29,1.28,0.022579143766995574,0.08639014590955807,30018602.0,29371521.0,27508402.0,86898525.0,-0.33,3.826103717707685,4.413793103448277,-0.02155600050928419,-0.06343284026727791,1.0779809357071222
2024,6505,台塑化,170616350.0,0.016013342214858072,0.28,95259597.0,-0.13,1.81,-0.007262252015012806,0.0890507259306883,60236078.0,59629087.0,53324540.0,173189705.0,-0.32,-12.2621365585495,-13.923076923076923,-0.010076867886385288,-0.10572939008776039,-3.5699445118277855
2024,2453,凌群,1548635.0,0.036761406012391556,0.57,1000000.0,0.38,0.68,0.026032844551018997,0.04348908813902614,526772.0,515695.0,670468.0,1712935.0,0.66,1.67054691444865,1.7894736842105263,-0.021028072866439373,0.3001250739293575,1.0519417049068343
2024,3018,隆銘綠能,207039.0,0.04099227681741121,0.25,730736.0,-0.68,-0.44,-0.16023913876514825,-0.28393727836879434,68718.0,90704.0,161733.0,321155.0,0.29,1.771959588380852,0.6470588235294117,0.3199452836229226,0.7830856412065621,0.3192346604781348
2024,9930,中聯資源,3381094.0,0.0864802930649074,1.17,2485404.0,0.91,0.86,0.06992431969150338,0.07036839312842516,1127540.0,1154187.0,1138300.0,3420027.0,1.13,1.0063507723619045,0.945054945054945,0.023632864466005543,-0.013764667250627527,1.1975649553915708
2024,6443,元晶,1388834.0,0.02176142001131885,0.06,5127967.0,0.3,0.22,0.0604125243263552,0.060684899429115896,388703.0,408683.0,408906.0,1206292.0,0.04,1.0045085866845969,0.7333333333333334,0.051401712875897454,0.0005456551899638562,0.05142189896123463
2024,6585,鼎基,864610.0,0.2605452169186107,3.2,709287.0,1.33,2.03,0.1405393929118572,0.19295574711461314,299971.0,276839.0,243316.0,820126.0,2.27,1.3729655658583224,1.526315789473684,-0.07711412103169968,-0.1210920426673987,4.136198095231508
2024,3545,敦泰,2977338.0,0.036595106098131956,0.52,2193874.0,0.51,0.61,0.03375646456441945,0.035283112777404,1210689.0,1181938.0,1420436.0,3813063.0,0.79,1.0452253585404703,1.196078431372549,-0.023747634611365975,0.2017855420504291,0.664806486044815
2024,9958,世紀鋼,3033421.0,0.18554331891287099,2.18,2568967.0,1.0,1.32,0.07171700916299088,0.08552488279396152,919266.0,922599.0,1025697.0,2867562.0,1.69,1.1925327588548702,1.32,0.003625718779983078,0.11174735719418738,2.469846312152658
2024,2231,為升,981657.0,0.018769284994656993,0.13,1409176.0,1.15,0.88,0.14942832595334082,0.13334336320532,330241.0,394936.0,427571.0,1152748.0,0.6,0.8923566690224224,0.7652173913043478,0.1959023864389946,0.08263364190653677,0.1370109702506282
2024,2457,飛宏,2600492.0,0.017383633558572763,0.1,4312084.0,0.31,0.27,0.03686659027869089,0.029702538784319263,1076921.0,1063702.0,821693.0,2962316.0,0.24,0.8056763199358719,0.870967741935484,-0.012274809387132435,-0.22751578919659832,0.09621556395691747
2024,3481,群創,56860685.0,0.01988463557904728,0.12,90786334.0,-0.6,-0.22,-0.10417109524674471,-0.03292832990261782,17653860.0,18480104.0,19121611.0,55255575.0,0.04,0.3160985283357363,0.3666666666666667,0.04680245566691932,0.03471338689435943,0.038255663023292356
2024,1802,台玻,10975630.0,-0.015444944845990618,-0.06,29080608.0,-0.01,0.11,-0.0011443591737677666,0.024950828735198397,3431269.0,3468295.0,3225767.0,10125331.0,-0.37,-21.80331954088206,-11.0,0.010790759920017878,-0.06992715440872244,1.1725050678991358
2024,4155,訊映,438764.0,0.09633652715354951,0.3,1470752.0,0.12,-0.03,0.04716192480016532,0.003017772941603192,145098.0,131976.0,178073.0,455147.0,-0.17,0.06398748470063745,-0.25,-0.09043542984741348,0.3492832030066073,0.019076480894853885
2024,1735,日勝化,673234.0,0.03300932513806492,0.23,993880.0,0.01,0.3,0.002552706469708915,0.04721348838907203,235449.0,232662.0,217873.0,685984.0,0.19,18.495463128769277,30.0,-0.011836958322184454,-0.06356431217818126,4.213877351889531
2024,2027,大成鋼,24135340.0,0.03798848493536863,0.4,24342606.0,0.52,0.55,0.06189911720376194,0.05221403313710838,7290028.0,7499728.0,6922208.0,21711964.0,0.12,0.8435343748963039,1.0576923076923077,0.02876532161467682,-0.07700545939799419,0.2858161723901355
2024,2367,燿華,5129163.0,0.1091731730888646,0.84,6694072.0,0.4,0.02,0.06725270222269847,0.003237449540275389,1621413.0,1606878.0,1531025.0,4759316.0,0.52,0.04813857931767561,0.049999999999999996,-0.008964403270480759,-0.04720520163945241,0.03736486041686704
2024,1473,台南,1634594.0,0.054518124990058696,0.61,1461535.0,0.41,0.85,0.04065869657725072,0.07354363662071989,677950.0,676301.0,471729.0,1825980.0,0.5,1.8088045808598028,2.073170731707317,-0.0024323327679032225,-0.30248661468783866,1.2320245347290002
2024,4576,大銀微系統,582518.0,0.045842360236078544,0.22,1198018.0,-0.15,0.14,-0.03253495678798074,0.03312649765686788,173009.0,207215.0,216868.0,597092.0,0.2,-1.0181817013848216,-0.9333333333333335,0.19771225774381684,0.046584465410322684,-0.23263238136483044
2024,2379,瑞昱,30673780.0,0.14301289244429607,8.56,5128636.0,5.08,5.01,0.09916060760867593,0.09640456930679431,10710173.0,10212638.0,9829641.0,30752452.0,8.53,0.9722063189370728,0.9862204724409448,-0.04645443168845176,-0.03750225945539243,8.337032656003927
2024,3031,佰鴻,352540.0,0.1604073296647189,0.32,1732032.0,0.13,0.26,0.08473620706990907,0.17715575549753043,107921.0,87375.0,88028.0,283324.0,0.46,2.090673652071462,2.0,-0.19038000018532075,0.007473533619456463,0.548577395427677
2024,1513,中興電,6133879.0,0.14624872776264417,1.82,5031125.0,-1.44,1.51,-0.13908174328610098,0.13309932074108932,2085481.0,2195732.0,2105114.0,6386327.0,1.86,-0.9569862844420537,-1.0486111111111112,0.05286598151697386,-0.04127006392401256,-1.7765762608811588
2024,1465,偉全,117870.0,0.17985068295579876,0.21,1036073.0,0.35,0.42,0.21536429958785352,0.31626589781491943,61582.0,42212.0,40150.0,143944.0,-0.15,1.4685158980395687,1.2,-0.31453996297619435,-0.04884866862503556,0.3669390689172833
2024,2491,吉祥全,51252.0,-0.07837742917349567,-0.05,820080.0,-0.18,-0.13,-0.2995152576394969,-0.2033681196548996,16299.0,16610.0,18195.0,51104.0,-0.82,0.6789908509424849,0.7222222222222223,0.019080925210135602,0.09542444310656228,-0.03316298470577555
2024,2886,兆豐金,21154682.0,0.4210175789926788,0.58,148333783.0,0.57,0.58,0.3901125022127365,0.43723714018685456,8421293.0,6777581.0,6705139.0,21904013.0,0.6,1.1207975589267836,1.0175438596491229,-0.1951852286816288,-0.01068847425062125,0.6968046203207827
2024,3308,聯德,34029.0,0.08751359134855564,0.05,600000.0,0.86,0.78,0.338250186398994,0.38002391180436806,0.0,481.0,528.0,1009.0,0.54,1.1234994896827595,0.9069767441860466,inf,0.09771309771309777,0.0016534394749565249
2024,2301,光寶科,33285492.0,0.09358104125364888,1.36,23472500.0,1.83,2.0,0.11262391729068871,0.11406468076961503,12865638.0,12053795.0,11850060.0,36769493.0,1.48,1.0127926954912039,1.0928961748633879,-0.0631016510801874,-0.01690214575575577,1.4846932275099558
2024,9928,中視,223114.0,-0.0123972498364065,-0.05,607246.0,-0.2,-0.15,-0.05465397994125848,-0.041380537734292934,68275.0,66822.0,69736.0,204833.0,-0.26,0.7571367680591294,0.7499999999999999,-0.02128158183815454,0.04360839244560166,-0.031661752767048586
2024,3593,力銘,197659.0,-0.06267359442271792,-0.13,930425.0,-0.28,-0.12,-0.13836091293608813,-0.04599647956190104,74923.0,72090.0,78313.0,225326.0,-0.89,0.33243839308250156,0.4285714285714285,-0.03781215381124625,0.08632265224025515,-0.050457498183340256
2024,6224,聚鼎,674070.0,0.05697776195350631,0.45,856453.0,0.45,0.68,0.053556069389989164,0.07624198876123547,257280.0,277948.0,331719.0,866947.0,0.93,1.4235919407387805,1.511111111111111,0.08033271144278609,0.19345704952005405,0.8210695008765271
2024,2820,華票,423084.0,0.5745762070888996,0.18,13429600.0,0.2,0.23,0.5927615759294654,0.6493983722362531,220568.0,252811.0,172286.0,645665.0,0.31,1.0955473475452246,1.15,0.14618167639911506,-0.3185185771188753,0.30263765096087103
2024,5285,界霖,1264123.0,0.0852440783056712,1.06,1020409.0,0.93,0.46,0.07538573887808774,0.03522666735081638,442200.0,440171.0,465056.0,1347427.0,0.06,0.46728556189897164,0.4946236559139785,-0.004588421528720077,0.05653484668458386,0.5259900720157036
2024,5203,訊連,530872.0,0.15991802167000707,1.08,789418.0,0.78,1.2,0.13796972151603343,0.19745736007028572,172188.0,163911.0,186934.0,523033.0,0.55,1.4311644460871022,1.5384615384615383,-0.04806955188514883,0.14046037178712845,1.5163833713784123
2024,1732,毛寶,152387.0,0.033388674886965425,0.12,424439.0,0.02,0.01,0.005561532192339038,0.0022644084620634035,47182.0,47427.0,48823.0,143432.0,0.08,0.40715550746655865,0.5,0.005192658217116675,0.029434710186180935,0.04593992360300847
2024,1583,程泰,1245361.0,0.13456017973904755,1.52,1104004.0,0.93,2.44,0.07205345836517703,0.20736078503541638,370526.0,382913.0,364936.0,1118375.0,1.53,2.8778741470601292,2.6236559139784945,0.03343085235583998,-0.046948001243102166,3.9228812322472333
2024,2002,中鋼,94572214.0,0.014002939594921613,0.09,157731290.0,0.07,-0.05,0.010409564621205564,-0.007972435032412106,29273051.0,29595067.0,26747619.0,85615737.0,-0.01,-0.7658759345392098,-0.7142857142857143,0.011000424930083241,-0.09621360208442842,-0.0582121155846966
2024,4952,凌通,791017.0,0.15034948679990442,1.1,1088158.0,0.61,0.5,0.10641550466931048,0.09190798652465376,255299.0,220070.0,181349.0,656718.0,0.55,0.8636710111957907,0.819672131147541,-0.1379911398007826,-0.17594856182123875,0.7836772756638092
2024,1514,亞力,2216078.0,0.0897346573541184,0.77,2672919.0,0.68,0.62,0.07067078736953246,0.08068127649807941,644057.0,601443.0,696218.0,1941718.0,0.53,1.1416496051784852,0.9117647058823529,-0.06616495123878785,0.1575793549845954,0.7442063958580472
2024,3090,日電貿,2838738.0,0.078241105730786,1.06,2126572.0,0.89,1.28,0.0727411049833048,0.09275256016611777,1106344.0,1124896.0,1062826.0,3294066.0,1.24,1.275105185539949,1.4382022471910112,0.016768744621926013,-0.05517843427303504,1.5453725597130186
2024,6719,力智,921750.0,0.10531163547599674,1.06,1038913.0,0.31,0.49,0.03054296652112821,0.05474180562905009,323981.0,333221.0,337358.0,994560.0,0.06,1.792288433776799,1.5806451612903225,0.028520190998854833,0.012415183916979933,1.8069081106039497
2024,1752,南光,512296.0,0.08615136561675281,0.44,1009885.0,0.92,0.46,0.17682143354901037,0.08680812873097506,205844.0,185296.0,188749.0,579889.0,0.57,0.49093668673890756,0.5,-0.09982316705854921,0.018635048786805886,0.24286257887134452
2024,3679,新至陞,978667.0,0.18214673632604347,2.84,630402.0,4.35,2.82,0.30821379623336775,0.18987178591954795,363342.0,378908.0,376811.0,1119061.0,1.59,0.61603921771167,0.6482758620689655,0.04284117993515757,-0.005534324954870273,1.9918926678244746
2024,1525,江申,376080.0,0.19074133163156776,0.98,734001.0,0.8,1.11,0.1382543326496434,0.22724681053448406,138813.0,126003.0,138583.0,403399.0,1.09,1.6436867198249805,1.3875,-0.09228242311599055,0.09983889272477642,1.7230664338261918
2024,2017,官田鋼,860795.0,-0.009351820119773,-0.02,4468747.0,-0.26,-0.1,-0.11389897989601912,-0.047042025541525465,263698.0,314023.0,307510.0,885231.0,-0.1,0.4130153367876619,0.38461538461538464,0.19084331318402104,-0.02074051900656959,-0.007651263699852378
2024,1734,杏輝,769325.0,0.08440646020862444,0.39,1811399.0,0.65,0.45,0.14986620193543332,0.10641136693863865,261180.0,280388.0,209681.0,751249.0,0.18,0.7100424616384402,0.6923076923076923,0.07354315031778857,-0.2521755567285333,0.24855917094935562
2024,4994,傳奇,384772.0,0.08018774754919797,0.47,663834.0,0.52,0.56,0.13430894984952316,0.12084232907667775,140294.0,117332.0,142812.0,400438.0,1.19,0.8997340029243537,1.076923076923077,-0.16367057750153247,0.2171615586540756,0.4352090718891091
2024,1409,新纖,11552972.0,0.03823249982774995,0.27,16184093.0,0.13,0.26,0.022418050310057492,0.0389862161513175,3964766.0,3869327.0,3751001.0,11585094.0,0.34,1.7390547176097186,2.0,-0.024071786329886824,-0.030580511804766064,0.475945405401182
2024,2606,裕民,4163731.0,0.29149673694097916,1.44,8450557.0,0.7,0.91,0.1639452203797205,0.19594371321436144,1775095.0,1257574.0,1446829.0,4479498.0,1.84,1.1951779549323114,1.3,-0.2915455229156749,0.15049213803720507,1.8467592505122257
2024,6657,華安,1630.0,-29.88834355828221,-0.64,762240.0,-2.25,-0.55,-44.73083674663546,-30.008637873754154,610.0,1050.0,455.0,2115.0,-1.18,0.6708713732257943,0.24444444444444446,0.721311475409836,-0.5666666666666667,-0.5563649256495719
2024,9946,三發地產,789663.0,0.18296665792876202,0.45,3265542.0,0.09,-0.06,0.1169372374337647,-0.08703573390913735,147457.0,90675.0,13385.0,251517.0,0.08,-0.7442944251050562,-0.6666666666666666,-0.3850749710084974,-0.8523848910945685,-0.10488872151212315
2024,3048,益登,24631676.0,-0.0005353675486800005,-0.05,2698298.0,-0.16,0.08,-0.0018772488883301176,0.0007448488863267675,9351467.0,10007928.0,11284894.0,30644289.0,-2.37,-0.39677684240864736,-0.5,0.07019871855399806,0.1275954423333181,0.024124482045699516
2024,6183,關貿,568860.0,0.22726857223218366,0.86,1500000.0,0.94,0.86,0.2736613466440184,0.23722839349869174,190188.0,196445.0,254342.0,640975.0,1.0,0.8668684723213065,0.9148936170212766,0.03289902622668106,0.2947237140166459,0.841864940481693
2024,2464,盟立,1743603.0,0.00795593951145989,0.07,1955312.0,0.08,0.01,0.0070854355491250035,0.001257804606875749,647548.0,741661.0,796115.0,2185324.0,0.1,0.17751973017820735,0.125,0.14533748849506134,0.07342168457017428,0.015784755943113606
2024,1582,信錦,2533982.0,0.13105657419823818,2.32,1434179.0,1.38,2.04,0.07888443856823303,0.10002642973961738,917229.0,812293.0,739015.0,2468537.0,1.52,1.2680121904283703,1.4782608695652175,-0.11440545381796696,-0.09021129075345968,2.860345682059632
2024,1218,泰山,2556095.0,0.07939884863434261,0.42,4999990.0,-0.79,0.36,-0.14566341174470576,0.05287735375988021,977678.0,1025513.0,985528.0,2988719.0,0.55,-0.36301054002878025,-0.45569620253164556,0.04892715188436281,-0.03899024195695233,-0.17228576216593844
2024,3006,晶豪科,3579848.0,0.06876437211859275,0.88,2861722.0,-0.36,-0.57,-0.03382827903624983,-0.0528373123762427,1030878.0,1146843.0,1234788.0,3412509.0,0.74,1.561927295196516,1.5833333333333333,0.11249148783852214,0.07668442847015666,1.2807685640439015
2024,8438,昶昕,918280.0,0.05851265409243368,0.77,699430.0,0.28,0.38,0.024626773033924198,0.03495566981307757,325739.0,296631.0,301193.0,923563.0,0.64,1.4194173863106212,1.357142857142857,-0.08935988628932978,0.01537937707117587,1.0966857187162709
2024,4526,東台,1369616.0,-0.10381522996226679,-0.56,2548265.0,-0.07,0.04,-0.007891942322905502,0.005207009961347142,435336.0,448433.0,455984.0,1339753.0,-0.55,-0.6597881419171505,-0.5714285714285714,0.030084808056305867,0.016838635872025387,0.3601187426122903
2024,2609,陽明,52589220.0,0.2640660196139057,3.97,34921043.0,-0.03,0.8,-0.0037192151096491497,0.07817083553927702,25458337.0,25760113.0,21619938.0,72838388.0,8.13,-21.018100119154234,-26.666666666666668,0.011853720060347905,-0.16072037416916607,-115.7654848290082
2024,5434,崇越,13791780.0,0.07400147044108882,5.41,1887641.0,3.69,4.25,0.0555453756593234,0.06339189669699939,4748025.0,5304489.0,5314010.0,15366524.0,4.93,1.141263263494716,1.151761517615176,0.11719904591909258,0.0017948948522656938,6.8751538975044975
2024,3054,立萬利,23282.0,0.14229877158319731,0.04,834110.0,-0.12,-0.18,-0.8824566558918602,-2.0575569940895018,5155.0,7396.0,10983.0,23534.0,-0.29,2.331623859769089,1.5,0.43472356935014544,0.4849918875067605,0.0936121162028614
2024,1453,大將,343.0,36.481049562682216,0.12,1099448.0,0.12,-0.08,72.41279069767442,-48.529411764705884,115.0,115.0,114.0,344.0,-0.15,-0.6701773443219118,-0.6666666666666667,0.0,-0.008695652173912993,-0.07649636801753312
2024,1217,愛之味,1202414.0,0.09755125938320745,0.24,4945134.0,0.04,0.19,0.017806523941961496,0.05533946501761614,517832.0,695333.0,487276.0,1700441.0,0.22,3.1078196507071985,4.75,0.34277719414790897,-0.2992192230197618,1.0424907074205154
2024,2059,川湖,2516669.0,0.5787050263662007,15.29,952971.0,7.5,10.31,0.5439307264678841,0.6900743424672647,885818.0,868862.0,821999.0,2576679.0,12.12,1.2686805670060075,1.3746666666666667,-0.01914162954466947,-0.05393606809827112,19.851355886901402
2024,9945,潤泰新,7426936.0,0.5669006707476677,1.55,28442251.0,1.52,2.05,0.6540441042147916,1.1292599283476703,2274297.0,3358686.0,2940962.0,8573945.0,1.3,1.7265807016231665,1.3486842105263157,0.4768018425034197,-0.1243712570928035,2.950601655902875
2024,6531,愛普*,944844.0,0.3920181532612791,2.29,811195.0,2.98,3.27,0.440023185785218,0.4272485982816345,339512.0,511445.0,417130.0,1268087.0,2.07,0.9709683764031949,1.0973154362416107,0.5064121444897383,-0.18440888072031203,5.95024775567051
2024,2362,藍天,6620063.0,0.05990456586289285,0.68,6322630.0,0.41,0.43,0.041308761531289,0.039721559897538096,2159703.0,2485865.0,2448247.0,7093815.0,0.1,0.9615771188746801,1.048780487804878,0.15102169140849453,-0.015132760628594033,0.6462880656403578
2024,1231,聯華食,2650340.0,0.0815359538776157,0.87,2713222.0,0.3,0.67,0.04022164583434899,0.05928403949860441,1115087.0,1148313.0,920820.0,3184220.0,0.66,1.473933705815098,2.2333333333333334,0.02979677818860771,-0.1981106196655441,1.4104082597688574
2024,3450,聯鈞,1704853.0,0.04048618854528807,0.47,1456814.0,-0.09,-0.14,-0.010248078775620197,-0.015000138633443932,644812.0,658197.0,797761.0,2100770.0,1.04,1.463702510672411,1.5555555555555558,0.020757988374906278,0.21203986040653477,0.8545433749353136
2024,1720,生達,1760104.0,0.12258764254839487,1.21,1786961.0,1.33,1.26,0.15792801079387464,0.13605577773982988,573665.0,592546.0,577357.0,1743568.0,1.22,0.8615050430629936,0.9473684210526315,0.032912936992844255,-0.025633452930236666,1.0304533438540207
2024,2308,台達電,103443972.0,0.09616864866712581,3.83,25975433.0,3.14,3.6,0.08104578005245318,0.08685436447285547,37339042.0,37770041.0,37094029.0,112203112.0,4.75,1.0716704116690956,1.1464968152866242,0.011542851045830194,-0.017898100772514414,4.45181245661891
2024,2459,敦吉,1271741.0,0.1221789656856231,1.48,1055956.0,1.2,1.66,0.07374416225798539,0.0773513827435346,477729.0,427678.0,425481.0,1330888.0,1.3,1.048915336144572,1.3833333333333333,-0.104768603120179,-0.005137042354294574,1.615223284241524
2024,4906,正文,7609850.0,0.03980525240313541,0.74,4157285.0,0.79,0.9,0.04427859504801534,0.05765686657655015,2419557.0,2114991.0,1640092.0,6174640.0,0.22,1.3021385731418877,1.139240506329114,-0.12587676173778917,-0.22453948976615035,0.7698381514674705
2024,6655,科定,631645.0,0.18125529371719876,1.45,821813.0,0.67,1.26,0.0794128424255626,0.14620143758504275,233492.0,234592.0,210765.0,678849.0,1.4,1.8410301548151264,1.880597014925373,0.0047110821784044354,-0.10156782839994549,2.7564605227839856
2024,6689,伊雲谷,3093526.0,0.010164776374919752,0.46,680000.0,0.73,0.7,0.020804485757211562,0.019322447337283857,1136171.0,1116647.0,1079999.0,3332817.0,0.88,0.928763515848308,0.958904109589041,-0.017184033037280444,-0.032819682495900726,0.4627064256600904
2024,4956,光鋐,336913.0,0.006316170643459885,0.02,1004082.0,-0.23,-0.15,-0.07771057416447487,-0.05229380707762557,124089.0,110387.0,124338.0,358814.0,0.0,0.6729303912611099,0.6521739130434782,-0.11042074639976152,0.1263826356364426,0.015188825600307999
2024,6477,安集,235764.0,0.07931660474033356,0.15,1237825.0,0.76,0.39,0.18566407108635055,0.18677850351643877,100849.0,102913.0,95152.0,298914.0,,1.006002412979353,0.5131578947368421,0.020466241608741775,-0.07541321310232918,0.19268599244512144
2024,2321,東訊,170751.0,-0.03486363183817372,-0.43,302719.0,-0.67,-0.28,-0.046107677325754715,-0.01923086627205797,39794.0,40090.0,50910.0,130794.0,0.21,0.41708599060825036,0.41791044776119407,0.00743830728250483,0.2698927413320029,-0.06282700702393952
2024,5515,建國,1351810.0,0.08203297800726433,0.44,2520001.0,0.39,0.31,0.09841458605350645,0.08825593035519565,442984.0,454878.0,514265.0,1412127.0,0.68,0.8967769300702265,0.7948717948717948,0.026849728206887802,0.13055588531430407,0.41223603177793045
2024,2465,麗臺,719381.0,-0.1849437224502732,-1.59,839460.0,-0.97,-0.58,-0.07015418231813607,-0.035448308003003394,255025.0,427360.0,325865.0,1008250.0,-1.12,0.5052914428145133,0.5979381443298969,0.6757572786981669,-0.23749298015724452,-1.1224054370586525
2024,4566,時碩工業,1259984.0,0.08375820645341528,1.15,1024853.0,1.01,1.51,0.08122724205041278,0.12574169017586112,432954.0,440232.0,411492.0,1284678.0,0.24,1.548023631010652,1.495049504950495,0.01681009991823612,-0.06528375947227827,1.6253154558179608
2024,3055,蔚華科,166393.0,-0.0606876491198548,-0.12,1149749.0,-0.43,-1.03,-0.13587087246670285,-0.37840673886883275,98834.0,39366.0,82493.0,220693.0,-0.43,2.785046802150821,2.3953488372093026,-0.6016957727097962,1.0955392978712593,-0.3244280005380542
2024,4942,嘉彰,1506936.0,0.13234404115370527,1.4,1423676.0,1.41,1.39,0.1289034956141363,0.12205046560788399,497053.0,485650.0,434674.0,1417377.0,0.44,0.9468359645826333,0.9858156028368794,-0.022941215524300174,-0.10496448059301966,1.247536769771369
2024,1608,華榮,3158723.0,0.0676374598215798,0.5,6327735.0,0.53,0.17,0.09930559241370769,0.02895821027487081,983730.0,987386.0,903344.0,2874460.0,0.2,0.2916070441856964,0.32075471698113206,0.003716466916735328,-0.08511564879388611,0.0895969624443696
2024,1219,福壽,3469973.0,0.017282843411173518,0.17,3416024.0,0.23,0.28,0.01873968993624639,0.023253591244111235,1196279.0,1163022.0,1171870.0,3531171.0,0.04,1.240873852407453,1.2173913043478262,-0.027800370983691924,0.007607766663055404,0.22168722355083592
2024,2548,華固,1735822.0,0.16383304278894956,0.96,3044940.0,1.1,2.24,0.1886989878379868,0.2150708232187431,3053599.0,1995647.0,374214.0,5423460.0,4.32,1.1397561040624056,2.0363636363636366,-0.34646068458890644,-0.8124848733267958,3.325914849111365
2024,1304,台聚,13460094.0,-0.018678918587047014,-0.23,11887635.0,0.03,0.21,0.002121071045652051,0.01706192423264784,4531832.0,4233703.0,4138650.0,12904185.0,-0.62,8.044013550429064,7.0,-0.06578553662183417,-0.022451504037954484,-1.6310213328789434
2024,8112,至上,70053268.0,0.011103079445201613,1.51,5534132.0,1.16,1.56,0.013131264263551589,0.01684520645244321,19906499.0,15971747.0,24588497.0,60466743.0,1.0,1.2828320346274957,1.3448275862068968,-0.19766167822880354,0.5394995300138425,1.5562533752876437
2024,1476,儒鴻,9593234.0,0.1807042338381405,6.32,2743671.0,5.08,5.68,0.1779828558525545,0.19542838608430055,3134777.0,3707565.0,3189368.0,10031710.0,6.47,1.0980180374574862,1.1181102362204725,0.18272049335566765,-0.13976747541850243,7.254721391402738
2024,2812,台中銀,4887389.0,0.45143777178366606,0.38,55187566.0,0.3,0.35,0.3677830230448661,0.4120395920950967,1737789.0,1665890.0,1473000.0,4876679.0,0.37,1.1203333658085455,1.1666666666666667,-0.04137383767534497,-0.11578795718804968,0.4469182540444811
2024,2368,金像電,9573005.0,0.1588511653341871,3.13,4918395.0,1.68,2.4,0.11797705537040493,0.1411593669300941,3535734.0,3571863.0,3333418.0,10441015.0,3.27,1.1964984758002746,1.4285714285714286,0.010218246055840208,-0.06675647974180421,4.034798681557747
2024,2431,聯昌,86628.0,-0.18114235582028906,-0.14,1109270.0,-0.15,-0.15,-0.12149870801033592,-0.09576073535464398,39483.0,31490.0,41369.0,112342.0,-0.15,0.788162581502493,1.0,-0.20244155712585166,0.31371864083836143,-0.1445908156898597
2024,3703,欣陸,8684012.0,0.07525922350176394,0.79,8232160.0,0.7,0.58,0.07112958055847184,0.06081824644905491,3072958.0,2550226.0,2566797.0,8189981.0,0.68,0.8550345154792452,0.8285714285714285,-0.17010710852540123,0.006497855484180581,0.6401952845733957
2024,1709,和益,2977968.0,0.09227332194301618,0.57,4770163.0,0.26,0.33,0.05195607606413081,0.06663026419267211,660172.0,1134128.0,781295.0,2575595.0,0.41,1.2824344954462794,1.2692307692307692,0.7179280551129099,-0.3111050957211179,0.638933561652363
2024,3028,增你強,9628771.0,0.010418567437111132,0.43,2346118.0,0.52,0.87,0.014732087374924832,0.02144769557557096,3021191.0,3223882.0,3317649.0,9562722.0,0.43,1.455849061286225,1.673076923076923,0.06708976691642476,0.029085121601845287,0.6182384860341912
2024,3209,全科,11498053.0,0.016625336480880718,0.82,2324776.0,0.47,1.0,0.008068625048729182,0.016126661156827215,5284377.0,5228233.0,3031863.0,13544473.0,1.05,1.9986876400170788,2.127659574468085,-0.010624525842876098,-0.4200979566136398,1.9359599508790675
2024,3019,亞光,5614268.0,0.07945719726952828,1.59,2792439.0,1.07,0.65,0.06664226981480408,0.03854833154330759,2224952.0,2417407.0,2185365.0,6827724.0,2.46,0.5784366536498787,0.6074766355140186,0.08649849524843689,-0.09598797389103286,1.123780027224037
2024,2516,新建,2322300.0,0.0020247168755113463,0.02,2262785.0,0.22,0.32,0.027316266132680844,0.030761182769898553,708808.0,809927.0,791013.0,2309748.0,0.36,1.1261122812497515,1.4545454545454546,0.14266063588447087,-0.023352721911974794,0.023273800434631158
2024,1560,中砂,1731114.0,0.14653512131494517,1.75,1451480.0,1.54,2.02,0.14050485599623633,0.17714947631436906,635210.0,586261.0,638126.0,1859597.0,1.96,1.2608067889063872,1.3116883116883116,-0.07705955510775964,0.0884674232125282,2.3669988541287452
2024,1466,聚隆,695684.0,0.009252764186038489,0.06,1111573.0,-0.41,-0.17,-0.07453861494440701,-0.030053729398095495,252799.0,282486.0,270765.0,806050.0,-0.01,0.40319677821368705,0.41463414634146345,0.11743321769469017,-0.04149232174337847,0.027052819832769644
2024,9904,寶成,65327340.0,0.05225133917897162,1.16,29467872.0,1.19,2.06,0.05557787895499991,0.10434891632605409,22243179.0,23226674.0,21335005.0,66804858.0,1.94,1.8775260641116394,1.73109243697479,0.04421557727876935,-0.08144381756940322,2.2240403939937896
2024,2432,倚天酷碁-創,596548.0,0.051457720082876815,0.5,618600.0,0.63,0.41,0.041586837819714534,0.04432879716514303,208192.0,209105.0,292392.0,709689.0,0.43,1.0659333454809745,0.6507936507936507,0.004385375038426176,0.3983022883240477,0.6292724910266764
2024,5234,達興材料,1028213.0,0.13979885490652227,1.4,1027159.0,1.46,1.62,0.13302214558525974,0.14108988038770529,365731.0,351288.0,356441.0,1073460.0,1.3,1.060649561521879,1.1095890410958904,-0.03949077327325279,0.014668875680353466,1.5496146772281632
2024,9937,全國,6030242.0,0.028633842555572397,0.56,3090430.0,0.57,0.75,0.029071751209124534,0.036237533437446845,2039281.0,2120431.0,2028502.0,6188214.0,0.63,1.2464860880507687,1.3157894736842106,0.039793437000589904,-0.04335392191493148,0.7146830487035992
2024,3043,科風,195626.0,-0.020268266999274125,-0.1,389756.0,1.5,0.0,0.14399523876553635,-0.00012983409239605,73157.0,91410.0,68117.0,232684.0,0.25,-0.0009016554540907802,0.0,0.24950449034268773,-0.254818947598731,0.00010910155543550382
2024,2323,中環,1764179.0,0.7934172212683633,1.29,10893483.0,1.28,-0.98,0.7820026928498462,-0.5391430344421704,650311.0,618550.0,640251.0,1909112.0,-0.66,-0.6894388464026584,-0.765625,-0.04883970900077039,0.035083663406353605,-0.9586542902951655
2024,2615,萬海,38162396.0,0.3031569349052402,4.12,28061464.0,-0.84,0.91,-0.09563318723756398,0.1013652276646365,20108010.0,19405801.0,14965985.0,54479796.0,6.57,-1.0599377746642853,-1.0833333333333335,-0.034921854524639695,-0.2287880824914158,-6.238397233529078
2024,1439,雋揚,30981.0,0.37574642522836577,0.13,920000.0,0.56,0.27,2.520721599219893,0.6831831016507385,4344.0,4818.0,4843.0,14005.0,0.38,0.27102679719258504,0.48214285714285715,0.1091160220994476,0.005188875051888697,0.015502522710411202
2024,1104,環泥,2092080.0,0.18305609728117472,0.55,6866818.0,0.61,1.42,0.21777688388168126,0.51056707429386,621001.0,652544.0,599242.0,1872787.0,0.69,2.344450270356758,2.3278688524590163,0.05079379904380188,-0.08168338073754411,1.1704640340746624
2024,2539,櫻花建,478608.0,0.14083759569417978,0.08,9942521.0,-0.04,0.61,-0.06531077472798363,0.2575793062961397,0.0,8000.0,0.0,8000.0,-0.22,-3.9439021718689697,-15.25,inf,-1.0,-0.004469286608811424
2024,2417,圓剛,881330.0,-0.016873361850839073,-0.11,1576689.0,0.31,0.11,0.046353801294105254,0.017888029341415805,323582.0,294575.0,264486.0,882643.0,-0.19,0.3859021017051001,0.3548387096774194,-0.08964342886810761,-0.1021437664431809,-0.03645170169293594
2024,1210,大成,24994943.0,0.03144428054906947,0.94,8947673.0,1.27,1.51,0.03894754841145341,0.0451288931146484,8506106.0,9027255.0,8614876.0,26148237.0,1.0,1.158709468382796,1.1889763779527558,0.061267635272826304,-0.045681549928522025,1.064752152742707
