year,symbol,name,q2_revenue,q2_gross_margin,q2_operating_margin,q2_net_margin,q2_eps,q2_capital,q2_retained_earnings,q3_revenue_actual,target_q3_eps,q3_eps_ly,rev_growth_q3_vs_q2,naive_pred_eps
2020,2890,永豐金,,,,,0.29,112710541.0,29350974.0,10810242.0,0.32,,,
2020,1323,永裕,894486.0,0.2647319242559414,0.14791511549649744,0.12076209130159667,1.01,912745.0,1227599.0,834324.0,0.65,,-0.06725873853811015,1.1038648369819977
2020,2247,汎德永業,10191747.0,0.11647051285711861,0.03646205110860778,0.033413407927021736,4.74,717407.0,5637843.0,10328425.0,9.89,,0.013410654718960302,4.810489412127976
2020,6605,帝寶,2685600.0,0.1738829311885612,0.014254170390229371,-0.032109770628537385,-0.49,1658164.0,8775957.0,3799420.0,1.42,,0.4147378611855823,-0.735744502482731
2020,2207,和泰車,,,,,5.94,5461792.0,48161558.0,55951998.0,6.62,,,
2020,8101,華冠,599891.0,-0.01121703776186007,-0.2771970241260496,-0.20656752643396883,-0.59,2080888.0,-1234601.0,1115556.0,-0.86,,0.8595978269385605,-1.1074005113133074
2020,2356,英業達,148757797.0,0.04056571905269611,0.013644837722354815,0.010210167336640512,0.46,35874751.0,18313170.0,145380375.0,0.54,,-0.022704167903212502,0.41376118714065746
2020,2387,精元,5204147.0,0.1679887213024536,0.10569493905533414,0.08045429923482177,2.11,1962980.0,5381030.0,6508364.0,2.58,,0.25061109918686,2.667504838486085
2020,2880,華南金,,,,,0.23,128547788.0,26531426.0,11674916.0,0.27,,,
2020,2536,宏普,1026408.0,0.308169850585732,0.25736646635645866,0.19516020919556357,0.6,3328087.0,6545015.0,1388803.0,0.4,,0.3530710984325922,0.8143990346749537
2020,3419,譁裕,461256.0,0.21142922802088213,0.002066097785177862,0.02707607055517977,0.11,1204804.0,64123.0,413293.0,0.95,,-0.10398347121771856,0.09288108628425797
2020,2027,大成鋼,12046476.0,0.13324651956306557,-0.01674788543969207,-0.05311711076334689,-0.59,12584659.0,3697928.0,14570881.0,-0.07,,0.20955547497874072,-0.6150052218312365
2020,5007,三星,787971.0,0.1636468854818261,0.06634000489865743,0.10322461105802117,0.28,2949401.0,2567381.0,1331948.0,0.43,,0.6903515484706924,0.46616182150039687
2020,2850,新產,4073086.0,,0.12350561711684949,0.11841488247486058,1.53,3159633.0,7756431.0,4425063.0,1.71,,0.08641531261554514,1.6583992985541487
2020,8464,億豐,6003888.0,0.579489990486165,0.3051815756722977,0.20923708103815394,4.12,2930202.0,6007574.0,6988817.0,5.04,,0.1640485298859673,4.9905080570889915
2020,1444,力麗,1667662.0,0.019822362085362623,-0.05869114964543175,0.05734015645856295,0.01,9573029.0,376910.0,1951060.0,-0.16,,0.16993731343641572,0.11686383239833895
2020,6128,上福,714339.0,0.32597968191572907,-0.18646748952528142,-0.0316572383700176,-0.18,1275887.0,654278.0,1031364.0,0.39,,0.4438018923788285,-0.25590147085325604
2020,2427,三商電,693454.0,0.37511356196661927,0.07583343668073153,0.07661358936569693,0.29,1843145.0,213982.0,725934.0,0.25,,0.04683800223230383,0.30174733611624605
2020,2114,鑫永銓,384990.0,0.34186082755396247,0.2542559547001221,0.20996389516610822,1.14,709016.0,1241668.0,398980.0,1.22,,0.03633860619756368,1.1815162830369674
2020,5469,瀚宇博,11704182.0,0.22165009054028723,0.129375551405472,0.09398683308239739,1.7,5284413.0,9773863.0,12607921.0,2.4,,0.07721505014190644,2.242403397582764
2020,2408,南亞科,16489357.0,0.3057833607459648,0.19583389455392347,0.1952921511736328,1.05,31259274.0,92005638.0,15323867.0,0.53,,-0.07068134918784275,0.9573577910762237
2020,1587,吉茂,373402.0,0.2626606177792299,0.042752850814939396,0.25747853519799035,1.46,663566.0,270542.0,512397.0,0.57,,0.3722395702219057,1.988215625873608
2020,3050,鈺德,229332.0,0.39439328135628693,0.18310135524043744,0.2914159384647585,0.41,1459845.0,320220.0,260816.0,0.35,,0.13728568189349932,0.5206438999114594
2020,2376,技嘉,20908229.0,0.16826240998221323,0.05274573948850474,0.05536346478699846,1.84,6356889.0,13875986.0,22995403.0,2.24,,0.09982548019729465,2.0027173421674322
2020,1435,中福,3819.0,0.9266823775857554,-1.1432312123592563,1.0882429955485728,0.03,1397801.0,-134237.0,3811.0,-0.09,,-0.0020947892118355904,0.02967013227230207
2020,1539,巨庭,489625.0,0.11091549655348482,0.06512739341332653,-0.0214000510594843,-0.16,653700.0,634677.0,621197.0,-0.18,,0.26871993872861877,-0.20336006605474174
2020,2344,華邦電,12752595.0,0.293130143315929,0.06867621844808841,0.06573195494720878,0.18,39800002.0,9256048.0,16033721.0,0.08,,0.2572908494310373,0.2648059732278695
2020,3014,聯陽,1155713.0,0.5190804291376838,0.2337838200314438,0.20341122752794163,1.47,1610801.0,934385.0,1459321.0,2.06,,0.26270189917392983,1.8428240109566811
2020,3708,上緯投控,2357982.0,0.19354939944410093,0.09951941957148104,0.1171980956597633,2.73,935046.0,1581020.0,3006765.0,2.41,,0.27514332170474587,3.768660922526038
2020,2465,麗臺,1067332.0,0.13990117414262854,0.023688974002465963,0.011827622520452868,0.25,535873.0,-237159.0,1175849.0,-0.11,,0.10167127004530929,0.25952974143224206
2020,1313,聯成,12192568.0,0.1153370643493643,0.07139275335597882,0.052129543177450395,0.47,13323476.0,3942136.0,14002001.0,0.81,,0.14840458548191005,0.5478434574432405
2020,2528,皇普,63.0,-0.36507936507936506,-1573.4603174603174,-1606.5079365079366,-0.36,2770854.0,-438922.0,63.0,-0.31,,0.0,-0.3652664485389703
2020,4106,雃博,508288.0,0.44032910475950643,0.11860598715688743,0.10915268509191639,0.55,1009116.0,867095.0,524900.0,0.28,,0.03268225887685716,0.5677666829655551
2020,3090,日電貿,2458509.0,0.17904591766798494,0.10682531566896847,0.0670223293874458,0.87,1786572.0,1482424.0,2414359.0,1.0,,-0.017958038795058306,0.9057343569559146
2020,1789,神隆,908080.0,0.4824927319178927,0.22879812351334683,0.1785074002290547,0.21,7907392.0,1120880.0,758327.0,0.1,,-0.1649116817901507,0.17119042699982293
2020,2365,昆盈,320868.0,0.3411745639951631,0.08786479175237169,0.06613623047483701,0.09,2345385.0,894714.0,525710.0,0.33,,0.6383995911091165,0.14824209126828458
2020,1455,集盛,1284033.0,-0.18873891870380277,-0.2472047057980597,-0.12919761408001196,-0.28,5780004.0,341048.0,1969143.0,0.05,,0.5335610533374142,-0.4401529434622484
2020,1417,嘉裕,221621.0,0.25012972597362165,-0.29995352425988514,-0.11285482873915378,-0.14,1899419.0,588020.0,264532.0,-1.23,,0.19362334796792724,-0.157172869998804
2020,2836,高雄銀,,,,,0.16,10809165.0,3418285.0,926850.0,0.17,,,
2020,8222,寶一,76933.0,0.16670349524911288,-0.1823664747247605,-0.05326712854041828,-0.06,685735.0,160508.0,73407.0,-0.34,,-0.0458320876606918,-0.05702173732952941
2020,2062,橋椿,1488227.0,0.05751273159269386,-0.043321348154549,-0.057848701844543875,-0.53,1630142.0,2465997.0,2186286.0,0.11,,0.4690541160723465,-0.775845337160201
2020,6285,啟碁,15079610.0,0.11698459045028353,0.02470382191581878,0.02658318086475711,1.03,3902323.0,8105600.0,17108469.0,1.22,,0.13454320105095552,1.1654533101080824
2020,1201,味全,4617445.0,0.2880744654240603,0.028232063403029164,0.01797357629598187,0.16,5060629.0,1575275.0,5352341.0,0.43,,0.15915641658969415,0.19009634835039654
2020,3563,牧德,677118.0,0.674021367029085,0.4233634314846157,0.30468692310646,4.7,447282.0,1413313.0,478334.0,1.94,,-0.2935736459524042,3.2583943614365314
2020,2474,可成,22538006.0,0.2291831850608257,0.15012490457230335,0.12310663152720787,3.63,7616181.0,130303735.0,23670637.0,0.77,,0.05025426827910162,3.826080797151871
2020,1725,元禎,1688105.0,0.04753021879563179,0.013902571226315899,0.01641663285162949,0.16,1818300.0,675862.0,1615577.0,0.59,,-0.04296415211139115,0.1458633583706595
2020,1466,聚隆,321011.0,-0.02518605281438954,-0.18278812875571243,-0.12066253181355156,-0.34,1111573.0,-68060.0,709625.0,0.48,,1.2105940294880861,-0.7703061259871509
2020,1730,花仙子,754758.0,0.46862967997689325,0.12956735801409194,0.10244608205544029,1.14,632339.0,722744.0,815317.0,2.55,,0.0802363141563256,1.3209059109622434
2020,4967,十銓,2205950.0,0.07345497404746254,0.02543575330356536,0.01663410322083456,0.55,695731.0,404306.0,2071069.0,-1.09,,-0.061144178245200465,0.49516803942142307
2020,1773,勝一,1839195.0,0.3316157340575632,0.18197037290771234,0.15487699781697972,1.28,1800000.0,3350793.0,1858647.0,1.62,,0.010576366290687034,1.599231485341866
2020,2450,神腦,5930622.0,0.11844035920684205,0.005510889077064767,0.01042892296963118,0.24,2582527.0,2339321.0,6751649.0,0.51,,0.13843859885185728,0.2726493366341857
2020,3032,偉訓,2042741.0,0.21072372855883345,0.08853447402289374,0.0784083738467089,1.19,1132856.0,1056714.0,2741245.0,1.51,,0.3419444755845209,1.8972981805756561
2020,3501,維熹,1096279.0,0.25708966421868884,0.12390732651086082,0.0935528273368367,0.87,1182579.0,3096686.0,1416483.0,1.61,,0.2920825811677501,1.1205677550892117
2020,2607,榮運,1704030.0,0.14675328486000833,0.11307195295857467,0.1204509310282096,0.19,10671411.0,7240473.0,1755871.0,0.17,,0.030422586456811285,0.19818962714062216
2020,2377,微星,35337690.0,0.14387052464380098,0.0674050567538512,0.05947782664911034,2.49,8448562.0,22358432.0,40755713.0,3.09,,0.15332136877085056,2.8691997913667353
2020,6405,悅城,130345.0,0.15409873796463233,-0.18697303310445357,0.6290459933254057,1.25,658000.0,676440.0,115552.0,0.92,,-0.11349111972074111,1.104673596059837
2020,3380,明泰,7725035.0,0.1639232702505555,0.032323866493808764,0.035864691875182445,0.39,5418477.0,1483577.0,9671282.0,0.45,,0.25194021774658637,0.6401384539751637
2020,2423,固緯,489110.0,0.49532620473922023,0.05919731757682321,0.04172680992005888,0.14,1450472.0,850727.0,586171.0,0.43,,0.19844411277626706,0.1686281837750114
2020,2636,台驊控股,3863178.0,0.16406078104607139,0.05645067351284357,0.04468807805387171,1.46,1171575.0,693359.0,3883963.0,1.42,,0.005380285350558456,1.4814829755017795
2020,2731,雄獅,282341.0,0.4466513896316865,-1.3056516765188195,-0.766009895835178,-2.9,700000.0,318590.0,912782.0,-2.43,,2.23290630832929,-9.988572067717506
2020,2493,揚博,661591.0,0.23253036997178014,0.12947425221927142,0.11629390363532757,0.68,1144373.0,764109.0,641275.0,0.38,,-0.030707793788004922,0.6516788936277305
2020,1805,寶徠,59317.0,0.11047423167051604,-0.20493281858489135,-0.25009693679720824,-0.15,1002654.0,-345430.0,5296.0,-0.15,,-0.9107169951278723,-0.013210074235758446
2020,1449,佳和,495946.0,0.052277868961540165,-0.106313993862235,-0.12292265690216274,-0.26,1800300.0,-1381768.0,436200.0,-1.65,,-0.12046876071185164,-0.2978329330707293
2020,6230,尼得科超眾,2362727.0,0.22618017231783444,0.14047666107849108,0.09591882600063402,2.63,863434.0,2782518.0,2439143.0,2.74,,0.03234228922765947,2.709642346811273
2020,2882,國泰金,,,,,0.41,147025102.0,328688706.0,152728627.0,2.37,,,
2020,2912,統一超,61492529.0,0.33735641284163154,0.04199724815351146,0.043999377550401286,2.44,10396223.0,21895693.0,67803926.0,2.76,,0.10263680974968525,2.869629229262849
2020,5285,界霖,1105151.0,0.13149877256592085,0.03844090083617533,0.02631224149460119,0.31,940893.0,682941.0,996180.0,0.21,,-0.09860281536188265,0.2785835236535059
2020,1453,大將,25743.0,0.2778619430524803,-0.005865672221574797,1.5635318338965933,0.4,1006151.0,244650.0,172894.0,0.29,,5.716155848191741,2.6867266731307486
2020,9938,百和,2995935.0,0.3434003074165494,0.15020552849110544,0.09815533381064676,0.82,2979639.0,5922187.0,3410558.0,1.23,,0.13839519215203278,1.1235067703522867
2020,2012,春雨,1838576.0,0.13430557126819886,0.02965555951997633,0.05733023818433396,0.33,2877740.0,803514.0,1998834.0,0.1,,0.0871641966391381,0.39820702812257186
2020,1717,長興,8956132.0,0.23767191015049802,0.08793706926159642,0.07126848956670134,0.52,12402795.0,9227880.0,9888564.0,0.73,,0.10411101578225956,0.5682130683153744
2020,2832,台產,1339305.0,,0.15619519078925265,0.15034140841705212,0.56,3622004.0,5389545.0,1435047.0,0.61,,0.0714863305968394,0.5956564021593168
2020,2612,中航,740139.0,0.176772200897399,0.05218479231603793,0.17887585980471235,0.67,1974846.0,8418893.0,786127.0,1.03,,0.06213427477811595,0.7120511829312215
2020,1451,年興,1086899.0,-0.14061104113629694,-0.23363716407872304,-0.14076928951080092,-0.78,1980000.0,4715148.0,2068733.0,-0.2,,0.9033350844926713,-1.4707781545330691
2020,9912,偉聯,103148.0,0.334247876837166,-0.15039554814441386,-0.13726877884205219,-0.29,538066.0,-6745.0,143957.0,0.02,,0.3956353976810021,-0.3672560911814779
2020,1436,華友聯,279864.0,0.2904232055569848,0.1569297944716005,0.0816718120229826,0.24,956340.0,1308174.0,846425.0,1.8,,2.024415430351885,0.7228502780554305
2020,2852,第一保,1589812.0,,0.14807662792833368,0.1359355697403215,0.72,3011638.0,3200502.0,1574027.0,0.47,,-0.009928846932844904,0.7104647272734939
2020,8478,東哥遊艇,1569405.0,0.3428477671474221,0.19782337892385968,0.17219328344181395,2.98,908863.0,906191.0,858179.0,-3.26,,-0.4531819383779203,1.6259068725518855
2020,8261,富鼎,774447.0,0.1653153798775126,0.08134965982178251,0.061485162961442165,0.57,813405.0,374141.0,851887.0,0.68,,0.09999393115345523,0.6439401161750185
2020,1558,伸興,1614636.0,0.2709756254660493,0.1670890528887006,0.11599518405386725,3.05,605356.0,2752742.0,2251944.0,5.21,,0.3947069184633565,4.315058556601438
2020,2330,台積電,310698367.0,0.5298508408317447,0.42193507248140766,0.3890992899875782,4.66,259303805.0,1441491990.0,356426204.0,5.3,,0.1471775904119894,5.348366673962524
2020,1413,宏洲,304681.0,-0.16030208644451083,-0.21474919670081166,-0.20491267916279648,-0.48,1321124.0,-218447.0,314230.0,-0.28,,0.03134097629980204,-0.4873858258068549
2020,2849,安泰銀,,,,,0.25,19579101.0,12988770.0,1369289.0,0.18,,,
2020,2467,志聖,907756.0,0.3717045109038112,0.1291635637770502,0.09919846302310313,0.57,1492055.0,603535.0,1080786.0,0.88,,0.19061289597645192,0.7185546783254474
2020,2006,東和鋼鐵,10111732.0,0.13894138017107258,0.09022588810700284,0.07173588065822947,0.7,10040606.0,8105499.0,10402841.0,0.79,,0.028789232151326782,0.7432389643439217
2020,2428,興勤,1498545.0,0.46119535949871376,0.31944719711453445,0.22473465928617425,2.64,1281127.0,5026375.0,1620661.0,3.27,,0.08148971168700303,2.842955441992796
2020,3040,遠見,33586.0,0.5788721491097482,0.21467278032513548,4.585511820401358,2.44,630000.0,745618.0,41170.0,2.5,,0.2258083725361757,2.9965955816813317
2020,1536,和大,777656.0,0.1668989887559538,-0.012289495612455893,-0.03132747641630747,-0.09,2549565.0,1761586.0,1299276.0,0.17,,0.670759307457282,-0.1596469917349599
2020,9917,中保科,3433615.0,0.3558436225377627,0.1834803843762332,0.15832264246282707,1.21,4511971.0,5075837.0,3439238.0,1.35,,0.0016376326408173991,1.20681016836892
2020,2515,中工,3406135.0,0.05701770481792413,0.017361613676498435,0.07904942111807077,0.18,15308998.0,5050412.0,3421398.0,0.08,,0.004481032020163589,0.1766670368070628
2020,4961,天鈺,2207811.0,0.17615004182876162,0.015617278834103101,0.020995456585731296,0.25,1656248.0,1051871.0,2936721.0,0.72,,0.33015054277743894,0.3722739484660836
2020,3406,玉晶光,3089927.0,0.4284680511869698,0.26202690225367786,0.15906265746731232,4.44,1114591.0,3799203.0,5201571.0,9.44,,0.6833960802310217,7.4231328466218125
2020,3535,晶彩科,226521.0,0.19885573522984623,0.029573417034182262,-0.03828342626069989,-0.11,790523.0,121367.0,209605.0,-0.55,,-0.07467740297809033,-0.10150745217247316
2020,8341,日友,684622.0,0.5881420696384282,0.4220036750206683,0.3344721612802393,2.06,1115000.0,1160132.0,751163.0,2.22,,0.09719377992527267,2.2533014536659053
2020,2908,特力,10672005.0,0.27033364395912485,0.03605967201102323,0.024092192610479474,0.51,5098875.0,1932818.0,10826564.0,0.52,,0.014482658132187964,0.5115553238659176
2020,2491,吉祥全,59308.0,0.2315370607675187,-0.13288257907870776,-0.17758143926620354,-0.08,820080.0,141062.0,46123.0,-0.31,,-0.22231402171713766,-0.09987548438292734
2020,6505,台塑化,79929530.0,-0.11917268874219578,-0.1499716437717074,-0.10851765298757543,-0.91,95259597.0,124930865.0,93951631.0,1.67,,0.17543079510163517,-1.0702764667873552
2020,1457,宜進,449347.0,-0.03153464916868255,1.5655584659517032,1.1515354503312585,2.45,3016476.0,1397803.0,606503.0,0.8,,0.34974307161280693,2.315316631832175
2020,3376,新日興,3766125.0,0.22946529921338246,0.16690099239934947,0.09594025689534999,1.99,1817793.0,9626108.0,4520679.0,2.91,,0.20035288260479933,2.385943309284467
2020,3049,精金,552101.0,-0.012166252189363902,-0.15970085183689217,-0.16097054705570177,-0.11,8069485.0,780928.0,700650.0,0.09,,0.2690612768315943,-0.13976606164405467
2020,2610,華航,26315522.0,0.17726496172107092,0.10441616928594462,0.0856001640400673,0.46,54209846.0,-1315618.0,26517150.0,-0.13,,0.00766194187597713,0.4187195790733423
2020,2405,輔信,400317.0,0.36841802871224555,0.010249377368435515,0.04234893846626549,0.05,3434273.0,-70508.0,387698.0,0.02,,-0.031522518404164646,0.047808076834585364
2020,4736,泰博,1742705.0,0.5788168393388439,0.4210064239214325,0.3150470102513047,6.05,914051.0,2241407.0,1497645.0,3.87,,-0.14062047219695817,5.161950259534919
2020,8454,富邦媒,15834104.0,0.09120099249063919,0.029112730344577755,0.029623021296310798,3.35,1400585.0,2017876.0,15582993.0,3.0,,-0.015858870195623376,3.2958751771528476
2020,3518,柏騰,190730.0,0.32949719498767893,0.04397839878362082,-0.027410475541341163,-0.07,807522.0,-47212.0,183274.0,-0.05,,-0.03909191002988521,-0.06221041029673198
2020,1734,杏輝,583059.0,0.38933281194527486,-0.043170588225205336,-0.052781965461471306,0.05,1677221.0,311121.0,641312.0,-0.06,,0.09990927161745211,-0.20182020040308993
2020,1531,高林股,349233.0,0.12360515758820043,-0.11360610251608524,-0.09741633808947035,-0.18,1850081.0,1706281.0,450857.0,0.01,,0.2909919738398148,-0.2373995405714903
2020,1465,偉全,90677.0,0.103069135502939,-0.03897349934382478,-0.10298091026390374,-0.09,1036073.0,437425.0,91282.0,-0.16,,0.006672033702041391,-0.09073012664850509
2020,3051,力特,541509.0,0.1608892926987363,0.04682839989732396,-0.09267066660018577,-0.15,3253324.0,-2053582.0,614179.0,0.04,,0.13419906225011968,-0.17494838307477364
2020,6164,華興,207404.0,0.30185049468669845,-0.014237912479990743,-0.030828720757555304,-0.06,1000002.0,185211.0,171935.0,-0.11,,-0.17101405951669202,-0.05300525502399266
2020,1605,華新,29051525.0,0.16212370951266758,0.11957117569559601,0.10007244025916023,0.87,33260002.0,32571930.0,28410249.0,0.56,,-0.022073746558915586,0.8548054043413367
2020,3023,信邦,5288141.0,0.2627753306880433,0.12734569672026522,0.11623782346196897,2.52,2327775.0,4244834.0,5923403.0,2.66,,0.12012955025215866,2.957860928174318
2020,2402,毅嘉,1058974.0,0.10412248081633732,-0.015269496701524306,-0.014862498984866484,-0.05,3075366.0,870774.0,1544424.0,0.24,,0.4584154096323423,-0.07463827112676487
2020,1612,宏泰,1192189.0,0.13901067699836184,0.09218253146103512,0.12999365033564309,0.49,3160801.0,1548041.0,1082813.0,0.81,,-0.09174384262897917,0.4453264046072141
2020,1303,南亞,60624580.0,0.1263072502935278,0.05472803275503105,0.040623110296186794,0.27,79308216.0,189827629.0,67790205.0,1.31,,0.11819669513586728,0.3472337563003704
2020,8163,達方,5726536.0,0.17403941929291983,0.053520837029575996,0.043690985265787206,0.88,2800000.0,2275249.0,6111052.0,1.01,,0.06714635165132998,0.9535638674659266
2020,6669,緯穎,52070931.0,0.07845457958107183,0.056068116008911,0.04166036516612311,12.41,1748408.0,9213068.0,47205584.0,12.84,,-0.09343691204599358,11.247957383631846
2020,2886,兆豐金,,,,,0.69,135998240.0,95171191.0,15598534.0,0.56,,,
2020,2030,彰源,2622953.0,0.061548186338070104,0.003598997008333737,-0.004045440387227678,-0.04,2865260.0,706471.0,2762955.0,0.22,,0.05337571813143427,-0.03900996679216772
2020,2851,中再保,4449591.0,,0.12080099047305697,0.10466197904481558,0.79,5903888.0,6030448.0,4497660.0,0.88,,0.010803015378267444,0.7973288054765016
2020,1737,臺鹽,790850.0,0.41756211670986915,0.12445849402541569,0.10379338686223684,0.41,2000000.0,1517746.0,787325.0,0.48,,-0.004457229563128329,0.4085956415565531
2020,6224,聚鼎,408666.0,0.4827095965898802,0.23101995272422957,0.2321675891804065,1.19,800018.0,1053855.0,475749.0,1.3,,0.1641511650100571,1.3806376654648922
2020,4532,瑞智,5240203.0,0.12084875337844736,0.057716847992339226,0.04329622344783208,0.43,5049151.0,2829774.0,4648948.0,0.43,,-0.11283055255683794,0.39864502251042216
2020,5471,松翰,1490901.0,0.4475327335617858,0.2568507231533147,0.22268950118082959,1.98,1678770.0,1459573.0,1530287.0,1.72,,0.026417582388099436,2.0299317279526568
2020,9946,三發地產,395793.0,0.2637211875904829,0.11776610500943675,0.05498581329129115,0.07,3309030.0,3176736.0,270761.0,0.13,,-0.31590250459204683,0.044992078622929636
2020,3008,大立光,12650405.0,0.6863411092372141,0.5912654179846416,0.39434816513779597,37.19,1341402.0,126747888.0,14761514.0,43.74,,0.16688074413427878,43.396207554155176
2020,3044,健鼎,13009681.0,0.19400260467570266,0.10922051047984958,0.10105382291848662,2.5,5256059.0,30443507.0,15711216.0,3.81,,0.20765574497945027,3.0206632754656932
2020,3557,嘉威,820429.0,0.41903077536264566,0.12450193740104262,0.11626844004782863,1.32,723004.0,562651.0,1009573.0,1.83,,0.23054280138805439,1.623524597711859
2020,3028,增你強,7210819.0,0.05261094474843981,0.014724818359745265,0.019315142981677948,0.65,2138249.0,1080596.0,10792108.0,0.69,,0.4966549569473315,0.9748682641437477
2020,5484,慧友,79500.0,0.1819119496855346,-0.26047798742138367,0.4020125786163522,0.47,681151.0,-117396.0,78148.0,0.01,,-0.017006289308176048,0.46122635059936323
2020,3033,威健,13997283.0,0.05352517342115609,0.01907798820671126,0.01456061151296291,0.55,3677513.0,1414771.0,17265559.0,0.64,,0.2334936001508292,0.6836062772671107
2020,3504,揚明光,1062267.0,0.19083996772939382,-0.035290562542185724,-0.03393591253423103,-0.31,1140598.0,685875.0,1099430.0,-0.42,,0.03498461309633072,-0.3271105184956455
2020,9931,欣高,301455.0,0.19850392264185368,0.1457464629878423,0.14145726559519664,0.41,1104306.0,807941.0,258475.0,0.38,,-0.14257517705793565,0.33109633312431924
2020,2486,一詮,1031274.0,0.13764431179298614,0.03241912430644038,0.004861947455283465,0.04,2019586.0,-67850.0,1126218.0,-0.05,,0.092064766492707,0.027112550489033063
2020,2459,敦吉,1381874.0,0.17458031629511808,0.07517762111451551,0.08005360836082016,0.96,1059006.0,2964639.0,1860941.0,1.52,,0.34667921966836346,1.4067440788493457
2020,3705,永信,1940854.0,0.46482939984151306,0.10982278934943071,0.08848321409029221,0.63,2664230.0,1547258.0,1940993.0,0.65,,7.161795786814196e-05,0.6446339061070498
2020,1235,興泰,6861.0,0.16105523976096778,-0.30447456638973913,0.7163678764028567,0.05,1043978.0,469678.0,44301.0,0.95,,5.456930476606908,0.30398929184832396
2020,2038,海光,2037231.0,0.038842919629634536,0.01806275282479012,0.023466656456729747,0.27,1812645.0,202835.0,1623877.0,0.13,,-0.2028999166024864,0.21022849861382084
2020,1909,榮成,9766522.0,0.12350732430644194,0.01350675296692108,-0.005226937491156013,-0.03,12176857.0,6761370.0,11914477.0,0.27,,0.21993039077780185,-0.051143104102163654
2020,1527,鑽全,787067.0,0.24404656782713544,0.13583595805693796,0.07582454860894942,0.43,1385706.0,2526721.0,943562.0,0.83,,0.19883313618789766,0.5163083852892139
2020,6201,亞弘電,765652.0,0.2250487166493394,0.0943000214196528,0.0896974082220121,0.77,892000.0,1137753.0,1120104.0,1.42,,0.4629413885159315,1.126350064339783
2020,8072,陞泰,226537.0,0.12292914623218282,-0.03689463531343666,-0.04446955684943298,-0.14,800000.0,1362278.0,412173.0,0.13,,0.819451127188936,-0.22911438319126678
2020,2501,國建,2066467.0,0.22033693255203204,0.05635221854498523,0.12142463441226015,0.21,11595611.0,11231417.0,2896696.0,0.27,,0.40176252512137856,0.3033305039324416
2020,3010,華立,14836451.0,0.08055679892718279,0.03679727719250379,0.03237094909018336,1.9,2313901.0,8811049.0,16160492.0,2.75,,0.08924243405650034,2.2608161014853936
2020,3694,海華,2660104.0,0.15229968452361262,0.07207462565373383,0.06842890353159124,1.21,1504418.0,-736058.0,2825942.0,0.95,,0.062342675323972196,1.285388186686626
2020,2369,菱生,1288035.0,0.04210832780165135,-0.048421044459195595,-0.04258191741684038,-0.14,3801023.0,83206.0,1365300.0,-0.01,,0.059986723963246336,-0.15295117090639065
2020,4155,訊映,319298.0,0.18909294765391577,0.043645747859366486,0.061394058215209615,0.27,794337.0,208162.0,341923.0,0.29,,0.0708585709901095,0.2642712169660877
2020,4426,利勤,210973.0,-0.2513733984917501,-0.46260895944030755,-0.32073298478952283,-0.42,1726773.0,1462076.0,330902.0,-0.21,,0.5684566271513416,-0.6146215289028881
2020,1439,雋揚,20100.0,-0.026517412935323382,-0.38218905472636816,-1.1237810945273632,-0.25,920000.0,1382898.0,19707.0,0.28,,-0.019552238805970124,-0.24072123945489943
2020,1907,永豐餘,17345536.0,0.18939962420302262,0.07111685680972903,0.08859409129818761,0.77,16603715.0,16619029.0,18788748.0,1.33,,0.08320365539583219,1.0025298890583463
2020,3059,華晶科,1523755.0,0.2599361445901736,0.04867121026674236,0.05013929404661511,0.19,2796333.0,4166830.0,1615475.0,0.15,,0.06019340379522964,0.2896606950958829
2020,4952,凌通,743934.0,0.33835125158952273,0.1179284721494111,0.10753507703640376,0.73,1088158.0,732348.0,854789.0,0.91,,0.14901187470931565,0.844728439848538
2020,3004,豐達科,392287.0,0.1898635437829956,0.021762128237744306,0.0365370251881913,0.28,526472.0,1040656.0,313815.0,-0.23,,-0.20003721764932303,0.21778682549940456
2020,2444,兆勁,347777.0,0.15079490593109954,-0.3268531271475687,-0.31474191795317114,-1.08,1055576.0,-199045.0,497891.0,0.12,,0.4316386650065991,-1.484565472042016
2020,2613,中櫃,699192.0,0.10628554102449685,0.05040389478140482,-0.017242760214647764,-0.09,1484235.0,1904855.0,746877.0,0.25,,0.06820015103147625,-0.0867667250862261
2020,3346,麗清,1054385.0,0.16335873518686247,0.008372653252844075,0.021605959872342644,0.3,757840.0,325113.0,1245037.0,0.75,,0.18081820207988542,0.35495908716327806
2020,2374,佳能,759392.0,0.15659237916649107,-0.18955427499894653,-0.14973031056424085,-0.41,2823628.0,2366858.0,993561.0,-0.33,,0.30836379630019795,-0.526861885115595
2020,3003,健和興,847819.0,0.31598607721695315,0.1837078433014594,0.08566804943036191,0.46,1556549.0,3196310.0,835893.0,0.48,,-0.014066681685595661,0.46005183802433147
2020,2360,致茂,3828568.0,0.4865458834739255,0.20129510563740804,0.15557644529233908,1.4,4259973.0,6665241.0,4155091.0,1.39,,0.08528593458441902,1.5174609971616968
2020,5234,達興材料,1079915.0,0.3563613802938194,0.17251450345629055,0.14348814490029307,1.51,1027159.0,1527941.0,1082071.0,1.53,,0.0019964534245751064,1.511590322826408
2020,2409,友達,63500181.0,0.027010237970817752,-0.05360768971666396,-0.05043247042083234,-0.31,96242451.0,14951238.0,73229997.0,0.31,,0.15322501206728845,-0.38373603531981343
2020,2739,寒舍,458618.0,0.07196185060333436,-0.35458486147512747,-0.1690426455132594,-0.7,1115260.0,-56278.0,751950.0,-0.27,,0.639599841262227,-1.1397487338709844
2020,2542,興富發,7941633.0,0.30752189127853174,0.23605459985370766,0.20587352752261406,1.45,12832916.0,17114558.0,7800218.0,0.45,,-0.017806791122178534,1.251358923494387
2020,3167,大量,570544.0,0.29555476878207465,0.09171772904456098,0.11252243472896042,0.82,801341.0,913063.0,694742.0,0.54,,0.21768347401777954,0.975540517064114
2020,4572,駐龍,93367.0,0.4061285036468988,0.275086486660169,0.15194876133965962,0.4,358000.0,1066721.0,78068.0,-0.27,,-0.16385875095055003,0.33135016481185886
2020,2457,飛宏,2457198.0,0.12946290856495896,-0.029701310191527098,-0.013870270120682175,-0.1,3376884.0,802991.0,2523812.0,0.06,,0.027109740444197117,-0.1036634784429051
2020,4551,智伸科,2046467.0,0.2434502975127378,0.12233424726614209,0.07721355878203753,1.29,1059340.0,1381101.0,2086592.0,2.45,,0.019606961656357003,1.520882757623891
2020,1809,中釉,342126.0,0.16989062509134062,-0.10300591010329528,-0.07934211372418348,-0.14,1670419.0,1251807.0,518297.0,0.06,,0.5149301719249633,-0.24618242199653576
2020,3543,州巧,665463.0,0.13112374391964693,-0.0002840127850834682,0.020436898820820993,0.18,900281.0,885068.0,889368.0,-4.98,,0.33646498753499454,0.20189167416035575
2020,2439,美律,6445201.0,0.15529476892962688,0.04341012793860114,0.046367366975832096,1.46,2085514.0,4682071.0,10117126.0,1.91,,0.5697145829897314,2.2493471344845073
2020,2527,宏璟,489789.0,0.29983523517269683,0.12314894781222119,0.04854131064601287,0.1,2703060.0,2495765.0,732973.0,0.56,,0.49650767983764443,0.13162663828453675
2020,2520,冠德,5170037.0,0.24871562814734208,0.16338355025312198,0.12262600828582078,0.99,5037910.0,6338007.0,4705176.0,0.83,,-0.08991444355233824,1.1452704616840022
2020,1219,福壽,2919411.0,0.10309922104150461,0.02467312755894939,0.02129915931672519,0.23,3220139.0,917330.0,3041831.0,0.42,,0.04193311596071947,0.20119765973938858
2020,3056,富華新,56098.0,0.23063210809654533,-0.3036471888480873,-0.1496131769403544,-0.04,2092877.0,1512222.0,33177.0,-0.13,,-0.4085885414809797,-0.023717191078836155
2020,6243,迅杰,154656.0,0.24208566108007448,-0.0373926650113801,-0.10670779019242706,-0.22,749767.0,-351475.0,197269.0,-0.07,,0.2755340885578317,-0.28075574229687217
2020,1598,岱宇,2508224.0,0.45132412416115947,0.11759196945727335,0.07433865555867418,1.77,1209820.0,518436.0,3569075.0,3.84,,0.4229490667500191,2.193055471789812
2020,9918,欣天然,524308.0,0.2971097141374917,0.17078320376572548,0.22538088299243955,0.66,1805375.0,1093471.0,324089.0,0.27,,-0.38187286861920855,0.4045888803607934
2020,2002,中鋼,72609411.0,0.02640269317155045,-0.014276262342907587,-0.01783363867254067,-0.09,157731290.0,104053203.0,76649044.0,-0.04,,0.055635115949363545,-0.08666202852279162
2020,3046,建碁,381597.0,0.23914234126578562,-0.019350256946464466,0.005112723632523316,0.01,714480.0,-149790.0,525473.0,-0.38,,0.3770365071004227,0.03760214737085607
2020,5608,四維航,604300.0,-0.31296541452920734,-0.39327155386397483,-0.5188383253350984,-1.03,2792671.0,286820.0,700310.0,-0.33,,0.1588780407082575,-1.3010758074095474
2020,6698,旭暉應材,100621.0,0.19207720058437106,-0.18364953637908588,-0.20538456187078244,-0.22,663898.0,166992.0,174063.0,0.11,,0.7298873992506534,-0.5384841194417517
2020,3686,達能,18871.0,-0.28737215833819085,-0.8405489905145461,-0.9886068570822956,-0.16,1135136.0,-278331.0,28667.0,-0.14,,0.5191033861480578,-0.24966517467491267
2020,3494,誠研,81527.0,-0.2722533639162486,-1.5195824696112945,-3.1382241466017393,-0.66,1794506.0,-742418.0,111162.0,-0.44,,0.3634992088510556,-1.9439961336687788
2020,2701,萬企,44964.0,0.7266035050262433,0.5757050084512054,0.5891379770483053,0.06,4499678.0,2391612.0,69059.0,0.1,,0.5358731429588115,0.09041820227353806
2020,2801,彰銀,,,,,0.16,103847235.0,54757627.0,6486279.0,0.13,,,
2020,1225,福懋油,2458591.0,0.09035907151697863,0.03349886174642305,0.028368280856799686,0.29,2187030.0,851858.0,2509646.0,0.39,,0.02076595903914069,0.32552979419186706
2020,1476,儒鴻,5464297.0,0.27176560864096516,0.16371804094835987,0.1299995223539277,2.59,2743671.0,10088506.0,7388855.0,4.56,,0.352205965378529,3.5009577341540967
2020,6442,光聖,582208.0,0.19346522205122568,0.03899293723205453,0.01236156150379246,0.1,693000.0,1010488.0,652676.0,0.13,,0.1210357810267122,0.11642272028931093
2020,2633,台灣高鐵,7605298.0,0.16712744194902027,0.12976914251091803,0.057529369657835894,0.08,56282930.0,9377611.0,10423442.0,0.3,,0.3705501086216476,0.10654279155776224
2020,3356,奇偶,237194.0,0.43748155518267745,-0.07818494565629822,-0.04312503688963464,-0.12,898473.0,540827.0,295013.0,0.48,,0.24376248977630133,-0.1416007660544255
2020,9937,全國,3799027.0,0.14995550176400432,0.03786653793194942,0.04916653658950042,0.62,3090430.0,1614160.0,4842864.0,0.8,,0.2747643014908818,0.7704651134436772
2020,2498,宏達電,1343394.0,0.2648322085702333,-1.2403851736720575,-1.3718164589092998,-2.23,8188043.0,11303341.0,1533160.0,-1.7,,0.14125863298481312,-2.568640787721049
2020,1312,國喬,3599923.0,0.17346009900767323,0.0872985338853081,0.20096846515883812,0.76,9266203.0,15395518.0,4260615.0,1.56,,0.18352948104723343,0.9240562258162518
2020,3011,今皓,387359.0,0.13709246461293012,-0.004600383623460408,-0.004262196050691993,-0.01,1127192.0,-240952.0,325259.0,-0.23,,-0.16031639899937788,-0.012298859690736158
2020,4438,廣越,3174336.0,0.17162455392245812,0.09784975503538378,0.08129164650496985,2.35,1033753.0,2767760.0,5419147.0,2.71,,0.7071749808463881,4.261476216102569
2020,2820,華票,,,,,0.28,13429600.0,9603269.0,687343.0,0.34,,,
2020,1708,東鹼,1012509.0,0.19293556896778202,0.05212595641125165,0.018013667039009036,0.07,2284419.0,3538221.0,997484.0,0.24,,-0.014839374267290428,0.07865608127378948
2020,5880,合庫金,,,,,0.28,133342237.0,19052126.0,13869692.0,0.32,,,
2020,2101,南港,1966523.0,0.18027706769765722,0.05174615298168392,0.29201539976903396,0.72,8339349.0,3074297.0,2941301.0,0.28,,0.4956860407938275,1.0299427297695052
2020,1713,國化,105321.0,0.15035937752205164,0.044748910473694704,0.06837192962467124,0.05,1509517.0,734003.0,112054.0,0.12,,0.06392837135993767,0.05075363975472228
2020,2354,鴻準,22739527.0,0.07070151459175031,0.025004917648462962,0.06401966936251577,1.04,14144852.0,78591208.0,36045344.0,1.18,,0.5851404472925053,1.6314140331324367
2020,3593,力銘,171345.0,0.20620969389243923,0.0708920598791911,0.05574717674866497,0.11,830425.0,-413965.0,209713.0,0.18,,0.22392249554991395,0.14078222208498994
2020,1305,華夏,2287056.0,0.04968614673186839,-0.04427613490880853,-0.028289206735646177,-0.13,5533814.0,2666008.0,3262257.0,0.65,,0.42640014061745757,-0.16676863858779656
2020,2208,台船,6897178.0,-0.05538845017483962,-0.07158681420140237,-0.058823913200442265,-0.86,4729918.0,1089712.0,7245648.0,-0.69,,0.0505235619553388,-0.9011094252225051
2020,2010,春源,4484093.0,0.06031476153594495,0.019610208798078007,0.021089660718455215,0.15,6476554.0,3860395.0,5045895.0,0.18,,0.12528776722516688,0.16430993020508988
2020,6216,居易,191218.0,0.5044294993149181,0.17424091874195943,0.12115491219445867,0.27,856589.0,380885.0,219204.0,0.35,,0.14635651455406928,0.3100394865294105
2020,2105,正新,22028770.0,0.23248020656623133,0.0659107612454077,0.10319668324649992,0.69,32414155.0,48867035.0,28026584.0,0.79,,0.27227185176476043,0.8922800892170172
2020,2480,敦陽科,1326323.0,0.2478604382190462,0.0952829740568474,0.08570536739542328,1.07,1063603.0,1404936.0,1334795.0,1.1,,0.006387584321466244,1.0755807935157575
2020,8249,菱光,971551.0,0.16404182590517635,0.08374444573676523,0.07059639689527364,0.54,1270550.0,1078119.0,949580.0,0.72,,-0.022614355808392994,0.5276213180419027
2020,1618,合機,549630.0,0.08569765114713535,0.041697141713516364,0.10246165602314285,0.23,2408647.0,1332279.0,1225642.0,0.63,,1.2299401415497697,0.5213769764167054
2020,1418,東華,20937.0,-2.5051344509719633,-3.2230501026890193,-3.1635859960834884,-1.22,568343.0,-574548.0,16674.0,-1.12,,-0.20361083249749246,-0.928130247028574
2020,6269,台郡,6558689.0,0.20039416413859537,0.10338300840305129,0.07983531464900989,1.58,3420097.0,15744548.0,8046793.0,1.68,,0.2268904654573498,1.8783626636041324
2020,8070,長華*,4115902.0,0.14104125899984984,0.08679847090625578,0.07806697049638209,3.5,638799.0,2587690.0,4082213.0,-4.61,,-0.008185083123942172,4.988830631089708
2020,4942,嘉彰,1842144.0,0.2510688632376188,0.14213601108273838,0.12169569805617803,1.58,1423676.0,3412600.0,1963192.0,1.01,,0.0657103896329494,1.6781347782662925
2020,4739,康普,1232590.0,0.08026188757007602,0.030420496677727386,0.008340161773176806,0.05,930293.0,731891.0,1428279.0,0.77,,0.15876244331042755,0.1280465177877421
2020,2488,漢平,416012.0,0.2659081949559147,0.11714565925982905,0.2035902810495851,1.04,799994.0,1197989.0,636624.0,0.9,,0.5303020105189273,1.6201428896080605
2020,3022,威強電,1632098.0,0.35139311487422936,0.16744276385364115,0.16611379953899827,1.53,1772898.0,5092103.0,1539011.0,1.46,,-0.0570351780346523,1.4419947720755129
2020,2103,台橡,5535339.0,0.1110076546350639,0.01814721736103245,-0.008613383931860362,-0.14,8257099.0,5530756.0,5607360.0,-0.28,,0.013011127231773889,-0.058493115468467215
2020,9910,豐泰,15920632.0,0.23455519856246912,0.099786553699627,0.06965590310736408,0.78,8816811.0,8271147.0,17314128.0,1.65,,0.08752768106190767,1.367876914177359
2020,2545,皇翔,1112652.0,0.37705859514025947,0.17647027102813817,0.13608837264481616,0.46,3277348.0,6668331.0,2518078.0,3.0,,1.2631316889737314,1.0456049745486697
2020,6754,匯僑設計,811723.0,0.2694059426676342,0.11297573186912284,0.07215146053518257,0.98,600000.0,388537.0,813603.0,2.4,,0.0023160610208161625,0.9783774124301023
2020,2609,陽明,31750285.0,0.06584070032757186,0.019639225285694287,-0.0007177888324467009,-0.03,26013357.0,-10717793.0,38854605.0,1.05,,0.22375610171688232,-0.010721185104301511
2020,1712,興農,4411429.0,0.2867059630790839,0.06715533674009035,0.08123943511274918,0.85,4204926.0,2540978.0,4385046.0,0.51,,-0.005980601750589232,0.8471936485527221
2020,3019,亞光,3881252.0,0.1937859226868031,0.07138057513400316,0.06161182010340993,0.6,2810839.0,3205811.0,4562279.0,0.66,,0.17546580330264572,1.0000228152859874
2020,2492,華新科,8778565.0,0.33800535736763354,0.255538006496506,0.23572474544529773,3.98,4858000.0,22723996.0,10331348.0,4.9,,0.1768834655778022,5.013080233443363
2020,3533,嘉澤,4735231.0,0.428345523164551,0.2596876477620627,0.200152431845458,8.69,1034779.0,7687244.0,4586854.0,7.46,,-0.031334690958054634,8.872135814701172
2020,1304,台聚,10856394.0,0.1389442940261748,0.0682268900704967,0.061408972445178386,0.28,11887635.0,7665009.0,12413851.0,0.56,,0.1434598817986894,0.6412729142487553
2020,2867,三商壽,41334161.0,,0.022424913862410318,0.019450666967692896,0.34,23719715.0,21810446.0,36284056.0,-0.46,,-0.12217751317124836,0.2975369179153794
2020,5306,桂盟,1378123.0,0.5007760555480171,0.3636801649780172,0.27785545992629107,3.04,1260000.0,3321317.0,1797252.0,3.7,,0.3041303279895917,3.963303817963861
2020,1515,力山,1881592.0,0.18522240740819476,0.10225755636716143,0.06997106705385653,0.72,1814735.0,1339568.0,3557638.0,1.39,,0.8907595270388053,1.371724946349456
2020,2461,光群雷,1298397.0,0.23756370355137912,0.06344515583446357,0.037544757112038925,0.29,1593246.0,707286.0,1501583.0,0.39,,0.15648988714545697,0.35384723400257556
2020,9955,佳龍,344494.0,-0.0928898616521623,-0.15909420773656435,-0.1637880485581752,-0.55,1032082.0,-366653.0,1177023.0,0.2,,2.416671988481657,-1.8678971271477367
2020,6589,台康生技,210717.0,0.6204814988823872,-1.474655580707774,-1.5565616442906838,-1.72,2048565.0,-2565704.0,392497.0,-0.19,,0.8626736333565872,-2.982310913733079
2020,2025,千興,143239.0,-0.4716173667786008,-0.5300023038418308,-0.44164647896173526,-0.22,2811673.0,-2321073.0,216993.0,-0.11,,0.5149016678418588,-0.3408440256364941
2020,2308,台達電,70694451.0,0.32865815734250486,0.13106267704094626,0.11487833748083,2.92,25975433.0,67886315.0,77679681.0,3.23,,0.09880874525781369,3.435443254909829
2020,6184,大豐電,495536.0,0.4421656549675503,0.27257353653417715,0.2022395951050983,0.68,1582306.0,639373.0,493770.0,1.28,,-0.0035638177650060276,0.6311032434626702
2020,2904,匯僑,145790.0,0.49462240208519104,0.3642911036422251,0.36774813087317376,0.78,690344.0,278850.0,136226.0,0.58,,-0.06560120721585838,0.7256796159064027
2020,2618,長榮航,19288932.0,0.1339149311117899,0.009569270087115243,-0.036595857147508216,-0.13,48535695.0,9069490.0,18402985.0,-0.37,,-0.045930329372305345,-0.13875829122210706
2020,1783,和康生,116370.0,0.4574546704477099,0.13132250580046403,0.17645441264930825,0.29,694650.0,46954.0,115070.0,0.18,,-0.011171264071496045,0.29229985263882385
2020,1506,正道,194238.0,-0.028732791729733625,-0.2951894068102019,-0.905883503742831,-0.91,1631618.0,-677601.0,195673.0,-0.39,,0.007387843779281145,-1.0863875173470199
2020,5521,工信,4872647.0,0.4270699272900335,0.40668921840634054,0.39167191877433355,4.27,4475274.0,1701653.0,565084.0,-1.16,,-0.8840293581702101,0.49455638816455816
2020,2504,國產,4561429.0,0.17804332808863188,0.13738326300814943,0.1726982925745419,0.56,13788093.0,5927006.0,4706641.0,0.56,,0.031834760554203534,0.5895150725059183
2020,3702,大聯大,149810678.0,0.039298300218626604,0.017183975363892285,0.014286551723636149,1.19,18790568.0,22257487.0,169986995.0,1.35,,0.13467876435349946,1.2924186200294634
2020,2008,高興昌,219748.0,-0.03964086135027395,-0.13689316853850775,-0.1123605220525329,-0.12,2008523.0,386406.0,229829.0,0.36,,0.045875275315361286,-0.1285706283812114
2020,2412,中華電,47807864.0,0.3766461936053031,0.22195335897039867,0.18517844679277032,1.1,77574465.0,110666375.0,52171360.0,1.08,,0.09127151131454014,1.2453855030603775
2020,2340,台亞,1377915.0,0.2625749774115239,0.09752633507872402,0.05078252286969806,0.19,3786228.0,2332263.0,1665499.0,0.48,,0.20870953578413753,0.22338390888493576
2020,3026,禾伸堂,3637959.0,0.21864594955578115,0.11078079769453146,0.09280725813567442,2.24,1579908.0,4013865.0,4154470.0,2.53,,0.14197823559858702,2.4404267191945057
2020,4133,亞諾法,103319.0,0.45209496801169197,0.08131127866123365,0.0398958565220337,0.07,605536.0,104035.0,133740.0,0.24,,0.2944376155402202,0.08811485776661977
2020,1707,葡萄王,2248254.0,0.8096104799546671,0.22706108829340457,0.1839151626106303,2.09,1362864.0,3651408.0,2168011.0,2.23,,-0.035691251967082005,2.925677805024091
2020,6491,晶碩,835387.0,0.4922820201894451,0.20439628579329103,0.1676181219003887,2.0,700000.0,1614807.0,1008337.0,2.9,,0.2070297957713012,2.4145079168953174
2020,2108,南帝,2710036.0,0.34813670371906497,0.2232475878549215,0.16168788901697248,0.86,4924167.0,3513390.0,3448999.0,1.65,,0.2726764515305331,1.1324988927703894
2020,5515,建國,2113895.0,0.07076936177057044,0.03737555555029933,0.030558755283493267,0.25,2674401.0,1519014.0,1831335.0,0.37,,-0.13366794471816246,0.2092555234128919
2020,1308,亞聚,1358049.0,0.14968016617957083,0.11371607357319213,0.16289912956012634,0.37,5821018.0,4543055.0,1313306.0,0.33,,-0.03294652843895918,0.36752403831441727
2020,1904,正隆,9578327.0,0.25654699406274184,0.11699517045095663,0.08418662256989139,0.73,11082745.0,12896896.0,10260295.0,0.82,,0.07119907265642533,0.7793913715606953
2020,8462,柏文,833452.0,0.2682062074360611,0.09303235219304772,0.06332938189601801,0.65,737343.0,403414.0,994308.0,1.67,,0.1929997168403219,0.8539975432636626
2020,1810,和成,1203973.0,0.25813535685600925,0.023581924179362827,0.031337081479401944,0.11,3698536.0,1669686.0,1349120.0,0.01,,0.12055669022478077,0.11430869772658898
2020,8210,勤誠,2198836.0,0.2598142835573003,0.14831574523975413,0.11802471853289649,2.17,1197260.0,2343977.0,2113589.0,1.96,,-0.038769148767802575,2.083555341523363
2020,1423,利華,65303.0,-0.6707042555472184,-0.7695511691652757,-0.5385204355083227,-0.25,1384000.0,426471.0,41326.0,-0.25,,-0.3671653675941381,-0.16080126819231896
2020,6183,關貿,436749.0,0.36668429693027343,0.18639767921620884,0.1591257220966734,0.47,1500000.0,556239.0,542869.0,0.88,,0.24297708752624514,0.5758961441926599
2020,6674,鋐寶科技,631814.0,0.12372945202227238,-0.00677572829978443,0.006114141187121527,0.06,668871.0,568086.0,777610.0,0.39,,0.23075778631052812,0.07108122984129331
2020,9930,中聯資源,2476568.0,0.14600487448759736,0.103382988070588,0.08270639045647041,0.82,2485404.0,2451233.0,2399446.0,0.84,,-0.031140675321654765,0.7984597987096509
2020,1472,三洋實業,54830.0,0.23162502279773847,-0.8183658581068758,-2.1519241291263906,-2.57,460528.0,-218346.0,103663.0,-1.53,,0.8906255699434615,-4.843894638276695
2020,2305,全友,157534.0,0.34333540695976744,-0.0460091154925286,0.13190803255170314,0.09,2056608.0,-115860.0,155104.0,0.08,,-0.015425241535160672,0.09948159046789355
2020,2382,廣達,270182333.0,0.06212834426890525,0.03516800634037015,0.021882248681300714,1.62,38626274.0,85005405.0,327348154.0,2.04,,0.21158237981459727,1.854466654275979
2020,3002,歐格,207188.0,0.28609765044307583,-0.01469197057744657,0.09250053091877908,0.23,1020000.0,262502.0,236969.0,0.29,,0.14373901963434177,0.21489959128717803
2020,1718,中纖,,,,,-0.18,16213672.0,4265430.0,9981803.0,1.94,,,
2020,1503,士電,5971133.0,0.2004390121606737,0.08374909753308124,0.06991219254369313,0.77,5209722.0,16009581.0,6013839.0,0.79,,0.007152076498714743,0.8070309127718733
2020,4915,致伸,16251419.0,0.11331318206736285,0.024485369554498596,0.028943318734197917,1.13,4486983.0,7235048.0,18906561.0,1.73,,0.163379087081565,1.2195691875600059
2020,6472,保瑞,362109.0,0.36285759260333217,0.1610260998760042,0.11976504312237475,1.04,541154.0,470423.0,397205.0,1.33,,0.09692109282011763,0.8790709105619262
2020,2892,第一金,,,,,0.44,128358011.0,39971271.0,15347778.0,0.36,,,
2020,2404,漢唐,9994782.0,0.16008823404052233,0.13297058405075768,0.11182665114656828,5.85,1905867.0,4738552.0,11966579.0,6.76,,0.1972826420826388,7.0213842584548125
2020,2414,精技,5466431.0,0.07699191666372447,0.018786663547019983,0.015206997033347719,0.54,1617358.0,685660.0,5818839.0,0.59,,0.06446765723375991,0.5471087255297097
2020,1314,中石化,4084071.0,-0.07035724893127471,-0.15838901919187987,0.11316869858530863,0.14,32848502.0,39017400.0,3633189.0,-0.12,,-0.11040013750985234,0.1251695650670642
2020,1319,東陽,3305242.0,0.08629897599026032,-0.09205831222040625,-0.005838301703778422,-0.01,5914771.0,11349384.0,4526048.0,0.45,,0.36935449809726495,-0.044675328511928736
2020,1109,信大,2090368.0,0.3617568772579756,0.2974552806013104,0.1627823426305799,0.66,3419579.0,3548954.0,1957481.0,0.79,,-0.06357110326985482,0.9318203873484137
2020,1470,大統新創,87635.0,0.04791464597478177,-0.1546642323272665,-0.10543732526958408,-0.11,857670.0,80773.0,158462.0,0.11,,0.8082044845096137,-0.19480463857741126
2020,3591,艾笛森,484312.0,0.19876443284494294,0.019074480913130378,0.0185273129718033,0.11,1250014.0,4770.0,478432.0,0.22,,-0.012140933943408427,0.07091168098697932
2020,8028,昇陽半導體,582216.0,0.1810049878395647,-0.02851175508745895,0.05733782651112302,0.31,1324080.0,291330.0,591483.0,0.1,,0.015916773156354314,0.2561352005791083
2020,9943,好樂迪,607645.0,0.5031836022677715,0.13971809197804638,0.12439829176575139,0.52,1473176.0,2304155.0,695747.0,1.15,,0.144989261822281,0.5875044007039636
2020,3060,銘異,908813.0,0.05349725411058161,-0.09521980869551822,-0.05665521950060133,-0.38,1375632.0,612790.0,885144.0,-0.48,,-0.0260438616084937,-0.36454536976197316
2020,2535,達欣工,5068015.0,0.1322204058196355,0.10937911588659466,0.10337321416767709,1.73,3211856.0,2346155.0,3281375.0,0.36,,-0.35253250039709827,1.0561067514840685
2020,1727,中華化,435145.0,0.0628181410794103,-0.04784612025876432,-0.049443289018602996,-0.19,1102500.0,191413.0,443443.0,-0.13,,0.019069505567109735,-0.1988687565739353
2020,1786,科妍,104180.0,0.7036667306584757,0.23021693223267423,0.2148588980610482,0.38,610050.0,92901.0,120960.0,0.51,,0.1610673833749281,0.42601970837577885
2020,2069,運錩,1675955.0,0.04976386597492176,-0.0032417338174354324,-0.018249893344391706,-0.2,1563868.0,632357.0,1892630.0,0.41,,0.1292844974954579,-0.22086452079328991
2020,6176,瑞儀,15231917.0,0.20473923275711126,0.1617307263425871,0.11429552826476143,3.74,4650273.0,19712318.0,15783549.0,3.26,,0.03621553347487394,3.8793186353741964
2020,4906,正文,5651465.0,0.11024309625911158,0.03115192255459425,0.030184739709084283,0.43,3568835.0,1337797.0,6752035.0,3.46,,0.19474065574147592,0.5710782902029007
2020,1307,三芳,1471242.0,0.13556165471078177,-0.062254204270949305,-0.053538438951579684,-0.2,3978181.0,4062696.0,2046580.0,0.25,,0.3910559921481307,-0.2754291430920915
2020,6005,群益證,2915612.0,,0.46236879255538804,0.5391368947582874,0.69,21709081.0,6879207.0,3231275.0,0.71,,0.1082664634388939,0.8024750424074077
2020,2462,良得電,1297854.0,0.13445194914065836,0.06082810547257242,0.07503309309059417,0.69,1424846.0,1034804.0,1274849.0,0.38,,-0.01772541441487252,0.6713417709243727
2020,4164,承業醫,632765.0,0.30304931530663043,0.1889010928227699,0.14131786682259606,0.64,1418658.0,1067149.0,832175.0,1.09,,0.3151406920420694,0.8289608617657948
2020,6202,盛群,1421659.0,0.45186925978733294,0.19654361559276873,0.170820147447454,1.06,2261682.0,1148559.0,1506273.0,1.27,,0.05951778872430036,1.1376567349261253
2020,1806,冠軍,1137651.0,0.04068734611932834,-0.19446385578705597,-0.23314267732371352,-0.62,4337821.0,505705.0,893210.0,0.05,,-0.2148646641193125,-0.48006907341799987
2020,4994,傳奇,819980.0,0.5146210883192273,0.11881631259299007,0.05492816897973121,0.41,1106390.0,145676.0,894340.0,1.26,,0.09068513866191852,0.4440067123286799
2020,2015,豐興,6622880.0,0.14298145217790448,0.11618631169521416,0.09655784190563622,1.1,5815994.0,11568533.0,6551922.0,1.31,,-0.010714070011837773,1.0877580834059661
2020,3416,融程電,371456.0,0.3844223811164714,0.16512049879393523,0.15513815902825637,0.8,722230.0,513088.0,555825.0,1.05,,0.4963414240179187,1.1939363809573211
2020,1316,上曜,684674.0,0.0497433815217169,-0.06487759137925495,-0.07143545687436649,-0.26,1846776.0,-209647.0,138992.0,0.63,,-0.7969953583749346,-0.05376373215745682
2020,4526,東台,2158818.0,0.20247422432090154,-0.027229252303806992,0.00511529920539851,0.06,2548265.0,1467217.0,1833870.0,0.09,,-0.15052125746589107,0.03681247340368512
2020,4968,立積,1196383.0,0.3538515676000077,0.16831984406331418,0.1540067018672114,2.96,630601.0,500961.0,1684409.0,4.93,,0.4079178657670661,4.1136990693869455
2020,1903,士紙,40754.0,0.3141777494233695,-1.2610050547185552,-1.0722383078961575,-0.17,2600391.0,-200496.0,36267.0,-0.03,,-0.11009962212298174,-0.14954238309727244
2020,2546,根基,4035649.0,0.08736364336938124,0.06777026446056136,0.05510637818105588,2.09,1060357.0,1026912.0,3426253.0,1.19,,-0.1510032215388405,1.7806115634826503
2020,3094,聯傑,64267.0,0.6524188152551076,0.11301289931068823,0.2938988905659203,0.22,846551.0,97960.0,57150.0,0.07,,-0.11074112686137516,0.19840885659390092
2020,3054,立萬利,102623.0,-0.006119485885230406,-0.2177192247351958,0.173187297194586,0.21,878480.0,92211.0,49135.0,-0.25,,-0.5212086959063758,0.0968668364408522
2020,3015,全漢,3253633.0,0.16383501150867352,0.04053745459306566,0.08429715336671345,1.41,1872620.0,2682633.0,4497933.0,1.55,,0.3824340360452454,2.0247725002093406
2020,9914,美利達,7590006.0,0.1562985589207703,0.08149189868888114,0.1524851232001661,3.67,2989838.0,11845211.0,7300231.0,4.51,,-0.038178494193548684,3.7232004657933704
2020,9906,欣巴巴,29275.0,0.33615713065755765,-0.2595046968403074,-0.5584628522630231,-0.2,833439.0,-84698.0,61955.0,-0.2,,1.1163108454312551,-0.41514215211857847
2020,3035,智原,1306273.0,0.46758525974279497,0.004977520013044747,0.10517403329931799,0.58,2485503.0,2272341.0,1493493.0,0.25,,0.14332379219351554,0.6319714058454097
2020,2538,基泰,35795.0,0.6681380081016902,-0.5753596871071379,-2.1467802765749404,-0.18,4384488.0,1963357.0,47504.0,-0.13,,0.32711272524095536,-0.23259420543154863
2020,3045,台灣大,31341639.0,0.25310271744244134,0.13185880291710333,0.10576731484910537,1.08,35093765.0,36958346.0,31242977.0,1.01,,-0.0031479527921306483,0.9416162059506461
2020,2910,統領,102875.0,0.7670085054678007,0.29570838396111787,0.33824544349939245,0.2,2087250.0,1048719.0,132763.0,0.21,,0.29052733900364514,0.21514662745387395
2020,6558,興能高,448963.0,0.2129195501633765,0.09529515795288253,0.048759029140485965,0.26,868324.0,320317.0,559369.0,0.44,,0.24591336034372535,0.31410267793225216
2020,1447,力鵬,2058544.0,-0.006629928726323071,-0.0662084463582027,-0.10466912536239206,-0.25,9144872.0,518077.0,3556145.0,-0.11,,0.7275049743896658,-0.4070243813274191
2020,8039,台虹,2055643.0,0.2272675751577487,0.11229138522593661,0.0819145153122405,0.8,2091197.0,4042848.0,2672412.0,1.5,,0.3000370200467688,1.0468135412140285
2020,6581,鋼聯,402809.0,0.3306654022129595,0.2100697849352919,0.1598325757368877,0.58,1112709.0,1097160.0,365014.0,1.0,,-0.09382858873560418,0.5243161311719805
2020,6582,申豐,1080245.0,0.4624339848830589,0.37109359450865315,0.31542474160954226,3.25,1048831.0,1650814.0,1328530.0,4.54,,0.22984137857615639,3.995412339743249
2020,6225,天瀚,5700.0,0.21140350877192982,-0.39070175438596494,-0.38403508771929823,-0.02,1270767.0,-1248063.0,8897.0,-0.01,,0.5608771929824561,-0.02688738514171832
2020,6197,佳必琪,920675.0,0.31407934395959486,0.1500844489097673,0.14643060797784235,1.1,1220859.0,1187431.0,972541.0,0.47,,0.05633475439215796,1.1664718850692732
2020,1110,東泥,382547.0,0.030406721265622265,-0.027776979037869857,0.025549801723709766,0.02,5720008.0,2037329.0,366533.0,0.04,,-0.04186152289783995,0.016372084576099386
2020,2424,隴華,4200.0,-6.844047619047619,-9.701190476190476,-10.052619047619048,-1.4,300000.0,-131449.0,2623.0,-4.22,,-0.3754761904761905,-0.8789339920634922
2020,3037,欣興,21709997.0,0.1575205192336047,0.06082727694527088,0.06826841109190389,0.99,15047323.0,22101845.0,23038769.0,1.09,,0.061205535864422345,1.045249147069822
2020,6464,台數科,1133146.0,0.4945355673496619,0.343100536029779,0.2398216999398136,2.22,1251486.0,2216411.0,1062717.0,2.27,,-0.06215350890353055,2.0364798127581043
2020,1326,台化,55987846.0,0.10616484513442435,0.04546708226639046,0.03236370265075031,0.2,58611863.0,160782971.0,60152510.0,2.26,,0.07438514423291087,0.3321440144866722
2020,2228,劍麟,509513.0,0.09418797950199505,-0.17263543815368793,-0.1496056037824354,-1.01,757803.0,2337675.0,856509.0,-0.12,,0.6810346350338461,-1.6909215995461875
2020,4737,華廣,359411.0,0.41391610162182013,-0.0741407469443061,-0.0407082699193959,-0.25,615218.0,103898.0,467847.0,0.68,,0.301704733577993,-0.3095689976070208
2020,2327,國巨*,13469710.0,0.44324584567893444,0.3213118916442893,0.24530424188790997,7.09,4958754.0,40716173.0,21967457.0,7.43,,0.6308782445947241,10.867065366804363
2020,1104,環泥,1337873.0,0.1683523024980697,0.08624136969652575,0.32724630813238625,0.66,6536092.0,10839778.0,1294920.0,0.6,,-0.0321054390065425,0.6483351050242097
2020,3055,蔚華科,738708.0,0.18861444576206024,-0.0016704841425840792,0.005681541285595932,0.13,1024419.0,1592941.0,899243.0,0.32,,0.2173186157453284,0.04987301319365556
2020,2392,正崴,20500435.0,0.1075873755849571,0.020392055095416268,0.01894530530693617,0.86,5123269.0,9600305.0,25830590.0,2.16,,0.26000204385906933,0.9551878181846246
2020,6120,達運,3317647.0,-0.062159114577289266,-0.15461198855695016,-0.12730317601601376,-0.63,6655551.0,408682.0,3766113.0,-0.3,,0.13517592438255188,-0.7203583086286885
2020,2901,欣欣,24569.0,0.804672554845537,-0.007448410598721967,0.04245187024298913,0.01,730433.0,119370.0,26980.0,0.06,,0.09813179209573031,0.015680445149053323
2020,3311,閎暉,315465.0,0.09409918691455471,-0.15624871221847114,-0.027210625584454695,-0.14,600000.0,1288907.0,452332.0,0.22,,0.43385795571616503,-0.2051372781977927
2020,9908,大台北,856467.0,0.26062066606185647,0.1815259665579643,0.335101060519553,0.54,5163580.0,3773630.0,752243.0,0.7,,-0.12169061972031614,0.48818344456444973
2020,1540,喬福,30010.0,-0.03862045984671776,-0.5188937020993002,-1.293735421526158,-0.45,854736.0,260097.0,62524.0,-0.17,,1.0834388537154283,-0.946368393229038
2020,2915,潤泰全,849145.0,0.4437722650430727,0.1920590711833668,1.4409341160814702,2.01,5648606.0,43206684.0,575103.0,7.11,,-0.3227269783134801,1.4670620201883469
2020,2233,宇隆,534883.0,0.32283882643494,0.1225165129570392,0.11059801863211206,1.06,602881.0,1052436.0,693807.0,2.01,,0.29711918307368146,1.2727831779918388
2020,6592,和潤企業,3466490.0,0.6496222403641724,0.18624602984575175,0.17692767035243143,1.14,5150004.0,7036785.0,3762183.0,1.3,,0.08530040473216416,1.2924927313251047
2020,2328,廣宇,4936199.0,0.09342694652302308,0.02149204276407819,0.02781006195252663,0.3,5183462.0,5239710.0,5418362.0,0.56,,0.09767900362201765,0.29070336177098643
2020,1456,怡華,134008.0,0.19469733150259685,0.04802698346367381,-0.11124708972598651,-0.16,937200.0,241431.0,151730.0,-0.13,,0.13224583606948848,-0.18010585706491608
2020,8103,瀚荃,866636.0,0.36289745637153314,0.16258844543730008,0.10799574446480414,1.16,813994.0,1276469.0,826053.0,0.77,,-0.0468281954592239,1.0959565881613975
2020,9925,新保,1794286.0,0.3439485121101095,0.12435475726835075,0.18592743854658622,0.81,3874896.0,4622161.0,1839355.0,0.73,,0.02511806924871518,0.882569657941416
2020,2342,茂矽,517831.0,0.28098742639973273,0.1880304578134565,-0.2731933777622429,-0.91,1561863.0,-412637.0,489534.0,2.01,,-0.05464524140115212,-0.8562687443742621
2020,1232,大統益,3951557.0,0.1298629881841512,0.08262110352957075,0.065778122395805,1.58,1599749.0,2162762.0,4460521.0,2.17,,0.12880087519932015,1.834067071065889
2020,4755,三福化,940424.0,0.21249776696468828,0.11545643241771797,0.0992711798082567,1.03,907060.0,1619121.0,1064094.0,1.33,,0.1315045128580299,1.1645741936243148
2020,3653,健策,1789254.0,0.3044112238955453,0.18333506589897242,0.1418999203019806,2.11,1210254.0,1563834.0,1671674.0,1.58,,-0.06571453801416682,1.9600051507443323
2020,6655,科定,522581.0,0.4923447274202468,0.18389302328251506,0.15340779706877977,1.07,756085.0,897486.0,599317.0,1.54,,0.14684039412072014,1.2159995333311715
2020,1477,聚陽,4725535.0,0.21908905552493,0.09383445472311601,0.07651154842784996,1.61,2198566.0,3442767.0,8026628.0,3.63,,0.698564924394804,2.7933195407112477
2020,8463,潤泰材,747522.0,0.11697047043431498,0.05381380079783605,0.04370573708867431,0.22,1500000.0,144096.0,887776.0,0.48,,0.18762524714991669,0.2586726963308995
2020,2514,龍邦,2829648.0,0.061750790204293964,0.027553250439630653,0.0629788581477272,0.48,3947293.0,4975198.0,2790353.0,-0.97,,-0.013886886284089073,0.44519939555813326
2020,2024,志聯,231292.0,0.0676287982290784,-0.00467374574131401,0.009373432717084898,0.02,975000.0,123577.0,314214.0,0.06,,0.35851650727219275,0.030207833720678093
2020,2601,益航,1407081.0,0.5778117961936804,0.015434079487961248,-0.10040289080728117,-0.18,6929715.0,494656.0,1885844.0,0.01,,0.34025262227263386,-0.27323517520066315
2020,1452,宏益,144649.0,-0.10355412066450512,-0.2414257962377894,-0.1340762812048476,-0.15,1326414.0,800171.0,308853.0,0.37,,1.1351893203547898,-0.3121940938422001
2020,1533,車王電,512506.0,0.28033427901331887,-0.05543154616726438,-0.06893382711617035,-0.1,985475.0,1432117.0,692503.0,0.24,,0.3512095468150618,-0.4844048005218734
2020,1526,日馳,277095.0,0.15022284775979358,0.026131832043162093,0.28594164456233423,1.32,600000.0,424915.0,371660.0,0.83,,0.34127284866201113,1.771217860300619
2020,4414,如興,4312857.0,0.16608920722388895,-0.011000132858566838,-0.03213971620204426,-0.14,8200469.0,-441506.0,4954395.0,0.04,,0.14875012085956008,-0.19417529564812339
2020,1217,愛之味,998150.0,0.35165556279116367,0.05270149777087612,0.05477934178229725,0.1,4945134.0,675728.0,1634876.0,0.36,,0.6379061263337173,0.181102132269166
2020,4960,誠美材,2356922.0,0.03716372455261566,-0.018271712004045954,-0.003618702697840658,-0.01,6657285.0,2521087.0,2389394.0,0.0,,0.013777290890407023,-0.012988037186336896
2020,5269,祥碩,1308878.0,0.5188390361821347,0.342202252616363,0.6284397781917032,12.5,692229.0,2020166.0,2092915.0,12.85,,0.5990145758428211,19.00051916886014
2020,2889,國票金,,,,,0.36,28964817.0,3798024.0,2539574.0,0.33,,,
2020,3209,全科,9727713.0,0.03998442388257137,0.014012851736065816,0.011316945719924098,0.63,1814291.0,626221.0,11353491.0,0.87,,0.16712849155808773,0.7081931254613884
2020,9935,慶豐富,1419273.0,0.19380908394649937,0.08963603196847963,0.053659866706405324,0.45,1696233.0,264595.0,2084461.0,1.05,,0.4686822056080824,0.6594135323077688
2020,6177,達麗,230650.0,0.24108822891827444,-0.0596835031432907,-0.35224799479731195,-0.35,2836149.0,970295.0,324962.0,0.0,,0.40889659657489696,-0.4036008435569643
2020,2441,超豐,3588853.0,0.2537314846832679,0.2194595320566209,0.18351657200782534,1.15,5688459.0,10818908.0,3780032.0,1.27,,0.05327022310470775,1.2194840724348792
2020,1608,華榮,1772323.0,0.06507448134454047,0.042520466077571636,0.42858384165865926,1.72,6327735.0,778846.0,1993855.0,0.47,,0.12499527456338377,1.3504580005488949
2020,9927,泰銘,1866052.0,0.03421180117167153,0.010458979706889197,0.026050185096663972,0.22,2091482.0,2139379.0,2227554.0,0.94,,0.19372557677921076,0.2774501239447158
2020,1460,宏遠,1165254.0,0.03722106939774504,-0.211915170426362,-0.18917420579547464,-0.46,5098341.0,-330234.0,1835549.0,0.02,,0.5752350989569657,-0.6810814032911445
2020,3164,景岳,78454.0,0.6306753001758992,0.22350676829734623,0.1920615902312183,0.17,889344.0,82072.0,79375.0,0.33,,0.0117393631937186,0.1714172325287285
2020,3645,達邁,461495.0,0.4054410123619974,0.23560385269612888,0.22138701394381305,0.8,1297849.0,803862.0,582351.0,0.93,,0.2618793269699564,0.9933740285441024
2020,3443,創意,2926798.0,0.26427720669482485,0.02048996890116776,0.012560142517522563,0.27,1340119.0,2426465.0,3528522.0,0.8,,0.20559122973297095,0.3307074908736743
2020,6168,宏齊,529986.0,0.2394742502632145,0.11205956383753533,0.08413241104482005,0.22,2060698.0,178591.0,612164.0,0.08,,0.1550569260320085,0.24992906905738357
2020,2401,凌陽,1510061.0,0.44084378048304007,0.06654300720302027,0.08016431124305574,0.08,5919949.0,1908298.0,2013979.0,0.36,,0.33370704892054026,0.2727206592370613
2020,3130,一零四,390021.0,0.871855618030824,0.13250568559128867,0.11748854548857626,1.42,331907.0,589985.0,433895.0,2.45,,0.11249137866935377,1.535902901860033
2020,6205,詮欣,429957.0,0.348906983721628,0.1732266249880802,0.13682996206597403,0.82,718391.0,794165.0,336674.0,0.57,,-0.2169589051928449,0.6412537274074944
2020,2302,麗正,138969.0,0.3038735257503472,0.030323309515071707,0.01134785455749124,0.01,1663029.0,15803.0,205933.0,0.21,,0.48186286150148594,0.014052056413855945
2020,4934,太極,565884.0,0.27622445589555455,0.16210389408429995,0.10526185578669833,0.3,2000000.0,-432090.0,537463.0,-0.1,,-0.050224074191883794,0.2828717639834312
2020,2903,遠百,7949000.0,0.515833438168323,0.1002283306076236,0.05754434520065417,0.22,14169406.0,7357837.0,8497408.0,0.58,,0.06899081645490002,0.3450940563512686
2020,3669,圓展,636394.0,0.5181538480878198,0.12285785221105164,0.10926250090352832,0.75,929200.0,831640.0,1685169.0,5.04,,1.6479963670304874,1.981551650722104
2020,1101,台泥,30463627.0,0.35713304919338723,0.30608988220608135,0.28376680163527473,1.39,59385002.0,59939096.0,29808782.0,1.21,,-0.02149596303815038,1.424390409009862
2020,3528,安馳,1373596.0,0.11738604364019697,0.05058547054592471,0.05292749833284314,1.11,656160.0,460489.0,1246432.0,0.9,,-0.09257743907233273,1.0054030663558027
2020,2478,大毅,1400616.0,0.24777098076846188,0.15456556258103576,0.17558559947908634,1.73,1447675.0,3008239.0,1494717.0,0.93,,0.0671854384071009,1.8129122938268707
2020,1614,三洋電,1600247.0,0.20395976371147703,0.09154024347491356,0.0778467324106841,0.48,2691134.0,2311393.0,1643951.0,0.55,,0.02731078389773578,0.4755475334683317
2020,4545,銘鈺,456560.0,0.22668652531978273,0.041429384965831435,-0.003822060627299807,-0.02,770000.0,273140.0,490401.0,0.36,,0.07412169265813917,-0.024342108489460425
2020,1802,台玻,9417550.0,0.09625412129481659,-0.007220136872116421,-0.04132911426007826,-0.11,29080608.0,12381306.0,12065670.0,0.48,,0.2811899060796066,-0.17147628208268495
2020,6715,嘉基,750026.0,0.3292819182268348,0.21887641228437416,0.1570052238189076,1.98,570000.0,310533.0,515679.0,0.52,,-0.3124518350030532,1.4204262598896573
2020,2530,華建,2040.0,1.0,-6.873529411764705,-8.234803921568627,-0.06,2707525.0,334672.0,34796.0,-0.09,,16.05686274509804,-1.0583032003578987
2020,3583,辛耘,844779.0,0.42133504739109284,0.1606680563792424,0.1222023748222908,1.29,811390.0,1284412.0,966462.0,1.18,,0.1440412226156189,1.4555756365681214
2020,8476,台境*,104812.0,-0.05067167881540282,-0.2527668587566309,-0.31228294470098844,-0.55,605103.0,-221281.0,103048.0,-0.64,,-0.016830133954127358,-0.5318124829251789
2020,2722,夏都,133927.0,0.299073375794276,-0.11934860035691086,0.007056082791371419,0.02,1115229.0,413146.0,278089.0,0.75,,1.0764222300208321,0.017594763114747614
2020,6625,必應,45668.0,-0.66330910046422,-1.579092581238504,-1.5435972672330736,-1.89,393734.0,-87989.0,283583.0,0.56,,5.209665411228869,-11.11760589214436
2020,5434,崇越,9371825.0,0.12136419534082209,0.06241996622856274,0.057838681366756205,2.99,1816996.0,4734803.0,9067714.0,2.87,,-0.03244949622938964,2.886437949070192
2020,6141,柏承,789086.0,0.19707104168620404,0.09509102936815506,0.06987451304420557,0.43,1289145.0,748359.0,929036.0,0.92,,0.1773570941570375,0.5035580799718927
2020,2464,盟立,2074233.0,0.23624443348456997,0.09578624966433376,0.06720411834157493,0.71,1955312.0,1819787.0,2241839.0,0.66,,0.08080384411973007,0.770520579113502
2020,6152,百一,694188.0,0.18221432810708338,-0.0402599872080762,-0.009592502319256456,-0.04,1677385.0,-596747.0,943270.0,0.26,,0.35881058157156276,-0.05394301047574073
2020,2033,佳大,182813.0,0.13641261835865065,0.01901396509001001,0.01560064109226368,0.04,806945.0,132970.0,196475.0,0.05,,0.07473210329681157,0.037984447001995256
2020,3042,晶技,2523956.0,0.29912763930908465,0.14127742321973918,0.14624581411086407,1.19,3097570.0,4432096.0,3139820.0,1.35,,0.24400742326728353,1.4824056665759715
2020,1233,天仁,411829.0,0.5629618118199544,-0.01570797588319424,0.01294226487207069,0.06,905919.0,397607.0,515469.0,0.27,,0.2516578482816898,0.0736416427003011
2020,1535,中宇,1976055.0,0.054676615782455446,0.004158285067976347,0.021814170152146574,0.35,1237426.0,1092717.0,2246290.0,0.46,,0.1367547968047449,0.3959909705393722
2020,2201,裕隆,19802055.0,0.24875701032039352,0.01999746995955723,0.05570300658189264,0.37,15729199.0,24507101.0,21628571.0,1.04,,0.09223870956827462,0.7659490052671674
2020,8996,高力,473801.0,0.27165624386609566,0.07006739116211236,0.0469099896369995,0.25,893841.0,299731.0,438801.0,0.22,,-0.07387067566341143,0.2302887243112032
2020,6281,全國電,5376938.0,0.17627095570006573,0.04071053078908479,0.03199757929141084,1.74,991729.0,910800.0,5761816.0,2.02,,0.07157940076675606,1.8590175776096054
2020,2397,友通,2040449.0,0.23531046353033083,0.06294643972968694,0.04608103412533222,0.67,1146889.0,1076755.0,2040282.0,0.92,,-8.18447312331827e-05,0.8197681246162537
2020,8104,錸寶,437961.0,0.2677475848306128,0.14077509184607762,0.16041382680192987,1.03,676301.0,650954.0,464824.0,1.21,,0.06133651169853027,1.1025297408902286
2020,1220,台榮,641516.0,0.14064029579932535,0.056184101409785574,0.08234712774116312,0.3,1770779.0,468789.0,812693.0,0.31,,0.2668320041900747,0.37792934231402725
2020,1216,統一,110446905.0,0.3512506756074333,0.07682282269475998,0.08074849177530144,1.12,56820154.0,51341769.0,122075887.0,1.26,,0.10529024783446861,1.7348498839658422
2020,3679,新至陞,1106935.0,0.31749560723981085,0.21991264166369298,0.21225636554991936,3.77,622962.0,2723786.0,1489591.0,3.88,,0.3456896746421425,5.075352458350107
2020,2451,創見,2485718.0,0.23644073865176984,0.1247156757122087,0.10645093288941063,0.62,4290617.0,10085348.0,2764893.0,0.47,,0.11231161378724375,0.6859746260022771
2020,8367,建新國際,487224.0,0.2933804574487299,0.15636134508973284,0.13895867198660164,0.72,811319.0,868799.0,465113.0,0.64,,-0.04538159039784573,0.7966223495777155
2020,3454,晶睿,1402143.0,0.3152360351262318,0.02010351297977453,0.025983797658298762,0.54,870339.0,1470436.0,1326768.0,0.76,,-0.0537569991077943,0.3961039462957047
2020,4916,事欣科,826836.0,0.14080906007962884,-0.14179595469960185,-0.15969914227247,-1.34,834516.0,286853.0,491254.0,0.03,,-0.4058628313232612,-0.9400999194493572
2020,2611,志信,135593.0,0.062208226088367395,-0.23700338513050084,0.3044036196558819,0.25,1729942.0,606274.0,149647.0,-1.34,,0.10364841842867989,0.2633214782382517
2020,2383,台光電,6300672.0,0.2659029068645376,0.17553397478872096,0.13661003143791647,2.69,3248683.0,10199390.0,7473835.0,3.42,,0.18619648824760282,3.1428145938271
2020,6165,浪凡,311.0,0.07395498392282958,-56.68810289389067,29.556270096463024,0.19,532424.0,-84857.0,257894.0,0.26,,828.2411575562701,143.16380779711724
2020,1537,廣隆,1688292.0,0.21941702027848264,0.16598965107931565,0.11602613765865147,2.39,817854.0,2179647.0,1837049.0,2.95,,0.08811094289376475,2.6061583138272604
2020,3016,嘉晶,1047305.0,0.08395166642000182,0.027559306983161544,0.020969058679181328,0.08,2774912.0,175511.0,952734.0,-0.1,,-0.09029938747547273,0.07199484218472926
2020,1720,生達,1108059.0,0.4491611006273132,0.18414452660011787,0.14959672725008324,0.73,1786961.0,1684040.0,1045357.0,0.64,,-0.05658723948815003,0.8751281421808604
2020,1541,錩泰,1196048.0,0.21466028119272806,0.14064652923628485,0.07560649739809773,1.15,788000.0,710511.0,1452278.0,1.46,,0.21423053255387736,1.3934219902070377
2020,2316,楠梓電,1310216.0,0.07192859803269079,-0.005427349383613084,0.08752449977713599,0.57,2030450.0,5656792.0,1168612.0,0.6,,-0.10807683618578923,0.5037414402401361
2020,3607,谷崧,709534.0,-0.03212953854219812,-0.18251556655495016,-0.1639907319451922,-0.97,1216622.0,-275464.0,875335.0,-0.67,,0.233675905594376,-1.1798802532524055
2020,4976,佳凌,228649.0,-0.06909717514618477,-0.22455379205682072,-0.15876299480863681,-0.32,1189210.0,-73571.0,415097.0,0.09,,0.8154332623365945,-0.5541665715565857
2020,1229,聯華,2710365.0,0.34807230760432634,0.2631176981698037,0.5268128093448669,0.94,12814983.0,10609126.0,2342875.0,0.62,,-0.13558690434683152,0.9631355427423157
2020,1468,昶和,261502.0,0.14552469961988818,0.013862226675130592,-0.019204442031036092,-0.05,1604053.0,-590902.0,221877.0,0.13,,-0.15152847779366885,-0.02656410969288543
2020,2241,艾姆勒,190606.0,0.21700785914399337,0.07465137508787761,0.011699526772504538,0.03,748123.0,47936.0,204548.0,0.16,,0.07314565123868078,0.031988253298752455
2020,2393,億光,5641429.0,0.2689267205170888,0.08467198647718513,0.0718294956827428,0.88,4433931.0,4075558.0,5887930.0,1.04,,0.04369478017005979,0.9538421831897967
2020,2049,上銀,5628576.0,0.2786553828179632,0.12216784493982137,0.0904116778382312,1.83,3188663.0,16901991.0,5869576.0,2.86,,0.04281722410783839,1.664265600845915
2020,3266,昇陽,604110.0,0.21691744880899175,0.09899356077535548,0.11192829120524408,0.17,3523143.0,753098.0,1308275.0,0.38,,1.1656238102332357,0.4156316822125605
2020,4562,穎漢,172522.0,0.28853131774498325,-0.10195801115220088,-0.13286421441903062,-0.33,675460.0,128702.0,157091.0,-0.42,,-0.0894436651557482,-0.30900086322358006
2020,8271,宇瞻,1692155.0,0.1650297992796168,0.04368512340772565,0.03367481111363912,0.57,1008978.0,1470476.0,1699824.0,0.24,,0.004532090736368621,0.5673191301141403
2020,4142,國光生,63077.0,-0.5738700318658148,-2.4848042868240405,-2.455490907937917,-0.36,4206503.0,-275166.0,617720.0,,,8.79311000840243,-3.605859412560529
2020,2321,東訊,298886.0,0.13972885983284597,-0.0655801877638966,0.0027502124555850724,0.01,3153326.0,-2849590.0,281342.0,-0.63,,-0.05869796511044345,0.0024537592138561487
2020,2548,華固,6817457.0,0.32004103582904886,0.2791100845960598,0.2402917979534011,5.92,2768127.0,13555014.0,2010460.0,1.54,,-0.7051011836231604,1.7452127308949148
2020,2231,為升,633089.0,0.34130272362969505,-0.001074098586454669,-0.010382426483480206,0.0,1252776.0,1216718.0,784382.0,0.52,,0.23897587858895042,-0.06500594240283315
2020,2109,華豐,950401.0,0.19650863161970578,0.0874294113747776,0.03309550389782839,0.09,3323492.0,-679881.0,1356139.0,0.41,,0.42691242959550757,0.13504501759142823
2020,9905,大華,2136004.0,0.1683756210194363,0.10185935981393293,0.08589590656197273,0.61,3050000.0,3675010.0,2243235.0,0.79,,0.050201685015571096,0.6317531277263833
2020,2449,京元電子,7658502.0,0.30693391475251947,0.20074500209048715,0.14192187976186466,0.89,12227451.0,9558870.0,7362590.0,0.79,,-0.03863836557070821,0.8545629115307082
2020,6215,和椿,473018.0,0.24381524593144446,0.07292745730606447,0.09568134827850103,0.55,827897.0,180175.0,359739.0,0.14,,-0.23948137280188064,0.4157559762670922
2020,1517,利奇,743945.0,0.13629502180940795,0.01877558152820437,0.0400795757750909,0.12,2278250.0,886679.0,1029793.0,0.32,,0.3842327053747252,0.18116390464680426
2020,6531,愛普*,1099070.0,0.2402385653325084,0.07189896912844496,0.07315457614164703,1.02,742944.0,639903.0,1236464.0,1.7,,0.12500932606658366,1.217494183066361
2020,4919,新唐,3061142.0,0.41236407850403545,0.1102225901313954,0.10867708848527771,1.16,2875544.0,1457777.0,5604569.0,0.41,,0.8308752093173071,2.1181670012173153
2020,9919,康那香,1303583.0,0.30904668133904784,0.18391924411410704,0.1451085201325884,0.97,1953628.0,488970.0,1396927.0,2.16,,0.07160572054100123,1.0375875535324859
2020,2433,互盛電,1012238.0,0.3344677832683618,0.12402715566892371,0.10231783434330662,0.69,1444960.0,1053189.0,1012845.0,1.86,,0.0005996613444663179,0.7171970637626398
2020,3018,隆銘綠能,409554.0,0.09268374866317995,-0.022111858265332532,-0.006470453224727386,0.01,735121.0,-121177.0,344991.0,-0.42,,-0.15764221567851855,-0.030365723852970133
2020,4930,燦星網,2093535.0,0.19450259966993624,0.08576164238954687,0.07412152173238087,0.64,1343000.0,542033.0,3013769.0,0.99,,0.43955988316412187,1.6633294447496334
2020,6438,迅得,860533.0,0.35586549266559214,0.1820348551421038,0.14050478017693685,2.03,603000.0,614971.0,896825.0,1.4,,0.042173862013426655,2.0896882169515982
2020,6192,巨路,1509310.0,0.31340215065162225,0.15033624636423265,0.1200926251068369,1.7,1068398.0,3802204.0,1545606.0,1.86,,0.024048074948155085,1.7373289908898908
2020,1532,勤美,2341945.0,0.25174545089658384,0.06821424072725875,0.038233604973643705,0.18,3852521.0,6235756.0,3346749.0,0.33,,0.4290467965729341,0.3321416786876362
2020,2712,遠雄來,101397.0,0.24345887945402725,-0.015138514946201564,0.11300137084923617,0.11,1050000.0,30196.0,215655.0,0.64,,1.1268380721323115,0.23208867267135264
2020,2032,新鋼,763421.0,0.06751320699849755,0.0370267519494486,0.030238885228465028,0.18,1305215.0,267923.0,873273.0,0.24,,0.14389439116817582,0.202317641309036
2020,8046,南電,9104077.0,0.15194104795027547,0.10882662789429395,0.09149021916225006,1.29,6461655.0,6403843.0,10505765.0,1.62,,0.15396266969183148,1.4875055110758715
2020,1808,潤隆,1501362.0,0.08332234331227245,0.0032044237165986616,0.014241069109248801,0.07,3699966.0,835316.0,3095590.0,0.37,,1.0618545027781443,0.11914842223928408
2020,1512,瑞利,232725.0,0.013071221398646471,-0.20621763884412933,-0.2040047266086583,-0.2,2367025.0,-2021387.0,329132.0,-0.11,,0.4142528735632185,-0.2836661365138134
2020,2367,燿華,2249610.0,-0.1701090411226835,-0.47177866385729084,-0.30586901729633137,-1.11,6194072.0,1301535.0,3823214.0,-0.67,,0.6995008023612981,-1.8879385145887493
2020,2102,泰豐,1089833.0,0.2105074814214655,0.011565992220826493,0.000358770563930437,0.0,4733292.0,2586378.0,1896602.0,0.22,,0.7402684631498588,0.0014375723473041486
2020,6155,鈞寶,157696.0,0.25975928368506496,0.09041446834415584,0.06350826907467533,0.11,868427.0,321262.0,147527.0,0.1,,-0.06448483157467533,0.10788683921365443
2020,2481,強茂,2582846.0,0.2530936803820282,0.11260640394355684,0.11598329904299366,0.89,3328149.0,1483310.0,2771468.0,0.85,,0.07302874426117545,0.9658341673767837
2020,8213,志超,5873810.0,0.15090494925780712,0.07697014373975325,0.057003546250219195,1.31,2712425.0,7172111.0,6160389.0,1.49,,0.04878928668104687,1.294649692731934
2020,5522,遠雄,4645947.0,0.2907288869201478,0.20648319922719738,0.1468090359188342,0.86,7815962.0,22607028.0,6844046.0,1.57,,0.4731218414674123,1.28553311165555
2020,2355,敬鵬,3067571.0,0.020764637558511278,-0.03771942034919485,-0.03477148532177413,-0.26,3974954.0,10053435.0,3875580.0,0.06,,0.2634035202445193,-0.3390219687658307
2020,9904,寶成,63410225.0,0.19929523984499345,-0.033287312889995264,-0.02260039291770373,-0.18,29467872.0,68570199.0,59131341.0,1.14,,-0.06747940099565963,-0.4535079901089309
2020,3338,泰碩,1653810.0,0.2068351261632231,0.08962395922143414,0.052460077034242145,0.99,877652.0,463808.0,1286920.0,0.41,,-0.2218453147580436,0.769233390192319
2020,6213,聯茂,7471988.0,0.20964969429822425,0.14463486825728306,0.11584641195890572,2.67,3329572.0,5404345.0,6212990.0,1.93,,-0.16849572028220605,2.161697056067752
2020,2617,台航,579604.0,0.2066721416691396,0.14914838406912306,0.1896708787378969,0.27,4172945.0,5945012.0,650545.0,0.17,,0.12239563564088574,0.2956891159805488
2020,4722,國精化,849091.0,0.2018900212109185,0.09635598540085809,0.07281551682917378,0.62,1000092.0,1072136.0,935573.0,0.72,,0.10185245162179313,0.6811796467367062
2020,1419,新紡,430085.0,0.2888150016857133,0.01670367485497053,0.02626922585070393,0.04,3000413.0,2076019.0,470058.0,0.84,,0.09294209284211252,0.041154533608973795
2020,8150,南茂,5428133.0,0.20715483574186558,0.1453862681699214,0.10038976568923422,0.75,7272401.0,6287568.0,5686127.0,0.58,,0.047529049122414735,0.7849250298618411
2020,4764,雙鍵,630208.0,0.16035023357367725,0.025174228191327308,0.03422520818523408,0.26,767886.0,1220573.0,626405.0,0.2,,-0.006034515588504097,0.27919302517914835
2020,1721,三晃,668844.0,0.08539958495553522,-0.20016177165377877,0.9111975288707083,2.81,2223473.0,660454.0,621285.0,-0.09,,-0.07110626693219946,2.5460770457947457
2020,6024,群益期,568886.0,,0.11542031268127534,0.2550792250116895,0.67,2104376.0,2155642.0,624235.0,0.82,,0.09729365813185775,0.7566584109739514
2020,8081,致新,1718930.0,0.3759705165422676,0.17517583613061613,0.1389655192474388,2.73,861721.0,2033881.0,2065359.0,3.55,,0.2015375844275218,3.330703161085444
2020,4536,拓凱,1814674.0,0.3527167965155174,0.19942480026715542,0.12609317155588276,2.35,908200.0,2949808.0,2038564.0,2.39,,0.1233775322730144,2.8303127084303745
2020,3515,華擎,4717460.0,0.21158271612265922,0.10433368804398978,0.0859068227393555,2.75,1206424.0,2194926.0,5189793.0,4.04,,0.10012443136772764,3.695538445065317
2020,4746,台耀,787707.0,0.31617466900763863,-0.06223126111612567,0.6530486589556777,5.23,1083126.0,1423963.0,814723.0,0.89,,0.03429701653025807,4.912205621232863
2020,9944,新麗,580143.0,0.2965424042003437,0.08433610334003858,0.01733020996547403,0.07,1091071.0,1500282.0,595423.0,0.4,,0.026338333824591498,0.09457501490070255
2020,8110,華東,1560186.0,0.04691235532173728,0.0039213273289210385,0.057647613810148275,0.18,5063811.0,3440608.0,1433931.0,0.42,,-0.08092304379093263,0.163242073052094
2020,2887,台新新光金,,,,,0.37,117066948.0,24018497.0,11963252.0,0.39,,,
2020,8215,明基材,3720713.0,0.14396138589566032,0.026806152476689278,0.020669425456894954,0.24,3206745.0,901635.0,3825859.0,0.36,,0.028259637332952003,0.24659992425057395
2020,3712,永崴投控,1429580.0,0.14923893731025895,-0.029428223674086096,-0.05278053694091971,-0.3,2462421.0,-430877.0,1532570.0,-0.04,,0.0720421382503953,-0.3284973101656675
2020,2431,聯昌,431725.0,0.11225896114424691,-0.02411952052811396,-0.021261219526318837,-0.08,1109270.0,120776.0,677060.0,0.33,,0.5682668365278822,-0.12977112238219218
2020,8114,振樺電,1901287.0,0.33393012206994527,0.05082241660517323,0.01245682529781143,0.35,749218.0,1263642.0,2085952.0,0.51,,0.0971263149645476,0.3468194790250681
2020,2337,旺宏,9271289.0,0.3497938636148652,0.1502218299958075,0.14344068014706476,0.72,18563017.0,15013657.0,10956967.0,0.88,,0.18181700516508537,0.8466699129936388
2020,2357,華碩,92271493.0,0.1722926603127577,0.05505006838894435,0.06404203300362768,7.15,7427603.0,127007641.0,127422567.0,14.15,,0.38095269575837465,10.986586441441416
2020,1324,地球,250150.0,0.17422346592044774,-0.00322606436138317,-0.0024265440735558664,-0.01,751219.0,233548.0,260976.0,0.06,,0.043278033180091935,-0.00842989549173165
2020,6412,群電,9238721.0,0.19339960585453334,0.08662779187725227,0.07452222012116179,1.78,3887510.0,3426987.0,9658227.0,1.89,,0.045407367534965104,1.8514486611588086
2020,2429,銘旺科,182974.0,0.04729087192715905,-0.12646059002918447,-0.15332779520587625,-0.73,367362.0,-174031.0,237068.0,-0.55,,0.2956376315760709,-0.9894630842021406
2020,2430,燦坤,4650555.0,0.15342018318243736,0.014961655114282059,0.006334512762455234,0.17,1664688.0,1769735.0,5377545.0,0.5,,0.1563232775442931,0.2046276986028453
2020,3576,聯合再生,3292993.0,-0.04788227609351128,-0.17782728356847402,-0.19539094070348767,-0.24,26647779.0,-7218238.0,3514863.0,0.05,,0.06737639588058641,-0.2577221869086661
2020,1321,大洋,1085460.0,0.13159121478451533,0.06184474784883828,0.11585963554622003,0.57,2272283.0,3228759.0,1406720.0,0.68,,0.2959666869345716,0.7172613029080385
2020,1568,倉佑,339393.0,0.07214055681761262,-0.050578532851296286,0.007775646521878766,0.03,1030865.0,343251.0,485546.0,0.21,,0.43063056692389057,0.0366239426705936
2020,2031,新光鋼,2190440.0,0.035398367451288326,0.0030098975548291666,0.09574925585727069,0.66,3071877.0,2284196.0,2821308.0,1.88,,0.28800971494311645,0.8793911395025409
2020,1464,得力,1490505.0,0.08048077664952483,-0.15535137419867762,-0.14019812077114804,-0.6,3845657.0,543076.0,1981453.0,0.1,,0.32938366526781193,-0.7223628810274905
2020,1525,江申,251134.0,0.09514840682663439,0.019101356248058806,0.3666170251738116,1.25,734001.0,3752488.0,268562.0,1.28,,0.06939721423622447,1.341406912452833
2020,2206,三陽工業,9128005.0,0.18931310839553658,0.05070910894549247,0.04785766440750197,0.51,8535956.0,6283633.0,11458375.0,0.92,,0.25529893991074726,0.6424248969949123
2020,2606,裕民,1616548.0,-0.0036466594248979927,-0.07067034198798922,0.06398510901006342,0.12,8450557.0,14472966.0,2627353.0,0.88,,0.6252861034748118,0.1989353697193181
2020,4720,德淵,765737.0,0.24381086456577128,0.06174835485290642,0.045274030117390174,0.2,893857.0,236116.0,852041.0,0.41,,0.11270710439746279,0.4315604162103249
2020,2483,百容,470142.0,0.22411952133610696,0.058588681717438564,0.05411556508459146,0.23,1090938.0,909546.0,452561.0,0.05,,-0.037395084889246255,0.22449116494473376
2020,6209,今國光,611900.0,0.007321457754535055,-0.07079424742605,-0.08617747998038895,-0.32,1631469.0,873221.0,883561.0,-0.3,,0.44396306586043477,-0.4667147239019095
2020,1795,美時,2748814.0,0.40398731962220796,0.1572419960026397,0.10953305680195168,1.23,2453040.0,-279749.0,2885447.0,1.15,,0.04970616418571794,1.28840879133655
2020,2227,裕日車,7203345.0,0.1418110613888409,0.011325988134679096,0.20570901435374817,4.93,3000000.0,9140681.0,7071035.0,7.21,,-0.018367855489359486,4.848585467702852
2020,6112,邁達特,3830006.0,0.11744890216882167,0.05181662900789189,0.04292865337547774,0.85,1883573.0,784628.0,3422583.0,0.73,,-0.10637659575468028,0.7800434560051708
2020,2615,萬海,16263251.0,0.16321595233326966,0.1017561003024549,0.10366617350983515,0.75,22182975.0,14152752.0,19662886.0,0.81,,0.20903784858267271,0.9188921466936281
2020,1905,華紙,4500468.0,0.08002878811714693,-0.006811736023897959,0.0043895434874773025,0.04,11028353.0,3567983.0,4493534.0,-0.13,,-0.001540728653108947,0.01788532059633731
2020,6239,力成,19410124.0,0.1942296195531775,0.13972110636696602,0.10934458739161068,2.26,7791466.0,35320678.0,18935701.0,2.1,,-0.02444203859800176,2.657415706897662
2020,3029,零壹,2599718.0,0.11635723566940721,0.0645396923820199,0.05460438401395844,1.14,1249632.0,681606.0,2466974.0,0.93,,-0.05106092276162255,1.07797812194671
2020,2009,第一銅,530000.0,0.01769622641509434,-0.006713207547169812,0.09554528301886793,0.14,3596222.0,306313.0,552394.0,0.43,,0.04225283018867931,0.1467613541876017
2020,1301,台塑,42984102.0,0.12289208693949219,0.056299978070962146,-0.014671680241220347,-0.1,63657408.0,169309105.0,46174861.0,1.63,,0.074231142481469,-0.10642324547282793
2020,3017,奇鋐,11604824.0,0.1432474115936614,0.08202985241309993,0.053446049677272144,1.61,3533101.0,5612434.0,10048192.0,1.81,,-0.13413663145602206,1.5200136333458019
2020,1475,業旺,16136.0,0.2226078334159643,-0.01834407535944472,-0.41553049082796234,-0.42,360168.0,-411816.0,36303.0,0.02,,1.2498140803173028,-0.41883241733100984
2020,6235,華孚,379527.0,0.17884893564884713,-0.1741720615397587,1.5517947339714961,3.49,1689110.0,630327.0,498004.0,0.06,,0.3121701486323767,4.575190394330392
2020,1339,昭輝,422106.0,0.26909591429640894,0.1072526806062932,-0.04975053659507327,-0.27,741389.0,1572876.0,600692.0,0.52,,0.4230833013508455,-0.4030913505375418
2020,2704,國賓,334723.0,0.1359392691867604,-0.31457354289965134,-0.06594706667901519,-0.06,3669234.0,2725167.0,549244.0,0.26,,0.6408911249002907,-0.09871551035188547
2020,2368,金像電,6309796.0,0.2515431560703389,0.15277435276829868,0.11643894667910025,1.36,5464879.0,1232167.0,6410504.0,1.06,,0.015960579391156138,1.3658716568878448
2020,2329,華泰,3499929.0,-0.021281860289165865,-0.08949981556768723,-0.07841473355602356,-0.5,5572145.0,188313.0,3263887.0,0.02,,-0.0674419395364877,-0.45931473330641803
2020,2029,盛餘,2004310.0,0.04970488597073307,-0.0040986673718137415,-0.011021748132773873,-0.07,3211800.0,3839362.0,2278037.0,0.21,,0.13656919338824824,-0.07817407700087114
2020,2489,瑞軒,4021304.0,0.0908130795383786,-0.02076241935451784,0.04650207992233365,0.23,8093620.0,1549356.0,4579167.0,0.3,,0.13872689058076682,0.2630970935276339
2020,2373,震旦行,3373089.0,0.44959205049140416,0.12205281271854967,0.11630348324636557,1.61,2362025.0,3120891.0,3595776.0,2.21,,0.06601871459662045,1.7705200993794876
2020,9911,櫻花,1392399.0,0.3668309155637141,0.13120664407256827,0.10979755084569869,0.7,2211212.0,2212305.0,1581082.0,1.05,,0.13550929008136325,0.7850849727941913
2020,2362,藍天,5567166.0,0.22490743045923187,0.11078437395256402,0.05374188590747968,0.5,6697630.0,39063120.0,5852966.0,0.35,,0.0513367124314239,0.46964289008553434
2020,6136,富爾特,150041.0,0.137509080851234,-0.0766390519924554,-0.05096606927439833,-0.07,1155364.0,334536.0,166539.0,0.65,,0.10995661185942507,-0.07346462423001776
2020,1210,大成,19151472.0,0.15098661867871044,0.05676320859305227,0.049821444534394015,0.94,8273391.0,5737510.0,20357441.0,1.28,,0.06297004219832303,1.2259025563323414
2020,2454,聯發科,67603053.0,0.43498829853142873,0.10969402520918693,0.10813749787306204,4.58,15888505.0,182515687.0,97274734.0,8.43,,0.4389103699207193,6.620538773803876
2020,2438,翔耀,96266.0,0.17732117258429766,0.01380549726798662,0.04578979078802485,0.0,952159.0,-353279.0,85970.0,0.01,,-0.10695364926349904,0.04134339237508122
2020,3038,全台,1058443.0,0.24601419254508744,0.1281788438300409,0.09505093802878378,0.67,1624076.0,500502.0,969887.0,0.42,,-0.08366629095756695,0.5676376544688981
2020,3711,日月光投控,107548773.0,0.17489182326608227,0.07835085203621989,0.06725706670777173,1.62,43383571.0,33729335.0,123195399.0,1.58,,0.14548400287188779,1.909884543306395
2020,1702,南僑,4266685.0,0.3313476387406148,0.09646505425172001,0.05640233577121348,0.93,2941330.0,3094117.0,4798785.0,1.35,,0.12471040163499292,0.92020508703159
2020,2540,愛山林,801792.0,0.5149614862707536,0.29052173132183906,0.18158699513090676,0.99,1466000.0,1108386.0,1624391.0,1.83,,1.025950620609834,2.0120619413894185
2020,9907,統一實,7767098.0,0.1263426829428443,0.05730454282925231,0.04232288558738412,0.22,15791453.0,3970171.0,9077260.0,0.38,,0.1686810183159786,0.2432808661919447
2020,1604,聲寶,2092812.0,0.1767683862668983,0.0742532057346766,0.08769397346727752,0.47,3872000.0,2961206.0,2075692.0,3.78,,-0.008180381228700906,0.4701076424954551
2020,2413,環科,870186.0,0.14498969185898186,-0.01952800895440745,-0.042978167885946224,-0.29,1273592.0,181960.0,1076751.0,0.3,,0.23738028421509894,-0.3633564379280058
2020,1529,樂事綠能,131567.0,0.15696185213617397,0.05147187364612707,0.06103354184559958,0.09,959680.0,35266.0,231425.0,0.41,,0.7589897162662369,0.14718122104886922
2020,1504,東元,11236067.0,0.26718334805230337,0.10267453905356741,0.14169450929760385,0.76,19676929.0,26359983.0,11404361.0,0.42,,0.014978016774018776,0.8212335043480264
2020,2911,麗嬰房,894635.0,0.4256987486516848,-0.12696462803266137,-0.15610276816802382,-0.77,1846778.0,-351915.0,970275.0,-0.2,,0.08454844713207055,-0.8201452117375738
2020,2013,中鋼構,3272441.0,0.04255783373940126,0.013382670611937694,0.08478288836987435,1.43,2000000.0,1391851.0,2993034.0,0.55,,-0.08538182964948793,1.2687903375461926
2020,5258,虹堡,895615.0,0.23947678410924336,0.04434829698028729,0.06309295846987824,0.56,895426.0,161269.0,838357.0,0.54,,-0.06393148841857266,0.5907179753986561
2020,2477,美隆電,701324.0,0.2272116739196149,0.04455857777574987,0.12309574462017556,0.43,1982165.0,1207658.0,820532.0,0.26,,0.16997564606373095,0.5095640248146945
2020,1711,永光,1523357.0,0.19821158139556255,-0.006053735270196021,0.022314532968962627,0.07,5477522.0,1842165.0,1862553.0,0.04,,0.22266349910099859,0.07587737726099548
2020,1215,卜蜂,5427900.0,0.16695517603493062,0.10076051511634333,0.08508668177379834,1.74,2679910.0,3268490.0,5697615.0,2.02,,0.0496904880340463,1.808982967243751
2020,3432,台端,7134.0,0.35898514157555367,-0.8302495093916457,0.7475469582282029,0.08,665860.0,735917.0,10429.0,0.04,,0.4618727221754977,0.11708418026855388
2020,6446,藥華藥,130645.0,0.4289104060622297,-1.69044356844885,-1.590141222396571,-0.91,2418869.0,-695074.0,133658.0,-2.53,,0.023062497608021815,-0.8786548403534085
2020,3617,碩天,2005199.0,0.39104996561438543,0.05259976690592804,0.03983893867890419,1.01,809510.0,2067234.0,2696075.0,2.9,,0.34454236212964395,1.3268368099063212
2020,1817,凱撒衛,585034.0,0.30442504196337306,0.1101320607007456,0.08601380432590243,0.69,726000.0,817343.0,616338.0,1.0,,0.05350800124437205,0.7302145472536922
2020,1442,名軒,385440.0,0.19086498547114986,0.06695724366957244,0.04391604400166044,0.06,3091174.0,780753.0,1338148.0,0.14,,2.471741386467414,0.19010953912246253
2020,1906,寶隆,308487.0,0.10211451373963895,0.012953544233630591,0.28882578520326624,0.59,1510000.0,2171173.0,327893.0,0.07,,0.0629070268763352,0.6271784979314873
2020,4564,元翎,467803.0,0.23235635513239547,0.14010812243615367,0.08478996500663741,0.22,1801008.0,528263.0,530744.0,0.51,,0.13454595203536535,0.2498698794646263
2020,4566,時碩工業,674426.0,0.1949050006968889,0.00541052687767079,-0.012413519051756606,-0.13,673050.0,455979.0,913840.0,0.37,,0.3549892797727252,-0.16854572840438684
2020,1609,大亞,4216698.0,0.06438711048313159,0.004572298039840652,0.08084596051223018,0.54,5950680.0,1071213.0,4764076.0,0.29,,0.1298119998159697,0.6472475417486128
2020,3596,智易,7948478.0,0.1406267967276251,0.06200872670214348,0.04056751493807997,1.72,2084780.0,5008894.0,9551788.0,2.8,,0.20171283106023563,1.858672389294664
2020,3058,立德,1109076.0,0.12977920358929415,-0.007537806245920027,0.00044271086922807815,0.01,1649374.0,120399.0,1160435.0,-0.14,,0.04630791758184283,0.0031147404259596967
2020,1203,味王,1435967.0,0.32627630022138393,0.12242830092892107,0.09640472239264551,0.43,2400000.0,2299802.0,1540282.0,0.56,,0.07264442706552443,0.6187102442349534
2020,1416,廣豐,62352.0,0.6725205286117526,-0.3845907108031819,-2.5284994867847064,-0.85,1853422.0,1586404.0,49169.0,-0.01,,-0.21142866307415964,-0.6707797321156068
2020,2496,卓越,210877.0,0.45387121402523745,0.04021775727082612,0.03889945323577251,0.37,191854.0,273858.0,189908.0,1.65,,-0.09943711262963717,0.385048910374508
2020,9933,中鼎,13261500.0,0.06772129849564529,0.034657768729027635,0.021199261018738452,0.2,7633326.0,4768676.0,14216505.0,0.28,,0.07201334690645855,0.3948205543287426
2020,2458,義隆,3539299.0,0.4757340365987728,0.2745961841596316,0.25228329112629366,3.15,3038804.0,3149946.0,4707167.0,3.71,,0.32997155651443966,3.9079176631368204
2020,4904,遠傳,18674739.0,0.3531984570172574,0.15901539507459783,0.12081036313278595,0.68,32585008.0,25224942.0,18630069.0,0.64,,-0.002392001301865565,0.6907180753427645
2020,1437,勤益控,123623.0,0.7049820826221658,0.5269165122994912,0.8298779353356576,0.5,2033713.0,3626910.0,126279.0,0.49,,0.021484675181802748,0.5152947136407718
2020,1432,大魯閣,259447.0,0.9088484353259048,-0.14893986054955347,-0.11925364332599722,-0.52,1679376.0,-980959.0,302633.0,0.65,,0.1664540349281356,-0.21490177209080347
2020,2913,農林,74384.0,0.40487201548720153,-0.4699801032480103,-0.3359324585932459,-0.03,7900000.0,5646500.0,85000.0,-0.05,,0.1427188642718864,-0.03614463162079228
2020,9934,成霖,3406961.0,0.280599924683611,0.020487466689521835,0.007125118250546455,0.06,3568490.0,1542437.0,4801404.0,0.48,,0.4092923282655716,0.09586848013766817
2020,1733,五鼎,529084.0,0.23202553847782204,0.06056127193413522,0.05046457651337028,0.27,999862.0,530314.0,509593.0,0.23,,-0.036839140854760255,0.25719944291490127
2020,6115,鎰勝,1562885.0,0.2587803965102999,0.1801911209078083,0.09120888613045745,0.76,1876622.0,1978217.0,1799338.0,0.7,,0.15129264149313615,0.8745267547337986
2020,6214,精誠,5865579.0,0.25208849799823685,0.04596835197343689,0.13060074717261502,3.07,2693933.0,5219628.0,5568660.0,2.04,,-0.050620578121955195,2.6996631198706664
2020,2324,仁寶,263653504.0,0.031362826112866685,0.009032813764538475,0.008290578228006407,0.45,44071466.0,55846071.0,269241483.0,0.51,,0.021194404455933125,0.5064881610781808
2020,2415,錩新,327258.0,0.1909808163589584,0.04565205434244541,-0.10891101210665591,-0.61,800000.0,450819.0,490600.0,0.13,,0.4991230160912796,-0.6678967817440673
2020,2331,精英,8160239.0,0.12225891913214797,0.03901674938687458,0.02482966491545162,0.36,5574030.0,289660.0,6912996.0,0.19,,-0.15284393018390763,0.30794124581650506
2020,9941,裕融,7361968.0,0.5016433105930371,0.15171337338059607,0.11105386494480823,2.57,4323013.0,7390002.0,7520207.0,1.83,,0.021494116790510276,1.9318656976858537
2020,6449,鈺邦,598200.0,0.31431628217987295,0.18351053159478437,0.13717151454363088,0.97,845248.0,703796.0,741830.0,1.06,,0.24010364426613173,1.2038827022826637
2020,2524,京城,2204010.0,0.3264336368709761,0.2153252480705623,0.1293936960358619,0.76,3766679.0,10062326.0,2354923.0,1.44,,0.06847201237743938,0.8089677693529499
2020,3652,精聯,460763.0,0.31293094280573747,-0.02592005000401508,-0.01852145246037551,-0.18,470975.0,15994.0,487509.0,0.35,,0.058047195629857384,-0.19171664669048682
2020,2603,長榮,43870746.0,0.17245900035527092,0.11839755357704654,0.08759440744408586,0.66,48129738.0,12127785.0,55331922.0,1.7,,0.26124871457622345,1.007021255825739
2020,2471,資通,139072.0,0.33981678554993094,0.01340312931431201,0.01806258628624022,0.05,472539.0,76472.0,201605.0,1.2,,0.44964478831109056,0.07706258548474221
2020,6191,精成科,5617893.0,0.20354819858619594,0.11238946701192067,0.07709705400227451,0.85,5155469.0,3286055.0,6235683.0,1.2,,0.10996827458265934,0.9325102895431339
2020,5525,順天,232398.0,0.08031480477456776,-0.08462637372094424,-0.09735884129811788,-0.09,2645913.0,1480172.0,178793.0,0.0,,-0.23066033270510078,-0.06578855507423861
2020,3025,星通,96856.0,0.48750722722392004,-0.10433013958866771,-0.10213099859585364,-0.14,709206.0,29795.0,159319.0,0.53,,0.6449058395969274,-0.22943134385908756
2020,2353,宏碁,65575647.0,0.10884799962400676,0.032429523722427016,0.018704504737864044,0.4,30749338.0,6595817.0,80028860.0,0.76,,0.2204051909697513,0.48680729030194353
2020,3413,京鼎,2655780.0,0.28830475415885354,0.20454894607234034,0.14544766509274112,4.68,827443.0,2876835.0,2654498.0,4.03,,-0.0004827207072874984,4.666068068656706
2020,2476,鉅祥,1176488.0,0.2485227218637164,0.08026771203786184,0.10358966687293028,0.57,1849683.0,2396652.0,1231591.0,0.52,,0.04683685681451921,0.6897403577461602
2020,6579,研揚,1602325.0,0.3307562448317289,0.1275527748740112,0.16194592233161187,2.17,1484985.0,750530.0,1486894.0,0.67,,-0.0720396923220945,1.6215410946194049
2020,4989,榮科,585297.0,0.042228133750899115,-0.000333164188437665,-0.02087828914209367,-0.08,1530850.0,184165.0,665102.0,0.09,,0.13634957978598905,-0.09070903004856638
2020,2608,嘉里大榮,2906591.0,0.21176663658560838,0.15201932435626478,0.12169342023009085,0.72,4670005.0,4767278.0,3249666.0,0.96,,0.11803346256834901,0.8468148752419716
2020,6706,惠特,748960.0,0.32544194616534927,0.10694963682973724,0.05810056611835078,0.65,671779.0,678370.0,633359.0,1.17,,-0.15434869685964536,0.5477771180128068
2020,1445,大宇,164889.0,-0.1436299571226704,-0.3033737847885547,-0.19061914378763894,-0.24,1306660.0,168469.0,204683.0,-0.1,,0.24133811230585422,-0.2985971730051069
2020,2204,中華,7115834.0,0.18223865255991076,0.05328834258921723,0.13840345348134878,1.67,5536203.0,29100418.0,8091007.0,1.73,,0.13704268536899544,2.0227280519550446
2020,2420,新巨,562112.0,0.37890669475122396,0.20702279972674484,0.17869926278037118,0.66,1526487.0,1357472.0,674284.0,0.86,,0.19955453717408633,0.7893552562491511
2020,6116,彩晶,3656928.0,0.018072272683520157,-0.10279666430402787,-0.10618448052573089,-0.12,31339339.0,8618583.0,5437728.0,0.52,,0.48696610925891903,-0.18424202339437395
2020,2380,虹光,294983.0,0.17705766094995304,-0.47478668262238843,-0.44378828610462295,-0.71,1794441.0,-615707.0,506733.0,-0.46,,0.7178379771037653,-1.2532157344970043
2020,1736,喬山,5629193.0,0.46759650983720047,-0.02115685143501031,-0.0022505890275924096,-0.03,3036166.0,6772350.0,7476804.0,1.49,,0.32821951565704,-0.05542257255979759
2020,6139,亞翔,3357492.0,0.06485793562575876,-0.013785587575487894,0.05544287223915947,0.9,2255409.0,2806831.0,3178215.0,0.48,,-0.05339610637940462,0.7812745634764259
2020,1410,南染,102435.0,0.34894323229364965,0.1961048469761312,0.11799677844486747,0.19,630000.0,420133.0,103312.0,0.22,,0.008561526821887044,0.1934997329316849
2020,3041,揚智,487270.0,0.3028546801567919,-0.19181152133314178,-0.14367804297412112,-0.37,1925399.0,234643.0,511427.0,-0.37,,0.049576210314610014,-0.381639496458271
2020,2425,承啟,1022128.0,0.09870388053159683,0.060340779237042716,0.05208936649812939,0.46,1014988.0,801285.0,1567189.0,0.48,,0.5332610005791838,0.8042842101860997
2020,1443,立益物流,118675.0,0.27775015799452285,0.14248999368021908,-0.6208974088898251,-0.33,1353430.0,-838262.0,142683.0,-0.02,,0.20230040025279128,-0.6545702769454418
2020,2375,凱美,1141264.0,0.2684944062022459,0.12708540705743807,0.16153317724908522,0.93,1940631.0,1957779.0,1225073.0,0.89,,0.07343524372975918,1.0197195347908417
2020,2616,山隆,3480658.0,0.11901427833472866,0.026293304312000776,0.021993255298279807,0.54,1372818.0,1566648.0,4194338.0,1.27,,0.20504169039302345,0.671954668727219
2020,6257,矽格,2898999.0,0.28373690366916304,0.1812387655187187,0.1677465221616151,1.09,4215104.0,6422838.0,3296614.0,1.19,,0.13715596314451983,1.3119380527960651
2020,9940,信義,3103933.0,0.30383967695178987,0.16654257678886755,0.11140414435492003,0.47,7368465.0,3711502.0,3635522.0,0.75,,0.17126303950504096,0.5496561599919217
2020,3703,欣陸,4598657.0,0.15621386852726785,0.07118339115093819,0.0915191109056405,0.47,8232160.0,7821613.0,5708738.0,0.48,,0.24139243261674004,0.6346555778231282
2020,8131,福懋科,2387614.0,0.1953376885878538,0.17380447593287693,0.14413008132805386,0.77,4422222.0,4303465.0,2380770.0,0.81,,-0.0028664599889262066,0.7759460599748063
2020,8033,雷虎,216226.0,0.3621581123454164,0.002243023503186481,-0.02067281455514138,-0.04,1126298.0,-605874.0,178383.0,,,-0.1750159555280124,-0.0327415895152951
2020,3605,宏致,2064696.0,0.24359857334929694,0.06097653116972184,0.06234331833838977,1.08,1223959.0,2744837.0,2279287.0,0.96,,0.10393346042226081,1.1609728350831474
2020,8016,矽創,2644857.0,0.34987373608478645,0.15141310097294486,0.16765481082720163,2.43,1201369.0,3283378.0,3887941.0,2.62,,0.47000045749165276,5.425743571394976
2020,3030,德律,1487104.0,0.5502432916594939,0.33625758521260113,0.2502360292218971,1.58,2362160.0,2897017.0,1358566.0,1.32,,-0.08643511146496818,1.4392003982620813
2020,1776,展宇,266318.0,0.16757410313985535,-0.020629473035994564,-0.01162519994893323,-0.03,703601.0,290680.0,332866.0,0.23,,0.24988172034935685,-0.05499755978461668
2020,1438,三地開發,13841.0,0.7375912145076223,0.42735351491944223,0.346795751752041,0.05,1024115.0,-516925.0,6.0,-0.03,,-0.99956650531031,2.031778179708574e-05
2020,6414,樺漢,18559009.0,0.2507830024760482,0.047122020362186365,0.03988305625585935,3.63,918664.0,2206843.0,21716038.0,2.48,,0.17010762805276936,9.427842662914617
2020,2059,川湖,1178430.0,0.5617932333698226,0.448242152694687,0.14159941617236493,1.75,952971.0,8840584.0,1197934.0,3.11,,0.01655083458499873,1.779978142178784
2020,2516,新建,1555314.0,-0.13803643508641986,-0.15971630165998635,-0.13034731250409884,-0.89,2262785.0,28318.0,1918836.0,-1.94,,0.2337290090618358,-1.1053419380812362
2020,2359,所羅門,961661.0,0.21592120300188944,0.03422827794825827,0.03982900419170581,0.21,1714711.0,2709702.0,960207.0,-0.02,,-0.001511967314885343,0.223035185683799
2020,2485,兆赫,1969751.0,0.05476123631870221,0.0012859493408050053,-0.001644877956655435,-0.01,3176890.0,3088268.0,2353315.0,-0.12,,0.19472715079215597,-0.012184608118526563
2020,4766,南寶,3345698.0,0.25930702651584214,0.06560813319074225,0.07078821818347024,1.94,1205707.0,5856067.0,4010816.0,3.34,,0.1987979787775227,2.354788668405785
2020,1726,永記,1858652.0,0.25960857653826536,0.12583528277482822,0.10532633327809617,1.21,1620000.0,6987502.0,1994897.0,1.39,,0.07330312506052783,1.2970073227004582
2020,2332,友訊,3191557.0,0.32297057517694344,-0.03058851839400017,0.0070821232395348105,-0.01,6519961.0,1572558.0,4161488.0,0.46,,0.30390527256759015,0.045202986453209214
2020,1513,中興電,3339663.0,0.23345020141253772,0.08321288704878306,0.0813471299349665,0.64,4200000.0,2911512.0,3544203.0,0.79,,0.06124570053924594,0.686454147516424
2020,2390,云辰,133116.0,0.19173502809579615,-0.2102602241653896,1.4321569157727094,0.89,2140216.0,-101299.0,129311.0,-0.38,,-0.028584092070074174,0.8653035157922603
2020,8021,尖點,734950.0,0.30352132798149534,0.1363589359820396,0.0891244302333492,0.44,1421805.0,1942890.0,799821.0,0.66,,0.08826586842642348,0.5013598272172878
2020,2605,新興,1050587.0,0.23655537332938634,0.18677558355471752,0.18009074926683843,0.3,5853533.0,10674561.0,1004086.0,0.23,,-0.04426192214447733,0.308918733469757
2020,1467,南緯,1300026.0,0.08851899885079222,-0.13700879828557275,-0.16145061714150333,-0.84,2336247.0,-48153.0,3745781.0,1.92,,1.8813123737525248,-2.5885903935967276
2020,5706,鳳凰,34414.0,0.518887661998024,-0.5478584297088395,-0.18521531934677748,-0.13,671174.0,261493.0,49385.0,0.2,,0.43502644272679714,-0.13628147910885413
2020,2706,第一店,51081.0,0.7257101466298623,0.5876353242888745,0.35265558622579823,0.03,4999984.0,3089051.0,65467.0,0.03,,0.2816311348642353,0.04617475428610238
2020,1402,遠東新,48943592.0,0.19644906732632128,0.050206960698757054,0.07026020893603395,0.44,53528751.0,146445644.0,49562304.0,0.6,,0.012641328000609464,0.6505397135814418
2020,2104,國際中橡,2816982.0,0.13453973081830128,-0.04806349490341082,-0.10796057624791355,-0.23,9847336.0,6468828.0,4918808.0,0.51,,0.7461268833098684,-0.5392700585547676
2020,2014,中鴻,7850412.0,-0.011984339165893459,-0.045946760501232295,-0.046317059537766936,-0.25,14355444.0,273225.0,9243540.0,0.17,,0.17745922124851532,-0.2982377922408601
2020,9945,潤泰新,3769339.0,0.2255530744249854,0.11623762150339888,0.41419967798067514,1.52,15048810.0,38321734.0,5227250.0,1.06,,0.38678160812810947,1.4387352001417282
2020,1560,中砂,1307850.0,0.31097985242955994,0.14420078755208932,0.10622930764231373,0.96,1410000.0,1665714.0,1292474.0,0.9,,-0.011756699927361725,0.9737490650049063
2020,9958,世紀鋼,1303507.0,0.29457686073032213,0.2612889689123265,0.1861125410143559,1.04,2108345.0,1185786.0,2037609.0,1.36,,0.5631745744365009,1.798683747601653
2020,2482,連宇,205809.0,0.33008760549830185,-0.09421356694799547,-0.042816397727990514,-0.14,620725.0,72965.0,184183.0,-0.38,,-0.10507800922214283,-0.1270458348340163
2020,2834,臺企銀,,,,,0.12,74885834.0,16969506.0,5712162.0,0.16,,,
2020,2007,燁興,1290208.0,-0.02694371760212307,-0.06047552022619609,-0.09402824970857412,-0.22,5306516.0,-3005754.0,1336289.0,-0.18,,0.035715946576055924,-0.23678231776710146
2020,1762,中化生,391913.0,0.46980579873594397,0.2230877771342109,0.9470928496885789,4.78,775600.0,1246154.0,284624.0,0.45,,-0.2737571859060557,3.47557188305521
2020,9926,新海,554701.0,0.29245305128348426,0.22282274594781692,0.2016834294511818,0.63,1795041.0,898700.0,470214.0,0.86,,-0.15231088460269582,0.5283131254158429
2020,3013,晟銘電,1630728.0,0.10671123571803513,0.05096067523216625,0.034193317340476155,0.27,1559350.0,735173.0,1574426.0,0.17,,-0.034525684234280596,0.34523902810207147
2020,3550,聯穎,865447.0,0.220229546118942,0.05456833289617966,0.04550134208102865,0.45,850000.0,856717.0,944465.0,0.18,,0.09130310694935684,0.5055814711595145
2020,2345,智邦,12626178.0,0.2079084422855436,0.1097345530848686,0.09148896839566177,2.07,5593774.0,5728130.0,14398664.0,2.69,,0.1403818320951915,2.354973432311983
2020,3024,憶聲,365025.0,0.22692144373673037,0.03730429422642285,0.06366139305527019,0.09,2771575.0,283084.0,395481.0,0.16,,0.0834353811382782,0.09083958177892106
2020,6189,豐藝,6633087.0,0.08075923020457895,0.04226508713062259,0.02708527718692669,0.9,1790452.0,1139325.0,7352128.0,0.74,,0.10840216629150201,1.112201973545032
2020,3321,同泰,479008.0,0.011632373572048901,-0.128630419533703,-0.16454840002672189,-0.63,1261448.0,-504445.0,507060.0,-0.09,,0.05856269623889365,-0.6614296563754479
2020,2506,太設,210570.0,0.37353374174858717,-0.2282566367478748,-0.045989457187633566,-0.03,3870000.0,1941584.0,276762.0,-0.18,,0.31434677304459324,-0.03288923553013912
2020,6416,瑞祺電通,1452792.0,0.21186859509138267,0.11448163260810908,0.08499014311752819,1.48,712950.0,946860.0,1375813.0,1.44,,-0.05298693825406531,1.640094589704128
2020,1409,新纖,,,,,0.88,16184093.0,10052777.0,8005293.0,0.44,,,
2020,2885,元大金,,,,,0.56,121374360.0,68174534.0,31836302.0,0.7,,,
2020,2748,雲品,242718.0,-0.019396995690472072,-0.2920590973887392,-0.011861501825163358,-0.04,754826.0,178303.0,460290.0,0.4,,0.8963982893728524,-0.0723309832346056
2020,2707,晶華,1011047.0,0.21846857762299873,0.040105949575044486,0.10261639666603037,0.69,1274020.0,1723658.0,1494184.0,1.59,,0.47785810155215347,1.2034958480717408
2020,5607,遠雄港,459050.0,0.5647010129615511,0.3748807319464111,0.2323428820389936,0.35,2299791.0,1895212.0,481046.0,0.5,,0.04791634898159236,0.4859903096991409
2020,3450,聯鈞,1661528.0,0.25436525896644535,0.16857133915287614,0.10895513045822881,0.58,1456814.0,1935339.0,1639374.0,0.32,,-0.013333509877654803,1.226087942865928
2020,2364,倫飛,183867.0,0.29984717214073214,-0.027226201547857962,-0.05065074211250523,-0.04,1959324.0,-1749788.0,246358.0,0.14,,0.33987066738457683,-0.06368633021058571
2020,6552,易華電,750757.0,0.19515635551849667,0.12323961015348509,0.08289899394877437,0.62,1000000.0,508393.0,710831.0,0.62,,-0.05318098932144488,0.5892717476760123
2020,2303,聯電,44386260.0,0.23109559129334167,0.13170102639870987,0.13632637667602543,0.55,122223715.0,60906432.0,44870454.0,0.76,,0.010908646053981563,0.5004778666421874
2020,3312,弘憶股,3164214.0,0.04643396432731794,0.013849884995136234,0.008583174210088192,0.23,1251140.0,122374.0,3638100.0,0.45,,0.14976420684568104,0.24958394818902643
2020,2349,錸德,1492568.0,0.1984532698007729,-0.022810351019183047,-0.06285140777505614,-0.38,12841579.0,-6295628.0,1789706.0,-0.28,,0.19907836694877545,-0.08759479002034301
2020,2884,玉山金,,,,,0.38,125671000.0,22303316.0,13667183.0,0.34,,,
2020,2705,六福,165814.0,-0.3747150421556684,-1.153491261292774,-0.8997310239183663,-0.8,1865366.0,-546138.0,606284.0,0.08,,2.6564101945553453,-2.9243190028408512
2020,2020,美亞,1192700.0,0.0652184120063721,0.028834577010145048,0.11007965121153684,0.59,2225261.0,548685.0,1326161.0,0.75,,0.11189821413599388,0.6560279460716874
2020,3006,晶豪科,3210628.0,0.21997970490508398,0.10456708158030142,0.08710383139996287,1.0,2857589.0,4950999.0,3999177.0,0.85,,0.24560584409031505,1.2190123882287107
2020,2371,大同,7655033.0,0.21630448882454198,-0.030203266269394267,-0.07316728745650083,-0.08,23395367.0,10571281.0,7383662.0,,,-0.03545001047023577,-0.23091859171760024
2020,4576,大銀微系統,637598.0,0.3393219552131594,0.07671761831122431,0.060503640224718394,0.28,1186157.0,581208.0,615317.0,0.31,,-0.034945216264793855,0.3138616421953675
2020,2301,光寶科,41796304.0,0.19412912682422828,0.08724297727378,0.08255701269662503,1.48,23508670.0,30579362.0,41336126.0,1.29,,-0.011010016579456439,1.4516291559715169
2020,2537,聯上發,1096559.0,0.24502101574105908,0.18969886709242276,0.18460839772415347,0.67,3005579.0,524610.0,61521.0,-0.06,,-0.9438963156565219,0.03778737220478199
2020,9921,巨大,19702392.0,0.22961420115892528,0.11499299171389951,0.08032699785894018,4.06,3750646.0,18670367.0,19526797.0,3.95,,-0.008912369624967331,4.182023525576553
2020,1597,直得,391285.0,0.4094432446937654,0.19766155104335714,0.13860229755804593,0.67,811876.0,819050.0,347442.0,0.58,,-0.11204876241103034,0.5931479618582467
2020,6277,宏正,1082521.0,0.5993038472232871,0.051424406547309474,0.8411393404839259,7.62,1194711.0,3409660.0,1220042.0,1.37,,0.12703772028441018,8.589736959337362
2020,3229,晟鈦,120648.0,0.08564584576619587,-0.26471222067502154,-0.22127179895232413,-0.28,935159.0,-475999.0,88554.0,-0.39,,-0.266013526954446,-0.20953124425283948
2020,6196,帆宣,5787580.0,0.12942542478894462,0.04972579212727945,0.040179315015947945,1.3,1871150.0,3109025.0,6638428.0,1.26,,0.14701274107658113,1.4254735848151632
2020,2468,華經,462820.0,0.10733114385722312,0.02002722440689685,0.014042176224017976,0.1,699612.0,365925.0,674543.0,0.28,,0.4574629445572793,0.13539006873349455
2020,6504,南六,2564843.0,0.277313660134363,0.223333747913615,0.1591481427908063,5.63,726000.0,2532684.0,2765725.0,6.57,,0.07832136313996618,6.062809879064776
2020,2634,漢翔,4519021.0,0.10677201986890524,0.03498257697850928,0.05382271956691505,0.25,9418671.0,4510353.0,4860460.0,-0.01,,0.07555596665737996,0.27774956312436
2020,3149,正達,685616.0,-0.007652971925976057,-0.3086056918158269,-0.2711736598912511,-0.9,2063936.0,-975968.0,731342.0,0.06,,0.06669330937434359,-0.9608858354725502
2020,3021,鴻名,670522.0,0.24551916268220877,0.11015149391071434,0.0826102648384393,0.59,940000.0,401902.0,760236.0,0.35,,0.1337972505003564,0.6681201840395291
2020,1617,榮星,656276.0,0.14275091577324175,0.053896531337425106,0.05137320273787248,0.23,1442332.0,325539.0,790973.0,0.42,,0.20524443983933582,0.28172997818243795
2020,9924,福興,2240790.0,0.25545722713864305,0.15617974018091835,0.10960286327589823,1.3,1884521.0,3175501.0,2619188.0,1.45,,0.16886812240325955,1.5233075368110693
2020,2348,海悅,699008.0,0.6019773736495148,0.3560045092473906,0.4295473013184398,3.35,909564.0,932979.0,1069350.0,3.97,,0.5298108176158214,5.0500724156285175
2020,6533,晶心科,101797.0,0.9985952434747586,-0.20452469129738599,-0.1738361641305736,-0.41,426509.0,-49058.0,104768.0,-0.69,,0.029185535919526107,-0.42701249548384523
2020,2106,建大,7273912.0,0.23405850936882383,0.0761924257538447,0.06319818001647531,0.53,9094100.0,10603926.0,8372229.0,0.74,,0.1509939905789346,0.5818163814793714
2020,1603,華電,516645.0,0.17101297796359202,0.1039030669028056,0.10461922596754057,0.34,1916880.0,5061263.0,506233.0,1.55,,-0.020153103194650135,0.27629118473366077
2020,1473,台南,1063476.0,0.09295837423693623,-0.12151096968807946,-0.1166091195287905,-0.87,1471535.0,1363829.0,1689661.0,-0.32,,0.5888097145586737,-1.3389411839482968
2020,3530,晶相光,539091.0,0.16402796559393498,0.01499932293434689,0.023584144420886268,0.17,781059.0,168728.0,928521.0,1.2,,0.7223826775071369,0.28036772333236976
2020,1441,大東,307836.0,-0.20788016996062839,-0.33785522161150744,-0.33539287152899594,-0.92,1008000.0,-85682.0,349731.0,-0.26,,0.13609519354461463,-1.163663535245112
2020,2855,統一證,2820672.0,,0.5344052764731241,0.5493219346311801,1.12,13998378.0,11340616.0,3035096.0,0.91,,0.07601876432282806,1.1910271365092127
2020,2511,太子,2179743.0,0.10230701509306372,-0.0822225372440696,0.04384691222772593,0.08,16233261.0,3782950.0,2925359.0,0.14,,0.34206601420442695,0.07901552208615883
2020,5519,隆大,566572.0,0.1389814533722104,0.08687157148606002,0.06144144080540514,0.15,2191972.0,1773888.0,1247209.0,0.72,,1.2013248095564202,0.3495953321733513
2020,2495,普安,301797.0,0.4255542632961892,-0.021401803198838956,0.556112221128772,0.61,2762875.0,1126473.0,295939.0,0.03,,-0.019410398380368288,0.5956668130430354
2020,3305,昇貿,1247617.0,0.12918307461344306,0.055706999824465364,0.02974390377816269,0.31,1182653.0,1428596.0,1505222.0,0.59,,0.20647762895183375,0.3785656344910434
2020,2883,凱基金,,,,,0.24,149710976.0,24780481.0,68022605.0,0.39,,,
2020,1514,亞力,1270968.0,0.1989137413373114,0.08610051551258568,0.07288696489604773,0.44,2174540.0,814391.0,1185754.0,0.37,,-0.06704653460984067,0.3974450236525803
2020,5876,上海商銀,,,,,0.71,44816031.0,82628856.0,10110470.0,0.79,,,
2020,1615,大山,813693.0,0.16265839819194708,0.12269738095325879,0.09574741333647949,0.62,1230480.0,764949.0,935321.0,0.94,,0.14947652247223453,0.7278018853560345
2020,3701,大眾控,1652525.0,0.1409558100482595,-0.00857294140784557,0.0401706479478374,0.2,1903446.0,322307.0,2016405.0,0.0,,0.2201963661669264,0.42554553885562857
2020,2881,富邦金,,,,,1.12,115002640.0,323303402.0,125353001.0,3.02,,,
2020,6271,同欣電,2062653.0,0.2801445517011344,0.19265673867587035,0.1443786230645678,1.7,2367234.0,3581074.0,2876033.0,1.82,,0.3943368079846683,1.7541049360910588
2020,2466,冠西電,271175.0,0.24694385544390154,0.04015488153406472,0.0032266986263482992,0.01,1563342.0,-27664.0,598898.0,0.35,,1.2085295473402784,0.012361104313213253
2020,1752,南光,422353.0,0.3639775259084226,0.13208382561506607,0.10268187984932035,0.43,1009885.0,619624.0,424833.0,0.29,,0.005871865477456106,0.43195661943712715
2020,1519,華城,1807975.0,0.17976797245537135,0.07807353530884,0.06969122913757105,0.48,2610585.0,645002.0,2381169.0,0.66,,0.3170364634466738,0.6356682291297961
2020,2455,全新,593745.0,0.44198435355245097,0.26765193812158417,0.22389072750086317,0.72,1849059.0,776811.0,644390.0,0.61,,0.08529756040050862,0.7802506350218203
2020,2812,台中銀,,,,,0.23,39016943.0,11513858.0,3046638.0,0.28,,,
2020,5203,訊連,414887.0,0.8878417496812385,0.14526606039716838,0.11898661563269035,0.59,849230.0,2153963.0,432105.0,0.62,,0.041500456750874326,0.6054274053903379
2020,1524,耿鼎,324277.0,0.09734887148949818,-0.05414198355109983,-0.03675252947325897,-0.06,1796852.0,488566.0,530295.0,0.06,,0.6353148696947364,-0.10846570901232748
2020,4555,氣立,458779.0,0.346537221625227,0.13091270524588092,0.10646084498200659,0.71,668800.0,1422438.0,427961.0,0.69,,-0.06717395521591008,0.6812363887461801
2020,2905,三商,,,,,0.66,9093510.0,11987449.0,49564664.0,-0.43,,,
2020,1530,亞崴,864575.0,0.17929502934968047,0.048503600034699126,0.015983575745308388,0.14,965942.0,1997672.0,786032.0,0.22,,-0.09084579128473524,0.1300658011582087
2020,1760,寶齡富錦,328716.0,0.5153688898623736,0.03454045437398849,-0.023062461212718578,-0.1,767391.0,84068.0,398138.0,-0.04,,0.211191423599703,-0.11965272178471403
2020,1522,堤維西,2971339.0,0.19649020189214358,-0.008230632721476748,-0.004679371825294926,-0.02,3128979.0,2014472.0,3810611.0,0.28,,0.28245582210579134,-0.05698748937132184
2020,9928,中視,191820.0,0.10194453133145658,-0.10851840266916901,-0.014560525492649358,-0.02,1507246.0,-1074682.0,199389.0,-0.04,,0.039458867688457966,-0.019261677373526704
2020,6282,康舒,5064685.0,0.184602003875858,0.03178480004185848,0.2161034694161631,2.06,5166213.0,4337452.0,5608405.0,0.67,,0.10735514647011613,2.3460042750675516
2020,2906,高林,1639346.0,0.2548778598294686,0.03237998567721518,0.0212712874524353,-0.04,2091111.0,824413.0,1727505.0,0.07,,0.05377693299645103,0.17572599173606396
2020,1709,和益,2034746.0,0.1738973808033042,0.0839343092454783,0.06118699827890066,0.27,4770163.0,1756888.0,2119929.0,0.38,,0.04186419336860725,0.27192381491867595
2020,1213,大飲,86367.0,-0.05100327671448586,-0.2555837298968356,0.10307177509928561,0.15,566226.0,-28339.0,160047.0,-0.11,,0.853103615964431,0.29133823578068413
2020,6409,旭隼,3856740.0,0.3273995654360937,0.23493805649330782,0.20510975590783925,9.58,874386.0,2806580.0,3629812.0,5.63,,-0.05883933062638391,8.514658895629
2020,1710,東聯,4890516.0,0.07907979444295858,0.028270636472715764,-0.023349069914094956,-0.17,8857031.0,4092853.0,4246074.0,-0.2,,-0.13177382509330304,-0.11193579280282617
2020,2897,王道銀行,,,,,0.09,27130063.0,5515598.0,2132818.0,0.18,,,
2020,4540,全球傳動,698945.0,0.19361323137013642,0.07048623282232508,0.03348475201911452,0.24,966780.0,448474.0,716136.0,0.44,,0.02459564057257735,0.24803612375060094
2020,2539,櫻花建,734213.0,0.41885256730676246,0.25407340921503707,0.18722359860149576,0.29,5562173.0,1422300.0,718427.0,0.05,,-0.02150057272208472,0.24182363308814162
2020,2509,全坤建,104412.0,0.549093973872735,0.15443627169290886,-0.10766003907596829,-0.06,2245505.0,1637085.0,215766.0,0.13,,1.0664866107343984,-0.10344833786282094
2020,1538,正峰,75148.0,0.155346782349497,-0.2361074147016554,-0.10124021930058019,-0.13,561358.0,-274336.0,67199.0,0.54,,-0.10577793154841109,-0.12119256333355342
2020,1471,首利,290238.0,-0.011335524638400209,-0.15827700025496316,-0.12154852224725915,-0.23,1504145.0,-1031770.0,431387.0,2.75,,0.48632157057311587,-0.34859971855558064
2020,2023,燁輝,12710651.0,0.06316340524179288,0.003662361589504739,-0.045850995358144915,-0.28,19133275.0,1960663.0,13769630.0,0.6,,0.08331430073880552,-0.32997552233654354
2020,2547,日勝生,1363395.0,0.38798734042592203,-0.020171703724892638,0.05962248651344621,0.08,9123076.0,829941.0,2152436.0,0.24,,0.5787325023195773,0.14066920672485478
2020,2838,聯邦銀,,,,,0.16,32938239.0,10881665.0,3793781.0,0.35,,,
2020,2460,建通,860115.0,0.14734425047813374,0.052195345971178274,0.025001307964632638,0.13,1692000.0,364500.0,1006560.0,0.07,,0.1702621161123803,0.1487311852534316
2020,9902,台火,108878.0,0.040797957346755086,-0.021170484395378313,0.15640441595179927,0.18,980496.0,191468.0,65409.0,0.02,,-0.3992450265434707,0.1043375642837017
2020,8422,可寧衛*,647082.0,0.6537115852395833,0.4688169351025063,0.38376434516800034,2.29,1088880.0,2277066.0,711597.0,3.01,,0.0997014288760929,2.507949055254147
2020,6426,統新,191481.0,0.5513392973715407,0.29414928896339587,0.22639844162083966,1.12,385090.0,260292.0,199190.0,1.2,,0.040259869125396364,1.1710588586162989
2020,3588,通嘉,356555.0,0.31268387766263267,0.04784675575998093,0.03089284963049179,0.23,468822.0,430952.0,388822.0,0.41,,0.0904965573333707,0.25621279673366604
2020,6153,嘉聯益,4089836.0,0.15519033037021535,0.0739956320986954,0.06027870066183583,0.46,5561777.0,3618348.0,4715563.0,0.88,,0.15299562134031786,0.5110740875245962
2020,1454,台富,239682.0,-0.04512645922513998,-0.18536644387146303,-0.1042255989185671,-0.2,1298338.0,67103.0,245541.0,-0.14,,0.024444889478559162,-0.1971109047417844
2020,8940,新天地,72144.0,-0.017395764027500555,-1.3041694388999778,-1.3897760035484585,-1.42,674910.0,-155361.0,191247.0,-0.74,,1.650906520292748,-3.938161997164541
2020,3189,景碩,6786185.0,0.22354695605852185,0.06265906396598384,0.04936190215857658,0.52,4509152.0,14492677.0,6871934.0,0.13,,0.012635818210084082,0.7522738948436332
2020,1325,恆大,1240389.0,0.6879591805473928,0.6393171819485661,0.5076375233898398,7.21,852812.0,1591912.0,1324440.0,8.04,,0.06776180698151957,7.883747431772061
2020,2436,偉詮電,667101.0,0.2605782332810174,0.07362903068650774,0.23196187683724054,0.87,1780100.0,1068236.0,720422.0,0.85,,0.07992942597897468,0.9387699524455845
2020,3092,鴻碩,783230.0,0.2562312475262694,0.10293911111678562,0.0781635024194681,0.82,805278.0,591591.0,645431.0,0.23,,-0.17593682570892333,0.6264811348391451
2020,2434,統懋,32972.0,0.440585951716608,-0.21679000363945167,-0.4061931335678758,-0.19,706021.0,-592510.0,32405.0,-2.26,,-0.017196409074366148,-0.1864348014190373
2020,6278,台表科,9590528.0,0.13420157889117262,0.07222219673411098,0.053790156287537035,1.77,2923984.0,8167596.0,11479029.0,2.65,,0.19691314179990926,2.1117036342851736
2020,6283,淳安,367855.0,0.15552051759524813,0.023011784534667193,0.03034347772899648,-0.01,1480196.0,62512.0,508349.0,-0.08,,0.3819276617145342,0.10420968952799244
2020,8374,羅昇,722527.0,0.16125210545765073,0.047349095604731724,0.03097462101762287,0.2,1122255.0,514818.0,647017.0,0.24,,-0.10450820522970072,0.17857890022284859
2020,5534,長虹,969838.0,0.3546014901457769,0.27932293847013623,0.240711335295173,0.81,2903260.0,12571679.0,1012035.0,1.03,,0.043509328362056454,0.8390853599589785
2020,3048,益登,23141810.0,0.027664301106957494,0.012201379235245644,0.005465648538294974,0.56,2225726.0,1139941.0,30224135.0,1.03,,0.3060402362650112,0.7422050121352761
2020,2505,國揚,10027672.0,0.48993405448443067,0.4696540732485067,0.45656489362635716,6.57,6965825.0,4946195.0,555708.0,0.31,,-0.9445825511644178,0.36423074640450437
2020,8443,阿瘦,312712.0,0.4637142162756786,-0.24154173808488322,-0.09397784542966052,-0.44,668000.0,371657.0,340444.0,-0.71,,0.08868223796976138,-0.47895499415352316
2020,2338,光罩,1098675.0,0.15252372175575124,0.06102441577354541,0.06715634741848135,0.69,2527136.0,639982.0,1151449.0,1.32,,0.04803422304139082,0.3059871296149591
2020,2727,王品,3484064.0,0.4525803773983486,0.0456567387969911,0.02017787273712538,0.86,769879.0,671761.0,4455060.0,3.64,,0.27869637297133454,1.1676332737515611
2020,6206,飛捷,949917.0,0.35184442430233376,0.15485563475545758,0.11292776105701867,0.77,1430623.0,2090951.0,1199993.0,1.17,,0.2632608954256004,0.9472273462267489
2020,1315,達新,481209.0,0.15739938363580067,-0.02222942629917562,10.862197091076851,27.38,1980000.0,8708999.0,626735.0,2.15,,0.3024174527076593,34.382419666040654
2020,3057,喬鼎,207536.0,0.3093198288489708,-0.25255377380309924,0.29253237992444686,0.31,1614092.0,-769549.0,234080.0,-0.35,,0.12790070156502975,0.4242383921902501
2020,3532,台勝科,3093545.0,0.20786702634033125,0.15667106830513214,0.11033458378656202,0.88,3878483.0,10129492.0,2956559.0,0.7,,-0.04428123722137545,0.8410780882768187
2020,2417,圓剛,1109470.0,0.5256825331013908,0.17803726103454803,0.16990274635636834,0.81,1928923.0,521507.0,3059234.0,4.0,,1.7573832550677349,2.6946241936395503
2020,2702,華園,99683.0,0.44040608729673064,-0.9102555099665941,-0.8127865333105946,-0.73,1104856.0,154745.0,196062.0,-0.4,,0.9668549301285074,-1.4423287133702654
2020,1616,億泰,693450.0,0.0742187612661331,0.018389213353522244,0.022199149181628092,0.09,1941485.0,-263480.0,647268.0,0.04,,-0.06659744754488428,0.0740093222069398
2020,2453,凌群,1310168.0,0.23868465723479737,0.012183170402574326,0.028276526369137394,0.38,1000000.0,776518.0,1474033.0,0.34,,0.1250717465241098,0.416805329934787
2020,6133,金橋,282816.0,0.21131406992532248,0.0294254921928038,0.06478417062683865,0.16,1170064.0,131756.0,280519.0,0.15,,-0.008121888436297797,0.1553179207297221
2020,2406,國碩,1980294.0,0.1164539204784744,-0.02054795904042531,-0.06667141343659073,-0.17,2859057.0,-457650.0,2873350.0,0.69,,0.4509714214152041,-0.6700471721900891
2020,1521,大億,890493.0,0.09203890429234143,-0.03770046479871262,0.019612731374643033,0.23,762300.0,896611.0,993543.0,0.22,,0.11572241443784503,0.2556223529864484
2020,2317,鴻海,1128336907.0,0.05905232611521764,0.019913084346181012,0.022509470214466715,1.65,138629906.0,971866145.0,1290234008.0,2.23,,0.1434829437871077,2.0949652791922118
2020,3296,勝德,686851.0,0.18642034444151642,0.04848213076780845,0.07047671183415326,0.49,982244.0,385754.0,744842.0,0.07,,0.08443024760828766,0.5344294798031282
2020,8112,至上,29529886.0,0.026685202916123685,0.016002262927801346,0.013219319573397607,0.88,3784965.0,2500946.0,35365218.0,1.2,,0.19760767108955313,1.2351610081595825
2020,2891,中信金,,,,,0.31,199969796.0,121975223.0,49713146.0,0.87,,,
2020,2388,威盛,1508775.0,0.3402820168679889,-0.06420175307782804,-0.05149740683667214,-0.22,4933034.0,-1265885.0,1722615.0,-0.08,,0.14173087438484866,-0.17982889531666307
2020,3005,神基,7399662.0,0.30795595798835135,0.1586146772649886,0.12411107426258118,1.51,5843962.0,6330430.0,7086833.0,1.12,,-0.0422761201795433,1.5050653251159247
2020,2399,映泰,404286.0,0.11407765789564812,-0.043634951494733926,0.1175999168905181,0.26,1781000.0,154238.0,686935.0,0.49,,0.6991313080344113,0.45358505844574987
2020,5283,禾聯碩,1687946.0,0.39078619813667026,0.1920221381489692,0.16412551112417104,3.74,760004.0,2301372.0,1941184.0,4.88,,0.15002731130024305,4.192054465319431
2020,2034,允強,2898845.0,0.09589198456626691,0.043681535232135554,0.04745993662993365,0.34,4071307.0,1691783.0,3092833.0,0.46,,0.06691906604182019,0.3605369435097072
2020,1528,恩德,740872.0,0.23409036918658013,-0.061914878683497286,-0.0713173125722122,-0.28,1993310.0,-69937.0,821030.0,0.01,,0.10819412800051831,-0.29375086234034536
2020,3622,洋華,237874.0,0.2077864751927491,0.03566173688591439,0.10532887158747908,0.14,1513276.0,121093.0,272118.0,0.94,,0.14395856629980575,0.18940287084868612
2020,8201,無敵,237292.0,0.129448106130843,-0.10770696020093387,-0.10761846164219611,-0.41,623663.0,-24658.0,213516.0,-0.18,,-0.10019722535947273,-0.36844038296315706
2020,8473,山林水,1164632.0,0.1839353546871458,0.13589614573530523,0.08456576841440043,0.56,1348123.0,602058.0,1015161.0,0.19,,-0.12834182814829065,0.6367955300023156
2020,1582,信錦,2679991.0,0.28448976134621345,0.18919765029061664,0.13805979199183877,2.95,1237242.0,2236497.0,2588728.0,2.11,,-0.034053472567631804,2.888676986421806
2020,1234,黑松,2123710.0,0.29488630745252414,0.04492656718666861,0.08072524026350114,0.43,4018711.0,13218257.0,2796031.0,1.09,,0.31657853473402686,0.5616484346826566
2020,5388,中磊,9253667.0,0.14833200719239195,0.030996684881787945,0.02617157068651811,0.97,2490548.0,3335128.0,9464488.0,1.12,,0.022782427766203428,0.994562307988854
2020,2385,群光,25096120.0,0.20059288049308022,0.09184479513167773,0.1107305432074759,3.41,7394603.0,15521739.0,26421201.0,2.55,,0.05280023366161779,3.9564449084337663
2020,2534,宏盛,322066.0,0.5258238994491812,0.15057783187297014,-0.08089025230853303,-0.05,5927850.0,5535706.0,659422.0,0.24,,1.0474747412021137,-0.08998340369239685
2020,1309,台達化,3566900.0,0.1662079116319493,0.12253665648041717,0.09141747736129412,0.94,3442310.0,1268275.0,4142509.0,1.91,,0.16137514368218908,1.1001267251539144
2020,3704,合勤控,4903109.0,0.24466088761232924,0.04296294453172467,0.033547286017912306,0.38,4411773.0,-338766.0,6021051.0,0.88,,0.22800676060842218,0.45784295797956265
2020,1108,幸福,1121976.0,0.18750222821165516,0.13229962138227555,0.12015497657703908,0.33,4047380.0,437175.0,1131650.0,0.25,,0.008622287820773344,0.3359540721242045
2020,1459,聯發,246992.0,-0.2888069249206452,-0.40650709334715296,0.3923811297531904,0.31,3586289.0,-370736.0,372624.0,-0.15,,0.5086480533782471,0.4076933735489605
2020,2597,潤弘,2946040.0,0.11434603739256766,0.04970129394034025,0.04204287789710934,0.77,1350000.0,917832.0,3713095.0,2.36,,0.26036815521853063,1.1563644422619794
2020,3481,群創,66883202.0,0.027749598471676042,-0.05025209468888765,-0.07142033959438725,-0.49,97110720.0,32348737.0,74568417.0,0.16,,0.11490501008010945,-0.5484154236685589
2020,1218,泰山,1963187.0,0.20093857589725278,0.032716190561571566,0.11586771917295703,0.47,4999990.0,852293.0,2504930.0,0.7,,0.2759507881826846,0.5804822125402557
2020,2323,中環,1923270.0,0.15840521611630193,-0.10980517556037374,0.5983304476230586,0.97,11588812.0,-140756.0,2356695.0,-0.3,,0.2253583740192484,1.2167617994502147
2020,1722,台肥,2422463.0,0.2646199343395544,0.14975460925512588,0.164315409564563,0.41,9800000.0,36761074.0,2567625.0,0.51,,0.05992330945818369,0.4305105647787868
2020,1446,宏和,111958.0,0.2651083442005038,-0.319173261401597,-0.3599206845424177,-0.29,1377095.0,57032.0,154037.0,0.15,,0.3758462995051717,-0.40259461028367977
2020,4119,旭富,727922.0,0.5240575226466572,0.4055379559897901,0.33199985712754937,3.04,794853.0,1298181.0,678834.0,2.38,,-0.06743579669250277,2.8354021562895637
2020,4108,懷特,22965.0,0.589723492270847,-1.888569562377531,-0.11534944480731547,0.02,1636164.0,-246708.0,23614.0,-0.17,,0.02826039625517085,-0.01664785308612063
2020,3052,夆典,1860046.0,0.13080375431575347,0.093096622341598,0.09203105729643245,0.84,2287135.0,663124.0,1664427.0,0.69,,-0.10516890442494431,0.669741736288978
2020,4104,佳醫,1585989.0,0.19612431107655853,0.08384421329530028,0.11017541735787575,1.04,1411490.0,2724418.0,1685829.0,1.03,,0.06295125628235754,1.3158925225755076
2020,3027,盛達,210638.0,0.37960387014688707,0.07848536351465547,0.04503935662131239,0.08,988563.0,253072.0,243405.0,0.29,,0.15556072503536877,0.11089636774197034
2020,3043,科風,290792.0,0.17374618283859253,-0.0037174337670912543,-0.0529553770392583,-0.08,1948781.0,-2845399.0,276674.0,0.03,,-0.04855016644199295,-0.07518226002285404
2020,1231,聯華食,2005698.0,0.2010586838098258,0.06754655985098454,0.07035954565443053,0.74,1833252.0,1685313.0,2381900.0,1.08,,0.18756662269195057,0.914164565451384
2020,6166,凌華,2152652.0,0.3978478639371343,0.030775527117248864,0.012439539693364279,0.13,2174973.0,1281456.0,2291136.0,0.26,,0.0643318102507977,0.1310392230841296
2020,8481,政伸,256073.0,0.44602906202528186,0.1596575976381735,0.13429373655168644,0.52,666019.0,416787.0,415924.0,9.19,,0.6242399628231012,0.8386545741416331
2020,6142,友勁,693417.0,0.02862635326217846,-0.19140863290054902,-0.123452410310102,-0.32,2682357.0,-801203.0,1140574.0,-0.31,,0.6448601635091149,-0.5249361268355938
2020,6443,元晶,1224678.0,0.11393688790032971,0.054228131802808575,0.04702133948678755,0.15,3790167.0,-800679.0,1365633.0,0.35,,0.11509555981245678,0.1694223312781736
2020,4999,鑫禾,786794.0,0.3849775163511669,0.27196826615352937,0.1804792614076874,1.91,744172.0,2149142.0,752431.0,1.16,,-0.04367471027994618,1.8248226369743508
2020,2543,皇昌,1560143.0,0.03273802465543223,0.00821847740880163,0.002271586643019262,0.01,2419837.0,-430919.0,1720860.0,0.05,,0.10301427497351212,0.016154321925427734
2020,1583,程泰,1383418.0,0.21201618021451218,0.052298003929398054,0.07264832465675594,0.85,1104004.0,3032894.0,1356600.0,0.09,,-0.01938531954911671,0.8927025375755443
2020,6117,迎廣,594376.0,0.19670377000417244,-0.0076634991991601275,-0.014677577829522054,-0.06,886500.0,-80894.0,614941.0,-0.15,,0.03459931087392487,-0.10181437549987728
2020,2630,亞航,1128896.0,0.06425746924428823,0.00824699529451783,0.024795020976245818,0.23,1311710.0,126137.0,1098479.0,0.22,,-0.026944023187255528,0.20764353284617432
2020,2351,順德,2048754.0,0.14795285329522237,0.0638641828155064,0.041252390477334026,0.38,1821403.0,3280333.0,2129578.0,0.51,,0.039450319560083935,0.48232150275331737
2020,4306,炎洲,3253115.0,0.1740796129248428,0.06255296846253514,0.10957251741792098,0.64,5700402.0,1049363.0,3553112.0,1.97,,0.09221838145900163,0.6829753875390263
2020,2614,東森,1055319.0,0.30742078935374045,-0.04297373590355144,0.0756425308366475,0.16,5567899.0,587918.0,1277481.0,0.4,,0.2105164410003042,0.17355181179782767
2020,2845,遠東銀,,,,,0.37,34481044.0,11843036.0,2895687.0,0.2,,,
2020,1440,南紡,3562690.0,0.03925376611493001,-0.09630335504913422,-0.03786941889415021,-0.1,16568159.0,7876641.0,3997599.0,0.19,,0.12207320872711347,-0.09137210181398911
2020,2352,佳世達,43672772.0,0.13575339344157042,0.03285539099739307,0.027765491963734294,0.48,19667820.0,12370078.0,51691775.0,1.04,,0.18361561752938416,0.7297441014579457
2020,5533,皇鼎,1416838.0,0.11587986770541163,0.06648325355474656,0.0694751270081689,0.35,2852450.0,4388343.0,612731.0,0.14,,-0.5675363026683361,0.1492385985620864
2020,2314,台揚,1104981.0,0.2160661586036321,-0.017665462121068145,0.016885358209779173,0.08,2280283.0,222421.0,938335.0,-0.25,,-0.15081345290100012,0.06948314132839276
2020,1236,宏亞,249675.0,0.18512866726744767,-0.22331831380795034,-0.21224792229898867,-0.49,1083425.0,352902.0,462744.0,0.22,,0.8533854010213278,-0.9065367012605692
2020,1102,亞泥,20689211.0,0.3227315435083532,0.261529402933732,0.27566150299303344,1.49,33614472.0,103812120.0,20738530.0,1.57,,0.0023838028429405966,1.700700326236305
2020,6226,光鼎,207420.0,0.39500530324944555,0.034832706585671586,-0.0451933275479703,-0.06,1149518.0,137187.0,206703.0,-0.06,,-0.0034567544113393023,-0.08126533368027386
2020,4938,和碩,327842661.0,0.043694786262121026,0.019676032949232314,0.02425222811377803,2.71,26107591.0,58597977.0,335667762.0,2.61,,0.023868464757245134,3.1181318622868543
2020,1731,美吾華,238981.0,0.6373058946108686,0.1454383402864663,0.2824324946334646,0.51,1329152.0,449620.0,291573.0,0.37,,0.2200677041271064,0.6195656310020462
2020,3231,緯創,221107466.0,0.057238424504399144,0.020994288813386337,0.017671836553904516,1.01,28406121.0,22066052.0,217593543.0,0.99,,-0.015892376062959346,1.3536792042394645
2020,2440,太空梭,665692.0,0.12346099998197364,0.07412436982868954,0.2004170096681348,0.96,1391173.0,-208064.0,824496.0,0.48,,0.23855476706945544,1.1877963617992766
2020,6477,安集,610561.0,0.18130702747145658,0.131239958005834,0.1264804008117125,0.82,944566.0,446008.0,952528.0,1.34,,0.5600865433593041,1.2754653801256755
2020,3031,佰鴻,353646.0,0.26365913936535407,0.0684893933481504,0.1309190546478682,0.27,1866742.0,483026.0,372515.0,0.22,,0.053355615502508114,0.2612536260616123
2020,2022,聚亨,2165318.0,0.06642719452754746,0.016867268456642395,-0.03634616254979638,-0.14,4797520.0,-1424944.0,1950693.0,0.07,,-0.09911939031587969,-0.14778511577387893
2020,8011,台通,416571.0,0.15776662321669055,0.02669893007434507,-0.02169858199442592,0.02,1186204.0,288244.0,295678.0,-0.12,,-0.290209832177468,-0.05408676186345577
2020,3706,神達,10583775.0,0.11635300259123045,0.0003540324695111149,0.05292043717860593,0.56,12065568.0,3727779.0,11852050.0,0.65,,0.11983200701073105,0.5198393208365295
2020,2442,新美齊,963079.0,0.13063829654680456,-0.055410822995829,0.034046012840068154,0.15,2672103.0,685135.0,1502507.0,0.26,,0.5601077377868275,0.19143862573520662
2020,1463,強盛新,62053.0,-0.09590189031956553,-0.3669766167630896,-0.07303434161120333,-0.02,1732684.0,275441.0,84297.0,-0.04,,0.35846776142974557,-0.035532017925943835
2020,6668,中揚光,462545.0,0.398026137997384,0.11089948005058967,0.06961701023684182,0.47,683675.0,406893.0,442992.0,0.32,,-0.042272643742770954,0.4510882890092373
2020,9929,秋雨,138005.0,0.20109416325495452,0.021194884243324517,6.451947393210391,5.26,1688000.0,152853.0,165678.0,0.11,,0.200521720227528,6.33261694438573
2020,3034,聯詠,18610288.0,0.3347927232507095,0.17010961893765428,0.13738325812045465,4.21,6085115.0,23245283.0,22001236.0,5.59,,0.18220824954455295,4.967205195558407
2020,8105,凌巨,1780546.0,0.05994846524605374,-0.06702326140408617,-0.08547209676133051,-0.34,4415449.0,858316.0,1784830.0,-0.69,,0.0024060035517194933,-0.34549864003077724
2020,1714,和桐,9258581.0,0.34285243062624826,0.28531488788616743,0.24499024202520883,1.94,10168248.0,3052944.0,5564449.0,-0.14,,-0.3989954832171366,1.3406790503604271
2020,9939,宏全,5313023.0,0.22370014208483568,0.1244752751870263,0.10341080774542101,1.84,2877859.0,6264849.0,5578737.0,2.31,,0.050011829423663334,2.0046211415127244
2020,1474,弘裕,592699.0,0.14087926586682278,0.0022743416135340196,0.031025866417861342,0.16,1298970.0,653522.0,739201.0,0.21,,0.24717774114685542,0.17655797656565989
2020,6108,競國,2171770.0,0.1482831975761706,0.06089871395221409,0.0687034078194284,0.93,1598993.0,1715546.0,2204335.0,-0.39,,0.014994681757276362,0.9471293900325999
2020,2028,威致,1910538.0,0.05273122021127033,0.03794951997814228,0.0397212722280321,0.24,3257148.0,-955777.0,2183947.0,0.61,,0.14310576392618213,0.2663346993093161
2020,1723,中碳,1149670.0,0.19478198091626292,0.12666417319752624,0.14226082267085338,0.71,2369044.0,3231064.0,1161772.0,0.7,,0.01052649890838242,0.6976427642372311
2020,2313,華通,13421132.0,0.18931979806174323,0.10867943180947777,0.07455108853709211,0.84,11918206.0,13740513.0,16877291.0,1.21,,0.2575162065316099,1.0557129282773494
2020,1611,中電,507553.0,0.27394577512102186,0.050926701250903844,0.05077302271880966,0.07,3585953.0,944197.0,518627.0,0.07,,0.0218184110821924,0.07343169431832514
2020,2017,官田鋼,707434.0,0.044597799936107116,-0.08632466067505944,-0.023582411928179874,-0.05,3418675.0,-150472.0,1047214.0,0.03,,0.480299222259603,-0.07223802182119377
2020,1434,福懋,6443074.0,0.10338465769600039,0.007910199386193608,0.19909626988608234,0.76,16846646.0,18517338.0,6599708.0,0.09,,0.024310445604070363,0.7799637062103262
2020,8926,台汽電,2295244.0,0.07250601678950037,0.044940320070545874,0.11300410762428743,0.44,5890486.0,5227023.0,2075601.0,0.4,,-0.09569483680166468,0.39818690476317004
2020,1516,川飛,172445.0,0.06796369857055873,0.049905767056162835,0.04993476180811273,0.26,343948.0,37126.0,194808.0,0.18,,0.12968192757110963,0.2828244699290249
2020,2816,旺旺保,2143018.0,,0.1636514485645944,0.16666448905235515,1.68,2236080.0,3160242.0,2139945.0,1.4,,-0.0014339590241425615,1.594991413657571
2020,1732,毛寶,165248.0,0.45025053253292024,0.08103577652982184,0.0668328814872192,0.26,424439.0,57335.0,149835.0,0.02,,-0.09327193067389616,0.23593272054729866
2020,1103,嘉泥,496985.0,-0.006237612805215449,-0.31904383432095534,0.32686499592543033,0.22,7747805.0,9818781.0,489206.0,0.93,,-0.015652383874764864,0.2063866052342516
2020,1310,台苯,1875476.0,0.05526223742665862,0.02776575120129503,0.07689887793818742,0.27,5278698.0,1452692.0,1978653.0,0.03,,0.05501376717164064,0.2882456915114832
2020,2419,仲琦,2543204.0,0.21360339162725445,0.053621337493964305,0.0595949046950225,0.35,3289862.0,419831.0,3009032.0,0.29,,0.1831658018782607,0.5450774994947294
2020,2363,矽統,47958.0,0.45877642937570373,-1.7111430835314234,-1.786146211268193,-0.15,6309675.0,4040249.0,38243.0,0.15,,-0.202573084782518,-0.1082584912178987
2020,3047,訊舟,1619878.0,0.2813779803170362,0.08395385331487927,0.05427816168871977,0.27,1864916.0,36604.0,1890222.0,0.46,,0.16689158072398036,0.5501468985389972
2020,2484,希華,631972.0,0.2204923635857285,0.09819264144614002,0.07951776344521592,0.31,1594210.0,460815.0,725471.0,0.37,,0.14794801035488914,0.361858421188954
2020,3545,敦泰,2767596.0,0.22155762618532474,0.03882683744303721,0.036524116959267175,0.38,2999949.0,172824.0,3815809.0,1.02,,0.3787449468780848,0.4645714117480807
2020,1414,東和,119702.0,0.14774189236604235,0.014753304038361932,0.15962139312626356,0.09,2200000.0,940482.0,159771.0,0.22,,0.334739603348315,0.11592213455080116
2020,2426,鼎元,642145.0,0.13453659220269565,-0.007644690840853701,0.827898683319188,1.78,3006223.0,754486.0,648851.0,-0.13,,0.010443124216493072,1.786902996119511
2020,2312,金寶,27728665.0,0.06607173479141532,0.0049846251162830955,0.008447720075957498,0.19,14665042.0,2259958.0,35988058.0,0.11,,0.29786479082206085,0.20730730949241255
2020,3308,聯德,93934.0,0.15537505056741968,-0.07589371260672387,-0.002895650137330466,-0.01,985696.0,-218175.0,102879.0,-0.25,,0.09522643558243016,-0.0030222461131872405
2020,2497,怡利電,261735.0,0.15955833190058646,-0.2469520698416337,-0.23914264427760903,-0.52,1187985.0,-32417.0,412868.0,-0.02,,0.5774275507669973,-0.8311076760868856
2020,1227,佳格,7952636.0,0.3100618461601914,0.15639556494224052,0.12393123487608386,1.08,9150897.0,7176872.0,9600461.0,1.04,,0.2072048815009262,1.300197114129558
2020,2642,宅配通,982955.0,0.17487880930459684,0.06434780839407704,0.055866240061854304,0.58,954670.0,420521.0,1016721.0,0.48,,0.034351521687157494,0.5949739644267503
2020,1735,日勝化,433489.0,0.15647225189105143,-0.09944658341964847,-0.1026231346124123,-0.44,993880.0,319006.0,660920.0,0.34,,0.5246522979821864,-0.6824333131568754
2020,9942,茂順,715741.0,0.3334418455838076,0.17411465879417276,0.16290809105528398,1.39,831613.0,1947875.0,736621.0,1.29,,0.029172563818476327,1.4429971746621846
2020,3036,文曄,74724186.0,0.03349657097636367,0.015871594773879505,0.010562764778729071,1.07,7841902.0,8706102.0,91862039.0,1.51,,0.22934813903493034,1.2373491916265167
2020,4956,光鋐,308046.0,0.16990319627588088,0.021428617803834493,0.017698655395622733,0.05,1004082.0,403090.0,357191.0,0.04,,0.15953786122851787,0.06296099740278065
2020,3437,榮創,1459382.0,0.0775204846983175,-0.022884344195008573,-0.029943496630765624,-0.3,1445480.0,120160.0,1481655.0,0.39,,0.015261939642944755,-0.3069287122648327
2020,2395,研華,14018169.0,0.41131512967207057,0.20268167690088484,0.16679952995287758,3.29,7713500.0,16021293.0,13049851.0,2.05,,-0.0690759256790241,2.8219472519026247
2020,2347,聯強,75943536.0,0.04744954198603552,0.023509150271854604,0.024320384555177942,1.07,16679470.0,24930394.0,89988021.0,1.26,,0.1849332509352739,1.3121179966026668
2020,3257,虹冠電,243819.0,0.47032019653923607,0.21700933889483592,0.1777507085173838,0.59,727390.0,433030.0,312658.0,1.02,,0.28233648731230954,0.7640355383443296
2020,6670,復盛應用,2560730.0,0.18718802841377263,0.05551268583567967,0.03143869131068094,0.61,1310300.0,3370501.0,3118832.0,1.01,,0.21794644495905469,0.7483171525442543
2020,5531,鄉林,737012.0,0.20874015619827085,-0.10972005883214928,-0.24190786581493925,-0.14,9824742.0,1889025.0,1003786.0,-0.12,,0.3619669693302143,-0.24715532376821156
2020,3062,建漢,1249557.0,0.0659537740175118,-0.018681020553684227,0.01198424721721378,0.05,3286054.0,1673049.0,1268904.0,-0.02,,0.015483087206105806,0.04627696085003908
2020,2421,建準,3602374.0,0.2568769927830925,0.11927440071463985,0.10291713186915073,1.47,2509297.0,1578445.0,3535557.0,0.93,,-0.018548046371642646,1.450084968020521
2020,2379,瑞昱,17338165.0,0.44753605701641436,0.11353254511074269,0.116951072965334,3.97,5106849.0,18680963.0,22408776.0,4.92,,0.2924537285231741,5.131795353729521
2020,2107,厚生,577263.0,0.26111841569613853,0.18219251883456933,0.2967243700011953,0.5,3423260.0,6773953.0,879032.0,1.09,,0.522758257501347,0.7619351624208816
2020,2472,立隆電,2043410.0,0.2997734179631107,0.18519778213867996,0.1362374658047088,1.62,1292198.0,1846555.0,2066914.0,1.66,,0.011502341673966576,2.1791639160273726
2021,2897,王道銀行,,,,,0.14,30330063.0,5616007.0,2356738.0,0.18,0.18,,
2021,2884,玉山金,,,,,0.4,125866000.0,41494306.0,15221696.0,0.38,0.34,,
2021,2062,橋椿,2387621.0,0.1369036375538664,0.04928964856650197,0.04252936290977504,0.63,1630142.0,2732746.0,2820697.0,0.86,0.11,0.18138389635540975,0.735901819421337
2021,6655,科定,556711.0,0.5646322777886551,0.23740504498743514,0.19376840048068028,1.54,739685.0,1212452.0,592280.0,2.31,1.54,0.0638913188350867,1.55154083477017
2021,6108,競國,2317142.0,0.1745585725864017,0.08801402762541095,0.0474196229665683,0.68,1598993.0,1751783.0,2326169.0,0.32,-0.39,0.0038957474336920317,0.6898470283266983
2021,3305,昇貿,1823254.0,0.1800050898009822,0.12154532500682845,0.07987532181473343,1.2,1280122.0,1823888.0,2159433.0,1.45,0.59,0.18438407374946109,1.3474138075304951
2021,1414,東和,197354.0,0.22008674767169656,0.11871560748705372,0.15980927673115317,0.14,2200000.0,1083236.0,198123.0,0.28,0.22,0.0038965513746871405,0.14391769697184664
2021,8341,日友,828031.0,0.5238173450027838,0.36813597558545513,0.2806658204825665,2.09,1115000.0,1228996.0,820396.0,1.97,2.22,-0.009220669274459525,2.065086246283548
2021,1323,永裕,940270.0,0.2511884884129027,0.12818020355855234,0.10296723281610601,0.91,912745.0,1359830.0,992518.0,0.73,0.65,0.055567017984196054,1.1196646596823419
2021,2613,中櫃,772802.0,0.1784169813225121,0.11862935137331425,0.0647669131291068,0.37,1484235.0,1998980.0,796719.0,0.45,0.25,0.030948418870551553,0.34766078324058414
2021,1527,鑽全,1197599.0,0.21721043521245426,0.13262452623958437,0.08901393538237758,0.77,1385706.0,2997080.0,1180537.0,0.81,0.83,-0.014246838883466006,0.7583444412776295
2021,9917,中保科,3455009.0,0.36260397585071413,0.18793670291452208,0.18148259526965052,1.4,4511971.0,5284052.0,3415836.0,1.39,1.35,-0.011338031246807212,1.373933436840578
2021,4976,佳凌,437187.0,0.12340028408895964,0.04488925791480534,0.03144421037222058,0.12,1188070.0,-12356.0,369828.0,-0.15,0.09,-0.15407365726794253,0.0978810123438652
2021,1453,大將,114.0,-13.37719298245614,-77.2719298245614,-21.035087719298247,-0.03,1006151.0,275509.0,114.0,-0.02,0.29,0.0,-0.023833400751974602
2021,2433,互盛電,973898.0,0.2754128255731093,0.11861817151282783,0.10162665905464432,0.67,1444960.0,1609875.0,955577.0,1.82,1.86,-0.01881203165013179,0.6720746455227816
2021,2505,國揚,2275521.0,0.3122484916641068,0.25307303250552293,0.23375877436420056,1.4,3800000.0,4882341.0,483335.0,-0.07,0.31,-0.7875936983222743,0.29732578212452865
2021,3416,融程電,611139.0,0.34286471653748163,0.17635431546669417,0.1573406377272601,1.33,724760.0,618923.0,683009.0,1.54,1.05,0.11760008770508845,1.4827676973544095
2021,4968,立積,1734916.0,0.3191532039591542,0.166834013865801,0.14505659063608844,3.98,631921.0,1647507.0,1025974.0,-1.97,4.93,-0.40863188765335035,2.3551091120768297
2021,2104,國際中橡,5882664.0,0.18114242118876753,0.07007233457494767,0.05763222240807906,0.31,9847336.0,8188990.0,5667910.0,0.66,0.51,-0.03650624954952386,0.3317183954208279
2021,1736,喬山,6551785.0,0.4719562684062435,-0.00017048788994144344,0.0012248570427753657,0.01,3036166.0,7445286.0,7208774.0,-1.67,1.49,0.10027633690665971,0.029081801204795605
2021,1733,五鼎,484485.0,0.26192761385801416,0.07701786433016503,0.04649885961381673,0.23,999502.0,643536.0,509469.0,0.64,0.23,0.05156816000495379,0.2370153087096534
2021,2702,華園,165900.0,0.7443037974683544,-0.13993369499698613,-0.3213381555153707,-0.49,1104856.0,-122452.0,252690.0,-0.33,-0.4,0.5231464737793852,-0.7349277961759634
2021,2905,三商,,,,,0.79,9093510.0,12789553.0,37454711.0,-0.25,-0.43,,
2021,2338,光罩,1492111.0,0.19863200525966232,0.020696851641734428,-0.071694398070921,-0.1,2527136.0,1674730.0,1610409.0,2.87,1.32,0.07928230540489278,-0.45687016410273845
2021,3094,聯傑,73558.0,0.6857445825063215,0.18420837978194077,0.18800130509258,0.17,846321.0,141966.0,77022.0,0.25,0.07,0.047092090595176606,0.17109626868340377
2021,2836,高雄銀,,,,,0.21,12034444.0,3178669.0,983450.0,0.19,0.17,,
2021,2832,台產,1886535.0,,-0.16496592960109407,-0.12911448767184283,-0.67,3622004.0,5171411.0,1999886.0,0.43,0.61,0.0600842284929779,-0.7129043929606126
2021,2377,微星,46322238.0,0.20591414430364957,0.11142188337273341,0.0950092696298482,5.2,8448562.0,30378794.0,52206922.0,5.29,3.09,0.12703798983114756,5.870989085293395
2021,4566,時碩工業,1035124.0,0.19773573021203256,0.043218010595831996,0.0199608935741032,0.28,718238.0,498130.0,1130076.0,1.08,0.37,0.09173007291879998,0.31406479142913973
2021,3024,憶聲,347163.0,0.23168943695036626,-0.0681207386731881,0.48807044529514954,0.62,2771575.0,483416.0,411470.0,0.08,0.16,0.18523575381016988,0.7245928619127939
2021,2753,八方雲集,1452315.0,0.3826580321762152,0.11687684834212964,0.0966498314759539,2.41,600448.0,1313124.0,1503233.0,6.53,,0.03505988714569508,2.4196469322754446
2021,3018,隆銘綠能,534104.0,0.09674520318140287,0.02111948234800713,-0.0049316238036037924,-0.01,731471.0,-225367.0,330367.0,-0.74,-0.42,-0.3814556715546036,-0.02227355235033479
2021,3138,耀登,379437.0,0.3869127154178428,0.1287064782822972,0.13019816201372034,1.04,465957.0,284774.0,353608.0,2.76,,-0.06807190653520878,0.9880549422660809
2021,1526,日馳,484406.0,0.28763062389813504,0.1986474155976598,0.15504968972308353,1.25,600000.0,631814.0,480651.0,1.07,0.83,-0.0077517619517512015,1.2420798069181636
2021,2344,華邦電,25234159.0,0.4221638216672884,0.18317357039717472,0.14977804491126492,0.84,39800002.0,14210663.0,27014730.0,1.12,0.08,0.07056193154683688,1.0166364924317581
2021,6139,亞翔,5924276.0,0.06920018581173464,0.017067739585394065,0.016621946715514268,0.33,2255409.0,3063859.0,5180224.0,0.17,0.48,-0.12559374343801677,0.38177291702936444
2021,6155,鈞寶,207675.0,0.315868544600939,0.1642614662332972,0.030812567713976165,0.07,869204.0,302630.0,203871.0,0.32,0.1,-0.018317081979053795,0.07227059461778863
2021,2607,榮運,1729027.0,0.12886554113961204,0.09544154024199737,0.12987824944318394,0.21,10671411.0,7615380.0,1700930.0,0.3,0.17,-0.016250180014539928,0.2070146214267212
2021,3040,遠見,43096.0,0.6595507703731205,0.35731854464451457,0.9696259513643958,0.66,630000.0,1036136.0,43081.0,0.48,2.5,-0.0003480601447930498,0.6630548509639609
2021,1456,怡華,845201.0,0.36611409593694283,0.28889459430360354,0.2518880124372782,2.27,937200.0,665365.0,724190.0,0.01,-0.13,-0.1431742271956612,1.9463804921783239
2021,2455,全新,896062.0,0.4362666869033616,0.31716890125906466,0.2530829339934067,1.22,1849059.0,1487443.0,947400.0,1.15,0.61,0.05729291053520846,1.296717798974254
2021,1109,信大,1885382.0,0.32557858301394627,0.2650985317564292,0.12519690969787556,0.47,3419579.0,4677020.0,1460377.0,0.31,0.79,-0.22542116133494428,0.5346701666896843
2021,1517,利奇,1219403.0,0.19403675405095772,0.10858264248980853,0.08764780798472695,0.49,2278250.0,1297826.0,1240075.0,0.5,0.32,0.016952557932037315,0.47707606929292334
2021,1720,生達,1149060.0,0.4463108976032583,0.17628670391450402,0.17039406123265974,0.93,1786961.0,2008767.0,1120843.0,0.89,0.64,-0.024556594085600403,1.0687697760286767
2021,5608,四維航,1217494.0,0.43713973128409667,0.39949108578769177,0.38487499733058234,1.78,2792671.0,592260.0,1654936.0,3.01,-0.33,0.3592970478704618,2.2807680839679456
2021,1339,昭輝,464729.0,0.2282534552395052,0.10786716559543304,-0.010242528441306653,-0.05,741389.0,1546953.0,461504.0,0.32,0.52,-0.006939528198154243,-0.0637582678698603
2021,2606,裕民,3371534.0,0.29452943378296054,0.25597902913036025,0.3061813999206296,1.22,8450557.0,15993810.0,4108677.0,2.1,0.88,0.21863727312256076,1.4886598311586947
2021,2364,倫飛,235862.0,0.31027465212709127,0.054879548210394216,0.0375388998651754,0.05,1959324.0,-1701180.0,243204.0,0.8,0.14,0.031128371674962407,0.04659571670030131
2021,1718,中纖,,,,,-0.09,16213672.0,5955168.0,8276096.0,0.06,1.94,,
2021,2536,宏普,53262.0,0.40086741016109045,0.17006496188652323,-0.8770793436220945,-0.14,3328087.0,6402671.0,51176.0,-0.08,0.4,-0.03916488303105403,-0.13486850701079722
2021,3607,谷崧,954016.0,0.006517710394794218,-0.12803873310300876,-0.12234910106329454,-0.91,1216622.0,-522349.0,915461.0,0.12,-0.67,-0.04041336832925235,-0.9206296648301994
2021,2495,普安,311235.0,0.42226292030137996,0.04079554034732598,0.010387649203977702,0.02,2735515.0,1171849.0,277231.0,0.09,0.03,-0.10925506450110045,0.010527371907914751
2021,3653,健策,2169327.0,0.29316880304352455,0.17626987540375424,0.12168520467407634,2.13,1222194.0,1791963.0,2322474.0,3.21,1.58,0.07059654906798274,2.312322953968198
2021,6756,威鋒電子,802820.0,0.5318738945218107,0.3166575321989985,0.2586706858324406,3.08,675000.0,488485.0,893124.0,3.56,,0.11248349567773608,3.4225925572357436
2021,2431,聯昌,385331.0,0.07191739050322969,-0.053963994591662755,-0.06493118902969136,-0.22,1109270.0,352063.0,321434.0,-0.19,0.33,-0.16582366848242158,-0.18815159352159358
2021,2496,卓越,152502.0,0.47347575769498107,0.052340297176430475,0.05686482800225571,0.47,191854.0,278653.0,174359.0,1.23,1.65,0.14332271052182932,0.5167937361558947
2021,1603,華電,463147.0,0.1435397400825224,0.08164794330957557,0.10785344609810708,0.31,1916880.0,5472782.0,677057.0,0.64,1.55,0.4618620006175145,0.38094680238119283
2021,6177,達麗,2641863.0,0.2554833464112257,0.17347379481827785,0.14478570614751787,0.99,3803045.0,1324901.0,3053014.0,0.93,0.0,0.1556291904614282,1.1623127990025313
2021,3617,碩天,2113437.0,0.3757249447227431,0.02892586814747731,0.018116934642480473,0.42,809510.0,2076876.0,2271887.0,0.62,2.9,0.07497266301290262,0.5084511407407077
2021,2731,雄獅,380628.0,0.17757495507424573,-0.6916753365490715,-0.18778439841525058,-0.88,730152.0,-87442.0,245521.0,-2.19,-2.43,-0.3549581218407474,-0.6314440456687201
2021,4440,宜新實業,455608.0,0.26028735228529787,0.21664237678003898,0.18751207178100474,0.99,600480.0,393310.0,503919.0,3.99,,0.10603632947621633,1.5735893901514144
2021,6235,華孚,662700.0,0.2526905085257281,0.041515014335295,0.0465489663497812,0.18,1708997.0,671284.0,658883.0,0.1,0.06,-0.005759770635279882,0.17946387615333956
2021,3311,閎暉,406684.0,0.156263831377679,0.022658870277660295,0.03356906099084302,0.2,680000.0,1360938.0,453099.0,0.2,0.22,0.11413038132800901,0.22367805832191145
2021,1402,遠東新,58493983.0,0.20226764178462595,0.06962902492039225,0.07790572237147879,0.71,53528751.0,149245905.0,58445645.0,0.45,0.6,-0.000826375594905171,0.8506176789351964
2021,1806,冠軍,824089.0,0.2759738329233857,0.07340590640088632,-0.01951852287799012,-0.04,4337821.0,451372.0,899692.0,2.62,0.05,0.09174130464063945,-0.04048267294834132
2021,1702,南僑,4926650.0,0.32315670891985426,0.09951610120467255,0.05587123095815615,1.04,2941330.0,3672277.0,4912841.0,1.03,1.35,-0.0028029188190757948,0.9332052988671752
2021,6446,藥華藥,86762.0,0.19653765473363916,-6.264366888730089,-6.231737396556096,-2.08,2635393.0,-3367884.0,92062.0,-2.7,-2.53,0.06108665083792442,-2.1769284816410583
2021,2373,震旦行,3395111.0,0.4601375330585657,0.1093590165387818,0.10859055860029318,1.49,2362025.0,4681958.0,3375538.0,1.78,2.21,-0.0057650545151543,1.5518529947672715
2021,6226,光鼎,238000.0,0.36828571428571427,0.08799579831932773,0.05480252100840336,0.15,1149518.0,145517.0,267363.0,0.08,-0.06,0.12337394957983183,0.12746356668072834
2021,3437,榮創,992209.0,0.15393329429585903,0.024435376014529196,0.03256874307731537,0.22,1445480.0,344839.0,917774.0,-0.1,0.39,-0.07501947674330711,0.20678768027949215
2021,8422,可寧衛*,593990.0,0.7026885974511355,0.53982221922928,0.44399905722318556,2.43,1088880.0,2472104.0,762532.0,2.58,3.01,0.2837455176013064,3.1092819144672523
2021,6142,友勁,624547.0,-0.03170778180024882,-0.2771865047786636,-0.2698275710234778,-0.51,3307792.0,-704751.0,535140.0,-0.65,-0.31,-0.1431549587140759,-0.4365314577141003
2021,1722,台肥,2610836.0,0.24739470422500687,0.0963304474122465,0.2912178321426547,0.78,9800000.0,39121873.0,3069241.0,0.8,0.51,0.1755778608844063,0.9120588881054629
2021,2014,中鴻,13397363.0,0.15789525147598077,0.13933592752543913,0.17024439809535652,1.59,14355444.0,4857626.0,15635268.0,1.02,0.17,0.16704070793633052,1.854221151027853
2021,8473,山林水,867754.0,0.12964158044791496,0.07885645009991311,0.0009691686814465851,-0.21,1348123.0,674668.0,813831.0,0.35,0.19,-0.06214088324571254,0.0058506495118795234
2021,3704,合勤控,6084387.0,0.2342618903103961,0.05605757819152529,0.060349875837943906,0.83,4485238.0,941555.0,6324503.0,0.98,0.88,0.039464287856771696,0.8509759588826808
2021,1708,東鹼,1147618.0,0.27854042024436704,0.1305111979770272,0.11363275933280935,0.57,2284419.0,3648841.0,1221278.0,0.52,0.24,0.0641851208328903,0.6074944616222101
2021,6589,台康生技,372415.0,0.5069103016795778,-0.43393257521850626,-0.39660056657223797,-0.63,2436287.0,-3308673.0,656611.0,1.54,-0.19,0.7631164158264301,-1.068890055307785
2021,2727,王品,3673251.0,0.39972955836668933,-0.054609118734330976,-0.06403210670874383,-2.78,769879.0,1038082.0,3746613.0,-1.45,3.64,0.019971953999331937,-3.116119850163037
2021,2497,怡利電,530331.0,0.2505491853201114,0.03738797090873436,-0.018267836502109062,-0.09,1187985.0,-30004.0,573032.0,0.07,-0.02,0.08051763898395525,-0.08811605269827953
2021,2020,美亞,1669210.0,0.1533431982794256,0.10611307145296278,0.10404442820256289,0.78,2225261.0,950863.0,1869754.0,0.87,0.75,0.12014306168786426,0.8742232295872474
2021,6625,必應,84822.0,-0.3543066657235151,-0.837813303152484,-0.8440381033222513,-1.6,448734.0,-174150.0,88233.0,-0.92,0.56,0.04021362382400784,-1.6596026592687916
2021,2006,東和鋼鐵,14935680.0,0.15776750707031753,0.12028899922869263,0.10077351684021083,1.37,10898714.0,11799306.0,14207970.0,1.31,0.79,-0.04872292389767319,1.3137211455041489
2021,2450,神腦,6615724.0,0.11845476020462764,0.014448909900110706,0.016342126727173018,0.42,2582527.0,2520732.0,7368425.0,0.61,0.51,0.11377454682208632,0.46627096301285464
2021,2528,皇普,464108.0,0.22607668904651504,0.12448180164961604,0.12393451524214191,0.18,3299974.0,-331620.0,176092.0,0.05,-0.31,-0.6205796926577434,0.06613348062142081
2021,2434,統懋,40624.0,0.2259255612445845,-0.0901191413942497,-0.10400256006301693,-0.14,370000.0,-27617.0,38299.0,-0.33,-2.26,-0.05723217802284364,-0.10765389318522935
2021,2013,中鋼構,3500605.0,0.034016691400486486,0.01314144269347727,0.02510137533369232,0.44,2000000.0,1322669.0,4205969.0,0.63,0.55,0.20149774110475183,0.5278780325543727
2021,2402,毅嘉,1646829.0,0.12597118462208282,0.0335924373447395,0.02993814172570437,0.17,3075366.0,970953.0,1609977.0,0.27,0.24,-0.022377551038996746,0.15672840111103636
2021,2206,三陽工業,10164154.0,0.19011656061094706,0.054298960838255694,0.04830269198990885,0.54,8030776.0,7617129.0,10358612.0,0.54,0.92,0.01913174475711399,0.6230392242032075
2021,1560,中砂,1487769.0,0.30496199342774316,0.15026391865941555,0.09930506684841531,0.98,1415430.0,2208928.0,1539011.0,1.13,0.9,0.03444217482687173,1.0797537867322757
2021,2421,建準,3326557.0,0.18919711882285498,0.019275785744840686,0.02234262031283396,0.3,2509297.0,2127067.0,3481143.0,0.35,0.93,0.046470269410684883,0.3099587506129396
2021,4164,承業醫,442987.0,0.34080006862503864,0.17006593872957898,0.16654213329059317,0.47,1572934.0,1450346.0,478966.0,0.43,1.09,0.08121908769331831,0.5071288395677266
2021,6776,展碁國際,4629035.0,0.05353707630208024,0.011166258194202463,0.019142218626560396,1.03,815814.0,460033.0,6126939.0,1.04,,0.3235888257487791,1.437621882556555
2021,3605,宏致,2774620.0,0.2452321398966345,0.0670437753638336,0.06468921870382251,1.47,1223959.0,3149459.0,2805181.0,1.06,0.96,0.01101448126229898,1.4826065841487137
2021,2313,華通,12356977.0,0.1595950206915494,0.06673873391526099,0.04980489969350918,0.52,11918206.0,16153650.0,17552923.0,1.31,1.21,0.4204868229503058,0.7335177537146867
2021,6202,盛群,1670080.0,0.5116090247173788,0.25104426135274954,0.31024561697643227,2.26,2261682.0,2645315.0,2119607.0,3.17,1.27,0.26916495018202724,2.907565172568755
2021,2520,冠德,9437595.0,0.251587507198603,0.19874205239788315,0.16705325880163324,2.76,5037910.0,10802396.0,4545332.0,0.68,0.83,-0.5183802653112366,1.5071974746181356
2021,1583,程泰,1757370.0,0.2295891018965841,0.09907532278347758,0.1337083255091415,1.78,1104004.0,3441728.0,1712363.0,-0.31,0.09,-0.025610429220938147,2.073880071030631
2021,8249,菱光,1174668.0,0.13791301031440373,0.0907592613402255,-0.010696639390874698,-0.09,1270550.0,1253583.0,1106526.0,1.23,0.72,-0.058009582281972394,-0.09315736963226175
2021,1504,東元,13486642.0,0.2752331529227216,0.11915820112968076,0.11706702083439302,0.68,21387966.0,28233370.0,13052497.0,0.75,0.42,-0.03219074103101427,0.7144283557584916
2021,4562,穎漢,207874.0,0.2594167620770274,-0.09968057573337695,-0.2285134264025323,-0.7,675460.0,-28332.0,237527.0,-0.36,-0.42,0.14264891232188726,-0.8035725081146817
2021,3257,虹冠電,335327.0,0.536386870129754,0.3730090329737838,0.29779290066114567,1.38,727390.0,772876.0,379021.0,1.49,1.02,0.13030265979178535,1.5517090281896655
2021,3035,智原,1687852.0,0.49678289328685216,0.13071643722316886,0.1142849017567891,0.73,2485503.0,2721328.0,2217822.0,1.31,0.25,0.3139908001412446,1.019767706512708
2021,9927,泰銘,2413898.0,0.12957962598253944,0.10348324577094807,0.07404455366382506,0.86,2091482.0,2657818.0,2091251.0,1.08,0.94,-0.13366223427833324,0.7403637559110134
2021,4967,十銓,1955111.0,0.15804626949569614,0.07249255924599678,0.0741804429518324,1.7,913697.0,581746.0,1778491.0,-2.6,-1.09,-0.09033758185596619,1.4439059137312191
2021,1529,樂事綠能,128198.0,0.45623176648621666,0.3727125228162686,0.408953337805582,0.54,959680.0,87576.0,106422.0,0.39,0.41,-0.16986224434078534,0.45350150170833664
2021,2032,新鋼,876012.0,0.11902234215969644,0.08460043926338909,0.07118738099478089,0.47,1305215.0,361832.0,868411.0,0.44,0.24,-0.008676821778697108,0.4736377126914621
2021,3058,立德,1188126.0,0.06597869249557707,-0.0781171357246622,-0.1149381462908816,-0.87,1619374.0,-150444.0,1305144.0,-0.34,-0.14,0.09848955413819738,-0.9263507503681446
2021,5283,禾聯碩,1829641.0,0.37755822043777987,0.15388865903201776,0.15093015515065525,3.78,730004.0,2435379.0,1709849.0,3.18,4.88,-0.06547295343731363,3.535155627286874
2021,3543,州巧,815522.0,0.1319694625037706,0.013921144984439414,0.03493958470770868,0.33,892631.0,680702.0,959688.0,0.27,-4.98,0.17677757313720543,0.37564346486926314
2021,2201,裕隆,17911454.0,0.31274317540050073,0.09262709772193815,0.09468081150754148,0.96,10000000.0,33467606.0,19387034.0,1.14,1.04,0.08238192164633862,1.835580111844298
2021,1726,永記,2174720.0,0.24062454017068863,0.11705966745144203,0.09372976751030018,1.26,1620000.0,7929430.0,2177698.0,1.36,1.39,0.0013693716892289043,1.2599699212817634
2021,1907,永豐餘,22550442.0,0.2547959370375091,0.14028722807295751,0.1201859369319679,1.02,16603715.0,21534667.0,19786406.0,0.78,1.33,-0.12257125603125651,1.4322383536614014
2021,3036,文曄,102096389.0,0.04116722482711901,0.02630945155170963,0.019570574626297507,2.53,9266280.0,15404830.0,119104669.0,2.85,1.51,0.16659041682659326,2.5155151938048097
2021,2028,威致,3225944.0,0.16378957601247882,0.14683670888273323,0.1304362381988032,1.29,3257148.0,242941.0,3528100.0,1.51,0.61,0.09366436615142737,1.4128682270170025
2021,6277,宏正,1220718.0,0.5828160148371696,0.1473837528405414,0.10888427957972276,1.09,1194711.0,3343014.0,1270495.0,1.21,1.37,0.04077682150996376,1.1579112671151421
2021,1538,正峰,71605.0,0.11090007681027861,-0.24728720061448223,-0.18585294323022136,-0.5,264105.0,-59984.0,60700.0,-0.67,0.54,-0.1522938342294532,-0.4271510821103136
2021,6117,迎廣,579592.0,0.1776836119201093,-0.026366823558641252,-0.04162755869646234,-0.23,886500.0,-188209.0,629597.0,0.13,-0.15,0.08627620809120895,-0.2956411288507231
2021,2211,長榮鋼,2601485.0,0.1988452749102916,0.14865624825820636,0.12582082925713584,0.61,4199820.0,9104051.0,3432909.0,1.17,,0.3195959230977692,1.0284523078233947
2021,3712,永崴投控,1710322.0,0.14134648329378913,-0.016330258278850415,0.01727744834013712,0.12,2462421.0,138580.0,2353427.0,0.43,-0.04,0.3760139903480164,0.1651269763163321
2021,2901,欣欣,17767.0,0.7619181628862498,-0.2917768897394045,-0.1960938819159115,-0.05,730433.0,128518.0,18910.0,-0.02,0.06,0.06433275173073683,-0.050766262025810534
2021,2308,台達電,78769884.0,0.3006207930939698,0.11146944179834009,0.10236751142098927,2.93,25975433.0,83212092.0,79646172.0,2.45,3.23,0.011124657743561084,3.138804431806036
2021,9934,成霖,4866317.0,0.26128445804085515,0.019025682050717207,0.01619068383748942,0.22,3581640.0,1984198.0,4885656.0,0.01,0.48,0.003974052656249061,0.22085444554654626
2021,2739,寒舍,414060.0,-0.19479544027435639,-0.756518378978892,-0.627843790754963,-2.33,1115260.0,-433322.0,320169.0,-2.18,-0.27,-0.22675699174032748,-1.8024148507274156
2021,1522,堤維西,4177428.0,0.17690263003934478,0.02541635666730821,-0.00037223861189229356,-0.04,3128979.0,2276573.0,4133516.0,0.02,0.28,-0.01051173114174564,-0.0049174323575664316
2021,1618,合機,753052.0,0.10865916297944896,0.07916186398814425,0.07221148074767746,0.23,2408647.0,1674409.0,467334.0,0.2,0.63,-0.3794133738440373,0.14010720601123824
2021,2498,宏達電,1349180.0,0.29891786121940733,-0.7778754502734995,-0.4191130909144814,-0.67,8189294.0,9661552.0,1340964.0,-0.94,-1.7,-0.006089624809143324,-0.6862808525924782
2021,5515,建國,1435637.0,0.12188248143507029,0.06601529495269347,0.07024129358605274,0.39,2574401.0,1949297.0,1295859.0,0.51,0.37,-0.09736305208071405,0.35356889802765273
2021,1305,華夏,4575908.0,0.2591979559029596,0.18190335120373924,0.12965383045288498,0.87,5810505.0,4164456.0,5545319.0,0.86,0.65,0.2118510686840731,1.2373655120048286
2021,1233,天仁,376516.0,0.5367713457064242,-0.0695322376738306,-0.04061978773810409,-0.17,905919.0,395594.0,430259.0,0.22,0.27,0.14273762602386086,-0.1929204404853958
2021,1308,亞聚,2335675.0,0.358647500187312,0.3324880387896432,0.3951114774101705,1.59,5821018.0,6731737.0,2462935.0,1.1,0.33,0.054485320089481704,1.6717589373804
2021,6533,晶心科,207370.0,0.9989873173554517,0.33312436707334714,0.2898731735545161,1.41,426509.0,97701.0,192227.0,0.99,-0.69,-0.07302406326855382,1.3064542725444004
2021,1455,集盛,2743880.0,0.14896241818155312,0.09598852719506684,0.19768320772045425,1.02,5316884.0,1592504.0,2990195.0,-0.16,0.05,0.08976886744318269,1.11176271536047
2021,2368,金像電,6377010.0,0.24915861822390117,0.16546422226090285,0.1137733828236117,1.34,5464879.0,3476042.0,7068243.0,1.46,1.06,0.1083945297247455,1.4715383757432023
2021,2380,虹光,901825.0,0.24533584675519085,0.041029024478141544,0.039206054389709755,0.2,1794441.0,-796108.0,646820.0,-0.29,-0.46,-0.2827655032850054,0.14132122538635744
2021,2405,輔信,438640.0,0.40091190953857375,0.034816706182746675,0.007625843516323181,0.0,3434273.0,18916.0,487715.0,0.05,0.02,0.11187990151376992,0.010829768834811793
2021,1709,和益,2464805.0,0.24632861423114608,0.1442856534289731,0.1136775525852958,0.59,4770163.0,2616731.0,2218732.0,0.59,0.38,-0.09983467251973277,0.5287450839786366
2021,1301,台塑,71652909.0,0.3087401796904017,0.25702116295096966,0.28234305183617875,3.18,63657408.0,210145634.0,66936398.0,3.03,1.63,-0.06582441754039603,2.9688652874840726
2021,2417,圓剛,1282959.0,0.48529064451786846,0.12792146904148924,0.10450139092519714,0.22,1928923.0,1716996.0,1137666.0,-0.29,4.0,-0.11324835789764132,0.6163422770546327
2021,1307,三芳,1994103.0,0.21616586505310909,0.06786810911973955,0.027483033724937978,0.14,3978181.0,4326706.0,1685372.0,-0.41,0.25,-0.1548219926453147,0.11643295142947536
2021,2374,佳能,700088.0,0.1865993989327056,-0.33028562123618743,1.1425349384648786,2.8,2823628.0,2894139.0,1054847.0,0.09,-0.33,0.5067348676166425,4.2682660472089875
2021,3014,聯陽,1830625.0,0.5417832707408672,0.3040797541823148,0.25399685899624447,2.88,1610801.0,2374242.0,2120562.0,3.46,2.06,0.158381427108228,3.3437779546126065
2021,2460,建通,1267006.0,0.23946690070923105,0.15453675831053681,0.07098545705387346,0.55,1692000.0,549055.0,1048840.0,0.39,0.07,-0.17219018694465538,0.4400259265743774
2021,6024,群益期,652498.0,,0.1917002044450711,0.19425040383265543,0.6,2104376.0,2398307.0,607054.0,0.51,0.82,-0.06964619048640763,0.5603584371244911
2021,8464,億豐,7424593.0,0.5391825518247263,0.2636225312283111,0.17462142369285427,4.18,2930202.0,8354893.0,7509224.0,4.7,5.04,0.011398739297898253,4.475020444694768
2021,2484,希華,824177.0,0.27347402317706027,0.15411010013625714,0.1114093210560353,0.58,1594210.0,700345.0,890700.0,0.78,0.37,0.08071445818070644,0.6224542705453525
2021,2404,漢唐,5990549.0,0.15231892769761168,0.11630803787766364,0.09400357129204685,2.92,1905867.0,4945632.0,6273638.0,3.5,6.76,0.0472559359751501,3.094362707332118
2021,2390,云辰,163468.0,0.16233146548559962,-0.045672547532238726,-0.5889348373993687,-0.45,2140216.0,1069296.0,140863.0,0.52,-0.38,-0.13828394548168443,-0.3876203523410126
2021,2330,台積電,372145122.0,0.5003338939372152,0.3914258078062353,0.36136901453191694,5.18,259303805.0,1726322203.0,414670379.0,6.02,5.3,0.11427062854259318,5.778898085001356
2021,1808,潤隆,2139083.0,0.2642375260801007,0.19750379017550979,0.14017268147145295,0.81,3699966.0,1738144.0,1900094.0,0.68,0.37,-0.11172497747866728,0.7198478878665883
2021,1436,華友聯,1421457.0,0.3363949806431007,0.2568477273670607,0.2425933390879921,3.61,956340.0,1855406.0,582644.0,0.91,1.8,-0.5901078963345356,1.4779843304638944
2021,2369,菱生,1994342.0,0.2044659341276471,0.12356255847793407,0.10145802475202348,0.51,3801023.0,322840.0,2061101.0,0.79,-0.01,0.033474198507577935,0.5501551457973823
2021,2615,萬海,48016871.0,0.5139825958255381,0.4755712424493466,0.39557740028499566,8.57,24401273.0,52937912.0,70727330.0,13.18,0.81,0.472968323987625,11.465849888445977
2021,1440,南紡,5310445.0,0.19267970951586919,0.09451223014267165,0.19244187633993007,0.61,16568159.0,10482606.0,4369784.0,0.27,0.19,-0.17713411964534043,0.5075575579400252
2021,3596,智易,9548362.0,0.1309931483536129,0.0495569816058503,0.03986118247297285,1.85,2084245.0,5795938.0,9481288.0,2.35,2.8,-0.007024660355357315,1.8132961866134156
2021,4536,拓凱,1822619.0,0.29610576867683264,0.14609526181829555,0.10392407848266698,1.99,908200.0,3758446.0,2349016.0,1.81,2.39,0.28881351505717867,2.6879467423589567
2021,6216,居易,214328.0,0.5016516740696503,0.19830820051509834,0.16281587100145573,0.4,870856.0,508006.0,236999.0,0.4,0.35,0.10577712664700822,0.443095053734188
2021,1735,日勝化,870429.0,0.13918539019265214,0.031175431884737297,0.012740843882729091,0.11,993880.0,367804.0,777662.0,-0.03,0.34,-0.10657618254906487,0.09969080910704381
2021,4919,新唐,10614689.0,0.40909620621009246,0.08626771825345048,0.08848050093601423,2.37,4100428.0,2736139.0,10380154.0,1.56,0.41,-0.022095324695805996,2.23986673028516
2021,1445,大宇,291422.0,0.053111981936847595,-0.04626967078669421,0.002254462600627269,0.01,1306660.0,127390.0,324078.0,-0.08,-0.1,0.11205742874594238,0.005591521365053526
2021,2504,國產,5484857.0,0.1721211692483505,0.13372089737252948,0.14470951567196738,0.65,11800000.0,8622071.0,5276633.0,0.65,0.56,-0.03796343277500214,0.6471008523802714
2021,1515,力山,4985046.0,0.12654406799857013,0.07433712748086979,0.047400966811539956,1.29,1814735.0,2002469.0,4256849.0,1.37,1.39,-0.1460762849530376,1.1118910373731539
2021,5533,皇鼎,922412.0,0.3179934779686301,0.24252936865522132,0.21291895595460597,0.69,2852450.0,4702138.0,1010235.0,0.38,0.14,0.09521016638985613,0.7540822151792367
2021,2415,錩新,743384.0,0.34309724180235246,0.2337647837456819,0.14876564467354692,1.11,800000.0,678053.0,413851.0,0.33,0.13,-0.4432877220924851,0.7695851351724008
2021,2009,第一銅,802297.0,0.13533890815994576,0.11545101128385124,0.1003892573448486,0.22,3596222.0,737627.0,844142.0,0.56,0.43,0.052156495661831004,0.2356439298619362
2021,2449,京元電子,7597326.0,0.26813881620980856,0.13967374836883398,0.11386901128107442,0.7,12227451.0,10691334.0,8997022.0,1.25,0.79,0.1842353480685177,0.83785410353644
2021,6005,群益證,3460917.0,,0.39263177938101373,0.3802159947782625,0.58,21709081.0,9868587.0,3339695.0,0.59,0.71,-0.035025977219332316,0.5849190284383707
2021,1220,台榮,789944.0,0.16916009236097748,0.0960042737206688,0.07826250974752641,0.32,1770779.0,696359.0,791339.0,0.16,0.31,0.001765947965931769,0.3497453730877642
2021,5234,達興材料,1091047.0,0.3596077895819337,0.17140783119333997,0.147550930436544,1.56,1027159.0,1642024.0,1180089.0,1.85,1.53,0.08161151627748398,1.695192564616878
2021,3051,力特,915633.0,0.22500062798086132,0.08650518275335205,0.11353020260300797,0.32,3253324.0,-1303259.0,787527.0,0.27,0.04,-0.1399097673412819,0.27482076751451456
2021,6183,關貿,485014.0,0.4129880786946356,0.24569187693551114,0.1985509696627314,0.65,1500000.0,707540.0,506080.0,0.61,0.88,0.04343379778728029,0.6698844981794341
2021,4532,瑞智,6281919.0,0.1196078777838428,0.0359560510092537,0.03141428598490366,0.41,5049151.0,3861016.0,5170693.0,0.37,0.43,-0.1768927615908451,0.3217048344209541
2021,6112,邁達特,2748667.0,0.1278328731708861,0.03854450175303156,0.033064390848363955,0.48,1883573.0,896438.0,3164845.0,0.71,0.73,0.15141084751263056,0.5555594184801461
2021,2376,技嘉,31787258.0,0.2672950274603742,0.11956794134303751,0.10340482969622608,5.17,6356889.0,19886109.0,31305326.0,5.67,2.24,-0.015161169296200372,5.0923052197621175
2021,6281,全國電,5956643.0,0.1708475730373635,0.03861403142676168,0.030476562050134614,1.83,991729.0,1009689.0,5317097.0,1.5,2.02,-0.10736685075805286,1.6339830401963098
2021,1725,元禎,2878608.0,0.044183508140045465,0.023195586199996666,0.018068802699082336,0.28,1818300.0,816478.0,2712265.0,0.77,0.59,-0.05778591597049687,0.26952307733941894
2021,8926,台汽電,1277142.0,0.17081577459671674,0.10033105167632103,0.19225661672703584,0.41,5890486.0,6169607.0,1428665.0,0.25,0.4,0.11864224964804237,0.46629480035489546
2021,9904,寶成,64897672.0,0.2633566424385762,0.04705094814495041,0.08208548682609139,1.25,29467872.0,81292323.0,45633603.0,0.87,1.14,-0.2968375968863721,1.2711662782720057
2021,9911,櫻花,1694029.0,0.36159121242906705,0.14691365968351192,0.12182849290065283,0.94,2211212.0,2586228.0,1665341.0,1.03,1.05,-0.01693477502451257,0.9175329375729965
2021,1467,南緯,1500819.0,0.19314654198807452,0.006024710508062598,-0.024283407925939103,-0.15,2336247.0,414202.0,1635015.0,-0.05,1.92,0.08941517931209564,-0.16994665465607584
2021,2601,益航,1656082.0,0.623604386739304,0.143230830357434,0.02341128035930588,0.06,7903720.0,515471.0,1598657.0,0.1,0.01,-0.03467521535769369,0.04735315424302336
2021,2616,山隆,4592114.0,0.09150556802379035,0.01827611422538726,0.015229151541098501,0.49,1372818.0,1989425.0,4773528.0,1.48,1.27,0.03950555234473718,0.5295442024920772
2021,6164,華興,238934.0,0.26871437300677176,0.01765759582144023,0.0340679853013803,0.08,1000002.0,203807.0,252949.0,0.12,-0.11,0.0586563653561234,0.08617445579107687
2021,3545,敦泰,5772267.0,0.5037459285927003,0.35321443030961663,0.363650884479183,10.46,2163561.0,3964135.0,6272422.0,9.03,1.02,0.0866479322595437,10.542673897924235
2021,3062,建漢,949420.0,0.03482652566830275,-0.06970044869499273,0.011869351814792189,0.03,3286054.0,1680127.0,912422.0,0.17,-0.02,-0.03896905479134627,0.0329570290736437
2021,2539,櫻花建,980.0,1.0,-41.912244897959184,-47.31938775510204,-0.08,5602713.0,1922734.0,1985549.0,0.68,0.05,2025.0704081632653,-167.69547724067803
2021,9908,大台北,754167.0,0.2818540190700468,0.20262355685146657,0.2337426591192667,0.35,5163580.0,4647331.0,674028.0,0.54,0.7,-0.1062616104921058,0.3051160184229567
2021,5388,中磊,10004162.0,0.12937485418568792,0.01945780166294788,0.016626080225410185,0.66,2517748.0,4218206.0,11106638.0,0.73,1.12,0.11020173403829325,0.7334326327439813
2021,2509,全坤建,184750.0,0.34620838971583223,0.13244925575101488,0.06973748308525034,0.06,2245505.0,1914230.0,126452.0,-0.05,0.13,-0.3155507442489851,0.03927154119494757
2021,2543,皇昌,1987579.0,0.035597578762907034,0.01395064045253044,0.008933984510804351,0.06,2419837.0,-390823.0,2179431.0,0.11,0.05,0.09652547144038048,0.080464108931167
2021,1216,統一,117335856.0,0.33882059887985133,0.05863059455585341,0.06428114352359605,0.95,56820154.0,57483158.0,124918690.0,1.0,1.26,0.06462503669807473,1.413216205058086
2021,2722,夏都,100862.0,0.19137038726180325,-0.33185937221153655,-0.28503301540719,-0.24,1115229.0,437518.0,116123.0,0.04,0.75,0.1513057444825603,-0.2967900659696719
2021,2360,致茂,4445386.0,0.4650340825296161,0.1326015333651566,0.11448679597227328,1.14,4216315.0,8756786.0,4275744.0,1.89,1.39,-0.03816136551471572,1.1610048844967031
2021,2428,興勤,1960452.0,0.452434438588652,0.3192406649078886,0.22395906658260442,3.39,1281127.0,6719253.0,1914912.0,2.94,3.27,-0.023229336908019205,3.3475362248069724
2021,2425,承啟,1553955.0,0.10408859973422654,0.05117715763969999,-0.007045892577326885,-0.31,1014988.0,919645.0,1766067.0,0.39,0.48,0.13649816114366242,-0.12259768949349115
2021,1466,聚隆,910132.0,0.1816384876039959,0.0830945401326401,0.061549313725921075,0.5,1111573.0,115497.0,983873.0,0.41,0.48,0.0810223132468697,0.5447839048219338
2021,2355,敬鵬,4381593.0,0.08074574703766416,0.006722212674705296,0.02028531632216867,0.23,3974954.0,10220363.0,4857616.0,0.8,0.06,0.10864153744996408,0.247897905564763
2021,3048,益登,23395117.0,0.03430869783639039,0.015572095664236259,0.01014109055321245,1.07,2225726.0,2123508.0,29356433.0,1.01,1.03,0.25481026660392425,1.3375691588826037
2021,3432,台端,12802.0,0.285267926886424,-0.34924230588970473,0.26730198406498984,0.05,665860.0,789878.0,8614.0,0.26,0.04,-0.3271363849398532,0.034579931077641284
2021,2388,威盛,1617772.0,0.36378982946917116,-0.17096537707414888,-0.24300086786024236,-0.99,4943959.0,4333542.0,1875953.0,-0.7,-0.08,0.15959047381213165,-0.9220509455378275
2021,3029,零壹,2672217.0,0.1065100626184176,0.050029993821609546,0.04360648854490485,0.93,1264182.0,775237.0,4272354.0,1.43,0.93,0.5988050371657692,1.4736988484314633
2021,3045,台灣大,38421194.0,0.20754576237271544,0.11079994026213762,0.0868126066045735,1.01,35124215.0,39640543.0,37389642.0,1.0,1.01,-0.026848514910806753,0.9241180997302968
2021,2034,允強,4430592.0,0.1536365794909574,0.07691545509042584,0.06931963042410585,0.71,4371500.0,2337355.0,5305167.0,0.73,0.46,0.1973946145345813,0.8412494928014695
2021,6201,亞弘電,903803.0,0.19854990523377328,0.09070007512699117,0.05838661743764958,0.59,892000.0,1214356.0,1065809.0,1.26,1.42,0.179249239048775,0.697634331217532
2021,2617,台航,809615.0,0.41904361949815655,0.37948778122934973,0.3235463769816518,0.63,4172945.0,7105354.0,859413.0,1.16,0.17,0.06150824774738606,0.6663398690395687
2021,3004,豐達科,311106.0,0.03034335564084267,-0.1786240059658123,-0.14263305754308822,-0.84,526472.0,917914.0,358576.0,-0.62,-0.23,0.15258464960495788,-0.971462703459451
2021,6449,鈺邦,710165.0,0.2727591475220547,0.14850492491181627,0.10445037420881063,0.84,889535.0,1002315.0,722491.0,0.97,1.06,0.017356529820534705,0.8483584717014822
2021,4739,康普,1824815.0,0.13613434786540005,0.09436189421941402,0.06705282453289786,1.14,1030293.0,1078081.0,1883989.0,1.42,0.77,0.032427396749807436,1.2261248386518175
2021,6806,森崴能源,407883.0,0.129559211832805,0.029765888747508476,0.0036799768561082465,-0.16,1300000.0,466980.0,754407.0,2.69,,0.849567155287178,0.021355386923738878
2021,2633,台灣高鐵,6101721.0,-0.058712615670234676,-0.11272393477184552,0.08084342106104163,0.09,56282930.0,9588406.0,4608398.0,0.15,0.3,-0.24473800096726805,0.0661938992747645
2021,1203,味王,1471991.0,0.32597346043555975,0.13501645050818925,0.11769297502498317,0.53,2400000.0,2751377.0,1539504.0,0.44,0.56,0.045865090207752646,0.7549533575952571
2021,1568,倉佑,430615.0,0.12289632270125286,-0.007551989596275095,-0.01529208225445003,-0.06,1030865.0,327713.0,454292.0,0.1,0.21,0.054984150575339896,-0.06739069258863782
2021,2324,仁寶,260994034.0,0.03360746552543802,0.009766801795936838,0.010423084996647854,0.57,44071466.0,62197820.0,336863202.0,1.0,0.51,0.2906931121651617,0.7966954824441183
2021,5880,合庫金,,,,,0.39,133342237.0,39703586.0,15070436.0,0.44,0.32,,
2021,8072,陞泰,360802.0,0.1556587823792551,0.0527158940360641,0.02340064633788061,0.04,800000.0,1362229.0,354456.0,0.2,0.13,-0.017588594298257765,0.10368124372924763
2021,2838,聯邦銀,,,,,0.42,32933688.0,16067546.0,4222334.0,0.21,0.35,,
2021,2316,楠梓電,1253570.0,0.08967109934028415,0.005211515910559442,0.08742870362245427,0.6,1827405.0,6089750.0,1464899.0,0.96,0.6,0.16858173057747083,0.7008529609354774
2021,3413,京鼎,3006062.0,0.272358986607728,0.18511560972461646,0.13586978578618805,4.58,876922.0,3642414.0,3181620.0,4.88,4.03,0.05840132372519258,4.929583564479527
2021,9918,欣天然,426371.0,0.30795011855872,0.1924614948014757,0.19653541164854083,0.47,1805375.0,1465999.0,344965.0,0.06,0.27,-0.19092761937373792,0.3755332730282567
2021,1760,寶齡富錦,533209.0,0.5229656663709727,0.15521118360717842,0.1393956216042865,0.97,767391.0,152069.0,529367.0,0.77,-0.04,-0.007205429765814175,0.9615885776846005
2021,2820,華票,,,,,0.34,13429600.0,10422648.0,699128.0,0.34,0.34,,
2021,3518,柏騰,216778.0,0.3958750426703817,0.11746579449944182,0.05570675991106108,0.15,807522.0,-49966.0,169142.0,0.02,-0.05,-0.2197455461347554,0.11668230444342932
2021,6706,惠特,1380644.0,0.3824273310136429,0.18370050498173315,0.13437859433713542,2.57,721779.0,1268404.0,1512429.0,4.49,1.17,0.09545183262303669,2.815793796365915
2021,8215,明基材,4283121.0,0.19439773006646321,0.07356388017055787,0.06418450471046697,0.86,3206745.0,1404878.0,4046855.0,0.83,0.36,-0.055162111927260504,0.8099970025994484
2021,1475,業旺,38439.0,0.17784021436561825,0.04321132183459507,-0.01584328416452041,-0.1,660168.0,-391481.0,134932.0,1.21,0.02,2.5102890293712115,-0.0323821514960899
2021,2108,南帝,7205177.0,0.5533765513324655,0.4697643097456176,0.3564167819888394,5.15,4924167.0,9528047.0,5454966.0,3.0,1.65,-0.24291020192841895,3.94836614513385
2021,9910,豐泰,19697860.0,0.25379944826493844,0.1261857887100426,0.09432476421296526,1.93,8816811.0,13896204.0,12590454.0,-0.47,1.65,-0.3608212262651882,1.346962756584195
2021,3557,嘉威,1016906.0,0.4075627442457808,0.15940804754815097,0.14358062593789397,2.02,723004.0,857758.0,1134154.0,0.46,1.83,0.11529875917734778,2.2523048452009427
2021,4142,國光生,88016.0,-0.37586347936738773,-2.437170514451918,-1.837484093801127,-0.38,4295078.0,704290.0,753336.0,0.37,,7.559080167242319,-3.2228586239592523
2021,2614,東森,1343299.0,0.3125923565788406,0.031277474337433435,0.18902865259335414,0.46,5567899.0,849394.0,1411801.0,0.62,0.4,0.050995348020061115,0.47930258928897584
2021,1416,廣豐,40374.0,0.24285431218110665,-0.7018378164165057,2.8048248873037105,0.64,1853422.0,1511735.0,84962.0,0.05,-0.01,1.104374102144945,1.2857489124176675
2021,2027,大成鋼,25460825.0,0.2811901813865026,0.19344981947756995,0.10627562146945356,1.44,16584659.0,7939601.0,26023175.0,1.86,-0.07,0.022086872675963987,1.6675827315673766
2021,2903,遠百,7083303.0,0.4813954732700267,0.013796247315694387,-0.015277477188255253,-0.09,14169406.0,7850467.0,7025081.0,0.23,0.58,-0.0082196116698664,-0.07574454054259254
2021,6282,康舒,4922636.0,0.1524463722282127,-0.004723079260786294,0.03874590768035662,0.34,5166213.0,4166337.0,5823291.0,0.48,0.67,0.18296193340316047,0.43673904943882796
2021,8996,高力,587912.0,0.283726135884282,0.13172039352828313,0.09115309774251928,0.6,893841.0,308403.0,558414.0,0.53,0.22,-0.050174175726979575,0.569465552853261
2021,1611,中電,421349.0,0.29524455973551617,-0.04235443777011456,-0.0533453265582688,-0.07,3227358.0,1013774.0,424341.0,0.09,0.07,0.007101001782370497,-0.07013975275461334
2021,3356,奇偶,320762.0,0.47911223898092664,0.15323199132066767,0.1437888527942836,0.5,898257.0,751406.0,329712.0,0.26,0.48,0.02790230762995627,0.5277878183249208
2021,3149,正達,646284.0,0.04231576211077483,-0.04731511224167703,0.005089093958693083,0.02,2063936.0,-1022069.0,674654.0,-0.09,0.06,0.0438971102487451,0.016635097191037528
2021,8481,政伸,387470.0,0.5079128706738586,0.26778847394637006,0.42977778924819987,2.5,666019.0,949566.0,404623.0,1.12,9.19,0.04426923374712888,2.611006268874828
2021,1795,美時,3464117.0,0.41818477840096047,0.17464104128122693,0.10235739728190474,1.36,2628713.0,1068627.0,3057673.0,1.33,1.15,-0.11732975531715584,1.1906033485555614
2021,9955,佳龍,336183.0,0.06940267651844383,-0.003646823307543808,-0.014164904233706047,-0.04,1032082.0,-412632.0,291356.0,-0.37,0.2,-0.1333410672163673,-0.03998742190945738
2021,1536,和大,1676251.0,0.23274080075120016,0.09307376997836243,0.052449782282009076,0.32,2795175.0,2085675.0,1758264.0,0.66,0.17,0.048926443593471314,0.32992769323671833
2021,8462,柏文,479179.0,-0.03520605034861712,-0.25848169473203125,-0.18975789840539756,-1.27,737185.0,640231.0,339073.0,-3.44,1.67,-0.29238760463208946,-0.872803704443435
2021,3017,奇鋐,12748781.0,0.1811818714275506,0.10748878657496744,0.07468627784883904,2.25,3533101.0,7490254.0,11772620.0,2.42,1.81,-0.07656896765267207,2.4886160014355645
2021,3714,富采,9364901.0,0.2275474134750597,0.0678176950295577,0.07154704571890295,1.03,6852514.0,439373.0,10328714.0,1.91,,0.10291758556764252,1.0784202305540318
2021,6184,大豐電,490997.0,0.4493530510369717,0.2519709896394479,0.18511111065851726,0.62,1582306.0,1131491.0,499705.0,1.08,1.28,0.017735342578467872,0.5845958212356799
2021,2618,長榮航,24162958.0,0.12286057857651368,0.033155005277085696,0.004014781633937368,0.04,50786969.0,5773893.0,25814068.0,0.3,-0.37,0.06833227951644005,0.020406385367004343
2021,3481,群創,93235532.0,0.3310293762253644,0.2550201354565124,0.22973486116859396,2.07,105014079.0,74236912.0,93085887.0,1.77,0.16,-0.0016050211415107318,2.0364005979331994
2021,2408,南亞科,22637468.0,0.42333912962350734,0.31200790653795735,0.2722639740451538,2.0,30971242.0,99414274.0,23837128.0,2.43,0.53,0.05299444266470088,2.095489486376752
2021,1218,泰山,2417864.0,0.15335726078886158,0.01155730843422128,0.05625543868472337,0.28,4999990.0,1633206.0,2744567.0,0.29,0.7,0.13512050305558954,0.30879425875774785
2021,2317,鴻海,1351466640.0,0.06033588442849022,0.024030898017578888,0.0238405329783057,2.15,138629906.0,1046804162.0,1403794925.0,2.67,2.23,0.038719627589179684,2.4141413761213024
2021,1762,中化生,499832.0,0.5025188463323677,0.29880439827782135,0.25294899086092926,1.63,775600.0,1645703.0,505592.0,1.09,0.45,0.011523872020999137,1.6489038961753344
2021,1443,立益物流,162607.0,0.35004643096545657,0.2404386035041542,0.07541495753565344,0.05,1353430.0,-793707.0,223227.0,0.05,-0.02,0.3728006789375611,0.12438511578590182
2021,3033,威健,18680068.0,0.07041815907736525,0.037567529197431185,0.02437555366500807,1.23,3703940.0,2055805.0,19581426.0,1.43,0.64,0.048252393942034955,1.288649654963051
2021,4942,嘉彰,2198308.0,0.25384795943061667,0.1550742662083748,0.1326929620417157,2.05,1423676.0,4274622.0,2178145.0,1.42,1.01,-0.009172054143459452,2.030128426737213
2021,2348,海悅,1163543.0,0.5217967879141553,0.36119679289893025,0.301084704218065,2.7,1064620.0,1928760.0,1099030.0,3.3,3.97,-0.05544530799463365,3.1081618086902365
2021,1730,花仙子,578204.0,0.471257549238677,0.09572918900595638,0.09009622901259763,0.73,632339.0,785827.0,777512.0,1.2,2.55,0.3447018699282607,1.1078060852176255
2021,2712,遠雄來,61601.0,0.014658852940699015,-0.359588318371455,-0.26631061184071686,-0.16,1050000.0,48522.0,61471.0,-0.14,0.64,-0.00211035535137416,-0.155908377337721
2021,1321,大洋,1651080.0,0.04659435036460983,-0.01822625190784214,-0.03490503185793541,-0.26,2272283.0,3700227.0,1640474.0,0.65,0.68,-0.006423674201128993,-0.25199676814954275
2021,6224,聚鼎,817377.0,0.36487202355828463,0.19939636177675663,0.17149246920331745,1.76,847216.0,1214836.0,952420.0,1.59,1.3,0.16521507211482578,1.9278773951226558
2021,2608,嘉里大榮,3216043.0,0.19756794296593672,0.1418898938851253,0.10646126311122084,0.69,4670005.0,5482293.0,3331137.0,0.74,0.96,0.03578745682193918,0.7593933038969398
2021,2114,鑫永銓,501549.0,0.37958604244051924,0.20745729729298631,2.0589812760069304,14.56,709016.0,2739511.0,507366.0,-6.13,1.22,0.011598069181675275,14.733900138819605
2021,3702,大聯大,200226016.0,0.04010182672765161,0.01818890008778879,0.016179206202654506,1.66,18790568.0,26839939.0,201889447.0,1.9,1.35,0.008307766559166874,1.7383247771716577
2021,3026,禾伸堂,4405780.0,0.23294989763447108,0.14252481966870792,0.1288416580038041,3.68,1579908.0,4502768.0,4278720.0,3.24,2.53,-0.0288393882581518,3.489300509485595
2021,2340,台亞,1383868.0,0.3237281301395798,0.15858954755800408,0.13223371015154625,0.5,3786228.0,3008149.0,1809465.0,0.62,0.48,0.30754161524075996,0.6319542043938391
2021,2312,金寶,31868708.0,0.06795521801511376,0.006966677155534513,0.003234238425982001,0.03,14691292.0,1084992.0,35922224.0,0.04,0.11,0.12719423705535848,0.07908156560194493
2021,2441,超豐,4813598.0,0.3374467498116793,0.3017740575760585,0.23629393231424808,1.99,5688459.0,12559215.0,5327044.0,2.4,1.27,0.10666574150978114,2.212810489397957
2021,4119,旭富,176572.0,0.1959200779285504,0.030588088711687018,0.02124345875903314,0.05,794853.0,1253832.0,228254.0,0.22,2.38,0.2926964637654894,0.06100378856951349
2021,2540,愛山林,1064152.0,0.3297583427931348,0.15631319585923814,0.045526390966704,0.33,1612600.0,2053553.0,1114527.0,0.61,1.83,0.04733816221742759,0.31464958418050176
2021,6412,群電,9626646.0,0.17994065638229556,0.08748550637470205,0.06846974532978568,1.68,3921472.0,4336951.0,10131410.0,2.09,1.89,0.052434046084171015,1.7689659967778528
2021,9933,中鼎,16013693.0,0.055449295799538556,0.030928343636911236,0.02603147194091956,0.42,7633819.0,5749752.0,16772532.0,0.64,0.28,0.04738688321301021,0.5719466182472698
2021,2049,上銀,7048502.0,0.3612068209670651,0.20250118393950942,0.13987113857667913,3.18,3407923.0,19078887.0,7530090.0,3.84,2.86,0.06832487243388741,3.0905694227389113
2021,3044,健鼎,15043357.0,0.18056681098507468,0.1013928606493883,0.08841178202445106,2.53,5256059.0,33149406.0,16169734.0,3.04,3.81,0.07487537522376164,2.7198990684871593
2021,5285,界霖,1638952.0,0.19620525799413283,0.1257730549765948,0.08887081500861527,1.54,940893.0,933700.0,1615495.0,1.11,0.21,-0.01431219462192912,1.5258946266189983
2021,3450,聯鈞,1841755.0,0.2505903336763033,0.1717003618830952,0.11118416944707629,0.75,1456814.0,2223722.0,1829459.0,0.73,0.32,-0.006676240868085048,1.3962446781296636
2021,1313,聯成,20705972.0,0.08345848241270683,0.05153537346616715,0.05523773527753249,0.89,13323476.0,7691781.0,22457530.0,0.46,0.81,0.08459192352814937,0.9310656596876402
2021,3130,一零四,456934.0,0.9048637221130404,0.23575177159064548,0.1924523016453142,2.67,331907.0,669470.0,459428.0,2.57,2.45,0.005458118677970969,2.6639382730796104
2021,9940,信義,4100429.0,0.24456538571939668,0.1390664245131424,0.12100855788504081,0.67,7368465.0,4680584.0,5369590.0,0.98,0.75,0.3095190771502201,0.8818204908809857
2021,3164,景岳,99476.0,0.6620189794523302,0.21356910209497768,0.13934014234589248,0.18,863714.0,136163.0,105366.0,0.27,0.33,0.05921026177168365,0.16998350655908448
2021,6754,匯僑設計,1068160.0,0.22141813960455362,0.0933979928100659,0.051856463451168365,0.84,660000.0,524749.0,1071153.0,0.21,2.4,0.002802014679448739,0.8416091878046871
2021,2106,建大,9161257.0,0.22500285714067403,0.07300275497128833,0.0460879986228964,0.47,9094100.0,11812099.0,8924394.0,0.24,0.74,-0.025854858127001612,0.45227945413200304
2021,2008,高興昌,388756.0,0.12948996285587874,0.0726934118058628,0.038281081192316005,0.07,2008523.0,570519.0,485618.0,0.26,0.36,0.24915885542602556,0.09255548523193467
2021,3055,蔚華科,110307.0,0.1436808180804482,-0.9844978106557154,-0.779025809785417,-0.92,1024419.0,1393553.0,1196491.0,-1.31,0.32,9.846918146627141,-9.098790340436516
2021,2880,華南金,,,,,0.41,128547788.0,43214977.0,13994817.0,0.36,0.27,,
2021,3054,立萬利,15993.0,0.30131932720565247,-1.341086725442381,6.887325704995936,1.32,834110.0,137726.0,7879.0,-1.04,-0.25,-0.5073469642968799,0.650576533426802
2021,3563,牧德,715360.0,0.6011924066204428,0.3834293222992619,0.2599656117199732,4.22,447282.0,1910606.0,712112.0,5.71,1.94,-0.004540371281592459,4.138879536693485
2021,2103,台橡,8520715.0,0.23215739524206597,0.14636482971206055,0.13739645088469687,1.21,8257099.0,7154473.0,7672862.0,1.75,-0.28,-0.09950491243985982,1.2767486582491707
2021,1217,愛之味,1178395.0,0.33837210782462585,0.06345749939536403,0.09984767416698136,0.23,4945134.0,999028.0,1509920.0,0.18,0.36,0.28133605454877175,0.30486939318167816
2021,6197,佳必琪,943451.0,0.27548754519312607,0.09989707997553662,0.11044452759072808,0.84,1220859.0,1276163.0,1043784.0,0.83,0.47,0.10634680550447251,0.9442550760305696
2021,8103,瀚荃,1001504.0,0.29998382432821036,0.13690809023229064,0.08917388248074895,1.13,789534.0,1516682.0,1162819.0,1.32,0.77,0.16107274658912996,1.3133454018748023
2021,4746,台耀,827344.0,0.32064050745518186,-0.06899669303216074,0.833189096675627,6.86,1182628.0,3200026.0,684140.0,-4.01,0.89,-0.17308882399582282,4.819926372449016
2021,1439,雋揚,19088.0,-0.0014668901927912825,-0.36934199497066217,-0.2037929589270746,-0.04,920000.0,1213233.0,18690.0,0.5,0.28,-0.020850796311818964,-0.04140098263420679
2021,2611,志信,171474.0,0.10033007919567981,-0.18332225293630522,2.071124485344717,2.05,1718202.0,1101706.0,214738.0,-0.95,-1.34,0.252306472118222,2.5884565943582527
2021,4766,南寶,4599253.0,0.23428978575433881,0.06668735118507288,0.07027184631939143,2.63,1205707.0,6381700.0,4207604.0,0.97,3.34,-0.08515491537430098,2.452304761114074
2021,9930,中聯資源,2695550.0,0.1204184674741704,0.07770733245534306,0.06437239153419524,0.69,2485404.0,2723928.0,2719518.0,0.65,0.84,0.00889169186251415,0.7043598444369269
2021,2002,中鋼,115448026.0,0.21341020590512305,0.17980355073373017,0.1567551098708262,1.02,157731290.0,128638515.0,125578297.0,1.28,-0.04,0.08774745962308605,1.248011079071644
2021,1442,名軒,999731.0,0.24346149114111695,0.15677117144511873,0.16485334554995293,0.45,3662113.0,879757.0,1844215.0,0.85,0.14,0.8447112273201491,0.8301901461353225
2021,6133,金橋,249145.0,0.1316582712878043,-0.05072949487246382,-0.06787212265949548,-0.14,1170064.0,109600.0,290906.0,-0.1,0.15,0.16761725099841462,-0.1687463909186437
2021,3694,海華,2877513.0,0.10382194624316206,0.021638477393499177,0.019382014955275615,0.37,1504418.0,-474061.0,3032395.0,0.81,0.95,0.053824952311249286,0.3906754986998494
2021,1316,上曜,242504.0,0.2386970936561871,0.014729653943852472,-0.03433345429353742,-0.07,1798456.0,-139777.0,330979.0,-0.08,0.63,0.36483934285620023,-0.06318560125252284
2021,4540,全球傳動,889103.0,0.25826479046859585,0.12524870571801017,0.08049461086060895,0.76,941780.0,540023.0,963584.0,1.19,0.44,0.08377094667322016,0.8235821435102574
2021,6239,力成,20620854.0,0.2342215312712073,0.1791564985620867,0.1411409537160779,2.88,7791466.0,38597233.0,22320480.0,3.2,2.1,0.08242267754769039,4.043313331022227
2021,3576,聯合再生,3669683.0,0.07350035411778075,-0.03416098883745544,-0.06263647295965347,-0.3,15079003.0,-930727.0,3503823.0,-0.06,0.05,-0.04519736445900091,-0.1455448444402537
2021,3047,訊舟,1312432.0,0.21481722481621904,-0.006305850512636083,-0.024392882831262876,-0.17,1893702.0,41793.0,1344903.0,0.06,0.46,0.024741091347970867,-0.17323771796414608
2021,2382,廣達,260277568.0,0.06583901613834044,0.03432183214498147,0.03093158224069467,2.05,38626274.0,96304112.0,261588545.0,2.43,2.04,0.005036842053173007,2.0947781794565943
2021,2397,友通,3271167.0,0.20778914680907457,0.05961328174318217,0.04058276449964187,0.54,1146889.0,1029502.0,3739571.0,0.63,0.92,0.1431917110927079,1.3232503688036963
2021,1417,嘉裕,296530.0,0.5409435807506829,0.020041817016827976,0.11979900853202037,0.18,1899419.0,562892.0,251784.0,0.13,-1.23,-0.15089872862779485,0.1588036845173509
2021,6790,永豐實,2427871.0,0.28492123345927356,0.14379676679691797,0.1263114885428427,1.24,2449060.0,1265297.0,2229763.0,3.39,,-0.08159741600768744,1.1500113661068105
2021,3376,新日興,2888461.0,0.21532608541365109,0.1406257519142547,0.11752798462572284,1.76,1924853.0,11313977.0,2748681.0,1.19,2.91,-0.04839255229688055,1.6782940739319652
2021,4999,鑫禾,793867.0,0.2122080902720481,0.09705781950880941,0.026814315244241164,0.29,744172.0,2241530.0,699757.0,0.4,1.16,-0.11854630561542423,0.2521393547777189
2021,5471,松翰,1574640.0,0.5211794441904182,0.324347152364985,0.2526641010008637,2.37,1678770.0,2676265.0,1696716.0,3.06,1.72,0.07752629172382264,2.553650725196313
2021,2908,特力,10215034.0,0.24256904088620754,0.022613434277360213,0.020020295576108703,0.39,5098875.0,2286099.0,10732378.0,0.36,0.52,0.050645352722271886,0.42139762162148786
2021,6409,旭隼,4059037.0,0.26671227682822307,0.17967414438449317,0.15188454798515016,7.09,874194.0,2884244.0,4521434.0,7.91,5.63,0.11391790712920336,7.855647137073572
2021,3593,力銘,151769.0,0.17875191903484902,0.024972161640387694,0.0022402466906944105,0.0,930425.0,-338687.0,272719.0,-0.01,0.18,0.7969348154102616,0.006566438318397388
2021,5484,慧友,151961.0,0.217976980935898,0.007495344200156619,-0.05492198656234165,-0.12,681151.0,-158806.0,110259.0,-0.44,0.01,-0.2744256750087194,-0.08890309661700897
2021,2466,冠西電,290983.0,0.23054955100469787,0.042545440798947017,0.002196004577587007,0.0,1563342.0,-7868.0,638495.0,0.27,0.35,1.1942690810116057,0.008968849699978737
2021,6579,研揚,1404716.0,0.2689056008474311,0.04735690345948932,0.021069739363686325,0.19,1484985.0,619631.0,1559749.0,0.87,0.67,0.11036608111532864,0.22130529872537688
2021,1309,台達化,5567940.0,0.16908030618146028,0.11943286026789082,0.0973667101297787,1.57,3442310.0,3747491.0,5356722.0,0.71,1.91,-0.03793467602021572,1.5151639399699866
2021,2015,豐興,9814630.0,0.14167350170103202,0.11777886685488907,0.10408655242225127,1.76,5815994.0,14890500.0,9716552.0,1.93,1.31,-0.009993041001036262,1.7389330166288521
2021,2506,太設,218473.0,0.3694827278427998,-0.14338613924832816,-0.21147693307639845,-0.14,3870000.0,1903687.0,182573.0,-0.01,-0.18,-0.16432236477734086,-0.09976738527792584
2021,6191,精成科,6795419.0,0.19507906723632495,0.11695599638521186,0.09677666675152775,1.25,5155469.0,5345423.0,7207552.0,1.82,1.2,0.060648651687261745,1.3529765342363755
2021,2478,大毅,1632851.0,0.3007996443031238,0.2103694703313407,0.17417878299979606,1.97,1447376.0,3721572.0,1570973.0,1.6,0.93,-0.03789568062242055,1.890525787808687
2021,8150,南茂,6982242.0,0.281574886691123,0.22051498644704667,0.18383608015877995,1.76,7272401.0,9599137.0,7161039.0,1.93,0.58,0.025607390863851442,1.8102100525316873
2021,1731,美吾華,310734.0,0.6675259224931935,0.1814831978476768,0.1732317673637259,0.4,1329152.0,622755.0,340316.0,0.34,0.37,0.0952003964805912,0.44354251539442996
2021,6698,旭暉應材,194397.0,0.3266871402336456,0.05570559216448814,0.007736744908614845,-0.19,663898.0,172839.0,192580.0,0.06,0.11,-0.009346852060474142,0.022442338047426666
2021,3406,玉晶光,2538597.0,0.30246116260280775,0.04438041957821584,0.04736356341711583,1.06,1119471.0,5128113.0,5911936.0,8.71,9.44,1.3288202105336135,2.5012738664416503
2021,3025,星通,98654.0,0.5328217811746102,-0.009528250248342692,-0.011393354552273603,-0.02,709206.0,74875.0,120662.0,0.1,0.53,0.22308269304843198,-0.019384282521389237
2021,6605,帝寶,3958586.0,0.27691933432796456,0.09670751121738924,0.05544530294403102,1.38,1658164.0,9748694.0,3971108.0,1.8,1.42,0.0031632507162910883,1.3278498754252606
2021,2465,麗臺,2857154.0,0.23488023396708752,0.08085038468349974,0.07007322671441582,3.74,535873.0,59254.0,2225886.0,1.64,-0.11,-0.22094293832254053,2.9106712657372955
2021,1457,宜進,1103089.0,0.14403008279476995,0.09249117704917735,0.16789760391047323,0.5,3016476.0,1280208.0,1031989.0,0.14,0.8,-0.06445536126278117,0.5744069581921599
2021,1732,毛寶,162565.0,0.4089072063482299,0.03907360132869929,0.0627625872727832,0.24,424439.0,88581.0,138627.0,-0.01,0.02,-0.1472518684833759,0.2049903327890254
2021,2033,佳大,215193.0,0.10363720009479863,0.012221587133410473,0.014122206577351493,0.03,806945.0,153542.0,209171.0,0.06,0.05,-0.027984181641596106,0.036606659338507444
2021,2885,元大金,,,,,0.84,121374360.0,87097773.0,28351012.0,0.71,0.7,,
2021,3021,鴻名,765034.0,0.20867961423936715,0.0644664158717129,0.03156461020033097,0.26,940000.0,440326.0,945714.0,0.68,0.35,0.23617250997994854,0.31756482735101915
2021,2363,矽統,59907.0,0.24117381942010116,-1.5226768157310497,-2.529320446692373,-0.24,6309675.0,3874009.0,72830.0,0.64,0.15,0.21571769576176414,-0.29194912278779106
2021,3056,富華新,25183.0,0.0916888377079776,-1.8928245244808006,-1.6150974863995553,-0.19,2107907.0,3017018.0,22669.0,-0.19,-0.13,-0.09982924989079933,-0.17369193668976626
2021,4736,泰博,1677768.0,0.5431841589540389,0.37911081865907564,0.3848124412910486,6.76,923362.0,3988726.0,2099326.0,6.31,3.87,0.2512611994030163,8.748971293228138
2021,1234,黑松,2166950.0,0.29362237245898615,0.07340870809201874,0.0732725720482706,0.4,4018711.0,14102085.0,2410373.0,0.61,1.09,0.11233438704169463,0.4394797966455069
2021,6283,淳安,657509.0,0.13131683368592673,-0.16662737696366134,-0.1346491074646887,-0.34,1479073.0,-35107.0,592817.0,-0.44,-0.08,-0.0983895277479091,-0.5396777572161372
2021,2705,六福,190560.0,-0.41904387069689336,-1.0713528547439126,-1.042406591099916,-1.05,1913128.0,-263984.0,226620.0,-0.98,0.08,0.18923173803526439,-1.234785030981006
2021,4720,德淵,861690.0,0.1733071058037113,0.009476725968735856,0.0035871369053836065,0.02,933857.0,305670.0,879614.0,0.07,0.41,0.020800984112615994,0.033787783803002985
2021,2514,龍邦,3070340.0,0.06929949126155409,0.024915807369867832,0.21968120794439705,1.83,3947293.0,6932192.0,2645395.0,-0.6,-0.97,-0.1384032387292613,1.4722585049806747
2021,6472,保瑞,1194049.0,0.2843828017108176,0.1617102815713593,0.1151544032112585,2.54,541154.0,1324721.0,1184678.0,0.29,1.33,-0.007848086636310536,2.5209254313468494
2021,3006,晶豪科,6175127.0,0.36664735802194837,0.2629897328427415,0.20941221127921741,4.62,2861503.0,7375828.0,6843255.0,6.8,0.85,0.10819664113790695,5.008071499130216
2021,2301,光寶科,40677351.0,0.1965156236452074,0.09344278588839278,0.09952582703824543,1.74,23508670.0,35848745.0,41862928.0,1.33,1.29,0.02914587530540036,1.772300402975805
2021,1524,耿鼎,457877.0,0.15984860562989625,0.03474513897837192,-0.010727771868864346,-0.03,1653104.0,485508.0,489756.0,0.17,0.06,0.06962350150804686,-0.0317825777410709
2021,2342,茂矽,478293.0,0.23539127689512496,0.12429619501017158,0.05118201604455846,0.15,1561567.0,104078.0,532465.0,0.61,2.01,0.11326111818487838,0.1745210559211729
2021,6189,豐藝,7997991.0,0.07510736133611554,0.0441004497254373,0.024025033286484067,1.01,1829444.0,1785218.0,8418656.0,1.29,0.74,0.052596333254188554,1.1055735547382637
2021,2451,創見,3794184.0,0.3471096815547164,0.2587697381044251,0.21621618772310464,1.92,4290617.0,10847931.0,3523742.0,1.55,0.47,-0.07127804028481488,1.7757121219623848
2021,1413,宏洲,763212.0,0.06019297390502246,0.03165961751125507,0.03317426874839494,0.19,1321124.0,-247505.0,752058.0,0.22,-0.28,-0.014614550085690459,0.18884657463175603
2021,2480,敦陽科,1518616.0,0.24329784487981163,0.10568043534376037,0.08858263050040299,1.27,1063603.0,1392025.0,1628067.0,1.29,1.1,0.07207286107877175,1.3559425602494501
2021,3535,晶彩科,233821.0,0.28892614435829117,0.023766043255310686,-0.062479418016345836,-0.19,790523.0,31718.0,287074.0,0.11,-0.55,0.22775114296833898,-0.2268905072670177
2021,3022,威強電,1619782.0,0.35837662105147483,0.12319312104962273,0.13808092693955112,1.27,1765978.0,6094189.0,1566566.0,1.19,1.46,-0.032853803783472135,1.2248900348248102
2021,9926,新海,511226.0,0.31290857663733845,0.23811191136601034,0.21075219178993243,0.6,1795041.0,1021195.0,475803.0,0.78,0.86,-0.06929029431210465,0.5586308341159072
2021,1533,車王電,704717.0,0.29985228112845297,0.010766023808138587,0.004963694646219688,0.29,985475.0,1491077.0,731437.0,0.46,0.24,0.037915929373067536,0.036841420847276596
2021,1303,南亞,103987982.0,0.2736511898076837,0.22112306208615531,0.22897275764039732,2.9,79308216.0,234296659.0,109928221.0,2.92,1.31,0.05712428384272328,3.1737654904345645
2021,2454,聯發科,125653403.0,0.46189307742027486,0.2294749947997827,0.2195454905427432,17.44,15904087.0,239808230.0,131074320.0,17.92,8.43,0.04314182402206801,18.093950241819286
2021,8104,錸寶,455795.0,0.25625116554591426,0.11834267598372075,0.12819578977391152,0.86,680090.0,900606.0,590339.0,0.64,1.21,0.2951853355126757,1.112778813676736
2021,6206,飛捷,1173873.0,0.3345583380825694,0.15542141270818904,0.12963668131049952,1.06,1430623.0,2601408.0,1433573.0,1.4,1.17,0.22123347244548608,1.299039971651069
2021,2375,凱美,2123688.0,0.2649004938578548,0.1639383939637084,0.1698832408527053,2.65,1358442.0,2727015.0,2139273.0,2.85,0.89,0.007338648615050847,2.675319449109269
2021,2481,強茂,3602998.0,0.32010953100723344,0.17767647942074904,0.1541827111755266,1.69,3328149.0,2328062.0,3701891.0,1.88,0.85,0.027447420176197612,1.7149700655117344
2021,6426,統新,135499.0,0.43309544719887233,0.0778013121868058,0.10533657074959962,0.37,385090.0,333877.0,109429.0,-0.27,1.2,-0.19239994391102522,0.2993293931433675
2021,2303,聯電,50907741.0,0.31248630733781724,0.22222746045635772,0.2331001291139593,0.98,124232695.0,82363862.0,55906677.0,1.43,0.76,0.09819598948615682,1.0489874366029346
2021,8222,寶一,83980.0,-0.1864729697547035,-0.4182305310788283,-0.43691355084543937,-0.53,685735.0,48074.0,92040.0,-0.22,-0.34,0.09597523219814241,-0.5864294985645219
2021,1506,正道,243396.0,0.19285033443441962,0.02371444066459597,-0.04553895709050272,-0.07,1631618.0,-812025.0,276290.0,0.02,-0.39,0.13514601719009356,-0.07711338349132578
2021,9929,秋雨,136881.0,0.15141619362804187,0.03242962865554752,0.027067306638613103,0.04,1012800.0,90610.0,133105.0,0.02,0.11,-0.02758600536232203,0.03557260910478473
2021,6669,緯穎,51192867.0,0.08131654357236917,0.05835320768418772,0.04509522781757857,13.2,1748408.0,12598700.0,45263825.0,11.59,12.84,-0.11581773687338126,11.674520479602064
2021,2634,漢翔,5965772.0,0.06296888315544073,0.010790221282342,0.06791945786731374,0.43,9418671.0,4804684.0,5694295.0,0.24,-0.01,-0.045505761869545136,0.4106242051947194
2021,3454,晶睿,1525000.0,0.2843180327868852,0.01211672131147541,0.06483147540983607,1.0,869574.0,1552306.0,1233511.0,-0.25,0.76,-0.1911403278688525,0.9196495992780638
2021,1464,得力,2650789.0,0.15636627434322384,0.045007731660271715,0.00478838564668859,0.01,3845657.0,623604.0,2440190.0,0.12,0.1,-0.07944766633632472,0.03038380898554663
2021,1314,中石化,9241857.0,0.20341344818471008,0.13647116591394998,0.16646676095507645,0.47,32848502.0,41402548.0,9393260.0,0.36,-0.12,0.016382313641078783,0.4760234019222189
2021,1423,利華,54665.0,0.07633769322235434,-0.23459251806457515,2.810390560687826,1.11,1384000.0,1037963.0,28831.0,-0.26,-0.25,-0.47258757888960035,0.5854506521328808
2021,1232,大統益,4917741.0,0.11330324228136456,0.07416210003739522,0.05598322481806179,1.68,1599749.0,2734538.0,4841813.0,0.85,2.17,-0.015439609365356932,1.6943927185203067
2021,2485,兆赫,1512150.0,-0.0044816982442218035,-0.09612141652613827,-0.09199616440167972,-0.43,3176890.0,2715217.0,1734528.0,-0.1,-0.12,0.1470608074595774,-0.5022834377246828
2021,3043,科風,257096.0,0.18626116314528426,-0.03137738432336559,0.024555030027693936,0.03,1948781.0,-2871408.0,264447.0,-0.11,0.03,0.028592432398792722,0.033320850448221626
2021,1438,三地開發,21.0,0.2857142857142857,-176.95238095238096,-176.04761904761904,-0.07,512058.0,39099.0,69.0,0.31,-0.03,2.2857142857142856,-0.23722480098515622
2021,9902,台火,146416.0,0.022531690525625616,-0.09562479510436019,0.6299653043383237,0.94,980496.0,298654.0,45173.0,0.08,0.02,-0.6914749754125232,0.2902349697793269
2021,4133,亞諾法,124254.0,0.43215510164662707,0.11283338966954787,0.05566822798461216,0.12,605536.0,110386.0,116025.0,0.21,0.24,-0.06622724419334591,0.10666428010745234
2021,1513,中興電,4061427.0,0.22523241215464418,0.11979459436301576,0.07893752614536713,0.68,4761343.0,4941892.0,4119423.0,0.94,0.79,0.014279710062497841,0.6829523955033836
2021,1905,華紙,5741225.0,0.1806753785124255,0.08033198489869323,0.07323053877874496,0.37,11028353.0,3950412.0,5176562.0,0.14,-0.13,-0.09835235511585072,0.3437343946839365
2021,2642,宅配通,1133057.0,0.1861036117335668,0.07953792262878213,0.07000089139381338,0.83,954670.0,657004.0,1148891.0,0.6,0.48,0.013974583802933038,0.8424208796163036
2021,6141,柏承,971652.0,0.21940056728129,0.11777570570533483,0.0880346049820306,0.63,1289145.0,1123562.0,915340.0,0.62,0.92,-0.057954905665814516,0.62507782541337
2021,2748,雲品,222664.0,-0.15707972550569468,-0.40729529694966404,-0.24342057988718427,-0.72,754826.0,180599.0,221187.0,-0.99,0.4,-0.006633312973808092,-0.713296412729644
2021,5306,桂盟,2004471.0,0.45545582849539856,0.3237293031428242,0.238158596457619,3.79,1260000.0,4300240.0,1900567.0,4.03,3.7,-0.05183612035295093,3.592352136457679
2021,6670,復盛應用,6002504.0,0.22164733251323115,0.12798142241971017,0.10020134930355731,4.35,1310300.0,4441775.0,5089570.0,3.34,1.01,-0.15209219352456904,3.892099377050341
2021,1906,寶隆,79781.0,0.21208057056191323,-0.014552337022599365,2.2042340908236295,1.17,1510000.0,2297724.0,634377.0,-0.13,0.07,6.951479675611988,9.260366952545839
2021,5876,上海商銀,,,,,0.8,44816031.0,96271523.0,9936930.0,0.81,0.79,,
2021,3052,夆典,1272486.0,0.052962468742288715,0.023647411444998215,0.02561442719212628,0.16,2287135.0,893445.0,764326.0,0.01,0.69,-0.39934427569340647,0.08559954999617037
2021,1723,中碳,1951885.0,0.21243054790625474,0.15656199007625962,0.14824900032532654,1.25,2369044.0,3469085.0,2295800.0,1.42,0.7,0.17619634353458324,1.436655692958361
2021,2883,凱基金,,,,,0.48,149912200.0,52531695.0,49463441.0,0.91,0.39,,
2021,2458,義隆,5036112.0,0.502030733232303,0.3313887776919973,0.25855183522526903,4.53,3038804.0,5202782.0,4974501.0,4.7,3.71,-0.012233842297391329,4.232475549196118
2021,2491,吉祥全,501981.0,0.9327703638185509,0.8797862867319679,0.8860255667047159,2.75,820080.0,562248.0,-390395.0,-3.66,-0.31,-1.77770871805905,-4.217880586207291
2021,1304,台聚,17746758.0,0.2417899652432292,0.17790229629546986,0.15215528379887752,1.22,11887635.0,10862854.0,18466457.0,0.98,0.56,0.04055382960651177,2.3636063906696063
2021,6128,上福,1216350.0,0.389760348583878,0.07918855592551487,0.08812348419451638,0.84,1275887.0,800500.0,1129338.0,0.48,0.39,-0.07153533111357746,0.7800157803415722
2021,1717,長興,13211055.0,0.21919498480628535,0.0960953534747982,0.08056449693079017,0.87,12402795.0,12816446.0,13010194.0,0.79,0.73,-0.015204009066649093,0.8450996203533032
2021,9938,百和,6008922.0,0.3869073354588394,0.26223805201665124,0.15866772775549426,2.31,2979639.0,7048397.0,3498801.0,1.17,1.23,-0.4177323320222829,1.8631344419194775
2021,2488,漢平,655182.0,0.16064696527071867,0.06149436339826186,0.06568709152571346,0.55,799994.0,1388838.0,605072.0,0.34,0.9,-0.0764825651498362,0.49682147420663775
2021,5434,崇越,10381154.0,0.12299933128821709,0.06362452575118335,0.05889730563673364,3.38,1816996.0,5380955.0,10988763.0,3.26,2.87,0.0585300054309954,3.5619700482589396
2021,3703,欣陸,5592014.0,0.13525681445003535,0.07486587122278306,0.06053561382357054,0.4,8232160.0,8280177.0,5351926.0,0.22,0.48,-0.04293408421366618,0.3935566431511615
2021,6165,浪凡,664917.0,0.2787565966880077,0.05436016826160257,0.1903004435140025,2.41,532424.0,111545.0,737492.0,0.8,0.26,0.10914896144932373,2.6359640941811175
2021,4438,廣越,3398952.0,0.20297874168273045,0.11617728052646815,0.10280874810824042,3.09,1033753.0,3318691.0,4375872.0,2.77,2.71,0.2874180041377461,4.351889882804715
2021,4526,東台,2897312.0,0.20055658486210667,0.04441979324284026,0.032400376624954444,0.42,2548265.0,1200400.0,2500079.0,0.46,0.09,-0.13710397775593375,0.31787707005409355
2021,1319,東陽,4458341.0,0.18718666876311166,0.02504855505669037,0.027898718379774,0.24,5914771.0,11728194.0,4467456.0,0.19,0.45,0.002044482465562769,0.21072040966257466
2021,1225,福懋油,3169164.0,0.08785787040367744,0.039211287266925916,0.03522600913048362,0.47,2187030.0,1389849.0,3183091.0,0.13,0.39,0.004394534331451538,0.5126934364373613
2021,1512,瑞利,285413.0,0.03997365221626205,-0.04435677421841332,-0.06054033978830677,-0.07,2367025.0,-2122993.0,201120.0,-0.18,-0.11,-0.295336932795633,-0.051439562903747356
2021,1324,地球,266793.0,0.16196826753325613,0.014370691884719613,-0.00020240411105238893,0.0,751219.0,239469.0,276821.0,-0.05,0.06,0.03758719306728442,-0.0007458505232912554
2021,6715,嘉基,490337.0,0.24528232623685342,0.07675333495126821,0.04054354454181512,0.24,570000.0,331965.0,745272.0,1.06,0.52,0.5199179339923359,0.5301047110134673
2021,2367,燿華,2859600.0,-0.04099349559378934,-0.17940131486921249,-0.1726489718841796,-0.8,6194072.0,1226582.0,3249351.0,-0.99,-0.67,0.1362956357532521,-0.905700013562695
2021,9919,康那香,1030780.0,0.2629494169463901,0.10227885678806341,0.07455713149265605,0.39,1953628.0,620547.0,970291.0,-0.07,2.16,-0.05868274510564819,0.3702962573895375
2021,4994,傳奇,705301.0,0.5738046592873114,0.13575622322951478,0.052635683204759386,0.33,1106390.0,142187.0,760290.0,0.84,1.26,0.07796529425025622,0.36170232543448977
2021,3013,晟銘電,1089515.0,0.03804536881089292,-0.043905774587775295,-0.0391109805739251,-0.27,1559350.0,707317.0,1402209.0,-0.33,0.17,0.28700293249748743,-0.35169634116511966
2021,2477,美隆電,914415.0,0.14548864574618744,-0.02271725638796389,0.10938578216674048,0.51,1982165.0,2865593.0,1003257.0,0.32,0.26,0.09715719886484808,0.5536474090666396
2021,3705,永信,1919083.0,0.4906145278760741,0.12944880445504442,0.10008999089669389,0.71,2664230.0,2251728.0,2024783.0,0.65,0.65,0.05507838900141371,0.7606719841672098
2021,4737,華廣,412588.0,0.38839714194305214,0.010635306892105442,0.03330441021067021,0.22,623897.0,163340.0,495877.0,0.51,0.68,0.2018696617448883,0.26470540845742985
2021,1219,福壽,3442221.0,0.0878136528712131,0.013289675474061659,0.010323276744869082,0.15,3220139.0,1473738.0,3623470.0,-0.09,0.42,0.052654666856079224,0.11616294696201243
2021,2882,國泰金,,,,,2.3,147025102.0,427879633.0,131284445.0,2.32,2.37,,
2021,2327,國巨*,27711544.0,0.40915764202817423,0.28592961113967524,0.22829323403993657,12.78,4988839.0,54365836.0,29386040.0,13.88,7.43,0.060425936569972416,13.447285244576818
2021,2906,高林,1978892.0,0.2452170204336568,0.0360646260634739,0.03149489714446266,0.04,2091111.0,935327.0,2126072.0,0.16,0.07,0.07437495325667087,0.3202145604022073
2021,2483,百容,521035.0,0.18508545491185813,-0.02047655147926723,0.21233698312013588,1.01,1090938.0,983302.0,593030.0,0.2,0.05,0.1381768979051312,1.154256255623456
2021,6176,瑞儀,14031751.0,0.18628737069236762,0.13861270770839648,0.07416515586686223,2.24,4650273.0,21464161.0,13743992.0,3.27,3.26,-0.02050770427724946,2.19196874874423
2021,3686,達能,61278.0,0.002088841019615523,-0.15715264858513658,-0.19786872939717354,-0.11,1135136.0,-381019.0,76479.0,-0.53,-0.14,0.24806619014980913,-0.13331268284651737
2021,2537,聯上發,199517.0,0.31253477147310754,0.15581629635569902,0.04236230496649408,0.03,3005579.0,433217.0,1719785.0,1.3,-0.06,7.619741676147898,0.24239607958001444
2021,2025,千興,232841.0,-0.021984959693524767,-0.06190490506397069,0.034817751169252835,0.03,2811673.0,-2325345.0,865044.0,0.46,-0.11,2.715170438196022,0.10712087338198699
2021,2387,精元,6133203.0,0.13346109691787472,0.07789942710195635,0.05910957129578134,1.88,1962980.0,6831318.0,6035320.0,1.39,2.58,-0.015959523922492003,1.8173653212608127
2021,2707,晶華,1026330.0,0.16056628959496458,-0.0182036966667641,0.11010298831759766,0.87,1274032.0,1966596.0,1006642.0,11.8,1.59,-0.019182913877602736,0.869949046538887
2021,2365,昆盈,236360.0,0.08471822643425284,-0.19854459299373836,-0.16362751734642073,-0.17,2245285.0,1013987.0,337042.0,0.12,0.33,0.425968861059401,-0.2456229195913763
2021,9935,慶豐富,1281655.0,0.16159496900491943,0.05889104322145975,0.02558098708310739,0.19,1696233.0,506385.0,1208298.0,-0.26,1.05,-0.05723615169448881,0.18222411384841877
2021,3583,辛耘,1002016.0,0.3965096365726695,0.17780853798741736,0.14698068693513877,1.83,811390.0,1504000.0,1289694.0,1.62,1.18,0.28709920799667876,2.3362391705114294
2021,2352,佳世達,55983875.0,0.1475257295069339,0.03406296902456288,0.07837801509809744,1.94,19667820.0,18218659.0,57202867.0,0.71,1.04,0.021773984026650428,2.2795852175688305
2021,1608,華榮,2624729.0,0.10401873869645209,0.08601535625201688,0.058940180110022784,0.25,6327735.0,2403725.0,2707939.0,0.24,0.47,0.03170232050623123,0.2522330855937472
2021,1468,昶和,304042.0,0.035524697245775255,-0.06930292525374784,-0.09282270212667987,-0.16,1604053.0,-559745.0,304626.0,-0.02,0.13,0.0019207872596549436,-0.176279764185111
2021,1449,佳和,834705.0,0.14695850629863244,0.022684661047915132,0.17540208816288388,1.64,881025.0,-326026.0,723786.0,-0.18,-1.65,-0.13288407281614467,1.440975860878648
2021,1604,聲寶,2310626.0,0.1869540981534874,0.08844962360849397,0.0961535964712593,0.56,3872000.0,4942363.0,2159731.0,3.24,3.78,-0.0653048135007569,0.5363272289784848
2021,3533,嘉澤,4859019.0,0.4053244080749633,0.1997983543591824,0.14547010415065262,6.85,1034779.0,9267645.0,5756716.0,8.91,7.46,0.18474860872122534,8.092839882581
2021,2548,華固,1705796.0,0.33646344580477383,0.23344819661905644,0.1924614666701059,1.19,2768127.0,13123397.0,5647122.0,4.17,1.54,2.310549444364977,3.9263132890399244
2021,8028,昇陽半導體,708152.0,0.2227572611529728,0.04818033416554638,0.05050469390752268,0.31,1324080.0,412479.0,708976.0,0.37,0.1,0.0011635919971983988,0.27042637807216935
2021,4915,致伸,16448009.0,0.13319332449295232,0.03997888133451289,0.038140056951573895,1.37,4515183.0,8132278.0,17668912.0,1.5,1.73,0.07422801142679325,1.492504976990628
2021,1773,勝一,2721351.0,0.2921339437654312,0.1907306334243543,0.1592712590180392,2.41,2000000.0,3951849.0,2986877.0,1.5,1.62,0.0975713900926416,2.3786183016101194
2021,1463,強盛新,114729.0,0.20488281079761875,0.05060621115846909,0.030768158007129846,0.03,1732684.0,330377.0,102518.0,-0.02,-0.04,-0.10643342136687328,0.0182046467940775
2021,5258,虹堡,963723.0,0.2501839221436035,0.04926208049408388,0.055406999729175295,0.55,895426.0,330767.0,1191168.0,0.58,0.54,0.23600661185838678,0.737068669587462
2021,3028,增你強,10371851.0,0.06197958300789319,0.026670263581688555,0.023721320331346836,1.15,2138249.0,1402506.0,10886820.0,1.2,0.69,0.04965063613042653,1.2077627283338535
2021,2420,新巨,730140.0,0.3862656476840058,0.2410181609006492,0.20831347412824938,1.0,1526487.0,1861849.0,712571.0,1.14,0.86,-0.024062508560002138,0.972416670256876
2021,2834,臺企銀,,,,,0.18,74885834.0,21746310.0,6576850.0,0.17,0.16,,
2021,8443,阿瘦,208437.0,0.3881604513594036,-0.469360046440891,-0.4286379097760954,-1.34,668000.0,143356.0,229285.0,-1.2,-0.71,0.10002062973464398,-1.4712611248953897
2021,6405,悅城,138742.0,0.292975450836805,0.08030012541263641,0.06153147568868836,0.13,658000.0,1110676.0,161424.0,0.17,0.92,0.16348329993801447,0.1509522330025962
2021,1541,錩泰,1406599.0,0.10114609778622052,0.039882724216354484,0.007697289703746412,0.14,788000.0,1041334.0,1777971.0,1.45,1.46,0.2640212313530721,0.17367459228248366
2021,2059,川湖,1490057.0,0.5224565234752765,0.4207080668726096,0.25824850995633053,4.03,952971.0,10198681.0,1758193.0,6.62,3.11,0.1799501629803424,4.76458068992289
2021,2706,第一店,58273.0,0.7839994508606044,0.6860467111698385,0.3463696737768778,0.04,4999984.0,3196443.0,50399.0,0.11,0.03,-0.1351226125306746,0.03491348210050444
2021,2314,台揚,1001669.0,0.1634212499338604,-0.08279681212057077,-0.07926370886989614,-0.35,2280283.0,-90028.0,1003054.0,-0.51,-0.25,0.0013826922865736169,-0.3486662850040316
2021,2362,藍天,6371272.0,0.2064118436632434,0.09202338245800838,0.06097165526758236,0.65,6497630.0,39634177.0,7362338.0,0.84,0.35,0.1555522978770958,0.6908579505133745
2021,3189,景碩,8725355.0,0.27100616536519145,0.12443734381007994,0.1160693175234704,1.9,4508441.0,15373238.0,9767683.0,3.07,0.13,0.11945966668404906,2.5146792418834005
2021,3645,達邁,586538.0,0.2946441662773767,0.14320129301085352,0.12584009902171725,0.59,1307599.0,1177535.0,649551.0,0.63,0.93,0.10743208453672226,0.6251118436130302
2021,2890,永豐金,,,,,0.37,112710541.0,45690969.0,12263170.0,0.38,0.32,,
2021,3312,弘憶股,4746302.0,0.05991970169618368,0.03258705408968919,0.024704496258350184,0.94,1251140.0,450296.0,4968643.0,1.05,0.45,0.046845101723404836,0.9810878271222871
2021,2603,長榮,99966473.0,0.5475545386101598,0.5202160528360343,0.48803710419992513,7.99,52908474.0,111576104.0,145031598.0,15.24,1.7,0.45080239051746873,13.377970626294694
2021,2351,順德,2764685.0,0.202776446502947,0.12307550408093508,0.08409818840121026,1.23,1821403.0,3916867.0,2908876.0,1.3,0.51,0.05215458542293239,1.343092121204143
2021,2401,凌陽,2101911.0,0.5129170550037561,0.15057250283194673,0.2093047707538521,0.48,5919949.0,2820444.0,2132253.0,0.52,0.36,0.0144354351825553,0.7538759630432853
2021,2912,統一超,63593394.0,0.33228232794116946,0.03269393044189464,0.030623668238244996,1.7,10396223.0,21379316.0,65444163.0,1.98,2.76,0.02910316439471683,1.9277581250821845
2021,9944,新麗,768826.0,0.29256554799135304,0.09907573365104719,0.04010790477949497,0.24,1091071.0,1554496.0,553757.0,-0.17,0.4,-0.2797368975554937,0.2035617574564698
2021,2424,隴華,3436.0,-8.259022118742724,-16.470314318975554,-16.696449359720607,-2.18,270250.0,-186385.0,5961.0,-1.55,-4.22,0.7348661233993015,-3.6827949910562268
2021,4938,和碩,272276880.0,0.035666785222454436,0.009893983653698398,0.02379290889479856,2.01,26703617.0,67610953.0,322884703.0,1.0,2.61,0.18586896911702522,2.8769010288018624
2021,1530,亞崴,962731.0,0.20025427663594503,0.08973119178669846,0.07060954721516187,0.72,965942.0,2132948.0,919324.0,0.03,0.22,-0.045087360851577385,0.6720181065118969
2021,1525,江申,372689.0,0.10126137342395403,0.034645508721749235,0.18473848168311918,0.94,734001.0,3952078.0,306466.0,0.69,1.28,-0.17768970911403337,0.7713349644959447
2021,3701,大眾控,2257839.0,0.13167236459286955,0.028527720532774924,0.05920129823251348,0.43,1903446.0,414367.0,2706541.0,0.58,0.0,0.19873073323651513,0.8417929424818212
2021,2429,銘旺科,301065.0,0.1757427797983824,0.029163137528440703,0.023513194825037782,0.25,397482.0,-186438.0,207739.0,-0.23,-0.55,-0.30998621560128214,0.12288877432836012
2021,2227,裕日車,6151868.0,0.11827318141416558,0.005685102476190971,0.11273551383092095,2.31,3000000.0,9960230.0,5294003.0,2.41,7.21,-0.1394478880236052,1.9894071614247901
2021,2204,中華,7550661.0,0.2212929437568446,0.0951078322811738,0.1728849964261407,2.3,5536203.0,29547695.0,8513993.0,1.25,1.73,0.1275824725808774,2.658756641288599
2021,2453,凌群,1275399.0,0.25833797893835575,0.03378393741879992,0.030810750204445823,0.39,1000000.0,980996.0,1462713.0,0.49,0.34,0.14686698045082358,0.4506728486379556
2021,1477,聚陽,6120983.0,0.22192105418361724,0.12711307971285005,0.09206511437787035,2.25,2418566.0,3984104.0,8296420.0,3.26,3.63,0.3554064763780589,3.1581145861921947
2021,6166,凌華,2259353.0,0.3555243470143886,-0.0072697803309177455,0.02956908460076845,0.31,2174973.0,1475329.0,2291856.0,-0.24,0.26,0.014385976870369577,0.31158126540779485
2021,9939,宏全,5929020.0,0.2574675072777626,0.16652650859669896,0.12614850346262957,2.52,2877859.0,7284284.0,5501115.0,1.79,2.31,-0.07217128631713166,2.411367007993871
2021,6192,巨路,1513694.0,0.37116418509949833,0.21855077710554444,0.16508026060749398,2.34,1068398.0,4255237.0,1597253.0,1.89,1.86,0.05520204215647273,2.4679467903917973
2021,2444,兆勁,384898.0,0.16070231593824857,0.041540875764488255,0.015824971810713486,0.06,1055576.0,-206185.0,440549.0,0.12,0.12,0.14458635794418262,0.06604617295427345
2021,9958,世紀鋼,2358479.0,0.26255735158125215,0.21785735637247566,0.23069953135050175,1.92,2309419.0,2309588.0,3246561.0,1.78,1.36,0.3765486145944059,3.2431538027565217
2021,2886,兆豐金,,,,,0.46,135998240.0,99478176.0,15920371.0,0.53,0.56,,
2021,3030,德律,1552734.0,0.5394678032425386,0.30301133355745413,0.22371378484659962,1.47,2362160.0,3986913.0,1385301.0,1.22,1.32,-0.10783109019316894,1.3119811099238803
2021,4564,元翎,595811.0,0.26750932762235,0.18789851144070854,0.12968038522283074,0.42,1827883.0,647550.0,666653.0,0.49,0.51,0.1189001210115288,0.47296144145963276
2021,3588,通嘉,515937.0,0.40415787198824665,0.17635098858969214,0.14535495612836452,1.6,477742.0,553695.0,588448.0,1.84,0.41,0.14054235303922757,1.790377091062202
2021,6196,帆宣,8010358.0,0.11665296357541073,0.054782944782243194,0.04923612652518152,2.14,1873382.0,4147853.0,8370076.0,2.38,1.26,0.0449066071703661,2.1998189422199275
2021,1444,力麗,2600205.0,0.10054745683513415,0.0075520968539019035,0.020753748262156254,0.05,9573029.0,447723.0,3066295.0,0.07,-0.16,0.17925125134364417,0.06647542228014604
2021,3041,揚智,694085.0,0.38756204211299766,-0.050362707737524944,-0.031219519223149902,-0.11,1938699.0,-4686.0,710602.0,0.0,-0.37,0.02379679722224215,-0.11443061970429018
2021,6257,矽格,4205367.0,0.3058957755648912,0.21764521384221638,0.17558182199080366,1.55,4439274.0,7742827.0,4680501.0,1.92,1.19,0.11298276702128485,1.851228136424511
2021,2427,三商電,780995.0,0.301709998143394,0.04195289342441373,0.03897720215878463,0.16,1843145.0,263105.0,712801.0,0.28,0.25,-0.08731682021011655,0.15073685833715655
2021,3050,鈺德,240764.0,0.3514561977704308,0.14409961622169426,0.17718595803359305,0.24,1459845.0,428043.0,260318.0,0.42,0.35,0.08121646093269752,0.3159561064591712
2021,5269,祥碩,1471684.0,0.544563914536001,0.3314135371452024,0.5181642254723161,11.03,692207.0,3568991.0,1786073.0,14.56,12.85,0.21362534348406315,13.369976505323061
2021,2101,南港,1927349.0,0.14535613425487548,-0.14877274432393925,0.12398844215552035,0.28,8339349.0,3158996.0,2149809.0,-0.19,0.28,0.11542279057918425,0.31963102736426674
2021,4916,事欣科,685818.0,0.21026132297490005,0.07786322318749289,0.06263906750770612,0.52,834516.0,273135.0,524269.0,0.25,0.03,-0.23555666372127881,0.39351817440525494
2021,8940,新天地,105399.0,0.2881052002390915,-0.680917276254993,-0.6664769115456504,-1.0,674910.0,-169232.0,39240.0,-1.38,-0.74,-0.6277004525659636,-0.38749691083331583
2021,6243,迅杰,214311.0,0.30484202864062043,0.09703654968713692,0.03070304370750918,0.08,749767.0,-366672.0,234078.0,0.99,-0.07,0.09223511625628178,0.09585520655038611
2021,2371,大同,7408737.0,0.26761511442503627,0.05927110113370201,0.08330664187431677,0.36,23395367.0,9714762.0,8062674.0,0.31,,0.08826565175683787,0.2870971399881716
2021,6477,安集,306969.0,0.2664503581794904,0.18925363798950381,0.13342063856610928,0.37,1142177.0,537625.0,326703.0,0.4,1.34,0.0642866217761402,0.38163019288134503
2021,4414,如興,3249578.0,0.15000655469725607,-0.09308808713008274,-0.12947681206605904,-0.5,8189149.0,-1002411.0,5270988.0,0.17,0.04,0.6220530788920899,-0.8333841803079323
2021,2610,華航,29372982.0,0.09646078835305179,0.041065187048424295,-0.016534446519594095,-0.06,56713178.0,-1712509.0,34604883.0,0.53,-0.13,0.17811950451608904,-0.10088882468908916
2021,3002,歐格,136097.0,0.20337700316685894,-0.041044255200335056,0.007604870055916001,-0.02,1020000.0,289639.0,134245.0,-0.05,0.29,-0.01360794139474053,0.01000897824172984
2021,6285,啟碁,15502536.0,0.11087179542753521,0.010630325257751377,0.01882362988868402,0.75,3974143.0,8479637.0,17330250.0,0.85,1.22,0.1178977426661032,0.8208517204297033
2021,1470,大統新創,234504.0,0.20813717463241566,0.07041670930986252,0.12556715450482722,0.34,857670.0,115579.0,243549.0,0.15,0.11,0.03857077064783554,0.35656785141716707
2021,8478,東哥遊艇,1689977.0,0.3718701497120967,0.2625958814824107,0.23831271076470273,4.48,908863.0,1096158.0,1046561.0,2.02,-3.26,-0.38072470808774317,2.7441846448872718
2021,2704,國賓,277042.0,-0.09560283278347688,-0.6875852758787476,-0.41298070328686626,-0.31,3669234.0,2775983.0,262410.0,0.19,0.26,-0.052815096627948144,-0.2953484742306066
2021,3229,晟鈦,114083.0,0.1083772341190186,-0.1929647712630278,-0.2501249090574406,-0.29,935159.0,-640241.0,119294.0,0.08,-0.39,0.04567727005776501,-0.3190730228880685
2021,6582,申豐,2771534.0,0.6316664345449127,0.5762761705250594,0.450638527256025,11.76,1061741.0,4187221.0,2154840.0,8.67,4.54,-0.2225099890529938,9.145864425244696
2021,6209,今國光,848572.0,0.01181042975728636,-0.11545278420687932,-0.07915415545174717,-0.41,1631469.0,637336.0,901097.0,-0.37,-0.3,0.06189810646592164,-0.4371861924137267
2021,4961,天鈺,5869798.0,0.4718346355360099,0.3789667037945769,0.3287487916960686,10.57,1665579.0,3735496.0,6694103.0,11.03,0.72,0.14043157873575884,13.212692239389591
2021,2102,泰豐,334159.0,-1.0919322837331928,-2.505439027528811,-3.440131793547383,-2.5,4733292.0,1250699.0,344540.0,-0.98,0.22,0.031066049395646944,-2.504098644556083
2021,1474,弘裕,809333.0,0.17807132540005166,0.05523190083686196,0.057580748591741594,0.36,1298970.0,824018.0,962565.0,0.26,0.21,0.18933121471631575,0.426685860860603
2021,3037,欣興,24030673.0,0.19350103095323215,0.08505438029138843,0.07595671581898684,1.24,15047323.0,29733849.0,28144601.0,2.87,1.09,0.17119487248650933,1.42069885786048
2021,1616,億泰,795366.0,0.07902651106534601,0.03002517080186983,0.04847202420017954,0.2,1941485.0,-215387.0,763984.0,0.12,0.04,-0.039456049164787066,0.19073982511608367
2021,9941,裕融,7873155.0,0.5447838890508316,0.22630648069293696,0.1705945075385916,3.71,4821465.0,9091620.0,8108090.0,2.62,1.83,0.02984000696036082,2.868828500525419
2021,1503,士電,7019940.0,0.1780008091237247,0.07667629637860153,0.07017980210657071,0.9,5209722.0,17729707.0,6685932.0,0.7,0.79,-0.047579893845246524,0.9006572417069251
2021,2547,日勝生,1132091.0,0.34748266702941727,-0.05468994983618808,-0.09180092413065734,-0.11,9000946.0,1298450.0,1171554.0,-0.08,0.24,0.03485850519083722,-0.11948715153825845
2021,1418,東華,14648.0,-1.0191835062807209,-1.4324822501365375,-3.4395139268159474,-0.92,568343.0,-870188.0,7934.0,-0.6,-1.12,-0.4583560895685418,-0.48015201199553303
2021,2207,和泰車,,,,,7.6,5461792.0,55134013.0,56224147.0,6.43,6.62,,
2021,4108,懷特,55210.0,0.38157942401738815,-0.6671617460604963,-0.5819054519108857,-0.13,1986189.0,-351410.0,47929.0,0.04,-0.17,-0.1318782829197609,-0.14042040513081505
2021,1103,嘉泥,550388.0,0.00033794341446397817,-0.29275892643008206,-0.2802877242963146,-0.25,7747805.0,11364156.0,560311.0,1.38,0.93,0.018029099471645438,-0.20270037138027136
2021,2208,台船,4902729.0,0.029992479698551563,0.001199943949583997,0.004126477314981105,0.01,9316418.0,234540.0,4924969.0,-0.06,-0.69,0.004536249097186529,0.02181393412734935
2021,6581,鋼聯,474705.0,0.5531393181028218,0.41263310898347394,0.32648276297911333,1.39,1112709.0,1332405.0,364831.0,0.79,1.0,-0.23145743145743147,1.0704598677680588
2021,2630,亞航,1017041.0,0.04987704527152789,-0.006165926447409691,0.035449898283353376,0.27,1502372.0,184232.0,955608.0,-0.01,0.22,-0.06040366120933183,0.225484809346545
2021,2891,中信金,,,,,0.71,199969796.0,179108531.0,50805766.0,0.61,0.87,,
2021,1471,首利,93321.0,0.047609862731861,-0.33608726867478916,-1.0001393041223305,-0.62,1504145.0,-626477.0,54837.0,0.22,2.75,-0.4123830649050053,-0.36462335094127385
2021,3027,盛達,249628.0,0.3467920265354848,0.07156248497764674,0.051404489880942844,0.1,988563.0,281628.0,314636.0,0.15,0.29,0.26041950422228277,0.16360821797073463
2021,9905,大華,2424711.0,0.14801021647528304,0.09162370278354823,0.07203580138004076,0.58,3050000.0,4282992.0,2552254.0,0.74,0.79,0.05260132032229814,0.6027988925095559
2021,1434,福懋,8609111.0,0.14062264965569615,0.06125998375442017,0.06359077028975466,0.33,16846646.0,18459155.0,7583879.0,0.39,0.09,-0.11908686042031513,0.2862674905107487
2021,3711,日月光投控,126926347.0,0.1943054265951576,0.1025501742360867,0.0833348414257916,2.38,43834978.0,66087018.0,150664816.0,3.29,1.58,0.18702554324674603,2.8642944795834206
2021,2409,友達,95655500.0,0.2873765125894486,0.21206419913125749,0.20764572868261627,2.05,96242451.0,58360974.0,99054986.0,2.03,0.31,0.03553884512652172,2.1371385011398303
2021,8463,潤泰材,973381.0,0.12484936525368792,0.048760968212858066,-0.07896085910861214,-0.51,1500000.0,116728.0,815100.0,-0.21,0.48,-0.16260950234286475,-0.42907330839619834
2021,2438,翔耀,98254.0,0.24143546318724937,0.051702729659861175,0.03383068373806664,-0.04,601956.0,-191.0,104988.0,0.01,0.01,0.06853664990738295,0.05900457548877561
2021,2412,中華電,49601135.0,0.37384029619483505,0.22746973431152331,0.18688001796733078,1.15,77574465.0,112612107.0,50885502.0,1.21,1.08,0.02589390343587894,1.2258522863208463
2021,2332,友訊,3368935.0,0.2806204334604259,-0.029634290955450313,-0.06108844486462339,-0.33,6519961.0,2612170.0,3957707.0,-0.05,0.46,0.17476502218060008,-0.3708153558891442
2021,1817,凱撒衛,615807.0,0.338494041152504,0.11730298616287246,0.09061930117715453,0.78,726000.0,1060904.0,505415.0,0.67,1.0,-0.17926395770103298,0.6308588719621426
2021,2881,富邦金,,,,,3.34,125236244.0,420496300.0,109879720.0,3.04,3.02,,
2021,3591,艾笛森,579183.0,0.2601284913403881,0.08892008225379543,0.06562519963465778,0.31,1225616.0,118828.0,485432.0,0.2,0.22,-0.16186766531476238,0.25992294412810535
2021,1231,聯華食,2157207.0,0.21893958252499643,0.07645812386108519,0.0724130785779946,0.85,2017624.0,1998785.0,2423412.0,0.83,1.08,0.12340262200150476,0.8697692116214669
2021,1227,佳格,7407505.0,0.2690557751901619,0.12428840750023118,0.11102604723182773,0.9,9150897.0,7875708.0,8666802.0,0.65,1.04,0.17000285521238268,1.0515261708233619
2021,2231,為升,985685.0,0.3633787670503254,0.12055677016491069,0.09763869796131625,0.87,1219166.0,1619130.0,896884.0,1.03,0.52,-0.09009064762069019,0.7182827111512062
2021,2887,台新新光金,,,,,0.73,117136172.0,45018893.0,19275749.0,0.34,0.39,,
2021,9945,潤泰新,6354708.0,0.22063500006609274,0.1468273601241788,0.6339046577749914,2.6,21068334.0,45279663.0,8476181.0,-0.03,1.06,0.33384271944517363,2.550315851288424
2021,8110,華東,2176889.0,0.05733411303929599,0.010780981483208376,-0.018517710365572152,-0.04,5217219.0,3769831.0,2157941.0,0.04,0.42,-0.00870416452102063,-0.07659277178894183
2021,1315,達新,542169.0,0.13817647264967198,-0.018861277572122345,-0.4940507480139956,-2.01,1386000.0,7577529.0,682916.0,1.75,2.15,0.25959986646230226,-2.4343085182592055
2021,2889,國票金,,,,,0.32,28964817.0,7860720.0,2444851.0,0.24,0.33,,
2021,8271,宇瞻,2286531.0,0.19412376215323562,0.09340306341790248,0.07392770970522596,1.68,1018243.0,1841282.0,2127895.0,1.11,0.24,-0.06937846020893657,1.544920061745593
2021,3380,明泰,7555030.0,0.15285419118123952,0.023539549148051033,0.0181477770439032,0.21,5417185.0,1852251.0,6705956.0,0.21,0.45,-0.11238525856283832,0.22465209209990972
2021,4555,氣立,573462.0,0.36282613320499,0.18878844631379238,0.1481161785785283,1.23,669926.0,1521966.0,555113.0,1.07,0.69,-0.03199688907024356,1.227317886442123
2021,4930,燦星網,2835300.0,0.157987514548725,0.07785948576870172,0.05876485733432088,0.61,1343000.0,650069.0,2726180.0,1.59,0.99,-0.03848622720699746,1.192878471836775
2021,2345,智邦,14052983.0,0.17466042618851813,0.07930358984992723,0.0683119021776373,1.72,5598384.0,7031497.0,15204052.0,1.96,2.69,0.08190922880928553,1.855209847927028
2021,9946,三發地產,304690.0,0.25815747152843876,0.14408086908004858,0.13341428993403132,0.13,3110040.0,3014869.0,715633.0,0.3,0.13,1.3487249335390068,0.30699177035781094
2021,3167,大量,1311148.0,0.25084887442149933,0.11729263210560516,0.09247011016300219,1.52,801341.0,1214025.0,1214355.0,1.99,0.54,-0.07382309243502638,1.4012953365295489
2021,9921,巨大,21372326.0,0.25977387767714194,0.1262532211047127,0.0914898078945642,4.93,3750646.0,22118644.0,19912980.0,3.41,3.95,-0.06828203911918618,4.857389139919628
2021,2915,潤泰全,700857.0,0.27680539682132016,-0.030096011026500412,4.871444531480744,6.36,7343188.0,54385243.0,721654.0,1.24,7.11,0.02967367094856721,4.787426703389869
2021,1476,儒鴻,9786767.0,0.2790917572677474,0.20022996358245782,0.15580272831671582,5.56,2743671.0,12810831.0,8058797.0,3.51,4.56,-0.17656188197798106,4.576286878239281
2021,6136,富爾特,151899.0,0.14981665448752132,-0.057814732157552055,-0.02285071001125748,-0.03,1155364.0,322477.0,155339.0,0.77,0.65,0.022646627035069367,-0.030722840961279096
2021,3346,麗清,1215744.0,0.15458435328490208,0.0032062671088650243,0.002692178616550853,0.01,965043.0,476851.0,1307782.0,0.09,0.75,0.07570508264897868,0.036483169511722355
2021,1721,三晃,686474.0,0.029979285449995192,-0.050647220433694504,0.021700749045120427,0.08,1889952.0,574783.0,600168.0,-0.45,-0.09,-0.1257236253667291,0.06891230651842922
2021,1460,宏遠,2205415.0,0.21841558164789845,0.0407954965392001,0.017992532017783502,0.12,3946434.0,316774.0,2562855.0,0.11,0.02,0.16207380470342314,0.11684536126649156
2021,2511,太子,2678022.0,0.2876092877504367,0.08668972846376916,0.2735287462164239,0.47,16233261.0,6064241.0,2438709.0,-0.26,0.14,-0.08936184990265206,0.4109199101503444
2021,2031,新光鋼,3870316.0,0.2422536040984767,0.20111226060094317,0.24711677289399625,3.04,3193527.0,4667859.0,3796454.0,1.79,1.88,-0.019084229814826492,2.9377157635445186
2021,4104,佳醫,1580433.0,0.2116002386687699,0.09580918646978391,0.0992341972105113,0.96,1411490.0,2837849.0,1577440.0,1.19,1.03,-0.001893784804544052,1.1090124056688246
2021,8163,達方,7537554.0,0.1730591913504036,0.061866754122093186,0.050593866392200974,1.11,2800000.0,2697003.0,6962475.0,1.08,1.01,-0.07629517480073778,1.2580661782465696
2021,2247,汎德永業,12010415.0,0.11218180221083118,0.03574048024152371,0.028156562450173454,4.19,807087.0,6893086.0,9919895.0,3.57,9.89,-0.17405893135249695,3.460719142628532
2021,1410,南染,130968.0,0.4078858957913383,0.26787459532099445,0.1929708020279763,0.38,630000.0,436691.0,121734.0,0.33,0.22,-0.07050577240241895,0.3728747240329154
2021,3338,泰碩,1244152.0,0.1807480114969875,0.06405567808434982,0.03791096264765077,0.54,878771.0,596185.0,1277316.0,0.64,0.41,0.02665590699528675,0.5510454847195309
2021,1236,宏亞,282125.0,0.15211696942844483,-0.2813894550287993,-0.26111475409836066,-0.68,1083425.0,376016.0,401384.0,-0.13,0.22,0.4227168808152415,-0.9673700021599685
2021,8033,雷虎,308031.0,0.38357827621245916,0.09816219796059487,0.034866620567410425,0.09,1273614.0,-602271.0,312709.0,0.17,,0.015186783148449345,0.08560761777912576
2021,3057,喬鼎,214636.0,0.3810963678040962,-0.012686594979406995,-0.03603309789597272,-0.08,893288.0,-82169.0,263062.0,0.11,-0.35,0.2256191878342868,-0.10611290870033378
2021,6115,鎰勝,1850794.0,0.15866379510631654,0.08900072077173364,0.04872827554011954,0.49,1876622.0,2491357.0,2081121.0,0.73,0.7,0.1244476694867176,0.5403828662369359
2021,1711,永光,2349495.0,0.24046827084118078,0.07835300777401101,0.07370477485587329,0.31,5477522.0,2143654.0,2195177.0,0.19,0.04,-0.06568134854511287,0.2953799666232128
2021,2030,彰源,3754865.0,0.17160750120177423,0.10262739139756023,0.07403222219706967,0.99,2805260.0,1134166.0,3957166.0,1.29,0.22,0.05387703685751677,1.0443160084366134
2021,2414,精技,5677100.0,0.09648147821951349,0.03782794032164309,0.029884800338200842,1.0,1617358.0,1164207.0,6722402.0,0.91,0.59,0.184126050272146,1.2421346514693843
2021,3515,華擎,5378140.0,0.3042352932426452,0.19196413629991038,0.15200329481939853,6.6,1206424.0,3362941.0,4075402.0,3.35,4.04,-0.24222835404061627,5.134799471111039
2021,2385,群光,25292775.0,0.17400150833587852,0.07304010730337022,0.06470638354233571,1.87,7452927.0,17091188.0,27348912.0,2.25,2.55,0.08129345237918728,2.374435157271214
2021,3419,譁裕,460859.0,0.17154921570371848,-0.0059519288979926616,-0.002319581477198015,-0.01,1204804.0,176128.0,414876.0,-0.05,0.95,-0.09977672129653536,-0.007987512366609039
2021,2855,統一證,4362357.0,,0.49886999161233253,0.4787776424533801,1.49,14558313.0,14860012.0,2074609.0,0.15,0.91,-0.5244293394602964,0.6822743857976982
2021,6168,宏齊,838829.0,0.2877117982330129,0.1652613345509037,0.12287248056516882,0.5,2060698.0,303967.0,803919.0,0.52,0.08,-0.04161754064296774,0.47934982080571714
2021,2442,新美齊,921851.0,0.36716345700118563,0.2851870855485322,0.35603584527217524,1.38,2399694.0,1314954.0,117837.0,0.16,0.26,-0.872173485736849,0.17483144058924727
2021,6438,迅得,1219601.0,0.31440118530568606,0.1726138302608804,0.12940133699464004,2.57,625608.0,859337.0,1385526.0,2.87,1.4,0.1360485929414621,2.865834785374158
2021,2612,中航,807407.0,0.13662502306767219,-0.003700735812297887,0.99089678439746,4.08,1974846.0,9305509.0,942282.0,-1.24,1.03,0.16704710263844635,4.727984884875111
2021,1598,岱宇,2774180.0,0.340326150430037,0.06715209539395425,0.014743455723853535,0.39,1339822.0,1011598.0,2433128.0,0.87,3.84,-0.12293794923184509,0.2677423936796702
2021,9937,全國,4738969.0,0.12081003273074797,0.030460422931654543,0.03097129354507278,0.48,3090430.0,2505846.0,5326606.0,0.73,0.8,0.12400102216325948,0.5338152879209235
2021,3015,全漢,3865646.0,0.15060923840413737,0.04515183231987616,0.04158063102518958,0.8,1872620.0,3467561.0,4374468.0,1.5,1.55,0.13162664144621616,0.9713296869599758
2021,2464,盟立,2327938.0,0.23177550261218297,0.07759270221114137,0.05143736645907236,0.61,1955312.0,2302385.0,2537420.0,0.82,0.66,0.08998607351226706,0.6675057607204343
2021,1612,宏泰,1616074.0,0.15484439450173693,0.11139217634836028,0.11176592161002528,0.58,3160801.0,2133446.0,1728196.0,0.36,0.81,0.06937924872252133,0.6110900960318579
2021,2845,遠東銀,,,,,0.19,35139632.0,12719156.0,2818633.0,0.21,0.2,,
2021,8213,志超,6735331.0,0.16724359946081344,0.09644217930789148,0.07598973235316869,1.89,2712425.0,7853155.0,7404347.0,1.64,1.49,0.09932934253713732,2.074359094832069
2021,8105,凌巨,2686477.0,0.10162417173123016,0.0200180384942808,-0.003346017851632454,-0.02,4415449.0,-63406.0,2696029.0,0.27,-0.69,0.00355558599608341,-0.020430450363074726
2021,9943,好樂迪,329774.0,0.34465118535724465,-0.244340063194794,-0.27007283776161856,-0.61,1473176.0,2746093.0,13900.0,-1.67,1.15,-0.9578499214613645,-0.02548244367873559
2021,2023,燁輝,23129569.0,0.11784313836544036,0.06169336748125311,0.050867830697580226,0.62,18905695.0,5851763.0,24401482.0,0.96,0.6,0.05499077825444987,0.6565484395818568
2021,2867,三商壽,32701697.0,,-0.04262512737488822,0.034012730287360925,0.45,25395011.0,24426895.0,30012757.0,-0.34,-0.46,-0.08222631382096168,0.4019749426456652
2021,1802,台玻,15113944.0,0.3296185959138131,0.22019771940401525,0.21078045545226315,1.04,29080608.0,21056016.0,15441616.0,1.22,0.48,0.021680112087222314,1.1192306754380632
2021,8210,勤誠,2338238.0,0.20340316084162519,0.1087040754619504,0.0759447926173469,1.48,1208610.0,2742924.0,2646238.0,1.8,1.96,0.1317231180059515,1.6628026917379706
2021,9925,新保,1779415.0,0.3532616056400559,0.12631623314403892,0.12424926169555725,0.55,3874896.0,5461536.0,1901631.0,1.0,0.73,0.06868324702219541,0.6097615207411612
2021,9928,中視,178226.0,0.0025304949895077035,-0.21408212045380584,-0.1249144344820621,-0.15,1507246.0,-1116185.0,201228.0,-0.04,-0.04,0.12906085531852818,-0.16676960378038086
2021,6414,樺漢,22805189.0,0.22562549251400635,0.040558620233316196,0.03346391911069012,3.14,968120.0,2142590.0,23491304.0,3.78,2.48,0.03008591597289545,8.119975797015156
2021,6531,愛普*,1633506.0,0.46033439730248926,0.3664657491310102,0.279310268832805,6.16,743406.0,1776858.0,2020626.0,-0.88,1.7,0.23698719196623697,7.591835299561148
2021,1516,川飛,424825.0,0.050717354204672514,0.04370505502265639,0.04516212558112164,0.56,356842.0,46419.0,207791.0,0.2,0.18,-0.5108785970693814,0.2629814662126893
2021,6153,嘉聯益,3124820.0,0.052711196164899096,-0.06974513731990963,-0.07512240705064611,-0.42,5561777.0,4070843.0,3904050.0,0.24,0.88,0.24936796359470303,-0.5273164192776427
2021,3092,鴻碩,670370.0,0.20483464355505168,0.0055461909094977405,0.003430941122066918,0.02,907565.0,510398.0,777228.0,-0.27,0.23,0.15940152453122902,0.02938217655398596
2021,2476,鉅祥,1611618.0,0.30121778237770985,0.17009117545224736,0.14044891531367856,1.06,1849683.0,2920577.0,1783943.0,1.13,0.52,0.10692670347439659,1.3545718878933832
2021,1102,亞泥,22084285.0,0.2812096022126141,0.240325598044039,0.24297956669188067,1.44,33673795.0,107357067.0,21502366.0,1.04,1.57,-0.02634991352448135,1.5515434400934698
2021,2892,第一金,,,,,0.46,128358011.0,58732725.0,16049575.0,0.42,0.36,,
2021,8454,富邦媒,22258273.0,0.10194910449701107,0.049510579729164075,0.039706988947435407,3.58,1820761.0,3083515.0,20907386.0,3.83,3.0,-0.06069145616104177,4.559463569473236
2021,1904,正隆,11545004.0,0.2627204806511977,0.13150242303943765,0.09893638841528335,1.04,11082745.0,17176639.0,11148806.0,0.7,0.82,-0.03431770140573365,0.9952611927664504
2021,2354,鴻準,22532634.0,0.08786970932914456,0.044632598212885365,0.06684433786125492,1.07,14144852.0,81712093.0,33323895.0,0.81,1.18,0.47891697881392825,1.5747875596245076
2021,2321,東訊,273164.0,0.20269142346722116,-0.0004173317128172087,0.004524754360018157,-0.03,945997.0,-655494.0,284473.0,0.11,-0.63,0.041400038072366696,0.013606496078290368
2021,2482,連宇,201220.0,0.3820644071165888,0.03470330981015803,0.009785309611370639,0.04,620725.0,10165.0,231900.0,0.31,-0.38,0.15246993340622206,0.0365574658484329
2021,4722,國精化,1163705.0,0.22607275898960646,0.11260929531109688,0.09799304806630546,1.16,1000092.0,1441943.0,1187539.0,0.83,0.72,0.020481135683012353,1.1635986120038189
2021,3010,華立,16865834.0,0.0887008018696259,0.0449204587214602,0.04291047807063677,2.77,2313901.0,11227828.0,18756298.0,3.46,2.75,0.11208837938284,3.4782893218652324
2021,3530,晶相光,1086136.0,0.39975933032327443,0.27729492439252545,0.22891240139356397,3.23,781109.0,760876.0,1113850.0,3.18,1.2,0.02551614162498983,3.2642573353043076
2021,1805,寶徠,56647.0,0.20608328772927076,-0.08033964728935336,-0.09176125831906368,-0.06,1002654.0,-398833.0,17408.0,-0.06,-0.15,-0.6926933465143785,-0.015931517600470957
2021,2910,統領,90459.0,0.8146231994605291,0.27751799157629425,0.21995600216672748,0.12,2087250.0,1074955.0,120567.0,0.16,0.21,0.3328358703943224,0.12705442718043278
2021,1587,吉茂,626868.0,0.2470679632713745,0.0872911043473267,0.056772717701334255,0.54,653566.0,302118.0,614619.0,0.35,0.57,-0.01953999885143287,0.5338954440848569
2021,3005,神基,7668662.0,0.25510538865841265,0.0815131766141212,0.31469296729990187,4.11,5932919.0,8581649.0,7464102.0,1.05,1.12,-0.02667479672464379,3.959097379568357
2021,4956,光鋐,459252.0,0.22089615287467448,0.10760105562958898,0.08455923980733888,0.39,1004082.0,514117.0,477589.0,0.37,0.04,0.03992796982920055,0.40220383176221836
2021,2413,環科,967479.0,0.1463670012475723,0.00587816376376128,-0.03811245515406536,-0.29,1273592.0,221431.0,1021721.0,0.11,0.3,0.05606529960857021,-0.3057517304793593
2021,1210,大成,27116530.0,0.09110151630758065,0.016432449137113045,0.01434969739859783,0.51,8521593.0,6268710.0,26557306.0,0.32,1.28,-0.020622992691173958,0.4472043018505654
2021,1531,高林股,759662.0,0.20229654767515026,0.1227796046136308,0.09716558153494581,0.41,1836081.0,1792646.0,740325.0,0.29,0.01,-0.025454741714078133,0.3917806956766001
2021,1783,和康生,121074.0,0.5228620513074649,0.17200224655995508,0.17666881411368254,0.31,694650.0,122391.0,138565.0,0.42,0.18,0.14446536828716328,0.3524093317161509
2021,6278,台表科,15754972.0,0.10590256840824598,0.05925291393726374,0.05528470631366403,3.0,2923984.0,10560380.0,18746657.0,3.83,2.65,0.18988830954444103,3.544490758526701
2021,3443,創意,3300837.0,0.31833622805367245,0.07072145640635996,0.06655948173145175,1.64,1340119.0,2993931.0,3584852.0,3.11,0.8,0.08604332779837365,1.7804828616261563
2021,6743,安普新,1596435.0,0.16916441947213634,0.05684478228051878,0.02647711933151052,0.33,1220000.0,732565.0,1292060.0,,,-0.19065918750215327,0.2804100557661597
2021,8201,無敵,244684.0,0.119803501659283,-0.1703789377319318,0.7446911118013437,2.92,623663.0,120539.0,154542.0,-0.42,-0.18,-0.3684016936129866,1.8453243787109908
2021,2913,農林,77883.0,0.2939537511395298,-0.6300347957834187,-0.4384910699382407,-0.04,7900000.0,5657005.0,100621.0,-0.04,-0.05,0.29195074663276976,-0.05584988601045028
2021,4755,三福化,990197.0,0.19851403306614746,0.09299361642178273,0.11590824856063996,1.14,1007060.0,1847072.0,1178983.0,1.55,1.33,0.19065499087555304,1.3569584196847158
2021,1446,宏和,29883.0,0.09985610547803099,-0.3378174882039956,-0.41170565204296755,-0.09,1377095.0,114698.0,39667.0,-0.17,0.15,0.3274102332429809,-0.11859115093431022
2021,2328,廣宇,5252609.0,0.11724935170312506,0.06192065695352538,0.052855447645160716,0.44,5183462.0,6228484.0,6914545.0,0.56,0.56,0.31640200136732055,0.7050719600869222
2021,2904,匯僑,122355.0,0.37610232520125864,0.24456703853540926,0.18699685341833192,0.33,690344.0,419392.0,109418.0,0.02,0.58,-0.10573331698745458,0.29638588453476883
2021,2029,盛餘,3644801.0,0.15716139235036425,0.1154842198517834,0.09466936603671915,1.06,3211800.0,4561271.0,3596863.0,1.03,0.21,-0.013152432739126252,1.0601928511455623
2021,8112,至上,52409345.0,0.03658547917360921,0.025018973238455852,0.0171940328580714,2.01,4284965.0,3760260.0,53908402.0,1.8,1.2,0.02860285699048526,2.1631514733822144
2021,8011,台通,373494.0,0.1077179285343272,-0.054185609407380035,-0.09810331625139895,-0.18,1476424.0,195096.0,405433.0,-0.49,-0.12,0.08551409125715548,-0.2693963374867479
2021,1326,台化,95875657.0,0.18361032978371142,0.13738653180754734,0.14411733314119557,2.12,58611863.0,194686819.0,91125938.0,1.63,2.26,-0.04954040627851963,2.2406431893403442
2021,8016,矽創,5534516.0,0.5685828715645596,0.37846507264591883,0.3314221153213759,13.0,1201369.0,5416747.0,6585814.0,15.69,2.62,0.18995301486164284,18.168309711613432
2021,3209,全科,11731081.0,0.05551346887810254,0.02729612045130368,0.018075401576376465,1.12,1891813.0,1008461.0,13701823.0,1.01,0.87,0.16799321392461608,1.3091460575301646
2021,9906,欣巴巴,37.0,0.6486486486486487,-639.918918918919,-835.5945945945946,-0.37,833439.0,-196678.0,964393.0,3.17,-0.2,26063.675675675677,-9668.872921291959
2021,2069,運錩,3432425.0,0.12848059316663873,0.06747445319271361,0.050047415457001976,1.11,1563868.0,1020228.0,4038066.0,1.49,0.41,0.1764469726213973,1.2922750944759671
2021,2353,宏碁,79778071.0,0.12018736326678042,0.04987523451149878,0.03735328471404128,0.97,30478538.0,11679542.0,81133970.0,1.0,0.76,0.01699588599980073,0.9943456872473619
2021,1539,巨庭,739407.0,0.10303932746106001,0.07094468946060829,0.013030712449300588,0.14,653700.0,617312.0,847593.0,0.82,-0.18,0.1463145466569833,0.16895732992259496
2021,2542,興富發,15590624.0,0.30101482788629885,0.22610345807839377,0.1805730161922961,1.97,12909636.0,20821693.0,10439188.0,1.66,0.45,-0.33041884660934673,1.4601772379627302
2021,2337,旺宏,11426446.0,0.39081023093269773,0.20174269409753479,0.16851092631952228,1.04,18560460.0,20433694.0,14974375.0,2.94,0.88,0.31050153302260397,1.3595276207086981
2021,8261,富鼎,1030723.0,0.293609437259089,0.19854315854017035,0.13570862394649194,1.72,813405.0,755726.0,1034155.0,2.38,0.68,0.0033297015784066186,1.7253859024395517
2021,2436,偉詮電,903621.0,0.29806301535710217,0.12721815894052926,0.22344544892161647,1.14,1780100.0,1642311.0,974817.0,1.01,0.85,0.07878966956279232,1.2236302577463256
2021,9931,欣高,287181.0,0.20120411865687493,0.14165630734623808,0.11500412631754886,0.3,1104306.0,1006549.0,263931.0,0.51,0.38,-0.08095939494604443,0.27486180518005865
2021,6505,台塑化,144972645.0,0.12413139044265903,0.10676204466021849,0.09370827855144673,1.43,95259597.0,176960882.0,164005347.0,1.08,1.67,0.13128478134616373,1.6133449252995138
2021,4764,雙鍵,793786.0,0.17067824325447917,0.04692322615919152,0.048611338572360815,0.51,754206.0,1233720.0,760973.0,0.13,0.2,-0.04133733777113735,0.49047496502845533
2021,1710,東聯,7275444.0,0.07057177541329436,0.032897511134715625,0.005164633251248996,0.06,8857031.0,4044307.0,6983380.0,0.26,-0.2,-0.040143804281910445,0.04072086521330592
2021,2546,根基,2531513.0,0.15896185403748667,0.12846744219761067,0.11158662823378747,2.67,1060357.0,1745244.0,2357545.0,1.45,1.19,-0.06872095857299565,2.48096157670883
2021,2356,英業達,114803528.0,0.04484284664143771,0.008973652795757287,0.008798422989230784,0.31,35874751.0,16753038.0,145079137.0,0.79,0.54,0.2637167126083442,0.3558122575508782
2021,2468,華經,533955.0,0.11581313031997079,0.03615473214034891,0.025989081476903483,0.2,699612.0,376842.0,511990.0,0.15,0.28,-0.04113642535419648,0.19019327606387276
2021,3049,精金,875950.0,0.3544882698784177,0.27548376048861234,0.3964381528626063,0.43,8069485.0,1335847.0,941013.0,0.24,0.09,0.07427707060905298,0.4623014424584713
2021,1437,勤益控,140441.0,0.6915644291909058,0.521094267343582,0.7101701070200298,0.49,2033713.0,3940819.0,179106.0,0.5,0.49,0.27531134070534957,0.6254359744365575
2021,3652,精聯,555821.0,0.32971586176125045,0.04970844930292306,0.03436538022133025,0.41,470975.0,82128.0,692189.0,0.38,0.35,0.24534517407582657,0.5050658351297279
2021,1528,恩德,876206.0,0.2542564191525737,0.023830012576951082,0.01203940625834564,0.06,1993310.0,-93521.0,996721.0,1.08,0.01,0.13754185659536677,0.0602010176300953
2021,3231,緯創,200878566.0,0.06029553197825994,0.016632685440416774,0.026289425025067134,1.49,29036121.0,24860899.0,220392194.0,0.3,0.99,0.09714141428110357,1.9954401141505955
2021,1342,八貫,460347.0,0.22207595574642608,0.13717478336993616,0.12363282480389792,0.84,678453.0,301448.0,528034.0,1.12,,0.1470347368398186,0.9622233966465095
2021,4426,利勤,167442.0,-0.5052018012207212,-0.7649454736565497,-0.6924487285149484,-0.68,1726773.0,1222348.0,108378.0,-0.57,-0.21,-0.35274303938080054,-0.43460378578419445
2021,1110,東泥,547777.0,0.09910054639022814,0.044837589018889075,0.04626882837358998,0.05,5720008.0,2136497.0,408540.0,0.13,0.04,-0.2541855536103196,0.033046574661690066
2021,1459,聯發,598869.0,0.06381362201082373,0.002609919698631921,0.24977415762044788,0.47,3586289.0,62452.0,613314.0,0.89,-0.15,0.024120467080446684,0.42715460942168176
2021,4306,炎洲,4620613.0,0.18384790070062132,0.08889837776935658,0.10041611361955655,0.79,5951028.0,2919962.0,4343745.0,-1.35,1.97,-0.05992018807894106,0.7329523427790637
2021,2012,春雨,2956933.0,0.1818810233441204,0.09315835022301824,0.08941629722418465,0.88,2877740.0,1085133.0,3277796.0,0.91,0.1,0.10851209682464913,1.0184672047378969
2021,1473,台南,918400.0,0.07621080139372823,-0.13125326655052263,-0.13408645470383276,-0.85,1471535.0,1040852.0,1653408.0,-0.21,-0.32,0.8003135888501742,-1.5065874539100648
2021,4106,雃博,576441.0,0.43332448594045186,0.0501664524209763,0.06093598477554511,0.34,1009116.0,972175.0,598425.0,0.31,0.28,0.038137467667983316,0.3613619909832525
2021,2801,彰銀,,,,,0.21,103847236.0,61508441.0,7756896.0,0.25,0.13,,
2021,3669,圓展,1021561.0,0.5216888663525722,0.22739709131417507,0.19157739968538345,2.11,929200.0,1941412.0,921324.0,1.9,5.04,-0.09812140439973727,1.8995356886325467
2021,8114,振樺電,2123016.0,0.3602200831270231,0.1142313576534515,0.053391966899919735,1.17,749218.0,1466919.0,2329994.0,2.12,0.51,0.09749243529017204,1.660437449781126
2021,6668,中揚光,317543.0,0.2555118519381627,-0.03324589110766101,-0.11315947761405543,-0.5,683309.0,367925.0,328017.0,-1.24,0.32,0.032984509184582844,-0.5432129880995219
2021,2911,麗嬰房,741473.0,0.43217487352877315,-0.23670450576083013,-0.22971976053072735,-0.9,1846778.0,-663912.0,829093.0,-0.64,-0.2,0.118170182865728,-1.0313044958175932
2021,6416,瑞祺電通,1118301.0,0.19157454030712662,0.05060354949159484,0.03978356453226815,0.58,731889.0,1098046.0,1057423.0,0.62,1.44,-0.05443793754990833,0.574787381124796
2021,5007,三星,1867520.0,0.23425559030157642,0.16687692769019877,0.13874228923920492,0.86,2949401.0,3384421.0,1973072.0,0.96,0.43,0.056519876627827204,0.9281495670265812
2021,5534,長虹,258666.0,0.19128915280709485,0.051313276580609746,0.06693187353575654,0.06,2903260.0,14257734.0,385373.0,-0.03,1.03,0.48984791197915456,0.0888440473815473
2021,8081,致新,2380188.0,0.47668881617754566,0.2963081067545925,0.230643965938825,6.11,861721.0,3528288.0,2516665.0,7.89,3.55,0.05733874803166805,6.735980631079351
2021,1605,華新,39143003.0,0.09343996933500477,0.05457126015599774,0.09435093674340725,1.05,34313329.0,41828120.0,42263025.0,1.32,0.56,0.07970829422566283,1.1621011760065714
2021,1472,三洋實業,178069.0,0.25369379285557847,0.0693888324188938,-0.008053058084225777,-0.02,860528.0,-623281.0,200245.0,0.1,-1.53,0.12453599447405228,-0.018739478739515633
2021,2516,新建,2070043.0,0.010588668931031867,-0.005011973181233433,0.0018192858795686854,0.02,2262785.0,-433453.0,2282331.0,0.06,-1.94,0.10255245905519828,0.018350009217852677
2021,1714,和桐,4999883.0,0.17121400640774995,0.11274623826197533,0.08274113614258574,0.2,10168248.0,2499703.0,5157557.0,0.24,-0.14,0.03153553793158759,0.41968107573708474
2021,3008,大立光,10113080.0,0.6033256930628453,0.49956126125769795,0.2926852155821965,22.07,1341402.0,135647349.0,11987429.0,39.22,43.74,0.18533908561981116,26.155792530063877
2021,2462,良得電,1277277.0,0.0625729579409948,-0.02613372040677159,0.12653950552620927,1.14,1419346.0,1204798.0,1196075.0,-0.01,0.38,-0.06357430690445376,1.0663413929532386
2021,1432,大魯閣,135918.0,0.2112891596403714,-0.49570329169057814,-0.5916876351918068,-1.07,750000.0,-173321.0,150614.0,-0.64,0.65,0.1081240159507939,-1.1882192198237171
2021,6464,台數科,1024713.0,0.5349556412380833,0.35315742066315153,0.26521767558330966,2.18,1246986.0,3247307.0,1058163.0,1.69,2.27,0.03264328646167258,2.2505748360307307
2021,3060,銘異,970395.0,0.16113335291298905,0.04300825952318386,0.04190046321343371,0.3,1375632.0,521297.0,1061352.0,0.63,-0.48,0.09373193390320433,0.32327788560097676
2021,6515,穎崴,641734.0,0.3871198970289871,0.1636254273577526,0.13171500964574107,2.51,338820.0,554544.0,754569.0,3.57,,0.1758283026923928,2.9333588074310017
2021,5519,隆大,1334184.0,0.2115465333117471,0.17089471916917007,0.13816684954998712,0.84,2191972.0,2360956.0,726739.0,0.3,0.72,-0.4552932728918949,0.4580863171386682
2021,2535,達欣工,3948414.0,0.18457892206845583,0.14438430215271245,0.10433910932338909,1.29,3373609.0,2620913.0,3431287.0,0.67,0.36,-0.13097081511715847,1.0612297673290645
2021,3090,日電貿,2812078.0,0.19396723703965538,0.11650459197788966,0.0849080288669091,1.28,1786572.0,2351785.0,2770115.0,1.22,1.0,-0.014922416803516803,1.3165156757447105
2021,3708,上緯投控,2796540.0,0.14716971686441102,0.025229748188833345,0.015910732548077268,0.41,935046.0,2004355.0,2370044.0,-0.1,2.41,-0.1525084568788574,0.40328642880858523
2021,3528,安馳,1695486.0,0.09774306599995518,0.03693867127183592,0.04101007026893764,1.06,656160.0,517922.0,1564271.0,1.14,0.9,-0.07739078942556887,0.9776710501960093
2021,2379,瑞昱,25839083.0,0.5040954046240728,0.16645137909886354,0.1665961984796442,8.43,5106849.0,25017493.0,28954850.0,9.57,4.92,0.1205834974871205,9.445683507674351
2021,1614,三洋電,1597213.0,0.20749017194325364,0.08328444609454093,0.06910412074031454,0.42,2691134.0,2418038.0,1503311.0,0.43,0.55,-0.05879115684633174,0.3860268007993767
2021,3032,偉訓,2143368.0,0.17618533075048243,0.05766065370015788,0.05452866703244613,0.85,1132856.0,1477336.0,1868213.0,0.68,1.51,-0.12837506205187355,0.8992419568125806
2021,2399,映泰,636806.0,0.22820921913424183,0.08932233678702776,0.23193248807329075,0.83,1781000.0,496465.0,679932.0,0.32,0.49,0.0677223518622625,0.8854481778812393
2021,2850,新產,4565335.0,,0.1570500302825532,0.13510728128384883,1.96,3159633.0,9791280.0,4714963.0,2.05,1.71,0.032774812801251274,2.016138685359786
2021,3296,勝德,879453.0,0.10794891824804737,-0.014850139802809246,-0.01446922120909247,-0.13,967244.0,358375.0,956930.0,-0.32,0.07,0.08809680562804378,-0.14314931756223723
2021,1537,廣隆,1944881.0,0.2091994317390113,0.1437722924950164,0.10348859390368871,2.46,820664.0,2261777.0,786041.0,0.66,2.95,-0.5958410823078636,0.9912251279530889
2021,1909,榮成,14017272.0,0.17743502444698225,0.0868658323816503,0.0650401875628867,0.71,12776857.0,8262939.0,15625638.0,0.38,0.27,0.11474172720626385,0.7954181738981424
2021,2393,億光,6757793.0,0.278048025442626,0.1176992251760301,0.09238341570983308,1.37,4433931.0,5936717.0,6620838.0,1.38,1.04,-0.020266231889612518,1.379488380178807
2021,1727,中華化,460742.0,0.2200211832218465,0.10909359250947386,0.13925363869584279,0.57,1082500.0,294738.0,509208.0,0.35,-0.13,0.10519119159963708,0.6550491164252444
2021,2419,仲琦,2335201.0,0.20945777258574316,0.028684468703122343,0.0213112275988234,0.06,3289862.0,425765.0,2168517.0,0.1,0.29,-0.07137886631600454,0.14047324580458911
2021,5469,瀚宇博,13375043.0,0.2024256669679492,0.1155151426429059,0.08442694352459278,1.39,5284413.0,12216557.0,17364860.0,2.67,2.4,0.2983031157357774,2.7743139200748694
2021,1235,興泰,3808.0,-0.15441176470588236,-1.3321953781512605,-5.524422268907563,-0.21,1043978.0,733693.0,29255.0,1.2,0.95,6.682510504201681,-1.5480879240452459
2021,1809,中釉,534453.0,0.21059288655878067,0.0028908061139146005,0.006241895919753468,0.05,1670419.0,1267313.0,551548.0,0.04,0.06,0.03198597444489981,0.020609830292568423
2021,4551,智伸科,2244021.0,0.27726701309836227,0.18096399276120856,0.1297006578815439,2.52,1152225.0,2094307.0,2115402.0,2.55,2.45,-0.057316308537219585,2.3812105368650545
2021,2107,厚生,578177.0,0.36860511573445504,0.2676913817049104,0.26278630938276687,0.44,3423260.0,7616263.0,570981.0,0.6,1.09,-0.012446015666482735,0.43831315680866073
2021,2406,國碩,2015464.0,0.08178513731825525,-0.04271224889157038,-0.06693843204344012,-0.21,2859057.0,-188824.0,1822381.0,-0.25,0.69,-0.09580076845828056,-0.42666979611024347
2021,6504,南六,1750329.0,0.1400479566984264,0.04374606145473223,0.01513372628802928,0.37,726000.0,2707244.0,1438219.0,0.26,6.57,-0.17831504819950994,0.29980182766175184
2021,9914,美利達,7293360.0,0.15018674520385666,0.06651365077275768,0.12841831474107956,2.97,2989838.0,14251784.0,7462036.0,4.07,4.51,0.023127337742823606,3.20506357754924
2021,4906,正文,6524004.0,0.08938053992609446,0.025913840641422048,0.027834440322231563,0.51,3629215.0,2930591.0,5537177.0,0.27,3.46,-0.15126094343289798,0.424676473452615
2021,5522,遠雄,5049891.0,0.3453787418381902,0.24908616839452574,0.1830386041995758,1.19,7815962.0,24121884.0,9141570.0,1.82,1.57,0.8102509539314808,2.140824396271011
2021,2459,敦吉,1797452.0,0.19251306849918662,0.09856674893126492,0.08476165149333613,1.31,1055956.0,3243351.0,1842466.0,1.68,1.52,0.025043227858101424,1.4789485639583566
2021,1101,台泥,27985712.0,0.30761540031570395,0.2516930425068335,0.295612989942868,1.25,63235800.0,85987152.0,26882251.0,0.59,1.21,-0.039429441709397994,1.2566841242626254
2021,3038,全台,1041617.0,0.16754814869572981,0.06326125629670022,0.05725232979108444,0.41,1624076.0,513288.0,1094234.0,0.48,0.42,0.050514728542256915,0.3857420824925526
2021,2530,華建,2090.0,1.0,-7.996172248803828,-15.31866028708134,-0.06,5207525.0,230308.0,2122.0,-0.07,-0.09,0.015311004784688942,-0.06242158631823487
2021,1452,宏益,490889.0,0.17924622470660373,0.10809979445455083,0.22108867788848396,0.82,1326414.0,1156648.0,500842.0,0.37,0.37,0.020275459421579933,0.8348109686042525
2021,2357,華碩,128079748.0,0.2164495982612333,0.10502359826629265,0.09215609168750082,15.31,7427603.0,149242878.0,139093109.0,15.25,14.15,0.0859883094086038,17.25762309334996
2021,6558,興能高,422196.0,0.18882462173966594,0.05408388520971302,-0.0018877488180844915,-0.01,866618.0,393833.0,430877.0,-0.04,0.44,0.020561540137755907,-0.009385767979545675
2021,3003,健和興,1193030.0,0.3582717953446267,0.24480105278157296,0.14066452645784264,1.07,1556549.0,3625697.0,1210115.0,1.27,0.48,0.014320679278811088,1.093574654151795
2021,6491,晶碩,1381345.0,0.5213194386630422,0.2482211178235705,0.21371706561358675,4.22,700000.0,2268741.0,1513425.0,5.16,2.9,0.09561695304214379,4.620639286089179
2021,5222,全訊,227308.0,0.574401252925546,0.34466010875112185,0.27147306737994265,0.5,602918.0,164660.0,214620.0,2.82,,-0.05581853696306338,0.9663594339708432
2021,2597,潤弘,5524219.0,0.15255640661603026,0.11310612414171126,0.07033265697829866,3.22,1849500.0,1160281.0,5094334.0,0.93,2.36,-0.07781824000822557,1.937269779696589
2021,3532,台勝科,2857443.0,0.18570169203725148,0.1328005493022958,0.09636587676464588,0.71,3878483.0,10475897.0,3175973.0,1.1,0.7,0.11147378967839439,0.7891111620853893
2021,2524,京城,2074655.0,0.37351848861617953,0.29298413471155443,0.21215913007222886,1.19,3731455.0,11765240.0,1025214.0,0.75,1.44,-0.5058388021140865,0.5829053556263443
2021,2228,劍麟,882888.0,0.2280629026558295,0.03254093384438343,0.11748035990975073,1.37,757803.0,2537039.0,901905.0,0.49,-0.12,0.021539538423899662,1.3982014323564795
2021,1409,新纖,,,,,0.67,16184093.0,11449089.0,11444616.0,0.75,0.44,,
2021,2457,飛宏,2823470.0,0.11320006941812734,-0.03789840161220059,-0.03947447644210847,-0.33,3376884.0,561793.0,3144150.0,-0.04,0.06,0.11357655650670972,-0.36753905406716764
2021,2486,一詮,1521324.0,0.2095431347957437,0.11054647136310214,0.09035353415840412,0.66,2019586.0,59882.0,1632627.0,0.68,-0.05,0.07316193000307636,0.7304151415806648
2021,3059,華晶科,2302341.0,0.2277846765531257,0.021592370548063906,0.031065771751447764,0.23,2793145.0,4201350.0,2470362.0,0.36,0.15,0.07297832944815741,0.2747573149100745
2021,5531,鄉林,741070.0,0.255367239262148,0.19551864196364716,-0.3073299418408517,-0.2,9775892.0,1977653.0,383462.0,-0.2,-0.12,-0.4825563037229952,-0.12055099847479563
2021,5706,鳳凰,22661.0,0.30634129120515424,-0.7785181589515026,0.053792859979700805,0.0,671174.0,346166.0,72735.0,0.17,0.2,2.209699483694453,0.05829522106970083
2021,3266,昇陽,198943.0,0.18391197478674795,-0.06665225717919203,-0.08964376731023459,-0.06,3523143.0,838969.0,477766.0,0.5,0.38,1.4015220440025535,-0.12156402431789325
2021,1108,幸福,1028262.0,0.14174597524755364,0.09884056787083448,0.07736938640152023,0.2,4047380.0,468826.0,830801.0,0.09,0.25,-0.19203374237305282,0.15881524243280692
2021,2636,台驊控股,7874725.0,0.22020019746721314,0.11199184733435136,0.21579775801694662,13.46,1346687.0,3155928.0,11160236.0,5.78,1.42,0.4172223156999133,17.883546122744306
2021,1521,大億,1241248.0,0.149070129418134,0.04509654799040965,0.02846248292041558,0.46,762300.0,1031295.0,1111375.0,0.12,0.22,-0.10463098429967255,0.41496119579793866
2021,2816,旺旺保,2185124.0,,0.053927832013194676,0.04310602052789682,0.42,2236080.0,3858696.0,2052264.0,0.37,1.4,-0.060802041440211174,0.3956250854739707
2021,2241,艾姆勒,267470.0,0.10955247317456163,-0.061950872995102255,-0.10275544920925711,-0.32,896023.0,15146.0,324104.0,-0.4,0.16,0.2117396343515161,-0.3716807728207542
2021,1617,榮星,1295739.0,0.12658876517570283,0.07067935749406323,0.04934944460265532,0.46,1442332.0,537153.0,1201854.0,0.32,0.42,-0.07245672160828687,0.4112148062545912
2021,2440,太空梭,1226165.0,0.07026949880317902,0.04111110658027264,0.03060354846207484,0.27,1391173.0,-17618.0,958700.0,0.16,0.48,-0.218131328165459,0.2108984426134719
2021,2323,中環,1955248.0,0.23423524790717085,-0.044350384196787315,-0.15273816927571338,-0.24,11588812.0,-328620.0,2263858.0,,-0.3,0.15783675523514162,-0.29837184900417574
2021,4576,大銀微系統,794298.0,0.34464269077852394,0.12221735419200351,0.0934095263994118,0.58,1198018.0,749077.0,840131.0,0.8,0.31,0.05770252474512083,0.6550505820735936
2021,1514,亞力,1369749.0,0.1848156122034037,0.064253377808635,0.06426870908465712,0.4,2174540.0,1162052.0,1451074.0,0.41,0.37,0.059372191547502506,0.4288661177366696
2021,6225,天瀚,3408.0,0.21185446009389672,-0.5498826291079812,-0.556631455399061,-0.07,437237.0,-419750.0,7679.0,-0.03,-0.01,1.2532276995305165,-0.09775872000789937
2021,3501,維熹,1351678.0,0.19821436762305816,0.08516007510664522,0.0724255333000907,0.83,1182579.0,3224667.0,1540272.0,1.02,1.61,0.13952583381545014,0.943319820724005
2021,4934,太極,514177.0,-0.12752612427238091,-0.3473395348294459,-0.36546558869805534,-0.81,2000000.0,-750790.0,273459.0,-0.68,-0.1,-0.4681617419682327,-0.49969927209890763
2021,2392,正崴,17433433.0,0.12496408481335833,0.019036124439747466,0.017689803264795866,0.62,5123269.0,10157473.0,21177317.0,0.82,2.16,0.21475311259692798,0.7312178443220861
2021,2501,國建,1207518.0,0.09818569992331377,-0.23230129902825464,-0.24982401918646346,-0.26,11595611.0,11171673.0,2442664.0,0.08,0.27,1.0228799901947632,-0.5262647548301539
2021,2474,可成,10401910.0,0.3214805742406923,0.20377613342165043,0.06622043451635325,0.89,7616181.0,138800077.0,9869666.0,2.64,0.77,-0.05116791050874314,0.8581381811320897
2021,2395,研華,14209687.0,0.36717057877488785,0.15463711480766607,0.1277514416749644,2.31,7727295.0,17762714.0,15506864.0,2.95,2.05,0.09128821767854567,2.563671028293349
2021,3494,誠研,106025.0,-0.18463569912756425,-0.9710257014854987,-0.5976137703371847,-0.15,1794506.0,-1015436.0,135259.0,-0.67,-0.44,0.2757274227776467,-0.4504450860684626
2021,3321,同泰,585309.0,0.12378589770531463,-0.0009311321028721582,-0.032616959588866734,-0.12,1561448.0,-642219.0,566193.0,-0.1,-0.09,-0.0326596720706499,-0.11827159278118275
2021,2038,海光,2412981.0,0.09176367323240424,0.06870381490778418,0.06874525742225074,0.93,1812645.0,543320.0,2481736.0,0.42,0.13,0.02849380082147346,0.9412079043280226
2021,8070,長華*,4900716.0,0.1776911781870241,0.11495912025916213,0.09655813558671834,0.5,686533.0,3111876.0,5472386.0,1.03,-4.61,0.1166503017110152,7.696693230636535
2021,3706,神達,12042720.0,0.09486336973706937,0.004658499076620564,0.24477177913295337,2.46,12065568.0,7985267.0,9283416.0,6.53,0.65,-0.2291263103352067,1.8833081465798587
2021,1558,伸興,2256167.0,0.23364094945099365,0.13637155405606058,0.09286723899427658,3.49,605356.0,3819125.0,1591988.0,0.16,5.21,-0.29438379339827236,2.4422576148914095
2021,2545,皇翔,2045239.0,0.4802949679719583,0.33290877007528213,0.4217663559124386,2.64,3277348.0,9217391.0,1211973.0,-0.27,3.0,-0.40741742163140837,1.5597044795800323
2021,1712,興農,4728375.0,0.2783774552568271,0.05916916488222698,0.046631030745234885,0.51,4204926.0,2615678.0,4609609.0,0.62,0.51,-0.02511772014698499,0.5111881136612427
2021,1752,南光,442703.0,0.33882761128792893,0.14954043681655646,0.12256524125655349,0.54,1009885.0,649802.0,464905.0,0.45,0.29,0.05015100417209739,0.5642344770580611
2021,1713,國化,155590.0,0.1677742785526062,0.06666880904942477,0.2714056173275918,0.28,1509517.0,880502.0,157802.0,0.27,0.12,0.014216851982775225,0.2837222053513053
2021,6214,精誠,6819247.0,0.23992619712997637,0.047348336260587126,0.0493847781140645,1.36,2693933.0,5518159.0,7781761.0,0.93,2.04,0.1411466691263712,1.4265408245924478
2021,9912,偉聯,173568.0,0.37714901364306785,0.05912380162241888,0.0583056784660767,0.21,546246.0,-12588.0,140289.0,0.0,0.02,-0.19173465154867253,0.1497428873864053
2021,2527,宏璟,1140456.0,0.3317760615052225,0.2567946505608283,0.16872023120576332,0.74,2703060.0,3221810.0,3193109.0,3.93,0.56,1.7998528658711952,1.9930822428847443
2021,1903,士紙,99594.0,0.5865011948510954,0.14411510733578328,0.10129124244432396,0.04,2600391.0,-137024.0,49382.0,0.01,-0.03,-0.5041669176858043,0.019235430880916005
2021,2538,基泰,54454.0,0.6962022991883057,-0.5397215998824696,-2.2154846292283397,-0.28,4384488.0,1753910.0,56631.0,-0.06,-0.13,0.03997869761633677,-0.2861568101858874
2021,3046,建碁,574743.0,0.16787503284076535,0.02520430870841402,0.02047871831409865,0.16,714480.0,-150555.0,739819.0,1.08,-0.38,0.28721706919440515,0.21204995107516164
2021,8021,尖點,933688.0,0.33772202277420293,0.17479714851213682,0.1370757683508838,0.84,1421805.0,2350243.0,1052464.0,0.93,0.66,0.12721165956936353,1.0146771987835503
2021,3550,聯穎,1283208.0,0.1800510907039233,0.040622408837850135,0.028865156701018073,0.43,850000.0,992287.0,1223487.0,0.07,0.18,-0.04654038939906857,0.4154840467842176
2021,1519,華城,2379236.0,0.15447437748924445,0.0377894416526986,0.02705406273274278,0.24,2610585.0,684500.0,1982333.0,0.18,0.66,-0.1668195168533092,0.2054334999212291
2021,5607,遠雄港,573668.0,0.5933693355738859,0.4134150763159179,0.27544328775528704,0.55,2299791.0,2166641.0,609212.0,0.63,0.5,0.0619591819658758,0.7296461122770458
2021,1535,中宇,1924086.0,0.0961401933177623,0.04084069007310484,0.06141409479617855,0.95,1237426.0,1231361.0,2005217.0,0.8,0.46,0.04216599465928228,0.9951996072889107
2021,1451,年興,1854676.0,0.06524913246302859,0.0028166644740105547,0.005471575628303812,0.06,1980000.0,5016027.0,2326897.0,0.45,-0.2,0.25461104796740774,0.06430198441804674
2021,6152,百一,875650.0,0.14730200422543255,-0.03569805287500714,-0.019729343915948154,-0.1,1677385.0,-579548.0,1012856.0,0.04,0.26,0.15669045851653052,-0.11913176975668426
2021,1441,大東,378010.0,0.11233565249596572,-0.017261448109838363,-0.04419988889182826,-0.04,1008000.0,-147152.0,359680.0,-0.26,-0.26,-0.04849078066717816,-0.15771642893465065
2021,6213,聯茂,8167579.0,0.1990100126365475,0.13981878840718895,0.10528872754092737,2.58,3329572.0,8329462.0,8939304.0,2.4,1.93,0.09448638329669046,2.826813606257868
2021,2701,萬企,58783.0,0.6508004014766174,0.5380467141860742,0.48041100318119184,0.06,4499678.0,2524802.0,47964.0,0.09,0.1,-0.18404981031931,0.05120907175265138
2021,8476,台境*,127637.0,0.11624372243158332,0.004309095325023308,-0.018113869802643436,-0.04,605103.0,-254949.0,112952.0,-0.42,-0.64,-0.11505284517812231,-0.033812389327902544
2021,8131,福懋科,2466909.0,0.21002679871855834,0.18867984185877956,0.1453296412636218,0.81,4422222.0,4678242.0,2448632.0,0.93,0.81,-0.007408866723498941,0.8047058925278396
2021,4904,遠傳,19497981.0,0.31992558614145744,0.13186170404002343,0.10203487222600124,0.6,32585008.0,25631752.0,20703662.0,1.03,0.64,0.06183619729653045,0.6483028964670863
2021,2024,志聯,416497.0,0.18567000482596513,0.1347572731616314,0.10269221627046533,0.44,975000.0,221255.0,404319.0,0.46,0.06,-0.029239106164030026,0.42585040195136686
2021,1737,臺鹽,986096.0,0.3546814914572212,0.14617339488244552,0.10843467573136896,0.54,2000000.0,1670246.0,1124034.0,0.5,0.48,0.13988293229056814,0.6094213115051679
2021,5521,工信,870638.0,0.08647336780613757,0.044911892198594594,0.037421982500189514,0.08,4475274.0,856274.0,1146947.0,0.03,-1.16,0.3173638182574159,0.09590704516113395
2021,4572,駐龍,104972.0,0.3974488435011241,0.2172007773501505,0.14481004458331745,0.42,358000.0,1075742.0,119899.0,0.5,-0.27,0.14219982471516213,0.48498825518142963
2021,6592,和潤企業,4239579.0,0.654061877370371,0.20448681343123928,0.17062283778648776,1.35,5150004.0,9900461.0,4507206.0,1.47,1.3,0.06312584339152538,1.4932653998099503
2021,2426,鼎元,831182.0,0.2316424080405976,0.12548635557555385,0.02495001094826404,0.07,3006223.0,610535.0,832209.0,0.36,-0.13,0.0012355897986240372,0.06906880714186495
2021,2423,固緯,616280.0,0.5073051210488739,0.12966995521516195,0.06721782306743689,0.28,1450472.0,899024.0,721641.0,0.63,0.43,0.17096287401830335,0.3344231192067701
2021,6443,元晶,1369157.0,0.0016462684703069115,-0.06943907820651686,-0.06850200524848502,-0.21,4457967.0,-92245.0,1405780.0,-0.24,0.35,0.026748575948558173,-0.2160149434444339
2021,1201,味全,4941992.0,0.2944719457255293,0.03929933516687198,0.020110311793301163,0.19,5060629.0,1918851.0,5541870.0,0.4,0.43,0.1213838468374695,0.22022703821588566
2021,2022,聚亨,3292853.0,0.12335776908352726,0.08420266559120616,0.05973695151286741,0.31,4797520.0,-1119118.0,2493654.0,0.23,0.07,-0.24270716002202342,0.31050060883095404
2021,2017,官田鋼,1184645.0,0.22244554275753495,0.14553304998543867,0.18419442111349812,0.73,3418675.0,392132.0,867836.0,0.43,0.03,-0.2674294830940914,0.4675804211908232
2021,2492,華新科,11656782.0,0.340442070547429,0.2535212548368838,0.21842511938543588,4.82,4858043.0,30986088.0,10997006.0,5.52,4.9,-0.05660018348117002,4.944423811053864
2021,2851,中再保,5278827.0,,0.10299447206737405,0.08610719767857518,0.77,5903888.0,7104259.0,4905713.0,0.71,0.88,-0.07068123278144933,0.7154898586242762
2021,6120,達運,4790925.0,-0.007885951042857069,-0.07170201996482933,-0.049865527012007076,-0.36,6655551.0,209354.0,5447613.0,-0.24,-0.3,0.13706914635482703,-0.4081526731632902
2021,2302,麗正,196045.0,0.3498686526052692,0.15975413808054273,0.12952128337881608,0.15,1663029.0,114502.0,206653.0,0.2,0.21,0.054110025759392055,0.16094705368386528
2021,9907,統一實,10559475.0,0.12584688159212462,0.05558846438861781,0.04247891112010777,0.29,15791453.0,4387290.0,11686432.0,0.45,0.38,0.10672471879520518,0.31436429962409623
2021,4545,銘鈺,643265.0,0.18173381110428827,0.04667438769402968,0.02471143307967945,0.21,770000.0,337324.0,500583.0,0.5,0.36,-0.22180905225684588,0.1606509520172101
2021,9924,福興,2604092.0,0.17100471104707515,0.08224517413363276,0.052655589741069056,0.71,1884521.0,3898652.0,2385355.0,1.18,1.45,-0.08399741637392222,0.6664944262590217
2021,2105,正新,25528918.0,0.22662229554734753,0.08409815880171655,0.06275647875088165,0.49,32414155.0,57981947.0,24235917.0,0.29,0.79,-0.05064848420132806,0.46922735151313727
2021,2331,精英,7436937.0,0.08116419434506437,-0.01702891929836168,0.015987226999502616,0.18,5574030.0,161104.0,8392459.0,0.14,0.19,0.12848327207827626,0.240709409739486
2021,2472,立隆電,2448567.0,0.2999092938849539,0.18597898280912878,0.1518908814829245,1.54,1603780.0,2638441.0,2694166.0,1.69,1.66,0.10030315690769331,2.551592167263121
2021,6205,詮欣,424839.0,0.2762105173960018,0.09392970042769143,0.07357375382203611,0.44,720290.0,922630.0,423841.0,0.69,0.57,-0.002349125198016222,0.43293081111337944
2021,1312,國喬,5933076.0,0.22628211740419304,0.15662600647623592,0.2846847065501942,1.82,9266203.0,22282287.0,5652343.0,1.61,1.56,-0.04731660272007299,1.7365641657926598
2021,8367,建新國際,563004.0,0.3362640407528188,0.1599668918870914,0.9187021761834729,4.43,811319.0,1433607.0,757853.0,0.87,0.64,0.346088127260197,8.58159614562427
2021,3034,聯詠,34111302.0,0.5032565452939908,0.351555710186612,0.28688638152832746,16.08,6085115.0,36452642.0,38345587.0,20.16,5.59,0.12413143889963507,18.07825604283514
2021,2467,志聖,1531029.0,0.3476759747855854,0.13586418023433913,0.1319609230132153,1.25,1492055.0,1250849.0,1328687.0,0.98,0.88,-0.13216078859381497,1.1751226524200515
2021,2383,台光電,9557891.0,0.24543521159636578,0.16703067653732398,0.13087918663228112,3.76,3329183.0,12179774.0,10776517.0,5.38,3.42,0.12749946614791896,4.236540255338774
2021,2471,資通,139047.0,0.25104461081504814,-0.08115960790236394,-0.12018957618646932,-0.36,472539.0,155895.0,218686.0,1.28,1.2,0.5727487827856768,-0.5562245160275496
2021,3011,今皓,414407.0,0.07237812102594791,-0.05407727186075525,-0.044043657563699455,-0.16,1127192.0,-359195.0,395522.0,-0.05,-0.23,-0.045571141414117,-0.1545454148619715
2021,1447,力鵬,6128858.0,0.060124088370133555,0.029301706778000078,0.017974147875509598,0.12,9144872.0,734504.0,5589020.0,0.01,-0.11,-0.08808133587040201,0.10985158891144749
2021,1789,神隆,747638.0,0.45090538469152186,0.1481626134573149,0.1213140584079461,0.12,7907392.0,1173246.0,654230.0,0.01,0.1,-0.12493746973802833,0.10037101541472913
2021,2359,所羅門,948300.0,0.20219656226932406,0.010461879152167036,0.08670884741115681,0.43,1714711.0,2720920.0,914377.0,-0.09,-0.02,-0.0357724348834757,0.46237865021727464
2021,1615,大山,1468092.0,0.19092536435046306,0.16098582377671153,0.13876242088370483,1.66,1230480.0,1092587.0,1110723.0,0.25,0.94,-0.24342411783457707,1.2525730805150126
2021,3679,新至陞,1174518.0,0.2642598921429897,0.16387658596973398,0.0637776517686404,1.19,625612.0,2838543.0,1061990.0,2.26,3.88,-0.09580781222595136,1.082639533796961
2021,2347,聯強,96566850.0,0.04213890170384557,0.021152786903580266,0.03547873830408675,2.0,16679470.0,29905740.0,101892104.0,5.01,1.26,0.05514577725171743,2.1673370275367208
2021,1532,勤美,3308803.0,0.20630451556046098,0.050633718598538505,0.025843182564812713,0.16,3761221.0,6494665.0,5647757.0,0.79,0.33,0.7068882614045018,0.3880548769474034
2021,2305,全友,159529.0,0.31840605783274517,-0.1007841834400015,-0.011308288775081646,-0.02,2056608.0,-103911.0,152271.0,0.0,0.08,-0.04549643011615445,-0.008372642915278252
2021,1540,喬福,114651.0,0.07122484758091949,-0.0715737324576323,-0.12790991792483275,-0.17,854736.0,264927.0,53364.0,-0.03,-0.17,-0.5345526859774445,-0.07985839908627664
2021,4155,訊映,300510.0,0.15016471997604072,-0.017826361851519083,-0.010864863066120927,-0.01,949337.0,189809.0,309091.0,0.17,0.29,0.028554790190010282,-0.035374491776580745
2021,2489,瑞軒,4867342.0,0.08217298065350657,0.0031775042723523436,0.1663562987766218,1.0,8093620.0,7788690.0,6585226.0,-0.12,0.3,0.35294088642219923,1.3535276229518782
2021,8046,南電,12484947.0,0.26992881908109023,0.23025936754076728,0.1865282247493722,3.61,6461655.0,10296785.0,14113689.0,4.82,1.62,0.1304564608884604,4.0741905190461924
2021,6230,尼得科超眾,2330545.0,0.16830440948361863,0.036786245277392195,0.024129549096885063,0.65,863434.0,3466882.0,2847778.0,1.07,2.74,0.22193649983158448,0.7958407830596103
2021,2233,宇隆,878665.0,0.3703948603847883,0.2238225034569489,0.15518087098040778,2.33,602881.0,1434836.0,868099.0,2.67,2.01,-0.012025060745562866,2.234476769332937
2021,1215,卜蜂,6109230.0,0.1450302247582756,0.07455751379470081,0.06315362165117372,1.46,2679910.0,3785145.0,6233470.0,1.07,2.02,0.02033644174470428,1.468953084073502
2021,1213,大飲,102751.0,-0.0017420755029148136,-0.2043970374984185,-0.22640168952126988,-0.41,566226.0,-88789.0,128784.0,-0.72,-0.11,0.25336006462224203,-0.5149342344453843
2021,2349,錸德,1918460.0,0.17609384610573064,0.0063060996841216395,-0.006578192925575722,-0.11,6936797.0,-1215929.0,1974910.0,-0.13,-0.28,0.029424642682151392,-0.018728152187023422
2021,2007,燁興,1753638.0,0.07285654165797045,0.04772250601321367,0.0044849621187497074,0.02,5306516.0,-3138403.0,1959843.0,0.02,-0.18,0.11758698203392037,0.016564204486892685
2021,2329,華泰,4148371.0,0.19965282757978975,0.1316743367456768,0.10220831261234832,0.76,7370410.0,805059.0,3949776.0,0.65,0.02,-0.047873008465250555,0.5477306420629934
2021,6271,同欣電,3434584.0,0.3171801883430424,0.235353102442683,0.18294384414531717,3.53,1787083.0,5540450.0,3776582.0,5.18,1.82,0.09957479566666594,3.866090320427256
2021,6116,彩晶,8066588.0,0.4681470034170581,0.38781341008118925,0.3400479855919256,0.91,30271869.0,18822694.0,6113615.0,0.45,0.52,-0.24210645194721736,0.6867506150461277
2021,1609,大亞,7171922.0,0.11208320447433756,0.06711366911129261,0.061104819600659346,0.61,5950680.0,2168406.0,6959596.0,-0.03,0.29,-0.029605174177856353,0.714649179713025
2021,2515,中工,3884412.0,0.06079427208030456,0.024717769381826644,0.017016732519619444,0.04,15308998.0,5545094.0,4683560.0,0.09,0.08,0.20573203872297796,0.05206015949547374
2021,1419,新紡,634279.0,0.31431278664436313,0.1158291540473514,0.04755320608123555,0.1,3000413.0,2213726.0,648121.0,1.02,0.84,0.021823203984366435,0.10271996381356989
2021,3019,亞光,5228091.0,0.20525733006560137,0.10153036739414062,0.09109099286909887,1.36,2810839.0,4217855.0,5373403.0,1.31,0.66,0.027794466469692303,1.7413612603062447
2021,2109,華豐,1386662.0,0.2542458075580062,0.15246685926346867,0.10976575401936449,0.35,2793492.0,356483.0,1297502.0,0.24,0.41,-0.064298293311564,0.5098324440221538
2021,3023,信邦,6390201.0,0.2578895405637475,0.12107569073335878,0.1069398286532771,2.73,2333129.0,5109367.0,6657186.0,2.84,2.66,0.041780375922447544,3.0513457685065646
2021,2010,春源,6744871.0,0.09930138026361067,0.060047404909597236,0.05720435572452016,0.58,6476554.0,4473635.0,6963359.0,0.51,0.18,0.03239320663063827,0.6150407535759587
2021,1810,和成,1352322.0,0.25928588013801446,0.035913044378483826,0.0490748505163711,0.18,3698536.0,1768917.0,1216548.0,2.88,0.01,-0.10040064422526584,0.16142038700174943
2021,1597,直得,489769.0,0.42337305954439747,0.25868317512949984,0.1699903423859003,1.03,811876.0,952009.0,491846.0,1.21,0.58,0.004240774732578112,1.0298256130386354
2021,1104,環泥,1464513.0,0.18544662969874628,0.11018338519357629,0.21226032134914474,0.46,6536092.0,12047776.0,1453213.0,0.3,0.6,-0.007715875516297932,0.4719325529211564
2021,3042,晶技,4341126.0,0.3653616596247149,0.23952564380762043,0.21199707172747348,2.97,3097570.0,5610957.0,4103137.0,2.84,1.35,-0.0548219517240458,2.808178762373894
2021,2461,光群雷,1528159.0,0.20860525639020547,0.04278154302006532,0.0861062232398592,0.8,1593246.0,887712.0,1457978.0,0.82,0.39,-0.04592519495680747,0.7879572843541012
2021,6215,和椿,557781.0,0.26462894935467507,0.12228275972110918,0.0973876844137753,0.65,827897.0,371590.0,531798.0,0.83,0.14,-0.04658279862526693,0.6255678640685601
2021,4952,凌通,947846.0,0.4406222107810763,0.22281362162207785,0.18501739734091824,1.61,1088158.0,1185170.0,1010670.0,2.03,0.91,0.06628080932978575,1.7184226276932746
2021,2609,陽明,73271250.0,0.6016948257331491,0.5779803128785165,0.47247406042615625,10.39,33321043.0,60712974.0,95454024.0,14.85,1.05,0.30274867700496433,13.534855527570302
2021,3622,洋華,319515.0,0.1593665399120542,-0.032558721812747445,0.06373722673426913,0.09,1513276.0,339569.0,422847.0,0.99,0.94,0.32340265715224636,0.1780976841825648
2021,2430,燦坤,6013160.0,0.150956235989064,0.034682928776217495,0.028282467122112166,1.02,1664688.0,2019294.0,5590489.0,0.72,0.5,-0.07029099508411552,0.949804535979293
2021,8374,羅昇,974073.0,0.17558437611965427,0.05670519560648945,0.04234487558940654,0.37,1122505.0,614569.0,910763.0,0.28,0.24,-0.06499512870185298,0.3435721526980697
2021,6674,鋐寶科技,733785.0,0.18664186376118344,0.03498299910736796,0.023809426466880626,0.26,669704.0,624699.0,727821.0,0.23,0.39,-0.008127721335268512,0.25875611584448543
2021,1734,杏輝,608390.0,0.37686681240651554,0.005317312907838722,-0.03680040763326156,0.03,1677221.0,255149.0,567762.0,-0.2,-0.06,-0.0667795328654317,-0.12457435864847775
2021,5203,訊連,421452.0,0.8978958457902679,0.1572065146208821,0.14011322760361797,0.74,788433.0,2302151.0,372774.0,0.73,0.62,-0.11550069758833748,0.6624604539220338
2021,3031,佰鴻,445182.0,0.2846925527087798,0.11077042647726099,0.26991432717405467,0.68,1816742.0,586711.0,376074.0,0.28,0.22,-0.1552353868754801,0.558735146089293
2021,5525,順天,137399.0,0.40156041892590194,-0.006331923813128189,-0.14610732246959585,-0.08,2645913.0,1483421.0,138674.0,-0.19,0.0,0.009279543519239652,-0.07657578626413164
2021,2493,揚博,651864.0,0.2524637040855148,0.1470751567811691,0.13373341678632353,0.77,1144373.0,752641.0,707924.0,0.48,0.38,0.08599953364505475,0.8272922844653037
2021,1465,偉全,90734.0,0.09934533912315119,-0.08793836929927039,-0.18365772477792228,-0.16,1036073.0,396553.0,115089.0,-0.6,-0.16,0.2684219807348953,-0.2040105657320121
2021,2534,宏盛,815646.0,0.4446083227282424,0.22881249954024172,0.17859831348403596,0.31,4742280.0,6300756.0,1038714.0,0.51,0.24,0.2734862918471985,0.391188560338607
2021,9942,茂順,977531.0,0.37330478521908766,0.22750173651781888,0.1633533872583069,1.91,831613.0,2440270.0,971380.0,1.77,1.29,-0.006292383566352422,1.908077595167153
2021,1310,台苯,3430211.0,0.05931092868631113,0.04228836068684987,0.0722943865552294,0.48,5278698.0,2329335.0,3288342.0,-0.28,0.03,-0.04135868026777356,0.4503547421614121
2021,3504,揚明光,1097900.0,0.18366153565898533,0.015434010383459332,0.01163402860005465,0.11,1140598.0,551713.0,1142424.0,0.3,-0.42,0.040553784497677325,0.116526536863898
2021,1435,中福,3618.0,0.8861249309010503,-2.1633499170812605,-9.32227750138198,-0.25,1397801.0,-190166.0,3677.0,-0.07,-0.09,0.016307352128247743,-0.24522814315186164
2021,2812,台中銀,,,,,0.28,41516943.0,16055338.0,3368533.0,0.27,0.28,,
2021,1325,恆大,402108.0,0.4710948302446109,0.413478468471157,0.34411899290737813,1.63,852812.0,2101312.0,169120.0,-0.29,8.04,-0.5794164751758234,0.6824177436585764
2021,8101,華冠,172173.0,-0.22366456993837594,-0.9088184558554477,-0.986780737978661,-0.81,2080888.0,-1974194.0,203970.0,-0.3,-0.86,0.18468052482096486,-0.9672489202951214
2021,1707,葡萄王,2503867.0,0.7861156363337191,0.22050811804301107,0.18808107619134723,2.2,1481374.0,4934720.0,2403567.0,2.04,2.23,-0.04005803822647125,3.051663307564517
2021,1786,科妍,126802.0,0.6570164508446239,0.24537467863282914,0.24943612876768506,0.52,610050.0,213131.0,127269.0,0.23,0.51,0.0036829072096653537,0.5203751605955989
2021,2439,美律,8168668.0,0.09591551523455231,-0.006229044931193188,0.01824544711573539,0.54,2096826.0,4772808.0,8464631.0,2.2,1.91,0.036231488414022905,0.7365464624375812
2021,3016,嘉晶,1234882.0,0.14270594275404452,0.09180310345441912,0.07487112128932157,0.33,2805381.0,212581.0,1348126.0,0.46,-0.1,0.0917043085898086,0.3597932161773674
2021,3308,聯德,95117.0,-0.060967019565377374,-0.2827885656612383,-0.3132563053923063,-0.31,985696.0,-307102.0,111497.0,-0.04,-0.25,0.17220896369734118,-0.354339860183322
2021,1229,聯華,3232951.0,0.38324768918551505,0.2971461676963245,0.6348707419320615,1.18,12814983.0,13134510.0,2592174.0,0.43,0.62,-0.19820189047096604,1.2841963431375598
2021,1454,台富,419004.0,0.08666981699458716,-0.005923571135359089,0.02127425991159989,0.07,1298338.0,66457.0,394123.0,0.04,-0.14,-0.05938129468931086,0.06458006419853292
2021,2852,第一保,1573001.0,,0.09405206989696764,0.07273294804008389,0.38,3011638.0,3803961.0,1752839.0,0.94,0.47,0.11432796291928615,0.4233216206915725
2021,4989,榮科,1158940.0,0.2187749150085423,0.19024712237044195,0.14111429409632942,1.07,1377765.0,372369.0,1222370.0,1.06,0.09,0.05473104733635914,1.2519833184507532
2021,4960,誠美材,2747626.0,0.0806496226196724,0.022559474979491387,0.08241478279794993,0.34,6707285.0,3124420.0,2821542.0,0.37,0.0,0.02690176901805419,0.34669284380385396
2021,2849,安泰銀,,,,,0.34,19579101.0,13714408.0,1517973.0,0.32,0.18,,
2021,8039,台虹,2372276.0,0.24652106247333785,0.11514132419667863,0.08362096147328557,0.94,2091197.0,4906000.0,2685848.0,1.18,1.5,0.132181921496487,1.0739934694392785
2021,6269,台郡,7051799.0,0.14313425552827017,0.031385608126380235,0.01667999896196701,0.34,3612026.0,18365591.0,9099207.0,2.66,1.68,0.29033839450046717,0.42019288707978003
2021,6442,光聖,727566.0,0.24433247293029087,0.10038814348114122,0.04780184890442929,0.53,693000.0,981309.0,768426.0,0.34,0.13,0.05615985353906039,0.5300459386181094
2021,1776,展宇,376681.0,0.20858232828308304,0.05713056936771432,0.3423400702451146,1.78,703353.0,473254.0,358014.0,0.11,0.23,-0.04955652130051691,1.7425466004799075
2021,1582,信錦,2525003.0,0.13161766540475398,0.022988883577564068,0.008684742156741991,0.2,1237242.0,2855911.0,2625573.0,0.6,2.11,0.03982965564793384,0.1843004401620988
2021,6552,易華電,819152.0,0.24444913764478388,0.16599849600562533,0.14428091489735725,1.42,830000.0,617889.0,820550.0,1.55,0.62,0.0017066429673613381,1.4263819845665844
2021,2605,新興,972415.0,0.26305949620275293,0.20634605595347666,0.24726788459659713,0.34,5853533.0,10572537.0,1123855.0,0.29,0.23,0.155735976923433,0.47474448071499487
2022,2883,凱基金,,,,,0.23,190824559.0,61255774.0,25334172.0,0.4,0.91,,
2022,3054,立萬利,7675.0,0.3885342019543974,-1.3162214983713354,-10.224625407166124,-0.97,834110.0,-35260.0,7887.0,-0.15,-1.04,0.027622149837133625,-0.9667983909354789
2022,8103,瀚荃,1060144.0,0.30947493925353536,0.137683182661978,0.11575219970117268,1.57,789534.0,1634020.0,917872.0,1.31,1.32,-0.1342006368946106,1.3456760955717522
2022,3432,台端,6025.0,0.24829875518672198,-1.5070539419087137,6.80746887966805,0.62,665860.0,907196.0,6479.0,1.11,0.26,0.07535269709543568,0.6623853493432447
2022,2104,國際中橡,5845135.0,0.11185113774104448,0.04734552751989475,0.005978647199765275,-0.01,9847336.0,10780972.0,6693342.0,0.57,0.66,0.1451133292900848,0.04063751902582719
2022,4999,鑫禾,602301.0,0.24072017147572394,0.09185108442456513,0.1457111975573675,1.18,744172.0,2342110.0,555738.0,1.24,0.4,-0.07730852181882486,1.0881523291407942
2022,1526,日馳,610485.0,0.4035889497694456,0.2665077766038478,0.19340524337207302,1.97,600000.0,711596.0,595396.0,1.8,1.07,-0.024716413998705944,1.9192118047126465
2022,6257,矽格,5154295.0,0.32707169457704693,0.23993795465723247,0.22246514799793182,2.18,4531775.0,9777270.0,4783905.0,2.16,1.92,-0.07186045812278885,2.3484222712580523
2022,3419,譁裕,484356.0,0.16931967395882366,-0.02597882549199349,0.03749308359966636,0.16,1204804.0,97117.0,583514.0,0.6,-0.05,0.2047213206814822,0.18158753775365719
2022,3622,洋華,513846.0,0.28616355873160443,0.18599346886032,0.20994033231746476,0.67,1513276.0,614302.0,340800.0,1.54,0.99,-0.3367662684928947,0.47279984123049584
2022,3450,聯鈞,1809808.0,0.16969203363008672,0.08271485152016125,0.11372256062521549,0.51,1456814.0,2067718.0,1782283.0,0.6,0.73,-0.015208795629149563,1.3912948840331776
2022,2850,新產,4575341.0,,0.11078999357643507,0.08317237993845705,1.2,3159633.0,10273790.0,4872712.0,1.78,2.05,0.06499428130056306,1.282664960755502
2022,6141,柏承,922232.0,0.19845114895167376,0.06120368844282133,0.012705046018789199,0.09,1160230.0,1217681.0,754126.0,-0.17,0.62,-0.18228168183277094,0.08258022576528294
2022,6213,聯茂,7645655.0,0.12242456663294381,0.058805164501929526,0.056856083618735086,1.14,3829572.0,7637896.0,6350984.0,0.76,2.4,-0.1693342166236902,0.9429045265769873
2022,3014,聯陽,1372482.0,0.5353534691165348,0.2761187396264578,0.2150192133667327,1.83,1610801.0,1798020.0,1083334.0,1.94,3.46,-0.21067525840047452,1.446098087184177
2022,1587,吉茂,702553.0,0.2304338605058978,0.06718354344796763,0.06642061168338902,0.68,686244.0,321725.0,659685.0,0.65,0.35,-0.061017460604395724,0.6385000264972297
2022,1303,南亞,94732119.0,0.16803344175168297,0.10734229432786149,0.16789754275421623,1.81,79308216.0,243372434.0,82588422.0,0.42,2.92,-0.1281898592387657,1.7484182362327068
2022,2906,高林,2668527.0,0.2188683119938453,0.04363905630334638,0.041277453816281416,0.13,2091111.0,945799.0,2218322.0,0.24,0.16,-0.16870917925881956,0.43788533418188236
2022,8072,陞泰,330984.0,0.18033802238174654,0.03808341188697943,0.09766635245208227,0.36,800000.0,1405242.0,321031.0,0.54,0.2,-0.030070939985014422,0.3919240849255553
2022,2029,盛餘,3726425.0,0.16059306171464607,0.10861911886057012,0.08781258176402316,1.07,3211800.0,4930512.0,2513570.0,-0.49,1.03,-0.3254741474737852,0.6872254534672013
2022,4770,上品,1592945.0,0.4453568704506433,0.35395321244612965,0.2788376246511964,5.65,790020.0,2967324.0,1530200.0,5.92,,-0.039389307226552095,5.400842171606551
2022,3030,德律,1839898.0,0.5536844977275914,0.31999980433697955,0.2852755967993878,2.22,2362160.0,4084662.0,1537965.0,2.06,1.22,-0.1641031187598443,1.8573842721558678
2022,2399,映泰,492599.0,0.15745667368386862,0.0247259941656398,-0.028000462851122312,-0.07,1781000.0,406951.0,545575.0,0.17,0.32,0.10754386427905871,-0.0857740175182541
2022,1101,台泥,25177833.0,0.004380758264621106,-0.0797399442596986,-0.03736282626070322,-0.04,69368513.0,62765381.0,31197229.0,0.22,0.59,0.2390752214457852,-0.1680325260745278
2022,3041,揚智,740606.0,0.40560973040996157,0.08579595628444814,0.04495642757417574,0.17,1938999.0,45920.0,548565.0,0.01,0.0,-0.25930251712786556,0.12718687679688187
2022,1459,聯發,599914.0,0.04998549792136873,-0.01474711375297126,-0.5437729407881796,-1.03,3586289.0,76929.0,403711.0,-0.69,0.89,-0.3270518774357658,-0.61212891013116
2022,2032,新鋼,762988.0,-0.0507426066989258,-0.06861706868260051,-0.045287737159693205,-0.27,1305215.0,264522.0,805826.0,0.1,0.44,0.056145050774061955,-0.27960172143629164
2022,8996,高力,648223.0,0.26909875150989704,0.1139900929155553,0.09519717751452818,0.69,893841.0,359363.0,763788.0,1.03,0.53,0.17827969695614,0.813460803649267
2022,6770,力積電,21832031.0,0.5114676229618765,0.40367430771786644,0.3216644388238547,1.95,35966047.0,23617641.0,19183948.0,1.6,,-0.12129347929196321,1.7157275771357385
2022,6830,汎銓,420050.0,0.38135221997381263,0.21336745625520773,0.1378907272943697,1.4,412772.0,538990.0,458513.0,4.27,,0.09156767051541492,1.531709782735344
2022,1609,大亞,7028422.0,0.07546814918056997,0.029886367096341113,-0.003364908936885122,-0.11,6846491.0,1891314.0,6604640.0,0.41,-0.03,-0.06029546888334247,-0.03246044164946533
2022,2514,龍邦,1966873.0,0.0753820912687296,0.029056273587567676,0.02936539369852553,0.15,3947293.0,6941846.0,2623324.0,0.45,-0.6,0.33375362822103916,0.19515891538527994
2022,2474,可成,5278554.0,0.28406245346737,0.11496311300405376,0.6654246598594994,4.86,7297531.0,138541482.0,8676576.0,7.03,2.64,0.643741069997579,7.911727450757107
2022,2393,億光,5138033.0,0.2878636630009967,0.08232975537525741,0.08340409647038079,0.89,4433931.0,5115243.0,4760145.0,0.95,1.38,-0.07354721154963384,0.8954031823972921
2022,3090,日電貿,2894535.0,0.19245232826688916,0.1084581806749616,0.09528058911016796,1.39,1786572.0,2003995.0,2481685.0,4.58,1.22,-0.14263085435138978,1.3235201759899244
2022,2349,錸德,2042950.0,0.2025370175481534,0.012737952470691892,0.022363738711177465,0.04,6936797.0,-1453634.0,2078821.0,0.01,-0.13,0.01755843265865531,0.06701970617175139
2022,1712,興農,6092325.0,0.27663560299228945,0.0833900029955723,0.06792234491758073,0.98,4204926.0,3217854.0,5847310.0,1.26,0.62,-0.04021699433303383,0.9445184211565649
2022,2439,美律,8004468.0,0.125110125994632,0.03455045357168022,0.05836140515522081,1.83,2163994.0,5408550.0,11081346.0,2.75,2.2,0.38439506535599866,2.988561537468151
2022,1802,台玻,11958261.0,0.14871677411958142,0.040300341328893895,0.05320062841913218,0.21,29080608.0,23025061.0,11113408.0,-0.51,1.22,-0.07065015557027898,0.20331084187724377
2022,2413,環科,1228873.0,0.17805175962040015,0.06448510138964726,0.03524448824247908,0.35,1273592.0,526166.0,1314628.0,0.8,0.11,0.06978345199219116,0.363800896120844
2022,1541,錩泰,1018148.0,0.1354567312414305,0.01117813913104971,0.10319619544506299,1.33,788000.0,1094914.0,795382.0,1.24,1.45,-0.2187953028439873,1.0416293949934656
2022,6139,亞翔,7609686.0,0.07328015899736205,0.05252095815780047,0.03254575812983611,0.78,2255409.0,3135160.0,9597949.0,1.17,0.17,0.2612805574369297,1.3849928181385387
2022,2505,國揚,855202.0,0.27796707678419835,0.1838396074845475,0.24206210930283137,0.55,3800000.0,5261401.0,491887.0,0.3,-0.07,-0.42482945549706386,0.3133347493648469
2022,1217,愛之味,1100977.0,0.3148721544591758,0.03828145365434519,-0.015946745481513237,-0.03,4945134.0,892837.0,1612590.0,0.52,0.18,0.4646899980653547,-0.052001750197332226
2022,3545,敦泰,3327292.0,0.33870937687464764,0.006731299807771605,0.024962642292891638,0.45,2163617.0,3844500.0,2370317.0,-13.55,9.03,-0.28761377119892095,0.273474350551692
2022,3346,麗清,1126373.0,0.044909634730235896,-0.11679878690274004,-0.12984508684068244,-1.45,1066652.0,328046.0,1695805.0,0.6,0.09,0.505544788449297,-2.0643278922259882
2022,2305,全友,98470.0,0.35685995734741544,-0.23757489590738295,0.1909515588504113,0.1,2056608.0,-58976.0,192129.0,0.17,0.0,0.9511424799431298,0.17838757823742138
2022,3504,揚明光,1258698.0,0.20090124875069318,0.03410428871738892,0.03851996269160672,0.43,1140598.0,669119.0,1338894.0,0.57,0.3,0.06371345628578107,0.45216760793913446
2022,6283,淳安,512818.0,0.15084298913064673,0.01950399556957829,0.06284685794960396,0.13,1479063.0,-14133.0,380070.0,-0.23,-0.44,-0.2588598684133552,0.1614955231853273
2022,2353,宏碁,72321799.0,0.11064522883342545,0.030061807505645705,0.0259568626051462,0.58,30478538.0,13897131.0,64861179.0,0.62,1.0,-0.10315866174733845,0.5523863092484272
2022,6472,保瑞,1354636.0,0.3898670934479816,0.27272861491943223,0.17715976838058342,3.51,753815.0,1576508.0,2712113.0,7.02,0.29,1.002097242358833,6.37394202691601
2022,4545,銘鈺,532851.0,0.24868678110766423,0.09195816466516907,0.10908865705422341,0.76,770000.0,457990.0,598824.0,0.8,0.5,0.1238113468868407,0.848375402231666
2022,2069,運錩,4050683.0,0.1636116674644745,0.0952641813738572,0.058435330535615844,1.43,1663868.0,1434899.0,3406770.0,-0.56,1.49,-0.15896405618509268,1.1964634875411992
2022,2408,南亞科,18030672.0,0.44137007206386986,0.297509044588022,0.36464104055578184,2.13,30985863.0,114972108.0,11021725.0,0.85,2.43,-0.388723559499058,1.297034480762945
2022,2423,固緯,674059.0,0.5312769356985071,0.17587481214552436,0.12765203046024162,0.6,1450472.0,1043355.0,758251.0,0.82,0.63,0.12490301294100359,0.6673157410036779
2022,1342,八貫,619266.0,0.28177875097292604,0.20215706982136916,0.20309366249721444,1.86,678453.0,485231.0,659228.0,1.91,1.12,0.06453123536573946,1.9733869397101003
2022,8046,南電,15185715.0,0.39133982166792936,0.35443006799482274,0.3203201166359305,7.53,6461655.0,19039405.0,17195441.0,8.54,4.82,0.13234319226984037,8.52420264889763
2022,1560,中砂,1858122.0,0.40129980700944284,0.2565827216942698,0.21561985703845066,2.72,1431260.0,2451453.0,1815330.0,2.43,1.13,-0.023029704185193456,2.7348014691782807
2022,6589,台康生技,336592.0,0.43512026429623996,-0.25386521367115084,0.01906759518942815,0.02,3036262.0,20270.0,361567.0,-0.09,1.54,0.07419962447116979,0.022706252589058416
2022,2884,玉山金,,,,,0.18,142751000.0,25468643.0,14356377.0,0.32,0.38,,
2022,6491,晶碩,1414719.0,0.5364139451014653,0.2883286362874889,0.24112915709762858,4.89,700000.0,3104452.0,1641790.0,6.02,5.16,0.16050607929913996,5.655477697590223
2022,1521,大億,1169762.0,0.1332356496449705,0.011550212778325847,0.019074820348070804,0.29,762300.0,947362.0,1177678.0,0.72,0.12,0.006767188539207103,0.2946870822232104
2022,1313,聯成,20647166.0,-0.036525787606880286,-0.06964825099967714,-0.04545863582440322,-0.72,13505721.0,6580724.0,16144385.0,-0.65,0.46,-0.21808227821677806,-0.5434006213544303
2022,2498,宏達電,1008462.0,0.3916756407281583,-1.108655556679379,-0.7416699885568321,-0.9,8262550.0,6686994.0,1080718.0,-1.19,-0.94,0.07164970023659789,-0.9700832148588057
2022,2436,偉詮電,663669.0,0.3186106327099804,0.14118333084715423,0.04810681228142342,0.19,1780100.0,1658197.0,606383.0,-0.15,1.01,-0.08631712495234822,0.16387367648809828
2022,2397,友通,3852164.0,0.2017354401318324,0.04242031232315135,0.03823928576249609,1.01,1144889.0,1204058.0,4093050.0,1.69,0.63,0.06253264398919667,1.3670784555549458
2022,6715,嘉基,910641.0,0.3451305179538369,0.23180484955103053,0.18734056560159273,2.71,605000.0,577079.0,924468.0,3.27,1.06,0.015183810085423355,2.8626505454640205
2022,3031,佰鴻,457773.0,0.2223176115673052,0.06956504643130984,0.22425088417184938,0.6,1816742.0,612705.0,388506.0,0.2,0.28,-0.15131298700447604,0.47955523682541884
2022,4562,穎漢,150165.0,0.282842206905737,-0.17366230479805547,-0.08838943828455366,-0.14,875460.0,-127976.0,215618.0,0.07,-0.36,0.4358738720740518,-0.21769531336713144
2022,2227,裕日車,4087202.0,0.09865355321317615,-0.01498775935224146,0.054665025119874186,0.74,3000000.0,9796199.0,5181379.0,3.11,2.41,0.26770808000191826,0.9441340439686285
2022,4989,榮科,1063070.0,0.09784115815515441,0.06348594165953324,0.06452256201379025,0.5,1377765.0,688620.0,889663.0,0.03,1.06,-0.1631190796466837,0.41664098078318634
2022,1540,喬福,120819.0,0.31758249944131306,0.19800693599516633,0.23140400102632863,0.32,854736.0,317580.0,127768.0,0.59,-0.03,0.05751578807968949,0.34590828516795774
2022,2484,希華,918302.0,0.38806732425716156,0.27108402246755425,0.26118096225424753,1.5,1594210.0,1103601.0,845663.0,1.72,0.78,-0.07910142850609059,1.385457851116313
2022,8367,建新國際,576357.0,0.323443629555987,0.21361760159068077,-0.0347388857947418,0.09,877319.0,1279030.0,652579.0,1.39,0.87,0.1322478949678758,-0.2583993661717894
2022,2024,志聯,317895.0,0.12605734597901824,0.06424133754856164,0.048717343777033295,0.16,975000.0,191629.0,244180.0,0.11,0.46,-0.2318847418172667,0.12200821542026656
2022,2233,宇隆,851111.0,0.34849273479017423,0.16237365044042434,0.19683566538324612,2.81,602881.0,1878158.0,859793.0,2.79,2.67,0.010200784621512415,2.8071531072775118
2022,1539,巨庭,740122.0,0.12293108433474481,0.08067453744112457,0.27019059019999403,3.06,653700.0,932405.0,648792.0,1.72,0.82,-0.12339857482955507,2.681619908169413
2022,3711,日月光投控,160439020.0,0.2143341439009039,0.12843231029459043,0.10381979396284022,3.7,43599280.0,86932083.0,188625557.0,4.03,3.29,0.17568380185817634,4.491603178737349
2022,1419,新紡,713641.0,0.29098804581014825,0.09692548494270929,0.39522953417754864,0.94,3000413.0,3958832.0,932295.0,0.88,1.02,0.3063921495541877,1.2280659981344493
2022,3032,偉訓,1640841.0,0.19520233831309675,0.057384597288829324,0.08827851083682088,0.94,1132856.0,1190332.0,1569242.0,0.89,0.68,-0.04363555030621491,1.2228416224356358
2022,3231,緯創,244215971.0,0.06707537567229786,0.024958420921619415,0.025530901908131145,1.53,29031021.0,28220875.0,250103108.0,1.33,0.3,0.024106273540971612,2.1994947808644865
2022,6112,邁達特,3025117.0,0.13910371069945393,0.044429686521215546,0.03329623283991991,0.52,1883573.0,873004.0,3208491.0,0.73,0.71,0.06061715960076919,0.5671702843520665
2022,6128,上福,1543615.0,0.40316983185574123,0.11247493707951789,0.08812819258688209,1.07,1275887.0,992683.0,1328213.0,2.24,0.48,-0.13954386294509968,0.9174245921496217
2022,4108,懷特,32892.0,0.38149094004621187,-0.9384348777818314,-0.7857533746807734,-0.1,1986189.0,-124370.0,33798.0,0.02,0.04,0.027544691718351055,-0.133707781875042
2022,1454,台富,501333.0,0.13863839005212106,0.05426333395168481,0.030652281018803868,0.13,1298338.0,268718.0,454227.0,0.18,0.04,-0.09396149864461345,0.10723781981524244
2022,1219,福壽,4265712.0,0.10054382480580029,0.032129454590464616,0.031345294759702484,0.42,3220139.0,1173998.0,4159877.0,-0.1,-0.09,-0.024810629503351334,0.40492839200142255
2022,2867,三商壽,21548839.0,,-0.10656420979339072,-0.15779629705340506,-1.09,30995011.0,16102678.0,30633482.0,0.41,-0.34,0.4215838728016854,-1.5595574479557812
2022,1471,首利,74858.0,-0.13426754655481044,-0.6906810227363809,-1.5472895348526543,-0.77,1504145.0,-661284.0,44630.0,-0.13,0.22,-0.40380453658927573,-0.4591015622860426
2022,2342,茂矽,574967.0,0.2957213196583456,0.1789580967255512,0.29570392735583084,1.08,1561567.0,485376.0,552917.0,1.28,0.61,-0.03835002704503043,1.0470234604202313
2022,3016,嘉晶,1533692.0,0.20195971551002417,0.1556596761279318,0.13737177999233222,0.74,2880155.0,505517.0,1544039.0,0.7,0.46,0.006746465392008405,0.7364443434731139
2022,1907,永豐餘,20066087.0,0.15250970455774462,0.028374690092791883,0.03415593683013534,0.31,16603715.0,21385016.0,20404517.0,0.88,0.78,0.016865769594241353,0.41974666133538346
2022,1108,幸福,1001980.0,0.22287470807800555,0.16216191939958882,0.11663107048044871,0.28,4047380.0,530318.0,1063379.0,0.33,0.09,0.06127767021297825,0.30642793880591657
2022,1789,神隆,805538.0,0.4293689434886995,0.16700019117658013,0.14131549349627207,0.14,7907392.0,1181624.0,704716.0,0.08,0.01,-0.12516107247578634,0.12594201642554065
2022,9940,信義,3282937.0,0.2499728139772405,0.1213550549401344,0.09694703248950559,0.42,7368465.0,4792628.0,2974911.0,0.27,0.98,-0.09382635122148242,0.3914095993811297
2022,6504,南六,1534812.0,0.09397502756037873,-0.003380870100051342,0.024095459248429124,0.51,726000.0,2646985.0,1518912.0,0.49,0.26,-0.010359574983776487,0.5041168346825066
2022,8249,菱光,1083144.0,0.18897579638533749,0.11182631302947715,0.06095865369701536,0.59,1490550.0,1322941.0,1168168.0,2.32,1.23,0.07849741123987197,0.4777427699301267
2022,3035,智原,3364742.0,0.49321314977493075,0.24505653033724428,0.20732585143229407,2.66,2485503.0,3789734.0,3243704.0,2.41,1.31,-0.03597244603003735,2.7057046142947243
2022,1582,信錦,2803440.0,0.17601625146248895,0.05399580515366835,0.05445559740889764,1.22,1237242.0,2272091.0,2457304.0,1.3,0.6,-0.12346831036155581,1.0815503946299414
2022,2022,聚亨,2840785.0,0.06150940673088601,0.019839234577766356,-0.023934581462518284,-0.08,4797520.0,-1306552.0,2280625.0,-0.17,0.23,-0.1971849330378751,-0.11377921269313263
2022,1210,大成,27083656.0,0.10313374974191077,0.02768784243899716,0.02498591770623582,0.64,8947673.0,6319584.0,29441708.0,0.55,0.32,0.08706549809966568,0.8221445880051995
2022,2605,新興,995348.0,0.19022994972612595,0.14331369531058485,0.08468495440790558,0.1,5853533.0,10480052.0,986509.0,-0.17,0.29,-0.008880311207738356,0.14272144649733504
2022,2464,盟立,2674194.0,0.18167717076621964,0.05403759039172177,0.06950617644045272,0.94,1955312.0,2077339.0,2812361.0,0.7,0.82,0.05166678258944568,0.9997200440658476
2022,3596,智易,10888197.0,0.13806372166117126,0.04661736006429715,0.03615851182707293,1.96,2203543.0,6295153.0,12783704.0,2.6,2.35,0.1740882351779638,2.097711332512229
2022,6201,亞弘電,703135.0,0.20892858412680354,0.08210087678753013,0.09847184395599708,0.77,892000.0,1268737.0,754108.0,1.1,1.26,0.07249390230894504,0.8324933329817158
2022,2405,輔信,496451.0,0.4112188312643141,0.05831794074339663,0.07661581908385721,0.11,3434273.0,251113.0,413481.0,0.11,0.05,-0.1671262622091606,0.09224422604321895
2022,3038,全台,1197256.0,0.2002295248468164,0.0887195386784447,0.09772930768356976,0.79,1574076.0,668661.0,1276124.0,1.02,0.48,0.06587396513360555,0.7923042790715809
2022,2455,全新,736276.0,0.4119365564000456,0.23765408623939935,0.25050524531561535,0.99,1849059.0,1074417.0,522090.0,0.58,1.15,-0.29090449776985805,0.7073126575562468
2022,2440,太空梭,914564.0,0.041110299552573684,0.006170153209616823,-0.030365288815216867,-0.2,1391173.0,-2353.0,684833.0,0.03,0.16,-0.2511918247383452,-0.1494792655923556
2022,5706,鳳凰,23621.0,0.3684856695313492,-0.6891748867533127,-1.7948859066085263,-0.65,737670.0,275515.0,39470.0,0.23,0.17,0.6709707463697556,-0.9603772246917799
2022,1597,直得,451641.0,0.4434827661793327,0.243071377487872,0.20074351088585846,1.13,892619.0,1072259.0,421305.0,0.82,1.21,-0.06716839259500351,0.9474842553627763
2022,1537,廣隆,2025107.0,0.21654361967046679,0.1342571034518176,0.13080740918874903,3.23,820664.0,2409408.0,2039304.0,3.09,0.66,0.007010493766502313,3.2504907341890554
2022,4555,氣立,487276.0,0.34815176614485427,0.14408671882054525,0.11493486237779,0.8,669926.0,1612962.0,470232.0,0.68,1.07,-0.0349781232812616,0.8067465691081246
2022,2363,矽統,60089.0,0.04118890312702824,-2.4727820399740383,10.949158747857345,0.97,7495894.0,2667735.0,34900.0,-0.22,0.64,-0.41919486095624825,0.5097799412588029
2022,3591,艾笛森,469034.0,0.2613115467108994,0.0313879164410256,0.04329110469603483,0.13,1353617.0,161034.0,454470.0,0.14,0.2,-0.031051053868163092,0.14534767479432475
2022,2344,華邦電,26646696.0,0.48366803148878196,0.21763865208654762,0.2182736651478292,1.29,39800002.0,28828163.0,22145430.0,0.67,1.12,-0.1689239821702473,1.2145135501185882
2022,2012,春雨,2725987.0,0.1856083686385885,0.09624293879611312,0.06865256510761056,0.6,3021627.0,1196534.0,2696945.0,0.38,0.91,-0.010653755868975212,0.6127566116007858
2022,6438,迅得,1447091.0,0.27063605536901275,0.1343053063007095,0.11595124287277027,2.36,714317.0,1103232.0,1603742.0,3.2,2.87,0.10825234902297098,2.6032682709114066
2022,3311,閎暉,547263.0,0.1683870460820483,0.06049742080133318,0.05766697182159218,0.46,680000.0,1480468.0,531097.0,0.49,0.2,-0.02953972769947899,0.45039346666959035
2022,2528,皇普,317479.0,0.26159840493386965,0.19109610399427993,0.15694581373886146,0.12,3799974.0,196561.0,103.0,-0.03,0.05,-0.9996755690927589,4.254086689830701e-05
2022,1439,雋揚,4273.0,0.009595132225602621,-2.141352679616195,4.865668148841563,0.23,920000.0,1343052.0,155986.0,0.75,0.5,35.50503159372806,8.24974034636087
2022,8462,柏文,836106.0,0.22888007023032964,0.020906440092524153,0.005365348412761061,0.06,774504.0,168952.0,919548.0,0.03,-3.44,0.09979835092679634,0.06370135470259171
2022,1460,宏遠,2307704.0,0.16995463889649626,0.013015967385765246,0.017789976530785578,0.06,6946434.0,110462.0,2665944.0,-0.05,0.11,0.15523654680149623,0.06827543627764782
2022,1786,科妍,132210.0,0.650200438696014,0.18543226684819605,0.29994705392935483,0.6,661904.0,123512.0,164903.0,0.68,0.23,0.2472808410861509,0.7472710398201613
2022,6756,威鋒電子,880765.0,0.5323542602169705,0.29725749774343896,0.289634579030729,3.72,685124.0,768056.0,606227.0,2.01,3.56,-0.3117040300193582,2.5628105560754224
2022,2030,彰源,4468695.0,0.1968617236128221,0.12776280323450134,0.08109817295653429,1.29,2805260.0,2086784.0,4083053.0,0.02,1.29,-0.086298572625789,1.1803830603391352
2022,2496,卓越,155352.0,0.4859866625469901,0.08311447551367218,0.07284103197898965,0.59,191004.0,286702.0,198724.0,1.68,1.23,0.27918533395128486,0.757851209346021
2022,3034,聯詠,31461142.0,0.47622111110906273,0.3173646398468307,0.26975292250993305,13.95,6085115.0,47871872.0,19563686.0,7.07,20.16,-0.3781635135812934,8.672574755886556
2022,6189,豐藝,7723232.0,0.07359224739072968,0.02970064864036196,0.03397839142990914,1.26,2004067.0,1513806.0,5960381.0,0.96,1.29,-0.22825301635377526,1.010565807876649
2022,8101,華冠,73835.0,0.16764407123992686,-0.8090742872621386,0.9897880409020112,0.36,2080888.0,-1658001.0,55351.0,-1.36,-0.3,-0.25034197873637165,0.2632806660039715
2022,1103,嘉泥,514786.0,-0.008112108720905386,-0.22324227931606533,-0.8144393981188299,-0.62,7747805.0,10253581.0,566460.0,0.41,1.38,0.10037957520212282,-0.5954555405800641
2022,3047,訊舟,1497096.0,0.2412877998471708,0.025813975857259655,0.051495027706974034,0.47,1907282.0,99192.0,1618585.0,0.64,0.06,0.0811497726264716,0.43700448817265913
2022,3021,鴻名,890341.0,0.19822517439947165,0.0677122585616073,0.04486483268770056,0.43,957900.0,547357.0,1103629.0,0.56,0.68,0.23955765262972273,0.5169029171551757
2022,1305,華夏,4839691.0,0.05151733860694825,-0.037112080089410665,-0.017931103452679106,-0.16,5810505.0,4170559.0,3983501.0,-1.17,0.86,-0.17691005479482058,-0.12293005261134904
2022,2312,金寶,41486120.0,0.060343772808833414,0.015754594548731,0.0035388462454430543,0.17,14930462.0,1227106.0,50774753.0,0.3,0.04,0.2238973661552346,0.12034727660627546
2022,2352,佳世達,62794095.0,0.1476746499810213,0.03605030058956977,0.026729153433933558,0.5,19667820.0,17468461.0,59870269.0,3.24,0.71,-0.04656211702708668,0.8136547956163295
2022,2428,興勤,1899772.0,0.37574508941072926,0.21167855932185548,0.21657388360287444,3.18,1281127.0,6744299.0,1887694.0,3.12,2.94,-0.006357605017865309,3.191137339497524
2022,4133,亞諾法,102944.0,0.48671122163506375,0.1489450575069941,0.18323554553932234,0.31,605536.0,130762.0,101602.0,0.44,0.21,-0.013036213863848345,0.3074482425138428
2022,9912,偉聯,162955.0,0.3057838053450339,-0.07257218250437238,-0.04377282071737596,-0.05,545326.0,-6166.0,146668.0,0.02,0.0,-0.09994783836028354,-0.11772906608113491
2022,3308,聯德,58725.0,0.07880800340570455,-0.1412856534695615,-0.14189868028948488,-0.12,706289.0,-55163.0,62681.0,0.26,-0.04,0.0673648361004684,-0.1259307617593535
2022,2308,台達電,89996793.0,0.29412351393454655,0.10727905604369703,0.09824263404585984,2.94,25975433.0,95480572.0,106248153.0,4.26,2.45,0.18057710123070714,4.018450207635625
2022,2414,精技,5978625.0,0.09382859771268477,0.03507344916264191,0.028779025277551277,0.95,1617358.0,934311.0,7333501.0,0.97,0.91,0.22662000041815644,1.3049121508778363
2022,3653,健策,2850292.0,0.3731298407321074,0.2624278494975252,0.23620807973358518,5.38,1344798.0,2769672.0,3246205.0,5.2,3.21,0.1389026106798883,5.7018217566620635
2022,6799,來頡,323641.0,0.49236036225323737,0.32057125024332517,0.25892578505195574,2.16,403841.0,371440.0,281053.0,1.74,,-0.13159024969024324,1.8019930781225115
2022,9931,欣高,316265.0,0.22332537587150017,0.17011683240320616,0.1491660474601995,0.43,1104306.0,940659.0,277256.0,0.5,0.51,-0.12334276635100316,0.37450834872422206
2022,6655,科定,602445.0,0.516593215978222,0.20972038941314144,0.20082165176904115,1.73,740282.0,1130756.0,647460.0,1.57,2.31,0.07472051390583379,1.7564115655167003
2022,1733,五鼎,608105.0,0.21974330091020466,0.05514837075833943,0.04783877784264231,0.29,999502.0,627062.0,605478.0,0.64,0.64,-0.00431997763544123,0.28979759450813886
2022,3008,大立光,9675073.0,0.5579826632832641,0.4170865687525045,0.5111918018603063,37.06,1334682.0,145744424.0,13430031.0,61.01,39.22,0.3881064256569433,51.437883675135886
2022,2364,倫飛,238659.0,0.30603916047582536,0.030415781512534622,0.10002136940153106,0.96,248004.0,37261.0,227097.0,1.44,0.8,-0.048445690294520616,0.9158946197230486
2022,2241,艾姆勒,179046.0,0.056639075991644604,-0.35207153468940944,-0.21606737933268547,-0.43,896023.0,-156710.0,150263.0,-0.68,-0.4,-0.1607575706801604,-0.362344857449723
2022,2712,遠雄來,61253.0,-0.19016211450867712,-0.6789218487257767,-0.6530945423081318,-0.38,1050000.0,-3050.0,211511.0,0.46,-0.14,2.4530716862847535,-1.3155874260774787
2022,1530,亞崴,746070.0,0.23928585789537174,0.12793035506051711,0.1543635315721045,1.22,965942.0,2044750.0,1061375.0,1.51,0.03,0.4226212017639095,1.6961431775649305
2022,2427,三商電,1067660.0,0.3083706423393215,0.07847816720678868,0.05309368150909466,0.31,1843145.0,372845.0,743838.0,0.33,0.28,-0.3033006762452466,0.21427016250138733
2022,3025,星通,117404.0,0.540739668154407,0.03966645088753364,0.2118752342339273,0.35,709206.0,69012.0,102557.0,0.24,0.1,-0.12646076794657768,0.30638895324248355
2022,2542,興富發,1736723.0,0.4402049146582385,0.18779045363019894,0.049142551805901116,0.04,17146741.0,17161167.0,3440211.0,0.12,1.66,0.9808633846618027,0.09859643140975353
2022,5534,長虹,1480538.0,0.41597581419727153,0.34178386505445996,0.2917365174011069,1.48,2903260.0,14279099.0,969785.0,1.0,-0.03,-0.3449779742228839,0.9744965953026338
2022,2008,高興昌,622747.0,0.14307094213219815,0.04735149266074345,0.04956908664353261,0.16,2008523.0,722896.0,610199.0,0.26,0.26,-0.020149434682142142,0.15059328223175414
2022,9910,豐泰,24763347.0,0.2576061305444696,0.1260888118233775,0.11345719946499962,2.93,8816811.0,12842523.0,25882017.0,3.09,-0.47,0.0451744265425833,3.3305706171148626
2022,3046,建碁,877809.0,0.08506520211116542,0.014814156610378795,0.0765952502195808,0.94,714480.0,41619.0,956981.0,0.66,1.08,0.090192741245533,1.0259237368489622
2022,6202,盛群,1665409.0,0.5282089865012138,0.2523410165310743,0.21835537096292862,1.57,2261682.0,1825268.0,1346904.0,0.99,3.17,-0.19124731522406813,1.3003761031455898
2022,6285,啟碁,20175621.0,0.1254426319764829,0.030228115407203576,0.027703335624712618,1.43,3964331.0,9124942.0,26531151.0,3.13,0.85,0.3150103781192162,1.8540363573650378
2022,1402,遠東新,69296305.0,0.2118854100518058,0.07644313791334184,0.06588632683950464,0.62,53528751.0,150875019.0,67207941.0,0.46,0.45,-0.030136729512489913,0.8272347634145517
2022,1708,東鹼,1964022.0,0.35677553510093063,0.2345650914297294,0.181515787501362,1.43,2490017.0,4159090.0,2254636.0,1.71,0.52,0.1479688109399997,1.6435712248909176
2022,8114,振樺電,2914176.0,0.3522868900162516,0.13104767865770633,0.09394902710062811,3.11,751318.0,1818442.0,3547635.0,4.28,2.12,0.2173715657530637,4.436162274271837
2022,1529,樂事綠能,70882.0,0.6002652295364126,0.42402866736265904,0.28639146750938177,0.15,1454858.0,47982.0,87910.0,0.11,0.39,0.2402302418103326,0.1730524484777879
2022,2382,廣達,270467363.0,0.04542461561249444,0.013223928241574937,0.015311474013225026,1.03,38626274.0,100238546.0,382075217.0,2.4,2.43,0.4126481389919123,1.51454803955277
2022,2534,宏盛,987834.0,0.4600843866479591,0.2947691616202722,0.24419386253155895,0.51,4742280.0,6494856.0,993195.0,0.51,0.51,0.005427025188442514,0.5114251442281597
2022,3164,景岳,95491.0,0.7191567791729063,0.1848237006628897,0.09986281429663528,0.14,863714.0,94880.0,76084.0,0.09,0.27,-0.20323381261061246,0.08796849840277221
2022,8163,達方,7753690.0,0.17168844769393668,0.05984892354478964,0.048266696243981895,1.02,2800000.0,3026674.0,7572469.0,1.21,1.08,-0.023372226643056382,1.3053502179998904
2022,3060,銘異,957388.0,0.16719866971384642,0.023221515205956205,0.07358563090408486,0.54,1375632.0,848797.0,685942.0,0.09,0.63,-0.28352768156693,0.3669257100271713
2022,3376,新日興,3016638.0,0.2044816116484643,0.12049838263656427,0.1401129336698669,2.19,1924853.0,11352902.0,3355358.0,3.9,1.19,0.1122839399357829,2.442415357913863
2022,5525,順天,1668638.0,0.21484767816626493,0.1344180103773257,0.13545238691675487,0.8,2645913.0,1786763.0,312417.0,0.05,-0.19,-0.8127712541605788,0.15993582692768737
2022,1702,南僑,5149487.0,0.2758393214702746,0.05306004267997958,0.04274406363196955,0.65,2941330.0,3906093.0,5056548.0,0.4,1.03,-0.01804820557853626,0.7348288341332266
2022,1413,宏洲,888526.0,0.10952071183060484,0.06875544441018046,0.07497923527280012,0.51,1321124.0,-71416.0,724266.0,-0.05,0.22,-0.18486797234971175,0.41105082349643074
2022,6166,凌華,2787997.0,0.39231606059834356,0.05864676324974525,0.1572505278879425,2.02,2174973.0,1953964.0,3061122.0,1.06,-0.24,0.09796459608815944,2.213190924344322
2022,3588,通嘉,481412.0,0.4181013352388391,0.1449610728440504,0.11665683447857553,0.89,565068.0,715226.0,316540.0,0.19,1.84,-0.34247588344287216,0.653488684297258
2022,5283,禾聯碩,1938120.0,0.3468825459723856,0.1453810909541205,0.14192258477287267,3.76,730004.0,2617029.0,1769055.0,2.95,3.18,-0.08723144077766087,3.4392805820978283
2022,3406,玉晶光,2911466.0,0.37387144483225976,0.08131504884480877,0.12973670309047058,3.32,1127093.0,6827334.0,7213912.0,15.35,8.71,1.477759314379766,8.303743872642123
2022,9929,秋雨,122162.0,0.1498174555098967,-0.006098459422733747,0.07182266171149784,0.08,1012800.0,42823.0,139633.0,0.14,0.02,0.14301501285178708,0.09902067261810406
2022,9921,巨大,22744888.0,0.2462568292268575,0.09675488399854948,0.08134548739039735,4.8,3750646.0,24328864.0,25879810.0,5.35,3.41,0.1378297400277373,5.612915103213898
2022,2023,燁輝,22967005.0,0.11723587816522006,0.035725076038429913,0.016004002263246775,0.22,19850980.0,8363516.0,20378519.0,-0.23,0.96,-0.11270455159477699,0.16429307983667174
2022,1503,士電,7611358.0,0.16677615216627573,0.07621819917024006,0.0630103064394028,0.88,5209722.0,17954560.0,7422495.0,1.09,0.7,-0.024813311895196644,0.8977325171956105
2022,4426,利勤,345212.0,0.031267742720415284,-0.1712686696870329,-0.10198660533237547,-0.21,1726773.0,904600.0,380344.0,0.13,-0.57,0.10176934753137212,-0.22463863761210662
2022,3056,富華新,2082480.0,0.21323326034343668,0.18116764626791135,0.16080730667281318,1.58,2117167.0,1969664.0,3834455.0,5.1,-0.19,0.8412925934462756,2.9124220295711285
2022,1773,勝一,3001136.0,0.29624848723949865,0.19271902372968103,0.16196566900000534,1.47,2500000.0,4623540.0,2758168.0,1.9,1.5,-0.08095867698098325,1.7869141013376268
2022,3138,耀登,393230.0,0.37873000534038603,0.0671388246064644,0.09125448210970678,0.81,467217.0,424750.0,470090.0,1.96,2.76,0.19545812883045555,0.9181562206630338
2022,2897,王道銀行,,,,,0.11,30330063.0,6629736.0,2604305.0,0.26,0.18,,
2022,6691,洋基工程,3587711.0,0.1879895008265716,0.1492592352059572,0.11801117760042545,6.23,679071.0,1648836.0,3793082.0,8.17,,0.05724290501659701,6.591741858435671
2022,1308,亞聚,2348179.0,0.3478261239879924,0.3197567136065862,0.19684700357170387,0.78,5937438.0,6521552.0,2821585.0,0.76,1.1,0.20160558458277666,0.9354549092939851
2022,5471,松翰,1027183.0,0.47662393166553574,0.2081080002297546,0.24363136850979816,1.49,1678770.0,1804893.0,744462.0,0.56,3.06,-0.2752391735455123,1.0803999110273674
2022,3004,豐達科,497171.0,0.2207047474611351,0.05127813166898311,0.09975843321513121,0.94,526472.0,917373.0,588495.0,1.04,-0.62,0.18368730275901046,1.1151084797470454
2022,2332,友訊,4157001.0,0.29515075892452275,0.05455735998139043,0.00954871071717327,0.01,5998365.0,2645927.0,4484995.0,0.0,-0.05,0.07890159275881814,0.07139598844513219
2022,3312,弘憶股,4762187.0,0.04738978120766782,0.022156626776730942,0.018238469005942018,0.63,1376254.0,536853.0,4867576.0,0.64,1.05,0.02213037833247622,0.6450635857194037
2022,1714,和桐,5746607.0,0.08571005464615902,0.034601113317823895,0.019194108801941737,0.07,10168248.0,2539652.0,6463201.0,0.11,0.24,0.12469862651126129,0.12200271197439187
2022,6191,精成科,5775669.0,0.16286182604993465,0.08437498755555417,0.09870614122796857,1.19,4743030.0,7323609.0,6334067.0,1.54,1.82,0.09668109443252382,1.3181685796830616
2022,2889,國票金,,,,,0.11,31473840.0,3864846.0,1572671.0,0.13,0.24,,
2022,1234,黑松,2002947.0,0.29087938921998435,0.05259550052996909,0.08839375180671281,0.44,4018711.0,13491379.0,2918104.0,0.98,0.61,0.456905250113957,0.6418529740560491
2022,5521,工信,1132963.0,0.0368140883682874,-0.0030848315434837677,-0.015535370528428554,-0.03,4922802.0,293552.0,1514330.0,-0.01,0.03,0.33661028647890534,-0.04778920145948427
2022,2748,雲品,336913.0,0.1384541409800156,-0.09307447323196195,-0.0931219632368,-0.35,904826.0,214137.0,509374.0,0.49,-0.99,0.5118858577733718,-0.5242323596114806
2022,5608,四維航,1903931.0,0.5559329618562857,0.5108089526353634,0.3501035489206279,2.12,3292671.0,2603991.0,1908030.0,1.84,3.01,0.0021529141549772035,2.0287726118006497
2022,1604,聲寶,2414212.0,0.16867739867087067,0.07586781939614251,0.08629068201135609,0.53,3872000.0,4638104.0,2157637.0,0.6,3.24,-0.10627691354363245,0.4808470254724595
2022,2105,正新,24058036.0,0.21722525479635993,0.07638857136966626,0.048146822957617984,0.36,32414155.0,54657312.0,26528340.0,0.46,0.29,0.10268103348087099,0.39404244514148073
2022,6281,全國電,6010618.0,0.19356195985171576,0.03799393007507714,0.03028590404514145,1.83,991729.0,1126609.0,5874014.0,1.55,1.5,-0.022727113917404118,1.7938350533645533
2022,2102,泰豐,386067.0,0.01700223018284391,-0.46657963514105066,-0.3829931074139981,-0.32,4733292.0,509986.0,525237.0,-0.27,-0.98,0.3604814708327828,-0.42499417056629113
2022,2313,華通,16332573.0,0.19232046291787583,0.11090034619774851,0.08818096205662145,1.21,11918206.0,20920240.0,21691712.0,2.11,1.31,0.32812582561241266,1.604936206686778
2022,4739,康普,2807266.0,0.14389765700863402,0.09565285227691284,0.07331795419457936,1.8,1070293.0,1255661.0,2202533.0,1.03,1.42,-0.2154170641471097,1.5087944479320097
2022,6209,今國光,935511.0,0.07478800356168981,-0.053283178925742185,0.01213240678089301,0.06,1742286.0,608138.0,889888.0,0.2,-0.37,-0.04876799952111732,0.06196734178794595
2022,8473,山林水,1099665.0,0.15510178099693997,0.11299804940595545,0.036242855778805365,0.13,1442492.0,504611.0,919755.0,-1.92,0.35,-0.16360437042190124,0.23109000130908958
2022,5244,弘凱,231943.0,0.4522706009666168,0.2220373108910379,0.17252083486028896,0.59,679441.0,532215.0,193881.0,0.4,,-0.16410066266280943,0.4922945772119681
2022,2480,敦陽科,1642324.0,0.2731190678574995,0.12243381939251938,0.10386135744225865,1.61,1063603.0,1507849.0,1654075.0,1.71,1.29,0.007155104595682804,1.6152123942044538
2022,2442,新美齊,454858.0,0.2805754763024944,0.19992393230414768,0.1577525293608115,0.31,2535794.0,1273569.0,29783.0,-0.14,0.16,-0.9345224223823698,0.018528096454022088
2022,1735,日勝化,817897.0,0.13503289534012228,0.015578978771165562,0.02099897664375832,0.17,993880.0,373824.0,709318.0,0.04,-0.03,-0.13275387976725672,0.14986670538694172
2022,6464,台數科,1083641.0,0.522593737224782,0.3436525565201021,0.23341032685178947,1.85,1316131.0,3245296.0,1052314.0,1.61,1.69,-0.028909020607378322,1.8662348557302728
2022,1504,東元,14543585.0,0.2297150943182166,0.08849998126321673,0.0805320696375756,0.48,21387966.0,29209227.0,14776117.0,0.51,0.75,0.015988630038604734,0.5563648657459829
2022,2347,聯強,103353405.0,0.03995777400850993,0.01922116644342777,0.023646013404202793,1.42,16679470.0,37561111.0,108994986.0,5.01,5.01,0.054585342398733694,1.5451911241465681
2022,2034,允強,4967150.0,0.1743172644272873,0.09659804918313318,0.07493472111774357,0.83,4453545.0,2577887.0,4354184.0,0.6,0.73,-0.12340396404376752,0.7326288692161889
2022,3296,勝德,745659.0,0.1217191772646746,-0.02862300327629654,0.01911731770152308,0.14,967244.0,196187.0,735778.0,0.28,-0.32,-0.013251365570589257,0.1454245442079894
2022,3043,科風,305772.0,0.22564525201784336,0.02689912745444318,0.16930915845793598,0.27,1948781.0,-1682400.0,363440.0,-0.14,-0.11,0.18859804036994876,0.3157549285935785
2022,1473,台南,1682847.0,0.15882964999194818,0.017213686092675092,0.03527474571366262,0.41,1471535.0,1143606.0,1885875.0,0.61,-0.21,0.12064554888234036,0.452070532286038
2022,2904,匯僑,129080.0,0.3806476603656647,0.24043229005268052,0.16915091416176015,0.31,690344.0,281584.0,125552.0,0.51,0.02,-0.027331887201735405,0.30763265234198184
2022,4106,雃博,680136.0,0.3924273968735665,0.08683557406165826,0.07579954597315831,0.52,1009116.0,983845.0,691564.0,0.59,0.31,0.01680252184857145,0.519466911746333
2022,6834,天二科技,312745.0,0.2720267310428624,0.11823050728229069,0.1532910198404451,0.6,798271.0,251501.0,238137.0,1.61,,-0.2385585700810564,0.4572916164027514
2022,1532,勤美,3040393.0,0.18145581837611124,0.010144412251968743,0.02979285901526546,0.25,3761221.0,7113815.0,3487578.0,0.52,0.79,0.14708131481686748,0.27625316262655525
2022,2015,豐興,10858158.0,0.10860976603950688,0.08751815915738194,0.08335962692751385,1.55,5815994.0,14394111.0,8838836.0,1.01,1.93,-0.1859727957541233,1.2668549373219415
2022,1232,大統益,5934955.0,0.11446826471304332,0.07650066428473341,0.06498077912974909,2.36,1599749.0,3135006.0,6054826.0,0.78,0.85,0.020197457267999486,2.4594315169133543
2022,2642,宅配通,1140680.0,0.1647561103902935,0.0597047375249851,0.061860469193814216,0.74,954670.0,483478.0,1147015.0,0.34,0.6,0.005553704807658599,0.7432399265960259
2022,3017,奇鋐,13764052.0,0.20098267574112624,0.11103169328334418,0.08711511697282166,3.1,3533101.0,9741249.0,14882645.0,3.51,2.42,0.08126916405140006,3.6695904250684586
2022,2014,中鴻,16030903.0,0.06709834124752673,0.05550554450987571,0.04240222774724543,0.47,14355444.0,4375691.0,7878951.0,-0.78,1.02,-0.5085148353776453,0.23272360974093673
2022,5388,中磊,15215563.0,0.1318468465478405,0.037104772265081486,0.02925044574426855,1.8,2523898.0,4236006.0,18214333.0,2.09,0.73,0.1970857075745407,2.110930628672554
2022,1583,程泰,1522596.0,0.2720715147025212,0.14002598194136856,0.1845111900990151,2.02,1104004.0,3480767.0,1954002.0,2.19,-0.31,0.2833358290708763,3.265705871318
2022,8039,台虹,2305050.0,0.2620390013231817,0.09846684453699486,0.09786902670224074,1.07,2091197.0,4675071.0,2372004.0,1.23,1.18,0.02904665842389531,1.110109295364434
2022,2504,國產,5253177.0,0.2000684538137588,0.15820749995669287,0.13960485245404827,0.6,11800000.0,9036120.0,5402532.0,0.57,0.65,0.028431366390281543,0.6391692226595546
2022,2360,致茂,4935863.0,0.5880400246117041,0.2767552502976683,0.3415250787957445,3.95,4224870.0,9709303.0,6660577.0,4.11,1.89,0.34942501443010077,5.384199004348356
2022,9942,茂順,960920.0,0.32774528576780587,0.18028347833326397,0.1304936935436873,1.49,831613.0,2208631.0,1091062.0,2.5,1.77,0.13543479165799432,1.7120548892954124
2022,1325,恆大,150525.0,0.05213751868460389,-0.0331572828433815,0.01939212755356253,0.03,852812.0,1918507.0,137020.0,0.28,-0.29,-0.08971931572828429,0.03115703481411071
2022,6776,展碁國際,6066121.0,0.07659557071149752,0.024573693798722446,0.01954989028408764,1.26,815814.0,424539.0,5610868.0,1.29,1.04,-0.07504845353397993,1.3445693969274644
2022,1472,三洋實業,253745.0,0.1306981418353071,0.026798557607046445,0.03127943407751877,0.32,249881.0,-17706.0,232620.0,-0.43,0.1,-0.08325287197777298,0.29118748344661727
2022,6477,安集,635215.0,0.11794116952527885,0.07697236368788521,0.04232897522885952,0.22,1175796.0,622649.0,1028926.0,0.83,0.4,0.6198074667632218,0.3704161535362385
2022,5285,界霖,1682483.0,0.181792624353411,0.10435053429960363,0.10236240128429232,1.69,1020409.0,1225273.0,1605320.0,1.02,1.11,-0.04586257335140975,1.6103778977811853
2022,2457,飛宏,3391967.0,0.1401296062137397,-0.0036312263651149907,0.020631096941686047,0.18,3752084.0,516430.0,3803730.0,0.07,-0.04,0.12139357487852909,0.20915076093712046
2022,3532,台勝科,4050051.0,0.3892044816225771,0.329618318386608,0.31598910729766116,3.3,3878483.0,12685035.0,4204269.0,3.99,1.1,0.03807803901728635,3.4253165687440954
2022,2348,海悅,1240036.0,0.3945111270963101,0.2835764445548355,0.15209961646274786,1.05,1471081.0,2472162.0,1116108.0,1.43,3.3,-0.09993903402804438,1.1539785962228089
2022,2002,中鋼,133637840.0,0.12201534385769779,0.09551659919076812,0.08252438081908538,0.65,157731290.0,137270943.0,105340451.0,0.13,1.28,-0.21174683008944173,0.5511370314652345
2022,1220,台榮,834118.0,0.10012012688852177,0.030950057425927748,0.023099849182010218,0.1,1770779.0,440482.0,902911.0,-0.09,0.16,0.08247394253570839,0.11778492925869366
2022,6277,宏正,1289622.0,0.5763549319102806,0.1348596720589444,0.12568876771643164,1.35,1194711.0,3350777.0,1367869.0,1.71,1.21,0.06067436814818605,1.4390573871631518
2022,8215,明基材,4111680.0,0.2055612304459491,0.05964009845124134,0.06311677951591564,0.82,3206745.0,2007586.0,3646699.0,1.66,0.83,-0.11308783757490859,0.7177617700936934
2022,2892,第一金,,,,,0.39,132234423.0,50012477.0,19824701.0,0.47,0.42,,
2022,6592,和潤企業,5462843.0,0.6479679170717518,0.22270455145791304,0.18656055098050595,1.78,5150004.0,9386379.0,5914182.0,1.77,1.47,0.08261980071548836,2.142431447662935
2022,6414,樺漢,26839352.0,0.20393316500338757,0.04231175178894036,0.0407135760952798,4.17,1060370.0,3359679.0,29172268.0,6.15,3.78,0.08692147261975625,11.20087660995592
2022,3712,永崴投控,3101680.0,0.1666467849681463,0.05072670294807975,0.03708989966727709,0.38,2462421.0,549486.0,2515641.0,0.86,0.43,-0.1889424440948131,0.37891519073663116
2022,6269,台郡,7311166.0,0.11100650703321467,0.009490141517782526,0.03945061567470907,0.94,3203411.0,18178078.0,12143222.0,5.87,2.66,0.660914551796526,1.495460882711185
2022,1213,大飲,92803.0,-0.040914625604775705,-0.16499466612070732,-0.1897352456278353,-0.31,566226.0,-190663.0,100046.0,-0.3,-0.72,0.078047045892913,-0.33524162408795094
2022,9911,櫻花,1995151.0,0.32540043335065866,0.12488227708078235,0.10117279343768967,0.93,2211212.0,2855866.0,1962371.0,1.15,1.03,-0.016429834132855148,0.897872098338434
2022,3454,晶睿,2114773.0,0.2729479712479779,0.07025387594791498,0.0682035376846593,1.57,865679.0,1722591.0,2567302.0,2.56,-0.25,0.2139846688036966,2.0226790612328727
2022,1235,興泰,5894.0,-0.14200882253138786,-0.22463522225992535,3.7488971835765184,0.22,1336292.0,727591.0,39513.0,0.93,1.2,5.7039362063115036,1.1085165099743093
2022,1730,花仙子,615277.0,0.4916566034485281,0.0945216544743262,0.09650287594043008,0.87,632339.0,864453.0,710849.0,1.06,1.2,0.15533166362467643,1.0848448831936475
2022,2832,台產,1508022.0,,0.24295932022211877,0.1943552547641878,0.81,3622004.0,6140762.0,1588052.0,0.71,0.43,0.05306951755345746,0.8521422147484596
2022,1531,高林股,694321.0,0.1880729518479205,0.07570129666249473,0.11455796382364929,0.43,1836081.0,1851127.0,573575.0,0.36,0.29,-0.17390515338006485,0.35786865666683354
2022,6117,迎廣,611359.0,0.18785361792334782,-0.009792936719668804,0.025266660014819444,0.2,886500.0,-234594.0,631481.0,0.74,0.13,0.03291355815486474,0.17998212896580032
2022,1612,宏泰,1414815.0,0.1293829935362574,0.09051006668716405,0.019347405844580386,0.09,3160801.0,3717069.0,1506111.0,0.25,0.36,0.06452857794128564,0.09218973533603289
2022,1731,美吾華,290459.0,0.6608505847641147,0.19052947231795192,0.15644548800347036,0.34,1329152.0,509070.0,307606.0,0.34,0.34,0.05903414939802176,0.3620622079551135
2022,2882,國泰金,,,,,0.85,147025102.0,474498126.0,68780225.0,0.38,2.32,,
2022,2483,百容,630282.0,0.19402108897287246,0.0737146229782859,0.10892425929980548,0.62,1090938.0,1071266.0,536274.0,0.42,0.2,-0.14915228421563687,0.5354405862821158
2022,2478,大毅,1305156.0,0.2627716533502509,0.1338567956627407,0.16141748572584427,1.44,1447313.0,3691317.0,1111625.0,1.1,1.6,-0.14828189120687485,1.2397851229830152
2022,3037,欣興,35634988.0,0.3779798663044309,0.29044179838084977,0.23536564681879504,5.43,14752603.0,45571033.0,37453505.0,5.81,2.87,0.05103178370650774,5.975398666903715
2022,6446,藥華藥,977725.0,0.5941895727326191,-0.3340366667518985,-0.28096039274847223,-0.97,2849566.0,-3626712.0,810840.0,-1.44,-2.7,-0.1706870541307628,-0.7994688484357662
2022,2109,華豐,1360959.0,0.21147293930235958,0.11963916620559473,0.06647959269897183,0.14,2793492.0,362885.0,1313206.0,0.5,0.24,-0.03508775797066632,0.3125170933363904
2022,6235,華孚,920863.0,0.25021637311956285,0.0642592872121043,0.016659372784008045,0.09,1732813.0,832323.0,1093442.0,0.5,0.1,0.1874100707705706,0.1051241991818582
2022,2395,研華,16824495.0,0.38630574052891337,0.18470842661250753,0.1464407104046808,3.17,7763662.0,21094965.0,18613912.0,4.1,2.95,0.10635784313288443,3.511016446478753
2022,2890,永豐金,,,,,0.33,113837646.0,44500902.0,12940288.0,0.42,0.38,,
2022,6152,百一,1015105.0,0.12142192187015137,-0.018853222080474432,0.022770058269834154,0.12,1677385.0,-501021.0,1236212.0,0.56,0.04,0.2178168760867103,0.16781251336972858
2022,2527,宏璟,587091.0,0.4315685302619185,0.24089621540783285,0.10667170847449543,0.25,2703060.0,3374065.0,273182.0,1.01,3.93,-0.5346854235544405,0.10780667341634893
2022,2431,聯昌,271343.0,0.06740914635719367,-0.0746730153348345,0.024563006969039188,0.06,1109270.0,257194.0,296559.0,0.01,-0.19,0.09293035014723072,0.06566823932614506
2022,8940,新天地,111332.0,0.31794093342435237,-0.5930999173642798,-0.4845417310386951,-0.76,674910.0,-238983.0,175153.0,-0.38,-1.38,0.5732493802320986,-1.2574852619848655
2022,3033,威健,17421017.0,0.0869646129155376,0.04820734633345459,0.031160809957306166,1.29,4223886.0,2820316.0,18203776.0,0.88,1.43,0.04493187739843196,1.3429443986920362
2022,2377,微星,48015860.0,0.16210470873582186,0.08377329907243149,0.06335514973594142,3.6,8448562.0,37666830.0,38566247.0,1.91,5.29,-0.1968019108686172,2.8920547111310797
2022,2108,南帝,3436622.0,0.2852964335326958,0.1413417012403459,0.12146200542276689,0.75,4924167.0,9182279.0,2515112.0,0.33,3.0,-0.26814412524857256,0.6203903063865748
2022,8374,羅昇,1039831.0,0.20634410784060103,0.047229790225527035,0.046964362478133466,0.39,1122505.0,654511.0,897755.0,0.03,0.28,-0.13663374144452323,0.37561072099061216
2022,3543,州巧,762035.0,0.095895857801807,-0.0452958197458122,-0.034182156987539944,-0.28,892631.0,517815.0,748377.0,0.36,0.27,-0.01792306127671306,-0.28658135444393235
2022,2613,中櫃,834816.0,0.21483416704998468,0.15283128258203005,0.08264336093222938,0.5,1484235.0,2023946.0,791577.0,0.15,0.45,-0.051794646964121394,0.44075623952171544
2022,3005,神基,7486275.0,0.24969133514331227,0.07836954960911802,0.039673001592915036,0.44,6011339.0,8541371.0,9040462.0,1.21,1.05,0.20760485020921626,0.5966428832689153
2022,8112,至上,44872486.0,0.038262689524266605,0.026986782056157975,0.01596960774582447,1.65,4584965.0,5104822.0,37779768.0,1.02,1.8,-0.1580638523125284,1.315883710537052
2022,2424,隴華,22213.0,-1.1500022509341377,-1.9896457029667312,-1.8462161797145815,-1.2,409570.0,-380660.0,15634.0,-1.26,-1.55,-0.2961779138342412,-0.7047328601620667
2022,8438,昶昕,1034799.0,0.09972564720298338,0.04111329833136677,0.04145636012404341,0.61,705180.0,393341.0,861075.0,0.14,,-0.16788187850973957,0.506211680617866
2022,6505,台塑化,239285774.0,0.0873549256630693,0.07550285041182599,0.07068928385186826,1.78,95259597.0,188854612.0,229064626.0,-0.66,1.08,-0.042715234713451844,1.6998197428586692
2022,4904,遠傳,20723555.0,0.3214683484566234,0.1496031448272268,0.1124840791070837,0.71,32585008.0,27417705.0,22154963.0,0.75,1.03,0.06907154684608896,0.7647936163485098
2022,4755,三福化,1546966.0,0.2839810312573127,0.1988459992010167,0.17962967511891018,2.76,1007060.0,2604102.0,1217680.0,1.62,1.55,-0.212859235432453,2.1719804460389107
2022,2472,立隆電,2859699.0,0.3200403259224135,0.21272973134585144,0.17914228035887694,2.27,1634951.0,2819423.0,2521810.0,2.4,1.69,-0.11815544223360575,2.763158003095013
2022,3130,一零四,552231.0,0.8993718208503325,0.2815959263424183,0.2413754389014742,4.02,331907.0,735128.0,581533.0,3.64,2.57,0.053061128404598756,4.229129940335426
2022,3413,京鼎,3196652.0,0.29822514305592224,0.19166834550648615,0.18818438791585695,6.27,966475.0,4703309.0,4055096.0,8.21,4.88,0.2685447149079725,7.895763043017562
2022,3607,谷崧,594690.0,-0.09666212648606837,-0.25135112411508514,-0.07531150683549412,-0.55,1216622.0,-165218.0,756903.0,-0.35,0.12,0.27276900570044904,-0.46853916383483124
2022,2302,麗正,213632.0,0.446155070401438,0.2541800853804673,0.26734290742959854,0.35,1663029.0,162330.0,244102.0,0.33,0.2,0.14262844517675255,0.3924101046306461
2022,2107,厚生,524388.0,0.38712365652913494,0.2740585215527434,0.412017437469965,0.63,3423260.0,7520182.0,386913.0,0.94,0.6,-0.26216274971967324,0.46568155145626267
2022,3042,晶技,3514013.0,0.39326092419123093,0.2278622759790587,0.23907282073230804,2.72,3097570.0,6459363.0,3431726.0,2.75,2.84,-0.023416817183089522,2.6486323627888972
2022,3356,奇偶,341640.0,0.49951410841821803,0.1728427584591968,-0.056266830581899074,-0.24,898221.0,671437.0,345077.0,0.48,0.26,0.010060297389064443,-0.2161649426667823
2022,2603,長榮,174999201.0,0.695837222708234,0.6738899910748736,0.6029363814066785,19.33,52910502.0,367672641.0,170439033.0,30.39,15.24,-0.026058221831538497,19.422211077769298
2022,3050,鈺德,256411.0,0.3515449805195565,0.07742257547453113,0.00613078222073156,0.0,1459845.0,344503.0,301685.0,0.32,0.42,0.17656808795254486,0.012669598719462688
2022,2330,台積電,534140808.0,0.5906082989263011,0.4907390431026569,0.44404068823739823,9.14,259303805.0,2203125601.0,613142743.0,10.83,6.02,0.14790469819336471,10.499665656255456
2022,2820,華票,,,,,0.13,13429600.0,10774605.0,468634.0,0.24,0.34,,
2022,8261,富鼎,1163163.0,0.37719906840227896,0.2636268519545412,0.247403846236512,3.06,1163405.0,1160910.0,910099.0,1.81,2.38,-0.21756537991665825,1.9353706839492981
2022,2433,互盛電,793135.0,0.3304052903982298,0.14905533105965568,0.12344556727417148,0.64,1444960.0,1133194.0,793983.0,1.89,1.82,0.0010691748567392967,0.6783141529249841
2022,3045,台灣大,41348937.0,0.20091788574879205,0.10619561997446271,0.08374766683844859,1.06,35192336.0,37834871.0,40468193.0,1.0,1.0,-0.021300281552582567,0.9630269343069574
2022,2460,建通,809716.0,0.050559702414179786,-0.0588045685153807,-0.0037062377426159295,-0.01,1692000.0,597101.0,578632.0,-0.25,0.39,-0.2853889511878239,-0.012674632136438182
2022,3533,嘉澤,6651612.0,0.4357385848723588,0.25259621276767197,0.22486233412291637,14.22,1064871.0,12397605.0,7272173.0,17.92,8.91,0.09329482838145098,15.356205539691201
2022,2459,敦吉,1828643.0,0.1894957080195533,0.09118729024746766,0.07717033887970479,1.24,1055956.0,3493832.0,2379478.0,2.18,1.68,0.30122610044716214,1.7389467327881292
2022,1314,中石化,8139102.0,0.029183317766505446,-0.05436803716183923,-0.056843494528020413,-0.12,37848502.0,39829319.0,5622465.0,0.43,0.36,-0.3092032757422133,-0.08444206284874532
2022,1233,天仁,406911.0,0.527965574781709,-0.0591947624910607,0.007724047764744625,0.03,905919.0,411739.0,458051.0,0.09,0.22,0.125678588192504,0.039054350363432494
2022,9958,世紀鋼,1740857.0,-0.008168390625996277,-0.06101075504765756,-0.0379445296196069,0.05,2323668.0,1755230.0,2312865.0,0.68,1.78,0.3285783955833248,-0.3776812113376442
2022,2608,嘉里大榮,3218739.0,0.17343562183824163,0.12303420687418272,0.11211875209515279,0.7,4670005.0,6073309.0,3185181.0,0.65,0.74,-0.010425822037760768,0.7647069305433096
2022,2385,群光,28651801.0,0.17517764415577228,0.0877048182765195,0.07567129898745283,2.5,7518464.0,19227074.0,30660792.0,2.97,2.25,0.07011744218103422,3.085925474437467
2022,2855,統一證,1676488.0,,0.218079699944169,0.23843117278501247,0.28,14558313.0,12807227.0,2038011.0,0.46,0.15,0.21564305858437405,0.3337786135514163
2022,6416,瑞祺電通,1255429.0,0.2459231067627082,0.1252711224609277,0.1086807776465256,1.81,731889.0,986400.0,1343190.0,1.9,0.62,0.06990518778839738,1.9945501807929444
2022,2912,統一超,71130619.0,0.33120219296840364,0.042043975464349605,0.040874971156935946,2.36,10396223.0,20871656.0,75846878.0,2.58,1.98,0.06630420297621753,2.982082002852035
2022,2880,華南金,,,,,0.31,136427459.0,39800935.0,16036018.0,0.43,0.36,,
2022,5469,瀚宇博,11588724.0,0.17968199087319708,0.09318541023153196,0.09061774186700797,1.34,5284413.0,14647625.0,12762189.0,2.57,2.67,0.10125920679446665,2.1884753301075603
2022,3305,昇貿,2258709.0,0.12831002134405095,0.08424768307913945,0.06006307142708512,1.08,1342375.0,2183498.0,1936089.0,0.42,1.45,-0.14283380462024986,0.8662814183532456
2022,2247,汎德永業,12890476.0,0.10784985752271677,0.03845435963730121,0.031024067691526675,4.95,807087.0,6379376.0,11008940.0,4.38,3.57,-0.14596326776451074,4.2317878961246524
2022,6790,永豐實,2439147.0,0.23209220272496903,0.11057554136753546,0.07167546687428022,0.64,2671290.0,1250628.0,2505041.0,0.57,3.39,0.027015181946803635,0.6721471020151829
2022,5880,合庫金,,,,,0.32,140089354.0,29121031.0,15258154.0,0.42,0.44,,
2022,6405,悅城,99018.0,0.1405199054717324,-0.1493162859278111,-0.19001595669474236,-0.29,658000.0,1453988.0,68602.0,0.46,0.17,-0.30717647296451145,-0.19810751764700174
2022,2444,兆勁,395644.0,0.12283264753161934,0.010340103729615514,0.0019411390037508468,0.0,1055576.0,-141065.0,404755.0,0.5,0.12,0.023028277946841147,0.007443194213047417
2022,3049,精金,618692.0,0.1191481383305425,0.0399940519676996,0.16162161463215946,0.12,8069485.0,1622780.0,503289.0,-0.1,0.24,-0.18652738357696563,0.10080244378247795
2022,3048,益登,27448291.0,0.03693169822485488,0.01614971219883963,0.009950164110399442,1.0,2698298.0,1788459.0,31769026.0,0.64,1.01,0.15741362549675686,1.171505231547986
2022,2461,光群雷,1669309.0,0.18219934116451778,-0.0031384243420481167,0.020920033379080806,0.46,1638061.0,904943.0,1571087.0,0.43,0.82,-0.05883991519844434,0.20064693855381407
2022,4746,台耀,838218.0,0.3474466069685929,0.007538611673812779,-0.05933182060036888,-0.07,1202560.0,1990628.0,1024036.0,4.09,-4.01,0.22168218768864434,-0.5052381605933953
2022,1104,環泥,1748604.0,0.17882036184293298,0.1040893192512427,0.19420349032714096,0.5,6536092.0,12098283.0,1783091.0,0.88,0.3,0.019722590134758855,0.5298005226531575
2022,6719,力智,1871415.0,0.4495480692417235,0.2687928652917712,0.24001998487775292,5.74,782738.0,2303064.0,1513375.0,3.75,,-0.1913204714079988,4.6406363893712745
2022,6184,大豐電,499399.0,0.496170396816974,0.3321973011559895,0.2686829569142109,0.9,1582306.0,826193.0,502525.0,0.63,1.08,0.006259523947785173,0.853310945691376
2022,9945,潤泰新,7646569.0,0.20410984325126733,0.13783057473227536,0.7992860588847103,2.87,31602501.0,66061322.0,7798424.0,-0.12,-0.03,0.0198592335987553,1.972366549239865
2022,3535,晶彩科,456030.0,0.3706400894677982,0.14970725610157226,0.17824046663596693,1.03,790523.0,214928.0,418956.0,1.36,0.11,-0.08129728307348205,0.9446266957436806
2022,1720,生達,1481061.0,0.4295062796198131,0.20404088690472574,0.2226748256823993,1.28,1786961.0,2422056.0,1549109.0,1.33,0.89,0.045945440464639775,1.930358729362509
2022,1617,榮星,1003584.0,0.09201521746062113,0.008367012626745744,0.028988106625852942,0.21,1577332.0,456631.0,803204.0,0.04,0.32,-0.19966440278043496,0.1476123174722353
2022,2485,兆赫,1363670.0,0.08392646314724236,-0.03234653545212551,-0.010403543379263311,-0.03,3176890.0,2479876.0,1865543.0,0.25,-0.1,0.3680311218989931,-0.06109200358331895
2022,9917,中保科,3791806.0,0.3200126799736062,0.15052167753308054,0.14927214103253172,1.27,4511971.0,5611299.0,3801123.0,1.44,1.39,0.0024571404760687088,1.257547463266054
2022,2617,台航,1003188.0,0.365241609748123,0.31180496576912803,1.0565766336917906,2.54,4172945.0,8265912.0,972152.0,0.74,1.16,-0.03093737165915067,2.4614584845876033
2022,5234,達興材料,1048118.0,0.34765455797915884,0.1436126466676462,0.13354316975760364,1.36,1027159.0,1758534.0,727575.0,0.35,1.85,-0.3058272064786598,0.9459360404415331
2022,4952,凌通,1019027.0,0.46509268154818273,0.2367042286416356,0.21360572389151614,2.0,1088158.0,1159975.0,689849.0,1.07,2.03,-0.3230316762951325,1.3541755427138202
2022,2434,統懋,26754.0,-0.09549973835688122,-0.6793376691335875,-0.6701427823876803,-0.49,370000.0,-49631.0,23153.0,0.62,-0.33,-0.1345966958211856,-0.41934637407086384
2022,1615,大山,1043839.0,0.1446631137560486,0.10796109361692752,0.08225023207601939,0.62,1488389.0,966746.0,1023144.0,0.37,0.25,-0.019825854370262075,0.5654021324209382
2022,2010,春源,6567063.0,0.07911055520557668,0.04595341935961327,0.03560175987347769,0.36,6476554.0,4576937.0,6147270.0,0.12,0.51,-0.06392400986559743,0.33791678478621995
2022,2458,義隆,4148548.0,0.47560809227710515,0.26994215807554833,0.1833366758682797,2.75,3038804.0,5464282.0,2819194.0,1.83,4.7,-0.3204383798861674,1.7008719765664349
2022,4960,誠美材,2937525.0,0.11727321469604514,0.0457933123973413,0.07345469400260424,0.33,6752467.0,3748998.0,1903509.0,0.36,0.37,-0.3520024510429699,0.20706753713302586
2022,8021,尖點,892309.0,0.31802884426807304,0.14942245343261135,0.1417020337125368,0.87,1421805.0,2259035.0,872804.0,0.3,0.93,-0.021859019689367654,0.8698668371009877
2022,2836,高雄銀,,,,,0.21,12383477.0,3676104.0,909483.0,0.18,0.19,,
2022,1323,永裕,896161.0,0.21097883081276692,0.07947567457186823,0.05374145940294211,0.21,912745.0,1424339.0,965113.0,0.55,0.73,0.07694153171137774,0.5682483180817388
2022,1215,卜蜂,6839204.0,0.15353058630799724,0.08995257342813578,0.07189228454071556,1.82,2947901.0,4121404.0,7212389.0,1.01,1.07,0.054565560553538006,1.7589299037054738
2022,1218,泰山,2741171.0,0.14448569607660375,0.008545982720523456,0.048483658990993266,0.27,4999990.0,1066081.0,3141640.0,0.32,0.29,0.1460941327629688,0.30463701413895644
2022,2753,八方雲集,1694531.0,0.37323070513316076,0.11464352083260797,0.09672646885775474,2.52,660448.0,1456379.0,1776255.0,2.69,6.53,0.048228093791143456,2.6014292410747117
2022,1455,集盛,2553559.0,0.08198400741866547,0.035721124908412144,-0.013243085434877361,-0.06,5316884.0,1156020.0,2149667.0,-0.42,-0.16,-0.15816826632946412,-0.05354305968972901
2022,1809,中釉,656212.0,0.21799814694031808,0.012659018731751324,0.057627717871663424,0.21,1670419.0,1263730.0,722233.0,0.23,0.04,0.10060925432634571,0.24916287207943089
2022,1409,新纖,,,,,0.51,16184093.0,13371204.0,12172460.0,0.69,0.75,,
2022,1417,嘉裕,308900.0,0.332356749757203,-0.12501133052767885,0.007481385561670444,0.01,1899419.0,412978.0,391751.0,0.27,0.13,0.2682130139203627,0.015430193523229779
2022,8476,台境*,587232.0,0.12477181080050133,0.0632135169745518,0.04145380360743284,0.31,705103.0,50763.0,760094.0,1.03,-0.42,0.29436747316222545,0.44686786751989505
2022,1423,利華,41635.0,0.014314879308274289,-0.1913774468596133,0.355830431127657,0.1,1384000.0,706863.0,34099.0,0.14,-0.26,-0.1810015611865018,0.08766952218946515
2022,8011,台通,363898.0,-0.04746934580569281,-0.24190569884967766,-0.28329092218149043,-0.65,1509219.0,-95576.0,459754.0,-0.18,-0.49,0.2634144732864703,-0.8629902925727079
2022,6176,瑞儀,11022003.0,0.17947572687105964,0.1021877783920037,0.15091639877071344,3.57,4650273.0,23981254.0,17998314.0,3.96,3.27,0.6329440302275366,5.841034994772381
2022,2465,麗臺,1100070.0,0.07494432172498114,-0.06044069922823093,-0.06068795622096776,-1.25,589460.0,79022.0,1615019.0,-1.01,1.64,0.46810566600307246,-1.6627456039091901
2022,2481,強茂,3485093.0,0.3247302152338546,0.14707068075371302,0.1587260368661611,1.49,3828149.0,3322995.0,3168567.0,1.12,1.88,-0.09082282739657166,1.3137787543141646
2022,2231,為升,842341.0,0.40040197497213126,0.06295668856199568,0.08386627268529016,0.97,1341082.0,1738477.0,951303.0,1.04,1.03,0.12935616335901967,0.5949094597074197
2022,2340,台亞,1328448.0,0.2961094450065038,0.14889404779110663,0.10628041142747024,0.33,4386228.0,2391879.0,1058830.0,0.24,0.62,-0.20295713494242906,0.2565595952416252
2022,2546,根基,2809119.0,0.10695061334176302,0.07982253510798225,0.0525538433936049,1.39,1166392.0,1613677.0,3806409.0,2.04,1.45,0.3550187799092883,1.7150445345819265
2022,1438,三地開發,455699.0,0.946490995152502,0.9103092172684162,0.8766422572794762,5.61,712058.0,476621.0,1.0,-0.31,0.31,-0.999997805569027,1.2311388359929615e-05
2022,9938,百和,5035531.0,0.35635506960437735,0.20070375894816256,0.15012835786335146,1.87,2979639.0,7744356.0,4071470.0,1.35,1.17,-0.1914517058876214,2.0513998682051735
2022,4564,元翎,423262.0,0.11645978141198596,0.010447429724378754,0.007265003709286446,0.02,1827883.0,643979.0,469071.0,-0.02,0.49,0.10822847314429351,0.01864343918576136
2022,1608,華榮,2759429.0,0.05287615662515687,0.035617151229475376,-0.050370565794590115,-0.31,6327735.0,1182267.0,2787069.0,0.02,0.24,0.010016565021241819,-0.22185859938597693
2022,2618,長榮航,33331383.0,0.1424274234285448,0.07398846906532501,0.05964564986697372,0.34,53355698.0,16494721.0,35205058.0,0.23,0.3,0.056213539054170036,0.39355282410783987
2022,3321,同泰,551976.0,0.11540175659811296,-0.0197490470600171,0.05146057074945287,0.18,1561448.0,-623104.0,328097.0,-0.42,-0.1,-0.405595533139122,0.10813077913054575
2022,1718,中纖,,,,,-0.13,16862097.0,4758761.0,8705849.0,-0.26,0.06,,
2022,1760,寶齡富錦,814792.0,0.5834274268770435,0.28209530775952635,0.19781490245363234,1.88,857391.0,313942.0,661563.0,0.91,0.77,-0.18805903838034743,1.5263400282010466
2022,3714,富采,7780726.0,0.22810236474077097,0.03723688509272785,0.03280040962758488,0.57,6847840.0,1934599.0,6684302.0,-0.56,1.91,-0.14091538501677092,0.32017080374904333
2022,2106,建大,10451122.0,0.16268683879108864,0.029441432221344273,0.04386390284220201,0.5,9094100.0,11350841.0,10336561.0,0.25,0.24,-0.01096159819012732,0.498567101116652
2022,2368,金像電,8456949.0,0.29375523016634014,0.21319248821294773,0.17275402748674493,2.7,5464879.0,5640728.0,8605455.0,2.7,1.46,0.017560233601976227,2.720329232551986
2022,9904,寶成,68337874.0,0.2306740037010809,0.03497343215564476,0.08884107222884927,1.72,29467872.0,91005935.0,68976804.0,1.94,0.87,0.009349573854170456,2.0795438592509083
2022,4119,旭富,181361.0,0.3312343888708157,0.08478118228285023,0.7738267874570608,1.47,953824.0,1248912.0,304589.0,0.51,0.22,0.679462508477567,2.471096631713594
2022,6142,友勁,609548.0,0.0494497562128003,-0.10020539809826297,0.05042260822773596,0.09,3307792.0,-54616.0,1069207.0,0.25,-0.65,0.7540981186059179,0.16298547694459894
2022,2059,川湖,1936635.0,0.5820513416312315,0.48805221427889095,0.5158927727733931,10.48,952971.0,11735025.0,2150386.0,15.56,6.62,0.1103723726980046,11.641157979341298
2022,6706,惠特,1472341.0,0.3473006592902052,0.16932830098462245,0.21221170910814818,4.25,735369.0,1980599.0,786311.0,3.33,4.49,-0.4659450494145039,2.2691247686608644
2022,6214,精誠,7696011.0,0.22797992362536904,0.0483893539133455,0.021288171235721985,0.63,2693933.0,5192207.0,8546554.0,1.26,0.93,0.11051738361600583,0.6753713066633235
2022,4919,新唐,11180422.0,0.4194264760310478,0.1162365785477507,0.1215778796184974,3.23,4197653.0,5445559.0,10400498.0,2.26,1.56,-0.06975801092302236,3.012327350108318
2022,3380,明泰,8287178.0,0.19162868228485017,0.0533542298717368,0.03861869504914701,0.45,5417185.0,2046528.0,9230870.0,0.58,0.21,0.11387374568278852,0.6580616197680523
2022,6136,富爾特,125399.0,0.1236373495801402,-0.08959401590124323,-0.00944983612309508,-0.01,1155364.0,341854.0,117070.0,0.93,0.77,-0.06641998740021848,-0.009575270779864536
2022,6183,關貿,528829.0,0.4344807111561582,0.25956216470730614,0.21678274073471765,0.76,1500000.0,893144.0,517204.0,0.75,0.61,-0.021982531215194334,0.7474726709263927
2022,9919,康那香,686940.0,0.06624013742102658,-0.14725157946836695,-0.11421667103386031,-0.4,1953628.0,464695.0,929282.0,-0.28,-0.07,0.3527848138119778,-0.5432943041955162
2022,6177,達麗,2507253.0,0.20530038253020338,0.11627266973057765,0.10749812643558508,0.69,3879106.0,2218065.0,1468963.0,1.05,0.93,-0.4141145708071742,0.40708031774124337
2022,1307,三芳,2701662.0,0.15881335266957894,0.026239033602278892,0.05926611100870501,0.41,3978181.0,4249563.0,3063970.0,0.46,-0.41,0.13410559870183603,0.4564638616175129
2022,1326,台化,107791185.0,0.061890775205783295,0.017006910166169897,0.07290200028879913,1.07,58611863.0,192685325.0,90738545.0,0.43,1.63,-0.15820069145728377,1.1286147710055237
2022,9914,美利達,8808535.0,0.15362906544618374,0.0878811289277956,0.10886202983810589,3.18,2989838.0,16582140.0,9434082.0,3.1,4.07,0.0710160089049996,3.435013255497916
2022,6835,圓裕,1386509.0,0.19414659407187404,0.07516070937873465,0.09819049137077365,2.26,601723.0,404751.0,742308.0,4.08,,-0.46462085713111134,1.211314629297139
2022,2301,光寶科,42957305.0,0.20432406083202845,0.10172998515619171,0.09240826443837666,1.74,23508670.0,37041628.0,46172657.0,1.85,1.33,0.07484994694150382,1.8149623512850632
2022,1806,冠軍,833565.0,0.3255079088013532,0.12650723098978484,-0.08268821267687583,-0.15,4337821.0,1112470.0,703208.0,0.13,2.62,-0.15638492499085255,-0.1340465931168679
2022,2908,特力,10193431.0,0.2380317284729744,0.006959776350082715,0.009213384580716738,0.18,5098875.0,2310535.0,9178276.0,0.29,0.36,-0.09958913735718622,0.16584636135610797
2022,2406,國碩,1896047.0,0.13317233169852857,-0.008886383090714524,-0.02140347786737354,-0.04,3509057.0,-367794.0,1640664.0,-0.02,-0.25,-0.13469233621318455,-0.10007222912536487
2022,2371,大同,6822835.0,0.2734785466745129,0.08897108020346381,-0.008836356148140765,0.19,23395367.0,13757708.0,7219761.0,3.47,0.31,0.05817611007740919,-0.027268809034052304
2022,4164,承業醫,692195.0,0.2915666827989223,0.14173462680314072,0.17049964244179747,0.69,1615349.0,1184006.0,817414.0,0.63,0.43,0.18090133560629584,0.8627782276580445
2022,4572,駐龍,173629.0,0.4320821982502923,0.30415425994505524,0.3225037292157416,1.56,358000.0,1194673.0,172173.0,1.91,0.5,-0.008385695937890514,1.5510177254263096
2022,1527,鑽全,1126779.0,0.26788039180708906,0.18216615680625925,0.1850114352503907,1.51,1385706.0,2933264.0,910551.0,1.82,0.81,-0.19189921004917554,1.215714930718915
2022,6698,旭暉應材,341573.0,0.26891176995839833,0.059337242697754214,0.03667444440866228,0.02,663898.0,193922.0,275700.0,-0.25,0.06,-0.19285189403143688,0.15229966536227235
2022,3029,零壹,2967967.0,0.12130727868605008,0.05649388958839502,0.047720880993622906,0.92,1526477.0,821101.0,3755382.0,1.25,1.43,0.2653044996794103,1.174011383778423
2022,3003,健和興,1288670.0,0.3503464812558685,0.22483025134440934,0.21263938789604786,1.75,1556549.0,4288129.0,1263479.0,1.72,1.27,-0.01954806117935548,1.7260324036025247
2022,4540,全球傳動,991041.0,0.2546453678505733,0.11120024297682941,0.05451540349995611,0.57,941780.0,650766.0,863230.0,1.15,1.19,-0.1289664100677974,0.4996849769932161
2022,2471,資通,189324.0,0.43855506961610785,0.14408104624875875,0.18144028226743572,0.73,472539.0,156138.0,197257.0,1.02,1.28,0.04190171346474836,0.7574055423833286
2022,1453,大將,23658.0,0.04712993490574013,-0.33730661932538675,-2.014794149970412,-0.48,1036335.0,335150.0,98434.0,0.01,-0.02,3.160706737678587,-1.913707897139318
2022,2489,瑞軒,4494084.0,0.09682707310321748,0.003568246610432738,-0.08565571983078198,-0.5,7980000.0,2826911.0,3880432.0,1.5,-0.12,-0.13654662440666443,-0.41651778974235715
2022,3338,泰碩,1206708.0,0.18509863198056198,0.05298216304192895,0.06504390457343451,0.89,879081.0,575920.0,1220840.0,0.91,0.64,0.011711201052781561,0.9033092565921886
2022,3703,欣陸,8241130.0,0.17627849578880567,0.12208701961988222,0.11047465578142804,1.15,8232160.0,10078252.0,6213216.0,0.56,0.22,-0.24607232260624456,0.8338065573259767
2022,6005,群益證,1456460.0,,-0.17865303544209934,-0.1329559342515414,-0.12,21709081.0,8601192.0,2294068.0,0.11,0.59,0.5750985265644095,-0.14049878674116378
2022,2449,京元電子,9928261.0,0.3742704789892208,0.2725075418545101,0.20790891778529996,1.65,12227451.0,13969248.0,9020335.0,1.22,1.25,-0.09144864342305259,1.5337686390326681
2022,5484,慧友,63282.0,0.28232356752315035,-0.2543061218039885,-0.6307322777409058,-0.59,668010.0,-111576.0,96815.0,0.04,-0.44,0.5298979172592522,-0.9141232237464378
2022,1709,和益,2645478.0,0.24096439282428356,0.1477460784024664,0.1368690270718562,0.75,4770163.0,2422858.0,2518521.0,0.54,0.59,-0.047990193076638654,0.7226325786561976
2022,2838,聯邦銀,,,,,0.0,37965302.0,13933195.0,4477116.0,0.34,0.21,,
2022,2812,台中銀,,,,,0.27,47654465.0,14920022.0,4095607.0,0.28,0.27,,
2022,2901,欣欣,28694.0,0.8241095699449362,0.06632048511884017,0.13048023977138076,0.05,730433.0,124735.0,25200.0,0.06,-0.02,-0.12176761692339866,0.04501579258109635
2022,3494,誠研,156965.0,-0.018609244099002963,-0.4994935176631733,-0.5370942566814257,-0.45,1200000.0,-586404.0,157416.0,-0.13,-0.67,0.0028732519988532434,-0.7045602459146943
2022,2506,太設,228415.0,0.43995359324037386,3.8871921721428104,3.7542280498215965,2.19,3870000.0,2569509.0,226159.0,0.02,-0.01,-0.009876759407219327,2.19393400909458
2022,3149,正達,657607.0,-0.07918407194570617,-0.18933496754140391,-0.14686583324082622,-0.46,2233936.0,-1267364.0,667166.0,-0.25,-0.09,0.014536037481352793,-0.4386154773455867
2022,6754,匯僑設計,1122374.0,0.18084524409866942,0.04639719024139904,0.03381493156470125,0.58,660000.0,594695.0,1553474.0,1.7,0.21,0.38409656674156745,0.7959184393567077
2022,2886,兆豐金,,,,,0.13,139398196.0,98238812.0,14789238.0,0.41,0.53,,
2022,1216,統一,130531027.0,0.32041771953575454,0.05454847911370528,0.05716608665003455,0.85,56820154.0,60840979.0,141765923.0,0.97,1.0,0.08607069336855822,1.4262902276259453
2022,9928,中視,200366.0,0.10969925037181957,-0.09768623419142969,-0.021296028268269068,-0.07,607246.0,-199053.0,208821.0,-0.17,-0.04,0.04219777806613889,-0.07323321881096319
2022,1710,東聯,5519393.0,-0.009727700129343934,-0.05935308465985299,-0.07594440185723321,-0.22,8857031.0,3439358.0,4915975.0,-0.29,0.26,-0.10932687706782251,-0.42151910828821987
2022,2495,普安,337311.0,0.4698986988268986,0.11369626249959236,0.034813569673091,0.04,2735515.0,1148312.0,400522.0,0.3,0.09,0.18739679405652354,0.050972488005387485
2022,1109,信大,1765691.0,0.21128838511381662,0.16567451496326369,0.002227456559499935,-0.06,3419579.0,4143031.0,1670565.0,0.63,0.31,-0.053874658703023326,0.010881780965788504
2022,2727,王品,3523380.0,0.39256310701655794,-0.07298673432896821,-0.07695593435848531,-2.98,769879.0,569903.0,5088475.0,3.77,-1.45,0.4442027257917114,-5.086362247636234
2022,2379,瑞昱,30499344.0,0.5016959709035054,0.15135148480570598,0.15335182291133867,9.12,5128636.0,31552601.0,29772018.0,8.2,9.57,-0.023847267010070783,8.902158843109918
2022,2910,統領,118252.0,0.7204529310286507,0.32278523830463757,0.14075026215201433,0.1,2087250.0,1004915.0,211221.0,0.2,0.16,0.7861938910124142,0.14243339859628995
2022,1443,立益物流,186358.0,0.36491054851415017,0.272067740585325,-0.009218815398319364,0.25,1353430.0,-492508.0,245176.0,0.66,0.05,0.3156183260176648,-0.01670003091477467
2022,2425,承啟,1625793.0,0.10225902067483376,0.05411205485569196,0.061991901798076385,1.06,1014988.0,1087122.0,1619038.0,1.49,0.39,-0.0041548954879249145,0.988851540149775
2022,6531,愛普*,1538648.0,0.40959465712755616,0.29749429369160457,0.40434069390789834,3.85,807804.0,3200880.0,1187153.0,4.33,-0.88,-0.22844406257961536,5.94221206870532
2022,1598,岱宇,1379277.0,0.24118433063119302,-0.16920459052097583,-0.052371641084423215,-0.49,1341147.0,714467.0,1388647.0,0.6,0.87,0.006793414230789052,-0.5422651079781786
2022,6239,力成,23263343.0,0.23500354183833339,0.17401196380073147,0.14714084729782817,3.67,7591466.0,41790119.0,21430133.0,3.2,3.2,-0.07880251776367653,4.153674570004197
2022,8443,阿瘦,282101.0,0.3761560575822135,-0.25356166762967874,-0.29064058617303734,-1.23,668000.0,-60574.0,293912.0,-0.91,-1.2,0.0418679834527349,-1.278783771905535
2022,2834,臺企銀,,,,,0.25,80296934.0,20999716.0,7863110.0,0.36,0.17,,
2022,3593,力銘,181189.0,-0.033655464735717955,-0.18700362604793888,-0.22029483026011512,-0.43,930425.0,-413889.0,263193.0,-0.06,-0.01,0.45258818140174073,-0.6231567000096782
2022,1463,強盛新,117740.0,0.13308136572108034,-0.0014863258026159335,-0.3237897061321556,-0.23,1732684.0,220586.0,125302.0,0.28,-0.02,0.06422626125360975,-0.23415405092775923
2022,6164,華興,247517.0,0.24378123522828735,-0.041807229402424886,0.12552269137069372,0.3,1000002.0,234108.0,214322.0,0.1,0.12,-0.1341120003878521,0.2690222045550891
2022,6192,巨路,1616358.0,0.344972462783616,0.18410092318657129,0.12809167276061367,1.94,1068398.0,4671023.0,1654977.0,2.53,1.89,0.023892603000077894,1.9841741776972825
2022,2228,劍麟,961596.0,0.25977541503916407,0.0895885590206282,0.09709067009430156,1.23,757803.0,2619687.0,1261866.0,2.51,0.49,0.3122621142350841,1.6167185338302426
2022,1517,利奇,1350102.0,0.1999952596174215,0.1211345513153821,0.08794298504853708,0.6,2256850.0,1564952.0,1561018.0,1.07,0.5,0.1562222706136278,0.6082840358663503
2022,6443,元晶,1891369.0,0.06601884666609213,0.011157526638112394,0.0076108892553489035,0.04,4496214.0,89589.0,2275509.0,0.04,-0.24,0.2031015629419748,0.038518288939427096
2022,2031,新光鋼,4120146.0,0.12123915026312175,0.09306102259483037,0.03590843625444341,0.42,3211463.0,4476629.0,4264391.0,-0.48,1.79,0.0350096816957457,0.47681574530836013
2022,2615,萬海,75126060.0,0.5555896183028899,0.5232275191857526,0.4016168557222354,8.57,28061464.0,164044087.0,63834514.0,7.97,13.18,-0.15030132020766163,9.136022553647598
2022,2849,安泰銀,,,,,0.24,19576094.0,14528525.0,1437940.0,0.23,0.32,,
2022,6669,緯穎,75057225.0,0.08346175867812859,0.06104166520944519,0.04746533061940406,20.37,1748408.0,18772820.0,79673998.0,24.69,11.59,0.06151004117191916,21.629692021769166
2022,1524,耿鼎,688070.0,0.23314343017425554,0.12644062377374396,0.16593224526574332,0.69,1653104.0,655113.0,569095.0,0.71,0.17,-0.17291118636185276,0.5712357547952712
2022,4956,光鋐,300118.0,0.15116054351954897,-0.03237726494245597,-0.024760260964020817,-0.08,1004082.0,552433.0,274047.0,-0.15,0.37,-0.08686916479518059,-0.06757889531340083
2022,1456,怡華,230702.0,0.25238619517819527,0.11620618806945757,-0.1466480568005479,-0.36,937200.0,572740.0,133815.0,-0.3,0.01,-0.4199660167662179,-0.20938657405852878
2022,2633,台灣高鐵,6665611.0,0.05036702561850669,0.005015444195588371,0.04168425070109852,0.05,56282930.0,7891689.0,9780204.0,0.23,0.15,0.46726294108672106,0.07243412442171837
2022,6116,彩晶,4492769.0,0.10778631173781693,0.033399446978021795,0.004282882115684113,0.01,29403289.0,16484452.0,3825374.0,-0.13,0.45,-0.14854870125750952,0.0055720385193652995
2022,3189,景碩,11453611.0,0.3709976705163114,0.23832545037543182,0.20036632988495942,4.65,4508441.0,19727222.0,11544421.0,4.79,3.07,0.00792850394517508,5.130627785562356
2022,2722,夏都,156890.0,0.4487985212569316,0.07937408375294792,0.047632098922812165,0.1,1115229.0,474120.0,311114.0,1.02,0.04,0.9830072024985659,0.13287865383945166
2022,2482,連宇,366827.0,0.3980786583321293,0.17367587445853222,0.10354199663601643,0.54,751713.0,138492.0,308083.0,0.77,0.31,-0.16014088384988023,0.4243578194020038
2022,8210,勤誠,2781851.0,0.19267782494461422,0.10762977600166221,0.0998558154264912,2.31,1207697.0,3157441.0,3029664.0,3.65,1.8,0.08908205363982469,2.5050121776263836
2022,1201,味全,4912482.0,0.2802980245016674,0.029580769965162214,0.018406581438873467,0.18,5060629.0,2165640.0,5751266.0,0.28,0.4,0.17074546023781867,0.20918574747452154
2022,9943,好樂迪,394367.0,0.39935643702439605,-0.13131676839086434,-0.04340119736184823,-0.11,1473176.0,2188359.0,624069.0,1.2,-1.67,0.5824574571401766,-0.18385679536193408
2022,5203,訊連,441999.0,0.8676535467274813,0.14180575069174364,0.22833535822479237,1.28,788308.0,1516001.0,432101.0,1.1,0.73,-0.022393715822886517,1.2515912133872928
2022,1457,宜進,1176611.0,0.15684113101101382,0.10415676888963302,-0.0023712169952516166,0.03,3016476.0,2061992.0,1024020.0,0.15,0.14,-0.12968687187184214,-0.008049703122045594
2022,2331,精英,10782210.0,0.09428790572619157,0.022989999267311618,0.0318766746334935,0.61,5574030.0,883897.0,7554562.0,0.74,0.14,-0.29934939126579796,0.4320290972107325
2022,1444,力麗,3719100.0,0.1432088408485924,0.03932134118469522,0.08380898604501089,0.33,9573029.0,1234630.0,3291328.0,0.21,0.07,-0.11502030061036272,0.2881458547984693
2022,3550,聯穎,1082128.0,0.16833775671639584,0.005966946608903938,0.016893565271391183,0.22,875500.0,910467.0,973889.0,-0.25,0.07,-0.10002421155353158,0.1879207011832083
2022,5269,祥碩,1439749.0,0.5308821190360264,0.2782568350455531,0.49254835391446705,10.26,692155.0,5043460.0,1337397.0,10.76,14.56,-0.07109016918921285,9.517126812349062
2022,2467,志聖,1320166.0,0.39150228077378146,0.15930345123264802,0.16417859572205312,1.24,1567554.0,988644.0,1534007.0,1.45,0.98,0.1619803873149286,1.6066503296715746
2022,1446,宏和,36035.0,0.12279728042181212,-0.27931178021368114,-0.1282919383932288,-0.04,1377095.0,80954.0,42954.0,-0.04,-0.17,0.192007770223394,-0.04001649793037336
2022,3058,立德,1243170.0,0.0878592630131036,-0.036690878962651934,-0.0424616102383423,-0.34,1585764.0,-124732.0,1237465.0,-0.07,-0.34,-0.004589074704183682,-0.33135294100250895
2022,6625,必應,118555.0,-0.007937244316983678,-0.35714225464974064,-0.4220404031883936,-1.09,443404.0,-101984.0,282206.0,-0.04,-0.92,1.3803804141537683,-2.686090653719493
2022,5258,虹堡,1598132.0,0.32648930125922015,0.13584109447780285,0.09272388013005184,1.65,895426.0,676583.0,2011642.0,2.53,0.58,0.2587458357632535,2.08311185594988
2022,1762,中化生,579402.0,0.46163975961422293,0.2510087987269633,0.25536501427333697,1.9,775600.0,1920351.0,465732.0,1.56,1.09,-0.19618503215384142,1.5334148894733082
2022,6226,光鼎,295113.0,0.24027067597835405,-0.016800344274904868,0.04801550592484913,0.11,1165398.0,148630.0,208814.0,0.07,0.08,-0.2924269686526856,0.08603335387731441
2022,6670,復盛應用,8366782.0,0.2508596495044331,0.17353087483335888,0.17040781031464666,10.29,1310300.0,6234038.0,7915946.0,10.33,3.34,-0.05388403809254261,10.29488685361357
2022,2438,翔耀,59250.0,0.19264135021097045,-0.06231223628691983,-0.055105485232067514,-0.09,601956.0,-5527.0,58557.0,-0.08,0.01,-0.011696202531645605,-0.053605444562961034
2022,6743,安普新,1401960.0,0.11633641473365859,0.009777026448686126,0.007625039230791178,0.07,1500000.0,502738.0,1216721.0,0.26,,-0.13212859140061062,0.06185030238618315
2022,2539,櫻花建,3165826.0,0.3863323505461134,0.34347528891354107,0.26597766270161405,1.31,7346443.0,1833119.0,3096417.0,0.85,0.68,-0.021924451943979184,1.1210564846273818
2022,2033,佳大,202088.0,0.0883624955464946,0.0025483947587189738,-0.005774712006650568,-0.01,806945.0,121823.0,182806.0,-0.06,0.06,-0.09541387910217336,-0.013082081220997263
2022,2515,中工,2830689.0,0.0781463452890798,0.02336180343372232,0.017812624417588793,0.04,15308998.0,7351723.0,4073727.0,0.06,0.09,0.43912913075226556,0.047399424201891416
2022,2491,吉祥全,-216770.0,1.1676846427088619,1.3222586151220188,1.5278451815288094,-2.29,820080.0,-3956.0,-71140.0,-1.34,-3.66,-0.6718180560040596,-1.32536955192127
2022,6024,群益期,685188.0,,0.17413906840166493,0.23347606788209951,0.76,2104376.0,2574317.0,727523.0,1.07,0.51,0.061785962392803206,0.8071713863577074
2022,8070,長華*,5820157.0,0.23075769261894483,0.1613030370142936,0.15997918956481758,0.78,689419.0,4253430.0,5513111.0,1.17,1.03,-0.052755621540793496,12.793134940593182
2022,4930,燦星網,2067363.0,0.17337351979308907,0.06599421581986327,0.08472919366361882,1.23,800000.0,692779.0,1893137.0,1.12,1.59,-0.0842745081536237,2.0050496438095293
2022,1603,華電,785219.0,0.1127519838414506,0.08329905414922462,0.07272620759304092,0.36,1916880.0,5536159.0,964588.0,1.07,0.64,0.22843181329030493,0.36596358212176117
2022,3443,創意,5380703.0,0.3518001272324453,0.15451642657102613,0.1413369219598257,5.67,1340119.0,4296807.0,6061843.0,7.9,3.11,0.12658940662586282,6.393180240140731
2022,3059,華晶科,3152366.0,0.2190932144300503,0.0324632355506943,0.03204640577902439,0.34,2789473.0,4343230.0,4013541.0,0.46,0.36,0.27318369757826333,0.4610891143120988
2022,1514,亞力,1972675.0,0.15371462607880162,0.0750204671321936,0.07718453369156095,0.66,2397430.0,1083065.0,1772633.0,0.47,0.41,-0.10140646583953261,0.570693832609389
2022,1452,宏益,510259.0,0.14960245679155096,0.09234330016717,0.08299902598484299,0.32,1326414.0,1046314.0,403406.0,0.33,0.37,-0.20940933917873084,0.25242725933563404
2022,9934,成霖,5207844.0,0.24382469981819732,-0.16852271304593608,-0.1966931037104798,-2.86,3581640.0,709152.0,4826888.0,0.26,0.01,-0.0731504246286947,-2.6507845064910778
2022,2545,皇翔,1890784.0,0.4335841640293127,0.26156715944285547,0.20402647790546144,1.18,3277348.0,8448612.0,1802141.0,0.97,-0.27,-0.04688161101426713,1.1218963653509673
2022,2852,第一保,1739695.0,,0.1173401084672888,0.0979453294974119,0.57,3011638.0,4011094.0,1850727.0,0.82,0.94,0.063822681561998,0.6018985874954316
2022,5533,皇鼎,1866843.0,0.2576954784092717,0.21373945211247009,0.10606515920192539,0.69,2852450.0,5976141.0,734761.0,0.68,0.38,-0.606415215419829,0.2732126503194303
2022,3704,合勤控,6228595.0,0.23465645141480543,0.03969145529609808,0.012774791104574948,0.17,4425928.0,1688001.0,8660990.0,1.81,0.98,0.39052065513972245,0.2499867553399255
2022,1736,喬山,6567106.0,0.40135578746558986,-0.1143046876356191,-0.06226167203635818,-1.35,3036166.0,6920025.0,8018956.0,0.73,-1.67,0.22107911765091037,-1.6444213147304418
2022,2891,中信金,,,,,0.35,199969796.0,176258788.0,35905556.0,0.41,0.61,,
2022,2739,寒舍,524933.0,-0.03321757252830361,-0.5952664435270787,-0.5717339165188701,-3.26,1015260.0,-893087.0,896403.0,-0.94,-2.18,0.7076522146635857,-5.048007386967522
2022,3006,晶豪科,4959233.0,0.30363969589652273,0.14543357813597385,0.1897192569899418,3.35,2861570.0,9448321.0,3500631.0,0.3,6.8,-0.29411846549657983,2.3208836838377427
2022,5306,桂盟,1890990.0,0.48725006478088195,0.34175590563673,0.2752891342630051,4.13,1260000.0,4928887.0,1904384.0,4.81,4.03,0.007083062311276089,4.160763671939038
2022,6120,達運,3580899.0,-0.010935242797967773,-0.08709405096317992,-0.038355172821126764,-0.2,6655551.0,672196.0,2945706.0,-0.24,-0.24,-0.1773836681794153,-0.16975763946550787
2022,6196,帆宣,11823579.0,0.10676674127182641,0.05693411445045531,0.04010968252506284,2.52,1950181.0,4430183.0,14243589.0,4.23,2.38,0.20467660426677914,2.929501583737496
2022,6579,研揚,2085452.0,0.3634967383569605,0.18157502546210605,0.1480269025611714,2.73,1487375.0,1048604.0,2059391.0,3.33,0.87,-0.012496571486660946,2.0495522036631875
2022,4551,智伸科,2290323.0,0.28031592050553567,0.1842159381013071,0.15661022484601517,3.11,1152225.0,2771627.0,2377051.0,3.68,2.55,0.03786714799615609,3.2308836518947706
2022,2373,震旦行,2740100.0,0.46227984380132114,0.052874712601729865,0.0755844677201562,0.87,2362025.0,3306330.0,3626478.0,2.27,1.78,0.3234838144593264,1.1604678584217212
2022,1618,合機,529433.0,0.06658821796147954,0.028184869473568894,0.09923446403983129,0.27,1926917.0,1857188.0,814509.0,0.21,0.2,0.5384552908488893,0.4194646892970426
2022,2421,建準,3483127.0,0.2259024721177264,0.08501240408403139,0.08621620744807755,1.2,2509297.0,1938225.0,3664104.0,1.42,0.35,0.051958197332454326,1.2589388604670182
2022,6412,群電,10270487.0,0.16774764429379055,0.07885663065441785,0.07516586117094545,1.95,3953884.0,5346598.0,10800822.0,2.44,2.09,0.051636791906751744,2.053305273963762
2022,6695,芯鼎,354585.0,0.4315410973391429,0.08700593651733717,0.12825979666370546,0.54,855195.0,-199211.0,266048.0,0.98,,-0.24969189334010178,0.39901148139062453
2022,2375,凱美,1580792.0,0.1745998208492958,0.06763824715712125,0.10973992783364288,1.27,1358442.0,3185004.0,1505081.0,1.59,2.85,-0.04789434663130887,1.2158596415878413
2022,6206,飛捷,1643478.0,0.3691050321330739,0.2377926567924852,0.21259913427499486,2.49,1430623.0,2599736.0,1413060.0,2.23,1.4,-0.14020145082562707,2.0998916743168836
2022,2462,良得電,1292680.0,0.06823653185629855,-0.0042508586811894665,-0.014796391991830925,-0.13,1419346.0,1028545.0,1188327.0,0.53,-0.01,-0.0807260884364267,-0.12388066127974762
2022,2211,長榮鋼,3325714.0,0.23049757134858861,0.18760001611683988,0.40150656370331306,2.91,4199820.0,9485083.0,2411033.0,1.28,1.17,-0.27503297036365726,2.3049692005973825
2022,1102,亞泥,24487758.0,0.1695261771208291,0.12377997201703807,0.1930684711928303,1.35,35459276.0,109958220.0,21927921.0,1.33,1.04,-0.10453537641134802,1.193930238143373
2022,1817,凱撒衛,697906.0,0.3317552793642697,0.1338948225119142,0.1064785228956335,1.01,726000.0,1013438.0,684210.0,1.14,0.67,-0.01962441933440895,1.0034940792069063
2022,2365,昆盈,262992.0,0.35414004988744907,0.07742440834702197,0.06511604915738882,0.07,2215285.0,1059708.0,307283.0,0.18,0.12,0.16841196690393634,0.09032271212611429
2022,1905,華紙,6221758.0,0.13219559487848934,0.028474588693420733,0.029701573092363927,0.15,11028353.0,3521304.0,6163399.0,0.26,0.14,-0.009379824801929004,0.1659927333627267
2022,2476,鉅祥,1593713.0,0.28595487393275953,0.150577299676918,0.15004583635824015,1.08,1897683.0,3055021.0,1897287.0,1.65,1.13,0.19048222609717058,1.5001452546427216
2022,1737,臺鹽,873547.0,0.28668863839037856,0.0569036354082837,0.02832474955554767,0.23,2000000.0,1736056.0,972523.0,0.81,0.5,0.11330357725457252,0.13773235206004944
2022,2062,橋椿,2446566.0,0.18303573253286443,0.09734910073956721,0.14423277361003137,1.7,1999942.0,3383999.0,1767117.0,1.16,0.86,-0.2777153773901869,1.2744178891359739
2022,2337,旺宏,11340048.0,0.4818865846070493,0.2628080586607746,0.2588549007905434,1.59,18558843.0,29618822.0,11471524.0,1.35,2.94,0.011593954452397304,1.6000244233632115
2022,3094,聯傑,81312.0,0.7273096221959858,0.24644578905942544,0.22227961432506887,0.22,831171.0,138372.0,80590.0,0.23,0.25,-0.008879378197560017,0.21552140436152487
2022,6605,帝寶,4152997.0,0.31385141862611504,0.1385137046812218,0.10857749235070481,2.74,1658164.0,10562802.0,4511717.0,3.22,1.8,0.08637617604828507,2.954297150680179
2022,8478,東哥遊艇,1618799.0,0.4494245425157787,0.35515465477801755,0.3341106585808368,6.15,888863.0,1902249.0,1226731.0,4.72,2.02,-0.2421968385204093,4.611103199385377
2022,6197,佳必琪,1075314.0,0.26650820132538033,0.10127367448019835,0.1240735264304194,1.1,1220859.0,1419880.0,1180746.0,1.8,0.83,0.09804764003816557,1.19996920232895
2022,2887,台新新光金,,,,,0.17,127741476.0,28927444.0,16392208.0,0.26,0.34,,
2022,1441,大東,436369.0,0.02244889073238475,-0.10074730331439676,-0.10178541555426715,-0.32,1008000.0,-249289.0,380492.0,-0.93,-0.26,-0.12804988438683773,-0.3842116699908157
2022,2323,中環,1873777.0,0.1906950506917312,-0.0779313653652489,-0.29648725542046894,-0.48,11588812.0,-381552.0,1899963.0,-0.25,,0.013974982081645715,-0.4860850407017048
2022,3705,永信,1955411.0,0.4727737544690093,0.10711047447314145,0.13876673497285225,1.03,2664230.0,2159347.0,1624979.0,0.96,0.65,-0.16898340042067883,0.8463722359910761
2022,6789,采鈺,2650415.0,0.4224425231520347,0.2920821833561914,0.23545595689731608,2.13,3146581.0,5810995.0,2214746.0,1.17,,-0.16437765406549543,1.657275432332755
2022,6278,台表科,15380173.0,0.11814626532484387,0.07250802705535236,0.0546988645706391,2.87,2923984.0,12348321.0,17347079.0,3.63,3.83,0.1278858176692812,3.245111891573885
2022,2314,台揚,1026789.0,0.14077965385293376,-0.08756813717326539,-0.12492926979155405,-0.54,2380283.0,-609433.0,1301060.0,-0.4,-0.51,0.26711524957902744,-0.6828619779874886
2022,2466,冠西電,571159.0,0.2131210398505495,0.07628348673486718,0.06833123526023402,0.23,1680883.0,121028.0,405471.0,0.24,0.27,-0.29009085035865667,0.16483202157557872
2022,2509,全坤建,50045.0,0.3138375462084124,-0.41814367069637326,-0.866939754221201,-0.19,2245505.0,1590512.0,51721.0,-0.13,-0.05,0.033489859126785815,-0.19968332748346024
2022,4440,宜新實業,377124.0,0.22913153233419248,0.18103594573668078,0.13344682385634432,0.74,675980.0,392130.0,396311.0,0.69,3.99,0.050877165070374764,0.782366996203019
2022,6515,穎崴,1057164.0,0.43467806319549285,0.23840766427914684,0.1971642999572441,6.12,342650.0,862595.0,1555029.0,10.79,3.57,0.47094395949918844,8.947795248744006
2022,1324,地球,260678.0,0.14309224407122964,-0.00865051903114187,-0.005144277614528269,-0.02,751219.0,202601.0,222362.0,-0.01,-0.05,-0.1469859366728301,-0.015227142270386332
2022,6230,尼得科超眾,2843089.0,0.15918917768666405,0.043043323652548336,0.05547065181568357,1.83,863434.0,3551377.0,3192712.0,2.7,1.07,0.12297293542340748,2.0511332157380266
2022,2704,國賓,247360.0,-0.06839020051746443,-0.7090354139715395,0.05061044631306598,0.03,3669234.0,3426750.0,352112.0,0.23,0.19,0.4234799482535576,0.04856748158385725
2022,3051,力特,829317.0,0.2863151243734302,0.14638551965050758,0.21920086046710727,1.07,1700000.0,648059.0,722313.0,0.91,0.27,-0.1290266568754771,0.931362536038692
2022,2208,台船,4221129.0,-0.19243074542379537,-0.22389365499135422,-0.20988105314952468,-0.95,9317873.0,2084125.0,4301248.0,-1.4,-0.06,0.018980467074093177,-0.9688374805036372
2022,1339,昭輝,493640.0,0.2809962725873106,0.07655781541204117,0.2817154201442347,1.9,741239.0,1735523.0,505837.0,2.27,0.32,0.02470828944169834,1.9224849607144154
2022,2516,新建,1814515.0,-0.16707053951055792,-0.1865120982741945,-0.19428001421867552,-1.56,2262785.0,-704062.0,1513282.0,-0.03,0.06,-0.16601295663028415,-1.2992858290861293
2022,4915,致伸,20283246.0,0.13544271957259701,0.045382085293448594,0.037347572474346565,1.58,4552353.0,9160468.0,22339368.0,1.96,1.5,0.10137046111850134,1.8327251103134985
2022,1467,南緯,1574744.0,0.22493052839064634,0.04156612122351316,0.01764286766610954,0.13,2336247.0,321609.0,1576025.0,0.0,-0.05,0.0008134655537661573,0.11901823956747846
2022,4583,台灣精銳,884236.0,0.4914344134371367,0.3197698352023668,0.23890567676502653,2.66,801714.0,6913256.0,817784.0,3.74,,-0.07515188252909855,2.436944346333112
2022,6806,森崴能源,1286004.0,0.12293041079187934,0.04820047216027322,0.030842050258008527,0.21,2161500.0,214729.0,572141.0,0.11,2.69,-0.5551016948625354,0.08163775839309395
2022,6796,晉弘,115459.0,0.5101984254150824,0.1123862150200504,0.14216301890714453,0.53,331842.0,82389.0,121119.0,0.7,,0.04902173065763615,0.5188807530998018
2022,1110,東泥,309290.0,-0.01765980148081089,-0.13147531442982313,-0.2064761227327104,-0.1,5720008.0,2032573.0,468867.0,0.12,0.13,0.5159461993598242,-0.16924773573274324
2022,1304,台聚,17851602.0,0.16972740037560774,0.09427613275267957,0.0009366666364172807,0.33,11887635.0,11862472.0,16263365.0,0.16,0.98,-0.08896887797520914,0.012814450806553641
2022,6582,申豐,380753.0,0.2948000409714434,0.1567761777320205,-0.023067447925558038,-0.08,1061741.0,3900638.0,315557.0,0.61,8.67,-0.17122911703913035,-0.06855810094029822
2022,3027,盛達,249212.0,0.23431857213938334,-0.014890936231000112,0.024517278461711315,0.06,988563.0,321208.0,328638.0,0.17,0.15,0.31870856941078274,0.08150526935663062
2022,3706,神達,11547189.0,0.0916899342342106,-0.008061702289622176,0.04564565453981917,0.44,12065568.0,15107881.0,12345047.0,7.17,6.53,0.06909543093128545,0.4670296090824991
2022,2390,云辰,142107.0,0.19986348315002075,-0.11350602011160604,-1.7613206949692837,-1.17,2140216.0,688638.0,138723.0,-1.97,0.52,-0.023813042285038777,-1.1416403333505774
2022,1476,儒鴻,11215194.0,0.2797991724440968,0.20638626491882353,0.18169048168047738,7.42,2743671.0,15601561.0,10713544.0,7.91,3.51,-0.044729498214654106,7.094687992346708
2022,3024,憶聲,404139.0,0.2774911602196274,0.05464209096375257,0.0777875928826468,0.11,2771575.0,446066.0,428727.0,0.1,0.08,0.06084045340835709,0.12032739988561923
2022,2204,中華,7168769.0,0.17654844227788621,0.08904415806953746,-0.7471067905800842,-9.93,5536203.0,24116288.0,7446370.0,-0.99,1.25,0.03872366371409086,-10.048825146353595
2022,2540,愛山林,1003741.0,0.2551913292373232,0.08488643982860121,0.04917105109784297,0.31,2660790.0,1840771.0,1167917.0,-0.11,0.61,0.16356410667692156,0.21582953365368732
2022,8131,福懋科,2699094.0,0.2252707760455916,0.20400401023454537,0.2539026058373662,1.55,4422222.0,5542352.0,2670776.0,1.42,0.93,-0.01049166868586271,1.533430447426424
2022,8422,可寧衛*,1267873.0,0.45800328581805905,0.3589823270942752,0.2837863098275616,3.29,1088880.0,2520730.0,1406874.0,3.1,2.58,0.10963322036197631,3.666626082326252
2022,1410,南染,114327.0,0.3387913616206146,0.11198579513150875,0.1299168175496602,0.24,630000.0,419110.0,90157.0,0.25,0.33,-0.2114111277301075,0.1859192146003923
2022,5434,崇越,13225334.0,0.12267811156980989,0.05889333305306316,0.06915008724921427,4.96,1816996.0,6565902.0,13792845.0,4.91,3.26,0.042910901153800696,5.2491939176799995
2022,8454,富邦媒,25138426.0,0.09860820243876844,0.040544384123333735,0.033092167345720055,3.06,2184913.0,3806149.0,23557744.0,3.46,3.83,-0.06287911582053707,3.5679993058562633
2022,2701,萬企,54637.0,0.5857569046616762,0.46204952687739076,1.6239178578618885,0.2,4499678.0,2500072.0,55938.0,0.2,0.09,0.023811702692314807,0.20187826136243153
2022,2359,所羅門,1562825.0,0.21004335098299554,0.08125989794122822,0.11391166637339434,1.01,1714711.0,2917208.0,1117202.0,1.11,-0.09,-0.2851394110025115,0.742179536351542
2022,3557,嘉威,1129648.0,0.3623854510431568,0.08394738892115065,0.07507913969661346,1.06,803004.0,906048.0,1085822.0,1.18,0.46,-0.03879615597070951,1.0152201187497973
2022,4155,訊映,435893.0,0.25517959682766184,0.10831557285847673,0.11990327901572174,0.57,949337.0,237112.0,308371.0,0.48,0.17,-0.29255344774979186,0.38947912125364476
2022,9944,新麗,748326.0,0.28746829590312245,0.08034599893629248,0.03513308370950628,0.2,1091071.0,1972565.0,597778.0,-0.25,-0.17,-0.20117969975652328,0.19248778964614813
2022,1726,永記,2287724.0,0.21142060843003788,0.07855536769295597,0.08970924814356977,1.26,1620000.0,7644203.0,2345622.0,1.07,1.36,0.02530812283299899,1.298913494129731
2022,2493,揚博,920401.0,0.3030200966752535,0.2173433101441654,0.14893073779798152,1.2,1144373.0,900625.0,805694.0,1.36,0.48,-0.12462720053541876,1.0485445030545715
2022,2543,皇昌,2087894.0,0.03867868771115775,0.1004045224518103,0.09162821484232438,0.78,2374837.0,151618.0,2078673.0,-0.01,0.11,-0.004416411944284548,0.8020133433618346
2022,1538,正峰,55516.0,0.1494524101160026,-0.16083651559910656,0.1562072195403127,0.39,338890.0,-216493.0,85280.0,-0.14,-0.67,0.5361337272137763,0.39308777722558547
2022,2417,圓剛,1151633.0,0.5157589266719519,0.09158473228884549,0.08965182484350483,0.26,1584289.0,1280795.0,988181.0,0.07,-0.29,-0.14193063241501414,0.5591923564809163
2022,2038,海光,2730141.0,0.016772393806766758,-0.0023702072530319865,0.01665188721022101,0.29,1812645.0,522431.0,3028185.0,0.3,0.42,0.10916798802699201,0.27818461459184296
2022,4722,國精化,1178135.0,0.20635665691962296,0.11616665322734661,0.09457999295496695,1.12,1000092.0,1417381.0,934565.0,0.93,0.83,-0.2067420117388924,0.8838301987812991
2022,2497,怡利電,716765.0,0.24425578815929908,0.034802201558390825,0.11285149246963788,0.68,1187985.0,215628.0,921842.0,0.99,0.07,0.2861146958905638,0.8756949416128649
2022,2905,三商,,,,,-1.57,9224957.0,9402818.0,71740510.0,0.81,-0.25,,
2022,1515,力山,944246.0,0.024271217458162384,-0.13531855046248542,-0.09356036456601352,-0.49,1814735.0,1889093.0,1073244.0,-0.24,1.37,0.13661482283218573,-0.5533210077961058
2022,6409,旭隼,6346985.0,0.28985431665586103,0.22006653552828626,0.20170805508442197,14.71,872262.0,3939187.0,6405252.0,17.29,7.91,0.009180264330229226,14.81195928798462
2022,2206,三陽工業,12438618.0,0.20120828535774635,0.07287240431372681,0.062311423986169526,0.84,7976396.0,8351391.0,14510545.0,1.17,0.54,0.16657212240137942,1.133560472380499
2022,3092,鴻碩,1017074.0,0.17956608860318915,0.07089749615072256,0.061663163152337,0.68,928430.0,572750.0,802599.0,0.59,-0.27,-0.21087452830374187,0.5330589606421865
2022,1605,華新,50483370.0,0.10426237392630484,0.06241924816033478,0.10816908617629925,1.59,34313329.0,51661096.0,43454061.0,2.66,1.32,-0.1392400903505452,1.3698426255928604
2022,3057,喬鼎,264715.0,0.3715203143002852,0.03671495759590503,0.049672289065598854,0.15,926787.0,-30794.0,206320.0,0.0,0.11,-0.22059573503579322,0.11057974140783541
2022,2351,順德,3086298.0,0.19360282124409245,0.11593371735328216,0.09578725061546228,1.54,1821403.0,4004856.0,3001288.0,1.4,1.3,-0.027544326568594513,1.57837186951586
2022,2707,晶華,1041999.0,0.2483447680851901,0.10514213545310504,0.10488589720335624,0.7,1274032.0,2537456.0,1474155.0,2.06,11.8,0.41473744216645114,1.2136121368365442
2022,1519,華城,2045089.0,0.23763317880053142,0.12381221550749136,0.11237848328361259,0.89,2610585.0,866713.0,1644756.0,0.52,0.18,-0.19575333885224555,0.7080220894995624
2022,6282,康舒,6621986.0,0.1715385686408881,0.03903904357393688,0.040290027795286794,0.5,5166213.0,4352001.0,6747645.0,0.75,0.48,0.01897602924560693,0.5262322800138669
2022,2535,達欣工,4414259.0,0.17043245536793378,0.14446207166366995,0.06993518051387561,0.98,3384925.0,3011123.0,4525222.0,0.59,0.67,0.025137401316959407,0.9349460252010346
2022,3669,圓展,908744.0,0.5273773471956898,0.16586079247840976,0.14876356817761657,1.45,929200.0,1593560.0,790284.0,1.05,1.9,-0.1303557437518157,1.2652331867593578
2022,2845,遠東銀,,,,,0.28,35694838.0,13670244.0,2866257.0,0.23,0.21,,
2022,3023,信邦,7476617.0,0.2560922941485434,0.11708651118547332,0.10818836915144911,3.23,2355231.0,6005316.0,8180869.0,3.58,2.84,0.0941939382477397,3.757911115095064
2022,4142,國光生,526935.0,0.39980642773776653,-0.06539326482393464,-0.03958362985947033,0.11,4295078.0,755529.0,1087288.0,0.98,0.37,1.0634195868560639,-0.1002049456206471
2022,4576,大銀微系統,861130.0,0.3510097197867918,0.12031052222080289,0.1337533241206322,0.79,1198018.0,1013472.0,795822.0,0.56,0.8,-0.0758398848025269,0.8884994875563619
2022,2524,京城,813637.0,0.5196432807259257,0.31670757352480283,0.14797016359875473,0.33,3737052.0,12993173.0,478856.0,0.21,0.75,-0.4114623597501097,0.1896050701468572
2022,6224,聚鼎,733951.0,0.0279555447162004,-0.2088395546841683,-0.17988530569479433,-0.43,856453.0,1115070.0,734954.0,0.5,1.59,0.0013665762428280992,-1.543662348799197
2022,3209,全科,15314120.0,0.0437088125207325,0.023839828863819794,0.022861646637221074,1.52,2165748.0,1294118.0,15899028.0,1.4,1.01,0.03819403269662236,1.6783021847938158
2022,3010,華立,18336230.0,0.07786044350447174,0.0380239013145014,0.038623370234775634,2.78,2360179.0,11710648.0,19149147.0,3.12,3.46,0.04433392251297019,3.133680090625089
2022,8481,政伸,374229.0,0.4938847604007172,0.27336737665974575,0.25217981503304127,1.42,666019.0,855117.0,397402.0,1.21,1.12,0.061921978253956844,1.5047132717499152
2022,2207,和泰車,,,,,-1.49,5461792.0,54808825.0,61138000.0,-24.99,6.43,,
2022,2009,第一銅,777672.0,0.01046199425979076,-0.0096750300898065,-0.015816436749683672,-0.03,3596222.0,310012.0,720524.0,0.49,0.56,-0.07348599409519696,-0.03168915120542914
2022,3022,威強電,1649586.0,0.3662015802752933,0.1585034063092194,0.20028904222029043,1.87,1765978.0,6184252.0,2543933.0,3.47,1.19,0.5421645188550339,2.8852109371837593
2022,8201,無敵,175109.0,0.14309944091965576,-0.15268204375560365,-0.11931996642091497,-0.34,623663.0,20616.0,137080.0,-0.25,-0.42,-0.21717330348525776,-0.2622631292377297
2022,8016,矽創,4537216.0,0.5288192142494428,0.3195292002849324,0.28097428026349197,9.12,1201369.0,7749026.0,4065580.0,6.08,15.69,-0.10394832425875256,9.508514156380327
2022,2017,官田鋼,1014069.0,0.2145731700702812,0.1186901483035178,0.134674267727344,0.38,3623795.0,464724.0,901997.0,0.26,0.43,-0.11051713443562516,0.33521704585182416
2022,2547,日勝生,1464758.0,0.4853381923839979,0.17495859384280543,0.04687054107231365,0.08,8800946.0,785182.0,1428884.0,-0.03,-0.08,-0.02449141769493668,0.07609700844610547
2022,8081,致新,2380007.0,0.4863817627427146,0.293004180239806,0.2801731255412274,7.47,861721.0,3917421.0,1787064.0,5.2,7.89,-0.24913498153576863,5.810318031267753
2022,2451,創見,3006488.0,0.29079610495701297,0.18930526248566434,0.38092651625418095,2.67,4290617.0,11695121.0,3066213.0,1.12,1.55,0.019865371157310463,2.72222348483512
2022,3044,健鼎,16571090.0,0.1767931379287663,0.09803760645799402,0.0885321363893383,2.79,5256059.0,35499609.0,17190339.0,3.09,3.04,0.03736923763011357,2.895510565857349
2022,1513,中興電,4374831.0,0.2660710779456395,0.148618083761407,0.13311097045805884,1.23,4761343.0,4729220.0,4633717.0,1.17,0.94,0.05917622875032191,1.2954298119207228
2022,1611,中電,393942.0,0.2898827746216448,0.06233404917475161,0.05383533616623767,0.07,3227358.0,988458.0,392456.0,0.05,0.09,-0.0037721288920704588,0.06546531463338424
2022,4526,東台,2269277.0,0.21814392866097881,0.030653816171406136,0.008665755656977971,0.03,2548265.0,1254374.0,2203692.0,0.39,0.46,-0.028901275604520715,0.07493983716464771
2022,2609,陽明,109447578.0,0.6621704319487088,0.6482419007938212,0.508384561968105,15.9,34921043.0,215330937.0,99812731.0,14.25,14.85,-0.08803161455066644,14.530852222333479
2022,2616,山隆,4777718.0,0.08284666445361573,0.009341698275201676,0.032636292054072674,1.13,1372818.0,1800461.0,4546780.0,0.14,1.48,-0.04833646523298363,1.080915605605525
2022,1909,榮成,13238867.0,0.11349883641855454,0.01913872236951999,0.021635763845954493,0.23,12776857.0,8150948.0,12741885.0,-0.38,0.38,-0.03753961724972388,0.21576543809820353
2022,2316,楠梓電,1403636.0,0.06462644161306777,-0.016708747852007214,0.09168901339093612,0.71,1827405.0,6238949.0,1207453.0,0.96,0.96,-0.1397677175564035,0.6058327206389715
2022,4720,德淵,946596.0,0.1731942666142684,0.010383521586822679,-0.0006592041377736648,-0.02,1031351.0,268082.0,927340.0,0.15,0.07,-0.02034236358488728,-0.0059272387879880884
2022,1805,寶徠,21831.0,0.15519215794054325,-0.5347899775548531,-0.6661627960240025,-0.15,1002654.0,-450571.0,126721.0,-0.13,-0.06,4.80463560991251,-0.8419336648031887
2022,2383,台光電,9983283.0,0.23006479932503165,0.14561151877593773,0.1085783103614312,3.25,3329183.0,14536388.0,9882854.0,3.93,5.38,-0.01005971682862239,3.2232039778789927
2022,3028,增你強,10706168.0,0.07184652809483281,0.034623405872203764,0.01976682973777359,0.98,2176559.0,1689719.0,8581454.0,0.65,1.2,-0.1984570016087922,0.7793408775987056
2022,2317,鴻海,1509810592.0,0.06399989807463213,0.02936562257207956,0.02295898252646515,2.41,138629906.0,1120465743.0,1746328839.0,2.79,2.67,0.15665425070749528,2.8921561340496886
2022,3062,建漢,1176088.0,0.04051057403867738,-0.070553393963717,-0.08594339879328758,-0.31,3286054.0,1499914.0,1902910.0,0.16,0.17,0.6179996734938202,-0.49768674829365206
2022,2913,農林,79755.0,0.4704407247194533,-0.5766660397467244,-0.7382358472823021,-0.07,7900000.0,4537193.0,108065.0,-0.05,-0.04,0.35496207134348934,-0.10098412257792655
2022,2380,虹光,628087.0,0.2333179957553651,-0.0212788992607712,0.013020489199744622,0.05,1932211.0,-933046.0,814253.0,0.28,-0.29,0.29640161315231817,0.05486964100897706
2022,1414,東和,201054.0,0.3101156903120555,0.19308742924786376,0.22737175087289982,0.2,2200000.0,1062163.0,161415.0,0.2,0.28,-0.1971559879435375,0.1668236871234051
2022,4306,炎洲,4120059.0,0.18494735148210256,0.08662812838359839,0.0557615801132945,0.33,6383290.0,2070146.0,3571706.0,0.42,-1.35,-0.13309348239915986,0.3120083378009375
2022,3437,榮創,685383.0,0.09992223326227817,-0.07604507260903758,-0.03550277727927305,-0.17,1445480.0,328744.0,433663.0,-0.66,-0.1,-0.36726910355232034,-0.10651299847290442
2022,4438,廣越,4824049.0,0.19109403739472797,0.10893214393137383,0.08291686091911588,3.23,1033753.0,3311963.0,7783640.0,8.94,2.77,0.613507657156882,6.243222465371003
2022,1475,業旺,298220.0,0.26755415465092885,0.22164844745489906,0.3014519482261418,3.45,660168.0,-157323.0,293856.0,4.3,1.21,-0.01463349205284692,1.341832135122289
2022,2915,潤泰全,813279.0,0.35001272625999197,0.09100935841205786,7.438398138892065,8.61,7343188.0,78705417.0,676970.0,10.55,1.24,-0.1676042292989245,6.85747442130824
2022,1722,台肥,3746325.0,0.013193729855258154,-0.11049121472376262,0.2052945219648589,0.79,9800000.0,37172048.0,3711911.0,0.64,0.8,-0.009186069014300635,0.777586728899083
2022,2706,第一店,70659.0,0.7912933950381409,0.695042386674026,1.815564896191568,0.26,4999984.0,3276511.0,71298.0,0.23,0.11,0.009043433957457658,0.2588931203953181
2022,6426,統新,177320.0,0.4228005865102639,0.1534119106699752,0.16840175953079178,0.78,385090.0,210901.0,147201.0,0.91,-0.27,-0.16985675614707874,0.6437172454411197
2022,4938,和碩,283657517.0,0.051095518825965046,0.02308723939087431,0.016818546007367045,1.17,26684533.0,69658726.0,352861487.0,1.98,1.0,0.24397016067795585,2.2239913860727665
2022,2101,南港,2254260.0,0.202823099376292,0.020359230967146646,-0.07376433951718081,-0.2,8339349.0,2019449.0,1775300.0,-0.1,-0.19,-0.21246883678014072,-0.1570312406218412
2022,2477,美隆電,1069838.0,0.1587819838143719,0.03166928076961185,-0.01691938405627768,-0.09,1982165.0,2329998.0,763714.0,0.68,0.32,-0.28614051847102084,-0.06518917686043317
2022,1442,名軒,198810.0,0.22727729993461093,0.03303656757708365,0.5538202303707057,0.3,3662113.0,856955.0,201075.0,0.14,0.85,0.011392787083144729,0.3040851083016544
2022,1470,大統新創,209306.0,0.22389229166865737,0.10071856516296714,-0.028948047356501964,-0.07,857670.0,97060.0,226368.0,0.15,0.15,0.08151701336798745,-0.07640364690378161
2022,3501,維熹,1553132.0,0.20909104956951502,0.0958469724402047,0.11754120061913605,1.54,1182579.0,3454760.0,1697266.0,2.82,1.02,0.0928021571894726,1.6869797570398135
2022,4976,佳凌,329367.0,-0.017536668822316748,-0.1236948449601812,-0.05882192205047865,-0.14,1387410.0,-29659.0,321343.0,0.21,-0.15,-0.024361882034326432,-0.1362395607460445
2022,2419,仲琦,3041623.0,0.2345833129220814,0.08063491103269538,0.06532400629532326,0.53,3213172.0,616984.0,3162718.0,0.33,0.1,0.03981262635112892,0.6429827302812678
2022,2345,智邦,18696180.0,0.2179151569999861,0.13090604604790926,0.11087077681109189,3.71,5600484.0,9656204.0,20581333.0,4.42,1.96,0.10083091840151304,4.074412814174204
2022,8463,潤泰材,957017.0,0.11278065070944403,0.052352257065443976,0.028098769405350166,0.06,1500000.0,212.0,1177708.0,,-0.21,0.23060300914194842,0.22061430345890756
2022,3679,新至陞,839692.0,0.17751151612734192,0.04705534886601278,0.22082382587901278,2.96,626762.0,2948068.0,1134395.0,5.52,2.26,0.35096559214569156,3.9967554503627007
2022,6668,中揚光,372256.0,0.1210403593226167,-0.12707384165735408,-0.07890000429811743,-0.48,782864.0,-13794.0,300757.0,-0.25,-1.24,-0.1920694360869939,-0.30311431605858624
2022,6216,居易,301768.0,0.4660335091858646,0.2242186050210758,0.26579690358155933,0.9,897736.0,495156.0,141415.0,0.45,0.4,-0.5313784099042973,0.41869401605801937
2022,4968,立積,876461.0,0.3151731794112915,0.007380818998221256,0.04328772187239364,0.42,884689.0,829623.0,896050.0,1.1,-1.97,0.022350110273018364,0.43843614178268664
2022,1808,潤隆,278651.0,0.21920251497392795,-0.16542915690236173,0.0010012524627580736,0.0,4510261.0,1245033.0,52722.0,-0.25,0.68,-0.8107955830052647,0.00011703986164333097
2022,2006,東和鋼鐵,16226219.0,0.14267199277909412,0.10677028332971471,0.08260303894579507,1.83,7302138.0,12655350.0,14547661.0,0.74,1.31,-0.10344726642725577,1.6456563928992085
2022,6115,鎰勝,1788146.0,0.17252114760204143,0.09655195940376234,0.1165732552039934,1.12,1876622.0,2148157.0,1855084.0,1.67,0.73,0.03743430346291632,1.1523534337594086
2022,2354,鴻準,19100519.0,0.08301434112863634,0.0321270327785334,0.054173082940835275,0.73,14144852.0,83168891.0,17761804.0,1.1,0.81,-0.07008788609356631,0.6802557434117089
2022,8341,日友,943254.0,0.4791106107156715,0.31470738528540565,0.2067746333437229,1.76,1115000.0,1329630.0,910357.0,1.69,1.97,-0.0348760779175068,1.688239774770328
2022,2636,台驊控股,8006341.0,0.18409283341791213,0.08686827103666955,0.13818159881024303,7.66,1433912.0,4823631.0,5846325.0,3.04,5.78,-0.2697881591603455,5.6339199034828775
2022,2401,凌陽,1984509.0,0.5209731979043682,0.1321530917723225,0.05972409296203746,-0.07,5919949.0,2443155.0,1437262.0,0.03,0.52,-0.2757593943892419,0.1449998459425983
2022,3708,上緯投控,2622862.0,0.15651871886511756,0.06559361491378501,0.04408199897669035,1.1,980963.0,1795658.0,2356276.0,6.62,-0.1,-0.10163935426263371,1.0588509069230954
2022,2903,遠百,7144766.0,0.5493962993329663,0.04063785993831009,0.0016987260324550868,-0.02,14169406.0,7682255.0,8220300.0,0.57,0.23,0.15053453115189486,0.009855062099703086
2022,1522,堤維西,5005503.0,0.21457324069129516,0.0490324349021467,0.04679869335809009,0.64,3428979.0,2540210.0,4669113.0,0.96,0.02,-0.06720403523881613,0.6372403783787305
2022,3528,安馳,1705497.0,0.1874186820615926,0.11889320239203001,0.06817308972106079,1.76,661095.0,618338.0,1714749.0,0.78,1.14,0.0054248116531427915,1.7682744148132912
2022,2412,中華電,52435710.0,0.38313376513829983,0.2293477479374266,0.19138659512763345,1.24,77574465.0,113860537.0,53508712.0,1.21,1.21,0.020463191973561612,1.320131592186313
2022,9924,福興,2478771.0,0.19489658383126154,0.10900200139504618,0.11403150997006177,1.49,1884521.0,3742976.0,2715895.0,2.02,1.18,0.09566192278350849,1.6433757319241384
2022,1525,江申,361746.0,0.10225683214188962,0.03187319279273302,0.184646132921995,0.91,734001.0,4074034.0,418202.0,1.29,0.69,0.15606530549059294,1.0520337449164803
2022,5531,鄉林,408930.0,0.21084048614677328,-0.44948768737925804,-1.1435722495292593,-0.41,9775892.0,1234202.0,347494.0,-0.47,-0.2,-0.15023598170836083,-0.40649435905994097
2022,9941,裕融,8928306.0,0.5846641008943914,0.27192997193420565,0.15777472232694534,2.19,5471114.0,11845963.0,9411930.0,3.23,2.62,0.054167498291389116,2.71419064254674
2022,1465,偉全,118352.0,0.17283189130728674,0.008052250912532108,0.279133432472624,0.32,1036073.0,313602.0,163755.0,0.6,-0.6,0.38362680816547257,0.44118025693705504
2022,6225,天瀚,4813.0,0.1857469353833368,-0.3964263453147725,-0.44151257012258466,-0.05,437237.0,-422516.0,8641.0,-0.03,-0.03,0.7953459380843548,-0.0872549696944507
2022,2548,華固,9880441.0,0.30832449685191177,0.2595485363456955,0.20881021403801714,7.44,2768127.0,16196294.0,1754056.0,0.98,4.17,-0.8224718916898548,1.3231503063070016
2022,3515,華擎,3617465.0,0.2277442905460039,0.05763870555762115,0.08147390506888111,2.02,1229254.0,3712729.0,3561844.0,1.47,3.35,-0.01537568435354597,2.3607597772808857
2022,8033,雷虎,267242.0,0.3919556057805285,0.026960582543163126,0.04782930826741306,0.07,1326298.0,-589488.0,287930.0,0.07,0.17,0.07741298149243003,0.10383407597264147
2022,3605,宏致,2721805.0,0.21818168458063675,0.01322247552635108,0.04355859438865018,0.88,1343959.0,3409830.0,2619261.0,0.81,1.06,-0.03767499876001401,0.8489197028853579
2022,1533,車王電,782007.0,0.28375449324622415,-0.011820866053628675,0.009629069816510594,0.3,985475.0,1476846.0,898165.0,0.22,0.46,0.14853831231689751,0.08775964374282694
2022,4536,拓凱,2675221.0,0.4053556696811217,0.26498670577122413,0.28783902339283374,7.88,908200.0,4183663.0,3170223.0,9.37,1.81,0.1850321898639402,10.04749936420942
2022,1432,大魯閣,224684.0,0.29511224653290846,-0.2295757597336704,-0.31914154991009597,-0.77,900000.0,-324157.0,325461.0,0.45,-0.64,0.4485277100283065,-1.1540903108365526
2022,6108,競國,1720886.0,0.05056406990352644,-0.036701443326286574,-0.009624112230560304,-0.1,1598993.0,1611849.0,1918120.0,0.39,0.32,0.11461189178132658,-0.11544892411462922
2022,9933,中鼎,22372131.0,0.0705572035136036,0.04984540811065338,0.030468800669904893,0.55,7857776.0,4972170.0,24402003.0,0.44,0.64,0.09073217030599356,0.9461961824228907
2022,1721,三晃,854979.0,0.12162754874681132,0.04838130527182539,0.06127752845391524,0.28,1848841.0,519615.0,651974.0,0.04,-0.45,-0.23743858036279253,0.2160886487059349
2022,8464,億豐,8278845.0,0.5399690415752438,0.26749745888466325,0.18725836756214181,5.66,2930202.0,11115191.0,6913783.0,5.24,4.7,-0.16488556072737204,4.418342893284789
2022,2614,東森,1451195.0,0.32264030678165234,0.060100813467521594,0.03226375504325745,0.09,5289504.0,685280.0,1520326.0,-0.04,0.62,0.047637292024848454,0.09273350705452803
2022,4906,正文,6492947.0,0.09412890633482762,0.01493944121213372,0.01377232865138126,0.14,4051590.0,2393238.0,7705568.0,0.57,0.27,0.18675972559147636,0.26193078505368655
2022,3036,文曄,130120724.0,0.03855288262921132,0.02473954110492038,0.016874268237240978,2.23,10186492.0,16931533.0,155668796.0,2.33,2.85,0.1963412991769089,2.578706211983817
2022,2404,漢唐,10010575.0,0.15276485116988783,0.1243432070585356,0.08897171241412206,4.65,1905867.0,5369446.0,14012089.0,8.45,3.5,0.399728686913589,6.541272569539654
2022,9906,欣巴巴,1257251.0,0.3027581604627875,0.22184273466475668,0.17665843972285566,2.67,833439.0,439381.0,458459.0,0.59,3.17,-0.6353480728987291,0.9717645996515724
2022,2027,大成鋼,32271905.0,0.3300586996646154,0.21396542906283345,0.18693746154743576,2.8,20285505.0,19783069.0,27755392.0,0.87,1.86,-0.13995185595644266,2.557748759389528
2022,9907,統一實,12120045.0,0.17193929560492555,0.08538417142840642,0.06953761310292164,0.56,15791453.0,5485838.0,11849596.0,0.48,0.45,-0.022314191077673406,0.5217965832997938
2022,1236,宏亞,383860.0,0.21359610274579274,-0.09902829156463294,-0.09542020528317616,-0.33,1083425.0,935472.0,532876.0,0.13,-0.13,0.3882040327202625,-0.4693184789946492
2022,1315,達新,691024.0,0.17312857440551993,0.05100835860983121,0.1609553358494061,1.16,990990.0,7482320.0,752924.0,5.29,1.75,0.08957720715923045,1.2228895880793775
2022,3015,全漢,3465939.0,0.1593022843160252,0.03153402295885761,0.04953116601301985,0.81,1872620.0,4180354.0,4047900.0,1.71,1.5,0.16790861004766677,1.0706774834408639
2022,1310,台苯,3822078.0,-0.025247784058828732,-0.03646812022151301,-0.03911772601187103,-0.28,5278698.0,1651191.0,3040939.0,-0.33,-0.28,-0.20437547323733318,-0.2253484071655796
2022,4566,時碩工業,1118267.0,0.22446607116189604,0.08220040473339552,0.09263261814933285,1.44,717443.0,728059.0,1357867.0,2.31,1.08,0.21426010067363155,1.7532093184905302
2022,2324,仁寶,265649844.0,0.0362866277459587,0.007441788672761276,0.00861572499173009,0.46,44071466.0,66752192.0,291032347.0,0.47,1.0,0.09554872164728234,0.5689519530504757
2022,3011,今皓,386729.0,0.11133636215541115,-0.03700524139643006,-0.028785014829505934,-0.1,1127192.0,-260885.0,384421.0,0.02,-0.05,-0.005968003433929225,-0.09816929312640173
2022,1614,三洋電,1704520.0,0.18182948865369722,0.06377924577007017,0.05203693708492713,0.34,2691134.0,2428489.0,1718783.0,0.35,0.43,0.008367751625090847,0.33235135386659415
2022,9918,欣天然,464914.0,0.3068933179039564,0.2049067139298881,-0.020993129912198816,-0.06,1805375.0,1084254.0,370354.0,0.08,0.06,-0.2033924553788442,-0.04306523373538727
2022,1316,上曜,824119.0,0.23549511660330608,0.10562552252769321,-0.057559648545901745,0.31,2398485.0,-124873.0,746676.0,0.52,-0.08,-0.09397065229657364,-0.17918981414376045
2022,1727,中華化,555350.0,0.09568920500585217,-0.0014747456558926802,0.06789232015845863,0.31,1082500.0,414952.0,583561.0,-0.09,0.35,0.05079859548032761,0.36599824705764683
2022,3257,虹冠電,160016.0,0.5192105789421058,0.18857489251074894,0.2850964903509649,0.57,799866.0,534465.0,99010.0,0.07,1.49,-0.3812493750624938,0.3529016548978083
2022,1713,國化,167993.0,0.1834481198621371,0.08419993690213283,0.27949378843166084,0.31,1509517.0,828174.0,140512.0,0.77,0.27,-0.16358419696058768,0.26016421941660495
2022,9939,宏全,6576318.0,0.2199186535687599,0.1299593480728882,0.11111293584038971,2.41,2877859.0,8054404.0,7165236.0,2.58,1.79,0.08955132644133079,2.7664677385141196
2022,5007,三星,1892851.0,0.28717632819487643,0.18700415405121693,0.16122874964801773,1.01,2949401.0,3008699.0,1732186.0,0.91,0.96,-0.08487989810080143,0.946897973309839
2022,2453,凌群,1277876.0,0.260529973174236,0.017526739683662577,0.020453471228820325,0.27,1000000.0,875268.0,1492641.0,0.58,0.49,0.16806403751224686,0.30529689748457595
2022,2402,毅嘉,1684674.0,0.12385660371086632,0.032421702952618724,0.04389395218303363,0.25,3075366.0,1082157.0,2081578.0,0.3,0.27,0.2355969166734928,0.2970985736242606
2022,6215,和椿,521763.0,0.24866079043550424,0.08491978158665908,0.13039828427849426,0.84,827897.0,408694.0,464119.0,0.71,0.83,-0.11047927890632336,0.7310126899970706
2022,4764,雙鍵,720562.0,0.14243049175504677,0.01282609962779053,0.02874839361498386,0.22,855421.0,1189156.0,636782.0,0.08,0.13,-0.11627035563907062,0.2140052627061605
2022,2520,冠德,4694939.0,0.27785621921818365,0.18211163126933066,0.12017323334765372,0.82,5541701.0,10587999.0,4339073.0,0.6,0.68,-0.07579778991803732,0.9409393111275831
2022,6243,迅杰,174174.0,0.3456945353497078,-0.007440835027041923,0.12811900742935226,0.51,453228.0,67058.0,158451.0,0.63,0.99,-0.09027179716834888,0.44791109212555913
2022,1451,年興,2470173.0,0.11640682656639839,0.0646335297163397,0.0684069496347017,0.85,2069600.0,5325909.0,2410924.0,0.57,0.45,-0.02398576941776953,0.7968880780880052
2022,2327,國巨*,31322107.0,0.38799998352601245,0.251798130949492,0.18932085252119213,11.06,5440600.0,70530423.0,30767205.0,12.09,13.88,-0.01771598570939048,10.706307172543994
2022,2049,上銀,8235458.0,0.38327255144765476,0.22385263818964288,0.1431052164919061,3.6,3407923.0,21740218.0,7920737.0,4.13,3.84,-0.03821536094288869,3.3260692309082422
2022,4961,天鈺,5397191.0,0.37753101567092956,0.21406061041753016,0.16481777280070317,4.03,1865453.0,6142579.0,4191652.0,2.48,11.03,-0.2233641536866121,3.7034368970733285
2022,3701,大眾控,3113404.0,0.14592677339657814,0.050033339714344816,0.07427786435682616,0.65,2136349.0,765371.0,2930511.0,0.65,0.58,-0.05874374157674367,1.0188976546162962
2022,3645,達邁,613430.0,0.32568671242032504,0.18360041080481881,0.1997391715436154,0.95,1317990.0,1206702.0,302924.0,-0.45,0.63,-0.5061800042384624,0.4590762357884214
2022,2501,國建,2353618.0,0.19456003480598805,0.003317020858949923,-0.03285834829611262,-0.09,11595611.0,11188835.0,4538559.0,0.38,0.08,0.9283328900441787,-0.12860861957550715
2022,1309,台達化,5015395.0,0.11008644383941843,0.024965531129651802,0.03180965806282456,0.43,3975868.0,2996770.0,4613647.0,0.03,0.71,-0.08010296297699382,0.3691232543247823
2022,2450,神腦,6971838.0,0.11706324788384355,0.01158647117159062,0.015755816471926056,0.43,2582527.0,2626866.0,7624116.0,0.78,0.61,0.09355897254067003,0.46514198092285186
2022,2376,技嘉,22661655.0,0.13867967719039057,0.06100053151457826,0.043299176516454776,1.55,6356889.0,23616979.0,24099904.0,1.84,5.67,0.06346619432693679,1.6415356589136834
2022,2536,宏普,45055.0,0.5273998446343358,0.07011430473865275,-1.1974697591832204,-0.16,3328087.0,6449108.0,97643.0,-0.21,-0.08,1.1671956497614029,-0.35132657197941997
2022,3652,精聯,600746.0,0.3282302337427132,0.05539945334633938,0.05218012271409214,0.42,750975.0,120400.0,628010.0,0.35,0.38,0.04538357309079055,0.4363612485858651
2022,4967,十銓,1568627.0,0.0627223680326808,-0.034797310004226624,-0.016743942313883414,-0.26,1022124.0,191544.0,1686111.0,-0.95,-2.6,0.07489607153262057,-0.2762105705257315
2022,9926,新海,563335.0,0.30823399930769435,0.24242235969716067,0.18876689713935757,0.59,1795041.0,1126083.0,487740.0,0.84,0.78,-0.1341919106748205,0.5129084316778851
2022,8028,昇陽半導體,730043.0,0.2705963895277401,0.08211297142771043,0.12698430092474006,0.6,1403525.0,551056.0,824049.0,0.81,0.37,0.12876775751565317,0.745560543579424
2022,6442,光聖,770139.0,0.316422100426027,0.07906754494967791,0.10748059765834479,1.25,693000.0,1117110.0,879593.0,2.34,0.34,0.14212239608694022,1.364201750881623
2022,2881,富邦金,,,,,1.68,139952026.0,503362792.0,64578988.0,0.89,3.04,,
2022,2028,威致,3321663.0,0.13265885190640953,0.11639290319337031,0.09554220280624494,0.97,3257148.0,967489.0,2461255.0,0.19,1.51,-0.25902928743825004,0.7219620489086906
2022,1512,瑞利,168643.0,-0.015085120639457316,-0.2390552824605824,-0.4598827108151539,-0.31,2533125.0,-2401255.0,144064.0,-0.03,-0.18,-0.14574574693287,-0.2615447040745101
2022,2426,鼎元,666759.0,0.21076430914318367,0.09101039506028415,-0.1299315044866286,-0.29,3006223.0,876677.0,576433.0,-0.2,0.36,-0.13547023737212394,-0.24913922528615073
2022,1464,得力,3204632.0,0.12194286270623272,-0.016242738635824643,0.03204018433317773,0.25,3845657.0,909655.0,3110383.0,0.45,0.12,-0.029410241175897855,0.259142312137516
2022,9955,佳龍,277205.0,-0.00038599592359445177,-0.08950415757291535,-0.09115275698490287,-0.25,1032082.0,-522243.0,246685.0,-0.28,-0.37,-0.11009902418787543,-0.21787045851803213
2022,4736,泰博,3627701.0,0.6816482394772888,0.5543582560966298,0.4441493386582852,16.76,934438.0,5050360.0,2394611.0,8.5,6.31,-0.3399094908869281,11.38186687606727
2022,2441,超豐,4689880.0,0.3194186205190751,0.28203045706926405,0.2331701450783389,1.92,5688459.0,14510002.0,3508793.0,1.07,2.4,-0.2518373604441905,1.438255550158417
2022,9905,大華,2341494.0,0.1275975936730993,0.06876549758402115,0.055327923112337675,0.43,3050000.0,3917597.0,2764239.0,0.53,0.74,0.1805449853811285,0.5014413208397547
2022,9908,大台北,811483.0,0.28185679798590973,0.20636415057370272,0.169844593170775,0.26,5163580.0,4335177.0,731815.0,0.65,0.54,-0.0981758089818271,0.24071442865467504
2022,2103,台橡,8974820.0,0.18279809511499953,0.10154476635743112,0.09244553094101052,0.91,8257099.0,8573753.0,8740539.0,0.47,1.75,-0.02610425612992795,0.9785806959146416
2022,6153,嘉聯益,2606412.0,0.02004287886949569,-0.12002630436017023,-0.04937016864563239,-0.23,5561777.0,3603189.0,5423601.0,1.34,0.24,1.0808686424095653,-0.48143623168749927
2022,3583,辛耘,1382784.0,0.36967161899472367,0.12496528742016107,0.1099672833935018,1.89,811390.0,1829173.0,1440790.0,1.89,1.62,0.04194870637785808,1.952695525462767
2022,3019,亞光,4874029.0,0.18258877819561597,0.06113853651670928,0.08332634048751043,1.0,2810839.0,3975329.0,5100035.0,1.62,1.31,0.04636944096967821,1.5118875642049234
2022,6271,同欣電,3605570.0,0.3776085334635023,0.28206524904522723,0.2768338986623474,5.59,1786829.0,6517794.0,3710892.0,4.33,5.18,0.029210915333775178,5.749294979401586
2022,9946,三發地產,784504.0,0.13792281492509917,0.04352814007321824,0.020819524183433098,0.05,3265542.0,2841524.0,1024972.0,0.2,0.3,0.30652233768087855,0.06534728183358776
2022,6581,鋼聯,837113.0,0.6626644192600043,0.5579043689442166,0.45937406299985784,3.46,1112709.0,1772981.0,649737.0,1.93,0.79,-0.2238359695763893,2.6823933802219506
2022,2321,東訊,262089.0,0.22622467940279828,-0.018024411554853504,0.04174917680635204,0.11,945997.0,-640061.0,246430.0,0.08,0.11,-0.059746879876683145,0.10875562650187404
2022,3026,禾伸堂,3835639.0,0.22499249799055646,0.11970261017786085,0.0886493749802836,2.29,1579908.0,4740503.0,3634522.0,1.17,3.24,-0.05243376657709442,2.0393472509291066
2022,2885,元大金,,,,,0.41,125015590.0,91015961.0,24937951.0,0.65,0.71,,
2022,3694,海華,2270922.0,0.1108378006818376,0.0028186789330501005,0.005191283540341764,0.08,1528658.0,-209821.0,3132291.0,1.28,0.81,0.37930364847405595,0.10637180266521777
2022,2731,雄獅,422990.0,0.16523794888768056,-0.5580415612662238,-0.5301118229745384,-2.8,774729.0,-324214.0,781716.0,-2.36,-2.19,0.8480720584410979,-5.348927093323786
2022,5876,上海商銀,,,,,0.81,44816031.0,93876496.0,13079135.0,1.29,0.81,,
2022,6558,興能高,283098.0,-0.0017343817335339707,-0.22278151028972298,-0.16019540936354196,-0.48,937495.0,333150.0,306605.0,0.01,-0.04,0.08303485012257239,-0.5239144047478523
2022,2429,銘旺科,134035.0,0.09845935763046966,-0.09400529712388556,-0.12161748796956019,-0.39,397482.0,-218756.0,116821.0,-0.23,-0.23,-0.1284291416421084,-0.35743697984039513
2022,6168,宏齊,727950.0,0.30009478672985784,0.11550106463356,0.1756631636788241,0.55,2060698.0,393319.0,542315.0,0.48,0.52,-0.2550106463356,0.4622936917999702
2022,2338,光罩,1994321.0,0.30989745382012224,0.21690690716288902,-0.1935550997056141,-1.58,2556735.0,1179452.0,2068331.0,2.82,2.87,0.0371103749095556,-1.5658095693500207
2022,6689,伊雲谷,2153844.0,0.11890879748022605,0.012331905189048047,0.00940643797786655,0.34,600000.0,225157.0,2152527.0,1.14,,-0.0006114648971792258,0.33746019535305255
2022,1418,東華,4446.0,-0.5101214574898786,-4.925101214574899,-6.214799820062978,-0.51,568343.0,-899067.0,2019.0,-0.49,-0.6,-0.5458839406207827,-0.22077655283353803
2022,1717,長興,13184770.0,0.21984539737894557,0.0839506491201591,0.0682061954816049,0.71,12402795.0,12571486.0,11694502.0,0.42,0.79,-0.11302950297957415,0.6431110805846743
2022,2530,華建,205250.0,0.2202777101096224,0.07604384896467722,0.0797320341047503,0.02,8399880.0,211869.0,211363.0,0.05,-0.07,0.029783191230207118,0.020062669853000682
2022,3592,瑞鼎,7024211.0,0.4271130237972635,0.16482164331339136,0.19111199820164856,17.84,758552.0,6491389.0,3903647.0,7.21,,-0.4442582946326641,9.834972136964517
2022,1477,聚陽,7341020.0,0.25043726893537954,0.13188031091047292,0.10210747280350686,3.04,2418566.0,4789038.0,9407338.0,4.59,3.26,0.2814755987587556,3.971607593046444
2022,1616,億泰,920220.0,0.059725935102475494,0.010448588381039316,-0.004315272434852535,-0.02,1941485.0,-160347.0,987854.0,-0.28,0.12,0.07349764186824892,-0.021956693643570856
2022,6449,鈺邦,600644.0,0.2970611543609859,0.13421594155606315,0.18844440300743867,1.27,889535.0,1015637.0,518907.0,1.16,0.97,-0.13608227169504727,1.099283556368001
2022,1416,廣豐,76861.0,0.19540469158610999,-0.1770859083280207,0.8412198644305955,0.36,1853422.0,1360196.0,64800.0,0.38,0.05,-0.15691963414475485,0.2941102847333343
2022,1723,中碳,3242128.0,0.2404898881228625,0.19123211668385703,0.17226864577832832,2.4,2369044.0,3992965.0,2608663.0,1.94,1.42,-0.1953855615817759,1.8969290663323741
2022,2816,旺旺保,1848537.0,,-0.4178277199753102,-0.4076331715297016,-3.37,2236080.0,3087028.0,2253838.0,0.04,0.37,0.21925501085452992,-4.108704214760472
2022,3416,融程電,606922.0,0.33194545592349595,0.14932231818915775,0.1535996388333262,1.28,726175.0,722405.0,763957.0,2.25,1.54,0.25874000283397214,1.6159124079483786
2022,2013,中鋼構,4368306.0,0.039993993094806085,0.021664462150774236,0.024124683572991454,0.52,2000000.0,1467785.0,5163172.0,0.72,0.63,0.18196206950703542,0.6227994536646472
2022,6155,鈞寶,199219.0,0.28237768485937587,0.11053162599952816,0.19386705083350483,0.45,871477.0,386609.0,194954.0,0.92,0.32,-0.021408600585285487,0.43369081488318223
2022,1568,倉佑,465310.0,0.23534417914938427,0.1089918548924373,0.09703208613612431,0.44,1030865.0,422623.0,436818.0,0.47,0.1,-0.06123229674840425,0.411163069866661
2022,3266,昇陽,435311.0,-0.05542703951887271,-0.20499137398319822,-0.22984946394646585,-0.12,3523143.0,1155998.0,216696.0,-0.04,0.5,-0.5022041712706548,-0.14137223337044044
2022,2611,志信,201735.0,0.2455399410117233,0.040434233028477956,-1.7740302872580365,-2.11,1890022.0,328834.0,193205.0,0.43,-0.95,-0.04228319329813868,-1.8134790052691923
2022,1312,國喬,5500568.0,0.06856510091321479,-0.004926582127518467,-0.036601856390103715,-0.2,9266203.0,24834401.0,4194820.0,-0.69,1.61,-0.23738421195774695,-0.16569699500683813
2022,3518,柏騰,119693.0,0.2967174354389981,-0.05993667131745382,-0.048565914464505026,-0.08,807522.0,42451.0,82723.0,-0.31,0.02,-0.30887353479317925,-0.04975119120280623
2022,2612,中航,1208633.0,0.3696829393207036,0.2775126940932442,0.15043193425961396,0.93,1974846.0,9157610.0,1136389.0,0.97,-1.24,-0.059773314149125456,0.865633043494776
2022,2486,一詮,1435072.0,0.13666073897337555,0.013601408152343576,0.030555261338803905,0.19,2219586.0,222104.0,1269706.0,0.17,0.68,-0.11523184899433614,0.17479024761125433
2022,2369,菱生,1649308.0,0.13213238521852802,0.048698605718277,0.058609428924130604,0.25,3801023.0,810172.0,1358219.0,-0.09,0.79,-0.17649159526298297,0.2094289877854034
2022,3002,歐格,216209.0,0.22481487819655982,0.04458648807403947,-0.020383055284470118,-0.04,1020000.0,277479.0,178263.0,0.02,-0.05,-0.17550610751633833,-0.035622986119367615
2022,2387,精元,5004678.0,0.11335294698280289,0.039722435689169215,0.052773225370343506,1.21,1952510.0,6822604.0,7361787.0,3.2,1.39,0.47098115003602636,1.9897733915804017
2022,2607,榮運,4681133.0,0.26584311960373697,0.1984713957069795,0.3037446276360872,1.29,10671411.0,9966371.0,4961570.0,0.88,0.3,0.059907932545390175,1.4122314585581806
2022,8213,志超,6121422.0,0.1384037891849312,0.0710586527117392,0.058217845461397695,1.25,2712425.0,9125260.0,4256106.0,1.12,1.64,-0.3047193936310877,0.9135047840044518
2022,2355,敬鵬,4347230.0,0.0795230526105129,0.008212585945533132,0.027550877225267584,0.3,3974954.0,10212299.0,4227341.0,0.52,0.8,-0.027578250978209096,0.2930020143134735
2022,4104,佳醫,1674292.0,0.21411498113829608,0.08582911463472322,0.10119441531106879,0.99,1482064.0,2960943.0,1841048.0,1.26,1.19,0.09959791959825415,1.2570562129544514
2022,1229,聯華,4002005.0,0.4144327655762549,0.3442906742995074,0.5408628924751469,0.95,14801305.0,12775877.0,2646146.0,0.35,0.43,-0.33879492904181774,0.9669432387695139
2022,1445,大宇,361245.0,-0.052723221082644746,-0.1459867956649919,-0.0629849548090631,-0.18,1306660.0,173850.0,377144.0,0.15,-0.08,0.044011681822585746,-0.1817947882120008
2022,2911,麗嬰房,642286.0,0.40636102919883044,-0.32050986632123385,-0.30029924363912647,-1.06,1846778.0,-189895.0,833524.0,-0.91,-0.64,0.2977458639920534,-1.355369333807633
2022,3686,達能,7452.0,-0.030193236714975844,-1.048845947396672,-1.1018518518518519,-0.07,1135136.0,-387744.0,13934.0,-0.16,-0.53,0.8698336017176598,-0.13525431052934364
2022,6133,金橋,374263.0,0.15594648682878082,0.016354809318580785,0.03944552360238656,0.12,1170064.0,106161.0,428344.0,0.49,-0.1,0.14449999064828734,0.14440452284610644
2022,6674,鋐寶科技,674468.0,0.1534646565886002,-0.01812687925891221,-0.013797541173191315,-0.14,684049.0,520189.0,642368.0,0.17,0.23,-0.047593065942342694,-0.1295681877810005
2022,1732,毛寶,158283.0,0.38192983453687385,-0.0031336277427139996,0.03992848252812999,0.15,424439.0,61000.0,141186.0,0.06,-0.01,-0.10801539015560735,0.1328186791085777
2022,2303,聯電,72055140.0,0.46453559038258757,0.39086738295144524,0.298249979113218,1.74,124821235.0,156355500.0,75391589.0,2.19,1.43,0.04630410821490316,1.8014194335252582
2022,1558,伸興,1925876.0,0.18099244188099337,0.07070704448261467,0.10589934139061913,3.37,605356.0,3087945.0,1394834.0,2.06,0.16,-0.275740494195888,2.4400848748379937
2022,3040,遠見,36692.0,0.7308132562956503,0.4872996838547912,0.5473672735201134,0.32,630000.0,637487.0,41757.0,0.77,0.48,0.13804098986155022,0.3628002419107837
2022,8271,宇瞻,2112860.0,0.18988716715731283,0.08443105553609799,0.06938888520772792,1.44,1018243.0,1830095.0,2245226.0,1.15,1.11,0.06264778546614536,1.5300250448999515
2022,2537,聯上發,360614.0,0.2423034047485677,0.13799519708053487,0.019494528775921068,0.02,3005579.0,577717.0,259886.0,0.07,1.3,-0.27932359808548757,0.016856502875016836
2022,2851,中再保,6094906.0,,-0.1402438364102744,-0.08105440838628192,-0.84,5903888.0,7009688.0,4939280.0,-0.1,0.71,-0.18960522114697098,-0.6781131658564569
2022,9927,泰銘,2592989.0,0.10077212051420195,0.07756492603709464,0.061489655374550374,0.95,1673185.0,3430277.0,2217537.0,0.93,1.08,-0.14479506083519833,0.8149462606365364
2022,2329,華泰,4288219.0,0.17551062573996337,0.10471643355901367,0.09803230665224887,0.61,7355775.0,1599759.0,3808936.0,0.65,0.65,-0.11176737941788883,0.5076267041484959
2022,9937,全國,5758975.0,0.10030135571000048,0.022210202336353256,0.02455575862024058,0.46,3090430.0,1919386.0,6305942.0,0.67,0.73,0.09497644980226516,0.5010538650777955
2022,3055,蔚華科,485359.0,0.12852754352963477,-0.15713523391963474,-0.18765491110703625,-0.68,1187419.0,932213.0,587931.0,1.03,-1.31,0.21133223036968518,-0.9291424471233064
2022,2945,三商家購,3755368.0,0.24082326951712854,-0.0026277051942712407,0.00013926731015442427,0.05,675000.0,73889.0,3737714.0,0.23,,-0.004701004002803488,0.007711724072689389
2022,1536,和大,1930317.0,0.2450452438640907,0.07502446489359002,0.09757620121461916,0.66,2795175.0,1891617.0,2018651.0,1.17,0.66,0.04576139566713655,0.7046868126614333
2022,4934,太極,569212.0,0.07019704433497537,-0.07158844156482998,-0.07738417320787334,-0.09,2250000.0,-598152.0,610426.0,0.11,-0.68,0.07240536039296441,-0.2099436058426191
2022,2597,潤弘,6203701.0,0.1398655415533405,0.10066007372050974,0.08007881101942212,2.6,1849500.0,1318938.0,6281890.0,3.96,0.93,0.012603605492914616,2.719904201972412
2022,1776,展宇,372998.0,0.1374886728615167,0.013938412538405031,-0.0016809741607193604,-0.01,703353.0,343989.0,332403.0,0.0,0.11,-0.10883436372312993,-0.007944244980054077
2022,1906,寶隆,1509958.0,0.11091897920339507,-0.00808366855237033,0.23942520255530286,2.39,1510000.0,2625841.0,985654.0,0.38,-0.13,-0.3472308501296063,1.5628503880757914
2022,2388,威盛,2289001.0,0.36282509269327534,0.0024766262662183195,-0.021977273054926583,-0.33,4975488.0,6312357.0,2596673.0,0.41,-0.7,0.1344132221873211,-0.11469787798775793
2022,2420,新巨,735747.0,0.4132303631547257,0.27484447778924004,0.2582980290779303,1.24,1526487.0,1671652.0,689230.0,1.33,1.14,-0.0632241789636927,1.1662513377538222
2022,2488,漢平,881809.0,0.17635338264862346,0.0947586155278524,0.08253488000235878,0.91,799994.0,1349664.0,1019793.0,1.79,0.34,0.1564783303413777,1.0521140518834575
2022,9925,新保,1907058.0,0.3627813102695356,0.13643004040779044,0.21685182097240882,1.02,3874896.0,5121688.0,1921564.0,0.54,1.0,0.0076064807677584945,1.0753699002890034
2022,2415,錩新,609022.0,0.23919004567979482,0.044578028379927165,0.013671098909399004,0.1,900000.0,609265.0,496883.0,-0.72,0.33,-0.18412963735300203,0.07547707377109894
2022,8105,凌巨,2603960.0,0.09959139157283523,0.02152145194242615,0.053006958632237054,0.31,4415449.0,522372.0,2571061.0,0.61,0.27,-0.0126342186515922,0.3086529231069321
2022,2601,益航,1531363.0,0.6719595549846771,0.09528635601095234,-0.04144412526618444,0.0,8347761.0,748893.0,1529638.0,-0.03,0.1,-0.0011264474850182227,-0.07594193087693316
2022,1231,聯華食,2448862.0,0.22820722441689242,0.10014284185878992,0.06321793551453696,0.58,2242333.0,2298007.0,2789762.0,1.04,0.83,0.13920751761430417,0.7865156255422618
2022,1321,大洋,1950190.0,0.09018198226839436,0.010231310795358401,0.0018300780949548506,0.02,2272283.0,3433452.0,1462139.0,0.39,0.65,-0.2502581799722078,0.011775947607226698
2022,3576,聯合再生,3902620.0,0.10392479923743536,0.03133587179894532,0.0420655867084164,0.11,16278140.0,135470.0,4746401.0,0.11,-0.06,0.21620885456436967,0.12265537881994766
2022,1437,勤益控,172103.0,0.5902163239455442,0.47552918891593987,0.5405135296886167,0.46,2033713.0,4156085.0,252625.0,0.57,0.5,0.4678709842361841,0.6714183881284468
2022,6165,浪凡,731443.0,0.294512354346135,0.058819347508965156,0.026943999737505178,0.37,532424.0,125623.0,796218.0,0.49,0.8,0.08855782337106244,0.4029363361343008
2022,8110,華東,2428567.0,0.088505690804495,0.043673079639145226,-0.01562196966359174,-0.02,5217219.0,3935279.0,2614519.0,0.52,0.04,0.07656861021334804,-0.07828679705200071
2022,8104,錸寶,783288.0,0.16588279151474297,0.05827486186434619,0.04801171472051149,0.46,746517.0,623408.0,804138.0,0.12,0.64,0.026618561755063164,0.5171756872505605
2022,1466,聚隆,722433.0,0.07602642736419848,-0.028856655219238324,0.0038854814218065897,0.03,1111573.0,157790.0,656717.0,-0.4,0.41,-0.09096483687760659,0.022955412760876325
2022,1904,正隆,11525272.0,0.17231732144803177,0.04660853123466414,0.12235676520259131,1.12,11082745.0,16529210.0,10584493.0,0.2,0.7,-0.08162748783716345,1.1685591654319134
2022,2606,裕民,3791879.0,0.37678153759653193,0.3351496711788535,0.3220245160776491,1.44,8450557.0,19050527.0,4144866.0,2.18,2.1,0.09309025947294214,1.5794798708022455
2022,2630,亞航,1017089.0,0.06600503987360005,0.016361400034805212,0.016237517070777484,0.11,1619285.0,134788.0,1134201.0,0.03,-0.01,0.11514429907313906,0.11373296300029269
2022,2328,廣宇,6211599.0,0.1078049307432756,0.05435750118447762,0.047456057610930774,0.51,5183462.0,6762755.0,6497615.0,0.95,0.56,0.04604547073949883,0.594874992377002
2022,1434,福懋,9281671.0,0.10576845483965118,0.03334593523084367,0.2191975992253981,1.21,16846646.0,20243985.0,8738090.0,0.35,0.39,-0.05856499330777831,1.1369434306481296
2022,2538,基泰,134257.0,0.5858986868468683,0.16235280097127153,0.6034545684768764,0.15,4384488.0,1431465.0,76506.0,0.38,-0.06,-0.430152617740602,0.10529825880671108
2022,6205,詮欣,465143.0,0.3517455922157272,0.1752278331609849,0.1709603283291375,1.0,794172.0,1023626.0,451769.0,1.09,0.69,-0.028752448171852518,0.9725169934085578
2022,2020,美亞,1677615.0,0.10453232714299765,0.06383943872700232,0.03337476119371846,0.25,2225261.0,698427.0,1650479.0,-0.17,0.87,-0.016175344164185423,0.2475410411643724
2022,3013,晟銘電,1327685.0,0.06186859081785213,-0.012460787008966735,0.028405081024489996,0.21,1959350.0,620507.0,1686787.0,0.69,-0.33,0.27047228823101865,0.24453681785314724
2022,2392,正崴,21883419.0,0.13089741598422075,0.03736472806191756,0.026958036127718434,1.03,5123269.0,10529499.0,26557004.0,1.51,0.82,0.21356740461808088,1.3973981715111248
2022,3229,晟鈦,227157.0,0.05748006885105896,-0.03450917207041826,0.008236594073702329,0.01,642630.0,-64046.0,262573.0,-0.09,0.08,0.15590978926469368,0.03365400332561881
2022,5607,遠雄港,816182.0,0.6433050471585994,0.500517041542205,0.40547941513044883,1.18,2549791.0,1701064.0,790257.0,0.92,0.63,-0.03176374877172006,1.256702789219756
2022,5519,隆大,1412577.0,0.24799143692697814,0.15536285809552328,0.1258897745043279,0.81,2191972.0,2129132.0,1889081.0,2.05,0.3,0.33732957566207,1.0849407798567237
2022,2374,佳能,1468766.0,0.2063780071161778,0.0018198950683771275,0.029756271591254154,0.11,2875823.0,2457121.0,1483869.0,0.6,0.09,0.010282781600336577,0.1535366014175515
2022,4532,瑞智,5482227.0,0.1262995859164533,0.04342104039106735,0.05074379444703767,0.54,5049151.0,3844748.0,3804803.0,0.32,0.37,-0.3059749258832223,0.3823813970773943
2022,9902,台火,34697.0,0.07971870766925095,-0.15430728881459493,-1.298671354872179,-0.46,980496.0,192567.0,21197.0,-0.07,0.08,-0.38908262962215756,-0.28075521684153304
2022,2634,漢翔,7359445.0,0.1169025653429029,0.0716592079973422,0.08142597709474016,0.63,9418671.0,5532297.0,8156354.0,0.61,0.24,0.10828384477362074,0.7051303670980674
2022,4994,傳奇,511502.0,0.5591200034408468,0.03843582234282564,0.003339185379529308,0.02,1106390.0,139945.0,449246.0,0.07,0.84,-0.12171213406790193,0.01355865178654926
2022,2201,裕隆,17725433.0,0.3949232156980312,0.1647986822099071,-0.17847970201912697,-3.97,10000000.0,32751013.0,19321340.0,-0.13,1.14,0.09003486684923301,-3.4484670058102385
2022,2492,華新科,9851179.0,0.21809988428796187,0.1058392097027168,0.1014892735174135,1.56,4858043.0,34173574.0,8234566.0,1.05,5.52,-0.16410350476831248,1.7202814406360623
2022,6792,詠業,388562.0,0.41676489208929335,0.19659153494165668,0.1894678326753517,1.54,478753.0,497784.0,333974.0,1.03,,-0.14048723241078642,1.321711403373303
2022,5222,全訊,281168.0,0.5170716439993172,0.3478525294485859,0.04895649576054174,0.2,678288.0,131747.0,244063.0,1.02,2.82,-0.13196736470722126,0.17615628206315162
2022,3530,晶相光,572929.0,0.31717368120657186,0.14666040643779596,0.10686839032410647,0.79,781689.0,815462.0,350537.0,-0.04,3.18,-0.3881667711007821,0.47923566711366433
2022,1319,東陽,5418894.0,0.2322160204646926,0.08764242297413458,0.13248367655835305,1.36,5914771.0,12651531.0,5526946.0,1.19,0.19,0.019939862267097208,1.237968682506023
2022,1795,美時,2910432.0,0.47393548449164935,0.16843513265384658,0.11258534815450078,1.25,2627563.0,2524344.0,5389372.0,7.99,1.33,0.851742971490143,2.3092284483916017
2022,1447,力鵬,7742554.0,0.04408403221985924,0.016916123542696636,0.024794014998151773,0.22,9144872.0,1017439.0,7273942.0,-0.06,0.01,-0.06052421461962032,0.19721459966163127
2022,6585,鼎基,733647.0,0.25905374110437307,0.124801164592781,0.12076925278778486,1.37,692430.0,1564357.0,667500.0,0.92,,-0.09016188984620666,1.1642112016499342
2022,1474,弘裕,820805.0,0.1482093798161561,0.04166519453463368,0.03048105213784029,0.18,1298970.0,816131.0,791537.0,0.2,0.26,-0.03565767752389426,0.1857385510522159
2022,1468,昶和,307755.0,0.023063800750597066,-0.08326103556400384,0.11366509073776218,0.21,1604053.0,-516873.0,422607.0,0.66,-0.02,0.373192961934006,0.29946431322040773
2022,2356,英業達,135746794.0,0.04363043004905147,0.01162557106136886,0.010979640521012968,0.42,35874751.0,18989338.0,142452075.0,0.49,0.79,0.04939550174569862,0.4359814441561917
2022,2362,藍天,4810613.0,0.2579802199844386,0.11697636039315572,0.006480255219033416,0.06,6422630.0,39948134.0,5759286.0,0.1,0.84,0.19720418167081832,0.05810959553859725
2022,1506,正道,308828.0,0.18760280803554083,0.00888196666105405,0.06008522543292707,0.07,2631618.0,-721361.0,267251.0,0.19,0.02,-0.13462833680883857,0.06101887349218311
2022,2357,華碩,126922226.0,0.13500308448734583,0.021667379202756812,0.01960062534673793,2.55,7427603.0,156183803.0,144770584.0,8.34,15.25,0.14062436944653012,3.8203360871770506
2022,2430,燦坤,5942050.0,0.15152077145093024,0.037056403093208574,0.02992906488501443,1.15,1168000.0,2097282.0,5479077.0,1.05,0.72,-0.07791469274072083,1.4039696150940943
2022,1711,永光,2323801.0,0.22744675641330733,0.04534037122800102,0.05399343575461066,0.21,5477522.0,2222344.0,2230065.0,0.16,0.19,-0.04033736107351704,0.2198236197063304
2022,5522,遠雄,4888987.0,0.35622737389156484,0.2698135626050959,0.20804330222191222,1.3,7815962.0,26732752.0,6740842.0,1.84,1.82,0.3787809212828752,1.7942602963476015
2022,1516,川飛,216285.0,0.048505444205562104,0.0255634926139122,0.02012159881637654,0.12,356842.0,53074.0,417108.0,0.41,0.2,0.9285109924405299,0.2351987669361002
2022,2801,彰銀,,,,,0.27,105934565.0,60748019.0,9176754.0,0.3,0.25,,
2022,1903,士紙,38625.0,0.42850485436893204,-0.712906148867314,-0.8783948220064725,-0.13,2600391.0,-222065.0,39799.0,1.2,0.01,0.030394822006472477,-0.13443838069365566
2022,2007,燁興,2229822.0,0.03551180318429004,0.005394152537736196,-0.0594993681109972,-0.25,5306516.0,-169539.0,1433426.0,-0.51,0.02,-0.3571567595978513,-0.16072304546688312
2022,1225,福懋油,3808434.0,0.08921304662231248,0.0442614996085005,0.04106727332021508,0.67,2187030.0,1237504.0,3930313.0,-0.05,0.13,0.03200239258445858,0.7380202292835236
2022,2705,六福,196806.0,-0.3471286444518968,-1.0373210166356717,-1.2722274727396523,-1.31,1913128.0,-542126.0,591304.0,0.21,-0.98,2.0045018952674205,-3.932163417925238
2022,2610,華航,36852234.0,0.07320986293531079,0.026054187108439614,0.009290454413157151,0.06,60135374.0,7746342.0,37697135.0,0.02,0.53,0.02292672406237295,0.05823918451461379
2022,3702,大聯大,199055930.0,0.03883574832460404,0.018965669598489228,0.01457633540482818,1.49,18790568.0,32937174.0,189822155.0,1.64,1.9,-0.04638784184927325,1.4725001386585452
2022,1449,佳和,702467.0,0.10594376675345603,0.0007601780581863632,0.12264348360848268,0.72,1134588.0,-273787.0,655770.0,0.54,-0.18,-0.0664757205676566,0.7088557013288938
2022,2114,鑫永銓,505200.0,0.4437173396674584,0.306215360253365,0.09023950910530483,0.58,779918.0,1740648.0,465060.0,1.42,-6.13,-0.07945368171021383,0.538092287965056
2022,1528,恩德,1042829.0,0.3032616085666969,0.050947950239205085,0.06340061505769402,0.36,1993310.0,282736.0,869935.0,0.28,1.08,-0.16579324126966166,0.27669762385286306
2022,2468,華經,518579.0,0.12112330040360292,0.040013189890064964,0.04269937656557631,0.32,699612.0,401248.0,577711.0,0.19,0.15,0.11402698528093125,0.3525940026053821
2022,4766,南寶,5611209.0,0.22876727635702038,0.0750463937450913,0.06117558622393142,2.58,1205707.0,6968775.0,5867352.0,3.08,0.97,0.045648451162663806,2.976997713226816
2022,2702,華園,362603.0,0.8211046240654379,0.12895370418887875,0.1514052558859138,0.5,1491555.0,1359311.0,417753.0,0.35,-0.33,0.15209471515679684,0.4240540902756395
2022,1752,南光,472855.0,0.38487908555476835,0.19829546055344663,0.15777986909306235,0.73,1009885.0,707118.0,490833.0,0.74,0.45,0.038020111873618756,0.766855300222848
2022,3167,大量,690817.0,0.2876651848463486,0.08258482347712925,0.31425688713508787,2.71,801341.0,1435172.0,520979.0,0.22,1.99,-0.24585092723543278,2.04309075415773
2022,1535,中宇,2066309.0,0.0845454382669775,0.03181179581563067,0.0989764841560483,1.65,1237426.0,1410398.0,2204096.0,1.04,0.8,0.06668266943617818,1.7629633838501002
2022,8926,台汽電,971182.0,0.12834257636570695,0.0388578042014782,-0.16752678694621606,-0.28,5890486.0,4515341.0,744591.0,0.32,0.25,-0.23331466192742456,-0.21176340597205387
2022,6552,易華電,698948.0,0.20087617390707177,0.10347837035087017,0.10408213486554078,0.88,830000.0,822559.0,364538.0,0.0,1.55,-0.47844760983649715,0.4571312443327049
2022,1810,和成,1344325.0,0.2575597418778941,0.038753277667230766,0.03902032618600413,0.14,3698536.0,2961100.0,1165437.0,0.03,2.88,-0.13306901232960777,0.12295603419633633
2022,1436,華友聯,778405.0,0.2924248944957959,0.18709540663279398,0.12410249163353267,1.01,962889.0,1371945.0,2459383.0,5.06,0.91,2.1595159332224227,3.169789645339727
2022,2511,太子,3628428.0,0.3481874244163037,0.20269714598167582,0.114464445759982,0.27,16233261.0,5429885.0,2058368.0,0.11,-0.26,-0.4327108047892917,0.14514024772353665
2022,4942,嘉彰,2146955.0,0.21220659026388536,0.11459066445267833,0.11097577732183488,1.68,1423676.0,4283257.0,1871468.0,1.53,1.42,-0.12831521853043026,1.4588123704616758
2022,1707,葡萄王,2722473.0,0.8393714097440085,0.2455275038540327,0.2091029001940515,2.6,1481374.0,4446514.0,2491870.0,2.46,2.04,-0.08470350302831287,3.517391583128576
2022,8150,南茂,6851737.0,0.25422633705876335,0.18635741564511304,0.19273185762967843,1.82,7272401.0,10228959.0,5253906.0,0.92,1.93,-0.2332008657074841,1.392380677566753
2022,1440,南紡,5599257.0,0.1700182720671689,0.060319967452824544,0.0765990916294787,0.25,16568159.0,11147814.0,5102617.0,0.18,0.27,-0.08869748254098708,0.23590782001375996
2022,2025,千興,424960.0,0.015074359939759037,-0.005492281626506024,-0.15735833960843373,-0.24,2811673.0,-1796009.0,68547.0,1.34,0.46,-0.8386977597891566,-0.03836307460056453
2022,1301,台塑,73924373.0,0.26267010746239267,0.20692258018881,0.28680294657352046,3.33,63657408.0,231844761.0,55653135.0,0.91,3.03,-0.2471612170454256,2.5074038679133657
2022,6533,晶心科,140138.0,0.9993149609670468,-0.5366709957327777,0.5130086058028515,1.42,506509.0,223609.0,271137.0,5.77,0.99,0.9347857112275044,2.7461627404758397
2022,3617,碩天,3046369.0,0.3957363668025771,0.11306082749660333,0.11751169999432111,4.32,809510.0,2294776.0,3081275.0,6.02,0.62,0.011458231094132021,4.472901673852105
2022,9930,中聯資源,3034894.0,0.12616025469093814,0.08958896093240819,0.07062025889536834,0.86,2485404.0,2837127.0,2781829.0,0.86,0.65,-0.08338511987568598,0.7904287760969388
2022,1725,元禎,2687597.0,0.03934034752978218,0.017941678011993614,0.0034395037648873696,0.05,1818300.0,842682.0,1902575.0,0.98,0.77,-0.2920906668670935,0.03598918701798706
2022,3481,群創,57901588.0,0.011876116420157595,-0.09907944148267574,-0.08137555743721571,-0.45,105596201.0,84915579.0,48015256.0,-1.23,1.77,-0.17074371086333595,-0.3700197720645856
2022,2367,燿華,4326499.0,0.14839088140318535,0.05126962932384822,0.05789207393784212,0.41,6194072.0,311132.0,5529495.0,0.98,-0.99,0.2780529938872054,0.5168069298821976
2022,3052,夆典,661432.0,0.13894550006652234,0.08036502618560941,0.06681110076319259,0.22,2287135.0,779264.0,647926.0,0.27,0.01,-0.02041933259957185,0.18927019731276168
2022,8222,寶一,116630.0,0.055157335162479636,-0.12503644002400754,0.014010117465489153,0.03,685735.0,6713.0,129293.0,0.47,-0.22,0.108574123295893,0.02641559957513455
2022,2454,聯發科,155729821.0,0.4929324679567955,0.2515957621244553,0.2286781091207958,22.38,15990852.0,282036365.0,142161276.0,19.55,17.92,-0.08712875230236095,20.329855961320618
2022,9935,慶豐富,1566296.0,0.14523372338306426,0.04162112397656637,0.0585419358792974,0.54,1696233.0,517280.0,1315434.0,0.62,-0.26,-0.16016257463467953,0.4539945448617478
2022,1227,佳格,5992214.0,0.2334931629611359,0.03419904562821021,0.028408364587780077,0.18,9150897.0,7702820.0,7676870.0,0.53,0.65,0.2811408270799407,0.23832343632869132
2022,1734,杏輝,716206.0,0.40091817158750415,0.12368927375643321,0.11441959436251581,0.52,1677221.0,355981.0,710166.0,0.4,-0.2,-0.008433327841431137,0.4844734572847013
2022,1783,和康生,154226.0,0.5873912310505363,0.1723055775290807,0.21711643951084772,0.43,846991.0,85065.0,162608.0,0.55,0.42,0.05434881278124304,0.41682697922386336
2022,1203,味王,1582129.0,0.2663012940158483,0.10327160427499907,0.053349632046438694,0.17,2400000.0,2581692.0,1583859.0,1.5,0.44,0.001093463301665043,0.3520762285976681
2022,4737,華廣,573329.0,0.44163996588346305,0.09005475041381127,0.06857493690359287,0.65,607258.0,123653.0,564839.0,0.17,0.51,-0.014808251457714472,0.6378474846883613
2022,4916,事欣科,619304.0,0.13007182256210198,0.003329544133414284,0.034667949827548346,0.26,833544.0,310285.0,669169.0,0.03,0.25,0.080517807086665,0.2783142499754146
2022,5515,建國,1389010.0,0.10527929964507095,0.06554308464301913,0.013822074715084844,0.08,2574401.0,1729147.0,1200339.0,0.21,0.51,-0.1358312755127753,0.06444674058715105
2022,2409,友達,62884442.0,0.02742741996502092,-0.07386650580440866,-0.09059818007131239,-0.59,96242451.0,70649426.0,49732341.0,-1.13,2.03,-0.20914713690232,-0.46815719450930365
2022,3563,牧德,549539.0,0.562646145223542,0.34066917907555244,0.3089098316952937,3.73,447282.0,2189577.0,447715.0,3.09,5.71,-0.18528985203961867,3.0920887783872013
2023,3545,敦泰,3112352.0,0.20504782235428384,0.012042660984361665,0.03299626777433915,0.51,2159300.0,1277607.0,3598407.0,0.61,-13.55,0.1561696748953847,0.549872648233485
2023,2501,國建,3934906.0,0.25590014094364644,0.14963356176742215,0.1085949702483363,0.36,11595611.0,12696633.0,2637423.0,0.21,0.38,-0.3297367205214051,0.2469993795215085
2023,3704,合勤控,7123776.0,0.21167173139638304,0.03729749503634028,0.04240307387542786,0.77,4030700.0,3212129.0,6973857.0,0.73,1.81,-0.021044878446486837,0.733651657448259
2023,2314,台揚,1038360.0,0.13535960553180015,-0.08924650410262337,-0.11280577063831426,-0.5,2380283.0,-970731.0,671371.0,-0.86,-0.4,-0.3534313725490196,-0.3181744483291091
2023,2618,長榮航,48609266.0,0.23230200595911077,0.15969531405802342,0.13302202505999577,1.11,53691254.0,26759627.0,53263337.0,1.1,0.23,0.0957445232766938,1.3196184520467709
2023,2227,裕日車,6157736.0,0.1452811552817464,0.017903333303019162,0.020999276357414477,0.43,3000000.0,9557258.0,6436490.0,1.28,3.11,0.04526891052165927,0.450538774272449
2023,2545,皇翔,605676.0,0.26325296032862455,-0.09381913762473666,-0.23457756292142995,-0.44,3277348.0,7223617.0,847988.0,0.48,0.97,0.4000686835866041,-0.6069509811793485
2023,1414,東和,137432.0,0.06390069270621107,-0.07535362943128238,0.1235883928051691,0.08,2200000.0,1031735.0,145167.0,0.06,0.2,0.05628237964957217,0.08154980099249083
2023,2434,統懋,13589.0,-0.5570682169401722,-1.5498565015821621,-0.6253587460445948,-0.23,370000.0,-77450.0,20428.0,-0.3,0.62,0.5032747074839945,-0.3452656341675401
2023,1463,強盛新,65784.0,-0.11299100085127083,-0.36242855405569746,-0.04241152863918278,-0.02,1732684.0,288820.0,102641.0,0.27,0.28,0.5602730147148243,-0.025123806251193866
2023,8081,致新,2082823.0,0.39945593072479035,0.2076158175706721,0.20568142372155485,4.9,861721.0,3983313.0,2242299.0,6.09,5.2,0.07656723591010861,5.352071618649409
2023,6412,群電,9270460.0,0.20296026302901907,0.09628001199508977,0.08522155319153527,1.98,3990401.0,6028549.0,9740110.0,2.36,2.44,0.05066091650252513,2.0801601203899174
2023,1762,中化生,526441.0,0.29692596131380344,0.057505019555847664,0.05623422187861508,0.38,775600.0,2240114.0,339156.0,0.16,1.56,-0.35575686544171137,0.24590218869860206
2023,2371,大同,13240088.0,0.19338413762808826,0.06422782084227839,0.06109287189027747,0.25,23395367.0,22996449.0,11447602.0,0.23,3.47,-0.13538323914463413,0.298933922445792
2023,1313,聯成,17580390.0,0.011683301678745466,-0.021330300408580243,-0.036601690861238004,-0.48,13568523.0,4508208.0,19701287.0,0.39,-0.65,0.12063992892080333,-0.5314509297309126
2023,1907,永豐餘,18124171.0,0.12460900970311967,-0.01055248264872363,0.009257692393213461,0.12,16603715.0,21255440.0,18458171.0,0.68,0.88,0.018428429085115106,0.10291676848183272
2023,2546,根基,3951296.0,0.13903615421370608,0.11804683830317951,0.09220746813197493,3.13,1207216.0,2378775.0,2995814.0,1.06,2.04,-0.24181483746092425,2.288210427415842
2023,4942,嘉彰,1560012.0,0.251815370650995,0.14007071740473792,0.12844452478570678,1.41,1423676.0,4507087.0,1628741.0,1.39,1.53,0.044056712384263674,1.4694555765777948
2023,2610,華航,47193097.0,0.16965000199075725,0.10100640354245029,0.07341118130051943,0.55,60236686.0,9137840.0,47678915.0,0.38,0.02,0.010294259772779979,0.5810687316491906
2023,2321,東訊,201268.0,0.22809388477055467,-0.04688773178051156,-0.026814992944730408,-0.67,302719.0,-107045.0,198171.0,-0.28,0.08,-0.015387443607528306,-0.1755408139842616
2023,2611,志信,159427.0,0.2368858474411486,-0.03590357969478194,0.42014840648070906,0.35,1890023.0,548552.0,160050.0,0.97,0.43,0.003907744610385899,0.35578801134820837
2023,3257,虹冠電,289295.0,0.48850481342574187,0.2795139909089338,0.2802710036467965,1.02,799866.0,566306.0,324625.0,1.12,0.07,0.12212447501685131,1.137477709501858
2023,2852,第一保,1904331.0,,0.1252487093892816,0.11070134341141324,0.7,3011638.0,4348980.0,1902312.0,0.73,0.82,-0.0010602148471038353,0.69924902656844
2023,4916,事欣科,857892.0,0.16852004681241928,0.06110675935898691,0.04195050192798161,0.4,938743.0,399444.0,839572.0,0.63,0.03,-0.021354669352319444,0.3751875306093294
2023,4720,德淵,833283.0,0.1816765732650252,0.012298342819906322,0.011925120277264747,0.14,1037563.0,280101.0,847680.0,0.66,0.15,0.017277443557590866,0.09742720159288429
2023,8131,福懋科,1880837.0,0.07029370434545897,0.03707923653139533,0.12276874604232052,0.53,4422222.0,5444030.0,1641108.0,0.09,1.42,-0.12745867930075816,0.45560076196993393
2023,2890,永豐金,,,,,0.43,123764399.0,52564532.0,14564300.0,0.45,0.42,,
2023,1527,鑽全,619844.0,0.2057598363459193,0.08662179516136319,0.14287627209426887,0.63,1385706.0,3124144.0,700469.0,1.11,1.82,0.13007305063854768,0.7222340051757041
2023,1472,三洋實業,536782.0,0.09846455358041067,0.029486830780465812,0.03963992831354256,0.85,249881.0,-1067.0,544854.0,1.86,-0.43,0.015037762071008265,0.8643303613058584
2023,1418,東華,3158.0,0.2849905003166561,-5.740658644711843,-9.436352121595947,-0.55,568343.0,-870655.0,3786.0,-0.4,-0.49,0.1988600379987333,-0.6285997915407114
2023,1342,八貫,607421.0,0.330107125041775,0.242047937097993,0.2324516274544344,2.01,712876.0,620727.0,656498.0,2.18,1.91,0.08079569195006431,2.1406812477987933
2023,9910,豐泰,20656426.0,0.19434359070634968,0.06843463627250909,0.06444110902825106,1.12,9874828.0,11278361.0,23071231.0,1.71,3.09,0.11690333071171177,1.5055813754801257
2023,2892,第一金,,,,,0.47,136201455.0,59827817.0,16573265.0,0.43,0.47,,
2023,1503,士電,7677019.0,0.16163539519701592,0.059468004442870336,0.08166294755816027,1.14,5209722.0,19478224.0,7701830.0,1.28,1.09,0.003231853405599283,1.2072700604597817
2023,9944,新麗,586627.0,0.22625450243510783,-0.013707176792067191,-0.09956923223786154,-0.6,1091071.0,2254715.0,445002.0,-0.61,-0.25,-0.24142257345809182,-0.40610104644255834
2023,1736,喬山,8636292.0,0.4737660560805494,0.0103077802371666,0.03857986737826836,1.11,3036166.0,7185862.0,9628452.0,1.22,0.73,0.11488263713176905,1.2234653876567447
2023,1717,長興,10849709.0,0.19081479512491994,0.0422806731498513,0.03283507419415581,0.3,11782655.0,12667053.0,11267525.0,0.51,0.42,0.038509419930064404,0.3139954614299625
2023,2409,友達,63320505.0,0.031458214049303615,-0.06987447431128352,-0.07475605256148857,-0.63,76993961.0,34398061.0,70109826.0,-0.13,-1.13,0.10722152326485701,-0.6807201200536777
2023,2420,新巨,537739.0,0.43056761737571575,0.24686325522232905,0.2728052084747433,0.97,1526487.0,1769603.0,530540.0,1.04,1.33,-0.013387535588826549,0.9481513783228439
2023,3050,鈺德,275385.0,0.4113114367158705,0.1322221617008915,0.0976015396626541,0.14,1459845.0,417603.0,328162.0,0.25,0.32,0.19164805635746318,0.21940080254257058
2023,6153,嘉聯益,2789887.0,-0.0989459429718838,-0.23348185786736164,-0.2112383046338436,-1.07,5561777.0,2700932.0,2925478.0,-2.55,1.34,0.04860089315445393,-1.111107138893932
2023,4545,銘鈺,515441.0,0.21509348305625667,0.06940464573054918,0.08479146982874859,0.57,770000.0,461136.0,502999.0,0.77,0.8,-0.024138553200075297,0.5538964224985807
2023,6505,台塑化,159397250.0,-0.02271642703998971,-0.04057243773026197,-0.007327541723586825,-0.13,95259597.0,165846310.0,192658407.0,1.81,-0.66,0.20866832395163648,-0.1481963560786712
2023,1467,南緯,1088752.0,0.1662325304568901,-0.0532793510367834,-0.0553404264699399,-0.3,2336247.0,75677.0,1410525.0,0.09,0.0,0.2955429702999397,-0.3341215849459067
2023,2537,聯上發,133671.0,0.20147975252672606,0.017004436265158487,-0.139686244585587,-0.07,3005579.0,512180.0,160560.0,-0.01,0.07,0.2011580671948292,-0.07462130734431485
2023,4919,新唐,8953034.0,0.40451102944543715,0.051177176362783836,0.04945519027404565,1.05,4197653.0,5383455.0,8969569.0,1.43,2.26,0.0018468599583112422,1.056761341566779
2023,8110,華東,1742713.0,-0.008492505650672257,-0.06509103908675726,-0.044791081491903716,-0.08,5177399.0,4102741.0,1721061.0,0.04,0.52,-0.012424306239753768,-0.1488936500809331
2023,6108,競國,1456326.0,0.09028198356686622,-0.014843517179532605,0.05112797546703142,0.46,1598993.0,1564952.0,1667657.0,0.62,0.39,0.14511242675060387,0.5332351435148448
2023,2480,敦陽科,1894368.0,0.22985291136674607,0.11184891214378621,0.1006652350546462,1.79,1063603.0,1631308.0,1688867.0,1.73,1.71,-0.10847997854693492,1.5984365739005546
2023,3413,京鼎,3291721.0,0.25546909959865977,0.14908827327710944,0.18511167866292436,6.27,971595.0,5558896.0,2976729.0,4.87,8.21,-0.09569219262507367,5.671368235886435
2023,9928,中視,221649.0,0.079197289408028,-0.10569864966681555,-0.05465397994125848,-0.2,607246.0,-196374.0,231095.0,-0.15,-0.17,0.0426169303718944,-0.2079925021247588
2023,5521,工信,1356090.0,0.09186779638519567,0.05998126967974102,0.06662905854331203,0.19,4922802.0,348100.0,1479732.0,0.06,-0.01,0.09117536446696017,0.2002785203557084
2023,6504,南六,1636407.0,0.12040036494588449,0.04340729415114944,0.049975342320095185,1.13,726000.0,2685284.0,1470988.0,0.43,0.49,-0.10108671009107151,1.0125775323519584
2023,3029,零壹,3171231.0,0.12069445587533674,0.050990609009561275,0.048308369841238305,0.98,1535797.0,927776.0,3792097.0,1.26,1.25,0.19578075517046845,1.1928010300179661
2023,3419,譁裕,343918.0,0.16339650730697433,-0.16352735245029337,0.07112160456853087,0.22,1204804.0,109356.0,365509.0,-0.27,0.6,0.06277949976447883,0.2157661043973887
2023,1903,士紙,43332.0,0.4974845379857842,-0.3070479091664359,-0.5143542878242408,-0.09,2600391.0,-7517.0,41896.0,0.63,1.2,-0.03313948121480659,-0.08286979628326814
2023,3040,遠見,36934.0,0.7314127903828451,0.47108355444847566,0.430930849623653,0.25,630000.0,592692.0,42120.0,0.39,0.77,0.1404126279309037,0.28810805374838516
2023,3209,全科,13369812.0,0.042536948163519425,0.021754083004308512,0.007928832507143706,0.47,2300292.0,1176782.0,14305317.0,1.0,1.4,0.06997144013692935,0.49308723611869915
2023,2548,華固,1605573.0,0.3783920133186096,0.28545883619119156,0.18922154271403419,1.1,2768127.0,15823810.0,2884859.0,2.24,0.98,0.7967784709882391,1.9720102094032028
2023,2404,漢唐,17620338.0,0.1115549542806727,0.0886458591202961,0.07201558789621403,6.6,1905867.0,7542224.0,17546418.0,6.96,8.45,-0.0041951522155817544,6.630135301900457
2023,6136,富爾特,130435.0,0.19445700923831793,-0.040962931728447116,-0.0018706635488940852,0.0,1155364.0,345608.0,127774.0,1.01,0.93,-0.02040096599839003,-0.0020688039812249027
2023,3057,喬鼎,132550.0,0.3661033572236892,-0.2782270841192003,-0.2457789513391173,-0.35,926787.0,-93978.0,148835.0,-0.1,0.0,0.1228592983779706,-0.3947024529105126
2023,3501,維熹,1371068.0,0.21360647320191267,0.0897935040421044,0.1048022417560617,1.22,1182579.0,3682040.0,1356711.0,1.4,2.82,-0.010471398938637577,1.2023412745796116
2023,3563,牧德,578553.0,0.6279683970180778,0.3090607083534266,0.2794177888629045,3.62,581462.0,2405476.0,415071.0,1.89,3.09,-0.28257048187460787,1.9945967413367454
2023,2536,宏普,84808.0,0.5649467031412131,0.29474813696821056,-1.0325676822941232,-0.26,3328087.0,5933509.0,45455.0,-0.33,-0.21,-0.46402462031883784,-0.14102805605346064
2023,5434,崇越,12055351.0,0.13094193607469412,0.060797897962489855,0.05540062665948092,3.69,1907948.0,8336833.0,12492338.0,4.25,4.91,0.03624838463848956,3.627370104646702
2023,6796,晉弘,142352.0,0.5845650219175003,0.20770343936158256,0.2004538046532539,0.86,332907.0,103557.0,122402.0,0.5,0.7,-0.14014555468135326,0.7370210478352088
2023,2354,鴻準,16798647.0,0.08160508402849348,0.01867537308212977,0.09064789563111839,0.97,14144852.0,85227351.0,22332828.0,0.75,1.1,0.32944206756651284,1.431208938553559
2023,2254,巨鎧精密-創,90945.0,0.25847490241354665,-0.28951564132167795,-0.2567485843091979,-0.38,603557.0,38469.0,175755.0,-0.33,,0.9325416460498104,-0.7476484811751513
2023,8101,華冠,40125.0,-0.2661433021806854,-1.4265919003115264,-1.3358504672897196,-0.74,728311.0,-565764.0,32661.0,-0.8,-1.36,-0.18601869158878503,-0.5990601832479466
2023,6770,力積電,11008926.0,0.16818534342042085,-0.006019115761155993,0.05604306905142246,0.15,40692767.0,28473045.0,10402449.0,-0.08,1.6,-0.05508957004525239,0.14326505926984529
2023,6835,圓裕,497238.0,0.24001785865118916,0.08520467060039659,0.101040145765207,0.76,661723.0,471474.0,594926.0,1.23,4.08,0.19646125195580377,0.9084074417771718
2023,3059,華晶科,2208835.0,0.2541461901862294,0.042494346567308106,0.04355599218592607,0.33,2788000.0,4396055.0,2295289.0,0.39,0.46,0.03914008968528648,0.3585853290833646
2023,3515,華擎,4086598.0,0.20094636174147787,0.03524080420927138,0.03873001454999978,1.29,1219894.0,3244559.0,4913357.0,2.53,1.47,0.20230984305282784,1.559925600907483
2023,3047,訊舟,1054049.0,0.2452011244259043,-0.05843276735711528,-0.038112080178435724,0.09,2117953.0,114323.0,1069124.0,0.02,0.64,0.0143019916531395,-0.19238642032514375
2023,4930,燦星網,1433824.0,0.21171636128283527,0.0756187649251233,0.06603599883946705,0.49,800000.0,715745.0,2199565.0,2.24,1.12,0.5340550862588436,1.8156308973416544
2023,9930,中聯資源,3248269.0,0.12605790961278146,0.09123628615733488,0.07180655296713419,0.91,2485404.0,3007965.0,3034529.0,0.86,0.86,-0.06580120057790784,0.8767148816401871
2023,1326,台化,75168838.0,0.005096939239635446,-0.04195161298090041,0.022474326395733296,0.29,58611863.0,183452057.0,86824127.0,1.28,0.43,0.15505479810663036,0.33292130114045343
2023,2836,高雄銀,,,,,0.2,12742981.0,4587735.0,981370.0,0.18,0.18,,
2023,2414,精技,5858931.0,0.08495781909703323,0.02118304516643053,0.018396359335858366,0.61,1617358.0,950894.0,6071540.0,0.63,0.97,0.036288019094268265,0.6905968348506485
2023,4755,三福化,1260361.0,0.18458917722779425,0.08812475155927547,0.08531285877617603,1.07,1007060.0,2674681.0,1215279.0,1.09,1.62,-0.03576911694347884,1.0295208398769926
2023,2906,高林,1950427.0,0.3024799184998977,0.05194349750080367,0.04252453437119154,0.12,2091111.0,922475.0,2002405.0,0.15,0.24,0.02664954904746497,0.4072062183573507
2023,1730,花仙子,623426.0,0.47997837754601186,0.11120485831518095,0.09637551208964656,0.86,632339.0,920336.0,635519.0,0.81,1.06,0.019397651044390285,0.9686017953613504
2023,2461,光群雷,1379720.0,0.21619821413040327,-0.005438784680949758,-0.01910387614878381,0.23,1600309.0,847065.0,1436805.0,0.26,0.43,0.0413743368219639,-0.17152027995814134
2023,4133,亞諾法,98755.0,0.4374664573945623,0.10262771505240241,0.12194825578451723,0.2,605536.0,198134.0,93897.0,0.16,0.44,-0.0491924459521037,0.18909817704312898
2023,6515,穎崴,1016608.0,0.3477535097107243,0.16357829173093266,0.1334772104882118,3.96,345340.0,1159891.0,984228.0,3.7,10.79,-0.03185101828826842,3.804135284774185
2023,1608,華榮,2260920.0,0.04737319321338216,0.026927976222068894,0.08364515330042638,0.53,6327735.0,1722599.0,2422629.0,0.17,0.02,0.07152353909028175,0.32024282637477497
2023,2464,盟立,2000865.0,0.18667476316493117,-0.005413158808815187,0.007710165353484618,0.08,1955312.0,1898238.0,2404189.0,0.01,0.7,0.20157481889082973,0.09480172336194341
2023,3715,定穎投控,3653996.0,0.1996014773962533,0.05912595416086936,0.06672749504925567,0.86,2776118.0,710816.0,4226650.0,1.51,1.66,0.15671993072789348,1.0159285986760522
2023,1722,台肥,6031135.0,0.5026027439279671,0.40196414107792316,0.43038167774390723,2.65,9800000.0,38958416.0,2918208.0,0.62,0.64,-0.5161428155728565,1.2815747500466244
2023,6861,睿生光電,450547.0,0.2540889185811913,0.012220700615030174,0.10954683973037219,1.28,393874.0,423034.0,405547.0,0.77,,-0.09987859202258587,1.1279341162943797
2023,2328,廣宇,6217119.0,0.10402776591537012,0.044178501328348385,0.057828553707915197,0.63,5183462.0,7491088.0,6904738.0,0.63,0.95,0.11060090694741409,0.7703172363800158
2023,2444,兆勁,396399.0,0.05144059394700794,-0.1483631391602905,-0.10660723160250152,-0.42,1015696.0,-160675.0,502955.0,0.45,0.5,0.26880996168002436,-0.5279004758376142
2023,5283,禾聯碩,1976147.0,0.3527075667953852,0.14279352699976267,0.12503118442099703,3.38,730004.0,2674338.0,1613627.0,2.29,2.95,-0.18344789127529482,2.763734103151492
2023,2376,技嘉,26133800.0,0.1182224934758818,0.03759150984548745,0.03402666278918489,1.4,6356889.0,24145685.0,36900412.0,2.33,1.84,0.4119803472897168,1.975176656232304
2023,8104,錸寶,653648.0,0.09065276723863609,-0.03144352923897878,-0.027135400093016425,-0.31,746517.0,527202.0,669605.0,-2.41,0.12,0.024412221868651107,-0.24339699670984405
2023,6782,視陽,535625.0,0.3949031505250875,0.16431271878646442,0.10393465577596266,0.9,630000.0,892439.0,649958.0,1.59,,0.21345717619603266,1.072272396806875
2023,2427,三商電,770298.0,0.3750327795216916,0.046478116261498795,0.05880191821866343,0.25,1843145.0,514506.0,988535.0,0.33,0.33,0.28331502872914127,0.31537266045962986
2023,8926,台汽電,1475943.0,0.05088814405434356,-0.08349509432274824,0.19194101669237904,0.34,7302820.0,5247658.0,1375093.0,0.09,0.32,-0.06832919699473494,0.3614175735764726
2023,2103,台橡,7742090.0,0.09039200009299814,0.012085496293636472,0.01525660383694842,0.05,8257099.0,8413017.0,7688862.0,0.19,0.47,-0.006875146116875452,0.14206674946124165
2023,2542,興富發,7723944.0,0.4019828471050541,0.29088455328003415,0.2129907984832619,0.32,18841415.0,18988124.0,20173036.0,0.41,0.12,1.611753270091031,2.2804396832571165
2023,8422,可寧衛*,1243455.0,0.41153479619286587,0.3093372900507055,0.24334857312890293,2.83,1090504.0,3322896.0,680517.0,1.36,3.1,-0.45272084635149645,1.5185899450158977
2023,1210,大成,27597963.0,0.13590618988800007,0.057837710703503735,0.0470433633090964,1.27,8947673.0,7946491.0,28426482.0,1.51,0.55,0.030021020029630474,1.4945531875443918
2023,6213,聯茂,5430318.0,0.10701325410408746,0.010759038420954353,0.007658483352172009,0.12,3629572.0,6587785.0,6652727.0,0.64,0.76,0.22510817966829944,0.14037412393539853
2023,2022,聚亨,2222077.0,0.105505344774281,0.022825041616469637,-0.008849378306872354,-0.06,3371682.0,58156.0,2409805.0,-0.06,-0.17,0.08448312097195543,-0.06324818322366264
2023,3338,泰碩,854569.0,0.20318897596332186,0.05438765038282456,0.0756182356252099,0.74,879081.0,618845.0,1042258.0,0.98,0.91,0.21963001232200097,0.8965466325203254
2023,6184,大豐電,519821.0,0.5257502101685003,0.3411251180694893,0.3003668570527162,1.05,1582306.0,858253.0,517299.0,0.8,0.63,-0.004851670094128568,0.9819812020336967
2023,1808,潤隆,4458545.0,0.481580201612858,0.3892967324541975,0.30378924066034996,3.01,4510261.0,3298418.0,16942498.0,9.2,-0.25,2.800006055787258,11.411642479913022
2023,2426,鼎元,591192.0,0.09452597464106416,-0.06827900242222493,-0.09603648222574054,-0.17,3006223.0,667973.0,564231.0,-0.07,-0.2,-0.04560447367352738,-0.18024863891571521
2023,3432,台端,4920.0,0.30630081300813006,-1.7892276422764228,-0.7882113821138211,-0.06,665860.0,-513693.0,4295.0,-0.09,1.11,-0.1270325203252033,-0.050842037157643676
2023,1456,怡華,923458.0,0.31920996948426456,0.2382956236233808,0.13305098878346389,1.31,937200.0,635645.0,400314.0,-0.12,-0.3,-0.566505460995519,0.5683117106686253
2023,6283,淳安,374744.0,0.1640613325363448,-0.015351813504685865,-0.024664837862647566,-0.13,1479063.0,-175722.0,346713.0,-0.26,-0.23,-0.07480039707106723,-0.057817820673440726
2023,6226,光鼎,151546.0,0.2787734417272643,-0.14356037110844233,-0.09781188550011218,-0.13,1166198.0,94275.0,235834.0,-0.25,0.07,0.5561875602127406,-0.19779975788874146
2023,2514,龍邦,3616767.0,0.11147856635497946,0.05095655871666602,0.04942922781589193,0.75,3947293.0,7496035.0,6196792.0,0.5,0.45,0.713351177999578,0.7759815232760695
2023,2387,精元,5864121.0,0.14262376236779561,0.07085989528524395,0.08782560932832048,2.63,1952510.0,7632180.0,5952677.0,2.45,3.2,0.01510132550129839,2.677566233513164
2023,6552,易華電,444456.0,0.042629641629317636,-0.039994960131036594,0.080883147038177,0.43,830000.0,755716.0,503243.0,0.27,0.0,0.13226731104991263,0.4904081634329315
2023,2338,光罩,1799891.0,0.26233810825211085,0.09098050937528995,0.02399256399415298,0.49,2564465.0,2234974.0,1955017.0,-0.43,2.82,0.08618633017221589,0.18290704097017108
2023,1234,黑松,2300026.0,0.29630099833654056,0.05922454789641508,0.08863421543930373,0.51,4018711.0,13780615.0,3122070.0,0.94,0.98,0.35740639453640966,0.6885845361773639
2023,6605,帝寶,4433501.0,0.31223946943961445,0.14378771990803657,0.1415053250241739,4.01,1658164.0,11729718.0,4592533.0,3.74,3.22,0.03587052309224692,3.919201447198495
2023,1538,正峰,55770.0,0.17172314864622557,-0.17803478572709341,0.35203514434283667,0.48,758390.0,-439655.0,50145.0,-0.75,-0.14,-0.10086067778375474,0.23276681276218758
2023,6464,台數科,1031524.0,0.5230038273467219,0.3315337306742257,0.2334846305078699,1.86,1276131.0,3185884.0,1038924.0,1.91,1.61,0.007173851505151596,1.9008454952176401
2023,2027,大成鋼,26368599.0,0.1985463467361311,0.09785423184599228,0.07736474736484862,0.52,24342606.0,16632984.0,24232192.0,0.55,0.87,-0.08102087638406574,0.770138337767331
2023,3535,晶彩科,49341.0,0.3103098842747411,-1.0784337569161548,-0.7146997426075677,-0.45,790523.0,215933.0,190809.0,0.67,1.36,2.8671490241381408,-1.725074959074023
2023,4104,佳醫,2022413.0,0.2060662189176988,0.08869701688033058,0.10840169638941205,1.17,1556167.0,3088173.0,2018294.0,1.06,1.26,-0.002036675990512271,1.4059319688219323
2023,6691,洋基工程,4569269.0,0.16923954356812873,0.13578495816289213,0.1090736833397202,4.35,882792.0,2030149.0,4191782.0,5.76,8.17,-0.08261430876580045,5.179171339309136
2023,4551,智伸科,1839572.0,0.20559619302750856,0.08592324736406078,0.07190368194340857,1.15,1152225.0,3094653.0,1803469.0,1.52,3.68,-0.019625760774788947,1.1254404423684359
2023,2471,資通,195038.0,0.4037725981603585,0.1395933100216368,0.4236559029522452,1.75,472539.0,203616.0,183245.0,0.87,1.02,-0.060465140126539474,1.6428871677572467
2023,6277,宏正,1234720.0,0.5997254438253207,0.13487673318647142,0.09209132434884022,0.95,1194711.0,3411732.0,1217012.0,1.03,1.71,-0.014341713100946007,0.9381034143690878
2023,8481,政伸,235283.0,0.4015079712516416,0.10611051372177335,0.1314544612232928,0.46,666019.0,782230.0,242676.0,0.58,1.21,0.03142173467696341,0.478977969574799
2023,5515,建國,978798.0,0.1018473678940905,0.01874850582040421,0.09841458605350645,0.39,2520001.0,1770528.0,895056.0,0.31,0.21,-0.08555595740898536,0.3495497253164077
2023,2442,新美齊,1219160.0,0.2389768365103842,0.12905114997211195,0.1603850191935431,0.77,2562888.0,1395998.0,39285.0,0.22,-0.14,-0.967776993995866,0.024584474542072618
2023,2459,敦吉,1728408.0,0.15869979773294268,0.06855441539266192,0.07761361900662343,1.2,1055956.0,3712503.0,2253961.0,1.66,2.18,0.3040676738362702,1.65667954261151
2023,3593,力銘,188666.0,0.03889413036795183,-0.11303573510860462,-0.13836091293608813,-0.28,930425.0,-482016.0,255650.0,-0.12,-0.06,0.35504012381669203,-0.3801700017960709
2023,1201,味全,5244647.0,0.2652485477096933,0.019906010833522256,0.0069425072840936675,0.07,5060629.0,2376175.0,5956411.0,0.13,0.28,0.13571247025776945,0.08171400581737101
2023,3024,憶聲,407194.0,0.2686139776126367,0.05767029966060404,0.05562704754981655,0.09,2771575.0,478039.0,351594.0,0.15,0.1,-0.13654425163435613,0.070566865974149
2023,2329,華泰,3998666.0,0.1853000475658632,0.10471092109218424,0.12863239890503483,0.73,7354883.0,2419213.0,4702076.0,0.82,0.65,0.17591116637398563,0.8223642928293904
2023,4960,誠美材,2529209.0,0.05348114766316267,-0.033045509485376656,-0.06933353471381765,-0.31,5728818.0,3505815.0,2598173.0,0.05,0.36,0.027267023009960756,-0.3144462223935264
2023,2945,三商家購,3448955.0,0.2535205591258802,0.004075437342615372,0.0030038083999356325,0.26,675000.0,97316.0,3761572.0,0.59,0.23,0.09064107823964074,0.16739320845278038
2023,4106,雃博,703610.0,0.41026705134946917,0.09457654098150964,0.07249186339023038,0.51,1009116.0,1082466.0,564869.0,0.23,0.59,-0.19718451983343044,0.4057849284064076
2023,1522,堤維西,4801378.0,0.253204809119382,0.07346120217987419,0.06014898222968489,0.68,3428979.0,2848946.0,4955085.0,1.18,0.96,0.032013101238852704,0.8691896906092985
2023,2316,楠梓電,931204.0,-0.060390634060850254,-0.16411871083027993,0.003205527467665517,0.02,1827405.0,6389882.0,902358.0,0.68,0.96,-0.030977100613828967,0.015828638723587387
2023,3346,麗清,2048780.0,0.1452054393346284,0.04775915422837006,0.031141459795585667,0.6,1081217.0,552914.0,2332190.0,0.88,0.6,0.13833110436454876,0.6717227080287023
2023,1443,立益物流,180642.0,0.48581725180190655,0.33232027989061236,-0.0633628945649406,0.19,1353430.0,-330884.0,224014.0,0.82,0.66,0.2400992017360304,-0.10487557881139478
2023,2516,新建,1867715.0,0.04188808249652651,0.02240224017047569,0.027316266132680844,0.22,2262785.0,-865353.0,2313045.0,0.32,-0.03,0.2384357356448923,0.2792300320042194
2023,1437,勤益控,169045.0,0.6263006891656068,0.48818361974622143,0.7642284598775474,0.63,2033713.0,4478276.0,334688.0,1.0,0.57,0.9798751811647786,1.2576902187255359
2023,3043,科風,404937.0,0.25283933056253194,0.11154327710236407,0.13914263206375313,1.5,389756.0,-7537.0,394500.0,0.0,-0.14,-0.025774379718326523,1.4083623689988252
2023,3712,永崴投控,3224512.0,0.12500031012444673,0.0292841211321279,0.017823162078478852,0.06,2462421.0,503102.0,4222357.0,1.13,0.86,0.3094561285552666,0.3056169240117743
2023,9907,統一實,9893828.0,0.11572740096148831,0.05399103360195871,0.03417383039203835,0.23,15791453.0,4764800.0,8483827.0,0.06,0.48,-0.14251319105203775,0.18359606615895038
2023,1795,美時,4441843.0,0.5866269924443525,0.36325011937612384,0.2849808063905005,4.85,2625913.0,7292924.0,4573171.0,4.76,7.99,0.02956610578086627,4.963096490027094
2023,1909,榮成,11948639.0,0.08581964858089695,-0.005272315951632651,-0.027533512394173093,-0.25,13276857.0,5697327.0,11629457.0,-0.08,-0.38,-0.026712833151959825,-0.24117138449785447
2023,6526,達發,3516076.0,0.4537788716739911,0.07553619432571992,0.0777312549558087,1.88,1455057.0,3186826.0,3843337.0,5.62,,0.09307563317743983,2.0531663586243902
2023,6142,友勁,804525.0,0.08515956620366054,-0.024578477983903547,-0.012381218731549673,-0.03,3307792.0,13272.0,415030.0,-0.03,0.25,-0.48413038749572734,-0.015534765215452063
2023,1301,台塑,48446828.0,0.019179377440355846,-0.051041876260712056,0.025286567781073303,0.19,63657408.0,207101782.0,50735787.0,1.05,0.91,0.04724682903904465,0.2015372534335042
2023,4526,東台,2008631.0,0.21363605361064328,-0.0035003940494794713,0.009686697058842566,-0.07,2548265.0,1273905.0,1963891.0,0.04,0.39,-0.022273877083446414,0.07465321374969787
2023,5533,皇鼎,1063243.0,0.32827114779970334,0.2747180089593818,0.21859725387329143,0.81,2852450.0,6445529.0,879780.0,0.69,0.68,-0.1725503953470655,0.6742186261376863
2023,3701,大眾控,3331813.0,0.16251092123117353,0.05667364885124105,0.08179660743265003,0.7,2181027.0,1089263.0,3816666.0,0.88,0.65,0.1455222727085823,1.431391406450001
2023,4583,台灣精銳,702511.0,0.5625776678229949,0.3477924189087431,0.3625537536067051,3.17,801714.0,7267761.0,646266.0,3.79,3.74,-0.08006280328706594,2.9225654551172977
2023,4989,榮科,927992.0,-0.02684182622263985,-0.06240140001206907,-0.041668462659160854,-0.29,1377765.0,565902.0,895365.0,-0.13,0.03,-0.035158708264726446,-0.27078988847023666
2023,1725,元禎,1825088.0,0.048324793105866674,0.018019405091699688,0.021756759126135287,0.22,1818300.0,920640.0,1919302.0,0.68,0.98,0.051621620436932414,0.2296529247335957
2023,1417,嘉裕,327753.0,0.3704039322294533,-0.035621336799358055,0.018642087181505586,0.03,1899419.0,457373.0,313988.0,-0.02,0.27,-0.041998090025110346,0.03081674801582261
2023,1733,五鼎,417281.0,0.29479655196378457,0.057064663859605395,0.06493466033679943,0.27,999502.0,662770.0,412491.0,0.38,0.64,-0.011479075251449311,0.26798308534636983
2023,9943,好樂迪,682654.0,0.5276069575509702,0.2082079647962218,0.288068333299153,2.32,1252200.0,2563876.0,684420.0,2.37,1.2,0.0025869620627727574,1.5745066976250304
2023,1475,業旺,313567.0,0.23343017600704155,0.1910309439449942,0.27928959361157263,3.36,660168.0,282378.0,290560.0,2.22,4.3,-0.07337187905615072,1.2292383805300855
2023,2528,皇普,30741.0,0.1059497088578771,-0.7716404801405289,-0.7121108617156241,-0.06,3799974.0,384040.0,63.0,-0.09,-0.03,-0.9979506196935688,-0.00011806129275643549
2023,6183,關貿,517479.0,0.49209146651361696,0.30947342790721943,0.2736613466440184,0.94,1500000.0,956746.0,544998.0,0.86,0.75,0.05317896958137425,0.994299243988645
2023,8103,瀚荃,758308.0,0.308172932370488,0.06927791873486763,0.08594660744710593,0.84,789534.0,1696678.0,821046.0,1.4,1.31,0.08273419243895619,0.8937692139669291
2023,6155,鈞寶,144880.0,0.19148260629486472,-0.015281612368856985,0.21858779679734952,0.36,876390.0,399078.0,122592.0,0.42,0.92,-0.15383765875207067,0.30576701223177666
2023,2885,元大金,,,,,0.72,126890824.0,104951834.0,27689862.0,0.67,0.65,,
2023,3652,精聯,676994.0,0.2855461052830601,0.010647066296008532,0.025746166140320298,0.23,750975.0,128601.0,518106.0,0.26,0.35,-0.23469631931745338,0.17762566202998487
2023,2482,連宇,463937.0,0.44681497703351963,0.22698987146961763,0.20836449776586044,1.24,778827.0,330132.0,244452.0,0.07,0.77,-0.4730922517496988,0.6539978481467659
2023,1321,大洋,1167502.0,0.019221380348813107,-0.0551716399629294,0.01621067886821607,0.09,2272283.0,3116142.0,1110887.0,0.22,0.39,-0.04849242228278838,0.07925171475505449
2023,3714,富采,5843987.0,0.04772700555288709,-0.17879317664464345,-0.17754300274795273,-1.22,7547840.0,-1634346.0,6159490.0,-0.88,-0.56,0.05398762865146689,-1.4488573552115407
2023,3090,日電貿,2557921.0,0.16152883533150555,0.0843305950418328,0.07426812634166575,0.89,2126572.0,2142490.0,2879403.0,1.28,4.58,0.1256809729463888,1.00559899120543
2023,1713,國化,104844.0,0.06391400557018045,-0.08610888558238908,0.8895788027927206,0.62,1509517.0,1049909.0,118734.0,0.76,0.77,0.13248254549616578,0.6997155353056036
2023,4736,泰博,1188358.0,0.3539749806034882,0.12998019115451742,0.13925264945412072,1.83,953686.0,5292876.0,1000562.0,3.43,8.5,-0.15802981929687854,1.4609725784284755
2023,1702,南僑,5718733.0,0.2786132872438703,0.06534471883894562,0.05061260947136367,0.97,2941330.0,3925150.0,5819399.0,1.13,0.4,0.01760285014180596,1.001366623075426
2023,1727,中華化,421902.0,0.14339822992069248,0.03498679788197259,0.0352996667472541,0.15,1168246.0,421685.0,434593.0,0.06,-0.09,0.03008044522187614,0.13131641855131024
2023,1598,岱宇,1499737.0,0.3413451825220022,-0.12172734286078159,-0.034334019898155474,-0.28,1596097.0,525038.0,1671186.0,0.26,0.6,0.11431937733082531,-0.3594927712884546
2023,2030,彰源,3463111.0,0.043562276808337935,-0.006523902930053354,-0.029370990418730442,-0.36,2805260.0,1753852.0,3164520.0,0.05,0.02,-0.08622045322832561,-0.33132432145284524
2023,3011,今皓,312007.0,0.15755736249507224,-0.0636684433362072,0.05380007499831735,0.15,1127192.0,-269019.0,295278.0,-0.2,0.02,-0.05361738678939898,0.14093409592467965
2023,6215,和椿,250598.0,0.29159450594178726,-0.021348933351423394,0.1193425326618728,0.36,827897.0,404697.0,223327.0,0.22,0.71,-0.10882369372461076,0.32192905387721016
2023,2415,錩新,525254.0,0.2452565806257544,0.05676491754465458,-0.0209232104848321,-0.25,900000.0,442571.0,608479.0,-0.22,-0.72,0.15844715128299836,-0.14145926880666834
2023,8201,無敵,154691.0,0.13246407354015424,-0.1450698489246304,-0.10797008229308751,-0.27,623663.0,-38717.0,116481.0,-0.13,-0.25,-0.24700855253376086,-0.20165479041695797
2023,1307,三芳,2291749.0,0.23865440761619183,0.07719824465942823,0.08246278279165825,0.47,3978181.0,4486840.0,2770161.0,0.79,0.46,0.20875410003451522,0.5742201896819749
2023,2912,統一超,77586335.0,0.3367701928438816,0.0451477441227247,0.04000535661337786,2.46,10396223.0,22048325.0,82531463.0,2.92,2.58,0.06373710009629918,3.1758655130221816
2023,2493,揚博,810447.0,0.36593015952924746,0.23919762797567268,0.20130866052931284,1.43,1144373.0,1119068.0,842062.0,1.8,1.36,0.03900933682276575,1.4812860256457836
2023,2498,宏達電,1143924.0,0.4138133302562058,-0.9690844846335945,-0.7872918130924782,-1.09,8314380.0,3353001.0,1099234.0,-1.1,-1.19,-0.03906728069347265,-1.0408688667981223
2023,3028,增你強,7877363.0,0.06709301069406094,0.025746687057585132,0.014732087374924832,0.52,2266195.0,1589563.0,9105274.0,0.87,0.65,0.1558784329222862,0.5919159301853164
2023,2458,義隆,3041422.0,0.44141589033024686,0.18459293054367332,0.14856603259922496,1.74,3038804.0,5085886.0,3501909.0,2.69,1.83,0.15140516508396407,1.7120706918034834
2023,6706,惠特,406848.0,0.03267313591316659,-0.2983792472864559,-0.1889329675947774,-1.05,735369.0,1901255.0,271200.0,-0.11,3.33,-0.33341198678621986,-0.696774283546133
2023,1617,榮星,674959.0,0.06238304845183189,-0.034412460608718456,0.02979292075518661,0.15,1577390.0,453016.0,757111.0,0.12,0.04,0.12171405966880955,0.1429991823574391
2023,2492,華新科,8223217.0,0.1725098583680815,0.045608306335586185,0.1282052997020509,1.74,4858043.0,34209595.0,8681018.0,2.18,1.05,0.055671764468820495,2.2909482571663085
2023,1446,宏和,36870.0,0.08044480607540005,-0.2945212910225115,-0.16680227827502034,-0.05,1377095.0,33120.0,26035.0,-0.05,-0.04,-0.2938703553024139,-0.0315352050141069
2023,2247,汎德永業,15248470.0,0.10967119979906181,0.043569158086024365,0.035636362205519634,6.73,807087.0,6872151.0,13149039.0,5.52,4.38,-0.13768141984081028,5.805866238193698
2023,1533,車王電,1103558.0,0.16047185557986077,-0.07967501481571426,-0.056991114196082125,-0.43,985475.0,1401355.0,1044937.0,0.04,0.22,-0.05311999913008647,-0.6042986772339376
2023,1455,集盛,1735422.0,-0.07751774496347286,-0.13299819870901716,-0.08568636331681861,-0.28,5316884.0,639523.0,1925056.0,-0.16,-0.42,0.10927255733763896,-0.31024007260873393
2023,2616,山隆,4068678.0,0.07051307574597941,-0.009491043528143539,0.007234536623443782,0.19,1372818.0,1731417.0,4168861.0,0.1,0.14,0.024622985647918094,0.2196924689401397
2023,2428,興勤,1816449.0,0.36112877377784897,0.19745778714403764,0.17233679558303042,2.43,1281127.0,7235133.0,1763407.0,2.6,3.12,-0.029200929946285314,2.3721294741948684
2023,1714,和桐,4714262.0,0.084715062506072,0.023532209283234577,0.04490480164233553,0.17,10168248.0,2889992.0,5089588.0,0.19,0.11,0.07961500654821485,0.22476530822341392
2023,6668,中揚光,224622.0,-0.07975176073581394,-0.43345264488785606,-0.392120985477825,-1.1,782451.0,-158221.0,212097.0,-0.7,-0.25,-0.05576034404466168,-1.0629123696805325
2023,1731,美吾華,315303.0,0.6595528745365569,0.15416282115932928,0.15232014918982692,0.36,1329152.0,542725.0,303646.0,0.3,0.34,-0.036970786830445634,0.34797678535558146
2023,9941,裕融,10336010.0,0.5515987310383794,0.21822898778155206,0.17290250299680437,2.77,6482250.0,13339590.0,10711470.0,3.04,3.23,0.036325429251713226,2.8570943326394076
2023,2357,華碩,115703513.0,0.1398134557936888,0.014815859566856885,0.026646451089173066,3.48,7427603.0,148315685.0,135051876.0,14.94,8.34,0.1672236434169463,4.844972474074161
2023,1529,樂事綠能,121649.0,0.1765818050292234,0.03314453879604436,0.6725908145566343,0.55,1505778.0,161437.0,237550.0,-0.3,0.11,0.9527493033234964,1.0610724024253808
2023,4119,旭富,313115.0,0.2547402711463839,0.11608195072098111,0.6372035833479712,1.78,1073052.0,1538947.0,257849.0,0.33,0.51,-0.17650384044201017,1.5311681704399325
2023,1439,雋揚,20510.0,0.5987323256947831,-0.11331058020477816,2.7166747927840076,0.56,920000.0,1450151.0,36832.0,0.27,0.75,0.7958069234519747,1.0876148474763105
2023,4766,南寶,5083350.0,0.30010288490857406,0.1304291461339471,0.09514336018570431,3.78,1205707.0,7645906.0,5451354.0,5.35,3.08,0.07239399215084541,4.301709595463739
2023,1568,倉佑,264144.0,0.5111037918711007,0.39365270458537766,0.20134472106123932,0.52,1030865.0,471156.0,305872.0,2.21,0.47,0.15797443818523238,0.5974178240646777
2023,8150,南茂,5444124.0,0.1727714137297387,0.09576710596599196,0.11545071346648239,0.86,7272401.0,10392338.0,5581557.0,0.8,0.92,0.025244281724663198,0.8860825164946751
2023,6141,柏承,709464.0,0.015101541445372844,-0.1290030219997068,-0.08176313385880045,-0.46,1133540.0,879376.0,716572.0,-0.64,-0.17,0.010018831117576177,-0.5168690329010741
2023,3504,揚明光,817141.0,0.10875846396154397,-0.1082860852655784,-0.08230892832448745,-0.59,1140598.0,510442.0,746587.0,-0.59,0.57,-0.08634250392527121,-0.5387592812804697
2023,4956,光鋐,293139.0,0.03457404166624025,-0.11556633542449145,-0.07771057416447487,-0.23,1004082.0,420404.0,280320.0,-0.15,-0.15,-0.043730107559894815,-0.21695268065542056
2023,6024,群益期,399838.0,,-0.2521621256608927,0.6243328548061965,1.18,2104376.0,2899764.0,751259.0,1.32,1.07,0.8789084579254598,2.2288587028594145
2023,6112,邁達特,3573174.0,0.14475365599324297,0.03982621613165214,0.045924155946505826,0.86,1883573.0,1109500.0,3615400.0,0.72,0.73,0.011817504549176627,0.881485312270866
2023,3189,景碩,6462205.0,0.22910275981650227,0.024918893783159153,0.04112512679495621,0.04,4544991.0,20201682.0,6046171.0,-0.76,4.79,-0.06437957322616661,0.5470847995056254
2023,9958,世紀鋼,3218818.0,0.13362544884488653,0.09393106413596544,0.0672936463012199,1.0,2350890.0,1893201.0,3645063.0,1.32,0.68,0.1324228334748967,1.0433902916242934
2023,1521,大億,1096336.0,0.14314224836181608,0.033157718071831994,0.01609725485617548,0.23,762300.0,988426.0,1287842.0,0.77,0.72,0.17467820084353702,0.2719496377867866
2023,2069,運錩,3094154.0,0.01990721858058778,-0.01453903070112218,-0.030047308569644562,-0.57,1663868.0,1023206.0,3048521.0,-0.29,-0.56,-0.014748134708227223,-0.5505235461469384
2023,6579,研揚,2056104.0,0.3549800982829662,0.12745561508561823,0.17771474594670308,2.77,1601788.0,1581743.0,2063003.0,2.33,3.33,0.003355375019940654,2.28885504219214
2023,1304,台聚,12759120.0,0.11804630726883986,0.04354469587244261,-0.02969240825386077,0.03,11887635.0,11669257.0,13502831.0,0.21,0.16,0.058288581030666586,-0.33726773292996215
2023,2540,愛山林,1996113.0,0.403340392051953,0.2710703251769815,0.15235760700922243,1.07,3916067.0,1748669.0,1924596.0,0.29,-0.11,-0.035828131974492416,0.7487789177752103
2023,2102,泰豐,111527.0,-0.8039577860069759,-2.475866830453612,-2.4942300967478728,-0.61,4733292.0,-1300228.0,45579.0,-0.5,-0.27,-0.5913186941278794,-0.24018064716833717
2023,6719,力智,795666.0,0.2635829606895356,-0.021404710016514467,0.03054296652112821,0.31,810297.0,1807078.0,721898.0,0.49,3.75,-0.09271226871576765,0.27210894827044174
2023,2838,聯邦銀,,,,,0.19,39821791.0,15695758.0,4290666.0,0.31,0.34,,
2023,2466,冠西電,310194.0,0.1956130679510242,-0.03450421349220165,-0.08986311791975345,-0.17,1714587.0,107027.0,445281.0,-0.11,0.24,0.43549198243679754,-0.23337596173554173
2023,1477,聚陽,7224107.0,0.24600549244356432,0.13711701667763226,0.11439019383295403,3.33,2418566.0,4970778.0,9272068.0,5.47,4.59,0.28348984864149984,4.385382312297164
2023,9939,宏全,7218847.0,0.22075990805733936,0.13557455920592304,0.11106094920698555,2.69,2877859.0,8881876.0,7370691.0,2.97,2.58,0.021034384022822428,2.844461590270355
2023,5706,鳳凰,513096.0,0.161375259210752,0.08223607278170167,0.12880045839375087,0.91,737670.0,397036.0,758881.0,0.79,0.23,0.4790234186195177,1.3250399320334032
2023,6243,迅杰,249828.0,0.37141553388731446,0.057423507373072676,0.11694045503306275,0.66,453128.0,79227.0,230188.0,0.8,0.63,-0.07861408649150614,0.5940548688924685
2023,2855,統一證,2863536.0,,0.3579102899352409,0.40978356828759965,0.81,14558313.0,14846020.0,2620802.0,0.56,0.46,-0.08476722485765853,0.7376964592911814
2023,8374,羅昇,795431.0,0.19955596399939152,-0.001623019469947739,0.0038067412509696003,0.02,1122505.0,596234.0,780089.0,-0.16,0.03,-0.019287656628921956,0.0264550890706734
2023,2465,麗臺,814620.0,0.11155999116152317,-0.06900149763079719,-0.07022292602685914,-0.97,589460.0,-199302.0,965489.0,-0.58,-1.01,0.18520168913112856,-1.150196156257358
2023,6176,瑞儀,11814238.0,0.20666800516461578,0.13887539763461682,0.18880481331085425,4.8,4650273.0,25307670.0,11388289.0,4.09,3.96,-0.0360538699152666,4.623736667879617
2023,3002,歐格,176377.0,0.21866229723830205,0.02273539066885138,0.05751316781666544,0.12,1020000.0,281959.0,145788.0,0.06,0.02,-0.17342964218690649,0.08220323244760805
2023,4770,上品,1464950.0,0.4406716952797024,0.3304549643332537,0.256418990409229,4.75,795360.0,3904435.0,1234905.0,4.82,5.92,-0.15703266323082699,3.981254945575701
2023,2897,王道銀行,,,,,0.23,30330063.0,10901257.0,2418452.0,0.24,0.26,,
2023,1810,和成,1302563.0,0.24930771102818058,0.009240244041938855,0.0071267186308838805,0.03,3032800.0,2976654.0,1198674.0,-0.05,0.03,-0.07975737066076649,0.028167410736468296
2023,3014,聯陽,1711064.0,0.5522581271068762,0.30934962105450176,0.2556473632780539,2.72,1610801.0,2246292.0,1794353.0,2.93,1.94,0.04867672980087234,2.8477857490780414
2023,2392,正崴,17185153.0,0.12700393182417405,0.007645320352981437,0.04595106019713645,1.59,5123269.0,10583775.0,24975345.0,2.01,1.51,0.45330943518512745,2.240061143655059
2023,1802,台玻,11405510.0,0.11038603271576633,0.010616096956646393,-0.0016081700862127166,-0.01,29080608.0,19587798.0,12404442.0,0.11,-0.51,0.08758328211539856,-0.006859709590858845
2023,9942,茂順,1289616.0,0.40809202119080407,0.28271516482425774,0.21761671691418222,3.37,831613.0,2613439.0,1237629.0,3.5,2.5,-0.04031199985111844,3.238630946579508
2023,1435,中福,2251.0,0.8840515326521546,-8.952465570857397,-8.402932030208795,-0.14,1397801.0,-401356.0,2145.0,-0.24,,-0.04709018214127059,-0.12894746251288894
2023,1423,利華,25787.0,-1.0888432155737386,-1.3451739248458525,-0.04300616589754527,-0.01,1384000.0,686001.0,28721.0,0.42,0.14,0.11377826036374916,-0.008924711638319349
2023,9914,美利達,7459365.0,0.20703598764774214,0.131253933813401,0.09521708617288469,2.25,2989838.0,16987817.0,6728565.0,2.53,3.1,-0.09797080582596507,2.1428396903941147
2023,2633,台灣高鐵,12308801.0,0.43907818478826655,0.40780048357268917,0.1322218955363727,0.29,56282930.0,10817324.0,12189159.0,0.22,0.23,-0.009720036906925356,0.28635213340425547
2023,4994,傳奇,432957.0,0.5729160170640503,0.09157953330238337,0.13430894984952316,0.52,1106390.0,183553.0,396947.0,0.56,0.07,-0.08317223188445966,0.4818692749927121
2023,2002,中鋼,95356918.0,0.050298815236457205,0.015078318701533538,0.015408929218958188,0.07,157731290.0,120060368.0,88229380.0,-0.05,0.13,-0.07474589310866775,0.0861921735029597
2023,1219,福壽,4065809.0,0.08136830825058432,0.019907969115125674,0.022462442283934146,0.23,3316634.0,1042208.0,4080545.0,0.28,-0.1,0.00362437094315049,0.27636153566988714
2023,1711,永光,1906046.0,0.2001063982716052,-0.0006080650729310836,0.006666156010925235,0.02,5477522.0,2288634.0,2070397.0,0.08,0.16,0.08622614564391418,0.02519677585329931
2023,3062,建漢,699993.0,-0.04169041690416904,-0.17881035953216676,-0.14184284699989858,-0.31,3302154.0,1119230.0,1244863.0,-0.07,0.16,0.7783934982206966,-0.534726460500736
2023,2049,上銀,6583249.0,0.3365538809180695,0.14568718272694836,0.08809874880928854,1.77,3537923.0,22584987.0,6557874.0,1.78,4.13,-0.0038544797561204103,1.6329934095483827
2023,2834,臺企銀,,,,,0.34,82224061.0,30706207.0,8252933.0,0.25,0.36,,
2023,2712,遠雄來,145199.0,0.25912024187494404,0.027059415009745246,0.020055234540182782,0.03,1050000.0,67382.0,215134.0,0.31,0.46,0.4816493226537373,0.04109107454826365
2023,8464,億豐,6709707.0,0.5592271018689787,0.25780157017288535,0.20892223758801987,4.62,2930202.0,13386989.0,6903631.0,5.41,5.24,0.028902007196439428,4.922261455019207
2023,2425,承啟,1478081.0,0.10540356042733788,0.03681192032101083,0.05194437923226129,0.63,964988.0,1153016.0,2353413.0,0.86,1.49,0.5922084107704517,1.266819663686323
2023,6206,飛捷,921162.0,0.3790950994504767,0.16538241916188468,0.15760745666885956,1.05,1430623.0,2428326.0,802550.0,0.89,2.23,-0.12876345311682413,0.884145329339688
2023,5258,虹堡,1968862.0,0.3192849473452177,0.12003126679269548,0.1022098044454106,2.0,1077812.0,1435713.0,2088017.0,2.25,2.53,0.06051973170288227,1.9800838109864514
2023,1464,得力,2088265.0,0.11519658664010554,-0.048479000509992744,-0.014692100858846938,-0.1,4076396.0,697709.0,2522455.0,0.08,0.45,0.2079190141097993,-0.09091404091237151
2023,2486,一詮,1208916.0,0.14404722908787707,0.03565508273527689,0.06877566348695857,0.4,2219586.0,266212.0,1309737.0,0.18,0.17,0.08339785394518717,0.4058325794468818
2023,1905,華紙,5051855.0,0.016425055746849423,-0.07990648979434287,-0.07707485666156293,-0.34,11028353.0,3041871.0,4952508.0,-0.17,0.26,-0.019665449621970588,-0.34612044447184787
2023,1614,三洋電,1651077.0,0.20834097985739006,0.0764949181655368,0.06592303084592663,0.42,2691134.0,2474448.0,1525256.0,0.39,0.35,-0.076205410165607,0.3736324476445047
2023,4722,國精化,862435.0,0.15617408848203054,0.05915228394023898,0.04629450335387594,0.4,1000092.0,1355624.0,899415.0,0.79,0.93,0.042878593749094085,0.4163414039311017
2023,1102,亞泥,21136474.0,0.15860549872225613,0.1262766911832125,0.208023485847261,1.26,35465629.0,113868110.0,19951866.0,0.81,1.33,-0.056045677249668024,1.1702757941999133
2023,3530,晶相光,381716.0,0.05757159773234551,-0.16115122237474983,-0.10309235138165547,-0.51,784559.0,570944.0,424376.0,0.1,-0.04,0.11175848012658629,-0.5576370892430197
2023,6165,浪凡,696588.0,0.25081540307900796,0.003957863184550983,0.012765077779117642,0.17,627526.0,102058.0,659628.0,0.27,0.49,-0.05305862288756047,0.13418093792582
2023,6830,汎銓,503609.0,0.38663129531044915,0.21892380795418667,0.16115677043102883,1.73,467812.0,585830.0,500251.0,1.55,4.27,-0.00666787130492108,1.7233169641841726
2023,2606,裕民,3647999.0,0.25395840294912364,0.2139419446112787,0.16141972626637233,0.7,8450557.0,19981636.0,3900809.0,0.91,2.18,0.06930100583909149,0.7451195477379794
2023,1305,華夏,3339951.0,0.08210539615700949,0.0010793571522456466,0.006021944633319471,0.0,5810505.0,3613275.0,3365756.0,0.25,-1.17,0.007726161252066266,0.034882331710002504
2023,6235,華孚,1434967.0,0.32563745368360386,0.16548185428654458,0.15632833368293486,1.17,1933986.0,1341998.0,1449078.0,1.03,0.5,0.00983367561762738,1.1713215561881
2023,8341,日友,801238.0,0.4048310239903749,0.15904013539048323,0.05292809377488337,0.38,2820366.0,1032585.0,792488.0,1.02,1.69,-0.010920600370926015,0.1487214041704863
2023,2397,友通,3761152.0,0.20716099748162264,0.03293166561734277,0.02642142620133406,0.85,1144889.0,1297100.0,3921424.0,0.47,1.69,0.042612476177511516,0.9049751968980417
2023,2515,中工,4846994.0,0.08826460276204179,0.05613623619092576,0.034480752400353705,0.11,15308998.0,7395637.0,4985110.0,0.1,0.06,0.028495186913786164,0.11228059707011998
2023,2010,春源,5372598.0,0.07168449975226138,0.03379333424909141,0.037490986669763866,0.31,6476554.0,4852931.0,5638864.0,0.32,0.12,0.049560008025912206,0.32641830062192234
2023,2034,允強,3814535.0,0.10167556464942647,0.04988838744434118,0.05378322652695545,0.46,4474265.0,1944581.0,4066862.0,-0.42,0.6,0.06614882285783197,0.488860092551217
2023,4904,遠傳,21698786.0,0.3211530359348214,0.15821769936806604,0.12845382225530957,0.84,32585008.0,27359998.0,23219884.0,0.87,0.75,0.07010060378493055,0.9153543409057646
2023,2419,仲琦,2806236.0,0.1647869245494677,0.020917342661130427,0.028211098425079004,0.11,3213172.0,439462.0,1578574.0,-0.08,0.33,-0.4374763918644049,0.13859608662490108
2023,2450,神腦,7058745.0,0.11380790777964071,0.012474455444983492,0.02395397482130322,0.66,2582527.0,2793336.0,7641009.0,0.82,0.78,0.08248831768253417,0.7087342637476831
2023,3708,上緯投控,1718356.0,0.1796589298143109,0.019059496402375295,0.40832574856432546,7.11,981322.0,2762725.0,1922681.0,5.65,6.62,0.11890725786740353,8.000229879442282
2023,3018,隆銘綠能,122603.0,-0.3038832654992129,-0.48779393652683867,-0.5181194587408139,-0.81,781471.0,-772090.0,108287.0,-0.44,,-0.11676712641615616,-0.717948610104105
2023,1232,大統益,5661485.0,0.10051285131021279,0.058598759866006885,0.047894501177694546,1.61,1599749.0,3178167.0,5838356.0,1.69,0.78,0.03124109663807295,1.7479313837220716
2023,6753,龍德造船,977979.0,0.14549085409809412,0.1147867183242176,0.08440978794023185,0.74,1077500.0,687998.0,1240943.0,0.9,,0.26888511921012626,0.972136756156985
2023,5306,桂盟,1234184.0,0.3934858983749587,0.23053045575052017,0.17800992396595644,1.75,1260000.0,5304060.0,1157849.0,1.26,4.81,-0.06185058305730751,1.6357826385242753
2023,3010,華立,16167074.0,0.09337410096595092,0.04634320347639901,0.04550545138842069,2.93,2360179.0,12354918.0,19019201.0,3.01,3.12,0.17641578185390872,3.6669986748975485
2023,3032,偉訓,2198470.0,0.23466274272562282,0.109914622441971,0.11061601932252885,1.75,1132856.0,1444448.0,2073565.0,1.61,0.89,-0.056814511910555976,2.0247013398571356
2023,1108,幸福,1322108.0,0.20637648361555938,0.14631104266822378,0.11469562244536755,0.38,4047380.0,904440.0,1275734.0,0.47,0.33,-0.03507580318703163,0.36152055207249756
2023,3037,欣興,25234907.0,0.20213987711545756,0.09338540459055387,0.09787161093956083,1.57,15251402.0,56053888.0,26545656.0,1.7,5.81,0.051941899369789546,1.7034933025615735
2023,8105,凌巨,2349591.0,0.08524462342594945,0.011664583325353221,0.027725676511358786,0.15,4415449.0,858226.0,2160924.0,0.29,0.61,-0.08029780502223582,0.13568966551223097
2023,1323,永裕,846863.0,0.20215784607427648,0.0705462394743896,0.05280310983004335,0.22,912745.0,1503215.0,856036.0,0.19,0.55,0.010831740198827822,0.49522443756439083
2023,3229,晟鈦,226304.0,0.017927212952488687,-0.07774939903846154,-0.06656974688914027,-0.24,642630.0,-104232.0,224087.0,0.01,-0.09,-0.009796556843891358,-0.2321306952857286
2023,9924,福興,2110133.0,0.1948370079042411,0.09165062107459578,0.10710462326308341,1.2,1884521.0,4056705.0,2668327.0,2.14,2.02,0.26453024524994406,1.5165135229467517
2023,5471,松翰,662960.0,0.40388409557137683,0.04473120550259443,0.11232050199107035,0.45,1678770.0,1589827.0,698301.0,0.36,0.56,0.053307891878846325,0.46720824687638224
2023,1776,展宇,242907.0,0.12210434446104888,-0.04904757787960001,-0.02063752794279292,-0.05,703033.0,309360.0,312958.0,0.09,0.0,0.28838609014972816,-0.09186879520478536
2023,1708,東鹼,1408096.0,0.07452829920687226,-0.03020319637297457,-0.06572066109128923,-0.37,2490017.0,3667846.0,1392488.0,0.42,1.71,-0.011084471513305938,-0.36752854266331175
2023,6715,嘉基,583214.0,0.31823310140017214,0.15220313641304906,0.15112463006717947,1.44,622755.0,812111.0,622387.0,2.26,3.27,0.06716745482790198,1.510353271087693
2023,1526,日馳,272590.0,0.26180710957848785,0.011563153453905132,0.08740599435048975,0.39,600000.0,761696.0,231520.0,0.09,1.8,-0.15066583513701892,0.3372705968670898
2023,1453,大將,172.0,1.0,-50.83139534883721,72.5,0.12,1067425.0,316170.0,171.0,-0.08,0.01,-0.005813953488372103,0.11614399138112748
2023,2524,京城,479633.0,0.4733598397107789,0.2090848628013502,-0.02643896479183042,-0.04,3702278.0,13632830.0,899524.0,0.56,0.21,0.8754422652319587,-0.06423743264391941
2023,2801,彰銀,,,,,0.32,108582930.0,66193606.0,9654348.0,0.29,0.3,,
2023,9912,偉聯,124541.0,0.4122256927437551,-0.10133209143976682,-0.11068644060991963,-0.15,552186.0,-25178.0,134366.0,-0.08,0.02,0.07888968291566623,-0.26933848882428135
2023,2731,雄獅,5504312.0,0.1412378150075795,0.03906410101752953,0.04215803900650981,2.46,932202.0,381400.0,6651383.0,2.86,-2.36,0.20839498197049866,3.008031134466953
2023,6698,旭暉應材,274768.0,0.23476896872998312,-0.037780964304431376,-0.05260073953298783,-0.36,663898.0,82009.0,251752.0,0.15,-0.25,-0.08376521283409999,-0.1994634925682673
2023,4164,承業醫,886154.0,0.3014735587719516,0.16871221029301905,0.11326925116853279,0.58,1649671.0,1219165.0,737664.0,0.26,0.63,-0.16756681118631755,0.5064928030739739
2023,2543,皇昌,2695877.0,0.06798641035922633,0.0460896398463283,0.038794425710075055,0.38,2374837.0,229123.0,3058828.0,0.69,-0.01,0.13463188416978955,0.49967840153196813
2023,2904,匯僑,108053.0,0.27897420710207027,0.13186121625498598,0.2083514571552849,0.29,778344.0,336364.0,107961.0,0.19,0.51,-0.0008514340184909708,0.28899601803240876
2023,2390,云辰,167604.0,0.250155127562588,2.983222357461636e-05,0.08851817379060166,0.08,1926194.0,99671.0,154061.0,0.29,-1.97,-0.08080356077420592,0.0707986753792914
2023,2352,佳世達,52111593.0,0.16305174167291336,0.027697426175400164,0.029443601925583048,0.53,19667820.0,21717486.0,50370246.0,0.61,3.24,-0.03341573150527177,0.7540650016716096
2023,1216,統一,137398498.0,0.3320576692184801,0.05718305596033517,0.0768588824020478,1.09,56820154.0,63713126.0,165050848.0,0.98,0.97,0.2012565668658184,2.2325922799840114
2023,9935,慶豐富,1017492.0,0.184512507223644,0.011811395077307734,0.020074850711356944,0.12,1738389.0,491708.0,1324078.0,0.49,0.62,0.3013153911775228,0.15290402884620233
2023,5285,界霖,1257068.0,0.14137421364635802,0.045845570804443354,0.07538573887808774,0.93,1020409.0,1312871.0,1325246.0,0.46,1.02,0.05423572949116506,0.9790647564381564
2023,2359,所羅門,1198647.0,0.23258557356753073,0.05083481625532788,0.2889074097711837,1.97,1714711.0,3220080.0,1003796.0,0.98,1.11,-0.1625591187397124,1.6912710205899133
2023,6197,佳必琪,1063732.0,0.2780832014078734,0.0992627842351269,0.17873392922277415,1.57,1220859.0,1736281.0,1331067.0,1.47,1.8,0.2513180011506657,1.948683959153107
2023,2430,燦坤,5100742.0,0.13909329270133639,0.013747215601181162,0.009653693521452369,0.42,1168000.0,2064865.0,5107182.0,0.43,1.05,0.0012625614077323988,0.42211617967703896
2023,6164,華興,202378.0,0.2570338673175938,-0.05173487236754983,-0.03358072517763788,-0.06,1000002.0,201839.0,159483.0,0.06,0.1,-0.21195485675320436,-0.05355544082417058
2023,2402,毅嘉,2073061.0,0.1565332616840508,0.051082433174904164,0.05746430037514574,0.4,3075366.0,1170887.0,2370908.0,0.57,0.3,0.14367498110282328,0.4430125372844599
2023,9926,新海,558052.0,0.3108527520732835,0.23913900496727902,0.2545354196383133,0.79,1795041.0,1271991.0,505111.0,0.67,0.84,-0.09486750338678118,0.7162434749341551
2023,1760,寶齡富錦,470072.0,0.5199692813015878,0.09653840262768257,0.036683742065045356,0.21,857391.0,173133.0,474609.0,0.09,0.91,0.009651712929083178,0.2030629448845289
2023,1409,新纖,,,,,0.13,16184093.0,13116007.0,10933360.0,0.26,0.69,,
2023,2905,三商,,,,,-0.58,9224957.0,4863684.0,59883515.0,1.28,0.81,,
2023,2891,中信金,,,,,0.82,200836043.0,192588992.0,44393340.0,0.96,0.41,,
2023,3021,鴻名,686802.0,0.19321143502785373,0.05856418589345983,0.07037253822790265,0.5,958900.0,649660.0,770659.0,0.1,0.56,0.12209778072865252,0.5655775361161459
2023,3034,聯詠,30299029.0,0.4174002737843513,0.24919379429618024,0.22680261469765253,11.29,6085115.0,45376459.0,28929962.0,10.46,7.07,-0.04518517738637762,10.782690260913276
2023,2380,虹光,500890.0,0.20763041785621594,-0.1783245822436064,-0.09188644213300326,-0.2,2169341.0,-1065410.0,383887.0,-1.27,0.28,-0.23359020942721953,-0.16260242447412473
2023,3046,建碁,1549038.0,0.06956381960933172,0.03139819681634666,0.0399144501296934,0.84,714480.0,153125.0,1675527.0,0.94,0.66,0.08165648615463272,0.9360337431762232
2023,5519,隆大,872896.0,0.33822356844343426,0.2455653365349366,0.20934567233668158,0.83,2191972.0,2589309.0,417186.0,0.23,2.05,-0.5220667754234181,0.3984361281049705
2023,1457,宜進,725572.0,0.0517881064870199,-0.0028777295706008503,-0.15729107517930682,-0.19,3016476.0,1789664.0,846591.0,0.25,0.15,0.16679116614202316,-0.44144627249520485
2023,1611,中電,310177.0,0.2595485803267167,0.018676433133339995,0.12173049581368058,0.12,3227358.0,1001627.0,340360.0,0.13,0.05,0.09730895585423815,0.12837804654811868
2023,6792,詠業,361574.0,0.3538860648166074,0.14504084917610227,0.14368013186788872,1.11,478753.0,476224.0,412809.0,1.61,1.03,0.14169990098845608,1.2388946190676877
2023,3494,誠研,180716.0,0.058555966267513665,-0.274325460944244,-0.37486442816352733,-0.3,1240000.0,-802357.0,177163.0,-0.12,-0.13,-0.019660683060714,-0.5355815055381854
2023,2020,美亞,2085945.0,0.11851367126170632,0.07884531950746544,0.07434807725035895,0.69,2225261.0,785924.0,1819083.0,1.45,-0.17,-0.12793338271143295,0.6077728563472542
2023,6139,亞翔,10016108.0,0.09761406326688969,0.06154296658941777,0.056334356618359144,2.07,2255409.0,3717481.0,14607605.0,4.36,1.17,0.4584112910923086,3.648606658083417
2023,2645,長榮航太,3788818.0,0.2214529702931099,0.16927310839422743,0.16733028612089576,1.71,3745709.0,6270673.0,3939552.0,1.68,,0.03978391149957594,1.759897427558166
2023,2867,三商壽,31171164.0,,-0.080602957271663,-0.05528166994341308,-0.36,45995011.0,-2426081.0,34283109.0,0.6,0.41,0.09983409666703502,-0.4120506714026125
2023,6669,緯穎,56308196.0,0.08808991145800515,0.062022605021833765,0.04645085770462261,14.96,1748408.0,24211349.0,52817249.0,14.96,24.69,-0.061997138036530286,14.032231136260076
2023,6477,安集,514079.0,0.2922196782984716,0.2328066308874706,0.18742644612987497,0.76,1237356.0,844158.0,255371.0,0.39,0.83,-0.5032456101105083,0.38681898317567703
2023,6589,台康生技,138314.0,-0.1302181991700045,-1.8503043798892376,-1.4030177711583787,-0.64,3046672.0,-397544.0,211451.0,-0.36,-0.09,0.5287751059184176,-0.9737494247139512
2023,6776,展碁國際,6069663.0,0.06580398285703835,0.023370160748628053,0.017842176740290195,1.28,815814.0,524902.0,5546624.0,1.23,1.29,-0.08617265900923987,1.2130687352746503
2023,8478,東哥遊艇,1452152.0,0.47804981847630273,0.3742301081429492,0.34412237837361376,5.68,888863.0,2965530.0,1649058.0,4.84,4.72,0.13559599821506296,6.384310754706122
2023,2345,智邦,20119767.0,0.22350557041739103,0.1292866363710872,0.11157664002769019,4.02,5601589.0,14572699.0,22426730.0,4.28,4.42,0.1146615167064311,4.4671238468373895
2023,1217,愛之味,1159575.0,0.29529870857857404,0.02835176681111614,0.022233145764612036,0.04,4945134.0,1050857.0,1625338.0,0.19,0.52,0.4016669900610137,0.07307461571468639
2023,2881,富邦金,,,,,2.05,146149632.0,501359663.0,55329258.0,1.76,0.89,,
2023,1612,宏泰,1452247.0,0.14704316827647088,0.09177984185885735,0.11842338114659559,0.55,3160801.0,3836720.0,1636528.0,0.38,0.25,0.12689370334385264,0.6131457788740127
2023,6689,伊雲谷,2395493.0,0.12563969086947865,0.0147802560892476,0.020804485757211562,0.73,680000.0,147969.0,2470391.0,0.7,1.14,0.031266215346903437,0.755811976091818
2023,2025,千興,26918.0,-1.0849988855041237,-1.3517348985808753,13.655026376402407,1.3,2811673.0,-960646.0,275590.0,-0.01,1.34,9.23813061891671,13.384162095210716
2023,3583,辛耘,1611286.0,0.2820709669171084,0.06101027378131505,0.09580173848714629,1.92,811390.0,2136840.0,1742366.0,2.09,1.89,0.0813511691903237,2.0572313176264823
2023,3543,州巧,849280.0,0.17643415599095705,0.03648855501130369,0.019361105877920122,0.25,892631.0,498365.0,865891.0,0.76,0.36,0.01955892049736252,0.18781117090643426
2023,3376,新日興,2343895.0,0.16905322124071256,0.07068320039933529,0.0842337220737277,1.05,1877483.0,11716142.0,2851665.0,1.6,3.9,0.21663513083990527,1.2794062958619423
2023,2608,嘉里大榮,2918885.0,0.1643980492551094,0.10421547954098911,0.3020492414055367,1.8,4670005.0,7138350.0,3087078.0,0.61,0.65,0.057622345518922424,1.996677879487755
2023,2455,全新,594323.0,0.3967219845101065,0.16041613735292087,0.17862172589652428,0.58,1849059.0,909420.0,768426.0,0.78,0.58,0.2929433994646009,0.742310431109892
2023,2436,偉詮電,708920.0,0.27208147604807315,0.012090221745754104,0.11429780511200135,0.4,1780100.0,1474707.0,821670.0,0.46,-0.15,0.1590447441178131,0.5275831555888891
2023,2412,中華電,53463651.0,0.38133157049076205,0.22932661295428552,0.1909089411046769,1.28,77574465.0,115625736.0,53657945.0,1.17,1.21,0.0036341326558486653,1.3205094565335376
2023,1817,凱撒衛,651780.0,0.3257188008223634,0.09470373438890423,0.07100095124121636,0.64,726000.0,1088289.0,630927.0,0.82,1.14,-0.031993924330295465,0.6170305394458252
2023,1308,亞聚,1659326.0,0.23752415137230418,0.20737998440330593,0.0773344116828158,0.21,5937438.0,6683950.0,1811642.0,0.28,0.76,0.09179389704012353,0.2359641789099604
2023,3008,大立光,8194353.0,0.492841472658061,0.335875205766703,0.45103902651008565,27.69,1334682.0,153497320.0,13606899.0,44.6,61.01,0.6605214591072657,45.98280698159604
2023,1528,恩德,952432.0,0.25295874141146035,0.006349009693080451,0.016260478438355704,0.1,1943310.0,379836.0,940661.0,0.08,0.28,-0.012358887563626575,0.07870899603409706
2023,1537,廣隆,1609586.0,0.19420646054327012,0.11931950203344215,0.1049816536674648,2.07,820648.0,2244221.0,1624636.0,2.21,3.09,0.009350230431924622,2.0783207159183394
2023,9955,佳龍,339911.0,0.0764611913118434,-0.0051131031358208475,-0.0067900126797897096,-0.02,1032082.0,-613441.0,262148.0,-0.2,-0.28,-0.22877459099587838,-0.017246577732985487
2023,1419,新紡,683000.0,0.30525475841874083,0.08432796486090775,0.24550219619326502,0.56,3000413.0,4136680.0,816554.0,0.97,0.88,0.19554026354319176,0.6681273555020437
2023,6282,康舒,4933781.0,0.1950804058793854,0.02023113713397494,0.0057088062887266375,0.03,5336502.0,4573167.0,9783654.0,0.11,0.75,0.9829931648769981,0.10466216536961014
2023,2015,豐興,8998152.0,0.09683810631338524,0.07345008175011936,0.06835014567435625,1.06,5815994.0,14605577.0,8063338.0,0.91,1.01,-0.1038895542106868,0.9476115809637569
2023,3702,大聯大,156689628.0,0.038844638778515704,0.015739931426731066,0.014889996420184239,1.14,18790568.0,33249764.0,187354624.0,0.95,1.64,0.19570533411439328,1.4846329715338908
2023,2208,台船,5592723.0,-0.06295287644319233,-0.09431577426595238,-0.1718529596405901,-1.03,9335146.0,-2371561.0,5552855.0,-1.0,-1.4,-0.007128549009132068,-1.0222385018992193
2023,2615,萬海,24470250.0,-0.023516923611323955,-0.07012776739101562,-0.0955544794188862,-0.84,28061464.0,168034728.0,25047544.0,0.91,7.97,0.023591667432903307,-0.852915239077208
2023,1735,日勝化,549221.0,0.14334302584933933,-0.01139067879778814,0.002552706469708915,0.01,993880.0,372034.0,630053.0,0.3,0.04,0.1471757270752576,0.01618244022778918
2023,2302,麗正,214285.0,0.34727115757052524,0.12448374827916094,0.19306531021770074,0.25,1663029.0,165002.0,190889.0,0.17,0.33,-0.1091816972723243,0.2216079455147606
2023,2101,南港,2053439.0,0.19827762110294,0.05893333086592784,0.0504022763763618,0.13,8339349.0,1527672.0,2118400.0,-0.01,-0.1,0.0316352226679244,0.12803419340728495
2023,5484,慧友,90408.0,0.11337492257322361,-0.2826409167330325,-0.1629833643040439,-0.22,668010.0,-113403.0,87588.0,-0.23,0.04,-0.031191929917706362,-0.2137001977913893
2023,3557,嘉威,983654.0,0.3714619164868948,0.059084800143139764,0.0522714287747521,0.64,803004.0,713159.0,1068545.0,1.14,1.18,0.08630168738194532,0.6955678161020055
2023,4952,凌通,625360.0,0.3893661251119355,0.10760362031469874,0.10641550466931048,0.61,1088158.0,869774.0,587657.0,0.5,1.07,-0.06029007291799926,0.5746942652395423
2023,1517,利奇,428522.0,0.0037197623459238965,-0.19931765463616805,-0.07940315783086983,-0.18,2256850.0,1636936.0,439112.0,-0.15,1.07,0.02471285021539149,-0.1544935615633689
2023,4934,太極,711612.0,0.14300630118660168,0.006992574605262418,0.04520721966464871,0.29,2250000.0,-286692.0,649207.0,0.44,0.11,-0.08769526090060309,0.13043930425256708
2023,2913,農林,90324.0,0.38946459412780654,-0.31635002878526197,-0.5950467206943891,-0.07,7900000.0,2822627.0,101716.0,-0.05,-0.05,0.12612373234134888,-0.0766149015723424
2023,6756,威鋒電子,591791.0,0.4700747392238138,0.11683009711198718,0.13413012364162347,1.15,690142.0,525446.0,557621.0,1.12,2.01,-0.05773997914804385,1.083744702904123
2023,1723,中碳,2293761.0,0.29572217855304017,0.23223736038759052,0.21007245305853575,2.08,2369044.0,4432711.0,1838808.0,1.45,1.94,-0.19834368096763355,1.630543405963165
2023,2706,第一店,86039.0,0.7598647125140925,0.6794476923255733,0.9025209498018341,0.16,4999984.0,3353360.0,85885.0,0.25,0.23,-0.0017898859819384105,0.15502651963232383
2023,6657,華安,1870.0,0.7037433155080214,-52.423529411764704,-51.63048128342246,-1.41,760249.0,-243175.0,1505.0,-0.55,,-0.19518716577540107,-1.0220845319303387
2023,6117,迎廣,529658.0,0.19243738412333997,-0.017335714744231182,-0.015002133452152143,-0.09,886500.0,-224913.0,651205.0,0.71,0.74,0.22948204312971776,-0.11020264314392257
2023,4438,廣越,4753159.0,0.16474454147231346,0.08412868157787273,0.06319797002372528,2.48,1034255.0,3651397.0,6513408.0,6.28,8.94,0.3703324462741515,3.980006512284615
2023,2534,宏盛,382267.0,0.44331056565175647,0.062131965354058814,-0.14867357109036355,-0.12,4742280.0,7385869.0,510038.0,0.19,0.51,0.33424543578179655,-0.15990023965642444
2023,2454,聯發科,98135284.0,0.47532406387084997,0.15030832335493113,0.16323205423240025,10.07,15996450.0,284977545.0,110097528.0,11.64,19.55,0.12189544384464202,11.234646225474531
2023,9902,台火,26407.0,-0.00045442496307797174,-0.24538948006210473,0.2759116900821752,0.07,980496.0,206237.0,38942.0,0.01,-0.07,0.47468474268186456,0.10958283394506521
2023,2356,英業達,130651347.0,0.04606316841111481,0.011309956107838673,0.01053960048341484,0.38,35874751.0,19113387.0,135840675.0,0.53,0.49,0.03971890163520464,0.3990847055349313
2023,6790,永豐實,2491704.0,0.2509764402192235,0.1006684582117298,0.0909538211601378,0.84,2671290.0,1264560.0,2574274.0,1.11,0.57,0.03313796502313271,0.8765055722635602
2023,3450,聯鈞,1291364.0,0.14387887535969718,0.01979225067448063,0.03965961572414904,-0.09,1456814.0,2002122.0,1406588.0,-0.14,0.6,0.08922658522306648,0.38292286841147427
2023,8210,勤誠,2513805.0,0.23586913066049275,0.13659174040945896,0.1077446341303323,2.07,1206070.0,3549690.0,2357410.0,2.09,3.65,-0.062214451797175996,2.105999468896388
2023,6446,藥華藥,1264835.0,0.9177141682511948,-0.32005202259583265,-0.1603015413077595,-0.54,3395044.0,-938296.0,1306277.0,0.67,-1.44,0.03276474797107931,-0.6167761492189089
2023,3321,同泰,420381.0,0.03667387441392451,-0.11913002728477262,-0.04539929254652327,-1.15,671598.0,-121564.0,425814.0,-0.58,-0.42,0.012923990380155237,-0.28784562128543056
2023,8016,矽創,4409563.0,0.35134501990333283,0.1672997981886187,0.1631436040260679,4.93,1201369.0,7113794.0,4201548.0,4.51,6.08,-0.04717360881339039,5.705621530175304
2023,2007,燁興,1333922.0,-0.12764164621319687,-0.16052737716298254,-0.22788963672538573,-0.58,5306516.0,-448836.0,1090486.0,-0.45,-0.51,-0.18249642782711428,-0.46831189879408447
2023,2395,研華,17028135.0,0.41192420661452356,0.2014170077932786,0.17651921364259798,3.17,8567316.0,24374280.0,15006350.0,3.01,4.1,-0.11873202790558102,3.091877434713042
2023,6166,凌華,2939540.0,0.3650741272443988,0.029617219020663096,0.017905522632792888,0.3,2174973.0,1890930.0,2671859.0,0.49,1.06,-0.09106220701198142,0.21996149743528481
2023,2911,麗嬰房,695054.0,0.38833961102302844,-0.22089938335726433,-0.22095981031689624,-0.8,1946778.0,-780796.0,661489.0,-0.52,-0.91,-0.04829121190583752,-0.7507917387946308
2023,4576,大銀微系統,561765.0,0.28207346488300267,-0.031666266143316156,-0.014692976600535812,-0.15,1198018.0,994708.0,509474.0,0.14,0.56,-0.09308340676261428,-0.06248394899393316
2023,1312,國喬,3887038.0,-0.011829058527341384,-0.11009102560870257,-0.17800211883701678,-0.76,9266203.0,22657365.0,3877126.0,-0.22,-0.69,-0.0025500136607874424,-0.7447890392624545
2023,1225,福懋油,3482609.0,0.05555920862778452,0.01332047324290496,0.0138557041574291,0.18,2296382.0,931985.0,3632729.0,0.54,-0.05,0.043105614210495746,0.21918835066688927
2023,1444,力麗,2215512.0,-0.015454215549272584,-0.07841031779561564,-0.023229844839477286,-0.04,9955950.0,641899.0,2082898.0,0.16,0.21,-0.05985704433106209,-0.048599478057299965
2023,2337,旺宏,7428887.0,0.2830176310394814,-0.02241129795082359,0.009557690135817115,0.04,18558264.0,29182509.0,7283102.0,-0.22,1.35,-0.019624070200556343,0.037508698089190835
2023,1906,寶隆,906991.0,0.07378573767545654,0.007511651163021463,0.0852191477092937,0.51,1510000.0,2625531.0,816889.0,0.16,0.38,-0.09934166932196686,0.46102373743772995
2023,4564,元翎,357924.0,-0.06401079558789016,-0.2555486639621819,-0.2987449849688761,-0.53,2027883.0,383272.0,327580.0,-0.29,-0.02,-0.08477777405259213,-0.48258643213688573
2023,2472,立隆電,2275971.0,0.27679570609643095,0.15900070782975706,0.1365729176689861,1.35,1647351.0,3232629.0,2243512.0,1.7,2.4,-0.014261605266499444,1.8599738590341848
2023,1416,廣豐,63124.0,0.3949844750015842,-0.07827450731892782,0.08606869019707243,0.01,1853422.0,1330389.0,69900.0,0.64,0.38,0.10734427476078823,0.032459965646114926
2023,6491,晶碩,1615297.0,0.5107432255492333,0.2701707487848984,0.23063808079876333,5.23,700000.0,3934337.0,1677146.0,5.25,6.02,0.038289552942895266,5.525910495133181
2023,1516,川飛,40136.0,0.04621785927845326,-0.052745664739884394,-0.026933426350408612,-0.03,388202.0,43854.0,209784.0,0.2,0.41,4.226828782140721,-0.14554798567483218
2023,1773,勝一,2331774.0,0.32620271089736824,0.19749855689273488,0.17625721875276076,1.64,2500000.0,5374347.0,2522278.0,1.55,1.9,0.08169916981662895,1.7782788208051037
2023,3054,立萬利,10209.0,0.5396219022431188,-0.9716916446272896,-0.8824566558918602,-0.12,834110.0,53455.0,7106.0,-0.18,-0.15,-0.30394749730629833,-0.07517877734072914
2023,1604,聲寶,2444413.0,0.20261428817470697,0.08362498481230463,0.10204167626338102,0.64,3842000.0,4825660.0,2117274.0,0.55,0.6,-0.13383131246642854,0.5623378138179953
2023,2009,第一銅,622570.0,-0.07235170342290827,-0.09483110332974605,-0.09635221742133415,-0.17,3596222.0,323610.0,672519.0,0.21,0.49,0.08023033554459746,-0.18018547494559073
2023,8021,尖點,612583.0,0.1837677506558295,-0.016004361857903337,-0.20820525545109805,-0.86,1421805.0,1977281.0,736816.0,0.24,0.3,0.2028019060274282,-1.0789733015459664
2023,2344,華邦電,18810867.0,0.3133183069127011,-0.016473403379014907,0.030284675342183855,0.09,39800002.0,27602961.0,19505815.0,-0.03,0.67,0.03694396435847436,0.1484239308730939
2023,2483,百容,486979.0,0.13985202647342082,-0.016998679614521367,0.0779889892582637,0.35,1090938.0,1091504.0,436568.0,0.19,0.42,-0.10351781082962508,0.31209378592093834
2023,2722,夏都,197193.0,0.4802756690146202,0.14422418645692292,0.11650514977712191,0.2,1182143.0,519533.0,236486.0,0.41,1.02,0.1992616370763669,0.23306686966122078
2023,4555,氣立,388097.0,0.2820325846373458,0.011087434326985264,0.022172291978551754,0.13,693132.0,1586805.0,309261.0,-0.28,0.68,-0.20313478331448065,0.09892812897945694
2023,1734,杏輝,727589.0,0.33847268169254896,0.04261746672915616,0.13535801118488597,0.65,1677221.0,465839.0,717585.0,0.45,0.4,-0.013749520677195481,0.579117948416496
2023,5469,瀚宇博,10793800.0,0.22983277437047195,0.13364866868016825,0.10870647964572254,1.51,5284413.0,16617598.0,11767471.0,1.95,2.57,0.09020650743945602,2.4207047154397854
2023,1514,亞力,2273075.0,0.16339408070565203,0.08359776954126019,0.07322767616554667,0.68,2469353.0,1339425.0,1982283.0,0.62,0.47,-0.12792890687724778,0.5878381000710241
2023,3016,嘉晶,1078687.0,0.10510555888779599,0.03773569163251249,0.040394479584902755,0.16,2885394.0,304199.0,1034387.0,0.14,0.7,-0.04106844710282043,0.14481046454795707
2023,3454,晶睿,2560978.0,0.23029795648381204,0.04233656048587688,0.050272591174152996,1.48,865679.0,1972591.0,2315677.0,1.68,2.56,-0.09578411060149672,1.3447834949489255
2023,1710,東聯,5237553.0,0.021719111959344374,-0.027030752719829278,-0.040774575455370096,-0.09,8857031.0,4117643.0,5268879.0,-0.17,-0.29,0.005981037327927652,-0.24256018111567515
2023,5388,中磊,15666399.0,0.14625620093041164,0.045478925948458225,0.03365610693306101,2.05,2588769.0,5284381.0,15618534.0,2.53,2.09,-0.003055264965484361,2.0305367162603116
2023,4915,致伸,16065380.0,0.15949544922062223,0.04985222882994364,0.04788146934588538,1.55,4594343.0,10111777.0,15723220.0,1.63,1.96,-0.021297971165325724,1.6386475203279598
2023,3045,台灣大,43546319.0,0.19850678997689794,0.10288566526139672,0.08068452352999113,1.08,35192336.0,39150091.0,43187052.0,1.04,1.0,-0.008250226615021172,0.9901379417623627
2023,2506,太設,196472.0,0.4546449366830897,-0.07359827354533979,-0.42188708823649174,-0.24,3870000.0,2324204.0,262432.0,0.2,0.02,0.3357221385235556,-0.28608959261002326
2023,4764,雙鍵,589611.0,0.09001528126171324,-0.07354340404096939,-0.04420372075826265,-0.31,855421.0,1117840.0,577816.0,-0.13,0.08,-0.02000471497309242,-0.29858534117886154
2023,6806,森崴能源,1899412.0,0.10962761107121573,0.061597483852897636,0.03977178200411496,0.35,2161500.0,380000.0,2693925.0,0.56,0.11,0.418294187885514,0.4956844683573231
2023,1402,遠東新,63316384.0,0.18384149985570875,0.059534179968331734,0.0667726065973698,0.46,53528751.0,149712535.0,65403650.0,0.39,0.46,0.03296565388193984,0.8158554253362021
2023,6133,金橋,245214.0,0.21747534806332428,0.03494090875724877,0.07468986273214417,0.16,1170064.0,187983.0,260101.0,0.14,0.49,0.06071023677277809,0.16603286646280402
2023,1310,台苯,2316728.0,-0.14613886481278768,-0.16588740672189398,-0.1307702069470391,-0.57,5278698.0,903641.0,2309787.0,0.0,-0.33,-0.002996035788405016,-0.5722080027945918
2023,5007,三星,1608811.0,0.24240697011644002,0.17063098151367687,0.15489948788266614,0.82,2949401.0,3119753.0,1691099.0,0.95,0.91,0.05114833252631912,0.8881476918835005
2023,8261,富鼎,718793.0,0.22118468042955344,0.0704862178680093,0.09554489261859812,0.59,1178905.0,1025201.0,789742.0,1.17,1.81,0.0987057469953101,0.6400500005207962
2023,3051,力特,517417.0,0.20301613592131684,0.045549334482631994,0.06605117342491645,0.21,1700000.0,668316.0,537020.0,0.46,0.91,0.037886269681900675,0.20865177148616845
2023,1314,中石化,6963060.0,-0.03297257240351225,-0.11455236634468179,-0.1183170904745902,-0.21,37848502.0,39585805.0,6931115.0,-0.15,0.43,-0.004587781808572666,-0.21667155031519852
2023,3447,展達,761511.0,0.10265642912577756,-0.004749767239081248,-0.004473999718979765,-0.05,768196.0,284198.0,511207.0,-0.17,,-0.3286938731022927,-0.02977287013132701
2023,1789,神隆,754901.0,0.37480941209509594,0.061695507092983055,0.07543770640123672,0.08,7907392.0,1160441.0,659588.0,0.03,0.08,-0.12625893991397552,0.06292568509285859
2023,2364,倫飛,273972.0,0.3652125034675076,0.05552392215262873,0.15738469624633175,1.78,310002.0,83575.0,255116.0,0.42,1.44,-0.06882455141401311,1.2951966170405085
2023,6225,天瀚,12003.0,0.1989502624343914,0.04448887778055486,0.0459051903690744,0.02,278000.0,-187044.0,10400.0,-0.02,-0.03,-0.13354994584687163,0.017173164742387545
2023,6116,彩晶,3415758.0,-0.14656336895061067,-0.3208772401323513,-0.2142004790737517,-0.26,29403289.0,12667577.0,3263920.0,-0.38,-0.13,-0.04445221236399066,-0.2377738176359793
2023,6869,雲豹能源,2020123.0,0.20688938247819563,0.1585665823318679,0.16115553359869672,2.83,1162091.0,1058716.0,2597190.0,4.11,,0.2856593385650279,3.601710539942217
2023,2023,燁輝,18406557.0,0.09091314578821015,0.02606973156359443,-0.014756752172608923,-0.08,19758650.0,7024803.0,18910579.0,-0.02,-0.23,0.027382741921805342,-0.14123370156541196
2023,6257,矽格,3715734.0,0.2168161122405425,0.11658342604718207,0.17194314770648275,1.13,4567410.0,9859393.0,4133154.0,1.61,2.16,0.1123385043170475,1.555952955210152
2023,8011,台通,413442.0,0.15878648032855877,-0.014248673332656092,0.014018895032435022,0.0,1509219.0,24023.0,533007.0,0.01,-0.18,0.28919413122034054,0.049510171714993605
2023,3592,瑞鼎,4747930.0,0.2807362366336488,0.056352557851526874,0.088627043785397,5.55,758552.0,4915073.0,5018967.0,5.82,7.21,0.0570852982247001,5.864017339173354
2023,1540,喬福,143395.0,0.31086160605320967,0.22882945709404093,0.3248300149935493,0.55,854736.0,373030.0,115170.0,0.39,0.59,-0.1968339202901077,0.4376868743893678
2023,1737,臺鹽,858801.0,0.2836757293016659,0.028797125294451217,-0.00813576136963045,0.19,2000000.0,1867776.0,920762.0,0.76,0.81,0.07214826251948936,-0.03745549955111836
2023,2597,潤弘,5600703.0,0.13886149649427937,0.09183989938405947,0.0720996989127972,1.96,1849500.0,1359400.0,5804464.0,3.28,3.96,0.036381325701434264,2.2627742998116815
2023,6585,鼎基,654699.0,0.32308434868542646,0.16607020936338684,0.1405393929118572,1.33,692430.0,1623477.0,729105.0,2.03,0.92,0.1136491731314695,1.479831521872242
2023,8367,建新國際,531520.0,0.2829865291992775,0.14663041842263697,0.1070082028898254,0.61,877339.0,1385515.0,568281.0,0.64,1.39,0.06916202588801923,0.6931269275209797
2023,3094,聯傑,69478.0,0.6689311724574686,0.12334839805406028,0.29284089927746915,0.24,831171.0,143594.0,46983.0,0.13,0.23,-0.3237715535853076,0.1655320502129325
2023,1441,大東,267372.0,-0.19012836048651316,-0.3490343042652185,-0.4055398471044088,-0.93,632952.0,-144873.0,300015.0,-2.22,-0.93,0.12208832637673361,-1.922231657835495
2023,9931,欣高,300523.0,0.21084575889366206,0.15941874665167058,0.18695740425857588,0.5,1203693.0,989275.0,272572.0,0.26,0.5,-0.09300785630384367,0.4233583944873696
2023,6757,台灣虎航,2887009.0,0.2555786975378324,0.18374102747861196,0.1164069803731128,0.8,4360000.0,-2309574.0,3576015.0,3.19,,0.23865737862265068,0.9547548346765068
2023,2408,南亞科,7027071.0,-0.1121807364690068,-0.453180421828668,-0.10970061352731458,-0.25,30980955.0,107485075.0,7736374.0,-0.81,0.85,0.10093864143396303,-0.27393764145642535
2023,3036,文曄,117459847.0,0.035804201243340626,0.01737489067221414,0.008513241124858607,0.79,10218127.0,17795838.0,167259801.0,1.45,2.33,0.42397427948292843,1.393526442183452
2023,3311,閎暉,506366.0,0.16247536366975665,0.0407175837240257,0.07429013796344937,0.55,680000.0,1550662.0,568707.0,0.52,0.49,0.12311450610822994,0.6213135513349912
2023,3164,景岳,87931.0,0.6307673061832574,0.06476669206536943,0.001592157487120583,0.03,863714.0,68170.0,76364.0,0.28,0.09,-0.13154632609659844,0.001407682570231306
2023,2449,京元電子,8167308.0,0.33075353592640316,0.2130802462696399,0.1950976992663923,1.27,12227451.0,15368172.0,8593708.0,1.25,1.22,0.052208144960371294,1.3711873872708136
2023,2377,微星,41291791.0,0.13773861250048466,0.059035511441002886,0.04793054387008788,2.34,8448562.0,38715644.0,48918168.0,2.78,1.91,0.18469474961742405,2.77523488301125
2023,2313,華通,13863529.0,0.12340696225326178,0.03910598809293074,0.043275200708275646,0.5,11918206.0,23433775.0,19592498.0,1.41,2.11,0.4132403084380607,0.7114068034454927
2023,3481,群創,55087258.0,0.006400917613289084,-0.09692682471144234,-0.10382731338706312,-0.6,95564562.0,46259067.0,57653668.0,-0.22,-1.23,0.04658808757553334,-0.6263854853799983
2023,6695,芯鼎,286291.0,0.40148310634983286,-0.05482882801066048,0.015176865496994317,0.04,952093.0,-222464.0,304409.0,0.29,0.98,0.06328525870530344,0.04852440306855048
2023,3027,盛達,598044.0,0.18727719030706771,0.029395830407127236,0.07465838633946666,0.31,1149693.0,322687.0,468113.0,0.95,0.17,-0.2172599340516751,0.3039816821058035
2023,2612,中航,981008.0,0.20582808702885197,0.08546209612969517,0.050455246032652126,0.25,1974846.0,9360734.0,1048431.0,0.33,0.97,0.06872828763883687,0.2678631349141123
2023,6202,盛群,715722.0,0.5434023266016693,0.14538046895302925,0.0778402787674544,0.25,2261682.0,1260641.0,631284.0,0.16,0.99,-0.11797597391165848,0.2172689287947363
2023,1752,南光,523777.0,0.361470625857951,0.16541963469186313,0.17682143354901037,0.92,1009885.0,928639.0,537057.0,0.46,0.74,0.02535430154435958,0.9403366585059769
2023,3049,精金,461068.0,-0.2637420076865018,-0.40457372882091147,-0.2583848803213409,-0.13,8050475.0,1223015.0,282345.0,-0.35,-0.1,-0.387628289102692,-0.09062034107841958
2023,1609,大亞,6261828.0,0.12256117542672842,0.05234940978896258,0.08813895878328182,0.65,7186828.0,4488924.0,6643389.0,0.23,0.41,0.0609344427857168,0.8147424555761009
2023,1535,中宇,2490475.0,0.09861893815436815,0.05067145825595519,0.05822262821349341,1.17,1237426.0,1536708.0,2203942.0,0.96,1.04,-0.11505154639175252,1.0369856110191888
2023,2362,藍天,5893205.0,0.20444206505628093,0.0820538230046299,0.041308761531289,0.41,6322630.0,39698195.0,6230998.0,0.43,0.1,0.05731906492307659,0.4071008591107477
2023,2457,飛宏,3194220.0,0.2491879081591124,0.03926905473010626,0.03685938977277708,0.31,3752084.0,779658.0,3441726.0,0.27,0.07,0.07748558333489863,0.33810522399045695
2023,2109,華豐,1211970.0,0.1071363152553281,-0.049720702657656546,0.1183428632721932,0.4,2793492.0,458816.0,1163330.0,0.44,0.5,-0.04013300659257246,0.4928304900477271
2023,1541,錩泰,951353.0,0.1869915793611835,0.09218765274298814,-0.029757618885944543,-0.36,788000.0,1020505.0,749752.0,0.93,1.24,-0.21190977481544704,-0.28313241465703926
2023,3092,鴻碩,553046.0,0.167841373050343,-0.010042564271326436,-0.008116865504858546,-0.01,1063176.0,407299.0,577310.0,0.15,0.59,0.04387338485406267,-0.044074994399891335
2023,2105,正新,24623334.0,0.2407720254292128,0.10684869075812398,0.08497586070188545,0.64,32414155.0,56323144.0,25259796.0,0.61,0.46,0.025847921325357515,0.6622023329789234
2023,2231,為升,1028908.0,0.47307145050869465,0.14889280674268254,0.11796681530321466,1.12,1409176.0,2029180.0,1064849.0,0.88,1.04,0.034931208621179044,0.8914205557631752
2023,3694,海華,2541819.0,0.13057656741097615,0.04021214728507419,0.043829635391032955,0.73,1527184.0,210936.0,2657823.0,0.87,1.28,0.045638182734490496,0.7627857090167353
2023,2707,晶華,1598677.0,0.3665950032433068,0.26646595903988113,0.2331208868333003,2.7,1274032.0,2673603.0,1626127.0,2.3,2.06,0.017170447814036205,2.9754681855995306
2023,6224,聚鼎,716184.0,0.23328781430470383,-0.021100722719301187,0.022502597097952482,0.45,856453.0,1120358.0,759870.0,0.68,0.5,0.060998290941992606,0.19964958330254146
2023,9925,新保,2016665.0,0.3374611053397565,0.11019083486845857,0.19793867598237685,0.97,3874896.0,5335888.0,1905361.0,0.51,0.54,-0.055192111729017945,0.9733025960140804
2023,1440,南紡,5029275.0,0.032376435967410806,-0.05459554309517774,-0.010321766059720338,-0.04,16568159.0,10091371.0,4534914.0,-0.04,0.18,-0.09829667297970379,-0.028251975013609293
2023,1805,寶徠,78972.0,0.00031656789748265207,-0.16440004052069088,-0.18006382008813251,-0.14,1002654.0,-504540.0,63347.0,-0.21,-0.13,-0.1978549359266576,-0.11376310084159573
2023,8033,雷虎,251754.0,0.379310755737744,-0.05278565583863613,0.003920493815391215,0.01,1426298.0,-594337.0,232938.0,-0.07,0.07,-0.07473962677852186,0.0064028133557615515
2023,1468,昶和,285937.0,0.06287049245113434,-0.043897781679181076,0.11876042624773989,0.14,1604053.0,-509538.0,232008.0,0.28,0.66,-0.188604482805653,0.17177343250432273
2023,2107,厚生,420961.0,0.29407949905098096,0.16492976784072633,0.6030938733041779,0.75,3373260.0,7685611.0,296959.0,0.65,0.94,-0.2945688555471885,0.5309230641057474
2023,3056,富華新,693413.0,0.4445532460452861,0.3085462776152163,0.27316620830587257,0.78,3422757.0,2107072.0,679689.0,0.2,5.1,-0.019791956597294824,0.5424517923919525
2023,1339,昭輝,485688.0,0.29926001877748676,0.15414216534071257,0.243203455716427,1.64,741239.0,1852654.0,547509.0,2.03,2.27,0.12728541779908098,1.796398743668982
2023,3305,昇貿,1539795.0,0.1497114875681503,0.07104971765722061,0.05849155244691664,0.69,1342375.0,2064658.0,1612126.0,0.58,0.42,0.04697443490854303,0.702454623186799
2023,9911,櫻花,1891310.0,0.33668779840428065,0.12428211134081668,0.10279647440134088,0.89,2211212.0,2980079.0,2134058.0,1.45,1.15,0.1283491336692557,0.9920968164426419
2023,9945,潤泰新,7034203.0,0.26975451234489534,0.18783933304171063,0.6915572382542841,1.52,31602501.0,71689829.0,5339144.0,2.05,-0.12,-0.24097385304347918,1.1683643896671125
2023,3015,全漢,3393104.0,0.18438308993770897,0.032830411328388404,0.03668322574256492,0.67,1872620.0,4847385.0,3456304.0,1.9,1.71,0.01862601323154256,0.6770641126706438
2023,2374,佳能,1099486.0,0.2385496495635233,-0.02661334478110681,0.045483980696434514,0.21,2875463.0,2454374.0,1580353.0,0.84,0.6,0.4373561827981438,0.24997972620601405
2023,6152,百一,660613.0,0.17754873125415335,-0.027114210589255738,0.012517162090361527,0.05,1677385.0,-419764.0,431388.0,0.13,0.56,-0.34698832750793585,0.032191497597968736
2023,2883,凱基金,,,,,0.4,184199230.0,75480815.0,9226338.0,0.44,0.4,,
2023,1319,東陽,5551192.0,0.29024613092107066,0.1434926048315389,0.13676233861123882,1.28,5914771.0,13550028.0,6154072.0,1.65,1.19,0.1086037016914565,1.4229549693503667
2023,6168,宏齊,473272.0,0.2665105901046333,0.02646469683395595,0.10828867965989959,0.25,2060698.0,312136.0,495540.0,0.21,0.48,0.04705116719349545,0.2604038647034483
2023,2535,達欣工,3586418.0,0.1329108876879382,0.10223627028416654,0.10172740600788865,1.14,3384925.0,3491835.0,3766138.0,0.7,0.59,0.0501112809494042,1.1318402901326847
2023,2393,億光,4403475.0,0.2795903235512862,0.0871877324158761,0.10805125497476425,1.05,4433931.0,5323886.0,4524713.0,0.91,0.95,0.027532346612618497,1.1026353771644857
2023,9917,中保科,4270176.0,0.32787126338586514,0.15802158974243685,0.15304521406143448,1.46,4511971.0,6037781.0,4287280.0,1.48,1.44,0.004005455512840594,1.4542373728494862
2023,2614,東森,1432931.0,0.30325954285307527,-0.008911803848196459,0.029101889763010223,0.11,4760554.0,-991938.0,1489287.0,0.05,-0.04,0.03932917914400624,0.09104206380073454
2023,1707,葡萄王,2664651.0,0.8219601741466331,0.2109454483908024,0.1816136522193713,2.28,1481374.0,4864864.0,2550692.0,2.48,2.46,-0.04276695146944198,3.1271001773133094
2023,1519,華城,3102719.0,0.29545666236613755,0.19064182093189877,0.1738268918326152,2.08,2610585.0,1602690.0,3644467.0,2.73,0.52,0.17460427450890648,2.42668356324937
2023,4938,和碩,280708258.0,0.03750745017269852,0.010951355766669323,0.012465514997424836,1.17,26666484.0,75544524.0,315766263.0,1.72,1.98,0.12489124919153616,1.4760810188202147
2023,2491,吉祥全,46829.0,0.22838412095069294,-0.6795575391317346,-0.5501078391594952,-0.18,820080.0,-93111.0,53086.0,-0.13,-1.34,0.13361378632898413,-0.35609970673130625
2023,3591,艾笛森,477722.0,0.2551211792632535,0.016193518406102295,0.02954647263471224,0.1,1418884.0,31578.0,532286.0,0.11,0.14,0.1142170551073638,0.11084185693009745
2023,3025,星通,129161.0,0.6077221452295972,0.12491386718901216,0.2481631452218549,0.45,709206.0,105933.0,118670.0,0.5,0.24,-0.08122420854592327,0.4152463521667544
2023,1558,伸興,1906487.0,0.23885450045030468,0.06107148907912826,0.10560470645747912,1.45,665356.0,2899178.0,2117552.0,1.6,2.06,0.11070885875434766,3.3609595069173164
2023,2451,創見,2469577.0,0.23672475083789654,0.12041009452226029,0.1617734535104595,0.93,4290617.0,10803860.0,2727105.0,1.93,1.12,0.10428020669126736,1.028227860784688
2023,3130,一零四,600362.0,0.8673150532512051,0.24007015767153816,0.2133079708575826,3.86,331907.0,704765.0,628779.0,4.54,3.64,0.04733310902422194,4.0409986112935234
2023,1316,上曜,162686.0,0.21647836937413176,-0.2733486593806474,-0.12506915161722582,-0.13,2190580.0,-29439.0,180794.0,-0.16,0.52,0.11130644308668236,-0.10322267252273246
2023,2851,中再保,5527477.0,,0.11481241803448482,0.09541496056880924,0.66,8003888.0,8309874.0,5692642.0,0.45,-0.1,0.029880721348998884,0.6786242035899894
2023,3705,永信,1691896.0,0.428502106512457,0.1315565495751512,0.12381966740272451,0.76,2664230.0,2232985.0,1718122.0,0.91,0.96,0.015500952777239174,0.7984944790701397
2023,4440,宜新實業,222753.0,0.07843216477443626,0.01914227866740291,0.034199314936274705,0.12,675980.0,293705.0,265681.0,0.08,0.69,0.19271569855400372,0.13441386123235008
2023,6192,巨路,1761486.0,0.3396172322686641,0.17988448389598327,0.13529315589224097,2.48,961558.0,5174929.0,1685529.0,2.31,2.53,-0.04312097853743946,2.3715734023105526
2023,3005,神基,8627589.0,0.2756531401762416,0.10704531706366634,0.12429161843476781,1.68,6083184.0,9864407.0,9036279.0,1.81,1.21,0.04737012854923894,1.8462925690528271
2023,1303,南亞,63738195.0,0.06590938133720291,-0.004330574469515492,0.02216835603832208,0.12,79308216.0,225520921.0,67251415.0,0.55,0.42,0.05511954017524334,0.18798220247457767
2023,1525,江申,425144.0,0.12293716952373784,0.053062021338652315,0.1382543326496434,0.8,734001.0,4322532.0,359542.0,1.11,1.29,-0.1543053647705248,0.6772230456023641
2023,6873,泓德能源,1446759.0,0.18426911462102535,0.11662274089879517,0.09995375871171357,1.5,1000000.0,557992.0,975529.0,0.91,,-0.32571423436799085,0.9750779028227923
2023,8072,陞泰,276374.0,0.17757097266747235,0.003118961986293935,0.08254394407578138,0.26,800000.0,1402445.0,338571.0,0.39,0.54,0.22504649496696505,0.34933732112101723
2023,3380,明泰,7745325.0,0.17590688576657532,0.03615445446123952,0.03585582270595488,0.44,5417185.0,2133587.0,5861401.0,0.16,0.58,-0.24323369258229965,0.387960453749515
2023,2012,春雨,2027093.0,0.14567313882490837,0.04343855955301508,0.025073343946232365,0.12,3021627.0,1252385.0,2166069.0,0.11,0.38,0.06855926195788742,0.17973956761794752
2023,2433,互盛電,722741.0,0.35961153442242794,0.1651781205162015,0.13965998884801056,0.65,1444960.0,1178895.0,722952.0,1.54,1.89,0.0002919441404320988,0.6987561472819105
2023,3052,夆典,944002.0,0.11496903608255067,0.06941404785159354,0.062044360075508315,0.29,2331973.0,868745.0,789500.0,0.22,0.27,-0.16366702612918194,0.21005398552905122
2023,2630,亞航,1280393.0,0.034945520633118114,-0.014956345434565794,-0.022835957397455312,-0.18,1729461.0,106239.0,1184418.0,0.31,0.03,-0.07495745446905755,-0.1563916098066347
2023,6834,天二科技,232045.0,0.05271391324958521,-0.13750781098493828,-0.1304660733909371,-0.34,884711.0,91575.0,269517.0,0.1,1.61,0.16148591867956652,-0.3974498418365454
2023,3231,緯創,207476960.0,0.0755621250668026,0.025715939736151907,0.022828154027319466,1.17,28999661.0,32580338.0,218493271.0,1.67,1.33,0.05309655105800659,1.7199504657384972
2023,4906,正文,7013592.0,0.12397242383075605,0.0401131117977778,0.043402866890460697,0.79,3944745.0,2551371.0,6157937.0,0.9,0.57,-0.12199954032113647,0.6775396633517322
2023,3605,宏致,2072908.0,0.19392225800662644,-0.05949612814461616,-0.022051629884201326,-0.33,1344177.0,3082035.0,2204976.0,0.24,0.81,0.06371146235144054,-0.3617329760555842
2023,1218,泰山,2623514.0,0.12365666811764679,-0.08080574374674578,-0.1456531202044281,-0.79,4999990.0,5994584.0,3297543.0,0.36,0.32,0.25691839265961613,-0.9605967751100912
2023,6533,晶心科,179158.0,0.9941950680405006,-0.787667868585271,-0.2344857611717032,-0.83,506509.0,210736.0,247577.0,2.06,5.77,0.3818919612855691,-1.1461451088451886
2023,3055,蔚華科,357538.0,0.20462720046540508,-0.05421241937919886,-0.13587087246670285,-0.43,1187419.0,1273364.0,311625.0,-1.03,1.03,-0.12841432239370365,-0.35657809612644126
2023,6281,全國電,5858430.0,0.1897137970411868,0.037510391009195294,0.02984656298701188,1.77,991729.0,1222092.0,5480473.0,1.23,1.55,-0.0645150663232299,1.6493748049428618
2023,1447,力鵬,7568125.0,-0.012706317614997109,-0.036910463291766456,-0.0154194070526055,-0.14,9144872.0,476173.0,6489047.0,0.05,-0.06,-0.14258194731191676,-0.10941351292449863
2023,6443,元晶,2368830.0,0.10448871383763292,0.05076725640928222,0.060414635073010724,0.3,4762967.0,515276.0,1857645.0,0.22,0.04,-0.215796405820595,0.23562822242984888
2023,2033,佳大,155001.0,0.10185740737156534,-0.001806439958451881,-0.005541899729679164,-0.01,806945.0,103007.0,132940.0,0.0,-0.06,-0.14232811401216772,-0.009129992131601882
2023,8271,宇瞻,1646683.0,0.25315922979711336,0.09431505638911679,0.08022977100024717,0.96,1226882.0,1941992.0,1925501.0,1.14,1.15,0.1693209925650534,1.2591472064203968
2023,2903,遠百,8252635.0,0.5902028867143646,0.16111278397748113,0.12706462844897418,0.51,14169406.0,9131476.0,8231242.0,0.51,0.57,-0.002592262956013447,0.7381394155856575
2023,2485,兆赫,1510052.0,0.08748109336632116,-0.022371415024118376,0.02268067589725387,0.15,3176890.0,2571284.0,1545005.0,0.23,0.25,0.023146885007933493,0.11030208053988874
2023,6115,鎰勝,1551996.0,0.1691905133776118,0.08964391660803249,0.10434691841989284,0.88,1876622.0,2249611.0,1763464.0,1.19,1.67,0.13625550581315937,0.9805492749441171
2023,1109,信大,1696455.0,0.22693852769451592,0.18274283726948254,0.147650836597493,0.6,3411589.0,4548764.0,1595173.0,0.34,0.63,-0.0597021435876578,0.6903780847216142
2023,9933,中鼎,23846025.0,0.05012252566203382,0.03147786685621608,0.03085470219879414,0.61,8019386.0,5193713.0,27966415.0,0.56,0.44,0.17279148201849148,1.0760118123667939
2023,6754,匯僑設計,994394.0,0.2035289834813967,0.047901536010876974,0.027308089147762355,0.41,660000.0,696505.0,1370999.0,2.02,1.7,0.3787281500089501,0.5672630744468642
2023,2617,台航,1030249.0,0.3919838796252168,0.33226239481911657,0.16189484289720252,0.4,4172945.0,8374110.0,948839.0,2.65,0.74,-0.07901973212301105,0.36811446314231017
2023,4739,康普,1464167.0,0.030379731273823273,-0.0024771764423047373,0.009142399739920377,0.05,1070293.0,1008656.0,1150713.0,-0.19,1.03,-0.21408350276983434,0.09829344144008227
2023,1438,三地開發,0.0,,,,-0.39,912058.0,321470.0,27510.0,-0.25,-0.31,inf,
2023,2849,安泰銀,,,,,0.34,19576094.0,13795997.0,1491436.0,0.35,0.23,,
2023,3048,益登,22780144.0,0.0318429505976784,0.014898896161499243,-0.0018772488883301176,-0.16,2698298.0,1451655.0,28152023.0,0.08,0.64,0.23581409318571467,-0.19585810715122606
2023,2474,可成,6891756.0,0.32949338310874615,0.19834814233121428,0.650528109236601,6.5,6803641.0,135552857.0,4327509.0,6.56,7.03,-0.37207454819932684,4.1377348503167255
2023,2330,台積電,480841254.0,0.5411346152923892,0.42000980847620867,0.377914757705045,7.01,259320710.0,2877310603.0,546732758.0,8.14,10.83,0.13703379951671124,7.967677466600374
2023,2348,海悅,1393272.0,0.4699678167651399,0.35192553930603643,0.2696257442911363,2.75,1471081.0,2802504.0,1593116.0,3.16,1.43,0.14343502202010816,2.9199281837106037
2023,1410,南染,56981.0,0.30515434969551253,-0.058984573805303524,0.11001912918341201,0.11,630000.0,417840.0,54818.0,0.12,0.25,-0.03796002176163982,0.09573061307263936
2023,1806,冠軍,816814.0,0.25879208730506575,0.06187455161150519,-0.03025046093725132,-0.07,3904039.0,962175.0,805610.0,,0.13,-0.013716709067180588,-0.06242272127829419
2023,2748,雲品,482546.0,0.2701504105308095,0.059946616488376236,0.07547881445499496,0.34,1037826.0,365737.0,534148.0,0.61,0.49,0.1069369552332835,0.38847415446815403
2023,1235,興泰,9428.0,0.38226559185405173,-0.03394145099703012,-7.537971998302927,-0.77,1496648.0,670158.0,24062.0,1.59,0.93,1.552184980907934,-1.2118994060271022
2023,1110,東泥,615383.0,0.15948441864659896,0.09539425040990733,0.10642802937357711,0.12,5720008.0,2256256.0,498085.0,0.1,0.12,-0.1906097503505947,0.0926750539693968
2023,6216,居易,226895.0,0.5010643689812468,0.15333083584918134,0.2873752176116706,0.71,919479.0,445277.0,236700.0,0.62,0.45,0.043213821371118843,0.7397854003047644
2023,2028,威致,2725015.0,0.0791375460318567,0.062271583826144075,0.05589327031227351,0.47,3257148.0,1014169.0,1806914.0,-0.09,0.19,-0.336915943581962,0.31006982990343507
2023,3044,健鼎,13443221.0,0.17050645823645985,0.08975936644945434,0.07208763435489159,1.84,5256059.0,36991376.0,16238645.0,4.05,3.09,0.20794302198855474,2.227154419649567
2023,1465,偉全,168872.0,0.1371571367663082,0.0016402956085082192,0.21536429958785352,0.35,1036073.0,312908.0,136654.0,0.42,0.6,-0.19078355203941444,0.28405713686080547
2023,2365,昆盈,174667.0,0.35051268986127887,-0.013414096537983707,0.15787183612245015,0.13,2215285.0,1139772.0,222622.0,0.14,0.18,0.274551002765262,0.1586511166791275
2023,2845,遠東銀,,,,,0.29,40694838.0,16047115.0,3412512.0,0.34,0.23,,
2023,1454,台富,395249.0,0.12125773879250801,0.01698929029548462,0.052627584130510136,0.18,1298338.0,272612.0,410084.0,0.03,0.18,0.03753330179203496,0.1662258226330595
2023,3149,正達,482635.0,0.04445181141027899,-0.08070073658147461,-0.02958343261470884,-0.06,2243296.0,-1299616.0,485876.0,-0.27,-0.25,0.006715219575869957,-0.06407482519072058
2023,9940,信義,3480514.0,0.2797259255385842,0.16610046677013798,0.1474170194402321,0.69,7368465.0,5469894.0,3000097.0,0.47,0.27,-0.13803047480918051,0.6002136914154875
2023,6416,瑞祺電通,1012949.0,0.2477795032128962,0.10119166907712036,0.09861898279182861,1.4,733485.0,1151264.0,919037.0,1.0,1.9,-0.09271147905768207,1.2356693604920863
2023,2349,錸德,1877251.0,0.16764460373173326,-0.06284402032546527,0.0007345847731603286,-0.01,6936797.0,-1665618.0,1993751.0,-0.17,0.01,0.06205882963972309,0.0021113189935833185
2023,5876,上海商銀,,,,,1.13,48616031.0,101992075.0,13410286.0,1.02,1.29,,
2023,5525,順天,505605.0,0.24266373948042444,0.08285914894037835,0.05816595959296288,0.12,2804668.0,1351275.0,3960249.0,2.47,0.05,6.832693505799982,0.8213153332660824
2023,1539,巨庭,450920.0,0.10244611017475384,0.05051672136964428,0.05938303912002129,0.41,653700.0,884926.0,396652.0,0.58,1.72,-0.1203495076732014,0.36032432664884023
2023,2453,凌群,1431653.0,0.27134717700448363,0.03174023314308705,0.025586507345006088,0.38,1000000.0,946252.0,1566094.0,0.68,0.58,0.09390613507602752,0.4007087563396996
2023,8454,富邦媒,26212415.0,0.09948209655615478,0.038170004557000946,0.03214308944826335,3.85,2403404.0,3950033.0,25074675.0,2.4,3.46,-0.04340462334355688,3.3534833153774097
2023,3038,全台,1205163.0,0.20864978430303618,0.08543574603601338,0.10578320111055517,0.86,1574076.0,869432.0,1119509.0,0.91,1.02,-0.07107254371400384,0.7523476991713012
2023,2431,聯昌,135450.0,-0.037150239940937614,-0.25881136950904393,-0.12149870801033592,-0.15,1109270.0,227636.0,167590.0,-0.15,0.01,0.23728313030638604,-0.18356187831143184
2023,5234,達興材料,1130293.0,0.3459863946781941,0.15183850559102816,0.13302214558525974,1.46,1027159.0,1791158.0,1174293.0,1.62,0.35,0.03892795938752158,1.520767226941023
2023,2432,倚天酷碁-創,503398.0,0.15000059594992432,0.0341201196667448,0.05214363187775875,0.43,618600.0,144780.0,570893.0,0.41,,0.1340788004719924,0.4812226710893845
2023,1432,大魯閣,324092.0,0.4248269010034188,0.0692488552633203,0.02403021364303963,0.11,900000.0,-266420.0,376836.0,0.48,0.45,0.16274391222245543,0.10061610653764981
2023,2413,環科,1170411.0,0.14399898838954864,0.02598488906888264,0.013141537459917927,0.12,1273592.0,719519.0,1179804.0,0.74,0.8,0.008025385954164799,0.12173787571970465
2023,2241,艾姆勒,213127.0,-0.033153941077385785,-0.2981274076020401,-0.2724009628062141,-0.59,896023.0,-421477.0,245386.0,-0.36,-0.68,0.15136045644146456,-0.7460007461768912
2023,6278,台表科,12185837.0,0.1132550025082397,0.05601880281182162,0.05192954739177949,2.16,2923984.0,13199380.0,12741032.0,3.13,3.63,0.04556067835143374,2.262789485387673
2023,6606,建德工業,213955.0,0.3900913743544203,0.22375265826926222,0.13988455516346895,0.28,1103038.0,320006.0,225944.0,0.28,,0.056035147577761624,0.286536601022402
2023,6625,必應,560501.0,0.2075857134956048,0.10424245451836839,0.12669379715647253,1.67,443404.0,90405.0,955143.0,2.55,-0.04,0.7040879498876897,2.72912949584182
2023,1809,中釉,591397.0,0.15364129341203964,-0.020686611531678382,-0.003990551186428068,0.02,1670419.0,1229170.0,622121.0,0.01,0.23,0.051951565530430566,-0.01486217347055928
2023,6201,亞弘電,802168.0,0.2526877162888572,0.13163576707123695,0.13944211187681382,1.25,892000.0,1397006.0,951647.0,1.52,1.1,0.18634375841469608,1.4876644331976934
2023,6674,鋐寶科技,220518.0,-0.0032423657025730324,-0.3939950480232906,-0.36861843477629946,-1.21,676536.0,287125.0,333896.0,-0.91,0.17,0.5141439701067487,-1.8192708281313525
2023,1324,地球,229852.0,0.21801420044202358,0.04415885004263613,0.03875102239702069,0.12,751219.0,223051.0,237046.0,0.24,-0.01,0.0312984007100221,0.12227825514429436
2023,2017,官田鋼,791684.0,-0.030197654619772536,-0.1525242394692832,-0.08663936621177136,-0.26,3768747.0,105340.0,890952.0,-0.1,0.26,0.12538841254844102,-0.20482010759838776
2023,6902,GOGOLOOK,189833.0,0.9175117076588369,0.04641448009566303,0.056697202277791535,0.35,308988.0,-82313.0,186587.0,0.44,,-0.017099239858191173,0.34237448966970524
2023,8443,阿瘦,296157.0,0.5940936732881545,0.004865662469568506,0.014792829478958795,0.07,668000.0,-184337.0,292124.0,0.11,-0.91,-0.013617777057439162,0.06469072632801437
2023,4976,佳凌,240705.0,-0.1541056479923558,-0.2976381878232692,-0.18772356203651772,-0.33,1397040.0,-212639.0,217180.0,-0.21,0.21,-0.0977337404707006,-0.2918298917932981
2023,1583,程泰,1434088.0,0.24100055226736436,0.12701521803403976,0.08130881786891739,0.93,1104004.0,3753488.0,1300145.0,2.44,2.19,-0.0933994287658777,0.9575441122331405
2023,2889,國票金,,,,,0.15,34473840.0,5565733.0,1819855.0,0.13,0.13,,
2023,2013,中鋼構,5164568.0,0.05107126094573641,0.03137164618608952,0.02346856503777276,0.61,2000000.0,1666623.0,4191000.0,0.67,0.72,-0.18850908730410754,0.4917837803665282
2023,2379,瑞昱,26290803.0,0.4171791938040082,0.07964952610994804,0.0991613683309711,5.08,5128636.0,28975644.0,26678445.0,5.01,8.2,0.014744395597197979,5.158235271800445
2023,1104,環泥,1919189.0,0.19987244612177332,0.12555876466569993,0.21985797125765102,0.61,6732175.0,12788104.0,1873035.0,1.42,0.88,-0.02404869973723278,0.6116918755002275
2023,1233,天仁,504356.0,0.5750204220828146,0.05173924767426183,0.059394554639976525,0.33,905919.0,463329.0,537870.0,0.21,0.09,0.06644909548017663,0.35264244490074914
2023,2511,太子,2147245.0,0.275577775242229,0.06338727066543408,0.059988031174831,0.08,16233261.0,5530686.0,1955552.0,0.06,0.11,-0.08927393008250106,0.0722650330947079
2023,3443,創意,6587039.0,0.29135777091952847,0.14233739924721867,0.12729907929799716,6.26,1340119.0,6603165.0,6810040.0,7.63,7.9,0.03385451338606016,6.468916730398813
2023,1103,嘉泥,725302.0,0.10812875188542152,-0.060122542058342596,0.00011029888239657411,0.0,7902474.0,10197785.0,738527.0,0.18,0.41,0.018233783996183694,0.00010308000092084414
2023,6271,同欣電,2843763.0,0.17055113242559242,0.05860192990766108,0.004332991181051305,0.08,2090581.0,6471616.0,2666822.0,0.79,4.33,-0.06222072655140387,0.055273228865246556
2023,2886,兆豐金,,,,,0.57,140513382.0,107779579.0,18893626.0,0.58,0.41,,
2023,2882,國泰金,,,,,1.5,162025102.0,483680038.0,80363664.0,1.83,0.38,,
2023,8039,台虹,2079535.0,0.22566342956478253,0.07109185466943331,0.05875207678639696,0.67,2091197.0,4682241.0,2487012.0,1.32,1.23,0.19594620912848315,0.698724797294041
2023,1712,興農,4576336.0,0.2832460291377207,0.06886010992199873,0.06127762471986323,0.67,4204926.0,3534701.0,4894808.0,0.59,1.26,0.06959104401425065,0.7133115010817891
2023,6120,達運,4617087.0,0.0782159833678681,0.018966071031366747,0.022583936581658522,0.15,6655551.0,626928.0,5160616.0,0.09,-0.24,0.11772119520381574,0.1751125105438938
2023,6005,群益證,2759684.0,,0.18018403556349205,0.43405621803076005,0.5,21709081.0,11269969.0,3568076.0,0.5,0.11,0.2929291904435436,0.7134090909727234
2023,1720,生達,1509004.0,0.4296893845211809,0.19609888376704104,0.21538047612862524,1.33,1786961.0,2886681.0,1645394.0,1.26,1.33,0.09038412091684322,1.9831755877111095
2023,6191,精成科,5909858.0,0.20959962151374872,0.11795782572102409,0.10909416097645662,1.39,4743030.0,8571434.0,6083347.0,2.57,1.54,0.029355866080031046,1.399227154147548
2023,3703,欣陸,8100104.0,0.1530368005151539,0.08867170100532043,0.06018737537197053,0.7,8232160.0,9562203.0,7793911.0,0.58,0.56,-0.037801119590563315,0.5698322760645204
2023,8462,柏文,1064040.0,0.24457257245968198,0.04510450734934777,0.02780816510657494,0.39,794054.0,115749.0,1136371.0,0.69,0.03,0.06797770760497723,0.3979627631159049
2023,2438,翔耀,33762.0,0.05938629228126296,-0.29228126295835555,-0.2039867306439192,-0.11,601956.0,-36117.0,39010.0,-0.21,-0.08,0.1554410283750962,-0.13219441890136965
2023,2477,美隆電,643353.0,0.1309265675298009,-0.05951786966097927,0.010322482369709942,0.08,1585732.0,2288180.0,724448.0,0.32,0.68,0.12605055078627125,0.04715867314131031
2023,1451,年興,1750256.0,0.029042608624109845,-0.0393251044418645,-0.014400179173789435,-0.12,2064500.0,4975735.0,1631533.0,-0.03,0.57,-0.0678317914636487,-0.11380173178953838
2023,8163,達方,6888338.0,0.17525257906914557,0.05080848239444696,0.04610531597026743,0.82,2800000.0,3185733.0,6843507.0,3.84,1.21,-0.006508246256208716,1.1268644734990605
2023,2305,全友,126368.0,0.27181723221068627,-0.24518074195998987,0.15295802734869587,0.08,2056608.0,-67890.0,172741.0,0.11,0.17,0.36696790326664974,0.12847427707293307
2023,2527,宏璟,221729.0,0.41144820930054254,0.07076205638414461,0.10651741540348804,0.11,2703060.0,3201857.0,1825687.0,2.59,1.01,7.233866566845112,0.7194344948900426
2023,1615,大山,990803.0,0.13155793835908855,0.08570220316248538,0.08653082398821965,0.58,1637228.0,1017742.0,1442586.0,0.94,0.37,0.45597661694605285,0.7624359909180018
2023,3669,圓展,706064.0,0.5639219674137189,0.03844835595640055,0.23988618595481428,1.82,929200.0,1725309.0,664481.0,0.67,1.05,-0.05889409458632644,1.7154521387154644
2023,2104,國際中橡,4074526.0,0.016302264361547823,-0.08411481482754067,-0.09693274751468023,-0.37,9847336.0,10820794.0,4712400.0,0.01,0.57,0.15655170687338837,-0.4638674656660229
2023,4968,立積,737954.0,0.2412684259452486,-0.12781555489908586,-0.0737959276594476,-0.6,902832.0,700959.0,738381.0,-0.5,1.1,0.0005786268520802107,-0.6035398707745249
2023,6239,力成,17217598.0,0.16777421566004735,0.10692949155857862,0.10101362571016004,1.8,7591466.0,42707687.0,18448971.0,2.1,3.2,0.07151828030832186,2.4548584572882195
2023,2417,圓剛,892354.0,0.5417502470992454,-0.04353989560196962,0.14140352371368314,0.31,1582089.0,1218087.0,863417.0,0.11,0.07,-0.03242771366520458,0.7717025163204925
2023,6128,上福,1314442.0,0.4169647652768247,0.09699096650898252,0.06909015384474933,0.71,1275887.0,1359707.0,1297954.0,0.73,2.24,-0.012543725778695447,0.7028509699010004
2023,6230,尼得科超眾,2752614.0,0.18829229234465858,0.061212360323677786,0.09440517268312956,3.01,863434.0,4303447.0,2846668.0,2.16,2.7,0.034168975381219546,3.112457745601158
2023,6655,科定,592209.0,0.47923283840671116,0.1356632540201179,0.08169244303953503,0.67,740334.0,1391258.0,603374.0,1.26,1.57,0.018853141374075788,0.6657953859546692
2023,1459,聯發,226074.0,-0.18376283871652646,-0.29830497978538,0.1944230650141104,0.14,3586289.0,-86925.0,273799.0,0.15,-0.69,0.21110344400506031,0.14843433080211443
2023,3653,健策,2838504.0,0.3110406044874342,0.19658524349446047,0.1984770851124395,4.15,1406278.0,3700141.0,3276443.0,5.41,5.2,0.15428514456911113,4.624255347641481
2023,1227,佳格,6323469.0,0.21233661460189018,0.02649147169061792,0.029244074731765112,0.2,9150897.0,7737078.0,7925667.0,0.55,0.53,0.25337326711018915,0.2532853315331651
2023,6805,富世達,1415120.0,0.2221062524732885,0.14321400305274465,0.12600698174006444,2.95,604539.0,1123826.0,1563841.0,7.48,,0.10509426762394702,3.2595892792915615
2023,2201,裕隆,19501335.0,0.3605569054631388,0.11741032088316004,0.11645684769786274,1.12,10700000.0,30846708.0,20473722.0,1.2,-0.13,0.04986258633062812,2.2283225465068988
2023,2369,菱生,1440754.0,0.0504735714771571,-0.026392430630072863,0.0011375987850805898,0.01,3801023.0,665578.0,1499895.0,-0.05,-0.09,0.041048645362081304,0.004488998697846478
2023,3550,聯穎,922875.0,0.1415467966951104,-0.038597859948530405,-0.02206040904781254,-0.23,875500.0,829806.0,957410.0,-0.98,-0.25,0.037421102532845696,-0.2412433606678036
2023,2702,華園,369177.0,0.8150697361970004,0.100098326818843,0.0878467510164501,0.22,1566133.0,1591516.0,376934.0,0.54,0.35,0.021011601481132347,0.21142793905520543
2023,2440,太空梭,695956.0,0.018942289455080495,-0.03287420469110116,-0.0662283247791527,-0.33,1391173.0,-65465.0,796523.0,-0.12,0.03,0.14450195127278165,-0.37919355779665836
2023,2739,寒舍,1107118.0,0.36995153181503687,0.07564144020781886,0.03527266289591534,0.42,1015260.0,-804281.0,1146751.0,1.44,-0.94,0.035798352117841103,0.39840987972099573
2023,9904,寶成,63095229.0,0.23770233086878884,0.028413447869410222,0.0663303876747955,1.19,29467872.0,95114651.0,58294141.0,2.06,1.94,-0.07609272644053644,1.312165660180413
2023,2062,橋椿,1912954.0,0.12026217044424486,0.04765666085018249,0.052386518442158046,0.5,1999942.0,3512639.0,2024644.0,0.72,1.16,0.05838613996991038,0.5303356309573208
2023,3023,信邦,8723328.0,0.25698254152543615,0.06198895650834177,0.08021491339085267,3.82,2395461.0,7226445.0,8264009.0,3.64,3.58,-0.05265410173731855,2.7673035219368085
2023,2880,華南金,,,,,0.4,136427459.0,51802644.0,15773960.0,0.47,0.43,,
2023,9905,大華,2351779.0,0.11737880132444417,0.05734977648835201,0.05115659251996042,0.4,3050000.0,3987632.0,2507432.0,0.59,0.53,0.06618521553258194,0.4205628757229816
2023,2887,台新新光金,,,,,0.25,135770618.0,37612833.0,16461099.0,0.22,0.26,,
2023,3518,柏騰,102242.0,0.279347039377164,-0.04621388470491579,-0.01157058742982336,0.01,807422.0,77026.0,98131.0,-0.18,-0.31,-0.040208524872361706,-0.014062452039652078
2023,2405,輔信,397037.0,0.3860547001916698,-0.03246800676007526,0.03399683152955518,0.04,3434273.0,239549.0,455018.0,0.03,0.11,0.1460342486972246,0.04504350786590099
2023,2832,台產,1718693.0,,0.20833447276506042,0.16836747458679358,0.8,3622004.0,6742902.0,1725330.0,0.88,0.71,0.00386165533926075,0.8020130704682615
2023,2211,長榮鋼,3436966.0,0.3205769274412374,0.2824438763723586,0.6105643756731954,4.47,4170915.0,10990383.0,3091036.0,2.19,1.28,-0.10064981730980171,4.5248499802162625
2023,3437,榮創,472403.0,0.2300493434631025,-0.036636092488828396,-0.030325802334024127,-0.07,1445480.0,108164.0,573485.0,0.15,-0.66,0.2139740856853154,-0.12031569272164144
2023,1445,大宇,353787.0,0.16119868734577586,0.023109950337349874,0.03950116878234644,0.11,1306660.0,233499.0,295821.0,0.08,0.15,-0.16384434702236095,0.08942858318432115
2023,1532,勤美,4661540.0,0.23395680397465216,0.11628710683593833,0.09986442248698928,0.85,3761252.0,7337073.0,5421383.0,1.02,0.52,0.1630025699661486,1.4394230494946398
2023,2303,聯電,56296408.0,0.3597414598814191,0.27843238239995705,0.28237455220944113,1.27,125031392.0,188774106.0,57068867.0,1.29,2.19,0.013721283958294528,1.2888599819975732
2023,6789,采鈺,1936874.0,0.1895146509272157,0.07968561713358742,0.0926580665546649,0.57,3158321.0,6055386.0,1828700.0,0.22,1.17,-0.05584978682144526,0.5364996348012622
2023,1783,和康生,170919.0,0.6799653637102955,0.3113521609651355,0.3647868288487529,0.74,889341.0,189791.0,159427.0,0.41,0.55,-0.06723652724389917,0.6539321785779597
2023,2059,川湖,1313864.0,0.5914166154183386,0.4618103548008013,0.5439307264678841,7.5,952971.0,13159176.0,1423009.0,10.31,15.56,0.08307176389641535,8.122160266580382
2023,2910,統領,185916.0,0.5267755330364251,0.2431904731168915,0.2128541922158394,0.23,2087250.0,1174472.0,121772.0,0.26,0.2,-0.34501602874416404,0.12418100704039858
2023,6196,帆宣,13622365.0,0.10071885461885656,0.051929896167075246,0.059031526464017076,4.18,1961248.0,5972810.0,13549726.0,2.91,4.23,-0.005332333996336147,4.078326702942108
2023,1434,福懋,7228933.0,0.07717542824093127,-0.0023475110365526975,0.06448296034836676,0.28,16846646.0,19117685.0,7141422.0,0.03,0.35,-0.01210565929992713,0.27334819741386746
2023,6205,詮欣,282218.0,0.32713717764281514,0.05830599040458086,0.06398599664089463,0.23,800347.0,1096162.0,264063.0,0.45,1.09,-0.06432970257035342,0.21111260779367647
2023,6799,來頡,257004.0,0.4558683911534451,0.26916701685576877,0.2312571010567929,1.48,418361.0,472927.0,282711.0,1.5,1.74,0.10002568053415506,1.562739507192759
2023,2327,國巨*,26756512.0,0.3317569943346876,0.1900554900429473,0.13874977426056131,8.92,4221072.0,80959005.0,27359066.0,11.61,12.09,0.022519900949720117,8.99312836047288
2023,8940,新天地,316561.0,0.5117591870129296,0.03979011943985519,0.011536481120542329,0.07,674910.0,-148383.0,288515.0,-0.1,-0.38,-0.0885958788353588,0.049316914114374805
2023,9906,欣巴巴,2532875.0,0.27504081330503877,0.2020154962246459,0.15573764990376548,4.73,833439.0,549865.0,463148.0,1.23,0.59,-0.8171453387948477,0.8654452344758187
2023,6414,樺漢,28961587.0,0.19785200306875447,0.05082722158837497,0.053973872357201975,5.15,1241354.0,5502961.0,29962664.0,6.12,6.15,0.03456568177703789,13.027718138562657
2023,1582,信錦,2162391.0,0.195628820134749,0.05755018403239747,0.07868697196760438,1.38,1237258.0,2304219.0,2516101.0,2.04,1.3,0.16357356278304902,1.6001866130965519
2023,2505,國揚,21683.0,0.4777475441590186,-2.3271687497117557,2.4153945487248074,0.14,3800000.0,5330979.0,149735.0,0.11,0.3,5.905640363418346,0.9517607967192342
2023,2353,宏碁,58260653.0,0.10736910209365487,0.01795618391026273,0.027381378646751522,0.47,30478538.0,12244160.0,67474805.0,0.66,0.62,0.15815394310805275,0.6061816957298684
2023,1536,和大,1781924.0,0.21031424460302459,0.10846534420098725,0.1208429764681322,0.77,2795175.0,2172520.0,1564642.0,0.4,1.17,-0.12193673804269989,0.6764370616761072
2023,9929,秋雨,155565.0,0.08000514254491692,-0.035984958056118024,0.12120335551055829,0.18,1012800.0,76782.0,176615.0,0.13,0.14,0.13531321312634592,0.21135792489629987
2023,2401,凌陽,1418296.0,0.47153979141166585,-0.029409234743664227,-0.0013057923028761275,-0.14,5919949.0,1904335.0,1545595.0,-0.09,0.03,0.08975488896534989,-0.0034091950021255726
2023,5522,遠雄,1013739.0,0.2354827031415384,-0.0024809147127613715,0.0077958922365618764,0.01,7815962.0,26956064.0,4966603.0,0.77,1.84,3.8992916322643207,0.04953849797348673
2023,3031,佰鴻,278476.0,0.2270177681380083,0.022565678909493098,0.07775894511555753,0.13,1732032.0,618059.0,254375.0,0.26,0.2,-0.0865460578290409,0.11420072876118886
2023,9934,成霖,4685791.0,0.300219536039913,0.03546850467722525,0.03554703997681501,0.42,4084140.0,1089106.0,4798614.0,0.47,0.26,0.02407768506960717,0.41765591701387367
2023,2753,八方雲集,1771774.0,0.3563298705139595,0.09770546356363735,0.07948417800464393,2.17,663448.0,1578750.0,1925239.0,2.24,2.69,0.08661657750932106,2.306526500607171
2023,2607,榮運,4060962.0,0.23325778473179506,0.14327959729738915,0.30431557842698354,1.14,10671411.0,12072604.0,4346730.0,0.68,0.88,0.07036953313032734,1.2395527210187312
2023,8249,菱光,905563.0,0.19747052386195107,0.09125924977058471,0.059509940225031276,0.48,1490550.0,1556192.0,733594.0,1.27,2.32,-0.1899028560133309,0.2928860829186649
2023,2342,茂矽,371492.0,0.11067533082812012,-0.048582472839253606,0.008920784296835464,0.02,1561567.0,411461.0,407486.0,-0.05,1.28,0.09689037718174287,0.02327850620549932
2023,2108,南帝,2247278.0,0.24182232905764217,0.08996350251281773,0.13408532455708638,0.48,4924167.0,8937764.0,2360657.0,0.4,0.33,0.05045170201461491,0.6428081338690541
2023,2704,國賓,275157.0,0.27228091598614607,-0.08421737408097922,1.8185872065766089,1.36,3669234.0,5059932.0,311775.0,-0.15,0.23,0.1330803868336985,1.5452544763577962
2023,1531,高林股,400401.0,0.1442379015037425,-0.13067150181942602,-0.04290199075426884,-0.09,1836081.0,1670123.0,360203.0,0.46,0.36,-0.1003943546594539,-0.08416527253242041
2023,2634,漢翔,9540461.0,0.12405658384851634,0.08810119343289596,0.079002681316972,0.8,9418671.0,6734509.0,9978883.0,0.7,0.61,0.04595396385981765,0.8370167230051347
2023,6449,鈺邦,703138.0,0.26794597930989367,0.12887086176540025,0.15631782096828786,1.25,889535.0,1093140.0,822109.0,1.45,1.16,0.1692000716786748,1.444690624634423
2023,2312,金寶,39402705.0,0.0642716788098685,0.017924480057904653,0.004081902498825905,0.09,14968542.0,1616475.0,39635764.0,0.24,0.3,0.005914796966350444,0.10808622784668932
2023,1904,正隆,10376087.0,0.15316188077451548,0.016134020464554703,-0.002134523351625714,-0.02,11082745.0,16679462.0,10327044.0,0.12,0.2,-0.004726540939758883,-0.019889762483271265
2023,9938,百和,2707641.0,0.26805843167539567,0.01798133504404757,-0.020987642010148317,0.25,2979639.0,7709444.0,3484197.0,0.85,1.35,0.2868016845660115,-0.24541590215738462
2023,8046,南電,10133643.0,0.18968578229961328,0.14250768455135038,0.1551801262389054,2.43,6461655.0,22163754.0,10227384.0,1.67,8.54,0.009250473891768252,2.4561613707537178
2023,2429,銘旺科,166931.0,0.09769305880872936,-0.06557200280355356,-0.07767880142094638,-0.28,437482.0,-276473.0,110861.0,-0.12,-0.23,-0.3358872827695275,-0.19684351823223667
2023,3416,融程電,688477.0,0.38371071219517866,0.2198984134546252,0.21722875273974293,1.95,768330.0,975932.0,679051.0,2.05,2.25,-0.01369108917218731,1.9198703913250188
2023,4566,時碩工業,1019424.0,0.2068334667420033,0.03450379822331042,0.08122724205041278,1.01,823959.0,897727.0,1053843.0,1.51,2.31,0.03376318391562294,1.0388958727816937
2023,1597,直得,285978.0,0.4660183650490597,0.16329228122442985,0.15396638902293183,0.5,892619.0,1163205.0,245156.0,0.29,0.82,-0.1427452461378148,0.42286556825819166
2023,1587,吉茂,575657.0,0.19887884625740676,0.03213719280752254,0.03547251227727623,0.3,686244.0,343960.0,498657.0,0.22,0.65,-0.13376020790158027,0.2577598719209164
2023,3312,弘憶股,3740938.0,0.03218363950431683,0.0034860240934225586,0.007137247396241264,0.18,1626254.0,533563.0,4151352.0,0.91,0.64,0.10970884842250794,0.18219310300162805
2023,2467,志聖,728682.0,0.3865609415355395,0.07857611413483523,0.10883073823698129,0.49,1567553.0,1034214.0,904861.0,1.08,1.45,0.2417776204160389,0.6282192093782675
2023,4562,穎漢,154939.0,0.3216878900728674,-0.16782088434803374,-0.2465873666410652,-0.42,875460.0,-146551.0,208855.0,0.08,0.07,0.3479821090880928,-0.5882736442535316
2023,1231,聯華食,2420438.0,0.2040543901558313,0.06885571950200749,0.04025676344529379,0.3,2466566.0,2553035.0,2795238.0,0.67,1.04,0.15484800684834732,0.4562101113016887
2023,5607,遠雄港,694671.0,0.5638841984191078,0.409801186460929,0.28708554121303465,0.58,3013770.0,1604117.0,746474.0,1.26,0.92,0.07457199163344952,0.711075803035596
2023,2701,萬企,72797.0,0.6720743986702749,0.5603390249598198,0.7602648460788219,0.13,4499678.0,2572204.0,79379.0,0.25,0.2,0.0904158138384823,0.13411862630368396
2023,1413,宏洲,448476.0,-0.04612955877237578,-0.07958062415826042,-0.07728172745029835,-0.27,1321124.0,-154019.0,534078.0,-0.3,-0.05,0.19087309019880672,-0.3124193522576264
2023,1515,力山,1022151.0,0.10390343501106979,-0.01632439825426967,0.010156033697565233,0.05,1814735.0,1745464.0,2335980.0,1.16,-0.24,1.2853570558557394,0.13073143790602174
2023,1726,永記,2173919.0,0.24485042910982424,0.10021026542387274,0.08725670091663949,1.17,1620000.0,7879661.0,2199363.0,1.35,1.07,0.011704207930470334,1.1846244413464382
2023,3041,揚智,328159.0,0.2207740759814602,-0.7946574678738051,-0.8543389027879777,-1.45,1939619.0,-389054.0,283176.0,-1.33,0.01,-0.13707684384703755,-1.2472979133318884
2023,5608,四維航,901060.0,0.06952700153152953,-0.011870463676114797,-0.3007779726100371,-0.66,3692671.0,2451123.0,868223.0,-0.4,1.84,-0.03644263423079486,-0.7071909566636297
2023,2031,新光鋼,3868377.0,0.05652965054853754,0.022473249117136204,0.11887310879989205,1.36,3211463.0,5123531.0,4444013.0,1.33,-0.48,0.1488055585068364,1.644962563346159
2023,1721,三晃,499699.0,-0.11139505982601526,-0.20506945180998962,-0.16036253824802532,-0.43,1848841.0,356721.0,522521.0,-0.42,0.04,0.04567149423953221,-0.45321795572413437
2023,2642,宅配通,1038136.0,0.13468370232801868,0.027008985335254726,0.041983901916511905,0.45,954670.0,464857.0,1089468.0,0.33,0.34,0.049446315318994793,0.47911967122857524
2023,5534,長虹,514951.0,0.26332408326229095,0.11793355095921748,0.009564016770527681,0.01,2903260.0,13998967.0,1800916.0,1.14,1.0,2.4972570205708893,0.059326380779921986
2023,3138,耀登,381508.0,0.4363709280015098,0.11944703649726873,0.1117093219539302,0.91,467111.0,609634.0,464146.0,1.55,1.96,0.2166088260272392,1.1100024394122359
2023,3017,奇鋐,14870889.0,0.20113148581769388,0.10405490888944165,0.09047286951035678,3.18,3833101.0,12689542.0,15768820.0,3.72,3.51,0.06038179694569701,3.721922261355243
2023,1442,名軒,245787.0,0.460288786632328,0.2827732955770647,0.29161428391249333,0.2,3662113.0,1027341.0,307345.0,0.1,0.14,0.25045262768169185,0.2447390129389379
2023,2816,旺旺保,2608053.0,,0.21834717315944116,0.21696031484022757,2.53,2236080.0,3399727.0,2629619.0,1.26,0.04,0.008269003735736913,2.5514425519205233
2023,2539,櫻花建,409718.0,0.4079244748827242,-0.007939607242054291,-0.06531077472798363,-0.04,8556305.0,1659560.0,2301299.0,0.61,0.85,4.616787644184536,-0.17565949387116753
2023,1474,弘裕,574815.0,0.07979088924262588,-0.03945443316545323,-0.040145090159442606,-0.18,1298970.0,737492.0,725181.0,-0.28,0.2,0.2615902507763368,-0.22411954569323964
2023,3711,日月光投控,136275352.0,0.15953598857700987,0.06906727344208217,0.060149747402597056,1.8,43764308.0,95908613.0,154166845.0,2.04,4.03,0.13128928113133775,2.118872023431819
2023,2424,隴華,20850.0,-0.6859952038369305,-2.3185611510791366,-2.6568345323741007,-1.13,485250.0,-555601.0,16570.0,-1.21,-1.26,-0.20527577937649877,-0.9072384997720526
2023,3645,達邁,446703.0,0.1915232268419957,-0.0335301083717817,-0.052300969547999454,-0.15,1318170.0,910315.0,506423.0,0.5,-0.45,0.13369061770348534,-0.2009332172739975
2023,2399,映泰,540807.0,0.08061840915520695,-0.04528232807637475,0.034361611443638855,0.1,1781000.0,448842.0,549824.0,-0.14,0.17,0.016673230930812633,0.10607994750357827
2023,6214,精誠,8331419.0,0.23549745847616113,0.0524820561779452,0.05327423815798965,1.72,2723033.0,5399690.0,8299492.0,1.35,1.26,-0.003832120314678722,1.6237376241798387
2023,3588,通嘉,264033.0,0.3377873220392905,-0.06352615014032337,-0.049709695378986715,-0.22,585593.0,641811.0,333220.0,0.43,0.19,0.26203921479512027,-0.2828630925264809
2023,1718,中纖,,,,,-0.17,16862097.0,3238882.0,10435851.0,0.0,-0.26,,
2023,3035,智原,2917006.0,0.4356233754747162,0.14404632695304706,0.1328629423456791,1.66,2485503.0,4602715.0,2962480.0,1.43,2.41,0.015589272013838862,1.583598207043916
2023,1460,宏遠,1606604.0,0.11785604915710406,-0.08429768629979759,-0.07686461629623728,-0.18,6946434.0,386474.0,2023036.0,-0.67,-0.05,0.2592001513751989,-0.22385570192342527
2023,2206,三陽工業,17387652.0,0.21546359450948294,0.10831203661080864,0.13921989006911342,2.86,7974896.0,11794618.0,16688028.0,1.6,1.17,-0.04023683013669699,2.913273632195689
2023,2207,和泰車,,,,,12.47,5571028.0,43009149.0,69360620.0,11.39,-24.99,,
2023,2351,順德,2824088.0,0.155318814427879,0.08134732345450991,0.07404514306919614,1.12,1821403.0,4277412.0,2749118.0,1.14,1.4,-0.026546623193045016,1.1175936112112606
2023,8114,振樺電,2544439.0,0.39047860844767746,0.14343122393580668,0.09695496728355445,1.8,755858.0,2065172.0,2544289.0,2.2,4.28,-5.895209120754252e-05,3.2635952355456643
2023,5880,合庫金,,,,,0.3,147093822.0,47361268.0,15694452.0,0.34,0.42,,
2023,2228,劍麟,1173319.0,0.21482222652151717,0.07981716822108906,0.09603185493459153,1.49,757803.0,2822542.0,1340933.0,1.86,2.51,0.14285458600772682,1.6992844226402721
2023,8473,山林水,1049365.0,0.14472180795052245,0.09484593063424071,0.016360370319193036,-0.08,1470040.0,94691.0,831689.0,0.26,-1.92,-0.20743592553591939,0.09256033870098321
2023,6405,悅城,56120.0,0.022540983606557378,-0.467712045616536,-0.18843549536707058,-0.16,658000.0,1405388.0,46427.0,-0.19,0.46,-0.17271917320028507,-0.1329558471642399
2023,6409,旭隼,5198194.0,0.3178790556874176,0.2223612662397748,0.254324867444347,15.16,877466.0,4841902.0,4463463.0,7.21,17.29,-0.14134351276616453,12.936907365273953
2023,2488,漢平,651121.0,0.2757075873762327,0.16093168550853068,0.13702368684161623,1.12,799994.0,1486557.0,866585.0,1.92,1.79,0.33091238034098125,1.484294527979485
2023,2347,聯強,94949700.0,0.0440311343795715,0.021351231230851704,0.019045315572350414,1.02,16679470.0,46008270.0,99856915.0,1.01,5.01,0.05168225913299351,1.1402079671934249
2023,6442,光聖,698592.0,0.35830928496175163,0.09539616829279465,0.10155999496129357,1.07,663000.0,1145506.0,666622.0,1.02,2.34,-0.045763478539691316,1.021148219624245
2023,2106,建大,8704003.0,0.18394260663742878,0.03291554472120471,0.04450837160786824,0.43,9548900.0,10218005.0,8950686.0,0.45,0.25,0.02834132754779617,0.41720036719762876
2023,2820,華票,,,,,0.2,13429600.0,11367621.0,483854.0,0.23,0.24,,
2023,4414,如興,3533546.0,0.19000941264101273,0.008483828992179527,-0.013823790605810706,-0.03,8189149.0,-7393733.0,4007794.0,0.0,,0.13421305396901584,-0.06765404445226789
2023,2332,友訊,4151226.0,0.25252347137929854,0.010750318098797802,0.09953734149863197,0.65,5998365.0,3346583.0,3824441.0,0.02,0.0,-0.07872011786397559,0.6346307533108931
2023,2301,光寶科,37293020.0,0.23270381427945497,0.11597432978074718,0.11287487578104428,1.83,23683522.0,41386254.0,39957358.0,2.0,1.85,0.07144334248071083,1.9043543526966622
2023,3706,神達,9233431.0,0.11110279591627424,0.015520666153242494,0.07704622474570937,0.59,12065568.0,22678843.0,9778194.0,0.52,7.17,0.05899897881946581,0.6243990606419414
2023,6901,鑽石投資,-1405814.0,1.0,1.0237641679482492,1.022593316043232,-2.27,7493000.0,1952232.0,-1255392.0,-3.67,,-0.10699993028949772,-1.7132730124304616
2023,2014,中鴻,9734937.0,-0.011786003340340056,-0.02582461499237232,-0.02199428717412347,-0.15,14355444.0,2076104.0,9400390.0,-0.08,-0.78,-0.03436560503678654,-0.14402541447604025
2023,3026,禾伸堂,3341769.0,0.18536050816199445,0.06403644297376629,0.04891900068496655,1.23,1658903.0,4854555.0,3453286.0,1.09,1.17,0.03337064889883168,1.018331392488804
2023,2008,高興昌,338126.0,0.05621868770813247,-0.02333745408516352,0.9755830666674553,1.7,1908523.0,1121209.0,367124.0,0.23,0.26,0.08576092935769508,1.8766342232565336
2023,2705,六福,460890.0,0.2585627807068932,-0.08395061728395062,-0.20168586864544685,-0.49,1913128.0,-607806.0,610824.0,-0.09,0.21,0.32531406626309955,-0.643943160256326
2023,3022,威強電,1913890.0,0.3595248420755634,0.16315880223001322,0.18013783446279566,1.96,1765978.0,7204596.0,1859182.0,2.76,3.47,-0.028584714900020347,1.896450688243055
2023,8222,寶一,165783.0,0.18171344468371306,0.012733513086384008,0.1670557294776907,0.4,685735.0,64369.0,184224.0,0.42,0.47,0.11123577206348068,0.4487983653641435
2023,2233,宇隆,794762.0,0.29643213943293717,0.12106894894320563,0.17080081835820032,2.24,602881.0,2020925.0,897517.0,2.58,2.79,0.1292902780958325,2.5427346041822
2023,3533,嘉澤,5722130.0,0.45250020534311525,0.26220550738973075,0.22940181366029783,11.57,1113298.0,15427852.0,6473241.0,16.83,17.92,0.1312642320254871,13.338506183072276
2023,3030,德律,936067.0,0.5722731385680726,0.21197307457692666,0.21998104836512772,0.87,2362160.0,4314110.0,1027145.0,1.04,2.06,0.09729859080600001,0.9565500809555623
2023,2368,金像電,6928593.0,0.23768519813474395,0.15024507861841502,0.11797705537040493,1.68,4918391.0,7528753.0,8222779.0,2.4,2.7,0.18678915040903687,1.9723914861213816
2023,3033,威健,17510754.0,0.060056123225761725,0.02512244761133644,0.007743926960540934,0.32,4265280.0,2488059.0,18664876.0,0.6,0.88,0.06590932634882551,0.3388744384226907
2023,8438,昶昕,789466.0,0.11340197044584567,0.027475534095198526,0.024626773033924198,0.28,699430.0,379201.0,757160.0,0.38,0.14,-0.04092133163429457,0.266594333533964
2023,1618,合機,964403.0,0.08842568926060994,0.05793221298565019,0.0780959826960306,0.39,1926917.0,2041612.0,1408816.0,0.47,0.21,0.46081669177719276,0.5709787705328825
2023,6438,迅得,1621089.0,0.28552164625137794,0.14626957557543108,0.10456366060099107,2.38,714317.0,1377384.0,1237969.0,2.55,3.2,-0.23633495755014067,1.8121726117472818
2023,2331,精英,6523573.0,0.18411137577520786,0.06399621802346658,0.06685477421652214,0.78,5574030.0,1271809.0,4452092.0,0.5,0.74,-0.3175377971550253,0.533982783464001
2023,2308,台達電,100551392.0,0.2920967717682118,0.10226229389246048,0.09470966846485825,3.14,25975433.0,103976877.0,107795435.0,3.6,4.26,0.07204318961591305,3.9303560063369023
2023,6743,安普新,1038801.0,0.161223371945156,0.02470733085547665,0.004486903651421206,0.03,1500000.0,493046.0,1019850.0,0.02,0.26,-0.01824314762885293,0.030506457926012778
2023,1449,佳和,622233.0,0.10893186314451339,-0.03588366415796012,0.02632454402129106,0.1,832944.0,88038.0,797177.0,0.44,0.54,0.2811551299914983,0.2519415594477029
2023,2324,仁寶,243870673.0,0.04348006207372052,0.011319159315232627,0.010012647154174213,0.48,44071466.0,69050566.0,251714171.0,0.55,0.47,0.03216253067050823,0.5718723261732367
2023,6582,申豐,241708.0,0.14107518162410843,-0.10619011369089976,-0.03271302563423635,-0.08,1061741.0,3774017.0,187298.0,0.25,0.61,-0.22510632664206398,-0.05770789933930403
2023,8112,至上,37598893.0,0.03997240025125208,0.02538638571087718,0.013901925250831188,1.16,4584965.0,4465684.0,40630253.0,1.56,1.02,0.08062365027608664,1.2319368634839298
2023,1471,首利,66695.0,-0.026523727415848266,-0.5019866556713397,-0.511177749456481,-0.23,1504145.0,-743550.0,69786.0,0.06,-0.13,0.046345303246120295,-0.23716497028923397
2023,2497,怡利電,854803.0,0.2198646939704236,0.04244135783332534,0.052518533510060215,0.37,1227985.0,420480.0,1094531.0,0.79,0.99,0.28044824363040366,0.46810965118710507
2023,8215,明基材,4635046.0,0.17645887441030791,0.03435240987899581,0.03906929942011363,0.44,3206745.0,2270211.0,4602302.0,0.59,1.66,-0.007064439058425687,0.5607203405939287
2023,2609,陽明,35046373.0,0.10130246573589798,0.044851488626226746,-0.00037421846762859026,-0.03,34921043.0,213506242.0,35901113.0,0.8,14.25,0.024388829052296,-0.003847210260306618
2023,1236,宏亞,390695.0,0.24694454753708137,-0.06475895519522902,-0.04319737902967788,-0.16,1083425.0,984777.0,541243.0,0.26,0.13,0.38533382817799056,-0.21579970019299854
2023,2114,鑫永銓,395808.0,0.42848552833697146,0.35071044546851,0.3107592570135015,1.58,779918.0,1801911.0,400132.0,1.58,1.42,0.010924488640957186,1.5943307248624392
2023,4961,天鈺,4340870.0,0.3203281830600778,0.14353942873202838,0.15165462223010595,3.13,1865453.0,6372633.0,4241538.0,3.82,2.48,-0.022882970464446095,3.4482179023788815
2023,2373,震旦行,2898858.0,0.4716057150781446,0.09581635250847058,0.11216485940325466,1.33,2362025.0,3582406.0,2802835.0,1.41,2.27,-0.03312442347986688,1.3309748783587019
2023,2382,廣達,245029412.0,0.08522376489235504,0.04606493933879252,0.04192741155498508,2.63,38626274.0,112185245.0,286504589.0,3.32,2.4,0.16926611651012746,3.1099028126282264
2023,1309,台達化,3587679.0,0.034263098788938476,-0.02376801269009853,-0.004586530734773094,-0.04,3975868.0,2733730.0,3982422.0,-0.18,0.03,0.11002740211707907,-0.04594091378747115
2023,2468,華經,777837.0,0.11175220515352188,0.04467516973350458,0.03538273442893562,0.39,699612.0,437605.0,484524.0,0.21,0.19,-0.3770880017278684,0.245047026300944
2023,1215,卜蜂,7412017.0,0.1788152941365353,0.10423465029829262,0.0807487354656634,2.04,2947901.0,4884875.0,7306357.0,2.2,1.01,-0.01425522904224319,2.0013531275666927
2023,2484,希華,581264.0,0.27376372870158827,0.12032742437171406,0.12065257783038344,0.44,1594210.0,1287834.0,588632.0,0.59,1.72,0.012675823722095192,0.4454869069536276
2023,2908,特力,9167237.0,0.2303111613673782,0.004262025733598902,0.007610253776574119,0.13,5098875.0,2038165.0,9175432.0,0.1,0.29,0.0008939443804059088,0.13694661279144718
2023,4746,台耀,1086934.0,0.4587334649573939,0.144995004296489,0.05356442985498659,0.69,1202560.0,2747257.0,1129227.0,-0.95,4.09,0.038910366222788095,0.5029803122659737
2023,2636,台驊控股,3416024.0,0.19760224167043322,0.08005242351927269,0.15754134045896634,3.79,1433912.0,4782202.0,3828397.0,4.03,3.04,0.12071724320438038,4.206191141360733
2023,2481,強茂,3541090.0,0.25124100206433614,0.08373918765125993,0.10239389566489414,0.79,3821149.0,3640801.0,3273424.0,0.64,1.12,-0.07558858995394069,0.8771671440264707
2023,2375,凱美,1260489.0,0.1673025310018572,0.06388155707824503,0.1433475421046911,1.66,1086753.0,3410028.0,1254257.0,1.28,1.59,-0.0049441129593356115,1.6544206284004144
2023,1466,聚隆,599716.0,0.008245569569596276,-0.08647259702926052,-0.07453861494440701,-0.41,1111573.0,-63932.0,650667.0,-0.17,-0.4,0.08495854704560157,-0.43631697576346745
2023,3060,銘異,596291.0,0.0951146336268701,-0.08873184401575741,-0.09823727005774026,-0.38,1375632.0,589485.0,750233.0,0.08,0.09,0.25816589551074887,-0.53575986766249
2023,5244,弘凱,199600.0,0.4348246492985972,0.1604258517034068,0.17877755511022045,0.52,679441.0,576908.0,225019.0,0.65,0.4,0.1273496993987977,0.5920800580675392
2023,4426,利勤,263633.0,0.10311303971809295,-0.11859668554391901,-0.04173225658396331,-0.07,1726773.0,907332.0,354530.0,0.12,0.13,0.34478612313329515,-0.08568200294255536
2023,9927,泰銘,2379646.0,0.1589904548827851,0.13191836096629497,0.12988990799471853,1.84,1673185.0,3559449.0,2324903.0,2.04,0.93,-0.0230046822090344,1.8048299307407436
2023,1732,毛寶,153375.0,0.3854148329258354,0.004035859820700896,0.005561532192339038,0.02,424439.0,59323.0,129016.0,0.01,0.06,-0.1588198859005705,0.016905294690799228
2023,4540,全球傳動,743593.0,0.2012713944321692,0.059169465016480786,-0.0414823700599656,-0.33,951588.0,651242.0,630000.0,0.3,1.15,-0.1527623310063435,-0.2746345386635637
2023,2423,固緯,721347.0,0.5172850237125821,0.16979622844484,0.1228257690126943,0.61,1450472.0,1177862.0,736410.0,0.78,0.82,0.020881767027519427,0.6235909728601324
2023,2388,威盛,3150779.0,0.2828348164057206,0.008639768133531421,0.041813151604730134,0.2,4984948.0,6512145.0,3251039.0,0.18,0.41,0.03182070211842847,0.2726932890370978
2023,3686,達能,5263.0,-0.029450883526505794,-2.6733802014060424,-1.9606688200646019,-0.14,764951.0,-49832.0,11747.0,-0.04,-0.16,1.2319969599087974,-0.3010908754848203
2023,6426,統新,69244.0,-0.12874761712206112,-0.7495667494656577,-0.5939431575298942,-1.06,385090.0,96357.0,100690.0,-0.19,0.91,0.45413321009762586,-1.5529911587339336
2023,4536,拓凱,2502470.0,0.32903411429507645,0.18857408880026533,0.2010813316443354,5.2,908200.0,5242537.0,1987200.0,4.19,9.37,-0.20590456628850695,4.399788837740843
2023,6581,鋼聯,603248.0,0.43086757021987643,0.32934050340821686,0.2747924568336737,1.49,1112709.0,1746311.0,411091.0,0.56,1.93,-0.31853731798530616,1.0152223615717295
2023,2509,全坤建,54802.0,0.2821429874822087,-0.3521039378124886,-1.137148279259881,-0.28,2245505.0,1392082.0,57572.0,-0.23,-0.13,0.050545600525528256,-0.29155090161700764
2023,3406,玉晶光,2666070.0,0.3011575089926371,-0.05301023604031402,0.044013097930661986,0.99,1127431.0,8401012.0,8846120.0,13.92,15.35,2.3180374108706823,3.4533833632957367
2023,5269,祥碩,1557585.0,0.521445057573102,0.2581123983602821,0.31460305537097494,7.08,693648.0,5606172.0,1733972.0,9.74,10.76,0.11324390001187745,7.864405132397414
2023,3532,台勝科,3638953.0,0.346541986115237,0.2839404630947418,0.27207661104718855,2.56,3878483.0,14304637.0,3627849.0,2.43,3.99,-0.0030514271550086125,2.5449456947753335
2023,6658,聯策,311961.0,0.2196107846814185,0.011472587919643801,0.03121544039158741,0.36,300280.0,319918.0,379970.0,1.02,,0.21800481470440225,0.39499570019952934
2023,3013,晟銘電,1350195.0,0.10179492591810813,0.0038238921044737983,0.05659552879398902,0.39,1959350.0,838328.0,1771441.0,0.42,0.69,0.31198900899499704,0.5116780571227841
2023,2476,鉅祥,1441874.0,0.2704085100362445,0.11074407333789221,0.18305691065932253,1.26,1906543.0,3388816.0,1470794.0,1.29,1.65,0.02005723107566948,1.412184282527421
2023,6670,復盛應用,5057050.0,0.1907738701416834,0.07117924481664212,0.10469542519848528,3.93,1325736.0,7041193.0,5215330.0,3.55,10.33,0.03129887978169088,4.1186268751879425
2023,2204,中華,9405102.0,0.15737947339646077,0.06313615737500773,0.16969172689461529,2.84,5536203.0,20844224.0,9227686.0,2.46,-0.99,-0.018863803922594347,2.8284041834832734
2023,3296,勝德,305415.0,0.12468935710426797,-0.20965244012245632,-0.13482310953947907,-0.42,967244.0,99203.0,429704.0,0.03,0.28,0.4069511975508735,-0.5989598225634103
2023,2884,玉山金,,,,,0.28,156640000.0,35552088.0,16877555.0,0.34,0.32,,
2023,6592,和潤企業,6920367.0,0.5819658119287604,0.18363318014781585,0.13651775982400932,1.42,6165004.0,10632443.0,7503161.0,1.77,1.77,0.08421431984748784,1.661498891677724
2023,6209,今國光,703751.0,0.13539021614178878,-0.007977253318290134,0.07015123246716523,0.28,1743811.0,603649.0,700089.0,,0.2,-0.005203545003843679,0.28163663485724794
2023,2605,新興,1023853.0,0.2896490023470166,0.22719863105348131,0.15383849048642725,0.18,5853533.0,10561390.0,1041245.0,0.18,-0.17,0.016986813536708834,0.2736527820489607
2023,9908,大台北,810130.0,0.2750336365768457,0.20436102847691112,0.4103415501215854,0.63,5163580.0,4839961.0,737921.0,0.75,0.65,-0.08913260834680858,0.586414168091267
2023,4155,訊映,319389.0,0.21240869284790648,-0.0024233771357185124,0.04067453794589043,0.12,1289089.0,181004.0,275700.0,-0.03,0.48,-0.13678930708321202,0.0869914343515614
2023,2441,超豐,3515618.0,0.23083395294938186,0.18900631411034988,0.169271519260625,1.04,5688459.0,14219433.0,3510939.0,1.05,1.07,-0.0013309182055616375,1.0447503947226824
2023,2495,普安,301403.0,0.4794179221839199,0.08030444288875692,0.06268019893630787,0.06,2735515.0,1229429.0,370990.0,0.56,0.3,0.23087693221368077,0.08500676107928802
2023,9921,巨大,22464071.0,0.20807150226688653,0.07004335946053589,0.05545277167259666,3.02,3920646.0,25583374.0,19542690.0,2.81,5.35,-0.13004682009774626,2.7640759365633576
2023,1524,耿鼎,669592.0,0.24304203156549062,0.1278241078149082,0.1205734238162941,0.49,1653104.0,778299.0,694979.0,0.83,0.71,0.03791413278533784,0.5069009421695445
2023,1473,台南,1494588.0,0.17201462878064055,0.026939196621410047,0.04065869657725072,0.41,1461535.0,1272371.0,1690166.0,0.85,0.61,0.13085746707453816,0.47019022164495233
2023,2478,大毅,1146995.0,0.2062659383868282,0.09932998836089085,0.11674680360420055,0.91,1447313.0,3803818.0,1191453.0,0.85,1.1,0.038760413079394374,0.9610798037096022
2023,2613,中櫃,781175.0,0.14473837488398886,0.08674752776266521,0.050952731462220374,0.29,1484235.0,1952342.0,826762.0,0.29,0.15,0.05835696226837772,0.28382151188435956
2023,1203,味王,1536397.0,0.2866921765663432,0.10933892737358898,0.08470532030458273,0.38,2400000.0,2942313.0,1609187.0,0.64,1.5,0.04737707766937849,0.5679445844373774
2023,1530,亞崴,658636.0,0.1905316441858629,0.07599341669753855,0.035764823058563454,0.26,965942.0,2100817.0,661220.0,1.63,1.51,0.003923259584960537,0.2448223216588918
2023,1709,和益,2406706.0,0.1190016562056188,0.032551545556457666,0.050532138117410266,0.26,4770163.0,2175710.0,2331024.0,0.33,0.54,-0.031446300462125376,0.2469341754631826
2023,1616,億泰,1026156.0,0.1206239597098297,0.08525994098363211,0.060263741575355016,0.33,1941485.0,-63740.0,987223.0,0.18,-0.28,-0.03794062501218143,0.30643425908130484
2023,3607,谷崧,605054.0,0.023968108631626267,-0.1228716775692748,-0.06026900078340115,-0.3,1216622.0,-73153.0,688576.0,0.26,-0.35,0.1380405715853461,-0.3411066665195207
2023,9919,康那香,730671.0,0.05548461619525067,-0.15122811771645514,-0.3046870616187039,-1.14,1953628.0,-5737.0,755448.0,5.56,-0.28,0.03390992662908476,-1.178193757080297
2023,2355,敬鵬,4014165.0,0.10801175337834892,0.03396098565953318,0.0405287276432334,0.41,3974954.0,10469816.0,4421455.0,0.9,0.52,0.10146319346613808,0.4508126269682933
2023,3622,洋華,391142.0,0.3494894437314326,0.17398029360181214,0.22930546962484213,0.51,1513276.0,874623.0,522464.0,1.85,1.54,0.33573996144622664,0.7916854088882234
2023,1603,華電,973038.0,0.15994750461955237,0.13135252682834586,0.11492048614750915,0.71,1916880.0,5857233.0,1200442.0,1.08,1.07,0.2337051584830192,0.71968708647327
2023,2601,益航,1330980.0,0.646328269395483,-0.007180423447384634,-0.30422170130279946,-0.28,8247761.0,484210.0,1244498.0,-0.27,-0.03,-0.06497618296292962,-0.4590376695298656
2023,2317,鴻海,1304548195.0,0.06406599949341082,0.023705827901590096,0.02716886209021967,2.38,138629906.0,1172941218.0,1542813708.0,3.11,2.79,0.18264216984333026,3.023625570629215
2023,1504,東元,15064064.0,0.25765583576915235,0.11818457489293725,0.14965251077000205,1.0,21387966.0,32235808.0,15187688.0,0.47,0.51,0.008206550370471133,1.062689010255314
2023,2520,冠德,4442079.0,0.2677683129903813,0.16744006578901455,0.0988201695647466,0.36,5541701.0,11354397.0,4968803.0,1.43,0.6,0.11857600911645205,0.8860419481199393
2023,6177,達麗,323080.0,-0.007827782592546738,-0.29366720316949363,-0.2448371920267426,-0.21,4077402.0,2008707.0,3293306.0,1.04,1.05,9.193469109818002,-1.9775430372693776
2023,2363,矽統,37584.0,0.3020434227330779,-3.8853235419327374,22.838282247765008,1.15,7495894.0,2872260.0,81207.0,-0.12,-0.22,1.1606800766283527,2.474192386517543
2023,5531,鄉林,343328.0,0.35192876782551963,-0.4303960061515519,-1.1131483595861684,-0.35,9775892.0,1073432.0,665294.0,-0.15,-0.47,0.9377796159940348,-0.7575481856208317
2023,1229,聯華,3639588.0,0.32526676096305407,0.23689659379028616,0.4829329583458348,0.73,15837396.0,13455546.0,2775696.0,0.67,0.35,-0.2373598330360469,0.8463986634852726
2023,2547,日勝生,1873256.0,0.3683789081684511,0.11261568093202425,-0.02316341172802863,-0.07,8800946.0,636848.0,1711285.0,-0.02,-0.03,-0.08646495727225745,-0.0450397025944705
2023,1786,科妍,183266.0,0.7026016827998647,0.21177959905274302,0.27933168181768575,0.76,672723.0,155313.0,206098.0,0.82,0.68,0.1245839381009024,0.8557712603740528
2023,2367,燿華,4031496.0,0.1121935876905248,0.0035490547429539803,0.06725270222269847,0.4,6694072.0,395951.0,3836971.0,0.02,0.98,-0.04825131911330183,0.38548534897761716
2023,8476,台境*,666290.0,0.5636554653379159,0.5116390760779841,0.397960347596392,3.28,814835.0,560164.0,367661.0,0.97,1.03,-0.44819673115310155,1.795633463923826
2023,2024,志聯,186263.0,0.0016428383522223951,-0.08588393830229299,-0.08360221836865078,-0.16,975000.0,140605.0,236468.0,-0.1,0.11,0.2695382335729586,-0.20276153203280115
2023,1476,儒鴻,7820978.0,0.31165053782276336,0.2122660362936707,0.1779828558525545,5.08,2743671.0,16159364.0,7973056.0,5.68,7.91,0.019444882724385604,5.17214810650528
2023,2006,東和鋼鐵,15813857.0,0.12976549617212296,0.08860684651442087,0.0690262343968331,1.49,7302138.0,13797017.0,15500824.0,1.6,0.74,-0.01979485460125252,1.4652742946902073
2023,6269,台郡,8123502.0,0.1570864388289681,0.05236116147937183,0.06895609799812938,1.76,3227191.0,20495807.0,8011846.0,2.42,5.87,-0.01374481104331604,1.71190870922087
2023,1101,台泥,27668242.0,0.216311466409756,0.12173697194060974,0.1520401260043916,0.44,73561817.0,67560364.0,27068027.0,0.18,0.22,-0.021693282861990237,0.5594514115618261
2023,2383,台光電,9180446.0,0.2750551552724127,0.17638282497386293,0.10895995684741243,3.01,3329183.0,15868583.0,11874536.0,6.05,3.93,0.29345959880380534,3.886385729300689
2023,2038,海光,2265082.0,0.03637572502893935,0.013365520541861178,0.010735152193165634,0.16,1903277.0,591315.0,2145265.0,-0.01,0.3,-0.05289742269816278,0.12100049687812901
2023,2504,國產,5187174.0,0.23364822541137042,0.19090337050578987,0.15057158290814998,0.64,11800000.0,9625361.0,5135101.0,0.64,0.57,-0.01003879954672815,0.6552544796298507
2023,6531,愛普*,1097224.0,0.4027409170780078,0.18799442957864573,0.440023185785218,2.98,809291.0,3376232.0,1237539.0,3.27,4.33,0.12788181811553523,6.7286779824989145
2023,1315,達新,627079.0,0.18602759779868247,0.043492127786132206,0.37619821426008526,2.46,990990.0,7740815.0,527613.0,1.37,5.29,-0.15861797317403392,2.0029169660683395
2023,3356,奇偶,327396.0,0.4469113856003128,0.08537673032046818,0.2893682268567728,1.05,898221.0,807056.0,317216.0,0.34,0.48,-0.031093843541155075,1.0219337050747872
2023,3266,昇陽,307485.0,0.18521228677821683,-0.03593996455111632,-0.023327967217913068,-0.01,3523143.0,995484.0,1770627.0,1.07,-0.04,4.758417483779697,-0.11723943254971984
2023,1605,華新,49446960.0,0.07431536741591394,0.03367410251307664,0.02697486357098596,0.27,40313329.0,58469556.0,46368728.0,0.41,2.66,-0.06225321030858111,0.31026713565633757
2023,1213,大飲,27330.0,-0.8352725942188072,-1.2557994877424077,-1.483607757043542,-0.72,566226.0,-281882.0,-7229.0,-0.65,-0.3,-1.2645078668130258,0.18941200996894816
2023,1436,華友聯,77205.0,0.5647432161129461,0.052056213975778774,-0.18228094035360404,-0.14,972854.0,1400910.0,197254.0,0.27,5.06,1.5549381516741145,-0.36958931770347675
2023,4737,華廣,425645.0,0.40278870890060964,0.05060320219901561,0.025110126983754068,0.17,610430.0,144800.0,425143.0,-0.17,0.17,-0.001179386578016861,0.17488319244228093
2023,4967,十銓,5655299.0,0.04069068673468901,0.0016343963422623632,0.006110552244894567,0.49,715487.0,173606.0,3647503.0,0.54,-0.95,-0.3550291505365145,0.31151170664050737
2023,3042,晶技,2426085.0,0.34302878918092317,0.1464120177157849,0.17338757710467687,1.35,3097570.0,6419326.0,3090414.0,1.94,2.75,0.2738275864200965,1.7298701747188048
2023,4142,國光生,82549.0,-1.155241129510957,-3.3729300173230445,-3.2539703691141018,-0.57,4295078.0,747827.0,973345.0,0.62,0.98,10.791118002640856,-7.3741054037327505
2023,2603,長榮,67384615.0,0.20480163016439287,0.15035593807280787,0.09587967520479267,2.41,21164201.0,360836507.0,72825373.0,10.35,30.39,0.08074184292660869,3.2991905103849075
2023,2421,建準,3279820.0,0.281490752541298,0.12406564994420426,0.13158953845028082,1.72,2509297.0,2641196.0,3293604.0,1.49,1.42,0.004202669658700753,1.7271922382962188
2023,2032,新鋼,679219.0,-0.0017564290751583805,-0.03414657128260546,-0.01882897857686549,-0.1,1305215.0,245330.0,724812.0,0.07,0.1,0.06712562516655152,-0.10456108472745893
2023,8213,志超,5058537.0,0.15805518473028862,0.07752399557421444,0.056225940425067567,1.02,2712425.0,9541394.0,5160664.0,1.1,1.12,0.020189038846607277,1.069755612110163
2023,4306,炎洲,3102923.0,0.16839122337228477,0.05588408091338393,0.08706564745564102,0.41,6549896.0,2304317.0,3165089.0,0.38,0.42,0.020034657643776432,0.4207250360001554
2023,1220,台榮,831902.0,0.1299984853985205,0.0515914134116759,0.05123440020579347,0.2,1770779.0,429525.0,865312.0,0.23,-0.09,0.04016098050010708,0.2503629267733329
2023,3167,大量,256157.0,0.2515722779389203,-0.07729244174471125,0.01992137634341439,0.08,825381.0,1238943.0,307868.0,0.11,0.22,0.20187228926010214,0.07430694784704642
2023,2439,美律,8356287.0,0.12389773113345676,0.022369265201159318,0.045613440514908114,1.7,2177422.0,5807515.0,9481814.0,1.96,2.75,0.13469223831110644,1.986285427732534
2023,2901,欣欣,32782.0,0.8401866878164846,0.19053138917698736,0.22372033432981514,0.1,730433.0,129848.0,34681.0,0.13,0.06,0.05792813129156249,0.10622254080651229
2023,9918,欣天然,475138.0,0.29644861071941203,0.14438121135333315,0.18838737377351422,0.5,1805375.0,1209345.0,366264.0,0.2,0.08,-0.22914184931535675,0.3821893682353108
2023,3004,豐達科,713103.0,0.24820397614369874,0.09846543907401877,0.08080459625047152,1.09,533142.0,1116299.0,797268.0,1.62,1.04,0.11802642815974695,1.2083632286224109
2023,2489,瑞軒,3836232.0,0.08524953652438122,-0.01646224733019275,-0.06710073843292064,-0.32,7980000.0,3737105.0,4958905.0,0.07,1.5,0.29264992315376137,-0.4169751720785743
2023,3617,碩天,3079154.0,0.46217889719059196,0.15329957514304254,0.1569710381487902,5.81,876758.0,3200520.0,3260010.0,5.12,6.02,0.05873561374325553,5.836583801635543
2023,3006,晶豪科,2980731.0,0.0012812293360252905,-0.1588442566605306,-0.03381083365120838,-0.36,2861711.0,7606355.0,3021540.0,-0.57,0.3,0.013690936887629235,-0.3569919754666777
2023,8028,昇陽半導體,934082.0,0.2720242976526686,0.10719615622611291,0.142071038731075,0.87,1526280.0,640368.0,787661.0,0.76,0.81,-0.15675390383285404,0.7331801270930449
2023,6472,保瑞,3138565.0,0.5494542888230768,0.4291059767760107,0.22329599673736245,8.92,1008308.0,3431881.0,3075858.0,2.09,7.02,-0.019979512930272225,6.811676372027101
2023,2323,中環,1772843.0,0.22938861478427588,-0.07091772931951673,0.7934724056219304,1.28,10893483.0,1317214.0,1967300.0,-0.98,-0.25,0.10968653174590193,1.4329652541616154
2023,2915,潤泰全,680118.0,0.3492952693503186,0.04545093645514455,6.696717334344923,4.32,11043188.0,84820660.0,710655.0,6.29,10.55,0.04489956154667274,4.309494375391319
2023,4108,懷特,39408.0,0.41653978887535525,-0.741803694681283,-0.5705948030856679,-0.07,1986189.0,-166479.0,42730.0,0.03,0.02,0.08429760454730006,-0.12275526616978842
2023,5203,訊連,445663.0,0.8501962245014731,0.08939714537666353,0.13796972151603343,0.78,789418.0,1496335.0,479928.0,1.2,1.1,0.07688544931932872,0.8387892410325947
2023,2812,台中銀,,,,,0.3,52260953.0,17365817.0,4441882.0,0.35,0.28,,
2023,2530,華建,3296.0,0.4007888349514563,-5.656856796116505,-5.672633495145631,-0.02,8399880.0,248555.0,2177.0,-0.03,0.05,-0.339502427184466,-0.014701785167088149
2023,1513,中興電,4929885.0,0.3629747955581114,0.3245126407613971,-0.13942211633739934,-1.44,5031125.0,4255871.0,5527053.0,1.51,1.17,0.12113223736456336,-1.5316523170642193
2023,3596,智易,12138254.0,0.14220562529009526,0.05675676254591476,0.04690913536658567,2.61,2203543.0,7374231.0,13871510.0,3.12,2.6,0.14279285966498967,2.95297409820887
2023,9946,三發地產,236845.0,0.24751208596339377,0.08909202220861745,0.1169372374337647,0.09,3265542.0,2841047.0,207504.0,-0.06,0.2,-0.12388270810023438,0.0743060249001725
2023,3308,聯德,179722.0,0.32490179276883185,0.26104205383870643,0.33822236565362057,0.86,706840.0,422308.0,143862.0,0.78,0.26,-0.1995303858180968,0.6883785010421193
2023,3576,聯合再生,2961840.0,0.0062525322097074796,-0.1025602328282419,-0.13714211436134294,-0.25,16277954.0,-145852.0,2630429.0,-0.84,0.11,-0.11189362018204896,-0.22161421191962638
2023,5222,全訊,345206.0,0.5554132894561509,0.38996715004953564,0.3934172638946021,2.02,745637.0,291521.0,309603.0,1.4,1.02,-0.1031355190813601,1.6335450782828709
2023,8070,長華*,4179254.0,0.18426302876063527,0.0931338463754536,0.20055253880237955,0.88,689422.0,4442682.0,3974681.0,0.83,1.17,-0.0489496450801985,11.562328522727457
2023,2029,盛餘,2938606.0,0.08691774263034922,0.02205501520108514,0.022310918850638704,0.21,3211800.0,4860856.0,3122172.0,0.68,-0.49,0.06246703368876272,0.21688313758557926
2023,2340,台亞,1012372.0,0.2369020478638287,0.0516885097572829,0.11314220464414267,0.26,4386228.0,2303018.0,1120982.0,0.31,0.24,0.10728269845471816,0.289155909921692
2023,6285,啟碁,26627137.0,0.12135559298019911,0.039226372703907296,0.03554415181774894,2.29,4180674.0,10917559.0,29209577.0,3.35,3.13,0.09698526732333268,2.483402531314873
2023,2538,基泰,50398.0,0.9380332552879083,-0.068375729195603,0.5119846025635938,0.04,4384488.0,1920169.0,142424.0,-0.17,0.38,1.8259851581411959,0.16631108361002991
2023,3058,立德,1013213.0,0.13244993895656687,-0.00910371264482394,0.011374706009496522,0.08,1663628.0,57254.0,906413.0,-0.03,-0.07,-0.10540725395351225,0.06197407953091539
2023,6558,興能高,285156.0,0.13749316163784034,-0.057922680918514775,-0.028850874608985957,-0.09,937495.0,263917.0,335590.0,0.45,0.01,0.17686459341553395,-0.10327591091184056
2023,1560,中砂,1575063.0,0.29589610066391,0.14303999268600684,0.14335744030556238,1.54,1441048.0,2872932.0,1648891.0,2.02,2.43,0.04687304571309214,1.6403394828130575
2023,9937,全國,6008066.0,0.10968304942056228,0.0314482231054053,0.029071751209124534,0.57,3090430.0,1996710.0,6467299.0,0.75,0.67,0.07643607776612305,0.6083804115382646
2023,4572,駐龍,219091.0,0.4808230370028892,0.33225919823269784,0.29141315708997634,1.78,390000.0,1381080.0,216940.0,1.64,1.91,-0.0098178382498596,1.621004366643576
2023,4532,瑞智,4510740.0,0.14215827114841467,0.060288999144264575,0.05954455366525226,0.52,5049151.0,4041516.0,4059840.0,0.43,0.32,-0.09996142539804997,0.47877625516119
2023,1506,正道,287120.0,0.15632488158261354,0.05761702424073558,0.08159306213429925,0.06,3001115.0,-610836.0,288464.0,0.12,0.19,0.004680969629423215,0.07842638844398998
2023,2496,卓越,176258.0,0.5225578413462084,0.1147352176922466,0.10179963462651341,0.93,191004.0,311597.0,212862.0,1.79,1.68,0.2076728432184638,1.1344931952141786
2023,8996,高力,1307720.0,0.2962407854892485,0.1818187379561374,0.15875034411036001,2.32,893841.0,757981.0,1147313.0,2.31,1.03,-0.12266157893126972,2.037681573705944
2023,2406,國碩,792278.0,-0.03273219753672322,-0.34505312529187987,-0.3702235831362224,-0.23,3509057.0,-644434.0,810774.0,-0.03,-0.02,0.023345340903066836,-0.8554083202230329
2023,1452,宏益,279273.0,0.04645275411514898,-0.033981086607011775,0.017896466897981547,0.04,1326414.0,976209.0,295590.0,0.26,0.33,0.05842670075517509,0.03988209299942828
2023,2850,新產,5059244.0,,0.17104136507351692,0.1419164602458391,2.28,3159633.0,11738858.0,5276900.0,3.15,1.78,0.04302144747317982,2.3701454221780454
2023,6189,豐藝,6739413.0,0.08801270971225536,0.03590802344358478,0.03909079321893465,1.13,2124314.0,1464485.0,8363732.0,1.91,0.96,0.2410178749989056,1.539061165866189
2023,4999,鑫禾,567123.0,0.18932753564923305,0.03387095920990685,0.140824829886991,1.08,744172.0,2299254.0,459789.0,0.15,1.24,-0.18926053078432725,0.8700906202989322
2023,8463,潤泰材,1315243.0,0.13503588310297032,0.06813873938123982,0.047494645476159156,0.25,1500000.0,143218.0,1398749.0,0.26,,0.06349092905265419,0.4428872524342143
2023,3528,安馳,1761023.0,0.11353173695062473,0.08585521029537944,0.011592125713292784,0.3,663660.0,736363.0,1547309.0,-0.15,0.78,-0.12135786982907093,0.27026791497618274
2023,2462,良得電,878990.0,0.13615627026473567,0.03509027406455136,0.04255679814332359,0.26,1461521.0,1213890.0,1079975.0,1.17,0.53,0.22865447843547715,0.3144688175868557
2023,2385,群光,25362699.0,0.17899431760003146,0.0801595287630863,0.08590260839353099,2.5,7600532.0,20586045.0,25808939.0,2.93,2.97,0.017594341990180062,2.916973680223344
2023,2360,致茂,4416240.0,0.6226362244805536,0.2747916779885151,0.23863784576925168,2.42,4253644.0,10835177.0,4847151.0,2.91,4.11,0.09757418075104618,2.7193476293697216
2023,1512,瑞利,288505.0,0.1847073707561394,-0.11739484584322629,0.004093516576835756,0.02,981835.0,-838540.0,256678.0,0.02,-0.03,-0.11031697890851111,0.010701550137335177
2023,3679,新至陞,885778.0,0.3430791914001025,0.2204525287374489,0.30821379623336775,4.35,630242.0,2989372.0,930865.0,2.82,5.52,0.0509010158301515,4.552305867123643
2023,1325,恆大,103188.0,-0.016048377718339342,-0.13655657634608676,0.17895491723843857,0.23,852812.0,1904761.0,97071.0,0.34,0.28,-0.05928014885451793,0.20369475067485532
2023,2460,建通,562819.0,0.00703778657081584,-0.1386093930730839,-0.053717091995828144,-0.18,1692000.0,422573.0,714322.0,-0.31,-0.25,0.2691860082904096,-0.22678073633950324
2023,2727,王品,5381728.0,0.4766142027244781,0.0791132513571849,0.06670961445840444,4.84,844508.0,1463240.0,5804775.0,3.7,3.77,0.07860802329660665,4.585324262976605
2023,3003,健和興,1120718.0,0.310855183908887,0.17802962029698818,0.14710569474212068,1.06,1556549.0,4562539.0,978825.0,0.99,1.72,-0.12660901315049822,0.92506391803892
2023,1470,大統新創,149462.0,0.18979406136676882,0.04142859054475385,0.05714495992292355,0.1,857670.0,116581.0,145551.0,0.06,0.15,-0.026167186308225454,0.09697792929380118
2023,3019,亞光,4451394.0,0.18816465134292762,0.058264220152159076,0.09315486339784795,1.07,2792439.0,4307884.0,4714812.0,0.65,1.62,0.05917651863663376,1.572846059686655
2024,1795,美時,4742928.0,0.607007106158896,0.344348680814889,0.28074851652818683,5.09,2655183.0,10036267.0,5234204.0,5.98,4.76,0.10358074168530496,5.534439653334259
2024,2913,農林,98946.0,0.3495441958239848,-0.20571827057182707,-0.5280860267216462,-0.06,7900000.0,2561936.0,116621.0,-0.05,-0.05,0.17863278960240936,-0.07795686142063936
2024,3054,立萬利,23282.0,0.14899922687054376,-0.46482260974143114,0.14229877158319731,0.04,834110.0,45917.0,23534.0,-0.29,-0.18,0.010823812387251941,0.04014889271725511
2024,1503,士電,8171357.0,0.19436673737299692,0.09711960938678851,0.0903200043762621,1.36,5209722.0,20811686.0,8057144.0,1.34,1.28,-0.013977237807624832,1.3968524257919595
2024,2832,台產,1814658.0,,0.1895745644633865,0.16216168556278923,0.81,3622004.0,7504080.0,1935616.0,0.81,0.88,0.06665608616058782,0.8665996866991417
2024,9912,偉聯,128590.0,0.39192005599191226,-0.076957772766156,-0.08124270938642196,-0.12,546566.0,-8246.0,132878.0,-0.2,-0.08,0.03334629442413872,-0.19751262862763103
2024,2883,凱基金,,,,,0.49,183908413.0,92936312.0,24582014.0,0.73,0.44,,
2024,8443,阿瘦,243132.0,0.5463328562262475,-0.12739581790961288,-0.10203922149285162,-0.37,668000.0,-188551.0,269094.0,-0.39,0.11,0.10678150140664333,-0.41105003395804507
2024,1477,聚陽,7694161.0,0.2514896685941456,0.1455077428195225,0.11528638405149047,3.55,2466937.0,5220620.0,10464894.0,4.58,5.47,0.36010852905209556,4.8905172233508125
2024,6906,現觀科,67063.0,0.709884735248945,0.03973875311274473,0.09884735248945022,0.2,335374.0,58993.0,103597.0,0.93,,0.5447713344168916,0.30533938754493706
2024,1608,華榮,3158723.0,0.09898620423506588,0.08145095343909549,0.07755602501390593,0.5,6327735.0,1950677.0,2874460.0,0.2,0.17,-0.08999301299924056,0.3523088303499942
2024,3312,弘憶股,4543950.0,0.05571672223505981,0.026874195358663717,0.02509292575842604,0.74,1626254.0,784602.0,4750246.0,0.3,0.91,0.045400147448805495,0.7329578910321528
2024,3715,定穎投控,4228126.0,0.27429717089793443,0.12985019840941353,0.08280311419290722,1.22,2776746.0,1588566.0,4749779.0,0.93,1.51,0.12337688138905989,1.4163934797351745
2024,9942,茂順,987425.0,0.41472719447046613,0.2535412816163253,0.16850900068359623,2.0,831613.0,2885093.0,973281.0,2.05,3.5,-0.014324125882978489,1.9721506120555021
2024,3532,台勝科,3225016.0,0.21684729626147592,0.13759125536121372,0.10746551334939114,0.9,3878483.0,14689905.0,3050105.0,0.45,2.43,-0.054235699915907376,0.8451270757008467
2024,8462,柏文,1276641.0,0.2818286425079564,0.09931139607767571,0.07145940009759988,1.17,793421.0,258882.0,1345043.0,1.23,0.69,0.053579667267461994,1.2114119223649995
2024,9917,中保科,4340014.0,0.32564503248146204,0.15718958510272088,0.18557267326787424,1.78,4511971.0,6376944.0,4467854.0,1.64,1.48,0.02945612617839477,1.8375818695434105
2024,6589,台康生技,246403.0,0.0901652983121147,-1.1486386123545573,-0.8953503001180992,-0.72,3061992.0,-324632.0,248223.0,-0.84,-0.36,0.007386273706083024,-0.7258233775470835
2024,1303,南亞,66406336.0,0.07862424452991955,0.009638357400113146,0.02636719785292777,0.22,79308216.0,228258052.0,66423308.0,0.0,0.55,0.00025557802195264046,0.220834182436024
2024,1904,正隆,10683651.0,0.1859435505708676,0.051550354836562895,0.015437232084799475,0.14,11082745.0,17104262.0,12520785.0,0.05,0.12,0.17195750778455787,0.17440287936686805
2024,1310,台苯,3432906.0,-0.00769319055051318,-0.02188262655604319,0.0006621212465473858,0.01,5278698.0,832437.0,3032903.0,-0.34,0.0,-0.11652023096466957,0.0038042515692644397
2024,1301,台塑,51108854.0,0.07314435185731223,0.0033200118320007724,0.026699698647126777,0.22,63657408.0,206051474.0,50492245.0,-0.49,1.05,-0.012064621914629536,0.21177860800064208
2024,6120,達運,5253092.0,0.04929877489295828,-0.0010530940634582452,-0.00048771276040853655,0.0,6655551.0,858009.0,6003285.0,0.02,0.09,0.1428097965921784,-0.004399152976018306
2024,1451,年興,1631959.0,0.10830051490264155,0.01757887299864764,0.03947157986199408,0.32,2055700.0,4939616.0,1632362.0,0.44,-0.03,0.00024694247833423333,0.31343049592199435
2024,8422,可寧衛*,1450021.0,0.3548258956249599,0.25121153417778086,0.18346768770935043,2.51,1091875.0,3451774.0,1142382.0,2.6,1.36,-0.21216175489872213,1.9195437574885694
2024,2485,兆赫,974843.0,0.001516141573566205,-0.15019854479131511,-0.0994354988444293,-0.29,3176890.0,2304438.0,274292.0,-0.87,0.23,-0.7186295639400395,-0.08585239605096873
2024,1735,日勝化,673234.0,0.15733311151843193,0.03635140233559208,0.03300932513806492,0.23,993880.0,422468.0,685984.0,0.19,0.3,0.018938437452654,0.22783302708083797
2024,1471,首利,78458.0,0.11694154834433709,-0.2615029697417727,0.036885977210736956,0.02,1504145.0,-739770.0,68718.0,0.23,0.06,-0.12414285350123633,0.016851637189017162
2024,1531,高林股,438892.0,0.1867634862335153,0.012328773365657155,0.04797535612405786,0.12,1836081.0,1725696.0,431022.0,0.06,0.46,-0.01793151846012231,0.11262266723147653
2024,2360,致茂,5514861.0,0.592272951213095,0.27451371847812667,0.26055108188583537,3.34,4253268.0,12211244.0,5631766.0,3.39,2.91,0.021198177071008573,3.449965354235528
2024,4306,炎洲,5100720.0,0.17767472043162533,0.08636741479634248,0.09383028278360701,0.72,6792085.0,3182279.0,4320430.0,0.26,0.38,-0.15297644254144516,0.59685231949656
2024,6969,成信實業*-創,39840.0,-0.1432730923694779,-0.7265562248995984,-0.7481425702811245,-0.83,473707.0,-193996.0,44015.0,-2.0,,0.10479417670682722,-0.6951447884646775
2024,3050,鈺德,298811.0,0.3267215731683238,0.03340573138204417,0.050925166744196164,0.06,1549845.0,435125.0,339309.0,0.18,0.25,0.13553048582548843,0.11149093878940447
2024,6464,台數科,1052429.0,0.5247080800700095,0.3218858469312419,0.2464964382395392,1.96,1276131.0,3352962.0,1083834.0,1.65,1.91,0.029840492802839957,2.093525042827991
2024,5534,長虹,2159774.0,0.31933526378222904,0.2394273660114438,0.17217958916071774,1.28,2903260.0,14547775.0,2496374.0,1.14,1.14,0.15584963982342592,1.4804896899054774
2024,1506,正道,262371.0,0.15228817209219006,0.016259418914437954,0.01960963673576729,0.02,3003885.0,-546396.0,254458.0,0.04,0.12,-0.030159583185641714,0.01661125157757329
2024,2340,台亞,1080913.0,0.18194526293975555,-0.07786843159440214,-0.05184968632998215,-0.13,4386228.0,2110603.0,1152919.0,-0.39,0.31,0.06661590710815757,-0.1362867787855002
2024,8463,潤泰材,1551901.0,0.1110277008649392,0.05253685641029937,0.03580640775410287,0.15,1500000.0,197931.0,1743436.0,0.43,0.26,0.12341959957497295,0.4161745353945473
2024,2029,盛餘,3308011.0,0.09506407324522198,0.04907903873354714,0.04733750885350744,0.48,3211800.0,5101213.0,3356016.0,0.26,0.68,0.014511741345479168,0.49463054085719105
2024,6923,中台,559090.0,0.3550948863331485,0.3140639253071956,0.24899747804467975,1.68,826244.0,373058.0,401707.0,4.0,,-0.28149850650163655,1.2105870652361068
2024,8210,勤誠,3607378.0,0.25308908575702355,0.16174961426276924,0.12672805566813347,3.77,1205877.0,4574188.0,4271630.0,5.34,2.09,0.18413706575801037,4.489142461740866
2024,1513,中興電,6133879.0,0.25951359653491696,0.1824460508594969,0.14638746541951675,1.82,5031125.0,5802997.0,6386327.0,1.86,1.51,0.041156338427934536,1.8581892178592783
2024,3593,力銘,197659.0,-0.01271381520699791,-0.1849953708153942,-0.06267359442271792,-0.13,930425.0,-526292.0,225326.0,-0.89,-0.12,0.13997338851253938,-0.15177999663479955
2024,3622,洋華,472239.0,0.44249839593934426,0.30361109522932245,0.32648087091493927,0.94,1513276.0,1381381.0,486038.0,2.02,1.85,0.029220373582020898,1.0485999218764803
2024,4104,佳醫,2159513.0,0.1968990230667748,0.08034079905978801,0.12172327742412294,1.42,1633975.0,3237499.0,2059370.0,0.93,1.06,-0.046372955383922165,1.5341315860335443
2024,2303,聯電,56799290.0,0.3518217217151834,0.24457052192025638,0.24252440479449655,1.11,125285889.0,203709052.0,60485085.0,1.17,1.29,0.06489156818685582,1.1708508720059871
2024,3051,力特,433883.0,0.31827474226922925,0.12400347559134606,0.131807422738388,0.34,1700000.0,804959.0,496387.0,0.48,0.46,0.14405726889507076,0.38486759500494233
2024,2548,華固,1735822.0,0.3243736973030645,0.24941497457688633,0.1638537822426493,0.96,3044940.0,15773122.0,5423460.0,4.32,2.24,2.1244332656228577,2.918462872311831
2024,2538,基泰,580125.0,0.1766998491704374,0.0523180349062702,0.0506959706959707,0.07,4450255.0,1471240.0,215742.0,-0.12,-0.17,-0.6281111829347124,0.02457668180787418
2024,6446,藥華藥,2306483.0,0.8697610170983268,0.19187004629992938,0.29474312188730634,2.05,3409069.0,1010206.0,2713359.0,2.18,0.67,0.17640537563034275,2.34593052373249
2024,3494,誠研,236539.0,0.20768245405620214,-0.029424323261703144,-0.07416535962357158,-0.06,1440000.0,-1033367.0,276947.0,-0.13,-0.12,0.17083018022398,-0.14263801285881444
2024,5521,工信,1643372.0,0.03716261442935623,-0.0018011746579593665,0.004122012544938091,0.01,4922802.0,310450.0,1992518.0,0.2,0.06,0.2124570699756354,0.016683962085038063
2024,8021,尖點,890069.0,0.2650625962706262,0.09058174141555318,0.08325197259987709,0.48,1421805.0,2027801.0,961832.0,0.48,0.24,0.08062633346403492,0.5631884211244508
2024,3481,群創,56860685.0,0.10043881813945787,0.006403000596985422,0.020814997216442258,0.12,90786334.0,38157804.0,55255575.0,0.04,-0.22,-0.028228819262377858,0.12668697910171328
2024,2439,美律,10294178.0,0.13142049807182274,0.0396420190130771,0.055772010159529005,2.24,2363498.0,6537814.0,12860446.0,2.63,1.96,0.249293144144195,3.034709252845038
2024,6189,豐藝,9570257.0,0.08690477173183542,0.050832072743710016,0.043828708048279166,1.76,2175276.0,2016087.0,8922014.0,1.31,1.91,-0.06773517158421138,1.797658535324526
2024,2408,南亞科,9921043.0,0.028924781396472126,-0.23376352667758823,-0.082096711001051,-0.26,30986594.0,100493066.0,8132593.0,-0.48,-0.81,-0.18026834476979892,-0.21546709432155411
2024,3011,今皓,282447.0,0.051152959670309826,-0.24692066122139728,-0.15399703307169132,-0.37,1127192.0,223111.0,332950.0,-0.66,-0.2,0.17880522717536396,-0.45487647322922475
2024,6873,泓德能源,1272111.0,0.24890831067414715,0.126103775535311,0.08852057721378087,1.1,1048257.0,881185.0,3845256.0,4.16,0.91,2.022736223489931,3.247145315077831
2024,3027,盛達,436616.0,0.19396449053630652,-0.05477124063250087,-0.024353207395056524,-0.17,1155464.0,352748.0,537789.0,-0.48,0.95,0.2317207798156733,-0.11334742624417597
2024,2454,聯發科,127271121.0,0.488220905982277,0.19608545759567875,0.2039361781059507,16.19,15993441.0,296845036.0,131813494.0,15.94,11.64,0.03569052401133477,16.80785278737181
2024,2062,橋椿,2042617.0,0.18046897680769328,0.10589552520124919,0.10427848196700605,1.06,1999942.0,3966894.0,1811439.0,0.38,0.72,-0.11317736021975733,0.9444979359192989
2024,2421,建準,3676894.0,0.28261244409003905,0.11416673964492857,0.10311447651196907,1.39,2734437.0,3014232.0,4030569.0,1.28,1.49,0.09618852216027984,1.5199107256095887
2024,1519,華城,4645842.0,0.36190081367381843,0.2474511617054562,0.19148671005169784,2.91,2871644.0,3082349.0,5356877.0,4.28,2.73,0.15304760687083196,3.5720679613545725
2024,3311,閎暉,593207.0,0.13565079306211827,0.027014178861678975,0.045680512873246606,0.39,680000.0,1581359.0,650025.0,-0.55,0.52,0.09578106799144304,0.4366687555945901
2024,3576,聯合再生,1369596.0,0.05229498333815227,-0.10057272363529099,-0.6166234422413617,-0.52,16277954.0,-4767646.0,1334480.0,-0.49,-0.84,-0.025639677685974527,-0.5055129478816885
2024,2022,聚亨,1978688.0,0.0913539678817479,-0.00804017611669955,-0.04875149594074457,-0.11,3371682.0,36636.0,1918421.0,-0.19,-0.06,-0.030458061099071676,-0.2773864605088473
2024,1460,宏遠,1750376.0,0.07466110138621644,-0.08103287522223797,-0.07054427163078104,-0.18,6946434.0,-786232.0,2121299.0,-0.23,-0.67,0.2119104695219769,-0.21542779052691524
2024,2103,台橡,8944708.0,0.11966762917246712,0.04635646015498773,0.04167167894133604,0.39,8257099.0,9030040.0,9929893.0,0.43,0.19,0.11014166141588966,0.5011388539943873
2024,4904,遠傳,24970030.0,0.315006149371867,0.14990570696150546,0.12577065385984718,0.86,36057054.0,27045859.0,24739152.0,0.88,0.87,-0.009246204349774523,0.8629266614455374
2024,3023,信邦,8305344.0,0.25625272113954584,0.11565589577024142,0.11282819832628245,3.89,2400332.0,8246860.0,8469808.0,3.96,3.64,0.019802190011635856,3.9812541632138125
2024,1597,直得,249958.0,0.4073004264716472,0.07534865857464054,0.07644084206146633,0.22,892619.0,1162560.0,280376.0,0.15,0.29,0.12169244433064752,0.2401044290321591
2024,2330,台積電,673510177.0,0.5317283839647162,0.4254657936668417,0.36771743985094973,9.55,259336292.0,3438674715.0,759692143.0,12.55,8.14,0.12795941166602454,10.771807051935548
2024,1305,華夏,3075862.0,0.10460644853377687,0.01499156984286031,0.030337837003090517,0.16,5810505.0,3572183.0,2562311.0,-0.71,0.25,-0.16696165172559763,0.13378350671624215
2024,6205,詮欣,409119.0,0.4316274726913196,0.13536648261263837,0.19944808234279024,0.99,822359.0,1185839.0,343852.0,0.61,0.45,-0.1595306011209453,0.833949917368608
2024,1472,三洋實業,537144.0,0.1344332246101604,0.07587723217610175,0.020869636447582027,0.26,424881.0,641272.0,547256.0,0.49,1.86,0.01882549186065563,0.2688054717381561
2024,1528,恩德,975740.0,0.2671756820464468,0.0036546621026093016,0.0106001598786562,0.05,1913310.0,288840.0,954027.0,-0.34,0.08,-0.022252854243958398,0.05285520239038492
2024,2727,王品,5359670.0,0.4770189209410281,0.08258101711485968,0.06646901768205879,4.24,844511.0,1535434.0,5728921.0,4.4,3.7,0.06889435357027573,4.509067984290529
2024,1537,廣隆,2113519.0,0.22616309576587673,0.1519503728142496,0.1276364205857624,3.29,820628.0,2469551.0,2204112.0,3.4,2.21,0.04286358438225535,3.428166797259245
2024,3504,揚明光,637576.0,0.087994215591553,-0.14956805149503746,-0.09100248440970174,-0.51,1140598.0,88241.0,694324.0,-0.07,-0.59,0.08900585969358943,-0.553965630180675
2024,3563,牧德,311610.0,0.5522030743557652,0.2057315233785822,0.2636308205770033,1.51,581462.0,2335589.0,346428.0,0.6,1.89,0.11173582362568601,1.5706804212631282
2024,3545,敦泰,2977338.0,0.2425972462649521,0.00034829770754949557,0.035720163448019676,0.52,2193874.0,1476045.0,3813063.0,0.79,0.61,0.28069537284648227,0.6208343487255706
2024,2497,怡利電,1130802.0,0.249201893877089,0.07954177654443484,0.07845847460474956,0.72,1227985.0,589660.0,1348462.0,0.84,0.79,0.19248285729950965,0.8615599667949511
2024,2305,全友,164127.0,0.2897146721745965,-0.14677658154965362,0.11672058832489475,0.06,2056608.0,-27158.0,197050.0,-0.01,0.11,0.2005946614511933,0.11183362084276882
2024,2904,匯僑,127543.0,0.3700869510674831,0.23900174842994126,0.20496616827266098,0.34,778344.0,357594.0,124813.0,0.27,0.19,-0.02140454591784735,0.3286778385985584
2024,2352,佳世達,49857346.0,0.16685633447075182,0.023772003427539042,0.016171799437539255,0.34,19667820.0,17351990.0,50797751.0,0.53,0.61,0.018861914551167702,0.4176828143892201
2024,2636,台驊控股,6835492.0,0.14247518686292077,0.04554083305195881,0.059990268440077175,2.84,1433912.0,4980692.0,7627941.0,2.3,4.03,0.11593152329049605,3.19128529669234
2024,2431,聯昌,86628.0,-0.016668975389019715,-0.3195733481091564,-0.18114235582028906,-0.14,1109270.0,132675.0,112342.0,-0.15,-0.15,0.29683243293161565,-0.18345303251294018
2024,2227,裕日車,5917371.0,0.12126432498486236,0.0080167358105483,0.06467804705839807,1.27,3000000.0,10127155.0,5262658.0,0.34,1.28,-0.11064254717170852,1.1345948059208502
2024,1213,大飲,41904.0,-0.24472604047346316,-0.4541093928980527,-0.0014795723558610157,0.0,566226.0,-385405.0,63886.0,-0.32,-0.65,0.5245799923634975,-0.0016693680531543386
2024,1413,宏洲,486867.0,-0.006110498349651958,-0.030453902195055324,-0.028860037751583082,-0.11,1321124.0,-245679.0,636867.0,0.03,-0.3,0.3080923537639644,-0.1391240009472045
2024,3040,遠見,32266.0,0.6544040166119135,0.34525506725345567,0.40677493336639187,0.21,630000.0,593952.0,35212.0,0.12,0.39,0.09130353932932489,0.2273549040269427
2024,6753,龍德造船,1273105.0,0.30829585933603276,0.2726106644777925,0.1701792075280515,2.01,1131375.0,1331871.0,996349.0,0.83,0.9,-0.21738662561218436,1.498688615546274
2024,6283,淳安,380818.0,0.10458539249720339,-0.04280785046925303,-0.018838395243922293,-0.07,1479063.0,-315288.0,356121.0,-0.17,-0.26,-0.06485250171998169,-0.0453580959882091
2024,6669,緯穎,77480880.0,0.10827691941547386,0.0801045754772016,0.0605786356582424,26.85,1748408.0,32393392.0,97818366.0,34.61,14.96,0.26248393151962146,33.89199291354539
2024,3714,富采,6606270.0,0.15349781344086755,-0.04004044642438168,-0.0751872085155466,-0.41,7529405.0,-811777.0,6691416.0,0.01,-0.88,0.012888664859292742,-0.6681920949348119
2024,1512,瑞利,264924.0,0.23979707387779137,-0.09839803113345715,-0.0018797843909951534,0.0,981835.0,-853910.0,253313.0,-0.16,0.02,-0.04382766378282077,-0.004849835496149101
2024,1108,幸福,1217113.0,0.20733982793709377,0.14156532713067727,0.10896605327525054,0.33,4047380.0,886391.0,1144909.0,0.27,0.47,-0.05932399045939041,0.3082394415382638
2024,6533,晶心科,278432.0,1.000624928169176,-0.5265271233191587,-0.27959429950580394,-1.54,506509.0,76875.0,428629.0,-0.04,2.06,0.5394387139409262,-2.366043347756372
2024,2015,豐興,9017004.0,0.1169502641897464,0.09219359334874422,0.08598853898700722,1.34,5815994.0,15165969.0,8179356.0,0.78,0.91,-0.09289648756948543,1.2093046731042216
2024,8150,南茂,5809559.0,0.1403431826753115,0.06435755278498764,0.07755769413822977,0.62,7272401.0,11043221.0,6068049.0,0.41,0.8,0.04449391081147458,0.647136878670182
2024,2489,瑞軒,5902021.0,0.10271972939438881,0.026770660422929703,0.042076265062425226,0.33,7401000.0,4294712.0,7429781.0,0.22,0.07,0.25885370451918077,0.422398911919701
2024,1418,東華,2448.0,0.3055555555555556,-6.788398692810458,-10.068627450980392,-0.45,568343.0,-835592.0,887.0,-0.47,-0.4,-0.6376633986928104,-0.15713877973371024
2024,2415,錩新,555082.0,0.2113219308138257,0.05410732108048901,0.010461517397429568,0.14,900000.0,496706.0,611139.0,0.49,-0.22,0.10098868275317874,0.07103823645275233
2024,9937,全國,6030242.0,0.11278817666024017,0.030135440667223637,0.028633842555572397,0.56,3090430.0,2175756.0,6188214.0,0.63,0.75,0.0261966269347067,0.5733582232122678
2024,1475,業旺,523999.0,0.2992429374865219,0.29280971910251735,0.28555779686602456,2.27,660168.0,539749.0,521976.0,1.21,2.22,-0.0038606943906381863,2.257824017173508
2024,2536,宏普,182182.0,0.19605669056218505,-0.010522444588378654,0.23260256227289194,0.14,3328087.0,6215825.0,73808.0,0.02,-0.33,-0.5948666717897487,0.05158497934770818
2024,8438,昶昕,918280.0,0.15202988195321687,0.07595286840615063,0.05851265409243368,0.77,699430.0,452178.0,923563.0,0.64,0.38,0.005753147188221508,0.7726308901758622
2024,2301,光寶科,33285492.0,0.2219345894000906,0.09858108752005228,0.0938552147584299,1.36,23472500.0,44424568.0,36769493.0,1.48,2.0,0.10467025693956988,1.4702348118323931
2024,5306,桂盟,1357940.0,0.40724553367600924,0.229811331870333,0.1929194220657761,2.07,1260008.0,5607838.0,1367651.0,2.55,1.26,0.00715127325213194,2.094006073831918
2024,8105,凌巨,1905540.0,0.015747242251540245,-0.076007326007326,-0.033849722388404335,-0.15,4415449.0,930950.0,2461343.0,0.03,0.29,0.29167742477198066,-0.18869151756172994
2024,2033,佳大,149485.0,0.14665685520286317,0.0392213265545038,0.028551359668194134,0.05,806945.0,114623.0,136313.0,0.06,0.0,-0.08811586446800679,0.04823031917231716
2024,2450,神腦,7417089.0,0.11338518386391211,0.010844281361596174,0.012625842834028282,0.37,2582527.0,2859000.0,7813669.0,0.43,0.82,0.05346841597829011,0.3820062936461804
2024,2505,國揚,240084.0,0.32988037520201263,0.043330667599673446,0.2000924676363273,0.13,3800000.0,5523731.0,72990.0,0.1,0.11,-0.6959814065077223,0.0384335505599356
2024,6515,穎崴,1255666.0,0.42961424455229336,0.20935105354449352,0.1784885471136433,6.52,347691.0,1390610.0,1930315.0,11.75,3.7,0.5372837999913991,9.909348237995012
2024,2850,新產,5063366.0,,0.1953870212028915,0.15957270321758293,2.56,3159633.0,13589274.0,5323089.0,2.58,3.15,0.05129453411031326,2.688349251947237
2024,9918,欣天然,473131.0,0.31196222610651175,0.17127180421490032,0.2286745108648556,0.61,1805375.0,1345119.0,378379.0,0.19,0.2,-0.20026588830577574,0.47926681573929625
2024,1713,國化,153024.0,0.14482695524884986,-0.08395415098285236,2.2203249163529906,2.25,1509517.0,1407855.0,105353.0,0.31,0.76,-0.31152629652864905,1.5496207787824623
2024,2506,太設,339594.0,0.34310676867082457,0.07182105690913267,-0.01761515221116981,-0.06,3870000.0,2207422.0,341942.0,2.56,0.2,0.0069141386479147915,-0.01556423870127087
2024,1454,台富,426567.0,0.08924037724437192,-0.00683831613791034,0.0246948310581925,0.08,1298338.0,269263.0,416009.0,0.0,0.03,-0.02475109420091104,0.07912632899666808
2024,1717,長興,11569586.0,0.1900229619279376,0.04871583131842401,0.039329670050423586,0.38,11782655.0,13594748.0,11333522.0,0.38,0.51,-0.0204038415894916,0.37830495823667654
2024,2374,佳能,1534973.0,0.28713599522597466,0.06819142747136268,0.09481534854359001,0.51,2875343.0,2766155.0,1711492.0,0.48,0.84,0.11499811397334025,0.5643699221608203
2024,2025,千興,225052.0,-0.06109699091765459,-0.10651316140269804,0.08815740362227396,0.07,2811673.0,-1139510.0,169546.0,-0.38,-0.01,-0.24663633293638798,0.05315957849487498
2024,6269,台郡,7565466.0,0.0816687299896662,-0.02475485317097453,0.011523943138466289,0.24,3225010.0,20710327.0,6416044.0,-1.03,2.42,-0.1519300992166246,0.22926479679101086
2024,8464,億豐,7413635.0,0.582994307111154,0.2981312136354164,0.2453022033051263,6.03,2930202.0,16080894.0,7860092.0,6.05,5.41,0.06022106564458585,6.580085215220646
2024,2429,銘旺科,64813.0,0.006341320414114452,-0.621927699689877,-0.658525295851141,-0.96,455000.0,-325907.0,77506.0,-0.4,-0.12,0.19584034067239586,-1.1217508039612862
2024,1447,力鵬,9000089.0,0.008015254071376406,-0.012341877952540247,0.0043000685882106275,0.02,9100712.0,444652.0,7255093.0,-0.16,0.05,-0.19388652712212073,0.034280172269869444
2024,2034,允強,3538894.0,0.12851755378940427,0.051969909242831236,0.00835176187814611,0.07,4702256.0,1558824.0,3796589.0,0.0,-0.42,0.07281794820641707,0.06743190348885485
2024,8940,新天地,309150.0,0.4590101892285298,-0.06408539543910723,-0.3245317806889859,-1.46,674910.0,-117964.0,297947.0,-0.31,-0.1,-0.036238072133268684,-1.4326839202403474
2024,2610,華航,50268867.0,0.1579025841183172,0.08385768869626602,0.07422232134255184,0.57,60517407.0,13280554.0,52100100.0,0.63,0.38,0.03642877011729739,0.6389881119954602
2024,1720,生達,1760104.0,0.4483081681537,0.21199372309818057,0.1822301409462168,1.21,1786961.0,3267402.0,1743568.0,1.22,1.26,-0.009394899392308642,1.7780502338289048
2024,1109,信大,1376035.0,0.24594577899544706,0.17609072443651505,0.15319305104884687,0.55,3411589.0,4782879.0,1059071.0,0.18,0.34,-0.2303458850973994,0.4755623193982431
2024,4155,訊映,438764.0,0.22076788432961683,0.0714324785078083,0.0999899718299587,0.3,1470752.0,236242.0,455147.0,-0.17,-0.03,0.03733897949695053,0.30943446419580056
2024,3025,星通,119218.0,0.59470885269003,0.0979298428089718,0.2931855927796138,0.61,567365.0,123636.0,251410.0,1.55,0.5,1.1088258484457043,1.2991599742797442
2024,3591,艾笛森,668680.0,0.2505981934557636,0.059974875874857926,0.070506071663576,0.32,1436094.0,111593.0,675195.0,0.22,0.11,0.009743075910749521,0.33149185956412464
2024,2020,美亞,1419039.0,0.15947694178947866,0.1083867321476013,0.13104150062119505,0.41,2670313.0,1233394.0,1234189.0,0.72,1.45,-0.13026421402089727,0.6056592564623401
2024,2373,震旦行,2921189.0,0.45436909422841176,0.07884871536898161,0.08893810020508772,1.08,2362025.0,3637707.0,2812538.0,1.29,1.41,-0.037194101442939886,1.0590141360680645
2024,6214,精誠,8907951.0,0.23403642431351498,0.038444531183433765,0.05415588837432985,1.87,2723033.0,5681003.0,9202841.0,1.79,1.35,0.03310413359929787,1.8302680500849828
2024,8478,東哥遊艇,1709326.0,0.48852822691517006,0.3289261381386582,0.3050143740866283,5.92,888863.0,3928062.0,937571.0,1.5,4.84,-0.45149667178759345,3.2172858103754365
2024,2547,日勝生,1724811.0,0.3772581459649782,0.11657741051048491,-0.039645503188465284,-0.09,9550946.0,517963.0,1784841.0,-0.06,-0.02,0.03480381328736892,-0.07408786475853131
2024,5283,禾聯碩,1910943.0,0.3435241134874248,0.10700423822165286,0.10536891995208648,2.76,730004.0,2583820.0,1938409.0,3.13,2.29,0.014373008509411367,2.7979033369050583
2024,6285,啟碁,30712634.0,0.1260449689857275,0.04043563961332655,0.037918206559554614,2.45,4852534.0,12212446.0,25967008.0,1.09,3.35,-0.15451706291293676,2.029089076094278
2024,6166,凌華,2521618.0,0.36976615807786906,-0.00173341084970047,-0.04005682066038552,-0.42,2174973.0,1692076.0,2432740.0,0.18,0.49,-0.035246417181349465,-0.44804156140488305
2024,3346,麗清,2553897.0,0.1409704463414147,0.03816872802622815,0.032654801661930764,0.73,1151590.0,710799.0,2452614.0,0.65,0.88,-0.03965821644334133,0.695469947839723
2024,1446,宏和,745226.0,0.4900835451259081,0.3916717881555394,0.3788931143035804,2.05,1377095.0,641329.0,1593265.0,4.87,-0.05,1.1379621752327482,4.383700018959433
2024,2331,精英,4990691.0,0.1172430831722501,-0.009063674749648896,0.0058795465397477025,0.06,5574030.0,1357391.0,4737319.0,-0.05,0.5,-0.05076892157819424,0.04996974816090162
2024,2705,六福,496576.0,0.2835557900502642,-0.0077873276195386,-0.09848240752674314,-0.26,1913128.0,-614653.0,629090.0,0.15,-0.09,0.2668554259569531,-0.3238377032326057
2024,2038,海光,2299034.0,0.035723699606008436,0.013154655390046429,0.0016459086729469856,0.05,1903277.0,617969.0,2483196.0,-0.09,-0.01,0.08010407849557688,0.02147408828576851
2024,6776,展碁國際,6027870.0,0.06790010401684177,0.019249419778462375,0.014969632722669865,1.01,815814.0,630669.0,6579667.0,1.01,1.23,0.09154095891251801,1.2073241992350103
2024,2417,圓剛,881330.0,0.611542781931853,0.025445633304210683,0.031023566654941964,-0.11,1576689.0,1186724.0,882643.0,-0.19,0.11,0.0014897938343185757,0.1736723852517392
2024,2399,映泰,527498.0,0.05046275056967041,-0.08332922589279959,0.016663570288418156,0.05,1781000.0,336576.0,491390.0,-0.15,-0.14,-0.06845144436566586,0.0459759225380449
2024,6790,永豐實,2719536.0,0.21932381112072058,0.08143006748209988,0.0696460719769843,0.71,2671290.0,1521717.0,2832809.0,0.54,1.11,0.041651590565449315,0.7385720738334247
2024,8028,昇陽半導體,828058.0,0.26719746684410994,0.13568493994382036,0.12479077552538591,0.6,1726280.0,684573.0,938147.0,0.73,0.76,0.13294841665680424,0.6781755664597529
2024,1776,展宇,294564.0,0.19028801890251354,0.022857511440637687,0.03076071753506878,0.17,601070.0,328869.0,320994.0,0.24,0.09,0.08972583207723961,0.16427380778365028
2024,9910,豐泰,22266696.0,0.2287802824451369,0.0900522915478794,0.07607998959522329,1.6,9874828.0,12969139.0,22718942.0,1.45,1.71,0.02031042234555147,1.750366559270178
2024,3052,夆典,746992.0,0.10978029215841668,0.05471009060337995,0.05906488958382419,0.22,2352457.0,927175.0,578190.0,0.23,0.22,-0.22597564632552958,0.14517046861418215
2024,9929,秋雨,148539.0,0.11184268104672847,-0.022182726422017112,0.04417021792256579,0.09,1012800.0,-45187.0,163762.0,-0.18,0.13,0.10248486929358624,0.07141985809079009
2024,1438,三地開發,1660.0,0.16566265060240964,-3.519879518072289,-21.083132530120483,-0.39,912058.0,226213.0,1164987.0,-0.51,-0.25,700.7993975903614,-269.29839239245166
2024,2897,王道銀行,,,,,0.2,30330063.0,12422291.0,2668606.0,0.24,0.24,,
2024,2434,統懋,14779.0,0.03538805061235537,-0.9318627782664591,-1.6680424927261654,-0.66,370000.0,24631.0,13236.0,0.11,-0.3,-0.10440489884295279,-0.5967083901006358
2024,6719,力智,921750.0,0.3033978844589097,0.051229726064551125,0.10531163547599674,1.06,1038913.0,2026949.0,994560.0,0.06,0.49,0.07899104963384862,1.0081569888817188
2024,8070,長華*,4254691.0,0.20661523950858005,0.11428891075756148,0.16927997826399144,0.74,703286.0,4777199.0,4465629.0,0.62,0.83,0.049577748419332934,10.748707923306448
2024,2467,志聖,1349332.0,0.3801636661696306,0.13121529764357476,0.14766417753377226,1.25,1567553.0,1271805.0,1053570.0,1.1,1.08,-0.21919142212591114,0.992467543516911
2024,2342,茂矽,475641.0,0.2188814673251465,0.03594517713990173,0.06080426203796561,0.18,1574517.0,303010.0,525377.0,0.2,-0.05,0.10456625900626726,0.20288863681192554
2024,2887,台新新光金,,,,,0.38,140761443.0,39774916.0,23480565.0,0.43,0.22,,
2024,2606,裕民,4163731.0,0.30738513126808625,0.24517770240200434,0.28992723112996494,1.44,8450557.0,21835934.0,4479498.0,1.84,0.91,0.07583751207750944,1.5368554427740273
2024,9908,大台北,814051.0,0.2725738313692877,0.1935628111752212,0.275062618926824,0.42,5163580.0,5349827.0,726139.0,0.64,0.75,-0.10799323383915749,0.38681243448325586
2024,2393,億光,5555800.0,0.3252910471939235,0.14618668778573743,0.15153641239785448,1.85,4433931.0,6272459.0,5513463.0,1.25,0.91,-0.007620324705712944,1.8843107908271735
2024,9921,巨大,21166075.0,0.22160301331257684,0.07563915369287881,0.05818088615862884,2.94,3920646.0,26730376.0,20457302.0,1.27,2.81,-0.033486274616337686,3.0357853240886583
2024,2545,皇翔,3288176.0,0.4240214027472982,0.296114015794775,0.2441523811377493,2.45,3277348.0,8835308.0,4447122.0,3.3,0.48,0.3524586275187216,3.312969588551689
2024,2748,雲品,492759.0,0.2753069959148387,0.055530188185299506,0.07045837823357869,0.33,1057787.0,495667.0,519630.0,0.26,0.61,0.05453172849202148,0.34612154508908216
2024,3031,佰鴻,352540.0,0.29871787598570376,0.12868894309865547,0.16230782322573326,0.32,1732032.0,687318.0,283324.0,0.46,0.26,-0.19633516764055148,0.2655014555597567
2024,2107,厚生,471299.0,0.29407870587461465,0.16910920668195772,0.5042552604609812,0.79,3035934.0,8166874.0,381439.0,0.65,0.65,-0.1906645250679505,0.6335533720264546
2024,2515,中工,5207155.0,0.07960412163647904,0.047321233955970196,0.029311975541346475,0.1,15308998.0,7205232.0,6358565.0,0.16,0.1,0.22112074635765588,0.121746767331253
2024,1582,信錦,2533982.0,0.3060487406777159,0.1724447924255184,0.13655108836605784,2.32,1434179.0,2741664.0,2468537.0,1.52,2.04,-0.025826939575734897,2.3503440924869445
2024,2102,泰豐,57655.0,0.1073801058017518,-1.0459630561096176,-1.2225479143179256,-0.15,4733292.0,-2417471.0,75831.0,-0.28,-0.5,0.3152545312635504,-0.1958616347578865
2024,6579,研揚,1919052.0,0.37486425589301386,0.10195085906999915,0.14713671125118027,1.97,1689872.0,1543928.0,1734104.0,-0.21,2.33,-0.0963746683258192,1.5098797987511285
2024,2890,永豐金,,,,,0.42,126858509.0,67061726.0,17143955.0,0.47,0.45,,
2024,2501,國建,4341563.0,0.23405810303800728,0.11481418097583751,0.07522106669879028,0.3,11595611.0,13891141.0,3089435.0,0.07,0.21,-0.28840489012827863,0.20041254936594297
2024,2114,鑫永銓,362551.0,0.3831102382837173,0.2941986092991055,0.2591552636732487,1.2,779918.0,1855251.0,363757.0,1.33,1.58,0.0033264285576373176,1.2087109317644922
2024,1233,天仁,524403.0,0.587368874701327,0.024896882740945418,0.03970610389337971,0.23,905919.0,463729.0,540381.0,0.12,0.21,0.030468933244089058,0.23684704844482146
2024,1587,吉茂,517246.0,0.23602502484311141,-0.05836681192314682,-0.05322032456510055,-0.4,720556.0,266767.0,549623.0,-0.07,0.22,0.06259497415156434,-0.40595199330023285
2024,2892,第一金,,,,,0.46,140287499.0,67021028.0,19319855.0,0.5,0.43,,
2024,5244,弘凱,217220.0,0.4534941533928736,0.14718257987293987,0.15771107632814657,0.5,679441.0,663774.0,230961.0,0.64,0.65,0.06325844765675348,0.5361040605413134
2024,6952,大武山,288134.0,0.24784995869977164,0.07700236695426434,0.04947697946094525,0.22,683450.0,438747.0,299068.0,0.28,,0.03794762159273124,0.21650422552382728
2024,4989,榮科,918323.0,0.007347088116055027,-0.032920878601537806,-0.007856712725261155,-0.05,1377765.0,440781.0,711982.0,-0.92,-0.13,-0.2246932724106877,-0.04060081392368718
2024,3694,海華,2389943.0,0.14712150038724772,0.04560945595773623,0.05277824617574561,0.83,1525548.0,432303.0,2537605.0,0.93,0.87,0.06178473712552979,0.8779162726233654
2024,3045,台灣大,47743896.0,0.20233357160462984,0.1036985963608835,0.07698682570856806,1.07,37232618.0,40914619.0,47201517.0,1.38,1.04,-0.011360174712176874,0.975997702460518
2024,2017,官田鋼,860795.0,0.09740762899412753,-0.027090073710930012,-0.010426408145958096,-0.02,4468747.0,253589.0,885231.0,-0.1,-0.1,0.028387711359847634,-0.020654066362348622
2024,4930,燦星網,1935136.0,0.1554490227043474,0.03776013675524614,0.05812046285118979,0.74,800000.0,856114.0,2534034.0,0.73,2.24,0.30948625833016385,1.8409903620081485
2024,6655,科定,631645.0,0.545588107243784,0.21991941676099708,0.18014390994941779,1.45,821813.0,1074042.0,678849.0,1.4,1.26,0.07473185096058699,1.4880576618434158
2024,6116,彩晶,2176727.0,-0.5662749623632178,-0.7842163946144831,-0.4633222264436468,-0.35,29403289.0,7461269.0,2387081.0,-0.51,-0.38,0.09663775016343346,-0.37614420741207794
2024,8481,政伸,275671.0,0.4447983284422373,0.18453156117255715,0.1885472175165324,0.78,666019.0,786306.0,295106.0,0.82,0.58,0.07050070555118237,0.8354328506008659
2024,2464,盟立,1743603.0,0.19780477551369205,-0.00424293832942476,0.008421068328054036,0.07,1955312.0,2000980.0,2185324.0,0.1,0.01,0.25333805917975605,0.09411675846584257
2024,1526,日馳,212106.0,0.27132188622669795,0.0018245594184040056,0.023912572015878854,0.09,600000.0,703848.0,160240.0,-0.51,0.09,-0.24452867905669806,0.0638625089970738
2024,5515,建國,1351810.0,0.14108861452423047,0.07668829199369734,0.08203297800726433,0.44,2520001.0,2020829.0,1412127.0,0.68,0.31,0.044619436163366055,0.4596862585945964
2024,2471,資通,204076.0,0.4315206099688351,0.15883788392559633,0.21077931750916326,0.9,472539.0,182014.0,225090.0,0.7,0.87,0.10297144201179953,1.0040296478838266
2024,2425,承啟,237209.0,0.046541235787849536,0.17919640485816304,0.01638639343363869,0.1,964988.0,1412971.0,1579170.0,-0.16,0.86,5.657293778903836,0.2681577482683641
2024,6426,統新,77957.0,-0.060969508831791884,-0.6122477776209961,-0.4109958053798889,-0.84,385090.0,1409.0,75176.0,-1.02,-0.19,-0.035673512320894885,-0.8023324590417442
2024,6153,嘉聯益,1969092.0,-0.06384668669620312,-0.2094081942336874,-0.1885178549300896,-0.59,5961777.0,-97341.0,2086488.0,-2.04,-2.55,0.059619357551602414,-0.6597701358124815
2024,2006,東和鋼鐵,15434701.0,0.14299169125466052,0.09979221495771119,0.07574153849821905,1.59,7302138.0,15500775.0,14893134.0,1.48,1.6,-0.03508762495625928,1.5447926103562204
2024,6409,旭隼,6507110.0,0.3121459449740361,0.23323825784411206,0.19733030485115513,14.71,877262.0,5280885.0,6700732.0,14.08,7.21,0.029755452113150005,15.072549458267774
2024,2420,新巨,563506.0,0.48439590705334107,0.2869055520260654,0.29619382934698124,1.1,1526487.0,1928236.0,582321.0,1.08,1.04,0.03338917420577592,1.1299138931360924
2024,6414,樺漢,36321094.0,0.1874597169347377,0.03192604826275332,0.033579577751705385,3.69,1370771.0,6231773.0,37712210.0,5.03,6.12,0.03830049832750082,9.238305215704456
2024,9925,新保,1951402.0,0.34798109256831755,0.09696618123789973,0.1855558208918511,0.88,3874896.0,5488522.0,1979917.0,0.46,0.51,0.014612570859310337,0.9481160893937055
2024,8487,愛爾達-創,229744.0,0.2656652622048889,0.11970279963785779,0.08667908628734591,0.74,265350.0,87743.0,758211.0,3.35,,2.300242879030573,2.476767917581113
2024,2014,中鴻,8160301.0,-0.02601337867316414,-0.04073256611490189,-0.03274278730649764,-0.18,14355444.0,1630404.0,6705239.0,-0.43,-0.08,-0.1783098442079526,-0.15293725113359988
2024,4576,大銀微系統,582518.0,0.31581513360960517,0.04029746720273022,0.06482546462083576,0.22,1198018.0,1004737.0,597092.0,0.2,0.14,0.025018969370903532,0.3230900230329099
2024,8114,振樺電,3187853.0,0.44421935390370887,0.17770392800420848,0.1341256952563371,3.05,756408.0,2208740.0,3597436.0,3.51,2.2,0.1284823986551451,6.378946344303291
2024,1229,聯華,3939143.0,0.2998103902295499,0.2134177408639392,0.46941377858077254,0.74,17104388.0,14435686.0,2784397.0,0.44,0.67,-0.2931465042015484,0.7641514661845646
2024,6742,澤米,179639.0,0.20368628193209715,0.042240270765256986,0.04774575676773975,0.12,712679.0,96495.0,188492.0,-0.06,,0.04928217146610692,0.12627975827356777
2024,3005,神基,8653783.0,0.32694695487511066,0.15139679374904594,0.14104756266710178,1.89,6121179.0,11086795.0,9136062.0,1.85,1.81,0.05573042448603105,2.105181497674757
2024,2704,國賓,296608.0,0.2633374689826303,-0.05758104973567807,-0.029099012838493903,-0.02,3669234.0,6390672.0,327636.0,-0.91,-0.15,0.1046094508576978,-0.025983309242072837
2024,1903,士紙,36531.0,0.6101119597054556,-0.2593961293148285,-0.4548465686677069,-0.07,2600391.0,107703.0,37945.0,,0.63,0.03870685171498178,-0.06637137664334378
2024,1231,聯華食,2650340.0,0.19031029981059033,0.060845400967423045,0.08152350264494367,0.87,2713222.0,3059182.0,3184220.0,0.66,0.67,0.20143830602866042,0.9567546171750138
2024,2329,華泰,4060360.0,0.1417586125368194,0.06427952201282645,0.08708291875597238,0.5,7404883.0,3516838.0,3914051.0,0.25,0.82,-0.03603350441832742,0.4603002981137344
2024,2707,晶華,1388047.0,0.31695468525201237,0.20408170616701019,0.20375030528505159,2.32,1274032.0,2653444.0,1450508.0,1.74,2.3,0.044999196713079614,2.319733317674985
2024,2912,統一超,82841047.0,0.34268800344833883,0.04429354930774837,0.047686034195101375,3.23,10396223.0,24243435.0,87881001.0,2.87,2.92,0.06083884961038688,4.0309797306057575
2024,1402,遠東新,67515955.0,0.20293099608825796,0.07203919429118644,0.08189618290965446,0.68,53528751.0,152311799.0,67272271.0,0.4,0.39,-0.00360928020643414,1.0292304803756478
2024,2351,順德,2784564.0,0.1900240037578594,0.10767430736014687,0.08404834652749946,1.2,1821403.0,4506843.0,2904926.0,0.86,1.14,0.043224720279368745,1.3404733992682722
2024,6224,聚鼎,674070.0,0.2984601005830255,-0.0033601851439761447,0.021984363641758275,0.45,856453.0,1159386.0,866947.0,0.93,0.68,0.2861379381963298,0.22253735004876404
2024,2527,宏璟,458980.0,0.35063401455401105,0.16066713146542333,0.005900039217395093,0.03,2703060.0,3332556.0,690285.0,1.27,2.59,0.5039544206719246,0.01506702985201798
2024,1709,和益,2977968.0,0.1526403238718482,0.07184328374247137,0.09287272395136549,0.57,4770163.0,2547219.0,2575595.0,0.41,0.33,-0.1351166298630475,0.5014556597867142
2024,6202,盛群,682586.0,0.41202134236565063,-0.08546029364797988,-0.05050059626186298,-0.15,2261682.0,1311835.0,683295.0,-0.32,0.16,0.0010386969554019299,-0.15257142658760015
2024,3679,新至陞,978667.0,0.2816627106053438,0.1574233115043217,0.18214673632604347,2.84,630402.0,3194469.0,1119061.0,1.59,2.82,0.14345431081256454,3.2333861393167935
2024,1414,東和,142777.0,0.12436176695125965,-0.022986895648458787,0.11721775916289039,0.08,2200000.0,1056641.0,122368.0,0.1,0.06,-0.14294319113022402,0.0651986488783844
2024,2357,華碩,144906624.0,0.19338031089593255,0.07934918834352252,0.08640849986264258,15.9,7427603.0,168483560.0,166529002.0,16.83,14.94,0.14921593922442078,19.373034943363297
2024,2405,輔信,425932.0,0.4172896143046308,-0.028880196838932035,0.0034911676042185136,0.0,3434273.0,198045.0,399268.0,-0.02,0.03,-0.0626015420301832,0.004058825570946507
2024,8271,宇瞻,1883778.0,0.19274033352125355,0.051244361065900544,0.047735455027078565,0.69,1287292.0,2046078.0,1897997.0,0.27,1.14,0.007548129344328247,0.7038166199667988
2024,2207,和泰車,,,,,10.54,5571028.0,54344551.0,66413179.0,7.69,11.39,,
2024,6024,群益期,644239.0,,0.02147494951407785,0.5309504702447384,1.63,2104376.0,3303660.0,807760.0,1.65,1.32,0.2538203989513208,2.0380414519310706
2024,6117,迎廣,757195.0,0.29595018456276123,0.1213122115175087,0.12045113874233189,1.03,886500.0,229482.0,677751.0,0.84,0.71,-0.1049188121950092,0.920878507994971
2024,2028,威致,2630881.0,0.05815238317506569,0.04205435365567656,0.037617056795803384,0.31,3257148.0,1095894.0,2331797.0,0.08,-0.09,-0.11368207075880665,0.269301057812798
2024,8162,微矽電子-創,236863.0,0.12381840979806892,-0.047584468659098295,-0.004204962362209378,-0.02,687020.0,413651.0,289731.0,0.64,,0.22320075317799737,-0.017733223926017953
2024,3406,玉晶光,4987181.0,0.3675070144837334,0.2170675177018841,0.20229023169602225,8.86,1127431.0,11858591.0,7502998.0,12.22,13.92,0.504456726154515,13.462315687920517
2024,4967,十銓,7476878.0,0.09511978127769372,0.02390141981720178,0.017573110060107977,1.83,811350.0,832587.0,6200590.0,1.58,0.54,-0.17069798383763923,1.3429919332914886
2024,1726,永記,2228662.0,0.25606350357299584,0.09849945841944628,0.08602829859350587,1.18,1620000.0,8166247.0,2355474.0,1.16,1.35,0.0569005080178151,1.2508482753162942
2024,2206,三陽工業,18078479.0,0.20977926295680074,0.101172393982923,0.0782056388703939,1.62,7974896.0,14474500.0,16190850.0,1.32,1.6,-0.1044130427122768,1.5877520761458421
2024,2530,華建,1797867.0,0.42872581787195607,0.3625423905105328,0.2860066957121967,0.62,8399880.0,876526.0,2000407.0,0.63,-0.03,0.11265571924953299,0.681116630415611
2024,1445,大宇,266023.0,0.151735000357112,-0.029730512023396473,0.010243475188235604,0.03,1306660.0,886263.0,271668.0,-0.15,0.08,0.02121996970186779,0.021297234303013713
2024,2616,山隆,2971294.0,0.08730169414403287,-0.018378524642798728,0.0018742675750026757,0.01,1372818.0,1683256.0,2161788.0,-1.74,0.1,-0.2724422423361673,0.029514248446843534
2024,6830,汎銓,509291.0,0.3147748536691204,0.14039517682425176,0.07999552318811838,0.87,467812.0,550732.0,518512.0,0.27,1.55,0.018105562438762934,0.8866518755251607
2024,6152,百一,861389.0,0.1971153567087576,0.013748724443892364,0.04837883929328097,0.25,1677385.0,-408993.0,613073.0,-0.17,0.13,-0.28827393895208786,0.1768214222855793
2024,2379,瑞昱,30673780.0,0.5087504050690851,0.1295297482084047,0.1430130228488305,8.56,5128636.0,33293200.0,30752452.0,8.53,5.01,0.002564796383099921,8.57538168147157
2024,9938,百和,3721560.0,0.36892862133083976,0.17779345220821377,0.11024059802878362,1.17,2979639.0,8489065.0,4319276.0,1.53,0.85,0.16060899192811617,1.5980444922736359
2024,2511,太子,2184480.0,0.14360625869772212,-0.056628579799311504,-0.04135217534607778,-0.05,16233261.0,5285457.0,1960165.0,0.07,0.06,-0.10268576503332605,-0.049932719487011605
2024,2482,連宇,160677.0,0.4597048737529329,-0.03926510950540525,0.0008153002607716102,0.01,778827.0,310929.0,160617.0,-0.06,0.07,-0.0003734199667656535,0.0016813885751823412
2024,3501,維熹,1593609.0,0.24051884747136845,0.12563684065539288,0.11469187234760848,1.55,1182579.0,3969448.0,1569437.0,0.98,1.4,-0.015168087027620958,1.5221111491208084
2024,9927,泰銘,2205659.0,0.1748869612211135,0.14528991108779735,0.14209948137948794,1.87,1673185.0,3839964.0,2189369.0,1.12,2.04,-0.007385547811334381,1.859377172568055
2024,3706,神達,13107649.0,0.12948668369133168,0.033543620217477595,0.08497526902040176,0.92,12065568.0,23452644.0,15149859.0,0.95,0.52,0.15580292087467407,1.0669728471516258
2024,2712,遠雄來,30090.0,-1.547424393486208,-2.5097706879361916,-2.4916583582585576,-0.72,1050000.0,-29379.0,94764.0,-0.35,0.31,2.1493519441674973,-2.248757263447752
2024,1232,大統益,5338089.0,0.15060520721928766,0.09825051624279775,0.08227700961898538,2.66,1599749.0,3425134.0,5411913.0,1.6,1.69,0.013829668257685501,2.7834117599580437
2024,2101,南港,2395380.0,0.26244645943441125,0.12265569554726181,0.22728752849234776,0.65,8339349.0,2159623.0,8788174.0,3.12,-0.01,2.668801609765465,2.3952017698512313
2024,1321,大洋,1333269.0,0.0791850706796603,-0.0024241169636434958,0.053464079641842716,0.32,2272283.0,3703429.0,1022106.0,-0.11,0.22,-0.2333835107543939,0.24048921981287233
2024,6141,柏承,579584.0,-0.1436392308966431,-0.29862453069787986,-0.38984167954946997,-1.93,1133540.0,120473.0,521682.0,-1.61,-0.64,-0.09990268882508835,-1.794143894972622
2024,1456,怡華,258169.0,0.3514906902068025,0.21873269060189257,-0.16149111628429438,-0.44,937200.0,473393.0,304860.0,-0.17,-0.12,0.18085440157416266,-0.5253113712167092
2024,6695,芯鼎,217460.0,0.4017244550721972,-0.23849443575830037,-0.17374689598087004,-0.4,963183.0,-306590.0,276842.0,-0.29,0.29,0.27307090959256874,-0.4993904395855826
2024,8454,富邦媒,26656946.0,0.09105457917047212,0.03467036321415064,0.028812677941426598,3.2,2523574.0,3966256.0,25552937.0,2.31,2.4,-0.04141543446124696,2.917483474780464
2024,2105,正新,24346068.0,0.2604037333667186,0.12534714024457666,0.09677587362361759,0.73,32414155.0,57962363.0,25388311.0,0.72,0.61,0.0428095000802593,0.7579947639705863
2024,6278,台表科,11502393.0,0.1391479146991413,0.06907040995730193,0.07474896745398979,2.94,2923984.0,14877791.0,11008957.0,2.26,3.13,-0.042898551631821324,2.814338821605635
2024,1734,杏輝,769325.0,0.3882572384882852,0.1025054430832223,0.07904981639749131,0.39,1811399.0,507562.0,751249.0,0.18,0.45,-0.023495921749585702,0.3278465733877459
2024,6902,GOGOLOOK,196447.0,0.9057761126410686,-0.06749912190056351,-0.05333754142338646,-0.32,319939.0,-88768.0,215731.0,-1.17,0.44,0.09816388135222232,-0.35964859391348303
2024,6443,元晶,1388834.0,0.08639693440684776,0.016449770094914152,0.021759979954407798,0.06,5127967.0,560051.0,1206292.0,0.04,0.22,-0.1314354343283647,0.0511877118927686
2024,2414,精技,5662382.0,0.08695386499886444,0.024246333080318493,0.020572614140126892,0.61,1617358.0,971166.0,6479576.0,0.79,0.63,0.14431982865161697,0.8241948711393944
2024,4142,國光生,79800.0,-0.43858395989974935,-3.658859649122807,-3.865814536340852,-0.65,4295078.0,135436.0,888242.0,0.63,0.62,10.130852130325815,-7.994683298856205
2024,2601,益航,1196398.0,0.6423823844573462,0.017696452183972224,-0.022431498548142005,-0.01,8247761.0,-64891.0,1110668.0,-0.07,-0.27,-0.07165675636368496,-0.030206922375015214
2024,3026,禾伸堂,3239323.0,0.16119571898202187,0.04686997869616583,0.05956090207737851,1.38,1658903.0,4726982.0,3411196.0,1.8,1.09,0.05305830878859563,1.224748589415688
2024,4737,華廣,474785.0,0.4326632054508883,-0.10908516486409638,-0.07507608707099003,-0.59,610146.0,99419.0,488271.0,-0.88,-0.17,0.02840443569194484,-0.6007984336575078
2024,3043,科風,195626.0,0.22876815965158007,-0.01683825258401235,-0.009191007330313966,-0.1,389756.0,-68793.0,232684.0,0.25,0.0,0.1894328974676167,-0.05487023547159698
2024,2492,華新科,8891190.0,0.19422023373699135,0.06624523826394442,0.14276649132455835,2.07,4858048.0,35954815.0,9387478.0,0.91,2.18,0.0558179501281606,2.758756802004596
2024,8374,羅昇,766564.0,0.22989469894229314,0.01810546803658925,0.009796964115194557,0.05,1122505.0,544298.0,995798.0,0.15,-0.16,0.29904091504427543,0.08691094714039145
2024,8072,陞泰,218639.0,0.19005300975580752,0.011672208526383674,0.14514336417565027,0.36,800000.0,1427083.0,259882.0,0.12,0.39,0.1886351474348127,0.47150184710870424
2024,1417,嘉裕,141452.0,0.4884625173203631,-0.39069790458954273,-0.22067556485592285,-0.16,1899419.0,296106.0,107043.0,-0.16,-0.02,-0.24325566269830046,-0.12436315783338248
2024,6771,平和環保-創,158064.0,0.45011514323312074,0.21763336370077943,0.16548992813037758,0.88,311795.0,228344.0,158436.0,1.0,,0.0023534770725781584,0.840923114651117
2024,5522,遠雄,5349743.0,0.35080227218391613,0.2584047495365665,0.1939696916281773,1.33,7815962.0,28311535.0,8956227.0,1.53,0.77,0.6741415428741155,2.2226778857701146
2024,5203,訊連,530872.0,0.8601508461550054,0.083839418918308,0.15991802167000707,1.08,789418.0,1564171.0,523033.0,0.55,1.2,-0.014766271342244508,1.059545166542045
2024,1752,南光,512296.0,0.31180411324702906,0.11016287458812873,0.08615136561675281,0.44,1009885.0,938297.0,579889.0,0.57,0.46,0.13194129956119127,0.4946922595754286
2024,6782,視陽,905072.0,0.39675075574097973,0.23684303569218804,0.16384442342708647,2.29,630000.0,1261111.0,1033197.0,3.15,1.59,0.1415633231389326,2.687040742088817
2024,3035,智原,2649116.0,0.4714599134201749,0.09695687165076954,0.1012881278132026,0.99,2605503.0,4698323.0,2884311.0,1.02,1.43,0.0887824466727769,1.1212670306694186
2024,1227,佳格,6357516.0,0.2418298278761705,0.04487979267374238,0.048027720260554595,0.33,9150897.0,8100677.0,7633934.0,0.54,0.55,0.20077306923018368,0.40066066380108595
2024,2385,群光,24673860.0,0.20668338881715306,0.10365560962087002,0.1174947495041311,3.4,7600532.0,23073617.0,27721129.0,3.29,2.93,0.12350191660323917,4.2853409574839025
2024,2023,燁輝,19876348.0,0.08371356750244059,0.01478465762422755,-0.01021963390860333,-0.05,19842172.0,15791809.0,16734635.0,-0.38,-0.02,-0.15806288962137305,-0.08619109001479278
2024,6794,向榮生技,3704.0,0.8323434125269978,-8.413606911447085,-7.008099352051836,-0.45,583845.0,-569763.0,14678.0,-0.23,,2.962742980561555,-1.7618525856934093
2024,1722,台肥,2918506.0,0.18291344955261357,0.08300582558336354,0.15442798472917307,0.46,9800000.0,37993820.0,2954541.0,0.75,0.62,0.012347070727283027,0.4655753188058324
2024,2348,海悅,1662403.0,0.5553617263683956,0.3946618238778443,0.34804978094962535,1.43,1818989.0,4290999.0,1900254.0,3.89,3.16,0.14307661860571708,3.635992237713639
2024,4440,宜新實業,285569.0,0.12721618943232635,0.07689560141331868,0.11619608570958333,0.49,675980.0,340734.0,316488.0,0.38,0.08,0.10827155608626993,0.5440200416292584
2024,3130,一零四,651819.0,0.8807352961481638,0.27011179483875125,0.22863862513980107,4.49,331907.0,720787.0,665047.0,4.54,4.54,0.020293977315788636,4.581266190027607
2024,2852,第一保,2029587.0,,0.15685161562426247,0.13551870405161248,0.91,3011638.0,4963265.0,1929553.0,0.82,0.73,-0.049287860042461884,0.868266776946303
2024,6005,群益證,4349089.0,,0.18482100504266527,0.32131050893646923,0.58,21709081.0,12969850.0,4746521.0,0.57,0.5,0.09138281603342668,0.7025203315550939
2024,2613,中櫃,834078.0,0.17284114914912035,0.10990578818767549,0.05648872167830826,0.34,1484235.0,2019801.0,849135.0,0.36,0.29,0.01805226849287478,0.3231735586501483
2024,1906,寶隆,785922.0,0.07364725761589573,-0.0184318545606307,-0.02383569870801428,-0.13,1510000.0,2623213.0,755611.0,-0.19,0.16,-0.038567440534811315,-0.11927494130106872
2024,2615,萬海,38162396.0,0.32454995750266835,0.2849305111764995,0.30324718081118385,4.12,28061464.0,178608235.0,54479796.0,6.57,0.91,0.427577974925893,5.88737798860687
2024,2314,台揚,501439.0,0.010370154694788398,-0.3585979550852646,-0.38372962613598066,-0.76,2520283.0,-1790850.0,352659.0,-1.09,-0.86,-0.2967060799020419,-0.5369464707871648
2024,6835,圓裕,594924.0,0.2628184440365492,0.11321446100678406,0.10950810523697145,0.98,661723.0,615760.0,641127.0,0.44,1.23,0.07766202069508044,1.0609968670616525
2024,6177,達麗,4392132.0,0.19310644579898784,0.12287517770413094,0.07891247348668028,0.81,4288528.0,2926734.0,568870.0,0.03,1.04,-0.8704797578943437,0.10467680004040503
2024,2426,鼎元,649521.0,0.17445625314654953,0.01443987184402044,0.2053359321715541,0.44,3006223.0,681389.0,632988.0,0.03,-0.07,-0.025454142360293197,0.43235375763344136
2024,2849,安泰銀,,,,,0.17,19576094.0,14724493.0,1474224.0,0.24,0.35,,
2024,2836,高雄銀,,,,,0.15,18263271.0,4675984.0,1173346.0,0.14,0.18,,
2024,6757,台灣虎航,3967956.0,0.2889341514875669,0.21975470494128463,0.1694759216080017,1.5,4490000.0,1274652.0,4422368.0,2.1,3.19,0.11452042310953048,1.6692313863913926
2024,2332,友訊,3720181.0,0.22338052906565567,-0.03154846498060175,0.02017213678581768,0.04,6025165.0,3032006.0,3680487.0,0.29,0.02,-0.010669910953257422,0.12322199840572623
2024,4999,鑫禾,531440.0,0.19797154899894626,0.028629760650308596,0.062266671684479906,0.45,744172.0,2259729.0,504659.0,-0.15,0.15,-0.05039327111244918,0.4222603949841965
2024,4952,凌通,791017.0,0.3833748200101894,0.14122958166512223,0.15034948679990442,1.1,1088158.0,978106.0,656718.0,0.55,0.5,-0.16978016907348392,0.9073793904217919
2024,3047,訊舟,2098891.0,0.3081794147480741,0.12536858750644983,0.12880230559852798,0.41,2229663.0,83768.0,2164110.0,0.35,0.02,0.031073076210246242,1.2501546537249368
2024,5533,皇鼎,204043.0,0.3115764814279343,0.09047602711193228,0.1506643207559191,0.11,2852450.0,6471088.0,1193868.0,0.89,0.69,4.8510608058105396,0.630592337437037
2024,4562,穎漢,157646.0,0.4364589015896375,-0.08643416261751012,-0.04163124976212527,-0.05,875460.0,-204842.0,224702.0,-0.18,0.08,0.4253580807632289,-0.1068538263775509
2024,3704,合勤控,6508825.0,0.24287379058432204,0.009077828947621115,0.020812051330309233,0.32,4107940.0,3326897.0,6401426.0,-0.28,0.73,-0.01650052044723893,0.3243153660938965
2024,1605,華新,48313810.0,0.08625602079405453,0.03608403063223538,0.04782133721186551,0.55,40313329.0,59192197.0,43700745.0,0.07,0.41,-0.09548129199498034,0.5183963008995723
2024,2539,櫻花建,478608.0,0.5386077959415638,0.21730936382174973,0.14083759569417978,0.08,9942521.0,1883483.0,8000.0,-0.22,0.61,-0.9832848594256678,0.0011332143684216892
2024,1459,聯發,309710.0,-0.05834490329663233,-0.1641406477026896,0.3698556714345678,0.36,3586289.0,16419.0,280670.0,0.19,0.15,-0.0937651351264086,0.28945629117324384
2024,6139,亞翔,18796216.0,0.10842458928967405,0.08328713609164738,0.07208136999489685,4.62,2329559.0,5729516.0,16315460.0,4.33,4.36,-0.13198167120445947,5.048340518084925
2024,1444,力麗,2003295.0,0.03506822509914915,-0.040020566117321715,0.04853753441205614,0.1,9955950.0,881774.0,2037673.0,-0.08,0.16,0.01716072770111232,0.09934122143845406
2024,2646,星宇航空,8337428.0,0.1881444733315838,0.06495528357186413,0.033289762742179006,0.09,25387350.0,-8154527.0,9594592.0,0.64,,0.15078558999250125,0.1258113553750229
2024,2380,虹光,610445.0,0.20325336434895855,-0.10974125433085699,-0.09784992915004628,-0.27,2169341.0,-1384198.0,484128.0,-1.16,-1.27,-0.2069260948979843,-0.21836995889329341
2024,2387,精元,6033142.0,0.17687931097925427,0.10099463927751079,0.06010218224600051,1.89,1952510.0,8358542.0,6637277.0,2.17,2.45,0.10013604851336178,2.0430872664989552
2024,3543,州巧,789765.0,0.14446955739998607,-0.021826745930751554,-0.018870170240514583,-0.08,892631.0,494185.0,851805.0,-0.5,0.76,0.07855501320012914,-0.1800711084616322
2024,1539,巨庭,321024.0,0.14150655402711323,0.06714139752791068,0.08309347587719298,0.41,653700.0,954783.0,340324.0,0.03,0.58,0.06012011562998398,0.4325945247732878
2024,5285,界霖,1264123.0,0.15894814033128105,0.05795796769776359,0.0852440783056712,1.06,1020409.0,1452781.0,1347427.0,0.06,0.46,0.06589865068509937,1.1256287694363303
2024,4755,三福化,1202733.0,0.21827787214618705,0.11534230789377194,0.09144257287361368,1.1,1007060.0,2934636.0,1235160.0,0.94,1.09,0.02696109610362396,1.1215439825886508
2024,6657,華安,1630.0,0.7539877300613497,-33.22760736196319,-29.88834355828221,-0.64,762240.0,-91510.0,2115.0,-1.18,-0.55,0.2975460122699387,-0.8293168375546661
2024,8112,至上,70053268.0,0.033958358659299095,0.026113214304291987,0.012752395791157094,1.51,5534132.0,4968555.0,60466743.0,1.0,1.56,-0.1368462210785084,1.3933455850676812
2024,2440,太空梭,1108424.0,0.03448590070225834,0.004279950632609904,-0.002966373878587977,-0.02,1391173.0,-143196.0,970518.0,-0.05,-0.12,-0.12441628835174989,-0.020694185725998467
2024,6592,和潤企業,7684197.0,0.5328404516438087,0.09270845086350597,0.13855123703882136,1.55,7231505.0,11847267.0,7180513.0,1.17,1.77,-0.065548033190716,1.3757426133610338
2024,6625,必應,706764.0,0.17363363159413892,0.09869914143900935,0.09028897906514763,1.21,489724.0,194195.0,1060444.0,1.46,2.55,0.5004216400382588,1.955109533446623
2024,1718,中纖,,,,,0.07,16859057.0,2675824.0,11301152.0,0.14,0.0,,
2024,3437,榮創,529814.0,0.19977199545500873,-0.07354845285326549,-0.03584465491663112,-0.09,1445480.0,13672.0,509463.0,-0.19,0.15,-0.03841159350262546,-0.12633537252533167
2024,2012,春雨,2202016.0,0.14197671588217342,0.045780321305567265,0.07900850856669525,0.55,3021627.0,1358149.0,2379777.0,0.15,0.11,0.08072647973493385,0.6222562595956559
2024,6472,保瑞,5027311.0,0.3880993238731401,0.14770321549631601,0.2414059921894627,11.61,1015593.0,5401771.0,5614833.0,14.19,2.09,0.11686605423853824,13.34643239312537
2024,3168,眾福科,869932.0,0.25687410050440723,0.10122630274550194,0.0989617579305049,0.89,780996.0,592467.0,892147.0,0.75,,0.0255364787132788,1.1304595087865514
2024,6504,南六,1708010.0,0.11592437983384173,0.017913244067657683,-0.003943770821013929,-0.09,726000.0,2694041.0,1687318.0,-0.63,0.43,-0.01211468316930231,-0.0916583401401044
2024,3057,喬鼎,138703.0,0.31421814957138633,-0.26535835562316606,-0.22996618674433864,-0.35,926787.0,-217921.0,140244.0,-0.4,-0.1,0.011110069717309656,-0.34799126329753255
2024,6901,鑽石投資,-90729.0,1.0,1.4737074143879025,1.4776532310507116,-0.16,8503500.0,-108265.0,-756686.0,-0.95,-3.67,7.340067674062318,-1.3148932942798126
2024,1432,大魯閣,317571.0,0.3928475836899465,-0.0032622626121402774,-0.036328883934616196,-0.12,1080000.0,-241368.0,329980.0,-0.07,0.48,0.039074726596572074,-0.1109981955624505
2024,3321,同泰,552913.0,0.04728592020806167,-0.0851490198277125,-0.07027687900266408,-0.4,971598.0,-318463.0,504714.0,-0.94,-0.58,-0.08717284636100076,-0.36506584728406805
2024,1215,卜蜂,6704985.0,0.15833696868822228,0.07545221950533819,0.054071261904389045,1.28,2947901.0,5250085.0,7013970.0,1.74,2.2,0.046082877142901824,1.2865228813977392
2024,1423,利華,18129.0,-0.16338463235699707,-0.5343924099509074,1.4518175299244305,0.26,996480.0,693618.0,30195.0,0.32,0.42,0.6655634618566937,0.43992483859252746
2024,1309,台達化,4943005.0,0.04179825834689627,-0.019652215605689253,-0.007972680585999812,-0.09,3975868.0,2295600.0,5185409.0,-0.25,-0.18,0.049039804734164694,-0.10398134360790827
2024,3019,亞光,5614268.0,0.17558353110325337,0.06701514783405424,0.09831468679443162,1.59,2792439.0,4816521.0,6827724.0,2.46,0.65,0.21613788297957992,2.40386825487978
2024,1762,中化生,461158.0,0.2552292272930319,0.050837240164976,0.04570450908365463,0.27,775600.0,2296814.0,348180.0,-0.1,0.16,-0.24498761812654235,0.20517529619322936
2024,1201,味全,5905868.0,0.27675389968079206,0.022895533730181574,0.017542213947213177,0.2,5060629.0,2561531.0,6506095.0,0.28,0.13,0.1016323087478419,0.2255279145159503
2024,2368,金像電,9573005.0,0.3162568075541588,0.22984778551771362,0.1588511653341871,3.13,4918395.0,10793248.0,10441015.0,3.27,2.4,0.0906726780148972,3.372172019574938
2024,3010,華立,21154439.0,0.07103842366134125,0.03262837648400886,0.0309883897181107,2.3,2593513.0,13323522.0,21412935.0,2.77,3.01,0.012219468452933313,2.5585079958672767
2024,2376,技嘉,73923373.0,0.1079507153982273,0.052088437577111096,0.044333934816529544,4.66,6356889.0,27694345.0,70434608.0,2.88,2.33,-0.04719434271485423,4.912219357455841
2024,2049,上銀,6182917.0,0.31508833128440833,0.10606401476843373,0.09018445500724011,1.64,3537923.0,23610339.0,6326487.0,1.88,1.78,0.023220431391849594,1.6126715652245385
2024,2354,鴻準,13497811.0,0.08910215145255775,0.03486417167939305,0.06259992824021614,0.61,14144852.0,87267168.0,20214985.0,0.69,0.75,0.4976491373304901,0.8946411106860966
2024,3018,隆銘綠能,207039.0,0.10714889465269828,-0.014499683634484324,0.04099227681741121,0.25,730736.0,-429162.0,321155.0,0.29,-0.44,0.5511811784253209,0.18015910891615708
2024,3419,譁裕,400698.0,0.1960404094854479,-0.08923678181573155,-0.04694807560806393,-0.16,1204804.0,51628.0,354093.0,-0.51,-0.27,-0.11630953985295656,-0.13798082456803085
2024,6792,詠業,308250.0,0.2999610705596107,0.06933657745336577,0.07111111111111111,0.46,478753.0,457100.0,327094.0,0.34,1.61,0.06113219789132196,0.4858458908409509
2024,6919,康霈*,7848.0,0.6694699286442406,-24.789882772680937,-22.508919469928646,-1.26,697194.0,-395122.0,23257.0,-3.82,,1.9634301732925588,-7.508526179401008
2024,6416,瑞祺電通,1124518.0,0.2305645618834025,0.08497151668537098,0.08432146039458684,1.3,733485.0,1231862.0,1119929.0,1.2,1.0,-0.004080859532706427,1.2874707569786599
2024,6213,聯茂,7595918.0,0.1249762043244806,0.04450508812759695,0.026361264036815563,0.55,3629572.0,6958132.0,7962863.0,0.69,0.64,0.04830818342167453,0.5783357763173985
2024,2211,長榮鋼,3343618.0,0.30802262698669525,0.263642557253849,0.2563642138545731,1.91,4170915.0,10873638.0,3278484.0,1.95,2.19,-0.019480096111457734,2.0151117279896527
2024,2444,兆勁,325064.0,0.0757050919203603,-0.07201043486821057,-0.053589447001205916,-0.17,1015696.0,-149241.0,361517.0,-0.3,0.45,0.11214099377353381,-0.19074108898267747
2024,2458,義隆,3151434.0,0.485648755455453,0.24365225481479225,0.22786452135757881,2.58,3038804.0,6346846.0,3402700.0,2.49,2.69,0.07973068768059233,2.5515123937688426
2024,2462,良得電,1078417.0,0.15736306085679289,0.04676298685944305,0.07932460263515875,0.57,1501440.0,1379423.0,1130806.0,0.12,1.17,0.04857953834184725,0.5974313765948245
2024,6552,易華電,574998.0,0.09217423364950834,0.008869596068160237,0.1166577970705985,0.8,830000.0,828343.0,492754.0,-0.71,0.27,-0.14303354098622956,0.6925734474424783
2024,2233,宇隆,939751.0,0.3800283266524856,0.19985506799141475,0.1917444088912914,3.01,602881.0,2333770.0,963997.0,3.11,2.58,0.0258004513961676,3.0659621871974445
2024,2597,潤弘,6780331.0,0.16624999575979402,0.12362759281220932,0.09852513100024173,3.41,2589300.0,1961949.0,6881231.0,1.19,3.28,0.014881279394767022,2.6183686159113444
2024,2540,愛山林,2621710.0,0.3904333431233813,0.27401390695385835,0.20933055143398774,1.31,6249101.0,2296793.0,2552543.0,-0.24,0.29,-0.026382399273756407,0.8550433634357412
2024,6281,全國電,5537831.0,0.19241775344895862,0.03340621987200404,0.025873848443551273,1.45,991729.0,1237214.0,5516633.0,1.24,1.23,-0.003827852457035985,1.4392694593048463
2024,1707,葡萄王,2758268.0,0.783811435292002,0.19998093006190842,0.17632659335496043,2.21,1481374.0,5263628.0,2899237.0,2.81,2.48,0.05110779663179943,3.450935304242247
2024,2013,中鋼構,4723096.0,0.05566899338908208,0.0373346211891522,0.02907732555086748,0.69,2000000.0,1864289.0,4889880.0,0.72,0.67,0.035312430659889094,0.7109231633233795
2024,3094,聯傑,41930.0,0.6448604817553064,-0.1626043405676127,0.08080133555926544,0.04,831171.0,119570.0,43671.0,0.01,0.13,0.04152158359170044,0.042454261821077505
2024,8473,山林水,669983.0,0.2516108617681344,0.163620569477136,0.10031150044105597,0.2,1692354.0,273880.0,797684.0,-0.07,0.26,0.19060334366692877,0.4728140738747525
2024,1217,愛之味,1202414.0,0.2855414191784194,0.027883075213695117,0.10195656404532881,0.24,4945134.0,1248241.0,1700441.0,0.22,0.19,0.41418928921319953,0.35058933028266365
2024,3056,富華新,75428.0,0.1653895105265949,-0.8075515723603967,-0.2778543776846794,-0.06,3559667.0,1865114.0,125548.0,-0.14,0.2,0.6644747308691732,-0.09799810322020608
2024,2498,宏達電,766559.0,0.41049156033651685,-1.5414508211370552,-1.0687970528035025,-0.99,8323822.0,573968.0,773874.0,-1.05,-1.1,0.00954264446702724,-0.993671237132723
2024,1218,泰山,2556095.0,0.1919271388582975,0.06672561074607947,0.07939963107787465,0.42,4999990.0,6718150.0,2988719.0,0.55,0.36,0.1692519253001159,0.4746073212055113
2024,2401,凌陽,1787686.0,0.4859471965434646,0.04357252895642747,0.06279010967250401,0.01,5919949.0,1826331.0,1786548.0,0.01,-0.09,-0.0006365771170104839,0.1894907284761958
2024,2457,飛宏,2600492.0,0.27049496787530974,-0.02064763129438583,0.017383633558572763,0.1,4312084.0,998313.0,2962316.0,0.24,0.27,0.13913674796923048,0.1194221073353326
2024,2308,台達電,103443972.0,0.34126393561144386,0.12695378711869262,0.11556029577054523,3.83,25975433.0,121557794.0,112203112.0,4.75,3.6,0.08467520949408236,4.991726147200555
2024,6715,嘉基,558493.0,0.4326052430379611,0.22045039060471663,0.1548184131224563,1.49,663328.0,1003682.0,580566.0,1.35,2.26,0.0395224291083327,1.355020545384063
2024,4540,全球傳動,579193.0,0.008693129923876842,-0.11031038013235657,-0.15279708145644025,-0.93,951588.0,286797.0,495561.0,-0.9,0.3,-0.1443940102867265,-0.7957254030487457
2024,1527,鑽全,754837.0,0.2923147646445524,0.15698091111061063,0.16958495675225246,0.93,1385706.0,3315216.0,836117.0,0.85,1.11,0.10767887636668583,1.0232535998604544
2024,2369,菱生,1370170.0,0.01120225957362955,-0.06253749534729267,0.0666749381463614,0.27,3801023.0,609678.0,1371315.0,-0.25,-0.05,0.0008356627279826334,0.24054667073621386
2024,1725,元禎,2031037.0,0.04600703975358401,0.018667803688460625,0.030241201908187788,0.34,1818300.0,1019937.0,2159464.0,1.08,0.68,0.06323223062898409,0.35915298266217255
2024,2228,劍麟,1204797.0,0.24530522569362306,0.09792604065249166,0.0932771246940356,1.48,757803.0,3122004.0,1360613.0,1.79,1.86,0.12932967130562245,1.6747633416775316
2024,3032,偉訓,1783707.0,0.21885152662404755,0.07246874066200334,0.14190222945808925,1.92,1132856.0,1739010.0,1604134.0,0.62,1.61,-0.10067404568126936,2.0093479749369956
2024,2480,敦陽科,1786850.0,0.26496460251280185,0.13357640540616167,0.11223158071466548,1.88,1063603.0,1712407.0,1762560.0,1.71,1.73,-0.013593754372219213,1.8598564963096267
2024,3515,華擎,5224422.0,0.2254932698775099,0.07251137063583302,0.06659128990728544,2.17,1216357.0,3618572.0,6265171.0,2.5,2.53,0.19920844832213014,3.4299619139752346
2024,4564,元翎,296939.0,-0.21807172516914247,-0.3382344521938849,-0.32211329599682087,-0.47,2027883.0,70.0,289480.0,-0.37,-0.29,-0.02511963736659717,-0.45981625628874895
2024,1524,耿鼎,639873.0,0.301208208503875,0.180889020164939,0.16291514097328688,0.63,1653104.0,1063424.0,734994.0,0.69,0.83,0.14865606143719146,0.7243443311765021
2024,2451,創見,2331950.0,0.3614768755762345,0.23067261304916487,0.30688522481185276,1.67,4298677.0,11800713.0,2516920.0,0.81,1.93,0.07931988250176891,1.796844843270263
2024,1434,福懋,7623397.0,0.10698301557691407,0.02398760027845854,0.03182478887036842,0.14,16846646.0,19272704.0,7090994.0,0.57,0.03,-0.0698380262762126,0.13395508336261666
2024,4976,佳凌,309149.0,0.06979158916897678,-0.0538348822089025,0.02961678672743564,0.07,1406900.0,18933.0,319641.0,-0.2,-0.21,0.03393832747316017,0.06728793323153213
2024,2032,新鋼,732348.0,0.05877806725764254,0.022436054990250538,0.03340078760370753,0.19,1305215.0,284788.0,739200.0,0.01,0.07,0.009356207704533936,0.18916318151921793
2024,8081,致新,2059054.0,0.4015756750430052,0.19633482171910013,0.1842350904832996,4.28,861721.0,4333971.0,2277988.0,4.83,6.09,0.1063274688279181,4.8703156276784565
2024,5608,四維航,836468.0,0.07979862947536547,-0.006375617477297398,-0.013221067631995485,0.06,3892716.0,2194597.0,942553.0,0.2,-0.4,0.12682493532328798,-0.03201249965253114
2024,6164,華興,236265.0,0.36288066366156646,0.056546674285230566,0.07673163608659768,0.18,1000002.0,225246.0,181398.0,0.05,0.06,-0.232226525299981,0.13918937484961677
2024,6438,迅得,1249590.0,0.27985899374995,0.08493505869925336,0.0679590905817108,1.16,752817.0,1497948.0,1314148.0,0.6,2.55,0.05166334557734942,1.1863215491915577
2024,6958,日盛台駿,2848605.0,0.345298839256408,0.0704351779204207,0.060833636113115014,0.49,3511931.0,981756.0,3015536.0,1.21,,0.05860096433166406,0.5223508654070892
2024,2427,三商電,823102.0,0.38194658742172904,0.05692854591533006,0.07207855162543646,0.3,1968181.0,619201.0,1036208.0,0.18,0.33,0.25890594361330677,0.37947918317822527
2024,1102,亞泥,18984772.0,0.150309258388776,0.09559066603486205,0.20592298922525906,1.27,35465629.0,117970303.0,19953208.0,0.56,0.81,0.051011199923812534,1.1585369699754522
2024,9902,台火,20894.0,0.21800516894802335,-0.13319613286110846,1.0379056188379439,0.22,980496.0,248339.0,8431.0,0.07,0.01,-0.5964870297693118,0.08924648619089424
2024,3060,銘異,876686.0,0.12687781029924056,-0.0068496588288167026,0.038721959743853555,0.24,1375632.0,583025.0,921358.0,-0.32,0.08,0.050955530258268045,0.25934833869579527
2024,1538,正峰,27678.0,0.05824120239901727,-0.4174795866753378,-0.48543969940024567,-0.25,538390.0,-285791.0,29147.0,-0.39,-0.75,0.053074644121685166,-0.2628041181749097
2024,2516,新建,2322300.0,0.01602204710847005,-0.0024213064634198856,0.0020247168755113463,0.02,2262785.0,-748580.0,2309748.0,0.36,0.32,-0.005404986435860959,0.02066738887600272
2024,2441,超豐,3985796.0,0.2497498617591066,0.21018160487892507,0.1811083658069806,1.27,5688459.0,15091109.0,3860242.0,1.18,1.05,-0.0315003577704428,1.2290184744927763
2024,1525,江申,376080.0,0.13096681557115508,0.0482769623484365,0.19074133163156776,0.98,734001.0,4352492.0,403399.0,1.09,1.11,0.07264145926398635,1.0482937004015362
2024,9934,成霖,4878715.0,0.360565230803603,0.06604669467267509,0.04549292180420459,0.54,4094640.0,1324551.0,4556612.0,0.01,0.47,-0.06602209803196124,0.5062559673331484
2024,8016,矽創,4377074.0,0.3512675362582401,0.15263392851023308,0.15383450222683007,4.43,1201369.0,7611629.0,4683339.0,3.87,4.51,0.0699702586705182,5.996984472085597
2024,1468,昶和,340210.0,0.2542517856617971,0.11695717351047882,0.24322624261485554,0.46,1604053.0,-387420.0,250456.0,0.09,0.28,-0.2638194056612092,0.37977218845229094
2024,2436,偉詮電,745942.0,0.3018425025001944,0.05217161656000064,0.1255700845374037,0.51,1780116.0,1526999.0,847481.0,0.09,0.46,0.13612184325322874,0.597816439006466
2024,4949,有成精密,631160.0,0.18140883452690285,-0.1341292223841815,-0.1075147347740668,-1.06,665050.0,337180.0,573895.0,-0.16,,-0.09072976741238359,-0.9277824030247811
2024,4414,如興,3315833.0,0.16054336874022304,0.003960392456435532,-0.02545574520791608,-0.09,8821149.0,-7612203.0,4412313.0,-0.01,0.0,0.3306801036119733,-0.1273288950289535
2024,3533,嘉澤,7374282.0,0.5229923401356227,0.34799577775843127,0.3070926769548547,20.01,1124182.0,19961925.0,8055827.0,18.32,16.83,0.09242187917413514,22.00609401782982
2024,3518,柏騰,93607.0,0.19511361329815077,-0.3476556240452103,-0.4873032999668828,-0.53,840422.0,-92548.0,105990.0,-0.71,-0.18,0.13228711527984016,-0.6145635973771499
2024,2889,國票金,,,,,0.16,35321896.0,4350284.0,2053855.0,0.14,0.13,,
2024,2468,華經,596188.0,0.10451233503525734,0.02538293290036029,0.022130603098351527,0.19,699612.0,451268.0,540732.0,0.12,0.21,-0.0930176387314069,0.1710480276864579
2024,1733,五鼎,437997.0,0.2668374440920828,0.03881076811028386,0.062466181275214215,0.27,999502.0,665359.0,509560.0,0.34,0.38,0.16338696383765194,0.318461267016956
2024,4164,承業醫,958455.0,0.20430067139302316,0.06626289184155751,0.029066570678852946,0.17,1668451.0,1159154.0,963045.0,0.56,0.26,0.004788957228038848,0.16777487357684423
2024,4915,致伸,15368051.0,0.17330577572914094,0.051635565238558875,0.051588454515149644,1.6,4629318.0,10797452.0,16008535.0,1.7,1.63,0.04167633228182277,1.7839681346187088
2024,2327,國巨*,31417937.0,0.3513358945242013,0.2063214717121624,0.1746217773624029,13.02,5075317.0,91434587.0,31737967.0,7.02,11.61,0.010186219419817455,10.919791231580785
2024,5258,虹堡,1885389.0,0.33789260465612136,0.10042012550195212,0.0831918505942275,1.46,1103649.0,2078310.0,2098000.0,1.38,2.25,0.1127677100057336,1.5814493788033088
2024,6988,威力暘-創,206785.0,0.3148826075392316,0.021374857944241602,0.0327489904973765,0.15,460000.0,20913.0,141830.0,0.57,,-0.31411852890683556,0.10097368091832412
2024,6914,阜爾運通,1144384.0,0.20142714333650244,0.12746246015323529,0.0981078029752251,1.74,662260.0,930570.0,1187499.0,1.44,,0.037675290811475914,1.759171895105802
2024,3305,昇貿,2025743.0,0.1300184672981716,0.06903935987931342,0.054565658131362174,0.84,1342375.0,2185638.0,2290892.0,0.95,0.58,0.13088975255005209,0.9312154181050195
2024,6128,上福,1390953.0,0.42435869508171736,0.08635302558749289,0.06759250672021269,0.74,1275887.0,1469598.0,1356152.0,0.57,0.73,-0.02501953696494419,0.7184469563027908
2024,3042,晶技,2922726.0,0.3675411242791832,0.1753065460121818,0.17758284560372747,1.67,3105907.0,7264554.0,3668273.0,1.53,1.94,0.255086176398335,2.0973659475036506
2024,1203,味王,1523093.0,0.33689078736492123,0.16177672670020807,0.1162634192396656,0.5,2400000.0,3254029.0,1440381.0,0.44,0.64,-0.054305285363401956,0.6977650836160365
2024,8476,台境*,594119.0,0.43866969411851836,0.3755257785056529,0.2952253673085695,2.08,831132.0,666909.0,384213.0,-0.6,0.97,-0.3533063241539153,1.3647582339475248
2024,6645,金萬林-創,121220.0,0.08758455700379475,-0.36267117637353574,-0.3342765220260683,-0.73,527320.0,-79659.0,124539.0,-0.67,,0.0273799703019304,-0.7894724982288652
2024,5880,合庫金,,,,,0.3,152242106.0,53077025.0,18778199.0,0.38,0.34,,
2024,2010,春源,6196153.0,0.07975739140076109,0.04537993170923959,0.04086955244649382,0.39,6476554.0,5116717.0,6157219.0,0.46,0.32,-0.006283576277086755,0.3885442549310146
2024,2323,中環,1764179.0,0.22348695908975222,-0.07175575721057784,0.7918017389391893,1.29,10893483.0,1356740.0,1909112.0,-0.66,-0.98,0.08215322821550419,1.3876537021535476
2024,9943,好樂迪,643157.0,0.5166125844855922,0.17548903300438307,0.2275478615641282,1.68,1252200.0,2589423.0,625232.0,1.35,2.37,-0.02787033337116751,1.1361619915465822
2024,3021,鴻名,859708.0,0.17915268905256204,0.07186975112480051,0.018458592917595277,0.17,958900.0,705796.0,999205.0,0.48,0.1,0.16226090719174424,0.1923445441258295
2024,2007,燁興,1883052.0,-0.08067753837918443,-0.10400456280548812,-0.15554854565885595,-0.56,5306516.0,10016.0,1936975.0,-0.56,-0.45,0.028635959070700157,-0.5677805253532875
2024,3712,永崴投控,5913408.0,0.1429449819799344,0.06598851288461746,0.04828281762394883,1.02,2462421.0,709156.0,5335265.0,1.57,1.13,-0.09776815670422201,1.0461315387191603
2024,1805,寶徠,1796.0,-0.008351893095768375,-5.885857461024499,23.222160356347437,0.42,1001858.0,-206957.0,1317.0,0.17,-0.21,-0.2667037861915368,0.30526866271776615
2024,6606,建德工業,204697.0,0.37709394861673595,0.1893970111921523,0.28287175679174587,0.37,1103038.0,468644.0,172816.0,0.16,0.28,-0.15574727524096588,0.4431829685080872
2024,1467,南緯,1024242.0,0.22368248909925584,-0.007138937868199117,0.0027083443170656933,0.0,2336247.0,123007.0,1447642.0,0.28,0.09,0.41337886944686897,0.016782099597540904
2024,8163,達方,5197954.0,0.1859704799234468,0.03676234918585274,0.030810776701756113,0.62,2800000.0,3669664.0,5350755.0,0.68,3.84,0.029396374034860617,0.5887889910385894
2024,2472,立隆電,2737008.0,0.30546384957588724,0.17741124614907958,0.16055597937601937,1.88,1647351.0,3850927.0,2791484.0,1.6,1.7,0.019903485850242264,2.7206675901643793
2024,3209,全科,11498053.0,0.0559559083611808,0.03125068218071355,0.021174715406164852,0.82,2324776.0,1384794.0,13544473.0,1.05,1.0,0.17797969795407975,1.233668796914128
2024,1103,嘉泥,738302.0,0.16143800233508782,-0.0093687948833946,0.10260299985642732,0.11,7902474.0,9897470.0,775735.0,0.74,0.18,0.050701474464379004,0.10071875983853366
2024,2493,揚博,903239.0,0.3663194348339697,0.25476977854144917,0.2055701757785038,1.63,1144373.0,1233083.0,969415.0,1.59,1.8,0.07326521551881626,1.7414148354803745
2024,6916,華凌,508454.0,0.21343917050509978,-0.0336392279340904,0.0014140905568645345,0.01,675000.0,249250.0,567290.0,0.17,,0.11571548261986342,0.011884436029684173
2024,3450,聯鈞,1704853.0,0.23150089773135865,0.1285489130147878,0.10040396444737464,0.47,1456814.0,2092187.0,2100770.0,1.04,-0.14,0.23222940628898803,1.4478556383458097
2024,2059,川湖,2516669.0,0.6962806789450658,0.609937580190323,0.5787050263662007,15.29,952971.0,16185307.0,2576679.0,12.12,10.31,0.02384501100462555,15.647245179887273
2024,2908,特力,9856848.0,0.2461923933492735,0.02017440057917095,0.004669748382038558,0.2,5098875.0,1987363.0,8930897.0,0.14,0.1,-0.09393986799837029,0.08179263428874607
2024,1314,中石化,8492666.0,0.06130360007093179,-0.0006373734702389097,0.02452445439394414,0.06,37848502.0,40791630.0,7325545.0,-0.15,-0.15,-0.13742692812834034,0.04746687048889953
2024,9930,中聯資源,3381094.0,0.14809940214616926,0.11030216846973198,0.08880675899575699,1.17,2485404.0,3270531.0,3420027.0,1.13,0.86,0.011514912037346559,1.2220206998459076
2024,6191,精成科,5681273.0,0.27267779597987984,0.16675593656562535,0.1513880779888592,1.82,4743030.0,10370464.0,5895245.0,1.9,2.57,0.03766268581002885,1.881644876425897
2024,3058,立德,834537.0,0.1789926629975663,-0.171549014603307,-0.10553157020000312,-0.42,2023628.0,-58463.0,780324.0,-0.26,-0.03,-0.06496176922053787,-0.40693653667940566
2024,9941,裕融,10490298.0,0.49689322457760493,0.1650849194179231,0.12910948764277239,2.35,6482250.0,15200164.0,10521223.0,2.78,3.04,0.0029479620121373173,2.0955527955653555
2024,3090,日電貿,2838738.0,0.16909239246453883,0.09449480719953726,0.08004261048395449,1.06,2126572.0,2461998.0,3294066.0,1.24,1.28,0.16039803602868608,1.2398622842134572
2024,6442,光聖,1441848.0,0.5315671277416205,0.21995244991150245,0.1709514456447559,3.35,756000.0,1460113.0,1640899.0,3.45,1.02,0.1380526934878017,3.7105033889819357
2024,3024,憶聲,421754.0,0.2698516196645438,0.07463118310673995,0.06298695448057398,0.1,2771575.0,559353.0,380030.0,0.02,0.15,-0.09892970783916688,0.08636581117686705
2024,4108,懷特,44125.0,0.4691898016997167,-0.6895410764872522,-0.5300849858356941,-0.08,1986189.0,-234930.0,39819.0,-0.06,0.03,-0.0975864022662889,-0.10627112551218189
2024,6668,中揚光,196821.0,0.055979798903572284,-0.3615772707180636,-0.3440994609315063,-0.68,927635.0,-94666.0,265509.0,-0.08,-0.7,0.3489871507613518,-0.9848863375407709
2024,3149,正達,564687.0,0.07149270303725781,-0.11294044311273325,-0.07771561944935867,-0.29,1855456.0,-631931.0,639316.0,-0.28,-0.27,0.1321599399313247,-0.26777697215070684
2024,2002,中鋼,94572214.0,0.05038043203683484,0.013792803877891661,0.01734380459782828,0.09,157731290.0,118077057.0,85615737.0,-0.01,-0.05,-0.09470516361179826,0.09414128376348516
2024,2027,大成鋼,24135340.0,0.19744718740237344,0.08556829943145611,0.051084343539390786,0.4,24342606.0,17444721.0,21711964.0,0.12,0.55,-0.10040778377267523,0.45563791645433743
2024,1342,八貫,619922.0,0.32340842880233317,0.22952565000112918,0.2232248573207597,1.61,784902.0,740311.0,589978.0,1.46,2.18,-0.04830285100383591,1.6778878748224257
2024,3588,通嘉,378685.0,0.3808336744259741,0.0812152580640902,0.11804270039742794,0.75,600641.0,743951.0,428712.0,0.78,0.43,0.1321071603047388,0.842538590818511
2024,4526,東台,1369616.0,0.14400751743554396,-0.15360217754465486,-0.10249004100419387,-0.56,2548265.0,1055503.0,1339753.0,-0.55,0.04,-0.021803921683157923,-0.538842466954935
2024,4555,氣立,393614.0,0.2634154272967933,-0.012456365881294873,0.025301437448871228,0.12,699627.0,1544270.0,390198.0,-0.79,-0.28,-0.008678553100245456,0.14111191091359618
2024,2617,台航,1126271.0,0.3952476801764407,0.3593469067391418,0.21543216508282642,0.58,4172945.0,9648928.0,1152628.0,0.96,2.65,0.023402005378811985,0.5950549206258123
2024,3030,德律,1727000.0,0.5807521713954835,0.31135900405327155,0.26990445859872614,1.97,2362160.0,4979603.0,1625974.0,1.64,1.04,-0.05849797336421536,1.857865818427224
2024,2630,亞航,1264925.0,0.10024942190248434,0.04662647983082001,0.033128446350574145,0.2,2094382.0,222444.0,1402191.0,0.16,0.31,0.10851710575725826,0.22179530437502762
2024,2108,南帝,3060766.0,0.18851228744699855,0.06866549092612764,0.07711958379046291,0.33,4924167.0,9024130.0,3144838.0,0.25,0.4,0.027467633919090906,0.49252715768663363
2024,2528,皇普,693.0,0.8932178932178932,-239.9090909090909,-234.6161616161616,-0.42,4085306.0,-85418.0,23701.0,-0.27,-0.09,33.2005772005772,-13.61131246096289
2024,3046,建碁,1933504.0,0.06953851659991393,0.03585304193836682,0.04036557462513654,1.01,784480.0,268914.0,2259197.0,1.25,0.94,0.16844702674522516,1.1624743154240338
2024,2353,宏碁,67138026.0,0.1069191250871749,0.021863377395099463,0.024118418375899228,0.47,30478538.0,16622931.0,72584367.0,0.5,0.66,0.08112155397598375,0.5743779871776702
2024,2483,百容,504353.0,0.1508447456444197,-0.0015148120463246973,0.0450160899211465,0.21,1090938.0,1102705.0,419591.0,0.14,0.19,-0.1680608621342592,0.17313858520011022
2024,9928,中視,223114.0,0.13841802845182283,-0.05565316385345608,-0.0123972498364065,-0.05,607246.0,1161337.0,204833.0,-0.26,-0.15,-0.08193569206773221,-0.04181774562106054
2024,6197,佳必琪,1750961.0,0.35440652304648707,0.19566226774896756,0.19458343161269726,2.65,1220859.0,2253394.0,1886169.0,2.18,1.47,0.07721930985327496,3.0062213295842484
2024,1563,巧新,1873255.0,0.26951749761778293,0.13756162401808616,0.08749743094239706,0.71,2377841.0,4636131.0,1717939.0,0.78,,-0.08291236377321831,0.6321501270091259
2024,8341,日友,948909.0,0.43144179262711174,0.19059572624983007,0.15268165862058428,1.01,1300000.0,1092831.0,988603.0,1.22,1.02,0.04183119772285848,1.1610888135175805
2024,2406,國碩,2466464.0,0.0668560335768128,-0.03884224541692074,-0.04953609701986325,-0.12,3509057.0,-895381.0,1833789.0,-0.22,-0.03,-0.256510940358343,-0.25886940513636003
2024,1760,寶齡富錦,506416.0,0.5057265173296263,0.07395500932040062,0.0397301823007172,0.24,857391.0,206262.0,523556.0,0.32,0.09,0.033845692079239154,0.242607810492929
2024,1909,榮成,12602917.0,0.11178062983355361,0.023767830891848293,0.010133923757492015,0.1,13276857.0,5786553.0,11711933.0,-0.2,-0.08,-0.07069664903767914,0.08939452769194903
2024,2317,鴻海,1550550895.0,0.06417501245581494,0.028766848701215965,0.025116858869698694,2.53,138629906.0,1252684188.0,1853687765.0,3.55,3.11,0.19550268938447202,3.3584971183629166
2024,3036,文曄,243647108.0,0.045118520347879526,0.01750044576765508,0.008940528857005765,1.71,12511182.0,26340490.0,261255812.0,2.57,1.45,0.07227134417700531,1.8669420093532914
2024,3338,泰碩,1013314.0,0.20082126566888447,0.06847926703864744,0.07333659655348687,0.85,879081.0,738160.0,929521.0,0.47,0.98,-0.08269203820336046,0.7754451133057553
2024,4906,正文,7609850.0,0.11770468537487598,0.03592068174799766,0.03920892001813439,0.74,4157285.0,2548798.0,6174640.0,0.22,0.9,-0.18859898683942522,0.5823535454046892
2024,2504,國產,5503805.0,0.2641080125476829,0.21023328406438818,0.36225393159823066,1.66,11800000.0,11944682.0,5368112.0,0.73,0.64,-0.024654398184528747,1.647982777338679
2024,4961,天鈺,5022949.0,0.3071299350242258,0.1402783504272092,0.14612352225754233,4.91,1212545.0,7210069.0,5307409.0,4.2,3.82,0.05663207012454241,6.395946518614818
2024,1476,儒鴻,9593234.0,0.3151701501287261,0.21886623426469112,0.1807042338381405,6.32,2743671.0,18572694.0,10031710.0,6.47,5.68,0.045706797103041596,6.6071058433624605
2024,6209,今國光,619120.0,0.08571843907481587,-0.05018090192531335,-0.019075461945987852,-0.06,1743288.0,519949.0,526108.0,-0.36,,-0.15023258818968854,-0.05756795855578526
2024,2855,統一證,3600361.0,,0.33505084629013593,0.37413637132498656,0.92,14558313.0,17113556.0,2660732.0,0.37,0.56,-0.2609818848721003,0.6837856938151241
2024,2312,金寶,40074894.0,0.06587979995655135,0.028663307256657996,0.01684723108687449,0.3,15028592.0,1793911.0,45947923.0,0.35,0.24,0.14655132961798967,0.515081703424323
2024,2911,麗嬰房,664622.0,0.4075880726187216,-0.17727068920378802,-0.1536362022322463,-1.15,1051260.0,-330120.0,595139.0,-1.35,-0.52,-0.10454513994420889,-0.8697648132745166
2024,2109,華豐,1214403.0,0.226675164669389,0.13082889287987595,0.14439358269042485,0.43,2793492.0,621035.0,1238626.0,0.22,0.44,0.019946426351054702,0.6402368281473875
2024,5222,全訊,363251.0,0.5598112599827667,0.3830546922100696,0.32310716281579405,1.57,819975.0,435683.0,330671.0,1.25,1.4,-0.08969004902945898,1.302993001438598
2024,9924,福興,1971444.0,0.2398429780404617,0.115742572449433,0.1195453687753748,1.24,1884521.0,4581949.0,2223325.0,1.16,2.14,0.12776472473983547,1.4103754059122195
2024,3189,景碩,7300482.0,0.29092832500648586,0.04866966318114338,0.05768441042659923,0.2,4543741.0,19866450.0,8197120.0,0.41,-0.76,0.12281901386785155,1.04065358125845
2024,2608,嘉里大榮,3087132.0,0.1790069229304092,0.12263842297640658,0.09555827220863895,0.55,4670005.0,7006417.0,3238647.0,0.57,0.61,0.049079534014094595,0.6626963174850817
2024,1452,宏益,447849.0,0.04166359643540568,-0.02527860953133757,0.10717674930612774,0.36,1326414.0,1040122.0,462819.0,0.05,0.26,0.03342644507412107,0.373966468516713
2024,1789,神隆,762359.0,0.3813990521525948,0.09332348670377079,0.09822406504022384,0.09,7907392.0,1325888.0,724223.0,0.04,0.03,-0.050023676509361126,0.0899615537659269
2024,4736,泰博,1163350.0,0.42752997808054327,0.13705161817165942,0.23986418532685777,2.81,953744.0,5743509.0,1231981.0,1.04,3.43,0.05899428374951654,3.098400817233635
2024,2496,卓越,196835.0,0.5352046130007366,0.1484746107145579,0.12262046892066959,1.27,191004.0,343492.0,227285.0,2.09,1.79,0.15469809739121598,1.4591209230505322
2024,2423,固緯,671255.0,0.500672620688114,0.11193808612226352,0.08823025526811719,0.41,1450472.0,1263035.0,673213.0,0.57,0.78,0.0029169242687205887,0.4095063871609722
2024,3592,瑞鼎,6452106.0,0.30491858007292505,0.09117271166964709,0.09165766960431214,7.8,758552.0,5771250.0,6199541.0,7.08,5.82,-0.03914458317950764,7.491055071720685
2024,9933,中鼎,30830077.0,0.05301011736039453,0.03534791690594869,0.028521563536802064,0.76,8104245.0,5693125.0,28324571.0,0.47,0.56,-0.08126823685844187,0.9968369063733404
2024,1216,統一,162120139.0,0.3360640530908995,0.0564170624107348,0.05711478572073023,1.04,56820154.0,65611626.0,178926642.0,1.08,0.98,0.10366696638472539,1.7985443716959668
2024,9958,世紀鋼,3033421.0,0.3250976372880652,0.2863720532032975,0.22543590223711116,2.18,2568967.0,3236792.0,2867562.0,1.69,1.32,-0.054677210977309154,2.5163866514862003
2024,6412,群電,8897788.0,0.20457084389962987,0.10266405538095535,0.10249468744366577,2.28,4007691.0,7138334.0,10362561.0,2.21,2.36,0.16462215103349287,2.6501730068783265
2024,2337,旺宏,6455575.0,0.2998426941054825,-0.07928852193646577,-0.04431332607862196,-0.16,18558264.0,25412296.0,7754539.0,-0.16,-0.22,0.20121584831715222,-0.1851624781802819
2024,6838,台新藥,5328.0,0.726539039039039,-18.956644144144143,-18.16891891891892,-0.72,1341621.0,-2068243.0,4333.0,-0.29,,-0.1867492492492493,-0.5867970587496445
2024,2371,大同,12670336.0,0.07807141026094336,-0.05249182026427713,-0.07642843883540262,-0.37,23395367.0,24173058.0,12131539.0,3.09,0.23,-0.04252428664875185,-0.39631546982819355
2024,1442,名軒,3066738.0,0.3915078497087133,0.3281310630383163,0.2845163166856771,2.38,3662113.0,2641901.0,2451342.0,2.06,0.1,-0.20066794098485097,1.9044928345381509
2024,1307,三芳,2497678.0,0.3085585892176654,0.1350646480451043,0.11981928815483821,0.75,3978181.0,5017035.0,3110957.0,0.97,0.79,0.24553965723363858,0.9369926939480908
2024,2382,廣達,309954132.0,0.08584703752231314,0.04906542429961863,0.04930652448924282,3.93,38626274.0,127834465.0,424549240.0,4.31,3.32,0.36971634241675466,5.41938047116567
2024,3008,大立光,10985235.0,0.48393939683584375,0.3541096753961112,0.4094748997176665,33.7,1334682.0,166005901.0,18977162.0,49.67,44.6,0.7275153421843046,58.221145612781996
2024,2542,興富發,10029550.0,0.34147553977995027,0.23799821527386572,0.2108454516902553,0.37,20705557.0,18335532.0,9498320.0,0.83,0.41,-0.05296648403966275,0.9672174338022327
2024,8215,明基材,4588925.0,0.1650571757001912,0.012711037988199851,0.018159808669786497,0.23,3206745.0,2215033.0,4492067.0,0.14,0.59,-0.02110690412242522,0.2543859185930338
2024,3167,大量,490178.0,0.2851474362374484,0.017436523058970414,0.052146363157873264,0.31,825001.0,1235807.0,721319.0,0.52,0.11,0.47154503058072783,0.45592869010672693
2024,2603,長榮,106328606.0,0.3375143656073136,0.30732645925970287,0.28746465461984894,13.72,21514344.0,411373526.0,152792593.0,28.82,10.35,0.436984822315831,20.4154353835823
2024,1236,宏亞,343063.0,0.20983317932857815,-0.08777105079824989,-0.07581697822265882,-0.3,866740.0,1135276.0,504260.0,0.0,0.26,0.4698757954078405,-0.44109501625121644
2024,2324,仁寶,237209113.0,0.049704245553163044,0.01712041729189384,0.013853603508057467,0.67,44071466.0,72906039.0,244317401.0,0.76,0.55,0.029966336074112032,0.767997235121038
2024,1731,美吾華,350274.0,0.6421687022159794,0.14421281625241952,0.13417210526616305,0.35,1329152.0,560484.0,351804.0,0.3,0.3,0.004368009044348087,0.35513081514422146
2024,3150,鈺寶-創,111850.0,0.47974072418417524,0.13540455967814036,0.16117121144389807,0.43,443980.0,32788.0,103960.0,0.36,,-0.07054090299508275,0.37738995318950497
2024,6282,康舒,7939041.0,0.24335130653689785,0.008222529648102333,0.0175852473869325,0.16,8612721.0,4205626.0,8457727.0,-0.26,0.11,0.06533358374141152,0.17268784351210084
2024,1723,中碳,2029330.0,0.2494493256394968,0.17561461171913884,0.17015566714137179,1.48,2369044.0,4722129.0,2100278.0,1.49,1.45,0.034961292643384656,1.5085165335567683
2024,4551,智伸科,1855388.0,0.18588942043389306,0.08639378933139591,0.0916762423816474,1.47,1152225.0,3370406.0,2215678.0,1.76,1.52,0.19418579833436467,1.7628938216727092
2024,2645,長榮航太,3983640.0,0.18872111937825709,0.14755926740368105,0.1262812402727154,1.34,3745709.0,6424331.0,4027962.0,1.08,1.68,0.011126005361930202,1.357969978798052
2024,6215,和椿,346387.0,0.29183254567867734,0.05897449962036681,0.15667158409524606,0.65,827897.0,431337.0,467642.0,0.51,0.22,0.35005643976246215,0.8849677306412399
2024,1504,東元,14525927.0,0.25246409402993697,0.11100007593319174,0.12125979980485926,0.78,21387966.0,32207462.0,13504126.0,0.84,0.47,-0.07034325588996837,0.765621011039383
2024,2392,正崴,21450241.0,0.12758472037680135,0.028732078115113018,0.021175845996322374,0.57,5123269.0,11212745.0,24831163.0,1.49,2.01,0.15761697036410927,1.0263386201223832
2024,2905,三商,,,,,1.24,11224957.0,6070777.0,29966382.0,-0.94,1.28,,
2024,2486,一詮,1338299.0,0.14419348740453367,0.004714940383277579,0.026050232421902728,0.13,2339586.0,238184.0,1465434.0,-0.06,0.18,0.09499745572551421,0.16316945091549787
2024,3380,明泰,5684460.0,0.16266734219257414,-0.01669006378794116,0.051314460828293273,0.49,5417185.0,2050438.0,4950977.0,-0.05,0.16,-0.12903301281036372,0.46898290408815824
2024,4919,新唐,8227916.0,0.34291514400487316,-0.02322799600773756,-0.002593487828509674,-0.05,4197653.0,5857002.0,7956815.0,-0.25,1.43,-0.03294892655685844,-0.04916057343521058
2024,1440,南紡,4333447.0,0.07734235586589613,-0.02355745899280642,-0.007874562674932912,-0.04,16568159.0,11993634.0,4632080.0,-0.03,-0.04,0.0689135000381913,-0.022015484203950022
2024,1463,強盛新,66519.0,-0.08997429305912596,-0.3525609224432117,-0.13215772937055578,-0.05,1732684.0,286381.0,72151.0,0.22,0.27,0.08466753859799447,-0.05503203314519538
2024,6112,邁達特,4421465.0,0.1159215327951256,-0.027430953315247322,-0.01147990541596507,0.0,1883573.0,992863.0,4295187.0,0.22,0.72,-0.028560217032137514,-0.2617808840107751
2024,3557,嘉威,1186844.0,0.3838794315006859,0.07994647990805868,0.0676761225569662,1.0,803004.0,1017984.0,1252051.0,1.08,1.14,0.054941508740828704,1.0552121399591048
2024,2321,東訊,170751.0,0.2894917160075197,-0.01607018406920018,-0.026822683322498844,-0.43,302719.0,-130586.0,130794.0,0.21,-0.28,-0.23400741430504068,-0.11589117440540282
2024,2430,燦坤,4732159.0,0.14640695716268198,0.010822966852973452,0.008119127020034618,0.33,1168000.0,2035296.0,4968643.0,0.17,0.43,0.04997380688180586,0.34538564755313245
2024,2302,麗正,203421.0,0.3491281627757213,0.12882150810388307,0.15638994990684343,0.19,1663029.0,198222.0,201392.0,0.08,0.17,-0.0099743880916916,0.18938746583276067
2024,6806,森崴能源,4249451.0,0.10003692241656628,0.0555711784887036,0.023435968552172975,0.63,2208509.0,800812.0,3341863.0,0.78,0.56,-0.21357770686142752,0.35462747117476284
2024,2024,志聯,298077.0,0.08474991361292553,0.018907866088292622,0.01592541524505413,0.05,975000.0,120705.0,261009.0,-0.01,-0.1,-0.12435712919816022,0.0426325816173983
2024,3049,精金,314958.0,-0.6420951364943898,-0.8361432317959855,-0.6302713377656703,-0.24,8020105.0,168811.0,424163.0,-0.37,-0.35,0.34672877018523107,-0.33333451549661763
2024,6796,晉弘,122532.0,0.4617977344693631,0.018509450592498287,0.019390853001664873,0.07,347102.0,65716.0,104134.0,-0.65,0.5,-0.15014853262821137,0.058174458414972256
2024,2605,新興,1148365.0,0.33838544365249723,0.2397338825199305,0.6108475963652671,1.2,5853533.0,11387392.0,1091007.0,0.42,0.18,-0.04994753410283315,1.1385243810322432
2024,1514,亞力,2216078.0,0.19457392745201207,0.10588481091369528,0.0908763139203584,0.77,2672919.0,1736495.0,1941718.0,0.53,0.62,-0.12380430652711683,0.6601628201707963
2024,1319,東陽,6185861.0,0.3228459223380545,0.17578005713351788,0.17216665553913998,1.76,5914771.0,15063817.0,6315451.0,1.49,1.65,0.020949387643854234,1.8382961519411611
2024,4934,太極,197618.0,-0.010135716382110941,-0.5188191359086722,-0.31180358064548774,-0.12,2250000.0,-92066.0,73934.0,-0.39,0.44,-0.6258741612606139,-0.10245727080641552
2024,6491,晶碩,1638349.0,0.5806503986635326,0.3294938990410468,0.293597395915034,6.08,780000.0,5090459.0,1659030.0,5.61,5.25,0.012623073594209888,6.24470368903742
2024,3017,奇鋐,16483855.0,0.2301701270728237,0.14723461229184556,0.13105732851932997,5.08,3833101.0,17376120.0,19064683.0,6.02,3.72,0.15656701663536832,6.518394435857249
2024,3016,嘉晶,1047959.0,0.07939528168563846,0.0059868754407376625,0.14306571154024156,0.52,2885418.0,445265.0,1054584.0,0.16,0.14,0.006321812208301969,0.5228871877105989
2024,1453,大將,343.0,0.36443148688046645,-36.93586005830904,36.53644314868804,0.12,1099448.0,361240.0,344.0,-0.15,-0.08,0.00291545189504383,0.11431678845337558
2024,6689,伊雲谷,3093526.0,0.11269179570496579,0.006463175030693131,0.007267435282586925,0.46,680000.0,243842.0,3332817.0,0.88,0.7,0.07735218646942044,0.35619164494419864
2024,9919,康那香,664997.0,0.11941407254468817,-0.09962300581807136,-0.11559149890901764,-0.4,1953628.0,728104.0,815954.0,-0.6,5.56,0.22700403159713511,-0.4827804776590455
2024,6861,睿生光電,509917.0,0.28663096150942213,0.040571308663959034,0.1195135678943828,1.51,402704.0,496471.0,483746.0,0.75,0.77,-0.05132403901027027,1.4356502645773594
2024,6155,鈞寶,144149.0,0.2571367127069907,0.04503673282506296,0.18727150379121604,0.31,878113.0,400134.0,158858.0,0.25,0.42,0.10204025001907757,0.3387898430983825
2024,1540,喬福,201770.0,0.41228626654111117,0.30687416365168263,0.34928383803340435,0.82,854736.0,456777.0,96255.0,0.14,0.39,-0.5229469197601229,0.39334152100654857
2024,2438,翔耀,88507.0,0.09263674059678896,-0.26203577118194044,-0.08999288191894426,-0.07,651956.0,-122587.0,103151.0,-0.37,-0.21,0.165455839651101,-0.14238469717007007
2024,3686,達能,23351.0,-0.011005952635861418,-0.2929638987623656,-0.11267183418269025,-0.04,764951.0,-62398.0,15880.0,0.06,-0.04,-0.3199434713716758,-0.023390108998107343
2024,2412,中華電,54115733.0,0.38490824840162474,0.22040714111735307,0.1868440920868613,1.27,77574465.0,115393353.0,55613476.0,1.16,1.17,0.02767666475108088,1.3394935345044858
2024,6183,關貿,568860.0,0.4182505361600394,0.2401311394719263,0.22726857223218366,0.86,1500000.0,1003565.0,640975.0,1.0,0.86,0.1267710860317126,0.9711564872434927
2024,8033,雷虎,351073.0,0.4760206566725439,0.1343766111321577,0.15120217162812294,0.33,1426298.0,-536259.0,281076.0,-0.21,-0.07,-0.19938018588726558,0.297969299491034
2024,3164,景岳,94186.0,0.6377593272885567,0.10803091754613212,0.1319622873887839,0.17,865114.0,119488.0,83819.0,0.07,0.28,-0.11006943707132699,0.12785536896455818
2024,2241,艾姆勒,169493.0,0.023104198993468758,-0.288241992294667,-0.2794451688270312,-0.4,1046023.0,-598702.0,169111.0,-0.43,-0.36,-0.0022537803921105493,-0.45178023758089514
2024,1560,中砂,1731114.0,0.3157978041885168,0.16994374720555666,0.14999127729311876,1.75,1451480.0,3482067.0,1859597.0,1.96,2.02,0.07421983763056628,1.9216477614603835
2024,3028,增你強,9628771.0,0.05879763886793029,0.01775626401334085,0.010418567437111132,0.43,2346118.0,1665658.0,9562722.0,0.43,0.87,-0.006859546249464277,0.42465836773489757
2024,1326,台化,96475275.0,0.05853236489867482,0.016063825679688396,0.020602242388010814,0.32,58611863.0,187157156.0,86898525.0,-0.33,1.28,-0.09926636643430142,0.3054508735220748
2024,1439,雋揚,30981.0,0.3460508053323004,-0.15874245505309706,0.3833317194409477,0.13,920000.0,1602072.0,14005.0,0.38,0.27,-0.5479487427778316,0.05835392098663557
2024,6133,金橋,349592.0,0.2643252706011579,0.11682475571523376,0.11211068903178563,0.34,1170064.0,237116.0,323243.0,0.07,0.14,-0.0753707178653974,0.30971806204362734
2024,2546,根基,3508266.0,0.06528951909575842,0.044974354852226145,0.03841498905727217,1.11,1231360.0,2587275.0,3396967.0,1.82,1.06,-0.03172478939738321,1.0597587231428232
2024,2614,東森,1426390.0,0.324512230175478,0.05383310314850777,0.07973275191216989,0.42,3002431.0,518236.0,1391836.0,0.21,0.05,-0.024224791256248324,0.3696168687654334
2024,1598,岱宇,1499287.0,0.3427475860192211,-0.031283536774480133,-0.07649702825409678,-0.71,1671420.0,482198.0,1586347.0,-0.81,0.26,0.058067601466563756,-0.726034337747554
2024,6585,鼎基,864610.0,0.4393911705855819,0.3000011565908329,0.2605452169186107,3.2,709287.0,2035189.0,820126.0,2.27,2.03,-0.051449786608991355,3.012601479663275
2024,2851,中再保,5881257.0,,0.15726502004588475,0.13630912575321907,1.0,8003888.0,9975345.0,5069055.0,0.29,0.45,-0.13810006942393438,0.8632785159474794
2024,1313,聯成,20381510.0,0.007155799545764764,-0.024609903780436287,-0.028047970930514962,-0.43,13672334.0,3243478.0,16796983.0,-0.55,0.39,-0.17587151295463388,-0.3445800043389476
2024,2509,全坤建,584759.0,0.27146568073343036,0.15259277753741285,0.11156390923440254,0.28,2245505.0,1311430.0,711764.0,0.39,-0.23,0.21719203979759172,0.3536272432807555
2024,2885,元大金,,,,,0.63,129428640.0,118133231.0,30997103.0,0.73,0.67,,
2024,1568,倉佑,260460.0,0.2718152499424096,0.1160024571911234,0.10546341088842817,0.27,1030865.0,630028.0,242359.0,0.29,2.21,-0.06949627581970363,0.2479471783357526
2024,2845,遠東銀,,,,,0.28,42753997.0,16329854.0,3376409.0,0.24,0.34,,
2024,2231,為升,981657.0,0.29995201990104486,0.004760318522661174,0.0007833693438746935,0.13,1409176.0,2157880.0,1152748.0,0.6,0.88,0.17428796412596248,0.006408194891290124
2024,4916,事欣科,911349.0,0.042677393621982355,-0.06863342144447407,-0.09968958104963083,-0.92,983789.0,271138.0,881025.0,0.26,0.63,-0.03327375132907373,-0.892762707696986
2024,2607,榮運,5220782.0,0.1997317643218966,0.1218668007972752,0.1471407923180857,0.69,10671411.0,13354300.0,6459113.0,0.71,0.68,0.23719262746462122,0.8906029432209548
2024,8201,無敵,143080.0,0.16767542633491753,-0.12586664802907466,-0.09207436399217221,-0.21,623663.0,-33310.0,118724.0,-0.18,-0.13,-0.17022644674308074,-0.17527794322585522
2024,2069,運錩,2836271.0,0.12032066047285327,0.06034543243575808,0.04560354070538394,0.78,1663868.0,1050580.0,2675181.0,0.59,-0.29,-0.05679640626724314,0.7332175727147208
2024,1532,勤美,6731288.0,0.27913588008713935,0.17256935076912472,0.155369225027959,2.29,3907833.0,8814432.0,3418782.0,0.03,1.02,-0.4921058198668665,1.3592533505897917
2024,6192,巨路,1827009.0,0.30991035074266193,0.15561280759974364,0.12693205123784285,2.42,961558.0,5553199.0,1992862.0,2.12,2.31,0.09077842528416658,2.6307103835020866
2024,1612,宏泰,1827522.0,0.18848364068941442,0.15464218761798765,0.1552982672712011,0.9,3160801.0,4004641.0,1537983.0,0.44,0.38,-0.15843256606486822,0.7556505296997935
2024,3708,上緯投控,1927104.0,0.21230353940420443,0.04171233104181196,0.05214404619574242,0.76,1065164.0,2876348.0,2107028.0,0.45,5.65,0.09336496629138846,1.0314746402218133
2024,5607,遠雄港,847740.0,0.4663599688583764,0.3230778304668884,0.18601457994196333,0.4,3632872.0,2032515.0,896075.0,0.65,1.26,0.057016302168117594,0.4588188483422889
2024,4938,和碩,253714792.0,0.04571130011213536,0.01157168242677786,0.024468652186428293,2.1,26637766.0,83479280.0,294230777.0,1.61,1.72,0.15969106365702168,2.7027155899468243
2024,8039,台虹,2880719.0,0.2528521525355302,0.11024122797121136,0.09428965477021535,1.25,2339347.0,5275919.0,2853719.0,0.63,1.32,-0.009372660089373541,1.1502191821957333
2024,4739,康普,1103843.0,0.13977712410188767,0.054327472294520146,0.06914842056343158,0.48,1190293.0,990934.0,997040.0,0.34,-0.19,-0.09675560745504574,0.5792165562476116
2024,1616,億泰,1129217.0,0.05988485826904837,0.023286932449653165,-0.01040189795229792,-0.06,1941485.0,25289.0,1197680.0,0.42,0.18,0.060628736549308115,-0.06416812460311655
2024,6949,沛爾生醫-創,5014.0,-0.594734742720383,-22.239728759473476,-20.482249700837656,-1.78,583876.0,-1004686.0,4980.0,-1.75,,-0.006781013163143168,-1.7469737326105461
2024,3413,京鼎,3720950.0,0.2665088216718849,0.16280009137451457,0.1871242559023905,6.77,1038291.0,6699112.0,4611910.0,5.5,4.87,0.23944422795253906,8.311737528677353
2024,9914,美利達,9322709.0,0.1937735051045785,0.12139164699874254,0.07566019705216584,2.19,2989838.0,16815660.0,8721778.0,2.31,2.53,-0.06445883916359507,2.207114372501938
2024,4720,德淵,901632.0,0.2432355994463373,0.051741730550823394,0.040118363145939806,0.32,1055045.0,371773.0,936348.0,0.4,0.66,0.038503513628620034,0.35604878554918934
2024,2365,昆盈,263528.0,0.4162479888285116,0.09662350869736802,0.14959321210649343,0.17,2215285.0,1173877.0,264701.0,0.22,0.14,0.004451139916821001,0.17874663006250174
2024,3044,健鼎,15799072.0,0.23050752601165436,0.13831527573265062,0.12589960979986672,3.78,5256059.0,40828106.0,17674460.0,4.43,4.05,0.1187024149266489,4.233604716810356
2024,1419,新紡,888171.0,0.31255918060823873,0.09189559217763246,0.24032083911769242,0.71,3000413.0,4562296.0,1135748.0,0.8,0.97,0.2787492498629205,0.9096878075992902
2024,2838,聯邦銀,,,,,0.21,42531719.0,16879761.0,5107804.0,0.38,0.31,,
2024,1219,福壽,3469973.0,0.09246037361097623,0.006153938373583886,0.010204113980137597,0.17,3416024.0,1060601.0,3531171.0,0.04,0.28,0.01763644846804291,0.10548073247540547
2024,2349,錸德,1917014.0,0.18298770900994984,-0.021079658260190065,0.024004519528808867,0.01,6936797.0,-1847457.0,1813693.0,-0.01,-0.17,-0.05389684165060871,0.06276214950180024
2024,2481,強茂,3280543.0,0.27713277954289883,0.07675162313068294,0.10197397199183184,0.74,3821149.0,4029043.0,3335069.0,0.66,0.64,0.016621028896740553,0.8900208623030053
2024,3596,智易,12166975.0,0.14984653128653588,0.05598852631816865,0.04801694751571364,2.66,2203543.0,8608153.0,12166691.0,2.99,3.12,-2.33418742128233e-05,2.651218347846652
2024,3711,日月光投控,140238063.0,0.16447696514461982,0.06432384908225665,0.05822339402962233,1.8,43901781.0,104761081.0,160105106.0,2.23,2.04,0.1416665531097645,2.1233449897607684
2024,1535,中宇,2619438.0,0.07819578092705382,0.029898398053322887,0.04616524613294913,0.97,1237426.0,1680944.0,2591423.0,0.92,0.96,-0.010695042218979767,0.9667946255338535
2024,6271,同欣電,3068911.0,0.2823561843272744,0.14977136841048827,0.1435877417103331,2.11,2090581.0,7559718.0,3067551.0,2.53,0.79,-0.0004431539396222428,2.106891436740667
2024,4960,誠美材,2512817.0,0.049959865760220504,-0.04848542492350219,-0.0028223304761150533,-0.02,5721849.0,3289446.0,2330028.0,-0.4,0.05,-0.07274266291576348,-0.0114929789908846
2024,1225,福懋油,3040753.0,0.1020072988499888,0.050674947948748224,0.048462666977554573,0.59,2296382.0,1081152.0,3172625.0,0.3,0.54,0.04336820517812523,0.6695483104277253
2024,4133,亞諾法,91778.0,0.4607531216631437,0.11660746584148707,0.19933971104186188,0.3,605536.0,219856.0,90433.0,0.05,0.16,-0.014654928196299766,0.2977013437458499
2024,5388,中磊,13710678.0,0.176625255147849,0.049401422745104215,0.039809409862882054,1.84,2993346.0,6384065.0,13461924.0,1.83,2.53,-0.018143085265367676,1.7903418116681757
2024,3092,鴻碩,536680.0,0.08284079898636058,-0.10727435343221287,-0.07400126704926585,-0.37,1065520.0,273589.0,529307.0,-1.11,0.15,-0.013738167995826167,-0.3676081974814716
2024,6869,雲豹能源,1013380.0,0.1763010913971067,0.01769129053267284,0.13514278947680042,1.13,1324215.0,1086971.0,618501.0,0.01,4.11,-0.3896652785726973,0.6312113247032434
2024,2390,云辰,175525.0,0.2468081469876086,0.0011109528557185586,0.2214556331006979,0.2,1926194.0,-2501.0,166197.0,-0.48,0.29,-0.05314342686227036,0.191077647705458
2024,1325,恆大,77015.0,-0.15221710056482504,-0.3059274167369993,-0.08423034473803805,-0.07,852812.0,1859913.0,71453.0,-0.22,0.34,-0.07221969746153345,-0.07057253911257151
2024,3416,融程電,740249.0,0.41551288823085203,0.21062777524859877,0.18060274313102753,1.71,797465.0,1170621.0,783726.0,2.01,2.05,0.058732939862127465,1.7749125725029649
2024,2442,新美齊,119751.0,0.4603969904217919,0.2065201960735192,0.5408890113652496,0.25,2618192.0,1845887.0,136986.0,0.02,0.22,0.14392364155622928,0.2829976644603607
2024,4968,立積,1012030.0,0.35818404592749226,0.07439799215438278,0.07502445579676492,0.83,906752.0,725688.0,908772.0,-0.19,-0.5,-0.10203057221623868,0.7519159014078564
2024,5471,松翰,724398.0,0.4220939317888785,0.0493872153153377,0.10173136866750046,0.44,1678770.0,1708713.0,691410.0,0.14,0.36,-0.045538502315025764,0.41898583850316895
2024,1714,和桐,4866356.0,0.08934570343805509,0.028278038022701176,0.007203747526896923,-0.02,10168248.0,3102413.0,5044489.0,0.08,0.19,0.03660500793612309,0.03573794144105133
2024,2201,裕隆,22898356.0,0.3119400798904515,0.0949210502273613,0.09173907506722316,1.16,10700013.0,33900552.0,21394507.0,1.21,1.2,-0.06567497684113222,1.8343083169144105
2024,1515,力山,1464973.0,0.15607727923995868,0.04067310455551058,0.06606811183550823,0.53,1814735.0,2253461.0,1451585.0,0.05,1.16,-0.00913873498009865,0.5284709895315085
2024,3055,蔚華科,166393.0,0.2761294044821597,-0.32677456383381515,-0.08442061865583288,-0.12,1149749.0,918620.0,220693.0,-0.43,-1.03,0.32633584345495303,-0.16204440789260724
2024,1416,廣豐,76222.0,0.3661934874445698,-0.012109364750334549,0.7536538007399438,0.28,1853422.0,1412177.0,83192.0,0.23,0.64,0.09144341528692501,0.33828219904132684
2024,1455,集盛,2698461.0,0.02714621408276792,-0.018532044746987265,0.02291120753644392,0.12,5316884.0,725707.0,2376027.0,-0.12,-0.16,-0.11948810822168632,0.1023863746306939
2024,5469,瀚宇博,10400730.0,0.2582928313685674,0.15826158356192305,0.1378660920916128,1.76,5284413.0,18504055.0,11807997.0,1.56,1.95,0.13530463727065323,3.0806116059049273
2024,2204,中華,11629972.0,0.158148016177511,0.059577185568460526,0.108713417366783,2.21,5536203.0,22640900.0,8351218.0,1.49,2.46,-0.2819227767702278,1.6399135796772457
2024,2537,聯上發,904296.0,0.25795425391685906,0.17910728345585958,0.14399267496483453,0.44,3005579.0,657328.0,275840.0,0.08,-0.01,-0.6949671346550245,0.1321507086065612
2024,2383,台光電,15449067.0,0.27412846355058207,0.1892424960031567,0.15751999780957646,7.07,3445601.0,20823774.0,17463540.0,7.31,6.05,0.13039447624895417,7.9836776880069715
2024,6674,鋐寶科技,203955.0,0.1663749356475693,-0.1240028437645559,-0.11180897747052046,-0.34,673357.0,41436.0,249766.0,-0.5,-0.91,0.22461327253560825,-0.41472920110583267
2024,1604,聲寶,2430738.0,0.2030029563038057,0.07422149157992346,0.10320199050658689,0.66,3842000.0,5012472.0,2264506.0,0.47,0.55,-0.06838746092750436,0.6082809128425535
2024,1907,永豐餘,19728212.0,0.1286751176437074,-0.004650396092661616,0.006455171913197202,0.01,16603715.0,22198533.0,20062915.0,0.47,0.68,0.016965703734327375,0.07800035438145188
2024,1614,三洋電,1534283.0,0.1580190877432651,0.01998262380538662,0.01277469671501281,0.07,2691134.0,2326756.0,1611256.0,0.32,0.39,0.05016871072676943,0.07648562550302095
2024,1712,興農,4896500.0,0.3009974471561319,0.0673203308485653,0.047235372204635966,0.55,4204926.0,3408483.0,4662753.0,0.58,0.59,-0.04773756765036252,0.5237829951187797
2024,4770,上品,1588619.0,0.4152990742273635,0.320346791773232,0.25202770456604134,5.01,799760.0,4610638.0,1772441.0,5.27,4.82,0.11571182265854807,5.585478602439968
2024,1615,大山,1418724.0,0.18783286953628753,0.14772711253210632,0.12892359613286306,1.12,1872988.0,1231286.0,1683652.0,0.88,0.94,0.1867368142076964,1.1589100970016208
2024,2402,毅嘉,2383101.0,0.181140455230391,0.07251014539459301,0.07577312082030933,0.6,3075366.0,1396848.0,2631082.0,0.77,0.57,0.10405811587507197,0.648265261026301
2024,1521,大億,1001035.0,0.1420230061885948,0.028956030508423783,0.03490287552383283,0.46,762300.0,998362.0,802631.0,-0.02,0.77,-0.1981988641755783,0.36749481679875995
2024,6526,達發,4898673.0,0.5280387157909907,0.1880860388109188,0.1634344648030191,4.79,1675056.0,4148238.0,5564622.0,5.09,5.62,0.13594477524831716,5.429376799349429
2024,4588,玖鼎電力,249842.0,0.41486619543551523,0.29107195747712555,0.22135989945645648,1.3,428570.0,119495.0,250886.0,0.84,,0.0041786409010493575,1.2958466466395815
2024,2409,友達,74327946.0,0.1124024064919001,0.0014408981515512348,-0.0031492192721160354,-0.03,76993961.0,27905211.0,77748135.0,-0.12,-0.13,0.04601484615221296,-0.031800666173426154
2024,2254,巨鎧精密-創,198383.0,0.3080909150481644,-0.022799332604104182,-0.02956402514328345,-0.09,639077.0,-30942.0,173959.0,-0.04,-0.33,-0.12311538791126253,-0.08047431295290623
2024,6799,來頡,242500.0,0.5034969072164949,0.1259958762886598,0.11911340206185567,0.7,426808.0,535882.0,221035.0,0.55,1.5,-0.08851546391752574,0.6168635738960437
2024,4536,拓凱,2321432.0,0.35471252227073635,0.2043135443984575,0.1793797966083004,4.33,908200.0,5870076.0,2600104.0,3.52,4.19,0.12004314578243092,5.1355001836647025
2024,1810,和成,1263375.0,0.2537441377263283,0.011719402394380133,0.021077668942317204,0.09,3023037.0,2972871.0,1159054.0,0.16,-0.05,-0.08257326605323045,0.0808132897422973
2024,6698,旭暉應材,189458.0,0.23274815526396353,-0.12175785662257597,-0.11210400194238301,-0.38,663898.0,22488.0,206122.0,-0.29,0.15,0.08795616970515896,-0.3480519761826044
2024,2634,漢翔,8802426.0,0.10862187310634591,0.0706796058268482,0.06483860244891579,0.61,9418671.0,7710921.0,8638846.0,0.26,0.7,-0.018583513226921755,0.5947024812857423
2024,6582,申豐,468618.0,0.1694941295468804,0.05891152281815892,0.08346457028966023,0.37,1061741.0,3712824.0,565849.0,0.94,0.25,0.207484560985707,0.444819816074108
2024,9911,櫻花,2297641.0,0.34795078952717157,0.15464295771184444,0.13318747358703992,1.4,2211212.0,3446513.0,2463467.0,1.53,1.45,0.07217228453008984,1.4838149666112723
2024,2247,汎德永業,15749664.0,0.11054419954609826,0.04229347368934347,0.03475077309585779,6.79,807087.0,7228292.0,14335174.0,6.22,5.52,-0.08981080485272575,6.172300866742249
2024,3356,奇偶,287818.0,0.45502713520349664,0.020082135238240834,0.7172310279412685,2.28,898221.0,1086377.0,265047.0,0.19,0.34,-0.07911596911937402,2.11640489659838
2024,3583,辛耘,2372649.0,0.27951711357221404,0.1097608622261447,0.09546334076384666,2.82,803280.0,2589751.0,2500530.0,3.0,2.09,0.05389798491053677,2.9716779638509796
2024,4942,嘉彰,1506936.0,0.25217394766599244,0.11741971789113805,0.13203082280866607,1.4,1423676.0,4830869.0,1417377.0,0.44,1.39,-0.05943119017662324,1.3144665748392097
2024,2477,美隆電,714471.0,0.263245114217372,0.07133109671351251,0.11637141325540155,0.57,1585732.0,2395391.0,864203.0,0.73,0.32,0.209570437428531,0.6342088350967111
2024,3705,永信,1975619.0,0.44904963963193306,0.17332997911034465,0.18347616620411122,1.26,2664230.0,2678891.0,2100117.0,0.82,0.91,0.06301721131452975,1.4462768444919525
2024,9906,欣巴巴,636252.0,0.2508188579367923,0.10450419016364586,0.06763515085217807,0.52,858162.0,158170.0,2220544.0,3.81,1.23,2.490038538189271,1.7500987973587612
2024,1618,合機,983216.0,0.17630001952775382,0.14038929390896812,0.17822838521749035,0.91,1926917.0,2492482.0,1346191.0,1.18,0.47,0.3691711688987973,1.2451467713675188
2024,6405,悅城,43473.0,-0.03218089388816047,-0.645366089296805,-0.24116118050284086,-0.16,658000.0,1340927.0,30892.0,-0.51,-0.19,-0.2893980171600764,-0.11322114267619696
2024,2488,漢平,700841.0,0.2612233017189348,0.1450414573348306,0.1584938666544908,1.38,799994.0,1654539.0,998263.0,1.66,1.92,0.424378710720406,1.9777468682029111
2024,2524,京城,1294875.0,0.48894680953760017,0.372473018631142,0.27208572256009267,0.95,3694196.0,14576296.0,1252952.0,1.06,0.56,-0.03237609807896513,0.9228269162034534
2024,2404,漢唐,11371299.0,0.13415802363476678,0.10621715249946379,0.10549533522951071,6.36,1905867.0,8361887.0,11153833.0,9.31,6.96,-0.019124112381531777,6.173974109573118
2024,3022,威強電,1630926.0,0.34405546297011635,0.12755636981690158,0.1560052387416719,1.43,1765978.0,7921517.0,1867413.0,1.67,2.76,0.14500167389568874,1.6496593439686214
2024,2433,互盛電,698968.0,0.36414685650845247,0.16593320438131645,0.1396887983426995,0.65,1444960.0,1223881.0,680846.0,1.45,1.54,-0.02592679493195682,0.6581951029539475
2024,8367,建新國際,764390.0,0.3645207289472651,0.25557765015240913,0.20416802940907128,1.18,877360.0,1481052.0,739771.0,0.94,0.64,-0.03220738104894094,1.7215007213000144
2024,3002,歐格,160384.0,0.2511410115722267,-0.0038657222665602555,0.0496932362330407,0.08,1020000.0,272217.0,146582.0,0.02,0.06,-0.08605596568236229,0.07141307797560364
2024,2413,環科,698264.0,0.08730365592383396,-0.11296014115005212,-0.05690111476461625,-0.32,1273592.0,673975.0,742878.0,-0.41,0.74,0.06389273970876341,-0.3319005327774404
2024,1786,科妍,210557.0,0.7292799574462022,0.310182040967529,0.3220505611307152,1.0,702893.0,208729.0,222203.0,0.82,0.82,0.05531043850358808,1.0180866907897548
2024,6534,正瀚-創,400729.0,0.8353276154208954,0.36024844720496896,0.32387972919354474,1.26,1028000.0,1002764.0,134816.0,-0.89,,-0.663573137956075,0.4247487312349895
2024,2910,統領,201722.0,0.48395316326429444,0.2212401225448885,0.2795976641119957,0.32,1754030.0,920950.0,125776.0,0.22,0.26,-0.37648843457828096,0.20049073163714629
2024,3003,健和興,1160217.0,0.29368385396869723,0.15206551877795274,0.16098798759197633,1.19,1556549.0,4906930.0,1168965.0,0.8,0.99,0.007539968816178355,1.209016374784569
2024,2106,建大,9121735.0,0.224998314465395,0.05348083451229399,0.046639043997660536,0.44,9548900.0,11024373.0,8810823.0,0.19,0.45,-0.03408474374666659,0.4303410461441626
2024,1905,華紙,5406616.0,0.04894355360173536,-0.0479954559376882,-0.030231849275036363,-0.17,11028353.0,2851794.0,5008940.0,0.07,-0.17,-0.0735535869386692,-0.13730927828271425
2024,6770,力積電,11123224.0,0.052717539447196246,-0.20026154287641784,-0.176018751397976,-0.47,41486416.0,23713466.0,11650773.0,-0.69,-0.08,0.04742770621179604,-0.49431951805170415
2024,1530,亞崴,458273.0,0.18425916429726386,-0.05798945170236955,0.10120168545823123,0.49,965942.0,2187801.0,570441.0,0.59,1.63,0.24476240145066375,0.5976506938768464
2024,1449,佳和,698751.0,0.2162487066208134,0.05632478522392097,0.041986344205589686,0.32,879709.0,193412.0,642293.0,0.12,0.44,-0.08079845324013846,0.3065506318434939
2024,6225,天瀚,9438.0,0.235749099385463,-0.05583810129264675,-0.02267429540156813,-0.01,278000.0,-176956.0,16579.0,-0.08,-0.02,0.7566221657130747,-0.013522199405129425
2024,2534,宏盛,300015.0,0.5458660400313318,-0.002089895505224739,-0.19529023548822558,-0.12,4742280.0,7173783.0,307765.0,,0.19,0.025832041731246758,-0.12673966810275594
2024,6531,愛普*,944844.0,0.5135884865649779,0.24148748364809428,0.3920181532612791,2.29,811195.0,3879692.0,1268087.0,2.07,3.27,0.3421125603803379,6.128158136017056
2024,2881,富邦金,,,,,3.63,152657119.0,575659637.0,69936573.0,2.64,1.76,,
2024,3296,勝德,382694.0,0.23787673702749454,-0.009114331554714732,0.003248025837875692,0.01,967244.0,102900.0,401097.0,-0.04,0.03,0.04808802855545169,0.013468922210883982
2024,1536,和大,1646061.0,0.11070792637696902,-0.007115167663895809,0.0295359649490511,0.15,2795175.0,2059770.0,1456858.0,-0.3,0.4,-0.11494288486271165,0.15394280080404513
2024,6558,興能高,282659.0,0.2033191937988884,-0.021775354756084185,0.013882452000466994,0.04,937509.0,276274.0,331794.0,0.01,0.45,0.17383136570921143,0.049131413981550534
2024,3528,安馳,1337472.0,0.18205016628385493,0.09340531988707053,0.0776696633649153,1.56,666260.0,835120.0,1373386.0,0.91,-0.15,0.026852150923533324,1.6010330545145675
2024,2104,國際中橡,4636644.0,0.034083703644273745,-0.0383048601531625,-0.303757847270569,-1.46,9847336.0,9013106.0,5079480.0,0.01,0.01,0.0955078716416442,-1.5668521009681295
2024,8101,華冠,14832.0,-0.7068500539374326,-3.2909250269687162,-2.6302588996763756,-0.54,728311.0,-741585.0,34073.0,-0.94,-0.8,1.2972626752966558,-1.2305294234011726
2024,6789,采鈺,2453281.0,0.2964992595630097,0.1953734610914934,0.17265857437448054,1.34,3170201.0,6443596.0,2750883.0,1.82,0.22,0.12130775072239985,1.49821269077574
2024,3013,晟銘電,2604950.0,0.15541872204840784,0.0905157488627421,0.0741557419528206,0.97,2029165.0,1180791.0,2663229.0,0.81,0.42,0.022372406380160914,0.973275817813083
2024,1609,大亞,7617354.0,0.12848280387126554,0.058105872459124255,0.1337650843061777,1.24,7736571.0,4977446.0,7818330.0,0.26,0.23,0.026383964825581252,1.351786950037062
2024,2449,京元電子,4305661.0,0.3604498821435315,0.2649971746498389,0.4599214847615732,1.56,12227451.0,17870905.0,7038742.0,2.02,1.25,0.6347645576370271,2.647541725167122
2024,9939,宏全,7495233.0,0.2333136274749564,0.14519775435933746,0.12190628363387769,3.01,2877859.0,10192651.0,7894551.0,2.99,2.97,0.053276262392376594,3.3441366424418733
2024,9935,慶豐富,1288214.0,0.23899057144232247,0.08646700004812866,0.07492621567534587,0.56,1738389.0,702371.0,1564465.0,0.65,0.49,0.21444496023176263,0.6742992621704922
2024,2364,倫飛,304526.0,0.39527002620465906,0.10954729645416154,0.14836500003283792,1.48,403000.0,105981.0,367753.0,0.91,0.42,0.2076243079408655,1.3538876887611972
2024,2313,華通,16884077.0,0.14992865763405366,0.06991996068248207,0.06819508108142364,0.97,11918206.0,26970906.0,20190965.0,1.51,1.41,0.1958583818351456,1.155311877716484
2024,2359,所羅門,760162.0,0.23026670630733975,-0.03931398833406563,0.036803997042735626,0.14,1714711.0,3145824.0,962422.0,-0.33,0.98,0.26607486298973115,0.20657111572657844
2024,4438,廣越,4132785.0,0.16476347063783864,0.06902802831504663,0.05917970569482806,2.07,1034255.0,3707089.0,6586668.0,3.78,6.28,0.5937601399540504,3.768868158718515
2024,5434,崇越,13791780.0,0.1399907771150642,0.07261861775637372,0.07427619930132297,5.41,1887641.0,9867017.0,15366524.0,4.93,4.25,0.11417989556097918,6.046525791676292
2024,2356,英業達,154158798.0,0.050250722634721114,0.01687291957219334,0.011752147937738851,0.51,35874751.0,20501105.0,163815390.0,0.56,0.53,0.06264055068722052,0.5366400167511646
2024,1443,立益物流,216886.0,0.49005007238825926,0.3812463690602436,0.22795385594275333,0.42,1353430.0,-64049.0,240632.0,0.42,0.82,0.10948608946635563,0.40528872762696716
2024,6257,矽格,4548589.0,0.2785492380164486,0.18848064751508656,0.1891025986300367,1.63,4704023.0,11159919.0,4588274.0,1.01,1.61,0.008724683632660657,1.844494673233173
2024,4566,時碩工業,1259984.0,0.2120439624630154,0.041419573581886755,0.07697478698142199,1.15,1024853.0,1116309.0,1284678.0,0.24,1.51,0.019598661570305653,0.96489755496368
2024,2030,彰源,3408461.0,0.11012653511364806,0.04742668318634129,0.03403735586236721,0.41,2805260.0,1703100.0,3122091.0,0.36,0.05,-0.08401739084003013,0.37881594719096945
2024,9931,欣高,619407.0,0.3178927587192266,0.24046870635946963,0.19379341854386534,0.95,1203693.0,1129794.0,336922.0,0.52,0.26,-0.4560571643523563,0.5424411885973931
2024,2432,倚天酷碁-創,596548.0,0.1352531564936937,0.044169119668492726,0.051457720082876815,0.5,618600.0,170968.0,709689.0,0.43,0.41,0.18965950770097284,0.5903488184270411
2024,2345,智邦,24412390.0,0.21238420326727533,0.1248517248823241,0.10573147487812541,4.62,5605784.0,18425967.0,28192739.0,4.75,4.28,0.15485370338586257,5.317471874271371
2024,1473,台南,1634594.0,0.19119671306758743,0.041358282240115896,0.054518124990058696,0.61,1461535.0,1566176.0,1825980.0,0.5,0.85,0.11708473174378464,0.68112639019488
2024,1730,花仙子,602161.0,0.5004126803296792,0.12501307789777152,0.11942155005056787,1.04,632339.0,964011.0,628390.0,1.08,0.81,0.043558118177696725,1.1867575436004476
2024,1464,得力,2775805.0,0.21603895086290284,0.058648932471841504,0.047392738322756825,0.25,4076396.0,819638.0,3214962.0,0.28,0.08,0.15820887994653798,0.3737758863064505
2024,1235,興泰,23550.0,0.3623779193205945,-0.27337579617834395,2.4661146496815287,0.6,1571480.0,849373.0,32832.0,0.65,1.59,0.394140127388535,0.5152307135842896
2024,6756,威鋒電子,495028.0,0.531418424816374,0.10492739804617113,0.10566877025137972,0.76,695834.0,575735.0,446761.0,0.42,1.12,-0.09750357555532208,0.6784475243560484
2024,2466,冠西電,317599.0,0.16396147343033196,-0.05304802596985507,-0.09380382180044647,-0.18,1714587.0,98476.0,444957.0,-0.19,-0.11,0.40100252204824316,-0.24343277498815316
2024,3257,虹冠電,235945.0,0.5027781898323762,0.269350908050605,0.27042319184555724,0.8,799866.0,591007.0,217951.0,0.52,1.12,-0.07626353599355784,0.7368609877895927
2024,5007,三星,1711475.0,0.27566572693144803,0.19678522911523685,0.18159832892680292,1.05,2949401.0,3357590.0,1780944.0,0.86,0.95,0.040590134240932496,1.0965496190996615
2024,6805,富世達,1718874.0,0.23146955506919065,0.14693630830415724,0.14911796908906644,3.74,685539.0,1600510.0,1988280.0,4.87,7.48,0.15673400144513217,4.324892902962619
2024,2031,新光鋼,3669992.0,0.07867919058134187,0.020576339130984483,0.40087389836272125,4.52,3211463.0,7256490.0,3362914.0,-2.08,1.33,-0.08367266195675627,4.1977891230214155
2024,9904,寶成,65327340.0,0.23800496086324655,0.05050600560194246,0.07685609118632414,1.16,29467872.0,105905291.0,66804858.0,1.94,2.06,0.022617146205554883,1.7423586807141809
2024,2612,中航,1127592.0,0.23944032948087607,0.1375940943178029,0.16191140057751385,0.93,1974846.0,9695234.0,1218599.0,0.59,0.33,0.08070915721289262,0.999090920671069
2024,2453,凌群,1548635.0,0.26382975975617234,0.033903405256887516,0.03662903137278958,0.57,1000000.0,999553.0,1712935.0,0.66,0.68,0.10609343066636101,0.6274314985454932
2024,2753,八方雲集,1914118.0,0.34703712101343803,0.08518492590320972,0.07019577685388258,2.1,664948.0,1685263.0,2050549.0,2.18,2.24,0.07127617001668662,2.1646787422768705
2024,8222,寶一,204689.0,0.21980174801772445,0.09578433623692528,0.12051453668736474,0.36,685735.0,125409.0,230060.0,0.23,0.42,0.1239490153354601,0.40431907821964946
2024,5292,華懋,454097.0,0.3022019524462835,0.20420086457298772,0.1901421942888854,2.03,382800.0,771972.0,533508.0,2.23,,0.17487673338515775,2.6500099736330895
2024,3530,晶相光,426937.0,0.10037312296662036,-0.07735333316156716,-0.016185057748567117,-0.09,786551.0,464568.0,569600.0,1.22,0.1,0.3341546879281956,-0.11720802457289901
2024,2801,彰銀,,,,,0.31,112057583.0,70900894.0,11317171.0,0.34,0.29,,
2024,1617,榮星,934319.0,0.11085400168464946,0.04109624228983891,0.04426218454296659,0.28,1679507.0,436621.0,893455.0,-0.13,0.12,-0.0437366680972987,0.23546356216935216
2024,3454,晶睿,1679665.0,0.32049366986869404,0.009473912952880486,0.01873826030785901,0.3,865679.0,1901647.0,1893557.0,1.11,1.68,0.1273420592796779,0.4098743757647879
2024,6754,匯僑設計,1365372.0,0.27383013566998593,0.14689330087331512,0.11729843588414,2.43,660000.0,901043.0,1411330.0,1.67,2.02,0.033659691278274284,2.50828487146005
2024,4956,光鋐,336913.0,0.1597207587715523,0.003312427837453586,0.006316170643459885,0.02,1004082.0,318909.0,358814.0,0.0,-0.15,0.06500491224737548,0.02257116902068173
2024,2722,夏都,167638.0,0.40569560600818433,-0.028824013648456794,-0.04012813323948031,0.0,1211697.0,520739.0,189770.0,0.11,0.41,0.13202257244777438,-0.06284670049406889
2024,3059,華晶科,1704446.0,0.31950616211953914,0.056120874465955504,0.06419798573847456,0.28,2788000.0,4545093.0,1880730.0,0.28,0.39,0.10342598122791813,0.4330669932493589
2024,4764,雙鍵,687563.0,0.14446530717912395,-0.0066481180633629205,-0.017550391745920012,-0.15,855421.0,1038998.0,734164.0,-0.26,-0.13,0.06777706188378385,-0.15062601696418043
2024,4766,南寶,5783181.0,0.3136471087451698,0.14712958145352878,0.1200989559206257,5.57,1205707.0,8477751.0,6087994.0,5.48,5.35,0.052706806167747366,6.0641741571628405
2024,2609,陽明,52589220.0,0.315941156761785,0.26872450285438726,0.26554092264536344,3.97,34921043.0,231276436.0,72838388.0,8.13,0.8,0.38504408317902405,5.538658382431754
2024,3037,欣興,27877397.0,0.13212187637174302,0.03217660529783322,0.06210888340830387,1.05,15251062.0,60957215.0,31712154.0,0.65,1.7,0.1375579290993345,1.291455293678681
2024,2258,鴻華先進-創,3604764.0,0.1869750696578195,-0.07887312456515877,-0.04158496922406016,-0.09,17413140.0,-5024619.0,2500653.0,-0.32,,-0.3062921733572572,-0.05971902715136599
2024,2478,大毅,1265261.0,0.1927230824312138,0.08483546082586912,0.10164385055731584,0.89,1447313.0,4001049.0,1327130.0,0.4,0.85,0.04889821151525253,0.9320347664266857
2024,1809,中釉,619132.0,0.18972367766485984,0.0060148724343112615,0.005042543431772223,0.04,1670419.0,1216941.0,561769.0,0.12,0.01,-0.09265067869210442,0.01695828759804127
2024,3229,晟鈦,247639.0,0.1308113826982018,0.06488880992089291,0.06727131025403915,0.26,642630.0,-95287.0,225262.0,-0.19,0.01,-0.09036137280476819,0.2358070723502695
2024,3062,建漢,765466.0,0.07831699905678371,-0.09488207183597965,0.025722892982836598,0.05,3304954.0,1021117.0,1041147.0,0.02,-0.07,0.3601479360285107,0.08103384452673584
2024,1517,利奇,511360.0,0.03041497183979975,-0.15084676157697122,-0.04313986232790989,-0.1,2256850.0,1437657.0,574247.0,-0.16,-0.15,0.12297989674593235,-0.1097677582569301
2024,8261,富鼎,733811.0,0.278947848969285,0.16472906511349653,0.18499313856020147,1.15,1184432.0,1156291.0,807304.0,1.31,1.17,0.10015249158161987,1.2609056554720313
2024,2208,台船,3952065.0,-0.1117147617764384,-0.14953448387109017,-0.05757066242584573,-0.17,12745394.0,-4259258.0,3546762.0,-0.55,-1.0,-0.10255474036990786,-0.160206454038861
2024,3447,展達,488514.0,0.0693961687894308,-0.046532955043253624,-0.03191310791502393,-0.21,770841.0,123913.0,792594.0,1.18,-0.17,0.6224591311610312,-0.3281369031330777
2024,3617,碩天,3261764.0,0.5053339236069808,0.21804029966607028,0.19059717379920804,6.77,917336.0,4358072.0,3442088.0,5.33,5.12,0.0552841959136221,7.151711529561343
2024,6230,尼得科超眾,2027502.0,0.17287479864384844,0.0011048077881057577,0.011886054859625293,0.28,863434.0,4532995.0,2143633.0,-0.37,2.16,0.05727787198237033,0.29509307528894096
2024,3376,新日興,3479892.0,0.18636009393394967,0.10130860383023381,0.11786917525026638,2.18,1877483.0,12477542.0,3668034.0,1.77,1.6,0.0540654709973758,2.3028072284539225
2024,8104,錸寶,598770.0,0.17734689446699067,-0.017540958965880055,0.040017034921589256,0.23,916517.0,328738.0,595886.0,0.32,-2.41,-0.004816540574845152,0.2601761982733123
2024,3703,欣陸,8684012.0,0.15140283085744238,0.08453661740679308,0.06494221795179463,0.79,8232160.0,9984557.0,8189981.0,0.68,0.58,-0.0568897187152666,0.6460947444207314
2024,1470,大統新創,186656.0,0.2529573118463912,0.10065575175724327,0.12554645979770274,0.28,857670.0,125332.0,196550.0,0.13,0.06,0.053006600377164315,0.2877115519166868
2024,2476,鉅祥,1648461.0,0.3402992245494434,0.18861410734011905,0.1988339426895753,1.41,2072921.0,3985187.0,1861908.0,1.36,1.29,0.1294825901249712,1.7859364084075648
2024,2886,兆豐金,,,,,0.58,148333783.0,121172674.0,21904013.0,0.6,0.58,,
2024,2867,三商壽,35370456.0,,0.07496923421060786,0.09214175808194273,0.64,50995011.0,-3600080.0,28425055.0,-0.72,0.6,-0.1963616471328501,0.5136060351621292
2024,2367,燿華,5129163.0,0.20905165228712755,0.1079686880685991,0.1091731730888646,0.84,6694072.0,1011891.0,4759316.0,0.52,0.02,-0.0721066965506848,0.7761936672515664
2024,9955,佳龍,352221.0,0.010442307528511928,-0.07329489155956062,-0.06969487906740371,-0.23,1032082.0,-717217.0,288899.0,-0.22,-0.2,-0.17977917273529975,-0.19508896451729482
2024,4532,瑞智,6158617.0,0.16733951794696764,0.07337523992805528,0.056589490789896495,0.65,5049151.0,4470861.0,4975025.0,0.3,0.43,-0.1921847064040514,0.5575870704144218
2024,6115,鎰勝,1954608.0,0.15027207501452977,0.08595073794847867,0.08611547686287992,0.93,1876622.0,2308260.0,1955054.0,0.8,1.19,0.0002281787447917516,0.8971460821768094
2024,1437,勤益控,191646.0,0.5594168414681235,0.3200640764743329,1.1335117873579412,1.06,2033713.0,4948919.0,269052.0,0.88,1.0,0.40390094236248086,1.4995902244428236
2024,3231,緯創,240206609.0,0.08360762463450787,0.03602081573034487,0.029446733499326822,1.55,28968371.0,41007444.0,272914678.0,1.47,1.67,0.1361663991518236,2.774213914590017
2024,1474,弘裕,798632.0,0.07898882088371115,-0.03022167907121177,0.027474481363130954,0.17,1298970.0,840637.0,760260.0,-0.01,-0.28,-0.04804716064470249,0.1608023988324129
2024,9905,大華,2199033.0,0.10408620516381518,0.05277274147318389,0.05206697671203661,0.38,3050000.0,4116602.0,2467989.0,0.6,0.59,0.12230648653294418,0.42131385504446733
2024,1220,台榮,812847.0,0.20866657562862384,0.11512252613345439,0.09690015464164843,0.43,1770779.0,591752.0,834595.0,0.34,0.23,0.026755342641358038,0.4567051256150348
2024,6834,天二科技,332836.0,0.21931521830571213,0.06578014397481041,0.08610246487759737,0.33,884711.0,91004.0,347520.0,0.2,0.1,0.04411782379309925,0.33821585347376304
2024,3308,聯德,34029.0,0.30050838990273004,0.00296805665755679,0.08748420464897587,0.05,600000.0,427410.0,1009.0,0.54,0.78,-0.9703488201240119,0.0014711927081802775
2024,3266,昇陽,259105.0,0.1956156770421258,0.011196233187317883,-0.16283360027787963,-0.12,3523143.0,1520094.0,508471.0,0.13,1.07,0.9624129214025201,-0.23500653696683257
2024,6168,宏齊,491843.0,0.2221684561943547,-0.05026807334860921,-0.019329338833733528,0.01,2060698.0,246894.0,524169.0,0.04,0.21,0.06572422500676023,-0.04916703081741852
2024,6206,飛捷,1206180.0,0.4502992919796382,0.2555696496376992,0.21413553532640237,1.87,1430623.0,2715673.0,1097104.0,1.32,0.89,-0.09043094728813283,1.642144382892889
2024,6184,大豐電,534412.0,0.48247793836964736,0.2708472115147115,0.2340927973174255,0.85,1582306.0,879805.0,526803.0,1.04,0.8,-0.014238078486261574,0.779373824691379
2024,1324,地球,205605.0,0.1869117968920989,0.003710999246127283,0.005539748546971134,0.02,751219.0,230328.0,182484.0,-0.03,0.24,-0.1124534909170497,0.0134570008725216
2024,2642,宅配通,1003409.0,0.09842546758101632,-0.003262876852808775,0.012353885603976046,0.13,954670.0,464163.0,1018223.0,0.01,0.33,0.014763670646765092,0.13176291767141843
2024,2520,冠德,10344329.0,0.35356106713156554,0.2896163685435759,0.24163355593195074,4.4,5541701.0,15214508.0,7003612.0,2.51,1.43,-0.32295154185447894,3.05376936057662
2024,6235,華孚,1662596.0,0.31640699243833137,0.15454325644955239,0.12133915876135874,1.04,1941702.0,1799441.0,1367587.0,0.65,1.03,-0.1774387764676446,0.8546206169276764
2024,6505,台塑化,170616350.0,0.02365767993512931,0.00685011723671266,0.01595784343059736,0.28,95259597.0,173270304.0,173189705.0,-0.32,1.81,0.015082698697985286,0.29012658915419776
2024,1727,中華化,535363.0,0.16242437374267554,0.06117905047603215,0.0512250566438099,0.23,1239394.0,411374.0,590894.0,0.23,0.06,0.103725883185801,0.24422079355303808
2024,2388,威盛,2959012.0,0.29775681883006894,0.0057316428591705606,0.031934307802739564,0.13,5003312.0,6985507.0,5287992.0,0.59,0.18,0.7870802822023026,0.3375131596558927
2024,3443,創意,6719781.0,0.3054952237282733,0.1532974065672676,0.13503297205667864,6.78,1340119.0,8036520.0,6611397.0,7.71,7.63,-0.01612909706432397,6.661770979716048
2024,2906,高林,2305633.0,0.29090145743056245,0.05555914579640385,0.04170134622465935,0.12,2091167.0,930999.0,2221882.0,0.04,0.15,-0.03632451478617804,0.4430802061831435
2024,4994,傳奇,384772.0,0.6237044275570988,0.06893692888255902,0.08018774754919797,0.47,663834.0,252078.0,400438.0,1.19,0.56,0.04071502084351253,0.48370859662363996
2024,1736,喬山,10307812.0,0.5084132306642768,0.03954845121350681,0.028320268161662242,0.97,3036166.0,8058921.0,12075968.0,1.57,1.22,0.1715355305277202,1.1264030098211102
2024,1611,中電,302663.0,0.3034067593329875,0.08203843879165937,0.15657017871361878,0.14,3227358.0,1016844.0,277326.0,0.11,0.13,-0.08371356921724826,0.13454033107555172
2024,1465,偉全,117870.0,0.12238058878425384,-0.040349537626198355,0.17985068295579876,0.21,1036073.0,338398.0,143944.0,-0.15,0.42,0.22120980741494867,0.2498706819634282
2024,1410,南染,54429.0,0.30285325837329363,0.002829374046923515,0.11201749067592644,0.11,630000.0,422497.0,66052.0,0.09,0.12,0.21354425030774027,0.11744411577978243
2024,6449,鈺邦,818100.0,0.2767375626451534,0.12850751741840852,0.12242024202420242,1.21,889535.0,1416131.0,921494.0,1.33,1.45,0.1263830827527197,1.268185270999459
2024,1441,大東,436413.0,-0.16870716500195915,-0.2573021426951076,0.43990211107368477,2.94,717444.0,-136816.0,519349.0,0.09,-2.22,0.1900401683726196,3.184397966726422
2024,2739,寒舍,1149459.0,0.3771478582533174,0.346205475793395,0.306193609341438,3.85,1015260.0,79438.0,1126982.0,-0.98,1.44,-0.01955441646896494,3.3988799543253205
2024,5706,鳳凰,848785.0,0.12569025135929593,0.058342218583033394,0.072827630083001,0.67,810815.0,448491.0,841839.0,1.34,0.79,-0.008183462243088635,0.7561421444033902
2024,2706,第一店,83094.0,0.7566250270777674,0.6567983247887934,1.2713794016415145,0.21,4999984.0,3499314.0,97146.0,0.28,0.25,0.1691096830096035,0.24701963716657208
2024,2424,隴華,23514.0,-1.046482946329846,-2.853193841966488,-2.664285106744918,-1.08,562750.0,-434729.0,26321.0,-0.83,-1.21,0.11937569107765578,-1.246142128736259
2024,6670,復盛應用,6142405.0,0.25465253430862994,0.14979067645327848,0.12858009199979487,5.56,1348273.0,8209123.0,7029555.0,6.09,3.55,0.1444303981909365,6.703841348284939
2024,8926,台汽電,2382796.0,0.0735719717508339,0.028926521615782467,0.1706902311402235,0.56,7302820.0,4839480.0,2120601.0,0.34,0.09,-0.11003669638525493,0.4956521930517103
2024,6743,安普新,1808832.0,0.20188663181544775,0.09911147082758377,0.05946102236139122,0.72,1500000.0,558635.0,2464608.0,1.79,0.02,0.36254113151470113,0.9769874093337578
2024,3138,耀登,419242.0,0.42332113671817234,0.07758287576149336,0.1013424227534455,0.86,502934.0,649733.0,470844.0,1.04,1.55,0.1230840421522652,0.9487620979874752
2024,1732,毛寶,152387.0,0.4200358298280037,0.027823895739137853,0.033388674886965425,0.12,424439.0,65459.0,143432.0,0.08,0.01,-0.05876485526980646,0.11283139429664155
2024,4771,望隼,729770.0,0.3895131342751826,0.3038491579538759,0.26429422968880606,2.99,578867.0,786779.0,742445.0,2.48,,0.017368485961330338,3.389792981139115
2024,1516,川飛,252451.0,0.05565832577411062,0.03799945335926576,0.041726909380434225,0.27,400083.0,64318.0,50517.0,-0.38,0.2,-0.7998938407849444,0.05268702447170701
2024,1339,昭輝,441967.0,0.3556668258037365,0.19186274088336913,0.1941954942337324,1.22,741239.0,2107037.0,475788.0,1.05,2.03,0.07652381286385634,1.246505996183135
2024,4583,台灣精銳,748835.0,0.5453925096983981,0.331780699352995,0.38661253814258145,3.61,801714.0,7707044.0,758747.0,3.14,3.79,0.013236560791095586,3.658924547632563
2024,4426,利勤,236434.0,-0.06445350499505147,-0.2807548829694545,-0.23933106067655244,-0.33,1726773.0,811445.0,231830.0,-0.61,0.12,-0.01947266467597719,-0.32131681348182506
2024,4722,國精化,1106894.0,0.1750890329155276,0.07616086093157971,0.06145213543482935,0.68,1000092.0,1507492.0,1058656.0,0.55,0.79,-0.043579602021512454,0.6505068722766976
2024,1541,錩泰,811565.0,0.15818695976292718,0.03419196244293433,0.03739934570860005,0.38,788000.0,1182111.0,716447.0,-0.21,0.93,-0.11720318150733455,0.34003361719402764
2024,5531,鄉林,196547.0,0.23775992510697186,-1.0788462810421935,-2.589161879855709,-0.44,9775892.0,149840.0,1062219.0,0.25,-0.15,4.404402000539311,-2.813305366772108
2024,3550,聯穎,869071.0,0.1630085459070663,-0.020263016485419488,-0.005042165714884054,-0.05,875500.0,499826.0,846380.0,-0.85,-0.98,-0.02610948932825974,-0.048744582727168084
2024,5519,隆大,724455.0,0.269250678095948,0.17186436700692245,0.1438874740322035,0.47,2191972.0,3044121.0,490337.0,0.18,0.23,-0.323164309722481,0.32187159486767425
2024,2495,普安,321281.0,0.4948689776239491,0.09263541883896029,0.482895035809774,0.57,2735515.0,1464826.0,301092.0,0.67,0.56,-0.0628390723385448,0.5315117340684897
2024,1308,亞聚,1494815.0,0.06675474891541763,0.029182875472884603,-0.04812568779414175,-0.12,5937438.0,6168937.0,1422344.0,-0.36,0.28,-0.04848158467770258,-0.11528757568478315
2024,4545,銘鈺,640604.0,0.2718106661837891,0.12834918295858283,0.12592803042128992,1.05,770000.0,545904.0,656904.0,0.65,0.77,0.02544473652989998,1.074319829816455
2024,2903,遠百,7848419.0,0.5984202678271892,0.12215606735573113,0.08153514739720191,0.38,14169406.0,7519625.0,7690487.0,0.31,0.51,-0.020122778867947777,0.4425344231799591
2024,1466,聚隆,695684.0,0.10704860252643442,0.00839605338055784,0.009252764186038489,0.06,1111573.0,-105064.0,806050.0,-0.01,-0.17,0.15864386704308275,0.06709582341561304
2024,1104,環泥,2092080.0,0.20735774922565103,0.14357481549462736,0.1895611066498413,0.55,6866818.0,13490412.0,1872787.0,0.69,1.42,-0.10482056135520634,0.5169899307647826
2024,6196,帆宣,15399089.0,0.07710300265165036,0.03409604295422931,0.02341833338322806,1.84,2013154.0,6508761.0,15611776.0,2.68,2.91,0.01381166119632149,1.8160646183663973
2024,9944,新麗,630847.0,0.3084155112095326,0.07384674889473992,-0.052924084603715324,-0.35,1091071.0,2227742.0,491296.0,-0.84,-0.61,-0.22121211640857452,-0.23831071552141816
2024,4572,駐龍,212886.0,0.5175258119369052,0.3691975987148051,0.34086788234078336,1.87,390000.0,1461513.0,223359.0,1.54,1.64,0.0491953439869226,1.952202803378334
2024,6706,惠特,169049.0,-0.05611982324651432,-1.0108666717933854,-0.7268898366745736,-1.67,735769.0,1477915.0,212980.0,-1.36,-0.11,0.25987139823364824,-2.104097854285118
2024,2901,欣欣,32584.0,0.8479621900319175,0.16176651117112692,0.2084765529094034,0.09,730433.0,135680.0,33808.0,0.11,0.13,0.03756444880923149,0.09649311163051381
2024,3607,谷崧,779844.0,0.14628823200537544,0.02449592482599084,0.04694015726222168,0.29,1216622.0,-11563.0,851276.0,-0.17,0.26,0.0915978067408354,0.3284424358063147
2024,2945,三商家購,3481351.0,0.26631758762618307,0.00898070892593134,0.006160539399790483,0.4,675000.0,144185.0,3751248.0,0.64,0.59,0.07752651197767757,0.3423660904057074
2024,1708,東鹼,1619593.0,0.35075602327251354,0.21989351645752978,0.17849916614853237,1.16,2490017.0,3987241.0,1620737.0,1.17,0.42,0.0007063502991182524,1.1618402727614867
2024,2338,光罩,1997876.0,0.19039419863895457,0.07324879021520855,-0.15997839705767525,-1.15,2564465.0,2347444.0,1795916.0,-0.96,-0.43,-0.10108735477076658,-1.1203419150982055
2024,3004,豐達科,866323.0,0.28199990072986636,0.13085881362955848,0.10877467180254939,1.73,546222.0,1361465.0,868212.0,1.3,1.62,0.002180480028811438,1.7289577379716492
2024,5876,上海商銀,,,,,0.31,48616031.0,104067395.0,12882070.0,0.98,1.02,,
2024,5269,祥碩,2106353.0,0.5222505439496609,0.3197626418743677,0.44425269648534693,13.17,746624.0,8360938.0,2126812.0,13.06,9.74,0.009712996824368991,12.654856606771196
2024,1529,樂事綠能,207366.0,0.24469778073551113,0.17289237387035483,0.21619744799050952,0.26,1550951.0,101766.0,152202.0,-0.06,-0.3,-0.26602239518532445,0.21216456212382936
2024,2355,敬鵬,4168378.0,0.15240340487355034,0.07272660972685299,0.08153051378737725,0.85,3974954.0,11160844.0,4065192.0,0.66,0.9,-0.024754472842913988,0.8338139067881933
2024,2316,楠梓電,743874.0,-0.04577791400156478,-0.1895670503337931,0.23664088273013978,0.97,1827405.0,7539703.0,856373.0,1.04,0.68,0.15123394553378655,1.1089652412369344
2024,1234,黑松,2279220.0,0.33422793762778497,0.08187362343257781,0.10955677819604953,0.62,4018711.0,13989150.0,3057114.0,0.91,0.94,0.34129833890541494,0.8334203689144051
2024,8103,瀚荃,802655.0,0.38774691492608904,0.1547626315166541,0.14196011985224039,1.41,868020.0,1899736.0,883187.0,0.57,1.4,0.10033202309834244,1.4444060317958185
2024,3432,台端,8526.0,0.15505512549847525,-1.0089139103917428,-0.8499882711705372,-0.18,422300.0,-201060.0,17453.0,-0.23,-0.09,1.0470326061459065,-0.35128688839070293
2024,2377,微星,46672024.0,0.13386841761994295,0.047255675048504434,0.04515210225294707,2.49,8448562.0,41840975.0,52086539.0,2.05,2.78,0.11601200325059824,2.7836887921638214
2024,1702,南僑,5873022.0,0.3088231237683087,0.07199632489032053,0.05354551711197404,1.09,2941330.0,4408942.0,5977273.0,0.57,1.13,0.017750827427515103,1.0881341899903798
2024,1110,東泥,604620.0,0.1606413945949522,0.1119711554364725,0.1140154146406007,0.1,5720008.0,2277183.0,890643.0,0.35,0.1,0.4730624193708446,0.17752952608064276
2024,6108,競國,1327696.0,0.04972297875417264,-0.06260243308709222,0.00048128487244067917,0.0,1598993.0,1527333.0,1359690.0,2.27,0.62,0.024097383738446165,0.00409256468420354
2024,2633,台灣高鐵,13124573.0,0.43231760758997645,0.3962230999819956,0.12250333782287622,0.29,56282930.0,12854587.0,13247645.0,0.25,0.22,0.009377219357917355,0.28834332732722634
2024,2428,興勤,1949789.0,0.41282466974631615,0.24739394878112453,0.22429452622822266,3.41,1281127.0,8036308.0,1976758.0,2.96,2.6,0.013831753076871456,3.4608278420316565
2024,3535,晶彩科,414572.0,0.44631813050567815,0.24859373040147428,0.26240315313142226,1.38,790523.0,317784.0,120664.0,-0.31,0.67,-0.708943199251276,0.400527423863062
2024,6176,瑞儀,11948057.0,0.2066549397948135,0.1333519751370453,0.1507286917027597,3.87,4650273.0,26706729.0,14162512.0,3.64,4.09,0.1853401770681209,4.59047652682893
2024,1312,國喬,5053146.0,0.030883136960618198,-0.06467000953465425,-0.055305942080438604,-0.23,11266203.0,21308886.0,4311542.0,-0.29,-0.22,-0.146760849577669,-0.2116541767704509
2024,1316,上曜,372961.0,0.3713417756816396,0.11160952485648634,0.17033684487117956,0.06,3002543.0,-163351.0,363601.0,-0.11,-0.16,-0.02509645780658032,0.2062739722029152
2024,2611,志信,165330.0,0.27379785882779895,0.0010766346095687413,0.4375007560636303,0.37,1890023.0,824561.0,169935.0,0.33,0.97,0.02785338414080929,0.3933639483840833
2024,3033,威健,22536800.0,0.06339240708530049,0.034235073302332185,0.016018378829292534,0.85,4507764.0,2631674.0,24010557.0,0.76,0.6,0.06539335664335666,0.8532172445769602
2024,1558,伸興,2062607.0,0.29660812748138643,0.11897516104619058,0.12861490337228565,2.06,665356.0,3010537.0,2442964.0,2.04,1.6,0.18440594839443492,4.722307739044548
2024,1806,冠軍,830360.0,0.2581819933522809,0.010428007129437835,0.006250301074232863,0.01,3904039.0,1030871.0,885117.0,0.18,,0.06594368707548526,0.014170574976125415
2024,2891,中信金,,,,,0.78,201210999.0,218424814.0,50197002.0,1.1,0.96,,
2024,6581,鋼聯,702774.0,0.5775355946577421,0.4725843585562357,0.4044927672338476,2.55,1112709.0,1936217.0,491895.0,1.41,0.56,-0.30006659324334706,1.7881402032201903
2024,2880,華南金,,,,,0.4,137791734.0,58703148.0,18083683.0,0.49,0.47,,
2024,1533,車王電,657179.0,0.2403256951302461,-0.14314364883844433,-0.1360694727007406,-0.52,985475.0,1089295.0,577931.0,-0.6,0.04,-0.12058815026043135,-0.797978299068081
2024,1711,永光,2201656.0,0.2372486891685168,0.05073408379874059,0.05901103532976996,0.22,5477522.0,2423180.0,2035816.0,0.08,0.08,-0.07532511891049287,0.21932474191963258
2024,2731,雄獅,7421814.0,0.13857420840780973,0.049609300367807654,0.0396971683742007,3.15,932777.0,1324208.0,8015300.0,0.9,2.86,0.07996508670252322,3.411155224343341
2024,8131,福懋科,2337549.0,0.16382886519170292,0.12404616972735116,0.12126932954132726,0.64,4422222.0,5752994.0,2080389.0,0.27,0.09,-0.11001266711414392,0.5704991273960291
2024,1323,永裕,791755.0,0.1881907913432817,0.05431730775302966,0.05872523697355874,0.29,912745.0,1502647.0,567534.0,1.98,0.19,-0.283194927723854,0.3651465484943954
2024,1603,華電,1141468.0,0.10670382349746116,0.08047706987843724,0.07140804648049705,0.51,1916880.0,6094450.0,1171124.0,1.02,1.08,0.0259805793942538,0.4362697561997914
2024,4119,旭富,392716.0,0.2748652970594526,0.14023110848552134,0.15836635125637866,0.52,1195087.0,1603134.0,419294.0,3.19,0.33,0.06767740555515944,0.555625330069627
2024,2820,華票,,,,,0.18,13429600.0,11873725.0,645665.0,0.31,0.23,,
2024,1409,新纖,,,,,0.27,16184093.0,13720646.0,11585094.0,0.34,0.26,,
2024,3038,全台,938903.0,0.23720661239765983,0.07387025070747458,0.09114892592738547,0.57,1574076.0,1128400.0,870627.0,0.49,0.91,-0.0727189070649471,0.504147931442839
2024,6216,居易,376530.0,0.4781079860834462,0.23759328605954372,0.2689427137279898,1.08,944979.0,553893.0,337156.0,0.72,0.62,-0.10457068493878308,0.9595520068665455
2024,2328,廣宇,5446118.0,0.14335385314824248,0.06755839664142423,0.0604650872419584,0.53,5183462.0,7979320.0,6015142.0,0.55,0.63,0.10448249560512646,0.7016663492522336
2024,3605,宏致,2454508.0,0.23239036091958143,0.02755012409818994,0.02733663935908948,0.5,1344177.0,3095009.0,2688732.0,0.96,0.24,0.0954260487234102,0.5468096613559328
2024,3015,全漢,2898071.0,0.18617728827209548,0.018734185601387957,0.030283937143016856,0.44,1872620.0,5225650.0,3123488.0,0.96,1.9,0.07778173826659174,0.5051292534468682
2024,1522,堤維西,5187834.0,0.3036903262517652,0.13699725164683374,0.11309710372382771,1.65,3428979.0,3958437.0,4787846.0,1.3,1.18,-0.07710115628217862,1.5791625311082793
2024,3669,圓展,732003.0,0.6377801730320778,0.12798581426578853,0.11515799798634704,0.91,929200.0,1804894.0,724818.0,0.69,0.67,-0.009815533542895327,0.8982844359068886
2024,3702,大聯大,207973513.0,0.03735863710683197,0.0177732488463567,0.008038653460645251,0.73,18790568.0,36805858.0,259068457.0,1.22,0.95,0.24568005445962737,1.1083015417134146
2024,8046,南電,8120606.0,0.02259634317931445,-0.025487137290000277,0.014604451933759623,0.19,6461655.0,20845487.0,9191871.0,0.09,1.67,0.13191934198014277,0.20775209787712126
2024,2397,友通,2167776.0,0.2712245176623415,0.05533274655683982,0.03745082517750912,0.64,1144889.0,1224538.0,2524804.0,0.8,0.47,0.16469782855793214,0.8258965996832509
2024,3652,精聯,701110.0,0.2854958565702957,0.040330333328578966,0.046054114190355294,0.43,750975.0,164289.0,589667.0,0.26,0.26,-0.15895223288784932,0.3616177815810677
2024,2344,華邦電,21483983.0,0.33102814315204027,0.05410886798784006,0.07971571193293162,0.41,41800002.0,28734302.0,21312431.0,-0.01,-0.03,-0.007985111513074683,0.4064439064348565
2024,1436,華友聯,2021757.0,0.47938946174045644,0.3945380181693448,0.318084715423268,5.84,1144407.0,2307046.0,4083498.0,12.87,0.27,1.0197768574561632,11.349968142990074
2024,2834,臺企銀,,,,,0.41,91679828.0,31358237.0,9509428.0,0.21,0.25,,
2024,2347,聯強,100209135.0,0.041978448371997226,0.02000121046848673,0.019382554295074995,1.09,16679470.0,48506069.0,108478356.0,1.35,1.01,0.08251963256643213,1.2605841942282785
2024,2395,研華,14643762.0,0.40502276669069054,0.14792742466041173,0.14404508896006368,2.46,8631680.0,25265184.0,14949502.0,2.61,3.01,0.020878514687687533,2.4947661932539784
2024,3029,零壹,4328599.0,0.12997877604277966,0.06517974984515776,0.05534030756833793,1.27,1548492.0,1070860.0,4952122.0,1.33,1.26,0.1440473002927738,1.7697989695518788
2024,2618,長榮航,55373891.0,0.2457764978083263,0.18182738865144948,0.1484433340615345,1.44,54004443.0,40973161.0,57160044.0,1.67,1.1,0.03225623064848371,1.571172117535591
2024,2816,旺旺保,2708175.0,,0.12177019579606192,0.10917610568002437,1.32,2236080.0,4555858.0,2637520.0,0.65,1.26,-0.02608952523378294,1.2877632385834936
2024,2474,可成,4672447.0,0.3403522822195736,0.2040327049188573,0.735229741503756,5.04,6803641.0,140558612.0,5120304.0,2.11,6.56,0.09585063244163061,5.533213446066081
2024,6277,宏正,1211679.0,0.5903989422941225,0.11058456901539104,0.0886744756655847,0.88,1194711.0,3360922.0,1260046.0,0.91,1.03,0.0399173378427784,0.9352380480678368
2024,6165,浪凡,721309.0,0.20794694090881993,-0.0009857079282249354,0.021717460894013524,0.19,777526.0,143695.0,697424.0,0.24,0.27,-0.03311340909374483,0.1948009255837938
2024,3014,聯陽,1616779.0,0.5683324684449761,0.2894990595498828,0.2503929108431022,2.51,1610801.0,2786804.0,1863470.0,3.08,2.93,0.15258176906058285,2.89669349329182
2024,1808,潤隆,5262652.0,0.47632866471125207,0.3842237715889251,0.32760877975591013,3.82,9922575.0,4087218.0,1980414.0,-2.05,9.2,-0.6236851686184076,0.653863552506805
2024,2465,麗臺,719381.0,0.0891863977502881,-0.1533304326914389,-0.1850326878246715,-1.59,839460.0,-217009.0,1008250.0,-1.12,-0.58,0.40155216776645486,-2.222371613885415
2024,2812,台中銀,,,,,0.38,55187566.0,20705110.0,4876679.0,0.37,0.35,,
2024,6142,友勁,257221.0,-0.05553201332706117,-0.4096827241943698,0.059135918140431766,0.05,3307792.0,-77836.0,321233.0,-0.23,-0.03,0.24885992978800342,0.05742927122384151
2024,2362,藍天,6620063.0,0.1954676262144333,0.086668208444542,0.05990456586289285,0.68,6322630.0,40404303.0,7093815.0,0.1,0.43,0.0715630651853314,0.6721125669012377
2024,2461,光群雷,1356597.0,0.23421104425264097,0.028356247286408565,0.1827307593928042,1.47,1722334.0,1007624.0,1371577.0,0.22,0.26,0.011042336080648862,1.4551724971794333
2024,2535,達欣工,4336137.0,0.10287751517076144,0.06414972589657568,0.09839587632955324,1.69,2707940.0,4024512.0,3491866.0,0.92,0.7,-0.19470579458167492,1.2688066024187086
2024,8213,志超,4748497.0,0.1371118061146506,0.06026243672471521,0.042473860676336114,0.79,2712425.0,10241800.0,4646825.0,0.73,1.1,-0.021411406598761618,0.727646285656988
2024,1817,凱撒衛,722577.0,0.34882649184792763,0.13420853417698045,0.11268418452289514,1.12,726000.0,1263066.0,714690.0,1.01,0.82,-0.010915099705636866,1.1092873255739384
2024,2460,建通,877278.0,0.12734047816085664,0.02511860550475448,0.00045025636115347703,0.0,1692000.0,258325.0,807704.0,-0.33,-0.31,-0.07930667359719501,0.0021493727182571396
2024,2008,高興昌,391563.0,0.18768627270707397,0.11592004351790133,0.08683915487418371,0.18,1908523.0,1128736.0,345833.0,0.16,0.23,-0.11678835845061974,0.15735647643546125
2024,6477,安集,235764.0,0.3149208530564463,0.1896981727490202,0.07954564734225751,0.15,1237825.0,663581.0,298914.0,,0.39,0.2678525983610729,0.19208941190930515
2024,1737,臺鹽,803729.0,0.4337133536303903,0.11724101034055011,0.1046422363756938,0.5,2000000.0,1956112.0,838926.0,0.45,0.76,0.04379212396218124,0.43893546396857647
2024,9907,統一實,11620560.0,0.13773854272083272,0.06799448563580412,0.043321320142919104,0.33,15791453.0,5023380.0,12488560.0,0.29,0.06,0.07469519541226921,0.3426036260780143
2024,5484,慧友,175358.0,0.23206811209069447,-0.24403791101632089,-0.018379543562312528,-0.05,668010.0,-175484.0,100411.0,-0.45,-0.23,-0.42739424491611444,-0.02762695691135407
2024,4106,雃博,584360.0,0.4761311520295708,0.049228215483605994,0.03652371825586967,0.21,1009116.0,1113819.0,541873.0,0.07,0.23,-0.07270689301115751,0.19612429871751974
2024,3645,達邁,589783.0,0.3101615339879244,0.15879230157532517,0.19767100781134755,0.91,1322053.0,1002029.0,619045.0,0.48,0.5,0.04961485834620527,0.925585048637049
2024,8249,菱光,1025372.0,0.21394186695170142,0.12557881432299692,0.0554150103572167,0.5,1490550.0,1844603.0,1300129.0,1.95,1.27,0.2679583604779534,0.48335622421735464
2024,8996,高力,1000082.0,0.3344425757087919,0.1999566035585082,0.1657064120742099,1.84,906273.0,935659.0,1209670.0,2.28,2.31,0.20957081519315413,2.211806767870272
2024,6243,迅杰,187375.0,0.33791594396264174,-0.004819212808539026,0.06915543695797198,0.29,452688.0,92348.0,174792.0,-0.16,0.8,-0.06715410273515676,0.2670231403694783
2024,8011,台通,780487.0,0.18422600248306506,0.07730686097270038,0.0909265625180176,0.39,1659219.0,82797.0,481421.0,0.14,0.01,-0.3831787076530423,0.26382265785280035
2024,2514,龍邦,5547594.0,0.1424363426739592,0.06453842873144647,0.049547425424427236,0.43,3947293.0,8225170.0,7443738.0,0.91,0.5,0.3417957406399963,0.9343569211456437
2024,2484,希華,517813.0,0.2186175318116772,0.06099692359983237,0.08287547821317734,0.27,1594210.0,1316810.0,620071.0,0.18,0.59,0.19748055765305228,0.322345742726009
2024,6937,天虹,495573.0,0.4469936820609678,0.15365647442455502,0.18970363599308276,1.39,674773.0,845963.0,563630.0,1.23,,0.13732991910374448,1.584572298458611
2024,1773,勝一,2636817.0,0.3329377806650973,0.20790938468615758,0.1750678943589942,1.85,2500000.0,6235596.0,2876236.0,1.91,1.55,0.09079848923910916,2.0141463207981443
2024,2543,皇昌,3951949.0,0.32876790667086037,0.29685023769284474,0.23230689464869106,3.27,3307315.0,1198106.0,2934729.0,0.85,0.69,-0.25739704636876637,2.0613633132176963
2024,9946,三發地產,789663.0,0.28612078823498127,0.18509161503071564,0.18296665792876202,0.45,3265542.0,3004941.0,251517.0,0.08,-0.06,-0.6814881791346434,0.1409236962876865
2024,9926,新海,564796.0,0.29949397658623644,0.22551859432432242,0.27476292325016466,0.87,1795041.0,1403755.0,511642.0,0.75,0.67,-0.09411185631626284,0.783159000700044
2024,2702,華園,372813.0,0.8687465297615695,0.10181511910797102,0.09744027166434646,0.23,1566133.0,1704377.0,377810.0,-0.19,0.54,0.01340350256026479,0.23506246939121225
2024,6658,聯策,481924.0,0.20516305475552163,0.04894132684821673,0.03963488018857745,0.47,328700.0,314993.0,327912.0,-0.27,1.02,-0.3195773607456778,0.39539862587151836
2024,6226,光鼎,162193.0,0.23946162904687626,-0.11155228647352229,-0.08018841750260493,-0.1,1166198.0,42484.0,155561.0,-0.14,-0.25,-0.04088955750248158,-0.10696460133804658
2024,6239,力成,19586480.0,0.1902090115222337,0.1315759135893739,0.11810126168663282,2.45,7591466.0,46492324.0,18302252.0,2.28,2.1,-0.06556706462825379,2.847301236555231
2024,4746,台耀,1214512.0,0.4304609588048533,0.13690519319693836,0.19418910640652376,2.36,1202560.0,2757553.0,1030886.0,0.19,-0.95,-0.1511932364604055,1.664672292002026
2024,1583,程泰,1245361.0,0.2495926883851349,0.0228929603544675,0.1602724029417976,1.52,1104004.0,3973160.0,1118375.0,1.53,2.44,-0.10196722074964604,1.6235869493229453
2024,3048,益登,24631676.0,0.033732661959340486,0.015056385119713332,-0.0005353675486800005,-0.05,2698298.0,1292826.0,30644289.0,-2.37,0.08,0.244100848029992,-0.06080113420745784
2024,3006,晶豪科,3579848.0,0.15661167736730722,0.00017430907680996511,0.0687934236313944,0.88,2861722.0,6870105.0,3412509.0,0.74,-0.57,-0.04674472212228009,0.8203388633939497
2024,6136,富爾特,121601.0,0.21147030040871376,-0.046496328155196096,-0.00810848594995107,-0.01,1155364.0,369385.0,116003.0,0.8,1.01,-0.04603580562659848,-0.008141232508994341
2024,1210,大成,24994943.0,0.14286149802382025,0.05734075888870801,0.04051075451542338,0.94,8947673.0,9845224.0,26148237.0,1.0,1.51,0.04614109342037698,1.1838662522849355
2024,3041,揚智,410004.0,0.3736841591789348,-0.04167276416815446,-0.12604023375381704,-0.26,1951227.0,-967493.0,428478.0,-0.93,-1.33,0.04505809699417562,-0.276776957670061
2024,3701,大眾控,3544996.0,0.12774288038688902,0.013519056156903984,0.023457854395322306,0.09,2347142.0,1150825.0,3443351.0,-0.1,0.88,-0.028672810914314173,0.34413608716467714
2024,1315,達新,558998.0,0.14159800213954254,-0.03547597665823491,0.10794671895069392,0.62,990990.0,7580337.0,509344.0,0.46,1.37,-0.08882679365579127,0.5548190558655712
2024,3653,健策,3401156.0,0.3884026489816992,0.2797939876912438,0.2508135469234578,6.03,1428927.0,3420650.0,3593006.0,5.38,5.41,0.05640729210891826,6.306652327076648
2024,1435,中福,3058.0,0.8394375408763898,-3.629496402877698,-2.34107259646828,-0.05,1397801.0,-143276.0,2971.0,-0.09,-0.24,-0.028449967298888157,-0.049759062156252996
2024,2884,玉山金,,,,,0.39,159958000.0,38413011.0,22461447.0,0.52,0.34,,
2024,2459,敦吉,1271741.0,0.2963889659922893,0.14267606375826525,0.12108283054489868,1.48,1055956.0,3929600.0,1330888.0,1.3,1.66,0.04650868376501194,1.5260833422816775
2024,1710,東聯,6496668.0,0.05118239072706193,0.002379373549641139,-0.004943918944295753,0.01,8857031.0,4058262.0,6534374.0,0.06,-0.17,0.005803898244453931,-0.036474316740805826
2024,1101,台泥,38968848.0,0.1913212830925872,0.11098803844547829,0.0900581408000565,0.25,77511817.0,66776398.0,40759371.0,0.42,0.18,0.04594754764113129,0.473568200889903
2024,6605,帝寶,5097758.0,0.3395747699282704,0.19428678254244316,0.15956308636070995,4.9,1658164.0,13608328.0,5058276.0,3.86,3.74,-0.007744973378493003,4.867516905591404
2024,2882,國泰金,,,,,2.06,162025102.0,541050587.0,95082015.0,2.12,1.83,,
2024,2419,仲琦,2438863.0,0.18375570911527217,0.029814302812417096,0.019162207963300933,0.02,3213172.0,320729.0,1960187.0,0.03,-0.08,-0.19627014719563995,0.11689853808311215
2024,6951,青新-創,157748.0,0.5533952886882877,0.3195603113827117,0.258209295838933,1.0,460000.0,119630.0,208488.0,1.68,,0.32165225549610765,1.1702943406710318
2024,2455,全新,875601.0,0.39625354470814905,0.23415573988608968,0.22935789246471852,1.09,1849059.0,1228680.0,805748.0,0.78,0.78,-0.07977720445728131,0.9994524952295304
2024,1457,宜進,750205.0,0.08657100392559366,0.055910051252657605,0.08627375184116341,0.25,3167300.0,1985340.0,923144.0,0.65,0.25,0.23052232389813443,0.25145422400675327
2024,2915,潤泰全,642456.0,0.3800322512358823,0.05875110513404809,6.000510540799681,3.65,11043188.0,93044945.0,704913.0,3.19,6.29,0.09721599611490905,3.8302688379901944
2024,1802,台玻,10975630.0,0.09362569620149368,-0.012864227383758382,-0.018346646160630416,-0.06,29080608.0,19986988.0,10125331.0,-0.37,0.11,-0.07747154377470811,-0.06387963591279183
2024,2009,第一銅,889088.0,0.0780327706593723,0.06049569896343219,0.05947780197235819,0.15,3596222.0,419598.0,796586.0,0.6,0.21,-0.10404144471638355,0.1317471067190872
2024,5234,達興材料,1028213.0,0.3723625357780927,0.14602130103392974,0.13979885490652227,1.4,1027159.0,1902276.0,1073460.0,1.3,1.62,0.044005473574055154,1.4610053437486834
2024,1721,三晃,607849.0,0.009436554144203578,-0.07161318024706793,-0.0661200396809076,-0.22,1848841.0,94774.0,648094.0,-0.11,-0.42,0.0662088775337295,-0.23177764338284432
2024,3034,聯詠,25231019.0,0.41140435112826795,0.21816134338450618,0.21356905957702302,8.86,6085115.0,47882089.0,27866327.0,8.64,10.46,0.10444714896374174,9.780234640193003
2024,9945,潤泰新,7426936.0,0.2778210287526377,0.19690704215035648,0.6365409638645062,1.55,28442251.0,81076615.0,8573945.0,1.3,2.05,0.15443905804493263,1.9188590995914014
2024,9940,信義,4285552.0,0.3181711480808073,0.20150193020642382,0.15973951546965245,0.92,7368465.0,6180649.0,2958101.0,0.55,0.47,-0.3097502958778706,0.6412809458283297
2024,2491,吉祥全,51252.0,0.26227269179739326,-0.6503551080933427,-0.25296573792242255,-0.05,820080.0,-60233.0,51104.0,-0.82,-0.13,-0.0028876921876219708,-0.15763780449209203
2024,2375,凱美,1451088.0,0.21518956810338175,0.11417570815829226,0.13374171656026373,1.78,1086753.0,3671231.0,1380374.0,0.96,1.28,-0.048731710275324414,1.698763088348111
2024,2363,矽統,50158.0,0.8504924438773476,-1.4707324853463057,-2.6012600183420393,-0.16,4872331.0,3772364.0,212754.0,1.04,-0.12,3.2416763028828903,-1.1358597639247872
2024,6928,攸泰科技,572715.0,0.21416585910967934,-0.08408894476310207,-0.06526282706057987,-0.49,860000.0,208897.0,448972.0,-0.35,,-0.2160638362885554,-0.3407114185004961
2024,6201,亞弘電,841015.0,0.2687288573925554,0.15467857291487072,0.1393768244323823,1.31,892000.0,1444099.0,925761.0,1.23,1.52,0.10076633591553064,1.4465204973469359
2024,5525,順天,1938969.0,0.24420246017342206,0.17315181418578637,0.1350253665736791,0.96,2972948.0,1727727.0,642596.0,0.34,2.47,-0.6685888222039651,0.29185428221004844
2024,1783,和康生,174017.0,0.6677278656682968,0.23201756150261182,0.3432595665940684,0.67,890701.0,242637.0,173941.0,0.56,0.41,-0.00043673893929907504,0.6703361989370041
2024,6691,洋基工程,3431213.0,0.20253245718059473,0.16750490278510835,0.13230918628485028,3.64,1057571.0,2151638.0,3767422.0,5.24,5.76,0.09798546461557467,4.713296215683327
2024,8110,華東,1904760.0,0.05022155022155022,-0.005642180642180642,0.011976311976311976,0.12,5177399.0,4214522.0,1968261.0,-0.08,0.04,0.03333805833805825,0.04552963329039888
2024,2701,萬企,79504.0,0.6495144898369893,0.5440480982088951,1.0111063594284564,0.18,4499678.0,2710631.0,76628.0,0.26,0.25,-0.036174280539343906,0.1721880056979272
2024,1304,台聚,13460094.0,0.08235336246537357,0.0036925447920348846,-0.04682723612479972,-0.23,11887635.0,10465515.0,12904185.0,-0.62,0.21,-0.04130052880759971,-0.5083158407817019
