year,symbol,name,q2_rev,q2_margin,q2_eps,capital,rev_m7,rev_m8,rev_m9,ly_q3_eps,target_eps,est_q3_rev_t1,est_q3_rev_t2,est_q3_rev_t3
2021,2897,王道銀行,,,0.14,30330063.0,836558.0,786414.0,733766.0,0.18,0.18,2509674.0,2434458.0,2356738.0
2021,2884,玉山金,,,0.4,125866000.0,5588087.0,5084919.0,4548690.0,0.34,0.38,16764261.0,16009509.0,15221696.0
2021,2062,橋椿,2387621.0,0.04252936290977504,0.63,1630142.0,1015858.0,900698.0,904141.0,0.11,0.86,3047574.0,2874834.0,2820697.0
2021,6655,科定,556711.0,0.19376840048068028,1.54,739685.0,196217.0,197376.0,198687.0,1.54,2.31,588651.0,590389.5,592280.0
2021,6108,競國,2317142.0,0.0474196229665683,0.68,1598993.0,836791.0,716871.0,772507.0,-0.39,0.32,2510373.0,2330493.0,2326169.0
2021,3305,昇貿,1823254.0,0.07987532181473343,1.2,1280122.0,641614.0,710965.0,806854.0,0.59,1.45,1924842.0,2028868.5,2159433.0
2021,1414,東和,197354.0,0.15980927673115317,0.14,2200000.0,66836.0,66782.0,64505.0,0.22,0.28,200508.0,200427.0,198123.0
2021,8341,日友,828031.0,0.2806658204825665,2.09,1115000.0,247931.0,289485.0,282980.0,2.22,1.97,743793.0,806124.0,820396.0
2021,1323,永裕,940270.0,0.10296723281610601,0.91,912745.0,313681.0,334429.0,344408.0,0.65,0.73,941043.0,972165.0,992518.0
2021,2613,中櫃,772802.0,0.0647669131291068,0.37,1484235.0,247604.0,275229.0,273886.0,0.25,0.45,742812.0,784249.5,796719.0
2021,1527,鑽全,1197599.0,0.08901393538237758,0.77,1385706.0,433095.0,383380.0,364062.0,0.83,0.81,1299285.0,1224712.5,1180537.0
2021,9917,中保科,3455009.0,0.18148259526965052,1.4,4511971.0,1121679.0,1127112.0,1167045.0,1.35,1.39,3365037.0,3373186.5,3415836.0
2021,4976,佳凌,437187.0,0.03144421037222058,0.12,1188070.0,118158.0,111096.0,140574.0,0.09,-0.15,354474.0,343881.0,369828.0
2021,1453,大將,114.0,-21.035087719298247,-0.03,1006151.0,38.0,38.0,38.0,0.29,-0.02,114.0,114.0,114.0
2021,2433,互盛電,973898.0,0.10162665905464432,0.67,1444960.0,324156.0,310923.0,320498.0,1.86,1.82,972468.0,952618.5,955577.0
2021,2505,國揚,2275521.0,0.23375877436420056,1.4,3800000.0,134158.0,298808.0,50369.0,0.31,-0.07,402474.0,649449.0,483335.0
2021,3416,融程電,611139.0,0.1573406377272601,1.33,724760.0,189294.0,240233.0,253482.0,1.05,1.54,567882.0,644290.5,683009.0
2021,4968,立積,1734916.0,0.14505659063608844,3.98,631921.0,403351.0,340232.0,282391.0,4.93,-1.97,1210053.0,1115374.5,1025974.0
2021,2104,國際中橡,5882664.0,0.05763222240807906,0.31,9847336.0,1867376.0,2190096.0,1610438.0,0.51,0.66,5602128.0,6086208.0,5667910.0
2021,1736,喬山,6551785.0,0.0012248570427753657,0.01,3036166.0,2043439.0,2275977.0,2889358.0,1.49,-1.67,6130317.0,6479124.0,7208774.0
2021,1733,五鼎,484485.0,0.04649885961381673,0.23,999502.0,172367.0,169558.0,167544.0,0.23,0.64,517101.0,512887.5,509469.0
2021,2702,華園,165900.0,-0.3213381555153707,-0.49,1104856.0,93109.0,83711.0,75870.0,-0.4,-0.33,279327.0,265230.0,252690.0
2021,2905,三商,,,0.79,9093510.0,10997098.0,17187512.0,9270101.0,-0.43,-0.25,32991294.0,42276915.0,37454711.0
2021,2338,光罩,1492111.0,-0.071694398070921,-0.1,2527136.0,514829.0,538507.0,557073.0,1.32,2.87,1544487.0,1580004.0,1610409.0
2021,3094,聯傑,73558.0,0.18800130509258,0.17,846321.0,25652.0,26815.0,24555.0,0.07,0.25,76956.0,78700.5,77022.0
2021,2836,高雄銀,,,0.21,12034444.0,331499.0,353014.0,298937.0,0.17,0.19,994497.0,1026769.5,983450.0
2021,2832,台產,1886535.0,-0.12911448767184283,-0.67,3622004.0,737931.0,647465.0,614490.0,0.61,0.43,2213793.0,2078094.0,1999886.0
2021,2377,微星,46322238.0,0.0950092696298482,5.2,8448562.0,14524825.0,18478966.0,19203131.0,3.09,5.29,43574475.0,49505686.5,52206922.0
2021,4566,時碩工業,1035124.0,0.0199608935741032,0.28,718238.0,370411.0,394438.0,365227.0,0.37,1.08,1111233.0,1147273.5,1130076.0
2021,3024,憶聲,347163.0,0.48807044529514954,0.62,2771575.0,148827.0,102619.0,160024.0,0.16,0.08,446481.0,377169.0,411470.0
2021,3018,隆銘綠能,534104.0,-0.0049316238036037924,-0.01,731471.0,101433.0,85174.0,143760.0,-0.42,-0.74,304299.0,279910.5,330367.0
2021,1526,日馳,484406.0,0.15504968972308353,1.25,600000.0,159132.0,173495.0,148024.0,0.83,1.07,477396.0,498940.5,480651.0
2021,2344,華邦電,25234159.0,0.14977804491126492,0.84,39800002.0,9089871.0,8816083.0,9108776.0,0.08,1.12,27269613.0,26858931.0,27014730.0
2021,6139,亞翔,5924276.0,0.016621946715514268,0.33,2255409.0,1793458.0,1671909.0,1714857.0,0.48,0.17,5380374.0,5198050.5,5180224.0
2021,6155,鈞寶,207675.0,0.030812567713976165,0.07,869204.0,71328.0,64930.0,67613.0,0.1,0.32,213984.0,204387.0,203871.0
2021,2607,榮運,1729027.0,0.12987824944318394,0.21,10671411.0,596925.0,571705.0,532300.0,0.17,0.3,1790775.0,1752945.0,1700930.0
2021,3040,遠見,43096.0,0.9696259513643958,0.66,630000.0,13595.0,13708.0,15778.0,2.5,0.48,40785.0,40954.5,43081.0
2021,1456,怡華,845201.0,0.2518880124372782,2.27,937200.0,429328.0,226029.0,68833.0,-0.13,0.01,1287984.0,983035.5,724190.0
2021,2455,全新,896062.0,0.2530829339934067,1.22,1849059.0,290471.0,315199.0,341730.0,0.61,1.15,871413.0,908505.0,947400.0
2021,1109,信大,1885382.0,0.12519690969787556,0.47,3419579.0,492134.0,591358.0,376885.0,0.79,0.31,1476402.0,1625238.0,1460377.0
2021,1517,利奇,1219403.0,0.08764780798472695,0.49,2278250.0,426869.0,443970.0,369236.0,0.32,0.5,1280607.0,1306258.5,1240075.0
2021,1720,生達,1149060.0,0.17039406123265974,0.93,1786961.0,358516.0,379426.0,382901.0,0.64,0.89,1075548.0,1106913.0,1120843.0
2021,5608,四維航,1217494.0,0.38487499733058234,1.78,2792671.0,489399.0,540308.0,625229.0,-0.33,3.01,1468197.0,1544560.5,1654936.0
2021,1339,昭輝,464729.0,-0.010242528441306653,-0.05,741389.0,159753.0,168902.0,132849.0,0.52,0.32,479259.0,492982.5,461504.0
2021,2606,裕民,3371534.0,0.3061813999206296,1.22,8450557.0,1384918.0,1264382.0,1459377.0,0.88,2.1,4154754.0,3973950.0,4108677.0
2021,2364,倫飛,235862.0,0.0375388998651754,0.05,1959324.0,74986.0,77875.0,90343.0,0.14,0.8,224958.0,229291.5,243204.0
2021,1718,中纖,,,-0.09,16213672.0,2880141.0,2735907.0,2660048.0,1.94,0.06,8640423.0,8424072.0,8276096.0
2021,2536,宏普,53262.0,-0.8770793436220945,-0.14,3328087.0,14679.0,14277.0,22220.0,0.4,-0.08,44037.0,43434.0,51176.0
2021,3607,谷崧,954016.0,-0.12234910106329454,-0.91,1216622.0,270560.0,284646.0,360255.0,-0.67,0.12,811680.0,832809.0,915461.0
2021,2495,普安,311235.0,0.010387649203977702,0.02,2735515.0,78501.0,100707.0,98023.0,0.03,0.09,235503.0,268812.0,277231.0
2021,3653,健策,2169327.0,0.12168520467407634,2.13,1222194.0,783509.0,765410.0,773555.0,1.58,3.21,2350527.0,2323378.5,2322474.0
2021,2431,聯昌,385331.0,-0.06493118902969136,-0.22,1109270.0,103085.0,113768.0,104581.0,0.33,-0.19,309255.0,325279.5,321434.0
2021,2496,卓越,152502.0,0.05686482800225571,0.47,191854.0,54171.0,62106.0,58082.0,1.65,1.23,162513.0,174415.5,174359.0
2021,1603,華電,463147.0,0.10785344609810708,0.31,1916880.0,143362.0,174638.0,359057.0,1.55,0.64,430086.0,477000.0,677057.0
2021,6177,達麗,2641863.0,0.14478570614751787,0.99,3803045.0,526688.0,377233.0,2149093.0,0.0,0.93,1580064.0,1355881.5,3053014.0
2021,3617,碩天,2113437.0,0.018116934642480473,0.42,809510.0,813590.0,822709.0,635588.0,2.9,0.62,2440770.0,2454448.5,2271887.0
2021,2731,雄獅,380628.0,-0.18778439841525058,-0.88,730152.0,60534.0,101612.0,83375.0,-2.43,-2.19,181602.0,243219.0,245521.0
2021,6235,華孚,662700.0,0.0465489663497812,0.18,1708997.0,224291.0,208783.0,225809.0,0.06,0.1,672873.0,649611.0,658883.0
2021,3311,閎暉,406684.0,0.03356906099084302,0.2,680000.0,142058.0,152255.0,158786.0,0.22,0.2,426174.0,441469.5,453099.0
2021,1402,遠東新,58493983.0,0.07790572237147879,0.71,53528751.0,19058851.0,19327770.0,20059024.0,0.6,0.45,57176553.0,57579931.5,58445645.0
2021,1806,冠軍,824089.0,-0.01951852287799012,-0.04,4337821.0,304242.0,304326.0,291124.0,0.05,2.62,912726.0,912852.0,899692.0
2021,1702,南僑,4926650.0,0.05587123095815615,1.04,2941330.0,1492597.0,1662626.0,1757618.0,1.35,1.03,4477791.0,4732834.5,4912841.0
2021,6446,藥華藥,86762.0,-6.231737396556096,-2.08,2635393.0,33618.0,30766.0,27678.0,-2.53,-2.7,100854.0,96576.0,92062.0
2021,2373,震旦行,3395111.0,0.10859055860029318,1.49,2362025.0,1167614.0,1078680.0,1129244.0,2.21,1.78,3502842.0,3369441.0,3375538.0
2021,6226,光鼎,238000.0,0.05480252100840336,0.15,1149518.0,79770.0,71152.0,116441.0,-0.06,0.08,239310.0,226383.0,267363.0
2021,3437,榮創,992209.0,0.03256874307731537,0.22,1445480.0,301957.0,300291.0,315526.0,0.39,-0.1,905871.0,903372.0,917774.0
2021,8422,可寧衛*,593990.0,0.44399905722318556,2.43,1088880.0,222122.0,263766.0,276644.0,3.01,2.58,666366.0,728832.0,762532.0
2021,6142,友勁,624547.0,-0.2698275710234778,-0.51,3307792.0,211041.0,171532.0,152567.0,-0.31,-0.65,633123.0,573859.5,535140.0
2021,1722,台肥,2610836.0,0.2912178321426547,0.78,9800000.0,901496.0,996228.0,1171517.0,0.51,0.8,2704488.0,2846586.0,3069241.0
2021,2014,中鴻,13397363.0,0.17024439809535652,1.59,14355444.0,5201624.0,5341704.0,5091940.0,0.17,1.02,15604872.0,15814992.0,15635268.0
2021,8473,山林水,867754.0,0.0009691686814465851,-0.21,1348123.0,268317.0,239911.0,305603.0,0.19,0.35,804951.0,762342.0,813831.0
2021,3704,合勤控,6084387.0,0.060349875837943906,0.83,4485238.0,1881295.0,2175800.0,2267408.0,0.88,0.98,5643885.0,6085642.5,6324503.0
2021,1708,東鹼,1147618.0,0.11363275933280935,0.57,2284419.0,390366.0,403997.0,426915.0,0.24,0.52,1171098.0,1191544.5,1221278.0
2021,6589,台康生技,372415.0,-0.39660056657223797,-0.63,2436287.0,403866.0,173837.0,78908.0,-0.19,1.54,1211598.0,866554.5,656611.0
2021,2727,王品,3673251.0,-0.06403210670874383,-2.78,769879.0,1038113.0,1412361.0,1296139.0,3.64,-1.45,3114339.0,3675711.0,3746613.0
2021,2497,怡利電,530331.0,-0.018267836502109062,-0.09,1187985.0,191381.0,180444.0,201207.0,-0.02,0.07,574143.0,557737.5,573032.0
2021,2020,美亞,1669210.0,0.10404442820256289,0.78,2225261.0,617158.0,595807.0,656789.0,0.75,0.87,1851474.0,1819447.5,1869754.0
2021,6625,必應,84822.0,-0.8440381033222513,-1.6,448734.0,5772.0,43987.0,38474.0,0.56,-0.92,17316.0,74638.5,88233.0
2021,2006,東和鋼鐵,14935680.0,0.10077351684021083,1.37,10898714.0,4932499.0,4606354.0,4669117.0,0.79,1.31,14797497.0,14308279.5,14207970.0
2021,2450,神腦,6615724.0,0.016342126727173018,0.42,2582527.0,2367247.0,2384301.0,2616877.0,0.51,0.61,7101741.0,7127322.0,7368425.0
2021,2528,皇普,464108.0,0.12393451524214191,0.18,3299974.0,136494.0,24601.0,14997.0,-0.31,0.05,409482.0,241642.5,176092.0
2021,2434,統懋,40624.0,-0.10400256006301693,-0.14,370000.0,13151.0,14297.0,10851.0,-2.26,-0.33,39453.0,41172.0,38299.0
2021,2013,中鋼構,3500605.0,0.02510137533369232,0.44,2000000.0,1492706.0,1404325.0,1308938.0,0.55,0.63,4478118.0,4345546.5,4205969.0
2021,2402,毅嘉,1646829.0,0.02993814172570437,0.17,3075366.0,558712.0,545468.0,505797.0,0.24,0.27,1676136.0,1656270.0,1609977.0
2021,2206,三陽工業,10164154.0,0.04830269198990885,0.54,8030776.0,3757907.0,3215574.0,3385131.0,0.92,0.54,11273721.0,10460221.5,10358612.0
2021,1560,中砂,1487769.0,0.09930506684841531,0.98,1415430.0,517447.0,512863.0,508701.0,0.9,1.13,1552341.0,1545465.0,1539011.0
2021,2421,建準,3326557.0,0.02234262031283396,0.3,2509297.0,1101756.0,1265784.0,1113603.0,0.93,0.35,3305268.0,3551310.0,3481143.0
2021,4164,承業醫,442987.0,0.16654213329059317,0.47,1572934.0,131802.0,145042.0,202122.0,1.09,0.43,395406.0,415266.0,478966.0
2021,3605,宏致,2774620.0,0.06468921870382251,1.47,1223959.0,930648.0,967608.0,906925.0,0.96,1.06,2791944.0,2847384.0,2805181.0
2021,2313,華通,12356977.0,0.04980489969350918,0.52,11918206.0,5358180.0,5812051.0,6382692.0,1.21,1.31,16074540.0,16755346.5,17552923.0
2021,6202,盛群,1670080.0,0.31024561697643227,2.26,2261682.0,622585.0,715735.0,781287.0,1.27,3.17,1867755.0,2007480.0,2119607.0
2021,2520,冠德,9437595.0,0.16705325880163324,2.76,5037910.0,2311124.0,996142.0,1238066.0,0.83,0.68,6933372.0,4960899.0,4545332.0
2021,1583,程泰,1757370.0,0.1337083255091415,1.78,1104004.0,569259.0,561792.0,581312.0,0.09,-0.31,1707777.0,1696576.5,1712363.0
2021,8249,菱光,1174668.0,-0.010696639390874698,-0.09,1270550.0,423434.0,384333.0,298759.0,0.72,1.23,1270302.0,1211650.5,1106526.0
2021,1504,東元,13486642.0,0.11706702083439302,0.68,21387966.0,4251967.0,4386806.0,4413724.0,0.42,0.75,12755901.0,12958159.5,13052497.0
2021,4562,穎漢,207874.0,-0.2285134264025323,-0.7,675460.0,78704.0,79112.0,79711.0,-0.42,-0.36,236112.0,236724.0,237527.0
2021,3257,虹冠電,335327.0,0.29779290066114567,1.38,727390.0,127619.0,130984.0,120418.0,1.02,1.49,382857.0,387904.5,379021.0
2021,3035,智原,1687852.0,0.1142849017567891,0.73,2485503.0,646536.0,731378.0,839908.0,0.25,1.31,1939608.0,2066871.0,2217822.0
2021,9927,泰銘,2413898.0,0.07404455366382506,0.86,2091482.0,791022.0,661035.0,639194.0,0.94,1.08,2373066.0,2178085.5,2091251.0
2021,4967,十銓,1955111.0,0.0741804429518324,1.7,913697.0,518791.0,538421.0,721279.0,-1.09,-2.6,1556373.0,1585818.0,1778491.0
2021,1529,樂事綠能,128198.0,0.408953337805582,0.54,959680.0,14822.0,35320.0,56280.0,0.41,0.39,44466.0,75213.0,106422.0
2021,2032,新鋼,876012.0,0.07118738099478089,0.47,1305215.0,314654.0,260502.0,293255.0,0.24,0.44,943962.0,862734.0,868411.0
2021,3058,立德,1188126.0,-0.1149381462908816,-0.87,1619374.0,418502.0,431714.0,454928.0,-0.14,-0.34,1255506.0,1275324.0,1305144.0
2021,5283,禾聯碩,1829641.0,0.15093015515065525,3.78,730004.0,677277.0,611845.0,420727.0,4.88,3.18,2031831.0,1933683.0,1709849.0
2021,3543,州巧,815522.0,0.03493958470770868,0.33,892631.0,301059.0,339867.0,318762.0,-4.98,0.27,903177.0,961389.0,959688.0
2021,2201,裕隆,17911454.0,0.09468081150754148,0.96,10000000.0,6404891.0,6219970.0,6762173.0,1.04,1.14,19214673.0,18937291.5,19387034.0
2021,1726,永記,2174720.0,0.09372976751030018,1.26,1620000.0,717208.0,727220.0,733270.0,1.39,1.36,2151624.0,2166642.0,2177698.0
2021,1907,永豐餘,22550442.0,0.1201859369319679,1.02,16603715.0,6959305.0,5862959.0,6964142.0,1.33,0.78,20877915.0,19233396.0,19786406.0
2021,3036,文曄,102096389.0,0.019570574626297507,2.53,9266280.0,36346555.0,40457022.0,42301092.0,1.51,2.85,109039665.0,115205365.5,119104669.0
2021,2028,威致,3225944.0,0.1304362381988032,1.29,3257148.0,1377514.0,1089613.0,1060973.0,0.61,1.51,4132542.0,3700690.5,3528100.0
2021,6277,宏正,1220718.0,0.10888427957972276,1.09,1194711.0,393092.0,449460.0,427943.0,1.37,1.21,1179276.0,1263828.0,1270495.0
2021,1538,正峰,71605.0,-0.18585294323022136,-0.5,264105.0,20779.0,16692.0,23229.0,0.54,-0.67,62337.0,56206.5,60700.0
2021,6117,迎廣,579592.0,-0.04162755869646234,-0.23,886500.0,200415.0,184004.0,245178.0,-0.15,0.13,601245.0,576628.5,629597.0
2021,3712,永崴投控,1710322.0,0.01727744834013712,0.12,2462421.0,680704.0,732745.0,939978.0,-0.04,0.43,2042112.0,2120173.5,2353427.0
2021,2901,欣欣,17767.0,-0.1960938819159115,-0.05,730433.0,4808.0,6422.0,7680.0,0.06,-0.02,14424.0,16845.0,18910.0
2021,2308,台達電,78769884.0,0.10236751142098927,2.93,25975433.0,26377260.0,25923957.0,27344955.0,3.23,2.45,79131780.0,78451825.5,79646172.0
2021,9934,成霖,4866317.0,0.01619068383748942,0.22,3581640.0,1659018.0,1554146.0,1672492.0,0.48,0.01,4977054.0,4819746.0,4885656.0
2021,2739,寒舍,414060.0,-0.627843790754963,-2.33,1115260.0,71974.0,103652.0,144543.0,-0.27,-2.18,215922.0,263439.0,320169.0
2021,1522,堤維西,4177428.0,-0.00037223861189229356,-0.04,3128979.0,1371797.0,1324818.0,1436901.0,0.28,0.02,4115391.0,4044922.5,4133516.0
2021,1618,合機,753052.0,0.07221148074767746,0.23,2408647.0,153537.0,143424.0,170373.0,0.63,0.2,460611.0,445441.5,467334.0
2021,2498,宏達電,1349180.0,-0.4191130909144814,-0.67,8189294.0,373804.0,366303.0,600857.0,-1.7,-0.94,1121412.0,1110160.5,1340964.0
2021,5515,建國,1435637.0,0.07024129358605274,0.39,2574401.0,390107.0,377283.0,528469.0,0.37,0.51,1170321.0,1151085.0,1295859.0
2021,1305,華夏,4575908.0,0.12965383045288498,0.87,5810505.0,1830303.0,1751859.0,1963157.0,0.65,0.86,5490909.0,5373243.0,5545319.0
2021,1233,天仁,376516.0,-0.04061978773810409,-0.17,905919.0,128786.0,137571.0,163902.0,0.27,0.22,386358.0,399535.5,430259.0
2021,1308,亞聚,2335675.0,0.3951114774101705,1.59,5821018.0,821270.0,788485.0,853180.0,0.33,1.1,2463810.0,2414632.5,2462935.0
2021,6533,晶心科,207370.0,0.2898731735545161,1.41,426509.0,56370.0,89247.0,46610.0,-0.69,0.99,169110.0,218425.5,192227.0
2021,1455,集盛,2743880.0,0.19768320772045425,1.02,5316884.0,1007763.0,987059.0,995373.0,0.05,-0.16,3023289.0,2992233.0,2990195.0
2021,2368,金像電,6377010.0,0.1137733828236117,1.34,5464879.0,2318359.0,2444041.0,2305843.0,1.06,1.46,6955077.0,7143600.0,7068243.0
2021,2380,虹光,901825.0,0.039206054389709755,0.2,1794441.0,260198.0,205634.0,180988.0,-0.46,-0.29,780594.0,698748.0,646820.0
2021,2405,輔信,438640.0,0.007625843516323181,0.0,3434273.0,153578.0,141691.0,192446.0,0.02,0.05,460734.0,442903.5,487715.0
2021,1709,和益,2464805.0,0.1136775525852958,0.59,4770163.0,619917.0,785104.0,813711.0,0.38,0.59,1859751.0,2107531.5,2218732.0
2021,1301,台塑,71652909.0,0.28234305183617875,3.18,63657408.0,22344061.0,23158607.0,21433730.0,1.63,3.03,67032183.0,68254002.0,66936398.0
2021,2417,圓剛,1282959.0,0.10450139092519714,0.22,1928923.0,405952.0,386044.0,345670.0,4.0,-0.29,1217856.0,1187994.0,1137666.0
2021,1307,三芳,1994103.0,0.027483033724937978,0.14,3978181.0,621285.0,513232.0,550855.0,0.25,-0.41,1863855.0,1701775.5,1685372.0
2021,2374,佳能,700088.0,1.1425349384648786,2.8,2823628.0,297492.0,414252.0,343103.0,-0.33,0.09,892476.0,1067616.0,1054847.0
2021,3014,聯陽,1830625.0,0.25399685899624447,2.88,1610801.0,705951.0,704560.0,710051.0,2.06,3.46,2117853.0,2115766.5,2120562.0
2021,2460,建通,1267006.0,0.07098545705387346,0.55,1692000.0,387464.0,350556.0,310820.0,0.07,0.39,1162392.0,1107030.0,1048840.0
2021,6024,群益期,652498.0,0.19425040383265543,0.6,2104376.0,238238.0,191696.0,177120.0,0.82,0.51,714714.0,644901.0,607054.0
2021,8464,億豐,7424593.0,0.17462142369285427,4.18,2930202.0,2396907.0,2479778.0,2632539.0,5.04,4.7,7190721.0,7315027.5,7509224.0
2021,2484,希華,824177.0,0.1114093210560353,0.58,1594210.0,298938.0,309109.0,282653.0,0.37,0.78,896814.0,912070.5,890700.0
2021,2404,漢唐,5990549.0,0.09400357129204685,2.92,1905867.0,2113393.0,2140297.0,2019948.0,6.76,3.5,6340179.0,6380535.0,6273638.0
2021,2390,云辰,163468.0,-0.5889348373993687,-0.45,2140216.0,41789.0,47080.0,51994.0,-0.38,0.52,125367.0,133303.5,140863.0
2021,2330,台積電,372145122.0,0.36136901453191694,5.18,259303805.0,124557799.0,137427162.0,152685418.0,5.3,6.02,373673397.0,392977441.5,414670379.0
2021,1808,潤隆,2139083.0,0.14017268147145295,0.81,3699966.0,1129769.0,374877.0,395448.0,0.37,0.68,3389307.0,2256969.0,1900094.0
2021,1436,華友聯,1421457.0,0.2425933390879921,3.61,956340.0,374053.0,119757.0,88834.0,1.8,0.91,1122159.0,740715.0,582644.0
2021,2369,菱生,1994342.0,0.10145802475202348,0.51,3801023.0,699171.0,713962.0,647968.0,-0.01,0.79,2097513.0,2119699.5,2061101.0
2021,2615,萬海,48016871.0,0.39557740028499566,8.57,24401273.0,20300252.0,24663059.0,25764019.0,0.81,13.18,60900756.0,67444966.5,70727330.0
2021,1440,南紡,5310445.0,0.19244187633993007,0.61,16568159.0,1721379.0,1414727.0,1233678.0,0.19,0.27,5164137.0,4704159.0,4369784.0
2021,3596,智易,9548362.0,0.03986118247297285,1.85,2084245.0,3020532.0,3101338.0,3359418.0,2.8,2.35,9061596.0,9182805.0,9481288.0
2021,4536,拓凱,1822619.0,0.10392407848266698,1.99,908200.0,659131.0,809690.0,880195.0,2.39,1.81,1977393.0,2203231.5,2349016.0
2021,6216,居易,214328.0,0.16281587100145573,0.4,870856.0,79014.0,66900.0,91085.0,0.35,0.4,237042.0,218871.0,236999.0
2021,1735,日勝化,870429.0,0.012740843882729091,0.11,993880.0,303074.0,244920.0,229668.0,0.34,-0.03,909222.0,821991.0,777662.0
2021,4919,新唐,10614689.0,0.08848050093601423,2.37,4100428.0,3491742.0,3252233.0,3636179.0,0.41,1.56,10475226.0,10115962.5,10380154.0
2021,1445,大宇,291422.0,0.002254462600627269,0.01,1306660.0,107528.0,102038.0,114512.0,-0.1,-0.08,322584.0,314349.0,324078.0
2021,2504,國產,5484857.0,0.14470951567196738,0.65,11800000.0,1710816.0,1710963.0,1854854.0,0.56,0.65,5132448.0,5132668.5,5276633.0
2021,1515,力山,4985046.0,0.047400966811539956,1.29,1814735.0,1249931.0,1641095.0,1365823.0,1.39,1.37,3749793.0,4336539.0,4256849.0
2021,5533,皇鼎,922412.0,0.21291895595460597,0.69,2852450.0,42785.0,738145.0,229305.0,0.14,0.38,128355.0,1171395.0,1010235.0
2021,2415,錩新,743384.0,0.14876564467354692,1.11,800000.0,222864.0,80630.0,110357.0,0.13,0.33,668592.0,455241.0,413851.0
2021,2009,第一銅,802297.0,0.1003892573448486,0.22,3596222.0,276739.0,275002.0,292401.0,0.43,0.56,830217.0,827611.5,844142.0
2021,2449,京元電子,7597326.0,0.11386901128107442,0.7,12227451.0,2957152.0,3044565.0,2995305.0,0.79,1.25,8871456.0,9002575.5,8997022.0
2021,6005,群益證,3460917.0,0.3802159947782625,0.58,21709081.0,1464586.0,1054617.0,820492.0,0.71,0.59,4393758.0,3778804.5,3339695.0
2021,1220,台榮,789944.0,0.07826250974752641,0.32,1770779.0,258235.0,265446.0,267658.0,0.31,0.16,774705.0,785521.5,791339.0
2021,5234,達興材料,1091047.0,0.147550930436544,1.56,1027159.0,392543.0,398002.0,389544.0,1.53,1.85,1177629.0,1185817.5,1180089.0
2021,3051,力特,915633.0,0.11353020260300797,0.32,3253324.0,317833.0,262526.0,207168.0,0.04,0.27,953499.0,870538.5,787527.0
2021,6183,關貿,485014.0,0.1985509696627314,0.65,1500000.0,146138.0,171008.0,188934.0,0.88,0.61,438414.0,475719.0,506080.0
2021,4532,瑞智,6281919.0,0.03141428598490366,0.41,5049151.0,1996792.0,1540420.0,1633481.0,0.43,0.37,5990376.0,5305818.0,5170693.0
2021,6112,邁達特,2748667.0,0.033064390848363955,0.48,1883573.0,1076531.0,1013534.0,1074780.0,0.73,0.71,3229593.0,3135097.5,3164845.0
2021,2376,技嘉,31787258.0,0.10340482969622608,5.17,6356889.0,8217667.0,10340451.0,12747208.0,2.24,5.67,24653001.0,27837177.0,31305326.0
2021,6281,全國電,5956643.0,0.030476562050134614,1.83,991729.0,2144064.0,1720535.0,1452498.0,2.02,1.5,6432192.0,5796898.5,5317097.0
2021,1725,元禎,2878608.0,0.018068802699082336,0.28,1818300.0,936501.0,846697.0,929067.0,0.59,0.77,2809503.0,2674797.0,2712265.0
2021,8926,台汽電,1277142.0,0.19225661672703584,0.41,5890486.0,250799.0,424823.0,753043.0,0.4,0.25,752397.0,1013433.0,1428665.0
2021,9904,寶成,64897672.0,0.08208548682609139,1.25,29467872.0,17125661.0,13434610.0,15073332.0,1.14,0.87,51376983.0,45840406.5,45633603.0
2021,9911,櫻花,1694029.0,0.12182849290065283,0.94,2211212.0,562427.0,523253.0,579661.0,1.05,1.03,1687281.0,1628520.0,1665341.0
2021,1467,南緯,1500819.0,-0.024283407925939103,-0.15,2336247.0,558338.0,522945.0,553732.0,1.92,-0.05,1675014.0,1621924.5,1635015.0
2021,2601,益航,1656082.0,0.02341128035930588,0.06,7903720.0,488347.0,492417.0,617893.0,0.01,0.1,1465041.0,1471146.0,1598657.0
2021,2616,山隆,4592114.0,0.015229151541098501,0.49,1372818.0,1649133.0,1587744.0,1536651.0,1.27,1.48,4947399.0,4855315.5,4773528.0
2021,6164,華興,238934.0,0.0340679853013803,0.08,1000002.0,85627.0,80146.0,87176.0,-0.11,0.12,256881.0,248659.5,252949.0
2021,3545,敦泰,5772267.0,0.363650884479183,10.46,2163561.0,2019215.0,2135950.0,2117257.0,1.02,9.03,6057645.0,6232747.5,6272422.0
2021,3062,建漢,949420.0,0.011869351814792189,0.03,3286054.0,258336.0,300929.0,353157.0,-0.02,0.17,775008.0,838897.5,912422.0
2021,2539,櫻花建,980.0,-47.31938775510204,-0.08,5602713.0,190.0,190.0,1985169.0,0.05,0.68,570.0,570.0,1985549.0
2021,9908,大台北,754167.0,0.2337426591192667,0.35,5163580.0,204044.0,245630.0,224354.0,0.7,0.54,612132.0,674511.0,674028.0
2021,5388,中磊,10004162.0,0.016626080225410185,0.66,2517748.0,3648827.0,3878588.0,3579223.0,1.12,0.73,10946481.0,11291122.5,11106638.0
2021,2509,全坤建,184750.0,0.06973748308525034,0.06,2245505.0,56870.0,35115.0,34467.0,0.13,-0.05,170610.0,137977.5,126452.0
2021,2543,皇昌,1987579.0,0.008933984510804351,0.06,2419837.0,742951.0,754119.0,682361.0,0.05,0.11,2228853.0,2245605.0,2179431.0
2021,1216,統一,117335856.0,0.06428114352359605,0.95,56820154.0,41852623.0,41942340.0,41123727.0,1.26,1.0,125557869.0,125692444.5,124918690.0
2021,2722,夏都,100862.0,-0.28503301540719,-0.24,1115229.0,9488.0,52068.0,54567.0,0.75,0.04,28464.0,92334.0,116123.0
2021,2360,致茂,4445386.0,0.11448679597227328,1.14,4216315.0,1410514.0,1418059.0,1447171.0,1.39,1.89,4231542.0,4242859.5,4275744.0
2021,2428,興勤,1960452.0,0.22395906658260442,3.39,1281127.0,648222.0,620597.0,646093.0,3.27,2.94,1944666.0,1903228.5,1914912.0
2021,2425,承啟,1553955.0,-0.007045892577326885,-0.31,1014988.0,538355.0,572013.0,655699.0,0.48,0.39,1615065.0,1665552.0,1766067.0
2021,1466,聚隆,910132.0,0.061549313725921075,0.5,1111573.0,342004.0,333540.0,308329.0,0.48,0.41,1026012.0,1013316.0,983873.0
2021,2355,敬鵬,4381593.0,0.02028531632216867,0.23,3974954.0,1600679.0,1572073.0,1684864.0,0.06,0.8,4802037.0,4759128.0,4857616.0
2021,3048,益登,23395117.0,0.01014109055321245,1.07,2225726.0,8417689.0,9956545.0,10982199.0,1.03,1.01,25253067.0,27561351.0,29356433.0
2021,3432,台端,12802.0,0.26730198406498984,0.05,665860.0,2268.0,4331.0,2015.0,0.04,0.26,6804.0,9898.5,8614.0
2021,2388,威盛,1617772.0,-0.24300086786024236,-0.99,4943959.0,644246.0,581592.0,650115.0,-0.08,-0.7,1932738.0,1838757.0,1875953.0
2021,3029,零壹,2672217.0,0.04360648854490485,0.93,1264182.0,925685.0,1740407.0,1606262.0,0.93,1.43,2777055.0,3999138.0,4272354.0
2021,3045,台灣大,38421194.0,0.0868126066045735,1.01,35124215.0,12581487.0,12590601.0,12217554.0,1.01,1.0,37744461.0,37758132.0,37389642.0
2021,2034,允強,4430592.0,0.06931963042410585,0.71,4371500.0,1868463.0,1627102.0,1809602.0,0.46,0.73,5605389.0,5243347.5,5305167.0
2021,6201,亞弘電,903803.0,0.05838661743764958,0.59,892000.0,372846.0,328339.0,364624.0,1.42,1.26,1118538.0,1051777.5,1065809.0
2021,2617,台航,809615.0,0.3235463769816518,0.63,4172945.0,293374.0,288747.0,277292.0,0.17,1.16,880122.0,873181.5,859413.0
2021,3004,豐達科,311106.0,-0.14263305754308822,-0.84,526472.0,107263.0,118411.0,132902.0,-0.23,-0.62,321789.0,338511.0,358576.0
2021,6449,鈺邦,710165.0,0.10445037420881063,0.84,889535.0,238370.0,239362.0,244759.0,1.06,0.97,715110.0,716598.0,722491.0
2021,4739,康普,1824815.0,0.06705282453289786,1.14,1030293.0,607178.0,616595.0,660216.0,0.77,1.42,1821534.0,1835659.5,1883989.0
2021,2633,台灣高鐵,6101721.0,0.08084342106104163,0.09,56282930.0,840306.0,1621143.0,2146949.0,0.3,0.15,2520918.0,3692173.5,4608398.0
2021,1203,味王,1471991.0,0.11769297502498317,0.53,2400000.0,494155.0,540451.0,504898.0,0.56,0.44,1482465.0,1551909.0,1539504.0
2021,1568,倉佑,430615.0,-0.01529208225445003,-0.06,1030865.0,149174.0,161997.0,143121.0,0.21,0.1,447522.0,466756.5,454292.0
2021,2324,仁寶,260994034.0,0.010423084996647854,0.57,44071466.0,107988216.0,102386413.0,126488573.0,0.51,1.0,323964648.0,315561943.5,336863202.0
2021,5880,合庫金,,,0.39,133342237.0,5378780.0,5433338.0,4258318.0,0.32,0.44,16136340.0,16218177.0,15070436.0
2021,8072,陞泰,360802.0,0.02340064633788061,0.04,800000.0,127034.0,112540.0,114882.0,0.13,0.2,381102.0,359361.0,354456.0
2021,2838,聯邦銀,,,0.42,32933688.0,1450805.0,1518081.0,1253448.0,0.35,0.21,4352415.0,4453329.0,4222334.0
2021,2316,楠梓電,1253570.0,0.08742870362245427,0.6,1827405.0,455620.0,459693.0,549586.0,0.6,0.96,1366860.0,1372969.5,1464899.0
2021,3413,京鼎,3006062.0,0.13586978578618805,4.58,876922.0,1005223.0,1079572.0,1096825.0,4.03,4.88,3015669.0,3127192.5,3181620.0
2021,9918,欣天然,426371.0,0.19653541164854083,0.47,1805375.0,104273.0,122779.0,117913.0,0.27,0.06,312819.0,340578.0,344965.0
2021,1760,寶齡富錦,533209.0,0.1393956216042865,0.97,767391.0,170936.0,217592.0,140839.0,-0.04,0.77,512808.0,582792.0,529367.0
2021,2820,華票,,,0.34,13429600.0,275963.0,218850.0,204315.0,0.34,0.34,827889.0,742219.5,699128.0
2021,3518,柏騰,216778.0,0.05570675991106108,0.15,807522.0,61397.0,56438.0,51307.0,-0.05,0.02,184191.0,176752.5,169142.0
2021,6706,惠特,1380644.0,0.13437859433713542,2.57,721779.0,502284.0,503188.0,506957.0,1.17,4.49,1506852.0,1508208.0,1512429.0
2021,8215,明基材,4283121.0,0.06418450471046697,0.86,3206745.0,1354490.0,1381183.0,1311182.0,0.36,0.83,4063470.0,4103509.5,4046855.0
2021,1475,業旺,38439.0,-0.01584328416452041,-0.1,660168.0,34187.0,37495.0,63250.0,0.02,1.21,102561.0,107523.0,134932.0
2021,2108,南帝,7205177.0,0.3564167819888394,5.15,4924167.0,1868777.0,1876130.0,1710059.0,1.65,3.0,5606331.0,5617360.5,5454966.0
2021,9910,豐泰,19697860.0,0.09432476421296526,1.93,8816811.0,5871064.0,3447039.0,3272351.0,1.65,-0.47,17613192.0,13977154.5,12590454.0
2021,3557,嘉威,1016906.0,0.14358062593789397,2.02,723004.0,364614.0,327030.0,442510.0,1.83,0.46,1093842.0,1037466.0,1134154.0
2021,4142,國光生,88016.0,-1.837484093801127,-0.38,4295078.0,52811.0,235780.0,464745.0,,0.37,158433.0,432886.5,753336.0
2021,2614,東森,1343299.0,0.18902865259335414,0.46,5567899.0,454699.0,482166.0,474936.0,0.4,0.62,1364097.0,1405297.5,1411801.0
2021,1416,廣豐,40374.0,2.8048248873037105,0.64,1853422.0,19722.0,19637.0,45603.0,-0.01,0.05,59166.0,59038.5,84962.0
2021,2027,大成鋼,25460825.0,0.10627562146945356,1.44,16584659.0,8440053.0,8865937.0,8717185.0,-0.07,1.86,25320159.0,25958985.0,26023175.0
2021,2903,遠百,7083303.0,-0.015277477188255253,-0.09,14169406.0,1967397.0,2590250.0,2467434.0,0.58,0.23,5902191.0,6836470.5,7025081.0
2021,6282,康舒,4922636.0,0.03874590768035662,0.34,5166213.0,1847607.0,1990302.0,1985382.0,0.67,0.48,5542821.0,5756863.5,5823291.0
2021,8996,高力,587912.0,0.09115309774251928,0.6,893841.0,189959.0,179731.0,188724.0,0.22,0.53,569877.0,554535.0,558414.0
2021,1611,中電,421349.0,-0.0533453265582688,-0.07,3227358.0,140077.0,145213.0,139051.0,0.07,0.09,420231.0,427935.0,424341.0
2021,3356,奇偶,320762.0,0.1437888527942836,0.5,898257.0,114664.0,107272.0,107776.0,0.48,0.26,343992.0,332904.0,329712.0
2021,3149,正達,646284.0,0.005089093958693083,0.02,2063936.0,240766.0,208617.0,225271.0,0.06,-0.09,722298.0,674074.5,674654.0
2021,8481,政伸,387470.0,0.42977778924819987,2.5,666019.0,136814.0,130385.0,137424.0,9.19,1.12,410442.0,400798.5,404623.0
2021,1795,美時,3464117.0,0.10235739728190474,1.36,2628713.0,1107853.0,936958.0,1012862.0,1.15,1.33,3323559.0,3067216.5,3057673.0
2021,9955,佳龍,336183.0,-0.014164904233706047,-0.04,1032082.0,89353.0,109319.0,92684.0,0.2,-0.37,268059.0,298008.0,291356.0
2021,1536,和大,1676251.0,0.052449782282009076,0.32,2795175.0,526374.0,625075.0,606815.0,0.17,0.66,1579122.0,1727173.5,1758264.0
2021,8462,柏文,479179.0,-0.18975789840539756,-1.27,737185.0,54302.0,114861.0,169910.0,1.67,-3.44,162906.0,253744.5,339073.0
2021,3017,奇鋐,12748781.0,0.07468627784883904,2.25,3533101.0,3840049.0,3912085.0,4020486.0,1.81,2.42,11520147.0,11628201.0,11772620.0
2021,6184,大豐電,490997.0,0.18511111065851726,0.62,1582306.0,163633.0,165448.0,170624.0,1.28,1.08,490899.0,493621.5,499705.0
2021,2618,長榮航,24162958.0,0.004014781633937368,0.04,50786969.0,8318797.0,8977385.0,8517886.0,-0.37,0.3,24956391.0,25944273.0,25814068.0
2021,3481,群創,93235532.0,0.22973486116859396,2.07,105014079.0,32248243.0,31383671.0,29453973.0,0.16,1.77,96744729.0,95447871.0,93085887.0
2021,2408,南亞科,22637468.0,0.2722639740451538,2.0,30971242.0,7950469.0,8209899.0,7676760.0,0.53,2.43,23851407.0,24240552.0,23837128.0
2021,1218,泰山,2417864.0,0.05625543868472337,0.28,4999990.0,895483.0,960802.0,888282.0,0.7,0.29,2686449.0,2784427.5,2744567.0
2021,2317,鴻海,1351466640.0,0.0238405329783057,2.15,138629906.0,418015118.0,400048695.0,585731112.0,2.23,2.67,1254045354.0,1227095719.5,1403794925.0
2021,1762,中化生,499832.0,0.25294899086092926,1.63,775600.0,196314.0,175815.0,133463.0,0.45,1.09,588942.0,558193.5,505592.0
2021,1443,立益物流,162607.0,0.07541495753565344,0.05,1353430.0,64877.0,71794.0,86556.0,-0.02,0.05,194631.0,205006.5,223227.0
2021,3033,威健,18680068.0,0.02437555366500807,1.23,3703940.0,6197040.0,6854390.0,6529996.0,0.64,1.43,18591120.0,19577145.0,19581426.0
2021,4942,嘉彰,2198308.0,0.1326929620417157,2.05,1423676.0,714728.0,730178.0,733239.0,1.01,1.42,2144184.0,2167359.0,2178145.0
2021,2348,海悅,1163543.0,0.301084704218065,2.7,1064620.0,314953.0,378276.0,405801.0,3.97,3.3,944859.0,1039843.5,1099030.0
2021,1730,花仙子,578204.0,0.09009622901259763,0.73,632339.0,208792.0,241463.0,327257.0,2.55,1.2,626376.0,675382.5,777512.0
2021,2712,遠雄來,61601.0,-0.26631061184071686,-0.16,1050000.0,6188.0,32924.0,22359.0,0.64,-0.14,18564.0,58668.0,61471.0
2021,1321,大洋,1651080.0,-0.03490503185793541,-0.26,2272283.0,497611.0,545282.0,597581.0,0.68,0.65,1492833.0,1564339.5,1640474.0
2021,6224,聚鼎,817377.0,0.17149246920331745,1.76,847216.0,336474.0,312974.0,302972.0,1.3,1.59,1009422.0,974172.0,952420.0
2021,2608,嘉里大榮,3216043.0,0.10646126311122084,0.69,4670005.0,1119155.0,1115942.0,1096040.0,0.96,0.74,3357465.0,3352645.5,3331137.0
2021,2114,鑫永銓,501549.0,2.0589812760069304,14.56,709016.0,168991.0,169145.0,169230.0,1.22,-6.13,506973.0,507204.0,507366.0
2021,3702,大聯大,200226016.0,0.016179206202654506,1.66,18790568.0,59168492.0,68844648.0,73876307.0,1.35,1.9,177505476.0,192019710.0,201889447.0
2021,3026,禾伸堂,4405780.0,0.1288416580038041,3.68,1579908.0,1496586.0,1441930.0,1340204.0,2.53,3.24,4489758.0,4407774.0,4278720.0
2021,2340,台亞,1383868.0,0.13223371015154625,0.5,3786228.0,584038.0,604884.0,620543.0,0.48,0.62,1752114.0,1783383.0,1809465.0
2021,2312,金寶,31868708.0,0.003234238425982001,0.03,14691292.0,12230873.0,12165517.0,11525834.0,0.11,0.04,36692619.0,36594585.0,35922224.0
2021,2441,超豐,4813598.0,0.23629393231424808,1.99,5688459.0,1755752.0,1811532.0,1759760.0,1.27,2.4,5267256.0,5350926.0,5327044.0
2021,4119,旭富,176572.0,0.02124345875903314,0.05,794853.0,92919.0,65351.0,69984.0,2.38,0.22,278757.0,237405.0,228254.0
2021,2540,愛山林,1064152.0,0.045526390966704,0.33,1612600.0,360344.0,356137.0,398046.0,1.83,0.61,1081032.0,1074721.5,1114527.0
2021,6412,群電,9626646.0,0.06846974532978568,1.68,3921472.0,3141718.0,3315577.0,3674115.0,1.89,2.09,9425154.0,9685942.5,10131410.0
2021,9933,中鼎,16013693.0,0.02603147194091956,0.42,7633819.0,5280140.0,5615517.0,5876875.0,0.28,0.64,15840420.0,16343485.5,16772532.0
2021,2049,上銀,7048502.0,0.13987113857667913,3.18,3407923.0,2500543.0,2529149.0,2500398.0,2.86,3.84,7501629.0,7544538.0,7530090.0
2021,3044,健鼎,15043357.0,0.08841178202445106,2.53,5256059.0,5343537.0,5307814.0,5518383.0,3.81,3.04,16030611.0,15977026.5,16169734.0
2021,5285,界霖,1638952.0,0.08887081500861527,1.54,940893.0,570973.0,514158.0,530364.0,0.21,1.11,1712919.0,1627696.5,1615495.0
2021,3450,聯鈞,1841755.0,0.11118416944707629,0.75,1456814.0,620384.0,598424.0,610651.0,0.32,0.73,1861152.0,1828212.0,1829459.0
2021,1313,聯成,20705972.0,0.05523773527753249,0.89,13323476.0,7362982.0,7666218.0,7428330.0,0.81,0.46,22088946.0,22543800.0,22457530.0
2021,3130,一零四,456934.0,0.1924523016453142,2.67,331907.0,136842.0,160998.0,161588.0,2.45,2.57,410526.0,446760.0,459428.0
2021,9940,信義,4100429.0,0.12100855788504081,0.67,7368465.0,1431355.0,2104935.0,1833300.0,0.75,0.98,4294065.0,5304435.0,5369590.0
2021,3164,景岳,99476.0,0.13934014234589248,0.18,863714.0,38624.0,29139.0,37603.0,0.33,0.27,115872.0,101644.5,105366.0
2021,6754,匯僑設計,1068160.0,0.051856463451168365,0.84,660000.0,362733.0,348226.0,360194.0,2.4,0.21,1088199.0,1066438.5,1071153.0
2021,2106,建大,9161257.0,0.0460879986228964,0.47,9094100.0,3148766.0,2846822.0,2928806.0,0.74,0.24,9446298.0,8993382.0,8924394.0
2021,2008,高興昌,388756.0,0.038281081192316005,0.07,2008523.0,174694.0,158453.0,152471.0,0.36,0.26,524082.0,499720.5,485618.0
2021,3055,蔚華科,110307.0,-0.779025809785417,-0.92,1024419.0,330983.0,425250.0,440258.0,0.32,-1.31,992949.0,1134349.5,1196491.0
2021,2880,華南金,,,0.41,128547788.0,4698231.0,5084774.0,4211812.0,0.27,0.36,14094693.0,14674507.5,13994817.0
2021,3054,立萬利,15993.0,6.887325704995936,1.32,834110.0,2694.0,3153.0,2032.0,-0.25,-1.04,8082.0,8770.5,7879.0
2021,3563,牧德,715360.0,0.2599656117199732,4.22,447282.0,232713.0,235639.0,243760.0,1.94,5.71,698139.0,702528.0,712112.0
2021,2103,台橡,8520715.0,0.13739645088469687,1.21,8257099.0,2643167.0,2695151.0,2334544.0,-0.28,1.75,7929501.0,8007477.0,7672862.0
2021,1217,愛之味,1178395.0,0.09984767416698136,0.23,4945134.0,441314.0,605106.0,463500.0,0.36,0.18,1323942.0,1569630.0,1509920.0
2021,6197,佳必琪,943451.0,0.11044452759072808,0.84,1220859.0,335310.0,346846.0,361628.0,0.47,0.83,1005930.0,1023234.0,1043784.0
2021,8103,瀚荃,1001504.0,0.08917388248074895,1.13,789534.0,403536.0,389104.0,370179.0,0.77,1.32,1210608.0,1188960.0,1162819.0
2021,4746,台耀,827344.0,0.833189096675627,6.86,1182628.0,191628.0,212957.0,279555.0,0.89,-4.01,574884.0,606877.5,684140.0
2021,1439,雋揚,19088.0,-0.2037929589270746,-0.04,920000.0,5312.0,8056.0,5322.0,0.28,0.5,15936.0,20052.0,18690.0
2021,2611,志信,171474.0,2.071124485344717,2.05,1718202.0,64574.0,76054.0,74110.0,-1.34,-0.95,193722.0,210942.0,214738.0
2021,4766,南寶,4599253.0,0.07027184631939143,2.63,1205707.0,1531198.0,1306960.0,1369446.0,3.34,0.97,4593594.0,4257237.0,4207604.0
2021,9930,中聯資源,2695550.0,0.06437239153419524,0.69,2485404.0,897124.0,848078.0,974316.0,0.84,0.65,2691372.0,2617803.0,2719518.0
2021,2002,中鋼,115448026.0,0.1567551098708262,1.02,157731290.0,41883163.0,41713466.0,41981668.0,-0.04,1.28,125649489.0,125394943.5,125578297.0
2021,1442,名軒,999731.0,0.16485334554995293,0.45,3662113.0,1380621.0,243501.0,220093.0,0.14,0.85,4141863.0,2436183.0,1844215.0
2021,6133,金橋,249145.0,-0.06787212265949548,-0.14,1170064.0,97812.0,110027.0,83067.0,0.15,-0.1,293436.0,311758.5,290906.0
2021,3694,海華,2877513.0,0.019382014955275615,0.37,1504418.0,944044.0,1110886.0,977465.0,0.95,0.81,2832132.0,3082395.0,3032395.0
2021,1316,上曜,242504.0,-0.03433345429353742,-0.07,1798456.0,81525.0,119723.0,129731.0,0.63,-0.08,244575.0,301872.0,330979.0
2021,4540,全球傳動,889103.0,0.08049461086060895,0.76,941780.0,321500.0,292876.0,349208.0,0.44,1.19,964500.0,921564.0,963584.0
2021,6239,力成,20620854.0,0.1411409537160779,2.88,7791466.0,7520591.0,7538243.0,7261646.0,2.1,3.2,22561773.0,22588251.0,22320480.0
2021,3576,聯合再生,3669683.0,-0.06263647295965347,-0.3,15079003.0,1213797.0,1054925.0,1235101.0,0.05,-0.06,3641391.0,3403083.0,3503823.0
2021,3047,訊舟,1312432.0,-0.024392882831262876,-0.17,1893702.0,440840.0,412522.0,491541.0,0.46,0.06,1322520.0,1280043.0,1344903.0
2021,2382,廣達,260277568.0,0.03093158224069467,2.05,38626274.0,94756709.0,84717518.0,82114318.0,2.04,2.43,284270127.0,269211340.5,261588545.0
2021,2397,友通,3271167.0,0.04058276449964187,0.54,1146889.0,1220285.0,1202274.0,1317012.0,0.92,0.63,3660855.0,3633838.5,3739571.0
2021,1417,嘉裕,296530.0,0.11979900853202037,0.18,1899419.0,99009.0,74018.0,78757.0,-1.23,0.13,297027.0,259540.5,251784.0
2021,3376,新日興,2888461.0,0.11752798462572284,1.76,1924853.0,855567.0,954311.0,938803.0,2.91,1.19,2566701.0,2714817.0,2748681.0
2021,4999,鑫禾,793867.0,0.026814315244241164,0.29,744172.0,226884.0,245281.0,227592.0,1.16,0.4,680652.0,708247.5,699757.0
2021,5471,松翰,1574640.0,0.2526641010008637,2.37,1678770.0,537682.0,601480.0,557554.0,1.72,3.06,1613046.0,1708743.0,1696716.0
2021,2908,特力,10215034.0,0.020020295576108703,0.39,5098875.0,3616618.0,3670740.0,3445020.0,0.52,0.36,10849854.0,10931037.0,10732378.0
2021,6409,旭隼,4059037.0,0.15188454798515016,7.09,874194.0,1420667.0,1605201.0,1495566.0,5.63,7.91,4262001.0,4538802.0,4521434.0
2021,3593,力銘,151769.0,0.0022402466906944105,0.0,930425.0,88096.0,82876.0,101747.0,0.18,-0.01,264288.0,256458.0,272719.0
2021,5484,慧友,151961.0,-0.05492198656234165,-0.12,681151.0,34199.0,40023.0,36037.0,0.01,-0.44,102597.0,111333.0,110259.0
2021,2466,冠西電,290983.0,0.002196004577587007,0.0,1563342.0,205450.0,185588.0,247457.0,0.35,0.27,616350.0,586557.0,638495.0
2021,6579,研揚,1404716.0,0.021069739363686325,0.19,1484985.0,451574.0,549791.0,558384.0,0.67,0.87,1354722.0,1502047.5,1559749.0
2021,1309,台達化,5567940.0,0.0973667101297787,1.57,3442310.0,1696625.0,1846662.0,1813435.0,1.91,0.71,5089875.0,5314930.5,5356722.0
2021,2015,豐興,9814630.0,0.10408655242225127,1.76,5815994.0,3386863.0,3068031.0,3261658.0,1.31,1.93,10160589.0,9682341.0,9716552.0
2021,2506,太設,218473.0,-0.21147693307639845,-0.14,3870000.0,35529.0,52085.0,94959.0,-0.18,-0.01,106587.0,131421.0,182573.0
2021,6191,精成科,6795419.0,0.09677666675152775,1.25,5155469.0,2449778.0,2400987.0,2356787.0,1.2,1.82,7349334.0,7276147.5,7207552.0
2021,2478,大毅,1632851.0,0.17417878299979606,1.97,1447376.0,519866.0,560785.0,490322.0,0.93,1.6,1559598.0,1620976.5,1570973.0
2021,8150,南茂,6982242.0,0.18383608015877995,1.76,7272401.0,2417897.0,2399295.0,2343847.0,0.58,1.93,7253691.0,7225788.0,7161039.0
2021,1731,美吾華,310734.0,0.1732317673637259,0.4,1329152.0,118445.0,105984.0,115887.0,0.37,0.34,355335.0,336643.5,340316.0
2021,6698,旭暉應材,194397.0,0.007736744908614845,-0.19,663898.0,75220.0,60603.0,56757.0,0.11,0.06,225660.0,203734.5,192580.0
2021,3406,玉晶光,2538597.0,0.04736356341711583,1.06,1119471.0,1648049.0,2040679.0,2223208.0,9.44,8.71,4944147.0,5533092.0,5911936.0
2021,3025,星通,98654.0,-0.011393354552273603,-0.02,709206.0,36118.0,43310.0,41234.0,0.53,0.1,108354.0,119142.0,120662.0
2021,6605,帝寶,3958586.0,0.05544530294403102,1.38,1658164.0,1242984.0,1382546.0,1345578.0,1.42,1.8,3728952.0,3938295.0,3971108.0
2021,2465,麗臺,2857154.0,0.07007322671441582,3.74,535873.0,733430.0,734338.0,758118.0,-0.11,1.64,2200290.0,2201652.0,2225886.0
2021,1457,宜進,1103089.0,0.16789760391047323,0.5,3016476.0,350585.0,356213.0,325191.0,0.8,0.14,1051755.0,1060197.0,1031989.0
2021,1732,毛寶,162565.0,0.0627625872727832,0.24,424439.0,43092.0,48631.0,46904.0,0.02,-0.01,129276.0,137584.5,138627.0
2021,2033,佳大,215193.0,0.014122206577351493,0.03,806945.0,71323.0,68986.0,68862.0,0.05,0.06,213969.0,210463.5,209171.0
2021,2885,元大金,,,0.84,121374360.0,10264017.0,10141234.0,7945761.0,0.7,0.71,30792051.0,30607876.5,28351012.0
2021,3021,鴻名,765034.0,0.03156461020033097,0.26,940000.0,323338.0,325737.0,296639.0,0.35,0.68,970014.0,973612.5,945714.0
2021,2363,矽統,59907.0,-2.529320446692373,-0.24,6309675.0,17010.0,19331.0,36489.0,0.15,0.64,51030.0,54511.5,72830.0
2021,3056,富華新,25183.0,-1.6150974863995553,-0.19,2107907.0,8208.0,6641.0,7820.0,-0.13,-0.19,24624.0,22273.5,22669.0
2021,4736,泰博,1677768.0,0.3848124412910486,6.76,923362.0,699660.0,731921.0,667745.0,3.87,6.31,2098980.0,2147371.5,2099326.0
2021,1234,黑松,2166950.0,0.0732725720482706,0.4,4018711.0,766210.0,853329.0,790834.0,1.09,0.61,2298630.0,2429308.5,2410373.0
2021,6283,淳安,657509.0,-0.1346491074646887,-0.34,1479073.0,242102.0,167656.0,183059.0,-0.08,-0.44,726306.0,614637.0,592817.0
2021,2705,六福,190560.0,-1.042406591099916,-1.05,1913128.0,30118.0,108929.0,87573.0,0.08,-0.98,90354.0,208570.5,226620.0
2021,4720,德淵,861690.0,0.0035871369053836065,0.02,933857.0,320412.0,277210.0,281992.0,0.41,0.07,961236.0,896433.0,879614.0
2021,2514,龍邦,3070340.0,0.21968120794439705,1.83,3947293.0,707223.0,1025808.0,912364.0,-0.97,-0.6,2121669.0,2599546.5,2645395.0
2021,6472,保瑞,1194049.0,0.1151544032112585,2.54,541154.0,338184.0,404817.0,441677.0,1.33,0.29,1014552.0,1114501.5,1184678.0
2021,3006,晶豪科,6175127.0,0.20941221127921741,4.62,2861503.0,2169559.0,2370034.0,2303662.0,0.85,6.8,6508677.0,6809389.5,6843255.0
2021,2301,光寶科,40677351.0,0.09952582703824543,1.74,23508670.0,13707748.0,13542561.0,14612619.0,1.29,1.33,41123244.0,40875463.5,41862928.0
2021,1524,耿鼎,457877.0,-0.010727771868864346,-0.03,1653104.0,161428.0,166369.0,161959.0,0.06,0.17,484284.0,491695.5,489756.0
2021,2342,茂矽,478293.0,0.05118201604455846,0.15,1561567.0,174014.0,181216.0,177235.0,2.01,0.61,522042.0,532845.0,532465.0
2021,6189,豐藝,7997991.0,0.024025033286484067,1.01,1829444.0,2828268.0,2878559.0,2711829.0,0.74,1.29,8484804.0,8560240.5,8418656.0
2021,2451,創見,3794184.0,0.21621618772310464,1.92,4290617.0,1320580.0,1141520.0,1061642.0,0.47,1.55,3961740.0,3693150.0,3523742.0
2021,1413,宏洲,763212.0,0.03317426874839494,0.19,1321124.0,247247.0,260225.0,244586.0,-0.28,0.22,741741.0,761208.0,752058.0
2021,2480,敦陽科,1518616.0,0.08858263050040299,1.27,1063603.0,526448.0,542860.0,558759.0,1.1,1.29,1579344.0,1603962.0,1628067.0
2021,3535,晶彩科,233821.0,-0.062479418016345836,-0.19,790523.0,164339.0,83880.0,38855.0,-0.55,0.11,493017.0,372328.5,287074.0
2021,3022,威強電,1619782.0,0.13808092693955112,1.27,1765978.0,544766.0,516569.0,505231.0,1.46,1.19,1634298.0,1592002.5,1566566.0
2021,9926,新海,511226.0,0.21075219178993243,0.6,1795041.0,154786.0,156727.0,164290.0,0.86,0.78,464358.0,467269.5,475803.0
2021,1533,車王電,704717.0,0.004963694646219688,0.29,985475.0,270505.0,238329.0,222603.0,0.24,0.46,811515.0,763251.0,731437.0
2021,1303,南亞,103987982.0,0.22897275764039732,2.9,79308216.0,36795856.0,37422239.0,35710126.0,1.31,2.92,110387568.0,111327142.5,109928221.0
2021,2454,聯發科,125653403.0,0.2195454905427432,17.44,15904087.0,40359813.0,42808189.0,47906318.0,8.43,17.92,121079439.0,124752003.0,131074320.0
2021,8104,錸寶,455795.0,0.12819578977391152,0.86,680090.0,193175.0,207757.0,189407.0,1.21,0.64,579525.0,601398.0,590339.0
2021,6206,飛捷,1173873.0,0.12963668131049952,1.06,1430623.0,396388.0,495119.0,542066.0,1.17,1.4,1189164.0,1337260.5,1433573.0
2021,2375,凱美,2123688.0,0.1698832408527053,2.65,1358442.0,740111.0,732197.0,666965.0,0.89,2.85,2220333.0,2208462.0,2139273.0
2021,2481,強茂,3602998.0,0.1541827111755266,1.69,3328149.0,1218631.0,1232285.0,1250975.0,0.85,1.88,3655893.0,3676374.0,3701891.0
2021,6426,統新,135499.0,0.10533657074959962,0.37,385090.0,36153.0,35355.0,37921.0,1.2,-0.27,108459.0,107262.0,109429.0
2021,2303,聯電,50907741.0,0.2331001291139593,0.98,124232695.0,18366122.0,18789991.0,18750564.0,0.76,1.43,55098366.0,55734169.5,55906677.0
2021,8222,寶一,83980.0,-0.43691355084543937,-0.53,685735.0,33540.0,25340.0,33160.0,-0.34,-0.22,100620.0,88320.0,92040.0
2021,1506,正道,243396.0,-0.04553895709050272,-0.07,1631618.0,91323.0,82072.0,102895.0,-0.39,0.02,273969.0,260092.5,276290.0
2021,9929,秋雨,136881.0,0.027067306638613103,0.04,1012800.0,43866.0,42896.0,46343.0,0.11,0.02,131598.0,130143.0,133105.0
2021,6669,緯穎,51192867.0,0.04509522781757857,13.2,1748408.0,14165345.0,14352012.0,16746468.0,12.84,11.59,42496035.0,42776035.5,45263825.0
2021,2634,漢翔,5965772.0,0.06791945786731374,0.43,9418671.0,2020957.0,1792343.0,1880995.0,-0.01,0.24,6062871.0,5719950.0,5694295.0
2021,3454,晶睿,1525000.0,0.06483147540983607,1.0,869574.0,409710.0,416567.0,407234.0,0.76,-0.25,1229130.0,1239415.5,1233511.0
2021,1464,得力,2650789.0,0.00478838564668859,0.01,3845657.0,809029.0,802061.0,829100.0,0.1,0.12,2427087.0,2416635.0,2440190.0
2021,1314,中石化,9241857.0,0.16646676095507645,0.47,32848502.0,3161214.0,3348017.0,2884029.0,-0.12,0.36,9483642.0,9763846.5,9393260.0
2021,1423,利華,54665.0,2.810390560687826,1.11,1384000.0,8375.0,12666.0,7790.0,-0.25,-0.26,25125.0,31561.5,28831.0
2021,1232,大統益,4917741.0,0.05598322481806179,1.68,1599749.0,1556554.0,1634616.0,1650643.0,2.17,0.85,4669662.0,4786755.0,4841813.0
2021,2485,兆赫,1512150.0,-0.09199616440167972,-0.43,3176890.0,584491.0,557053.0,592984.0,-0.12,-0.1,1753473.0,1712316.0,1734528.0
2021,3043,科風,257096.0,0.024555030027693936,0.03,1948781.0,78115.0,97653.0,88679.0,0.03,-0.11,234345.0,263652.0,264447.0
2021,1438,三地開發,21.0,-176.04761904761904,-0.07,512058.0,14.0,39.0,16.0,-0.03,0.31,42.0,79.5,69.0
2021,9902,台火,146416.0,0.6299653043383237,0.94,980496.0,12894.0,31927.0,352.0,0.02,0.08,38682.0,67231.5,45173.0
2021,4133,亞諾法,124254.0,0.05566822798461216,0.12,605536.0,51807.0,34436.0,29782.0,0.24,0.21,155421.0,129364.5,116025.0
2021,1513,中興電,4061427.0,0.07893752614536713,0.68,4761343.0,1246976.0,1466839.0,1405608.0,0.79,0.94,3740928.0,4070722.5,4119423.0
2021,1905,華紙,5741225.0,0.07323053877874496,0.37,11028353.0,1778229.0,1697469.0,1700864.0,-0.13,0.14,5334687.0,5213547.0,5176562.0
2021,2642,宅配通,1133057.0,0.07000089139381338,0.83,954670.0,382238.0,382353.0,384300.0,0.48,0.6,1146714.0,1146886.5,1148891.0
2021,6141,柏承,971652.0,0.0880346049820306,0.63,1289145.0,302738.0,312948.0,299654.0,0.92,0.62,908214.0,923529.0,915340.0
2021,2748,雲品,222664.0,-0.24342057988718427,-0.72,754826.0,38326.0,79020.0,103841.0,0.4,-0.99,114978.0,176019.0,221187.0
2021,5306,桂盟,2004471.0,0.238158596457619,3.79,1260000.0,658316.0,605214.0,637037.0,3.7,4.03,1974948.0,1895295.0,1900567.0
2021,6670,復盛應用,6002504.0,0.10020134930355731,4.35,1310300.0,2143308.0,1615623.0,1330639.0,1.01,3.34,6429924.0,5638396.5,5089570.0
2021,1906,寶隆,79781.0,2.2042340908236295,1.17,1510000.0,44075.0,238127.0,352175.0,0.07,-0.13,132225.0,423303.0,634377.0
2021,5876,上海商銀,,,0.8,44816031.0,3781937.0,3106458.0,3048535.0,0.79,0.81,11345811.0,10332592.5,9936930.0
2021,3052,夆典,1272486.0,0.02561442719212628,0.16,2287135.0,251955.0,339680.0,172691.0,0.69,0.01,755865.0,887452.5,764326.0
2021,1723,中碳,1951885.0,0.14824900032532654,1.25,2369044.0,749190.0,751480.0,795130.0,0.7,1.42,2247570.0,2251005.0,2295800.0
2021,2883,凱基金,,,0.48,149912200.0,11303772.0,19663864.0,18495805.0,0.39,0.91,33911316.0,46451454.0,49463441.0
2021,2458,義隆,5036112.0,0.25855183522526903,4.53,3038804.0,1663825.0,1657778.0,1652898.0,3.71,4.7,4991475.0,4982404.5,4974501.0
2021,2491,吉祥全,501981.0,0.8860255667047159,2.75,820080.0,-398742.0,121694.0,-113347.0,-0.31,-3.66,-1196226.0,-415572.0,-390395.0
2021,1304,台聚,17746758.0,0.15215528379887752,1.22,11887635.0,5995006.0,6074485.0,6396966.0,0.56,0.98,17985018.0,18104236.5,18466457.0
2021,6128,上福,1216350.0,0.08812348419451638,0.84,1275887.0,360322.0,320197.0,448819.0,0.39,0.48,1080966.0,1020778.5,1129338.0
2021,1717,長興,13211055.0,0.08056449693079017,0.87,12402795.0,4240587.0,4368209.0,4401398.0,0.73,0.79,12721761.0,12913194.0,13010194.0
2021,9938,百和,6008922.0,0.15866772775549426,2.31,2979639.0,1312886.0,1065271.0,1120644.0,1.23,1.17,3938658.0,3567235.5,3498801.0
2021,2488,漢平,655182.0,0.06568709152571346,0.55,799994.0,160770.0,202777.0,241525.0,0.9,0.34,482310.0,545320.5,605072.0
2021,5434,崇越,10381154.0,0.05889730563673364,3.38,1816996.0,3614942.0,3651032.0,3722789.0,2.87,3.26,10844826.0,10898961.0,10988763.0
2021,3703,欣陸,5592014.0,0.06053561382357054,0.4,8232160.0,1599063.0,1607276.0,2145587.0,0.48,0.22,4797189.0,4809508.5,5351926.0
2021,6165,浪凡,664917.0,0.1903004435140025,2.41,532424.0,245336.0,254747.0,237409.0,0.26,0.8,736008.0,750124.5,737492.0
2021,4438,廣越,3398952.0,0.10280874810824042,3.09,1033753.0,1724604.0,1441478.0,1209790.0,2.71,2.77,5173812.0,4749123.0,4375872.0
2021,4526,東台,2897312.0,0.032400376624954444,0.42,2548265.0,986628.0,885974.0,627477.0,0.09,0.46,2959884.0,2808903.0,2500079.0
2021,1319,東陽,4458341.0,0.027898718379774,0.24,5914771.0,1477738.0,1488482.0,1501236.0,0.45,0.19,4433214.0,4449330.0,4467456.0
2021,1225,福懋油,3169164.0,0.03522600913048362,0.47,2187030.0,1084754.0,1052440.0,1045897.0,0.39,0.13,3254262.0,3205791.0,3183091.0
2021,1512,瑞利,285413.0,-0.06054033978830677,-0.07,2367025.0,68620.0,62092.0,70408.0,-0.11,-0.18,205860.0,196068.0,201120.0
2021,1324,地球,266793.0,-0.00020240411105238893,0.0,751219.0,87410.0,92497.0,96914.0,0.06,-0.05,262230.0,269860.5,276821.0
2021,6715,嘉基,490337.0,0.04054354454181512,0.24,570000.0,211115.0,272452.0,261705.0,0.52,1.06,633345.0,725350.5,745272.0
2021,2367,燿華,2859600.0,-0.1726489718841796,-0.8,6194072.0,1131471.0,1027403.0,1090477.0,-0.67,-0.99,3394413.0,3238311.0,3249351.0
2021,9919,康那香,1030780.0,0.07455713149265605,0.39,1953628.0,285197.0,319018.0,366076.0,2.16,-0.07,855591.0,906322.5,970291.0
2021,4994,傳奇,705301.0,0.052635683204759386,0.33,1106390.0,270558.0,255402.0,234330.0,1.26,0.84,811674.0,788940.0,760290.0
2021,3013,晟銘電,1089515.0,-0.0391109805739251,-0.27,1559350.0,405731.0,469170.0,527308.0,0.17,-0.33,1217193.0,1312351.5,1402209.0
2021,2477,美隆電,914415.0,0.10938578216674048,0.51,1982165.0,321142.0,313267.0,368848.0,0.26,0.32,963426.0,951613.5,1003257.0
2021,3705,永信,1919083.0,0.10008999089669389,0.71,2664230.0,653249.0,666505.0,705029.0,0.65,0.65,1959747.0,1979631.0,2024783.0
2021,4737,華廣,412588.0,0.03330441021067021,0.22,623897.0,162210.0,148344.0,185323.0,0.68,0.51,486630.0,465831.0,495877.0
2021,1219,福壽,3442221.0,0.010323276744869082,0.15,3220139.0,1263633.0,1167521.0,1192316.0,0.42,-0.09,3790899.0,3646731.0,3623470.0
2021,2882,國泰金,,,2.3,147025102.0,48488824.0,46850550.0,35945071.0,2.37,2.32,145466472.0,143009061.0,131284445.0
2021,2327,國巨*,27711544.0,0.22829323403993657,12.78,4988839.0,9771285.0,9804555.0,9810200.0,7.43,13.88,29313855.0,29363760.0,29386040.0
2021,2906,高林,1978892.0,0.03149489714446266,0.04,2091111.0,598991.0,752564.0,774517.0,0.07,0.16,1796973.0,2027332.5,2126072.0
2021,2483,百容,521035.0,0.21233698312013588,1.01,1090938.0,196504.0,204464.0,192062.0,0.05,0.2,589512.0,601452.0,593030.0
2021,6176,瑞儀,14031751.0,0.07416515586686223,2.24,4650273.0,4519213.0,4580571.0,4644208.0,3.26,3.27,13557639.0,13649676.0,13743992.0
2021,3686,達能,61278.0,-0.19786872939717354,-0.11,1135136.0,26146.0,24209.0,26124.0,-0.14,-0.53,78438.0,75532.5,76479.0
2021,2537,聯上發,199517.0,0.04236230496649408,0.03,3005579.0,947250.0,592855.0,179680.0,-0.06,1.3,2841750.0,2310157.5,1719785.0
2021,2025,千興,232841.0,0.034817751169252835,0.03,2811673.0,223154.0,287355.0,354535.0,-0.11,0.46,669462.0,765763.5,865044.0
2021,2387,精元,6133203.0,0.05910957129578134,1.88,1962980.0,2087462.0,2002626.0,1945232.0,2.58,1.39,6262386.0,6135132.0,6035320.0
2021,2707,晶華,1026330.0,0.11010298831759766,0.87,1274032.0,268297.0,381534.0,356811.0,1.59,11.8,804891.0,974746.5,1006642.0
2021,2365,昆盈,236360.0,-0.16362751734642073,-0.17,2245285.0,100339.0,116718.0,119985.0,0.33,0.12,301017.0,325585.5,337042.0
2021,9935,慶豐富,1281655.0,0.02558098708310739,0.19,1696233.0,499187.0,428425.0,280686.0,1.05,-0.26,1497561.0,1391418.0,1208298.0
2021,3583,辛耘,1002016.0,0.14698068693513877,1.83,811390.0,457502.0,408817.0,423375.0,1.18,1.62,1372506.0,1299478.5,1289694.0
2021,2352,佳世達,55983875.0,0.07837801509809744,1.94,19667820.0,18697083.0,17790818.0,20714966.0,1.04,0.71,56091249.0,54731851.5,57202867.0
2021,1608,華榮,2624729.0,0.058940180110022784,0.25,6327735.0,906578.0,812890.0,988471.0,0.47,0.24,2719734.0,2579202.0,2707939.0
2021,1468,昶和,304042.0,-0.09282270212667987,-0.16,1604053.0,81802.0,88023.0,134801.0,0.13,-0.02,245406.0,254737.5,304626.0
2021,1449,佳和,834705.0,0.17540208816288388,1.64,881025.0,273727.0,191301.0,258758.0,-1.65,-0.18,821181.0,697542.0,723786.0
2021,1604,聲寶,2310626.0,0.0961535964712593,0.56,3872000.0,772952.0,706217.0,680562.0,3.78,3.24,2318856.0,2218753.5,2159731.0
2021,3533,嘉澤,4859019.0,0.14547010415065262,6.85,1034779.0,1751493.0,1934779.0,2070444.0,7.46,8.91,5254479.0,5529408.0,5756716.0
2021,2548,華固,1705796.0,0.1924614666701059,1.19,2768127.0,508886.0,1388742.0,3749494.0,1.54,4.17,1526658.0,2846442.0,5647122.0
2021,8028,昇陽半導體,708152.0,0.05050469390752268,0.31,1324080.0,225562.0,241587.0,241827.0,0.1,0.37,676686.0,700723.5,708976.0
2021,4915,致伸,16448009.0,0.038140056951573895,1.37,4515183.0,5418310.0,5936946.0,6313656.0,1.73,1.5,16254930.0,17032884.0,17668912.0
2021,1773,勝一,2721351.0,0.1592712590180392,2.41,2000000.0,982433.0,1008976.0,995468.0,1.62,1.5,2947299.0,2987113.5,2986877.0
2021,1463,強盛新,114729.0,0.030768158007129846,0.03,1732684.0,41995.0,28601.0,31922.0,-0.04,-0.02,125985.0,105894.0,102518.0
2021,5258,虹堡,963723.0,0.055406999729175295,0.55,895426.0,326731.0,424736.0,439701.0,0.54,0.58,980193.0,1127200.5,1191168.0
2021,3028,增你強,10371851.0,0.023721320331346836,1.15,2138249.0,3642469.0,3851581.0,3392770.0,0.69,1.2,10927407.0,11241075.0,10886820.0
2021,2420,新巨,730140.0,0.20831347412824938,1.0,1526487.0,236843.0,237241.0,238487.0,0.86,1.14,710529.0,711126.0,712571.0
2021,2834,臺企銀,,,0.18,74885834.0,2130234.0,2416180.0,2030436.0,0.16,0.17,6390702.0,6819621.0,6576850.0
2021,8443,阿瘦,208437.0,-0.4286379097760954,-1.34,668000.0,59301.0,89158.0,80826.0,-0.71,-1.2,177903.0,222688.5,229285.0
2021,6405,悅城,138742.0,0.06153147568868836,0.13,658000.0,51767.0,54193.0,55464.0,0.92,0.17,155301.0,158940.0,161424.0
2021,1541,錩泰,1406599.0,0.007697289703746412,0.14,788000.0,585150.0,674920.0,517901.0,1.46,1.45,1755450.0,1890105.0,1777971.0
2021,2059,川湖,1490057.0,0.25824850995633053,4.03,952971.0,554402.0,656393.0,547398.0,3.11,6.62,1663206.0,1816192.5,1758193.0
2021,2706,第一店,58273.0,0.3463696737768778,0.04,4999984.0,12720.0,14662.0,23017.0,0.03,0.11,38160.0,41073.0,50399.0
2021,2314,台揚,1001669.0,-0.07926370886989614,-0.35,2280283.0,316031.0,319118.0,367905.0,-0.25,-0.51,948093.0,952723.5,1003054.0
2021,2362,藍天,6371272.0,0.06097165526758236,0.65,6497630.0,2380819.0,2525268.0,2456251.0,0.35,0.84,7142457.0,7359130.5,7362338.0
2021,3189,景碩,8725355.0,0.1160693175234704,1.9,4508441.0,3117895.0,3297724.0,3352064.0,0.13,3.07,9353685.0,9623428.5,9767683.0
2021,3645,達邁,586538.0,0.12584009902171725,0.59,1307599.0,215241.0,223336.0,210974.0,0.93,0.63,645723.0,657865.5,649551.0
2021,2890,永豐金,,,0.37,112710541.0,4649607.0,4008782.0,3604781.0,0.32,0.38,13948821.0,12987583.5,12263170.0
2021,3312,弘憶股,4746302.0,0.024704496258350184,0.94,1251140.0,1688172.0,1575695.0,1704776.0,0.45,1.05,5064516.0,4895800.5,4968643.0
2021,2603,長榮,99966473.0,0.48803710419992513,7.99,52908474.0,45879182.0,50021681.0,49130735.0,1.7,15.24,137637546.0,143851294.5,145031598.0
2021,2351,順德,2764685.0,0.08409818840121026,1.23,1821403.0,948072.0,972145.0,988659.0,0.51,1.3,2844216.0,2880325.5,2908876.0
2021,2401,凌陽,2101911.0,0.2093047707538521,0.48,5919949.0,720288.0,721015.0,690950.0,0.36,0.52,2160864.0,2161954.5,2132253.0
2021,2912,統一超,63593394.0,0.030623668238244996,1.7,10396223.0,21957391.0,21578954.0,21907818.0,2.76,1.98,65872173.0,65304517.5,65444163.0
2021,9944,新麗,768826.0,0.04010790477949497,0.24,1091071.0,206937.0,178668.0,168152.0,0.4,-0.17,620811.0,578407.5,553757.0
2021,2424,隴華,3436.0,-16.696449359720607,-2.18,270250.0,1701.0,2412.0,1848.0,-4.22,-1.55,5103.0,6169.5,5961.0
2021,4938,和碩,272276880.0,0.02379290889479856,2.01,26703617.0,88532771.0,85313027.0,149038905.0,2.61,1.0,265598313.0,260768697.0,322884703.0
2021,1530,亞崴,962731.0,0.07060954721516187,0.72,965942.0,291536.0,337700.0,290088.0,0.22,0.03,874608.0,943854.0,919324.0
2021,1525,江申,372689.0,0.18473848168311918,0.94,734001.0,120926.0,91644.0,93896.0,1.28,0.69,362778.0,318855.0,306466.0
2021,3701,大眾控,2257839.0,0.05920129823251348,0.43,1903446.0,797197.0,911941.0,997403.0,0.0,0.58,2391591.0,2563707.0,2706541.0
2021,2429,銘旺科,301065.0,0.023513194825037782,0.25,397482.0,68892.0,63744.0,75103.0,-0.55,-0.23,206676.0,198954.0,207739.0
2021,2227,裕日車,6151868.0,0.11273551383092095,2.31,3000000.0,1605381.0,1504688.0,2183934.0,7.21,2.41,4816143.0,4665103.5,5294003.0
2021,2204,中華,7550661.0,0.1728849964261407,2.3,5536203.0,2553427.0,3564477.0,2396089.0,1.73,1.25,7660281.0,9176856.0,8513993.0
2021,2453,凌群,1275399.0,0.030810750204445823,0.39,1000000.0,414326.0,436411.0,611976.0,0.34,0.49,1242978.0,1276105.5,1462713.0
2021,1477,聚陽,6120983.0,0.09206511437787035,2.25,2418566.0,3049327.0,2754378.0,2492715.0,3.63,3.26,9147981.0,8705557.5,8296420.0
2021,6166,凌華,2259353.0,0.02956908460076845,0.31,2174973.0,788487.0,681167.0,822202.0,0.26,-0.24,2365461.0,2204481.0,2291856.0
2021,9939,宏全,5929020.0,0.12614850346262957,2.52,2877859.0,2081826.0,1864782.0,1554507.0,2.31,1.79,6245478.0,5919912.0,5501115.0
2021,6192,巨路,1513694.0,0.16508026060749398,2.34,1068398.0,461461.0,542079.0,593713.0,1.86,1.89,1384383.0,1505310.0,1597253.0
2021,2444,兆勁,384898.0,0.015824971810713486,0.06,1055576.0,141617.0,154346.0,144586.0,0.12,0.12,424851.0,443944.5,440549.0
2021,9958,世紀鋼,2358479.0,0.23069953135050175,1.92,2309419.0,1086294.0,1073536.0,1086731.0,1.36,1.78,3258882.0,3239745.0,3246561.0
2021,2886,兆豐金,,,0.46,135998240.0,5356742.0,5948412.0,4615217.0,0.56,0.53,16070226.0,16957731.0,15920371.0
2021,3030,德律,1552734.0,0.22371378484659962,1.47,2362160.0,477441.0,505310.0,402550.0,1.32,1.22,1432323.0,1474126.5,1385301.0
2021,4564,元翎,595811.0,0.12968038522283074,0.42,1827883.0,220875.0,228775.0,217003.0,0.51,0.49,662625.0,674475.0,666653.0
2021,3588,通嘉,515937.0,0.14535495612836452,1.6,477742.0,185632.0,195607.0,207209.0,0.41,1.84,556896.0,571858.5,588448.0
2021,6196,帆宣,8010358.0,0.04923612652518152,2.14,1873382.0,2739920.0,2816944.0,2813212.0,1.26,2.38,8219760.0,8335296.0,8370076.0
2021,1444,力麗,2600205.0,0.020753748262156254,0.05,9573029.0,1083349.0,1017562.0,965384.0,-0.16,0.07,3250047.0,3151366.5,3066295.0
2021,3041,揚智,694085.0,-0.031219519223149902,-0.11,1938699.0,229345.0,241321.0,239936.0,-0.37,0.0,688035.0,705999.0,710602.0
2021,6257,矽格,4205367.0,0.17558182199080366,1.55,4439274.0,1563909.0,1589943.0,1526649.0,1.19,1.92,4691727.0,4730778.0,4680501.0
2021,2427,三商電,780995.0,0.03897720215878463,0.16,1843145.0,285759.0,219788.0,207254.0,0.25,0.28,857277.0,758320.5,712801.0
2021,3050,鈺德,240764.0,0.17718595803359305,0.24,1459845.0,80596.0,83319.0,96403.0,0.35,0.42,241788.0,245872.5,260318.0
2021,5269,祥碩,1471684.0,0.5181642254723161,11.03,692207.0,660599.0,567416.0,558058.0,12.85,14.56,1981797.0,1842022.5,1786073.0
2021,2101,南港,1927349.0,0.12398844215552035,0.28,8339349.0,740111.0,734327.0,675371.0,0.28,-0.19,2220333.0,2211657.0,2149809.0
2021,4916,事欣科,685818.0,0.06263906750770612,0.52,834516.0,161578.0,179681.0,183010.0,0.03,0.25,484734.0,511888.5,524269.0
2021,8940,新天地,105399.0,-0.6664769115456504,-1.0,674910.0,10134.0,12608.0,16498.0,-0.74,-1.38,30402.0,34113.0,39240.0
2021,6243,迅杰,214311.0,0.03070304370750918,0.08,749767.0,79497.0,82111.0,72470.0,-0.07,0.99,238491.0,242412.0,234078.0
2021,2371,大同,7408737.0,0.08330664187431677,0.36,23395367.0,2350992.0,2793519.0,2918163.0,,0.31,7052976.0,7716766.5,8062674.0
2021,6477,安集,306969.0,0.13342063856610928,0.37,1142177.0,77849.0,110114.0,138740.0,1.34,0.4,233547.0,281944.5,326703.0
2021,4414,如興,3249578.0,-0.12947681206605904,-0.5,8189149.0,1936302.0,1493036.0,1841650.0,0.04,0.17,5808906.0,5144007.0,5270988.0
2021,2610,華航,29372982.0,-0.016534446519594095,-0.06,56713178.0,10388342.0,11170530.0,13046011.0,-0.13,0.53,31165026.0,32338308.0,34604883.0
2021,3002,歐格,136097.0,0.007604870055916001,-0.02,1020000.0,39849.0,45942.0,48454.0,0.29,-0.05,119547.0,128686.5,134245.0
2021,6285,啟碁,15502536.0,0.01882362988868402,0.75,3974143.0,5742880.0,5813002.0,5774368.0,1.22,0.85,17228640.0,17333823.0,17330250.0
2021,1470,大統新創,234504.0,0.12556715450482722,0.34,857670.0,65108.0,87710.0,90731.0,0.11,0.15,195324.0,229227.0,243549.0
2021,8478,東哥遊艇,1689977.0,0.23831271076470273,4.48,908863.0,248745.0,506087.0,291729.0,-3.26,2.02,746235.0,1132248.0,1046561.0
2021,2704,國賓,277042.0,-0.41298070328686626,-0.31,3669234.0,42207.0,71571.0,148632.0,0.26,0.19,126621.0,170667.0,262410.0
2021,3229,晟鈦,114083.0,-0.2501249090574406,-0.29,935159.0,40785.0,41130.0,37379.0,-0.39,0.08,122355.0,122872.5,119294.0
2021,6582,申豐,2771534.0,0.450638527256025,11.76,1061741.0,702684.0,727746.0,724410.0,4.54,8.67,2108052.0,2145645.0,2154840.0
2021,6209,今國光,848572.0,-0.07915415545174717,-0.41,1631469.0,284126.0,293193.0,323778.0,-0.3,-0.37,852378.0,865978.5,901097.0
2021,4961,天鈺,5869798.0,0.3287487916960686,10.57,1665579.0,2156566.0,2246633.0,2290904.0,0.72,11.03,6469698.0,6604798.5,6694103.0
2021,2102,泰豐,334159.0,-3.440131793547383,-2.5,4733292.0,119970.0,125632.0,98938.0,0.22,-0.98,359910.0,368403.0,344540.0
2021,1474,弘裕,809333.0,0.057580748591741594,0.36,1298970.0,319317.0,318031.0,325217.0,0.21,0.26,957951.0,956022.0,962565.0
2021,3037,欣興,24030673.0,0.07595671581898684,1.24,15047323.0,9118304.0,9571010.0,9455287.0,1.09,2.87,27354912.0,28033971.0,28144601.0
2021,1616,億泰,795366.0,0.04847202420017954,0.2,1941485.0,258305.0,248488.0,257191.0,0.04,0.12,774915.0,760189.5,763984.0
2021,9941,裕融,7873155.0,0.1705945075385916,3.71,4821465.0,2687872.0,2732555.0,2687663.0,1.83,2.62,8063616.0,8130640.5,8108090.0
2021,1503,士電,7019940.0,0.07017980210657071,0.9,5209722.0,2189672.0,2339338.0,2156922.0,0.79,0.7,6569016.0,6793515.0,6685932.0
2021,2547,日勝生,1132091.0,-0.09180092413065734,-0.11,9000946.0,280984.0,633699.0,256871.0,0.24,-0.08,842952.0,1372024.5,1171554.0
2021,1418,東華,14648.0,-3.4395139268159474,-0.92,568343.0,2766.0,4421.0,747.0,-1.12,-0.6,8298.0,10780.5,7934.0
2021,2207,和泰車,,,7.6,5461792.0,21546401.0,18667431.0,16010315.0,6.62,6.43,64639203.0,60320748.0,56224147.0
2021,4108,懷特,55210.0,-0.5819054519108857,-0.13,1986189.0,17208.0,19215.0,11506.0,-0.17,0.04,51624.0,54634.5,47929.0
2021,1103,嘉泥,550388.0,-0.2802877242963146,-0.25,7747805.0,192983.0,166022.0,201306.0,0.93,1.38,578949.0,538507.5,560311.0
2021,2208,台船,4902729.0,0.004126477314981105,0.01,9316418.0,1689752.0,1593466.0,1641751.0,-0.69,-0.06,5069256.0,4924827.0,4924969.0
2021,6581,鋼聯,474705.0,0.32648276297911333,1.39,1112709.0,136828.0,129173.0,98830.0,1.0,0.79,410484.0,399001.5,364831.0
2021,2630,亞航,1017041.0,0.035449898283353376,0.27,1502372.0,300238.0,337009.0,318361.0,0.22,-0.01,900714.0,955870.5,955608.0
2021,2891,中信金,,,0.71,199969796.0,15537158.0,18591277.0,16677331.0,0.87,0.61,46611474.0,51192652.5,50805766.0
2021,1471,首利,93321.0,-1.0001393041223305,-0.62,1504145.0,17251.0,22488.0,15098.0,2.75,0.22,51753.0,59608.5,54837.0
2021,3027,盛達,249628.0,0.051404489880942844,0.1,988563.0,97762.0,113125.0,103749.0,0.29,0.15,293286.0,316330.5,314636.0
2021,9905,大華,2424711.0,0.07203580138004076,0.58,3050000.0,914833.0,802320.0,835101.0,0.79,0.74,2744499.0,2575729.5,2552254.0
2021,1434,福懋,8609111.0,0.06359077028975466,0.33,16846646.0,2620085.0,2453091.0,2510703.0,0.09,0.39,7860255.0,7609764.0,7583879.0
2021,3711,日月光投控,126926347.0,0.0833348414257916,2.38,43834978.0,46479676.0,50449730.0,53735410.0,1.58,3.29,139439028.0,145394109.0,150664816.0
2021,2409,友達,95655500.0,0.20764572868261627,2.05,96242451.0,33345632.0,32710136.0,32999218.0,0.31,2.03,100036896.0,99083652.0,99054986.0
2021,8463,潤泰材,973381.0,-0.07896085910861214,-0.51,1500000.0,263738.0,268600.0,282762.0,0.48,-0.21,791214.0,798507.0,815100.0
2021,2438,翔耀,98254.0,0.03383068373806664,-0.04,601956.0,28431.0,34062.0,42495.0,0.01,0.01,85293.0,93739.5,104988.0
2021,2412,中華電,49601135.0,0.18688001796733078,1.15,77574465.0,16561392.0,17035427.0,17288683.0,1.08,1.21,49684176.0,50395228.5,50885502.0
2021,2332,友訊,3368935.0,-0.06108844486462339,-0.33,6519961.0,1233610.0,1236674.0,1487423.0,0.46,-0.05,3700830.0,3705426.0,3957707.0
2021,1817,凱撒衛,615807.0,0.09061930117715453,0.78,726000.0,186122.0,166402.0,152891.0,1.0,0.67,558366.0,528786.0,505415.0
2021,2881,富邦金,,,3.34,125236244.0,43523445.0,38050360.0,28305915.0,3.02,3.04,130570335.0,122360707.5,109879720.0
2021,3591,艾笛森,579183.0,0.06562519963465778,0.31,1225616.0,161022.0,146792.0,177618.0,0.22,0.2,483066.0,461721.0,485432.0
2021,1231,聯華食,2157207.0,0.0724130785779946,0.85,2017624.0,829241.0,887835.0,706336.0,1.08,0.83,2487723.0,2575614.0,2423412.0
2021,1227,佳格,7407505.0,0.11102604723182773,0.9,9150897.0,2558217.0,2813843.0,3294742.0,1.04,0.65,7674651.0,8058090.0,8666802.0
2021,2231,為升,985685.0,0.09763869796131625,0.87,1219166.0,288342.0,302158.0,306384.0,0.52,1.03,865026.0,885750.0,896884.0
2021,2887,台新新光金,,,0.73,117136172.0,6315799.0,7024343.0,5935607.0,0.39,0.34,18947397.0,20010213.0,19275749.0
2021,9945,潤泰新,6354708.0,0.6339046577749914,2.6,21068334.0,2925757.0,3573571.0,1976853.0,1.06,-0.03,8777271.0,9748992.0,8476181.0
2021,8110,華東,2176889.0,-0.018517710365572152,-0.04,5217219.0,685167.0,703288.0,769486.0,0.42,0.04,2055501.0,2082682.5,2157941.0
2021,1315,達新,542169.0,-0.4940507480139956,-2.01,1386000.0,287861.0,209850.0,185205.0,2.15,1.75,863583.0,746566.5,682916.0
2021,2889,國票金,,,0.32,28964817.0,1033671.0,710055.0,701125.0,0.33,0.24,3101013.0,2615589.0,2444851.0
2021,8271,宇瞻,2286531.0,0.07392770970522596,1.68,1018243.0,715132.0,689968.0,722795.0,0.24,1.11,2145396.0,2107650.0,2127895.0
2021,3380,明泰,7555030.0,0.0181477770439032,0.21,5417185.0,2063004.0,1958472.0,2684480.0,0.45,0.21,6189012.0,6032214.0,6705956.0
2021,4555,氣立,573462.0,0.1481161785785283,1.23,669926.0,193638.0,188963.0,172512.0,0.69,1.07,580914.0,573901.5,555113.0
2021,4930,燦星網,2835300.0,0.05876485733432088,0.61,1343000.0,837397.0,868663.0,1020120.0,0.99,1.59,2512191.0,2559090.0,2726180.0
2021,2345,智邦,14052983.0,0.0683119021776373,1.72,5598384.0,4527357.0,5522227.0,5154468.0,2.69,1.96,13582071.0,15074376.0,15204052.0
2021,9946,三發地產,304690.0,0.13341428993403132,0.13,3110040.0,330979.0,198644.0,186010.0,0.13,0.3,992937.0,794434.5,715633.0
2021,3167,大量,1311148.0,0.09247011016300219,1.52,801341.0,401675.0,384221.0,428459.0,0.54,1.99,1205025.0,1178844.0,1214355.0
2021,9921,巨大,21372326.0,0.0914898078945642,4.93,3750646.0,6936813.0,6457931.0,6518236.0,3.95,3.41,20810439.0,20092116.0,19912980.0
2021,2915,潤泰全,700857.0,4.871444531480744,6.36,7343188.0,203983.0,326241.0,191430.0,7.11,1.24,611949.0,795336.0,721654.0
2021,1476,儒鴻,9786767.0,0.15580272831671582,5.56,2743671.0,3464533.0,2544549.0,2049715.0,4.56,3.51,10393599.0,9013623.0,8058797.0
2021,6136,富爾特,151899.0,-0.02285071001125748,-0.03,1155364.0,64090.0,40436.0,50813.0,0.65,0.77,192270.0,156789.0,155339.0
2021,3346,麗清,1215744.0,0.002692178616550853,0.01,965043.0,370180.0,391088.0,546514.0,0.75,0.09,1110540.0,1141902.0,1307782.0
2021,1721,三晃,686474.0,0.021700749045120427,0.08,1889952.0,180460.0,194246.0,225462.0,-0.09,-0.45,541380.0,562059.0,600168.0
2021,1460,宏遠,2205415.0,0.017992532017783502,0.12,3946434.0,692595.0,920232.0,950028.0,0.02,0.11,2077785.0,2419240.5,2562855.0
2021,2511,太子,2678022.0,0.2735287462164239,0.47,16233261.0,810251.0,839679.0,788779.0,0.14,-0.26,2430753.0,2474895.0,2438709.0
2021,2031,新光鋼,3870316.0,0.24711677289399625,3.04,3193527.0,1311866.0,1210203.0,1274385.0,1.88,1.79,3935598.0,3783103.5,3796454.0
2021,4104,佳醫,1580433.0,0.0992341972105113,0.96,1411490.0,486139.0,539838.0,551463.0,1.03,1.19,1458417.0,1538965.5,1577440.0
2021,8163,達方,7537554.0,0.050593866392200974,1.11,2800000.0,2452843.0,2263981.0,2245651.0,1.01,1.08,7358529.0,7075236.0,6962475.0
2021,2247,汎德永業,12010415.0,0.028156562450173454,4.19,807087.0,3537287.0,2813539.0,3569069.0,9.89,3.57,10611861.0,9526239.0,9919895.0
2021,1410,南染,130968.0,0.1929708020279763,0.38,630000.0,40335.0,43566.0,37833.0,0.22,0.33,121005.0,125851.5,121734.0
2021,3338,泰碩,1244152.0,0.03791096264765077,0.54,878771.0,429846.0,410585.0,436885.0,0.41,0.64,1289538.0,1260646.5,1277316.0
2021,1236,宏亞,282125.0,-0.26111475409836066,-0.68,1083425.0,119197.0,107836.0,174351.0,0.22,-0.13,357591.0,340549.5,401384.0
2021,8033,雷虎,308031.0,0.034866620567410425,0.09,1273614.0,80039.0,94973.0,137697.0,,0.17,240117.0,262518.0,312709.0
2021,3057,喬鼎,214636.0,-0.03603309789597272,-0.08,893288.0,70603.0,79310.0,113149.0,-0.35,0.11,211809.0,224869.5,263062.0
2021,6115,鎰勝,1850794.0,0.04872827554011954,0.49,1876622.0,664488.0,688365.0,728268.0,0.7,0.73,1993464.0,2029279.5,2081121.0
2021,1711,永光,2349495.0,0.07370477485587329,0.31,5477522.0,712261.0,757158.0,725758.0,0.04,0.19,2136783.0,2204128.5,2195177.0
2021,2030,彰源,3754865.0,0.07403222219706967,0.99,2805260.0,1279723.0,1339911.0,1337532.0,0.22,1.29,3839169.0,3929451.0,3957166.0
2021,2414,精技,5677100.0,0.029884800338200842,1.0,1617358.0,2161759.0,2332739.0,2227904.0,0.59,0.91,6485277.0,6741747.0,6722402.0
2021,3515,華擎,5378140.0,0.15200329481939853,6.6,1206424.0,1284226.0,1439479.0,1351697.0,4.04,3.35,3852678.0,4085557.5,4075402.0
2021,2385,群光,25292775.0,0.06470638354233571,1.87,7452927.0,8895088.0,8599800.0,9854024.0,2.55,2.25,26685264.0,26242332.0,27348912.0
2021,3419,譁裕,460859.0,-0.002319581477198015,-0.01,1204804.0,145357.0,128079.0,141440.0,0.95,-0.05,436071.0,410154.0,414876.0
2021,2855,統一證,4362357.0,0.4787776424533801,1.49,14558313.0,800347.0,904970.0,369292.0,0.91,0.15,2401041.0,2557975.5,2074609.0
2021,6168,宏齊,838829.0,0.12287248056516882,0.5,2060698.0,267423.0,273778.0,262718.0,0.08,0.52,802269.0,811801.5,803919.0
2021,2442,新美齊,921851.0,0.35603584527217524,1.38,2399694.0,9108.0,100321.0,8408.0,0.26,0.16,27324.0,164143.5,117837.0
2021,6438,迅得,1219601.0,0.12940133699464004,2.57,625608.0,501989.0,420838.0,462699.0,1.4,2.87,1505967.0,1384240.5,1385526.0
2021,2612,中航,807407.0,0.99089678439746,4.08,1974846.0,300398.0,311717.0,330167.0,1.03,-1.24,901194.0,918172.5,942282.0
2021,1598,岱宇,2774180.0,0.014743455723853535,0.39,1339822.0,751159.0,786966.0,895003.0,3.84,0.87,2253477.0,2307187.5,2433128.0
2021,9937,全國,4738969.0,0.03097129354507278,0.48,3090430.0,1628658.0,1797458.0,1900490.0,0.8,0.73,4885974.0,5139174.0,5326606.0
2021,3015,全漢,3865646.0,0.04158063102518958,0.8,1872620.0,1411090.0,1478312.0,1485066.0,1.55,1.5,4233270.0,4334103.0,4374468.0
2021,2464,盟立,2327938.0,0.05143736645907236,0.61,1955312.0,820165.0,840176.0,877079.0,0.66,0.82,2460495.0,2490511.5,2537420.0
2021,1612,宏泰,1616074.0,0.11176592161002528,0.58,3160801.0,520618.0,631737.0,575841.0,0.81,0.36,1561854.0,1728532.5,1728196.0
2021,2845,遠東銀,,,0.19,35139632.0,964022.0,961934.0,892677.0,0.2,0.21,2892066.0,2888934.0,2818633.0
2021,8213,志超,6735331.0,0.07598973235316869,1.89,2712425.0,2469934.0,2503717.0,2430696.0,1.49,1.64,7409802.0,7460476.5,7404347.0
2021,8105,凌巨,2686477.0,-0.003346017851632454,-0.02,4415449.0,891996.0,924132.0,879901.0,-0.69,0.27,2675988.0,2724192.0,2696029.0
2021,9943,好樂迪,329774.0,-0.27007283776161856,-0.61,1473176.0,4359.0,5090.0,4451.0,1.15,-1.67,13077.0,14173.5,13900.0
2021,2023,燁輝,23129569.0,0.050867830697580226,0.62,18905695.0,8464226.0,7965598.0,7971658.0,0.6,0.96,25392678.0,24644736.0,24401482.0
2021,2867,三商壽,32701697.0,0.034012730287360925,0.45,25395011.0,10412727.0,10964325.0,8635705.0,-0.46,-0.34,31238181.0,32065578.0,30012757.0
2021,1802,台玻,15113944.0,0.21078045545226315,1.04,29080608.0,5311638.0,5287484.0,4842494.0,0.48,1.22,15934914.0,15898683.0,15441616.0
2021,8210,勤誠,2338238.0,0.0759447926173469,1.48,1208610.0,788938.0,921640.0,935660.0,1.96,1.8,2366814.0,2565867.0,2646238.0
2021,9925,新保,1779415.0,0.12424926169555725,0.55,3874896.0,613750.0,617484.0,670397.0,0.73,1.0,1841250.0,1846851.0,1901631.0
2021,9928,中視,178226.0,-0.1249144344820621,-0.15,1507246.0,62515.0,67645.0,71068.0,-0.04,-0.04,187545.0,195240.0,201228.0
2021,6414,樺漢,22805189.0,0.03346391911069012,3.14,968120.0,6952659.0,7406452.0,9132193.0,2.48,3.78,20857977.0,21538666.5,23491304.0
2021,6531,愛普*,1633506.0,0.279310268832805,6.16,743406.0,755742.0,680570.0,584314.0,1.7,-0.88,2267226.0,2154468.0,2020626.0
2021,1516,川飛,424825.0,0.04516212558112164,0.56,356842.0,134181.0,628.0,72982.0,0.18,0.2,402543.0,202213.5,207791.0
2021,6153,嘉聯益,3124820.0,-0.07512240705064611,-0.42,5561777.0,1283234.0,1305925.0,1314891.0,0.88,0.24,3849702.0,3883738.5,3904050.0
2021,3092,鴻碩,670370.0,0.003430941122066918,0.02,907565.0,215181.0,260588.0,301459.0,0.23,-0.27,645543.0,713653.5,777228.0
2021,2476,鉅祥,1611618.0,0.14044891531367856,1.06,1849683.0,596262.0,582832.0,604849.0,0.52,1.13,1788786.0,1768641.0,1783943.0
2021,1102,亞泥,22084285.0,0.24297956669188067,1.44,33673795.0,6477630.0,7193266.0,7831470.0,1.57,1.04,19432890.0,20506344.0,21502366.0
2021,2892,第一金,,,0.46,128358011.0,5315527.0,5587879.0,5146169.0,0.36,0.42,15946581.0,16355109.0,16049575.0
2021,8454,富邦媒,22258273.0,0.039706988947435407,3.58,1820761.0,7173226.0,7224373.0,6509787.0,3.0,3.83,21519678.0,21596398.5,20907386.0
2021,1904,正隆,11545004.0,0.09893638841528335,1.04,11082745.0,3741899.0,3260318.0,4146589.0,0.82,0.7,11225697.0,10503325.5,11148806.0
2021,2354,鴻準,22532634.0,0.06684433786125492,1.07,14144852.0,9482670.0,11340589.0,12500636.0,1.18,0.81,28448010.0,31234888.5,33323895.0
2021,2321,東訊,273164.0,0.004524754360018157,-0.03,945997.0,106362.0,94105.0,84006.0,-0.63,0.11,319086.0,300700.5,284473.0
2021,2482,連宇,201220.0,0.009785309611370639,0.04,620725.0,67775.0,85143.0,78982.0,-0.38,0.31,203325.0,229377.0,231900.0
2021,4722,國精化,1163705.0,0.09799304806630546,1.16,1000092.0,399863.0,404410.0,383266.0,0.72,0.83,1199589.0,1206409.5,1187539.0
2021,3010,華立,16865834.0,0.04291047807063677,2.77,2313901.0,6134070.0,6058979.0,6563249.0,2.75,3.46,18402210.0,18289573.5,18756298.0
2021,3530,晶相光,1086136.0,0.22891240139356397,3.23,781109.0,400815.0,385797.0,327238.0,1.2,3.18,1202445.0,1179918.0,1113850.0
2021,1805,寶徠,56647.0,-0.09176125831906368,-0.06,1002654.0,7754.0,3595.0,6059.0,-0.15,-0.06,23262.0,17023.5,17408.0
2021,2910,統領,90459.0,0.21995600216672748,0.12,2087250.0,27704.0,39030.0,53833.0,0.21,0.16,83112.0,100101.0,120567.0
2021,1587,吉茂,626868.0,0.056772717701334255,0.54,653566.0,216327.0,196793.0,201499.0,0.57,0.35,648981.0,619680.0,614619.0
2021,3005,神基,7668662.0,0.31469296729990187,4.11,5932919.0,2402106.0,2710858.0,2351138.0,1.12,1.05,7206318.0,7669446.0,7464102.0
2021,4956,光鋐,459252.0,0.08455923980733888,0.39,1004082.0,161533.0,160185.0,155871.0,0.04,0.37,484599.0,482577.0,477589.0
2021,2413,環科,967479.0,-0.03811245515406536,-0.29,1273592.0,383351.0,329603.0,308767.0,0.3,0.11,1150053.0,1069431.0,1021721.0
2021,1210,大成,27116530.0,0.01434969739859783,0.51,8521593.0,9150386.0,7913624.0,9493296.0,1.28,0.32,27451158.0,25596015.0,26557306.0
2021,1531,高林股,759662.0,0.09716558153494581,0.41,1836081.0,227863.0,273558.0,238904.0,0.01,0.29,683589.0,752131.5,740325.0
2021,1783,和康生,121074.0,0.17666881411368254,0.31,694650.0,35208.0,47965.0,55392.0,0.18,0.42,105624.0,124759.5,138565.0
2021,6278,台表科,15754972.0,0.05528470631366403,3.0,2923984.0,5925520.0,6342367.0,6478770.0,2.65,3.83,17776560.0,18401830.5,18746657.0
2021,3443,創意,3300837.0,0.06655948173145175,1.64,1340119.0,1224453.0,1046434.0,1313965.0,0.8,3.11,3673359.0,3406330.5,3584852.0
2021,8201,無敵,244684.0,0.7446911118013437,2.92,623663.0,69585.0,36224.0,48733.0,-0.18,-0.42,208755.0,158713.5,154542.0
2021,2913,農林,77883.0,-0.4384910699382407,-0.04,7900000.0,37123.0,32359.0,31139.0,-0.05,-0.04,111369.0,104223.0,100621.0
2021,4755,三福化,990197.0,0.11590824856063996,1.14,1007060.0,401711.0,386062.0,391210.0,1.33,1.55,1205133.0,1181659.5,1178983.0
2021,1446,宏和,29883.0,-0.41170565204296755,-0.09,1377095.0,13694.0,15769.0,10204.0,0.15,-0.17,41082.0,44194.5,39667.0
2021,2328,廣宇,5252609.0,0.052855447645160716,0.44,5183462.0,1968621.0,2132625.0,2813299.0,0.56,0.56,5905863.0,6151869.0,6914545.0
2021,2904,匯僑,122355.0,0.18699685341833192,0.33,690344.0,35223.0,37116.0,37079.0,0.58,0.02,105669.0,108508.5,109418.0
2021,2029,盛餘,3644801.0,0.09466936603671915,1.06,3211800.0,1290069.0,1023602.0,1283192.0,0.21,1.03,3870207.0,3470506.5,3596863.0
2021,8112,至上,52409345.0,0.0171940328580714,2.01,4284965.0,15990838.0,18572742.0,19344822.0,1.2,1.8,47972514.0,51845370.0,53908402.0
2021,8011,台通,373494.0,-0.09810331625139895,-0.18,1476424.0,163768.0,140215.0,101450.0,-0.12,-0.49,491304.0,455974.5,405433.0
2021,1326,台化,95875657.0,0.14411733314119557,2.12,58611863.0,30240623.0,30621450.0,30263865.0,2.26,1.63,90721869.0,91293109.5,91125938.0
2021,8016,矽創,5534516.0,0.3314221153213759,13.0,1201369.0,2226396.0,2206743.0,2152675.0,2.62,15.69,6679188.0,6649708.5,6585814.0
2021,3209,全科,11731081.0,0.018075401576376465,1.12,1891813.0,4352677.0,4538119.0,4811027.0,0.87,1.01,13058031.0,13336194.0,13701823.0
2021,9906,欣巴巴,37.0,-835.5945945945946,-0.37,833439.0,12.0,165255.0,799126.0,-0.2,3.17,36.0,247900.5,964393.0
2021,2069,運錩,3432425.0,0.050047415457001976,1.11,1563868.0,1244033.0,1278281.0,1515752.0,0.41,1.49,3732099.0,3783471.0,4038066.0
2021,2353,宏碁,79778071.0,0.03735328471404128,0.97,30478538.0,26101937.0,27103972.0,27928061.0,0.76,1.0,78305811.0,79808863.5,81133970.0
2021,1539,巨庭,739407.0,0.013030712449300588,0.14,653700.0,315567.0,241574.0,290452.0,-0.18,0.82,946701.0,835711.5,847593.0
2021,2542,興富發,15590624.0,0.1805730161922961,1.97,12909636.0,3393299.0,2595467.0,4450422.0,0.45,1.66,10179897.0,8983149.0,10439188.0
2021,2337,旺宏,11426446.0,0.16851092631952228,1.04,18560460.0,4283151.0,5011832.0,5679392.0,0.88,2.94,12849453.0,13942474.5,14974375.0
2021,8261,富鼎,1030723.0,0.13570862394649194,1.72,813405.0,342722.0,341482.0,349951.0,0.68,2.38,1028166.0,1026306.0,1034155.0
2021,2436,偉詮電,903621.0,0.22344544892161647,1.14,1780100.0,340110.0,318460.0,316247.0,0.85,1.01,1020330.0,987855.0,974817.0
2021,9931,欣高,287181.0,0.11500412631754886,0.3,1104306.0,80917.0,89293.0,93721.0,0.38,0.51,242751.0,255315.0,263931.0
2021,6505,台塑化,144972645.0,0.09370827855144673,1.43,95259597.0,53822091.0,53503614.0,56679642.0,1.67,1.08,161466273.0,160988557.5,164005347.0
2021,4764,雙鍵,793786.0,0.048611338572360815,0.51,754206.0,242114.0,261889.0,256970.0,0.2,0.13,726342.0,756004.5,760973.0
2021,1710,東聯,7275444.0,0.005164633251248996,0.06,8857031.0,2439130.0,2370831.0,2173419.0,-0.2,0.26,7317390.0,7214941.5,6983380.0
2021,2546,根基,2531513.0,0.11158662823378747,2.67,1060357.0,620795.0,746489.0,990261.0,1.19,1.45,1862385.0,2050926.0,2357545.0
2021,2356,英業達,114803528.0,0.008798422989230784,0.31,35874751.0,45511321.0,48687856.0,50879960.0,0.54,0.79,136533963.0,141298765.5,145079137.0
2021,2468,華經,533955.0,0.025989081476903483,0.2,699612.0,184115.0,166050.0,161825.0,0.28,0.15,552345.0,525247.5,511990.0
2021,3049,精金,875950.0,0.3964381528626063,0.43,8069485.0,288888.0,301363.0,350762.0,0.09,0.24,866664.0,885376.5,941013.0
2021,1437,勤益控,140441.0,0.7101701070200298,0.49,2033713.0,78640.0,48060.0,52406.0,0.49,0.5,235920.0,190050.0,179106.0
2021,3652,精聯,555821.0,0.03436538022133025,0.41,470975.0,243773.0,233650.0,214766.0,0.35,0.38,731319.0,716134.5,692189.0
2021,1528,恩德,876206.0,0.01203940625834564,0.06,1993310.0,310150.0,369008.0,317563.0,0.01,1.08,930450.0,1018737.0,996721.0
2021,3231,緯創,200878566.0,0.026289425025067134,1.49,29036121.0,67521122.0,70278501.0,82592571.0,0.99,0.3,202563366.0,206699434.5,220392194.0
2021,4426,利勤,167442.0,-0.6924487285149484,-0.68,1726773.0,43511.0,39970.0,24897.0,-0.21,-0.57,130533.0,125221.5,108378.0
2021,1110,東泥,547777.0,0.04626882837358998,0.05,5720008.0,159247.0,109276.0,140017.0,0.04,0.13,477741.0,402784.5,408540.0
2021,1459,聯發,598869.0,0.24977415762044788,0.47,3586289.0,213216.0,200609.0,199489.0,-0.15,0.89,639648.0,620737.5,613314.0
2021,4306,炎洲,4620613.0,0.10041611361955655,0.79,5951028.0,1465457.0,1464255.0,1414033.0,1.97,-1.35,4396371.0,4394568.0,4343745.0
2021,2012,春雨,2956933.0,0.08941629722418465,0.88,2877740.0,996244.0,1104777.0,1176775.0,0.1,0.91,2988732.0,3151531.5,3277796.0
2021,1473,台南,918400.0,-0.13408645470383276,-0.85,1471535.0,598052.0,475063.0,580293.0,-0.32,-0.21,1794156.0,1609672.5,1653408.0
2021,4106,雃博,576441.0,0.06093598477554511,0.34,1009116.0,183773.0,179714.0,234938.0,0.28,0.31,551319.0,545230.5,598425.0
2021,2801,彰銀,,,0.21,103847236.0,2689202.0,2786574.0,2281120.0,0.13,0.25,8067606.0,8213664.0,7756896.0
2021,3669,圓展,1021561.0,0.19157739968538345,2.11,929200.0,333617.0,312103.0,275604.0,5.04,1.9,1000851.0,968580.0,921324.0
2021,8114,振樺電,2123016.0,0.053391966899919735,1.17,749218.0,722947.0,786965.0,820082.0,0.51,2.12,2168841.0,2264868.0,2329994.0
2021,6668,中揚光,317543.0,-0.11315947761405543,-0.5,683309.0,135486.0,118453.0,74078.0,0.32,-1.24,406458.0,380908.5,328017.0
2021,2911,麗嬰房,741473.0,-0.22971976053072735,-0.9,1846778.0,218928.0,307827.0,302338.0,-0.2,-0.64,656784.0,790132.5,829093.0
2021,6416,瑞祺電通,1118301.0,0.03978356453226815,0.58,731889.0,338551.0,300152.0,418720.0,1.44,0.62,1015653.0,958054.5,1057423.0
2021,5007,三星,1867520.0,0.13874228923920492,0.86,2949401.0,679852.0,547791.0,745429.0,0.43,0.96,2039556.0,1841464.5,1973072.0
2021,5534,長虹,258666.0,0.06693187353575654,0.06,2903260.0,95221.0,163096.0,127056.0,1.03,-0.03,285663.0,387475.5,385373.0
2021,8081,致新,2380188.0,0.230643965938825,6.11,861721.0,859360.0,841672.0,815633.0,3.55,7.89,2578080.0,2551548.0,2516665.0
2021,1605,華新,39143003.0,0.09435093674340725,1.05,34313329.0,14448725.0,13419588.0,14394712.0,0.56,1.32,43346175.0,41802469.5,42263025.0
2021,1472,三洋實業,178069.0,-0.008053058084225777,-0.02,860528.0,38944.0,37903.0,123398.0,-1.53,0.1,116832.0,115270.5,200245.0
2021,2516,新建,2070043.0,0.0018192858795686854,0.02,2262785.0,766920.0,898222.0,617189.0,-1.94,0.06,2300760.0,2497713.0,2282331.0
2021,1714,和桐,4999883.0,0.08274113614258574,0.2,10168248.0,1642419.0,1673015.0,1842123.0,-0.14,0.24,4927257.0,4973151.0,5157557.0
2021,3008,大立光,10113080.0,0.2926852155821965,22.07,1341402.0,3803311.0,4011935.0,4172183.0,43.74,39.22,11409933.0,11722869.0,11987429.0
2021,2462,良得電,1277277.0,0.12653950552620927,1.14,1419346.0,393545.0,416644.0,385886.0,0.38,-0.01,1180635.0,1215283.5,1196075.0
2021,1432,大魯閣,135918.0,-0.5916876351918068,-1.07,750000.0,27002.0,59027.0,64585.0,0.65,-0.64,81006.0,129043.5,150614.0
2021,6464,台數科,1024713.0,0.26521767558330966,2.18,1246986.0,356049.0,354683.0,347431.0,2.27,1.69,1068147.0,1066098.0,1058163.0
2021,3060,銘異,970395.0,0.04190046321343371,0.3,1375632.0,319470.0,363008.0,378874.0,-0.48,0.63,958410.0,1023717.0,1061352.0
2021,5519,隆大,1334184.0,0.13816684954998712,0.84,2191972.0,59764.0,136040.0,530935.0,0.72,0.3,179292.0,293706.0,726739.0
2021,2535,達欣工,3948414.0,0.10433910932338909,1.29,3373609.0,1167274.0,997117.0,1266896.0,0.36,0.67,3501822.0,3246586.5,3431287.0
2021,3090,日電貿,2812078.0,0.0849080288669091,1.28,1786572.0,959837.0,923971.0,886307.0,1.0,1.22,2879511.0,2825712.0,2770115.0
2021,3708,上緯投控,2796540.0,0.015910732548077268,0.41,935046.0,708797.0,754049.0,907198.0,2.41,-0.1,2126391.0,2194269.0,2370044.0
2021,3528,安馳,1695486.0,0.04101007026893764,1.06,656160.0,574780.0,541974.0,447517.0,0.9,1.14,1724340.0,1675131.0,1564271.0
2021,2379,瑞昱,25839083.0,0.1665961984796442,8.43,5106849.0,9563140.0,9626664.0,9765046.0,4.92,9.57,28689420.0,28784706.0,28954850.0
2021,1614,三洋電,1597213.0,0.06910412074031454,0.42,2691134.0,565435.0,482311.0,455565.0,0.55,0.43,1696305.0,1571619.0,1503311.0
2021,3032,偉訓,2143368.0,0.05452866703244613,0.85,1132856.0,616461.0,622145.0,629607.0,1.51,0.68,1849383.0,1857909.0,1868213.0
2021,2399,映泰,636806.0,0.23193248807329075,0.83,1781000.0,182185.0,277621.0,220126.0,0.49,0.32,546555.0,689709.0,679932.0
2021,2850,新產,4565335.0,0.13510728128384883,1.96,3159633.0,1593899.0,1561163.0,1559901.0,1.71,2.05,4781697.0,4732593.0,4714963.0
2021,3296,勝德,879453.0,-0.01446922120909247,-0.13,967244.0,307512.0,320675.0,328743.0,0.07,-0.32,922536.0,942280.5,956930.0
2021,1537,廣隆,1944881.0,0.10348859390368871,2.46,820664.0,402326.0,193093.0,190622.0,2.95,0.66,1206978.0,893128.5,786041.0
2021,1909,榮成,14017272.0,0.0650401875628867,0.71,12776857.0,5037131.0,5428788.0,5159719.0,0.27,0.38,15111393.0,15698878.5,15625638.0
2021,2393,億光,6757793.0,0.09238341570983308,1.37,4433931.0,2147672.0,2242825.0,2230341.0,1.04,1.38,6443016.0,6585745.5,6620838.0
2021,1727,中華化,460742.0,0.13925363869584279,0.57,1082500.0,169359.0,164839.0,175010.0,-0.13,0.35,508077.0,501297.0,509208.0
2021,2419,仲琦,2335201.0,0.0213112275988234,0.06,3289862.0,734076.0,738459.0,695982.0,0.29,0.1,2202228.0,2208802.5,2168517.0
2021,5469,瀚宇博,13375043.0,0.08442694352459278,1.39,5284413.0,4821050.0,6278364.0,6265446.0,2.4,2.67,14463150.0,16649121.0,17364860.0
2021,1235,興泰,3808.0,-5.524422268907563,-0.21,1043978.0,2096.0,2284.0,24875.0,0.95,1.2,6288.0,6570.0,29255.0
2021,1809,中釉,534453.0,0.006241895919753468,0.05,1670419.0,212538.0,185060.0,153950.0,0.06,0.04,637614.0,596397.0,551548.0
2021,4551,智伸科,2244021.0,0.1297006578815439,2.52,1152225.0,695303.0,713676.0,706423.0,2.45,2.55,2085909.0,2113468.5,2115402.0
2021,2107,厚生,578177.0,0.26278630938276687,0.44,3423260.0,177282.0,179715.0,213984.0,1.09,0.6,531846.0,535495.5,570981.0
2021,2406,國碩,2015464.0,-0.06693843204344012,-0.21,2859057.0,692289.0,613390.0,516702.0,0.69,-0.25,2076867.0,1958518.5,1822381.0
2021,6504,南六,1750329.0,0.01513372628802928,0.37,726000.0,445059.0,454434.0,538726.0,6.57,0.26,1335177.0,1349239.5,1438219.0
2021,9914,美利達,7293360.0,0.12841831474107956,2.97,2989838.0,3067038.0,2572336.0,1822662.0,4.51,4.07,9201114.0,8459061.0,7462036.0
2021,4906,正文,6524004.0,0.027834440322231563,0.51,3629215.0,1752854.0,2004380.0,1779943.0,3.46,0.27,5258562.0,5635851.0,5537177.0
2021,5522,遠雄,5049891.0,0.1830386041995758,1.19,7815962.0,2334201.0,2901807.0,3905562.0,1.57,1.82,7002603.0,7854012.0,9141570.0
2021,2459,敦吉,1797452.0,0.08476165149333613,1.31,1055956.0,626641.0,612134.0,603691.0,1.52,1.68,1879923.0,1858162.5,1842466.0
2021,1101,台泥,27985712.0,0.295612989942868,1.25,63235800.0,8319971.0,8964476.0,9597804.0,1.21,0.59,24959913.0,25926670.5,26882251.0
2021,3038,全台,1041617.0,0.05725232979108444,0.41,1624076.0,376495.0,378090.0,339649.0,0.42,0.48,1129485.0,1131877.5,1094234.0
2021,2530,華建,2090.0,-15.31866028708134,-0.06,5207525.0,612.0,749.0,761.0,-0.09,-0.07,1836.0,2041.5,2122.0
2021,1452,宏益,490889.0,0.22108867788848396,0.82,1326414.0,167154.0,171621.0,162067.0,0.37,0.37,501462.0,508162.5,500842.0
2021,2357,華碩,128079748.0,0.09215609168750082,15.31,7427603.0,37573755.0,45468278.0,56051076.0,14.15,15.25,112721265.0,124563049.5,139093109.0
2021,6558,興能高,422196.0,-0.0018877488180844915,-0.01,866618.0,150643.0,140528.0,139706.0,0.44,-0.04,451929.0,436756.5,430877.0
2021,3003,健和興,1193030.0,0.14066452645784264,1.07,1556549.0,399745.0,383418.0,426952.0,0.48,1.27,1199235.0,1174744.5,1210115.0
2021,6491,晶碩,1381345.0,0.21371706561358675,4.22,700000.0,432945.0,476039.0,604441.0,2.9,5.16,1298835.0,1363476.0,1513425.0
2021,2597,潤弘,5524219.0,0.07033265697829866,3.22,1849500.0,1644890.0,1839467.0,1609977.0,2.36,0.93,4934670.0,5226535.5,5094334.0
2021,3532,台勝科,2857443.0,0.09636587676464588,0.71,3878483.0,1071181.0,1066663.0,1038129.0,0.7,1.1,3213543.0,3206766.0,3175973.0
2021,2524,京城,2074655.0,0.21215913007222886,1.19,3731455.0,467893.0,359430.0,197891.0,1.44,0.75,1403679.0,1240984.5,1025214.0
2021,2228,劍麟,882888.0,0.11748035990975073,1.37,757803.0,307318.0,318942.0,275645.0,-0.12,0.49,921954.0,939390.0,901905.0
2021,1409,新纖,,,0.67,16184093.0,3661437.0,4049279.0,3733900.0,0.44,0.75,10984311.0,11566074.0,11444616.0
2021,2457,飛宏,2823470.0,-0.03947447644210847,-0.33,3376884.0,1112896.0,956218.0,1075036.0,0.06,-0.04,3338688.0,3103671.0,3144150.0
2021,2486,一詮,1521324.0,0.09035353415840412,0.66,2019586.0,537048.0,545313.0,550266.0,-0.05,0.68,1611144.0,1623541.5,1632627.0
2021,3059,華晶科,2302341.0,0.031065771751447764,0.23,2793145.0,894091.0,868201.0,708070.0,0.15,0.36,2682273.0,2643438.0,2470362.0
2021,5531,鄉林,741070.0,-0.3073299418408517,-0.2,9775892.0,110151.0,82219.0,191092.0,-0.12,-0.2,330453.0,288555.0,383462.0
2021,5706,鳳凰,22661.0,0.053792859979700805,0.0,671174.0,23783.0,28937.0,20015.0,0.2,0.17,71349.0,79080.0,72735.0
2021,3266,昇陽,198943.0,-0.08964376731023459,-0.06,3523143.0,393782.0,36834.0,47150.0,0.38,0.5,1181346.0,645924.0,477766.0
2021,1108,幸福,1028262.0,0.07736938640152023,0.2,4047380.0,310860.0,249977.0,269964.0,0.25,0.09,932580.0,841255.5,830801.0
2021,2636,台驊控股,7874725.0,0.21579775801694662,13.46,1346687.0,3366984.0,3693850.0,4099402.0,1.42,5.78,10100952.0,10591251.0,11160236.0
2021,1521,大億,1241248.0,0.02846248292041558,0.46,762300.0,391699.0,356022.0,363654.0,0.22,0.12,1175097.0,1121581.5,1111375.0
2021,2816,旺旺保,2185124.0,0.04310602052789682,0.42,2236080.0,693174.0,747999.0,611091.0,1.4,0.37,2079522.0,2161759.5,2052264.0
2021,2241,艾姆勒,267470.0,-0.10275544920925711,-0.32,896023.0,100516.0,106104.0,117484.0,0.16,-0.4,301548.0,309930.0,324104.0
2021,1617,榮星,1295739.0,0.04934944460265532,0.46,1442332.0,437288.0,393843.0,370723.0,0.42,0.32,1311864.0,1246696.5,1201854.0
2021,2440,太空梭,1226165.0,0.03060354846207484,0.27,1391173.0,351151.0,324698.0,282851.0,0.48,0.16,1053453.0,1013773.5,958700.0
2021,4576,大銀微系統,794298.0,0.0934095263994118,0.58,1198018.0,272404.0,275969.0,291758.0,0.31,0.8,817212.0,822559.5,840131.0
2021,1514,亞力,1369749.0,0.06426870908465712,0.4,2174540.0,525318.0,443719.0,482037.0,0.37,0.41,1575954.0,1453555.5,1451074.0
2021,6225,天瀚,3408.0,-0.556631455399061,-0.07,437237.0,3249.0,2461.0,1969.0,-0.01,-0.03,9747.0,8565.0,7679.0
2021,3501,維熹,1351678.0,0.0724255333000907,0.83,1182579.0,481416.0,539389.0,519467.0,1.61,1.02,1444248.0,1531207.5,1540272.0
2021,4934,太極,514177.0,-0.36546558869805534,-0.81,2000000.0,93842.0,110528.0,69089.0,-0.1,-0.68,281526.0,306555.0,273459.0
2021,2392,正崴,17433433.0,0.017689803264795866,0.62,5123269.0,6155907.0,6711913.0,8309497.0,2.16,0.82,18467721.0,19301730.0,21177317.0
2021,2501,國建,1207518.0,-0.24982401918646346,-0.26,11595611.0,438048.0,651147.0,1353469.0,0.27,0.08,1314144.0,1633792.5,2442664.0
2021,2474,可成,10401910.0,0.06622043451635325,0.89,7616181.0,3471053.0,3246947.0,3151666.0,0.77,2.64,10413159.0,10077000.0,9869666.0
2021,2395,研華,14209687.0,0.1277514416749644,2.31,7727295.0,4864453.0,5151975.0,5490436.0,2.05,2.95,14593359.0,15024642.0,15506864.0
2021,3494,誠研,106025.0,-0.5976137703371847,-0.15,1794506.0,41032.0,48556.0,45671.0,-0.44,-0.67,123096.0,134382.0,135259.0
2021,3321,同泰,585309.0,-0.032616959588866734,-0.12,1561448.0,198685.0,169711.0,197797.0,-0.09,-0.1,596055.0,552594.0,566193.0
2021,2038,海光,2412981.0,0.06874525742225074,0.93,1812645.0,776281.0,749054.0,956401.0,0.13,0.42,2328843.0,2288002.5,2481736.0
2021,8070,長華*,4900716.0,0.09655813558671834,0.5,686533.0,1835015.0,1821516.0,1815855.0,-4.61,1.03,5505045.0,5484796.5,5472386.0
2021,3706,神達,12042720.0,0.24477177913295337,2.46,12065568.0,3350315.0,2867231.0,3065870.0,0.65,6.53,10050945.0,9326319.0,9283416.0
2021,1558,伸興,2256167.0,0.09286723899427658,3.49,605356.0,866648.0,382470.0,342870.0,5.21,0.16,2599944.0,1873677.0,1591988.0
2021,2545,皇翔,2045239.0,0.4217663559124386,2.64,3277348.0,404020.0,471026.0,336927.0,3.0,-0.27,1212060.0,1312569.0,1211973.0
2021,1712,興農,4728375.0,0.046631030745234885,0.51,4204926.0,1595355.0,1518611.0,1495643.0,0.51,0.62,4786065.0,4670949.0,4609609.0
2021,1752,南光,442703.0,0.12256524125655349,0.54,1009885.0,168081.0,153505.0,143319.0,0.29,0.45,504243.0,482379.0,464905.0
2021,1713,國化,155590.0,0.2714056173275918,0.28,1509517.0,62372.0,49951.0,45479.0,0.12,0.27,187116.0,168484.5,157802.0
2021,6214,精誠,6819247.0,0.0493847781140645,1.36,2693933.0,2536565.0,2800511.0,2444685.0,2.04,0.93,7609695.0,8005614.0,7781761.0
2021,9912,偉聯,173568.0,0.0583056784660767,0.21,546246.0,43891.0,53328.0,43070.0,0.02,0.0,131673.0,145828.5,140289.0
2021,2527,宏璟,1140456.0,0.16872023120576332,0.74,2703060.0,2708515.0,176978.0,307616.0,0.56,3.93,8125545.0,4328239.5,3193109.0
2021,1903,士紙,99594.0,0.10129124244432396,0.04,2600391.0,15714.0,14799.0,18869.0,-0.03,0.01,47142.0,45769.5,49382.0
2021,2538,基泰,54454.0,-2.2154846292283397,-0.28,4384488.0,18122.0,19391.0,19118.0,-0.13,-0.06,54366.0,56269.5,56631.0
2021,3046,建碁,574743.0,0.02047871831409865,0.16,714480.0,237574.0,186365.0,315880.0,-0.38,1.08,712722.0,635908.5,739819.0
2021,8021,尖點,933688.0,0.1370757683508838,0.84,1421805.0,338209.0,356367.0,357888.0,0.66,0.93,1014627.0,1041864.0,1052464.0
2021,3550,聯穎,1283208.0,0.028865156701018073,0.43,850000.0,408994.0,419491.0,395002.0,0.18,0.07,1226982.0,1242727.5,1223487.0
2021,1519,華城,2379236.0,0.02705406273274278,0.24,2610585.0,641898.0,705918.0,634517.0,0.66,0.18,1925694.0,2021724.0,1982333.0
2021,5607,遠雄港,573668.0,0.27544328775528704,0.55,2299791.0,206991.0,197236.0,204985.0,0.5,0.63,620973.0,606340.5,609212.0
2021,1535,中宇,1924086.0,0.06141409479617855,0.95,1237426.0,635419.0,690125.0,679673.0,0.46,0.8,1906257.0,1988316.0,2005217.0
2021,1451,年興,1854676.0,0.005471575628303812,0.06,1980000.0,757841.0,815573.0,753483.0,-0.2,0.45,2273523.0,2360121.0,2326897.0
2021,6152,百一,875650.0,-0.019729343915948154,-0.1,1677385.0,329175.0,289351.0,394330.0,0.26,0.04,987525.0,927789.0,1012856.0
2021,1441,大東,378010.0,-0.04419988889182826,-0.04,1008000.0,136255.0,113796.0,109629.0,-0.26,-0.26,408765.0,375076.5,359680.0
2021,6213,聯茂,8167579.0,0.10528872754092737,2.58,3329572.0,2951956.0,3166757.0,2820591.0,1.93,2.4,8855868.0,9178069.5,8939304.0
2021,2701,萬企,58783.0,0.48041100318119184,0.06,4499678.0,13649.0,17031.0,17284.0,0.1,0.09,40947.0,46020.0,47964.0
2021,8476,台境*,127637.0,-0.018113869802643436,-0.04,605103.0,33681.0,28142.0,51129.0,-0.64,-0.42,101043.0,92734.5,112952.0
2021,8131,福懋科,2466909.0,0.1453296412636218,0.81,4422222.0,808584.0,819169.0,820879.0,0.81,0.93,2425752.0,2441629.5,2448632.0
2021,4904,遠傳,19497981.0,0.10203487222600124,0.6,32585008.0,6717302.0,6520494.0,7465866.0,0.64,1.03,20151906.0,19856694.0,20703662.0
2021,2024,志聯,416497.0,0.10269221627046533,0.44,975000.0,141690.0,147238.0,115391.0,0.06,0.46,425070.0,433392.0,404319.0
2021,1737,臺鹽,986096.0,0.10843467573136896,0.54,2000000.0,315171.0,364313.0,444550.0,0.48,0.5,945513.0,1019226.0,1124034.0
2021,5521,工信,870638.0,0.037421982500189514,0.08,4475274.0,258517.0,524692.0,363738.0,-1.16,0.03,775551.0,1174813.5,1146947.0
2021,4572,駐龍,104972.0,0.14481004458331745,0.42,358000.0,43018.0,39537.0,37344.0,-0.27,0.5,129054.0,123832.5,119899.0
2021,6592,和潤企業,4239579.0,0.17062283778648776,1.35,5150004.0,1427310.0,1513066.0,1566830.0,1.3,1.47,4281930.0,4410564.0,4507206.0
2021,2426,鼎元,831182.0,0.02495001094826404,0.07,3006223.0,277533.0,287718.0,266958.0,-0.13,0.36,832599.0,847876.5,832209.0
2021,2423,固緯,616280.0,0.06721782306743689,0.28,1450472.0,214893.0,258115.0,248633.0,0.43,0.63,644679.0,709512.0,721641.0
2021,6443,元晶,1369157.0,-0.06850200524848502,-0.21,4457967.0,455886.0,473962.0,475932.0,0.35,-0.24,1367658.0,1394772.0,1405780.0
2021,1201,味全,4941992.0,0.020110311793301163,0.19,5060629.0,1802387.0,1917771.0,1821712.0,0.43,0.4,5407161.0,5580237.0,5541870.0
2021,2022,聚亨,3292853.0,0.05973695151286741,0.31,4797520.0,747735.0,979911.0,766008.0,0.07,0.23,2243205.0,2591469.0,2493654.0
2021,2017,官田鋼,1184645.0,0.18419442111349812,0.73,3418675.0,308831.0,272160.0,286845.0,0.03,0.43,926493.0,871486.5,867836.0
2021,2492,華新科,11656782.0,0.21842511938543588,4.82,4858043.0,3862886.0,3697119.0,3437001.0,4.9,5.52,11588658.0,11340007.5,10997006.0
2021,2851,中再保,5278827.0,0.08610719767857518,0.77,5903888.0,1586643.0,1574655.0,1744415.0,0.88,0.71,4759929.0,4741947.0,4905713.0
2021,6120,達運,4790925.0,-0.049865527012007076,-0.36,6655551.0,1765429.0,1800670.0,1881514.0,-0.3,-0.24,5296287.0,5349148.5,5447613.0
2021,2302,麗正,196045.0,0.12952128337881608,0.15,1663029.0,75433.0,61814.0,69406.0,0.21,0.2,226299.0,205870.5,206653.0
2021,9907,統一實,10559475.0,0.04247891112010777,0.29,15791453.0,3905986.0,3802884.0,3977562.0,0.38,0.45,11717958.0,11563305.0,11686432.0
2021,4545,銘鈺,643265.0,0.02471143307967945,0.21,770000.0,159191.0,159348.0,182044.0,0.36,0.5,477573.0,477808.5,500583.0
2021,9924,福興,2604092.0,0.052655589741069056,0.71,1884521.0,941940.0,815764.0,627651.0,1.45,1.18,2825820.0,2636556.0,2385355.0
2021,2105,正新,25528918.0,0.06275647875088165,0.49,32414155.0,8708488.0,7675711.0,7851718.0,0.79,0.29,26125464.0,24576298.5,24235917.0
2021,2331,精英,7436937.0,0.015987226999502616,0.18,5574030.0,2229070.0,2969307.0,3194082.0,0.19,0.14,6687210.0,7797565.5,8392459.0
2021,2472,立隆電,2448567.0,0.1518908814829245,1.54,1603780.0,883567.0,917062.0,893537.0,1.66,1.69,2650701.0,2700943.5,2694166.0
2021,6205,詮欣,424839.0,0.07357375382203611,0.44,720290.0,162127.0,136709.0,125005.0,0.57,0.69,486381.0,448254.0,423841.0
2021,1312,國喬,5933076.0,0.2846847065501942,1.82,9266203.0,1903047.0,1877342.0,1871954.0,1.56,1.61,5709141.0,5670583.5,5652343.0
2021,8367,建新國際,563004.0,0.9187021761834729,4.43,811319.0,237935.0,296567.0,223351.0,0.64,0.87,713805.0,801753.0,757853.0
2021,3034,聯詠,34111302.0,0.28688638152832746,16.08,6085115.0,12499127.0,12914781.0,12931679.0,5.59,20.16,37497381.0,38120862.0,38345587.0
2021,2467,志聖,1531029.0,0.1319609230132153,1.25,1492055.0,427063.0,444021.0,457603.0,0.88,0.98,1281189.0,1306626.0,1328687.0
2021,2383,台光電,9557891.0,0.13087918663228112,3.76,3329183.0,3555634.0,3682303.0,3538580.0,3.42,5.38,10666902.0,10856905.5,10776517.0
2021,2471,資通,139047.0,-0.12018957618646932,-0.36,472539.0,78730.0,69869.0,70087.0,1.2,1.28,236190.0,222898.5,218686.0
2021,3011,今皓,414407.0,-0.044043657563699455,-0.16,1127192.0,121130.0,140653.0,133739.0,-0.23,-0.05,363390.0,392674.5,395522.0
2021,1447,力鵬,6128858.0,0.017974147875509598,0.12,9144872.0,2046479.0,1980684.0,1561857.0,-0.11,0.01,6139437.0,6040744.5,5589020.0
2021,1789,神隆,747638.0,0.1213140584079461,0.12,7907392.0,207723.0,232901.0,213606.0,0.1,0.01,623169.0,660936.0,654230.0
2021,2359,所羅門,948300.0,0.08670884741115681,0.43,1714711.0,277879.0,323378.0,313120.0,-0.02,-0.09,833637.0,901885.5,914377.0
2021,1615,大山,1468092.0,0.13876242088370483,1.66,1230480.0,384511.0,372934.0,353278.0,0.94,0.25,1153533.0,1136167.5,1110723.0
2021,3679,新至陞,1174518.0,0.0637776517686404,1.19,625612.0,345003.0,367646.0,349341.0,3.88,2.26,1035009.0,1068973.5,1061990.0
2021,2347,聯強,96566850.0,0.03547873830408675,2.0,16679470.0,31859885.0,33366645.0,36665574.0,1.26,5.01,95579655.0,97839795.0,101892104.0
2021,1532,勤美,3308803.0,0.025843182564812713,0.16,3761221.0,1794654.0,1665213.0,2187890.0,0.33,0.79,5383962.0,5189800.5,5647757.0
2021,2305,全友,159529.0,-0.011308288775081646,-0.02,2056608.0,46270.0,43359.0,62642.0,0.08,0.0,138810.0,134443.5,152271.0
2021,1540,喬福,114651.0,-0.12790991792483275,-0.17,854736.0,21409.0,21460.0,10495.0,-0.17,-0.03,64227.0,64303.5,53364.0
2021,4155,訊映,300510.0,-0.010864863066120927,-0.01,949337.0,125842.0,74287.0,108962.0,0.29,0.17,377526.0,300193.5,309091.0
2021,2489,瑞軒,4867342.0,0.1663562987766218,1.0,8093620.0,1928229.0,2193464.0,2463533.0,0.3,-0.12,5784687.0,6182539.5,6585226.0
2021,8046,南電,12484947.0,0.1865282247493722,3.61,6461655.0,4881258.0,4724583.0,4507848.0,1.62,4.82,14643774.0,14408761.5,14113689.0
2021,6230,尼得科超眾,2330545.0,0.024129549096885063,0.65,863434.0,929254.0,914648.0,1003876.0,2.74,1.07,2787762.0,2765853.0,2847778.0
2021,2233,宇隆,878665.0,0.15518087098040778,2.33,602881.0,299542.0,297732.0,270825.0,2.01,2.67,898626.0,895911.0,868099.0
2021,1215,卜蜂,6109230.0,0.06315362165117372,1.46,2679910.0,2147399.0,2037783.0,2048288.0,2.02,1.07,6442197.0,6277773.0,6233470.0
2021,1213,大飲,102751.0,-0.22640168952126988,-0.41,566226.0,52085.0,42312.0,34387.0,-0.11,-0.72,156255.0,141595.5,128784.0
2021,2349,錸德,1918460.0,-0.006578192925575722,-0.11,6936797.0,659640.0,641364.0,673906.0,-0.28,-0.13,1978920.0,1951506.0,1974910.0
2021,2007,燁興,1753638.0,0.0044849621187497074,0.02,5306516.0,650045.0,754049.0,555749.0,-0.18,0.02,1950135.0,2106141.0,1959843.0
2021,2329,華泰,4148371.0,0.10220831261234832,0.76,7370410.0,1337611.0,1304574.0,1307591.0,0.02,0.65,4012833.0,3963277.5,3949776.0
2021,6271,同欣電,3434584.0,0.18294384414531717,3.53,1787083.0,1243909.0,1219107.0,1313566.0,1.82,5.18,3731727.0,3694524.0,3776582.0
2021,6116,彩晶,8066588.0,0.3400479855919256,0.91,30271869.0,2334991.0,2119586.0,1659038.0,0.52,0.45,7004973.0,6681865.5,6113615.0
2021,1609,大亞,7171922.0,0.061104819600659346,0.61,5950680.0,2347019.0,2238712.0,2373865.0,0.29,-0.03,7041057.0,6878596.5,6959596.0
2021,2515,中工,3884412.0,0.017016732519619444,0.04,15308998.0,1232352.0,1411598.0,2039610.0,0.08,0.09,3697056.0,3965925.0,4683560.0
2021,1419,新紡,634279.0,0.04755320608123555,0.1,3000413.0,166922.0,223987.0,257212.0,0.84,1.02,500766.0,586363.5,648121.0
2021,3019,亞光,5228091.0,0.09109099286909887,1.36,2810839.0,1707544.0,1815231.0,1850628.0,0.66,1.31,5122632.0,5284162.5,5373403.0
2021,2109,華豐,1386662.0,0.10976575401936449,0.35,2793492.0,456512.0,420985.0,420005.0,0.41,0.24,1369536.0,1316245.5,1297502.0
2021,3023,信邦,6390201.0,0.1069398286532771,2.73,2333129.0,2200901.0,2217964.0,2238321.0,2.66,2.84,6602703.0,6628297.5,6657186.0
2021,2010,春源,6744871.0,0.05720435572452016,0.58,6476554.0,2271034.0,2392275.0,2300050.0,0.18,0.51,6813102.0,6994963.5,6963359.0
2021,1810,和成,1352322.0,0.0490748505163711,0.18,3698536.0,406366.0,431913.0,378269.0,0.01,2.88,1219098.0,1257418.5,1216548.0
2021,1597,直得,489769.0,0.1699903423859003,1.03,811876.0,166052.0,151508.0,174286.0,0.58,1.21,498156.0,476340.0,491846.0
2021,1104,環泥,1464513.0,0.21226032134914474,0.46,6536092.0,493738.0,431224.0,528251.0,0.6,0.3,1481214.0,1387443.0,1453213.0
2021,3042,晶技,4341126.0,0.21199707172747348,2.97,3097570.0,1311899.0,1348669.0,1442569.0,1.35,2.84,3935697.0,3990852.0,4103137.0
2021,2461,光群雷,1528159.0,0.0861062232398592,0.8,1593246.0,472845.0,518321.0,466812.0,0.39,0.82,1418535.0,1486749.0,1457978.0
2021,6215,和椿,557781.0,0.0973876844137753,0.65,827897.0,188470.0,173261.0,170067.0,0.14,0.83,565410.0,542596.5,531798.0
2021,4952,凌通,947846.0,0.18501739734091824,1.61,1088158.0,330585.0,335059.0,345026.0,0.91,2.03,991755.0,998466.0,1010670.0
2021,2609,陽明,73271250.0,0.47247406042615625,10.39,33321043.0,29447429.0,32786329.0,33220266.0,1.05,14.85,88342287.0,93350637.0,95454024.0
2021,3622,洋華,319515.0,0.06373722673426913,0.09,1513276.0,172735.0,96236.0,153876.0,0.94,0.99,518205.0,403456.5,422847.0
2021,2430,燦坤,6013160.0,0.028282467122112166,1.02,1664688.0,2164830.0,1708900.0,1716759.0,0.5,0.72,6494490.0,5810595.0,5590489.0
2021,8374,羅昇,974073.0,0.04234487558940654,0.37,1122505.0,307558.0,302644.0,300561.0,0.24,0.28,922674.0,915303.0,910763.0
2021,6674,鋐寶科技,733785.0,0.023809426466880626,0.26,669704.0,202281.0,255336.0,270204.0,0.39,0.23,606843.0,686425.5,727821.0
2021,1734,杏輝,608390.0,-0.03680040763326156,0.03,1677221.0,163286.0,192807.0,211669.0,-0.06,-0.2,489858.0,534139.5,567762.0
2021,5203,訊連,421452.0,0.14011322760361797,0.74,788433.0,135647.0,110675.0,126452.0,0.62,0.73,406941.0,369483.0,372774.0
2021,3031,佰鴻,445182.0,0.26991432717405467,0.68,1816742.0,128650.0,123386.0,124038.0,0.22,0.28,385950.0,378054.0,376074.0
2021,5525,順天,137399.0,-0.14610732246959585,-0.08,2645913.0,40220.0,67454.0,31000.0,0.0,-0.19,120660.0,161511.0,138674.0
2021,2493,揚博,651864.0,0.13373341678632353,0.77,1144373.0,239327.0,238658.0,229939.0,0.38,0.48,717981.0,716977.5,707924.0
2021,1465,偉全,90734.0,-0.18365772477792228,-0.16,1036073.0,40990.0,35555.0,38544.0,-0.16,-0.6,122970.0,114817.5,115089.0
2021,2534,宏盛,815646.0,0.17859831348403596,0.31,4742280.0,327765.0,335209.0,375740.0,0.24,0.51,983295.0,994461.0,1038714.0
2021,9942,茂順,977531.0,0.1633533872583069,1.91,831613.0,326411.0,336002.0,308967.0,1.29,1.77,979233.0,993619.5,971380.0
2021,1310,台苯,3430211.0,0.0722943865552294,0.48,5278698.0,1127532.0,1130863.0,1029947.0,0.03,-0.28,3382596.0,3387592.5,3288342.0
2021,3504,揚明光,1097900.0,0.01163402860005465,0.11,1140598.0,380802.0,315157.0,446465.0,-0.42,0.3,1142406.0,1043938.5,1142424.0
2021,1435,中福,3618.0,-9.32227750138198,-0.25,1397801.0,1306.0,1146.0,1225.0,-0.09,-0.07,3918.0,3678.0,3677.0
2021,2812,台中銀,,,0.28,41516943.0,1088417.0,1162125.0,1117991.0,0.28,0.27,3265251.0,3375813.0,3368533.0
2021,1325,恆大,402108.0,0.34411899290737813,1.63,852812.0,74714.0,44447.0,49959.0,8.04,-0.29,224142.0,178741.5,169120.0
2021,8101,華冠,172173.0,-0.986780737978661,-0.81,2080888.0,70944.0,62731.0,70295.0,-0.86,-0.3,212832.0,200512.5,203970.0
2021,1707,葡萄王,2503867.0,0.18808107619134723,2.2,1481374.0,861043.0,749006.0,793518.0,2.23,2.04,2583129.0,2415073.5,2403567.0
2021,1786,科妍,126802.0,0.24943612876768506,0.52,610050.0,31034.0,55141.0,41094.0,0.51,0.23,93102.0,129262.5,127269.0
2021,2439,美律,8168668.0,0.01824544711573539,0.54,2096826.0,2478705.0,2542511.0,3443415.0,1.91,2.2,7436115.0,7531824.0,8464631.0
2021,3016,嘉晶,1234882.0,0.07487112128932157,0.33,2805381.0,440109.0,450634.0,457383.0,-0.1,0.46,1320327.0,1336114.5,1348126.0
2021,3308,聯德,95117.0,-0.3132563053923063,-0.31,985696.0,31756.0,34012.0,45729.0,-0.25,-0.04,95268.0,98652.0,111497.0
2021,1229,聯華,3232951.0,0.6348707419320615,1.18,12814983.0,965934.0,793517.0,832723.0,0.62,0.43,2897802.0,2639176.5,2592174.0
2021,1454,台富,419004.0,0.02127425991159989,0.07,1298338.0,150961.0,128509.0,114653.0,-0.14,0.04,452883.0,419205.0,394123.0
2021,2852,第一保,1573001.0,0.07273294804008389,0.38,3011638.0,602407.0,586417.0,564015.0,0.47,0.94,1807221.0,1783236.0,1752839.0
2021,4989,榮科,1158940.0,0.14111429409632942,1.07,1377765.0,380522.0,462000.0,379848.0,0.09,1.06,1141566.0,1263783.0,1222370.0
2021,4960,誠美材,2747626.0,0.08241478279794993,0.34,6707285.0,900326.0,931284.0,989932.0,0.0,0.37,2700978.0,2747415.0,2821542.0
2021,2849,安泰銀,,,0.34,19579101.0,496366.0,479146.0,542461.0,0.18,0.32,1489098.0,1463268.0,1517973.0
2021,8039,台虹,2372276.0,0.08362096147328557,0.94,2091197.0,946424.0,875847.0,863577.0,1.5,1.18,2839272.0,2733406.5,2685848.0
2021,6269,台郡,7051799.0,0.01667999896196701,0.34,3612026.0,2785314.0,3065108.0,3248785.0,1.68,2.66,8355942.0,8775633.0,9099207.0
2021,6442,光聖,727566.0,0.04780184890442929,0.53,693000.0,252472.0,257665.0,258289.0,0.13,0.34,757416.0,765205.5,768426.0
2021,1776,展宇,376681.0,0.3423400702451146,1.78,703353.0,119189.0,129490.0,109335.0,0.23,0.11,357567.0,373018.5,358014.0
2021,1582,信錦,2525003.0,0.008684742156741991,0.2,1237242.0,834805.0,932727.0,858041.0,2.11,0.6,2504415.0,2651298.0,2625573.0
2021,6552,易華電,819152.0,0.14428091489735725,1.42,830000.0,280091.0,275001.0,265458.0,0.62,1.55,840273.0,832638.0,820550.0
2021,2605,新興,972415.0,0.24726788459659713,0.34,5853533.0,357929.0,355734.0,410192.0,0.23,0.29,1073787.0,1070494.5,1123855.0
2022,2883,凱基金,,,0.23,190824559.0,7869616.0,9848079.0,7616477.0,0.91,0.4,23608848.0,26576542.5,25334172.0
2022,3054,立萬利,7675.0,-10.224625407166124,-0.97,834110.0,3012.0,2518.0,2357.0,-1.04,-0.15,9036.0,8295.0,7887.0
2022,8103,瀚荃,1060144.0,0.11575219970117268,1.57,789534.0,328303.0,294269.0,295300.0,1.32,1.31,984909.0,933858.0,917872.0
2022,3432,台端,6025.0,6.80746887966805,0.62,665860.0,3916.0,1001.0,1562.0,0.26,1.11,11748.0,7375.5,6479.0
2022,2104,國際中橡,5845135.0,0.005978647199765275,-0.01,9847336.0,2350298.0,2215888.0,2127156.0,0.66,0.57,7050894.0,6849279.0,6693342.0
2022,4999,鑫禾,602301.0,0.1457111975573675,1.18,744172.0,192571.0,163123.0,200044.0,0.4,1.24,577713.0,533541.0,555738.0
2022,1526,日馳,610485.0,0.19340524337207302,1.97,600000.0,188609.0,198988.0,207799.0,1.07,1.8,565827.0,581395.5,595396.0
2022,6257,矽格,5154295.0,0.22246514799793182,2.18,4531775.0,1657522.0,1563234.0,1563149.0,1.92,2.16,4972566.0,4831134.0,4783905.0
2022,3419,譁裕,484356.0,0.03749308359966636,0.16,1204804.0,190773.0,181487.0,211254.0,-0.05,0.6,572319.0,558390.0,583514.0
2022,3622,洋華,513846.0,0.20994033231746476,0.67,1513276.0,112422.0,82007.0,146371.0,0.99,1.54,337266.0,291643.5,340800.0
2022,3450,聯鈞,1809808.0,0.11372256062521549,0.51,1456814.0,637850.0,602092.0,542341.0,0.73,0.6,1913550.0,1859913.0,1782283.0
2022,2850,新產,4575341.0,0.08317237993845705,1.2,3159633.0,1579846.0,1696630.0,1596236.0,2.05,1.78,4739538.0,4914714.0,4872712.0
2022,6141,柏承,922232.0,0.012705046018789199,0.09,1160230.0,282373.0,258525.0,213228.0,0.62,-0.17,847119.0,811347.0,754126.0
2022,6213,聯茂,7645655.0,0.056856083618735086,1.14,3829572.0,2203124.0,2055410.0,2092450.0,2.4,0.76,6609372.0,6387801.0,6350984.0
2022,3014,聯陽,1372482.0,0.2150192133667327,1.83,1610801.0,361455.0,374733.0,347146.0,3.46,1.94,1084365.0,1104282.0,1083334.0
2022,1587,吉茂,702553.0,0.06642061168338902,0.68,686244.0,245881.0,230637.0,183167.0,0.35,0.65,737643.0,714777.0,659685.0
2022,1303,南亞,94732119.0,0.16789754275421623,1.81,79308216.0,27970940.0,27507669.0,27109813.0,2.92,0.42,83912820.0,83217913.5,82588422.0
2022,2906,高林,2668527.0,0.041277453816281416,0.13,2091111.0,713089.0,754825.0,750408.0,0.16,0.24,2139267.0,2201871.0,2218322.0
2022,8072,陞泰,330984.0,0.09766635245208227,0.36,800000.0,95134.0,104016.0,121881.0,0.2,0.54,285402.0,298725.0,321031.0
2022,2029,盛餘,3726425.0,0.08781258176402316,1.07,3211800.0,1035691.0,794833.0,683046.0,1.03,-0.49,3107073.0,2745786.0,2513570.0
2022,3030,德律,1839898.0,0.2852755967993878,2.22,2362160.0,439496.0,593191.0,505278.0,1.22,2.06,1318488.0,1549030.5,1537965.0
2022,2399,映泰,492599.0,-0.028000462851122312,-0.07,1781000.0,172893.0,173873.0,198809.0,0.32,0.17,518679.0,520149.0,545575.0
2022,1101,台泥,25177833.0,-0.03736282626070322,-0.04,69368513.0,10102468.0,10689860.0,10404901.0,0.59,0.22,30307404.0,31188492.0,31197229.0
2022,3041,揚智,740606.0,0.04495642757417574,0.17,1938999.0,213652.0,157781.0,177132.0,0.0,0.01,640956.0,557149.5,548565.0
2022,1459,聯發,599914.0,-0.5437729407881796,-1.03,3586289.0,162430.0,132777.0,108504.0,0.89,-0.69,487290.0,442810.5,403711.0
2022,2032,新鋼,762988.0,-0.045287737159693205,-0.27,1305215.0,225368.0,283295.0,297163.0,0.44,0.1,676104.0,762994.5,805826.0
2022,8996,高力,648223.0,0.09519717751452818,0.69,893841.0,258753.0,235345.0,269690.0,0.53,1.03,776259.0,741147.0,763788.0
2022,1609,大亞,7028422.0,-0.003364908936885122,-0.11,6846491.0,2138751.0,2289497.0,2176392.0,-0.03,0.41,6416253.0,6642372.0,6604640.0
2022,2514,龍邦,1966873.0,0.02936539369852553,0.15,3947293.0,678320.0,1072268.0,872736.0,-0.6,0.45,2034960.0,2625882.0,2623324.0
2022,2474,可成,5278554.0,0.6654246598594994,4.86,7297531.0,2821398.0,2870083.0,2985095.0,2.64,7.03,8464194.0,8537221.5,8676576.0
2022,2393,億光,5138033.0,0.08340409647038079,0.89,4433931.0,1638776.0,1562931.0,1558438.0,1.38,0.95,4916328.0,4802560.5,4760145.0
2022,3090,日電貿,2894535.0,0.09528058911016796,1.39,1786572.0,922482.0,764649.0,794554.0,1.22,4.58,2767446.0,2530696.5,2481685.0
2022,2349,錸德,2042950.0,0.022363738711177465,0.04,6936797.0,699359.0,686466.0,692996.0,-0.13,0.01,2098077.0,2078737.5,2078821.0
2022,1712,興農,6092325.0,0.06792234491758073,0.98,4204926.0,2021193.0,1910508.0,1915609.0,0.62,1.26,6063579.0,5897551.5,5847310.0
2022,2439,美律,8004468.0,0.05836140515522081,1.83,2163994.0,3290225.0,3716353.0,4074768.0,2.2,2.75,9870675.0,10509867.0,11081346.0
2022,1802,台玻,11958261.0,0.05320062841913218,0.21,29080608.0,3741733.0,3734242.0,3637433.0,1.22,-0.51,11225199.0,11213962.5,11113408.0
2022,2413,環科,1228873.0,0.03524448824247908,0.35,1273592.0,411995.0,442168.0,460465.0,0.11,0.8,1235985.0,1281244.5,1314628.0
2022,1541,錩泰,1018148.0,0.10319619544506299,1.33,788000.0,242720.0,291602.0,261060.0,1.45,1.24,728160.0,801483.0,795382.0
2022,6139,亞翔,7609686.0,0.03254575812983611,0.78,2255409.0,3067204.0,3350685.0,3180060.0,0.17,1.17,9201612.0,9626833.5,9597949.0
2022,2505,國揚,855202.0,0.24206210930283137,0.55,3800000.0,270910.0,75144.0,145833.0,-0.07,0.3,812730.0,519081.0,491887.0
2022,1217,愛之味,1100977.0,-0.015946745481513237,-0.03,4945134.0,512688.0,634623.0,465279.0,0.18,0.52,1538064.0,1720966.5,1612590.0
2022,3545,敦泰,3327292.0,0.024962642292891638,0.45,2163617.0,636014.0,745879.0,988424.0,9.03,-13.55,1908042.0,2072839.5,2370317.0
2022,3346,麗清,1126373.0,-0.12984508684068244,-1.45,1066652.0,502409.0,602037.0,591359.0,0.09,0.6,1507227.0,1656669.0,1695805.0
2022,2305,全友,98470.0,0.1909515588504113,0.1,2056608.0,60111.0,65241.0,66777.0,0.0,0.17,180333.0,188028.0,192129.0
2022,3504,揚明光,1258698.0,0.03851996269160672,0.43,1140598.0,493551.0,403435.0,441908.0,0.3,0.57,1480653.0,1345479.0,1338894.0
2022,6283,淳安,512818.0,0.06284685794960396,0.13,1479063.0,153021.0,110372.0,116677.0,-0.44,-0.23,459063.0,395089.5,380070.0
2022,2353,宏碁,72321799.0,0.0259568626051462,0.58,30478538.0,17458555.0,20241042.0,27161582.0,1.0,0.62,52375665.0,56549395.5,64861179.0
2022,6472,保瑞,1354636.0,0.17715976838058342,3.51,753815.0,437802.0,469376.0,1804935.0,0.29,7.02,1313406.0,1360767.0,2712113.0
2022,4545,銘鈺,532851.0,0.10908865705422341,0.76,770000.0,243684.0,192080.0,163060.0,0.5,0.8,731052.0,653646.0,598824.0
2022,2069,運錩,4050683.0,0.058435330535615844,1.43,1663868.0,1229673.0,1099130.0,1077967.0,1.49,-0.56,3689019.0,3493204.5,3406770.0
2022,2408,南亞科,18030672.0,0.36464104055578184,2.13,30985863.0,4396393.0,3419118.0,3206214.0,2.43,0.85,13189179.0,11723266.5,11021725.0
2022,2423,固緯,674059.0,0.12765203046024162,0.6,1450472.0,225319.0,237725.0,295207.0,0.63,0.82,675957.0,694566.0,758251.0
2022,1342,八貫,619266.0,0.20309366249721444,1.86,678453.0,214641.0,212537.0,232050.0,1.12,1.91,643923.0,640767.0,659228.0
2022,8046,南電,15185715.0,0.3203201166359305,7.53,6461655.0,5531701.0,5756589.0,5907151.0,4.82,8.54,16595103.0,16932435.0,17195441.0
2022,1560,中砂,1858122.0,0.21561985703845066,2.72,1431260.0,618058.0,617552.0,579720.0,1.13,2.43,1854174.0,1853415.0,1815330.0
2022,6589,台康生技,336592.0,0.01906759518942815,0.02,3036262.0,133133.0,95779.0,132655.0,1.54,-0.09,399399.0,343368.0,361567.0
2022,2884,玉山金,,,0.18,142751000.0,6085993.0,4793454.0,3476930.0,0.38,0.32,18257979.0,16319170.5,14356377.0
2022,6491,晶碩,1414719.0,0.24112915709762858,4.89,700000.0,457846.0,506432.0,677512.0,5.16,6.02,1373538.0,1446417.0,1641790.0
2022,1521,大億,1169762.0,0.019074820348070804,0.29,762300.0,398886.0,371194.0,407598.0,0.12,0.72,1196658.0,1155120.0,1177678.0
2022,1313,聯成,20647166.0,-0.04545863582440322,-0.72,13505721.0,5993125.0,5052422.0,5098838.0,0.46,-0.65,17979375.0,16568320.5,16144385.0
2022,2498,宏達電,1008462.0,-0.7416699885568321,-0.9,8262550.0,304518.0,312762.0,463438.0,-0.94,-1.19,913554.0,925920.0,1080718.0
2022,2436,偉詮電,663669.0,0.04810681228142342,0.19,1780100.0,192134.0,194038.0,220211.0,1.01,-0.15,576402.0,579258.0,606383.0
2022,2397,友通,3852164.0,0.03823928576249609,1.01,1144889.0,1454871.0,1294073.0,1344106.0,0.63,1.69,4364613.0,4123416.0,4093050.0
2022,6715,嘉基,910641.0,0.18734056560159273,2.71,605000.0,294131.0,345620.0,284717.0,1.06,3.27,882393.0,959626.5,924468.0
2022,3031,佰鴻,457773.0,0.22425088417184938,0.6,1816742.0,135903.0,113455.0,139148.0,0.28,0.2,407709.0,374037.0,388506.0
2022,4562,穎漢,150165.0,-0.08838943828455366,-0.14,875460.0,66153.0,74722.0,74743.0,-0.36,0.07,198459.0,211312.5,215618.0
2022,2227,裕日車,4087202.0,0.054665025119874186,0.74,3000000.0,2491666.0,833180.0,1856533.0,2.41,3.11,7474998.0,4987269.0,5181379.0
2022,4989,榮科,1063070.0,0.06452256201379025,0.5,1377765.0,297198.0,332823.0,259642.0,1.06,0.03,891594.0,945031.5,889663.0
2022,1540,喬福,120819.0,0.23140400102632863,0.32,854736.0,48710.0,52791.0,26267.0,-0.03,0.59,146130.0,152251.5,127768.0
2022,2484,希華,918302.0,0.26118096225424753,1.5,1594210.0,312326.0,266354.0,266983.0,0.78,1.72,936978.0,868020.0,845663.0
2022,8367,建新國際,576357.0,-0.0347388857947418,0.09,877319.0,217977.0,221253.0,213349.0,0.87,1.39,653931.0,658845.0,652579.0
2022,2024,志聯,317895.0,0.048717343777033295,0.16,975000.0,86466.0,88881.0,68833.0,0.46,0.11,259398.0,263020.5,244180.0
2022,2233,宇隆,851111.0,0.19683566538324612,2.81,602881.0,285558.0,298708.0,275527.0,2.67,2.79,856674.0,876399.0,859793.0
2022,1539,巨庭,740122.0,0.27019059019999403,3.06,653700.0,232621.0,214396.0,201775.0,0.82,1.72,697863.0,670525.5,648792.0
2022,3711,日月光投控,160439020.0,0.10381979396284022,3.7,43599280.0,58167105.0,63806883.0,66651569.0,3.29,4.03,174501315.0,182960982.0,188625557.0
2022,1419,新紡,713641.0,0.39522953417754864,0.94,3000413.0,270399.0,312131.0,349765.0,1.02,0.88,811197.0,873795.0,932295.0
2022,3032,偉訓,1640841.0,0.08827851083682088,0.94,1132856.0,500405.0,517801.0,551036.0,0.68,0.89,1501215.0,1527309.0,1569242.0
2022,3231,緯創,244215971.0,0.025530901908131145,1.53,29031021.0,79684558.0,76876839.0,93541711.0,0.3,1.33,239053674.0,234842095.5,250103108.0
2022,6112,邁達特,3025117.0,0.03329623283991991,0.52,1883573.0,1099635.0,1030595.0,1078261.0,0.71,0.73,3298905.0,3195345.0,3208491.0
2022,6128,上福,1543615.0,0.08812819258688209,1.07,1275887.0,423073.0,436810.0,468330.0,0.48,2.24,1269219.0,1289824.5,1328213.0
2022,4108,懷特,32892.0,-0.7857533746807734,-0.1,1986189.0,8752.0,14316.0,10730.0,0.04,0.02,26256.0,34602.0,33798.0
2022,1454,台富,501333.0,0.030652281018803868,0.13,1298338.0,155473.0,157137.0,141617.0,0.04,0.18,466419.0,468915.0,454227.0
2022,1219,福壽,4265712.0,0.031345294759702484,0.42,3220139.0,1321525.0,1352250.0,1486102.0,-0.09,-0.1,3964575.0,4010662.5,4159877.0
2022,2867,三商壽,21548839.0,-0.15779629705340506,-1.09,30995011.0,9493797.0,11384601.0,9755084.0,-0.34,0.41,28481391.0,31317597.0,30633482.0
2022,1471,首利,74858.0,-1.5472895348526543,-0.77,1504145.0,14981.0,16873.0,12776.0,0.22,-0.13,44943.0,47781.0,44630.0
2022,2342,茂矽,574967.0,0.29570392735583084,1.08,1561567.0,191600.0,190849.0,170468.0,0.61,1.28,574800.0,573673.5,552917.0
2022,3016,嘉晶,1533692.0,0.13737177999233222,0.74,2880155.0,520561.0,521284.0,502194.0,0.46,0.7,1561683.0,1562767.5,1544039.0
2022,1907,永豐餘,20066087.0,0.03415593683013534,0.31,16603715.0,6719538.0,6863866.0,6821113.0,0.78,0.88,20158614.0,20375106.0,20404517.0
2022,1108,幸福,1001980.0,0.11663107048044871,0.28,4047380.0,326691.0,390053.0,346635.0,0.09,0.33,980073.0,1075116.0,1063379.0
2022,1789,神隆,805538.0,0.14131549349627207,0.14,7907392.0,290904.0,189826.0,223986.0,0.01,0.08,872712.0,721095.0,704716.0
2022,9940,信義,3282937.0,0.09694703248950559,0.42,7368465.0,1062504.0,919977.0,992430.0,0.98,0.27,3187512.0,2973721.5,2974911.0
2022,6504,南六,1534812.0,0.024095459248429124,0.51,726000.0,450852.0,513953.0,554107.0,0.26,0.49,1352556.0,1447207.5,1518912.0
2022,8249,菱光,1083144.0,0.06095865369701536,0.59,1490550.0,389201.0,402047.0,376920.0,1.23,2.32,1167603.0,1186872.0,1168168.0
2022,3035,智原,3364742.0,0.20732585143229407,2.66,2485503.0,1090051.0,1086262.0,1067391.0,1.31,2.41,3270153.0,3264469.5,3243704.0
2022,1582,信錦,2803440.0,0.05445559740889764,1.22,1237242.0,962758.0,753559.0,740987.0,0.6,1.3,2888274.0,2574475.5,2457304.0
2022,2022,聚亨,2840785.0,-0.023934581462518284,-0.08,4797520.0,683525.0,833061.0,764039.0,0.23,-0.17,2050575.0,2274879.0,2280625.0
2022,1210,大成,27083656.0,0.02498591770623582,0.64,8947673.0,9161168.0,10578033.0,9702507.0,0.32,0.55,27483504.0,29608801.5,29441708.0
2022,2605,新興,995348.0,0.08468495440790558,0.1,5853533.0,283538.0,313492.0,389479.0,0.29,-0.17,850614.0,895545.0,986509.0
2022,2464,盟立,2674194.0,0.06950617644045272,0.94,1955312.0,951112.0,951871.0,909378.0,0.82,0.7,2853336.0,2854474.5,2812361.0
2022,3596,智易,10888197.0,0.03615851182707293,1.96,2203543.0,4183524.0,4077872.0,4522308.0,2.35,2.6,12550572.0,12392094.0,12783704.0
2022,6201,亞弘電,703135.0,0.09847184395599708,0.77,892000.0,227171.0,284184.0,242753.0,1.26,1.1,681513.0,767032.5,754108.0
2022,2405,輔信,496451.0,0.07661581908385721,0.11,3434273.0,145978.0,118183.0,149320.0,0.05,0.11,437934.0,396241.5,413481.0
2022,3038,全台,1197256.0,0.09772930768356976,0.79,1574076.0,426868.0,428169.0,421087.0,0.48,1.02,1280604.0,1282555.5,1276124.0
2022,2455,全新,736276.0,0.25050524531561535,0.99,1849059.0,190831.0,173020.0,158239.0,1.15,0.58,572493.0,545776.5,522090.0
2022,2440,太空梭,914564.0,-0.030365288815216867,-0.2,1391173.0,207441.0,228254.0,249138.0,0.16,0.03,622323.0,653542.5,684833.0
2022,5706,鳳凰,23621.0,-1.7948859066085263,-0.65,737670.0,9933.0,9731.0,19806.0,0.17,0.23,29799.0,29496.0,39470.0
2022,1597,直得,451641.0,0.20074351088585846,1.13,892619.0,147964.0,138345.0,134996.0,1.21,0.82,443892.0,429463.5,421305.0
2022,1537,廣隆,2025107.0,0.13080740918874903,3.23,820664.0,702257.0,707839.0,629208.0,0.66,3.09,2106771.0,2115144.0,2039304.0
2022,4555,氣立,487276.0,0.11493486237779,0.8,669926.0,184869.0,149859.0,135504.0,1.07,0.68,554607.0,502092.0,470232.0
2022,2363,矽統,60089.0,10.949158747857345,0.97,7495894.0,14579.0,11419.0,8902.0,0.64,-0.22,43737.0,38997.0,34900.0
2022,3591,艾笛森,469034.0,0.04329110469603483,0.13,1353617.0,147124.0,154570.0,152776.0,0.2,0.14,441372.0,452541.0,454470.0
2022,2344,華邦電,26646696.0,0.2182736651478292,1.29,39800002.0,7390832.0,7402743.0,7351855.0,1.12,0.67,22172496.0,22190362.5,22145430.0
2022,2012,春雨,2725987.0,0.06865256510761056,0.6,3021627.0,983848.0,878532.0,834565.0,0.91,0.38,2951544.0,2793570.0,2696945.0
2022,6438,迅得,1447091.0,0.11595124287277027,2.36,714317.0,480168.0,547588.0,575986.0,2.87,3.2,1440504.0,1541634.0,1603742.0
2022,3311,閎暉,547263.0,0.05766697182159218,0.46,680000.0,171920.0,179512.0,179665.0,0.2,0.49,515760.0,527148.0,531097.0
2022,2528,皇普,317479.0,0.15694581373886146,0.12,3799974.0,10.0,44.0,49.0,0.05,-0.03,30.0,81.0,103.0
2022,1439,雋揚,4273.0,4.865668148841563,0.23,920000.0,79269.0,15828.0,60889.0,0.5,0.75,237807.0,142645.5,155986.0
2022,8462,柏文,836106.0,0.005365348412761061,0.06,774504.0,293742.0,323006.0,302800.0,-3.44,0.03,881226.0,925122.0,919548.0
2022,1460,宏遠,2307704.0,0.017789976530785578,0.06,6946434.0,835539.0,925749.0,904656.0,0.11,-0.05,2506617.0,2641932.0,2665944.0
2022,1786,科妍,132210.0,0.29994705392935483,0.6,661904.0,58552.0,38740.0,67611.0,0.23,0.68,175656.0,145938.0,164903.0
2022,6756,威鋒電子,880765.0,0.289634579030729,3.72,685124.0,213250.0,206136.0,186841.0,3.56,2.01,639750.0,629079.0,606227.0
2022,2030,彰源,4468695.0,0.08109817295653429,1.29,2805260.0,1330411.0,1401283.0,1351359.0,1.29,0.02,3991233.0,4097541.0,4083053.0
2022,2496,卓越,155352.0,0.07284103197898965,0.59,191004.0,63384.0,71933.0,63407.0,1.23,1.68,190152.0,202975.5,198724.0
2022,3034,聯詠,31461142.0,0.26975292250993305,13.95,6085115.0,6865719.0,6527191.0,6170776.0,20.16,7.07,20597157.0,20089365.0,19563686.0
2022,6189,豐藝,7723232.0,0.03397839142990914,1.26,2004067.0,1811874.0,1952572.0,2195935.0,1.29,0.96,5435622.0,5646669.0,5960381.0
2022,8101,華冠,73835.0,0.9897880409020112,0.36,2080888.0,14743.0,17866.0,22742.0,-0.3,-1.36,44229.0,48913.5,55351.0
2022,1103,嘉泥,514786.0,-0.8144393981188299,-0.62,7747805.0,178825.0,182371.0,205264.0,1.38,0.41,536475.0,541794.0,566460.0
2022,3047,訊舟,1497096.0,0.051495027706974034,0.47,1907282.0,467344.0,516192.0,635049.0,0.06,0.64,1402032.0,1475304.0,1618585.0
2022,3021,鴻名,890341.0,0.04486483268770056,0.43,957900.0,356402.0,393648.0,353579.0,0.68,0.56,1069206.0,1125075.0,1103629.0
2022,1305,華夏,4839691.0,-0.017931103452679106,-0.16,5810505.0,1560080.0,1190704.0,1232717.0,0.86,-1.17,4680240.0,4126176.0,3983501.0
2022,2312,金寶,41486120.0,0.0035388462454430543,0.17,14930462.0,15370766.0,16484774.0,18919213.0,0.04,0.3,46112298.0,47783310.0,50774753.0
2022,2352,佳世達,62794095.0,0.026729153433933558,0.5,19667820.0,20401065.0,19898793.0,19570411.0,0.71,3.24,61203195.0,60449787.0,59870269.0
2022,2428,興勤,1899772.0,0.21657388360287444,3.18,1281127.0,598600.0,645334.0,643760.0,2.94,3.12,1795800.0,1865901.0,1887694.0
2022,4133,亞諾法,102944.0,0.18323554553932234,0.31,605536.0,30430.0,42019.0,29153.0,0.21,0.44,91290.0,108673.5,101602.0
2022,9912,偉聯,162955.0,-0.04377282071737596,-0.05,545326.0,38036.0,48639.0,59993.0,0.0,0.02,114108.0,130012.5,146668.0
2022,3308,聯德,58725.0,-0.14189868028948488,-0.12,706289.0,18857.0,23217.0,20607.0,-0.04,0.26,56571.0,63111.0,62681.0
2022,2308,台達電,89996793.0,0.09824263404585984,2.94,25975433.0,34141054.0,35181808.0,36925291.0,2.45,4.26,102423162.0,103984293.0,106248153.0
2022,2414,精技,5978625.0,0.028779025277551277,0.95,1617358.0,2375085.0,2361914.0,2596502.0,0.91,0.97,7125255.0,7105498.5,7333501.0
2022,3653,健策,2850292.0,0.23620807973358518,5.38,1344798.0,919515.0,1122164.0,1204526.0,3.21,5.2,2758545.0,3062518.5,3246205.0
2022,9931,欣高,316265.0,0.1491660474601995,0.43,1104306.0,86467.0,97643.0,93146.0,0.51,0.5,259401.0,276165.0,277256.0
2022,6655,科定,602445.0,0.20082165176904115,1.73,740282.0,208228.0,228988.0,210244.0,2.31,1.57,624684.0,655824.0,647460.0
2022,1733,五鼎,608105.0,0.04783877784264231,0.29,999502.0,203389.0,198847.0,203242.0,0.64,0.64,610167.0,603354.0,605478.0
2022,3008,大立光,9675073.0,0.5111918018603063,37.06,1334682.0,3885328.0,4441781.0,5102922.0,39.22,61.01,11655984.0,12490663.5,13430031.0
2022,2364,倫飛,238659.0,0.10002136940153106,0.96,248004.0,77669.0,84145.0,65283.0,0.8,1.44,233007.0,242721.0,227097.0
2022,2241,艾姆勒,179046.0,-0.21606737933268547,-0.43,896023.0,50028.0,50098.0,50137.0,-0.4,-0.68,150084.0,150189.0,150263.0
2022,2712,遠雄來,61253.0,-0.6530945423081318,-0.38,1050000.0,68203.0,90289.0,53019.0,-0.14,0.46,204609.0,237738.0,211511.0
2022,1530,亞崴,746070.0,0.1543635315721045,1.22,965942.0,327831.0,299268.0,434276.0,0.03,1.51,983493.0,940648.5,1061375.0
2022,2427,三商電,1067660.0,0.05309368150909466,0.31,1843145.0,254536.0,256713.0,232589.0,0.28,0.33,763608.0,766873.5,743838.0
2022,3025,星通,117404.0,0.2118752342339273,0.35,709206.0,41334.0,29805.0,31418.0,0.1,0.24,124002.0,106708.5,102557.0
2022,2542,興富發,1736723.0,0.049142551805901116,0.04,17146741.0,181592.0,343473.0,2915146.0,1.66,0.12,544776.0,787597.5,3440211.0
2022,5534,長虹,1480538.0,0.2917365174011069,1.48,2903260.0,375411.0,246587.0,347787.0,-0.03,1.0,1126233.0,932997.0,969785.0
2022,2008,高興昌,622747.0,0.04956908664353261,0.16,2008523.0,227765.0,223797.0,158637.0,0.26,0.26,683295.0,677343.0,610199.0
2022,9910,豐泰,24763347.0,0.11345719946499962,2.93,8816811.0,8494558.0,8780643.0,8606816.0,-0.47,3.09,25483674.0,25912801.5,25882017.0
2022,3046,建碁,877809.0,0.0765952502195808,0.94,714480.0,304239.0,295547.0,357195.0,1.08,0.66,912717.0,899679.0,956981.0
2022,6202,盛群,1665409.0,0.21835537096292862,1.57,2261682.0,495274.0,469580.0,382050.0,3.17,0.99,1485822.0,1447281.0,1346904.0
2022,6285,啟碁,20175621.0,0.027703335624712618,1.43,3964331.0,8243938.0,8539157.0,9748056.0,0.85,3.13,24731814.0,25174642.5,26531151.0
2022,1402,遠東新,69296305.0,0.06588632683950464,0.62,53528751.0,22144589.0,21973635.0,23089717.0,0.45,0.46,66433767.0,66177336.0,67207941.0
2022,1708,東鹼,1964022.0,0.181515787501362,1.43,2490017.0,681342.0,882160.0,691134.0,0.52,1.71,2044026.0,2345253.0,2254636.0
2022,8114,振樺電,2914176.0,0.09394902710062811,3.11,751318.0,1100923.0,1205735.0,1240977.0,2.12,4.28,3302769.0,3459987.0,3547635.0
2022,1529,樂事綠能,70882.0,0.28639146750938177,0.15,1454858.0,25085.0,22909.0,39916.0,0.39,0.11,75255.0,71991.0,87910.0
2022,2382,廣達,270467363.0,0.015311474013225026,1.03,38626274.0,129459679.0,131869030.0,120746508.0,2.43,2.4,388379037.0,391993063.5,382075217.0
2022,2534,宏盛,987834.0,0.24419386253155895,0.51,4742280.0,465493.0,290440.0,237262.0,0.51,0.51,1396479.0,1133899.5,993195.0
2022,3164,景岳,95491.0,0.09986281429663528,0.14,863714.0,18103.0,32210.0,25771.0,0.27,0.09,54309.0,75469.5,76084.0
2022,8163,達方,7753690.0,0.048266696243981895,1.02,2800000.0,2446067.0,2612800.0,2513602.0,1.08,1.21,7338201.0,7588300.5,7572469.0
2022,3060,銘異,957388.0,0.07358563090408486,0.54,1375632.0,227236.0,249108.0,209598.0,0.63,0.09,681708.0,714516.0,685942.0
2022,3376,新日興,3016638.0,0.1401129336698669,2.19,1924853.0,1184575.0,1183511.0,987272.0,1.19,3.9,3553725.0,3552129.0,3355358.0
2022,5525,順天,1668638.0,0.13545238691675487,0.8,2645913.0,136415.0,106626.0,69376.0,-0.19,0.05,409245.0,364561.5,312417.0
2022,1702,南僑,5149487.0,0.04274406363196955,0.65,2941330.0,1604189.0,1710172.0,1742187.0,1.03,0.4,4812567.0,4971541.5,5056548.0
2022,1413,宏洲,888526.0,0.07497923527280012,0.51,1321124.0,219957.0,263208.0,241101.0,0.22,-0.05,659871.0,724747.5,724266.0
2022,6166,凌華,2787997.0,0.1572505278879425,2.02,2174973.0,964990.0,1017140.0,1078992.0,-0.24,1.06,2894970.0,2973195.0,3061122.0
2022,3588,通嘉,481412.0,0.11665683447857553,0.89,565068.0,110149.0,102656.0,103735.0,1.84,0.19,330447.0,319207.5,316540.0
2022,5283,禾聯碩,1938120.0,0.14192258477287267,3.76,730004.0,751888.0,639286.0,377881.0,3.18,2.95,2255664.0,2086761.0,1769055.0
2022,3406,玉晶光,2911466.0,0.12973670309047058,3.32,1127093.0,1946290.0,2535097.0,2732525.0,8.71,15.35,5838870.0,6722080.5,7213912.0
2022,9929,秋雨,122162.0,0.07182266171149784,0.08,1012800.0,44423.0,51266.0,43944.0,0.02,0.14,133269.0,143533.5,139633.0
2022,9921,巨大,22744888.0,0.08134548739039735,4.8,3750646.0,9163350.0,8711576.0,8004884.0,3.41,5.35,27490050.0,26812389.0,25879810.0
2022,2023,燁輝,22967005.0,0.016004002263246775,0.22,19850980.0,6658142.0,6939344.0,6781033.0,0.96,-0.23,19974426.0,20396229.0,20378519.0
2022,1503,士電,7611358.0,0.0630103064394028,0.88,5209722.0,2353474.0,2575587.0,2493434.0,0.7,1.09,7060422.0,7393591.5,7422495.0
2022,4426,利勤,345212.0,-0.10198660533237547,-0.21,1726773.0,140625.0,120036.0,119683.0,-0.57,0.13,421875.0,390991.5,380344.0
2022,3056,富華新,2082480.0,0.16080730667281318,1.58,2117167.0,111586.0,703890.0,3018979.0,-0.19,5.1,334758.0,1223214.0,3834455.0
2022,1773,勝一,3001136.0,0.16196566900000534,1.47,2500000.0,900338.0,973028.0,884802.0,1.5,1.9,2701014.0,2810049.0,2758168.0
2022,3138,耀登,393230.0,0.09125448210970678,0.81,467217.0,151516.0,165994.0,152580.0,2.76,1.96,454548.0,476265.0,470090.0
2022,2897,王道銀行,,,0.11,30330063.0,893584.0,1005423.0,705298.0,0.18,0.26,2680752.0,2848510.5,2604305.0
2022,1308,亞聚,2348179.0,0.19684700357170387,0.78,5937438.0,969456.0,1082981.0,769148.0,1.1,0.76,2908368.0,3078655.5,2821585.0
2022,5471,松翰,1027183.0,0.24363136850979816,1.49,1678770.0,260396.0,254784.0,229282.0,3.06,0.56,781188.0,772770.0,744462.0
2022,3004,豐達科,497171.0,0.09975843321513121,0.94,526472.0,181311.0,209199.0,197985.0,-0.62,1.04,543933.0,585765.0,588495.0
2022,2332,友訊,4157001.0,0.00954871071717327,0.01,5998365.0,1404034.0,1447895.0,1633066.0,-0.05,0.0,4212102.0,4277893.5,4484995.0
2022,3312,弘憶股,4762187.0,0.018238469005942018,0.63,1376254.0,1589595.0,1580078.0,1697903.0,1.05,0.64,4768785.0,4754509.5,4867576.0
2022,1714,和桐,5746607.0,0.019194108801941737,0.07,10168248.0,2338832.0,2042992.0,2081377.0,0.24,0.11,7016496.0,6572736.0,6463201.0
2022,6191,精成科,5775669.0,0.09870614122796857,1.19,4743030.0,2054916.0,2046695.0,2232456.0,1.82,1.54,6164748.0,6152416.5,6334067.0
2022,2889,國票金,,,0.11,31473840.0,676630.0,579802.0,316239.0,0.24,0.13,2029890.0,1884648.0,1572671.0
2022,1234,黑松,2002947.0,0.08839375180671281,0.44,4018711.0,952900.0,1074526.0,890678.0,0.61,0.98,2858700.0,3041139.0,2918104.0
2022,5521,工信,1132963.0,-0.015535370528428554,-0.03,4922802.0,526120.0,691127.0,297083.0,0.03,-0.01,1578360.0,1825870.5,1514330.0
2022,2748,雲品,336913.0,-0.0931219632368,-0.35,904826.0,166842.0,167123.0,175409.0,-0.99,0.49,500526.0,500947.5,509374.0
2022,5608,四維航,1903931.0,0.3501035489206279,2.12,3292671.0,680732.0,620091.0,607207.0,3.01,1.84,2042196.0,1951234.5,1908030.0
2022,1604,聲寶,2414212.0,0.08629068201135609,0.53,3872000.0,845180.0,714628.0,597829.0,3.24,0.6,2535540.0,2339712.0,2157637.0
2022,2105,正新,24058036.0,0.048146822957617984,0.36,32414155.0,8594207.0,9059420.0,8874713.0,0.29,0.46,25782621.0,26480440.5,26528340.0
2022,6281,全國電,6010618.0,0.03028590404514145,1.83,991729.0,2337918.0,1961170.0,1574926.0,1.5,1.55,7013754.0,6448632.0,5874014.0
2022,2102,泰豐,386067.0,-0.3829931074139981,-0.32,4733292.0,184842.0,185894.0,154501.0,-0.98,-0.27,554526.0,556104.0,525237.0
2022,2313,華通,16332573.0,0.08818096205662145,1.21,11918206.0,6888468.0,7188397.0,7614847.0,1.31,2.11,20665404.0,21115297.5,21691712.0
2022,4739,康普,2807266.0,0.07331795419457936,1.8,1070293.0,797698.0,680910.0,723925.0,1.42,1.03,2393094.0,2217912.0,2202533.0
2022,6209,今國光,935511.0,0.01213240678089301,0.06,1742286.0,293524.0,300256.0,296108.0,-0.37,0.2,880572.0,890670.0,889888.0
2022,8473,山林水,1099665.0,0.036242855778805365,0.13,1442492.0,328329.0,459949.0,131477.0,0.35,-1.92,984987.0,1182417.0,919755.0
2022,2480,敦陽科,1642324.0,0.10386135744225865,1.61,1063603.0,512430.0,576222.0,565423.0,1.29,1.71,1537290.0,1632978.0,1654075.0
2022,2442,新美齊,454858.0,0.1577525293608115,0.31,2535794.0,9867.0,9811.0,10105.0,0.16,-0.14,29601.0,29517.0,29783.0
2022,1735,日勝化,817897.0,0.02099897664375832,0.17,993880.0,229032.0,242407.0,237879.0,-0.03,0.04,687096.0,707158.5,709318.0
2022,6464,台數科,1083641.0,0.23341032685178947,1.85,1316131.0,345552.0,346762.0,360000.0,1.69,1.61,1036656.0,1038471.0,1052314.0
2022,1504,東元,14543585.0,0.0805320696375756,0.48,21387966.0,5228346.0,4690410.0,4857361.0,0.75,0.51,15685038.0,14878134.0,14776117.0
2022,2347,聯強,103353405.0,0.023646013404202793,1.42,16679470.0,32768594.0,35920894.0,40305498.0,5.01,5.01,98305782.0,103034232.0,108994986.0
2022,2034,允強,4967150.0,0.07493472111774357,0.83,4453545.0,1667173.0,1301373.0,1385638.0,0.73,0.6,5001519.0,4452819.0,4354184.0
2022,3296,勝德,745659.0,0.01911731770152308,0.14,967244.0,267669.0,265384.0,202725.0,-0.32,0.28,803007.0,799579.5,735778.0
2022,3043,科風,305772.0,0.16930915845793598,0.27,1948781.0,86016.0,148084.0,129340.0,-0.11,-0.14,258048.0,351150.0,363440.0
2022,1473,台南,1682847.0,0.03527474571366262,0.41,1471535.0,787362.0,707355.0,391158.0,-0.21,0.61,2362086.0,2242075.5,1885875.0
2022,2904,匯僑,129080.0,0.16915091416176015,0.31,690344.0,41951.0,43916.0,39685.0,0.02,0.51,125853.0,128800.5,125552.0
2022,4106,雃博,680136.0,0.07579954597315831,0.52,1009116.0,219580.0,260700.0,211284.0,0.31,0.59,658740.0,720420.0,691564.0
2022,1532,勤美,3040393.0,0.02979285901526546,0.25,3761221.0,1127279.0,1202021.0,1158278.0,0.79,0.52,3381837.0,3493950.0,3487578.0
2022,2015,豐興,10858158.0,0.08335962692751385,1.55,5815994.0,3274243.0,2855817.0,2708776.0,1.93,1.01,9822729.0,9195090.0,8838836.0
2022,1232,大統益,5934955.0,0.06498077912974909,2.36,1599749.0,1798053.0,2186695.0,2070078.0,0.85,0.78,5394159.0,5977122.0,6054826.0
2022,2642,宅配通,1140680.0,0.061860469193814216,0.74,954670.0,379005.0,401898.0,366112.0,0.6,0.34,1137015.0,1171354.5,1147015.0
2022,3017,奇鋐,13764052.0,0.08711511697282166,3.1,3533101.0,4852129.0,4978025.0,5052491.0,2.42,3.51,14556387.0,14745231.0,14882645.0
2022,2014,中鴻,16030903.0,0.04240222774724543,0.47,14355444.0,2890631.0,2303077.0,2685243.0,1.02,-0.78,8671893.0,7790562.0,7878951.0
2022,5388,中磊,15215563.0,0.02925044574426855,1.8,2523898.0,6006754.0,5733889.0,6473690.0,0.73,2.09,18020262.0,17610964.5,18214333.0
2022,1583,程泰,1522596.0,0.1845111900990151,2.02,1104004.0,596528.0,615406.0,742068.0,-0.31,2.19,1789584.0,1817901.0,1954002.0
2022,8039,台虹,2305050.0,0.09786902670224074,1.07,2091197.0,700704.0,801306.0,869994.0,1.18,1.23,2102112.0,2253015.0,2372004.0
2022,2504,國產,5253177.0,0.13960485245404827,0.6,11800000.0,1832273.0,1819642.0,1750617.0,0.65,0.57,5496819.0,5477872.5,5402532.0
2022,2360,致茂,4935863.0,0.3415250787957445,3.95,4224870.0,2056033.0,2311564.0,2292980.0,1.89,4.11,6168099.0,6551395.5,6660577.0
2022,9942,茂順,960920.0,0.1304936935436873,1.49,831613.0,349111.0,352730.0,389221.0,1.77,2.5,1047333.0,1052761.5,1091062.0
2022,1325,恆大,150525.0,0.01939212755356253,0.03,852812.0,50686.0,44949.0,41385.0,-0.29,0.28,152058.0,143452.5,137020.0
2022,6776,展碁國際,6066121.0,0.01954989028408764,1.26,815814.0,1756354.0,1992711.0,1861803.0,1.04,1.29,5269062.0,5623597.5,5610868.0
2022,1472,三洋實業,253745.0,0.03127943407751877,0.32,249881.0,63099.0,40293.0,129228.0,0.1,-0.43,189297.0,155088.0,232620.0
2022,6477,安集,635215.0,0.04232897522885952,0.22,1175796.0,265651.0,360067.0,403208.0,0.4,0.83,796953.0,938577.0,1028926.0
2022,5285,界霖,1682483.0,0.10236240128429232,1.69,1020409.0,557922.0,547000.0,500398.0,1.11,1.02,1673766.0,1657383.0,1605320.0
2022,2457,飛宏,3391967.0,0.020631096941686047,0.18,3752084.0,1180373.0,1346161.0,1277196.0,-0.04,0.07,3541119.0,3789801.0,3803730.0
2022,3532,台勝科,4050051.0,0.31598910729766116,3.3,3878483.0,1382833.0,1394766.0,1426670.0,1.1,3.99,4148499.0,4166398.5,4204269.0
2022,2348,海悅,1240036.0,0.15209961646274786,1.05,1471081.0,341010.0,417930.0,357168.0,3.3,1.43,1023030.0,1138410.0,1116108.0
2022,2002,中鋼,133637840.0,0.08252438081908538,0.65,157731290.0,39157604.0,36270317.0,29912530.0,1.28,0.13,117472812.0,113141881.5,105340451.0
2022,1220,台榮,834118.0,0.023099849182010218,0.1,1770779.0,294528.0,314062.0,294321.0,0.16,-0.09,883584.0,912885.0,902911.0
2022,6277,宏正,1289622.0,0.12568876771643164,1.35,1194711.0,397421.0,460459.0,509989.0,1.21,1.71,1192263.0,1286820.0,1367869.0
2022,8215,明基材,4111680.0,0.06311677951591564,0.82,3206745.0,1271899.0,1264800.0,1110000.0,0.83,1.66,3815697.0,3805048.5,3646699.0
2022,2892,第一金,,,0.39,132234423.0,7321542.0,7045774.0,5457385.0,0.42,0.47,21964626.0,21550974.0,19824701.0
2022,6592,和潤企業,5462843.0,0.18656055098050595,1.78,5150004.0,1967486.0,1976961.0,1969735.0,1.47,1.77,5902458.0,5916670.5,5914182.0
2022,6414,樺漢,26839352.0,0.0407135760952798,4.17,1060370.0,8736338.0,9440493.0,10995437.0,3.78,6.15,26209014.0,27265246.5,29172268.0
2022,3712,永崴投控,3101680.0,0.03708989966727709,0.38,2462421.0,637229.0,815793.0,1062619.0,0.43,0.86,1911687.0,2179533.0,2515641.0
2022,6269,台郡,7311166.0,0.03945061567470907,0.94,3203411.0,3122711.0,4142926.0,4877585.0,2.66,5.87,9368133.0,10898455.5,12143222.0
2022,1213,大飲,92803.0,-0.1897352456278353,-0.31,566226.0,29503.0,38696.0,31847.0,-0.72,-0.3,88509.0,102298.5,100046.0
2022,9911,櫻花,1995151.0,0.10117279343768967,0.93,2211212.0,667660.0,647591.0,647120.0,1.03,1.15,2002980.0,1972876.5,1962371.0
2022,3454,晶睿,2114773.0,0.0682035376846593,1.57,865679.0,850076.0,921507.0,795719.0,-0.25,2.56,2550228.0,2657374.5,2567302.0
2022,1235,興泰,5894.0,3.7488971835765184,0.22,1336292.0,3274.0,6974.0,29265.0,1.2,0.93,9822.0,15372.0,39513.0
2022,1730,花仙子,615277.0,0.09650287594043008,0.87,632339.0,204056.0,266545.0,240248.0,1.2,1.06,612168.0,705901.5,710849.0
2022,2832,台產,1508022.0,0.1943552547641878,0.81,3622004.0,563873.0,521635.0,502544.0,0.43,0.71,1691619.0,1628262.0,1588052.0
2022,1531,高林股,694321.0,0.11455796382364929,0.43,1836081.0,212566.0,193348.0,167661.0,0.29,0.36,637698.0,608871.0,573575.0
2022,6117,迎廣,611359.0,0.025266660014819444,0.2,886500.0,234013.0,205477.0,191991.0,0.13,0.74,702039.0,659235.0,631481.0
2022,1612,宏泰,1414815.0,0.019347405844580386,0.09,3160801.0,503497.0,470080.0,532534.0,0.36,0.25,1510491.0,1460365.5,1506111.0
2022,1731,美吾華,290459.0,0.15644548800347036,0.34,1329152.0,105362.0,103953.0,98291.0,0.34,0.34,316086.0,313972.5,307606.0
2022,2882,國泰金,,,0.85,147025102.0,25761482.0,26891960.0,16126783.0,2.32,0.38,77284446.0,78980163.0,68780225.0
2022,2483,百容,630282.0,0.10892425929980548,0.62,1090938.0,190205.0,184960.0,161109.0,0.2,0.42,570615.0,562747.5,536274.0
2022,2478,大毅,1305156.0,0.16141748572584427,1.44,1447313.0,348427.0,369938.0,393260.0,1.6,1.1,1045281.0,1077547.5,1111625.0
2022,3037,欣興,35634988.0,0.23536564681879504,5.43,14752603.0,11779291.0,12131465.0,13542749.0,2.87,5.81,35337873.0,35866134.0,37453505.0
2022,6446,藥華藥,977725.0,-0.28096039274847223,-0.97,2849566.0,348489.0,207200.0,255151.0,-2.7,-1.44,1045467.0,833533.5,810840.0
2022,2109,華豐,1360959.0,0.06647959269897183,0.14,2793492.0,488521.0,476702.0,347983.0,0.24,0.5,1465563.0,1447834.5,1313206.0
2022,6235,華孚,920863.0,0.016659372784008045,0.09,1732813.0,365363.0,355633.0,372446.0,0.1,0.5,1096089.0,1081494.0,1093442.0
2022,2395,研華,16824495.0,0.1464407104046808,3.17,7763662.0,5968194.0,6236122.0,6409596.0,2.95,4.1,17904582.0,18306474.0,18613912.0
2022,2890,永豐金,,,0.33,113837646.0,4728509.0,4313423.0,3898356.0,0.38,0.42,14185527.0,13562898.0,12940288.0
2022,6152,百一,1015105.0,0.022770058269834154,0.12,1677385.0,341758.0,482327.0,412127.0,0.04,0.56,1025274.0,1236127.5,1236212.0
2022,2527,宏璟,587091.0,0.10667170847449543,0.25,2703060.0,42295.0,108525.0,122362.0,3.93,1.01,126885.0,226230.0,273182.0
2022,2431,聯昌,271343.0,0.024563006969039188,0.06,1109270.0,120867.0,91302.0,84390.0,-0.19,0.01,362601.0,318253.5,296559.0
2022,8940,新天地,111332.0,-0.4845417310386951,-0.76,674910.0,48444.0,33790.0,92919.0,-1.38,-0.38,145332.0,123351.0,175153.0
2022,3033,威健,17421017.0,0.031160809957306166,1.29,4223886.0,5167770.0,6175847.0,6860159.0,1.43,0.88,15503310.0,17015425.5,18203776.0
2022,2377,微星,48015860.0,0.06335514973594142,3.6,8448562.0,13011506.0,12564059.0,12990682.0,5.29,1.91,39034518.0,38363347.5,38566247.0
2022,2108,南帝,3436622.0,0.12146200542276689,0.75,4924167.0,732110.0,832859.0,950143.0,3.0,0.33,2196330.0,2347453.5,2515112.0
2022,8374,羅昇,1039831.0,0.046964362478133466,0.39,1122505.0,331442.0,294942.0,271371.0,0.28,0.03,994326.0,939576.0,897755.0
2022,3543,州巧,762035.0,-0.034182156987539944,-0.28,892631.0,281091.0,237089.0,230197.0,0.27,0.36,843273.0,777270.0,748377.0
2022,2613,中櫃,834816.0,0.08264336093222938,0.5,1484235.0,273017.0,269207.0,249353.0,0.45,0.15,819051.0,813336.0,791577.0
2022,3005,神基,7486275.0,0.039673001592915036,0.44,6011339.0,2964559.0,2937045.0,3138858.0,1.05,1.21,8893677.0,8852406.0,9040462.0
2022,8112,至上,44872486.0,0.01596960774582447,1.65,4584965.0,12283141.0,12938594.0,12558033.0,1.8,1.02,36849423.0,37832602.5,37779768.0
2022,2424,隴華,22213.0,-1.8462161797145815,-1.2,409570.0,7629.0,2429.0,5576.0,-1.55,-1.26,22887.0,15087.0,15634.0
2022,6505,台塑化,239285774.0,0.07068928385186826,1.78,95259597.0,76588503.0,82746460.0,69729663.0,1.08,-0.66,229765509.0,239002444.5,229064626.0
2022,4904,遠傳,20723555.0,0.1124840791070837,0.71,32585008.0,6797046.0,6918720.0,8439197.0,1.03,0.75,20391138.0,20573649.0,22154963.0
2022,4755,三福化,1546966.0,0.17962967511891018,2.76,1007060.0,411234.0,419269.0,387177.0,1.55,1.62,1233702.0,1245754.5,1217680.0
2022,2472,立隆電,2859699.0,0.17914228035887694,2.27,1634951.0,880929.0,798569.0,842312.0,1.69,2.4,2642787.0,2519247.0,2521810.0
2022,3130,一零四,552231.0,0.2413754389014742,4.02,331907.0,194456.0,190253.0,196824.0,2.57,3.64,583368.0,577063.5,581533.0
2022,3413,京鼎,3196652.0,0.18818438791585695,6.27,966475.0,1273395.0,1379766.0,1401935.0,4.88,8.21,3820185.0,3979741.5,4055096.0
2022,3607,谷崧,594690.0,-0.07531150683549412,-0.55,1216622.0,218180.0,255932.0,282791.0,0.12,-0.35,654540.0,711168.0,756903.0
2022,2302,麗正,213632.0,0.26734290742959854,0.35,1663029.0,81749.0,81810.0,80543.0,0.2,0.33,245247.0,245338.5,244102.0
2022,2107,厚生,524388.0,0.412017437469965,0.63,3423260.0,116397.0,162774.0,107742.0,0.6,0.94,349191.0,418756.5,386913.0
2022,3042,晶技,3514013.0,0.23907282073230804,2.72,3097570.0,1179482.0,1105110.0,1147134.0,2.84,2.75,3538446.0,3426888.0,3431726.0
2022,3356,奇偶,341640.0,-0.056266830581899074,-0.24,898221.0,99730.0,132303.0,113044.0,0.26,0.48,299190.0,348049.5,345077.0
2022,2603,長榮,174999201.0,0.6029363814066785,19.33,52910502.0,62799441.0,57442123.0,50197469.0,15.24,30.39,188398323.0,180362346.0,170439033.0
2022,3050,鈺德,256411.0,0.00613078222073156,0.0,1459845.0,101783.0,99648.0,100254.0,0.42,0.32,305349.0,302146.5,301685.0
2022,2330,台積電,534140808.0,0.44404068823739823,9.14,259303805.0,186762689.0,218132391.0,208247663.0,6.02,10.83,560288067.0,607342620.0,613142743.0
2022,2820,華票,,,0.13,13429600.0,73896.0,249065.0,145673.0,0.34,0.24,221688.0,484441.5,468634.0
2022,8261,富鼎,1163163.0,0.247403846236512,3.06,1163405.0,333983.0,287845.0,288271.0,2.38,1.81,1001949.0,932742.0,910099.0
2022,2433,互盛電,793135.0,0.12344556727417148,0.64,1444960.0,271760.0,258754.0,263469.0,1.82,1.89,815280.0,795771.0,793983.0
2022,3045,台灣大,41348937.0,0.08374766683844859,1.06,35192336.0,13336886.0,13546599.0,13584708.0,1.0,1.0,40010658.0,40325227.5,40468193.0
2022,2460,建通,809716.0,-0.0037062377426159295,-0.01,1692000.0,203088.0,184507.0,191037.0,0.39,-0.25,609264.0,581392.5,578632.0
2022,3533,嘉澤,6651612.0,0.22486233412291637,14.22,1064871.0,2236848.0,2372149.0,2663176.0,8.91,17.92,6710544.0,6913495.5,7272173.0
2022,2459,敦吉,1828643.0,0.07717033887970479,1.24,1055956.0,766310.0,814858.0,798310.0,1.68,2.18,2298930.0,2371752.0,2379478.0
2022,1314,中石化,8139102.0,-0.056843494528020413,-0.12,37848502.0,2318156.0,1941044.0,1363265.0,0.36,0.43,6954468.0,6388800.0,5622465.0
2022,1233,天仁,406911.0,0.007724047764744625,0.03,905919.0,148964.0,158102.0,150985.0,0.22,0.09,446892.0,460599.0,458051.0
2022,9958,世紀鋼,1740857.0,-0.0379445296196069,0.05,2323668.0,651699.0,757968.0,903198.0,1.78,0.68,1955097.0,2114500.5,2312865.0
2022,2608,嘉里大榮,3218739.0,0.11211875209515279,0.7,4670005.0,1060943.0,1115735.0,1008503.0,0.74,0.65,3182829.0,3265017.0,3185181.0
2022,2385,群光,28651801.0,0.07567129898745283,2.5,7518464.0,10302508.0,10261684.0,10096600.0,2.25,2.97,30907524.0,30846288.0,30660792.0
2022,2855,統一證,1676488.0,0.23843117278501247,0.28,14558313.0,597285.0,485770.0,954956.0,0.15,0.46,1791855.0,1624582.5,2038011.0
2022,6416,瑞祺電通,1255429.0,0.1086807776465256,1.81,731889.0,371382.0,421679.0,550129.0,0.62,1.9,1114146.0,1189591.5,1343190.0
2022,2912,統一超,71130619.0,0.040874971156935946,2.36,10396223.0,25537871.0,25652734.0,24656273.0,1.98,2.58,76613613.0,76785907.5,75846878.0
2022,2880,華南金,,,0.31,136427459.0,6118042.0,5166107.0,4751869.0,0.36,0.43,18354126.0,16926223.5,16036018.0
2022,5469,瀚宇博,11588724.0,0.09061774186700797,1.34,5284413.0,4179502.0,4139143.0,4443544.0,2.67,2.57,12538506.0,12477967.5,12762189.0
2022,3305,昇貿,2258709.0,0.06006307142708512,1.08,1342375.0,670145.0,642761.0,623183.0,1.45,0.42,2010435.0,1969359.0,1936089.0
2022,2247,汎德永業,12890476.0,0.031024067691526675,4.95,807087.0,3328431.0,3713052.0,3967457.0,3.57,4.38,9985293.0,10562224.5,11008940.0
2022,6790,永豐實,2439147.0,0.07167546687428022,0.64,2671290.0,776555.0,840132.0,888354.0,3.39,0.57,2329665.0,2425030.5,2505041.0
2022,5880,合庫金,,,0.32,140089354.0,6505321.0,4795374.0,3957459.0,0.44,0.42,19515963.0,16951042.5,15258154.0
2022,6405,悅城,99018.0,-0.19001595669474236,-0.29,658000.0,23673.0,18034.0,26895.0,0.17,0.46,71019.0,62560.5,68602.0
2022,2444,兆勁,395644.0,0.0019411390037508468,0.0,1055576.0,113399.0,150337.0,141019.0,0.12,0.5,340197.0,395604.0,404755.0
2022,3049,精金,618692.0,0.16162161463215946,0.12,8069485.0,143027.0,148036.0,212226.0,0.24,-0.1,429081.0,436594.5,503289.0
2022,3048,益登,27448291.0,0.009950164110399442,1.0,2698298.0,9072811.0,10912095.0,11784120.0,1.01,0.64,27218433.0,29977359.0,31769026.0
2022,2461,光群雷,1669309.0,0.020920033379080806,0.46,1638061.0,511005.0,518532.0,541550.0,0.82,0.43,1533015.0,1544305.5,1571087.0
2022,4746,台耀,838218.0,-0.05933182060036888,-0.07,1202560.0,340174.0,279054.0,404808.0,-4.01,4.09,1020522.0,928842.0,1024036.0
2022,1104,環泥,1748604.0,0.19420349032714096,0.5,6536092.0,580420.0,605512.0,597159.0,0.3,0.88,1741260.0,1778898.0,1783091.0
2022,6184,大豐電,499399.0,0.2686829569142109,0.9,1582306.0,165923.0,166828.0,169774.0,1.08,0.63,497769.0,499126.5,502525.0
2022,9945,潤泰新,7646569.0,0.7992860588847103,2.87,31602501.0,2846856.0,2323847.0,2627721.0,-0.03,-0.12,8540568.0,7756054.5,7798424.0
2022,3535,晶彩科,456030.0,0.17824046663596693,1.03,790523.0,114053.0,155401.0,149502.0,0.11,1.36,342159.0,404181.0,418956.0
2022,1720,生達,1481061.0,0.2226748256823993,1.28,1786961.0,462839.0,509036.0,577234.0,0.89,1.33,1388517.0,1457812.5,1549109.0
2022,1617,榮星,1003584.0,0.028988106625852942,0.21,1577332.0,278889.0,248161.0,276154.0,0.32,0.04,836667.0,790575.0,803204.0
2022,2485,兆赫,1363670.0,-0.010403543379263311,-0.03,3176890.0,589100.0,655975.0,620468.0,-0.1,0.25,1767300.0,1867612.5,1865543.0
2022,9917,中保科,3791806.0,0.14927214103253172,1.27,4511971.0,1246390.0,1300543.0,1254190.0,1.39,1.44,3739170.0,3820399.5,3801123.0
2022,2617,台航,1003188.0,1.0565766336917906,2.54,4172945.0,334578.0,329693.0,307881.0,1.16,0.74,1003734.0,996406.5,972152.0
2022,5234,達興材料,1048118.0,0.13354316975760364,1.36,1027159.0,250165.0,252786.0,224624.0,1.85,0.35,750495.0,754426.5,727575.0
2022,4952,凌通,1019027.0,0.21360572389151614,2.0,1088158.0,245525.0,231324.0,213000.0,2.03,1.07,736575.0,715273.5,689849.0
2022,2434,統懋,26754.0,-0.6701427823876803,-0.49,370000.0,7060.0,7716.0,8377.0,-0.33,0.62,21180.0,22164.0,23153.0
2022,1615,大山,1043839.0,0.08225023207601939,0.62,1488389.0,263424.0,415238.0,344482.0,0.25,0.37,790272.0,1017993.0,1023144.0
2022,2010,春源,6567063.0,0.03560175987347769,0.36,6476554.0,2053870.0,2040228.0,2053172.0,0.51,0.12,6161610.0,6141147.0,6147270.0
2022,2458,義隆,4148548.0,0.1833366758682797,2.75,3038804.0,1076225.0,843824.0,899145.0,4.7,1.83,3228675.0,2880073.5,2819194.0
2022,4960,誠美材,2937525.0,0.07345469400260424,0.33,6752467.0,775995.0,605699.0,521815.0,0.37,0.36,2327985.0,2072541.0,1903509.0
2022,8021,尖點,892309.0,0.1417020337125368,0.87,1421805.0,284177.0,290389.0,298238.0,0.93,0.3,852531.0,861849.0,872804.0
2022,2836,高雄銀,,,0.21,12383477.0,309915.0,303639.0,295929.0,0.19,0.18,929745.0,920331.0,909483.0
2022,1323,永裕,896161.0,0.05374145940294211,0.21,912745.0,321947.0,327512.0,315654.0,0.73,0.55,965841.0,974188.5,965113.0
2022,1215,卜蜂,6839204.0,0.07189228454071556,1.82,2947901.0,2400161.0,2393814.0,2418414.0,1.07,1.01,7200483.0,7190962.5,7212389.0
2022,1218,泰山,2741171.0,0.048483658990993266,0.27,4999990.0,1023417.0,1054476.0,1063747.0,0.29,0.32,3070251.0,3116839.5,3141640.0
2022,2753,八方雲集,1694531.0,0.09672646885775474,2.52,660448.0,591395.0,593994.0,590866.0,6.53,2.69,1774185.0,1778083.5,1776255.0
2022,1455,集盛,2553559.0,-0.013243085434877361,-0.06,5316884.0,742046.0,694537.0,713084.0,-0.16,-0.42,2226138.0,2154874.5,2149667.0
2022,1809,中釉,656212.0,0.057627717871663424,0.21,1670419.0,224533.0,236585.0,261115.0,0.04,0.23,673599.0,691677.0,722233.0
2022,1409,新纖,,,0.51,16184093.0,4072380.0,4216488.0,3883592.0,0.75,0.69,12217140.0,12433302.0,12172460.0
2022,1417,嘉裕,308900.0,0.007481385561670444,0.01,1899419.0,120361.0,117306.0,154084.0,0.13,0.27,361083.0,356500.5,391751.0
2022,8476,台境*,587232.0,0.04145380360743284,0.31,705103.0,234158.0,258112.0,267824.0,-0.42,1.03,702474.0,738405.0,760094.0
2022,1423,利華,41635.0,0.355830431127657,0.1,1384000.0,10059.0,14789.0,9251.0,-0.26,0.14,30177.0,37272.0,34099.0
2022,8011,台通,363898.0,-0.28329092218149043,-0.65,1509219.0,133888.0,156657.0,169209.0,-0.49,-0.18,401664.0,435817.5,459754.0
2022,6176,瑞儀,11022003.0,0.15091639877071344,3.57,4650273.0,5984875.0,6052612.0,5960827.0,3.27,3.96,17954625.0,18056230.5,17998314.0
2022,2465,麗臺,1100070.0,-0.06068795622096776,-1.25,589460.0,344049.0,291995.0,978975.0,1.64,-1.01,1032147.0,954066.0,1615019.0
2022,2481,強茂,3485093.0,0.1587260368661611,1.49,3828149.0,1113783.0,1004167.0,1050617.0,1.88,1.12,3341349.0,3176925.0,3168567.0
2022,2231,為升,842341.0,0.08386627268529016,0.97,1341082.0,294771.0,309060.0,347472.0,1.03,1.04,884313.0,905746.5,951303.0
2022,2340,台亞,1328448.0,0.10628041142747024,0.33,4386228.0,363382.0,354487.0,340961.0,0.62,0.24,1090146.0,1076803.5,1058830.0
2022,2546,根基,2809119.0,0.0525538433936049,1.39,1166392.0,1261109.0,1339321.0,1205979.0,1.45,2.04,3783327.0,3900645.0,3806409.0
2022,1438,三地開發,455699.0,0.8766422572794762,5.61,712058.0,0.0,0.0,1.0,0.31,-0.31,0.0,0.0,1.0
2022,9938,百和,5035531.0,0.15012835786335146,1.87,2979639.0,1340178.0,1476959.0,1254333.0,1.17,1.35,4020534.0,4225705.5,4071470.0
2022,4564,元翎,423262.0,0.007265003709286446,0.02,1827883.0,152461.0,146576.0,170034.0,0.49,-0.02,457383.0,448555.5,469071.0
2022,1608,華榮,2759429.0,-0.050370565794590115,-0.31,6327735.0,976010.0,857290.0,953769.0,0.24,0.02,2928030.0,2749950.0,2787069.0
2022,2618,長榮航,33331383.0,0.05964564986697372,0.34,53355698.0,11866739.0,12014621.0,11323698.0,0.3,0.23,35600217.0,35822040.0,35205058.0
2022,3321,同泰,551976.0,0.05146057074945287,0.18,1561448.0,124415.0,104049.0,99633.0,-0.1,-0.42,373245.0,342696.0,328097.0
2022,1718,中纖,,,-0.13,16862097.0,2952896.0,2973454.0,2779499.0,0.06,-0.26,8858688.0,8889525.0,8705849.0
2022,1760,寶齡富錦,814792.0,0.19781490245363234,1.88,857391.0,159290.0,345476.0,156797.0,0.77,0.91,477870.0,757149.0,661563.0
2022,3714,富采,7780726.0,0.03280040962758488,0.57,6847840.0,2316152.0,2282902.0,2085248.0,1.91,-0.56,6948456.0,6898581.0,6684302.0
2022,2106,建大,10451122.0,0.04386390284220201,0.5,9094100.0,3316596.0,3535890.0,3484075.0,0.24,0.25,9949788.0,10278729.0,10336561.0
2022,2368,金像電,8456949.0,0.17275402748674493,2.7,5464879.0,2667513.0,2960443.0,2977499.0,1.46,2.7,8002539.0,8441934.0,8605455.0
2022,9904,寶成,68337874.0,0.08884107222884927,1.72,29467872.0,23003923.0,23094171.0,22878710.0,0.87,1.94,69011769.0,69147141.0,68976804.0
2022,4119,旭富,181361.0,0.7738267874570608,1.47,953824.0,49649.0,124845.0,130095.0,0.22,0.51,148947.0,261741.0,304589.0
2022,6142,友勁,609548.0,0.05042260822773596,0.09,3307792.0,302819.0,360623.0,405765.0,-0.65,0.25,908457.0,995163.0,1069207.0
2022,2059,川湖,1936635.0,0.5158927727733931,10.48,952971.0,714280.0,723298.0,712808.0,6.62,15.56,2142840.0,2156367.0,2150386.0
2022,6706,惠特,1472341.0,0.21221170910814818,4.25,735369.0,346597.0,214009.0,225705.0,4.49,3.33,1039791.0,840909.0,786311.0
2022,6214,精誠,7696011.0,0.021288171235721985,0.63,2693933.0,2852649.0,2817723.0,2876182.0,0.93,1.26,8557947.0,8505558.0,8546554.0
2022,4919,新唐,11180422.0,0.1215778796184974,3.23,4197653.0,3320548.0,3485293.0,3594657.0,1.56,2.26,9961644.0,10208761.5,10400498.0
2022,3380,明泰,8287178.0,0.03861869504914701,0.45,5417185.0,2756213.0,3058273.0,3416384.0,0.21,0.58,8268639.0,8721729.0,9230870.0
2022,6136,富爾特,125399.0,-0.00944983612309508,-0.01,1155364.0,36608.0,40997.0,39465.0,0.77,0.93,109824.0,116407.5,117070.0
2022,6183,關貿,528829.0,0.21678274073471765,0.76,1500000.0,160456.0,194869.0,161879.0,0.61,0.75,481368.0,532987.5,517204.0
2022,9919,康那香,686940.0,-0.11421667103386031,-0.4,1953628.0,309769.0,297823.0,321690.0,-0.07,-0.28,929307.0,911388.0,929282.0
2022,6177,達麗,2507253.0,0.10749812643558508,0.69,3879106.0,61937.0,106544.0,1300482.0,0.93,1.05,185811.0,252721.5,1468963.0
2022,1307,三芳,2701662.0,0.05926611100870501,0.41,3978181.0,923832.0,1118509.0,1021629.0,-0.41,0.46,2771496.0,3063511.5,3063970.0
2022,1326,台化,107791185.0,0.07290200028879913,1.07,58611863.0,31249506.0,28666166.0,30822873.0,1.63,0.43,93748518.0,89873508.0,90738545.0
2022,9914,美利達,8808535.0,0.10886202983810589,3.18,2989838.0,3256264.0,3021291.0,3156527.0,4.07,3.1,9768792.0,9416332.5,9434082.0
2022,2301,光寶科,42957305.0,0.09240826443837666,1.74,23508670.0,14799908.0,15434850.0,15937899.0,1.33,1.85,44399724.0,45352137.0,46172657.0
2022,1806,冠軍,833565.0,-0.08268821267687583,-0.15,4337821.0,235289.0,244575.0,223344.0,2.62,0.13,705867.0,719796.0,703208.0
2022,2908,特力,10193431.0,0.009213384580716738,0.18,5098875.0,2946815.0,2977229.0,3254232.0,0.36,0.29,8840445.0,8886066.0,9178276.0
2022,2406,國碩,1896047.0,-0.02140347786737354,-0.04,3509057.0,597781.0,505943.0,536940.0,-0.25,-0.02,1793343.0,1655586.0,1640664.0
2022,2371,大同,6822835.0,-0.008836356148140765,0.19,23395367.0,2301653.0,2406367.0,2511741.0,0.31,3.47,6904959.0,7062030.0,7219761.0
2022,4164,承業醫,692195.0,0.17049964244179747,0.69,1615349.0,216226.0,233463.0,367725.0,0.43,0.63,648678.0,674533.5,817414.0
2022,4572,駐龍,173629.0,0.3225037292157416,1.56,358000.0,50043.0,59544.0,62586.0,0.5,1.91,150129.0,164380.5,172173.0
2022,1527,鑽全,1126779.0,0.1850114352503907,1.51,1385706.0,304470.0,318364.0,287717.0,0.81,1.82,913410.0,934251.0,910551.0
2022,6698,旭暉應材,341573.0,0.03667444440866228,0.02,663898.0,91363.0,80114.0,104223.0,0.06,-0.25,274089.0,257215.5,275700.0
2022,3029,零壹,2967967.0,0.047720880993622906,0.92,1526477.0,952558.0,1623480.0,1179344.0,1.43,1.25,2857674.0,3864057.0,3755382.0
2022,3003,健和興,1288670.0,0.21263938789604786,1.75,1556549.0,424833.0,369883.0,468763.0,1.27,1.72,1274499.0,1192074.0,1263479.0
2022,4540,全球傳動,991041.0,0.05451540349995611,0.57,941780.0,329530.0,283229.0,250471.0,1.19,1.15,988590.0,919138.5,863230.0
2022,2471,資通,189324.0,0.18144028226743572,0.73,472539.0,74254.0,68149.0,54854.0,1.28,1.02,222762.0,213604.5,197257.0
2022,1453,大將,23658.0,-2.014794149970412,-0.48,1036335.0,30291.0,39629.0,28514.0,-0.02,0.01,90873.0,104880.0,98434.0
2022,2489,瑞軒,4494084.0,-0.08565571983078198,-0.5,7980000.0,1025750.0,1318705.0,1535977.0,-0.12,1.5,3077250.0,3516682.5,3880432.0
2022,3338,泰碩,1206708.0,0.06504390457343451,0.89,879081.0,405149.0,413297.0,402394.0,0.64,0.91,1215447.0,1227669.0,1220840.0
2022,3703,欣陸,8241130.0,0.11047465578142804,1.15,8232160.0,2009945.0,2084366.0,2118905.0,0.22,0.56,6029835.0,6141466.5,6213216.0
2022,6005,群益證,1456460.0,-0.1329559342515414,-0.12,21709081.0,927194.0,959265.0,407609.0,0.59,0.11,2781582.0,2829688.5,2294068.0
2022,2449,京元電子,9928261.0,0.20790891778529996,1.65,12227451.0,3196133.0,2891833.0,2932369.0,1.25,1.22,9588399.0,9131949.0,9020335.0
2022,5484,慧友,63282.0,-0.6307322777409058,-0.59,668010.0,30025.0,32212.0,34578.0,-0.44,0.04,90075.0,93355.5,96815.0
2022,1709,和益,2645478.0,0.1368690270718562,0.75,4770163.0,868527.0,874460.0,775534.0,0.59,0.54,2605581.0,2614480.5,2518521.0
2022,2838,聯邦銀,,,0.0,37965302.0,1561893.0,1617823.0,1297400.0,0.21,0.34,4685679.0,4769574.0,4477116.0
2022,2812,台中銀,,,0.27,47654465.0,1436922.0,1440249.0,1218436.0,0.27,0.28,4310766.0,4315756.5,4095607.0
2022,2901,欣欣,28694.0,0.13048023977138076,0.05,730433.0,10378.0,8393.0,6429.0,-0.02,0.06,31134.0,28156.5,25200.0
2022,3494,誠研,156965.0,-0.5370942566814257,-0.45,1200000.0,55959.0,53909.0,47548.0,-0.67,-0.13,167877.0,164802.0,157416.0
2022,2506,太設,228415.0,3.7542280498215965,2.19,3870000.0,64539.0,57775.0,103845.0,-0.01,0.02,193617.0,183471.0,226159.0
2022,3149,正達,657607.0,-0.14686583324082622,-0.46,2233936.0,224365.0,229172.0,213629.0,-0.09,-0.25,673095.0,680305.5,667166.0
2022,6754,匯僑設計,1122374.0,0.03381493156470125,0.58,660000.0,489318.0,528750.0,535406.0,0.21,1.7,1467954.0,1527102.0,1553474.0
2022,2886,兆豐金,,,0.13,139398196.0,7120270.0,4861655.0,2807313.0,0.53,0.41,21360810.0,17972887.5,14789238.0
2022,1216,統一,130531027.0,0.05716608665003455,0.85,56820154.0,47295432.0,48654713.0,45815778.0,1.0,0.97,141886296.0,143925217.5,141765923.0
2022,9928,中視,200366.0,-0.021296028268269068,-0.07,607246.0,72766.0,66149.0,69906.0,-0.04,-0.17,218298.0,208372.5,208821.0
2022,1710,東聯,5519393.0,-0.07594440185723321,-0.22,8857031.0,1121107.0,1852131.0,1942737.0,0.26,-0.29,3363321.0,4459857.0,4915975.0
2022,2495,普安,337311.0,0.034813569673091,0.04,2735515.0,129078.0,134145.0,137299.0,0.09,0.3,387234.0,394834.5,400522.0
2022,1109,信大,1765691.0,0.002227456559499935,-0.06,3419579.0,557403.0,478276.0,634886.0,0.31,0.63,1672209.0,1553518.5,1670565.0
2022,2727,王品,3523380.0,-0.07695593435848531,-2.98,769879.0,1635548.0,1856194.0,1596733.0,-1.45,3.77,4906644.0,5237613.0,5088475.0
2022,2379,瑞昱,30499344.0,0.15335182291133867,9.12,5128636.0,9790003.0,10398019.0,9583996.0,9.57,8.2,29370009.0,30282033.0,29772018.0
2022,2910,統領,118252.0,0.14075026215201433,0.1,2087250.0,38141.0,118810.0,54270.0,0.16,0.2,114423.0,235426.5,211221.0
2022,1443,立益物流,186358.0,-0.009218815398319364,0.25,1353430.0,63796.0,103981.0,77399.0,0.05,0.66,191388.0,251665.5,245176.0
2022,2425,承啟,1625793.0,0.061991901798076385,1.06,1014988.0,478478.0,537114.0,603446.0,0.39,1.49,1435434.0,1523388.0,1619038.0
2022,6531,愛普*,1538648.0,0.40434069390789834,3.85,807804.0,405358.0,382285.0,399510.0,-0.88,4.33,1216074.0,1181464.5,1187153.0
2022,1598,岱宇,1379277.0,-0.052371641084423215,-0.49,1341147.0,448166.0,449422.0,491059.0,0.87,0.6,1344498.0,1346382.0,1388647.0
2022,6239,力成,23263343.0,0.14714084729782817,3.67,7591466.0,7683710.0,7084719.0,6661704.0,3.2,3.2,23051130.0,22152643.5,21430133.0
2022,8443,阿瘦,282101.0,-0.29064058617303734,-1.23,668000.0,100263.0,106806.0,86843.0,-1.2,-0.91,300789.0,310603.5,293912.0
2022,2834,臺企銀,,,0.25,80296934.0,2906096.0,2563993.0,2393021.0,0.17,0.36,8718288.0,8205133.5,7863110.0
2022,3593,力銘,181189.0,-0.22029483026011512,-0.43,930425.0,67825.0,100023.0,95345.0,-0.01,-0.06,203475.0,251772.0,263193.0
2022,1463,強盛新,117740.0,-0.3237897061321556,-0.23,1732684.0,43449.0,37194.0,44659.0,-0.02,0.28,130347.0,120964.5,125302.0
2022,6164,華興,247517.0,0.12552269137069372,0.3,1000002.0,89999.0,59672.0,64651.0,0.12,0.1,269997.0,224506.5,214322.0
2022,6192,巨路,1616358.0,0.12809167276061367,1.94,1068398.0,536883.0,507972.0,610122.0,1.89,2.53,1610649.0,1567282.5,1654977.0
2022,2228,劍麟,961596.0,0.09709067009430156,1.23,757803.0,405907.0,413377.0,442582.0,0.49,2.51,1217721.0,1228926.0,1261866.0
2022,1517,利奇,1350102.0,0.08794298504853708,0.6,2256850.0,582796.0,509527.0,468695.0,0.5,1.07,1748388.0,1638484.5,1561018.0
2022,6443,元晶,1891369.0,0.0076108892553489035,0.04,4496214.0,757068.0,745150.0,773291.0,-0.24,0.04,2271204.0,2253327.0,2275509.0
2022,2031,新光鋼,4120146.0,0.03590843625444341,0.42,3211463.0,1106608.0,1832460.0,1325323.0,1.79,-0.48,3319824.0,4408602.0,4264391.0
2022,2615,萬海,75126060.0,0.4016168557222354,8.57,28061464.0,23902539.0,21314901.0,18617074.0,13.18,7.97,71707617.0,67826160.0,63834514.0
2022,2849,安泰銀,,,0.24,19576094.0,460264.0,517200.0,460476.0,0.32,0.23,1380792.0,1466196.0,1437940.0
2022,6669,緯穎,75057225.0,0.04746533061940406,20.37,1748408.0,21822682.0,26368154.0,31483162.0,11.59,24.69,65468046.0,72286254.0,79673998.0
2022,1524,耿鼎,688070.0,0.16593224526574332,0.69,1653104.0,192039.0,180053.0,197003.0,0.17,0.71,576117.0,558138.0,569095.0
2022,4956,光鋐,300118.0,-0.024760260964020817,-0.08,1004082.0,84421.0,93380.0,96246.0,0.37,-0.15,253263.0,266701.5,274047.0
2022,1456,怡華,230702.0,-0.1466480568005479,-0.36,937200.0,47436.0,36321.0,50058.0,0.01,-0.3,142308.0,125635.5,133815.0
2022,2633,台灣高鐵,6665611.0,0.04168425070109852,0.05,56282930.0,2991101.0,3366023.0,3423080.0,0.15,0.23,8973303.0,9535686.0,9780204.0
2022,6116,彩晶,4492769.0,0.004282882115684113,0.01,29403289.0,1355754.0,1437876.0,1031744.0,0.45,-0.13,4067262.0,4190445.0,3825374.0
2022,3189,景碩,11453611.0,0.20036632988495942,4.65,4508441.0,3762744.0,3868932.0,3912745.0,3.07,4.79,11288232.0,11447514.0,11544421.0
2022,2722,夏都,156890.0,0.047632098922812165,0.1,1115229.0,118711.0,114328.0,78075.0,0.04,1.02,356133.0,349558.5,311114.0
2022,2482,連宇,366827.0,0.10354199663601643,0.54,751713.0,85375.0,114766.0,107942.0,0.31,0.77,256125.0,300211.5,308083.0
2022,8210,勤誠,2781851.0,0.0998558154264912,2.31,1207697.0,1020710.0,1024998.0,983956.0,1.8,3.65,3062130.0,3068562.0,3029664.0
2022,1201,味全,4912482.0,0.018406581438873467,0.18,5060629.0,1907939.0,2008672.0,1834655.0,0.4,0.28,5723817.0,5874916.5,5751266.0
2022,9943,好樂迪,394367.0,-0.04340119736184823,-0.11,1473176.0,197756.0,212912.0,213401.0,-1.67,1.2,593268.0,616002.0,624069.0
2022,5203,訊連,441999.0,0.22833535822479237,1.28,788308.0,148930.0,139866.0,143305.0,0.73,1.1,446790.0,433194.0,432101.0
2022,1457,宜進,1176611.0,-0.0023712169952516166,0.03,3016476.0,309944.0,365255.0,348821.0,0.14,0.15,929832.0,1012798.5,1024020.0
2022,2331,精英,10782210.0,0.0318766746334935,0.61,5574030.0,2740290.0,2617625.0,2196647.0,0.14,0.74,8220870.0,8036872.5,7554562.0
2022,1444,力麗,3719100.0,0.08380898604501089,0.33,9573029.0,1124306.0,1110060.0,1056962.0,0.07,0.21,3372918.0,3351549.0,3291328.0
2022,3550,聯穎,1082128.0,0.016893565271391183,0.22,875500.0,324052.0,304493.0,345344.0,0.07,-0.25,972156.0,942817.5,973889.0
2022,5269,祥碩,1439749.0,0.49254835391446705,10.26,692155.0,449339.0,451057.0,437001.0,14.56,10.76,1348017.0,1350594.0,1337397.0
2022,2467,志聖,1320166.0,0.16417859572205312,1.24,1567554.0,447143.0,497632.0,589232.0,0.98,1.45,1341429.0,1417162.5,1534007.0
2022,1446,宏和,36035.0,-0.1282919383932288,-0.04,1377095.0,20368.0,10478.0,12108.0,-0.17,-0.04,61104.0,46269.0,42954.0
2022,3058,立德,1243170.0,-0.0424616102383423,-0.34,1585764.0,464460.0,351538.0,421467.0,-0.34,-0.07,1393380.0,1223997.0,1237465.0
2022,6625,必應,118555.0,-0.4220404031883936,-1.09,443404.0,48517.0,109432.0,124257.0,-0.92,-0.04,145551.0,236923.5,282206.0
2022,5258,虹堡,1598132.0,0.09272388013005184,1.65,895426.0,616095.0,634941.0,760606.0,0.58,2.53,1848285.0,1876554.0,2011642.0
2022,1762,中化生,579402.0,0.25536501427333697,1.9,775600.0,130715.0,156945.0,178072.0,1.09,1.56,392145.0,431490.0,465732.0
2022,6226,光鼎,295113.0,0.04801550592484913,0.11,1165398.0,69799.0,67205.0,71810.0,0.08,0.07,209397.0,205506.0,208814.0
2022,6670,復盛應用,8366782.0,0.17040781031464666,10.29,1310300.0,2597223.0,2645360.0,2673363.0,3.34,10.33,7791669.0,7863874.5,7915946.0
2022,2438,翔耀,59250.0,-0.055105485232067514,-0.09,601956.0,16004.0,11792.0,30761.0,0.01,-0.08,48012.0,41694.0,58557.0
2022,6743,安普新,1401960.0,0.007625039230791178,0.07,1500000.0,459295.0,372540.0,384886.0,,0.26,1377885.0,1247752.5,1216721.0
2022,2539,櫻花建,3165826.0,0.26597766270161405,1.31,7346443.0,732130.0,2364287.0,0.0,0.68,0.85,2196390.0,4644625.5,3096417.0
2022,2033,佳大,202088.0,-0.005774712006650568,-0.01,806945.0,51499.0,72271.0,59036.0,0.06,-0.06,154497.0,185655.0,182806.0
2022,2515,中工,2830689.0,0.017812624417588793,0.04,15308998.0,1219088.0,1397356.0,1457283.0,0.09,0.06,3657264.0,3924666.0,4073727.0
2022,2491,吉祥全,-216770.0,1.5278451815288094,-2.29,820080.0,89876.0,-26372.0,-134644.0,-3.66,-1.34,269628.0,95256.0,-71140.0
2022,6024,群益期,685188.0,0.23347606788209951,0.76,2104376.0,240420.0,216494.0,270609.0,0.51,1.07,721260.0,685371.0,727523.0
2022,8070,長華*,5820157.0,0.15997918956481758,0.78,689419.0,1891503.0,1855940.0,1765668.0,1.03,1.17,5674509.0,5621164.5,5513111.0
2022,4930,燦星網,2067363.0,0.08472919366361882,1.23,800000.0,681833.0,628347.0,582957.0,1.59,1.12,2045499.0,1965270.0,1893137.0
2022,1603,華電,785219.0,0.07272620759304092,0.36,1916880.0,214634.0,491483.0,258471.0,0.64,1.07,643902.0,1059175.5,964588.0
2022,3443,創意,5380703.0,0.1413369219598257,5.67,1340119.0,1940034.0,2014285.0,2107524.0,3.11,7.9,5820102.0,5931478.5,6061843.0
2022,3059,華晶科,3152366.0,0.03204640577902439,0.34,2789473.0,1250957.0,1380336.0,1382248.0,0.36,0.46,3752871.0,3946939.5,4013541.0
2022,1514,亞力,1972675.0,0.07718453369156095,0.66,2397430.0,497977.0,581803.0,692853.0,0.41,0.47,1493931.0,1619670.0,1772633.0
2022,1452,宏益,510259.0,0.08299902598484299,0.32,1326414.0,135987.0,134402.0,133017.0,0.37,0.33,407961.0,405583.5,403406.0
2022,9934,成霖,5207844.0,-0.1966931037104798,-2.86,3581640.0,1506098.0,1701395.0,1619395.0,0.01,0.26,4518294.0,4811239.5,4826888.0
2022,2545,皇翔,1890784.0,0.20402647790546144,1.18,3277348.0,904436.0,361731.0,535974.0,-0.27,0.97,2713308.0,1899250.5,1802141.0
2022,2852,第一保,1739695.0,0.0979453294974119,0.57,3011638.0,640231.0,631312.0,579184.0,0.94,0.82,1920693.0,1907314.5,1850727.0
2022,5533,皇鼎,1866843.0,0.10606515920192539,0.69,2852450.0,666090.0,37837.0,30834.0,0.38,0.68,1998270.0,1055890.5,734761.0
2022,3704,合勤控,6228595.0,0.012774791104574948,0.17,4425928.0,2668282.0,2991409.0,3001299.0,0.98,1.81,8004846.0,8489536.5,8660990.0
2022,1736,喬山,6567106.0,-0.06226167203635818,-1.35,3036166.0,1996618.0,2745173.0,3277165.0,-1.67,0.73,5989854.0,7112686.5,8018956.0
2022,2891,中信金,,,0.35,199969796.0,15576298.0,11158103.0,9171155.0,0.61,0.41,46728894.0,40101601.5,35905556.0
2022,2739,寒舍,524933.0,-0.5717339165188701,-3.26,1015260.0,279768.0,299674.0,316961.0,-2.18,-0.94,839304.0,869163.0,896403.0
2022,3006,晶豪科,4959233.0,0.1897192569899418,3.35,2861570.0,1254723.0,1185956.0,1059952.0,6.8,0.3,3764169.0,3661018.5,3500631.0
2022,5306,桂盟,1890990.0,0.2752891342630051,4.13,1260000.0,640723.0,624412.0,639249.0,4.03,4.81,1922169.0,1897702.5,1904384.0
2022,6120,達運,3580899.0,-0.038355172821126764,-0.2,6655551.0,1378852.0,639192.0,927662.0,-0.24,-0.24,4136556.0,3027066.0,2945706.0
2022,6196,帆宣,11823579.0,0.04010968252506284,2.52,1950181.0,4745747.0,4907330.0,4590512.0,2.38,4.23,14237241.0,14479615.5,14243589.0
2022,6579,研揚,2085452.0,0.1480269025611714,2.73,1487375.0,642046.0,652638.0,764707.0,0.87,3.33,1926138.0,1942026.0,2059391.0
2022,4551,智伸科,2290323.0,0.15661022484601517,3.11,1152225.0,797410.0,849739.0,729902.0,2.55,3.68,2392230.0,2470723.5,2377051.0
2022,2373,震旦行,2740100.0,0.0755844677201562,0.87,2362025.0,1253904.0,1173846.0,1198728.0,1.78,2.27,3761712.0,3641625.0,3626478.0
2022,1618,合機,529433.0,0.09923446403983129,0.27,1926917.0,103947.0,405947.0,304615.0,0.2,0.21,311841.0,764841.0,814509.0
2022,2421,建準,3483127.0,0.08621620744807755,1.2,2509297.0,1209716.0,1098401.0,1355987.0,0.35,1.42,3629148.0,3462175.5,3664104.0
2022,6412,群電,10270487.0,0.07516586117094545,1.95,3953884.0,3535141.0,3514327.0,3751354.0,2.09,2.44,10605423.0,10574202.0,10800822.0
2022,2375,凱美,1580792.0,0.10973992783364288,1.27,1358442.0,528019.0,497713.0,479349.0,2.85,1.59,1584057.0,1538598.0,1505081.0
2022,6206,飛捷,1643478.0,0.21259913427499486,2.49,1430623.0,463663.0,472430.0,476967.0,1.4,2.23,1390989.0,1404139.5,1413060.0
2022,2462,良得電,1292680.0,-0.014796391991830925,-0.13,1419346.0,420166.0,386064.0,382097.0,-0.01,0.53,1260498.0,1209345.0,1188327.0
2022,2211,長榮鋼,3325714.0,0.40150656370331306,2.91,4199820.0,982491.0,753827.0,674715.0,1.17,1.28,2947473.0,2604477.0,2411033.0
2022,1102,亞泥,24487758.0,0.1930684711928303,1.35,35459276.0,7864622.0,7069221.0,6994078.0,1.04,1.33,23593866.0,22400764.5,21927921.0
2022,1817,凱撒衛,697906.0,0.1064785228956335,1.01,726000.0,220316.0,235523.0,228371.0,0.67,1.14,660948.0,683758.5,684210.0
2022,2365,昆盈,262992.0,0.06511604915738882,0.07,2215285.0,130910.0,108515.0,67858.0,0.12,0.18,392730.0,359137.5,307283.0
2022,1905,華紙,6221758.0,0.029701573092363927,0.15,11028353.0,2079953.0,2046809.0,2036637.0,0.14,0.26,6239859.0,6190143.0,6163399.0
2022,2476,鉅祥,1593713.0,0.15004583635824015,1.08,1897683.0,649311.0,632854.0,615122.0,1.13,1.65,1947933.0,1923247.5,1897287.0
2022,1737,臺鹽,873547.0,0.02832474955554767,0.23,2000000.0,305192.0,334505.0,332826.0,0.5,0.81,915576.0,959545.5,972523.0
2022,2062,橋椿,2446566.0,0.14423277361003137,1.7,1999942.0,660951.0,503368.0,602798.0,0.86,1.16,1982853.0,1746478.5,1767117.0
2022,2337,旺宏,11340048.0,0.2588549007905434,1.59,18558843.0,3604068.0,3727862.0,4139594.0,2.94,1.35,10812204.0,10997895.0,11471524.0
2022,3094,聯傑,81312.0,0.22227961432506887,0.22,831171.0,27352.0,26385.0,26853.0,0.25,0.23,82056.0,80605.5,80590.0
2022,6605,帝寶,4152997.0,0.10857749235070481,2.74,1658164.0,1599572.0,1533348.0,1378797.0,1.8,3.22,4798716.0,4699380.0,4511717.0
2022,8478,東哥遊艇,1618799.0,0.3341106585808368,6.15,888863.0,296568.0,337509.0,592654.0,2.02,4.72,889704.0,951115.5,1226731.0
2022,6197,佳必琪,1075314.0,0.1240735264304194,1.1,1220859.0,392114.0,404465.0,384167.0,0.83,1.8,1176342.0,1194868.5,1180746.0
2022,2887,台新新光金,,,0.17,127741476.0,4579492.0,6276645.0,5536071.0,0.34,0.26,13738476.0,16284205.5,16392208.0
2022,1441,大東,436369.0,-0.10178541555426715,-0.32,1008000.0,141393.0,108145.0,130954.0,-0.26,-0.93,424179.0,374307.0,380492.0
2022,2323,中環,1873777.0,-0.29648725542046894,-0.48,11588812.0,624190.0,703963.0,571810.0,,-0.25,1872570.0,1992229.5,1899963.0
2022,3705,永信,1955411.0,0.13876673497285225,1.03,2664230.0,537095.0,556860.0,531024.0,0.65,0.96,1611285.0,1640932.5,1624979.0
2022,6278,台表科,15380173.0,0.0546988645706391,2.87,2923984.0,6109530.0,5858946.0,5378603.0,3.83,3.63,18328590.0,17952714.0,17347079.0
2022,2314,台揚,1026789.0,-0.12492926979155405,-0.54,2380283.0,421381.0,431594.0,448085.0,-0.51,-0.4,1264143.0,1279462.5,1301060.0
2022,2466,冠西電,571159.0,0.06833123526023402,0.23,1680883.0,234568.0,104104.0,66799.0,0.27,0.24,703704.0,508008.0,405471.0
2022,2509,全坤建,50045.0,-0.866939754221201,-0.19,2245505.0,15901.0,18293.0,17527.0,-0.05,-0.13,47703.0,51291.0,51721.0
2022,4440,宜新實業,377124.0,0.13344682385634432,0.74,675980.0,126887.0,135067.0,134357.0,3.99,0.69,380661.0,392931.0,396311.0
2022,6515,穎崴,1057164.0,0.1971642999572441,6.12,342650.0,423518.0,507176.0,624335.0,3.57,10.79,1270554.0,1396041.0,1555029.0
2022,1324,地球,260678.0,-0.005144277614528269,-0.02,751219.0,73983.0,75027.0,73352.0,-0.05,-0.01,221949.0,223515.0,222362.0
2022,6230,尼得科超眾,2843089.0,0.05547065181568357,1.83,863434.0,1044790.0,997458.0,1150464.0,1.07,2.7,3134370.0,3063372.0,3192712.0
2022,2704,國賓,247360.0,0.05061044631306598,0.03,3669234.0,101444.0,112335.0,138333.0,0.19,0.23,304332.0,320668.5,352112.0
2022,3051,力特,829317.0,0.21920086046710727,1.07,1700000.0,257108.0,217777.0,247428.0,0.27,0.91,771324.0,712327.5,722313.0
2022,2208,台船,4221129.0,-0.20988105314952468,-0.95,9317873.0,1572886.0,1254506.0,1473856.0,-0.06,-1.4,4718658.0,4241088.0,4301248.0
2022,1339,昭輝,493640.0,0.2817154201442347,1.9,741239.0,179434.0,175239.0,151164.0,0.32,2.27,538302.0,532009.5,505837.0
2022,2516,新建,1814515.0,-0.19428001421867552,-1.56,2262785.0,465864.0,565296.0,482122.0,0.06,-0.03,1397592.0,1546740.0,1513282.0
2022,4915,致伸,20283246.0,0.037347572474346565,1.58,4552353.0,7378112.0,7429895.0,7531361.0,1.5,1.96,22134336.0,22212010.5,22339368.0
2022,1467,南緯,1574744.0,0.01764286766610954,0.13,2336247.0,522042.0,547415.0,506568.0,-0.05,0.0,1566126.0,1604185.5,1576025.0
2022,6806,森崴能源,1286004.0,0.030842050258008527,0.21,2161500.0,117837.0,189516.0,264788.0,2.69,0.11,353511.0,461029.5,572141.0
2022,1110,東泥,309290.0,-0.2064761227327104,-0.1,5720008.0,134470.0,176935.0,157462.0,0.13,0.12,403410.0,467107.5,468867.0
2022,1304,台聚,17851602.0,0.0009366666364172807,0.33,11887635.0,5657528.0,5215901.0,5389936.0,0.98,0.16,16972584.0,16310143.5,16263365.0
2022,6582,申豐,380753.0,-0.023067447925558038,-0.08,1061741.0,119802.0,109334.0,86421.0,8.67,0.61,359406.0,343704.0,315557.0
2022,3027,盛達,249212.0,0.024517278461711315,0.06,988563.0,69403.0,150433.0,108802.0,0.15,0.17,208209.0,329754.0,328638.0
2022,3706,神達,11547189.0,0.04564565453981917,0.44,12065568.0,4046413.0,3822003.0,4476631.0,6.53,7.17,12139239.0,11802624.0,12345047.0
2022,2390,云辰,142107.0,-1.7613206949692837,-1.17,2140216.0,43708.0,44727.0,50288.0,0.52,-1.97,131124.0,132652.5,138723.0
2022,1476,儒鴻,11215194.0,0.18169048168047738,7.42,2743671.0,3899629.0,3913925.0,2899990.0,3.51,7.91,11698887.0,11720331.0,10713544.0
2022,3024,憶聲,404139.0,0.0777875928826468,0.11,2771575.0,165209.0,159908.0,103610.0,0.08,0.1,495627.0,487675.5,428727.0
2022,2204,中華,7168769.0,-0.7471067905800842,-9.93,5536203.0,2664866.0,2204713.0,2576791.0,1.25,-0.99,7994598.0,7304368.5,7446370.0
2022,2540,愛山林,1003741.0,0.04917105109784297,0.31,2660790.0,388128.0,461649.0,318140.0,0.61,-0.11,1164384.0,1274665.5,1167917.0
2022,8131,福懋科,2699094.0,0.2539026058373662,1.55,4422222.0,883997.0,906043.0,880736.0,0.93,1.42,2651991.0,2685060.0,2670776.0
2022,8422,可寧衛*,1267873.0,0.2837863098275616,3.29,1088880.0,398929.0,488257.0,519688.0,2.58,3.1,1196787.0,1330779.0,1406874.0
2022,1410,南染,114327.0,0.1299168175496602,0.24,630000.0,30028.0,29489.0,30640.0,0.33,0.25,90084.0,89275.5,90157.0
2022,5434,崇越,13225334.0,0.06915008724921427,4.96,1816996.0,4621927.0,4632104.0,4538814.0,3.26,4.91,13865781.0,13881046.5,13792845.0
2022,8454,富邦媒,25138426.0,0.033092167345720055,3.06,2184913.0,7937347.0,8117202.0,7503195.0,3.83,3.46,23812041.0,24081823.5,23557744.0
2022,2701,萬企,54637.0,1.6239178578618885,0.2,4499678.0,20132.0,19414.0,16392.0,0.09,0.2,60396.0,59319.0,55938.0
2022,2359,所羅門,1562825.0,0.11391166637339434,1.01,1714711.0,311140.0,339190.0,466872.0,-0.09,1.11,933420.0,975495.0,1117202.0
2022,3557,嘉威,1129648.0,0.07507913969661346,1.06,803004.0,359103.0,392978.0,333741.0,0.46,1.18,1077309.0,1128121.5,1085822.0
2022,4155,訊映,435893.0,0.11990327901572174,0.57,949337.0,84005.0,118701.0,105665.0,0.17,0.48,252015.0,304059.0,308371.0
2022,9944,新麗,748326.0,0.03513308370950628,0.2,1091071.0,231139.0,179660.0,186979.0,-0.17,-0.25,693417.0,616198.5,597778.0
2022,1726,永記,2287724.0,0.08970924814356977,1.26,1620000.0,791287.0,763776.0,790559.0,1.36,1.07,2373861.0,2332594.5,2345622.0
2022,2493,揚博,920401.0,0.14893073779798152,1.2,1144373.0,264948.0,266951.0,273795.0,0.48,1.36,794844.0,797848.5,805694.0
2022,2543,皇昌,2087894.0,0.09162821484232438,0.78,2374837.0,633839.0,717050.0,727784.0,0.11,-0.01,1901517.0,2026333.5,2078673.0
2022,1538,正峰,55516.0,0.1562072195403127,0.39,338890.0,28086.0,32519.0,24675.0,-0.67,-0.14,84258.0,90907.5,85280.0
2022,2417,圓剛,1151633.0,0.08965182484350483,0.26,1584289.0,374541.0,284791.0,328849.0,-0.29,0.07,1123623.0,988998.0,988181.0
2022,2038,海光,2730141.0,0.01665188721022101,0.29,1812645.0,977276.0,1110642.0,940267.0,0.42,0.3,2931828.0,3131877.0,3028185.0
2022,4722,國精化,1178135.0,0.09457999295496695,1.12,1000092.0,378792.0,285783.0,269990.0,0.83,0.93,1136376.0,996862.5,934565.0
2022,2497,怡利電,716765.0,0.11285149246963788,0.68,1187985.0,238981.0,350939.0,331922.0,0.07,0.99,716943.0,884880.0,921842.0
2022,2905,三商,,,-1.57,9224957.0,13639081.0,21405659.0,36695770.0,-0.25,0.81,40917243.0,52567110.0,71740510.0
2022,1515,力山,944246.0,-0.09356036456601352,-0.49,1814735.0,342805.0,419646.0,310793.0,1.37,-0.24,1028415.0,1143676.5,1073244.0
2022,6409,旭隼,6346985.0,0.20170805508442197,14.71,872262.0,1976858.0,2357898.0,2070496.0,7.91,17.29,5930574.0,6502134.0,6405252.0
2022,2206,三陽工業,12438618.0,0.062311423986169526,0.84,7976396.0,4853029.0,4642552.0,5014964.0,0.54,1.17,14559087.0,14243371.5,14510545.0
2022,3092,鴻碩,1017074.0,0.061663163152337,0.68,928430.0,295429.0,247190.0,259980.0,-0.27,0.59,886287.0,813928.5,802599.0
2022,1605,華新,50483370.0,0.10816908617629925,1.59,34313329.0,15121399.0,14315935.0,14016727.0,1.32,2.66,45364197.0,44156001.0,43454061.0
2022,3057,喬鼎,264715.0,0.049672289065598854,0.15,926787.0,72976.0,72271.0,61073.0,0.11,0.0,218928.0,217870.5,206320.0
2022,2351,順德,3086298.0,0.09578725061546228,1.54,1821403.0,985729.0,988150.0,1027409.0,1.3,1.4,2957187.0,2960818.5,3001288.0
2022,2707,晶華,1041999.0,0.10488589720335624,0.7,1274032.0,468972.0,525276.0,479907.0,11.8,2.06,1406916.0,1491372.0,1474155.0
2022,1519,華城,2045089.0,0.11237848328361259,0.89,2610585.0,353640.0,509820.0,781296.0,0.18,0.52,1060920.0,1295190.0,1644756.0
2022,6282,康舒,6621986.0,0.040290027795286794,0.5,5166213.0,2062672.0,2152244.0,2532729.0,0.48,0.75,6188016.0,6322374.0,6747645.0
2022,2535,達欣工,4414259.0,0.06993518051387561,0.98,3384925.0,1324551.0,1529560.0,1671111.0,0.67,0.59,3973653.0,4281166.5,4525222.0
2022,3669,圓展,908744.0,0.14876356817761657,1.45,929200.0,312966.0,216418.0,260900.0,1.9,1.05,938898.0,794076.0,790284.0
2022,2845,遠東銀,,,0.28,35694838.0,1028245.0,1128926.0,709086.0,0.21,0.23,3084735.0,3235756.5,2866257.0
2022,3023,信邦,7476617.0,0.10818836915144911,3.23,2355231.0,2655190.0,2737848.0,2787831.0,2.84,3.58,7965570.0,8089557.0,8180869.0
2022,4142,國光生,526935.0,-0.03958362985947033,0.11,4295078.0,277341.0,109142.0,700805.0,0.37,0.98,832023.0,579724.5,1087288.0
2022,4576,大銀微系統,861130.0,0.1337533241206322,0.79,1198018.0,286237.0,283578.0,226007.0,0.8,0.56,858711.0,854722.5,795822.0
2022,2524,京城,813637.0,0.14797016359875473,0.33,3737052.0,135598.0,223376.0,119882.0,0.75,0.21,406794.0,538461.0,478856.0
2022,6224,聚鼎,733951.0,-0.17988530569479433,-0.43,856453.0,254477.0,217547.0,262930.0,1.59,0.5,763431.0,708036.0,734954.0
2022,3209,全科,15314120.0,0.022861646637221074,1.52,2165748.0,6345141.0,5017486.0,4536401.0,1.01,1.4,19035423.0,17043940.5,15899028.0
2022,3010,華立,18336230.0,0.038623370234775634,2.78,2360179.0,6473883.0,6431519.0,6243745.0,3.46,3.12,19421649.0,19358103.0,19149147.0
2022,8481,政伸,374229.0,0.25217981503304127,1.42,666019.0,120095.0,133388.0,143919.0,1.12,1.21,360285.0,380224.5,397402.0
2022,2207,和泰車,,,-1.49,5461792.0,23535769.0,17421757.0,20180474.0,6.43,-24.99,70607307.0,61436289.0,61138000.0
2022,2009,第一銅,777672.0,-0.015816436749683672,-0.03,3596222.0,270550.0,262992.0,186982.0,0.56,0.49,811650.0,800313.0,720524.0
2022,3022,威強電,1649586.0,0.20028904222029043,1.87,1765978.0,859297.0,941034.0,743602.0,1.19,3.47,2577891.0,2700496.5,2543933.0
2022,8201,無敵,175109.0,-0.11931996642091497,-0.34,623663.0,32269.0,36224.0,68587.0,-0.42,-0.25,96807.0,102739.5,137080.0
2022,8016,矽創,4537216.0,0.28097428026349197,9.12,1201369.0,1341235.0,1358220.0,1366125.0,15.69,6.08,4023705.0,4049182.5,4065580.0
2022,2017,官田鋼,1014069.0,0.134674267727344,0.38,3623795.0,341711.0,311272.0,249014.0,0.43,0.26,1025133.0,979474.5,901997.0
2022,2547,日勝生,1464758.0,0.04687054107231365,0.08,8800946.0,429425.0,612376.0,387083.0,-0.08,-0.03,1288275.0,1562701.5,1428884.0
2022,8081,致新,2380007.0,0.2801731255412274,7.47,861721.0,624636.0,567196.0,595232.0,7.89,5.2,1873908.0,1787748.0,1787064.0
2022,2451,創見,3006488.0,0.38092651625418095,2.67,4290617.0,1024394.0,1003703.0,1038116.0,1.55,1.12,3073182.0,3042145.5,3066213.0
2022,3044,健鼎,16571090.0,0.0885321363893383,2.79,5256059.0,5758566.0,5569157.0,5862616.0,3.04,3.09,17275698.0,16991584.5,17190339.0
2022,1513,中興電,4374831.0,0.13311097045805884,1.23,4761343.0,1498362.0,1486349.0,1649006.0,0.94,1.17,4495086.0,4477066.5,4633717.0
2022,1611,中電,393942.0,0.05383533616623767,0.07,3227358.0,126845.0,140844.0,124767.0,0.09,0.05,380535.0,401533.5,392456.0
2022,4526,東台,2269277.0,0.008665755656977971,0.03,2548265.0,715290.0,612167.0,876235.0,0.46,0.39,2145870.0,1991185.5,2203692.0
2022,2609,陽明,109447578.0,0.508384561968105,15.9,34921043.0,36749405.0,35089619.0,27973707.0,14.85,14.25,110248215.0,107758536.0,99812731.0
2022,2616,山隆,4777718.0,0.032636292054072674,1.13,1372818.0,1576509.0,1519762.0,1450509.0,1.48,0.14,4729527.0,4644406.5,4546780.0
2022,1909,榮成,13238867.0,0.021635763845954493,0.23,12776857.0,3733965.0,4420610.0,4587310.0,0.38,-0.38,11201895.0,12231862.5,12741885.0
2022,2316,楠梓電,1403636.0,0.09168901339093612,0.71,1827405.0,384907.0,484579.0,337967.0,0.96,0.96,1154721.0,1304229.0,1207453.0
2022,4720,德淵,946596.0,-0.0006592041377736648,-0.02,1031351.0,326494.0,322875.0,277971.0,0.07,0.15,979482.0,974053.5,927340.0
2022,1805,寶徠,21831.0,-0.6661627960240025,-0.15,1002654.0,39558.0,747.0,86416.0,-0.06,-0.13,118674.0,60457.5,126721.0
2022,2383,台光電,9983283.0,0.1085783103614312,3.25,3329183.0,3295478.0,3233476.0,3353900.0,5.38,3.93,9886434.0,9793431.0,9882854.0
2022,3028,增你強,10706168.0,0.01976682973777359,0.98,2176559.0,2988118.0,2676060.0,2917276.0,1.2,0.65,8964354.0,8496267.0,8581454.0
2022,2317,鴻海,1509810592.0,0.02295898252646515,2.41,138629906.0,475099076.0,448906316.0,822323447.0,2.67,2.79,1425297228.0,1386008088.0,1746328839.0
2022,3062,建漢,1176088.0,-0.08594339879328758,-0.31,3286054.0,606135.0,638623.0,658152.0,0.17,0.16,1818405.0,1867137.0,1902910.0
2022,2913,農林,79755.0,-0.7382358472823021,-0.07,7900000.0,36201.0,43381.0,28483.0,-0.04,-0.05,108603.0,119373.0,108065.0
2022,2380,虹光,628087.0,0.013020489199744622,0.05,1932211.0,210220.0,259548.0,344485.0,-0.29,0.28,630660.0,704652.0,814253.0
2022,1414,東和,201054.0,0.22737175087289982,0.2,2200000.0,60543.0,55727.0,45145.0,0.28,0.2,181629.0,174405.0,161415.0
2022,4306,炎洲,4120059.0,0.0557615801132945,0.33,6383290.0,1253875.0,1189836.0,1127995.0,-1.35,0.42,3761625.0,3665566.5,3571706.0
2022,3437,榮創,685383.0,-0.03550277727927305,-0.17,1445480.0,139464.0,151805.0,142394.0,-0.1,-0.66,418392.0,436903.5,433663.0
2022,4438,廣越,4824049.0,0.08291686091911588,3.23,1033753.0,2473638.0,2558539.0,2751463.0,2.77,8.94,7420914.0,7548265.5,7783640.0
2022,1475,業旺,298220.0,0.3014519482261418,3.45,660168.0,104255.0,83865.0,105736.0,1.21,4.3,312765.0,282180.0,293856.0
2022,2915,潤泰全,813279.0,7.438398138892065,8.61,7343188.0,228155.0,245519.0,203296.0,1.24,10.55,684465.0,710511.0,676970.0
2022,1722,台肥,3746325.0,0.2052945219648589,0.79,9800000.0,1191512.0,1318608.0,1201791.0,0.8,0.64,3574536.0,3765180.0,3711911.0
2022,2706,第一店,70659.0,1.815564896191568,0.26,4999984.0,24195.0,23681.0,23422.0,0.11,0.23,72585.0,71814.0,71298.0
2022,6426,統新,177320.0,0.16840175953079178,0.78,385090.0,51114.0,52664.0,43423.0,-0.27,0.91,153342.0,155667.0,147201.0
2022,4938,和碩,283657517.0,0.016818546007367045,1.17,26684533.0,107969645.0,116036992.0,128854850.0,1.0,1.98,323908935.0,336009955.5,352861487.0
2022,2101,南港,2254260.0,-0.07376433951718081,-0.2,8339349.0,659958.0,552143.0,563199.0,-0.19,-0.1,1979874.0,1818151.5,1775300.0
2022,2477,美隆電,1069838.0,-0.01691938405627768,-0.09,1982165.0,318855.0,201654.0,243205.0,0.32,0.68,956565.0,780763.5,763714.0
2022,1442,名軒,198810.0,0.5538202303707057,0.3,3662113.0,69478.0,125929.0,5668.0,0.85,0.14,208434.0,293110.5,201075.0
2022,1470,大統新創,209306.0,-0.028948047356501964,-0.07,857670.0,70402.0,84491.0,71475.0,0.15,0.15,211206.0,232339.5,226368.0
2022,3501,維熹,1553132.0,0.11754120061913605,1.54,1182579.0,515250.0,625417.0,556599.0,1.02,2.82,1545750.0,1711000.5,1697266.0
2022,4976,佳凌,329367.0,-0.05882192205047865,-0.14,1387410.0,111434.0,113276.0,96633.0,-0.15,0.21,334302.0,337065.0,321343.0
2022,2419,仲琦,3041623.0,0.06532400629532326,0.53,3213172.0,937781.0,1018128.0,1206809.0,0.1,0.33,2813343.0,2933863.5,3162718.0
2022,2345,智邦,18696180.0,0.11087077681109189,3.71,5600484.0,6840989.0,6391814.0,7348530.0,1.96,4.42,20522967.0,19849204.5,20581333.0
2022,3679,新至陞,839692.0,0.22082382587901278,2.96,626762.0,402394.0,414153.0,317848.0,2.26,5.52,1207182.0,1224820.5,1134395.0
2022,6668,中揚光,372256.0,-0.07890000429811743,-0.48,782864.0,130284.0,75657.0,94816.0,-1.24,-0.25,390852.0,308911.5,300757.0
2022,6216,居易,301768.0,0.26579690358155933,0.9,897736.0,56370.0,47227.0,37818.0,0.4,0.45,169110.0,155395.5,141415.0
2022,4968,立積,876461.0,0.04328772187239364,0.42,884689.0,296677.0,302144.0,297229.0,-1.97,1.1,890031.0,898231.5,896050.0
2022,1808,潤隆,278651.0,0.0010012524627580736,0.0,4510261.0,19960.0,14021.0,18741.0,0.68,-0.25,59880.0,50971.5,52722.0
2022,2006,東和鋼鐵,16226219.0,0.08260303894579507,1.83,7302138.0,4827238.0,5029584.0,4690839.0,1.31,0.74,14481714.0,14785233.0,14547661.0
2022,6115,鎰勝,1788146.0,0.1165732552039934,1.12,1876622.0,617115.0,637913.0,600056.0,0.73,1.67,1851345.0,1882542.0,1855084.0
2022,2354,鴻準,19100519.0,0.054173082940835275,0.73,14144852.0,5448347.0,5553869.0,6759588.0,0.81,1.1,16345041.0,16503324.0,17761804.0
2022,8341,日友,943254.0,0.2067746333437229,1.76,1115000.0,291676.0,312497.0,306184.0,1.97,1.69,875028.0,906259.5,910357.0
2022,2636,台驊控股,8006341.0,0.13818159881024303,7.66,1433912.0,2237452.0,1996021.0,1612852.0,5.78,3.04,6712356.0,6350209.5,5846325.0
2022,2401,凌陽,1984509.0,0.05972409296203746,-0.07,5919949.0,496831.0,483491.0,456940.0,0.52,0.03,1490493.0,1470483.0,1437262.0
2022,3708,上緯投控,2622862.0,0.04408199897669035,1.1,980963.0,679366.0,814660.0,862250.0,-0.1,6.62,2038098.0,2241039.0,2356276.0
2022,2903,遠百,7144766.0,0.0016987260324550868,-0.02,14169406.0,2770769.0,2732497.0,2717034.0,0.23,0.57,8312307.0,8254899.0,8220300.0
2022,1522,堤維西,5005503.0,0.04679869335809009,0.64,3428979.0,1508869.0,1526510.0,1633734.0,0.02,0.96,4526607.0,4553068.5,4669113.0
2022,3528,安馳,1705497.0,0.06817308972106079,1.76,661095.0,580146.0,551377.0,583226.0,1.14,0.78,1740438.0,1697284.5,1714749.0
2022,2412,中華電,52435710.0,0.19138659512763345,1.24,77574465.0,17184646.0,17337298.0,18986768.0,1.21,1.21,51553938.0,51782916.0,53508712.0
2022,9924,福興,2478771.0,0.11403150997006177,1.49,1884521.0,992611.0,894986.0,828298.0,1.18,2.02,2977833.0,2831395.5,2715895.0
2022,1525,江申,361746.0,0.184646132921995,0.91,734001.0,152879.0,120687.0,144636.0,0.69,1.29,458637.0,410349.0,418202.0
2022,5531,鄉林,408930.0,-1.1435722495292593,-0.41,9775892.0,111951.0,153713.0,81830.0,-0.2,-0.47,335853.0,398496.0,347494.0
2022,9941,裕融,8928306.0,0.15777472232694534,2.19,5471114.0,3093859.0,3201093.0,3116978.0,2.62,3.23,9281577.0,9442428.0,9411930.0
2022,1465,偉全,118352.0,0.279133432472624,0.32,1036073.0,40660.0,60397.0,62698.0,-0.6,0.6,121980.0,151585.5,163755.0
2022,6225,天瀚,4813.0,-0.44151257012258466,-0.05,437237.0,2781.0,2770.0,3090.0,-0.03,-0.03,8343.0,8326.5,8641.0
2022,2548,華固,9880441.0,0.20881021403801714,7.44,2768127.0,1229035.0,238563.0,286458.0,4.17,0.98,3687105.0,2201397.0,1754056.0
2022,3515,華擎,3617465.0,0.08147390506888111,2.02,1229254.0,989566.0,1192075.0,1380203.0,3.35,1.47,2968698.0,3272461.5,3561844.0
2022,8033,雷虎,267242.0,0.04782930826741306,0.07,1326298.0,89114.0,105568.0,93248.0,0.17,0.07,267342.0,292023.0,287930.0
2022,3605,宏致,2721805.0,0.04355859438865018,0.88,1343959.0,905263.0,822601.0,891397.0,1.06,0.81,2715789.0,2591796.0,2619261.0
2022,1533,車王電,782007.0,0.009629069816510594,0.3,985475.0,370906.0,245523.0,281736.0,0.46,0.22,1112718.0,924643.5,898165.0
2022,4536,拓凱,2675221.0,0.28783902339283374,7.88,908200.0,865598.0,1128785.0,1175840.0,1.81,9.37,2596794.0,2991574.5,3170223.0
2022,1432,大魯閣,224684.0,-0.31914154991009597,-0.77,900000.0,111611.0,118928.0,94922.0,-0.64,0.45,334833.0,345808.5,325461.0
2022,6108,競國,1720886.0,-0.009624112230560304,-0.1,1598993.0,650004.0,633744.0,634372.0,0.32,0.39,1950012.0,1925622.0,1918120.0
2022,9933,中鼎,22372131.0,0.030468800669904893,0.55,7857776.0,7859156.0,7757743.0,8785104.0,0.64,0.44,23577468.0,23425348.5,24402003.0
2022,1721,三晃,854979.0,0.06127752845391524,0.28,1848841.0,230167.0,225643.0,196164.0,-0.45,0.04,690501.0,683715.0,651974.0
2022,8464,億豐,8278845.0,0.18725836756214181,5.66,2930202.0,2493171.0,2239644.0,2180968.0,4.7,5.24,7479513.0,7099222.5,6913783.0
2022,2614,東森,1451195.0,0.03226375504325745,0.09,5289504.0,538118.0,489893.0,492315.0,0.62,-0.04,1614354.0,1542016.5,1520326.0
2022,4906,正文,6492947.0,0.01377232865138126,0.14,4051590.0,2300161.0,2654839.0,2750568.0,0.27,0.57,6900483.0,7432500.0,7705568.0
2022,3036,文曄,130120724.0,0.016874268237240978,2.23,10186492.0,46816263.0,45134755.0,63717778.0,2.85,2.33,140448789.0,137926527.0,155668796.0
2022,2404,漢唐,10010575.0,0.08897171241412206,4.65,1905867.0,3598081.0,5266644.0,5147364.0,3.5,8.45,10794243.0,13297087.5,14012089.0
2022,9906,欣巴巴,1257251.0,0.17665843972285566,2.67,833439.0,361537.0,96909.0,13.0,3.17,0.59,1084611.0,687669.0,458459.0
2022,2027,大成鋼,32271905.0,0.18693746154743576,2.8,20285505.0,8854430.0,9582826.0,9318136.0,1.86,0.87,26563290.0,27655884.0,27755392.0
2022,9907,統一實,12120045.0,0.06953761310292164,0.56,15791453.0,4242111.0,4084329.0,3523156.0,0.45,0.48,12726333.0,12489660.0,11849596.0
2022,1236,宏亞,383860.0,-0.09542020528317616,-0.33,1083425.0,170333.0,221454.0,141089.0,-0.13,0.13,510999.0,587680.5,532876.0
2022,1315,達新,691024.0,0.1609553358494061,1.16,990990.0,212786.0,306497.0,233641.0,1.75,5.29,638358.0,778924.5,752924.0
2022,3015,全漢,3465939.0,0.04953116601301985,0.81,1872620.0,1316502.0,1453851.0,1277547.0,1.5,1.71,3949506.0,4155529.5,4047900.0
2022,1310,台苯,3822078.0,-0.03911772601187103,-0.28,5278698.0,1314555.0,851722.0,874662.0,-0.28,-0.33,3943665.0,3249415.5,3040939.0
2022,4566,時碩工業,1118267.0,0.09263261814933285,1.44,717443.0,406815.0,477432.0,473620.0,1.08,2.31,1220445.0,1326370.5,1357867.0
2022,2324,仁寶,265649844.0,0.00861572499173009,0.46,44071466.0,97630554.0,88842373.0,104559420.0,1.0,0.47,292891662.0,279709390.5,291032347.0
2022,3011,今皓,386729.0,-0.028785014829505934,-0.1,1127192.0,139198.0,125991.0,119232.0,-0.05,0.02,417594.0,397783.5,384421.0
2022,1614,三洋電,1704520.0,0.05203693708492713,0.34,2691134.0,692704.0,570465.0,455614.0,0.43,0.35,2078112.0,1894753.5,1718783.0
2022,9918,欣天然,464914.0,-0.020993129912198816,-0.06,1805375.0,144160.0,115715.0,110479.0,0.06,0.08,432480.0,389812.5,370354.0
2022,1316,上曜,824119.0,-0.057559648545901745,0.31,2398485.0,356587.0,180206.0,209883.0,-0.08,0.52,1069761.0,805189.5,746676.0
2022,1727,中華化,555350.0,0.06789232015845863,0.31,1082500.0,192762.0,192152.0,198647.0,0.35,-0.09,578286.0,577371.0,583561.0
2022,3257,虹冠電,160016.0,0.2850964903509649,0.57,799866.0,40597.0,35810.0,22603.0,1.49,0.07,121791.0,114610.5,99010.0
2022,1713,國化,167993.0,0.27949378843166084,0.31,1509517.0,44478.0,58815.0,37219.0,0.27,0.77,133434.0,154939.5,140512.0
2022,9939,宏全,6576318.0,0.11111293584038971,2.41,2877859.0,2360564.0,2598183.0,2206489.0,1.79,2.58,7081692.0,7438120.5,7165236.0
2022,5007,三星,1892851.0,0.16122874964801773,1.01,2949401.0,532636.0,597907.0,601643.0,0.96,0.91,1597908.0,1695814.5,1732186.0
2022,2453,凌群,1277876.0,0.020453471228820325,0.27,1000000.0,421165.0,446950.0,624526.0,0.49,0.58,1263495.0,1302172.5,1492641.0
2022,2402,毅嘉,1684674.0,0.04389395218303363,0.25,3075366.0,600851.0,701975.0,778752.0,0.27,0.3,1802553.0,1954239.0,2081578.0
2022,6215,和椿,521763.0,0.13039828427849426,0.84,827897.0,175854.0,134379.0,153886.0,0.83,0.71,527562.0,465349.5,464119.0
2022,4764,雙鍵,720562.0,0.02874839361498386,0.22,855421.0,227727.0,226376.0,182679.0,0.13,0.08,683181.0,681154.5,636782.0
2022,2520,冠德,4694939.0,0.12017323334765372,0.82,5541701.0,1525880.0,1546557.0,1266636.0,0.68,0.6,4577640.0,4608655.5,4339073.0
2022,6243,迅杰,174174.0,0.12811900742935226,0.51,453228.0,51196.0,45079.0,62176.0,0.99,0.63,153588.0,144412.5,158451.0
2022,1451,年興,2470173.0,0.0684069496347017,0.85,2069600.0,861416.0,825466.0,724042.0,0.45,0.57,2584248.0,2530323.0,2410924.0
2022,2327,國巨*,31322107.0,0.18932085252119213,11.06,5440600.0,10410213.0,10175610.0,10181382.0,13.88,12.09,31230639.0,30878734.5,30767205.0
2022,2049,上銀,8235458.0,0.1431052164919061,3.6,3407923.0,2781486.0,2627868.0,2511383.0,3.84,4.13,8344458.0,8114031.0,7920737.0
2022,4961,天鈺,5397191.0,0.16481777280070317,4.03,1865453.0,1459047.0,1434516.0,1298089.0,11.03,2.48,4377141.0,4340344.5,4191652.0
2022,3701,大眾控,3113404.0,0.07427786435682616,0.65,2136349.0,899239.0,1022756.0,1008516.0,0.58,0.65,2697717.0,2882992.5,2930511.0
2022,3645,達邁,613430.0,0.1997391715436154,0.95,1317990.0,86481.0,105511.0,110932.0,0.63,-0.45,259443.0,287988.0,302924.0
2022,2501,國建,2353618.0,-0.03285834829611262,-0.09,11595611.0,2016943.0,995485.0,1526131.0,0.08,0.38,6050829.0,4518642.0,4538559.0
2022,1309,台達化,5015395.0,0.03180965806282456,0.43,3975868.0,1586565.0,1529912.0,1497170.0,0.71,0.03,4759695.0,4674715.5,4613647.0
2022,2450,神腦,6971838.0,0.015755816471926056,0.43,2582527.0,2393763.0,2512334.0,2718019.0,0.61,0.78,7181289.0,7359145.5,7624116.0
2022,2376,技嘉,22661655.0,0.043299176516454776,1.55,6356889.0,7435303.0,7896900.0,8767701.0,5.67,1.84,22305909.0,22998304.5,24099904.0
2022,2536,宏普,45055.0,-1.1974697591832204,-0.16,3328087.0,13657.0,72044.0,11942.0,-0.08,-0.21,40971.0,128551.5,97643.0
2022,3652,精聯,600746.0,0.05218012271409214,0.42,750975.0,193556.0,230240.0,204214.0,0.38,0.35,580668.0,635694.0,628010.0
2022,4967,十銓,1568627.0,-0.016743942313883414,-0.26,1022124.0,485816.0,504585.0,695710.0,-2.6,-0.95,1457448.0,1485601.5,1686111.0
2022,9926,新海,563335.0,0.18876689713935757,0.59,1795041.0,165373.0,157646.0,164721.0,0.78,0.84,496119.0,484528.5,487740.0
2022,8028,昇陽半導體,730043.0,0.12698430092474006,0.6,1403525.0,266695.0,275108.0,282246.0,0.37,0.81,800085.0,812704.5,824049.0
2022,6442,光聖,770139.0,0.10748059765834479,1.25,693000.0,352830.0,290621.0,236142.0,0.34,2.34,1058490.0,965176.5,879593.0
2022,2881,富邦金,,,1.68,139952026.0,23387403.0,17931604.0,23259981.0,3.04,0.89,70162209.0,61978510.5,64578988.0
2022,2028,威致,3321663.0,0.09554220280624494,0.97,3257148.0,750409.0,847067.0,863779.0,1.51,0.19,2251227.0,2396214.0,2461255.0
2022,1512,瑞利,168643.0,-0.4598827108151539,-0.31,2533125.0,54530.0,44832.0,44702.0,-0.18,-0.03,163590.0,149043.0,144064.0
2022,2426,鼎元,666759.0,-0.1299315044866286,-0.29,3006223.0,193096.0,193195.0,190142.0,0.36,-0.2,579288.0,579436.5,576433.0
2022,1464,得力,3204632.0,0.03204018433317773,0.25,3845657.0,981694.0,1055023.0,1073666.0,0.12,0.45,2945082.0,3055075.5,3110383.0
2022,9955,佳龍,277205.0,-0.09115275698490287,-0.25,1032082.0,85625.0,81881.0,79179.0,-0.37,-0.28,256875.0,251259.0,246685.0
2022,4736,泰博,3627701.0,0.4441493386582852,16.76,934438.0,1206630.0,552075.0,635906.0,6.31,8.5,3619890.0,2638057.5,2394611.0
2022,2441,超豐,4689880.0,0.2331701450783389,1.92,5688459.0,1262225.0,1237752.0,1008816.0,2.4,1.07,3786675.0,3749965.5,3508793.0
2022,9905,大華,2341494.0,0.055327923112337675,0.43,3050000.0,941787.0,977558.0,844894.0,0.74,0.53,2825361.0,2879017.5,2764239.0
2022,9908,大台北,811483.0,0.169844593170775,0.26,5163580.0,237531.0,238805.0,255479.0,0.54,0.65,712593.0,714504.0,731815.0
2022,2103,台橡,8974820.0,0.09244553094101052,0.91,8257099.0,3085654.0,2785418.0,2869467.0,1.75,0.47,9256962.0,8806608.0,8740539.0
2022,6153,嘉聯益,2606412.0,-0.04937016864563239,-0.23,5561777.0,1547536.0,1824237.0,2051828.0,0.24,1.34,4642608.0,5057659.5,5423601.0
2022,3583,辛耘,1382784.0,0.1099672833935018,1.89,811390.0,493879.0,470253.0,476658.0,1.62,1.89,1481637.0,1446198.0,1440790.0
2022,3019,亞光,4874029.0,0.08332634048751043,1.0,2810839.0,1645534.0,1659751.0,1794750.0,1.31,1.62,4936602.0,4957927.5,5100035.0
2022,6271,同欣電,3605570.0,0.2768338986623474,5.59,1786829.0,1188603.0,1263132.0,1259157.0,5.18,4.33,3565809.0,3677602.5,3710892.0
2022,9946,三發地產,784504.0,0.020819524183433098,0.05,3265542.0,363580.0,503063.0,158329.0,0.3,0.2,1090740.0,1299964.5,1024972.0
2022,6581,鋼聯,837113.0,0.45937406299985784,3.46,1112709.0,167760.0,218681.0,263296.0,0.79,1.93,503280.0,579661.5,649737.0
2022,2321,東訊,262089.0,0.04174917680635204,0.11,945997.0,76205.0,90190.0,80035.0,0.11,0.08,228615.0,249592.5,246430.0
2022,3026,禾伸堂,3835639.0,0.0886493749802836,2.29,1579908.0,1193913.0,1157585.0,1283024.0,3.24,1.17,3581739.0,3527247.0,3634522.0
2022,2885,元大金,,,0.41,125015590.0,9043816.0,9033189.0,6860946.0,0.71,0.65,27131448.0,27115507.5,24937951.0
2022,3694,海華,2270922.0,0.005191283540341764,0.08,1528658.0,978354.0,1091212.0,1062725.0,0.81,1.28,2935062.0,3104349.0,3132291.0
2022,2731,雄獅,422990.0,-0.5301118229745384,-2.8,774729.0,197588.0,256632.0,327496.0,-2.19,-2.36,592764.0,681330.0,781716.0
2022,5876,上海商銀,,,0.81,44816031.0,4730874.0,4582566.0,3765695.0,0.81,1.29,14192622.0,13970160.0,13079135.0
2022,6558,興能高,283098.0,-0.16019540936354196,-0.48,937495.0,116104.0,100562.0,89939.0,-0.04,0.01,348312.0,324999.0,306605.0
2022,2429,銘旺科,134035.0,-0.12161748796956019,-0.39,397482.0,40687.0,39483.0,36651.0,-0.23,-0.23,122061.0,120255.0,116821.0
2022,6168,宏齊,727950.0,0.1756631636788241,0.55,2060698.0,178300.0,184060.0,179955.0,0.52,0.48,534900.0,543540.0,542315.0
2022,2338,光罩,1994321.0,-0.1935550997056141,-1.58,2556735.0,670978.0,697223.0,700130.0,2.87,2.82,2012934.0,2052301.5,2068331.0
2022,1418,東華,4446.0,-6.214799820062978,-0.51,568343.0,427.0,701.0,891.0,-0.6,-0.49,1281.0,1692.0,2019.0
2022,1717,長興,13184770.0,0.0682061954816049,0.71,12402795.0,4010038.0,3878708.0,3805756.0,0.79,0.42,12030114.0,11833119.0,11694502.0
2022,2530,華建,205250.0,0.0797320341047503,0.02,8399880.0,1011.0,1017.0,209335.0,-0.07,0.05,3033.0,3042.0,211363.0
2022,1477,聚陽,7341020.0,0.10210747280350686,3.04,2418566.0,3718403.0,3261778.0,2427157.0,3.26,4.59,11155209.0,10470271.5,9407338.0
2022,1616,億泰,920220.0,-0.004315272434852535,-0.02,1941485.0,308203.0,366545.0,313106.0,0.12,-0.28,924609.0,1012122.0,987854.0
2022,6449,鈺邦,600644.0,0.18844440300743867,1.27,889535.0,152497.0,156244.0,210166.0,0.97,1.16,457491.0,463111.5,518907.0
2022,1416,廣豐,76861.0,0.8412198644305955,0.36,1853422.0,22451.0,21003.0,21346.0,0.05,0.38,67353.0,65181.0,64800.0
2022,1723,中碳,3242128.0,0.17226864577832832,2.4,2369044.0,964882.0,865016.0,778765.0,1.42,1.94,2894646.0,2744847.0,2608663.0
2022,2816,旺旺保,1848537.0,-0.4076331715297016,-3.37,2236080.0,813502.0,758209.0,682127.0,0.37,0.04,2440506.0,2357566.5,2253838.0
2022,3416,融程電,606922.0,0.1535996388333262,1.28,726175.0,233540.0,259619.0,270798.0,1.54,2.25,700620.0,739738.5,763957.0
2022,2013,中鋼構,4368306.0,0.024124683572991454,0.52,2000000.0,1759432.0,1685690.0,1718050.0,0.63,0.72,5278296.0,5167683.0,5163172.0
2022,6155,鈞寶,199219.0,0.19386705083350483,0.45,871477.0,69910.0,63458.0,61586.0,0.32,0.92,209730.0,200052.0,194954.0
2022,1568,倉佑,465310.0,0.09703208613612431,0.44,1030865.0,153467.0,133799.0,149552.0,0.1,0.47,460401.0,430899.0,436818.0
2022,3266,昇陽,435311.0,-0.22984946394646585,-0.12,3523143.0,133554.0,31351.0,51791.0,0.5,-0.04,400662.0,247357.5,216696.0
2022,2611,志信,201735.0,-1.7740302872580365,-2.11,1890022.0,66758.0,65992.0,60455.0,-0.95,0.43,200274.0,199125.0,193205.0
2022,1312,國喬,5500568.0,-0.036601856390103715,-0.2,9266203.0,1382426.0,1405126.0,1407268.0,1.61,-0.69,4147278.0,4181328.0,4194820.0
2022,3518,柏騰,119693.0,-0.048565914464505026,-0.08,807522.0,35045.0,22510.0,25168.0,0.02,-0.31,105135.0,86332.5,82723.0
2022,2612,中航,1208633.0,0.15043193425961396,0.93,1974846.0,399538.0,390907.0,345944.0,-1.24,0.97,1198614.0,1185667.5,1136389.0
2022,2486,一詮,1435072.0,0.030555261338803905,0.19,2219586.0,443616.0,413832.0,412258.0,0.68,0.17,1330848.0,1286172.0,1269706.0
2022,2369,菱生,1649308.0,0.058609428924130604,0.25,3801023.0,490820.0,453201.0,414198.0,0.79,-0.09,1472460.0,1416031.5,1358219.0
2022,3002,歐格,216209.0,-0.020383055284470118,-0.04,1020000.0,74758.0,61625.0,41880.0,-0.05,0.02,224274.0,204574.5,178263.0
2022,2387,精元,5004678.0,0.052773225370343506,1.21,1952510.0,2552948.0,2558851.0,2249988.0,1.39,3.2,7658844.0,7667698.5,7361787.0
2022,2607,榮運,4681133.0,0.3037446276360872,1.29,10671411.0,1686328.0,1793321.0,1481921.0,0.3,0.88,5058984.0,5219473.5,4961570.0
2022,8213,志超,6121422.0,0.058217845461397695,1.25,2712425.0,1469415.0,1344154.0,1442537.0,1.64,1.12,4408245.0,4220353.5,4256106.0
2022,2355,敬鵬,4347230.0,0.027550877225267584,0.3,3974954.0,1355517.0,1474478.0,1397346.0,0.8,0.52,4066551.0,4244992.5,4227341.0
2022,4104,佳醫,1674292.0,0.10119441531106879,0.99,1482064.0,562980.0,634672.0,643396.0,1.19,1.26,1688940.0,1796478.0,1841048.0
2022,1229,聯華,4002005.0,0.5408628924751469,0.95,14801305.0,906199.0,831107.0,908840.0,0.43,0.35,2718597.0,2605959.0,2646146.0
2022,1445,大宇,361245.0,-0.0629849548090631,-0.18,1306660.0,129689.0,124480.0,122975.0,-0.08,0.15,389067.0,381253.5,377144.0
2022,2911,麗嬰房,642286.0,-0.30029924363912647,-1.06,1846778.0,266685.0,274436.0,292403.0,-0.64,-0.91,800055.0,811681.5,833524.0
2022,3686,達能,7452.0,-1.1018518518518519,-0.07,1135136.0,582.0,8132.0,5220.0,-0.53,-0.16,1746.0,13071.0,13934.0
2022,6133,金橋,374263.0,0.03944552360238656,0.12,1170064.0,137516.0,142121.0,148707.0,-0.1,0.49,412548.0,419455.5,428344.0
2022,6674,鋐寶科技,674468.0,-0.013797541173191315,-0.14,684049.0,236304.0,255536.0,150528.0,0.23,0.17,708912.0,737760.0,642368.0
2022,1732,毛寶,158283.0,0.03992848252812999,0.15,424439.0,49203.0,46050.0,45933.0,-0.01,0.06,147609.0,142879.5,141186.0
2022,2303,聯電,72055140.0,0.298249979113218,1.74,124821235.0,24826685.0,25346076.0,25218828.0,1.43,2.19,74480055.0,75259141.5,75391589.0
2022,1558,伸興,1925876.0,0.10589934139061913,3.37,605356.0,431679.0,406755.0,556400.0,0.16,2.06,1295037.0,1257651.0,1394834.0
2022,3040,遠見,36692.0,0.5473672735201134,0.32,630000.0,13205.0,14195.0,14357.0,0.48,0.77,39615.0,41100.0,41757.0
2022,8271,宇瞻,2112860.0,0.06938888520772792,1.44,1018243.0,674479.0,698115.0,872632.0,1.11,1.15,2023437.0,2058891.0,2245226.0
2022,2537,聯上發,360614.0,0.019494528775921068,0.02,3005579.0,49400.0,145148.0,65338.0,1.3,0.07,148200.0,291822.0,259886.0
2022,2851,中再保,6094906.0,-0.08105440838628192,-0.84,5903888.0,1417889.0,1791841.0,1729550.0,0.71,-0.1,4253667.0,4814595.0,4939280.0
2022,9927,泰銘,2592989.0,0.061489655374550374,0.95,1673185.0,781853.0,790747.0,644937.0,1.08,0.93,2345559.0,2358900.0,2217537.0
2022,2329,華泰,4288219.0,0.09803230665224887,0.61,7355775.0,1313341.0,1327389.0,1168206.0,0.65,0.65,3940023.0,3961095.0,3808936.0
2022,9937,全國,5758975.0,0.02455575862024058,0.46,3090430.0,2133059.0,2173347.0,1999536.0,0.73,0.67,6399177.0,6459609.0,6305942.0
2022,3055,蔚華科,485359.0,-0.18765491110703625,-0.68,1187419.0,184243.0,178580.0,225108.0,-1.31,1.03,552729.0,544234.5,587931.0
2022,1536,和大,1930317.0,0.09757620121461916,0.66,2795175.0,669456.0,701619.0,647576.0,0.66,1.17,2008368.0,2056612.5,2018651.0
2022,4934,太極,569212.0,-0.07738417320787334,-0.09,2250000.0,200716.0,193432.0,216278.0,-0.68,0.11,602148.0,591222.0,610426.0
2022,2597,潤弘,6203701.0,0.08007881101942212,2.6,1849500.0,1894600.0,2146555.0,2240735.0,0.93,3.96,5683800.0,6061732.5,6281890.0
2022,1776,展宇,372998.0,-0.0016809741607193604,-0.01,703353.0,101105.0,126953.0,104345.0,0.11,0.0,303315.0,342087.0,332403.0
2022,1906,寶隆,1509958.0,0.23942520255530286,2.39,1510000.0,401520.0,345171.0,238963.0,-0.13,0.38,1204560.0,1120036.5,985654.0
2022,2388,威盛,2289001.0,-0.021977273054926583,-0.33,4975488.0,585607.0,983557.0,1027509.0,-0.7,0.41,1756821.0,2353746.0,2596673.0
2022,2420,新巨,735747.0,0.2582980290779303,1.24,1526487.0,231808.0,223732.0,233690.0,1.14,1.33,695424.0,683310.0,689230.0
2022,2488,漢平,881809.0,0.08253488000235878,0.91,799994.0,339607.0,338510.0,341676.0,0.34,1.79,1018821.0,1017175.5,1019793.0
2022,9925,新保,1907058.0,0.21685182097240882,1.02,3874896.0,631362.0,639183.0,651019.0,1.0,0.54,1894086.0,1905817.5,1921564.0
2022,2415,錩新,609022.0,0.013671098909399004,0.1,900000.0,179800.0,170344.0,146739.0,0.33,-0.72,539400.0,525216.0,496883.0
2022,8105,凌巨,2603960.0,0.053006958632237054,0.31,4415449.0,891233.0,846983.0,832845.0,0.27,0.61,2673699.0,2607324.0,2571061.0
2022,2601,益航,1531363.0,-0.04144412526618444,0.0,8347761.0,465054.0,529814.0,534770.0,0.1,-0.03,1395162.0,1492302.0,1529638.0
2022,1231,聯華食,2448862.0,0.06321793551453696,0.58,2242333.0,987622.0,976319.0,825821.0,0.83,1.04,2962866.0,2945911.5,2789762.0
2022,1321,大洋,1950190.0,0.0018300780949548506,0.02,2272283.0,474542.0,550848.0,436749.0,0.65,0.39,1423626.0,1538085.0,1462139.0
2022,3576,聯合再生,3902620.0,0.0420655867084164,0.11,16278140.0,1280849.0,1544244.0,1921308.0,-0.06,0.11,3842547.0,4237639.5,4746401.0
2022,1437,勤益控,172103.0,0.5405135296886167,0.46,2033713.0,123460.0,67184.0,61981.0,0.5,0.57,370380.0,285966.0,252625.0
2022,6165,浪凡,731443.0,0.026943999737505178,0.37,532424.0,242920.0,265625.0,287673.0,0.8,0.49,728760.0,762817.5,796218.0
2022,8110,華東,2428567.0,-0.01562196966359174,-0.02,5217219.0,892092.0,889037.0,833390.0,0.04,0.52,2676276.0,2671693.5,2614519.0
2022,8104,錸寶,783288.0,0.04801171472051149,0.46,746517.0,277014.0,266751.0,260373.0,0.64,0.12,831042.0,815647.5,804138.0
2022,1466,聚隆,722433.0,0.0038854814218065897,0.03,1111573.0,228599.0,215180.0,212938.0,0.41,-0.4,685797.0,665668.5,656717.0
2022,1904,正隆,11525272.0,0.12235676520259131,1.12,11082745.0,3659438.0,3510002.0,3415053.0,0.7,0.2,10978314.0,10754160.0,10584493.0
2022,2606,裕民,3791879.0,0.3220245160776491,1.44,8450557.0,1651326.0,1472657.0,1020883.0,2.1,2.18,4953978.0,4685974.5,4144866.0
2022,2630,亞航,1017089.0,0.016237517070777484,0.11,1619285.0,384986.0,382673.0,366542.0,-0.01,0.03,1154958.0,1151488.5,1134201.0
2022,2328,廣宇,6211599.0,0.047456057610930774,0.51,5183462.0,1885425.0,2177265.0,2434925.0,0.56,0.95,5656275.0,6094035.0,6497615.0
2022,1434,福懋,9281671.0,0.2191975992253981,1.21,16846646.0,2957701.0,2965754.0,2814635.0,0.39,0.35,8873103.0,8885182.5,8738090.0
2022,2538,基泰,134257.0,0.6034545684768764,0.15,4384488.0,26987.0,23611.0,25908.0,-0.06,0.38,80961.0,75897.0,76506.0
2022,6205,詮欣,465143.0,0.1709603283291375,1.0,794172.0,143506.0,135288.0,172975.0,0.69,1.09,430518.0,418191.0,451769.0
2022,2020,美亞,1677615.0,0.03337476119371846,0.25,2225261.0,476393.0,540292.0,633794.0,0.87,-0.17,1429179.0,1525027.5,1650479.0
2022,3013,晟銘電,1327685.0,0.028405081024489996,0.21,1959350.0,569867.0,540034.0,576886.0,-0.33,0.69,1709601.0,1664851.5,1686787.0
2022,2392,正崴,21883419.0,0.026958036127718434,1.03,5123269.0,7721549.0,8025226.0,10810229.0,0.82,1.51,23164647.0,23620162.5,26557004.0
2022,3229,晟鈦,227157.0,0.008236594073702329,0.01,642630.0,92877.0,82120.0,87576.0,0.08,-0.09,278631.0,262495.5,262573.0
2022,5607,遠雄港,816182.0,0.40547941513044883,1.18,2549791.0,265497.0,261523.0,263237.0,0.63,0.92,796491.0,790530.0,790257.0
2022,5519,隆大,1412577.0,0.1258897745043279,0.81,2191972.0,273679.0,959016.0,656386.0,0.3,2.05,821037.0,1849042.5,1889081.0
2022,2374,佳能,1468766.0,0.029756271591254154,0.11,2875823.0,461480.0,496358.0,526031.0,0.09,0.6,1384440.0,1436757.0,1483869.0
2022,4532,瑞智,5482227.0,0.05074379444703767,0.54,5049151.0,1519977.0,1250912.0,1033914.0,0.37,0.32,4559931.0,4156333.5,3804803.0
2022,9902,台火,34697.0,-1.298671354872179,-0.46,980496.0,18647.0,2182.0,368.0,0.08,-0.07,55941.0,31243.5,21197.0
2022,2634,漢翔,7359445.0,0.08142597709474016,0.63,9418671.0,2740052.0,2555919.0,2860383.0,0.24,0.61,8220156.0,7943956.5,8156354.0
2022,4994,傳奇,511502.0,0.003339185379529308,0.02,1106390.0,172737.0,137315.0,139194.0,0.84,0.07,518211.0,465078.0,449246.0
2022,2201,裕隆,17725433.0,-0.17847970201912697,-3.97,10000000.0,6950053.0,6247768.0,6123519.0,1.14,-0.13,20850159.0,19796731.5,19321340.0
2022,2492,華新科,9851179.0,0.1014892735174135,1.56,4858043.0,2840653.0,2639851.0,2754062.0,5.52,1.05,8521959.0,8220756.0,8234566.0
2022,5222,全訊,281168.0,0.04895649576054174,0.2,678288.0,67102.0,94635.0,82326.0,2.82,1.02,201306.0,242605.5,244063.0
2022,3530,晶相光,572929.0,0.10686839032410647,0.79,781689.0,134294.0,125098.0,91145.0,3.18,-0.04,402882.0,389088.0,350537.0
2022,1319,東陽,5418894.0,0.13248367655835305,1.36,5914771.0,1859349.0,1767684.0,1899913.0,0.19,1.19,5578047.0,5440549.5,5526946.0
2022,1795,美時,2910432.0,0.11258534815450078,1.25,2627563.0,1043645.0,996806.0,3348921.0,1.33,7.99,3130935.0,3060676.5,5389372.0
2022,1447,力鵬,7742554.0,0.024794014998151773,0.22,9144872.0,3157856.0,2719435.0,1396651.0,0.01,-0.06,9473568.0,8815936.5,7273942.0
2022,1474,弘裕,820805.0,0.03048105213784029,0.18,1298970.0,264396.0,286882.0,240259.0,0.26,0.2,793188.0,826917.0,791537.0
2022,1468,昶和,307755.0,0.11366509073776218,0.21,1604053.0,152071.0,132643.0,137893.0,-0.02,0.66,456213.0,427071.0,422607.0
2022,2356,英業達,135746794.0,0.010979640521012968,0.42,35874751.0,47109534.0,44375400.0,50967141.0,0.79,0.49,141328602.0,137227401.0,142452075.0
2022,2362,藍天,4810613.0,0.006480255219033416,0.06,6422630.0,1714848.0,1925210.0,2119228.0,0.84,0.1,5144544.0,5460087.0,5759286.0
2022,1506,正道,308828.0,0.06008522543292707,0.07,2631618.0,90144.0,91940.0,85167.0,0.02,0.19,270432.0,273126.0,267251.0
2022,2357,華碩,126922226.0,0.01960062534673793,2.55,7427603.0,36753188.0,48226687.0,59790709.0,15.25,8.34,110259564.0,127469812.5,144770584.0
2022,2430,燦坤,5942050.0,0.02992906488501443,1.15,1168000.0,1991245.0,1758229.0,1729603.0,0.72,1.05,5973735.0,5624211.0,5479077.0
2022,1711,永光,2323801.0,0.05399343575461066,0.21,5477522.0,735513.0,772829.0,721723.0,0.19,0.16,2206539.0,2262513.0,2230065.0
2022,5522,遠雄,4888987.0,0.20804330222191222,1.3,7815962.0,1638958.0,1797686.0,3304198.0,1.82,1.84,4916874.0,5154966.0,6740842.0
2022,1516,川飛,216285.0,0.02012159881637654,0.12,356842.0,217961.0,198568.0,579.0,0.2,0.41,653883.0,624793.5,417108.0
2022,2801,彰銀,,,0.27,105934565.0,3549913.0,3265931.0,2360910.0,0.25,0.3,10649739.0,10223766.0,9176754.0
2022,1903,士紙,38625.0,-0.8783948220064725,-0.13,2600391.0,12111.0,14708.0,12980.0,0.01,1.2,36333.0,40228.5,39799.0
2022,2007,燁興,2229822.0,-0.0594993681109972,-0.25,5306516.0,481612.0,447886.0,503928.0,0.02,-0.51,1444836.0,1394247.0,1433426.0
2022,1225,福懋油,3808434.0,0.04106727332021508,0.67,2187030.0,1301087.0,1333748.0,1295478.0,0.13,-0.05,3903261.0,3952252.5,3930313.0
2022,2705,六福,196806.0,-1.2722274727396523,-1.31,1913128.0,189565.0,265241.0,136498.0,-0.98,0.21,568695.0,682209.0,591304.0
2022,2610,華航,36852234.0,0.009290454413157151,0.06,60135374.0,12936378.0,12756493.0,12004264.0,0.53,0.02,38809134.0,38539306.5,37697135.0
2022,3702,大聯大,199055930.0,0.01457633540482818,1.49,18790568.0,54266320.0,65325978.0,70229857.0,1.9,1.64,162798960.0,179388447.0,189822155.0
2022,1449,佳和,702467.0,0.12264348360848268,0.72,1134588.0,182939.0,232128.0,240703.0,-0.18,0.54,548817.0,622600.5,655770.0
2022,2114,鑫永銓,505200.0,0.09023950910530483,0.58,779918.0,161313.0,154244.0,149503.0,-6.13,1.42,483939.0,473335.5,465060.0
2022,1528,恩德,1042829.0,0.06340061505769402,0.36,1993310.0,287238.0,286967.0,295730.0,1.08,0.28,861714.0,861307.5,869935.0
2022,2468,華經,518579.0,0.04269937656557631,0.32,699612.0,155200.0,185864.0,236647.0,0.15,0.19,465600.0,511596.0,577711.0
2022,4766,南寶,5611209.0,0.06117558622393142,2.58,1205707.0,1882912.0,1993074.0,1991366.0,0.97,3.08,5648736.0,5813979.0,5867352.0
2022,2702,華園,362603.0,0.1514052558859138,0.5,1491555.0,150799.0,132331.0,134623.0,-0.33,0.35,452397.0,424695.0,417753.0
2022,1752,南光,472855.0,0.15777986909306235,0.73,1009885.0,180890.0,151201.0,158742.0,0.45,0.74,542670.0,498136.5,490833.0
2022,3167,大量,690817.0,0.31425688713508787,2.71,801341.0,225273.0,163116.0,132590.0,1.99,0.22,675819.0,582583.5,520979.0
2022,1535,中宇,2066309.0,0.0989764841560483,1.65,1237426.0,720211.0,685491.0,798394.0,0.8,1.04,2160633.0,2108553.0,2204096.0
2022,8926,台汽電,971182.0,-0.16752678694621606,-0.28,5890486.0,201629.0,273218.0,269744.0,0.25,0.32,604887.0,712270.5,744591.0
2022,6552,易華電,698948.0,0.10408213486554078,0.88,830000.0,123586.0,120246.0,120706.0,1.55,0.0,370758.0,365748.0,364538.0
2022,1810,和成,1344325.0,0.03902032618600413,0.14,3698536.0,371422.0,395188.0,398827.0,2.88,0.03,1114266.0,1149915.0,1165437.0
2022,1436,華友聯,778405.0,0.12410249163353267,1.01,962889.0,655976.0,864693.0,938714.0,0.91,5.06,1967928.0,2281003.5,2459383.0
2022,2511,太子,3628428.0,0.114464445759982,0.27,16233261.0,1006171.0,507511.0,544686.0,-0.26,0.11,3018513.0,2270523.0,2058368.0
2022,4942,嘉彰,2146955.0,0.11097577732183488,1.68,1423676.0,620510.0,626796.0,624162.0,1.42,1.53,1861530.0,1870959.0,1871468.0
2022,1707,葡萄王,2722473.0,0.2091029001940515,2.6,1481374.0,792012.0,838287.0,861571.0,2.04,2.46,2376036.0,2445448.5,2491870.0
2022,8150,南茂,6851737.0,0.19273185762967843,1.82,7272401.0,1947919.0,1715097.0,1590890.0,1.93,0.92,5843757.0,5494524.0,5253906.0
2022,1440,南紡,5599257.0,0.0765990916294787,0.25,16568159.0,1727479.0,1615212.0,1759926.0,0.27,0.18,5182437.0,5014036.5,5102617.0
2022,2025,千興,424960.0,-0.15735833960843373,-0.24,2811673.0,51322.0,6212.0,11013.0,0.46,1.34,153966.0,86301.0,68547.0
2022,1301,台塑,73924373.0,0.28680294657352046,3.33,63657408.0,19936058.0,17450790.0,18266287.0,3.03,0.91,59808174.0,56080272.0,55653135.0
2022,6533,晶心科,140138.0,0.5130086058028515,1.42,506509.0,68706.0,86077.0,116354.0,0.99,5.77,206118.0,232174.5,271137.0
2022,3617,碩天,3046369.0,0.11751169999432111,4.32,809510.0,1031406.0,979882.0,1069987.0,0.62,6.02,3094218.0,3016932.0,3081275.0
2022,9930,中聯資源,3034894.0,0.07062025889536834,0.86,2485404.0,980550.0,953660.0,847619.0,0.65,0.86,2941650.0,2901315.0,2781829.0
2022,1725,元禎,2687597.0,0.0034395037648873696,0.05,1818300.0,632445.0,646962.0,623168.0,0.77,0.98,1897335.0,1919110.5,1902575.0
2022,3481,群創,57901588.0,-0.08137555743721571,-0.45,105596201.0,15760183.0,15281141.0,16973932.0,1.77,-1.23,47280549.0,46561986.0,48015256.0
2022,2367,燿華,4326499.0,0.05789207393784212,0.41,6194072.0,1756020.0,1888943.0,1884532.0,-0.99,0.98,5268060.0,5467444.5,5529495.0
2022,3052,夆典,661432.0,0.06681110076319259,0.22,2287135.0,167491.0,190421.0,290014.0,0.01,0.27,502473.0,536868.0,647926.0
2022,8222,寶一,116630.0,0.014010117465489153,0.03,685735.0,41131.0,47723.0,40439.0,-0.22,0.47,123393.0,133281.0,129293.0
2022,2454,聯發科,155729821.0,0.2286781091207958,22.38,15990852.0,40890418.0,44699654.0,56571204.0,17.92,19.55,122671254.0,128385108.0,142161276.0
2022,9935,慶豐富,1566296.0,0.0585419358792974,0.54,1696233.0,472316.0,415837.0,427281.0,-0.26,0.62,1416948.0,1332229.5,1315434.0
2022,1227,佳格,5992214.0,0.028408364587780077,0.18,9150897.0,2146094.0,2686715.0,2844061.0,0.65,0.53,6438282.0,7249213.5,7676870.0
2022,1734,杏輝,716206.0,0.11441959436251581,0.52,1677221.0,193219.0,240083.0,276864.0,-0.2,0.4,579657.0,649953.0,710166.0
2022,1783,和康生,154226.0,0.21711643951084772,0.43,846991.0,46993.0,56342.0,59273.0,0.42,0.55,140979.0,155002.5,162608.0
2022,1203,味王,1582129.0,0.053349632046438694,0.17,2400000.0,514516.0,546197.0,523146.0,0.44,1.5,1543548.0,1591069.5,1583859.0
2022,4737,華廣,573329.0,0.06857493690359287,0.65,607258.0,164715.0,144384.0,255740.0,0.51,0.17,494145.0,463648.5,564839.0
2022,4916,事欣科,619304.0,0.034667949827548346,0.26,833544.0,177944.0,246987.0,244238.0,0.25,0.03,533832.0,637396.5,669169.0
2022,5515,建國,1389010.0,0.013822074715084844,0.08,2574401.0,453909.0,387387.0,359043.0,0.51,0.21,1361727.0,1261944.0,1200339.0
2022,2409,友達,62884442.0,-0.09059818007131239,-0.59,96242451.0,17431035.0,16021445.0,16279861.0,2.03,-1.13,52293105.0,50178720.0,49732341.0
2022,3563,牧德,549539.0,0.3089098316952937,3.73,447282.0,163991.0,132720.0,151004.0,5.71,3.09,491973.0,445066.5,447715.0
2023,3545,敦泰,3112352.0,0.03299626777433915,0.51,2159300.0,1049191.0,1285262.0,1263954.0,-13.55,0.61,3147573.0,3501679.5,3598407.0
2023,2501,國建,3934906.0,0.1085949702483363,0.36,11595611.0,971755.0,912891.0,752777.0,0.38,0.21,2915265.0,2826969.0,2637423.0
2023,3704,合勤控,7123776.0,0.04240307387542786,0.77,4030700.0,1966629.0,2620970.0,2386258.0,1.81,0.73,5899887.0,6881398.5,6973857.0
2023,2314,台揚,1038360.0,-0.11280577063831426,-0.5,2380283.0,273437.0,228747.0,169187.0,-0.4,-0.86,820311.0,753276.0,671371.0
2023,2618,長榮航,48609266.0,0.13302202505999577,1.11,53691254.0,18691487.0,18170876.0,16400974.0,0.23,1.1,56074461.0,55293544.5,53263337.0
2023,2227,裕日車,6157736.0,0.020999276357414477,0.43,3000000.0,2084877.0,1510974.0,2840639.0,3.11,1.28,6254631.0,5393776.5,6436490.0
2023,2545,皇翔,605676.0,-0.23457756292142995,-0.44,3277348.0,419346.0,194167.0,234475.0,0.97,0.48,1258038.0,920269.5,847988.0
2023,1414,東和,137432.0,0.1235883928051691,0.08,2200000.0,44586.0,51833.0,48748.0,0.2,0.06,133758.0,144628.5,145167.0
2023,2434,統懋,13589.0,-0.6253587460445948,-0.23,370000.0,6338.0,5833.0,8257.0,0.62,-0.3,19014.0,18256.5,20428.0
2023,1463,強盛新,65784.0,-0.04241152863918278,-0.02,1732684.0,25823.0,38818.0,38000.0,0.28,0.27,77469.0,96961.5,102641.0
2023,8081,致新,2082823.0,0.20568142372155485,4.9,861721.0,712720.0,814304.0,715275.0,5.2,6.09,2138160.0,2290536.0,2242299.0
2023,6412,群電,9270460.0,0.08522155319153527,1.98,3990401.0,3050159.0,3310122.0,3379829.0,2.44,2.36,9150477.0,9540421.5,9740110.0
2023,1762,中化生,526441.0,0.05623422187861508,0.38,775600.0,106273.0,158641.0,74242.0,1.56,0.16,318819.0,397371.0,339156.0
2023,2371,大同,13240088.0,0.06109287189027747,0.25,23395367.0,3877658.0,3817751.0,3752193.0,3.47,0.23,11632974.0,11543113.5,11447602.0
2023,1313,聯成,17580390.0,-0.036601690861238004,-0.48,13568523.0,6142965.0,6494950.0,7063372.0,-0.65,0.39,18428895.0,18956872.5,19701287.0
2023,1907,永豐餘,18124171.0,0.009257692393213461,0.12,16603715.0,5735573.0,6279524.0,6443074.0,0.88,0.68,17206719.0,18022645.5,18458171.0
2023,2546,根基,3951296.0,0.09220746813197493,3.13,1207216.0,1013343.0,1038610.0,943861.0,2.04,1.06,3040029.0,3077929.5,2995814.0
2023,4942,嘉彰,1560012.0,0.12844452478570678,1.41,1423676.0,539303.0,560813.0,528625.0,1.53,1.39,1617909.0,1650174.0,1628741.0
2023,2610,華航,47193097.0,0.07341118130051943,0.55,60236686.0,16491568.0,16281680.0,14905667.0,0.02,0.38,49474704.0,49159872.0,47678915.0
2023,2321,東訊,201268.0,-0.026814992944730408,-0.67,302719.0,65888.0,72298.0,59985.0,0.08,-0.28,197664.0,207279.0,198171.0
2023,2611,志信,159427.0,0.42014840648070906,0.35,1890023.0,53467.0,53170.0,53413.0,0.43,0.97,160401.0,159955.5,160050.0
2023,3257,虹冠電,289295.0,0.2802710036467965,1.02,799866.0,120105.0,101836.0,102684.0,0.07,1.12,360315.0,332911.5,324625.0
2023,2852,第一保,1904331.0,0.11070134341141324,0.7,3011638.0,678127.0,617818.0,606367.0,0.82,0.73,2034381.0,1943917.5,1902312.0
2023,4916,事欣科,857892.0,0.04195050192798161,0.4,938743.0,269708.0,300399.0,269465.0,0.03,0.63,809124.0,855160.5,839572.0
2023,4720,德淵,833283.0,0.011925120277264747,0.14,1037563.0,283580.0,289149.0,274951.0,0.15,0.66,850740.0,859093.5,847680.0
2023,8131,福懋科,1880837.0,0.12276874604232052,0.53,4422222.0,538914.0,505467.0,596727.0,1.42,0.09,1616742.0,1566571.5,1641108.0
2023,2890,永豐金,,,0.43,123764399.0,5403903.0,4832651.0,4327746.0,0.42,0.45,16211709.0,15354831.0,14564300.0
2023,1527,鑽全,619844.0,0.14287627209426887,0.63,1385706.0,201096.0,266274.0,233099.0,1.82,1.11,603288.0,701055.0,700469.0
2023,1472,三洋實業,536782.0,0.03963992831354256,0.85,249881.0,195647.0,175397.0,173810.0,-0.43,1.86,586941.0,556566.0,544854.0
2023,1418,東華,3158.0,-9.436352121595947,-0.55,568343.0,1580.0,1069.0,1137.0,-0.49,-0.4,4740.0,3973.5,3786.0
2023,1342,八貫,607421.0,0.2324516274544344,2.01,712876.0,188476.0,227391.0,240631.0,1.91,2.18,565428.0,623800.5,656498.0
2023,9910,豐泰,20656426.0,0.06444110902825106,1.12,9874828.0,7781588.0,8552577.0,6737066.0,3.09,1.71,23344764.0,24501247.5,23071231.0
2023,2892,第一金,,,0.47,136201455.0,6384754.0,5480993.0,4707518.0,0.47,0.43,19154262.0,17798620.5,16573265.0
2023,1503,士電,7677019.0,0.08166294755816027,1.14,5209722.0,2470239.0,2843442.0,2388149.0,1.09,1.28,7410717.0,7970521.5,7701830.0
2023,9944,新麗,586627.0,-0.09956923223786154,-0.6,1091071.0,154522.0,152052.0,138428.0,-0.25,-0.61,463566.0,459861.0,445002.0
2023,1736,喬山,8636292.0,0.03857986737826836,1.11,3036166.0,2764855.0,3276394.0,3587203.0,0.73,1.22,8294565.0,9061873.5,9628452.0
2023,1717,長興,10849709.0,0.03283507419415581,0.3,11782655.0,3387642.0,3963723.0,3916160.0,0.42,0.51,10162926.0,11027047.5,11267525.0
2023,2409,友達,63320505.0,-0.07475605256148857,-0.63,76993961.0,21259538.0,24281667.0,24568621.0,-1.13,-0.13,63778614.0,68311807.5,70109826.0
2023,2420,新巨,537739.0,0.2728052084747433,0.97,1526487.0,180881.0,168927.0,180732.0,1.33,1.04,542643.0,524712.0,530540.0
2023,3050,鈺德,275385.0,0.0976015396626541,0.14,1459845.0,103692.0,96017.0,128453.0,0.32,0.25,311076.0,299563.5,328162.0
2023,6153,嘉聯益,2789887.0,-0.2112383046338436,-1.07,5561777.0,1022099.0,970393.0,932986.0,1.34,-2.55,3066297.0,2988738.0,2925478.0
2023,4545,銘鈺,515441.0,0.08479146982874859,0.57,770000.0,237264.0,126747.0,138988.0,0.8,0.77,711792.0,546016.5,502999.0
2023,6505,台塑化,159397250.0,-0.007327541723586825,-0.13,95259597.0,53433838.0,68847975.0,70376594.0,-0.66,1.81,160301514.0,183422719.5,192658407.0
2023,1467,南緯,1088752.0,-0.0553404264699399,-0.3,2336247.0,417569.0,503680.0,489276.0,0.0,0.09,1252707.0,1381873.5,1410525.0
2023,2537,聯上發,133671.0,-0.139686244585587,-0.07,3005579.0,2128.0,86748.0,71684.0,0.07,-0.01,6384.0,133314.0,160560.0
2023,4919,新唐,8953034.0,0.04945519027404565,1.05,4197653.0,2919366.0,2947390.0,3102813.0,2.26,1.43,8758098.0,8800134.0,8969569.0
2023,8110,華東,1742713.0,-0.044791081491903716,-0.08,5177399.0,574012.0,574311.0,572738.0,0.52,0.04,1722036.0,1722484.5,1721061.0
2023,6108,競國,1456326.0,0.05112797546703142,0.46,1598993.0,537331.0,590392.0,539934.0,0.39,0.62,1611993.0,1691584.5,1667657.0
2023,2480,敦陽科,1894368.0,0.1006652350546462,1.79,1063603.0,533226.0,586233.0,569408.0,1.71,1.73,1599678.0,1679188.5,1688867.0
2023,3413,京鼎,3291721.0,0.18511167866292436,6.27,971595.0,895208.0,1037716.0,1043805.0,8.21,4.87,2685624.0,2899386.0,2976729.0
2023,9928,中視,221649.0,-0.05465397994125848,-0.2,607246.0,71182.0,74222.0,85691.0,-0.17,-0.15,213546.0,218106.0,231095.0
2023,5521,工信,1356090.0,0.06662905854331203,0.19,4922802.0,564183.0,436606.0,478943.0,-0.01,0.06,1692549.0,1501183.5,1479732.0
2023,6504,南六,1636407.0,0.049975342320095185,1.13,726000.0,407446.0,520068.0,543474.0,0.49,0.43,1222338.0,1391271.0,1470988.0
2023,3029,零壹,3171231.0,0.048308369841238305,0.98,1535797.0,1053873.0,1416733.0,1321491.0,1.25,1.26,3161619.0,3705909.0,3792097.0
2023,3419,譁裕,343918.0,0.07112160456853087,0.22,1204804.0,106974.0,93571.0,164964.0,0.6,-0.27,320922.0,300817.5,365509.0
2023,1903,士紙,43332.0,-0.5143542878242408,-0.09,2600391.0,16673.0,14759.0,10464.0,1.2,0.63,50019.0,47148.0,41896.0
2023,3040,遠見,36934.0,0.430930849623653,0.25,630000.0,14308.0,13095.0,14717.0,0.77,0.39,42924.0,41104.5,42120.0
2023,3209,全科,13369812.0,0.007928832507143706,0.47,2300292.0,6653841.0,4270136.0,3381340.0,1.4,1.0,19961523.0,16385965.5,14305317.0
2023,2548,華固,1605573.0,0.18922154271403419,1.1,2768127.0,184513.0,1225117.0,1475229.0,0.98,2.24,553539.0,2114445.0,2884859.0
2023,2404,漢唐,17620338.0,0.07201558789621403,6.6,1905867.0,4194839.0,3746251.0,9605328.0,8.45,6.96,12584517.0,11911635.0,17546418.0
2023,6136,富爾特,130435.0,-0.0018706635488940852,0.0,1155364.0,37849.0,42445.0,47480.0,0.93,1.01,113547.0,120441.0,127774.0
2023,3057,喬鼎,132550.0,-0.2457789513391173,-0.35,926787.0,38769.0,43213.0,66853.0,0.0,-0.1,116307.0,122973.0,148835.0
2023,3501,維熹,1371068.0,0.1048022417560617,1.22,1182579.0,410526.0,496818.0,449367.0,2.82,1.4,1231578.0,1361016.0,1356711.0
2023,3563,牧德,578553.0,0.2794177888629045,3.62,581462.0,166782.0,140806.0,107483.0,3.09,1.89,500346.0,461382.0,415071.0
2023,2536,宏普,84808.0,-1.0325676822941232,-0.26,3328087.0,14993.0,14993.0,15469.0,-0.21,-0.33,44979.0,44979.0,45455.0
2023,5434,崇越,12055351.0,0.05540062665948092,3.69,1907948.0,4128574.0,4153263.0,4210501.0,4.91,4.25,12385722.0,12422755.5,12492338.0
2023,6796,晉弘,142352.0,0.2004538046532539,0.86,332907.0,36845.0,42583.0,42974.0,0.7,0.5,110535.0,119142.0,122402.0
2023,2354,鴻準,16798647.0,0.09064789563111839,0.97,14144852.0,7560000.0,7893114.0,6879714.0,1.1,0.75,22680000.0,23179671.0,22332828.0
2023,8101,華冠,40125.0,-1.3358504672897196,-0.74,728311.0,11188.0,5460.0,16013.0,-1.36,-0.8,33564.0,24972.0,32661.0
2023,6770,力積電,11008926.0,0.05604306905142246,0.15,40692767.0,3430420.0,3471465.0,3500564.0,1.6,-0.08,10291260.0,10352827.5,10402449.0
2023,6835,圓裕,497238.0,0.101040145765207,0.76,661723.0,201092.0,203623.0,190211.0,4.08,1.23,603276.0,607072.5,594926.0
2023,3059,華晶科,2208835.0,0.04355599218592607,0.33,2788000.0,772022.0,767292.0,755975.0,0.46,0.39,2316066.0,2308971.0,2295289.0
2023,3515,華擎,4086598.0,0.03873001454999978,1.29,1219894.0,1303108.0,1636486.0,1973763.0,1.47,2.53,3909324.0,4409391.0,4913357.0
2023,3047,訊舟,1054049.0,-0.038112080178435724,0.09,2117953.0,337567.0,351395.0,380162.0,0.64,0.02,1012701.0,1033443.0,1069124.0
2023,4930,燦星網,1433824.0,0.06603599883946705,0.49,800000.0,654230.0,775870.0,769465.0,1.12,2.24,1962690.0,2145150.0,2199565.0
2023,9930,中聯資源,3248269.0,0.07180655296713419,0.91,2485404.0,1036397.0,1017744.0,980388.0,0.86,0.86,3109191.0,3081211.5,3034529.0
2023,1326,台化,75168838.0,0.022474326395733296,0.29,58611863.0,26750801.0,29077841.0,30995485.0,0.43,1.28,80252403.0,83742963.0,86824127.0
2023,2836,高雄銀,,,0.2,12742981.0,363164.0,308489.0,309717.0,0.18,0.18,1089492.0,1007479.5,981370.0
2023,2414,精技,5858931.0,0.018396359335858366,0.61,1617358.0,1886826.0,2094563.0,2090151.0,0.97,0.63,5660478.0,5972083.5,6071540.0
2023,4755,三福化,1260361.0,0.08531285877617603,1.07,1007060.0,371504.0,426980.0,416795.0,1.62,1.09,1114512.0,1197726.0,1215279.0
2023,2906,高林,1950427.0,0.04252453437119154,0.12,2091111.0,661932.0,682271.0,658202.0,0.24,0.15,1985796.0,2016304.5,2002405.0
2023,1730,花仙子,623426.0,0.09637551208964656,0.86,632339.0,209982.0,207472.0,218065.0,1.06,0.81,629946.0,626181.0,635519.0
2023,2461,光群雷,1379720.0,-0.01910387614878381,0.23,1600309.0,514744.0,481665.0,440396.0,0.43,0.26,1544232.0,1494613.5,1436805.0
2023,4133,亞諾法,98755.0,0.12194825578451723,0.2,605536.0,29895.0,34452.0,29550.0,0.44,0.16,89685.0,96520.5,93897.0
2023,6515,穎崴,1016608.0,0.1334772104882118,3.96,345340.0,264586.0,342597.0,377045.0,10.79,3.7,793758.0,910774.5,984228.0
2023,1608,華榮,2260920.0,0.08364515330042638,0.53,6327735.0,806878.0,710289.0,905462.0,0.02,0.17,2420634.0,2275750.5,2422629.0
2023,2464,盟立,2000865.0,0.007710165353484618,0.08,1955312.0,775165.0,757990.0,871034.0,0.7,0.01,2325495.0,2299732.5,2404189.0
2023,3715,定穎投控,3653996.0,0.06672749504925567,0.86,2776118.0,1290570.0,1433416.0,1502664.0,1.66,1.51,3871710.0,4085979.0,4226650.0
2023,1722,台肥,6031135.0,0.43038167774390723,2.65,9800000.0,930082.0,1021253.0,966873.0,0.64,0.62,2790246.0,2927002.5,2918208.0
2023,2328,廣宇,6217119.0,0.057828553707915197,0.63,5183462.0,2072026.0,2445292.0,2387420.0,0.95,0.63,6216078.0,6775977.0,6904738.0
2023,2444,兆勁,396399.0,-0.10660723160250152,-0.42,1015696.0,151559.0,166393.0,185003.0,0.5,0.45,454677.0,476928.0,502955.0
2023,5283,禾聯碩,1976147.0,0.12503118442099703,3.38,730004.0,719476.0,517947.0,376204.0,2.95,2.29,2158428.0,1856134.5,1613627.0
2023,2376,技嘉,26133800.0,0.03402666278918489,1.4,6356889.0,8691762.0,11937368.0,16271282.0,1.84,2.33,26075286.0,30943695.0,36900412.0
2023,8104,錸寶,653648.0,-0.027135400093016425,-0.31,746517.0,199067.0,235915.0,234623.0,0.12,-2.41,597201.0,652473.0,669605.0
2023,2427,三商電,770298.0,0.05880191821866343,0.25,1843145.0,262646.0,320063.0,405826.0,0.33,0.33,787938.0,874063.5,988535.0
2023,8926,台汽電,1475943.0,0.19194101669237904,0.34,7302820.0,388434.0,325506.0,661153.0,0.32,0.09,1165302.0,1070910.0,1375093.0
2023,2103,台橡,7742090.0,0.01525660383694842,0.05,8257099.0,2457773.0,2639957.0,2591132.0,0.47,0.19,7373319.0,7646595.0,7688862.0
2023,2542,興富發,7723944.0,0.2129907984832619,0.32,18841415.0,4368285.0,7385303.0,8419448.0,0.12,0.41,13104855.0,17630382.0,20173036.0
2023,8422,可寧衛*,1243455.0,0.24334857312890293,2.83,1090504.0,158104.0,211596.0,310817.0,3.1,1.36,474312.0,554550.0,680517.0
2023,1210,大成,27597963.0,0.0470433633090964,1.27,8947673.0,8904562.0,10230624.0,9291296.0,0.55,1.51,26713686.0,28702779.0,28426482.0
2023,6213,聯茂,5430318.0,0.007658483352172009,0.12,3629572.0,2062398.0,2278819.0,2311510.0,0.76,0.64,6187194.0,6511825.5,6652727.0
2023,2022,聚亨,2222077.0,-0.008849378306872354,-0.06,3371682.0,729342.0,781693.0,898770.0,-0.17,-0.06,2188026.0,2266552.5,2409805.0
2023,3338,泰碩,854569.0,0.0756182356252099,0.74,879081.0,306754.0,366277.0,369227.0,0.91,0.98,920262.0,1009546.5,1042258.0
2023,6184,大豐電,519821.0,0.3003668570527162,1.05,1582306.0,170802.0,172522.0,173975.0,0.63,0.8,512406.0,514986.0,517299.0
2023,1808,潤隆,4458545.0,0.30378924066034996,3.01,4510261.0,3262113.0,5965649.0,7714736.0,-0.25,9.2,9786339.0,13841643.0,16942498.0
2023,2426,鼎元,591192.0,-0.09603648222574054,-0.17,3006223.0,194175.0,185907.0,184149.0,-0.2,-0.07,582525.0,570123.0,564231.0
2023,3432,台端,4920.0,-0.7882113821138211,-0.06,665860.0,1940.0,1057.0,1298.0,1.11,-0.09,5820.0,4495.5,4295.0
2023,1456,怡華,923458.0,0.13305098878346389,1.31,937200.0,110748.0,73476.0,216090.0,-0.3,-0.12,332244.0,276336.0,400314.0
2023,6283,淳安,374744.0,-0.024664837862647566,-0.13,1479063.0,108084.0,119331.0,119298.0,-0.23,-0.26,324252.0,341122.5,346713.0
2023,6226,光鼎,151546.0,-0.09781188550011218,-0.13,1166198.0,57853.0,59225.0,118756.0,0.07,-0.25,173559.0,175617.0,235834.0
2023,2514,龍邦,3616767.0,0.04942922781589193,0.75,3947293.0,2021412.0,2117014.0,2058366.0,0.45,0.5,6064236.0,6207639.0,6196792.0
2023,2387,精元,5864121.0,0.08782560932832048,2.63,1952510.0,1913778.0,2059706.0,1979193.0,3.2,2.45,5741334.0,5960226.0,5952677.0
2023,6552,易華電,444456.0,0.080883147038177,0.43,830000.0,156020.0,172753.0,174470.0,0.0,0.27,468060.0,493159.5,503243.0
2023,2338,光罩,1799891.0,0.02399256399415298,0.49,2564465.0,619451.0,580365.0,755201.0,2.82,-0.43,1858353.0,1799724.0,1955017.0
2023,1234,黑松,2300026.0,0.08863421543930373,0.51,4018711.0,983847.0,1121037.0,1017186.0,0.98,0.94,2951541.0,3157326.0,3122070.0
2023,6605,帝寶,4433501.0,0.1415053250241739,4.01,1658164.0,1444937.0,1597550.0,1550046.0,3.22,3.74,4334811.0,4563730.5,4592533.0
2023,1538,正峰,55770.0,0.35203514434283667,0.48,758390.0,19155.0,16090.0,14900.0,-0.14,-0.75,57465.0,52867.5,50145.0
2023,6464,台數科,1031524.0,0.2334846305078699,1.86,1276131.0,340985.0,344897.0,353042.0,1.61,1.91,1022955.0,1028823.0,1038924.0
2023,2027,大成鋼,26368599.0,0.07736474736484862,0.52,24342606.0,7317811.0,8859977.0,8054404.0,0.87,0.55,21953433.0,24266682.0,24232192.0
2023,3535,晶彩科,49341.0,-0.7146997426075677,-0.45,790523.0,102641.0,51245.0,36923.0,1.36,0.67,307923.0,230829.0,190809.0
2023,4104,佳醫,2022413.0,0.10840169638941205,1.17,1556167.0,617997.0,695296.0,705001.0,1.26,1.06,1853991.0,1969939.5,2018294.0
2023,6691,洋基工程,4569269.0,0.1090736833397202,4.35,882792.0,1538797.0,1255015.0,1397970.0,8.17,5.76,4616391.0,4190718.0,4191782.0
2023,4551,智伸科,1839572.0,0.07190368194340857,1.15,1152225.0,582609.0,676723.0,544137.0,3.68,1.52,1747827.0,1888998.0,1803469.0
2023,2471,資通,195038.0,0.4236559029522452,1.75,472539.0,63564.0,66816.0,52865.0,1.02,0.87,190692.0,195570.0,183245.0
2023,6277,宏正,1234720.0,0.09209132434884022,0.95,1194711.0,392831.0,430743.0,393438.0,1.71,1.03,1178493.0,1235361.0,1217012.0
2023,8481,政伸,235283.0,0.1314544612232928,0.46,666019.0,72166.0,85726.0,84784.0,1.21,0.58,216498.0,236838.0,242676.0
2023,5515,建國,978798.0,0.09841458605350645,0.39,2520001.0,371439.0,251500.0,272117.0,0.21,0.31,1114317.0,934408.5,895056.0
2023,2442,新美齊,1219160.0,0.1603850191935431,0.77,2562888.0,13353.0,12588.0,13344.0,-0.14,0.22,40059.0,38911.5,39285.0
2023,2459,敦吉,1728408.0,0.07761361900662343,1.2,1055956.0,726815.0,813271.0,713875.0,2.18,1.66,2180445.0,2310129.0,2253961.0
2023,3593,力銘,188666.0,-0.13836091293608813,-0.28,930425.0,72990.0,85703.0,96957.0,-0.06,-0.12,218970.0,238039.5,255650.0
2023,1201,味全,5244647.0,0.0069425072840936675,0.07,5060629.0,1987063.0,2024542.0,1944806.0,0.28,0.13,5961189.0,6017407.5,5956411.0
2023,3024,憶聲,407194.0,0.05562704754981655,0.09,2771575.0,126073.0,100283.0,125238.0,0.1,0.15,378219.0,339534.0,351594.0
2023,2329,華泰,3998666.0,0.12863239890503483,0.73,7354883.0,1539838.0,1534989.0,1627249.0,0.65,0.82,4619514.0,4612240.5,4702076.0
2023,4960,誠美材,2529209.0,-0.06933353471381765,-0.31,5728818.0,786661.0,958223.0,853289.0,0.36,0.05,2359983.0,2617326.0,2598173.0
2023,2945,三商家購,3448955.0,0.0030038083999356325,0.26,675000.0,1258802.0,1293737.0,1209033.0,0.23,0.59,3776406.0,3828808.5,3761572.0
2023,4106,雃博,703610.0,0.07249186339023038,0.51,1009116.0,173039.0,198250.0,193580.0,0.59,0.23,519117.0,556933.5,564869.0
2023,1522,堤維西,4801378.0,0.06014898222968489,0.68,3428979.0,1486892.0,1820442.0,1647751.0,0.96,1.18,4460676.0,4961001.0,4955085.0
2023,2316,楠梓電,931204.0,0.003205527467665517,0.02,1827405.0,308874.0,293927.0,299557.0,0.96,0.68,926622.0,904201.5,902358.0
2023,3346,麗清,2048780.0,0.031141459795585667,0.6,1081217.0,681354.0,767711.0,883125.0,0.6,0.88,2044062.0,2173597.5,2332190.0
2023,1443,立益物流,180642.0,-0.0633628945649406,0.19,1353430.0,56804.0,75942.0,91268.0,0.66,0.82,170412.0,199119.0,224014.0
2023,2516,新建,1867715.0,0.027316266132680844,0.22,2262785.0,770045.0,680512.0,862488.0,-0.03,0.32,2310135.0,2175835.5,2313045.0
2023,1437,勤益控,169045.0,0.7642284598775474,0.63,2033713.0,154015.0,54326.0,126347.0,0.57,1.0,462045.0,312511.5,334688.0
2023,3043,科風,404937.0,0.13914263206375313,1.5,389756.0,161441.0,125037.0,108022.0,-0.14,0.0,484323.0,429717.0,394500.0
2023,3712,永崴投控,3224512.0,0.017823162078478852,0.06,2462421.0,1237954.0,1270147.0,1714256.0,0.86,1.13,3713862.0,3762151.5,4222357.0
2023,9907,統一實,9893828.0,0.03417383039203835,0.23,15791453.0,2890136.0,2921704.0,2671987.0,0.48,0.06,8670408.0,8717760.0,8483827.0
2023,1795,美時,4441843.0,0.2849808063905005,4.85,2625913.0,2287950.0,1184833.0,1100388.0,7.99,4.76,6863850.0,5209174.5,4573171.0
2023,1909,榮成,11948639.0,-0.027533512394173093,-0.25,13276857.0,3561613.0,4020496.0,4047348.0,-0.38,-0.08,10684839.0,11373163.5,11629457.0
2023,6142,友勁,804525.0,-0.012381218731549673,-0.03,3307792.0,143480.0,142176.0,129374.0,0.25,-0.03,430440.0,428484.0,415030.0
2023,1301,台塑,48446828.0,0.025286567781073303,0.19,63657408.0,16645025.0,17501985.0,16588777.0,0.91,1.05,49935075.0,51220515.0,50735787.0
2023,4526,東台,2008631.0,0.009686697058842566,-0.07,2548265.0,561966.0,652761.0,749164.0,0.39,0.04,1685898.0,1822090.5,1963891.0
2023,5533,皇鼎,1063243.0,0.21859725387329143,0.81,2852450.0,207168.0,459194.0,213418.0,0.68,0.69,621504.0,999543.0,879780.0
2023,3701,大眾控,3331813.0,0.08179660743265003,0.7,2181027.0,1174523.0,1469166.0,1172977.0,0.65,0.88,3523569.0,3965533.5,3816666.0
2023,4583,台灣精銳,702511.0,0.3625537536067051,3.17,801714.0,222732.0,221896.0,201638.0,3.74,3.79,668196.0,666942.0,646266.0
2023,4989,榮科,927992.0,-0.041668462659160854,-0.29,1377765.0,260372.0,285105.0,349888.0,0.03,-0.13,781116.0,818215.5,895365.0
2023,1725,元禎,1825088.0,0.021756759126135287,0.22,1818300.0,587885.0,726950.0,604467.0,0.98,0.68,1763655.0,1972252.5,1919302.0
2023,1417,嘉裕,327753.0,0.018642087181505586,0.03,1899419.0,108193.0,111755.0,94040.0,0.27,-0.02,324579.0,329922.0,313988.0
2023,1733,五鼎,417281.0,0.06493466033679943,0.27,999502.0,149769.0,147378.0,115344.0,0.64,0.38,449307.0,445720.5,412491.0
2023,9943,好樂迪,682654.0,0.288068333299153,2.32,1252200.0,234444.0,227069.0,222907.0,1.2,2.37,703332.0,692269.5,684420.0
2023,1475,業旺,313567.0,0.27928959361157263,3.36,660168.0,82345.0,95610.0,112605.0,4.3,2.22,247035.0,266932.5,290560.0
2023,2528,皇普,30741.0,-0.7121108617156241,-0.06,3799974.0,21.0,21.0,21.0,-0.03,-0.09,63.0,63.0,63.0
2023,6183,關貿,517479.0,0.2736613466440184,0.94,1500000.0,179537.0,168956.0,196505.0,0.75,0.86,538611.0,522739.5,544998.0
2023,8103,瀚荃,758308.0,0.08594660744710593,0.84,789534.0,263341.0,294409.0,263296.0,1.31,1.4,790023.0,836625.0,821046.0
2023,6155,鈞寶,144880.0,0.21858779679734952,0.36,876390.0,44037.0,44124.0,34431.0,0.92,0.42,132111.0,132241.5,122592.0
2023,2885,元大金,,,0.72,126890824.0,11633153.0,9008431.0,7048278.0,0.65,0.67,34899459.0,30962376.0,27689862.0
2023,3652,精聯,676994.0,0.025746166140320298,0.23,750975.0,151465.0,160957.0,205684.0,0.35,0.26,454395.0,468633.0,518106.0
2023,2482,連宇,463937.0,0.20836449776586044,1.24,778827.0,73902.0,84327.0,86223.0,0.77,0.07,221706.0,237343.5,244452.0
2023,1321,大洋,1167502.0,0.01621067886821607,0.09,2272283.0,361464.0,391590.0,357833.0,0.39,0.22,1084392.0,1129581.0,1110887.0
2023,3714,富采,5843987.0,-0.17754300274795273,-1.22,7547840.0,1985433.0,2047849.0,2126208.0,-0.56,-0.88,5956299.0,6049923.0,6159490.0
2023,3090,日電貿,2557921.0,0.07426812634166575,0.89,2126572.0,923150.0,1002736.0,953517.0,4.58,1.28,2769450.0,2888829.0,2879403.0
2023,1713,國化,104844.0,0.8895788027927206,0.62,1509517.0,34057.0,43833.0,40844.0,0.77,0.76,102171.0,116835.0,118734.0
2023,4736,泰博,1188358.0,0.13925264945412072,1.83,953686.0,336552.0,298582.0,365428.0,8.5,3.43,1009656.0,952701.0,1000562.0
2023,1702,南僑,5718733.0,0.05061260947136367,0.97,2941330.0,1774321.0,1998440.0,2046638.0,0.4,1.13,5322963.0,5659141.5,5819399.0
2023,1727,中華化,421902.0,0.0352996667472541,0.15,1168246.0,144381.0,138477.0,151735.0,-0.09,0.06,433143.0,424287.0,434593.0
2023,1598,岱宇,1499737.0,-0.034334019898155474,-0.28,1596097.0,514829.0,570892.0,585465.0,0.6,0.26,1544487.0,1628581.5,1671186.0
2023,2030,彰源,3463111.0,-0.029370990418730442,-0.36,2805260.0,988183.0,1131312.0,1045025.0,0.02,0.05,2964549.0,3179242.5,3164520.0
2023,3011,今皓,312007.0,0.05380007499831735,0.15,1127192.0,87366.0,92667.0,115245.0,0.02,-0.2,262098.0,270049.5,295278.0
2023,6215,和椿,250598.0,0.1193425326618728,0.36,827897.0,61369.0,84261.0,77697.0,0.71,0.22,184107.0,218445.0,223327.0
2023,2415,錩新,525254.0,-0.0209232104848321,-0.25,900000.0,209693.0,199084.0,199702.0,-0.72,-0.22,629079.0,613165.5,608479.0
2023,8201,無敵,154691.0,-0.10797008229308751,-0.27,623663.0,34317.0,28497.0,53667.0,-0.25,-0.13,102951.0,94221.0,116481.0
2023,1307,三芳,2291749.0,0.08246278279165825,0.47,3978181.0,893367.0,1038632.0,838162.0,0.46,0.79,2680101.0,2897998.5,2770161.0
2023,2912,統一超,77586335.0,0.04000535661337786,2.46,10396223.0,27901261.0,27510169.0,27120033.0,2.58,2.92,83703783.0,83117145.0,82531463.0
2023,2493,揚博,810447.0,0.20130866052931284,1.43,1144373.0,251893.0,293340.0,296829.0,1.36,1.8,755679.0,817849.5,842062.0
2023,2498,宏達電,1143924.0,-0.7872918130924782,-1.09,8314380.0,241703.0,256065.0,601466.0,-1.19,-1.1,725109.0,746652.0,1099234.0
2023,3028,增你強,7877363.0,0.014732087374924832,0.52,2266195.0,2620381.0,3198451.0,3286442.0,0.65,0.87,7861143.0,8728248.0,9105274.0
2023,2458,義隆,3041422.0,0.14856603259922496,1.74,3038804.0,1102522.0,1192180.0,1207207.0,1.83,2.69,3307566.0,3442053.0,3501909.0
2023,6706,惠特,406848.0,-0.1889329675947774,-1.05,735369.0,112309.0,80045.0,78846.0,3.33,-0.11,336927.0,288531.0,271200.0
2023,1617,榮星,674959.0,0.02979292075518661,0.15,1577390.0,245979.0,254781.0,256351.0,0.04,0.12,737937.0,751140.0,757111.0
2023,2492,華新科,8223217.0,0.1282052997020509,1.74,4858043.0,2878994.0,2866961.0,2935063.0,1.05,2.18,8636982.0,8618932.5,8681018.0
2023,1446,宏和,36870.0,-0.16680227827502034,-0.05,1377095.0,9141.0,9536.0,7358.0,-0.04,-0.05,27423.0,28015.5,26035.0
2023,2247,汎德永業,15248470.0,0.035636362205519634,6.73,807087.0,4597886.0,4168701.0,4382452.0,4.38,5.52,13793658.0,13149880.5,13149039.0
2023,1533,車王電,1103558.0,-0.056991114196082125,-0.43,985475.0,320876.0,391517.0,332544.0,0.22,0.04,962628.0,1068589.5,1044937.0
2023,1455,集盛,1735422.0,-0.08568636331681861,-0.28,5316884.0,578974.0,655615.0,690467.0,-0.42,-0.16,1736922.0,1851883.5,1925056.0
2023,2616,山隆,4068678.0,0.007234536623443782,0.19,1372818.0,1388211.0,1404058.0,1376592.0,0.14,0.1,4164633.0,4188403.5,4168861.0
2023,2428,興勤,1816449.0,0.17233679558303042,2.43,1281127.0,591321.0,605630.0,566456.0,3.12,2.6,1773963.0,1795426.5,1763407.0
2023,1714,和桐,4714262.0,0.04490480164233553,0.17,10168248.0,1594036.0,1553868.0,1941684.0,0.11,0.19,4782108.0,4721856.0,5089588.0
2023,6668,中揚光,224622.0,-0.392120985477825,-1.1,782451.0,64979.0,65416.0,81702.0,-0.25,-0.7,194937.0,195592.5,212097.0
2023,1731,美吾華,315303.0,0.15232014918982692,0.36,1329152.0,96834.0,101448.0,105364.0,0.34,0.3,290502.0,297423.0,303646.0
2023,9941,裕融,10336010.0,0.17290250299680437,2.77,6482250.0,3584420.0,3577177.0,3549873.0,3.23,3.04,10753260.0,10742395.5,10711470.0
2023,2357,華碩,115703513.0,0.026646451089173066,3.48,7427603.0,37564502.0,48615792.0,48871582.0,8.34,14.94,112693506.0,129270441.0,135051876.0
2023,1529,樂事綠能,121649.0,0.6725908145566343,0.55,1505778.0,85566.0,37741.0,114243.0,0.11,-0.3,256698.0,184960.5,237550.0
2023,4119,旭富,313115.0,0.6372035833479712,1.78,1073052.0,64934.0,98813.0,94102.0,0.51,0.33,194802.0,245620.5,257849.0
2023,1439,雋揚,20510.0,2.7166747927840076,0.56,920000.0,24130.0,7761.0,4941.0,0.75,0.27,72390.0,47836.5,36832.0
2023,4766,南寶,5083350.0,0.09514336018570431,3.78,1205707.0,1756548.0,1866643.0,1828163.0,3.08,5.35,5269644.0,5434786.5,5451354.0
2023,1568,倉佑,264144.0,0.20134472106123932,0.52,1030865.0,91176.0,100640.0,114056.0,0.47,2.21,273528.0,287724.0,305872.0
2023,8150,南茂,5444124.0,0.11545071346648239,0.86,7272401.0,1836225.0,1832982.0,1912350.0,0.92,0.8,5508675.0,5503810.5,5581557.0
2023,6141,柏承,709464.0,-0.08176313385880045,-0.46,1133540.0,200405.0,253717.0,262450.0,-0.17,-0.64,601215.0,681183.0,716572.0
2023,3504,揚明光,817141.0,-0.08230892832448745,-0.59,1140598.0,225923.0,272500.0,248164.0,0.57,-0.59,677769.0,747634.5,746587.0
2023,4956,光鋐,293139.0,-0.07771057416447487,-0.23,1004082.0,95613.0,96519.0,88188.0,-0.15,-0.15,286839.0,288198.0,280320.0
2023,6024,群益期,399838.0,0.6243328548061965,1.18,2104376.0,181230.0,399468.0,170561.0,1.07,1.32,543690.0,871047.0,751259.0
2023,6112,邁達特,3573174.0,0.045924155946505826,0.86,1883573.0,1190657.0,1119189.0,1305554.0,0.73,0.72,3571971.0,3464769.0,3615400.0
2023,3189,景碩,6462205.0,0.04112512679495621,0.04,4544991.0,1935157.0,2132605.0,1978409.0,4.79,-0.76,5805471.0,6101643.0,6046171.0
2023,9958,世紀鋼,3218818.0,0.0672936463012199,1.0,2350890.0,1193160.0,1206343.0,1245560.0,0.68,1.32,3579480.0,3599254.5,3645063.0
2023,1521,大億,1096336.0,0.01609725485617548,0.23,762300.0,360988.0,432228.0,494626.0,0.72,0.77,1082964.0,1189824.0,1287842.0
2023,2069,運錩,3094154.0,-0.030047308569644562,-0.57,1663868.0,966430.0,1111157.0,970934.0,-0.56,-0.29,2899290.0,3116380.5,3048521.0
2023,6579,研揚,2056104.0,0.17771474594670308,2.77,1601788.0,655946.0,649236.0,757821.0,3.33,2.33,1967838.0,1957773.0,2063003.0
2023,1304,台聚,12759120.0,-0.02969240825386077,0.03,11887635.0,3963359.0,5032636.0,4506836.0,0.16,0.21,11890077.0,13493992.5,13502831.0
2023,2540,愛山林,1996113.0,0.15235760700922243,1.07,3916067.0,603430.0,814321.0,506845.0,-0.11,0.29,1810290.0,2126626.5,1924596.0
2023,2102,泰豐,111527.0,-2.4942300967478728,-0.61,4733292.0,15377.0,15304.0,14898.0,-0.27,-0.5,46131.0,46021.5,45579.0
2023,6719,力智,795666.0,0.03054296652112821,0.31,810297.0,221148.0,244331.0,256419.0,3.75,0.49,663444.0,698218.5,721898.0
2023,2838,聯邦銀,,,0.19,39821791.0,1692317.0,1414330.0,1184019.0,0.34,0.31,5076951.0,4659970.5,4290666.0
2023,2466,冠西電,310194.0,-0.08986311791975345,-0.17,1714587.0,250112.0,145409.0,49760.0,0.24,-0.11,750336.0,593281.5,445281.0
2023,1477,聚陽,7224107.0,0.11439019383295403,3.33,2418566.0,2966123.0,3505603.0,2800342.0,4.59,5.47,8898369.0,9707589.0,9272068.0
2023,9939,宏全,7218847.0,0.11106094920698555,2.69,2877859.0,2480254.0,2696900.0,2193537.0,2.58,2.97,7440762.0,7765731.0,7370691.0
2023,5706,鳳凰,513096.0,0.12880045839375087,0.91,737670.0,303887.0,224976.0,230018.0,0.23,0.79,911661.0,793294.5,758881.0
2023,6243,迅杰,249828.0,0.11694045503306275,0.66,453128.0,76707.0,81200.0,72281.0,0.63,0.8,230121.0,236860.5,230188.0
2023,2855,統一證,2863536.0,0.40978356828759965,0.81,14558313.0,1607856.0,665345.0,347601.0,0.46,0.56,4823568.0,3409801.5,2620802.0
2023,8374,羅昇,795431.0,0.0038067412509696003,0.02,1122505.0,247134.0,254479.0,278476.0,0.03,-0.16,741402.0,752419.5,780089.0
2023,2465,麗臺,814620.0,-0.07022292602685914,-0.97,589460.0,226705.0,296759.0,442025.0,-1.01,-0.58,680115.0,785196.0,965489.0
2023,6176,瑞儀,11814238.0,0.18880481331085425,4.8,4650273.0,3864029.0,3674782.0,3849478.0,3.96,4.09,11592087.0,11308216.5,11388289.0
2023,3002,歐格,176377.0,0.05751316781666544,0.12,1020000.0,48289.0,58469.0,39030.0,0.02,0.06,144867.0,160137.0,145788.0
2023,4770,上品,1464950.0,0.256418990409229,4.75,795360.0,375947.0,401089.0,457869.0,5.92,4.82,1127841.0,1165554.0,1234905.0
2023,2897,王道銀行,,,0.23,30330063.0,848024.0,808827.0,761601.0,0.26,0.24,2544072.0,2485276.5,2418452.0
2023,1810,和成,1302563.0,0.0071267186308838805,0.03,3032800.0,378666.0,425391.0,394617.0,0.03,-0.05,1135998.0,1206085.5,1198674.0
2023,3014,聯陽,1711064.0,0.2556473632780539,2.72,1610801.0,547254.0,596809.0,650290.0,1.94,2.93,1641762.0,1716094.5,1794353.0
2023,2392,正崴,17185153.0,0.04595106019713645,1.59,5123269.0,7898761.0,7642344.0,9434240.0,1.51,2.01,23696283.0,23311657.5,24975345.0
2023,1802,台玻,11405510.0,-0.0016081700862127166,-0.01,29080608.0,3924827.0,4373319.0,4106296.0,-0.51,0.11,11774481.0,12447219.0,12404442.0
2023,9942,茂順,1289616.0,0.21761671691418222,3.37,831613.0,412917.0,420039.0,404673.0,2.5,3.5,1238751.0,1249434.0,1237629.0
2023,1423,利華,25787.0,-0.04300616589754527,-0.01,1384000.0,10996.0,11088.0,6637.0,0.14,0.42,32988.0,33126.0,28721.0
2023,9914,美利達,7459365.0,0.09521708617288469,2.25,2989838.0,2745883.0,2043386.0,1939296.0,3.1,2.53,8237649.0,7183903.5,6728565.0
2023,2633,台灣高鐵,12308801.0,0.1322218955363727,0.29,56282930.0,4069922.0,4202652.0,3916585.0,0.23,0.22,12209766.0,12408861.0,12189159.0
2023,4994,傳奇,432957.0,0.13430894984952316,0.52,1106390.0,142640.0,128689.0,125618.0,0.07,0.56,427920.0,406993.5,396947.0
2023,2002,中鋼,95356918.0,0.015408929218958188,0.07,157731290.0,28220608.0,30550154.0,29458618.0,0.13,-0.05,84661824.0,88156143.0,88229380.0
2023,1219,福壽,4065809.0,0.022462442283934146,0.23,3316634.0,1403695.0,1366116.0,1310734.0,-0.1,0.28,4211085.0,4154716.5,4080545.0
2023,1711,永光,1906046.0,0.006666156010925235,0.02,5477522.0,643477.0,692430.0,734490.0,0.16,0.08,1930431.0,2003860.5,2070397.0
2023,3062,建漢,699993.0,-0.14184284699989858,-0.31,3302154.0,359270.0,411570.0,474023.0,0.16,-0.07,1077810.0,1156260.0,1244863.0
2023,2049,上銀,6583249.0,0.08809874880928854,1.77,3537923.0,2246022.0,2150644.0,2161208.0,4.13,1.78,6738066.0,6594999.0,6557874.0
2023,2834,臺企銀,,,0.34,82224061.0,3176299.0,2441454.0,2635180.0,0.36,0.25,9528897.0,8426629.5,8252933.0
2023,2712,遠雄來,145199.0,0.020055234540182782,0.03,1050000.0,84028.0,87266.0,43840.0,0.46,0.31,252084.0,256941.0,215134.0
2023,8464,億豐,6709707.0,0.20892223758801987,4.62,2930202.0,2216534.0,2382969.0,2304128.0,5.24,5.41,6649602.0,6899254.5,6903631.0
2023,2425,承啟,1478081.0,0.05194437923226129,0.63,964988.0,758649.0,695313.0,899451.0,1.49,0.86,2275947.0,2180943.0,2353413.0
2023,6206,飛捷,921162.0,0.15760745666885956,1.05,1430623.0,259168.0,284943.0,258439.0,2.23,0.89,777504.0,816166.5,802550.0
2023,5258,虹堡,1968862.0,0.1022098044454106,2.0,1077812.0,657750.0,645268.0,784999.0,2.53,2.25,1973250.0,1954527.0,2088017.0
2023,1464,得力,2088265.0,-0.014692100858846938,-0.1,4076396.0,585168.0,975517.0,961770.0,0.45,0.08,1755504.0,2341027.5,2522455.0
2023,2486,一詮,1208916.0,0.06877566348695857,0.4,2219586.0,424143.0,433500.0,452094.0,0.17,0.18,1272429.0,1286464.5,1309737.0
2023,1905,華紙,5051855.0,-0.07707485666156293,-0.34,11028353.0,1603986.0,1613768.0,1734754.0,0.26,-0.17,4811958.0,4826631.0,4952508.0
2023,1614,三洋電,1651077.0,0.06592303084592663,0.42,2691134.0,607875.0,488036.0,429345.0,0.35,0.39,1823625.0,1643866.5,1525256.0
2023,4722,國精化,862435.0,0.04629450335387594,0.4,1000092.0,283147.0,322336.0,293932.0,0.93,0.79,849441.0,908224.5,899415.0
2023,1102,亞泥,21136474.0,0.208023485847261,1.26,35465629.0,6790125.0,6469836.0,6691905.0,1.33,0.81,20370375.0,19889941.5,19951866.0
2023,3530,晶相光,381716.0,-0.10309235138165547,-0.51,784559.0,111124.0,146729.0,166523.0,-0.04,0.1,333372.0,386779.5,424376.0
2023,6165,浪凡,696588.0,0.012765077779117642,0.17,627526.0,214993.0,218421.0,226214.0,0.49,0.27,644979.0,650121.0,659628.0
2023,6830,汎銓,503609.0,0.16115677043102883,1.73,467812.0,171692.0,163541.0,165018.0,4.27,1.55,515076.0,502849.5,500251.0
2023,2606,裕民,3647999.0,0.16141972626637233,0.7,8450557.0,1839307.0,1112425.0,949077.0,2.18,0.91,5517921.0,4427598.0,3900809.0
2023,1305,華夏,3339951.0,0.006021944633319471,0.0,5810505.0,1020444.0,1378646.0,966666.0,-1.17,0.25,3061332.0,3598635.0,3365756.0
2023,6235,華孚,1434967.0,0.15632833368293486,1.17,1933986.0,449408.0,495612.0,504058.0,0.5,1.03,1348224.0,1417530.0,1449078.0
2023,8341,日友,801238.0,0.05292809377488337,0.38,2820366.0,260653.0,287563.0,244272.0,1.69,1.02,781959.0,822324.0,792488.0
2023,2397,友通,3761152.0,0.02642142620133406,0.85,1144889.0,1189723.0,1420393.0,1311308.0,1.69,0.47,3569169.0,3915174.0,3921424.0
2023,2515,中工,4846994.0,0.034480752400353705,0.11,15308998.0,1594613.0,1733638.0,1656859.0,0.06,0.1,4783839.0,4992376.5,4985110.0
2023,2010,春源,5372598.0,0.037490986669763866,0.31,6476554.0,2039040.0,1822688.0,1777136.0,0.12,0.32,6117120.0,5792592.0,5638864.0
2023,2034,允強,3814535.0,0.05378322652695545,0.46,4474265.0,1404962.0,1490669.0,1171231.0,0.6,-0.42,4214886.0,4343446.5,4066862.0
2023,4904,遠傳,21698786.0,0.12845382225530957,0.84,32585008.0,7191825.0,7448869.0,8579190.0,0.75,0.87,21575475.0,21961041.0,23219884.0
2023,2419,仲琦,2806236.0,0.028211098425079004,0.11,3213172.0,509027.0,471028.0,598519.0,0.33,-0.08,1527081.0,1470082.5,1578574.0
2023,2450,神腦,7058745.0,0.02395397482130322,0.66,2582527.0,2364464.0,2467292.0,2809253.0,0.78,0.82,7093392.0,7247634.0,7641009.0
2023,3708,上緯投控,1718356.0,0.40832574856432546,7.11,981322.0,607258.0,628832.0,686591.0,6.62,5.65,1821774.0,1854135.0,1922681.0
2023,1232,大統益,5661485.0,0.047894501177694546,1.61,1599749.0,1761631.0,2202657.0,1874068.0,0.78,1.69,5284893.0,5946432.0,5838356.0
2023,5306,桂盟,1234184.0,0.17800992396595644,1.75,1260000.0,405342.0,400008.0,352499.0,4.81,1.26,1216026.0,1208025.0,1157849.0
2023,3010,華立,16167074.0,0.04550545138842069,2.93,2360179.0,5854910.0,6517958.0,6646333.0,3.12,3.01,17564730.0,18559302.0,19019201.0
2023,3032,偉訓,2198470.0,0.11061601932252885,1.75,1132856.0,674433.0,692758.0,706374.0,0.89,1.61,2023299.0,2050786.5,2073565.0
2023,1108,幸福,1322108.0,0.11469562244536755,0.38,4047380.0,441143.0,430420.0,404171.0,0.33,0.47,1323429.0,1307344.5,1275734.0
2023,3037,欣興,25234907.0,0.09787161093956083,1.57,15251402.0,8568959.0,9217841.0,8758856.0,5.81,1.7,25706877.0,26680200.0,26545656.0
2023,8105,凌巨,2349591.0,0.027725676511358786,0.15,4415449.0,722831.0,731544.0,706549.0,0.61,0.29,2168493.0,2181562.5,2160924.0
2023,1323,永裕,846863.0,0.05280310983004335,0.22,912745.0,261881.0,316094.0,278061.0,0.55,0.19,785643.0,866962.5,856036.0
2023,3229,晟鈦,226304.0,-0.06656974688914027,-0.24,642630.0,65180.0,83022.0,75885.0,-0.09,0.01,195540.0,222303.0,224087.0
2023,9924,福興,2110133.0,0.10710462326308341,1.2,1884521.0,636773.0,914124.0,1117430.0,2.02,2.14,1910319.0,2326345.5,2668327.0
2023,5471,松翰,662960.0,0.11232050199107035,0.45,1678770.0,221329.0,230340.0,246632.0,0.56,0.36,663987.0,677503.5,698301.0
2023,1776,展宇,242907.0,-0.02063752794279292,-0.05,703033.0,101861.0,101916.0,109181.0,0.0,0.09,305583.0,305665.5,312958.0
2023,1708,東鹼,1408096.0,-0.06572066109128923,-0.37,2490017.0,449136.0,494044.0,449308.0,1.71,0.42,1347408.0,1414770.0,1392488.0
2023,6715,嘉基,583214.0,0.15112463006717947,1.44,622755.0,201008.0,216598.0,204781.0,3.27,2.26,603024.0,626409.0,622387.0
2023,1526,日馳,272590.0,0.08740599435048975,0.39,600000.0,90585.0,84974.0,55961.0,1.8,0.09,271755.0,263338.5,231520.0
2023,1453,大將,172.0,72.5,0.12,1067425.0,57.0,57.0,57.0,0.01,-0.08,171.0,171.0,171.0
2023,2524,京城,479633.0,-0.02643896479183042,-0.04,3702278.0,50137.0,401387.0,448000.0,0.21,0.56,150411.0,677286.0,899524.0
2023,2801,彰銀,,,0.32,108582930.0,3480273.0,3090445.0,3083630.0,0.3,0.29,10440819.0,9856077.0,9654348.0
2023,9912,偉聯,124541.0,-0.11068644060991963,-0.15,552186.0,36000.0,47344.0,51022.0,0.02,-0.08,108000.0,125016.0,134366.0
2023,2731,雄獅,5504312.0,0.04215803900650981,2.46,932202.0,2288122.0,2155197.0,2208064.0,-2.36,2.86,6864366.0,6664978.5,6651383.0
2023,6698,旭暉應材,274768.0,-0.05260073953298783,-0.36,663898.0,89328.0,80202.0,82222.0,-0.25,0.15,267984.0,254295.0,251752.0
2023,4164,承業醫,886154.0,0.11326925116853279,0.58,1649671.0,226888.0,243833.0,266943.0,0.63,0.26,680664.0,706081.5,737664.0
2023,2543,皇昌,2695877.0,0.038794425710075055,0.38,2374837.0,980518.0,972293.0,1106017.0,-0.01,0.69,2941554.0,2929216.5,3058828.0
2023,2904,匯僑,108053.0,0.2083514571552849,0.29,778344.0,35684.0,33882.0,38395.0,0.51,0.19,107052.0,104349.0,107961.0
2023,2390,云辰,167604.0,0.08851817379060166,0.08,1926194.0,55058.0,46336.0,52667.0,-1.97,0.29,165174.0,152091.0,154061.0
2023,2352,佳世達,52111593.0,0.029443601925583048,0.53,19667820.0,15912605.0,16459381.0,17998260.0,3.24,0.61,47737815.0,48557979.0,50370246.0
2023,1216,統一,137398498.0,0.0768588824020478,1.09,56820154.0,54142903.0,57541764.0,53366181.0,0.97,0.98,162428709.0,167527000.5,165050848.0
2023,9935,慶豐富,1017492.0,0.020074850711356944,0.12,1738389.0,459792.0,482037.0,382249.0,0.62,0.49,1379376.0,1412743.5,1324078.0
2023,5285,界霖,1257068.0,0.07538573887808774,0.93,1020409.0,458234.0,453706.0,413306.0,1.02,0.46,1374702.0,1367910.0,1325246.0
2023,2359,所羅門,1198647.0,0.2889074097711837,1.97,1714711.0,334374.0,286861.0,382561.0,1.11,0.98,1003122.0,931852.5,1003796.0
2023,6197,佳必琪,1063732.0,0.17873392922277415,1.57,1220859.0,411712.0,432102.0,487253.0,1.8,1.47,1235136.0,1265721.0,1331067.0
2023,2430,燦坤,5100742.0,0.009653693521452369,0.42,1168000.0,1839652.0,1637033.0,1630497.0,1.05,0.43,5518956.0,5215027.5,5107182.0
2023,6164,華興,202378.0,-0.03358072517763788,-0.06,1000002.0,48219.0,67295.0,43969.0,0.1,0.06,144657.0,173271.0,159483.0
2023,2402,毅嘉,2073061.0,0.05746430037514574,0.4,3075366.0,776515.0,794886.0,799507.0,0.3,0.57,2329545.0,2357101.5,2370908.0
2023,9926,新海,558052.0,0.2545354196383133,0.79,1795041.0,172286.0,166126.0,166699.0,0.84,0.67,516858.0,507618.0,505111.0
2023,1760,寶齡富錦,470072.0,0.036683742065045356,0.21,857391.0,114909.0,244031.0,115669.0,0.91,0.09,344727.0,538410.0,474609.0
2023,1409,新纖,,,0.13,16184093.0,3338855.0,3764714.0,3829791.0,0.69,0.26,10016565.0,10655353.5,10933360.0
2023,2905,三商,,,-0.58,9224957.0,20627863.0,20009746.0,19245906.0,0.81,1.28,61883589.0,60956413.5,59883515.0
2023,2891,中信金,,,0.82,200836043.0,18037055.0,13503419.0,12852866.0,0.41,0.96,54111165.0,47310711.0,44393340.0
2023,3021,鴻名,686802.0,0.07037253822790265,0.5,958900.0,227026.0,281277.0,262356.0,0.56,0.1,681078.0,762454.5,770659.0
2023,3034,聯詠,30299029.0,0.22680261469765253,11.29,6085115.0,9675040.0,9694234.0,9560688.0,7.07,10.46,29025120.0,29053911.0,28929962.0
2023,2380,虹光,500890.0,-0.09188644213300326,-0.2,2169341.0,139237.0,125584.0,119066.0,0.28,-1.27,417711.0,397231.5,383887.0
2023,3046,建碁,1549038.0,0.0399144501296934,0.84,714480.0,499860.0,626337.0,549330.0,0.66,0.94,1499580.0,1689295.5,1675527.0
2023,5519,隆大,872896.0,0.20934567233668158,0.83,2191972.0,81182.0,169170.0,166834.0,2.05,0.23,243546.0,375528.0,417186.0
2023,1457,宜進,725572.0,-0.15729107517930682,-0.19,3016476.0,217794.0,315028.0,313769.0,0.15,0.25,653382.0,799233.0,846591.0
2023,1611,中電,310177.0,0.12173049581368058,0.12,3227358.0,113985.0,119925.0,106450.0,0.05,0.13,341955.0,350865.0,340360.0
2023,6792,詠業,361574.0,0.14368013186788872,1.11,478753.0,133907.0,138229.0,140673.0,1.03,1.61,401721.0,408204.0,412809.0
2023,3494,誠研,180716.0,-0.37486442816352733,-0.3,1240000.0,55616.0,59578.0,61969.0,-0.13,-0.12,166848.0,172791.0,177163.0
2023,2020,美亞,2085945.0,0.07434807725035895,0.69,2225261.0,608936.0,610953.0,599194.0,-0.17,1.45,1826808.0,1829833.5,1819083.0
2023,6139,亞翔,10016108.0,0.056334356618359144,2.07,2255409.0,4000024.0,4139571.0,6468010.0,1.17,4.36,12000072.0,12209392.5,14607605.0
2023,2867,三商壽,31171164.0,-0.05528166994341308,-0.36,45995011.0,14587040.0,9991845.0,9704224.0,0.41,0.6,43761120.0,36868327.5,34283109.0
2023,6669,緯穎,56308196.0,0.04645085770462261,14.96,1748408.0,17659345.0,19450877.0,15707027.0,24.69,14.96,52978035.0,55665333.0,52817249.0
2023,6477,安集,514079.0,0.18742644612987497,0.76,1237356.0,99553.0,79120.0,76698.0,0.83,0.39,298659.0,268009.5,255371.0
2023,6589,台康生技,138314.0,-1.4030177711583787,-0.64,3046672.0,62417.0,63085.0,85949.0,-0.09,-0.36,187251.0,188253.0,211451.0
2023,6776,展碁國際,6069663.0,0.017842176740290195,1.28,815814.0,1797122.0,1906313.0,1843189.0,1.29,1.23,5391366.0,5555152.5,5546624.0
2023,8478,東哥遊艇,1452152.0,0.34412237837361376,5.68,888863.0,398478.0,230754.0,1019826.0,4.72,4.84,1195434.0,943848.0,1649058.0
2023,2345,智邦,20119767.0,0.11157664002769019,4.02,5601589.0,7510271.0,7401293.0,7515166.0,4.42,4.28,22530813.0,22367346.0,22426730.0
2023,1217,愛之味,1159575.0,0.022233145764612036,0.04,4945134.0,482203.0,657803.0,485332.0,0.52,0.19,1446609.0,1710009.0,1625338.0
2023,2881,富邦金,,,2.05,146149632.0,24988120.0,12971124.0,17370014.0,0.89,1.76,74964360.0,56938866.0,55329258.0
2023,1612,宏泰,1452247.0,0.11842338114659559,0.55,3160801.0,499259.0,677991.0,459278.0,0.25,0.38,1497777.0,1765875.0,1636528.0
2023,6689,伊雲谷,2395493.0,0.020804485757211562,0.73,680000.0,768978.0,834245.0,867168.0,1.14,0.7,2306934.0,2404834.5,2470391.0
2023,2025,千興,26918.0,13.655026376402407,1.3,2811673.0,271.0,43613.0,231706.0,1.34,-0.01,813.0,65826.0,275590.0
2023,3583,辛耘,1611286.0,0.09580173848714629,1.92,811390.0,559721.0,560117.0,622528.0,1.89,2.09,1679163.0,1679757.0,1742366.0
2023,3543,州巧,849280.0,0.019361105877920122,0.25,892631.0,292008.0,291013.0,282870.0,0.36,0.76,876024.0,874531.5,865891.0
2023,3376,新日興,2343895.0,0.0842337220737277,1.05,1877483.0,911002.0,1000492.0,940171.0,3.9,1.6,2733006.0,2867241.0,2851665.0
2023,2608,嘉里大榮,2918885.0,0.3020492414055367,1.8,4670005.0,1006987.0,1072316.0,1007775.0,0.65,0.61,3020961.0,3118954.5,3087078.0
2023,2455,全新,594323.0,0.17862172589652428,0.58,1849059.0,224340.0,257156.0,286930.0,0.58,0.78,673020.0,722244.0,768426.0
2023,2436,偉詮電,708920.0,0.11429780511200135,0.4,1780100.0,243729.0,292917.0,285024.0,-0.15,0.46,731187.0,804969.0,821670.0
2023,2412,中華電,53463651.0,0.1909089411046769,1.28,77574465.0,17520419.0,17636472.0,18501054.0,1.21,1.17,52561257.0,52735336.5,53657945.0
2023,1817,凱撒衛,651780.0,0.07100095124121636,0.64,726000.0,205272.0,218924.0,206731.0,1.14,0.82,615816.0,636294.0,630927.0
2023,1308,亞聚,1659326.0,0.0773344116828158,0.21,5937438.0,559778.0,679172.0,572692.0,0.76,0.28,1679334.0,1858425.0,1811642.0
2023,3008,大立光,8194353.0,0.45103902651008565,27.69,1334682.0,3489070.0,4545358.0,5572471.0,61.01,44.6,10467210.0,12051642.0,13606899.0
2023,1528,恩德,952432.0,0.016260478438355704,0.1,1943310.0,310373.0,340123.0,290165.0,0.28,0.08,931119.0,975744.0,940661.0
2023,1537,廣隆,1609586.0,0.1049816536674648,2.07,820648.0,515802.0,574790.0,534044.0,3.09,2.21,1547406.0,1635888.0,1624636.0
2023,9955,佳龍,339911.0,-0.0067900126797897096,-0.02,1032082.0,90561.0,82315.0,89272.0,-0.28,-0.2,271683.0,259314.0,262148.0
2023,1419,新紡,683000.0,0.24550219619326502,0.56,3000413.0,216163.0,266298.0,334093.0,0.88,0.97,648489.0,723691.5,816554.0
2023,6282,康舒,4933781.0,0.0057088062887266375,0.03,5336502.0,2678261.0,3386030.0,3719363.0,0.75,0.11,8034783.0,9096436.5,9783654.0
2023,2015,豐興,8998152.0,0.06835014567435625,1.06,5815994.0,2813757.0,2656385.0,2593196.0,1.01,0.91,8441271.0,8205213.0,8063338.0
2023,3702,大聯大,156689628.0,0.014889996420184239,1.14,18790568.0,53195403.0,63236032.0,70923189.0,1.64,0.95,159586209.0,174647152.5,187354624.0
2023,2208,台船,5592723.0,-0.1718529596405901,-1.03,9335146.0,2250202.0,1702276.0,1600377.0,-1.4,-1.0,6750606.0,5928717.0,5552855.0
2023,2615,萬海,24470250.0,-0.0955544794188862,-0.84,28061464.0,8235347.0,8569714.0,8242483.0,7.97,0.91,24706041.0,25207591.5,25047544.0
2023,1735,日勝化,549221.0,0.002552706469708915,0.01,993880.0,191715.0,229340.0,208998.0,0.04,0.3,575145.0,631582.5,630053.0
2023,2302,麗正,214285.0,0.19306531021770074,0.25,1663029.0,70035.0,64704.0,56150.0,0.33,0.17,210105.0,202108.5,190889.0
2023,2101,南港,2053439.0,0.0504022763763618,0.13,8339349.0,708674.0,690615.0,719111.0,-0.1,-0.01,2126022.0,2098933.5,2118400.0
2023,5484,慧友,90408.0,-0.1629833643040439,-0.22,668010.0,31300.0,25642.0,30646.0,0.04,-0.23,93900.0,85413.0,87588.0
2023,3557,嘉威,983654.0,0.0522714287747521,0.64,803004.0,330540.0,329667.0,408338.0,1.18,1.14,991620.0,990310.5,1068545.0
2023,4952,凌通,625360.0,0.10641550466931048,0.61,1088158.0,203493.0,203693.0,180471.0,1.07,0.5,610479.0,610779.0,587657.0
2023,1517,利奇,428522.0,-0.07940315783086983,-0.18,2256850.0,170702.0,146450.0,121960.0,1.07,-0.15,512106.0,475728.0,439112.0
2023,4934,太極,711612.0,0.04520721966464871,0.29,2250000.0,280793.0,254671.0,113743.0,0.11,0.44,842379.0,803196.0,649207.0
2023,2913,農林,90324.0,-0.5950467206943891,-0.07,7900000.0,34285.0,34519.0,32912.0,-0.05,-0.05,102855.0,103206.0,101716.0
2023,6756,威鋒電子,591791.0,0.13413012364162347,1.15,690142.0,198753.0,172422.0,186446.0,2.01,1.12,596259.0,556762.5,557621.0
2023,1723,中碳,2293761.0,0.21007245305853575,2.08,2369044.0,642568.0,666121.0,530119.0,1.94,1.45,1927704.0,1963033.5,1838808.0
2023,2706,第一店,86039.0,0.9025209498018341,0.16,4999984.0,28926.0,28888.0,28071.0,0.23,0.25,86778.0,86721.0,85885.0
2023,6117,迎廣,529658.0,-0.015002133452152143,-0.09,886500.0,202792.0,246764.0,201649.0,0.74,0.71,608376.0,674334.0,651205.0
2023,4438,廣越,4753159.0,0.06319797002372528,2.48,1034255.0,2091788.0,2189079.0,2232541.0,8.94,6.28,6275364.0,6421300.5,6513408.0
2023,2534,宏盛,382267.0,-0.14867357109036355,-0.12,4742280.0,153477.0,191874.0,164687.0,0.51,0.19,460431.0,518026.5,510038.0
2023,2454,聯發科,98135284.0,0.16323205423240025,10.07,15996450.0,31763135.0,42256360.0,36078033.0,19.55,11.64,95289405.0,111029242.5,110097528.0
2023,9902,台火,26407.0,0.2759116900821752,0.07,980496.0,1155.0,1091.0,36696.0,-0.07,0.01,3465.0,3369.0,38942.0
2023,2356,英業達,130651347.0,0.01053960048341484,0.38,35874751.0,41832938.0,46478885.0,47528852.0,0.49,0.53,125498814.0,132467734.5,135840675.0
2023,6790,永豐實,2491704.0,0.0909538211601378,0.84,2671290.0,795959.0,873455.0,904860.0,0.57,1.11,2387877.0,2504121.0,2574274.0
2023,3450,聯鈞,1291364.0,0.03965961572414904,-0.09,1456814.0,447756.0,469761.0,489071.0,0.6,-0.14,1343268.0,1376275.5,1406588.0
2023,8210,勤誠,2513805.0,0.1077446341303323,2.07,1206070.0,711915.0,740092.0,905403.0,3.65,2.09,2135745.0,2178010.5,2357410.0
2023,6446,藥華藥,1264835.0,-0.1603015413077595,-0.54,3395044.0,445805.0,458657.0,401815.0,-1.44,0.67,1337415.0,1356693.0,1306277.0
2023,3321,同泰,420381.0,-0.04539929254652327,-1.15,671598.0,152270.0,136819.0,136725.0,-0.42,-0.58,456810.0,433633.5,425814.0
2023,8016,矽創,4409563.0,0.1631436040260679,4.93,1201369.0,1378595.0,1390834.0,1432119.0,6.08,4.51,4135785.0,4154143.5,4201548.0
2023,2007,燁興,1333922.0,-0.22788963672538573,-0.58,5306516.0,310963.0,399105.0,380418.0,-0.51,-0.45,932889.0,1065102.0,1090486.0
2023,2395,研華,17028135.0,0.17651921364259798,3.17,8567316.0,4824713.0,5084168.0,5097469.0,4.1,3.01,14474139.0,14863321.5,15006350.0
2023,6166,凌華,2939540.0,0.017905522632792888,0.3,2174973.0,869638.0,895256.0,906965.0,1.06,0.49,2608914.0,2647341.0,2671859.0
2023,2911,麗嬰房,695054.0,-0.22095981031689624,-0.8,1946778.0,210090.0,218354.0,233045.0,-0.91,-0.52,630270.0,642666.0,661489.0
2023,4576,大銀微系統,561765.0,-0.014692976600535812,-0.15,1198018.0,140243.0,182936.0,186295.0,0.56,0.14,420729.0,484768.5,509474.0
2023,1312,國喬,3887038.0,-0.17800211883701678,-0.76,9266203.0,1226678.0,1284350.0,1366098.0,-0.69,-0.22,3680034.0,3766542.0,3877126.0
2023,1225,福懋油,3482609.0,0.0138557041574291,0.18,2296382.0,1215578.0,1232824.0,1184327.0,-0.05,0.54,3646734.0,3672603.0,3632729.0
2023,1444,力麗,2215512.0,-0.023229844839477286,-0.04,9955950.0,654087.0,745675.0,683136.0,0.21,0.16,1962261.0,2099643.0,2082898.0
2023,2337,旺宏,7428887.0,0.009557690135817115,0.04,18558264.0,2181288.0,2600799.0,2501015.0,1.35,-0.22,6543864.0,7173130.5,7283102.0
2023,1906,寶隆,906991.0,0.0852191477092937,0.51,1510000.0,280435.0,285334.0,251120.0,0.38,0.16,841305.0,848653.5,816889.0
2023,4564,元翎,357924.0,-0.2987449849688761,-0.53,2027883.0,119194.0,113913.0,94473.0,-0.02,-0.29,357582.0,349660.5,327580.0
2023,2472,立隆電,2275971.0,0.1365729176689861,1.35,1647351.0,734098.0,762424.0,746990.0,2.4,1.7,2202294.0,2244783.0,2243512.0
2023,1416,廣豐,63124.0,0.08606869019707243,0.01,1853422.0,23230.0,21351.0,25319.0,0.38,0.64,69690.0,66871.5,69900.0
2023,6491,晶碩,1615297.0,0.23063808079876333,5.23,700000.0,496021.0,590954.0,590171.0,6.02,5.25,1488063.0,1630462.5,1677146.0
2023,1516,川飛,40136.0,-0.026933426350408612,-0.03,388202.0,53983.0,60030.0,95771.0,0.41,0.2,161949.0,171019.5,209784.0
2023,1773,勝一,2331774.0,0.17625721875276076,1.64,2500000.0,772362.0,874848.0,875068.0,1.9,1.55,2317086.0,2470815.0,2522278.0
2023,3054,立萬利,10209.0,-0.8824566558918602,-0.12,834110.0,1799.0,2907.0,2400.0,-0.15,-0.18,5397.0,7059.0,7106.0
2023,1604,聲寶,2444413.0,0.10204167626338102,0.64,3842000.0,827720.0,688324.0,601230.0,0.6,0.55,2483160.0,2274066.0,2117274.0
2023,2009,第一銅,622570.0,-0.09635221742133415,-0.17,3596222.0,204158.0,235734.0,232627.0,0.49,0.21,612474.0,659838.0,672519.0
2023,8021,尖點,612583.0,-0.20820525545109805,-0.86,1421805.0,227029.0,239329.0,270458.0,0.3,0.24,681087.0,699537.0,736816.0
2023,2344,華邦電,18810867.0,0.030284675342183855,0.09,39800002.0,6314838.0,6424643.0,6766334.0,0.67,-0.03,18944514.0,19109221.5,19505815.0
2023,2483,百容,486979.0,0.0779889892582637,0.35,1090938.0,142418.0,150737.0,143413.0,0.42,0.19,427254.0,439732.5,436568.0
2023,2722,夏都,197193.0,0.11650514977712191,0.2,1182143.0,96447.0,86356.0,53683.0,1.02,0.41,289341.0,274204.5,236486.0
2023,4555,氣立,388097.0,0.022172291978551754,0.13,693132.0,99769.0,106964.0,102528.0,0.68,-0.28,299307.0,310099.5,309261.0
2023,1734,杏輝,727589.0,0.13535801118488597,0.65,1677221.0,224786.0,227103.0,265696.0,0.4,0.45,674358.0,677833.5,717585.0
2023,5469,瀚宇博,10793800.0,0.10870647964572254,1.51,5284413.0,3968161.0,3960273.0,3839037.0,2.57,1.95,11904483.0,11892651.0,11767471.0
2023,1514,亞力,2273075.0,0.07322767616554667,0.68,2469353.0,575418.0,629670.0,777195.0,0.47,0.62,1726254.0,1807632.0,1982283.0
2023,3016,嘉晶,1078687.0,0.040394479584902755,0.16,2885394.0,362032.0,351798.0,320557.0,0.7,0.14,1086096.0,1070745.0,1034387.0
2023,3454,晶睿,2560978.0,0.050272591174152996,1.48,865679.0,1024364.0,721985.0,569328.0,2.56,1.68,3073092.0,2619523.5,2315677.0
2023,1710,東聯,5237553.0,-0.040774575455370096,-0.09,8857031.0,1717466.0,1786506.0,1764907.0,-0.29,-0.17,5152398.0,5255958.0,5268879.0
2023,5388,中磊,15666399.0,0.03365610693306101,2.05,2588769.0,4437995.0,5522105.0,5658434.0,2.09,2.53,13313985.0,14940150.0,15618534.0
2023,4915,致伸,16065380.0,0.04788146934588538,1.55,4594343.0,5014100.0,5197689.0,5511431.0,1.96,1.63,15042300.0,15317683.5,15723220.0
2023,3045,台灣大,43546319.0,0.08068452352999113,1.08,35192336.0,14274764.0,14561723.0,14350565.0,1.0,1.04,42824292.0,43254730.5,43187052.0
2023,2506,太設,196472.0,-0.42188708823649174,-0.24,3870000.0,106539.0,55878.0,100015.0,0.02,0.2,319617.0,243625.5,262432.0
2023,4764,雙鍵,589611.0,-0.04420372075826265,-0.31,855421.0,185321.0,193602.0,198893.0,0.08,-0.13,555963.0,568384.5,577816.0
2023,6806,森崴能源,1899412.0,0.03977178200411496,0.35,2161500.0,848971.0,793668.0,1051286.0,0.11,0.56,2546913.0,2463958.5,2693925.0
2023,1402,遠東新,63316384.0,0.0667726065973698,0.46,53528751.0,20714646.0,21526874.0,23162130.0,0.46,0.39,62143938.0,63362280.0,65403650.0
2023,6133,金橋,245214.0,0.07468986273214417,0.16,1170064.0,95492.0,76080.0,88529.0,0.49,0.14,286476.0,257358.0,260101.0
2023,1310,台苯,2316728.0,-0.1307702069470391,-0.57,5278698.0,689103.0,814218.0,806466.0,-0.33,0.0,2067309.0,2254981.5,2309787.0
2023,5007,三星,1608811.0,0.15489948788266614,0.82,2949401.0,556362.0,561835.0,572902.0,0.91,0.95,1669086.0,1677295.5,1691099.0
2023,8261,富鼎,718793.0,0.09554489261859812,0.59,1178905.0,249174.0,282613.0,257955.0,1.81,1.17,747522.0,797680.5,789742.0
2023,3051,力特,517417.0,0.06605117342491645,0.21,1700000.0,184992.0,175383.0,176645.0,0.91,0.46,554976.0,540562.5,537020.0
2023,1314,中石化,6963060.0,-0.1183170904745902,-0.21,37848502.0,2412106.0,2408787.0,2110222.0,0.43,-0.15,7236318.0,7231339.5,6931115.0
2023,1789,神隆,754901.0,0.07543770640123672,0.08,7907392.0,197135.0,183059.0,279394.0,0.08,0.03,591405.0,570291.0,659588.0
2023,2364,倫飛,273972.0,0.15738469624633175,1.78,310002.0,82344.0,84462.0,88310.0,1.44,0.42,247032.0,250209.0,255116.0
2023,6225,天瀚,12003.0,0.0459051903690744,0.02,278000.0,3019.0,2020.0,5361.0,-0.03,-0.02,9057.0,7558.5,10400.0
2023,6116,彩晶,3415758.0,-0.2142004790737517,-0.26,29403289.0,1099426.0,1137458.0,1027036.0,-0.13,-0.38,3298278.0,3355326.0,3263920.0
2023,2023,燁輝,18406557.0,-0.014756752172608923,-0.08,19758650.0,5796473.0,6339079.0,6775027.0,-0.23,-0.02,17389419.0,18203328.0,18910579.0
2023,6257,矽格,3715734.0,0.17194314770648275,1.13,4567410.0,1386095.0,1362237.0,1384822.0,2.16,1.61,4158285.0,4122498.0,4133154.0
2023,8011,台通,413442.0,0.014018895032435022,0.0,1509219.0,174635.0,183419.0,174953.0,-0.18,0.01,523905.0,537081.0,533007.0
2023,3592,瑞鼎,4747930.0,0.088627043785397,5.55,758552.0,1675954.0,1670527.0,1672486.0,7.21,5.82,5027862.0,5019721.5,5018967.0
2023,1540,喬福,143395.0,0.3248300149935493,0.55,854736.0,56479.0,31860.0,26831.0,0.59,0.39,169437.0,132508.5,115170.0
2023,1737,臺鹽,858801.0,-0.00813576136963045,0.19,2000000.0,269146.0,318789.0,332827.0,0.81,0.76,807438.0,881902.5,920762.0
2023,2597,潤弘,5600703.0,0.0720996989127972,1.96,1849500.0,1853016.0,2012734.0,1938714.0,3.96,3.28,5559048.0,5798625.0,5804464.0
2023,6585,鼎基,654699.0,0.1405393929118572,1.33,692430.0,209469.0,270723.0,248913.0,0.92,2.03,628407.0,720288.0,729105.0
2023,8367,建新國際,531520.0,0.1070082028898254,0.61,877339.0,181284.0,192013.0,194984.0,1.39,0.64,543852.0,559945.5,568281.0
2023,3094,聯傑,69478.0,0.29284089927746915,0.24,831171.0,16195.0,15810.0,14978.0,0.23,0.13,48585.0,48007.5,46983.0
2023,1441,大東,267372.0,-0.4055398471044088,-0.93,632952.0,119829.0,105790.0,74396.0,-0.93,-2.22,359487.0,338428.5,300015.0
2023,9931,欣高,300523.0,0.18695740425857588,0.5,1203693.0,90192.0,91879.0,90501.0,0.5,0.26,270576.0,273106.5,272572.0
2023,2408,南亞科,7027071.0,-0.10970061352731458,-0.25,30980955.0,2437193.0,2574894.0,2724287.0,0.85,-0.81,7311579.0,7518130.5,7736374.0
2023,3036,文曄,117459847.0,0.008513241124858607,0.79,10218127.0,53994572.0,50372285.0,62892944.0,2.33,1.45,161983716.0,156550285.5,167259801.0
2023,3311,閎暉,506366.0,0.07429013796344937,0.55,680000.0,183861.0,184773.0,200073.0,0.49,0.52,551583.0,552951.0,568707.0
2023,3164,景岳,87931.0,0.001592157487120583,0.03,863714.0,22104.0,32306.0,21954.0,0.09,0.28,66312.0,81615.0,76364.0
2023,2449,京元電子,8167308.0,0.1950976992663923,1.27,12227451.0,2855724.0,2879079.0,2858905.0,1.22,1.25,8567172.0,8602204.5,8593708.0
2023,2377,微星,41291791.0,0.04793054387008788,2.34,8448562.0,13914288.0,16893813.0,18110067.0,1.91,2.78,41742864.0,46212151.5,48918168.0
2023,2313,華通,13863529.0,0.043275200708275646,0.5,11918206.0,6030466.0,6460694.0,7101338.0,2.11,1.41,18091398.0,18736740.0,19592498.0
2023,3481,群創,55087258.0,-0.10382731338706312,-0.6,95564562.0,18515094.0,19225047.0,19913527.0,-1.23,-0.22,55545282.0,56610211.5,57653668.0
2023,6695,芯鼎,286291.0,0.015176865496994317,0.04,952093.0,93365.0,100739.0,110305.0,0.98,0.29,280095.0,291156.0,304409.0
2023,3027,盛達,598044.0,0.07465838633946666,0.31,1149693.0,118263.0,200926.0,148924.0,0.17,0.95,354789.0,478783.5,468113.0
2023,2612,中航,981008.0,0.050455246032652126,0.25,1974846.0,365136.0,341309.0,341986.0,0.97,0.33,1095408.0,1059667.5,1048431.0
2023,6202,盛群,715722.0,0.0778402787674544,0.25,2261682.0,219789.0,213726.0,197769.0,0.99,0.16,659367.0,650272.5,631284.0
2023,1752,南光,523777.0,0.17682143354901037,0.92,1009885.0,176193.0,193411.0,167453.0,0.74,0.46,528579.0,554406.0,537057.0
2023,3049,精金,461068.0,-0.2583848803213409,-0.13,8050475.0,111170.0,88824.0,82351.0,-0.1,-0.35,333510.0,299991.0,282345.0
2023,1609,大亞,6261828.0,0.08813895878328182,0.65,7186828.0,2121639.0,2347203.0,2174547.0,0.41,0.23,6364917.0,6703263.0,6643389.0
2023,1535,中宇,2490475.0,0.05822262821349341,1.17,1237426.0,707519.0,746573.0,749850.0,1.04,0.96,2122557.0,2181138.0,2203942.0
2023,2362,藍天,5893205.0,0.041308761531289,0.41,6322630.0,1490865.0,2122965.0,2617168.0,0.1,0.43,4472595.0,5420745.0,6230998.0
2023,2457,飛宏,3194220.0,0.03685938977277708,0.31,3752084.0,1347931.0,1103805.0,989990.0,0.07,0.27,4043793.0,3677604.0,3441726.0
2023,2109,華豐,1211970.0,0.1183428632721932,0.4,2793492.0,412868.0,407247.0,343215.0,0.5,0.44,1238604.0,1230172.5,1163330.0
2023,1541,錩泰,951353.0,-0.029757618885944543,-0.36,788000.0,231712.0,272639.0,245401.0,1.24,0.93,695136.0,756526.5,749752.0
2023,3092,鴻碩,553046.0,-0.008116865504858546,-0.01,1063176.0,207198.0,183520.0,186592.0,0.59,0.15,621594.0,586077.0,577310.0
2023,2105,正新,24623334.0,0.08497586070188545,0.64,32414155.0,8080314.0,8585085.0,8594397.0,0.46,0.61,24240942.0,24998098.5,25259796.0
2023,2231,為升,1028908.0,0.11796681530321466,1.12,1409176.0,373402.0,336271.0,355176.0,1.04,0.88,1120206.0,1064509.5,1064849.0
2023,3694,海華,2541819.0,0.043829635391032955,0.73,1527184.0,840363.0,989596.0,827864.0,1.28,0.87,2521089.0,2744938.5,2657823.0
2023,2707,晶華,1598677.0,0.2331208868333003,2.7,1274032.0,541909.0,553655.0,530563.0,2.06,2.3,1625727.0,1643346.0,1626127.0
2023,6224,聚鼎,716184.0,0.022502597097952482,0.45,856453.0,256452.0,249452.0,253966.0,0.5,0.68,769356.0,758856.0,759870.0
2023,9925,新保,2016665.0,0.19793867598237685,0.97,3874896.0,635720.0,627665.0,641976.0,0.54,0.51,1907160.0,1895077.5,1905361.0
2023,1440,南紡,5029275.0,-0.010321766059720338,-0.04,16568159.0,1467285.0,1590203.0,1477426.0,0.18,-0.04,4401855.0,4586232.0,4534914.0
2023,1805,寶徠,78972.0,-0.18006382008813251,-0.14,1002654.0,62095.0,621.0,631.0,-0.13,-0.21,186285.0,94074.0,63347.0
2023,8033,雷虎,251754.0,0.003920493815391215,0.01,1426298.0,65193.0,74793.0,92952.0,0.07,-0.07,195579.0,209979.0,232938.0
2023,1468,昶和,285937.0,0.11876042624773989,0.14,1604053.0,58616.0,91518.0,81874.0,0.66,0.28,175848.0,225201.0,232008.0
2023,2107,厚生,420961.0,0.6030938733041779,0.75,3373260.0,89909.0,115631.0,91419.0,0.94,0.65,269727.0,308310.0,296959.0
2023,3056,富華新,693413.0,0.27316620830587257,0.78,3422757.0,261906.0,388864.0,28919.0,5.1,0.2,785718.0,976155.0,679689.0
2023,1339,昭輝,485688.0,0.243203455716427,1.64,741239.0,179866.0,203804.0,163839.0,2.27,2.03,539598.0,575505.0,547509.0
2023,3305,昇貿,1539795.0,0.05849155244691664,0.69,1342375.0,524971.0,541955.0,545200.0,0.42,0.58,1574913.0,1600389.0,1612126.0
2023,9911,櫻花,1891310.0,0.10279647440134088,0.89,2211212.0,677489.0,706227.0,750342.0,1.15,1.45,2032467.0,2075574.0,2134058.0
2023,9945,潤泰新,7034203.0,0.6915572382542841,1.52,31602501.0,1665515.0,1870716.0,1802913.0,-0.12,2.05,4996545.0,5304346.5,5339144.0
2023,3015,全漢,3393104.0,0.03668322574256492,0.67,1872620.0,1153939.0,1134397.0,1167968.0,1.71,1.9,3461817.0,3432504.0,3456304.0
2023,2374,佳能,1099486.0,0.045483980696434514,0.21,2875463.0,488264.0,582247.0,509842.0,0.6,0.84,1464792.0,1605766.5,1580353.0
2023,6152,百一,660613.0,0.012517162090361527,0.05,1677385.0,156640.0,146800.0,127948.0,0.56,0.13,469920.0,455160.0,431388.0
2023,2883,凱基金,,,0.4,184199230.0,6350571.0,2124677.0,751090.0,0.4,0.44,19051713.0,12712872.0,9226338.0
2023,1319,東陽,5551192.0,0.13676233861123882,1.28,5914771.0,1920265.0,2077579.0,2156228.0,1.19,1.65,5760795.0,5996766.0,6154072.0
2023,6168,宏齊,473272.0,0.10828867965989959,0.25,2060698.0,167045.0,165617.0,162878.0,0.48,0.21,501135.0,498993.0,495540.0
2023,2535,達欣工,3586418.0,0.10172740600788865,1.14,3384925.0,1101869.0,1289082.0,1375187.0,0.59,0.7,3305607.0,3586426.5,3766138.0
2023,2393,億光,4403475.0,0.10805125497476425,1.05,4433931.0,1414247.0,1598014.0,1512452.0,0.95,0.91,4242741.0,4518391.5,4524713.0
2023,9917,中保科,4270176.0,0.15304521406143448,1.46,4511971.0,1431195.0,1444404.0,1411681.0,1.44,1.48,4293585.0,4313398.5,4287280.0
2023,2614,東森,1432931.0,0.029101889763010223,0.11,4760554.0,494653.0,520365.0,474269.0,-0.04,0.05,1483959.0,1522527.0,1489287.0
2023,1707,葡萄王,2664651.0,0.1816136522193713,2.28,1481374.0,793835.0,991411.0,765446.0,2.46,2.48,2381505.0,2677869.0,2550692.0
2023,1519,華城,3102719.0,0.1738268918326152,2.08,2610585.0,1241976.0,961051.0,1441440.0,0.52,2.73,3725928.0,3304540.5,3644467.0
2023,4938,和碩,280708258.0,0.012465514997424836,1.17,26666484.0,93585467.0,89353095.0,132827701.0,1.98,1.72,280756401.0,274407843.0,315766263.0
2023,2491,吉祥全,46829.0,-0.5501078391594952,-0.18,820080.0,17116.0,18033.0,17937.0,-1.34,-0.13,51348.0,52723.5,53086.0
2023,3591,艾笛森,477722.0,0.02954647263471224,0.1,1418884.0,173146.0,177729.0,181411.0,0.14,0.11,519438.0,526312.5,532286.0
2023,3025,星通,129161.0,0.2481631452218549,0.45,709206.0,33751.0,22665.0,62254.0,0.24,0.5,101253.0,84624.0,118670.0
2023,1558,伸興,1906487.0,0.10560470645747912,1.45,665356.0,647790.0,734399.0,735363.0,2.06,1.6,1943370.0,2073283.5,2117552.0
2023,2451,創見,2469577.0,0.1617734535104595,0.93,4290617.0,808006.0,877679.0,1041420.0,1.12,1.93,2424018.0,2528527.5,2727105.0
2023,3130,一零四,600362.0,0.2133079708575826,3.86,331907.0,225568.0,205445.0,197766.0,3.64,4.54,676704.0,646519.5,628779.0
2023,1316,上曜,162686.0,-0.12506915161722582,-0.13,2190580.0,53619.0,49555.0,77620.0,0.52,-0.16,160857.0,154761.0,180794.0
2023,2851,中再保,5527477.0,0.09541496056880924,0.66,8003888.0,1989437.0,1951986.0,1751219.0,-0.1,0.45,5968311.0,5912134.5,5692642.0
2023,3705,永信,1691896.0,0.12381966740272451,0.76,2664230.0,569671.0,604962.0,543489.0,0.96,0.91,1709013.0,1761949.5,1718122.0
2023,4440,宜新實業,222753.0,0.034199314936274705,0.12,675980.0,94050.0,94803.0,76828.0,0.69,0.08,282150.0,283279.5,265681.0
2023,6192,巨路,1761486.0,0.13529315589224097,2.48,961558.0,555933.0,538772.0,590824.0,2.53,2.31,1667799.0,1642057.5,1685529.0
2023,3005,神基,8627589.0,0.12429161843476781,1.68,6083184.0,2924603.0,3066215.0,3045461.0,1.21,1.81,8773809.0,8986227.0,9036279.0
2023,1303,南亞,63738195.0,0.02216835603832208,0.12,79308216.0,21514529.0,23595589.0,22141297.0,0.42,0.55,64543587.0,67665177.0,67251415.0
2023,1525,江申,425144.0,0.1382543326496434,0.8,734001.0,130366.0,104547.0,124629.0,1.29,1.11,391098.0,352369.5,359542.0
2023,8072,陞泰,276374.0,0.08254394407578138,0.26,800000.0,108444.0,112700.0,117427.0,0.54,0.39,325332.0,331716.0,338571.0
2023,3380,明泰,7745325.0,0.03585582270595488,0.44,5417185.0,1627411.0,1876962.0,2357028.0,0.58,0.16,4882233.0,5256559.5,5861401.0
2023,2012,春雨,2027093.0,0.025073343946232365,0.12,3021627.0,676967.0,820194.0,668908.0,0.38,0.11,2030901.0,2245741.5,2166069.0
2023,2433,互盛電,722741.0,0.13965998884801056,0.65,1444960.0,242651.0,235670.0,244631.0,1.89,1.54,727953.0,717481.5,722952.0
2023,3052,夆典,944002.0,0.062044360075508315,0.29,2331973.0,217728.0,296938.0,274834.0,0.27,0.22,653184.0,771999.0,789500.0
2023,2630,亞航,1280393.0,-0.022835957397455312,-0.18,1729461.0,339222.0,374497.0,470699.0,0.03,0.31,1017666.0,1070578.5,1184418.0
2023,6834,天二科技,232045.0,-0.1304660733909371,-0.34,884711.0,92633.0,94838.0,82046.0,1.61,0.1,277899.0,281206.5,269517.0
2023,3231,緯創,207476960.0,0.022828154027319466,1.17,28999661.0,67719669.0,72891238.0,77882364.0,1.33,1.67,203159007.0,210916360.5,218493271.0
2023,4906,正文,7013592.0,0.043402866890460697,0.79,3944745.0,2122788.0,2015384.0,2019765.0,0.57,0.9,6368364.0,6207258.0,6157937.0
2023,3605,宏致,2072908.0,-0.022051629884201326,-0.33,1344177.0,714331.0,766314.0,724331.0,0.81,0.24,2142993.0,2220967.5,2204976.0
2023,1218,泰山,2623514.0,-0.1456531202044281,-0.79,4999990.0,1069944.0,1157243.0,1070356.0,0.32,0.36,3209832.0,3340780.5,3297543.0
2023,6533,晶心科,179158.0,-0.2344857611717032,-0.83,506509.0,96536.0,112776.0,38265.0,5.77,2.06,289608.0,313968.0,247577.0
2023,3055,蔚華科,357538.0,-0.13587087246670285,-0.43,1187419.0,100792.0,123529.0,87304.0,1.03,-1.03,302376.0,336481.5,311625.0
2023,6281,全國電,5858430.0,0.02984656298701188,1.77,991729.0,2155750.0,1820261.0,1504462.0,1.55,1.23,6467250.0,5964016.5,5480473.0
2023,1447,力鵬,7568125.0,-0.0154194070526055,-0.14,9144872.0,3222017.0,1938288.0,1328742.0,-0.06,0.05,9666051.0,7740457.5,6489047.0
2023,6443,元晶,2368830.0,0.060414635073010724,0.3,4762967.0,615480.0,623260.0,618905.0,0.04,0.22,1846440.0,1858110.0,1857645.0
2023,2033,佳大,155001.0,-0.005541899729679164,-0.01,806945.0,41668.0,46665.0,44607.0,-0.06,0.0,125004.0,132499.5,132940.0
2023,8271,宇瞻,1646683.0,0.08022977100024717,0.96,1226882.0,525169.0,653448.0,746884.0,1.15,1.14,1575507.0,1767925.5,1925501.0
2023,2903,遠百,8252635.0,0.12706462844897418,0.51,14169406.0,2758676.0,2804825.0,2667741.0,0.57,0.51,8276028.0,8345251.5,8231242.0
2023,2485,兆赫,1510052.0,0.02268067589725387,0.15,3176890.0,527764.0,512742.0,504499.0,0.25,0.23,1583292.0,1560759.0,1545005.0
2023,6115,鎰勝,1551996.0,0.10434691841989284,0.88,1876622.0,574935.0,584631.0,603898.0,1.67,1.19,1724805.0,1739349.0,1763464.0
2023,1109,信大,1696455.0,0.147650836597493,0.6,3411589.0,562522.0,541722.0,490929.0,0.63,0.34,1687566.0,1656366.0,1595173.0
2023,9933,中鼎,23846025.0,0.03085470219879414,0.61,8019386.0,8276730.0,9093422.0,10596263.0,0.44,0.56,24830190.0,26055228.0,27966415.0
2023,6754,匯僑設計,994394.0,0.027308089147762355,0.41,660000.0,413704.0,475111.0,482184.0,1.7,2.02,1241112.0,1333222.5,1370999.0
2023,2617,台航,1030249.0,0.16189484289720252,0.4,4172945.0,314794.0,298979.0,335066.0,0.74,2.65,944382.0,920659.5,948839.0
2023,4739,康普,1464167.0,0.009142399739920377,0.05,1070293.0,368234.0,399625.0,382854.0,1.03,-0.19,1104702.0,1151788.5,1150713.0
2023,1438,三地開發,0.0,,-0.39,912058.0,0.0,27510.0,0.0,-0.31,-0.25,0.0,41265.0,27510.0
2023,2849,安泰銀,,,0.34,19576094.0,476487.0,443476.0,571473.0,0.23,0.35,1429461.0,1379944.5,1491436.0
2023,3048,益登,22780144.0,-0.0018772488883301176,-0.16,2698298.0,7654010.0,9468181.0,11029832.0,0.64,0.08,22962030.0,25683286.5,28152023.0
2023,2474,可成,6891756.0,0.650528109236601,6.5,6803641.0,1736674.0,1405335.0,1185500.0,7.03,6.56,5210022.0,4713013.5,4327509.0
2023,2330,台積電,480841254.0,0.377914757705045,7.01,259320710.0,177616220.0,188686256.0,180430282.0,10.83,8.14,532848660.0,549453714.0,546732758.0
2023,2348,海悅,1393272.0,0.2696257442911363,2.75,1471081.0,515107.0,535423.0,542586.0,1.43,3.16,1545321.0,1575795.0,1593116.0
2023,1410,南染,56981.0,0.11001912918341201,0.11,630000.0,17677.0,20769.0,16372.0,0.25,0.12,53031.0,57669.0,54818.0
2023,2748,雲品,482546.0,0.07547881445499496,0.34,1037826.0,186048.0,170630.0,177470.0,0.49,0.61,558144.0,535017.0,534148.0
2023,1235,興泰,9428.0,-7.537971998302927,-0.77,1496648.0,7603.0,9911.0,6548.0,0.93,1.59,22809.0,26271.0,24062.0
2023,1110,東泥,615383.0,0.10642802937357711,0.12,5720008.0,168514.0,160207.0,169364.0,0.12,0.1,505542.0,493081.5,498085.0
2023,6216,居易,226895.0,0.2873752176116706,0.71,919479.0,67589.0,71846.0,97265.0,0.45,0.62,202767.0,209152.5,236700.0
2023,2028,威致,2725015.0,0.05589327031227351,0.47,3257148.0,559463.0,528424.0,719027.0,0.19,-0.09,1678389.0,1631830.5,1806914.0
2023,3044,健鼎,13443221.0,0.07208763435489159,1.84,5256059.0,5170416.0,5509416.0,5558813.0,3.09,4.05,15511248.0,16019748.0,16238645.0
2023,1465,偉全,168872.0,0.21536429958785352,0.35,1036073.0,51399.0,44614.0,40641.0,0.6,0.42,154197.0,144019.5,136654.0
2023,2365,昆盈,174667.0,0.15787183612245015,0.13,2215285.0,81514.0,64641.0,76467.0,0.18,0.14,244542.0,219232.5,222622.0
2023,2845,遠東銀,,,0.29,40694838.0,1172180.0,1157078.0,1083254.0,0.23,0.34,3516540.0,3493887.0,3412512.0
2023,1454,台富,395249.0,0.052627584130510136,0.18,1298338.0,126650.0,144631.0,138803.0,0.18,0.03,379950.0,406921.5,410084.0
2023,3149,正達,482635.0,-0.02958343261470884,-0.06,2243296.0,164089.0,162737.0,159050.0,-0.25,-0.27,492267.0,490239.0,485876.0
2023,9940,信義,3480514.0,0.1474170194402321,0.69,7368465.0,976427.0,1062569.0,961101.0,0.27,0.47,2929281.0,3058494.0,3000097.0
2023,6416,瑞祺電通,1012949.0,0.09861898279182861,1.4,733485.0,270204.0,280452.0,368381.0,1.9,1.0,810612.0,825984.0,919037.0
2023,2349,錸德,1877251.0,0.0007345847731603286,-0.01,6936797.0,632159.0,656589.0,705003.0,0.01,-0.17,1896477.0,1933122.0,1993751.0
2023,5876,上海商銀,,,1.13,48616031.0,4711164.0,4527075.0,4172047.0,1.29,1.02,14133492.0,13857358.5,13410286.0
2023,5525,順天,505605.0,0.05816595959296288,0.12,2804668.0,1298489.0,2483147.0,178613.0,0.05,2.47,3895467.0,5672454.0,3960249.0
2023,1539,巨庭,450920.0,0.05938303912002129,0.41,653700.0,91382.0,154729.0,150541.0,1.72,0.58,274146.0,369166.5,396652.0
2023,2453,凌群,1431653.0,0.025586507345006088,0.38,1000000.0,433346.0,479747.0,653001.0,0.58,0.68,1300038.0,1369639.5,1566094.0
2023,8454,富邦媒,26212415.0,0.03214308944826335,3.85,2403404.0,8458758.0,8619251.0,7996666.0,3.46,2.4,25376274.0,25617013.5,25074675.0
2023,3038,全台,1205163.0,0.10578320111055517,0.86,1574076.0,407756.0,378993.0,332760.0,1.02,0.91,1223268.0,1180123.5,1119509.0
2023,2431,聯昌,135450.0,-0.12149870801033592,-0.15,1109270.0,58044.0,59277.0,50269.0,0.01,-0.15,174132.0,175981.5,167590.0
2023,5234,達興材料,1130293.0,0.13302214558525974,1.46,1027159.0,392611.0,397069.0,384613.0,0.35,1.62,1177833.0,1184520.0,1174293.0
2023,1432,大魯閣,324092.0,0.02403021364303963,0.11,900000.0,135685.0,134101.0,107050.0,0.45,0.48,407055.0,404679.0,376836.0
2023,2413,環科,1170411.0,0.013141537459917927,0.12,1273592.0,377944.0,458485.0,343375.0,0.8,0.74,1133832.0,1254643.5,1179804.0
2023,2241,艾姆勒,213127.0,-0.2724009628062141,-0.59,896023.0,76511.0,80124.0,88751.0,-0.68,-0.36,229533.0,234952.5,245386.0
2023,6278,台表科,12185837.0,0.05192954739177949,2.16,2923984.0,4120933.0,4230654.0,4389445.0,3.63,3.13,12362799.0,12527380.5,12741032.0
2023,6625,必應,560501.0,0.12669379715647253,1.67,443404.0,296719.0,339341.0,319083.0,-0.04,2.55,890157.0,954090.0,955143.0
2023,1809,中釉,591397.0,-0.003990551186428068,0.02,1670419.0,207522.0,203578.0,211021.0,0.23,0.01,622566.0,616650.0,622121.0
2023,6201,亞弘電,802168.0,0.13944211187681382,1.25,892000.0,269427.0,357432.0,324788.0,1.1,1.52,808281.0,940288.5,951647.0
2023,6674,鋐寶科技,220518.0,-0.36861843477629946,-1.21,676536.0,84642.0,86334.0,162920.0,0.17,-0.91,253926.0,256464.0,333896.0
2023,1324,地球,229852.0,0.03875102239702069,0.12,751219.0,83873.0,75561.0,77612.0,-0.01,0.24,251619.0,239151.0,237046.0
2023,2017,官田鋼,791684.0,-0.08663936621177136,-0.26,3768747.0,281269.0,325181.0,284502.0,0.26,-0.1,843807.0,909675.0,890952.0
2023,8443,阿瘦,296157.0,0.014792829478958795,0.07,668000.0,86047.0,97336.0,108741.0,-0.91,0.11,258141.0,275074.5,292124.0
2023,4976,佳凌,240705.0,-0.18772356203651772,-0.33,1397040.0,72689.0,76757.0,67734.0,0.21,-0.21,218067.0,224169.0,217180.0
2023,1583,程泰,1434088.0,0.08130881786891739,0.93,1104004.0,402999.0,410263.0,486883.0,2.19,2.44,1208997.0,1219893.0,1300145.0
2023,2889,國票金,,,0.15,34473840.0,739937.0,632220.0,447698.0,0.13,0.13,2219811.0,2058235.5,1819855.0
2023,2013,中鋼構,5164568.0,0.02346856503777276,0.61,2000000.0,1327377.0,1524729.0,1338894.0,0.72,0.67,3982131.0,4278159.0,4191000.0
2023,2379,瑞昱,26290803.0,0.0991613683309711,5.08,5128636.0,8964637.0,8855110.0,8858698.0,8.2,5.01,26893911.0,26729620.5,26678445.0
2023,1104,環泥,1919189.0,0.21985797125765102,0.61,6732175.0,637246.0,617197.0,618592.0,0.88,1.42,1911738.0,1881664.5,1873035.0
2023,1233,天仁,504356.0,0.059394554639976525,0.33,905919.0,169784.0,178560.0,189526.0,0.09,0.21,509352.0,522516.0,537870.0
2023,2511,太子,2147245.0,0.059988031174831,0.08,16233261.0,700156.0,647999.0,607397.0,0.11,0.06,2100468.0,2022232.5,1955552.0
2023,3443,創意,6587039.0,0.12729907929799716,6.26,1340119.0,2212814.0,2272257.0,2324969.0,7.9,7.63,6638442.0,6727606.5,6810040.0
2023,1103,嘉泥,725302.0,0.00011029888239657411,0.0,7902474.0,266631.0,238917.0,232979.0,0.41,0.18,799893.0,758322.0,738527.0
2023,6271,同欣電,2843763.0,0.004332991181051305,0.08,2090581.0,970096.0,896145.0,800581.0,4.33,0.79,2910288.0,2799361.5,2666822.0
2023,2886,兆豐金,,,0.57,140513382.0,7217266.0,6252739.0,5423621.0,0.41,0.58,21651798.0,20205007.5,18893626.0
2023,2882,國泰金,,,1.5,162025102.0,41694789.0,24536829.0,14132046.0,0.38,1.83,125084367.0,99347427.0,80363664.0
2023,8039,台虹,2079535.0,0.05875207678639696,0.67,2091197.0,800406.0,834482.0,852124.0,1.23,1.32,2401218.0,2452332.0,2487012.0
2023,1712,興農,4576336.0,0.06127762471986323,0.67,4204926.0,1449359.0,1585242.0,1860207.0,1.26,0.59,4348077.0,4551901.5,4894808.0
2023,6120,達運,4617087.0,0.022583936581658522,0.15,6655551.0,1662401.0,1919402.0,1578813.0,-0.24,0.09,4987203.0,5372704.5,5160616.0
2023,6005,群益證,2759684.0,0.43405621803076005,0.5,21709081.0,1164164.0,1346859.0,1057053.0,0.11,0.5,3492492.0,3766534.5,3568076.0
2023,1720,生達,1509004.0,0.21538047612862524,1.33,1786961.0,563910.0,585898.0,495586.0,1.33,1.26,1691730.0,1724712.0,1645394.0
2023,6191,精成科,5909858.0,0.10909416097645662,1.39,4743030.0,2095855.0,2019734.0,1967758.0,1.54,2.57,6287565.0,6173383.5,6083347.0
2023,3703,欣陸,8100104.0,0.06018737537197053,0.7,8232160.0,2101212.0,2593735.0,3098964.0,0.56,0.58,6303636.0,7042420.5,7793911.0
2023,8462,柏文,1064040.0,0.02780816510657494,0.39,794054.0,374990.0,387616.0,373765.0,0.03,0.69,1124970.0,1143909.0,1136371.0
2023,2438,翔耀,33762.0,-0.2039867306439192,-0.11,601956.0,13822.0,13350.0,11838.0,-0.08,-0.21,41466.0,40758.0,39010.0
2023,2477,美隆電,643353.0,0.010322482369709942,0.08,1585732.0,274226.0,226498.0,223724.0,0.68,0.32,822678.0,751086.0,724448.0
2023,1451,年興,1750256.0,-0.014400179173789435,-0.12,2064500.0,632126.0,537506.0,461901.0,0.57,-0.03,1896378.0,1754448.0,1631533.0
2023,8163,達方,6888338.0,0.04610531597026743,0.82,2800000.0,2297895.0,2219562.0,2326050.0,1.21,3.84,6893685.0,6776185.5,6843507.0
2023,2305,全友,126368.0,0.15295802734869587,0.08,2056608.0,58261.0,52210.0,62270.0,0.17,0.11,174783.0,165706.5,172741.0
2023,2527,宏璟,221729.0,0.10651741540348804,0.11,2703060.0,97467.0,1700997.0,27223.0,1.01,2.59,292401.0,2697696.0,1825687.0
2023,1615,大山,990803.0,0.08653082398821965,0.58,1637228.0,500804.0,472133.0,469649.0,0.37,0.94,1502412.0,1459405.5,1442586.0
2023,3669,圓展,706064.0,0.23988618595481428,1.82,929200.0,221847.0,228729.0,213905.0,1.05,0.67,665541.0,675864.0,664481.0
2023,2104,國際中橡,4074526.0,-0.09693274751468023,-0.37,9847336.0,1562155.0,1563646.0,1586599.0,0.57,0.01,4686465.0,4688701.5,4712400.0
2023,4968,立積,737954.0,-0.0737959276594476,-0.6,902832.0,266024.0,225794.0,246563.0,1.1,-0.5,798072.0,737727.0,738381.0
2023,6239,力成,17217598.0,0.10101362571016004,1.8,7591466.0,6185294.0,6269639.0,5994038.0,3.2,2.1,18555882.0,18682399.5,18448971.0
2023,2417,圓剛,892354.0,0.14140352371368314,0.31,1582089.0,277340.0,295054.0,291023.0,0.07,0.11,832020.0,858591.0,863417.0
2023,6128,上福,1314442.0,0.06909015384474933,0.71,1275887.0,398734.0,414499.0,484721.0,2.24,0.73,1196202.0,1219849.5,1297954.0
2023,6230,尼得科超眾,2752614.0,0.09440517268312956,3.01,863434.0,1002265.0,951543.0,892860.0,2.7,2.16,3006795.0,2930712.0,2846668.0
2023,6655,科定,592209.0,0.08169244303953503,0.67,740334.0,199587.0,210908.0,192879.0,1.57,1.26,598761.0,615742.5,603374.0
2023,1459,聯發,226074.0,0.1944230650141104,0.14,3586289.0,80422.0,95354.0,98023.0,-0.69,0.15,241266.0,263664.0,273799.0
2023,3653,健策,2838504.0,0.1984770851124395,4.15,1406278.0,1078992.0,1168677.0,1028774.0,5.2,5.41,3236976.0,3371503.5,3276443.0
2023,1227,佳格,6323469.0,0.029244074731765112,0.2,9150897.0,2151320.0,2657640.0,3116707.0,0.53,0.55,6453960.0,7213440.0,7925667.0
2023,2201,裕隆,19501335.0,0.11645684769786274,1.12,10700000.0,6845607.0,6423358.0,7204757.0,-0.13,1.2,20536821.0,19903447.5,20473722.0
2023,2369,菱生,1440754.0,0.0011375987850805898,0.01,3801023.0,486123.0,521187.0,492585.0,-0.09,-0.05,1458369.0,1510965.0,1499895.0
2023,3550,聯穎,922875.0,-0.02206040904781254,-0.23,875500.0,309689.0,330600.0,317121.0,-0.25,-0.98,929067.0,960433.5,957410.0
2023,2702,華園,369177.0,0.0878467510164501,0.22,1566133.0,141127.0,121706.0,114101.0,0.35,0.54,423381.0,394249.5,376934.0
2023,2440,太空梭,695956.0,-0.0662283247791527,-0.33,1391173.0,234373.0,281491.0,280659.0,0.03,-0.12,703119.0,773796.0,796523.0
2023,2739,寒舍,1107118.0,0.03527266289591534,0.42,1015260.0,371114.0,381370.0,394267.0,-0.94,1.44,1113342.0,1128726.0,1146751.0
2023,9904,寶成,63095229.0,0.0663303876747955,1.19,29467872.0,19087032.0,20122656.0,19084453.0,1.94,2.06,57261096.0,58814532.0,58294141.0
2023,2062,橋椿,1912954.0,0.052386518442158046,0.5,1999942.0,690865.0,651233.0,682546.0,1.16,0.72,2072595.0,2013147.0,2024644.0
2023,3023,信邦,8723328.0,0.08021491339085267,3.82,2395461.0,2707368.0,2754476.0,2802165.0,3.58,3.64,8122104.0,8192766.0,8264009.0
2023,2880,華南金,,,0.4,136427459.0,5715642.0,5198452.0,4859866.0,0.43,0.47,17146926.0,16371141.0,15773960.0
2023,9905,大華,2351779.0,0.05115659251996042,0.4,3050000.0,880811.0,901689.0,724932.0,0.53,0.59,2642433.0,2673750.0,2507432.0
2023,2887,台新新光金,,,0.25,135770618.0,6647316.0,6399281.0,3414502.0,0.26,0.22,19941948.0,19569895.5,16461099.0
2023,3518,柏騰,102242.0,-0.01157058742982336,0.01,807422.0,37611.0,32292.0,28228.0,-0.31,-0.18,112833.0,104854.5,98131.0
2023,2405,輔信,397037.0,0.03399683152955518,0.04,3434273.0,146798.0,155915.0,152305.0,0.11,0.03,440394.0,454069.5,455018.0
2023,2832,台產,1718693.0,0.16836747458679358,0.8,3622004.0,589717.0,587636.0,547977.0,0.71,0.88,1769151.0,1766029.5,1725330.0
2023,2211,長榮鋼,3436966.0,0.6105643756731954,4.47,4170915.0,1116549.0,1119603.0,854884.0,1.28,2.19,3349647.0,3354228.0,3091036.0
2023,3437,榮創,472403.0,-0.030325802334024127,-0.07,1445480.0,175006.0,206941.0,191538.0,-0.66,0.15,525018.0,572920.5,573485.0
2023,1445,大宇,353787.0,0.03950116878234644,0.11,1306660.0,104813.0,104160.0,86848.0,0.15,0.08,314439.0,313459.5,295821.0
2023,1532,勤美,4661540.0,0.09986442248698928,0.85,3761252.0,2487753.0,1732102.0,1201528.0,0.52,1.02,7463259.0,6329782.5,5421383.0
2023,2303,聯電,56296408.0,0.28237455220944113,1.27,125031392.0,19063918.0,18952011.0,19052938.0,2.19,1.29,57191754.0,57023893.5,57068867.0
2023,6789,采鈺,1936874.0,0.0926580665546649,0.57,3158321.0,689844.0,609446.0,529410.0,1.17,0.22,2069532.0,1948935.0,1828700.0
2023,1783,和康生,170919.0,0.3647868288487529,0.74,889341.0,54086.0,60919.0,44422.0,0.55,0.41,162258.0,172507.5,159427.0
2023,2059,川湖,1313864.0,0.5439307264678841,7.5,952971.0,455896.0,460282.0,506831.0,15.56,10.31,1367688.0,1374267.0,1423009.0
2023,2910,統領,185916.0,0.2128541922158394,0.23,2087250.0,41859.0,41083.0,38830.0,0.2,0.26,125577.0,124413.0,121772.0
2023,6196,帆宣,13622365.0,0.059031526464017076,4.18,1961248.0,4121894.0,4511901.0,4915931.0,4.23,2.91,12365682.0,12950692.5,13549726.0
2023,1434,福懋,7228933.0,0.06448296034836676,0.28,16846646.0,2256531.0,2477621.0,2407270.0,0.35,0.03,6769593.0,7101228.0,7141422.0
2023,6205,詮欣,282218.0,0.06398599664089463,0.23,800347.0,101991.0,78195.0,83877.0,1.09,0.45,305973.0,270279.0,264063.0
2023,6799,來頡,257004.0,0.2312571010567929,1.48,418361.0,91029.0,96235.0,95447.0,1.74,1.5,273087.0,280896.0,282711.0
2023,2327,國巨*,26756512.0,0.13874977426056131,8.92,4221072.0,8888464.0,9009640.0,9460962.0,12.09,11.61,26665392.0,26847156.0,27359066.0
2023,8940,新天地,316561.0,0.011536481120542329,0.07,674910.0,119031.0,78652.0,90832.0,-0.38,-0.1,357093.0,296524.5,288515.0
2023,9906,欣巴巴,2532875.0,0.15573764990376548,4.73,833439.0,455850.0,7284.0,14.0,0.59,1.23,1367550.0,694701.0,463148.0
2023,6414,樺漢,28961587.0,0.053973872357201975,5.15,1241354.0,9215653.0,9924202.0,10822809.0,6.15,6.12,27646959.0,28709782.5,29962664.0
2023,1582,信錦,2162391.0,0.07868697196760438,1.38,1237258.0,745348.0,884051.0,886702.0,1.3,2.04,2236044.0,2444098.5,2516101.0
2023,2505,國揚,21683.0,2.4153945487248074,0.14,3800000.0,112705.0,21347.0,15683.0,0.3,0.11,338115.0,201078.0,149735.0
2023,2353,宏碁,58260653.0,0.027381378646751522,0.47,30478538.0,17722949.0,21687117.0,28064739.0,0.62,0.66,53168847.0,59115099.0,67474805.0
2023,1536,和大,1781924.0,0.1208429764681322,0.77,2795175.0,526944.0,534523.0,503175.0,1.17,0.4,1580832.0,1592200.5,1564642.0
2023,9929,秋雨,155565.0,0.12120335551055829,0.18,1012800.0,59298.0,59317.0,58000.0,0.14,0.13,177894.0,177922.5,176615.0
2023,2401,凌陽,1418296.0,-0.0013057923028761275,-0.14,5919949.0,537390.0,525680.0,482525.0,0.03,-0.09,1612170.0,1594605.0,1545595.0
2023,5522,遠雄,1013739.0,0.0077958922365618764,0.01,7815962.0,1446483.0,1523572.0,1996548.0,1.84,0.77,4339449.0,4455082.5,4966603.0
2023,3031,佰鴻,278476.0,0.07775894511555753,0.13,1732032.0,79080.0,81575.0,93720.0,0.2,0.26,237240.0,240982.5,254375.0
2023,9934,成霖,4685791.0,0.03554703997681501,0.42,4084140.0,1547890.0,1703986.0,1546738.0,0.26,0.47,4643670.0,4877814.0,4798614.0
2023,2753,八方雲集,1771774.0,0.07948417800464393,2.17,663448.0,639927.0,670145.0,615167.0,2.69,2.24,1919781.0,1965108.0,1925239.0
2023,2607,榮運,4060962.0,0.30431557842698354,1.14,10671411.0,1267700.0,1391659.0,1687371.0,0.88,0.68,3803100.0,3989038.5,4346730.0
2023,8249,菱光,905563.0,0.059509940225031276,0.48,1490550.0,262532.0,218899.0,252163.0,2.32,1.27,787596.0,722146.5,733594.0
2023,2342,茂矽,371492.0,0.008920784296835464,0.02,1561567.0,136611.0,140174.0,130701.0,1.28,-0.05,409833.0,415177.5,407486.0
2023,2108,南帝,2247278.0,0.13408532455708638,0.48,4924167.0,712984.0,796275.0,851398.0,0.33,0.4,2138952.0,2263888.5,2360657.0
2023,2704,國賓,275157.0,1.8185872065766089,1.36,3669234.0,92276.0,95099.0,124400.0,0.23,-0.15,276828.0,281062.5,311775.0
2023,1531,高林股,400401.0,-0.04290199075426884,-0.09,1836081.0,130119.0,112308.0,117776.0,0.36,0.46,390357.0,363640.5,360203.0
2023,2634,漢翔,9540461.0,0.079002681316972,0.8,9418671.0,3259283.0,3386134.0,3333466.0,0.61,0.7,9777849.0,9968125.5,9978883.0
2023,6449,鈺邦,703138.0,0.15631782096828786,1.25,889535.0,266196.0,288197.0,267716.0,1.16,1.45,798588.0,831589.5,822109.0
2023,2312,金寶,39402705.0,0.004081902498825905,0.09,14968542.0,12637135.0,11766156.0,15232473.0,0.3,0.24,37911405.0,36604936.5,39635764.0
2023,1904,正隆,10376087.0,-0.002134523351625714,-0.02,11082745.0,3256701.0,3549970.0,3520373.0,0.2,0.12,9770103.0,10210006.5,10327044.0
2023,9938,百和,2707641.0,-0.020987642010148317,0.25,2979639.0,1035897.0,1272558.0,1175742.0,1.35,0.85,3107691.0,3462682.5,3484197.0
2023,8046,南電,10133643.0,0.1551801262389054,2.43,6461655.0,3333511.0,3374154.0,3519719.0,8.54,1.67,10000533.0,10061497.5,10227384.0
2023,2429,銘旺科,166931.0,-0.07767880142094638,-0.28,437482.0,42503.0,39437.0,28921.0,-0.23,-0.12,127509.0,122910.0,110861.0
2023,3416,融程電,688477.0,0.21722875273974293,1.95,768330.0,247562.0,214085.0,217404.0,2.25,2.05,742686.0,692470.5,679051.0
2023,4566,時碩工業,1019424.0,0.08122724205041278,1.01,823959.0,313760.0,383717.0,356366.0,2.31,1.51,941280.0,1046215.5,1053843.0
2023,1597,直得,285978.0,0.15396638902293183,0.5,892619.0,80224.0,82382.0,82550.0,0.82,0.29,240672.0,243909.0,245156.0
2023,1587,吉茂,575657.0,0.03547251227727623,0.3,686244.0,159852.0,193155.0,145650.0,0.65,0.22,479556.0,529510.5,498657.0
2023,3312,弘憶股,3740938.0,0.007137247396241264,0.18,1626254.0,1283610.0,1359163.0,1508579.0,0.64,0.91,3850830.0,3964159.5,4151352.0
2023,2467,志聖,728682.0,0.10883073823698129,0.49,1567553.0,243647.0,363330.0,297884.0,1.45,1.08,730941.0,910465.5,904861.0
2023,4562,穎漢,154939.0,-0.2465873666410652,-0.42,875460.0,71442.0,64115.0,73298.0,0.07,0.08,214326.0,203335.5,208855.0
2023,1231,聯華食,2420438.0,0.04025676344529379,0.3,2466566.0,956916.0,1042128.0,796194.0,1.04,0.67,2870748.0,2998566.0,2795238.0
2023,5607,遠雄港,694671.0,0.28708554121303465,0.58,3013770.0,245038.0,249898.0,251538.0,0.92,1.26,735114.0,742404.0,746474.0
2023,2701,萬企,72797.0,0.7602648460788219,0.13,4499678.0,29106.0,26960.0,23313.0,0.2,0.25,87318.0,84099.0,79379.0
2023,1413,宏洲,448476.0,-0.07728172745029835,-0.27,1321124.0,132361.0,199408.0,202309.0,-0.05,-0.3,397083.0,497653.5,534078.0
2023,1515,力山,1022151.0,0.010156033697565233,0.05,1814735.0,584033.0,955059.0,796888.0,-0.24,1.16,1752099.0,2308638.0,2335980.0
2023,1726,永記,2173919.0,0.08725670091663949,1.17,1620000.0,706595.0,784327.0,708441.0,1.07,1.35,2119785.0,2236383.0,2199363.0
2023,3041,揚智,328159.0,-0.8543389027879777,-1.45,1939619.0,82696.0,96605.0,103875.0,0.01,-1.33,248088.0,268951.5,283176.0
2023,5608,四維航,901060.0,-0.3007779726100371,-0.66,3692671.0,306389.0,286570.0,275264.0,1.84,-0.4,919167.0,889438.5,868223.0
2023,2031,新光鋼,3868377.0,0.11887310879989205,1.36,3211463.0,1448602.0,1533901.0,1461510.0,-0.48,1.33,4345806.0,4473754.5,4444013.0
2023,1721,三晃,499699.0,-0.16036253824802532,-0.43,1848841.0,148976.0,167455.0,206090.0,0.04,-0.42,446928.0,474646.5,522521.0
2023,2642,宅配通,1038136.0,0.041983901916511905,0.45,954670.0,367933.0,356472.0,365063.0,0.34,0.33,1103799.0,1086607.5,1089468.0
2023,5534,長虹,514951.0,0.009564016770527681,0.01,2903260.0,194660.0,680416.0,925840.0,1.0,1.14,583980.0,1312614.0,1800916.0
2023,3138,耀登,381508.0,0.1117093219539302,0.91,467111.0,170452.0,156427.0,137267.0,1.96,1.55,511356.0,490318.5,464146.0
2023,3017,奇鋐,14870889.0,0.09047286951035678,3.18,3833101.0,5153183.0,5251705.0,5363932.0,3.51,3.72,15459549.0,15607332.0,15768820.0
2023,1442,名軒,245787.0,0.29161428391249333,0.2,3662113.0,64711.0,97446.0,145188.0,0.14,0.1,194133.0,243235.5,307345.0
2023,2816,旺旺保,2608053.0,0.21696031484022757,2.53,2236080.0,988022.0,844191.0,797406.0,0.04,1.26,2964066.0,2748319.5,2629619.0
2023,2539,櫻花建,409718.0,-0.06531077472798363,-0.04,8556305.0,0.0,1614868.0,686431.0,0.85,0.61,0.0,2422302.0,2301299.0
2023,1474,弘裕,574815.0,-0.040145090159442606,-0.18,1298970.0,231620.0,257924.0,235637.0,0.2,-0.28,694860.0,734316.0,725181.0
2023,3711,日月光投控,136275352.0,0.060149747402597056,1.8,43764308.0,48353336.0,52278801.0,53534708.0,4.03,2.04,145060008.0,150948205.5,154166845.0
2023,2424,隴華,20850.0,-2.6568345323741007,-1.13,485250.0,4244.0,4059.0,8267.0,-1.26,-1.21,12732.0,12454.5,16570.0
2023,3645,達邁,446703.0,-0.052300969547999454,-0.15,1318170.0,164260.0,177062.0,165101.0,-0.45,0.5,492780.0,511983.0,506423.0
2023,2399,映泰,540807.0,0.034361611443638855,0.1,1781000.0,159554.0,191271.0,198999.0,0.17,-0.14,478662.0,526237.5,549824.0
2023,6214,精誠,8331419.0,0.05327423815798965,1.72,2723033.0,2937159.0,2523112.0,2839221.0,1.26,1.35,8811477.0,8190406.5,8299492.0
2023,3588,通嘉,264033.0,-0.049709695378986715,-0.22,585593.0,102418.0,112406.0,118396.0,0.19,0.43,307254.0,322236.0,333220.0
2023,1718,中纖,,,-0.17,16862097.0,3352660.0,3662804.0,3420387.0,-0.26,0.0,10057980.0,10523196.0,10435851.0
2023,3035,智原,2917006.0,0.1328629423456791,1.66,2485503.0,987476.0,989938.0,985066.0,2.41,1.43,2962428.0,2966121.0,2962480.0
2023,1460,宏遠,1606604.0,-0.07686461629623728,-0.18,6946434.0,637276.0,665369.0,720391.0,-0.05,-0.67,1911828.0,1953967.5,2023036.0
2023,2206,三陽工業,17387652.0,0.13921989006911342,2.86,7974896.0,5889647.0,5374895.0,5423486.0,1.17,1.6,17668941.0,16896813.0,16688028.0
2023,2207,和泰車,,,12.47,5571028.0,26547327.0,22860207.0,19953086.0,-24.99,11.39,79641981.0,74111301.0,69360620.0
2023,2351,順德,2824088.0,0.07404514306919614,1.12,1821403.0,897054.0,925878.0,926186.0,1.4,1.14,2691162.0,2734398.0,2749118.0
2023,8114,振樺電,2544439.0,0.09695496728355445,1.8,755858.0,822944.0,820965.0,900380.0,4.28,2.2,2468832.0,2465863.5,2544289.0
2023,5880,合庫金,,,0.3,147093822.0,5961716.0,4994556.0,4738180.0,0.42,0.34,17885148.0,16434408.0,15694452.0
2023,2228,劍麟,1173319.0,0.09603185493459153,1.49,757803.0,433281.0,462232.0,445420.0,2.51,1.86,1299843.0,1343269.5,1340933.0
2023,8473,山林水,1049365.0,0.016360370319193036,-0.08,1470040.0,252943.0,254926.0,323820.0,-1.92,0.26,758829.0,761803.5,831689.0
2023,6405,悅城,56120.0,-0.18843549536707058,-0.16,658000.0,17908.0,15741.0,12778.0,0.46,-0.19,53724.0,50473.5,46427.0
2023,6409,旭隼,5198194.0,0.254324867444347,15.16,877466.0,1448556.0,1548928.0,1465979.0,17.29,7.21,4345668.0,4496226.0,4463463.0
2023,2488,漢平,651121.0,0.13702368684161623,1.12,799994.0,243651.0,272959.0,349975.0,1.79,1.92,730953.0,774915.0,866585.0
2023,2347,聯強,94949700.0,0.019045315572350414,1.02,16679470.0,31728433.0,34236328.0,33892154.0,5.01,1.01,95185299.0,98947141.5,99856915.0
2023,6442,光聖,698592.0,0.10155999496129357,1.07,663000.0,218815.0,246300.0,201507.0,2.34,1.02,656445.0,697672.5,666622.0
2023,2106,建大,8704003.0,0.04450837160786824,0.43,9548900.0,2866428.0,3192729.0,2891529.0,0.25,0.45,8599284.0,9088735.5,8950686.0
2023,2820,華票,,,0.2,13429600.0,216811.0,142362.0,124681.0,0.24,0.23,650433.0,538759.5,483854.0
2023,2332,友訊,4151226.0,0.09953734149863197,0.65,5998365.0,1313959.0,1198656.0,1311826.0,0.0,0.02,3941877.0,3768922.5,3824441.0
2023,2301,光寶科,37293020.0,0.11287487578104428,1.83,23683522.0,12567821.0,13289503.0,14100034.0,1.85,2.0,37703463.0,38785986.0,39957358.0
2023,3706,神達,9233431.0,0.07704622474570937,0.59,12065568.0,2823392.0,2988316.0,3966486.0,7.17,0.52,8470176.0,8717562.0,9778194.0
2023,2014,中鴻,9734937.0,-0.02199428717412347,-0.15,14355444.0,3058037.0,3202950.0,3139403.0,-0.78,-0.08,9174111.0,9391480.5,9400390.0
2023,3026,禾伸堂,3341769.0,0.04891900068496655,1.23,1658903.0,1132231.0,1117021.0,1204034.0,1.17,1.09,3396693.0,3373878.0,3453286.0
2023,2008,高興昌,338126.0,0.9755830666674553,1.7,1908523.0,117369.0,129029.0,120726.0,0.26,0.23,352107.0,369597.0,367124.0
2023,2705,六福,460890.0,-0.20168586864544685,-0.49,1913128.0,207028.0,223672.0,180124.0,0.21,-0.09,621084.0,646050.0,610824.0
2023,3022,威強電,1913890.0,0.18013783446279566,1.96,1765978.0,636666.0,683857.0,538659.0,3.47,2.76,1909998.0,1980784.5,1859182.0
2023,8222,寶一,165783.0,0.1670557294776907,0.4,685735.0,53040.0,68270.0,62914.0,0.47,0.42,159120.0,181965.0,184224.0
2023,2233,宇隆,794762.0,0.17080081835820032,2.24,602881.0,274313.0,310094.0,313110.0,2.79,2.58,822939.0,876610.5,897517.0
2023,3533,嘉澤,5722130.0,0.22940181366029783,11.57,1113298.0,2057238.0,2206795.0,2209208.0,17.92,16.83,6171714.0,6396049.5,6473241.0
2023,3030,德律,936067.0,0.21998104836512772,0.87,2362160.0,252839.0,426203.0,348103.0,2.06,1.04,758517.0,1018563.0,1027145.0
2023,2368,金像電,6928593.0,0.11797705537040493,1.68,4918391.0,2618597.0,2749636.0,2854546.0,2.7,2.4,7855791.0,8052349.5,8222779.0
2023,3033,威健,17510754.0,0.007743926960540934,0.32,4265280.0,5912604.0,5919842.0,6832430.0,0.88,0.6,17737812.0,17748669.0,18664876.0
2023,8438,昶昕,789466.0,0.024626773033924198,0.28,699430.0,252684.0,253266.0,251210.0,0.14,0.38,758052.0,758925.0,757160.0
2023,1618,合機,964403.0,0.0780959826960306,0.39,1926917.0,231100.0,699174.0,478542.0,0.21,0.47,693300.0,1395411.0,1408816.0
2023,6438,迅得,1621089.0,0.10456366060099107,2.38,714317.0,372246.0,420736.0,444987.0,3.2,2.55,1116738.0,1189473.0,1237969.0
2023,2331,精英,6523573.0,0.06685477421652214,0.78,5574030.0,1617835.0,1381629.0,1452628.0,0.74,0.5,4853505.0,4499196.0,4452092.0
2023,2308,台達電,100551392.0,0.09470966846485825,3.14,25975433.0,35973872.0,36435815.0,35385748.0,4.26,3.6,107921616.0,108614530.5,107795435.0
2023,6743,安普新,1038801.0,0.004486903651421206,0.03,1500000.0,353439.0,308016.0,358395.0,0.26,0.02,1060317.0,992182.5,1019850.0
2023,1449,佳和,622233.0,0.02632454402129106,0.1,832944.0,227642.0,333084.0,236451.0,0.54,0.44,682926.0,841089.0,797177.0
2023,2324,仁寶,243870673.0,0.010012647154174213,0.48,44071466.0,84846601.0,81736993.0,85130577.0,0.47,0.55,254539803.0,249875391.0,251714171.0
2023,6582,申豐,241708.0,-0.03271302563423635,-0.08,1061741.0,50526.0,73565.0,63207.0,0.61,0.25,151578.0,186136.5,187298.0
2023,8112,至上,37598893.0,0.013901925250831188,1.16,4584965.0,11677661.0,14638828.0,14313764.0,1.02,1.56,35032983.0,39474733.5,40630253.0
2023,1471,首利,66695.0,-0.511177749456481,-0.23,1504145.0,20416.0,31576.0,17794.0,-0.13,0.06,61248.0,77988.0,69786.0
2023,2497,怡利電,854803.0,0.052518533510060215,0.37,1227985.0,365714.0,370992.0,357825.0,0.99,0.79,1097142.0,1105059.0,1094531.0
2023,8215,明基材,4635046.0,0.03906929942011363,0.44,3206745.0,1531080.0,1487054.0,1584168.0,1.66,0.59,4593240.0,4527201.0,4602302.0
2023,2609,陽明,35046373.0,-0.00037421846762859026,-0.03,34921043.0,11455953.0,12237199.0,12207961.0,14.25,0.8,34367859.0,35539728.0,35901113.0
2023,1236,宏亞,390695.0,-0.04319737902967788,-0.16,1083425.0,146859.0,172261.0,222123.0,0.13,0.26,440577.0,478680.0,541243.0
2023,2114,鑫永銓,395808.0,0.3107592570135015,1.58,779918.0,132032.0,133795.0,134305.0,1.42,1.58,396096.0,398740.5,400132.0
2023,4961,天鈺,4340870.0,0.15165462223010595,3.13,1865453.0,1341829.0,1453243.0,1446466.0,2.48,3.82,4025487.0,4192608.0,4241538.0
2023,2373,震旦行,2898858.0,0.11216485940325466,1.33,2362025.0,975320.0,900915.0,926600.0,2.27,1.41,2925960.0,2814352.5,2802835.0
2023,2382,廣達,245029412.0,0.04192741155498508,2.63,38626274.0,86891131.0,101355120.0,98258338.0,2.4,3.32,260673393.0,282369376.5,286504589.0
2023,1309,台達化,3587679.0,-0.004586530734773094,-0.04,3975868.0,1094051.0,1396557.0,1491814.0,0.03,-0.18,3282153.0,3735912.0,3982422.0
2023,2468,華經,777837.0,0.03538273442893562,0.39,699612.0,129293.0,199391.0,155840.0,0.19,0.21,387879.0,493026.0,484524.0
2023,1215,卜蜂,7412017.0,0.0807487354656634,2.04,2947901.0,2360314.0,2508812.0,2437231.0,1.01,2.2,7080942.0,7303689.0,7306357.0
2023,2484,希華,581264.0,0.12065257783038344,0.44,1594210.0,197651.0,185135.0,205846.0,1.72,0.59,592953.0,574179.0,588632.0
2023,2908,特力,9167237.0,0.007610253776574119,0.13,5098875.0,2980772.0,2948907.0,3245753.0,0.29,0.1,8942316.0,8894518.5,9175432.0
2023,4746,台耀,1086934.0,0.05356442985498659,0.69,1202560.0,342605.0,401394.0,385228.0,4.09,-0.95,1027815.0,1115998.5,1129227.0
2023,2636,台驊控股,3416024.0,0.15754134045896634,3.79,1433912.0,1196379.0,1366334.0,1265684.0,3.04,4.03,3589137.0,3844069.5,3828397.0
2023,2481,強茂,3541090.0,0.10239389566489414,0.79,3821149.0,1006033.0,1155907.0,1111484.0,1.12,0.64,3018099.0,3242910.0,3273424.0
2023,2375,凱美,1260489.0,0.1433475421046911,1.66,1086753.0,412283.0,411700.0,430274.0,1.59,1.28,1236849.0,1235974.5,1254257.0
2023,1466,聚隆,599716.0,-0.07453861494440701,-0.41,1111573.0,208471.0,199625.0,242571.0,-0.4,-0.17,625413.0,612144.0,650667.0
2023,3060,銘異,596291.0,-0.09823727005774026,-0.38,1375632.0,241114.0,249006.0,260113.0,0.09,0.08,723342.0,735180.0,750233.0
2023,5244,弘凱,199600.0,0.17877755511022045,0.52,679441.0,69605.0,77845.0,77569.0,0.4,0.65,208815.0,221175.0,225019.0
2023,4426,利勤,263633.0,-0.04173225658396331,-0.07,1726773.0,97458.0,142235.0,114837.0,0.13,0.12,292374.0,359539.5,354530.0
2023,9927,泰銘,2379646.0,0.12988990799471853,1.84,1673185.0,769553.0,796318.0,759032.0,0.93,2.04,2308659.0,2348806.5,2324903.0
2023,1732,毛寶,153375.0,0.005561532192339038,0.02,424439.0,43021.0,41511.0,44484.0,0.06,0.01,129063.0,126798.0,129016.0
2023,4540,全球傳動,743593.0,-0.0414823700599656,-0.33,951588.0,204164.0,249048.0,176788.0,1.15,0.3,612492.0,679818.0,630000.0
2023,2423,固緯,721347.0,0.1228257690126943,0.61,1450472.0,203639.0,274977.0,257794.0,0.82,0.78,610917.0,717924.0,736410.0
2023,2388,威盛,3150779.0,0.041813151604730134,0.2,4984948.0,1178232.0,1079957.0,992850.0,0.41,0.18,3534696.0,3387283.5,3251039.0
2023,3686,達能,5263.0,-1.9606688200646019,-0.14,764951.0,2413.0,4142.0,5192.0,-0.16,-0.04,7239.0,9832.5,11747.0
2023,6426,統新,69244.0,-0.5939431575298942,-1.06,385090.0,36454.0,34126.0,30110.0,0.91,-0.19,109362.0,105870.0,100690.0
2023,4536,拓凱,2502470.0,0.2010813316443354,5.2,908200.0,595104.0,744020.0,648076.0,9.37,4.19,1785312.0,2008686.0,1987200.0
2023,6581,鋼聯,603248.0,0.2747924568336737,1.49,1112709.0,152413.0,152955.0,105723.0,1.93,0.56,457239.0,458052.0,411091.0
2023,2509,全坤建,54802.0,-1.137148279259881,-0.28,2245505.0,18560.0,19584.0,19428.0,-0.13,-0.23,55680.0,57216.0,57572.0
2023,3406,玉晶光,2666070.0,0.044013097930661986,0.99,1127431.0,2148218.0,3235256.0,3462646.0,15.35,13.92,6444654.0,8075211.0,8846120.0
2023,5269,祥碩,1557585.0,0.31460305537097494,7.08,693648.0,557232.0,547261.0,629479.0,10.76,9.74,1671696.0,1656739.5,1733972.0
2023,3532,台勝科,3638953.0,0.27207661104718855,2.56,3878483.0,1179513.0,1200510.0,1247826.0,3.99,2.43,3538539.0,3570034.5,3627849.0
2023,3013,晟銘電,1350195.0,0.05659552879398902,0.39,1959350.0,548381.0,549998.0,673062.0,0.69,0.42,1645143.0,1647568.5,1771441.0
2023,2476,鉅祥,1441874.0,0.18305691065932253,1.26,1906543.0,490969.0,493219.0,486606.0,1.65,1.29,1472907.0,1476282.0,1470794.0
2023,6670,復盛應用,5057050.0,0.10469542519848528,3.93,1325736.0,1590795.0,1741805.0,1882730.0,10.33,3.55,4772385.0,4998900.0,5215330.0
2023,2204,中華,9405102.0,0.16969172689461529,2.84,5536203.0,3097848.0,2720370.0,3409468.0,-0.99,2.46,9293544.0,8727327.0,9227686.0
2023,3296,勝德,305415.0,-0.13482310953947907,-0.42,967244.0,136072.0,150492.0,143140.0,0.28,0.03,408216.0,429846.0,429704.0
2023,2884,玉山金,,,0.28,156640000.0,5597849.0,5823891.0,5455815.0,0.32,0.34,16793547.0,17132610.0,16877555.0
2023,6592,和潤企業,6920367.0,0.13651775982400932,1.42,6165004.0,2403106.0,2545196.0,2554859.0,1.77,1.77,7209318.0,7422453.0,7503161.0
2023,2605,新興,1023853.0,0.15383849048642725,0.18,5853533.0,325830.0,335661.0,379754.0,-0.17,0.18,977490.0,992236.5,1041245.0
2023,9908,大台北,810130.0,0.4103415501215854,0.63,5163580.0,255663.0,251177.0,231081.0,0.65,0.75,766989.0,760260.0,737921.0
2023,4155,訊映,319389.0,0.04067453794589043,0.12,1289089.0,92213.0,96208.0,87279.0,0.48,-0.03,276639.0,282631.5,275700.0
2023,2441,超豐,3515618.0,0.169271519260625,1.04,5688459.0,1161213.0,1203031.0,1146695.0,1.07,1.05,3483639.0,3546366.0,3510939.0
2023,2495,普安,301403.0,0.06268019893630787,0.06,2735515.0,92235.0,126479.0,152276.0,0.3,0.56,276705.0,328071.0,370990.0
2023,9921,巨大,22464071.0,0.05545277167259666,3.02,3920646.0,6493721.0,6719251.0,6329718.0,5.35,2.81,19481163.0,19819458.0,19542690.0
2023,1524,耿鼎,669592.0,0.1205734238162941,0.49,1653104.0,207747.0,240721.0,246511.0,0.71,0.83,623241.0,672702.0,694979.0
2023,1473,台南,1494588.0,0.04065869657725072,0.41,1461535.0,621373.0,664222.0,404571.0,0.61,0.85,1864119.0,1928392.5,1690166.0
2023,2478,大毅,1146995.0,0.11674680360420055,0.91,1447313.0,390974.0,404884.0,395595.0,1.1,0.85,1172922.0,1193787.0,1191453.0
2023,2613,中櫃,781175.0,0.050952731462220374,0.29,1484235.0,263710.0,282325.0,280727.0,0.15,0.29,791130.0,819052.5,826762.0
2023,1203,味王,1536397.0,0.08470532030458273,0.38,2400000.0,498272.0,566658.0,544257.0,1.5,0.64,1494816.0,1597395.0,1609187.0
2023,1530,亞崴,658636.0,0.035764823058563454,0.26,965942.0,211469.0,177761.0,271990.0,1.51,1.63,634407.0,583845.0,661220.0
2023,1709,和益,2406706.0,0.050532138117410266,0.26,4770163.0,631537.0,853507.0,845980.0,0.54,0.33,1894611.0,2227566.0,2331024.0
2023,1616,億泰,1026156.0,0.060263741575355016,0.33,1941485.0,348934.0,330385.0,307904.0,-0.28,0.18,1046802.0,1018978.5,987223.0
2023,3607,谷崧,605054.0,-0.06026900078340115,-0.3,1216622.0,209045.0,259971.0,219560.0,-0.35,0.26,627135.0,703524.0,688576.0
2023,9919,康那香,730671.0,-0.3046870616187039,-1.14,1953628.0,236879.0,252766.0,265803.0,-0.28,5.56,710637.0,734467.5,755448.0
2023,2355,敬鵬,4014165.0,0.0405287276432334,0.41,3974954.0,1409949.0,1485917.0,1525589.0,0.52,0.9,4229847.0,4343799.0,4421455.0
2023,3622,洋華,391142.0,0.22930546962484213,0.51,1513276.0,172447.0,171940.0,178077.0,1.54,1.85,517341.0,516580.5,522464.0
2023,1603,華電,973038.0,0.11492048614750915,0.71,1916880.0,296923.0,282068.0,621451.0,1.07,1.08,890769.0,868486.5,1200442.0
2023,2601,益航,1330980.0,-0.30422170130279946,-0.28,8247761.0,391449.0,444540.0,408509.0,-0.03,-0.27,1174347.0,1253983.5,1244498.0
2023,2317,鴻海,1304548195.0,0.02716886209021967,2.38,138629906.0,469234396.0,412838898.0,660740414.0,2.79,3.11,1407703188.0,1323109941.0,1542813708.0
2023,1504,東元,15064064.0,0.14965251077000205,1.0,21387966.0,4887315.0,4999513.0,5300860.0,0.51,0.47,14661945.0,14830242.0,15187688.0
2023,2520,冠德,4442079.0,0.0988201695647466,0.36,5541701.0,1229817.0,1888548.0,1850438.0,0.6,1.43,3689451.0,4677547.5,4968803.0
2023,6177,達麗,323080.0,-0.2448371920267426,-0.21,4077402.0,2950414.0,246750.0,96142.0,1.05,1.04,8851242.0,4795746.0,3293306.0
2023,2363,矽統,37584.0,22.838282247765008,1.15,7495894.0,8003.0,19470.0,53734.0,-0.22,-0.12,24009.0,41209.5,81207.0
2023,5531,鄉林,343328.0,-1.1131483595861684,-0.35,9775892.0,99742.0,116133.0,449419.0,-0.47,-0.15,299226.0,323812.5,665294.0
2023,1229,聯華,3639588.0,0.4829329583458348,0.73,15837396.0,1022672.0,891803.0,861221.0,0.35,0.67,3068016.0,2871712.5,2775696.0
2023,2547,日勝生,1873256.0,-0.02316341172802863,-0.07,8800946.0,685364.0,544921.0,481000.0,-0.03,-0.02,2056092.0,1845427.5,1711285.0
2023,1786,科妍,183266.0,0.27933168181768575,0.76,672723.0,68910.0,80500.0,56688.0,0.68,0.82,206730.0,224115.0,206098.0
2023,2367,燿華,4031496.0,0.06725270222269847,0.4,6694072.0,1255904.0,1330375.0,1250692.0,0.98,0.02,3767712.0,3879418.5,3836971.0
2023,8476,台境*,666290.0,0.397960347596392,3.28,814835.0,111191.0,102122.0,154348.0,1.03,0.97,333573.0,319969.5,367661.0
2023,2024,志聯,186263.0,-0.08360221836865078,-0.16,975000.0,78875.0,79188.0,78405.0,0.11,-0.1,236625.0,237094.5,236468.0
2023,1476,儒鴻,7820978.0,0.1779828558525545,5.08,2743671.0,2886521.0,2704236.0,2382299.0,7.91,5.68,8659563.0,8386135.5,7973056.0
2023,2006,東和鋼鐵,15813857.0,0.0690262343968331,1.49,7302138.0,4771007.0,5359544.0,5370273.0,0.74,1.6,14313021.0,15195826.5,15500824.0
2023,6269,台郡,8123502.0,0.06895609799812938,1.76,3227191.0,2338303.0,2643320.0,3030223.0,5.87,2.42,7014909.0,7472434.5,8011846.0
2023,1101,台泥,27668242.0,0.1520401260043916,0.44,73561817.0,8953462.0,9379408.0,8735157.0,0.22,0.18,26860386.0,27499305.0,27068027.0
2023,2383,台光電,9180446.0,0.10895995684741243,3.01,3329183.0,3645947.0,3891346.0,4337243.0,3.93,6.05,10937841.0,11305939.5,11874536.0
2023,2038,海光,2265082.0,0.010735152193165634,0.16,1903277.0,683199.0,758000.0,704066.0,0.3,-0.01,2049597.0,2161798.5,2145265.0
2023,2504,國產,5187174.0,0.15057158290814998,0.64,11800000.0,1687045.0,1757726.0,1690330.0,0.57,0.64,5061135.0,5167156.5,5135101.0
2023,6531,愛普*,1097224.0,0.440023185785218,2.98,809291.0,443446.0,388862.0,405231.0,4.33,3.27,1330338.0,1248462.0,1237539.0
2023,1315,達新,627079.0,0.37619821426008526,2.46,990990.0,229932.0,163404.0,134277.0,5.29,1.37,689796.0,590004.0,527613.0
2023,3356,奇偶,327396.0,0.2893682268567728,1.05,898221.0,92162.0,121996.0,103058.0,0.48,0.34,276486.0,321237.0,317216.0
2023,3266,昇陽,307485.0,-0.023327967217913068,-0.01,3523143.0,1038536.0,438642.0,293449.0,-0.04,1.07,3115608.0,2215767.0,1770627.0
2023,1605,華新,49446960.0,0.02697486357098596,0.27,40313329.0,15187001.0,14410608.0,16771119.0,2.66,0.41,45561003.0,44396413.5,46368728.0
2023,1213,大飲,27330.0,-1.483607757043542,-0.72,566226.0,-297.0,-998.0,-5934.0,-0.3,-0.65,-891.0,-1942.5,-7229.0
2023,1436,華友聯,77205.0,-0.18228094035360404,-0.14,972854.0,37887.0,97600.0,61767.0,5.06,0.27,113661.0,203230.5,197254.0
2023,4737,華廣,425645.0,0.025110126983754068,0.17,610430.0,175574.0,121393.0,128176.0,0.17,-0.17,526722.0,445450.5,425143.0
2023,4967,十銓,5655299.0,0.006110552244894567,0.49,715487.0,892105.0,1272862.0,1482536.0,-0.95,0.54,2676315.0,3247450.5,3647503.0
2023,3042,晶技,2426085.0,0.17338757710467687,1.35,3097570.0,941553.0,1037312.0,1111549.0,2.75,1.94,2824659.0,2968297.5,3090414.0
2023,4142,國光生,82549.0,-3.2539703691141018,-0.57,4295078.0,111119.0,624945.0,237281.0,0.98,0.62,333357.0,1104096.0,973345.0
2023,2603,長榮,67384615.0,0.09587967520479267,2.41,21164201.0,23424088.0,24917874.0,24483411.0,30.39,10.35,70272264.0,72512943.0,72825373.0
2023,2421,建準,3279820.0,0.13158953845028082,1.72,2509297.0,1137514.0,1097364.0,1058726.0,1.42,1.49,3412542.0,3352317.0,3293604.0
2023,2032,新鋼,679219.0,-0.01882897857686549,-0.1,1305215.0,241960.0,246647.0,236205.0,0.1,0.07,725880.0,732910.5,724812.0
2023,8213,志超,5058537.0,0.056225940425067567,1.02,2712425.0,1808095.0,1791136.0,1561433.0,1.12,1.1,5424285.0,5398846.5,5160664.0
2023,4306,炎洲,3102923.0,0.08706564745564102,0.41,6549896.0,970359.0,1117797.0,1076933.0,0.42,0.38,2911077.0,3132234.0,3165089.0
2023,1220,台榮,831902.0,0.05123440020579347,0.2,1770779.0,272888.0,296778.0,295646.0,-0.09,0.23,818664.0,854499.0,865312.0
2023,3167,大量,256157.0,0.01992137634341439,0.08,825381.0,81689.0,105410.0,120769.0,0.22,0.11,245067.0,280648.5,307868.0
2023,2439,美律,8356287.0,0.045613440514908114,1.7,2177422.0,2395737.0,2583492.0,4502585.0,2.75,1.96,7187211.0,7468843.5,9481814.0
2023,2901,欣欣,32782.0,0.22372033432981514,0.1,730433.0,12252.0,11449.0,10980.0,0.06,0.13,36756.0,35551.5,34681.0
2023,9918,欣天然,475138.0,0.18838737377351422,0.5,1805375.0,121254.0,127760.0,117250.0,0.08,0.2,363762.0,373521.0,366264.0
2023,3004,豐達科,713103.0,0.08080459625047152,1.09,533142.0,266336.0,280473.0,250459.0,1.04,1.62,799008.0,820213.5,797268.0
2023,2489,瑞軒,3836232.0,-0.06710073843292064,-0.32,7980000.0,1373153.0,1764908.0,1820844.0,1.5,0.07,4119459.0,4707091.5,4958905.0
2023,3617,碩天,3079154.0,0.1569710381487902,5.81,876758.0,1117240.0,1254321.0,888449.0,6.02,5.12,3351720.0,3557341.5,3260010.0
2023,3006,晶豪科,2980731.0,-0.03381083365120838,-0.36,2861711.0,1032720.0,961951.0,1026869.0,0.3,-0.57,3098160.0,2992006.5,3021540.0
2023,8028,昇陽半導體,934082.0,0.142071038731075,0.87,1526280.0,286932.0,247130.0,253599.0,0.81,0.76,860796.0,801093.0,787661.0
2023,6472,保瑞,3138565.0,0.22329599673736245,8.92,1008308.0,1067848.0,991812.0,1016198.0,7.02,2.09,3203544.0,3089490.0,3075858.0
2023,2323,中環,1772843.0,0.7934724056219304,1.28,10893483.0,663359.0,651164.0,652777.0,-0.25,-0.98,1990077.0,1971784.5,1967300.0
2023,2915,潤泰全,680118.0,6.696717334344923,4.32,11043188.0,214824.0,263622.0,232209.0,10.55,6.29,644472.0,717669.0,710655.0
2023,4108,懷特,39408.0,-0.5705948030856679,-0.07,1986189.0,11981.0,13798.0,16951.0,0.02,0.03,35943.0,38668.5,42730.0
2023,5203,訊連,445663.0,0.13796972151603343,0.78,789418.0,158817.0,151857.0,169254.0,1.1,1.2,476451.0,466011.0,479928.0
2023,2812,台中銀,,,0.3,52260953.0,1563728.0,1539817.0,1338337.0,0.28,0.35,4691184.0,4655317.5,4441882.0
2023,2530,華建,3296.0,-5.672633495145631,-0.02,8399880.0,718.0,729.0,730.0,0.05,-0.03,2154.0,2170.5,2177.0
2023,1513,中興電,4929885.0,-0.13942211633739934,-1.44,5031125.0,1967699.0,1849896.0,1709458.0,1.17,1.51,5903097.0,5726392.5,5527053.0
2023,3596,智易,12138254.0,0.04690913536658567,2.61,2203543.0,4466513.0,4552420.0,4852577.0,2.6,3.12,13399539.0,13528399.5,13871510.0
2023,9946,三發地產,236845.0,0.1169372374337647,0.09,3265542.0,64230.0,85820.0,57454.0,0.2,-0.06,192690.0,225075.0,207504.0
2023,3308,聯德,179722.0,0.33822236565362057,0.86,706840.0,66654.0,56316.0,20892.0,0.26,0.78,199962.0,184455.0,143862.0
2023,3576,聯合再生,2961840.0,-0.13714211436134294,-0.25,16277954.0,896183.0,902479.0,831767.0,0.11,-0.84,2688549.0,2697993.0,2630429.0
2023,5222,全訊,345206.0,0.3934172638946021,2.02,745637.0,101392.0,100135.0,108076.0,1.02,1.4,304176.0,302290.5,309603.0
2023,8070,長華*,4179254.0,0.20055253880237955,0.88,689422.0,1350330.0,1374533.0,1249818.0,1.17,0.83,4050990.0,4087294.5,3974681.0
2023,2029,盛餘,2938606.0,0.022310918850638704,0.21,3211800.0,928140.0,1221073.0,972959.0,-0.49,0.68,2784420.0,3223819.5,3122172.0
2023,2340,台亞,1012372.0,0.11314220464414267,0.26,4386228.0,322338.0,395654.0,402990.0,0.24,0.31,967014.0,1076988.0,1120982.0
2023,6285,啟碁,26627137.0,0.03554415181774894,2.29,4180674.0,9416592.0,10515144.0,9277841.0,3.13,3.35,28249776.0,29897604.0,29209577.0
2023,2538,基泰,50398.0,0.5119846025635938,0.04,4384488.0,17006.0,108380.0,17038.0,0.38,-0.17,51018.0,188079.0,142424.0
2023,3058,立德,1013213.0,0.011374706009496522,0.08,1663628.0,291206.0,294704.0,320503.0,-0.07,-0.03,873618.0,878865.0,906413.0
2023,6558,興能高,285156.0,-0.028850874608985957,-0.09,937495.0,111501.0,117353.0,106736.0,0.01,0.45,334503.0,343281.0,335590.0
2023,1560,中砂,1575063.0,0.14335744030556238,1.54,1441048.0,523288.0,556064.0,569539.0,2.43,2.02,1569864.0,1619028.0,1648891.0
2023,9937,全國,6008066.0,0.029071751209124534,0.57,3090430.0,2092060.0,2212193.0,2163046.0,0.67,0.75,6276180.0,6456379.5,6467299.0
2023,4572,駐龍,219091.0,0.29141315708997634,1.78,390000.0,55062.0,83100.0,78778.0,1.91,1.64,165186.0,207243.0,216940.0
2023,4532,瑞智,4510740.0,0.05954455366525226,0.52,5049151.0,1543904.0,1321686.0,1194250.0,0.32,0.43,4631712.0,4298385.0,4059840.0
2023,1506,正道,287120.0,0.08159306213429925,0.06,3001115.0,93551.0,101233.0,93680.0,0.19,0.12,280653.0,292176.0,288464.0
2023,2496,卓越,176258.0,0.10179963462651341,0.93,191004.0,66691.0,75856.0,70315.0,1.68,1.79,200073.0,213820.5,212862.0
2023,8996,高力,1307720.0,0.15875034411036001,2.32,893841.0,417240.0,402582.0,327491.0,1.03,2.31,1251720.0,1229733.0,1147313.0
2023,2406,國碩,792278.0,-0.3702235831362224,-0.23,3509057.0,266231.0,218292.0,326251.0,-0.02,-0.03,798693.0,726784.5,810774.0
2023,1452,宏益,279273.0,0.017896466897981547,0.04,1326414.0,97837.0,104627.0,93126.0,0.33,0.26,293511.0,303696.0,295590.0
2023,2850,新產,5059244.0,0.1419164602458391,2.28,3159633.0,1833973.0,1743570.0,1699357.0,1.78,3.15,5501919.0,5366314.5,5276900.0
2023,6189,豐藝,6739413.0,0.03909079321893465,1.13,2124314.0,2371700.0,2964660.0,3027372.0,0.96,1.91,7115100.0,8004540.0,8363732.0
2023,4999,鑫禾,567123.0,0.140824829886991,1.08,744172.0,126200.0,153040.0,180549.0,1.24,0.15,378600.0,418860.0,459789.0
2023,8463,潤泰材,1315243.0,0.047494645476159156,0.25,1500000.0,423134.0,489597.0,486018.0,,0.26,1269402.0,1369096.5,1398749.0
2023,3528,安馳,1761023.0,0.011592125713292784,0.3,663660.0,523949.0,531717.0,491643.0,0.78,-0.15,1571847.0,1583499.0,1547309.0
2023,2462,良得電,878990.0,0.04255679814332359,0.26,1461521.0,337401.0,363955.0,378619.0,0.53,1.17,1012203.0,1052034.0,1079975.0
2023,2385,群光,25362699.0,0.08590260839353099,2.5,7600532.0,8022391.0,8645868.0,9140680.0,2.97,2.93,24067173.0,25002388.5,25808939.0
2023,2360,致茂,4416240.0,0.23863784576925168,2.42,4253644.0,1314570.0,1875290.0,1657291.0,4.11,2.91,3943710.0,4784790.0,4847151.0
2023,1512,瑞利,288505.0,0.004093516576835756,0.02,981835.0,76832.0,90778.0,89068.0,-0.03,0.02,230496.0,251415.0,256678.0
2023,3679,新至陞,885778.0,0.30821379623336775,4.35,630242.0,302218.0,316908.0,311739.0,5.52,2.82,906654.0,928689.0,930865.0
2023,1325,恆大,103188.0,0.17895491723843857,0.23,852812.0,32802.0,32476.0,31793.0,0.28,0.34,98406.0,97917.0,97071.0
2023,2460,建通,562819.0,-0.053717091995828144,-0.18,1692000.0,222210.0,254970.0,237142.0,-0.25,-0.31,666630.0,715770.0,714322.0
2023,2727,王品,5381728.0,0.06670961445840444,4.84,844508.0,1950153.0,2100432.0,1754190.0,3.77,3.7,5850459.0,6075877.5,5804775.0
2023,3003,健和興,1120718.0,0.14710569474212068,1.06,1556549.0,319989.0,323991.0,334845.0,1.72,0.99,959967.0,965970.0,978825.0
2023,1470,大統新創,149462.0,0.05714495992292355,0.1,857670.0,51323.0,51791.0,42437.0,0.15,0.06,153969.0,154671.0,145551.0
2023,3019,亞光,4451394.0,0.09315486339784795,1.07,2792439.0,1549057.0,1567186.0,1598569.0,1.62,0.65,4647171.0,4674364.5,4714812.0
2024,1795,美時,4742928.0,0.28074851652818683,5.09,2655183.0,2722045.0,1325338.0,1186821.0,4.76,5.98,8166135.0,6071074.5,5234204.0
2024,2913,農林,98946.0,-0.5280860267216462,-0.06,7900000.0,33683.0,43067.0,39871.0,-0.05,-0.05,101049.0,115125.0,116621.0
2024,3054,立萬利,23282.0,0.14229877158319731,0.04,834110.0,5155.0,7396.0,10983.0,-0.18,-0.29,15465.0,18826.5,23534.0
2024,1503,士電,8171357.0,0.0903200043762621,1.36,5209722.0,2597572.0,2536899.0,2922673.0,1.28,1.34,7792716.0,7701706.5,8057144.0
2024,2832,台產,1814658.0,0.16216168556278923,0.81,3622004.0,740756.0,579793.0,615067.0,0.88,0.81,2222268.0,1980823.5,1935616.0
2024,9912,偉聯,128590.0,-0.08124270938642196,-0.12,546566.0,46579.0,47986.0,38313.0,-0.08,-0.2,139737.0,141847.5,132878.0
2024,2883,凱基金,,,0.49,183908413.0,16803204.0,-2258624.0,10037434.0,0.44,0.73,50409612.0,21816870.0,24582014.0
2024,8443,阿瘦,243132.0,-0.10203922149285162,-0.37,668000.0,68133.0,87499.0,113462.0,0.11,-0.39,204399.0,233448.0,269094.0
2024,1477,聚陽,7694161.0,0.11528638405149047,3.55,2466937.0,3063423.0,4110109.0,3291362.0,5.47,4.58,9190269.0,10760298.0,10464894.0
2024,1608,華榮,3158723.0,0.07755602501390593,0.5,6327735.0,983730.0,987386.0,903344.0,0.17,0.2,2951190.0,2956674.0,2874460.0
2024,3312,弘憶股,4543950.0,0.02509292575842604,0.74,1626254.0,1571375.0,1634558.0,1544313.0,0.91,0.3,4714125.0,4808899.5,4750246.0
2024,3715,定穎投控,4228126.0,0.08280311419290722,1.22,2776746.0,1540270.0,1620419.0,1589090.0,1.51,0.93,4620810.0,4741033.5,4749779.0
2024,9942,茂順,987425.0,0.16850900068359623,2.0,831613.0,315224.0,335463.0,322594.0,3.5,2.05,945672.0,976030.5,973281.0
2024,3532,台勝科,3225016.0,0.10746551334939114,0.9,3878483.0,1021061.0,1007680.0,1021364.0,2.43,0.45,3063183.0,3043111.5,3050105.0
2024,8462,柏文,1276641.0,0.07145940009759988,1.17,793421.0,445994.0,453356.0,445693.0,0.69,1.23,1337982.0,1349025.0,1345043.0
2024,9917,中保科,4340014.0,0.18557267326787424,1.78,4511971.0,1486076.0,1473856.0,1507922.0,1.48,1.64,4458228.0,4439898.0,4467854.0
2024,6589,台康生技,246403.0,-0.8953503001180992,-0.72,3061992.0,88533.0,81470.0,78220.0,-0.36,-0.84,265599.0,255004.5,248223.0
2024,1303,南亞,66406336.0,0.02636719785292777,0.22,79308216.0,22531108.0,22463979.0,21428221.0,0.55,0.0,67593324.0,67492630.5,66423308.0
2024,1904,正隆,10683651.0,0.015437232084799475,0.14,11082745.0,3710394.0,3650543.0,5159848.0,0.12,0.05,11131182.0,11041405.5,12520785.0
2024,1310,台苯,3432906.0,0.0006621212465473858,0.01,5278698.0,1033684.0,1037809.0,961410.0,0.0,-0.34,3101052.0,3107239.5,3032903.0
2024,1301,台塑,51108854.0,0.026699698647126777,0.22,63657408.0,17709919.0,16140806.0,16641520.0,1.05,-0.49,53129757.0,50776087.5,50492245.0
2024,6120,達運,5253092.0,-0.00048771276040853655,0.0,6655551.0,2195173.0,2152199.0,1655913.0,0.09,0.02,6585519.0,6521058.0,6003285.0
2024,1451,年興,1631959.0,0.03947157986199408,0.32,2055700.0,660632.0,525555.0,446175.0,-0.03,0.44,1981896.0,1779280.5,1632362.0
2024,8422,可寧衛*,1450021.0,0.18346768770935043,2.51,1091875.0,357500.0,447422.0,337460.0,1.36,2.6,1072500.0,1207383.0,1142382.0
2024,2485,兆赫,974843.0,-0.0994354988444293,-0.29,3176890.0,83273.0,100165.0,90854.0,0.23,-0.87,249819.0,275157.0,274292.0
2024,1735,日勝化,673234.0,0.03300932513806492,0.23,993880.0,235449.0,232662.0,217873.0,0.3,0.19,706347.0,702166.5,685984.0
2024,1471,首利,78458.0,0.036885977210736956,0.02,1504145.0,19763.0,24686.0,24269.0,0.06,0.23,59289.0,66673.5,68718.0
2024,1531,高林股,438892.0,0.04797535612405786,0.12,1836081.0,152511.0,130417.0,148094.0,0.46,0.06,457533.0,424392.0,431022.0
2024,2360,致茂,5514861.0,0.26055108188583537,3.34,4253268.0,1789926.0,2072772.0,1769068.0,2.91,3.39,5369778.0,5794047.0,5631766.0
2024,4306,炎洲,5100720.0,0.09383028278360701,0.72,6792085.0,1583736.0,1445593.0,1291101.0,0.38,0.26,4751208.0,4543993.5,4320430.0
2024,3050,鈺德,298811.0,0.050925166744196164,0.06,1549845.0,114916.0,112198.0,112195.0,0.25,0.18,344748.0,340671.0,339309.0
2024,6464,台數科,1052429.0,0.2464964382395392,1.96,1276131.0,356125.0,362157.0,365552.0,1.91,1.65,1068375.0,1077423.0,1083834.0
2024,5534,長虹,2159774.0,0.17217958916071774,1.28,2903260.0,359274.0,557431.0,1579669.0,1.14,1.14,1077822.0,1375057.5,2496374.0
2024,1506,正道,262371.0,0.01960963673576729,0.02,3003885.0,77806.0,85384.0,91268.0,0.12,0.04,233418.0,244785.0,254458.0
2024,2340,台亞,1080913.0,-0.05184968632998215,-0.13,4386228.0,339774.0,402632.0,410513.0,0.31,-0.39,1019322.0,1113609.0,1152919.0
2024,8463,潤泰材,1551901.0,0.03580640775410287,0.15,1500000.0,535368.0,615168.0,592900.0,0.26,0.43,1606104.0,1725804.0,1743436.0
2024,2029,盛餘,3308011.0,0.04733750885350744,0.48,3211800.0,1097211.0,1192771.0,1066034.0,0.68,0.26,3291633.0,3434973.0,3356016.0
2024,8210,勤誠,3607378.0,0.12672805566813347,3.77,1205877.0,1502967.0,1303517.0,1465146.0,2.09,5.34,4508901.0,4209726.0,4271630.0
2024,1513,中興電,6133879.0,0.14638746541951675,1.82,5031125.0,2085481.0,2195732.0,2105114.0,1.51,1.86,6256443.0,6421819.5,6386327.0
2024,3593,力銘,197659.0,-0.06267359442271792,-0.13,930425.0,74923.0,72090.0,78313.0,-0.12,-0.89,224769.0,220519.5,225326.0
2024,3622,洋華,472239.0,0.32648087091493927,0.94,1513276.0,143522.0,214586.0,127930.0,1.85,2.02,430566.0,537162.0,486038.0
2024,4104,佳醫,2159513.0,0.12172327742412294,1.42,1633975.0,648950.0,669182.0,741238.0,1.06,0.93,1946850.0,1977198.0,2059370.0
2024,2303,聯電,56799290.0,0.24252440479449655,1.11,125285889.0,20896877.0,20645494.0,18942714.0,1.29,1.17,62690631.0,62313556.5,60485085.0
2024,3051,力特,433883.0,0.131807422738388,0.34,1700000.0,159101.0,162030.0,175256.0,0.46,0.48,477303.0,481696.5,496387.0
2024,2548,華固,1735822.0,0.1638537822426493,0.96,3044940.0,3053599.0,1995647.0,374214.0,2.24,4.32,9160797.0,7573869.0,5423460.0
2024,2538,基泰,580125.0,0.0506959706959707,0.07,4450255.0,53765.0,143178.0,18799.0,-0.17,-0.12,161295.0,295414.5,215742.0
2024,6446,藥華藥,2306483.0,0.29474312188730634,2.05,3409069.0,879603.0,901338.0,932418.0,0.67,2.18,2638809.0,2671411.5,2713359.0
2024,3494,誠研,236539.0,-0.07416535962357158,-0.06,1440000.0,92593.0,91272.0,93082.0,-0.12,-0.13,277779.0,275797.5,276947.0
2024,5521,工信,1643372.0,0.004122012544938091,0.01,4922802.0,527994.0,709330.0,755194.0,0.06,0.2,1583982.0,1855986.0,1992518.0
2024,8021,尖點,890069.0,0.08325197259987709,0.48,1421805.0,319609.0,320210.0,322013.0,0.24,0.48,958827.0,959728.5,961832.0
2024,3481,群創,56860685.0,0.020814997216442258,0.12,90786334.0,17653860.0,18480104.0,19121611.0,-0.22,0.04,52961580.0,54200946.0,55255575.0
2024,2439,美律,10294178.0,0.055772010159529005,2.24,2363498.0,3807765.0,4503841.0,4548840.0,1.96,2.63,11423295.0,12467409.0,12860446.0
2024,6189,豐藝,9570257.0,0.043828708048279166,1.76,2175276.0,3123143.0,2868868.0,2930003.0,1.91,1.31,9369429.0,8988016.5,8922014.0
2024,2408,南亞科,9921043.0,-0.082096711001051,-0.26,30986594.0,2745416.0,2802250.0,2584927.0,-0.81,-0.48,8236248.0,8321499.0,8132593.0
2024,3011,今皓,282447.0,-0.15399703307169132,-0.37,1127192.0,98133.0,123070.0,111747.0,-0.2,-0.66,294399.0,331804.5,332950.0
2024,6873,泓德能源,1272111.0,0.08852057721378087,1.1,1048257.0,2466060.0,614868.0,764328.0,0.91,4.16,7398180.0,4621392.0,3845256.0
2024,3027,盛達,436616.0,-0.024353207395056524,-0.17,1155464.0,167260.0,209228.0,161301.0,0.95,-0.48,501780.0,564732.0,537789.0
2024,2454,聯發科,127271121.0,0.2039361781059507,16.19,15993441.0,45609723.0,41527835.0,44675936.0,11.64,15.94,136829169.0,130706337.0,131813494.0
2024,2062,橋椿,2042617.0,0.10427848196700605,1.06,1999942.0,587856.0,651276.0,572307.0,0.72,0.38,1763568.0,1858698.0,1811439.0
2024,2421,建準,3676894.0,0.10311447651196907,1.39,2734437.0,1396377.0,1360405.0,1273787.0,1.49,1.28,4189131.0,4135173.0,4030569.0
2024,1519,華城,4645842.0,0.19148671005169784,2.91,2871644.0,2003638.0,1587327.0,1765912.0,2.73,4.28,6010914.0,5386447.5,5356877.0
2024,3311,閎暉,593207.0,0.045680512873246606,0.39,680000.0,211114.0,214164.0,224747.0,0.52,-0.55,633342.0,637917.0,650025.0
2024,3576,聯合再生,1369596.0,-0.6166234422413617,-0.52,16277954.0,444595.0,462520.0,427365.0,-0.84,-0.49,1333785.0,1360672.5,1334480.0
2024,2022,聚亨,1978688.0,-0.04875149594074457,-0.11,3371682.0,635381.0,593804.0,689236.0,-0.06,-0.19,1906143.0,1843777.5,1918421.0
2024,1460,宏遠,1750376.0,-0.07054427163078104,-0.18,6946434.0,647279.0,731112.0,742908.0,-0.67,-0.23,1941837.0,2067586.5,2121299.0
2024,2103,台橡,8944708.0,0.04167167894133604,0.39,8257099.0,3323815.0,3195688.0,3410390.0,0.19,0.43,9971445.0,9779254.5,9929893.0
2024,4904,遠傳,24970030.0,0.12577065385984718,0.86,36057054.0,7894640.0,7723411.0,9121101.0,0.87,0.88,23683920.0,23427076.5,24739152.0
2024,3023,信邦,8305344.0,0.11282819832628245,3.89,2400332.0,2800068.0,2811520.0,2858220.0,3.64,3.96,8400204.0,8417382.0,8469808.0
2024,1597,直得,249958.0,0.07644084206146633,0.22,892619.0,84938.0,110720.0,84718.0,0.29,0.15,254814.0,293487.0,280376.0
2024,2330,台積電,673510177.0,0.36771743985094973,9.55,259336292.0,256953058.0,250866368.0,251872717.0,8.14,12.55,770859174.0,761729139.0,759692143.0
2024,1305,華夏,3075862.0,0.030337837003090517,0.16,5810505.0,997410.0,643628.0,921273.0,0.25,-0.71,2992230.0,2461557.0,2562311.0
2024,6205,詮欣,409119.0,0.19944808234279024,0.99,822359.0,130514.0,96364.0,116974.0,0.45,0.61,391542.0,340317.0,343852.0
2024,1472,三洋實業,537144.0,0.020869636447582027,0.26,424881.0,185298.0,158084.0,203874.0,1.86,0.49,555894.0,515073.0,547256.0
2024,1528,恩德,975740.0,0.0106001598786562,0.05,1913310.0,302645.0,308799.0,342583.0,0.08,-0.34,907935.0,917166.0,954027.0
2024,2727,王品,5359670.0,0.06646901768205879,4.24,844511.0,1826000.0,2119687.0,1783234.0,3.7,4.4,5478000.0,5918530.5,5728921.0
2024,1537,廣隆,2113519.0,0.1276364205857624,3.29,820628.0,725054.0,772132.0,706926.0,2.21,3.4,2175162.0,2245779.0,2204112.0
2024,3504,揚明光,637576.0,-0.09100248440970174,-0.51,1140598.0,244039.0,213455.0,236830.0,-0.59,-0.07,732117.0,686241.0,694324.0
2024,3563,牧德,311610.0,0.2636308205770033,1.51,581462.0,110981.0,106532.0,128915.0,1.89,0.6,332943.0,326269.5,346428.0
2024,3545,敦泰,2977338.0,0.035720163448019676,0.52,2193874.0,1210689.0,1181938.0,1420436.0,0.61,0.79,3632067.0,3588940.5,3813063.0
2024,2497,怡利電,1130802.0,0.07845847460474956,0.72,1227985.0,414211.0,489824.0,444427.0,0.79,0.84,1242633.0,1356052.5,1348462.0
2024,2305,全友,164127.0,0.11672058832489475,0.06,2056608.0,64093.0,66730.0,66227.0,0.11,-0.01,192279.0,196234.5,197050.0
2024,2904,匯僑,127543.0,0.20496616827266098,0.34,778344.0,40017.0,41328.0,43468.0,0.19,0.27,120051.0,122017.5,124813.0
2024,2352,佳世達,49857346.0,0.016171799437539255,0.34,19667820.0,16291409.0,16840284.0,17666058.0,0.61,0.53,48874227.0,49697539.5,50797751.0
2024,2636,台驊控股,6835492.0,0.059990268440077175,2.84,1433912.0,2671203.0,2615636.0,2341102.0,4.03,2.3,8013609.0,7930258.5,7627941.0
2024,2431,聯昌,86628.0,-0.18114235582028906,-0.14,1109270.0,39483.0,31490.0,41369.0,-0.15,-0.15,118449.0,106459.5,112342.0
2024,2227,裕日車,5917371.0,0.06467804705839807,1.27,3000000.0,1924508.0,1377419.0,1960731.0,1.28,0.34,5773524.0,4952890.5,5262658.0
2024,1213,大飲,41904.0,-0.0014795723558610157,0.0,566226.0,19561.0,25897.0,18428.0,-0.65,-0.32,58683.0,68187.0,63886.0
2024,1413,宏洲,486867.0,-0.028860037751583082,-0.11,1321124.0,207960.0,223484.0,205423.0,-0.3,0.03,623880.0,647166.0,636867.0
2024,3040,遠見,32266.0,0.40677493336639187,0.21,630000.0,8813.0,13219.0,13180.0,0.39,0.12,26439.0,33048.0,35212.0
2024,6753,龍德造船,1273105.0,0.1701792075280515,2.01,1131375.0,251305.0,399582.0,345462.0,0.9,0.83,753915.0,976330.5,996349.0
2024,6283,淳安,380818.0,-0.018838395243922293,-0.07,1479063.0,118747.0,109673.0,127701.0,-0.26,-0.17,356241.0,342630.0,356121.0
2024,6669,緯穎,77480880.0,0.0605786356582424,26.85,1748408.0,31121386.0,32192450.0,34504530.0,14.96,34.61,93364158.0,94970754.0,97818366.0
2024,3714,富采,6606270.0,-0.0751872085155466,-0.41,7529405.0,2292505.0,2360264.0,2038647.0,-0.88,0.01,6877515.0,6979153.5,6691416.0
2024,1512,瑞利,264924.0,-0.0018797843909951534,0.0,981835.0,86415.0,90865.0,76033.0,0.02,-0.16,259245.0,265920.0,253313.0
2024,1108,幸福,1217113.0,0.10896605327525054,0.33,4047380.0,344972.0,382273.0,417664.0,0.47,0.27,1034916.0,1090867.5,1144909.0
2024,6533,晶心科,278432.0,-0.27959429950580394,-1.54,506509.0,116159.0,79221.0,233249.0,2.06,-0.04,348477.0,293070.0,428629.0
2024,2015,豐興,9017004.0,0.08598853898700722,1.34,5815994.0,2784384.0,2749966.0,2645006.0,0.91,0.78,8353152.0,8301525.0,8179356.0
2024,8150,南茂,5809559.0,0.07755769413822977,0.62,7272401.0,2063385.0,2115776.0,1888888.0,0.8,0.41,6190155.0,6268741.5,6068049.0
2024,2489,瑞軒,5902021.0,0.042076265062425226,0.33,7401000.0,2346202.0,2622042.0,2461537.0,0.07,0.22,7038606.0,7452366.0,7429781.0
2024,1418,東華,2448.0,-10.068627450980392,-0.45,568343.0,87.0,711.0,89.0,-0.4,-0.47,261.0,1197.0,887.0
2024,2415,錩新,555082.0,0.010461517397429568,0.14,900000.0,234640.0,206609.0,169890.0,-0.22,0.49,703920.0,661873.5,611139.0
2024,9937,全國,6030242.0,0.028633842555572397,0.56,3090430.0,2039281.0,2120431.0,2028502.0,0.75,0.63,6117843.0,6239568.0,6188214.0
2024,1475,業旺,523999.0,0.28555779686602456,2.27,660168.0,175414.0,173771.0,172791.0,2.22,1.21,526242.0,523777.5,521976.0
2024,2536,宏普,182182.0,0.23260256227289194,0.14,3328087.0,43962.0,14924.0,14922.0,-0.33,0.02,131886.0,88329.0,73808.0
2024,8438,昶昕,918280.0,0.05851265409243368,0.77,699430.0,325739.0,296631.0,301193.0,0.38,0.64,977217.0,933555.0,923563.0
2024,2301,光寶科,33285492.0,0.0938552147584299,1.36,23472500.0,12865638.0,12053795.0,11850060.0,2.0,1.48,38596914.0,37379149.5,36769493.0
2024,5306,桂盟,1357940.0,0.1929194220657761,2.07,1260008.0,471781.0,453772.0,442098.0,1.26,2.55,1415343.0,1388329.5,1367651.0
2024,8105,凌巨,1905540.0,-0.033849722388404335,-0.15,4415449.0,875489.0,766422.0,819432.0,0.29,0.03,2626467.0,2462866.5,2461343.0
2024,2033,佳大,149485.0,0.028551359668194134,0.05,806945.0,45110.0,48987.0,42216.0,0.0,0.06,135330.0,141145.5,136313.0
2024,2450,神腦,7417089.0,0.012625842834028282,0.37,2582527.0,2412011.0,2639948.0,2761710.0,0.82,0.43,7236033.0,7577938.5,7813669.0
2024,2505,國揚,240084.0,0.2000924676363273,0.13,3800000.0,446.0,712.0,71832.0,0.11,0.1,1338.0,1737.0,72990.0
2024,6515,穎崴,1255666.0,0.1784885471136433,6.52,347691.0,593965.0,625010.0,711340.0,3.7,11.75,1781895.0,1828462.5,1930315.0
2024,2850,新產,5063366.0,0.15957270321758293,2.56,3159633.0,1849431.0,1714006.0,1759652.0,3.15,2.58,5548293.0,5345155.5,5323089.0
2024,9918,欣天然,473131.0,0.2286745108648556,0.61,1805375.0,137382.0,124957.0,116040.0,0.2,0.19,412146.0,393508.5,378379.0
2024,1713,國化,153024.0,2.2203249163529906,2.25,1509517.0,37503.0,35819.0,32031.0,0.76,0.31,112509.0,109983.0,105353.0
2024,2506,太設,339594.0,-0.01761515221116981,-0.06,3870000.0,114816.0,70032.0,157094.0,0.2,2.56,344448.0,277272.0,341942.0
2024,1454,台富,426567.0,0.0246948310581925,0.08,1298338.0,128876.0,148457.0,138676.0,0.03,0.0,386628.0,415999.5,416009.0
2024,1717,長興,11569586.0,0.039329670050423586,0.38,11782655.0,3756430.0,3958986.0,3618106.0,0.51,0.38,11269290.0,11573124.0,11333522.0
2024,2374,佳能,1534973.0,0.09481534854359001,0.51,2875343.0,562693.0,574025.0,574774.0,0.84,0.48,1688079.0,1705077.0,1711492.0
2024,2025,千興,225052.0,0.08815740362227396,0.07,2811673.0,66426.0,49327.0,53793.0,-0.01,-0.38,199278.0,173629.5,169546.0
2024,6269,台郡,7565466.0,0.011523943138466289,0.24,3225010.0,2331023.0,2109470.0,1975551.0,2.42,-1.03,6993069.0,6660739.5,6416044.0
2024,8464,億豐,7413635.0,0.2453022033051263,6.03,2930202.0,2703110.0,2629809.0,2527173.0,5.41,6.05,8109330.0,7999378.5,7860092.0
2024,2429,銘旺科,64813.0,-0.658525295851141,-0.96,455000.0,20440.0,25658.0,31408.0,-0.12,-0.4,61320.0,69147.0,77506.0
2024,1447,力鵬,9000089.0,0.0043000685882106275,0.02,9100712.0,2380505.0,2981826.0,1892762.0,0.05,-0.16,7141515.0,8043496.5,7255093.0
2024,2034,允強,3538894.0,0.00835176187814611,0.07,4702256.0,1280117.0,1357518.0,1158954.0,-0.42,0.0,3840351.0,3956452.5,3796589.0
2024,8940,新天地,309150.0,-0.3245317806889859,-1.46,674910.0,111925.0,52898.0,133124.0,-0.1,-0.31,335775.0,247234.5,297947.0
2024,2610,華航,50268867.0,0.07422232134255184,0.57,60517407.0,18345343.0,17745670.0,16009087.0,0.38,0.63,55036029.0,54136519.5,52100100.0
2024,1720,生達,1760104.0,0.1822301409462168,1.21,1786961.0,573665.0,592546.0,577357.0,1.26,1.22,1720995.0,1749316.5,1743568.0
2024,1109,信大,1376035.0,0.15319305104884687,0.55,3411589.0,382035.0,359275.0,317761.0,0.34,0.18,1146105.0,1111965.0,1059071.0
2024,4155,訊映,438764.0,0.0999899718299587,0.3,1470752.0,145098.0,131976.0,178073.0,-0.03,-0.17,435294.0,415611.0,455147.0
2024,3025,星通,119218.0,0.2931855927796138,0.61,567365.0,84517.0,77764.0,89129.0,0.5,1.55,253551.0,243421.5,251410.0
2024,3591,艾笛森,668680.0,0.070506071663576,0.32,1436094.0,217439.0,226249.0,231507.0,0.11,0.22,652317.0,665532.0,675195.0
2024,2020,美亞,1419039.0,0.13104150062119505,0.41,2670313.0,358514.0,461820.0,413855.0,1.45,0.72,1075542.0,1230501.0,1234189.0
2024,2373,震旦行,2921189.0,0.08893810020508772,1.08,2362025.0,968251.0,854905.0,989382.0,1.41,1.29,2904753.0,2734734.0,2812538.0
2024,6214,精誠,8907951.0,0.05415588837432985,1.87,2723033.0,3160505.0,2653204.0,3389132.0,1.35,1.79,9481515.0,8720563.5,9202841.0
2024,8478,東哥遊艇,1709326.0,0.3050143740866283,5.92,888863.0,27170.0,277542.0,632859.0,4.84,1.5,81510.0,457068.0,937571.0
2024,2547,日勝生,1724811.0,-0.039645503188465284,-0.09,9550946.0,697829.0,568308.0,518704.0,-0.02,-0.06,2093487.0,1899205.5,1784841.0
2024,5283,禾聯碩,1910943.0,0.10536891995208648,2.76,730004.0,839579.0,594731.0,504099.0,2.29,3.13,2518737.0,2151465.0,1938409.0
2024,6285,啟碁,30712634.0,0.037918206559554614,2.45,4852534.0,8707258.0,8887551.0,8372199.0,3.35,1.09,26121774.0,26392213.5,25967008.0
2024,6166,凌華,2521618.0,-0.04005682066038552,-0.42,2174973.0,848415.0,761783.0,822542.0,0.49,0.18,2545245.0,2415297.0,2432740.0
2024,3346,麗清,2553897.0,0.032654801661930764,0.73,1151590.0,795201.0,796090.0,861323.0,0.88,0.65,2385603.0,2386936.5,2452614.0
2024,1446,宏和,745226.0,0.3788931143035804,2.05,1377095.0,584157.0,623695.0,385413.0,-0.05,4.87,1752471.0,1811778.0,1593265.0
2024,2331,精英,4990691.0,0.0058795465397477025,0.06,5574030.0,1719777.0,1558009.0,1459533.0,0.5,-0.05,5159331.0,4916679.0,4737319.0
2024,2705,六福,496576.0,-0.09848240752674314,-0.26,1913128.0,204991.0,255898.0,168201.0,-0.09,0.15,614973.0,691333.5,629090.0
2024,2038,海光,2299034.0,0.0016459086729469856,0.05,1903277.0,800905.0,942167.0,740124.0,-0.01,-0.09,2402715.0,2614608.0,2483196.0
2024,6776,展碁國際,6027870.0,0.014969632722669865,1.01,815814.0,2151923.0,2059419.0,2368325.0,1.23,1.01,6455769.0,6317013.0,6579667.0
2024,2417,圓剛,881330.0,0.031023566654941964,-0.11,1576689.0,323582.0,294575.0,264486.0,0.11,-0.19,970746.0,927235.5,882643.0
2024,2399,映泰,527498.0,0.016663570288418156,0.05,1781000.0,179501.0,131865.0,180024.0,-0.14,-0.15,538503.0,467049.0,491390.0
2024,6790,永豐實,2719536.0,0.0696460719769843,0.71,2671290.0,909582.0,937341.0,985886.0,1.11,0.54,2728746.0,2770384.5,2832809.0
2024,8028,昇陽半導體,828058.0,0.12479077552538591,0.6,1726280.0,314777.0,310641.0,312729.0,0.76,0.73,944331.0,938127.0,938147.0
2024,1776,展宇,294564.0,0.03076071753506878,0.17,601070.0,119443.0,101377.0,100174.0,0.09,0.24,358329.0,331230.0,320994.0
2024,9910,豐泰,22266696.0,0.07607998959522329,1.6,9874828.0,8026834.0,7869949.0,6822159.0,1.71,1.45,24080502.0,23845174.5,22718942.0
2024,3052,夆典,746992.0,0.05906488958382419,0.22,2352457.0,191721.0,195513.0,190956.0,0.22,0.23,575163.0,580851.0,578190.0
2024,9929,秋雨,148539.0,0.04417021792256579,0.09,1012800.0,53798.0,58510.0,51454.0,0.13,-0.18,161394.0,168462.0,163762.0
2024,1438,三地開發,1660.0,-21.083132530120483,-0.39,912058.0,0.0,0.0,1164987.0,-0.25,-0.51,0.0,0.0,1164987.0
2024,2897,王道銀行,,,0.2,30330063.0,1101345.0,786382.0,780879.0,0.24,0.24,3304035.0,2831590.5,2668606.0
2024,2434,統懋,14779.0,-1.6680424927261654,-0.66,370000.0,5833.0,3670.0,3733.0,-0.3,0.11,17499.0,14254.5,13236.0
2024,6719,力智,921750.0,0.10531163547599674,1.06,1038913.0,323981.0,333221.0,337358.0,0.49,0.06,971943.0,985803.0,994560.0
2024,8070,長華*,4254691.0,0.16927997826399144,0.74,703286.0,1431113.0,1524668.0,1509848.0,0.83,0.62,4293339.0,4433671.5,4465629.0
2024,2467,志聖,1349332.0,0.14766417753377226,1.25,1567553.0,363067.0,357300.0,333203.0,1.08,1.1,1089201.0,1080550.5,1053570.0
2024,2342,茂矽,475641.0,0.06080426203796561,0.18,1574517.0,175512.0,174501.0,175364.0,-0.05,0.2,526536.0,525019.5,525377.0
2024,2887,台新新光金,,,0.38,140761443.0,7545087.0,8825025.0,7110453.0,0.22,0.43,22635261.0,24555168.0,23480565.0
2024,2606,裕民,4163731.0,0.28992723112996494,1.44,8450557.0,1775095.0,1257574.0,1446829.0,0.91,1.84,5325285.0,4549003.5,4479498.0
2024,9908,大台北,814051.0,0.275062618926824,0.42,5163580.0,247355.0,244698.0,234086.0,0.75,0.64,742065.0,738079.5,726139.0
2024,2393,億光,5555800.0,0.15153641239785448,1.85,4433931.0,1835008.0,1924804.0,1753651.0,0.91,1.25,5505024.0,5639718.0,5513463.0
2024,9921,巨大,21166075.0,0.05818088615862884,2.94,3920646.0,7573296.0,6855587.0,6028419.0,2.81,1.27,22719888.0,21643324.5,20457302.0
2024,2545,皇翔,3288176.0,0.2441523811377493,2.45,3277348.0,1031980.0,2339735.0,1075407.0,0.48,3.3,3095940.0,5057572.5,4447122.0
2024,2748,雲品,492759.0,0.07045837823357869,0.33,1057787.0,170272.0,162292.0,187066.0,0.61,0.26,510816.0,498846.0,519630.0
2024,3031,佰鴻,352540.0,0.16230782322573326,0.32,1732032.0,107921.0,87375.0,88028.0,0.26,0.46,323763.0,292944.0,283324.0
2024,2107,厚生,471299.0,0.5042552604609812,0.79,3035934.0,112650.0,106158.0,162631.0,0.65,0.65,337950.0,328212.0,381439.0
2024,2515,中工,5207155.0,0.029311975541346475,0.1,15308998.0,1807551.0,2364289.0,2186725.0,0.1,0.16,5422653.0,6257760.0,6358565.0
2024,1582,信錦,2533982.0,0.13655108836605784,2.32,1434179.0,917229.0,812293.0,739015.0,2.04,1.52,2751687.0,2594283.0,2468537.0
2024,2102,泰豐,57655.0,-1.2225479143179256,-0.15,4733292.0,18963.0,24115.0,32753.0,-0.5,-0.28,56889.0,64617.0,75831.0
2024,6579,研揚,1919052.0,0.14713671125118027,1.97,1689872.0,592884.0,545879.0,595341.0,2.33,-0.21,1778652.0,1708144.5,1734104.0
2024,2890,永豐金,,,0.42,126858509.0,6330359.0,5499468.0,5314128.0,0.45,0.47,18991077.0,17744740.5,17143955.0
2024,2501,國建,4341563.0,0.07522106669879028,0.3,11595611.0,1084232.0,923599.0,1081604.0,0.21,0.07,3252696.0,3011746.5,3089435.0
2024,2114,鑫永銓,362551.0,0.2591552636732487,1.2,779918.0,120842.0,121154.0,121761.0,1.58,1.33,362526.0,362994.0,363757.0
2024,1233,天仁,524403.0,0.03970610389337971,0.23,905919.0,171241.0,185428.0,183712.0,0.21,0.12,513723.0,535003.5,540381.0
2024,1587,吉茂,517246.0,-0.05322032456510055,-0.4,720556.0,193441.0,173296.0,182886.0,0.22,-0.07,580323.0,550105.5,549623.0
2024,2892,第一金,,,0.46,140287499.0,6828649.0,6912328.0,5578878.0,0.43,0.5,20485947.0,20611465.5,19319855.0
2024,5244,弘凱,217220.0,0.15771107632814657,0.5,679441.0,68491.0,78320.0,84150.0,0.65,0.64,205473.0,220216.5,230961.0
2024,4989,榮科,918323.0,-0.007856712725261155,-0.05,1377765.0,232763.0,247450.0,231769.0,-0.13,-0.92,698289.0,720319.5,711982.0
2024,3694,海華,2389943.0,0.05277824617574561,0.83,1525548.0,868375.0,831656.0,837574.0,0.87,0.93,2605125.0,2550046.5,2537605.0
2024,3045,台灣大,47743896.0,0.07698682570856806,1.07,37232618.0,15470631.0,15817811.0,15913075.0,1.04,1.38,46411893.0,46932663.0,47201517.0
2024,2017,官田鋼,860795.0,-0.010426408145958096,-0.02,4468747.0,263698.0,314023.0,307510.0,-0.1,-0.1,791094.0,866581.5,885231.0
2024,4930,燦星網,1935136.0,0.05812046285118979,0.74,800000.0,785484.0,886173.0,862377.0,2.24,0.73,2356452.0,2507485.5,2534034.0
2024,6655,科定,631645.0,0.18014390994941779,1.45,821813.0,233492.0,234592.0,210765.0,1.26,1.4,700476.0,702126.0,678849.0
2024,6116,彩晶,2176727.0,-0.4633222264436468,-0.35,29403289.0,778066.0,625022.0,983993.0,-0.38,-0.51,2334198.0,2104632.0,2387081.0
2024,8481,政伸,275671.0,0.1885472175165324,0.78,666019.0,91341.0,102214.0,101551.0,0.58,0.82,274023.0,290332.5,295106.0
2024,2464,盟立,1743603.0,0.008421068328054036,0.07,1955312.0,647548.0,741661.0,796115.0,0.01,0.1,1942644.0,2083813.5,2185324.0
2024,1526,日馳,212106.0,0.023912572015878854,0.09,600000.0,57713.0,40900.0,61627.0,0.09,-0.51,173139.0,147919.5,160240.0
2024,5515,建國,1351810.0,0.08203297800726433,0.44,2520001.0,442984.0,454878.0,514265.0,0.31,0.68,1328952.0,1346793.0,1412127.0
2024,2471,資通,204076.0,0.21077931750916326,0.9,472539.0,75780.0,75586.0,73724.0,0.87,0.7,227340.0,227049.0,225090.0
2024,2425,承啟,237209.0,0.01638639343363869,0.1,964988.0,454217.0,618388.0,506565.0,0.86,-0.16,1362651.0,1608907.5,1579170.0
2024,6426,統新,77957.0,-0.4109958053798889,-0.84,385090.0,29022.0,20423.0,25731.0,-0.19,-1.02,87066.0,74167.5,75176.0
2024,6153,嘉聯益,1969092.0,-0.1885178549300896,-0.59,5961777.0,764193.0,646478.0,675817.0,-2.55,-2.04,2292579.0,2116006.5,2086488.0
2024,2006,東和鋼鐵,15434701.0,0.07574153849821905,1.59,7302138.0,5060861.0,5290398.0,4541875.0,1.6,1.48,15182583.0,15526888.5,14893134.0
2024,6409,旭隼,6507110.0,0.19733030485115513,14.71,877262.0,2203550.0,2529635.0,1967547.0,7.21,14.08,6610650.0,7099777.5,6700732.0
2024,2420,新巨,563506.0,0.29619382934698124,1.1,1526487.0,205050.0,209957.0,167314.0,1.04,1.08,615150.0,622510.5,582321.0
2024,6414,樺漢,36321094.0,0.033579577751705385,3.69,1370771.0,11759368.0,13068467.0,12884375.0,6.12,5.03,35278104.0,37241752.5,37712210.0
2024,9925,新保,1951402.0,0.1855558208918511,0.88,3874896.0,662620.0,669077.0,648220.0,0.51,0.46,1987860.0,1997545.5,1979917.0
2024,2014,中鴻,8160301.0,-0.03274278730649764,-0.18,14355444.0,2558318.0,2190260.0,1956661.0,-0.08,-0.43,7674954.0,7122867.0,6705239.0
2024,4576,大銀微系統,582518.0,0.06482546462083576,0.22,1198018.0,173009.0,207215.0,216868.0,0.14,0.2,519027.0,570336.0,597092.0
2024,8114,振樺電,3187853.0,0.1341256952563371,3.05,756408.0,1170262.0,1222483.0,1204691.0,2.2,3.51,3510786.0,3589117.5,3597436.0
2024,1229,聯華,3939143.0,0.46941377858077254,0.74,17104388.0,949035.0,918462.0,916900.0,0.67,0.44,2847105.0,2801245.5,2784397.0
2024,3005,神基,8653783.0,0.14104756266710178,1.89,6121179.0,3052995.0,2983796.0,3099271.0,1.81,1.85,9158985.0,9055186.5,9136062.0
2024,2704,國賓,296608.0,-0.029099012838493903,-0.02,3669234.0,93377.0,104627.0,129632.0,-0.15,-0.91,280131.0,297006.0,327636.0
2024,1231,聯華食,2650340.0,0.08152350264494367,0.87,2713222.0,1115087.0,1148313.0,920820.0,0.67,0.66,3345261.0,3395100.0,3184220.0
2024,2329,華泰,4060360.0,0.08708291875597238,0.5,7404883.0,1245429.0,1339230.0,1329392.0,0.82,0.25,3736287.0,3876988.5,3914051.0
2024,2707,晶華,1388047.0,0.20375030528505159,2.32,1274032.0,446706.0,482387.0,521415.0,2.3,1.74,1340118.0,1393639.5,1450508.0
2024,2912,統一超,82841047.0,0.047686034195101375,3.23,10396223.0,29596830.0,29562929.0,28721242.0,2.92,2.87,88790490.0,88739638.5,87881001.0
2024,1402,遠東新,67515955.0,0.08189618290965446,0.68,53528751.0,21849337.0,22820578.0,22602356.0,0.39,0.4,65548011.0,67004872.5,67272271.0
2024,2351,順德,2784564.0,0.08404834652749946,1.2,1821403.0,1000912.0,989583.0,914431.0,1.14,0.86,3002736.0,2985742.5,2904926.0
2024,6224,聚鼎,674070.0,0.021984363641758275,0.45,856453.0,257280.0,277948.0,331719.0,0.68,0.93,771840.0,802842.0,866947.0
2024,2527,宏璟,458980.0,0.005900039217395093,0.03,2703060.0,176936.0,361450.0,151899.0,2.59,1.27,530808.0,807579.0,690285.0
2024,1709,和益,2977968.0,0.09287272395136549,0.57,4770163.0,660172.0,1134128.0,781295.0,0.33,0.41,1980516.0,2691450.0,2575595.0
2024,6202,盛群,682586.0,-0.05050059626186298,-0.15,2261682.0,228709.0,218622.0,235964.0,0.16,-0.32,686127.0,670996.5,683295.0
2024,3679,新至陞,978667.0,0.18214673632604347,2.84,630402.0,363342.0,378908.0,376811.0,2.82,1.59,1090026.0,1113375.0,1119061.0
2024,1414,東和,142777.0,0.11721775916289039,0.08,2200000.0,45179.0,39468.0,37721.0,0.06,0.1,135537.0,126970.5,122368.0
2024,2357,華碩,144906624.0,0.08640849986264258,15.9,7427603.0,47328857.0,57139671.0,62060474.0,14.94,16.83,141986571.0,156702792.0,166529002.0
2024,2405,輔信,425932.0,0.0034911676042185136,0.0,3434273.0,149790.0,123307.0,126171.0,0.03,-0.02,449370.0,409645.5,399268.0
2024,8271,宇瞻,1883778.0,0.047735455027078565,0.69,1287292.0,611872.0,668693.0,617432.0,1.14,0.27,1835616.0,1920847.5,1897997.0
2024,2207,和泰車,,,10.54,5571028.0,25569350.0,20734032.0,20109797.0,11.39,7.69,76708050.0,69455073.0,66413179.0
2024,6024,群益期,644239.0,0.5309504702447384,1.63,2104376.0,274285.0,303047.0,230428.0,1.32,1.65,822855.0,865998.0,807760.0
2024,6117,迎廣,757195.0,0.12045113874233189,1.03,886500.0,193638.0,227261.0,256852.0,0.71,0.84,580914.0,631348.5,677751.0
2024,2028,威致,2630881.0,0.037617056795803384,0.31,3257148.0,752921.0,749916.0,828960.0,-0.09,0.08,2258763.0,2254255.5,2331797.0
2024,3406,玉晶光,4987181.0,0.20229023169602225,8.86,1127431.0,2275598.0,2640943.0,2586457.0,13.92,12.22,6826794.0,7374811.5,7502998.0
2024,4967,十銓,7476878.0,0.017573110060107977,1.83,811350.0,2900354.0,2114283.0,1185953.0,0.54,1.58,8701062.0,7521955.5,6200590.0
2024,1726,永記,2228662.0,0.08602829859350587,1.18,1620000.0,812915.0,766451.0,776108.0,1.35,1.16,2438745.0,2369049.0,2355474.0
2024,2206,三陽工業,18078479.0,0.0782056388703939,1.62,7974896.0,5801493.0,5022347.0,5367010.0,1.6,1.32,17404479.0,16235760.0,16190850.0
2024,2530,華建,1797867.0,0.2860066957121967,0.62,8399880.0,1040211.0,558079.0,402117.0,-0.03,0.63,3120633.0,2397435.0,2000407.0
2024,1445,大宇,266023.0,0.010243475188235604,0.03,1306660.0,98569.0,96901.0,76198.0,0.08,-0.15,295707.0,293205.0,271668.0
2024,2616,山隆,2971294.0,0.0018742675750026757,0.01,1372818.0,782087.0,711679.0,668022.0,0.1,-1.74,2346261.0,2240649.0,2161788.0
2024,6830,汎銓,509291.0,0.07999552318811838,0.87,467812.0,181140.0,170870.0,166502.0,1.55,0.27,543420.0,528015.0,518512.0
2024,6152,百一,861389.0,0.04837883929328097,0.25,1677385.0,194233.0,282430.0,136410.0,0.13,-0.17,582699.0,714994.5,613073.0
2024,2379,瑞昱,30673780.0,0.1430130228488305,8.56,5128636.0,10710173.0,10212638.0,9829641.0,5.01,8.53,32130519.0,31384216.5,30752452.0
2024,9938,百和,3721560.0,0.11024059802878362,1.17,2979639.0,1316174.0,1565866.0,1437236.0,0.85,1.53,3948522.0,4323060.0,4319276.0
2024,2511,太子,2184480.0,-0.04135217534607778,-0.05,16233261.0,723352.0,613333.0,623480.0,0.06,0.07,2170056.0,2005027.5,1960165.0
2024,2482,連宇,160677.0,0.0008153002607716102,0.01,778827.0,55615.0,53067.0,51935.0,0.07,-0.06,166845.0,163023.0,160617.0
2024,3501,維熹,1593609.0,0.11469187234760848,1.55,1182579.0,569254.0,550862.0,449321.0,1.4,0.98,1707762.0,1680174.0,1569437.0
2024,9927,泰銘,2205659.0,0.14209948137948794,1.87,1673185.0,780679.0,695414.0,713276.0,2.04,1.12,2342037.0,2214139.5,2189369.0
2024,3706,神達,13107649.0,0.08497526902040176,0.92,12065568.0,4807680.0,5076771.0,5265408.0,0.52,0.95,14423040.0,14826676.5,15149859.0
2024,2712,遠雄來,30090.0,-2.4916583582585576,-0.72,1050000.0,22948.0,37558.0,34258.0,0.31,-0.35,68844.0,90759.0,94764.0
2024,1232,大統益,5338089.0,0.08227700961898538,2.66,1599749.0,1859450.0,1810031.0,1742432.0,1.69,1.6,5578350.0,5504221.5,5411913.0
2024,2101,南港,2395380.0,0.22728752849234776,0.65,8339349.0,894303.0,866206.0,7027665.0,-0.01,3.12,2682909.0,2640763.5,8788174.0
2024,1321,大洋,1333269.0,0.053464079641842716,0.32,2272283.0,338679.0,339149.0,344278.0,0.22,-0.11,1016037.0,1016742.0,1022106.0
2024,6141,柏承,579584.0,-0.38984167954946997,-1.93,1133540.0,193969.0,147488.0,180225.0,-0.64,-1.61,581907.0,512185.5,521682.0
2024,1456,怡華,258169.0,-0.16149111628429438,-0.44,937200.0,44361.0,163433.0,97066.0,-0.12,-0.17,133083.0,311691.0,304860.0
2024,6695,芯鼎,217460.0,-0.17374689598087004,-0.4,963183.0,90922.0,92410.0,93510.0,0.29,-0.29,272766.0,274998.0,276842.0
2024,8454,富邦媒,26656946.0,0.028812677941426598,3.2,2523574.0,8545584.0,8762069.0,8245284.0,2.4,2.31,25636752.0,25961479.5,25552937.0
2024,2105,正新,24346068.0,0.09677587362361759,0.73,32414155.0,8180468.0,8745988.0,8461855.0,0.61,0.72,24541404.0,25389684.0,25388311.0
2024,6278,台表科,11502393.0,0.07474896745398979,2.94,2923984.0,3741938.0,3702103.0,3564916.0,3.13,2.26,11225814.0,11166061.5,11008957.0
2024,1734,杏輝,769325.0,0.07904981639749131,0.39,1811399.0,261180.0,280388.0,209681.0,0.45,0.18,783540.0,812352.0,751249.0
2024,6902,GOGOLOOK,196447.0,-0.05333754142338646,-0.32,319939.0,61161.0,70463.0,84107.0,0.44,-1.17,183483.0,197436.0,215731.0
2024,6443,元晶,1388834.0,0.021759979954407798,0.06,5127967.0,388703.0,408683.0,408906.0,0.22,0.04,1166109.0,1196079.0,1206292.0
2024,2414,精技,5662382.0,0.020572614140126892,0.61,1617358.0,2120477.0,2188950.0,2170149.0,0.63,0.79,6361431.0,6464140.5,6479576.0
2024,4142,國光生,79800.0,-3.865814536340852,-0.65,4295078.0,361114.0,186131.0,340997.0,0.62,0.63,1083342.0,820867.5,888242.0
2024,2601,益航,1196398.0,-0.022431498548142005,-0.01,8247761.0,365600.0,390952.0,354116.0,-0.27,-0.07,1096800.0,1134828.0,1110668.0
2024,3026,禾伸堂,3239323.0,0.05956090207737851,1.38,1658903.0,1207011.0,1096143.0,1108042.0,1.09,1.8,3621033.0,3454731.0,3411196.0
2024,4737,華廣,474785.0,-0.07507608707099003,-0.59,610146.0,159235.0,166956.0,162080.0,-0.17,-0.88,477705.0,489286.5,488271.0
2024,3043,科風,195626.0,-0.009191007330313966,-0.1,389756.0,73157.0,91410.0,68117.0,0.0,0.25,219471.0,246850.5,232684.0
2024,2492,華新科,8891190.0,0.14276649132455835,2.07,4858048.0,3128959.0,3076398.0,3182121.0,2.18,0.91,9386877.0,9308035.5,9387478.0
2024,8374,羅昇,766564.0,0.009796964115194557,0.05,1122505.0,248127.0,399895.0,347776.0,-0.16,0.15,744381.0,972033.0,995798.0
2024,8072,陞泰,218639.0,0.14514336417565027,0.36,800000.0,82987.0,80646.0,96249.0,0.39,0.12,248961.0,245449.5,259882.0
2024,1417,嘉裕,141452.0,-0.22067556485592285,-0.16,1899419.0,24737.0,50209.0,32097.0,-0.02,-0.16,74211.0,112419.0,107043.0
2024,5522,遠雄,5349743.0,0.1939696916281773,1.33,7815962.0,3292760.0,2887200.0,2776267.0,0.77,1.53,9878280.0,9269940.0,8956227.0
2024,5203,訊連,530872.0,0.15991802167000707,1.08,789418.0,172188.0,163911.0,186934.0,1.2,0.55,516564.0,504148.5,523033.0
2024,1752,南光,512296.0,0.08615136561675281,0.44,1009885.0,205844.0,185296.0,188749.0,0.46,0.57,617532.0,586710.0,579889.0
2024,6782,視陽,905072.0,0.16384442342708647,2.29,630000.0,331866.0,391347.0,309984.0,1.59,3.15,995598.0,1084819.5,1033197.0
2024,3035,智原,2649116.0,0.1012881278132026,0.99,2605503.0,961745.0,979666.0,942900.0,1.43,1.02,2885235.0,2912116.5,2884311.0
2024,1227,佳格,6357516.0,0.048027720260554595,0.33,9150897.0,2139161.0,2599750.0,2895023.0,0.55,0.54,6417483.0,7108366.5,7633934.0
2024,2385,群光,24673860.0,0.1174947495041311,3.4,7600532.0,8380859.0,9687161.0,9653109.0,2.93,3.29,25142577.0,27102030.0,27721129.0
2024,2023,燁輝,19876348.0,-0.01021963390860333,-0.05,19842172.0,5726665.0,5186500.0,5821470.0,-0.02,-0.38,17179995.0,16369747.5,16734635.0
2024,1722,台肥,2918506.0,0.15442798472917307,0.46,9800000.0,933103.0,995648.0,1025790.0,0.62,0.75,2799309.0,2893126.5,2954541.0
2024,2348,海悅,1662403.0,0.34804978094962535,1.43,1818989.0,619662.0,646631.0,633961.0,3.16,3.89,1858986.0,1899439.5,1900254.0
2024,4440,宜新實業,285569.0,0.11619608570958333,0.49,675980.0,115958.0,96189.0,104341.0,0.08,0.38,347874.0,318220.5,316488.0
2024,3130,一零四,651819.0,0.22863862513980107,4.49,331907.0,229752.0,220797.0,214498.0,4.54,4.54,689256.0,675823.5,665047.0
2024,2852,第一保,2029587.0,0.13551870405161248,0.91,3011638.0,700516.0,633606.0,595431.0,0.73,0.82,2101548.0,2001183.0,1929553.0
2024,6005,群益證,4349089.0,0.32131050893646923,0.58,21709081.0,1760473.0,1568931.0,1417117.0,0.5,0.57,5281419.0,4994106.0,4746521.0
2024,2613,中櫃,834078.0,0.05648872167830826,0.34,1484235.0,272591.0,297474.0,279070.0,0.29,0.36,817773.0,855097.5,849135.0
2024,1906,寶隆,785922.0,-0.02383569870801428,-0.13,1510000.0,293690.0,218130.0,243791.0,0.16,-0.19,881070.0,767730.0,755611.0
2024,2615,萬海,38162396.0,0.30324718081118385,4.12,28061464.0,20108010.0,19405801.0,14965985.0,0.91,6.57,60324030.0,59270716.5,54479796.0
2024,2314,台揚,501439.0,-0.38372962613598066,-0.76,2520283.0,126655.0,117133.0,108871.0,-0.86,-1.09,379965.0,365682.0,352659.0
2024,6835,圓裕,594924.0,0.10950810523697145,0.98,661723.0,238077.0,208184.0,194866.0,1.23,0.44,714231.0,669391.5,641127.0
2024,6177,達麗,4392132.0,0.07891247348668028,0.81,4288528.0,257235.0,148789.0,162846.0,1.04,0.03,771705.0,609036.0,568870.0
2024,2426,鼎元,649521.0,0.2053359321715541,0.44,3006223.0,214683.0,214301.0,204004.0,-0.07,0.03,644049.0,643476.0,632988.0
2024,2849,安泰銀,,,0.17,19576094.0,478886.0,479162.0,516176.0,0.35,0.24,1436658.0,1437072.0,1474224.0
2024,2836,高雄銀,,,0.15,18263271.0,422672.0,383798.0,366876.0,0.18,0.14,1268016.0,1209705.0,1173346.0
2024,6757,台灣虎航,3967956.0,0.1694759216080017,1.5,4490000.0,1626725.0,1531433.0,1264210.0,3.19,2.1,4880175.0,4737237.0,4422368.0
2024,2332,友訊,3720181.0,0.02017213678581768,0.04,6025165.0,1189028.0,1233460.0,1257999.0,0.02,0.29,3567084.0,3633732.0,3680487.0
2024,4999,鑫禾,531440.0,0.062266671684479906,0.45,744172.0,162507.0,161675.0,180477.0,0.15,-0.15,487521.0,486273.0,504659.0
2024,4952,凌通,791017.0,0.15034948679990442,1.1,1088158.0,255299.0,220070.0,181349.0,0.5,0.55,765897.0,713053.5,656718.0
2024,3047,訊舟,2098891.0,0.12880230559852798,0.41,2229663.0,805277.0,745373.0,613460.0,0.02,0.35,2415831.0,2325975.0,2164110.0
2024,5533,皇鼎,204043.0,0.1506643207559191,0.11,2852450.0,309616.0,415248.0,469004.0,0.69,0.89,928848.0,1087296.0,1193868.0
2024,4562,穎漢,157646.0,-0.04163124976212527,-0.05,875460.0,79105.0,69444.0,76153.0,0.08,-0.18,237315.0,222823.5,224702.0
2024,3704,合勤控,6508825.0,0.020812051330309233,0.32,4107940.0,2290437.0,1872510.0,2238479.0,0.73,-0.28,6871311.0,6244420.5,6401426.0
2024,1605,華新,48313810.0,0.04782133721186551,0.55,40313329.0,15032496.0,14164800.0,14503449.0,0.41,0.07,45097488.0,43795944.0,43700745.0
2024,2539,櫻花建,478608.0,0.14083759569417978,0.08,9942521.0,0.0,8000.0,0.0,0.61,-0.22,0.0,12000.0,8000.0
2024,1459,聯發,309710.0,0.3698556714345678,0.36,3586289.0,88152.0,90111.0,102407.0,0.15,0.19,264456.0,267394.5,280670.0
2024,6139,亞翔,18796216.0,0.07208136999489685,4.62,2329559.0,6764790.0,3939944.0,5610726.0,4.36,4.33,20294370.0,16057101.0,16315460.0
2024,1444,力麗,2003295.0,0.04853753441205614,0.1,9955950.0,633467.0,693298.0,710908.0,0.16,-0.08,1900401.0,1990147.5,2037673.0
2024,2380,虹光,610445.0,-0.09784992915004628,-0.27,2169341.0,143181.0,158700.0,182247.0,-1.27,-1.16,429543.0,452821.5,484128.0
2024,2387,精元,6033142.0,0.06010218224600051,1.89,1952510.0,2256455.0,2245683.0,2135139.0,2.45,2.17,6769365.0,6753207.0,6637277.0
2024,3543,州巧,789765.0,-0.018870170240514583,-0.08,892631.0,314419.0,274945.0,262441.0,0.76,-0.5,943257.0,884046.0,851805.0
2024,1539,巨庭,321024.0,0.08309347587719298,0.41,653700.0,113171.0,142762.0,84391.0,0.58,0.03,339513.0,383899.5,340324.0
2024,5285,界霖,1264123.0,0.0852440783056712,1.06,1020409.0,442200.0,440171.0,465056.0,0.46,0.06,1326600.0,1323556.5,1347427.0
2024,4755,三福化,1202733.0,0.09144257287361368,1.1,1007060.0,429085.0,454210.0,351865.0,1.09,0.94,1287255.0,1324942.5,1235160.0
2024,6657,華安,1630.0,-29.88834355828221,-0.64,762240.0,610.0,1050.0,455.0,-0.55,-1.18,1830.0,2490.0,2115.0
2024,8112,至上,70053268.0,0.012752395791157094,1.51,5534132.0,19906499.0,15971747.0,24588497.0,1.56,1.0,59719497.0,53817369.0,60466743.0
2024,2440,太空梭,1108424.0,-0.002966373878587977,-0.02,1391173.0,367259.0,296227.0,307032.0,-0.12,-0.05,1101777.0,995229.0,970518.0
2024,6592,和潤企業,7684197.0,0.13855123703882136,1.55,7231505.0,2603202.0,2453253.0,2124058.0,1.77,1.17,7809606.0,7584682.5,7180513.0
2024,6625,必應,706764.0,0.09028897906514763,1.21,489724.0,277220.0,269025.0,514199.0,2.55,1.46,831660.0,819367.5,1060444.0
2024,1718,中纖,,,0.07,16859057.0,4136869.0,4416853.0,2747430.0,0.0,0.14,12410607.0,12830583.0,11301152.0
2024,3437,榮創,529814.0,-0.03584465491663112,-0.09,1445480.0,178137.0,196230.0,135096.0,0.15,-0.19,534411.0,561550.5,509463.0
2024,2012,春雨,2202016.0,0.07900850856669525,0.55,3021627.0,728867.0,819512.0,831398.0,0.11,0.15,2186601.0,2322568.5,2379777.0
2024,6472,保瑞,5027311.0,0.2414059921894627,11.61,1015593.0,1720805.0,1870103.0,2023925.0,2.09,14.19,5162415.0,5386362.0,5614833.0
2024,6504,南六,1708010.0,-0.003943770821013929,-0.09,726000.0,505006.0,559336.0,622976.0,0.43,-0.63,1515018.0,1596513.0,1687318.0
2024,3057,喬鼎,138703.0,-0.22996618674433864,-0.35,926787.0,43824.0,40815.0,55605.0,-0.1,-0.4,131472.0,126958.5,140244.0
2024,6901,鑽石投資,-90729.0,1.4776532310507116,-0.16,8503500.0,-132147.0,98909.0,-723448.0,-3.67,-0.95,-396441.0,-49857.0,-756686.0
2024,1432,大魯閣,317571.0,-0.036328883934616196,-0.12,1080000.0,114228.0,117702.0,98050.0,0.48,-0.07,342684.0,347895.0,329980.0
2024,3321,同泰,552913.0,-0.07027687900266408,-0.4,971598.0,163087.0,175658.0,165969.0,-0.58,-0.94,489261.0,508117.5,504714.0
2024,1215,卜蜂,6704985.0,0.054071261904389045,1.28,2947901.0,2322796.0,2417581.0,2273593.0,2.2,1.74,6968388.0,7110565.5,7013970.0
2024,1423,利華,18129.0,1.4518175299244305,0.26,996480.0,14437.0,10436.0,5322.0,0.42,0.32,43311.0,37309.5,30195.0
2024,1309,台達化,4943005.0,-0.007972680585999812,-0.09,3975868.0,1620940.0,1885923.0,1678546.0,-0.18,-0.25,4862820.0,5260294.5,5185409.0
2024,3019,亞光,5614268.0,0.09831468679443162,1.59,2792439.0,2224952.0,2417407.0,2185365.0,0.65,2.46,6674856.0,6963538.5,6827724.0
2024,1762,中化生,461158.0,0.04570450908365463,0.27,775600.0,68710.0,155812.0,123658.0,0.16,-0.1,206130.0,336783.0,348180.0
2024,1201,味全,5905868.0,0.017542213947213177,0.2,5060629.0,2154021.0,2217179.0,2134895.0,0.13,0.28,6462063.0,6556800.0,6506095.0
2024,2368,金像電,9573005.0,0.1588511653341871,3.13,4918395.0,3535734.0,3571863.0,3333418.0,2.4,3.27,10607202.0,10661395.5,10441015.0
2024,3010,華立,21154439.0,0.0309883897181107,2.3,2593513.0,7288336.0,7307818.0,6816781.0,3.01,2.77,21865008.0,21894231.0,21412935.0
2024,2376,技嘉,73923373.0,0.044333934816529544,4.66,6356889.0,19035807.0,24662927.0,26735874.0,2.33,2.88,57107421.0,65548101.0,70434608.0
2024,2049,上銀,6182917.0,0.09018445500724011,1.64,3537923.0,2121103.0,2041260.0,2164124.0,1.78,1.88,6363309.0,6243544.5,6326487.0
2024,2354,鴻準,13497811.0,0.06259992824021614,0.61,14144852.0,7825674.0,6783743.0,5605568.0,0.75,0.69,23477022.0,21914125.5,20214985.0
2024,3018,隆銘綠能,207039.0,0.04099227681741121,0.25,730736.0,68718.0,90704.0,161733.0,-0.44,0.29,206154.0,239133.0,321155.0
2024,3419,譁裕,400698.0,-0.04694807560806393,-0.16,1204804.0,133112.0,97021.0,123960.0,-0.27,-0.51,399336.0,345199.5,354093.0
2024,6792,詠業,308250.0,0.07111111111111111,0.46,478753.0,110591.0,117609.0,98894.0,1.61,0.34,331773.0,342300.0,327094.0
2024,6416,瑞祺電通,1124518.0,0.08432146039458684,1.3,733485.0,332154.0,355111.0,432664.0,1.0,1.2,996462.0,1030897.5,1119929.0
2024,6213,聯茂,7595918.0,0.026361264036815563,0.55,3629572.0,2726264.0,2487284.0,2749315.0,0.64,0.69,8178792.0,7820322.0,7962863.0
2024,2211,長榮鋼,3343618.0,0.2563642138545731,1.91,4170915.0,968420.0,1150102.0,1159962.0,2.19,1.95,2905260.0,3177783.0,3278484.0
2024,2444,兆勁,325064.0,-0.053589447001205916,-0.17,1015696.0,97477.0,150201.0,113839.0,0.45,-0.3,292431.0,371517.0,361517.0
2024,2458,義隆,3151434.0,0.22786452135757881,2.58,3038804.0,1098933.0,1188899.0,1114868.0,2.69,2.49,3296799.0,3431748.0,3402700.0
2024,2462,良得電,1078417.0,0.07932460263515875,0.57,1501440.0,387851.0,372570.0,370385.0,1.17,0.12,1163553.0,1140631.5,1130806.0
2024,6552,易華電,574998.0,0.1166577970705985,0.8,830000.0,186693.0,163860.0,142201.0,0.27,-0.71,560079.0,525829.5,492754.0
2024,2233,宇隆,939751.0,0.1917444088912914,3.01,602881.0,351333.0,303064.0,309600.0,2.58,3.11,1053999.0,981595.5,963997.0
2024,2597,潤弘,6780331.0,0.09852513100024173,3.41,2589300.0,2223360.0,2470626.0,2187245.0,3.28,1.19,6670080.0,7040979.0,6881231.0
2024,2540,愛山林,2621710.0,0.20933055143398774,1.31,6249101.0,691205.0,868070.0,993268.0,0.29,-0.24,2073615.0,2338912.5,2552543.0
2024,6281,全國電,5537831.0,0.025873848443551273,1.45,991729.0,2152981.0,1841988.0,1521664.0,1.23,1.24,6458943.0,5992453.5,5516633.0
2024,1707,葡萄王,2758268.0,0.17632659335496043,2.21,1481374.0,828098.0,838643.0,1232496.0,2.48,2.81,2484294.0,2500111.5,2899237.0
2024,2013,中鋼構,4723096.0,0.02907732555086748,0.69,2000000.0,1843793.0,1443190.0,1602897.0,0.67,0.72,5531379.0,4930474.5,4889880.0
2024,3094,聯傑,41930.0,0.08080133555926544,0.04,831171.0,17598.0,11549.0,14524.0,0.13,0.01,52794.0,43720.5,43671.0
2024,8473,山林水,669983.0,0.10031150044105597,0.2,1692354.0,248304.0,367986.0,181394.0,0.26,-0.07,744912.0,924435.0,797684.0
2024,1217,愛之味,1202414.0,0.10195656404532881,0.24,4945134.0,517832.0,695333.0,487276.0,0.19,0.22,1553496.0,1819747.5,1700441.0
2024,3056,富華新,75428.0,-0.2778543776846794,-0.06,3559667.0,22616.0,56841.0,46091.0,0.2,-0.14,67848.0,119185.5,125548.0
2024,2498,宏達電,766559.0,-1.0687970528035025,-0.99,8323822.0,232519.0,203561.0,337794.0,-1.1,-1.05,697557.0,654120.0,773874.0
2024,1218,泰山,2556095.0,0.07939963107787465,0.42,4999990.0,977678.0,1025513.0,985528.0,0.36,0.55,2933034.0,3004786.5,2988719.0
2024,2401,凌陽,1787686.0,0.06279010967250401,0.01,5919949.0,618743.0,619992.0,547813.0,-0.09,0.01,1856229.0,1858102.5,1786548.0
2024,2457,飛宏,2600492.0,0.017383633558572763,0.1,4312084.0,1076921.0,1063702.0,821693.0,0.27,0.24,3230763.0,3210934.5,2962316.0
2024,2308,台達電,103443972.0,0.11556029577054523,3.83,25975433.0,37339042.0,37770041.0,37094029.0,3.6,4.75,112017126.0,112663624.5,112203112.0
2024,6715,嘉基,558493.0,0.1548184131224563,1.49,663328.0,200650.0,190378.0,189538.0,2.26,1.35,601950.0,586542.0,580566.0
2024,4540,全球傳動,579193.0,-0.15279708145644025,-0.93,951588.0,151009.0,172148.0,172404.0,0.3,-0.9,453027.0,484735.5,495561.0
2024,1527,鑽全,754837.0,0.16958495675225246,0.93,1385706.0,309026.0,292562.0,234529.0,1.11,0.85,927078.0,902382.0,836117.0
2024,2369,菱生,1370170.0,0.0666749381463614,0.27,3801023.0,465921.0,465239.0,440155.0,-0.05,-0.25,1397763.0,1396740.0,1371315.0
2024,1725,元禎,2031037.0,0.030241201908187788,0.34,1818300.0,788899.0,763853.0,606712.0,0.68,1.08,2366697.0,2329128.0,2159464.0
2024,2228,劍麟,1204797.0,0.0932771246940356,1.48,757803.0,438113.0,443891.0,478609.0,1.86,1.79,1314339.0,1323006.0,1360613.0
2024,3032,偉訓,1783707.0,0.14190222945808925,1.92,1132856.0,454874.0,560048.0,589212.0,1.61,0.62,1364622.0,1522383.0,1604134.0
2024,2480,敦陽科,1786850.0,0.11223158071466548,1.88,1063603.0,543574.0,593636.0,625350.0,1.73,1.71,1630722.0,1705815.0,1762560.0
2024,3515,華擎,5224422.0,0.06659128990728544,2.17,1216357.0,1992184.0,2230561.0,2042426.0,2.53,2.5,5976552.0,6334117.5,6265171.0
2024,4564,元翎,296939.0,-0.32211329599682087,-0.47,2027883.0,120014.0,98085.0,71381.0,-0.29,-0.37,360042.0,327148.5,289480.0
2024,1524,耿鼎,639873.0,0.16291514097328688,0.63,1653104.0,222814.0,258060.0,254120.0,0.83,0.69,668442.0,721311.0,734994.0
2024,2451,創見,2331950.0,0.30688522481185276,1.67,4298677.0,788630.0,908747.0,819543.0,1.93,0.81,2365890.0,2546065.5,2516920.0
2024,1434,福懋,7623397.0,0.03182478887036842,0.14,16846646.0,2284442.0,2440336.0,2366216.0,0.03,0.57,6853326.0,7087167.0,7090994.0
2024,4976,佳凌,309149.0,0.02961678672743564,0.07,1406900.0,113699.0,112816.0,93126.0,-0.21,-0.2,341097.0,339772.5,319641.0
2024,2032,新鋼,732348.0,0.03340078760370753,0.19,1305215.0,238679.0,261872.0,238649.0,0.07,0.01,716037.0,750826.5,739200.0
2024,8081,致新,2059054.0,0.1842350904832996,4.28,861721.0,746288.0,805873.0,725827.0,6.09,4.83,2238864.0,2328241.5,2277988.0
2024,5608,四維航,836468.0,-0.013221067631995485,0.06,3892716.0,320276.0,310350.0,311927.0,-0.4,0.2,960828.0,945939.0,942553.0
2024,6164,華興,236265.0,0.07673163608659768,0.18,1000002.0,67510.0,56179.0,57709.0,0.06,0.05,202530.0,185533.5,181398.0
2024,6438,迅得,1249590.0,0.0679590905817108,1.16,752817.0,427192.0,413016.0,473940.0,2.55,0.6,1281576.0,1260312.0,1314148.0
2024,2427,三商電,823102.0,0.07207855162543646,0.3,1968181.0,272653.0,235686.0,527869.0,0.33,0.18,817959.0,762508.5,1036208.0
2024,1102,亞泥,18984772.0,0.20592298922525906,1.27,35465629.0,6722518.0,6734055.0,6496635.0,0.81,0.56,20167554.0,20184859.5,19953208.0
2024,9902,台火,20894.0,1.0379056188379439,0.22,980496.0,3647.0,2390.0,2394.0,0.01,0.07,10941.0,9055.5,8431.0
2024,3060,銘異,876686.0,0.038721959743853555,0.24,1375632.0,287142.0,308271.0,325945.0,0.08,-0.32,861426.0,893119.5,921358.0
2024,1538,正峰,27678.0,-0.48543969940024567,-0.25,538390.0,10507.0,10850.0,7790.0,-0.75,-0.39,31521.0,32035.5,29147.0
2024,2516,新建,2322300.0,0.0020247168755113463,0.02,2262785.0,708808.0,809927.0,791013.0,0.32,0.36,2126424.0,2278102.5,2309748.0
2024,2441,超豐,3985796.0,0.1811083658069806,1.27,5688459.0,1291558.0,1316086.0,1252598.0,1.05,1.18,3874674.0,3911466.0,3860242.0
2024,1525,江申,376080.0,0.19074133163156776,0.98,734001.0,138813.0,126003.0,138583.0,1.11,1.09,416439.0,397224.0,403399.0
2024,9934,成霖,4878715.0,0.04549292180420459,0.54,4094640.0,1518715.0,1574734.0,1463163.0,0.47,0.01,4556145.0,4640173.5,4556612.0
2024,8016,矽創,4377074.0,0.15383450222683007,4.43,1201369.0,1497331.0,1596603.0,1589405.0,4.51,3.87,4491993.0,4640901.0,4683339.0
2024,1468,昶和,340210.0,0.24322624261485554,0.46,1604053.0,81353.0,88307.0,80796.0,0.28,0.09,244059.0,254490.0,250456.0
2024,2436,偉詮電,745942.0,0.1255700845374037,0.51,1780116.0,281563.0,275375.0,290543.0,0.46,0.09,844689.0,835407.0,847481.0
2024,4414,如興,3315833.0,-0.02545574520791608,-0.09,8821149.0,1671464.0,1469693.0,1271156.0,0.0,-0.01,5014392.0,4711735.5,4412313.0
2024,3533,嘉澤,7374282.0,0.3070926769548547,20.01,1124182.0,2554915.0,2723904.0,2777008.0,16.83,18.32,7664745.0,7918228.5,8055827.0
2024,3518,柏騰,93607.0,-0.4873032999668828,-0.53,840422.0,49639.0,29288.0,27063.0,-0.18,-0.71,148917.0,118390.5,105990.0
2024,2889,國票金,,,0.16,35321896.0,875979.0,611686.0,566190.0,0.13,0.14,2627937.0,2231497.5,2053855.0
2024,2468,華經,596188.0,0.022130603098351527,0.19,699612.0,188910.0,146640.0,205182.0,0.21,0.12,566730.0,503325.0,540732.0
2024,1733,五鼎,437997.0,0.062466181275214215,0.27,999502.0,139800.0,183290.0,186470.0,0.38,0.34,419400.0,484635.0,509560.0
2024,4164,承業醫,958455.0,0.029066570678852946,0.17,1668451.0,222614.0,256536.0,483895.0,0.26,0.56,667842.0,718725.0,963045.0
2024,4915,致伸,15368051.0,0.051588454515149644,1.6,4629318.0,5019074.0,5622020.0,5367441.0,1.63,1.7,15057222.0,15961641.0,16008535.0
2024,2327,國巨*,31417937.0,0.1746217773624029,13.02,5075317.0,11005022.0,10317720.0,10415225.0,11.61,7.02,33015066.0,31984113.0,31737967.0
2024,5258,虹堡,1885389.0,0.0831918505942275,1.46,1103649.0,702173.0,593504.0,802323.0,2.25,1.38,2106519.0,1943515.5,2098000.0
2024,3305,昇貿,2025743.0,0.054565658131362174,0.84,1342375.0,750663.0,775948.0,764281.0,0.58,0.95,2251989.0,2289916.5,2290892.0
2024,6128,上福,1390953.0,0.06759250672021269,0.74,1275887.0,469702.0,400024.0,486426.0,0.73,0.57,1409106.0,1304589.0,1356152.0
2024,3042,晶技,2922726.0,0.17758284560372747,1.67,3105907.0,1163477.0,1204936.0,1299860.0,1.94,1.53,3490431.0,3552619.5,3668273.0
2024,1203,味王,1523093.0,0.1162634192396656,0.5,2400000.0,475908.0,496672.0,467801.0,0.64,0.44,1427724.0,1458870.0,1440381.0
2024,8476,台境*,594119.0,0.2952253673085695,2.08,831132.0,133992.0,148139.0,102082.0,0.97,-0.6,401976.0,423196.5,384213.0
2024,5880,合庫金,,,0.3,152242106.0,7245412.0,6075946.0,5456841.0,0.34,0.38,21736236.0,19982037.0,18778199.0
2024,2010,春源,6196153.0,0.04086955244649382,0.39,6476554.0,2064809.0,2053349.0,2039061.0,0.32,0.46,6194427.0,6177237.0,6157219.0
2024,2323,中環,1764179.0,0.7918017389391893,1.29,10893483.0,650311.0,618550.0,640251.0,-0.98,-0.66,1950933.0,1903291.5,1909112.0
2024,9943,好樂迪,643157.0,0.2275478615641282,1.68,1252200.0,209005.0,213536.0,202691.0,2.37,1.35,627015.0,633811.5,625232.0
2024,3021,鴻名,859708.0,0.018458592917595277,0.17,958900.0,311152.0,376542.0,311511.0,0.1,0.48,933456.0,1031541.0,999205.0
2024,2007,燁興,1883052.0,-0.15554854565885595,-0.56,5306516.0,613331.0,694419.0,629225.0,-0.45,-0.56,1839993.0,1961625.0,1936975.0
2024,3712,永崴投控,5913408.0,0.04828281762394883,1.02,2462421.0,1612409.0,1960636.0,1762220.0,1.13,1.57,4837227.0,5359567.5,5335265.0
2024,1805,寶徠,1796.0,23.222160356347437,0.42,1001858.0,657.0,617.0,43.0,-0.21,0.17,1971.0,1911.0,1317.0
2024,6606,建德工業,204697.0,0.28287175679174587,0.37,1103038.0,62933.0,51846.0,58037.0,0.28,0.16,188799.0,172168.5,172816.0
2024,1467,南緯,1024242.0,0.0027083443170656933,0.0,2336247.0,471406.0,438840.0,537396.0,0.09,0.28,1414218.0,1365369.0,1447642.0
2024,8163,達方,5197954.0,0.030810776701756113,0.62,2800000.0,1770401.0,1814220.0,1766134.0,3.84,0.68,5311203.0,5376931.5,5350755.0
2024,2472,立隆電,2737008.0,0.16055597937601937,1.88,1647351.0,933647.0,935935.0,921902.0,1.7,1.6,2800941.0,2804373.0,2791484.0
2024,3209,全科,11498053.0,0.021174715406164852,0.82,2324776.0,5284377.0,5228233.0,3031863.0,1.0,1.05,15853131.0,15768915.0,13544473.0
2024,1103,嘉泥,738302.0,0.10260299985642732,0.11,7902474.0,258383.0,267388.0,249964.0,0.18,0.74,775149.0,788656.5,775735.0
2024,2493,揚博,903239.0,0.2055701757785038,1.63,1144373.0,318691.0,306902.0,343822.0,1.8,1.59,956073.0,938389.5,969415.0
2024,3450,聯鈞,1704853.0,0.10040396444737464,0.47,1456814.0,644812.0,658197.0,797761.0,-0.14,1.04,1934436.0,1954513.5,2100770.0
2024,2059,川湖,2516669.0,0.5787050263662007,15.29,952971.0,885818.0,868862.0,821999.0,10.31,12.12,2657454.0,2632020.0,2576679.0
2024,2908,特力,9856848.0,0.004669748382038558,0.2,5098875.0,3057871.0,2787527.0,3085499.0,0.1,0.14,9173613.0,8768097.0,8930897.0
2024,1314,中石化,8492666.0,0.02452445439394414,0.06,37848502.0,2430478.0,2826544.0,2068523.0,-0.15,-0.15,7291434.0,7885533.0,7325545.0
2024,9930,中聯資源,3381094.0,0.08880675899575699,1.17,2485404.0,1127540.0,1154187.0,1138300.0,0.86,1.13,3382620.0,3422590.5,3420027.0
2024,6191,精成科,5681273.0,0.1513880779888592,1.82,4743030.0,2060797.0,1946010.0,1888438.0,2.57,1.9,6182391.0,6010210.5,5895245.0
2024,3058,立德,834537.0,-0.10553157020000312,-0.42,2023628.0,265639.0,253446.0,261239.0,-0.03,-0.26,796917.0,778627.5,780324.0
2024,9941,裕融,10490298.0,0.12910948764277239,2.35,6482250.0,3525809.0,3579840.0,3415574.0,3.04,2.78,10577427.0,10658473.5,10521223.0
2024,3090,日電貿,2838738.0,0.08004261048395449,1.06,2126572.0,1106344.0,1124896.0,1062826.0,1.28,1.24,3319032.0,3346860.0,3294066.0
2024,6442,光聖,1441848.0,0.1709514456447559,3.35,756000.0,546113.0,533264.0,561522.0,1.02,3.45,1638339.0,1619065.5,1640899.0
2024,3024,憶聲,421754.0,0.06298695448057398,0.1,2771575.0,146021.0,133418.0,100591.0,0.15,0.02,438063.0,419158.5,380030.0
2024,4108,懷特,44125.0,-0.5300849858356941,-0.08,1986189.0,13658.0,10474.0,15687.0,0.03,-0.06,40974.0,36198.0,39819.0
2024,6668,中揚光,196821.0,-0.3440994609315063,-0.68,927635.0,73023.0,100814.0,91672.0,-0.7,-0.08,219069.0,260755.5,265509.0
2024,3149,正達,564687.0,-0.07771561944935867,-0.29,1855456.0,203386.0,206819.0,229111.0,-0.27,-0.28,610158.0,615307.5,639316.0
2024,2002,中鋼,94572214.0,0.01734380459782828,0.09,157731290.0,29273051.0,29595067.0,26747619.0,-0.05,-0.01,87819153.0,88302177.0,85615737.0
2024,2027,大成鋼,24135340.0,0.051084343539390786,0.4,24342606.0,7290028.0,7499728.0,6922208.0,0.55,0.12,21870084.0,22184634.0,21711964.0
2024,1342,八貫,619922.0,0.2232248573207597,1.61,784902.0,167361.0,210514.0,212103.0,2.18,1.46,502083.0,566812.5,589978.0
2024,3588,通嘉,378685.0,0.11804270039742794,0.75,600641.0,138588.0,149374.0,140750.0,0.43,0.78,415764.0,431943.0,428712.0
2024,4526,東台,1369616.0,-0.10249004100419387,-0.56,2548265.0,435336.0,448433.0,455984.0,0.04,-0.55,1306008.0,1325653.5,1339753.0
2024,4555,氣立,393614.0,0.025301437448871228,0.12,699627.0,130128.0,128041.0,132029.0,-0.28,-0.79,390384.0,387253.5,390198.0
2024,2617,台航,1126271.0,0.21543216508282642,0.58,4172945.0,398571.0,395027.0,359030.0,2.65,0.96,1195713.0,1190397.0,1152628.0
2024,3030,德律,1727000.0,0.26990445859872614,1.97,2362160.0,538186.0,529815.0,557973.0,1.04,1.64,1614558.0,1602001.5,1625974.0
2024,2630,亞航,1264925.0,0.033128446350574145,0.2,2094382.0,411718.0,466353.0,524120.0,0.31,0.16,1235154.0,1317106.5,1402191.0
2024,2108,南帝,3060766.0,0.07711958379046291,0.33,4924167.0,1006686.0,1014910.0,1123242.0,0.4,0.25,3020058.0,3032394.0,3144838.0
2024,2528,皇普,693.0,-234.6161616161616,-0.42,4085306.0,381.0,381.0,22939.0,-0.09,-0.27,1143.0,1143.0,23701.0
2024,3046,建碁,1933504.0,0.04036557462513654,1.01,784480.0,891853.0,802890.0,564454.0,0.94,1.25,2675559.0,2542114.5,2259197.0
2024,2353,宏碁,67138026.0,0.024118418375899228,0.47,30478538.0,23451834.0,22822491.0,26310042.0,0.66,0.5,70355502.0,69411487.5,72584367.0
2024,2483,百容,504353.0,0.0450160899211465,0.21,1090938.0,134431.0,142647.0,142513.0,0.19,0.14,403293.0,415617.0,419591.0
2024,9928,中視,223114.0,-0.0123972498364065,-0.05,607246.0,68275.0,66822.0,69736.0,-0.15,-0.26,204825.0,202645.5,204833.0
2024,6197,佳必琪,1750961.0,0.19458343161269726,2.65,1220859.0,645951.0,648523.0,591695.0,1.47,2.18,1937853.0,1941711.0,1886169.0
2024,8341,日友,948909.0,0.15268165862058428,1.01,1300000.0,332705.0,307233.0,348665.0,1.02,1.22,998115.0,959907.0,988603.0
2024,2406,國碩,2466464.0,-0.04953609701986325,-0.12,3509057.0,662709.0,582179.0,588901.0,-0.03,-0.22,1988127.0,1867332.0,1833789.0
2024,1760,寶齡富錦,506416.0,0.0397301823007172,0.24,857391.0,152239.0,240350.0,130967.0,0.09,0.32,456717.0,588883.5,523556.0
2024,1909,榮成,12602917.0,0.010133923757492015,0.1,13276857.0,3818722.0,3893113.0,4000098.0,-0.08,-0.2,11456166.0,11567752.5,11711933.0
2024,2317,鴻海,1550550895.0,0.025116858869698694,2.53,138629906.0,572351867.0,548311941.0,733023957.0,3.11,3.55,1717055601.0,1680995712.0,1853687765.0
2024,3036,文曄,243647108.0,0.008940528857005765,1.71,12511182.0,95201243.0,81540021.0,84514548.0,1.45,2.57,285603729.0,265111896.0,261255812.0
2024,3338,泰碩,1013314.0,0.07333659655348687,0.85,879081.0,322140.0,312635.0,294746.0,0.98,0.47,966420.0,952162.5,929521.0
2024,4906,正文,7609850.0,0.03920892001813439,0.74,4157285.0,2419557.0,2114991.0,1640092.0,0.9,0.22,7258671.0,6801822.0,6174640.0
2024,2504,國產,5503805.0,0.36225393159823066,1.66,11800000.0,1706050.0,1906931.0,1755131.0,0.64,0.73,5118150.0,5419471.5,5368112.0
2024,4961,天鈺,5022949.0,0.14612352225754233,4.91,1212545.0,1722901.0,1801573.0,1782935.0,3.82,4.2,5168703.0,5286711.0,5307409.0
2024,1476,儒鴻,9593234.0,0.1807042338381405,6.32,2743671.0,3134777.0,3707565.0,3189368.0,5.68,6.47,9404331.0,10263513.0,10031710.0
2024,6209,今國光,619120.0,-0.019075461945987852,-0.06,1743288.0,163906.0,179574.0,182628.0,,-0.36,491718.0,515220.0,526108.0
2024,2855,統一證,3600361.0,0.37413637132498656,0.92,14558313.0,1063233.0,906108.0,691391.0,0.56,0.37,3189699.0,2954011.5,2660732.0
2024,2312,金寶,40074894.0,0.01684723108687449,0.3,15028592.0,13635218.0,13767941.0,18544764.0,0.24,0.35,40905654.0,41104738.5,45947923.0
2024,2911,麗嬰房,664622.0,-0.1536362022322463,-1.15,1051260.0,189089.0,197267.0,208783.0,-0.52,-1.35,567267.0,579534.0,595139.0
2024,2109,華豐,1214403.0,0.14439358269042485,0.43,2793492.0,481342.0,427438.0,329846.0,0.44,0.22,1444026.0,1363170.0,1238626.0
2024,5222,全訊,363251.0,0.32310716281579405,1.57,819975.0,109418.0,118471.0,102782.0,1.4,1.25,328254.0,341833.5,330671.0
2024,9924,福興,1971444.0,0.1195453687753748,1.24,1884521.0,716592.0,951737.0,554996.0,2.14,1.16,2149776.0,2502493.5,2223325.0
2024,3189,景碩,7300482.0,0.05768441042659923,0.2,4543741.0,2692121.0,2858462.0,2646537.0,-0.76,0.41,8076363.0,8325874.5,8197120.0
2024,2608,嘉里大榮,3087132.0,0.09555827220863895,0.55,4670005.0,1078104.0,1106885.0,1053658.0,0.61,0.57,3234312.0,3277483.5,3238647.0
2024,1452,宏益,447849.0,0.10717674930612774,0.36,1326414.0,157403.0,151258.0,154158.0,0.26,0.05,472209.0,462991.5,462819.0
2024,1789,神隆,762359.0,0.09822406504022384,0.09,7907392.0,246387.0,211846.0,265990.0,0.03,0.04,739161.0,687349.5,724223.0
2024,4736,泰博,1163350.0,0.23986418532685777,2.81,953744.0,414263.0,375978.0,441740.0,3.43,1.04,1242789.0,1185361.5,1231981.0
2024,2496,卓越,196835.0,0.12262046892066959,1.27,191004.0,71376.0,81743.0,74166.0,1.79,2.09,214128.0,229678.5,227285.0
2024,2423,固緯,671255.0,0.08823025526811719,0.41,1450472.0,225758.0,231255.0,216200.0,0.78,0.57,677274.0,685519.5,673213.0
2024,3592,瑞鼎,6452106.0,0.09165766960431214,7.8,758552.0,2067886.0,2034277.0,2097378.0,5.82,7.08,6203658.0,6153244.5,6199541.0
2024,9933,中鼎,30830077.0,0.028521563536802064,0.76,8104245.0,9325525.0,9920706.0,9078340.0,0.56,0.47,27976575.0,28869346.5,28324571.0
2024,1216,統一,162120139.0,0.05711478572073023,1.04,56820154.0,59449406.0,61624958.0,57852278.0,0.98,1.08,178348218.0,181611546.0,178926642.0
2024,9958,世紀鋼,3033421.0,0.22543590223711116,2.18,2568967.0,919266.0,922599.0,1025697.0,1.32,1.69,2757798.0,2762797.5,2867562.0
2024,6412,群電,8897788.0,0.10249468744366577,2.28,4007691.0,3209782.0,3532378.0,3620401.0,2.36,2.21,9629346.0,10113240.0,10362561.0
2024,2337,旺宏,6455575.0,-0.04431332607862196,-0.16,18558264.0,2405726.0,2695847.0,2652966.0,-0.22,-0.16,7217178.0,7652359.5,7754539.0
2024,2371,大同,12670336.0,-0.07642843883540262,-0.37,23395367.0,4173193.0,4032767.0,3925579.0,0.23,3.09,12519579.0,12308940.0,12131539.0
2024,1442,名軒,3066738.0,0.2845163166856771,2.38,3662113.0,923255.0,783468.0,744619.0,0.1,2.06,2769765.0,2560084.5,2451342.0
2024,1307,三芳,2497678.0,0.11981928815483821,0.75,3978181.0,1085215.0,1102715.0,923027.0,0.79,0.97,3255645.0,3281895.0,3110957.0
2024,2382,廣達,309954132.0,0.04930652448924282,3.93,38626274.0,124262620.0,145176833.0,155109787.0,3.32,4.31,372787860.0,404159179.5,424549240.0
2024,3008,大立光,10985235.0,0.4094748997176665,33.7,1334682.0,5434779.0,7018386.0,6523997.0,44.6,49.67,16304337.0,18679747.5,18977162.0
2024,2542,興富發,10029550.0,0.2108454516902553,0.37,20705557.0,2922687.0,3524758.0,3050875.0,0.41,0.83,8768061.0,9671167.5,9498320.0
2024,8215,明基材,4588925.0,0.018159808669786497,0.23,3206745.0,1364720.0,1548109.0,1579238.0,0.59,0.14,4094160.0,4369243.5,4492067.0
2024,3167,大量,490178.0,0.052146363157873264,0.31,825001.0,218592.0,226345.0,276382.0,0.11,0.52,655776.0,667405.5,721319.0
2024,2603,長榮,106328606.0,0.28746465461984894,13.72,21514344.0,54396728.0,53758648.0,44637217.0,10.35,28.82,163190184.0,162233064.0,152792593.0
2024,1236,宏亞,343063.0,-0.07581697822265882,-0.3,866740.0,162934.0,158879.0,182447.0,0.26,0.0,488802.0,482719.5,504260.0
2024,2324,仁寶,237209113.0,0.013853603508057467,0.67,44071466.0,76440030.0,84111446.0,83765925.0,0.55,0.76,229320090.0,240827214.0,244317401.0
2024,1731,美吾華,350274.0,0.13417210526616305,0.35,1329152.0,118477.0,117280.0,116047.0,0.3,0.3,355431.0,353635.5,351804.0
2024,6282,康舒,7939041.0,0.0175852473869325,0.16,8612721.0,2490574.0,2771464.0,3195689.0,0.11,-0.26,7471722.0,7893057.0,8457727.0
2024,1723,中碳,2029330.0,0.17015566714137179,1.48,2369044.0,711610.0,876636.0,512032.0,1.45,1.49,2134830.0,2382369.0,2100278.0
2024,4551,智伸科,1855388.0,0.0916762423816474,1.47,1152225.0,760275.0,726184.0,729219.0,1.52,1.76,2280825.0,2229688.5,2215678.0
2024,2645,長榮航太,3983640.0,0.1262812402727154,1.34,3745709.0,1319036.0,1400953.0,1307973.0,1.68,1.08,3957108.0,4079983.5,4027962.0
2024,6215,和椿,346387.0,0.15667158409524606,0.65,827897.0,125615.0,185257.0,156770.0,0.22,0.51,376845.0,466308.0,467642.0
2024,1504,東元,14525927.0,0.12125979980485926,0.78,21387966.0,4681158.0,4454245.0,4368723.0,0.47,0.84,14043474.0,13703104.5,13504126.0
2024,2392,正崴,21450241.0,0.021175845996322374,0.57,5123269.0,8580565.0,8333024.0,7917574.0,2.01,1.49,25741695.0,25370383.5,24831163.0
2024,2905,三商,,,1.24,11224957.0,21088997.0,-1899845.0,10777230.0,1.28,-0.94,63266991.0,28783728.0,29966382.0
2024,2486,一詮,1338299.0,0.026050232421902728,0.13,2339586.0,476177.0,487452.0,501805.0,0.18,-0.06,1428531.0,1445443.5,1465434.0
2024,3380,明泰,5684460.0,0.051314460828293273,0.49,5417185.0,1535879.0,1505533.0,1909565.0,0.16,-0.05,4607637.0,4562118.0,4950977.0
2024,4919,新唐,8227916.0,-0.002593487828509674,-0.05,4197653.0,2628884.0,2619553.0,2708378.0,1.43,-0.25,7886652.0,7872655.5,7956815.0
2024,1440,南紡,4333447.0,-0.007874562674932912,-0.04,16568159.0,1656569.0,1640302.0,1335209.0,-0.04,-0.03,4969707.0,4945306.5,4632080.0
2024,1463,強盛新,66519.0,-0.13215772937055578,-0.05,1732684.0,25160.0,27785.0,19206.0,0.27,0.22,75480.0,79417.5,72151.0
2024,6112,邁達特,4421465.0,-0.01147990541596507,0.0,1883573.0,1456262.0,1449966.0,1388959.0,0.72,0.22,4368786.0,4359342.0,4295187.0
2024,3557,嘉威,1186844.0,0.0676761225569662,1.0,803004.0,452255.0,456024.0,343772.0,1.14,1.08,1356765.0,1362418.5,1252051.0
2024,2321,東訊,170751.0,-0.026822683322498844,-0.43,302719.0,39794.0,40090.0,50910.0,-0.28,0.21,119382.0,119826.0,130794.0
2024,2430,燦坤,4732159.0,0.008119127020034618,0.33,1168000.0,1748332.0,1602579.0,1617732.0,0.43,0.17,5244996.0,5026366.5,4968643.0
2024,2302,麗正,203421.0,0.15638994990684343,0.19,1663029.0,64986.0,68110.0,68296.0,0.17,0.08,194958.0,199644.0,201392.0
2024,6806,森崴能源,4249451.0,0.023435968552172975,0.63,2208509.0,985667.0,1404437.0,951759.0,0.56,0.78,2957001.0,3585156.0,3341863.0
2024,2024,志聯,298077.0,0.01592541524505413,0.05,975000.0,95736.0,88268.0,77005.0,-0.1,-0.01,287208.0,276006.0,261009.0
2024,3049,精金,314958.0,-0.6302713377656703,-0.24,8020105.0,126335.0,151652.0,146176.0,-0.35,-0.37,379005.0,416980.5,424163.0
2024,6796,晉弘,122532.0,0.019390853001664873,0.07,347102.0,37739.0,32335.0,34060.0,0.5,-0.65,113217.0,105111.0,104134.0
2024,2605,新興,1148365.0,0.6108475963652671,1.2,5853533.0,395484.0,348527.0,346996.0,0.18,0.42,1186452.0,1116016.5,1091007.0
2024,1514,亞力,2216078.0,0.0908763139203584,0.77,2672919.0,644057.0,601443.0,696218.0,0.62,0.53,1932171.0,1868250.0,1941718.0
2024,1319,東陽,6185861.0,0.17216665553913998,1.76,5914771.0,2017106.0,2127240.0,2171105.0,1.65,1.49,6051318.0,6216519.0,6315451.0
2024,4934,太極,197618.0,-0.31180358064548774,-0.12,2250000.0,45724.0,16071.0,12139.0,0.44,-0.39,137172.0,92692.5,73934.0
2024,6491,晶碩,1638349.0,0.293597395915034,6.08,780000.0,513014.0,568259.0,577757.0,5.25,5.61,1539042.0,1621909.5,1659030.0
2024,3017,奇鋐,16483855.0,0.13105732851932997,5.08,3833101.0,6131081.0,6582321.0,6351281.0,3.72,6.02,18393243.0,19070103.0,19064683.0
2024,3016,嘉晶,1047959.0,0.14306571154024156,0.52,2885418.0,351309.0,352334.0,350941.0,0.14,0.16,1053927.0,1055464.5,1054584.0
2024,1453,大將,343.0,36.53644314868804,0.12,1099448.0,115.0,115.0,114.0,-0.08,-0.15,345.0,345.0,344.0
2024,6689,伊雲谷,3093526.0,0.007267435282586925,0.46,680000.0,1136171.0,1116647.0,1079999.0,0.7,0.88,3408513.0,3379227.0,3332817.0
2024,9919,康那香,664997.0,-0.11559149890901764,-0.4,1953628.0,255548.0,282089.0,278317.0,5.56,-0.6,766644.0,806455.5,815954.0
2024,6861,睿生光電,509917.0,0.1195135678943828,1.51,402704.0,167065.0,149991.0,166690.0,0.77,0.75,501195.0,475584.0,483746.0
2024,6155,鈞寶,144149.0,0.18727150379121604,0.31,878113.0,46521.0,56544.0,55793.0,0.42,0.25,139563.0,154597.5,158858.0
2024,1540,喬福,201770.0,0.34928383803340435,0.82,854736.0,27578.0,39399.0,29278.0,0.39,0.14,82734.0,100465.5,96255.0
2024,2438,翔耀,88507.0,-0.08999288191894426,-0.07,651956.0,31044.0,38307.0,33800.0,-0.21,-0.37,93132.0,104026.5,103151.0
2024,3686,達能,23351.0,-0.11267183418269025,-0.04,764951.0,6335.0,4192.0,5353.0,-0.04,0.06,19005.0,15790.5,15880.0
2024,2412,中華電,54115733.0,0.1868440920868613,1.27,77574465.0,17771401.0,18355881.0,19486194.0,1.17,1.16,53314203.0,54190923.0,55613476.0
2024,6183,關貿,568860.0,0.22726857223218366,0.86,1500000.0,190188.0,196445.0,254342.0,0.86,1.0,570564.0,579949.5,640975.0
2024,8033,雷虎,351073.0,0.15120217162812294,0.33,1426298.0,96717.0,80220.0,104139.0,-0.07,-0.21,290151.0,265405.5,281076.0
2024,3164,景岳,94186.0,0.1319622873887839,0.17,865114.0,29317.0,29379.0,25123.0,0.28,0.07,87951.0,88044.0,83819.0
2024,2241,艾姆勒,169493.0,-0.2794451688270312,-0.4,1046023.0,52475.0,62929.0,53707.0,-0.36,-0.43,157425.0,173106.0,169111.0
2024,1560,中砂,1731114.0,0.14999127729311876,1.75,1451480.0,635210.0,586261.0,638126.0,2.02,1.96,1905630.0,1832206.5,1859597.0
2024,3028,增你強,9628771.0,0.010418567437111132,0.43,2346118.0,3021191.0,3223882.0,3317649.0,0.87,0.43,9063573.0,9367609.5,9562722.0
2024,1326,台化,96475275.0,0.020602242388010814,0.32,58611863.0,30018602.0,29371521.0,27508402.0,1.28,-0.33,90055806.0,89085184.5,86898525.0
2024,1439,雋揚,30981.0,0.3833317194409477,0.13,920000.0,4344.0,4818.0,4843.0,0.27,0.38,13032.0,13743.0,14005.0
2024,6133,金橋,349592.0,0.11211068903178563,0.34,1170064.0,114709.0,112878.0,95656.0,0.14,0.07,344127.0,341380.5,323243.0
2024,2546,根基,3508266.0,0.03841498905727217,1.11,1231360.0,962643.0,1157734.0,1276590.0,1.06,1.82,2887929.0,3180565.5,3396967.0
2024,2614,東森,1426390.0,0.07973275191216989,0.42,3002431.0,483144.0,449100.0,459592.0,0.05,0.21,1449432.0,1398366.0,1391836.0
2024,1598,岱宇,1499287.0,-0.07649702825409678,-0.71,1671420.0,458429.0,556399.0,571519.0,0.26,-0.81,1375287.0,1522242.0,1586347.0
2024,6585,鼎基,864610.0,0.2605452169186107,3.2,709287.0,299971.0,276839.0,243316.0,2.03,2.27,899913.0,865215.0,820126.0
2024,2851,中再保,5881257.0,0.13630912575321907,1.0,8003888.0,1874211.0,1326956.0,1867888.0,0.45,0.29,5622633.0,4801750.5,5069055.0
2024,1313,聯成,20381510.0,-0.028047970930514962,-0.43,13672334.0,6062896.0,5639666.0,5094421.0,0.39,-0.55,18188688.0,17553843.0,16796983.0
2024,2509,全坤建,584759.0,0.11156390923440254,0.28,2245505.0,604811.0,40601.0,66352.0,-0.23,0.39,1814433.0,968118.0,711764.0
2024,2885,元大金,,,0.63,129428640.0,13211020.0,8405532.0,9380551.0,0.67,0.73,39633060.0,32424828.0,30997103.0
2024,1568,倉佑,260460.0,0.10546341088842817,0.27,1030865.0,74263.0,77661.0,90435.0,2.21,0.29,222789.0,227886.0,242359.0
2024,2845,遠東銀,,,0.28,42753997.0,1314930.0,1097242.0,964237.0,0.34,0.24,3944790.0,3618258.0,3376409.0
2024,2231,為升,981657.0,0.0007833693438746935,0.13,1409176.0,330241.0,394936.0,427571.0,0.88,0.6,990723.0,1087765.5,1152748.0
2024,4916,事欣科,911349.0,-0.09968958104963083,-0.92,983789.0,287387.0,328655.0,264983.0,0.63,0.26,862161.0,924063.0,881025.0
2024,2607,榮運,5220782.0,0.1471407923180857,0.69,10671411.0,2229330.0,2190085.0,2039698.0,0.68,0.71,6687990.0,6629122.5,6459113.0
2024,8201,無敵,143080.0,-0.09207436399217221,-0.21,623663.0,35942.0,45719.0,37063.0,-0.13,-0.18,107826.0,122491.5,118724.0
2024,2069,運錩,2836271.0,0.04560354070538394,0.78,1663868.0,905923.0,1020667.0,748591.0,-0.29,0.59,2717769.0,2889885.0,2675181.0
2024,1532,勤美,6731288.0,0.155369225027959,2.29,3907833.0,1157729.0,1192589.0,1068464.0,1.02,0.03,3473187.0,3525477.0,3418782.0
2024,6192,巨路,1827009.0,0.12693205123784285,2.42,961558.0,703212.0,693077.0,596573.0,2.31,2.12,2109636.0,2094433.5,1992862.0
2024,1612,宏泰,1827522.0,0.1552982672712011,0.9,3160801.0,557638.0,504488.0,475857.0,0.38,0.44,1672914.0,1593189.0,1537983.0
2024,3708,上緯投控,1927104.0,0.05214404619574242,0.76,1065164.0,639435.0,805757.0,661836.0,5.65,0.45,1918305.0,2167788.0,2107028.0
2024,5607,遠雄港,847740.0,0.18601457994196333,0.4,3632872.0,298586.0,308148.0,289341.0,1.26,0.65,895758.0,910101.0,896075.0
2024,4938,和碩,253714792.0,0.024468652186428293,2.1,26637766.0,96528903.0,88437775.0,109264099.0,1.72,1.61,289586709.0,277450017.0,294230777.0
2024,8039,台虹,2880719.0,0.09428965477021535,1.25,2339347.0,1016215.0,964565.0,872939.0,1.32,0.63,3048645.0,2971170.0,2853719.0
2024,4739,康普,1103843.0,0.06914842056343158,0.48,1190293.0,370954.0,299970.0,326116.0,-0.19,0.34,1112862.0,1006386.0,997040.0
2024,1616,億泰,1129217.0,-0.01040189795229792,-0.06,1941485.0,354641.0,355497.0,487542.0,0.18,0.42,1063923.0,1065207.0,1197680.0
2024,3413,京鼎,3720950.0,0.1871242559023905,6.77,1038291.0,1382084.0,1613387.0,1616439.0,4.87,5.5,4146252.0,4493206.5,4611910.0
2024,9914,美利達,9322709.0,0.07566019705216584,2.19,2989838.0,3242964.0,2922801.0,2556013.0,2.53,2.31,9728892.0,9248647.5,8721778.0
2024,4720,德淵,901632.0,0.040118363145939806,0.32,1055045.0,326203.0,305858.0,304287.0,0.66,0.4,978609.0,948091.5,936348.0
2024,2365,昆盈,263528.0,0.14959321210649343,0.17,2215285.0,89291.0,99872.0,75538.0,0.14,0.22,267873.0,283744.5,264701.0
2024,3044,健鼎,15799072.0,0.12589960979986672,3.78,5256059.0,5874641.0,5939823.0,5859996.0,4.05,4.43,17623923.0,17721696.0,17674460.0
2024,1419,新紡,888171.0,0.24032083911769242,0.71,3000413.0,263356.0,476876.0,395516.0,0.97,0.8,790068.0,1110348.0,1135748.0
2024,2838,聯邦銀,,,0.21,42531719.0,1737574.0,1788622.0,1581608.0,0.31,0.38,5212722.0,5289294.0,5107804.0
2024,1219,福壽,3469973.0,0.010204113980137597,0.17,3416024.0,1196279.0,1163022.0,1171870.0,0.28,0.04,3588837.0,3538951.5,3531171.0
2024,2349,錸德,1917014.0,0.024004519528808867,0.01,6936797.0,634615.0,593814.0,585264.0,-0.17,-0.01,1903845.0,1842643.5,1813693.0
2024,2481,強茂,3280543.0,0.10197397199183184,0.74,3821149.0,1098000.0,1127773.0,1109296.0,0.64,0.66,3294000.0,3338659.5,3335069.0
2024,3596,智易,12166975.0,0.04801694751571364,2.66,2203543.0,4089745.0,4016365.0,4060581.0,3.12,2.99,12269235.0,12159165.0,12166691.0
2024,3711,日月光投控,140238063.0,0.05822339402962233,1.8,43901781.0,51595954.0,52929761.0,55579391.0,2.04,2.23,154787862.0,156788572.5,160105106.0
2024,1535,中宇,2619438.0,0.04616524613294913,0.97,1237426.0,859452.0,812401.0,919570.0,0.96,0.92,2578356.0,2507779.5,2591423.0
2024,6271,同欣電,3068911.0,0.1435877417103331,2.11,2090581.0,1044769.0,1044231.0,978551.0,0.79,2.53,3134307.0,3133500.0,3067551.0
2024,4960,誠美材,2512817.0,-0.0028223304761150533,-0.02,5721849.0,811658.0,803448.0,714922.0,0.05,-0.4,2434974.0,2422659.0,2330028.0
2024,1225,福懋油,3040753.0,0.048462666977554573,0.59,2296382.0,1064684.0,1077680.0,1030261.0,0.54,0.3,3194052.0,3213546.0,3172625.0
2024,4133,亞諾法,91778.0,0.19933971104186188,0.3,605536.0,29883.0,33086.0,27464.0,0.16,0.05,89649.0,94453.5,90433.0
2024,5388,中磊,13710678.0,0.039809409862882054,1.84,2993346.0,5112855.0,4131359.0,4217710.0,2.53,1.83,15338565.0,13866321.0,13461924.0
2024,3092,鴻碩,536680.0,-0.07400126704926585,-0.37,1065520.0,195613.0,176132.0,157562.0,0.15,-1.11,586839.0,557617.5,529307.0
2024,6869,雲豹能源,1013380.0,0.13514278947680042,1.13,1324215.0,213391.0,182335.0,222775.0,4.11,0.01,640173.0,593589.0,618501.0
2024,2390,云辰,175525.0,0.2214556331006979,0.2,1926194.0,56902.0,52023.0,57272.0,0.29,-0.48,170706.0,163387.5,166197.0
2024,1325,恆大,77015.0,-0.08423034473803805,-0.07,852812.0,24924.0,23387.0,23142.0,0.34,-0.22,74772.0,72466.5,71453.0
2024,3416,融程電,740249.0,0.18060274313102753,1.71,797465.0,284362.0,293002.0,206362.0,2.05,2.01,853086.0,866046.0,783726.0
2024,2442,新美齊,119751.0,0.5408890113652496,0.25,2618192.0,25992.0,95068.0,15926.0,0.22,0.02,77976.0,181590.0,136986.0
2024,4968,立積,1012030.0,0.07502445579676492,0.83,906752.0,300052.0,300012.0,308708.0,-0.5,-0.19,900156.0,900096.0,908772.0
2024,5471,松翰,724398.0,0.10173136866750046,0.44,1678770.0,234465.0,235529.0,221416.0,0.36,0.14,703395.0,704991.0,691410.0
2024,1714,和桐,4866356.0,0.007203747526896923,-0.02,10168248.0,1550261.0,1768998.0,1725230.0,0.19,0.08,4650783.0,4978888.5,5044489.0
2024,2201,裕隆,22898356.0,0.09173907506722316,1.16,10700013.0,7328257.0,6999969.0,7066281.0,1.2,1.21,21984771.0,21492339.0,21394507.0
2024,1515,力山,1464973.0,0.06606811183550823,0.53,1814735.0,458369.0,604625.0,388591.0,1.16,0.05,1375107.0,1594491.0,1451585.0
2024,3055,蔚華科,166393.0,-0.08442061865583288,-0.12,1149749.0,98834.0,39366.0,82493.0,-1.03,-0.43,296502.0,207300.0,220693.0
2024,1416,廣豐,76222.0,0.7536538007399438,0.28,1853422.0,29409.0,25265.0,28518.0,0.64,0.23,88227.0,82011.0,83192.0
2024,1455,集盛,2698461.0,0.02291120753644392,0.12,5316884.0,823986.0,836096.0,715945.0,-0.16,-0.12,2471958.0,2490123.0,2376027.0
2024,5469,瀚宇博,10400730.0,0.1378660920916128,1.76,5284413.0,3967379.0,4006952.0,3833666.0,1.95,1.56,11902137.0,11961496.5,11807997.0
2024,2204,中華,11629972.0,0.108713417366783,2.21,5536203.0,3739519.0,1882462.0,2729237.0,2.46,1.49,11218557.0,8432971.5,8351218.0
2024,2537,聯上發,904296.0,0.14399267496483453,0.44,3005579.0,274720.0,619.0,501.0,-0.01,0.08,824160.0,413008.5,275840.0
2024,2383,台光電,15449067.0,0.15751999780957646,7.07,3445601.0,5781766.0,5741209.0,5940565.0,6.05,7.31,17345298.0,17284462.5,17463540.0
2024,6674,鋐寶科技,203955.0,-0.11180897747052046,-0.34,673357.0,55173.0,105547.0,89046.0,-0.91,-0.5,165519.0,241080.0,249766.0
2024,1604,聲寶,2430738.0,0.10320199050658689,0.66,3842000.0,831972.0,777934.0,654600.0,0.55,0.47,2495916.0,2414859.0,2264506.0
2024,1907,永豐餘,19728212.0,0.006455171913197202,0.01,16603715.0,6576215.0,6865287.0,6621413.0,0.68,0.47,19728645.0,20162253.0,20062915.0
2024,1614,三洋電,1534283.0,0.01277469671501281,0.07,2691134.0,663720.0,493835.0,453701.0,0.39,0.32,1991160.0,1736332.5,1611256.0
2024,1712,興農,4896500.0,0.047235372204635966,0.55,4204926.0,1477212.0,1632276.0,1553265.0,0.59,0.58,4431636.0,4664232.0,4662753.0
2024,4770,上品,1588619.0,0.25202770456604134,5.01,799760.0,614281.0,547198.0,610962.0,4.82,5.27,1842843.0,1742218.5,1772441.0
2024,1615,大山,1418724.0,0.12892359613286306,1.12,1872988.0,538131.0,664055.0,481466.0,0.94,0.88,1614393.0,1803279.0,1683652.0
2024,2402,毅嘉,2383101.0,0.07577312082030933,0.6,3075366.0,867790.0,892629.0,870663.0,0.57,0.77,2603370.0,2640628.5,2631082.0
2024,1521,大億,1001035.0,0.03490287552383283,0.46,762300.0,278492.0,272940.0,251199.0,0.77,-0.02,835476.0,827148.0,802631.0
2024,6526,達發,4898673.0,0.1634344648030191,4.79,1675056.0,1821325.0,1889125.0,1854172.0,5.62,5.09,5463975.0,5565675.0,5564622.0
2024,2409,友達,74327946.0,-0.0031492192721160354,-0.03,76993961.0,24863565.0,27012994.0,25871576.0,-0.13,-0.12,74590695.0,77814838.5,77748135.0
2024,2254,巨鎧精密-創,198383.0,-0.02956402514328345,-0.09,639077.0,84585.0,70802.0,18572.0,-0.33,-0.04,253755.0,233080.5,173959.0
2024,6799,來頡,242500.0,0.11911340206185567,0.7,426808.0,74519.0,73209.0,73307.0,1.5,0.55,223557.0,221592.0,221035.0
2024,4536,拓凱,2321432.0,0.1793797966083004,4.33,908200.0,866103.0,862435.0,871566.0,4.19,3.52,2598309.0,2592807.0,2600104.0
2024,1810,和成,1263375.0,0.021077668942317204,0.09,3023037.0,398877.0,386280.0,373897.0,-0.05,0.16,1196631.0,1177735.5,1159054.0
2024,6698,旭暉應材,189458.0,-0.11210400194238301,-0.38,663898.0,72486.0,68839.0,64797.0,0.15,-0.29,217458.0,211987.5,206122.0
2024,2634,漢翔,8802426.0,0.06483860244891579,0.61,9418671.0,2907189.0,3179044.0,2552613.0,0.7,0.26,8721567.0,9129349.5,8638846.0
2024,6582,申豐,468618.0,0.08346457028966023,0.37,1061741.0,160119.0,207846.0,197884.0,0.25,0.94,480357.0,551947.5,565849.0
2024,9911,櫻花,2297641.0,0.13318747358703992,1.4,2211212.0,803921.0,807192.0,852354.0,1.45,1.53,2411763.0,2416669.5,2463467.0
2024,2247,汎德永業,15749664.0,0.03475077309585779,6.79,807087.0,5285419.0,3567886.0,5481869.0,5.52,6.22,15856257.0,13279957.5,14335174.0
2024,3356,奇偶,287818.0,0.7172310279412685,2.28,898221.0,96274.0,79456.0,89317.0,0.34,0.19,288822.0,263595.0,265047.0
2024,3583,辛耘,2372649.0,0.09546334076384666,2.82,803280.0,754038.0,880282.0,866210.0,2.09,3.0,2262114.0,2451480.0,2500530.0
2024,4942,嘉彰,1506936.0,0.13203082280866607,1.4,1423676.0,497053.0,485650.0,434674.0,1.39,0.44,1491159.0,1474054.5,1417377.0
2024,2477,美隆電,714471.0,0.11637141325540155,0.57,1585732.0,214627.0,337791.0,311785.0,0.32,0.73,643881.0,828627.0,864203.0
2024,3705,永信,1975619.0,0.18347616620411122,1.26,2664230.0,740180.0,747723.0,612214.0,0.91,0.82,2220540.0,2231854.5,2100117.0
2024,9906,欣巴巴,636252.0,0.06763515085217807,0.52,858162.0,1393004.0,677289.0,150251.0,1.23,3.81,4179012.0,3105439.5,2220544.0
2024,1618,合機,983216.0,0.17822838521749035,0.91,1926917.0,580373.0,489016.0,276802.0,0.47,1.18,1741119.0,1604083.5,1346191.0
2024,6405,悅城,43473.0,-0.24116118050284086,-0.16,658000.0,17211.0,6722.0,6959.0,-0.19,-0.51,51633.0,35899.5,30892.0
2024,2488,漢平,700841.0,0.1584938666544908,1.38,799994.0,301622.0,359809.0,336832.0,1.92,1.66,904866.0,992146.5,998263.0
2024,2524,京城,1294875.0,0.27208572256009267,0.95,3694196.0,333325.0,383975.0,535652.0,0.56,1.06,999975.0,1075950.0,1252952.0
2024,2404,漢唐,11371299.0,0.10549533522951071,6.36,1905867.0,3994292.0,3573106.0,3586435.0,6.96,9.31,11982876.0,11351097.0,11153833.0
2024,3022,威強電,1630926.0,0.1560052387416719,1.43,1765978.0,621193.0,667651.0,578569.0,2.76,1.67,1863579.0,1933266.0,1867413.0
2024,2433,互盛電,698968.0,0.1396887983426995,0.65,1444960.0,230960.0,223619.0,226267.0,1.54,1.45,692880.0,681868.5,680846.0
2024,8367,建新國際,764390.0,0.20416802940907128,1.18,877360.0,236525.0,248393.0,254853.0,0.64,0.94,709575.0,727377.0,739771.0
2024,3002,歐格,160384.0,0.0496932362330407,0.08,1020000.0,59856.0,46563.0,40163.0,0.06,0.02,179568.0,159628.5,146582.0
2024,2413,環科,698264.0,-0.05690111476461625,-0.32,1273592.0,280394.0,215623.0,246861.0,0.74,-0.41,841182.0,744025.5,742878.0
2024,1786,科妍,210557.0,0.3220505611307152,1.0,702893.0,76012.0,85867.0,60324.0,0.82,0.82,228036.0,242818.5,222203.0
2024,2910,統領,201722.0,0.2795976641119957,0.32,1754030.0,38648.0,39474.0,47654.0,0.26,0.22,115944.0,117183.0,125776.0
2024,3003,健和興,1160217.0,0.16098798759197633,1.19,1556549.0,386628.0,402077.0,380260.0,0.99,0.8,1159884.0,1183057.5,1168965.0
2024,2106,建大,9121735.0,0.046639043997660536,0.44,9548900.0,2908217.0,3053842.0,2848764.0,0.45,0.19,8724651.0,8943088.5,8810823.0
2024,1905,華紙,5406616.0,-0.030231849275036363,-0.17,11028353.0,1680809.0,1775946.0,1552185.0,-0.17,0.07,5042427.0,5185132.5,5008940.0
2024,6770,力積電,11123224.0,-0.176018751397976,-0.47,41486416.0,3803408.0,3947164.0,3900201.0,-0.08,-0.69,11410224.0,11625858.0,11650773.0
2024,1530,亞崴,458273.0,0.10120168545823123,0.49,965942.0,240467.0,177572.0,152402.0,1.63,0.59,721401.0,627058.5,570441.0
2024,1449,佳和,698751.0,0.041986344205589686,0.32,879709.0,204837.0,221819.0,215637.0,0.44,0.12,614511.0,639984.0,642293.0
2024,6225,天瀚,9438.0,-0.02267429540156813,-0.01,278000.0,5083.0,5358.0,6138.0,-0.02,-0.08,15249.0,15661.5,16579.0
2024,6531,愛普*,944844.0,0.3920181532612791,2.29,811195.0,339512.0,511445.0,417130.0,3.27,2.07,1018536.0,1276435.5,1268087.0
2024,2881,富邦金,,,3.63,152657119.0,43441514.0,3720176.0,22774883.0,1.76,2.64,130324542.0,70742535.0,69936573.0
2024,3296,勝德,382694.0,0.003248025837875692,0.01,967244.0,136214.0,137318.0,127565.0,0.03,-0.04,408642.0,410298.0,401097.0
2024,1536,和大,1646061.0,0.0295359649490511,0.15,2795175.0,504566.0,505903.0,446389.0,0.4,-0.3,1513698.0,1515703.5,1456858.0
2024,6558,興能高,282659.0,0.013882452000466994,0.04,937509.0,108076.0,113334.0,110384.0,0.45,0.01,324228.0,332115.0,331794.0
2024,3528,安馳,1337472.0,0.0776696633649153,1.56,666260.0,459222.0,464139.0,450025.0,-0.15,0.91,1377666.0,1385041.5,1373386.0
2024,2104,國際中橡,4636644.0,-0.303757847270569,-1.46,9847336.0,2133084.0,1634289.0,1312107.0,0.01,0.01,6399252.0,5651059.5,5079480.0
2024,8101,華冠,14832.0,-2.6302588996763756,-0.54,728311.0,3693.0,11407.0,18973.0,-0.8,-0.94,11079.0,22650.0,34073.0
2024,6789,采鈺,2453281.0,0.17265857437448054,1.34,3170201.0,919510.0,928965.0,902408.0,0.22,1.82,2758530.0,2772712.5,2750883.0
2024,3013,晟銘電,2604950.0,0.0741557419528206,0.97,2029165.0,1037453.0,800083.0,825693.0,0.42,0.81,3112359.0,2756304.0,2663229.0
2024,1609,大亞,7617354.0,0.1337650843061777,1.24,7736571.0,2688399.0,2713947.0,2415984.0,0.23,0.26,8065197.0,8103519.0,7818330.0
2024,2449,京元電子,4305661.0,0.4599214847615732,1.56,12227451.0,2344622.0,2351067.0,2343053.0,1.25,2.02,7033866.0,7043533.5,7038742.0
2024,9939,宏全,7495233.0,0.12190628363387769,3.01,2877859.0,2774637.0,2775238.0,2344676.0,2.97,2.99,8323911.0,8324812.5,7894551.0
2024,9935,慶豐富,1288214.0,0.07492621567534587,0.56,1738389.0,529483.0,516826.0,518156.0,0.49,0.65,1588449.0,1569463.5,1564465.0
2024,2364,倫飛,304526.0,0.14836500003283792,1.48,403000.0,113491.0,132572.0,121690.0,0.42,0.91,340473.0,369094.5,367753.0
2024,2313,華通,16884077.0,0.06819508108142364,0.97,11918206.0,6722666.0,7004922.0,6463377.0,1.41,1.51,20167998.0,20591382.0,20190965.0
2024,2359,所羅門,760162.0,0.036803997042735626,0.14,1714711.0,333474.0,294461.0,334487.0,0.98,-0.33,1000422.0,941902.5,962422.0
2024,4438,廣越,4132785.0,0.05917970569482806,2.07,1034255.0,2222339.0,2346703.0,2017626.0,6.28,3.78,6667017.0,6853563.0,6586668.0
2024,5434,崇越,13791780.0,0.07427619930132297,5.41,1887641.0,4748025.0,5304489.0,5314010.0,4.25,4.93,14244075.0,15078771.0,15366524.0
2024,2356,英業達,154158798.0,0.011752147937738851,0.51,35874751.0,55533420.0,52028078.0,56253892.0,0.53,0.56,166600260.0,161342247.0,163815390.0
2024,1443,立益物流,216886.0,0.22795385594275333,0.42,1353430.0,77769.0,78106.0,84757.0,0.82,0.42,233307.0,233812.5,240632.0
2024,6257,矽格,4548589.0,0.1891025986300367,1.63,4704023.0,1494445.0,1510771.0,1583058.0,1.61,1.01,4483335.0,4507824.0,4588274.0
2024,4566,時碩工業,1259984.0,0.07697478698142199,1.15,1024853.0,432954.0,440232.0,411492.0,1.51,0.24,1298862.0,1309779.0,1284678.0
2024,2030,彰源,3408461.0,0.03403735586236721,0.41,2805260.0,1052792.0,1137370.0,931929.0,0.05,0.36,3158376.0,3285243.0,3122091.0
2024,9931,欣高,619407.0,0.19379341854386534,0.95,1203693.0,127563.0,93133.0,116226.0,0.26,0.52,382689.0,331044.0,336922.0
2024,2432,倚天酷碁-創,596548.0,0.051457720082876815,0.5,618600.0,208192.0,209105.0,292392.0,0.41,0.43,624576.0,625945.5,709689.0
2024,2345,智邦,24412390.0,0.10573147487812541,4.62,5605784.0,8728653.0,9416897.0,10047189.0,4.28,4.75,26185959.0,27218325.0,28192739.0
2024,1473,台南,1634594.0,0.054518124990058696,0.61,1461535.0,677950.0,676301.0,471729.0,0.85,0.5,2033850.0,2031376.5,1825980.0
2024,1730,花仙子,602161.0,0.11942155005056787,1.04,632339.0,211860.0,209393.0,207137.0,0.81,1.08,635580.0,631879.5,628390.0
2024,1464,得力,2775805.0,0.047392738322756825,0.25,4076396.0,924774.0,1123341.0,1166847.0,0.08,0.28,2774322.0,3072172.5,3214962.0
2024,1235,興泰,23550.0,2.4661146496815287,0.6,1571480.0,6081.0,13339.0,13412.0,1.59,0.65,18243.0,29130.0,32832.0
2024,6756,威鋒電子,495028.0,0.10566877025137972,0.76,695834.0,155634.0,149810.0,141317.0,1.12,0.42,466902.0,458166.0,446761.0
2024,2466,冠西電,317599.0,-0.09380382180044647,-0.18,1714587.0,233011.0,157751.0,54195.0,-0.11,-0.19,699033.0,586143.0,444957.0
2024,3257,虹冠電,235945.0,0.27042319184555724,0.8,799866.0,76908.0,71027.0,70016.0,1.12,0.52,230724.0,221902.5,217951.0
2024,5007,三星,1711475.0,0.18159832892680292,1.05,2949401.0,613777.0,614475.0,552692.0,0.95,0.86,1841331.0,1842378.0,1780944.0
2024,6805,富世達,1718874.0,0.14911796908906644,3.74,685539.0,615428.0,601478.0,771374.0,7.48,4.87,1846284.0,1825359.0,1988280.0
2024,2031,新光鋼,3669992.0,0.40087389836272125,4.52,3211463.0,1071075.0,1223057.0,1068782.0,1.33,-2.08,3213225.0,3441198.0,3362914.0
2024,9904,寶成,65327340.0,0.07685609118632414,1.16,29467872.0,22243179.0,23226674.0,21335005.0,2.06,1.94,66729537.0,68204779.5,66804858.0
2024,2612,中航,1127592.0,0.16191140057751385,0.93,1974846.0,428301.0,409008.0,381290.0,0.33,0.59,1284903.0,1255963.5,1218599.0
2024,2453,凌群,1548635.0,0.03662903137278958,0.57,1000000.0,526772.0,515695.0,670468.0,0.68,0.66,1580316.0,1563700.5,1712935.0
2024,2753,八方雲集,1914118.0,0.07019577685388258,2.1,664948.0,687904.0,690783.0,671862.0,2.24,2.18,2063712.0,2068030.5,2050549.0
2024,8222,寶一,204689.0,0.12051453668736474,0.36,685735.0,63266.0,92164.0,74630.0,0.42,0.23,189798.0,233145.0,230060.0
2024,3530,晶相光,426937.0,-0.016185057748567117,-0.09,786551.0,176262.0,185148.0,208190.0,0.1,1.22,528786.0,542115.0,569600.0
2024,2801,彰銀,,,0.31,112057583.0,3988916.0,3845534.0,3482721.0,0.29,0.34,11966748.0,11751675.0,11317171.0
2024,1617,榮星,934319.0,0.04426218454296659,0.28,1679507.0,312481.0,291704.0,289270.0,0.12,-0.13,937443.0,906277.5,893455.0
2024,3454,晶睿,1679665.0,0.01873826030785901,0.3,865679.0,572165.0,665824.0,655568.0,1.68,1.11,1716495.0,1856983.5,1893557.0
2024,6754,匯僑設計,1365372.0,0.11729843588414,2.43,660000.0,489674.0,469820.0,451836.0,2.02,1.67,1469022.0,1439241.0,1411330.0
2024,4956,光鋐,336913.0,0.006316170643459885,0.02,1004082.0,124089.0,110387.0,124338.0,-0.15,0.0,372267.0,351714.0,358814.0
2024,2722,夏都,167638.0,-0.04012813323948031,0.0,1211697.0,72435.0,70367.0,46968.0,0.41,0.11,217305.0,214203.0,189770.0
2024,3059,華晶科,1704446.0,0.06419798573847456,0.28,2788000.0,617420.0,618817.0,644493.0,0.39,0.28,1852260.0,1854355.5,1880730.0
2024,4764,雙鍵,687563.0,-0.017550391745920012,-0.15,855421.0,239816.0,223704.0,270644.0,-0.13,-0.26,719448.0,695280.0,734164.0
2024,4766,南寶,5783181.0,0.1200989559206257,5.57,1205707.0,2090507.0,2021020.0,1976467.0,5.35,5.48,6271521.0,6167290.5,6087994.0
2024,2609,陽明,52589220.0,0.26554092264536344,3.97,34921043.0,25458337.0,25760113.0,21619938.0,0.8,8.13,76375011.0,76827675.0,72838388.0
2024,3037,欣興,27877397.0,0.06210888340830387,1.05,15251062.0,10051113.0,10823395.0,10837646.0,1.7,0.65,30153339.0,31311762.0,31712154.0
2024,2478,大毅,1265261.0,0.10164385055731584,0.89,1447313.0,441014.0,464905.0,421211.0,0.85,0.4,1323042.0,1358878.5,1327130.0
2024,1809,中釉,619132.0,0.005042543431772223,0.04,1670419.0,187743.0,184735.0,189291.0,0.01,0.12,563229.0,558717.0,561769.0
2024,3229,晟鈦,247639.0,0.06727131025403915,0.26,642630.0,84220.0,75927.0,65115.0,0.01,-0.19,252660.0,240220.5,225262.0
2024,3062,建漢,765466.0,0.025722892982836598,0.05,3304954.0,413662.0,346262.0,281223.0,-0.07,0.02,1240986.0,1139886.0,1041147.0
2024,1517,利奇,511360.0,-0.04313986232790989,-0.1,2256850.0,214602.0,194260.0,165385.0,-0.15,-0.16,643806.0,613293.0,574247.0
2024,8261,富鼎,733811.0,0.18499313856020147,1.15,1184432.0,265492.0,296181.0,245631.0,1.17,1.31,796476.0,842509.5,807304.0
2024,2208,台船,3952065.0,-0.05757066242584573,-0.17,12745394.0,1391525.0,1221334.0,933903.0,-1.0,-0.55,4174575.0,3919288.5,3546762.0
2024,3447,展達,488514.0,-0.03191310791502393,-0.21,770841.0,215676.0,259414.0,317504.0,-0.17,1.18,647028.0,712635.0,792594.0
2024,3617,碩天,3261764.0,0.19059717379920804,6.77,917336.0,1183043.0,1327602.0,931443.0,5.12,5.33,3549129.0,3765967.5,3442088.0
2024,6230,尼得科超眾,2027502.0,0.011886054859625293,0.28,863434.0,672280.0,718586.0,752767.0,2.16,-0.37,2016840.0,2086299.0,2143633.0
2024,3376,新日興,3479892.0,0.11786917525026638,2.18,1877483.0,1201035.0,1252441.0,1214558.0,1.6,1.77,3603105.0,3680214.0,3668034.0
2024,8104,錸寶,598770.0,0.040017034921589256,0.23,916517.0,190817.0,193845.0,211224.0,-2.41,0.32,572451.0,576993.0,595886.0
2024,3703,欣陸,8684012.0,0.06494221795179463,0.79,8232160.0,3072958.0,2550226.0,2566797.0,0.58,0.68,9218874.0,8434776.0,8189981.0
2024,1470,大統新創,186656.0,0.12554645979770274,0.28,857670.0,57859.0,71268.0,67423.0,0.06,0.13,173577.0,193690.5,196550.0
2024,2476,鉅祥,1648461.0,0.1988339426895753,1.41,2072921.0,648563.0,607658.0,605687.0,1.29,1.36,1945689.0,1884331.5,1861908.0
2024,2886,兆豐金,,,0.58,148333783.0,8421293.0,6777581.0,6705139.0,0.58,0.6,25263879.0,22798311.0,21904013.0
2024,2867,三商壽,35370456.0,0.09214175808194273,0.64,50995011.0,12404425.0,7051492.0,8969138.0,0.6,-0.72,37213275.0,29183875.5,28425055.0
2024,2367,燿華,5129163.0,0.1091731730888646,0.84,6694072.0,1621413.0,1606878.0,1531025.0,0.02,0.52,4864239.0,4842436.5,4759316.0
2024,9955,佳龍,352221.0,-0.06969487906740371,-0.23,1032082.0,103667.0,96834.0,88398.0,-0.2,-0.22,311001.0,300751.5,288899.0
2024,4532,瑞智,6158617.0,0.056589490789896495,0.65,5049151.0,1834834.0,1574888.0,1565303.0,0.43,0.3,5504502.0,5114583.0,4975025.0
2024,6115,鎰勝,1954608.0,0.08611547686287992,0.93,1876622.0,708758.0,645089.0,601207.0,1.19,0.8,2126274.0,2030770.5,1955054.0
2024,1437,勤益控,191646.0,1.1335117873579412,1.06,2033713.0,135086.0,67733.0,66233.0,1.0,0.88,405258.0,304228.5,269052.0
2024,3231,緯創,240206609.0,0.029446733499326822,1.55,28968371.0,86190479.0,89820629.0,96903570.0,1.67,1.47,258571437.0,264016662.0,272914678.0
2024,1474,弘裕,798632.0,0.027474481363130954,0.17,1298970.0,226583.0,277986.0,255691.0,-0.28,-0.01,679749.0,756853.5,760260.0
2024,9905,大華,2199033.0,0.05206697671203661,0.38,3050000.0,851865.0,893027.0,723097.0,0.59,0.6,2555595.0,2617338.0,2467989.0
2024,1220,台榮,812847.0,0.09690015464164843,0.43,1770779.0,267181.0,294205.0,273209.0,0.23,0.34,801543.0,842079.0,834595.0
2024,6834,天二科技,332836.0,0.08610246487759737,0.33,884711.0,117136.0,125258.0,105126.0,0.1,0.2,351408.0,363591.0,347520.0
2024,3308,聯德,34029.0,0.08748420464897587,0.05,600000.0,0.0,481.0,528.0,0.78,0.54,0.0,721.5,1009.0
2024,3266,昇陽,259105.0,-0.16283360027787963,-0.12,3523143.0,32031.0,43901.0,432539.0,1.07,0.13,96093.0,113898.0,508471.0
2024,6168,宏齊,491843.0,-0.019329338833733528,0.01,2060698.0,184223.0,170074.0,169872.0,0.21,0.04,552669.0,531445.5,524169.0
2024,6206,飛捷,1206180.0,0.21413553532640237,1.87,1430623.0,376150.0,367482.0,353472.0,0.89,1.32,1128450.0,1115448.0,1097104.0
2024,6184,大豐電,534412.0,0.2340927973174255,0.85,1582306.0,173931.0,177361.0,175511.0,0.8,1.04,521793.0,526938.0,526803.0
2024,1324,地球,205605.0,0.005539748546971134,0.02,751219.0,61973.0,61453.0,59058.0,0.24,-0.03,185919.0,185139.0,182484.0
2024,2642,宅配通,1003409.0,0.012353885603976046,0.13,954670.0,332421.0,349999.0,335803.0,0.33,0.01,997263.0,1023630.0,1018223.0
2024,2520,冠德,10344329.0,0.24163355593195074,4.4,5541701.0,2665365.0,1996216.0,2342031.0,1.43,2.51,7996095.0,6992371.5,7003612.0
2024,6235,華孚,1662596.0,0.12133915876135874,1.04,1941702.0,480274.0,468074.0,419239.0,1.03,0.65,1440822.0,1422522.0,1367587.0
2024,6505,台塑化,170616350.0,0.01595784343059736,0.28,95259597.0,60236078.0,59629087.0,53324540.0,1.81,-0.32,180708234.0,179797747.5,173189705.0
2024,1727,中華化,535363.0,0.0512250566438099,0.23,1239394.0,170343.0,218497.0,202054.0,0.06,0.23,511029.0,583260.0,590894.0
2024,2388,威盛,2959012.0,0.031934307802739564,0.13,5003312.0,802695.0,1835800.0,2649497.0,0.18,0.59,2408085.0,3957742.5,5287992.0
2024,3443,創意,6719781.0,0.13503297205667864,6.78,1340119.0,2903133.0,1944750.0,1763514.0,7.63,7.71,8709399.0,7271824.5,6611397.0
2024,2906,高林,2305633.0,0.04170134622465935,0.12,2091167.0,812073.0,860048.0,549761.0,0.15,0.04,2436219.0,2508181.5,2221882.0
2024,4994,傳奇,384772.0,0.08018774754919797,0.47,663834.0,140294.0,117332.0,142812.0,0.56,1.19,420882.0,386439.0,400438.0
2024,1736,喬山,10307812.0,0.028320268161662242,0.97,3036166.0,3317482.0,4069705.0,4688781.0,1.22,1.57,9952446.0,11080780.5,12075968.0
2024,1611,中電,302663.0,0.15657017871361878,0.14,3227358.0,86707.0,104273.0,86346.0,0.13,0.11,260121.0,286470.0,277326.0
2024,1465,偉全,117870.0,0.17985068295579876,0.21,1036073.0,61582.0,42212.0,40150.0,0.42,-0.15,184746.0,155691.0,143944.0
2024,1410,南染,54429.0,0.11201749067592644,0.11,630000.0,22416.0,23137.0,20499.0,0.12,0.09,67248.0,68329.5,66052.0
2024,6449,鈺邦,818100.0,0.12242024202420242,1.21,889535.0,289039.0,306453.0,326002.0,1.45,1.33,867117.0,893238.0,921494.0
2024,1441,大東,436413.0,0.43990211107368477,2.94,717444.0,201063.0,196730.0,121556.0,-2.22,0.09,603189.0,596689.5,519349.0
2024,2739,寒舍,1149459.0,0.306193609341438,3.85,1015260.0,351922.0,378524.0,396536.0,1.44,-0.98,1055766.0,1095669.0,1126982.0
2024,5706,鳳凰,848785.0,0.072827630083001,0.67,810815.0,328424.0,251972.0,261443.0,0.79,1.34,985272.0,870594.0,841839.0
2024,2706,第一店,83094.0,1.2713794016415145,0.21,4999984.0,39216.0,29027.0,28903.0,0.25,0.28,117648.0,102364.5,97146.0
2024,2424,隴華,23514.0,-2.664285106744918,-1.08,562750.0,5301.0,10641.0,10379.0,-1.21,-0.83,15903.0,23913.0,26321.0
2024,6670,復盛應用,6142405.0,0.12858009199979487,5.56,1348273.0,2114535.0,2581090.0,2333930.0,3.55,6.09,6343605.0,7043437.5,7029555.0
2024,8926,台汽電,2382796.0,0.1706902311402235,0.56,7302820.0,684402.0,735136.0,701063.0,0.09,0.34,2053206.0,2129307.0,2120601.0
2024,6743,安普新,1808832.0,0.05946102236139122,0.72,1500000.0,847249.0,962529.0,654830.0,0.02,1.79,2541747.0,2714667.0,2464608.0
2024,3138,耀登,419242.0,0.1013424227534455,0.86,502934.0,161672.0,151091.0,158081.0,1.55,1.04,485016.0,469144.5,470844.0
2024,1732,毛寶,152387.0,0.033388674886965425,0.12,424439.0,47182.0,47427.0,48823.0,0.01,0.08,141546.0,141913.5,143432.0
2024,1516,川飛,252451.0,0.041726909380434225,0.27,400083.0,42735.0,3853.0,3929.0,0.2,-0.38,128205.0,69882.0,50517.0
2024,1339,昭輝,441967.0,0.1941954942337324,1.22,741239.0,153125.0,163417.0,159246.0,2.03,1.05,459375.0,474813.0,475788.0
2024,4583,台灣精銳,748835.0,0.38661253814258145,3.61,801714.0,269326.0,265601.0,223820.0,3.79,3.14,807978.0,802390.5,758747.0
2024,4426,利勤,236434.0,-0.23933106067655244,-0.33,1726773.0,75303.0,88843.0,67684.0,0.12,-0.61,225909.0,246219.0,231830.0
2024,4722,國精化,1106894.0,0.06145213543482935,0.68,1000092.0,343264.0,397247.0,318145.0,0.79,0.55,1029792.0,1110766.5,1058656.0
2024,1541,錩泰,811565.0,0.03739934570860005,0.38,788000.0,234598.0,265602.0,216247.0,0.93,-0.21,703794.0,750300.0,716447.0
2024,5531,鄉林,196547.0,-2.589161879855709,-0.44,9775892.0,60398.0,84268.0,917553.0,-0.15,0.25,181194.0,216999.0,1062219.0
2024,3550,聯穎,869071.0,-0.005042165714884054,-0.05,875500.0,294364.0,278129.0,273887.0,-0.98,-0.85,883092.0,858739.5,846380.0
2024,5519,隆大,724455.0,0.1438874740322035,0.47,2191972.0,157416.0,216806.0,116115.0,0.23,0.18,472248.0,561333.0,490337.0
2024,2495,普安,321281.0,0.482895035809774,0.57,2735515.0,110294.0,108277.0,82521.0,0.56,0.67,330882.0,327856.5,301092.0
2024,1308,亞聚,1494815.0,-0.04812568779414175,-0.12,5937438.0,570164.0,469189.0,382991.0,0.28,-0.36,1710492.0,1559029.5,1422344.0
2024,4545,銘鈺,640604.0,0.12592803042128992,1.05,770000.0,224237.0,221990.0,210677.0,0.77,0.65,672711.0,669340.5,656904.0
2024,2903,遠百,7848419.0,0.08153514739720191,0.38,14169406.0,2511053.0,2604003.0,2575431.0,0.51,0.31,7533159.0,7672584.0,7690487.0
2024,1466,聚隆,695684.0,0.009252764186038489,0.06,1111573.0,252799.0,282486.0,270765.0,-0.17,-0.01,758397.0,802927.5,806050.0
2024,1104,環泥,2092080.0,0.1895611066498413,0.55,6866818.0,621001.0,652544.0,599242.0,1.42,0.69,1863003.0,1910317.5,1872787.0
2024,6196,帆宣,15399089.0,0.02341833338322806,1.84,2013154.0,4910253.0,5418506.0,5283017.0,2.91,2.68,14730759.0,15493138.5,15611776.0
2024,9944,新麗,630847.0,-0.052924084603715324,-0.35,1091071.0,171521.0,175237.0,144538.0,-0.61,-0.84,514563.0,520137.0,491296.0
2024,4572,駐龍,212886.0,0.34086788234078336,1.87,390000.0,73312.0,77558.0,72489.0,1.64,1.54,219936.0,226305.0,223359.0
2024,6706,惠特,169049.0,-0.7268898366745736,-1.67,735769.0,62425.0,65675.0,84880.0,-0.11,-1.36,187275.0,192150.0,212980.0
2024,2901,欣欣,32584.0,0.2084765529094034,0.09,730433.0,11048.0,11834.0,10926.0,0.13,0.11,33144.0,34323.0,33808.0
2024,3607,谷崧,779844.0,0.04694015726222168,0.29,1216622.0,292860.0,288114.0,270302.0,0.26,-0.17,878580.0,871461.0,851276.0
2024,2945,三商家購,3481351.0,0.006160539399790483,0.4,675000.0,1250292.0,1262679.0,1238277.0,0.59,0.64,3750876.0,3769456.5,3751248.0
2024,1708,東鹼,1619593.0,0.17849916614853237,1.16,2490017.0,508507.0,553054.0,559176.0,0.42,1.17,1525521.0,1592341.5,1620737.0
2024,2338,光罩,1997876.0,-0.15997839705767525,-1.15,2564465.0,599687.0,557735.0,638494.0,-0.43,-0.96,1799061.0,1736133.0,1795916.0
2024,3004,豐達科,866323.0,0.10877467180254939,1.73,546222.0,305139.0,278993.0,284080.0,1.62,1.3,915417.0,876198.0,868212.0
2024,5876,上海商銀,,,0.31,48616031.0,5242067.0,4122056.0,3517947.0,1.02,0.98,15726201.0,14046184.5,12882070.0
2024,5269,祥碩,2106353.0,0.44425269648534693,13.17,746624.0,795345.0,803864.0,527603.0,9.74,13.06,2386035.0,2398813.5,2126812.0
2024,1529,樂事綠能,207366.0,0.21619744799050952,0.26,1550951.0,28748.0,46388.0,77066.0,-0.3,-0.06,86244.0,112704.0,152202.0
2024,2355,敬鵬,4168378.0,0.08153051378737725,0.85,3974954.0,1308420.0,1383884.0,1372888.0,0.9,0.66,3925260.0,4038456.0,4065192.0
2024,2316,楠梓電,743874.0,0.23664088273013978,0.97,1827405.0,282396.0,331646.0,242331.0,0.68,1.04,847188.0,921063.0,856373.0
2024,1234,黑松,2279220.0,0.10955677819604953,0.62,4018711.0,993979.0,1119093.0,944042.0,0.94,0.91,2981937.0,3169608.0,3057114.0
2024,8103,瀚荃,802655.0,0.14196011985224039,1.41,868020.0,301710.0,299303.0,282174.0,1.4,0.57,905130.0,901519.5,883187.0
2024,3432,台端,8526.0,-0.8499882711705372,-0.18,422300.0,6817.0,6649.0,3987.0,-0.09,-0.23,20451.0,20199.0,17453.0
2024,2377,微星,46672024.0,0.04515210225294707,2.49,8448562.0,15853346.0,16422915.0,19810278.0,2.78,2.05,47560038.0,48414391.5,52086539.0
2024,1702,南僑,5873022.0,0.05354551711197404,1.09,2941330.0,1868017.0,2010429.0,2098827.0,1.13,0.57,5604051.0,5817669.0,5977273.0
2024,1110,東泥,604620.0,0.1140154146406007,0.1,5720008.0,274186.0,327212.0,289245.0,0.1,0.35,822558.0,902097.0,890643.0
2024,6108,競國,1327696.0,0.00048128487244067917,0.0,1598993.0,521927.0,437950.0,399813.0,0.62,2.27,1565781.0,1439815.5,1359690.0
2024,2633,台灣高鐵,13124573.0,0.12250333782287622,0.29,56282930.0,4241087.0,4549657.0,4456901.0,0.22,0.25,12723261.0,13186116.0,13247645.0
2024,2428,興勤,1949789.0,0.22429452622822266,3.41,1281127.0,660316.0,650842.0,665600.0,2.6,2.96,1980948.0,1966737.0,1976758.0
2024,3535,晶彩科,414572.0,0.26240315313142226,1.38,790523.0,79145.0,39441.0,2078.0,0.67,-0.31,237435.0,177879.0,120664.0
2024,6176,瑞儀,11948057.0,0.1507286917027597,3.87,4650273.0,4729816.0,4755093.0,4677603.0,4.09,3.64,14189448.0,14227363.5,14162512.0
2024,1312,國喬,5053146.0,-0.055305942080438604,-0.23,11266203.0,1605255.0,1506252.0,1200035.0,-0.22,-0.29,4815765.0,4667260.5,4311542.0
2024,1316,上曜,372961.0,0.17033684487117956,0.06,3002543.0,124744.0,84224.0,154633.0,-0.16,-0.11,374232.0,313452.0,363601.0
2024,2611,志信,165330.0,0.4375007560636303,0.37,1890023.0,57228.0,57277.0,55430.0,0.97,0.33,171684.0,171757.5,169935.0
2024,3033,威健,22536800.0,0.016018378829292534,0.85,4507764.0,7346037.0,7518217.0,9146303.0,0.6,0.76,22038111.0,22296381.0,24010557.0
2024,1558,伸興,2062607.0,0.12861490337228565,2.06,665356.0,810073.0,900973.0,731918.0,1.6,2.04,2430219.0,2566569.0,2442964.0
2024,1806,冠軍,830360.0,0.006250301074232863,0.01,3904039.0,288435.0,321092.0,275590.0,,0.18,865305.0,914290.5,885117.0
2024,2891,中信金,,,0.78,201210999.0,22388946.0,11506752.0,16301304.0,0.96,1.1,67166838.0,50843547.0,50197002.0
2024,6581,鋼聯,702774.0,0.4044927672338476,2.55,1112709.0,92730.0,175113.0,224052.0,0.56,1.41,278190.0,401764.5,491895.0
2024,2880,華南金,,,0.4,137791734.0,7091184.0,5563904.0,5428595.0,0.47,0.49,21273552.0,18982632.0,18083683.0
2024,1533,車王電,657179.0,-0.1360694727007406,-0.52,985475.0,162482.0,189272.0,226177.0,0.04,-0.6,487446.0,527631.0,577931.0
2024,1711,永光,2201656.0,0.05901103532976996,0.22,5477522.0,693877.0,666625.0,675314.0,0.08,0.08,2081631.0,2040753.0,2035816.0
2024,2731,雄獅,7421814.0,0.0396971683742007,3.15,932777.0,2820309.0,2562417.0,2632574.0,2.86,0.9,8460927.0,8074089.0,8015300.0
2024,8131,福懋科,2337549.0,0.12126932954132726,0.64,4422222.0,706068.0,738107.0,636214.0,0.09,0.27,2118204.0,2166262.5,2080389.0
2024,1323,永裕,791755.0,0.05872523697355874,0.29,912745.0,184175.0,193855.0,189504.0,0.19,1.98,552525.0,567045.0,567534.0
2024,1603,華電,1141468.0,0.07140804648049705,0.51,1916880.0,546321.0,312239.0,312564.0,1.08,1.02,1638963.0,1287840.0,1171124.0
2024,4119,旭富,392716.0,0.15836635125637866,0.52,1195087.0,136512.0,150442.0,132340.0,0.33,3.19,409536.0,430431.0,419294.0
2024,2820,華票,,,0.18,13429600.0,220568.0,252811.0,172286.0,0.23,0.31,661704.0,710068.5,645665.0
2024,1409,新纖,,,0.27,16184093.0,3964766.0,3869327.0,3751001.0,0.26,0.34,11894298.0,11751139.5,11585094.0
2024,3038,全台,938903.0,0.09114892592738547,0.57,1574076.0,296956.0,298944.0,274727.0,0.91,0.49,890868.0,893850.0,870627.0
2024,6216,居易,376530.0,0.2689427137279898,1.08,944979.0,103287.0,127345.0,106524.0,0.62,0.72,309861.0,345948.0,337156.0
2024,2328,廣宇,5446118.0,0.0604650872419584,0.53,5183462.0,1930261.0,2109223.0,1975658.0,0.63,0.55,5790783.0,6059226.0,6015142.0
2024,3605,宏致,2454508.0,0.02733663935908948,0.5,1344177.0,880884.0,882091.0,925757.0,0.24,0.96,2642652.0,2644462.5,2688732.0
2024,3015,全漢,2898071.0,0.030283937143016856,0.44,1872620.0,970900.0,1108854.0,1043734.0,1.9,0.96,2912700.0,3119631.0,3123488.0
2024,1522,堤維西,5187834.0,0.11309710372382771,1.65,3428979.0,1691833.0,1559908.0,1536105.0,1.18,1.3,5075499.0,4877611.5,4787846.0
2024,3669,圓展,732003.0,0.11515799798634704,0.91,929200.0,266084.0,243420.0,215314.0,0.67,0.69,798252.0,764256.0,724818.0
2024,3702,大聯大,207973513.0,0.008038653460645251,0.73,18790568.0,68545930.0,84847757.0,105674770.0,0.95,1.22,205637790.0,230090530.5,259068457.0
2024,8046,南電,8120606.0,0.014604451933759623,0.19,6461655.0,3125412.0,3097645.0,2968814.0,1.67,0.09,9376236.0,9334585.5,9191871.0
2024,2397,友通,2167776.0,0.03745082517750912,0.64,1144889.0,719128.0,924943.0,880733.0,0.47,0.8,2157384.0,2466106.5,2524804.0
2024,3652,精聯,701110.0,0.046054114190355294,0.43,750975.0,186464.0,194490.0,208713.0,0.26,0.26,559392.0,571431.0,589667.0
2024,2344,華邦電,21483983.0,0.07971571193293162,0.41,41800002.0,7083403.0,6997545.0,7231483.0,-0.03,-0.01,21250209.0,21121422.0,21312431.0
2024,1436,華友聯,2021757.0,0.318084715423268,5.84,1144407.0,1220489.0,1338989.0,1524020.0,0.27,12.87,3661467.0,3839217.0,4083498.0
2024,2834,臺企銀,,,0.41,91679828.0,3209856.0,3061150.0,3238422.0,0.25,0.21,9629568.0,9406509.0,9509428.0
2024,2347,聯強,100209135.0,0.019382554295074995,1.09,16679470.0,35771997.0,34095145.0,38611214.0,1.01,1.35,107315991.0,104800713.0,108478356.0
2024,2395,研華,14643762.0,0.14404508896006368,2.46,8631680.0,5031253.0,4967440.0,4950809.0,3.01,2.61,15093759.0,14998039.5,14949502.0
2024,3029,零壹,4328599.0,0.05534030756833793,1.27,1548492.0,1447364.0,1709911.0,1794847.0,1.26,1.33,4342092.0,4735912.5,4952122.0
2024,2618,長榮航,55373891.0,0.1484433340615345,1.44,54004443.0,19875395.0,19926957.0,17357692.0,1.1,1.67,59626185.0,59703528.0,57160044.0
2024,2816,旺旺保,2708175.0,0.10917610568002437,1.32,2236080.0,913101.0,869629.0,854790.0,1.26,0.65,2739303.0,2674095.0,2637520.0
2024,2474,可成,4672447.0,0.735229741503756,5.04,6803641.0,1991891.0,1665219.0,1463194.0,6.56,2.11,5975673.0,5485665.0,5120304.0
2024,6277,宏正,1211679.0,0.0886744756655847,0.88,1194711.0,408937.0,405402.0,445707.0,1.03,0.91,1226811.0,1221508.5,1260046.0
2024,6165,浪凡,721309.0,0.021717460894013524,0.19,777526.0,248286.0,216757.0,232381.0,0.27,0.24,744858.0,697564.5,697424.0
2024,3014,聯陽,1616779.0,0.2503929108431022,2.51,1610801.0,566739.0,658227.0,638504.0,2.93,3.08,1700217.0,1837449.0,1863470.0
2024,1808,潤隆,5262652.0,0.32760877975591013,3.82,9922575.0,951822.0,458524.0,570068.0,9.2,-2.05,2855466.0,2115519.0,1980414.0
2024,2465,麗臺,719381.0,-0.1850326878246715,-1.59,839460.0,255025.0,427360.0,325865.0,-0.58,-1.12,765075.0,1023577.5,1008250.0
2024,2812,台中銀,,,0.38,55187566.0,1737789.0,1665890.0,1473000.0,0.35,0.37,5213367.0,5105518.5,4876679.0
2024,6142,友勁,257221.0,0.059135918140431766,0.05,3307792.0,78306.0,103806.0,139121.0,-0.03,-0.23,234918.0,273168.0,321233.0
2024,2362,藍天,6620063.0,0.05990456586289285,0.68,6322630.0,2159703.0,2485865.0,2448247.0,0.43,0.1,6479109.0,6968352.0,7093815.0
2024,2461,光群雷,1356597.0,0.1827307593928042,1.47,1722334.0,493962.0,433359.0,444256.0,0.26,0.22,1481886.0,1390981.5,1371577.0
2024,2535,達欣工,4336137.0,0.09839587632955324,1.69,2707940.0,1223826.0,1153251.0,1114789.0,0.7,0.92,3671478.0,3565615.5,3491866.0
2024,8213,志超,4748497.0,0.042473860676336114,0.79,2712425.0,1697338.0,1565697.0,1383790.0,1.1,0.73,5092014.0,4894552.5,4646825.0
2024,1817,凱撒衛,722577.0,0.11268418452289514,1.12,726000.0,239905.0,242986.0,231799.0,0.82,1.01,719715.0,724336.5,714690.0
2024,2460,建通,877278.0,0.00045025636115347703,0.0,1692000.0,277246.0,272499.0,257959.0,-0.31,-0.33,831738.0,824617.5,807704.0
2024,2008,高興昌,391563.0,0.08683915487418371,0.18,1908523.0,123820.0,116389.0,105624.0,0.23,0.16,371460.0,360313.5,345833.0
2024,1737,臺鹽,803729.0,0.1046422363756938,0.5,2000000.0,255573.0,298472.0,284881.0,0.76,0.45,766719.0,831067.5,838926.0
2024,9907,統一實,11620560.0,0.043321320142919104,0.33,15791453.0,4145828.0,4217191.0,4125541.0,0.06,0.29,12437484.0,12544528.5,12488560.0
2024,5484,慧友,175358.0,-0.018379543562312528,-0.05,668010.0,35962.0,41877.0,22572.0,-0.23,-0.45,107886.0,116758.5,100411.0
2024,4106,雃博,584360.0,0.03652371825586967,0.21,1009116.0,193076.0,180647.0,168150.0,0.23,0.07,579228.0,560584.5,541873.0
2024,3645,達邁,589783.0,0.19767100781134755,0.91,1322053.0,219221.0,207295.0,192529.0,0.5,0.48,657663.0,639774.0,619045.0
2024,8249,菱光,1025372.0,0.0554150103572167,0.5,1490550.0,444683.0,478850.0,376596.0,1.27,1.95,1334049.0,1385299.5,1300129.0
2024,8996,高力,1000082.0,0.1657064120742099,1.84,906273.0,368883.0,458849.0,381938.0,2.31,2.28,1106649.0,1241598.0,1209670.0
2024,6243,迅杰,187375.0,0.06915543695797198,0.29,452688.0,48695.0,62481.0,63616.0,0.8,-0.16,146085.0,166764.0,174792.0
2024,8011,台通,780487.0,0.0909265625180176,0.39,1659219.0,153361.0,167249.0,160811.0,0.01,0.14,460083.0,480915.0,481421.0
2024,2514,龍邦,5547594.0,0.049547425424427236,0.43,3947293.0,2552946.0,2166331.0,2724461.0,0.5,0.91,7658838.0,7078915.5,7443738.0
2024,2484,希華,517813.0,0.08287547821317734,0.27,1594210.0,195648.0,220831.0,203592.0,0.59,0.18,586944.0,624718.5,620071.0
2024,1773,勝一,2636817.0,0.1750678943589942,1.85,2500000.0,862374.0,1053025.0,960837.0,1.55,1.91,2587122.0,2873098.5,2876236.0
2024,2543,皇昌,3951949.0,0.23230689464869106,3.27,3307315.0,1015010.0,903191.0,1016528.0,0.69,0.85,3045030.0,2877301.5,2934729.0
2024,9946,三發地產,789663.0,0.18296665792876202,0.45,3265542.0,147457.0,90675.0,13385.0,-0.06,0.08,442371.0,357198.0,251517.0
2024,9926,新海,564796.0,0.27476292325016466,0.87,1795041.0,161216.0,177234.0,173192.0,0.67,0.75,483648.0,507675.0,511642.0
2024,2702,華園,372813.0,0.09744027166434646,0.23,1566133.0,135068.0,119772.0,122970.0,0.54,-0.19,405204.0,382260.0,377810.0
2024,6658,聯策,481924.0,0.03963488018857745,0.47,328700.0,111788.0,105800.0,110324.0,1.02,-0.27,335364.0,326382.0,327912.0
2024,6226,光鼎,162193.0,-0.08018841750260493,-0.1,1166198.0,51110.0,50390.0,54061.0,-0.25,-0.14,153330.0,152250.0,155561.0
2024,6239,力成,19586480.0,0.11810126168663282,2.45,7591466.0,6269673.0,6326365.0,5706214.0,2.1,2.28,18809019.0,18894057.0,18302252.0
2024,4746,台耀,1214512.0,0.19418910640652376,2.36,1202560.0,327566.0,338086.0,365234.0,-0.95,0.19,982698.0,998478.0,1030886.0
2024,1583,程泰,1245361.0,0.1602724029417976,1.52,1104004.0,370526.0,382913.0,364936.0,2.44,1.53,1111578.0,1130158.5,1118375.0
2024,3048,益登,24631676.0,-0.0005353675486800005,-0.05,2698298.0,9351467.0,10007928.0,11284894.0,0.08,-2.37,28054401.0,29039092.5,30644289.0
2024,3006,晶豪科,3579848.0,0.0687934236313944,0.88,2861722.0,1030878.0,1146843.0,1234788.0,-0.57,0.74,3092634.0,3266581.5,3412509.0
2024,6136,富爾特,121601.0,-0.00810848594995107,-0.01,1155364.0,41869.0,40889.0,33245.0,1.01,0.8,125607.0,124137.0,116003.0
2024,1210,大成,24994943.0,0.04051075451542338,0.94,8947673.0,8506106.0,9027255.0,8614876.0,1.51,1.0,25518318.0,26300041.5,26148237.0
2024,3041,揚智,410004.0,-0.12604023375381704,-0.26,1951227.0,138946.0,149410.0,140122.0,-1.33,-0.93,416838.0,432534.0,428478.0
2024,3701,大眾控,3544996.0,0.023457854395322306,0.09,2347142.0,1252642.0,1110730.0,1079979.0,0.88,-0.1,3757926.0,3545058.0,3443351.0
2024,1315,達新,558998.0,0.10794671895069392,0.62,990990.0,157127.0,176634.0,175583.0,1.37,0.46,471381.0,500641.5,509344.0
2024,3653,健策,3401156.0,0.2508135469234578,6.03,1428927.0,1185729.0,1202840.0,1204437.0,5.41,5.38,3557187.0,3582853.5,3593006.0
2024,1435,中福,3058.0,-2.34107259646828,-0.05,1397801.0,990.0,991.0,990.0,-0.24,-0.09,2970.0,2971.5,2971.0
2024,2884,玉山金,,,0.39,159958000.0,7876160.0,7721624.0,6863663.0,0.34,0.52,23628480.0,23396676.0,22461447.0
2024,2459,敦吉,1271741.0,0.12108283054489868,1.48,1055956.0,477729.0,427678.0,425481.0,1.66,1.3,1433187.0,1358110.5,1330888.0
2024,1710,東聯,6496668.0,-0.004943918944295753,0.01,8857031.0,2350627.0,2111272.0,2072475.0,-0.17,0.06,7051881.0,6692848.5,6534374.0
2024,1101,台泥,38968848.0,0.0900581408000565,0.25,77511817.0,14429687.0,13004435.0,13325249.0,0.18,0.42,43289061.0,41151183.0,40759371.0
2024,6605,帝寶,5097758.0,0.15956308636070995,4.9,1658164.0,1677738.0,1706796.0,1673742.0,3.74,3.86,5033214.0,5076801.0,5058276.0
2024,2882,國泰金,,,2.06,162025102.0,53958453.0,21592841.0,19530721.0,1.83,2.12,161875359.0,113326941.0,95082015.0
2024,2419,仲琦,2438863.0,0.019162207963300933,0.02,3213172.0,624829.0,555635.0,779723.0,-0.08,0.03,1874487.0,1770696.0,1960187.0
2024,2455,全新,875601.0,0.22935789246471852,1.09,1849059.0,262493.0,273961.0,269294.0,0.78,0.78,787479.0,804681.0,805748.0
2024,1457,宜進,750205.0,0.08627375184116341,0.25,3167300.0,283771.0,338734.0,300639.0,0.25,0.65,851313.0,933757.5,923144.0
2024,2915,潤泰全,642456.0,6.000510540799681,3.65,11043188.0,237290.0,242795.0,224828.0,6.29,3.19,711870.0,720127.5,704913.0
2024,1802,台玻,10975630.0,-0.018346646160630416,-0.06,29080608.0,3431269.0,3468295.0,3225767.0,0.11,-0.37,10293807.0,10349346.0,10125331.0
2024,2009,第一銅,889088.0,0.05947780197235819,0.15,3596222.0,260123.0,279409.0,257054.0,0.21,0.6,780369.0,809298.0,796586.0
2024,5234,達興材料,1028213.0,0.13979885490652227,1.4,1027159.0,365731.0,351288.0,356441.0,1.62,1.3,1097193.0,1075528.5,1073460.0
2024,1721,三晃,607849.0,-0.0661200396809076,-0.22,1848841.0,230662.0,186050.0,231382.0,-0.42,-0.11,691986.0,625068.0,648094.0
2024,3034,聯詠,25231019.0,0.21356905957702302,8.86,6085115.0,9267960.0,9680155.0,8918212.0,10.46,8.64,27803880.0,28422172.5,27866327.0
2024,9945,潤泰新,7426936.0,0.6365409638645062,1.55,28442251.0,2274297.0,3358686.0,2940962.0,2.05,1.3,6822891.0,8449474.5,8573945.0
2024,9940,信義,4285552.0,0.15973951546965245,0.92,7368465.0,1259265.0,862597.0,836239.0,0.47,0.55,3777795.0,3182793.0,2958101.0
2024,2491,吉祥全,51252.0,-0.25296573792242255,-0.05,820080.0,16299.0,16610.0,18195.0,-0.13,-0.82,48897.0,49363.5,51104.0
2024,2375,凱美,1451088.0,0.13374171656026373,1.78,1086753.0,453342.0,453199.0,473833.0,1.28,0.96,1360026.0,1359811.5,1380374.0
2024,2363,矽統,50158.0,-2.6012600183420393,-0.16,4872331.0,14147.0,21684.0,176923.0,-0.12,1.04,42441.0,53746.5,212754.0
2024,6201,亞弘電,841015.0,0.1393768244323823,1.31,892000.0,328377.0,311406.0,285978.0,1.52,1.23,985131.0,959674.5,925761.0
2024,5525,順天,1938969.0,0.1350253665736791,0.96,2972948.0,250841.0,197501.0,194254.0,2.47,0.34,752523.0,672513.0,642596.0
2024,1783,和康生,174017.0,0.3432595665940684,0.67,890701.0,55955.0,54937.0,63049.0,0.41,0.56,167865.0,166338.0,173941.0
2024,6691,洋基工程,3431213.0,0.13230918628485028,3.64,1057571.0,1093670.0,1109980.0,1563772.0,5.76,5.24,3281010.0,3305475.0,3767422.0
2024,8110,華東,1904760.0,0.011976311976311976,0.12,5177399.0,668987.0,658850.0,640424.0,0.04,-0.08,2006961.0,1991755.5,1968261.0
2024,2701,萬企,79504.0,1.0111063594284564,0.18,4499678.0,29363.0,27742.0,19523.0,0.25,0.26,88089.0,85657.5,76628.0
2024,1304,台聚,13460094.0,-0.04682723612479972,-0.23,11887635.0,4531832.0,4233703.0,4138650.0,0.21,-0.62,13595496.0,13148302.5,12904185.0
